1,77500,-6,16,100,899.6,-5.923,15.814,0.022166,689.58,0,0,0,0,0,0,0,0,0,255,255,255,208,224,227,177,173,172,255,255,255,185,189,187,215,221,224,0.33399,0.36257,0.38099
1,77600,-5.91,16,100,899.6,-5.8264,15.788,95.239,1118.6,0.13305,0.10631,0.0112,0.12773,0.099168,0.01024,0.11986,0.095881,0.009024,255,255,255,253,249,240,177,175,173,255,255,255,192,186,182,236,225,223,0.41849,0.43063,0.45667
1,77700,-5.8201,16,100,899.6,-5.7596,15.832,95.156,1158.4,0.17575,0.1266,0.016768,0.1661,0.11785,0.01504,0.16266,0.11189,0.013824,255,255,254,245,241,236,177,171,169,255,255,255,183,179,177,243,230,222,0.45949,0.46578,0.47635
1,77800,-5.7301,16,100,899.6,-5.6652,15.808,96.209,901.09,0.26679,0.097641,0.018944,0.25835,0.09168,0.01696,0.2435,0.083911,0.014144,254,253,253,227,228,228,169,167,168,255,255,255,172,176,178,242,232,222,0.46075,0.46293,0.4752
1,77900,-5.6402,16,100,899.6,-5.5792,15.8,95.249,976.88,0.20201,0.10122,0.015168,0.18217,0.096199,0.013248,0.16149,0.09388,0.011776,250,250,251,211,211,210,174,168,167,255,255,255,174,191,195,240,225,209,0.51736,0.50814,0.49714
1,78000,-5.5502,16,100,899.6,-5.5198,15.833,94.127,844.39,0.23434,0.10244,0.016832,0.18722,0.098389,0.013248,0.16539,0.090615,0.011072,253,251,250,201,201,201,173,171,172,255,255,255,204,212,205,196,191,190,0.50422,0.50509,0.50492
1,78100,-5.4603,16,100,899.6,-5.3872,15.784,95.62,859.5,0.16724,0.095831,0.012416,0.14561,0.088802,0.01024,0.12953,0.084787,0.00864,250,250,250,210,202,200,173,172,172,255,255,255,179,186,190,178,173,175,0.50609,0.5032,0.50432
1,78200,-5.3703,16,100,899.6,-5.3172,15.813,93.584,1021.6,0.17124,0.10539,0.013568,0.15268,0.094707,0.011328,0.14298,0.092038,0.01024,246,246,245,214,209,201,164,168,171,255,255,255,157,163,167,191,177,171,0.4864,0.49188,0.49907
1,78300,-5.2804,16,100,899.6,-5.2302,15.819,94.66,994.85,0.16211,0.10027,0.012096,0.14768,0.091071,0.010112,0.1388,0.08542,0.009152,241,242,244,211,206,199,162,166,171,255,255,255,152,158,161,189,176,172,0.48236,0.48526,0.49345
1,78400,-5.1904,16,100,899.6,-5.1368,15.814,94.571,1095,0.18602,0.11002,0.01536,0.16939,0.095316,0.012288,0.16261,0.088299,0.011008,240,241,242,197,197,195,171,170,172,255,255,255,168,161,159,184,175,173,0.48184,0.49383,0.49689
1,78500,-5.1005,16,100,899.6,-5.0487,15.8,94.839,1067.5,0.17445,0.089695,0.01216,0.16591,0.086572,0.010944,0.15256,0.082162,0.009664,244,242,241,211,204,197,171,173,175,255,255,255,175,163,158,193,190,187,0.49421,0.49182,0.49718
1,78600,-5.0105,16,100,899.6,-4.9776,15.831,95.282,1005.9,0.18156,0.095533,0.012992,0.16338,0.087984,0.0112,0.14506,0.084521,0.009792,239,235,235,215,201,195,174,172,173,255,255,255,162,153,151,235,214,200,0.48674,0.49498,0.50055
1,78700,-4.9205,16,100,899.6,-4.8864,15.819,95.388,1095.1,0.17134,0.099461,0.013312,0.15076,0.093623,0.011008,0.1435,0.086751,0.009856,227,225,230,184,180,184,167,165,167,255,255,255,150,146,150,237,214,203,0.49917,0.50435,0.50629
1,78800,-4.8306,16,100,899.6,-4.7771,15.809,94.574,1093.5,0.17077,0.11278,0.014912,0.1559,0.10277,0.012672,0.14452,0.097795,0.011136,225,227,231,169,174,179,160,161,162,255,255,255,152,150,151,221,209,202,0.49174,0.49691,0.5061
1,78900,-4.7406,16,100,899.6,-4.6933,15.807,94.359,1033.7,0.22164,0.099232,0.016128,0.18824,0.095218,0.01376,0.17848,0.086444,0.011968,243,238,237,182,181,183,149,151,156,255,255,255,168,155,149,221,211,206,0.49998,0.50411,0.51174
1,79000,-4.6507,16,100,899.6,-4.5989,15.816,95.094,980.06,0.17979,0.10153,0.013952,0.17002,0.092373,0.011904,0.15488,0.089352,0.010752,244,243,244,198,193,192,151,155,157,255,255,255,142,139,141,245,223,208,0.51139,0.51615,0.51895
1,79100,-4.5607,16,100,899.6,-4.514,15.817,94.153,956.95,0.18905,0.099609,0.014272,0.1711,0.094764,0.01248,0.16364,0.086468,0.011072,244,246,245,189,188,193,163,164,164,255,255,255,143,140,139,212,205,202,0.54834,0.54133,0.53509
1,79200,-4.4708,16,100,899.6,-4.4397,15.8,95.587,758.75,0.17567,0.10293,0.013248,0.16446,0.095554,0.012032,0.15929,0.084738,0.010304,241,242,243,185,183,188,166,168,169,255,255,255,164,147,140,208,195,194,0.58981,0.55564,0.53677
1,79300,-4.3808,16,100,899.6,-4.3591,15.813,96.441,921.92,0.15343,0.097894,0.011648,0.13929,0.093984,0.01024,0.13419,0.083248,0.009024,237,241,242,190,185,186,166,170,171,255,255,255,146,143,139,197,199,200,0.58094,0.54672,0.52792
1,79400,-4.2909,16,100,899.6,-4.2763,15.838,94.604,617.59,0.1412,0.087919,0.009792,0.12779,0.085247,0.008512,0.11922,0.076539,0.00736,240,242,241,185,186,191,171,173,174,255,255,255,136,133,134,249,221,200,0.50215,0.51553,0.51915
1,79500,-4.2009,16,100,899.6,-4.1776,15.827,94.61,931.88,0.17249,0.093744,0.012352,0.15932,0.085358,0.010432,0.14951,0.081055,0.009216,235,233,235,227,205,197,184,175,176,255,255,255,145,135,137,195,187,185,0.56445,0.54639,0.53081
1,79600,-4.1109,16,100,899.6,-4.0928,15.824,93.935,988.47,0.16896,0.10533,0.013824,0.1566,0.10117,0.012224,0.14863,0.090914,0.010496,229,228,232,192,192,190,178,176,178,255,255,255,168,155,149,165,159,164,0.52061,0.52167,0.52103
1,79700,-4.021,16,100,899.6,-4.0047,15.821,93.339,730.21,0.16151,0.097487,0.012096,0.15184,0.086919,0.010368,0.13879,0.082599,0.009088,231,239,237,149,167,183,170,179,180,255,255,255,174,169,160,192,182,177,0.52572,0.52619,0.52224
1,79800,-3.931,16,100,899.5,-3.9028,15.8,94.825,1272.9,0.16474,0.10061,0.012864,0.16174,0.091597,0.011136,0.15247,0.085783,0.010176,251,239,237,180,179,186,190,177,176,255,255,255,182,164,161,242,199,186,0.53622,0.53291,0.52585
1,79900,-3.8411,16,100,899.5,-3.8243,15.826,93.455,850.35,0.15328,0.11007,0.013312,0.14499,0.10502,0.011776,0.1381,0.10005,0.010752,233,236,239,226,212,199,156,162,169,255,255,255,155,162,159,233,213,205,0.53375,0.52446,0.51751
1,80000,-3.7511,16,100,899.5,-3.7267,15.805,96.59,952.13,0.18253,0.10162,0.013824,0.17108,0.094761,0.011968,0.15989,0.088792,0.010624,242,242,240,189,200,200,161,166,168,255,255,255,136,152,150,247,220,206,0.5417,0.52392,0.51375
1,80100,-3.6612,16,100,899.5,-3.6281,15.8,95.527,1290.4,0.17041,0.10504,0.013504,0.1523,0.098033,0.011648,0.14204,0.093117,0.010304,246,243,241,205,194,190,186,178,172,255,255,255,123,129,132,235,221,209,0.50719,0.5146,0.51353
1,80200,-3.5712,16,100,899.5,-3.5527,15.81,94.382,852.36,0.16194,0.097956,0.012416,0.14921,0.09493,0.010816,0.13591,0.088908,0.009536,243,236,233,183,184,186,173,169,169,255,255,255,120,118,123,232,209,196,0.57643,0.54713,0.52348
1,80300,-3.4813,16,100,899.5,-3.4647,15.813,93.137,1029,0.17128,0.094599,0.01248,0.15827,0.088053,0.010944,0.14396,0.084297,0.009664,234,230,228,180,181,181,162,163,166,255,255,255,125,119,120,196,191,191,0.55908,0.54295,0.52411
1,80400,-3.3913,16,100,899.5,-3.3702,15.805,95.438,912.43,0.16874,0.10469,0.013696,0.15828,0.096432,0.011904,0.14428,0.090714,0.010304,220,219,222,184,177,173,164,159,162,255,255,255,124,121,126,204,182,177,0.52887,0.53197,0.52231
1,80500,-3.3013,16,100,899.5,-3.2928,15.833,92.889,1011.7,0.135,0.094205,0.010048,0.12723,0.088416,0.008896,0.11844,0.085807,0.008128,222,224,225,165,169,168,159,160,162,255,255,255,141,135,135,187,181,176,0.5137,0.52649,0.52131
1,80600,-3.2114,16,100,899.5,-3.1983,15.813,94.6,812.07,0.17365,0.10115,0.013568,0.15959,0.095313,0.011968,0.14872,0.08924,0.010304,230,231,229,164,167,166,161,163,164,255,255,255,143,141,141,184,176,169,0.52348,0.51719,0.51681
1,80700,-3.1214,16,100,899.5,-3.1018,15.793,94.329,1211.4,0.17338,0.11179,0.014784,0.15886,0.10376,0.012736,0.14795,0.10248,0.01184,227,226,227,175,174,170,177,167,164,255,255,255,141,140,142,187,176,168,0.54177,0.53847,0.52962
1,80800,-3.0315,16,100,899.5,-3.0265,15.81,95.199,626.12,0.19021,0.097103,0.013888,0.16847,0.093318,0.012096,0.1518,0.085524,0.01024,220,224,226,181,176,171,165,163,163,255,255,255,141,142,142,193,178,165,0.51345,0.52429,0.52101
1,80900,-2.9415,16,100,899.5,-2.9373,15.813,95.375,798.79,0.18733,0.10223,0.014272,0.1687,0.095348,0.01216,0.15568,0.090798,0.010752,222,225,227,166,170,170,162,160,163,255,255,255,145,144,143,166,162,157,0.51653,0.50838,0.50862
1,81000,-2.8516,16,100,899.5,-2.8376,15.81,94.249,1105,0.16176,0.099607,0.012352,0.14611,0.095555,0.010816,0.13893,0.083794,0.009408,230,230,229,158,160,161,177,171,168,255,255,255,162,150,145,164,153,147,0.52112,0.52227,0.52289
1,81100,-2.7616,16,100,899.5,-2.7474,15.79,95.607,809.02,0.17609,0.10217,0.01344,0.16377,0.092082,0.01152,0.14685,0.088694,0.010048,228,230,231,153,156,159,177,177,178,255,255,255,160,149,144,165,155,149,0.50076,0.51129,0.51873
1,81200,-2.6717,16,100,899.5,-2.6466,15.797,94.802,909.57,0.17435,0.094314,0.012352,0.1578,0.089393,0.010752,0.14851,0.0826,0.009408,230,232,233,163,162,160,191,188,184,255,255,255,147,142,142,170,160,155,0.54617,0.52548,0.524
1,81300,-2.5817,16,100,899.5,-2.5522,15.784,93.356,1046.3,0.173,0.10188,0.013568,0.15879,0.095937,0.011776,0.14752,0.089805,0.010304,231,233,234,162,162,160,192,189,186,255,255,255,146,143,144,168,165,164,0.54188,0.53776,0.53026
1,81400,-2.4918,16,100,899.5,-2.4832,15.81,93.928,898.05,0.15534,0.085881,0.010432,0.14325,0.08334,0.009344,0.12984,0.080713,0.008192,233,233,234,143,151,154,183,186,187,255,255,255,161,158,157,215,203,188,0.51369,0.51929,0.52551
1,81500,-2.4018,16,100,899.5,-2.4132,15.812,94.223,838.71,0.14577,0.097552,0.011072,0.13538,0.093272,0.00992,0.12906,0.086403,0.00864,225,231,234,137,144,149,189,186,185,255,255,255,185,180,173,237,215,192,0.54117,0.53087,0.52546
1,81600,-2.3118,16,100,899.5,-2.3167,15.826,94.511,942.59,0.1875,0.096738,0.013952,0.17037,0.093098,0.012096,0.15901,0.085599,0.010688,238,239,238,137,145,151,182,184,188,255,255,255,195,182,173,177,174,175,0.54067,0.53489,0.52987
1,81700,-2.2219,16,100,899.5,-2.2307,15.816,96.11,700.77,0.14749,0.094883,0.01088,0.1347,0.090916,0.009664,0.12384,0.087424,0.008448,244,242,241,149,157,159,197,195,192,255,255,255,171,162,161,196,185,180,0.54119,0.54248,0.53426
1,81800,-2.1319,16,100,899.5,-2.1246,15.799,95.951,852.75,0.16897,0.10469,0.013376,0.14817,0.10273,0.01152,0.13146,0.097883,0.009984,241,241,241,158,163,164,199,198,193,255,255,255,165,159,160,226,207,192,0.52415,0.52504,0.52823
1,81900,-2.042,16,100,899.5,-2.0366,15.798,95.699,985.53,0.16568,0.10487,0.013504,0.14784,0.10172,0.01184,0.14321,0.091757,0.01056,245,243,241,173,172,173,187,189,191,255,255,255,190,176,164,249,231,207,0.52542,0.53287,0.53302
1,82000,-1.952,16,100,899.6,-1.9591,15.838,95.862,1139.4,0.15698,0.098666,0.012352,0.14275,0.094846,0.010688,0.13585,0.088953,0.0096,246,244,242,186,184,184,191,188,185,255,255,255,183,168,159,210,200,187,0.52985,0.52651,0.52861
1,82100,-1.8621,16,100,899.6,-1.8498,15.793,93.836,927.15,0.17146,0.091907,0.01184,0.15217,0.087484,0.009984,0.14106,0.08038,0.00896,242,243,241,211,203,197,180,180,181,255,255,255,150,144,145,166,156,153,0.53475,0.53368,0.52933
1,82200,-1.7721,16,100,899.6,-1.7766,15.807,93.422,972.46,0.17785,0.094872,0.012992,0.16735,0.088719,0.011392,0.15704,0.081724,0.009984,233,235,236,211,211,203,174,174,175,255,255,255,153,142,138,144,135,133,0.51734,0.52144,0.5266
1,82300,-1.6822,16,100,899.6,-1.6832,15.802,94.633,1048.3,0.16517,0.094269,0.011968,0.15385,0.087869,0.010624,0.13984,0.085263,0.009344,228,231,235,201,206,202,169,173,175,255,255,255,151,141,139,143,131,129,0.51845,0.52502,0.52791
1,82400,-1.5922,16,100,899.6,-1.6069,15.829,93.362,690.34,0.16831,0.11451,0.014912,0.15672,0.10557,0.012992,0.1464,0.10406,0.011712,233,234,235,198,198,199,167,174,176,255,255,255,157,146,141,138,134,138,0.54785,0.53837,0.53175
1,82500,-1.5022,16,100,899.6,-1.5082,15.804,93.164,989.18,0.18951,0.096418,0.013696,0.17381,0.093043,0.012096,0.16067,0.086344,0.010432,242,239,237,222,208,202,170,172,173,255,255,255,146,145,142,190,171,164,0.5311,0.53273,0.53006
1,82600,-1.4123,16,100,899.6,-1.4329,15.823,95.117,1024.3,0.19165,0.10084,0.01472,0.16719,0.095154,0.012352,0.15508,0.089184,0.010816,239,238,238,221,221,210,159,162,167,255,255,255,155,147,142,226,198,180,0.53034,0.53556,0.53605
1,82700,-1.3223,16,100,899.6,-1.3342,15.807,95.196,855.05,0.15991,0.10064,0.012416,0.14432,0.095034,0.010432,0.13525,0.089185,0.009536,232,236,237,214,215,205,157,160,165,255,255,255,149,144,140,179,174,170,0.53691,0.53461,0.53391
1,82800,-1.2324,16,100,899.6,-1.2366,15.788,96.53,1182.5,0.20607,0.099395,0.015232,0.19081,0.089198,0.012928,0.17156,0.084917,0.011072,233,234,235,199,203,203,160,165,169,255,255,255,147,141,139,165,167,164,0.53579,0.5414,0.5394
1,82900,-1.1424,16,100,899.6,-1.1559,15.8,95.295,1132,0.18832,0.10235,0.01472,0.17133,0.094856,0.012608,0.16135,0.088727,0.0112,230,233,235,204,203,200,189,180,177,255,255,255,150,139,138,177,167,155,0.52498,0.53231,0.53143
1,83000,-1.0525,16,100,899.6,-1.0742,15.816,95.908,940.15,0.1691,0.10172,0.01344,0.1597,0.096105,0.012032,0.15577,0.088834,0.010944,240,239,236,215,211,200,179,183,184,255,255,255,147,143,147,169,166,163,0.50673,0.51708,0.5226
1,83100,-0.96252,16,100,899.6,-0.97238,15.808,94.739,946.25,0.19603,0.099931,0.014848,0.18399,0.09843,0.01376,0.17162,0.09098,0.01184,234,235,236,202,197,195,187,185,184,255,255,255,143,149,150,215,177,156,0.55688,0.53899,0.53145
1,83200,-0.87256,16,100,899.6,-0.88856,15.814,94.736,1380,0.1658,0.09727,0.012416,0.14889,0.092367,0.010624,0.14254,0.082827,0.00928,235,235,237,208,200,193,181,182,183,255,255,255,150,143,145,148,144,143,0.56741,0.55441,0.53987
1,83300,-0.78261,16,100,899.6,-0.79838,15.808,93.68,873.19,0.16552,0.1041,0.013568,0.15351,0.09522,0.01152,0.14513,0.091877,0.010496,239,239,239,211,203,196,177,181,181,255,255,255,144,140,141,140,135,134,0.57392,0.55812,0.54169
1,83400,-0.69265,16,100,899.6,-0.71668,15.819,95.103,1044.4,0.1894,0.095428,0.01344,0.17065,0.087271,0.0112,0.15059,0.086017,0.00992,248,246,243,214,206,201,178,177,179,255,255,255,155,140,138,143,144,142,0.58669,0.56583,0.54421
1,83500,-0.6027,16,100,899.6,-0.62119,15.797,94.587,1221.9,0.1741,0.095993,0.012992,0.16561,0.087502,0.011392,0.15722,0.082288,0.010048,242,244,244,213,207,201,176,178,181,255,255,255,145,143,142,186,167,150,0.53917,0.54841,0.54404
1,83600,-0.51274,16,100,899.6,-0.53844,15.817,93.68,801.62,0.16584,0.093326,0.012288,0.15262,0.087499,0.010496,0.15064,0.080429,0.009536,245,243,242,206,199,195,192,187,184,255,255,255,167,152,145,151,150,150,0.55258,0.54867,0.54274
1,83700,-0.42279,16,100,899.6,-0.44401,15.807,93.846,904.61,0.16456,0.09796,0.012608,0.14778,0.095602,0.01088,0.13715,0.089098,0.009728,248,246,244,198,196,195,181,184,185,255,255,255,159,152,148,160,156,157,0.59635,0.5733,0.56102
1,83800,-0.33283,16,100,899.6,-0.35913,15.807,95.345,902.86,0.14701,0.1067,0.012416,0.14116,0.09632,0.010752,0.13172,0.093926,0.009984,250,247,244,204,201,198,179,182,185,255,255,255,162,155,149,179,176,175,0.58607,0.57583,0.56456
1,83900,-0.24288,16,100,899.6,-0.26364,15.816,95.57,1138.2,0.16397,0.10083,0.012928,0.13933,0.099626,0.01088,0.13477,0.092659,0.009728,242,243,243,217,210,202,186,187,186,255,255,255,173,156,146,250,228,206,0.6038,0.59259,0.57227
1,84000,-0.15292,16,100,899.6,-0.1968,15.826,94.021,845.53,0.1627,0.094006,0.011904,0.15173,0.091788,0.01024,0.13323,0.086585,0.009024,234,239,242,194,199,202,186,187,184,255,255,255,141,138,138,212,217,214,0.60758,0.59712,0.57441
1,84100,-0.062969,16,100,899.6,-0.10025,15.829,95.339,823.35,0.16521,0.097745,0.011904,0.14901,0.088268,0.010176,0.13196,0.085929,0.008832,246,245,245,197,201,199,179,176,177,255,255,255,144,135,134,192,193,199,0.55806,0.55921,0.54182
1,88780,0,16,100,900,-0.031281,15.756,-0.014249,1113.2,0,0,0,0,0,0,0,0,0,249,248,247,204,203,202,171,172,174,255,254,253,152,140,134,190,192,195,0.45287,0.45905,0.45913
1,88880,0,15.91,100,900,-0.044012,15.676,94.153,911.28,0.14024,0.11127,0.012352,0.13332,0.10338,0.01088,0.12602,0.099928,0.010112,252,250,249,194,197,199,171,172,173,255,255,254,105,112,121,194,195,194,0.51133,0.51504,0.51554
1,88980,0,15.82,100,900,-0.020671,15.574,94.375,951.36,0.1879,0.11194,0.016064,0.17072,0.10724,0.014144,0.15806,0.099632,0.012352,255,254,251,199,202,201,171,172,173,255,255,255,104,112,126,186,186,184,0.51589,0.51306,0.51333
1,89080,0,15.73,100,900,-0.046134,15.498,94.071,1010.5,0.20362,0.11706,0.018432,0.18538,0.11251,0.016192,0.17022,0.10839,0.014528,255,253,251,212,207,202,169,170,174,255,255,255,116,126,140,176,176,176,0.51258,0.51146,0.51196
1,89180,0,15.64,100,900,-0.036586,15.426,93.313,866.39,0.24482,0.10549,0.018944,0.20061,0.1042,0.016128,0.18423,0.098244,0.01376,245,246,246,213,209,201,175,178,179,255,255,255,150,156,156,166,165,165,0.49698,0.50018,0.50345
1,89280,0,15.55,100,900,-0.046134,15.354,95.199,848.95,0.22015,0.10737,0.017728,0.19477,0.097452,0.014336,0.18074,0.095557,0.013056,239,238,239,194,193,195,186,184,182,255,255,254,123,134,146,171,170,167,0.47349,0.48594,0.49122
1,89380,0,15.46,100,900,-0.044012,15.256,95.084,1268.8,0.16524,0.10777,0.013888,0.14843,0.10268,0.011904,0.13821,0.094545,0.010432,235,236,238,195,198,202,179,179,181,249,246,244,105,109,117,169,170,170,0.49203,0.49205,0.48969
1,89480,0,15.37,100,900,-0.028098,15.172,95.415,625.97,0.21108,0.11133,0.017024,0.19438,0.10121,0.014592,0.17167,0.098861,0.012736,248,245,244,235,230,220,180,179,180,222,220,220,99,100,105,165,166,168,0.51129,0.50247,0.49442
1,89580,0,15.28,100,900,-0.044012,15.069,95.319,934.61,0.176,0.10212,0.013376,0.14866,0.096372,0.01088,0.13392,0.089372,0.009344,253,249,246,242,234,224,179,179,181,208,204,206,98,98,99,166,167,170,0.51343,0.50509,0.49796
1,89680,0,15.19,100,900,-0.044012,14.979,94.885,1317.5,0.14812,0.10281,0.011648,0.13392,0.09577,0.010048,0.13104,0.092202,0.009088,246,247,247,224,226,223,171,176,180,176,177,182,81,85,90,173,173,174,0.52166,0.50389,0.49473
1,89780,0,15.1,100,900,-0.042951,14.908,96.103,726.02,0.17221,0.11517,0.01536,0.16098,0.10865,0.013696,0.15239,0.10019,0.011904,237,241,244,230,218,208,171,174,177,165,164,167,76,77,81,174,179,181,0.48835,0.49162,0.49144
1,89880,0,15.01,100,900,-0.042951,14.815,95.1,694.63,0.15877,0.11453,0.014272,0.15654,0.10251,0.012608,0.14809,0.098438,0.011584,244,244,245,180,190,201,176,174,176,154,153,156,75,75,77,189,189,188,0.4995,0.49788,0.49371
1,89980,0,14.92,100,900,-0.048256,14.725,94.637,718.82,0.17143,0.1314,0.016512,0.15445,0.12088,0.013632,0.14429,0.1123,0.012096,253,251,248,193,197,199,173,176,178,142,142,146,67,71,76,190,189,191,0.51736,0.49947,0.49101
1,90080,0,14.83,100,900,-0.045073,14.63,94.008,983.6,0.18322,0.1161,0.016064,0.16668,0.10989,0.014144,0.15815,0.10357,0.012864,250,250,249,195,201,201,176,177,178,139,140,144,68,72,77,185,185,189,0.5107,0.50419,0.49186
1,90180,0,14.74,100,900,-0.0525,14.559,94.193,859.12,0.20613,0.10867,0.01696,0.19331,0.10202,0.014784,0.17369,0.098799,0.013184,248,248,248,212,199,194,179,176,177,142,144,149,80,79,80,172,176,180,0.51046,0.50134,0.49156
1,90280,0,14.65,100,900,-0.037647,14.456,94.276,873.62,0.19301,0.10623,0.015808,0.17687,0.096672,0.013504,0.1677,0.093506,0.012352,247,245,247,185,177,178,187,179,177,159,155,156,87,83,83,169,175,180,0.51039,0.49927,0.49091
1,90380,0,14.56,100,900,-0.033403,14.365,93.759,1272.5,0.1684,0.11158,0.014272,0.15928,0.10418,0.012736,0.15023,0.098157,0.011328,245,247,248,169,171,179,179,180,181,157,155,157,79,81,86,201,193,186,0.4832,0.48703,0.4842
1,90480,0,14.47,100,900,-0.054622,14.294,94.1,911.99,0.16085,0.11061,0.013568,0.14571,0.10352,0.011712,0.13448,0.099248,0.010496,253,250,246,193,196,197,179,179,180,148,150,153,80,83,89,196,195,192,0.48381,0.48656,0.48368
1,90580,0,14.38,100,900,-0.031281,14.179,94.994,1051.2,0.20077,0.11722,0.017216,0.18168,0.10793,0.014656,0.16444,0.10574,0.013184,246,244,242,206,206,204,174,177,180,147,147,151,84,86,91,203,195,191,0.50127,0.49055,0.48454
1,90680,0,14.29,100,900,-0.057805,14.119,95.55,1049.7,0.1778,0.10764,0.014528,0.1631,0.10102,0.012736,0.15244,0.094483,0.011008,228,230,234,215,208,205,183,181,181,145,147,151,84,88,93,189,193,193,0.48659,0.48658,0.48433
1,90780,0,14.2,100,900,-0.047195,14.014,95.65,949.71,0.17947,0.10282,0.014272,0.16895,0.096192,0.012672,0.15703,0.0927,0.011328,232,232,234,185,191,196,190,186,181,153,151,152,79,84,89,198,193,190,0.50355,0.49559,0.48718
1,90880,0,14.11,100,900,-0.039769,13.923,95.507,980.58,0.20354,0.11175,0.017408,0.18906,0.10803,0.015424,0.17766,0.099601,0.01376,241,241,241,187,193,197,171,174,177,139,144,152,80,81,85,173,181,187,0.51025,0.50227,0.49164
1,90980,0,14.02,100,900,-0.03022,13.829,95.1,894.98,0.18063,0.11416,0.016,0.16436,0.1099,0.01408,0.15471,0.10186,0.012544,245,246,246,215,207,200,167,169,172,143,142,146,77,81,85,195,187,181,0.50106,0.49634,0.49012
1,91080,0,13.93,100,900,-0.038708,13.769,95.716,633.59,0.24305,0.10472,0.018944,0.21089,0.098417,0.015552,0.1809,0.095102,0.012864,247,247,247,205,204,202,168,168,170,137,139,144,75,81,86,191,185,181,0.50877,0.49536,0.488
1,91180,0,13.84,100,900,-0.038708,13.665,93.753,893.46,0.18026,0.12182,0.015808,0.16949,0.11549,0.01408,0.16076,0.10976,0.012672,247,247,247,203,209,207,160,167,171,134,135,140,80,80,84,174,177,178,0.50994,0.49476,0.4895
1,91280,0,13.75,100,900,-0.027037,13.549,95.954,1344.2,0.18276,0.10234,0.014144,0.15925,0.094769,0.01152,0.14055,0.091897,0.010112,250,249,249,231,223,215,175,175,173,132,135,139,76,78,83,169,175,176,0.47151,0.4858,0.48797
1,91380,0,13.66,100,900,-0.04083,13.485,93.829,831.4,0.16246,0.11244,0.01408,0.15013,0.10362,0.012032,0.13711,0.098134,0.010624,253,252,250,237,230,224,178,174,174,135,137,142,78,80,84,174,170,172,0.51241,0.49134,0.48775
1,91480,0,13.57,100,900,-0.032342,13.39,94.865,864.54,0.15722,0.10835,0.012672,0.13945,0.10354,0.011008,0.12674,0.098371,0.009728,250,250,249,237,232,222,173,176,178,144,146,151,82,83,87,162,167,170,0.50989,0.5017,0.49179
1,91580,0,13.48,100,900,-0.035525,13.299,95.319,673.83,0.19855,0.11076,0.01664,0.17845,0.10522,0.014272,0.17007,0.10259,0.012928,249,249,248,216,217,214,191,185,181,152,152,155,83,84,89,168,168,167,0.53168,0.50825,0.49646
1,91680,0,13.39,100,900,-0.045073,13.212,94.776,817.39,0.20417,0.10916,0.016576,0.18525,0.10698,0.01504,0.16708,0.10137,0.012928,254,250,248,178,188,198,195,192,187,153,156,161,85,88,92,163,159,156,0.51003,0.50541,0.49873
1,91780,0,13.3,100,900,-0.059927,13.147,93.938,1108.4,0.16992,0.11231,0.014208,0.15451,0.10285,0.012032,0.13896,0.098819,0.01056,245,247,247,194,190,188,182,183,185,150,153,157,86,85,88,142,145,150,0.51735,0.51393,0.51508
1,91880,0,13.21,100,900,-0.039769,13.059,95.094,702.29,0.15114,0.10084,0.01184,0.1402,0.092919,0.010304,0.12914,0.089704,0.009024,247,245,246,177,185,191,181,180,178,141,144,150,72,73,77,163,165,163,0.51567,0.52079,0.52382
1,91980,0,13.12,100,900,-0.057805,12.96,77.757,1035.5,0.16953,0.096388,0.01216,0.15379,0.090035,0.010368,0.14,0.086242,0.009024,245,247,248,208,203,199,166,168,170,145,148,152,70,69,70,175,168,159,0.5278,0.5299,0.52779
1,96560,0,13.12,100,900.9,-0.009,12.978,0.051959,889.53,0,0,0,0,0,0,0,0,0,245,247,248,208,203,199,166,168,170,145,148,152,70,69,70,175,168,159,0.5278,0.5299,0.52779
1,96660,0.09009,13.12,100,900.9,0.051477,12.981,94.61,850.3,0.11623,0.10821,0.009984,0.10546,0.10246,0.008512,0.097744,0.097531,0.007488,249,248,248,200,202,199,167,167,168,160,163,168,79,82,88,217,207,189,0.5332,0.53259,0.53232
1,96760,0.18018,13.12,100,900.9,0.165,12.96,94.769,747,0.15836,0.10279,0.012352,0.14229,0.099662,0.010944,0.14033,0.088982,0.009536,248,248,248,192,194,194,162,164,165,174,177,183,94,102,106,250,233,209,0.54883,0.54398,0.54393
1,96860,0.27027,13.12,100,900.9,0.24458,12.97,94.683,1080,0.18219,0.088518,0.011776,0.13778,0.081729,0.00864,0.12022,0.081094,0.007552,249,248,249,188,192,195,160,161,162,176,182,190,102,110,115,241,230,212,0.56901,0.55175,0.54902
1,96960,0.36036,13.12,100,900.9,0.33052,12.965,93.22,959.6,0.13045,0.090961,0.00928,0.12257,0.082416,0.008128,0.11106,0.080496,0.007168,250,250,250,210,208,206,154,155,157,181,191,203,124,124,124,223,222,216,0.54802,0.54991,0.55171
1,97060,0.45045,13.12,100,900.9,0.42495,12.937,94.302,858.56,0.12216,0.098731,0.009152,0.10883,0.092728,0.00768,0.09968,0.086201,0.006592,250,251,251,245,230,218,154,156,157,199,206,215,140,135,130,247,239,228,0.53905,0.54558,0.54781
1,97160,0.54054,13.12,100,900.9,0.51513,12.946,94.292,829.99,0.12964,0.081386,0.008384,0.11839,0.074423,0.00704,0.10848,0.071118,0.006016,252,252,251,220,222,224,159,159,160,218,221,226,142,137,134,255,253,243,0.54266,0.54416,0.54636
1,97260,0.63063,13.12,100,900.9,0.59258,12.959,95.706,877.37,0.14219,0.090012,0.009664,0.13145,0.079347,0.008,0.11984,0.078805,0.007168,250,251,251,230,230,228,158,161,164,230,230,232,131,133,133,254,251,244,0.53587,0.54131,0.54077
1,97360,0.72072,13.12,100,900.9,0.70081,12.954,95.355,1095.3,0.10771,0.088473,0.007488,0.097664,0.079004,0.0064,0.096903,0.074429,0.00576,249,250,251,246,237,230,167,166,166,227,230,233,131,131,133,252,248,240,0.53514,0.54186,0.54309
1,97460,0.81081,13.12,100,900.9,0.77507,12.945,95.239,1195.2,0.10833,0.075208,0.006656,0.098626,0.072731,0.005888,0.093165,0.070184,0.005184,250,251,250,227,231,231,175,173,170,219,224,229,136,135,136,239,233,226,0.52685,0.5394,0.5432
1,97560,0.9009,13.12,100,900.9,0.85147,12.959,94.577,864.78,0.13818,0.10461,0.010048,0.10685,0.10093,0.00832,0.10018,0.089014,0.00704,247,248,248,224,222,222,171,169,170,212,215,225,136,140,138,202,210,216,0.55061,0.54331,0.54296
1,97660,0.99099,13.12,100,900.9,0.94696,12.959,94.63,877.7,0.12978,0.091574,0.009408,0.12449,0.083079,0.008192,0.11375,0.081253,0.007232,246,244,243,215,214,213,169,170,170,213,217,224,137,137,137,231,226,223,0.53215,0.53902,0.5406
1,97760,1.0811,13.12,100,900.9,1.018,12.962,95.822,1073.8,0.15802,0.10115,0.012096,0.14142,0.093166,0.01024,0.13297,0.087163,0.009216,237,241,242,215,215,207,176,172,169,214,221,226,138,135,134,254,250,239,0.55311,0.54649,0.54565
1,97860,1.1712,13.12,100,900.9,1.1252,12.972,93.25,1026.1,0.13786,0.087015,0.009536,0.12619,0.083349,0.008384,0.11388,0.078623,0.00704,241,241,243,238,213,201,168,168,169,223,222,228,128,134,137,255,249,242,0.53706,0.54131,0.54298
1,97960,1.2613,13.12,100,900.9,1.2175,12.945,94.561,732.09,0.10748,0.091795,0.007936,0.098148,0.08389,0.006656,0.088912,0.080257,0.00576,246,246,246,181,186,188,157,164,168,230,233,235,144,145,144,241,241,237,0.53869,0.5399,0.54268
1,98060,1.3514,13.12,100,900.9,1.3088,12.959,93.779,1032.2,0.11726,0.088082,0.008192,0.11003,0.077887,0.006784,0.099865,0.074149,0.006016,247,249,248,174,176,181,176,175,173,231,236,238,151,154,150,237,232,224,0.54043,0.53945,0.53995
1,98160,1.4414,13.12,100,900.9,1.3798,12.954,94.898,814.17,0.17611,0.089288,0.01184,0.16189,0.082613,0.010368,0.15385,0.075859,0.008832,251,249,249,186,184,185,191,183,176,229,232,236,144,140,141,209,210,209,0.53566,0.54303,0.54183
1,98260,1.5315,13.12,100,900.9,1.4828,12.962,94.541,936.52,0.12625,0.083818,0.008512,0.11838,0.080729,0.007616,0.10983,0.077625,0.006784,254,253,250,186,186,189,178,175,173,229,228,231,113,123,134,204,207,209,0.54709,0.54521,0.54212
1,98360,1.6216,13.12,100,900.9,1.5761,12.953,95.401,1187.7,0.16746,0.084683,0.010752,0.15794,0.082137,0.009728,0.15403,0.077099,0.008576,255,254,251,189,190,192,175,172,172,218,223,230,123,127,134,229,222,215,0.53617,0.53705,0.53696
1,98460,1.7117,13.12,100,900.9,1.6557,12.959,94.12,809.44,0.16443,0.10856,0.01344,0.15388,0.10144,0.011456,0.14085,0.094297,0.01024,255,254,252,214,204,199,180,176,174,228,225,227,145,138,137,255,245,226,0.54212,0.54194,0.54014
1,98560,1.8018,13.12,100,900.9,1.7342,12.969,93.627,952.16,0.15712,0.097838,0.012096,0.1455,0.087277,0.01024,0.1365,0.084414,0.009088,254,253,253,204,208,206,181,182,178,220,223,228,131,138,143,233,221,212,0.52685,0.5349,0.53526
1,98660,1.8919,13.12,100,900.9,1.8297,12.939,95.474,1356.2,0.14012,0.083681,0.008768,0.11934,0.07796,0.006912,0.10584,0.072808,0.005824,252,252,252,200,206,208,168,173,176,212,221,229,175,161,152,181,193,199,0.53839,0.5349,0.53512
1,98760,1.982,13.12,100,900.9,1.9178,12.97,94.667,1086.8,0.14168,0.087083,0.00992,0.13402,0.084279,0.009088,0.12676,0.080942,0.008064,254,253,253,205,207,207,173,172,175,229,227,231,172,169,163,234,215,201,0.53449,0.53274,0.53387
1,98860,2.0721,13.12,100,900.9,2.0058,12.969,93.961,1109.2,0.16393,0.093257,0.011264,0.14206,0.087106,0.009344,0.12546,0.082822,0.007872,255,254,252,209,208,206,182,179,176,221,229,232,174,173,164,222,220,208,0.52916,0.53102,0.53128
1,98960,2.1622,13.12,100,900.9,2.0896,12.959,93.438,1011.8,0.17082,0.10424,0.012992,0.15871,0.096383,0.01152,0.13971,0.092925,0.009664,249,250,250,206,203,200,185,181,179,224,227,231,191,172,159,222,217,211,0.51905,0.52574,0.52855
1,99060,2.2523,13.12,100,900.9,2.182,12.982,94.051,1065.8,0.13446,0.09255,0.00992,0.12514,0.085663,0.008384,0.11562,0.079976,0.007488,246,246,247,193,190,193,176,177,177,233,230,232,156,151,152,227,223,220,0.52845,0.53078,0.53091
1,99160,2.3423,13.12,100,900.9,2.2637,12.979,93.673,660.57,0.11654,0.074151,0.006848,0.10644,0.072172,0.00608,0.094676,0.067726,0.005056,250,248,246,171,184,192,179,178,176,238,236,236,156,152,152,250,241,233,0.52769,0.52627,0.5294
1,99260,2.4324,13.12,100,900.9,2.3507,12.968,95.438,891.38,0.15823,0.09311,0.011264,0.14428,0.083137,0.009408,0.13074,0.080807,0.008192,247,246,245,193,195,196,175,175,174,236,235,237,156,155,153,248,244,239,0.53431,0.53169,0.53003
1,99360,2.5225,13.12,100,900.9,2.4249,12.977,94.266,762.38,0.13632,0.095631,0.01024,0.12765,0.087406,0.00896,0.11741,0.084161,0.008,246,244,244,201,199,197,172,172,173,232,232,234,150,153,153,243,240,238,0.53206,0.53097,0.52989
1,99460,2.6126,13.12,100,900.9,2.5289,12.97,95.732,1089.7,0.12853,0.099288,0.010048,0.11921,0.09757,0.009024,0.11198,0.087236,0.007936,242,244,246,194,193,194,173,172,172,216,221,229,165,161,156,225,233,237,0.53032,0.53435,0.53583
1,99560,2.7027,13.12,100,900.9,2.6191,12.958,95.971,759.37,0.1389,0.087567,0.009408,0.13323,0.080942,0.008192,0.1237,0.072999,0.00704,249,248,248,171,182,193,173,171,171,221,222,226,178,169,157,251,247,238,0.5376,0.54189,0.54236
1,99660,2.7928,13.12,100,900.9,2.7071,12.954,95.097,734.21,0.19847,0.098262,0.014976,0.18179,0.091283,0.012352,0.16455,0.083749,0.01024,249,250,249,182,191,204,168,168,170,226,222,221,147,148,145,245,236,227,0.55097,0.55514,0.55643
1,99760,2.8829,13.12,100,900.9,2.7952,12.964,94.812,953.96,0.13378,0.095846,0.009984,0.12317,0.08781,0.008576,0.1163,0.083978,0.007744,251,249,248,210,218,219,163,169,172,207,209,212,116,120,125,185,197,205,0.57864,0.57926,0.57649
1,99860,2.973,13.12,100,900.9,2.8737,12.956,95.706,867.06,0.13798,0.085699,0.00896,0.12686,0.080104,0.007808,0.1164,0.078832,0.006976,249,248,248,233,227,224,172,172,174,206,203,206,108,112,118,181,187,196,0.45186,0.44496,0.44926
1,1.0447e+05,3,13.12,100,898.3,2.9172,12.903,-0.32212,970.37,0,0,0,0,0,0,0,0,0,250,248,247,233,232,228,180,177,176,198,200,203,104,108,114,187,186,191,0.39207,0.39803,0.40604
1,1.0457e+05,3,13.03,100,898.3,2.9193,12.835,94.302,558.87,0.098619,0.087427,0.006976,0.090568,0.079069,0.005952,0.086681,0.079028,0.005568,247,248,249,226,232,230,186,181,178,186,192,196,90,91,96,219,214,210,0.38947,0.39783,0.41036
1,1.0467e+05,3,12.94,100,898.3,2.896,12.763,94.928,655.3,0.16247,0.1074,0.013568,0.15566,0.09957,0.01216,0.1452,0.096571,0.011008,253,251,250,223,223,222,191,188,186,180,187,194,73,74,77,243,242,237,0.43942,0.46265,0.46782
1,1.0477e+05,3,12.851,100,898.3,2.9066,12.671,93.918,950.42,0.19643,0.12456,0.018048,0.18676,0.11475,0.015936,0.17308,0.10774,0.01408,250,250,250,201,203,208,193,189,185,187,193,199,70,71,73,229,231,230,0.55869,0.53024,0.50801
1,1.0487e+05,3,12.761,100,898.3,2.9087,12.581,95.203,959.22,0.20478,0.113,0.017152,0.17654,0.10574,0.014784,0.1648,0.10125,0.013184,248,247,247,193,200,205,176,176,179,193,198,205,80,79,79,201,204,209,0.51909,0.50683,0.49174
1,1.0497e+05,3,12.671,100,898.3,2.9257,12.486,96.107,1000.9,0.22112,0.10604,0.01696,0.20557,0.10006,0.01472,0.18378,0.093263,0.012352,245,247,248,223,216,205,178,176,175,195,202,208,100,92,88,204,202,206,0.44215,0.45059,0.46716
1,1.0507e+05,3,12.581,100,898.3,2.9098,12.407,94.7,832.46,0.16377,0.11508,0.0144,0.1528,0.10844,0.012672,0.14903,0.1015,0.011456,249,249,249,214,209,202,180,178,178,197,202,207,104,96,91,218,215,214,0.55263,0.52641,0.50413
1,1.0517e+05,3,12.491,100,898.3,2.9109,12.313,95.385,830.98,0.23077,0.098844,0.017216,0.21529,0.090807,0.014528,0.19182,0.08658,0.012544,252,251,251,180,184,187,186,183,181,191,197,203,99,92,89,242,242,235,0.60095,0.57576,0.53778
1,1.0527e+05,3,12.401,100,898.3,2.9119,12.228,95.954,956.27,0.15836,0.10106,0.01248,0.1473,0.095763,0.010944,0.13953,0.091449,0.010048,252,249,249,186,186,185,175,175,177,189,193,199,85,83,84,239,235,226,0.55226,0.5313,0.51314
1,1.0537e+05,3,12.312,100,898.3,2.9056,12.13,93.928,1173.5,0.18823,0.10263,0.014912,0.16794,0.099378,0.0128,0.15559,0.09559,0.011584,250,248,248,215,201,192,171,171,173,190,194,198,84,84,84,180,189,193,0.46003,0.47248,0.48357
1,1.0547e+05,3,12.222,100,898.3,2.9119,12.057,95.236,974.41,0.17399,0.10791,0.014464,0.16241,0.096767,0.012352,0.14982,0.094323,0.0112,250,249,248,199,201,203,175,177,176,195,197,199,95,90,88,166,163,163,0.45344,0.47095,0.48071
1,1.0557e+05,3,12.132,100,898.3,2.9193,11.962,94.127,738.63,0.15185,0.096935,0.011392,0.13872,0.093453,0.010048,0.12728,0.087873,0.008512,248,247,248,209,207,206,179,178,176,197,198,198,95,91,89,157,158,159,0.51291,0.49412,0.48828
1,1.0567e+05,3,12.042,100,898.3,2.9087,11.885,93.849,909.09,0.19023,0.10761,0.015552,0.17481,0.097572,0.013312,0.16299,0.095468,0.01216,248,249,249,218,219,215,173,172,171,191,191,191,94,90,89,162,157,153,0.46212,0.47872,0.4918
1,1.0577e+05,3,11.952,100,898.3,2.9098,11.788,94.561,1005.5,0.186,0.10572,0.014784,0.16596,0.098729,0.012864,0.15774,0.095259,0.01152,255,254,252,216,212,208,158,162,163,178,181,185,95,90,88,155,158,162,0.53099,0.52178,0.50849
1,1.0587e+05,3,11.862,100,898.3,2.9151,11.699,93.882,619.37,0.12696,0.10236,0.009856,0.11646,0.094263,0.008704,0.10699,0.089165,0.00768,253,252,252,202,197,196,159,159,162,186,187,188,92,87,85,185,186,188,0.52389,0.50859,0.50509
1,1.0597e+05,3,11.773,100,898.3,2.9247,11.589,94.7,1101.4,0.19908,0.098265,0.014848,0.17775,0.08978,0.012224,0.16714,0.083989,0.009984,251,251,252,194,192,191,169,167,167,192,195,195,80,80,82,224,225,222,0.4842,0.49496,0.49626
1,1.0607e+05,3,11.683,100,898.3,2.896,11.541,96.537,859.81,0.14124,0.10477,0.011648,0.13219,0.096315,0.009984,0.12814,0.092245,0.009088,254,252,252,194,192,192,172,171,171,192,198,198,77,78,80,233,237,232,0.5005,0.50292,0.50048
1,1.0617e+05,3,11.593,100,898.3,2.9151,11.418,94.865,874.58,0.14969,0.11405,0.012928,0.14223,0.10874,0.011456,0.13173,0.10157,0.010368,254,254,254,201,198,199,177,177,177,198,201,195,78,79,82,231,232,224,0.53686,0.53431,0.52578
1,1.0627e+05,3,11.503,100,898.3,2.914,11.34,94.623,988.62,0.13383,0.10155,0.010624,0.12573,0.094916,0.009408,0.1162,0.091602,0.008576,254,254,254,206,204,209,175,174,176,176,181,182,82,84,85,200,198,198,0.54501,0.53396,0.52137
1,1.0637e+05,3,11.413,100,898.3,2.9151,11.25,94.362,954.86,0.16265,0.10396,0.012992,0.14972,0.098342,0.01152,0.14066,0.093256,0.01024,252,252,253,216,215,216,167,170,175,165,163,163,88,90,90,185,184,191,0.51819,0.51457,0.51095
1,1.0647e+05,3,11.323,100,898.3,2.9098,11.165,95.438,701.64,0.19519,0.10208,0.014464,0.17639,0.095594,0.01248,0.1604,0.091576,0.010624,250,251,251,226,216,212,179,178,183,152,150,150,110,101,92,217,218,218,0.54529,0.5357,0.52667
1,1.0657e+05,3,11.234,100,898.3,2.9247,11.069,93.495,1259.4,0.18365,0.10614,0.014848,0.1619,0.098915,0.012416,0.15156,0.094015,0.011072,252,250,250,217,209,206,183,184,191,146,144,146,108,98,90,243,239,233,0.56247,0.55254,0.54121
1,1.0667e+05,3,11.144,100,898.3,2.9151,10.985,95.438,972.86,0.1872,0.10713,0.014976,0.16929,0.096692,0.01248,0.15174,0.095171,0.011136,247,247,249,191,194,195,209,214,218,145,146,149,80,81,88,255,255,253,0.59788,0.5786,0.54883
1,1.0677e+05,3,11.054,100,898.3,2.9077,10.906,93.478,905.32,0.13905,0.09912,0.010816,0.12641,0.092311,0.009152,0.11411,0.089157,0.008128,249,247,247,182,191,195,253,249,243,163,168,169,109,114,112,255,255,255,0.40772,0.42548,0.4428
1,1.1143e+05,3,11,100,900,2.8822,10.848,-0.19301,642.3,0,0,0,0,0,0,0,0,0,244,246,246,201,195,197,255,255,252,183,179,179,168,140,128,255,255,255,0.33107,0.34302,0.36765
1,1.1153e+05,2.91,11,100,900,2.7888,10.863,96.123,894.06,0.13117,0.11017,0.01152,0.12166,0.10444,0.010048,0.11707,0.10281,0.009472,251,246,246,206,199,197,254,252,243,216,198,191,118,110,110,255,255,255,0.52386,0.52016,0.51211
1,1.1163e+05,2.82,11,100,900,2.7071,10.855,96.289,887.99,0.17733,0.14629,0.019648,0.16836,0.13007,0.016832,0.16017,0.11747,0.014976,243,242,241,199,190,190,218,218,215,227,217,211,109,102,101,255,255,255,0.52783,0.53287,0.52873
1,1.1173e+05,2.73,11,100,900,2.6095,10.861,93.839,895.69,0.21778,0.12068,0.02048,0.2026,0.1123,0.017856,0.18903,0.10882,0.016064,239,236,234,196,182,183,189,194,201,245,230,219,117,107,105,255,255,255,0.50782,0.50575,0.51022
1,1.1183e+05,2.64,11,100,900,2.5289,10.863,94.673,991.05,0.28215,0.09362,0.017024,0.20157,0.09181,0.012224,0.12796,0.092357,0.009088,218,213,216,180,170,174,190,178,176,254,244,233,148,126,114,255,255,255,0.53958,0.5234,0.51476
1,1.1193e+05,2.55,11,100,900,2.4483,10.867,94.994,782.94,0.19061,0.09986,0.01344,0.14626,0.096342,0.011008,0.13792,0.091109,0.00992,197,199,206,182,173,174,164,167,169,255,247,239,136,126,122,254,253,251,0.49884,0.50269,0.50763
1,1.1203e+05,2.46,11,100,900,2.3591,10.869,95.918,917.17,0.16527,0.0996,0.012672,0.14447,0.096494,0.010816,0.13076,0.093214,0.009664,214,211,214,182,181,186,164,163,165,255,249,243,158,140,129,233,235,233,0.5212,0.52145,0.51717
1,1.1213e+05,2.37,11,100,900,2.2965,10.84,94.65,1078.4,0.146,0.10691,0.012288,0.13678,0.10059,0.010944,0.13416,0.091957,0.009984,244,234,232,200,201,203,171,167,165,255,253,247,161,142,132,190,196,206,0.49785,0.50576,0.51307
1,1.1223e+05,2.28,11,100,900,2.2053,10.848,95.891,825.16,0.1627,0.10152,0.012928,0.1486,0.092564,0.010944,0.13813,0.089798,0.00992,242,242,240,201,211,215,166,166,165,255,255,249,141,135,133,172,182,195,0.51124,0.50913,0.51239
1,1.1233e+05,2.19,11,100,900,2.1003,10.846,93.776,1152.2,0.15717,0.10754,0.013184,0.14233,0.10077,0.0112,0.13018,0.096718,0.010176,250,251,250,242,235,227,162,159,163,255,255,252,163,141,135,172,170,174,0.50455,0.5102,0.51337
1,1.1243e+05,2.1,11,100,900,2.0026,10.85,94.928,1295.4,0.1549,0.10421,0.012544,0.1433,0.099428,0.011072,0.13613,0.093963,0.010048,255,255,254,215,220,219,178,169,166,255,255,253,187,167,158,150,150,157,0.50118,0.50634,0.51192
1,1.1253e+05,2.01,11,100,900,1.9252,10.869,94.59,653.69,0.1684,0.11451,0.01504,0.16103,0.10642,0.01344,0.149,0.099511,0.01184,255,255,254,184,195,201,171,172,169,255,255,253,224,189,165,133,138,145,0.50973,0.51418,0.51635
1,1.1263e+05,1.92,11,100,900,1.8233,10.869,94.776,1089.9,0.17856,0.098118,0.013696,0.15851,0.094631,0.011712,0.14363,0.088324,0.010048,250,252,253,181,193,197,173,170,167,255,255,254,169,159,156,136,136,139,0.53228,0.51762,0.51774
1,1.1273e+05,1.83,11,100,900,1.731,10.863,95.041,1099.4,0.15039,0.093389,0.011136,0.13711,0.088779,0.009536,0.12673,0.082169,0.008256,250,252,253,192,196,195,178,170,164,255,255,255,157,152,154,132,134,137,0.51433,0.5158,0.51847
1,1.1283e+05,1.74,11,100,900,1.6515,10.861,95.007,878.74,0.14589,0.097471,0.011072,0.12328,0.091261,0.009152,0.11785,0.085787,0.008064,255,254,253,183,190,186,161,161,159,255,255,255,199,187,176,124,129,135,0.50226,0.50615,0.51515
1,1.1293e+05,1.65,11,100,900,1.5804,10.839,94.918,1214.2,0.18845,0.10599,0.015168,0.17616,0.098598,0.013184,0.15693,0.09271,0.011136,255,255,254,171,171,172,159,155,152,255,255,253,248,229,205,139,138,141,0.49966,0.50612,0.51367
1,1.1303e+05,1.56,11,100,900,1.4912,10.84,94.931,1021.8,0.13523,0.10037,0.010816,0.12721,0.096001,0.009792,0.12027,0.090975,0.008704,255,255,253,172,174,173,159,153,152,254,253,249,246,221,200,152,148,149,0.5063,0.50682,0.51321
1,1.1313e+05,1.47,11,100,900,1.4011,10.84,95.16,823.79,0.1539,0.098315,0.01184,0.13517,0.092665,0.010048,0.12757,0.089326,0.009024,255,254,253,191,181,173,160,154,152,255,249,240,188,175,169,144,146,152,0.50228,0.5085,0.51562
1,1.1323e+05,1.38,11,100,900,1.3098,10.86,94.792,1191.5,0.18213,0.10062,0.014272,0.15525,0.092557,0.01152,0.14428,0.090044,0.01024,254,253,252,177,176,173,156,153,153,250,242,234,166,156,152,146,145,152,0.51511,0.51532,0.51697
1,1.1333e+05,1.29,11,100,900,1.2186,10.854,94.365,897.08,0.15459,0.1054,0.0128,0.14444,0.099898,0.011392,0.13568,0.093555,0.010176,249,251,251,171,166,166,158,158,156,230,229,229,153,136,129,147,150,155,0.51478,0.52084,0.52454
1,1.1343e+05,1.2,11,100,900,1.1178,10.869,94.276,1167.1,0.17769,0.11051,0.015104,0.16916,0.10358,0.013696,0.15426,0.099892,0.012288,252,252,251,162,166,172,168,163,159,242,236,230,139,132,132,158,158,164,0.52015,0.51349,0.51842
1,1.1353e+05,1.11,11,100,900,1.0424,10.837,94.352,1167.6,0.16532,0.10424,0.012736,0.15006,0.094451,0.0112,0.14348,0.090291,0.009984,252,252,251,196,184,180,165,162,160,249,245,240,187,156,142,174,176,181,0.51385,0.52133,0.5227
1,1.1363e+05,1.02,11,100,900,0.93635,10.856,94.438,986.48,0.16729,0.10453,0.013696,0.15676,0.096707,0.011904,0.14518,0.094295,0.010752,251,252,252,191,189,188,163,162,159,254,253,247,179,174,169,202,192,187,0.51239,0.51549,0.5202
1,1.1373e+05,0.93,11,100,900,0.85996,10.854,95.289,784.21,0.15847,0.10997,0.013504,0.14737,0.10218,0.011904,0.13883,0.09798,0.010816,253,252,252,199,189,187,166,161,158,254,254,249,215,195,178,180,180,182,0.52438,0.52914,0.5269
1,1.1383e+05,0.84,11,100,900,0.77401,10.854,94.521,951.9,0.16054,0.1075,0.013504,0.14584,0.10133,0.01184,0.13828,0.095256,0.010432,252,252,251,180,181,184,160,158,157,255,254,248,231,214,193,147,153,165,0.50046,0.50908,0.51542
1,1.1393e+05,0.75,11,100,900,0.6955,10.855,93.832,898.66,0.17203,0.111,0.014784,0.16147,0.1044,0.01312,0.14883,0.09674,0.011392,244,249,250,181,184,186,159,161,158,252,246,239,225,198,177,153,156,159,0.49081,0.51139,0.52294
1,1.1403e+05,0.66,11,100,900,0.57136,10.888,94.246,1093.5,0.15097,0.10599,0.01248,0.14218,0.099574,0.011072,0.13421,0.091576,0.009856,252,250,249,203,200,191,164,163,161,243,235,230,164,154,148,153,154,157,0.50993,0.5103,0.51413
1,1.1413e+05,0.57,11,100,900,0.51195,10.86,93.65,1055.9,0.16308,0.098796,0.012544,0.14626,0.091092,0.010496,0.13571,0.088472,0.009536,253,251,249,188,188,186,173,166,163,242,236,229,143,126,120,142,147,154,0.52396,0.52312,0.52234
1,1.1423e+05,0.48,11,100,900,0.42601,10.841,93.75,939.76,0.16693,0.10434,0.01376,0.15611,0.098518,0.012032,0.1469,0.095934,0.0112,251,252,250,177,179,180,172,166,163,247,238,231,132,121,114,146,150,157,0.51065,0.5156,0.52191
1,1.1433e+05,0.39,11,100,900,0.33264,10.848,95.097,1147.2,0.13794,0.099639,0.010816,0.1278,0.097425,0.009856,0.12062,0.091736,0.008832,254,253,252,172,172,175,163,160,161,241,241,239,126,117,118,164,166,166,0.52318,0.52453,0.52775
1,1.1443e+05,0.3,11,100,900,0.23927,10.844,95.286,1143,0.14082,0.10108,0.011136,0.13206,0.094776,0.009856,0.12421,0.089238,0.008704,255,255,253,166,174,180,159,161,161,252,251,244,157,155,154,161,164,166,0.51734,0.51954,0.52435
1,1.1453e+05,0.21,11,100,900,0.15545,10.839,94.61,906.7,0.18491,0.10007,0.014208,0.16328,0.096331,0.011968,0.13992,0.094417,0.01056,251,253,253,175,188,195,163,163,161,255,251,246,249,215,181,145,152,160,0.49717,0.50833,0.51769
1,1.1463e+05,0.12,11,100,900,0.066331,10.858,94.941,999.56,0.17135,0.10004,0.013376,0.15424,0.09545,0.011648,0.14251,0.090368,0.010304,251,252,252,220,210,201,159,161,162,255,249,241,184,176,170,155,154,159,0.54389,0.52696,0.52473
1,1.1473e+05,0.03,11,100,900,-0.012183,10.821,94.938,1283.6,0.18261,0.092556,0.01248,0.15098,0.091579,0.010944,0.13436,0.088975,0.009344,250,252,252,203,204,200,165,164,162,255,249,240,153,152,160,154,157,165,0.52687,0.52318,0.51924
1,1.1483e+05,-0.06,11,100,900,-0.11828,10.861,93.925,713.85,0.16971,0.10148,0.013632,0.15768,0.096936,0.01184,0.14417,0.090808,0.010304,248,248,247,179,184,191,161,164,165,255,247,236,208,170,147,184,179,180,0.4995,0.50018,0.51143
1,1.1493e+05,-0.15,11,100,900,-0.19786,10.854,94.418,809.12,0.13345,0.10153,0.01088,0.12829,0.09375,0.009536,0.12472,0.087934,0.00864,238,241,245,202,194,190,170,170,167,250,243,234,155,145,137,184,194,198,0.50279,0.51265,0.51975
1,1.1503e+05,-0.24,11,100,900,-0.27319,10.851,94.686,1070.4,0.17179,0.098155,0.013376,0.15747,0.092197,0.011584,0.14393,0.087981,0.010176,252,249,248,198,198,196,171,170,167,252,242,232,124,115,115,186,198,205,0.48838,0.49881,0.51022
1,1.1513e+05,-0.33,11,100,900,-0.35595,10.846,94.167,842.03,0.19097,0.10372,0.01536,0.17146,0.10038,0.013568,0.1656,0.094673,0.012352,249,252,251,201,195,190,168,166,165,250,239,227,137,134,134,189,201,207,0.48676,0.49788,0.50715
1,1.1523e+05,-0.42,11,100,900,-0.46523,10.868,95.686,1318.2,0.16849,0.1084,0.013888,0.1554,0.10296,0.012544,0.14385,0.099036,0.0112,251,252,251,190,188,188,171,169,166,243,234,225,182,164,151,188,201,208,0.50102,0.50585,0.51115
1,1.1533e+05,-0.51,11,100,900,-0.55223,10.851,95.769,916.57,0.15914,0.12262,0.01504,0.14875,0.11564,0.013248,0.13677,0.11028,0.011968,253,252,251,177,184,189,173,171,168,237,231,223,237,200,170,190,202,210,0.49394,0.50641,0.51108
1,1.1543e+05,-0.6,11,100,900,-0.63711,10.855,95.653,798.9,0.19088,0.088768,0.012672,0.16464,0.083299,0.01056,0.15243,0.079877,0.009344,251,251,251,209,202,199,166,167,166,243,231,218,171,162,156,200,208,215,0.48841,0.50082,0.51195
1,1.1553e+05,-0.69,11,100,900,-0.72093,10.844,95.176,669.69,0.1522,0.10287,0.012288,0.13947,0.097539,0.010752,0.13427,0.0918,0.009984,254,252,251,217,206,203,158,161,164,225,219,217,154,140,134,215,223,229,0.49044,0.49517,0.50901
1,1.1563e+05,-0.78,11,100,900,-0.81323,10.861,95.319,1079.7,0.18271,0.10246,0.0144,0.17072,0.090647,0.012096,0.15698,0.087763,0.010816,252,251,251,205,200,198,174,173,169,243,236,229,149,138,135,247,245,240,0.50014,0.50952,0.51007
1,1.1573e+05,-0.87,11,100,900,-0.90448,10.85,95.219,925.67,0.1803,0.10383,0.01472,0.16285,0.096817,0.012544,0.15364,0.094495,0.011264,252,251,249,205,197,194,187,179,170,252,247,237,156,147,146,246,244,242,0.50667,0.5104,0.51456
1,1.1583e+05,-0.96,11,100,900,-0.9883,10.863,95.014,792.78,0.15317,0.11483,0.013632,0.14205,0.10856,0.012096,0.13409,0.10328,0.010944,245,245,245,194,191,192,171,170,167,255,255,248,214,199,184,221,233,241,0.50826,0.51105,0.51507
1,1.1593e+05,-1.05,11,100,900,-1.0891,10.85,94.59,1083.3,0.19466,0.11302,0.016512,0.17617,0.10739,0.014272,0.16969,0.10174,0.012864,240,242,243,215,204,201,155,159,161,255,254,245,254,241,217,244,245,245,0.49938,0.50122,0.51271
1,1.1603e+05,-1.14,11,100,900,-1.1485,10.843,94.71,1131.9,0.19613,0.092562,0.012672,0.14865,0.092437,0.010496,0.13776,0.084379,0.00896,248,247,245,220,216,211,166,167,165,248,242,234,251,240,224,254,254,253,0.49992,0.50474,0.51428
1,1.1613e+05,-1.23,11,100,900,-1.2535,10.867,92.895,826.24,0.16334,0.10095,0.012608,0.15118,0.094849,0.01088,0.14136,0.088883,0.009728,248,248,247,211,211,209,172,175,171,237,234,227,249,234,218,254,254,254,0.5099,0.50457,0.50744
1,1.1623e+05,-1.32,11,100,900,-1.3374,10.855,94.044,778.92,0.16466,0.099426,0.01248,0.14819,0.091667,0.01056,0.13579,0.088495,0.009344,248,247,247,205,206,205,168,173,171,238,234,222,247,232,218,254,254,254,0.50289,0.49965,0.50923
1,1.1633e+05,-1.41,11,100,900,-1.4222,10.853,94.455,977.11,0.16406,0.097434,0.012608,0.14904,0.09137,0.010816,0.14351,0.082548,0.009408,250,248,245,192,198,199,169,170,170,222,221,217,250,236,215,255,255,255,0.51331,0.51498,0.51467
1,1.1643e+05,-1.5,11,100,900,-1.5199,10.863,94.508,898.01,0.16617,0.097516,0.012736,0.15103,0.08924,0.010688,0.14646,0.08089,0.009344,244,246,244,214,200,194,178,175,172,232,227,222,232,213,192,255,255,255,0.50434,0.50995,0.50769
1,1.1653e+05,-1.59,11,100,900,-1.5984,10.858,94.66,816.22,0.15777,0.097507,0.011968,0.14283,0.093344,0.010496,0.13377,0.087794,0.009536,247,246,245,190,185,187,176,174,174,254,249,235,168,161,159,254,255,255,0.48827,0.4904,0.5
1,1.1663e+05,-1.68,11,100,900,-1.7023,10.868,95.156,1393.5,0.16122,0.09678,0.012224,0.14982,0.091754,0.010688,0.14237,0.082852,0.00928,254,251,247,183,179,183,171,174,176,252,245,234,171,159,154,255,255,255,0.49132,0.5001,0.50901
1,1.1673e+05,-1.77,11,100,900,-1.7649,10.854,96.02,936.43,0.15056,0.097527,0.011584,0.13882,0.091296,0.010176,0.13144,0.089269,0.009344,252,250,248,188,183,184,178,179,177,245,237,228,196,177,161,255,255,255,0.48716,0.49802,0.50746
1,1.1683e+05,-1.86,11,100,900,-1.871,10.85,94.256,816.16,0.1712,0.10997,0.014528,0.15774,0.10543,0.012864,0.14976,0.096572,0.011328,249,250,250,185,186,186,177,179,176,229,222,219,216,190,170,255,255,255,0.50285,0.50696,0.51243
1,1.1693e+05,-1.95,11,100,900,-1.974,10.867,94.928,1151.4,0.14479,0.10783,0.012288,0.13879,0.097615,0.010624,0.13201,0.091333,0.009536,254,252,250,177,176,178,166,173,177,229,228,222,190,176,167,255,255,255,0.50764,0.50948,0.51344
1,1.1703e+05,-2.04,11,100,900,-2.0334,10.824,96.08,785.68,0.16724,0.10324,0.013504,0.16111,0.10085,0.012544,0.14868,0.094007,0.011008,248,249,249,170,165,165,188,184,177,235,233,222,188,186,180,255,255,255,0.50865,0.50999,0.51544
1,1.1713e+05,-2.13,11,100,900,-2.1342,10.843,93.399,893.12,0.16619,0.10143,0.013248,0.15538,0.094684,0.011584,0.14582,0.089374,0.010368,249,248,247,149,150,153,177,178,177,211,214,212,237,214,184,255,255,255,0.51994,0.51405,0.51585
1,1.1723e+05,-2.22,11,100,900,-2.2275,10.851,93.882,799.42,0.19976,0.10658,0.015936,0.18027,0.101,0.013888,0.16159,0.097014,0.01216,251,247,244,139,143,151,172,175,175,210,208,207,211,200,180,255,255,255,0.50795,0.50632,0.51383
1,1.1733e+05,-2.31,11,100,900,-2.3241,10.867,93.233,1184.7,0.15761,0.10385,0.012416,0.14913,0.09599,0.011136,0.13419,0.090276,0.009728,240,241,242,165,156,156,178,175,172,220,217,211,161,154,150,255,255,255,0.50321,0.51059,0.51786
1,1.1743e+05,-2.4,11,100,900,-2.4111,10.858,94.872,1135.6,0.13177,0.096679,0.010176,0.1238,0.08979,0.009024,0.12002,0.084112,0.008,239,239,238,172,171,171,173,172,171,229,228,223,137,134,133,255,255,255,0.48901,0.49673,0.50654
1,1.1753e+05,-2.49,11,100,900,-2.4992,10.851,94.395,855.85,0.16712,0.1028,0.013376,0.15208,0.095961,0.01152,0.14252,0.091449,0.01024,232,235,238,195,184,180,176,172,170,240,240,238,143,140,139,255,255,255,0.4893,0.49387,0.50547
1,1.1763e+05,-2.58,11,100,900,-2.5787,10.873,94.054,891.16,0.15473,0.10683,0.012928,0.14266,0.10263,0.011648,0.134,0.099585,0.010496,247,243,242,185,185,185,175,173,172,254,253,249,183,181,174,255,255,255,0.50286,0.50044,0.50899
1,1.1773e+05,-2.67,11,100,900,-2.6466,10.834,94.084,1034.3,0.16713,0.10491,0.013696,0.15065,0.10201,0.011968,0.1432,0.091338,0.010496,252,248,245,188,184,184,177,173,171,254,254,252,223,211,193,255,255,255,0.49853,0.50289,0.50825
1,1.1783e+05,-2.76,11,100,900,-2.7612,10.854,95.756,948.67,0.16187,0.095809,0.011968,0.14806,0.090384,0.010368,0.1372,0.085203,0.009024,251,251,249,172,178,186,163,168,169,254,254,253,253,236,209,255,255,255,0.49501,0.49897,0.50501
1,1.1793e+05,-2.85,11,100,900,-2.845,10.846,94.941,631.52,0.17442,0.10778,0.014528,0.15806,0.099807,0.01248,0.14699,0.09499,0.010752,249,249,248,181,189,194,168,168,167,255,255,253,201,197,190,255,255,255,0.48144,0.49306,0.50153
1,1.1803e+05,-2.94,11,100,900,-2.9469,10.873,94.17,1252.6,0.17199,0.10733,0.013504,0.15385,0.099692,0.011712,0.14359,0.092254,0.01024,241,242,245,213,206,201,172,170,169,255,255,255,188,180,172,255,255,255,0.49741,0.50524,0.50674
1,1.1813e+05,-3.03,11,100,900,-3.0307,10.848,94.667,1166.6,0.149,0.10427,0.012224,0.13964,0.1003,0.01088,0.13048,0.094807,0.00992,250,247,247,196,196,197,175,174,174,255,255,255,199,185,172,255,255,255,0.4995,0.49973,0.50464
1,1.1823e+05,-3.12,11,100,900,-3.1124,10.851,95.713,895.48,0.16791,0.1057,0.01376,0.153,0.099609,0.012032,0.14591,0.09564,0.011072,255,252,249,191,192,194,175,177,178,255,255,255,195,183,175,255,255,255,0.48597,0.49896,0.50375
1,1.1833e+05,-3.21,11,100,900,-3.2121,10.849,95.491,1013.4,0.15885,0.10441,0.012736,0.14282,0.096267,0.010688,0.1357,0.091537,0.009728,251,251,250,199,196,194,189,189,184,255,255,255,204,197,190,255,255,255,0.48059,0.48641,0.49815
1,1.1843e+05,-3.3,11,100,900,-3.2822,10.836,95.782,948.08,0.20927,0.10109,0.016576,0.19095,0.091921,0.013632,0.1737,0.086638,0.011904,249,249,250,201,198,193,184,185,183,255,255,255,236,228,213,255,255,255,0.48765,0.49994,0.50905
1,1.1853e+05,-3.39,11,100,900,-3.366,10.849,94.882,887.25,0.15792,0.10249,0.012416,0.14281,0.098295,0.011072,0.13909,0.087465,0.009536,254,253,251,179,179,183,175,176,175,255,255,255,244,241,229,255,255,255,0.5017,0.50847,0.50932
1,1.1863e+05,-3.48,11,100,900,-3.4604,10.853,94.064,927.17,0.19198,0.11453,0.017024,0.18075,0.10611,0.01504,0.17025,0.10308,0.013824,248,249,250,167,169,177,172,172,173,255,255,255,252,243,229,255,255,255,0.48199,0.49056,0.5001
1,1.1873e+05,-3.57,11,100,900,-3.5548,10.854,94.607,1047,0.19908,0.10108,0.01472,0.18263,0.09557,0.012672,0.16925,0.087985,0.011072,246,248,250,177,176,178,173,174,174,255,255,255,246,236,223,255,255,255,0.51961,0.51456,0.51368
1,1.1883e+05,-3.66,11,100,900,-3.6429,10.855,94.577,1202.2,0.14441,0.096175,0.010752,0.12651,0.092967,0.009216,0.11698,0.086498,0.008192,250,248,248,192,186,181,186,180,175,255,255,255,219,216,216,255,255,255,0.51892,0.51432,0.51687
1,1.1893e+05,-3.75,11,100,900,-3.7416,10.864,95.037,1182.9,0.1705,0.09045,0.012032,0.14864,0.085936,0.010176,0.13946,0.082814,0.009152,249,249,249,175,177,178,167,170,172,255,255,255,237,229,223,255,255,255,0.50744,0.50912,0.51181
1,1.1903e+05,-3.84,11,100,900,-3.8212,10.861,94.657,1088.6,0.16341,0.10818,0.013888,0.15524,0.10136,0.012224,0.14291,0.095939,0.010816,248,248,248,170,170,172,164,166,168,255,255,255,254,248,236,255,255,255,0.50951,0.51611,0.51237
1,1.1913e+05,-3.93,11,100,900,-3.9082,10.851,96.338,745.25,0.17663,0.10495,0.014272,0.16264,0.097462,0.012352,0.15669,0.092911,0.011328,244,246,248,168,171,178,170,170,169,255,255,255,250,244,238,255,255,255,0.517,0.5187,0.51656
1,1.1923e+05,-4.02,11,100,900,-3.9962,10.849,95.911,882.12,0.18697,0.10147,0.0144,0.16134,0.09639,0.011968,0.14718,0.092329,0.010624,246,247,248,178,183,186,171,170,169,255,255,255,242,240,235,255,255,255,0.49869,0.50801,0.51023
1,1.1933e+05,-4.11,11,100,900,-4.0928,10.845,95.183,743.34,0.1739,0.10263,0.014016,0.16233,0.098279,0.012416,0.15411,0.090002,0.011008,250,251,251,220,212,203,167,168,169,255,255,255,238,239,235,255,255,255,0.49494,0.50802,0.51667
1,1.1943e+05,-4.2,11,100,900,-4.1607,10.844,93.521,721.18,0.19869,0.10388,0.01568,0.17517,0.096846,0.013056,0.16073,0.091576,0.011648,255,254,253,206,206,205,177,175,176,255,255,255,242,244,235,255,255,255,0.51237,0.52173,0.5172
1,1.1953e+05,-4.29,11,100,900,-4.27,10.872,95.011,892.92,0.17062,0.10534,0.013952,0.15994,0.096391,0.01216,0.151,0.094032,0.011008,253,253,252,197,192,192,201,191,186,255,255,255,240,240,226,255,255,255,0.52968,0.51361,0.50805
1,1.1963e+05,-4.38,11,100,900,-4.3591,10.853,93.21,1070.8,0.15196,0.10939,0.012992,0.14379,0.10169,0.01152,0.13527,0.09547,0.01024,248,248,248,190,188,187,189,190,189,255,255,255,212,206,197,255,255,255,0.47839,0.48376,0.49757
1,1.1973e+05,-4.47,11,100,900,-4.4355,10.845,94.269,673.76,0.18166,0.097862,0.012864,0.16879,0.088692,0.010624,0.14823,0.086842,0.009344,249,247,247,199,191,185,184,185,185,255,255,255,180,183,183,255,255,255,0.49577,0.49906,0.50772
1,1.1983e+05,-4.56,11,100,900,-4.5426,10.868,95.454,1090.7,0.15459,0.095982,0.01184,0.14481,0.087003,0.010048,0.13626,0.085055,0.009216,252,248,246,190,184,180,172,176,178,255,255,255,182,172,166,255,255,255,0.49209,0.50405,0.50975
1,1.1993e+05,-4.65,11,100,900,-4.618,10.872,96.534,1012,0.17809,0.10432,0.014464,0.1662,0.098127,0.012864,0.1567,0.093834,0.011584,247,246,245,169,168,169,167,170,174,255,255,255,185,180,173,255,255,255,0.49917,0.5049,0.51066
1,1.2003e+05,-4.74,11,100,900,-4.7071,10.864,95.094,780.17,0.16307,0.098303,0.012672,0.15091,0.091762,0.010944,0.14439,0.085573,0.00992,244,242,242,164,161,162,173,172,175,255,255,255,200,186,177,255,255,255,0.49109,0.49517,0.50104
1,1.2013e+05,-4.83,11,100,900,-4.8089,10.869,94.061,1082.3,0.19232,0.10528,0.015552,0.17824,0.09781,0.013376,0.16305,0.094403,0.012096,243,240,240,167,161,159,184,180,178,255,255,255,203,183,173,255,255,255,0.48415,0.48945,0.49786
1,1.2023e+05,-4.92,11,100,900,-4.8715,10.824,94.749,836.96,0.16796,0.1032,0.013568,0.15137,0.098701,0.01184,0.14479,0.0932,0.010752,241,241,241,169,163,160,179,180,178,255,255,255,192,176,166,255,255,255,0.48311,0.49253,0.49815
1,1.2033e+05,-5.01,11,100,900,-4.9723,10.861,93.448,681.05,0.15819,0.10212,0.012736,0.14529,0.096853,0.011136,0.13951,0.09369,0.010368,254,245,240,181,173,169,176,177,179,255,255,255,155,149,151,255,255,255,0.48566,0.49199,0.49606
1,1.2043e+05,-5.1,11,100,900,-5.0699,10.85,94.183,1078.7,0.1435,0.10184,0.011584,0.13368,0.096372,0.010304,0.12536,0.088819,0.009024,241,240,242,202,188,179,185,183,181,255,255,255,139,152,165,255,254,253,0.4842,0.49162,0.49986
1,1.2053e+05,-5.19,11,100,900,-5.1527,10.861,95.286,788.52,0.20081,0.10776,0.016768,0.18988,0.10171,0.01504,0.17451,0.097085,0.013248,251,246,244,207,195,186,175,180,182,255,255,255,229,216,197,246,246,246,0.48359,0.49022,0.5007
1,1.2063e+05,-5.28,11,100,900,-5.2482,10.87,95.65,968.92,0.13521,0.1093,0.01152,0.12243,0.1024,0.00992,0.11657,0.096761,0.00896,251,248,247,201,188,178,180,180,179,255,255,255,224,225,218,231,233,239,0.4812,0.48787,0.49778
1,1.2073e+05,-5.37,11,100,900,-5.3341,10.86,94.488,1115.2,0.18638,0.10225,0.014976,0.1714,0.096973,0.012992,0.16534,0.089824,0.01152,252,248,246,180,175,172,182,180,179,255,255,255,211,217,220,228,233,239,0.484,0.48442,0.49017
1,1.2083e+05,-5.46,11,100,900,-5.4095,10.858,94.339,794.36,0.16786,0.10126,0.013376,0.16249,0.095825,0.012032,0.15081,0.088103,0.010432,244,243,244,158,157,158,176,176,178,255,255,255,246,237,228,241,239,236,0.48213,0.48928,0.49287
1,1.2093e+05,-5.55,11,100,900,-5.5071,10.867,95.123,873.94,0.16481,0.093583,0.01216,0.15058,0.089682,0.01056,0.13671,0.088593,0.009472,242,242,244,149,150,157,176,177,177,255,255,255,251,247,238,218,225,231,0.48306,0.48487,0.49578
1,1.2103e+05,-5.64,11,100,900,-5.6121,10.869,93.756,1147.9,0.205,0.10439,0.016512,0.1865,0.097412,0.013696,0.16646,0.093033,0.011904,246,247,246,164,166,166,173,175,176,255,255,255,234,238,239,216,220,224,0.50129,0.51039,0.51186
1,1.2113e+05,-5.73,11,100,900,-5.6821,10.859,94.746,821.93,0.16317,0.10318,0.012992,0.15285,0.095721,0.011392,0.14946,0.090336,0.010368,245,246,247,165,172,176,170,175,177,255,255,255,233,240,242,206,213,216,0.53766,0.55155,0.54954
1,1.2123e+05,-5.82,11,100,900,-5.7808,10.867,93.13,1007.3,0.16709,0.10698,0.013632,0.14607,0.10195,0.01152,0.13926,0.096581,0.01056,244,245,246,163,171,180,178,177,176,255,255,255,245,245,242,199,204,208,0.62732,0.61002,0.5863
1,1.2133e+05,-5.91,11,100,900,-5.8498,10.848,95.603,838.33,0.13924,0.10166,0.011072,0.12625,0.096031,0.0096,0.11761,0.089993,0.008384,244,246,246,194,191,189,172,174,174,255,255,255,234,235,233,186,186,187,0.51745,0.51441,0.50438
1,1.2143e+05,-6,11,100,900,-5.9357,10.851,77.853,801.49,0.19626,0.10801,0.016064,0.17129,0.1026,0.013696,0.15437,0.096173,0.011584,249,248,247,211,207,199,165,167,169,255,255,255,210,214,218,173,172,172,0.30754,0.32566,0.34456
1,1.2603e+05,-6,11,100,895.2,-5.9697,10.923,0.6048,1339.8,0,0,0,0,0,0,0,0,0,249,248,247,211,207,199,165,167,169,255,255,255,210,214,218,173,172,172,0.30754,0.32566,0.34456
1,1.2613e+05,-6,11.09,100,895.1,-5.9453,10.985,94.302,718.67,0.13317,0.10779,0.011392,0.12397,0.10476,0.01024,0.11913,0.099292,0.009536,245,249,250,178,186,194,175,173,172,255,255,255,210,216,224,153,152,155,0.49206,0.46424,0.44575
1,1.2623e+05,-6,11.179,100,895.2,-5.9686,11.096,94.511,1042.7,0.18473,0.13044,0.018944,0.18086,0.12686,0.017664,0.17122,0.11953,0.016,255,254,252,206,198,194,172,176,181,255,255,255,241,237,237,128,131,140,0.43844,0.44416,0.45739
1,1.2633e+05,-6,11.269,100,895.2,-5.9484,11.159,95.759,1042.9,0.24963,0.11225,0.021568,0.2328,0.106,0.018816,0.22066,0.099927,0.01664,255,253,252,200,199,193,181,181,182,255,255,255,252,249,245,133,133,141,0.42298,0.42587,0.44525
1,1.2643e+05,-6,11.358,100,895.1,-5.9527,11.26,96.09,1004.9,0.31683,0.11035,0.020672,0.185,0.10414,0.01504,0.16937,0.10173,0.013504,247,251,252,172,179,187,175,183,186,255,255,255,255,254,252,180,168,158,0.42623,0.44377,0.46101
1,1.2653e+05,-6,11.448,100,895.2,-5.9495,11.327,94.852,779.21,0.17825,0.11405,0.014848,0.15293,0.10642,0.012736,0.13783,0.10299,0.011072,255,255,253,179,181,184,181,178,178,255,255,255,243,248,250,181,172,165,0.48632,0.4866,0.48128
1,1.2663e+05,-6,11.537,100,900,-5.9538,11.405,78.575,766.37,0.17861,0.11524,0.016,0.16387,0.10573,0.013568,0.15187,0.10313,0.012352,255,255,255,185,185,182,174,177,176,255,255,255,247,248,247,165,163,170,0.51414,0.4983,0.4863
1,1.3123e+05,-6,11.537,100,900.9,-5.906,11.378,-0.067215,879.32,0,0,0,0,0,0,0,0,0,255,255,255,185,185,182,174,177,176,255,255,255,247,248,247,165,163,170,0.51414,0.4983,0.4863
1,1.3133e+05,-5.9099,11.537,100,900.9,-5.8328,11.399,95.617,1070.4,0.13555,0.10932,0.011968,0.12975,0.10708,0.01088,0.12872,0.098224,0.009984,255,255,255,211,209,199,163,168,173,255,255,255,254,254,251,139,151,168,0.56498,0.56045,0.56116
1,1.3143e+05,-5.8198,11.537,100,900.9,-5.7479,11.388,96.11,970.99,0.18593,0.12821,0.018688,0.17681,0.12205,0.017024,0.16721,0.11448,0.01536,255,255,255,247,231,212,154,165,178,255,255,255,255,255,255,167,172,175,0.54197,0.53738,0.53619
1,1.3153e+05,-5.7297,11.537,100,900.9,-5.6567,11.375,94.719,695.46,0.23474,0.12377,0.022208,0.21896,0.1214,0.020288,0.20992,0.11416,0.01792,255,255,255,230,223,214,159,173,187,255,255,255,255,255,255,171,178,179,0.52966,0.52096,0.51875
1,1.3163e+05,-5.6396,11.537,100,900.9,-5.5803,11.4,93.942,825.68,0.26297,0.099287,0.019392,0.22415,0.097137,0.016448,0.2034,0.093944,0.014464,255,255,255,190,200,209,209,209,210,255,255,255,255,255,255,166,175,182,0.50263,0.51035,0.51119
1,1.3173e+05,-5.5495,11.537,100,900.9,-5.4933,11.378,94.418,1026.5,0.22125,0.1016,0.017088,0.19981,0.095406,0.01472,0.18679,0.092836,0.013376,253,254,254,180,191,203,226,226,223,255,255,255,255,255,255,175,178,177,0.51233,0.50986,0.50955
1,1.3183e+05,-5.4595,11.537,100,900.9,-5.4148,11.397,93.637,803.72,0.18145,0.10269,0.014336,0.16383,0.098503,0.012416,0.14909,0.091225,0.01088,253,253,253,181,189,199,224,221,215,255,255,255,255,255,255,162,167,170,0.51923,0.5174,0.51414
1,1.3193e+05,-5.3694,11.537,100,900.9,-5.297,11.387,92.866,1081.4,0.15933,0.10251,0.01248,0.14382,0.096431,0.010944,0.13312,0.094929,0.009856,252,252,252,189,192,201,202,199,199,255,255,255,255,255,255,154,154,158,0.51664,0.51484,0.5082
1,1.3203e+05,-5.2793,11.537,100,900.9,-5.2291,11.402,94.124,998.64,0.17203,0.098405,0.013376,0.15718,0.093755,0.011648,0.14597,0.089578,0.010368,253,252,252,195,200,208,189,189,191,255,255,255,255,255,254,145,146,152,0.51993,0.51741,0.50755
1,1.3213e+05,-5.1892,11.537,100,900.9,-5.1294,11.373,94.372,866.58,0.19285,0.092929,0.013824,0.17369,0.086719,0.011584,0.15977,0.08401,0.010432,251,251,251,225,225,222,173,177,180,255,255,255,255,253,248,127,136,149,0.5118,0.51455,0.51242
1,1.3223e+05,-5.0991,11.537,100,900.9,-5.0402,11.375,94.875,1241.4,0.17163,0.10742,0.014592,0.16433,0.10141,0.012928,0.15416,0.094911,0.011776,251,252,251,235,233,231,170,171,173,255,255,255,244,240,237,139,148,160,0.5162,0.51873,0.51586
1,1.3233e+05,-5.009,11.537,100,900.9,-4.9617,11.39,94.911,880.39,0.18684,0.10665,0.015424,0.1774,0.097823,0.013632,0.16615,0.096051,0.012544,252,250,250,242,238,233,160,162,164,255,255,255,237,231,225,171,179,186,0.51201,0.51797,0.517
1,1.3243e+05,-4.9189,11.537,100,900.9,-4.8684,11.398,95.262,991.73,0.15955,0.097351,0.011968,0.14154,0.09466,0.010496,0.13235,0.091257,0.009536,249,250,252,250,242,233,153,158,161,255,255,255,222,222,217,201,205,209,0.51995,0.51623,0.51737
1,1.3253e+05,-4.8288,11.537,100,900.9,-4.7824,11.388,95.564,773.82,0.16104,0.10385,0.013184,0.15103,0.096907,0.011584,0.14516,0.092852,0.010624,252,252,252,244,236,230,157,160,161,255,255,255,224,222,215,204,209,213,0.52299,0.52213,0.52007
1,1.3263e+05,-4.7387,11.537,100,900.9,-4.6933,11.387,94.835,1010.5,0.19927,0.10309,0.016,0.18416,0.095731,0.013504,0.17107,0.091151,0.012224,253,254,254,223,223,226,158,159,161,255,255,255,244,231,215,193,199,207,0.52206,0.52376,0.51607
1,1.3273e+05,-4.6486,11.537,100,900.9,-4.5872,11.373,93.826,925.41,0.2,0.101,0.01504,0.17265,0.098456,0.0128,0.15736,0.091872,0.011264,255,254,253,226,226,226,153,156,160,255,255,255,238,229,215,169,181,193,0.51541,0.50716,0.49556
1,1.3283e+05,-4.5586,11.537,100,900.9,-4.4949,11.371,94.173,988.32,0.1713,0.1115,0.014848,0.16376,0.10029,0.012928,0.15617,0.09612,0.011712,251,251,251,223,228,228,160,160,161,255,255,255,219,214,209,163,170,182,0.51403,0.50216,0.48927
1,1.3293e+05,-4.4685,11.537,100,900.9,-4.4132,11.365,94.557,1285.4,0.15872,0.098852,0.012288,0.14859,0.091379,0.010816,0.14473,0.088258,0.010048,248,249,251,235,232,225,159,160,162,255,255,255,201,202,201,145,159,176,0.51126,0.49965,0.48796
1,1.3303e+05,-4.3784,11.537,100,900.9,-4.341,11.398,93.554,1117,0.19024,0.11098,0.016,0.17862,0.1038,0.014144,0.16871,0.098208,0.012416,250,251,251,234,229,221,158,160,162,255,255,255,196,197,195,146,157,173,0.52565,0.51298,0.49871
1,1.3313e+05,-4.2883,11.537,100,900.9,-4.2509,11.394,94.521,892.88,0.17812,0.11415,0.016064,0.16504,0.11042,0.014336,0.15598,0.10203,0.012736,254,252,251,209,209,209,159,158,160,255,255,255,175,180,186,150,157,170,0.52409,0.52248,0.5181
1,1.3323e+05,-4.1982,11.537,100,900.9,-4.1575,11.387,95.014,1237.9,0.18913,0.11128,0.016448,0.18372,0.10333,0.014592,0.17141,0.099128,0.013568,254,252,251,212,206,201,158,158,162,255,255,255,192,188,190,156,162,174,0.5258,0.52865,0.5291
1,1.3333e+05,-4.1081,11.537,100,900.9,-4.0684,11.389,93.865,1049.5,0.17656,0.10627,0.014592,0.17034,0.098184,0.01312,0.16004,0.095606,0.01216,253,252,251,207,210,205,161,164,166,255,255,255,222,219,212,163,177,185,0.53146,0.53187,0.53171
1,1.3343e+05,-4.018,11.537,100,900.9,-3.992,11.397,95.57,643.34,0.19991,0.11143,0.017024,0.18555,0.10266,0.01472,0.17733,0.096019,0.013504,252,252,252,205,213,209,160,164,167,255,255,255,248,243,234,175,187,195,0.52958,0.5301,0.52964
1,1.3353e+05,-3.9279,11.537,100,900.9,-3.8827,11.369,94.918,963.58,0.19366,0.10105,0.015424,0.18132,0.09855,0.013952,0.17029,0.094377,0.012544,254,253,252,219,214,210,164,164,166,255,255,255,254,250,242,195,195,199,0.52592,0.52691,0.51833
1,1.3363e+05,-3.8378,11.537,100,900.9,-3.8105,11.384,95.928,951.06,0.16847,0.11544,0.014784,0.15927,0.10376,0.0128,0.14604,0.10067,0.011456,254,254,254,213,214,209,160,160,160,255,255,255,253,253,249,220,210,198,0.50903,0.49959,0.4937
1,1.3373e+05,-3.7477,11.537,100,900.9,-3.7076,11.384,94.981,1062.7,0.183,0.10418,0.014848,0.16745,0.10041,0.012992,0.15838,0.090731,0.011456,252,252,252,209,206,201,150,152,155,255,255,255,255,254,251,186,186,187,0.47527,0.47125,0.47084
1,1.3383e+05,-3.6577,11.537,100,900.9,-3.6376,11.4,95.15,810.87,0.16875,0.096978,0.012352,0.14754,0.094,0.010624,0.14099,0.08767,0.009664,252,250,251,182,183,189,151,151,154,255,255,255,255,255,252,167,169,176,0.4735,0.4734,0.47236
1,1.3393e+05,-3.5676,11.537,100,900.9,-3.541,11.387,94.859,980.8,0.18439,0.096675,0.01344,0.1654,0.089845,0.01152,0.14496,0.086664,0.009856,249,251,251,160,174,188,150,154,157,255,255,255,255,254,251,174,176,180,0.47753,0.47574,0.47504
1,1.3403e+05,-3.4775,11.537,100,900.9,-3.436,11.373,95.706,1318.5,0.17278,0.10719,0.014464,0.15593,0.10165,0.012608,0.14743,0.097159,0.011264,253,253,252,177,184,192,155,157,159,255,255,255,253,250,246,181,182,186,0.49493,0.4839,0.4797
1,1.3413e+05,-3.3874,11.537,100,900.9,-3.366,11.397,94.216,962.84,0.15489,0.10155,0.01216,0.13962,0.099617,0.01088,0.13002,0.093223,0.009536,255,254,253,203,201,199,169,167,164,255,255,255,236,231,226,216,207,199,0.479,0.47633,0.47429
1,1.3423e+05,-3.2973,11.537,100,900.9,-3.2758,11.398,94.425,936.49,0.16787,0.10737,0.014016,0.15816,0.096354,0.011776,0.14852,0.08877,0.010432,251,253,252,196,201,205,172,170,167,255,255,255,206,209,209,218,217,206,0.49119,0.47769,0.47228
1,1.3433e+05,-3.2072,11.537,100,900.9,-3.1676,11.371,95.014,1208.4,0.13667,0.10088,0.011008,0.13197,0.090682,0.009408,0.12419,0.085103,0.008448,253,252,251,212,209,207,169,169,168,255,255,255,219,211,203,217,203,190,0.43606,0.44509,0.45463
1,1.3443e+05,-3.1171,11.537,100,900.9,-3.0986,11.39,93.442,903.15,0.15775,0.10416,0.012672,0.1433,0.098862,0.011072,0.13647,0.089433,0.0096,253,251,250,203,204,207,174,172,171,255,255,255,238,216,195,155,158,160,0.44626,0.45712,0.46448
1,1.3453e+05,-3.027,11.537,100,900.9,-3.0159,11.385,95.024,979.9,0.15991,0.098259,0.012288,0.14439,0.094353,0.010816,0.13368,0.09103,0.009728,253,251,250,199,203,205,172,174,173,255,255,255,225,203,182,135,138,145,0.47526,0.46487,0.46216
1,1.3914e+05,-3,11.537,100,900.4,-2.983,11.413,-0.30887,844.99,0,0,0,0,0,0,0,0,0,250,249,250,206,204,203,173,174,173,255,255,255,182,176,167,123,126,134,0.47447,0.46195,0.46633
1,1.3924e+05,-3,11.627,100,900.4,-2.984,11.51,93.961,780.14,0.16377,0.10197,0.012416,0.15469,0.093014,0.010944,0.1479,0.092414,0.009984,248,248,250,190,199,208,166,165,165,255,255,255,170,171,173,105,107,111,0.3879,0.39214,0.41244
1,1.3934e+05,-3,11.717,100,900.4,-3.0116,11.624,94.862,1115.1,0.16963,0.12029,0.015744,0.15626,0.11176,0.013696,0.14763,0.10721,0.012416,249,251,251,205,212,210,160,160,162,255,255,255,154,164,172,94,99,106,0.39369,0.41121,0.42524
1,1.3944e+05,-3,11.807,100,900.4,-3.0021,11.695,94.289,1092.5,0.16529,0.11447,0.014784,0.15124,0.10627,0.0128,0.13641,0.10341,0.0112,251,250,250,228,226,219,151,157,163,255,255,254,187,170,158,105,101,103,0.40038,0.41711,0.43409
1,1.3954e+05,-3,11.897,100,900.4,-2.9978,11.77,95.954,637.71,0.1537,0.098909,0.011392,0.13215,0.093246,0.009728,0.11977,0.092503,0.00864,247,245,246,214,217,214,174,171,168,249,250,249,135,139,141,106,109,112,0.42824,0.44046,0.44918
1,1.3964e+05,-3,11.987,100,900.5,-3.0031,11.874,93.607,839.92,0.17552,0.11665,0.015936,0.16155,0.11054,0.013824,0.15229,0.10328,0.012416,238,242,244,200,199,200,171,172,174,244,243,242,119,124,132,116,117,119,0.43596,0.44846,0.45605
1,1.3974e+05,-3,12.077,100,900.4,-2.9851,11.958,95.438,998.25,0.18528,0.10969,0.015296,0.16579,0.10499,0.013376,0.15446,0.097075,0.01184,245,244,246,198,197,198,181,177,175,234,234,235,157,153,147,118,120,122,0.43663,0.44728,0.45618
1,1.3984e+05,-3,12.167,100,900.4,-2.9978,12.03,94.488,804.73,0.20536,0.11147,0.017216,0.1872,0.10361,0.014912,0.1786,0.098712,0.013504,245,247,247,222,211,204,182,177,175,229,230,232,173,161,154,117,120,122,0.42678,0.44662,0.45841
1,1.3994e+05,-3,12.257,100,900.4,-2.9978,12.129,94.812,847.84,0.1426,0.10296,0.01152,0.12724,0.094278,0.009472,0.11883,0.092498,0.008832,249,249,248,216,214,214,164,170,177,228,229,228,159,163,167,122,121,120,0.42531,0.44696,0.45898
1,1.4004e+05,-3,12.347,100,900.4,-2.9946,12.233,94.802,1160.5,0.13124,0.10776,0.011136,0.11902,0.10179,0.009472,0.11281,0.093535,0.008448,246,247,248,200,202,209,188,181,177,237,231,226,177,178,172,111,113,115,0.44545,0.45463,0.46119
1,1.4014e+05,-3,12.438,100,900.4,-2.9724,12.301,95.557,847.78,0.16836,0.11627,0.015168,0.1578,0.10963,0.013312,0.14804,0.10222,0.011904,249,249,249,203,199,198,175,176,178,217,220,222,179,171,164,102,106,113,0.43819,0.45375,0.46309
1,1.4024e+05,-3,12.528,100,900.4,-2.9798,12.377,94.461,890.32,0.1671,0.11471,0.015232,0.15675,0.10851,0.013312,0.14695,0.1001,0.011904,251,249,248,177,186,195,178,177,174,215,217,220,142,145,148,116,118,120,0.43485,0.44737,0.45921
1,1.4034e+05,-3,12.618,100,900.5,-2.9946,12.487,95.044,869.06,0.16962,0.11078,0.014592,0.15445,0.10593,0.0128,0.14619,0.098388,0.0112,250,248,247,188,191,197,184,177,173,227,222,221,130,136,142,126,125,125,0.42445,0.44016,0.45433
1,1.4044e+05,-3,12.708,100,900.4,-2.983,12.559,94.749,818.99,0.157,0.11258,0.013568,0.15056,0.10457,0.01216,0.14267,0.094464,0.010496,247,246,246,215,208,201,164,168,171,230,229,226,132,132,135,123,125,127,0.4389,0.44644,0.45594
1,1.4054e+05,-3,12.798,100,900.4,-2.9883,12.64,94.422,758.36,0.14093,0.098338,0.011072,0.13191,0.095836,0.009984,0.12468,0.090961,0.009024,247,246,246,202,201,201,174,171,170,233,230,228,121,126,129,116,120,125,0.44041,0.44217,0.45633
1,1.4064e+05,-3,12.888,100,900.4,-2.9915,12.739,95.928,592.97,0.16431,0.11387,0.014784,0.15472,0.10653,0.012928,0.14817,0.10299,0.01184,252,249,245,209,204,201,176,174,173,228,231,232,128,127,128,119,124,128,0.43859,0.44933,0.46172
1,1.4074e+05,-3,12.978,100,900.4,-2.9925,12.834,94.567,1042.5,0.16476,0.10788,0.013824,0.15497,0.097942,0.011968,0.14217,0.096115,0.010752,242,240,238,200,203,204,176,175,175,241,237,236,133,131,130,131,133,135,0.44485,0.45385,0.4613
1,1.4084e+05,-3,13.068,100,900.4,-2.9798,12.929,96.259,954.42,0.16143,0.10988,0.013888,0.15349,0.10111,0.011968,0.14501,0.095443,0.01088,229,232,234,202,201,203,172,175,178,236,239,238,130,129,132,130,133,136,0.42765,0.43725,0.45143
1,1.4094e+05,-3,13.158,100,900.4,-2.9904,13.024,93.693,782.68,0.14892,0.12555,0.014144,0.13852,0.11741,0.012608,0.13037,0.11284,0.011264,222,226,231,197,198,200,177,180,180,243,242,240,129,138,141,125,130,136,0.42203,0.43184,0.44941
1,1.4104e+05,-3,13.248,100,900.5,-2.9936,13.084,94.809,595.5,0.16962,0.1033,0.013568,0.15637,0.093919,0.011456,0.13903,0.092875,0.010176,237,235,237,195,194,195,178,178,179,237,237,237,168,161,155,132,132,133,0.44073,0.44338,0.45674
1,1.4114e+05,-3,13.338,100,900.4,-2.9851,13.191,94.362,878.88,0.16466,0.10231,0.01248,0.14566,0.097582,0.01088,0.13636,0.090068,0.009472,243,243,244,185,189,194,175,175,177,230,230,232,179,173,166,119,123,129,0.44781,0.44453,0.45584
1,1.4124e+05,-3,13.428,100,900.4,-3.0031,13.28,94.369,622.38,0.14724,0.10757,0.01216,0.13745,0.10016,0.01088,0.12952,0.092974,0.009472,248,247,246,206,199,195,183,179,177,232,228,226,173,167,157,122,126,131,0.43606,0.44369,0.4523
1,1.4134e+05,-3,13.518,100,900.4,-2.9978,13.388,94.177,877.15,0.14656,0.11761,0.013248,0.13949,0.10613,0.01152,0.13069,0.10149,0.010432,248,248,247,206,201,197,180,177,177,230,226,223,156,150,146,132,132,133,0.42563,0.43974,0.45005
1,1.4144e+05,-3,13.608,100,900.4,-2.984,13.47,95.921,1380.3,0.20913,0.1029,0.015616,0.19055,0.09672,0.013632,0.18229,0.089081,0.011712,249,248,248,196,194,192,174,176,179,224,220,220,110,118,128,131,133,134,0.44302,0.44511,0.45485
1,1.4154e+05,-3,13.698,100,900.4,-2.9999,13.546,95.14,1307,0.16033,0.10449,0.013056,0.14499,0.098692,0.011328,0.13091,0.097897,0.010048,249,250,250,172,181,192,183,182,180,225,225,223,125,125,129,124,126,130,0.43514,0.44173,0.45345
1,1.4164e+05,-3,13.788,100,900.4,-2.9904,13.632,95.444,978.37,0.16724,0.11813,0.015296,0.15319,0.11138,0.013184,0.14779,0.10141,0.01184,253,251,250,198,196,194,176,177,177,231,229,226,128,133,140,118,122,129,0.42402,0.44582,0.45697
1,1.4174e+05,-3,13.878,100,900.5,-2.9808,13.722,94.829,1020.2,0.14253,0.10644,0.01184,0.13442,0.098827,0.010496,0.12551,0.094544,0.009152,248,248,249,191,193,197,174,176,178,231,229,227,151,152,151,124,130,134,0.44123,0.44497,0.45618
1,1.4184e+05,-3,13.968,100,900.4,-2.9808,13.799,94.958,1014.3,0.15453,0.11886,0.014336,0.14615,0.10662,0.012352,0.13917,0.10322,0.011328,250,248,248,183,189,197,187,183,179,230,229,226,174,164,151,140,137,136,0.44875,0.45429,0.46346
1,1.4194e+05,-3,14.058,100,900.4,-2.9904,13.907,95.051,1060,0.15437,0.11206,0.013184,0.1416,0.10786,0.011776,0.13165,0.10013,0.01024,249,249,249,204,200,198,186,185,183,227,224,222,144,143,141,131,133,133,0.42793,0.43992,0.45547
1,1.4204e+05,-3,14.148,100,900.4,-2.9925,13.994,93.895,822.22,0.20934,0.11214,0.017152,0.19093,0.10675,0.014272,0.1765,0.10198,0.012736,252,250,247,196,197,200,182,181,182,213,215,216,117,122,131,115,119,123,0.44107,0.45234,0.45809
1,1.4214e+05,-3,14.238,100,900.4,-2.9936,14.094,93.965,1135.8,0.17012,0.11986,0.015616,0.15848,0.10917,0.013184,0.14411,0.10601,0.01184,246,245,245,180,191,198,177,179,180,212,212,213,149,147,142,115,116,118,0.43612,0.44776,0.45641
1,1.4224e+05,-3,14.328,100,900.4,-2.9872,14.165,93.995,960.31,0.16613,0.10889,0.014016,0.15639,0.10154,0.012288,0.14712,0.095534,0.011072,245,246,244,215,210,203,177,178,179,212,213,214,156,155,153,116,118,120,0.43499,0.45016,0.46122
1,1.4234e+05,-3,14.418,100,900.4,-2.9777,14.243,94.6,668.72,0.1403,0.10364,0.011392,0.13078,0.097669,0.009984,0.12111,0.093567,0.008832,246,246,244,226,215,202,178,179,179,217,216,215,146,153,155,118,119,121,0.44262,0.45542,0.46421
1,1.4244e+05,-3,14.508,100,900.5,-2.9999,14.361,94.004,811.08,0.16417,0.12124,0.01536,0.15721,0.11001,0.013504,0.14816,0.1061,0.012224,240,243,245,177,190,204,183,183,179,213,216,215,160,155,150,115,119,123,0.45419,0.45762,0.46385
1,1.4254e+05,-3,14.599,100,900.4,-3.001,14.457,93.855,1049.4,0.16503,0.1181,0.01504,0.15122,0.10944,0.012928,0.14467,0.10538,0.011712,248,247,245,216,214,212,181,180,178,217,213,211,127,143,152,117,121,125,0.42713,0.4471,0.45926
1,1.4264e+05,-3,14.689,100,900.4,-2.9936,14.516,93.932,777.47,0.19363,0.10702,0.016256,0.17723,0.10162,0.014144,0.16634,0.09671,0.012544,246,246,245,231,232,225,175,177,176,205,207,208,161,154,144,120,126,129,0.44754,0.45494,0.46249
1,1.4274e+05,-3,14.779,100,900.4,-2.9819,14.602,94.749,714.61,0.17039,0.12298,0.014976,0.1596,0.11128,0.013184,0.15217,0.1055,0.011712,240,242,243,213,213,212,183,183,181,203,208,212,126,132,137,129,131,133,0.44065,0.4436,0.45598
1,1.4284e+05,-3,14.869,100,900.4,-3.0106,14.744,93.743,1242.6,0.1647,0.10458,0.013632,0.15533,0.095135,0.011776,0.14945,0.089691,0.010496,242,243,243,196,202,207,194,188,183,208,213,216,119,127,136,130,133,137,0.4302,0.44419,0.45429
1,1.4294e+05,-3,14.959,100,900.4,-3.001,14.809,94.921,1162.1,0.13267,0.10857,0.011392,0.12796,0.10172,0.010112,0.12272,0.09726,0.00928,245,244,244,186,194,203,187,186,184,221,223,225,155,150,140,138,141,144,0.42293,0.43333,0.44599
1,1.4304e+05,-3,15.049,100,900.4,-2.9925,14.859,95.044,953.76,0.14856,0.11736,0.013376,0.13788,0.10653,0.011328,0.13055,0.10056,0.01024,246,245,246,206,213,215,179,182,183,228,232,234,144,142,139,150,153,158,0.41046,0.42323,0.44
1,1.4314e+05,-3,15.139,100,900.5,-2.9904,14.969,94.458,923.31,0.1562,0.10478,0.012672,0.14361,0.098587,0.010816,0.13028,0.093188,0.009408,248,249,248,238,231,222,191,186,183,251,247,245,118,127,132,179,181,182,0.40499,0.40644,0.42437
1,1.4324e+05,-3,15.229,100,900.4,-3.0052,15.062,94.703,840.53,0.17841,0.12219,0.01696,0.16462,0.11274,0.014272,0.15601,0.10704,0.012864,247,246,243,218,215,212,178,178,179,253,253,252,151,146,147,206,206,204,0.40497,0.40768,0.41975
1,1.4334e+05,-3,15.319,100,900.4,-2.9946,15.136,95.871,1096.2,0.1618,0.11898,0.014336,0.14762,0.10851,0.012096,0.13299,0.10182,0.01056,239,239,239,207,207,207,167,171,176,255,254,254,160,163,165,205,211,212,0.40172,0.4069,0.42092
1,1.4344e+05,-3,15.409,100,900.4,-3.001,15.235,94.961,1079.2,0.14818,0.11289,0.0128,0.13376,0.10117,0.010688,0.12199,0.094985,0.009088,222,228,233,211,205,200,165,168,172,255,255,255,227,206,184,235,230,226,0.44785,0.43202,0.44481
1,1.4811e+05,-3,15.463,100,900.9,-3.0413,15.296,-0.2526,1102.2,0,0,0,0,0,0,0,0,0,222,229,234,202,203,200,172,171,172,255,255,255,216,200,181,249,242,231,0.4707,0.4741,0.47828
1,1.4821e+05,-3.0901,15.463,100,900.9,-3.0827,15.265,94.11,721.86,0.12562,0.10287,0.010112,0.11758,0.093657,0.008832,0.11316,0.089459,0.008,238,237,238,201,200,199,166,168,170,255,255,255,175,173,168,253,250,247,0.50457,0.49686,0.48744
1,1.4831e+05,-3.1802,15.463,100,900.9,-3.1877,15.288,94.435,817.8,0.17496,0.10991,0.015424,0.1697,0.10471,0.014144,0.16341,0.10111,0.012928,245,243,241,202,202,200,160,165,170,255,255,255,156,153,153,253,252,251,0.5072,0.49703,0.48196
1,1.4841e+05,-3.2703,15.463,100,900.9,-3.2673,15.28,95.464,827.96,0.23392,0.1146,0.020224,0.2073,0.10915,0.017088,0.1948,0.10023,0.01472,241,241,240,213,207,202,166,167,170,255,255,255,148,148,150,254,253,252,0.47711,0.47297,0.47034
1,1.4851e+05,-3.3604,15.463,100,900.9,-3.3533,15.269,95.335,805,0.17194,0.11023,0.0144,0.15744,0.10362,0.01248,0.13953,0.1002,0.010944,233,234,236,213,206,203,168,168,169,255,255,255,150,149,149,254,254,254,0.46226,0.46225,0.46756
1,1.4861e+05,-3.4505,15.463,100,900.9,-3.4371,15.283,93.673,817.99,0.17702,0.11441,0.015744,0.16445,0.10693,0.013824,0.15878,0.10121,0.012544,232,231,232,195,198,198,161,166,171,255,255,255,147,152,155,255,255,255,0.46013,0.46938,0.47211
1,1.4871e+05,-3.5405,15.463,100,900.9,-3.5368,15.294,94.127,1121.7,0.19257,0.11138,0.016,0.18107,0.10068,0.01376,0.16502,0.094797,0.01216,217,225,229,189,197,202,180,179,178,255,255,255,166,167,162,255,255,254,0.49904,0.48531,0.48101
1,1.4881e+05,-3.6306,15.463,100,900.9,-3.6281,15.284,95.425,776.15,0.14508,0.10969,0.012608,0.13313,0.10314,0.010944,0.12624,0.098846,0.009792,220,224,229,228,211,204,184,187,185,255,255,255,185,178,166,253,253,252,0.49449,0.47986,0.46834
1,1.4891e+05,-3.7207,15.463,100,900.9,-3.7246,15.291,94.68,980.44,0.17675,0.096799,0.013504,0.1648,0.087903,0.011584,0.1564,0.084628,0.01056,226,228,231,227,210,204,182,186,185,255,255,255,180,177,169,252,252,252,0.46508,0.46233,0.45857
1,1.4901e+05,-3.8108,15.463,100,900.9,-3.8063,15.301,94.451,816.11,0.20103,0.093002,0.013312,0.162,0.088614,0.011136,0.15264,0.085205,0.009856,232,234,235,208,202,197,173,179,180,255,255,255,216,193,176,254,253,253,0.44697,0.45208,0.45733
1,1.4911e+05,-3.9009,15.463,100,900.9,-3.8816,15.282,95.802,1006.3,0.18663,0.1081,0.01568,0.16632,0.10372,0.013376,0.15646,0.099788,0.012224,230,235,238,202,197,191,174,173,174,255,255,255,251,214,185,255,255,254,0.4646,0.46448,0.46624
1,1.4921e+05,-3.991,15.463,100,900.9,-3.9676,15.283,94.167,687.07,0.18547,0.1114,0.016256,0.17752,0.10383,0.014528,0.17045,0.09838,0.013056,238,239,240,180,187,190,169,171,172,255,255,255,224,205,182,255,255,255,0.49424,0.48614,0.48346
1,1.4931e+05,-4.0811,15.463,100,900.9,-4.0631,15.279,95.239,1011.6,0.182,0.10928,0.015488,0.16657,0.1023,0.01344,0.15899,0.096764,0.011776,244,245,243,172,189,190,170,175,175,255,255,255,206,188,174,255,254,254,0.51209,0.50543,0.49594
1,1.4941e+05,-4.1712,15.463,100,900.9,-4.1543,15.285,93.938,1358.3,0.1613,0.1031,0.012928,0.14638,0.10101,0.01152,0.13848,0.093425,0.010112,242,244,243,180,189,188,175,179,177,255,255,255,211,188,168,254,254,254,0.51952,0.51196,0.50245
1,1.4951e+05,-4.2613,15.463,100,900.9,-4.2424,15.298,95.305,661.42,0.17158,0.096007,0.0128,0.155,0.09311,0.010944,0.13917,0.09069,0.009856,237,240,243,171,175,183,172,178,177,255,255,255,178,174,161,255,255,255,0.5104,0.50391,0.49572
1,1.4961e+05,-4.3514,15.463,100,900.9,-4.3517,15.297,94.23,1120.9,0.19982,0.11283,0.017216,0.18693,0.10186,0.014656,0.16182,0.099278,0.012736,232,239,243,180,178,184,176,175,174,255,255,255,186,171,157,255,255,255,0.51835,0.50539,0.49364
1,1.4971e+05,-4.4414,15.463,100,900.9,-4.4217,15.284,95.305,974.55,0.19993,0.10897,0.016512,0.18194,0.10006,0.01408,0.16675,0.096993,0.012352,238,240,242,191,189,186,172,172,171,255,255,255,204,179,158,255,255,255,0.51366,0.50801,0.4987
1,1.4981e+05,-4.5315,15.463,100,900.9,-4.5076,15.277,94.104,866.92,0.15385,0.11592,0.014208,0.1465,0.10597,0.012288,0.13975,0.10181,0.0112,235,237,241,169,176,183,172,170,171,255,255,255,204,172,153,255,255,255,0.51204,0.51127,0.50177
1,1.4991e+05,-4.6216,15.463,100,900.9,-4.6105,15.294,93.902,835.03,0.19731,0.11081,0.017216,0.1819,0.10286,0.014656,0.17322,0.098428,0.01344,235,236,240,168,173,180,171,172,171,255,255,255,191,169,151,255,255,255,0.52166,0.51814,0.50412
1,1.5001e+05,-4.7117,15.463,100,900.9,-4.6848,15.272,94.306,992.04,0.18317,0.10604,0.015296,0.17397,0.095264,0.013056,0.15999,0.092644,0.011648,239,239,240,168,175,181,169,172,173,255,255,255,175,159,145,255,255,255,0.51951,0.51733,0.50549
1,1.5011e+05,-4.8018,15.463,100,900.9,-4.7718,15.291,94.213,919.57,0.19364,0.10197,0.015232,0.17684,0.095137,0.012992,0.16351,0.089582,0.011584,237,238,238,174,177,182,165,171,177,255,255,255,145,142,138,255,255,255,0.51314,0.5078,0.49894
1,1.5021e+05,-4.8919,15.463,100,900.9,-4.8567,15.27,94.243,800.01,0.21014,0.098991,0.01536,0.16719,0.094769,0.011968,0.15177,0.088222,0.010368,226,232,237,156,171,178,173,178,181,255,255,255,138,138,143,255,255,255,0.51617,0.50558,0.49707
1,1.5031e+05,-4.982,15.463,100,900.9,-4.9607,15.296,95.266,765.51,0.16069,0.10564,0.01344,0.14455,0.10064,0.01152,0.1393,0.093263,0.010368,237,237,236,162,166,174,194,188,186,255,255,255,215,188,168,255,255,255,0.50941,0.49787,0.49001
1,1.5041e+05,-5.0721,15.463,100,900.9,-5.0477,15.291,95.309,925.76,0.15139,0.10041,0.011968,0.14355,0.092937,0.010688,0.13472,0.088505,0.009408,239,237,237,166,168,175,193,189,186,255,255,255,238,210,177,255,255,255,0.51183,0.50623,0.49593
1,1.5051e+05,-5.1622,15.463,100,900.9,-5.1283,15.285,95.739,849.81,0.16525,0.11212,0.014592,0.15273,0.1084,0.013056,0.14282,0.10362,0.011776,234,237,239,180,179,178,183,185,186,255,255,255,195,192,177,255,255,255,0.51676,0.51133,0.502
1,1.5061e+05,-5.2523,15.463,100,900.9,-5.228,15.284,95.103,1024.3,0.15878,0.10483,0.012928,0.14533,0.099891,0.011392,0.14105,0.094684,0.010496,246,245,242,178,179,181,184,184,182,255,255,255,167,167,166,255,255,255,0.51709,0.52024,0.51652
1,1.5071e+05,-5.3423,15.463,100,900.9,-5.3288,15.289,95.487,889.26,0.18361,0.10505,0.014976,0.16628,0.098182,0.0128,0.15409,0.094703,0.011584,240,243,244,169,179,185,171,174,178,255,255,255,188,172,162,255,255,255,0.52335,0.52077,0.51885
1,1.5081e+05,-5.4324,15.463,100,900.9,-5.4084,15.293,95.881,959.26,0.16749,0.10736,0.014208,0.1574,0.10129,0.01248,0.14913,0.096742,0.011456,238,239,241,193,193,191,174,175,180,255,255,255,154,155,151,255,254,254,0.51909,0.51701,0.51682
1,1.5091e+05,-5.5225,15.463,100,900.9,-5.4954,15.292,94.584,867.5,0.22421,0.10478,0.017984,0.20598,0.098522,0.01568,0.18625,0.093075,0.013568,236,239,241,195,194,191,181,183,185,255,255,255,133,140,144,253,253,253,0.52231,0.52144,0.51914
1,1.5101e+05,-5.6126,15.463,100,900.9,-5.5675,15.255,95.196,855.4,0.21635,0.095018,0.015616,0.20405,0.087651,0.013312,0.14282,0.087992,0.009856,246,245,243,174,178,187,211,203,195,255,255,255,141,143,144,251,252,252,0.51118,0.51714,0.51798
1,1.5111e+05,-5.7027,15.463,100,900.9,-5.6832,15.303,95.726,1311.7,0.16185,0.10804,0.013696,0.14494,0.1063,0.01216,0.13441,0.10295,0.01088,245,246,246,183,184,189,201,199,196,255,255,255,179,172,164,251,251,249,0.52569,0.52361,0.52353
1,1.5121e+05,-5.7928,15.463,100,900.9,-5.7278,15.267,95.031,955.46,0.18955,0.10495,0.014912,0.16703,0.096796,0.012544,0.15384,0.09482,0.011328,240,243,245,201,198,198,188,189,191,255,255,255,199,188,177,247,245,243,0.5317,0.53106,0.53316
1,1.5131e+05,-5.8829,15.463,100,900.9,-5.8392,15.288,94.329,923.53,0.15047,0.10648,0.012672,0.14051,0.097672,0.011008,0.13013,0.095552,0.009856,237,243,245,189,198,203,184,187,189,255,255,255,180,183,182,242,238,235,0.55501,0.5537,0.55468
1,1.5141e+05,-5.973,15.463,100,900.9,-5.9156,15.277,95.252,869.38,0.1674,0.10278,0.012928,0.14305,0.097155,0.011008,0.12837,0.094999,0.009472,243,244,245,202,200,205,192,187,189,255,255,255,191,184,182,237,233,231,0.51703,0.50937,0.50129
1,1.5604e+05,-6,15.463,100,895.2,-5.9442,15.316,-0.047353,651.58,0,0,0,0,0,0,0,0,0,247,246,246,198,203,207,191,188,189,255,255,255,191,187,182,232,230,227,0.42527,0.42976,0.444
1,1.5614e+05,-6,15.552,100,895.1,-5.9516,15.411,94.213,872.16,0.13075,0.11611,0.012032,0.12382,0.11074,0.01088,0.11952,0.10462,0.010048,249,248,246,239,231,224,187,191,192,255,255,255,176,176,176,212,220,229,0.49997,0.49176,0.4848
1,1.5624e+05,-6,15.642,100,895.2,-5.9665,15.509,93.733,1261.2,0.17167,0.13119,0.017664,0.16203,0.12634,0.016064,0.15686,0.12217,0.01504,240,242,243,246,237,226,181,189,192,255,255,255,161,164,165,243,239,238,0.49037,0.48283,0.47717
1,1.5634e+05,-6,15.731,100,895.2,-5.9527,15.582,94.726,912.36,0.3047,0.10431,0.022464,0.28798,0.095949,0.018944,0.26443,0.091579,0.015744,236,239,243,207,205,210,178,181,183,255,255,255,161,161,161,255,254,250,0.47819,0.47039,0.46463
1,1.5644e+05,-6,15.821,100,895.1,-5.9654,15.676,93.855,962.85,0.19331,0.10104,0.01504,0.17232,0.09517,0.012608,0.15152,0.09115,0.010752,237,243,246,192,199,209,174,174,176,255,255,255,162,163,165,255,254,249,0.41538,0.43839,0.45137
1,1.5654e+05,-6,15.91,100,895.2,-5.9548,15.743,95.58,1134.2,0.171,0.11095,0.014464,0.15929,0.10484,0.012736,0.14583,0.096284,0.010944,255,254,252,221,223,218,160,164,169,255,255,255,184,183,176,249,241,236,0.40701,0.42389,0.43548
1,1.5664e+05,-6,16,100,900,-5.9707,15.851,78.823,1031.1,0.15392,0.10011,0.011392,0.13741,0.095949,0.009728,0.12175,0.089217,0.008384,255,255,255,208,224,227,177,173,172,255,255,255,185,189,187,215,221,224,0.33399,0.36257,0.38099
1,1.6003e+05,-5.907,16,195,801.6,-5.8646,15.779,-0.29894,716.18,0,0,0,0,0,0,0,0,0,255,255,255,253,249,240,177,175,173,255,255,255,192,186,182,236,225,223,0.41849,0.43063,0.45667
1,1.6013e+05,-5.907,15.92,195,801.7,-5.8455,15.676,186.61,932.01,0.23305,0.12846,0.019712,0.14905,0.12847,0.014464,0.13513,0.1214,0.012672,255,255,253,250,236,224,168,167,170,255,255,255,167,164,165,202,214,222,0.575,0.571,0.56592
1,1.6023e+05,-5.907,15.84,195,801.7,-5.8455,15.617,186.71,706.82,0.18137,0.12813,0.018432,0.17045,0.12275,0.016576,0.17138,0.11332,0.015488,255,253,251,210,214,215,166,170,173,255,255,255,146,152,157,233,224,224,0.56701,0.56861,0.56906
1,1.6033e+05,-5.907,15.76,195,801.6,-5.8752,15.565,186.13,839,0.23887,0.13136,0.024128,0.20814,0.12581,0.020288,0.18771,0.1204,0.0176,246,247,248,182,191,204,205,196,188,255,255,255,157,149,147,249,244,238,0.57169,0.56977,0.56847
1,1.6043e+05,-5.907,15.679,195,801.6,-5.8657,15.468,187.05,781.35,0.27786,0.12081,0.02496,0.2515,0.11337,0.020736,0.2251,0.11042,0.01792,246,247,247,195,202,207,223,209,195,255,255,255,164,154,149,249,246,241,0.57421,0.57175,0.5711
1,1.6053e+05,-5.907,15.599,195,801.6,-5.8551,15.401,186.66,984.28,0.39833,0.11851,0.030144,0.34807,0.11254,0.024192,0.29772,0.11056,0.019648,250,250,248,223,220,216,218,208,198,255,255,255,167,165,166,231,237,241,0.57722,0.57252,0.57181
1,1.6063e+05,-5.907,15.519,195,801.6,-5.8561,15.336,186.26,659.03,0.2607,0.12507,0.023872,0.22265,0.12238,0.019776,0.19557,0.11499,0.01664,244,245,246,202,207,209,187,192,192,255,255,255,182,184,179,245,239,237,0.57565,0.57266,0.56995
1,1.672e+05,-5.907,11.537,195,801.6,-5.8583,11.362,0.35652,881.69,0,0,0,0,0,0,0,0,0,255,255,255,211,209,199,163,168,173,255,255,255,254,254,251,139,151,168,0.56498,0.56045,0.56116
1,1.673e+05,-5.907,11.457,195,801.7,-5.8922,11.308,187.34,814.76,0.13358,0.12221,0.012736,0.12496,0.11626,0.011584,0.12197,0.11027,0.010496,255,255,254,202,199,197,186,182,179,255,255,255,255,254,253,145,148,152,0.56843,0.57067,0.57028
1,1.674e+05,-5.907,11.377,195,801.7,-5.8742,11.223,187.29,620.04,0.19038,0.13554,0.019648,0.16314,0.12955,0.016768,0.15696,0.12064,0.014912,254,253,253,194,192,194,193,189,187,255,255,255,255,255,252,155,150,149,0.58073,0.57846,0.57577
1,1.675e+05,-5.907,11.297,195,801.6,-5.8583,11.136,186.91,727.09,0.22364,0.13629,0.023424,0.20636,0.12934,0.020608,0.19052,0.12002,0.017856,251,253,253,206,202,197,220,206,193,255,255,255,252,252,251,125,136,148,0.57147,0.572,0.57252
1,1.676e+05,-5.907,11.216,195,801.6,-5.8625,11.058,187.1,970.94,0.31859,0.12326,0.028096,0.29926,0.11536,0.024384,0.28308,0.10846,0.021824,255,254,252,198,206,201,173,190,190,255,255,255,253,246,243,141,148,158,0.57657,0.57422,0.57216
1,1.677e+05,-5.907,11.136,195,801.6,-5.8572,11.006,187.53,942.44,0.42563,0.10944,0.027904,0.28079,0.10708,0.020352,0.25562,0.10291,0.017216,253,253,251,199,196,198,181,179,184,255,255,255,243,242,241,158,164,168,0.57487,0.57677,0.57653
1,1.678e+05,-5.907,11.056,195,801.6,-5.8328,10.896,187.64,762.31,0.30619,0.11565,0.024832,0.26787,0.11101,0.020416,0.22507,0.1067,0.016896,250,248,248,184,188,191,174,176,176,255,255,255,242,236,234,181,184,184,0.58269,0.58109,0.57263
1,1.7089e+05,-5.814,11,195,801.6,-5.7734,10.926,0.10161,957.31,0,0,0,0,0,0,0,0,0,244,245,246,163,171,180,178,177,176,255,255,255,245,245,242,199,204,208,0.62732,0.61002,0.5863
1,1.7099e+05,-5.814,11.08,195,801.7,-5.7872,11.01,185.23,1144.9,0.15512,0.13526,0.016256,0.14187,0.12568,0.013952,0.13961,0.11452,0.012736,244,247,249,201,195,192,183,183,181,255,255,255,255,253,247,245,225,209,0.57914,0.57472,0.57547
1,1.7109e+05,-5.814,11.16,195,801.7,-5.7553,11.053,185.46,1077.7,0.20585,0.12559,0.019584,0.1841,0.11893,0.01664,0.17252,0.116,0.01504,250,250,251,211,205,200,191,187,187,255,255,255,255,252,248,232,218,201,0.55868,0.55802,0.55914
1,1.7119e+05,-5.814,11.24,195,801.6,-5.7766,11.13,186.91,829.92,0.25955,0.13136,0.025152,0.23009,0.12507,0.021248,0.20608,0.12123,0.018304,255,255,254,214,210,205,213,203,194,255,255,255,239,245,249,167,167,170,0.55093,0.55156,0.55255
1,1.7129e+05,-5.814,11.321,195,801.6,-5.7373,11.169,187.87,1168.6,0.23173,0.13026,0.022912,0.21373,0.12482,0.02016,0.19811,0.11853,0.017984,255,254,254,202,203,203,209,203,195,255,255,255,245,247,250,144,148,155,0.54994,0.54972,0.54771
1,1.7139e+05,-5.814,11.401,195,801.6,-5.766,11.255,186.7,680.79,0.29023,0.12445,0.027392,0.24591,0.1205,0.022784,0.23398,0.11576,0.02048,255,255,254,184,194,204,184,186,188,255,255,255,255,255,253,143,140,140,0.53969,0.54024,0.54278
1,1.7149e+05,-5.814,11.481,195,801.6,-5.7744,11.354,186.78,807.38,0.27883,0.13776,0.028288,0.25041,0.13175,0.024576,0.22649,0.12609,0.02176,255,255,255,236,225,212,167,170,176,255,255,255,255,255,255,136,146,157,0.54035,0.54122,0.5408
1,1.7806e+05,-5.814,15.463,195,801.6,-5.7766,15.322,-0.037422,786.06,0,0,0,0,0,0,0,0,0,240,243,245,201,198,198,188,189,191,255,255,255,199,188,177,247,245,243,0.53638,0.53723,0.53884
1,1.7816e+05,-5.814,15.543,195,801.7,-5.7713,15.388,185.61,749.4,0.18918,0.14155,0.019968,0.17848,0.1276,0.017216,0.1687,0.12166,0.015872,252,251,248,196,198,199,189,191,193,255,255,255,183,173,163,255,253,250,0.54128,0.54062,0.53968
1,1.7826e+05,-5.814,15.623,195,801.7,-5.7607,15.445,186.43,936.03,0.3137,0.12244,0.024192,0.18743,0.11905,0.017152,0.16756,0.11709,0.015296,255,253,250,205,204,202,191,193,194,255,255,255,144,148,151,255,253,249,0.53777,0.53964,0.54001
1,1.7836e+05,-5.814,15.703,195,801.6,-5.7744,15.554,184.76,848.81,0.26389,0.11796,0.022272,0.22642,0.11481,0.018304,0.21178,0.10655,0.016,248,250,250,202,202,201,194,191,189,255,255,255,117,124,132,242,239,234,0.54355,0.54186,0.54259
1,1.7846e+05,-5.814,15.784,195,801.6,-5.7607,15.609,188.62,749.06,0.22543,0.15457,0.02624,0.20497,0.147,0.022976,0.1903,0.14158,0.020672,251,251,250,196,199,205,173,174,174,255,255,255,121,127,138,192,200,207,0.55034,0.54805,0.54898
1,1.7856e+05,-5.814,15.864,195,801.6,-5.7691,15.702,186.15,733.23,0.31256,0.12123,0.027264,0.26109,0.11673,0.022016,0.21802,0.11453,0.019008,253,253,252,212,211,211,164,165,168,255,255,255,133,136,148,178,185,200,0.55575,0.55641,0.55735
1,1.7866e+05,-5.814,15.944,195,801.6,-5.7851,15.783,186.59,1029.9,0.26905,0.13656,0.028608,0.24467,0.13152,0.025344,0.23409,0.12589,0.023104,255,254,254,238,237,229,163,166,167,255,255,255,166,168,169,208,208,211,0.56737,0.56417,0.5531
1,1.8175e+05,-5.721,16,195,801.6,-5.6896,15.77,0.81335,569.27,0,0,0,0,0,0,0,0,0,251,251,252,216,218,219,171,166,167,255,255,255,167,180,185,246,232,217,0.45806,0.4621,0.47521
1,1.8185e+05,-5.721,15.92,195,801.7,-5.6811,15.692,186.48,1219,0.28141,0.11587,0.020288,0.26202,0.11111,0.017408,0.24052,0.1102,0.014336,253,251,251,199,204,208,148,155,164,255,255,255,186,182,175,164,178,191,0.55559,0.5556,0.55383
1,1.8195e+05,-5.721,15.84,195,801.7,-5.6832,15.609,187.9,659.39,0.16576,0.11672,0.014912,0.14731,0.109,0.012672,0.13677,0.10428,0.0112,252,251,250,184,195,205,157,158,164,255,255,255,153,160,164,158,167,185,0.5412,0.54226,0.54263
1,1.8205e+05,-5.721,15.76,195,801.6,-5.6747,15.54,187.95,801.4,0.25549,0.12944,0.024512,0.22902,0.12197,0.02048,0.20206,0.11908,0.016768,245,246,249,210,206,204,164,167,172,255,255,255,125,125,131,207,207,209,0.53492,0.53373,0.53353
1,1.8215e+05,-5.721,15.679,195,801.6,-5.6864,15.49,186.59,559.8,0.25501,0.12443,0.023936,0.2238,0.1172,0.020032,0.19568,0.11356,0.016768,245,246,249,219,213,205,167,171,176,255,255,255,119,117,122,240,233,227,0.52251,0.52265,0.52401
1,1.8225e+05,-5.721,15.599,195,801.6,-5.6758,15.393,186.42,761.37,0.30219,0.11897,0.026496,0.28454,0.11143,0.0224,0.22714,0.10722,0.018176,250,250,249,194,196,197,182,182,184,255,255,255,111,119,129,255,254,251,0.52014,0.51997,0.51981
1,1.8235e+05,-5.721,15.519,195,801.6,-5.679,15.321,185.49,718.28,0.27458,0.12436,0.025856,0.25332,0.11517,0.021824,0.23218,0.10857,0.018816,251,248,247,170,176,188,195,195,193,255,255,255,151,156,153,254,254,252,0.52018,0.52008,0.52042
1,1.8892e+05,-5.721,11.537,195,801.6,-5.679,11.368,-0.004318,754.53,0,0,0,0,0,0,0,0,0,255,255,255,206,210,212,181,191,198,255,255,255,255,255,255,166,177,181,0.52261,0.52012,0.51772
1,1.8902e+05,-5.721,11.457,195,801.7,-5.6864,11.283,185.67,783.47,0.20825,0.12594,0.017344,0.14628,0.11994,0.01344,0.13291,0.10993,0.0112,255,255,255,205,204,207,188,185,185,255,255,255,255,255,255,134,136,147,0.5114,0.51717,0.51914
1,1.8912e+05,-5.721,11.377,195,801.7,-5.6694,11.207,186.26,1059.7,0.1668,0.13159,0.017472,0.15726,0.12593,0.015616,0.15379,0.12286,0.014976,255,255,255,198,204,208,187,186,186,255,255,255,255,255,254,138,142,146,0.52266,0.52299,0.52401
1,1.8922e+05,-5.721,11.297,195,801.6,-5.6843,11.15,186.01,903.2,0.18934,0.13477,0.019968,0.17794,0.12567,0.0176,0.17082,0.12102,0.016128,255,255,255,223,215,210,182,185,187,255,255,255,249,249,249,160,165,174,0.5375,0.53253,0.53288
1,1.8932e+05,-5.721,11.216,195,801.6,-5.6959,11.084,186.49,773.4,0.26932,0.12206,0.02144,0.1693,0.115,0.015232,0.15101,0.11168,0.013248,255,254,253,205,206,206,183,184,185,255,255,255,248,246,245,225,220,214,0.53598,0.53959,0.53987
1,1.8942e+05,-5.721,11.136,195,801.6,-5.6768,10.992,186.89,869.9,0.23549,0.12907,0.02272,0.2091,0.1236,0.019584,0.20143,0.11503,0.0176,253,252,251,192,198,198,178,181,184,255,255,255,252,247,244,254,242,226,0.54935,0.5511,0.55311
1,1.8952e+05,-5.721,11.056,195,801.6,-5.6885,10.91,187.26,906.23,0.19243,0.12226,0.017152,0.16121,0.11595,0.014528,0.1485,0.11002,0.012608,251,248,248,189,181,178,178,176,178,255,255,255,245,241,241,231,231,229,0.56906,0.56823,0.56916
1,1.9261e+05,-5.628,11,195,801.6,-5.5994,10.931,0.3499,926.36,0,0,0,0,0,0,0,0,0,246,247,246,164,166,166,173,175,176,255,255,255,234,238,239,216,220,224,0.50174,0.50919,0.51041
1,1.9271e+05,-5.628,11.08,195,801.7,-5.5909,10.992,186.45,820.73,0.24123,0.12326,0.018112,0.2234,0.11373,0.015232,0.18988,0.10574,0.013184,254,251,249,185,183,182,178,180,180,255,255,255,232,239,239,250,245,235,0.55625,0.55947,0.55989
1,1.9281e+05,-5.628,11.16,195,801.7,-5.593,11.072,185.56,796.66,0.18637,0.12725,0.017984,0.16282,0.1224,0.01536,0.15544,0.11469,0.013696,254,253,251,192,195,193,177,181,182,255,255,255,241,239,240,254,245,233,0.54682,0.54052,0.54101
1,1.9291e+05,-5.628,11.24,195,801.6,-5.5909,11.128,187.23,757.56,0.30003,0.12508,0.025216,0.25275,0.11541,0.020096,0.22464,0.11145,0.016704,255,255,254,227,219,210,184,181,182,255,255,255,247,247,245,199,203,205,0.52968,0.53069,0.53016
1,1.9301e+05,-5.628,11.321,195,801.6,-5.5856,11.193,186.98,904.19,0.20331,0.13398,0.020928,0.17841,0.12647,0.017728,0.16442,0.12126,0.015424,255,255,255,227,222,214,178,181,183,255,255,255,252,251,249,175,180,185,0.52011,0.52033,0.52078
1,1.9311e+05,-5.628,11.401,195,801.6,-5.5845,11.26,187.56,723.99,0.30383,0.11401,0.025472,0.23686,0.10685,0.019072,0.20352,0.10351,0.015872,255,255,255,213,212,210,190,188,186,255,255,255,255,255,254,151,149,152,0.51781,0.5143,0.51422
1,1.9321e+05,-5.628,11.481,195,801.6,-5.5824,11.355,186.97,985.1,0.25349,0.13776,0.026944,0.23718,0.12575,0.02304,0.22476,0.11965,0.0208,255,255,255,194,198,205,194,196,199,255,255,255,255,255,255,131,145,164,0.51171,0.51175,0.51183
1,1.9978e+05,-5.628,15.463,195,801.6,-5.5898,15.336,-0.16984,926.35,0,0,0,0,0,0,0,0,0,247,247,245,164,177,187,212,204,196,255,255,255,162,157,153,254,252,251,0.51155,0.51766,0.51833
1,1.9988e+05,-5.628,15.543,195,801.7,-5.6026,15.416,186.76,772.71,0.26067,0.11979,0.022848,0.25515,0.10777,0.019968,0.23765,0.10454,0.01792,248,250,249,175,182,189,187,188,189,255,255,255,107,117,128,255,255,254,0.50914,0.51135,0.51224
1,1.9998e+05,-5.628,15.623,195,801.7,-5.5845,15.469,187.63,834.98,0.1592,0.12076,0.015104,0.13938,0.11513,0.012736,0.13239,0.11105,0.011648,247,249,249,199,197,196,177,180,183,255,255,255,101,108,120,255,254,252,0.52096,0.51814,0.516
1,2.0008e+05,-5.628,15.703,195,801.6,-5.5835,15.546,186.67,957.7,0.24734,0.12221,0.02272,0.23115,0.11415,0.019712,0.21547,0.1076,0.017344,243,246,249,224,215,204,171,172,175,255,255,255,115,117,122,233,232,228,0.51944,0.52111,0.52376
1,2.0018e+05,-5.628,15.784,195,801.6,-5.5898,15.625,187,881.08,0.24479,0.12701,0.0224,0.21834,0.12221,0.018624,0.16477,0.12186,0.015168,249,249,249,193,198,202,162,167,169,255,255,255,148,155,158,171,180,192,0.53346,0.53261,0.53415
1,2.0028e+05,-5.628,15.864,195,801.6,-5.5888,15.693,185.98,829.39,0.24307,0.1243,0.022784,0.21775,0.11938,0.019904,0.20258,0.11394,0.017728,251,250,249,190,196,201,163,164,167,255,255,255,186,185,178,157,166,183,0.55005,0.54816,0.54801
1,2.0038e+05,-5.628,15.944,195,801.6,-5.593,15.775,184.21,843.33,0.23713,0.13605,0.024832,0.21691,0.13224,0.022208,0.20173,0.12557,0.01952,245,249,251,215,209,205,159,163,166,255,255,255,219,206,195,213,201,196,0.5663,0.56583,0.5579
1,2.0347e+05,-5.535,16,195,801.6,-5.5134,15.79,0.065201,588.74,0,0,0,0,0,0,0,0,0,253,251,250,201,201,201,173,171,172,255,255,255,204,212,205,196,191,190,0.492,0.5045,0.50549
1,2.0357e+05,-5.535,15.92,195,801.7,-5.4996,15.702,186.1,838.23,0.15,0.12026,0.01408,0.13605,0.11587,0.012352,0.12941,0.11205,0.011456,248,250,250,189,191,194,173,175,175,255,255,255,251,233,202,160,170,181,0.56445,0.56262,0.56269
1,2.0367e+05,-5.535,15.84,195,801.7,-5.4933,15.623,187.2,1002.6,0.19745,0.12734,0.019136,0.18388,0.12106,0.017024,0.17213,0.11474,0.014912,253,251,249,190,191,194,188,182,176,255,255,255,225,209,190,172,175,185,0.54008,0.54348,0.54256
1,2.0377e+05,-5.535,15.76,195,801.6,-5.4954,15.554,186.09,540.84,0.21646,0.13422,0.022144,0.19294,0.12582,0.01888,0.1745,0.12049,0.016448,249,249,248,205,201,196,186,183,181,255,255,255,133,139,144,225,221,217,0.53621,0.53251,0.53192
1,2.0387e+05,-5.535,15.679,195,801.6,-5.488,15.475,186.03,860.14,0.25847,0.13072,0.025856,0.22387,0.12532,0.021504,0.19594,0.11962,0.017856,250,248,247,202,201,198,179,181,182,255,255,255,119,119,124,250,241,233,0.52029,0.52241,0.52251
1,2.0397e+05,-5.535,15.599,195,801.6,-5.5028,15.421,185.63,950.35,0.3397,0.13023,0.032832,0.29217,0.12138,0.027072,0.26341,0.11789,0.023296,251,250,248,194,195,194,188,185,184,255,255,255,103,104,109,255,255,253,0.5128,0.51379,0.51484
1,2.0407e+05,-5.535,15.519,195,801.6,-5.5219,15.364,188.53,700.51,0.33747,0.1273,0.03168,0.26887,0.12084,0.024192,0.23421,0.11819,0.0208,248,246,244,196,191,188,188,190,190,255,255,255,113,117,127,254,253,254,0.50997,0.51038,0.5122
1,2.1064e+05,-5.535,11.537,195,801.6,-5.4901,11.361,0.53528,618.23,0,0,0,0,0,0,0,0,0,253,254,254,180,191,203,226,226,223,255,255,255,255,255,255,175,178,177,0.51003,0.51023,0.51028
1,2.1074e+05,-5.535,11.457,195,801.7,-5.5145,11.303,187.25,802.29,0.26735,0.12105,0.019648,0.24871,0.11625,0.017344,0.22393,0.11538,0.014656,255,255,255,209,208,208,195,195,197,255,255,255,255,255,255,138,145,156,0.51162,0.50913,0.50993
1,2.1084e+05,-5.535,11.377,195,801.7,-5.4965,11.216,187.5,678.8,0.15325,0.12385,0.01504,0.14288,0.11973,0.013376,0.13421,0.11452,0.011968,255,255,255,228,223,216,191,188,187,255,255,255,255,255,255,162,161,162,0.5085,0.50979,0.51256
1,2.1094e+05,-5.535,11.297,195,801.6,-5.4859,11.125,186.16,895.22,0.20494,0.11563,0.01728,0.17848,0.11212,0.0144,0.15674,0.10647,0.012608,255,255,255,219,220,218,171,175,179,255,255,255,254,251,246,210,206,201,0.52048,0.52262,0.52249
1,2.1104e+05,-5.535,11.216,195,801.6,-5.5007,11.056,186.75,601.83,0.27019,0.14133,0.029696,0.25565,0.13259,0.026304,0.24178,0.12624,0.023616,253,252,251,207,199,196,181,180,179,255,255,255,227,228,231,254,243,235,0.53658,0.53374,0.53266
1,2.1114e+05,-5.535,11.136,195,801.6,-5.4869,10.989,186.27,649.87,0.29662,0.12704,0.02752,0.23079,0.11982,0.02144,0.20763,0.11778,0.019136,249,249,249,186,183,183,187,184,180,255,255,255,212,219,228,254,251,242,0.54411,0.54333,0.54612
1,2.1124e+05,-5.535,11.056,195,801.6,-5.5081,10.915,187.31,831.3,0.26894,0.1177,0.023488,0.23096,0.11506,0.020224,0.2128,0.10928,0.017792,238,243,245,144,154,163,182,180,179,255,255,255,245,237,233,230,234,238,0.56299,0.5584,0.55501
1,2.1433e+05,-5.442,11,195,801.6,-5.4105,10.931,0.7008,642.39,0,0,0,0,0,0,0,0,0,244,243,244,158,157,158,176,176,178,255,255,255,246,237,228,241,239,236,0.47688,0.48615,0.49201
1,2.1443e+05,-5.442,11.08,195,801.7,-5.4063,10.972,185.56,795.61,0.18096,0.11948,0.016768,0.17607,0.1139,0.015296,0.16186,0.10896,0.013696,238,241,244,154,158,164,176,178,179,255,255,255,199,208,215,253,250,245,0.56465,0.56361,0.56125
1,2.1453e+05,-5.442,11.16,195,801.7,-5.402,11.065,186.64,950.62,0.19263,0.12886,0.019136,0.17519,0.12125,0.016576,0.16751,0.11525,0.015168,243,245,246,168,169,173,182,179,177,255,255,255,198,202,214,255,253,244,0.5459,0.54687,0.54587
1,2.1463e+05,-5.442,11.24,195,801.6,-5.4052,11.135,185.77,753.51,0.25538,0.1359,0.026752,0.23943,0.12659,0.023104,0.22177,0.12123,0.020672,255,253,251,200,204,206,170,173,176,255,255,255,233,232,230,236,230,223,0.53363,0.53309,0.53327
1,2.1473e+05,-5.442,11.321,195,801.6,-5.4243,11.227,188.09,1027.2,0.33746,0.12315,0.026752,0.24027,0.11432,0.019072,0.19052,0.11594,0.015936,255,254,253,226,222,219,173,173,176,255,255,255,251,247,241,205,205,203,0.52477,0.52489,0.52275
1,2.1483e+05,-5.442,11.401,195,801.6,-5.3989,11.282,186.93,875.45,0.26377,0.14499,0.02848,0.2323,0.1372,0.024384,0.2072,0.13178,0.021376,255,254,254,232,230,223,185,186,186,255,255,255,255,255,254,152,156,163,0.52007,0.51717,0.51677
1,2.1493e+05,-5.442,11.481,195,801.6,-5.4105,11.336,187.77,456.54,0.33337,0.1311,0.031296,0.24388,0.13066,0.024448,0.21606,0.12576,0.0208,255,254,253,201,199,204,204,206,206,255,255,255,255,255,255,141,147,159,0.51686,0.51618,0.51524
1,2.215e+05,-5.442,15.463,195,801.6,-5.3999,15.327,0.38631,951.15,0,0,0,0,0,0,0,0,0,238,239,241,193,193,191,174,175,180,255,255,255,154,155,151,255,254,254,0.5168,0.51708,0.51732
1,2.216e+05,-5.442,15.543,195,801.7,-5.402,15.392,185.81,904.3,0.26771,0.14854,0.024832,0.24544,0.14073,0.019648,0.15162,0.11787,0.013184,247,246,245,199,194,189,183,183,183,255,255,255,101,108,122,255,255,255,0.51516,0.51506,0.5147
1,2.217e+05,-5.442,15.623,195,801.7,-5.402,15.445,187.59,696.19,0.17177,0.12767,0.017152,0.16284,0.11984,0.015488,0.15454,0.11413,0.014016,246,246,246,191,189,189,192,187,183,255,255,255,99,105,114,255,255,254,0.519,0.51778,0.51793
1,2.218e+05,-5.442,15.703,195,801.6,-5.4116,15.542,184.35,577.5,0.20679,0.12645,0.019392,0.19233,0.11693,0.016576,0.1762,0.11045,0.014528,241,243,246,178,183,186,185,186,187,255,255,255,118,121,128,251,248,240,0.53612,0.52977,0.52763
1,2.219e+05,-5.442,15.784,195,801.6,-5.3989,15.612,186.02,1004.1,0.28488,0.12051,0.024192,0.20517,0.11912,0.01888,0.18662,0.11658,0.017088,246,246,247,187,183,184,190,188,185,255,255,255,156,160,163,209,207,204,0.53633,0.53647,0.53604
1,2.22e+05,-5.442,15.864,195,801.6,-5.4116,15.707,186.32,814.85,0.30476,0.13347,0.031744,0.2869,0.12615,0.02816,0.27136,0.11918,0.025152,250,249,248,173,180,185,187,185,183,255,255,255,181,180,179,182,182,185,0.54757,0.54967,0.55013
1,2.221e+05,-5.442,15.944,195,801.6,-5.4073,15.765,186.28,681.25,0.34655,0.11126,0.026752,0.27987,0.10898,0.0208,0.23029,0.10144,0.016832,251,250,249,186,192,193,173,174,175,255,255,255,192,192,192,155,165,172,0.5716,0.56963,0.56327
1,2.2519e+05,-5.349,16,195,801.6,-5.3012,15.748,0.63128,751.83,0,0,0,0,0,0,0,0,0,246,246,245,214,209,201,164,168,171,255,255,255,157,163,167,191,177,171,0.5124,0.50472,0.49749
1,2.2529e+05,-5.349,15.92,195,801.7,-5.3161,15.712,185.45,1127.2,0.19719,0.11466,0.014976,0.17871,0.10847,0.012608,0.12827,0.10198,0.010304,246,246,246,187,184,186,181,181,181,255,255,255,180,173,167,142,155,171,0.55277,0.55929,0.55911
1,2.2539e+05,-5.349,15.84,195,801.7,-5.3225,15.631,185.91,768.01,0.22967,0.11621,0.019392,0.20406,0.11021,0.016128,0.16121,0.10827,0.013376,245,245,245,168,175,179,188,187,185,255,255,255,168,167,163,163,171,182,0.54666,0.54383,0.54458
1,2.2549e+05,-5.349,15.76,195,801.6,-5.2928,15.531,186.63,623.77,0.24916,0.11822,0.022016,0.22091,0.11189,0.018688,0.19953,0.10712,0.016,241,244,245,177,175,176,189,189,189,255,255,255,143,142,143,239,231,223,0.5298,0.53189,0.53278
1,2.2559e+05,-5.349,15.679,195,801.6,-5.3161,15.469,187.13,705.01,0.30777,0.13161,0.030272,0.26588,0.12589,0.0256,0.24389,0.12083,0.022656,245,245,245,175,178,180,185,187,189,255,255,255,130,133,135,254,248,240,0.52655,0.52332,0.52262
1,2.2569e+05,-5.349,15.599,195,801.6,-5.3012,15.401,187.02,919.58,0.41447,0.12549,0.037248,0.3222,0.12186,0.028864,0.28193,0.11678,0.024384,245,245,245,183,184,183,184,184,184,255,255,255,135,129,125,255,255,254,0.5093,0.51384,0.51581
1,2.2579e+05,-5.349,15.519,195,801.6,-5.3246,15.34,185.06,637.62,0.31215,0.13932,0.03328,0.2704,0.13447,0.027904,0.23684,0.12685,0.023552,238,242,244,178,180,184,172,176,179,255,255,255,132,144,150,255,255,255,0.51115,0.51239,0.51394
1,2.3236e+05,-5.349,11.537,195,801.6,-5.315,11.361,0.53197,662.45,0,0,0,0,0,0,0,0,0,252,252,252,189,192,201,202,199,199,255,255,255,255,255,255,154,154,158,0.51128,0.51384,0.50735
1,2.3246e+05,-5.349,11.457,195,801.7,-5.3288,11.29,186.54,1025.3,0.15073,0.11633,0.012864,0.13076,0.11381,0.011136,0.12144,0.10893,0.010112,253,253,253,217,219,220,191,191,189,255,255,255,255,255,254,137,144,153,0.51758,0.51567,0.51429
1,2.3256e+05,-5.349,11.377,195,801.7,-5.2991,11.211,186.49,808.17,0.16594,0.12385,0.015488,0.14772,0.11557,0.012928,0.13093,0.11078,0.01152,251,251,253,240,235,228,181,181,182,255,255,255,255,254,251,156,158,162,0.51969,0.51885,0.51924
1,2.3266e+05,-5.349,11.297,195,801.6,-5.3299,11.168,188.45,646.06,0.25551,0.11871,0.02336,0.2325,0.11089,0.019776,0.21586,0.10472,0.017216,251,252,250,238,233,223,166,169,173,255,255,255,248,241,233,192,197,201,0.52082,0.52414,0.52634
1,2.3276e+05,-5.349,11.216,195,801.6,-5.3076,11.078,186.72,536.54,0.35312,0.10887,0.0272,0.28336,0.1045,0.021248,0.23329,0.098913,0.017408,249,247,246,182,185,188,176,175,174,255,255,255,201,204,208,236,237,233,0.53843,0.53865,0.53794
1,2.3286e+05,-5.349,11.136,195,801.6,-5.315,10.994,188.11,713.16,0.27102,0.12416,0.02528,0.24417,0.11761,0.021824,0.22402,0.11157,0.0192,242,243,244,150,162,173,177,176,176,255,255,255,187,191,203,253,247,241,0.54996,0.55259,0.55356
1,2.3296e+05,-5.349,11.056,195,801.6,-5.3172,10.902,187.06,1027,0.30515,0.12638,0.029696,0.28429,0.1184,0.025792,0.26384,0.11311,0.022976,245,245,244,158,162,167,175,178,179,255,255,255,203,205,212,230,238,242,0.57127,0.56814,0.55892
1,2.3605e+05,-5.256,11,195,801.6,-5.2185,10.913,0.23734,662.39,0,0,0,0,0,0,0,0,0,247,248,246,219,195,183,176,179,180,255,255,255,246,232,209,243,239,242,0.47598,0.48545,0.49827
1,2.3615e+05,-5.256,11.08,195,801.7,-5.2227,10.988,186.67,733.64,0.19041,0.12711,0.017216,0.1561,0.11995,0.0144,0.14172,0.11263,0.012608,242,239,240,146,154,168,189,185,181,254,254,255,198,196,192,247,245,245,0.56764,0.56573,0.56544
1,2.3625e+05,-5.256,11.16,195,801.7,-5.2185,11.058,188.81,1107.6,0.18802,0.164,0.020544,0.18039,0.15262,0.017664,0.17163,0.14029,0.015616,230,235,240,157,161,170,185,184,179,254,254,255,173,180,190,250,248,241,0.54453,0.54718,0.54918
1,2.3635e+05,-5.256,11.24,195,801.6,-5.2036,11.123,187.2,726.82,0.2651,0.13097,0.026816,0.25431,0.12133,0.02368,0.2375,0.11826,0.02176,244,243,244,223,211,201,167,168,170,255,255,255,206,203,203,222,221,221,0.53954,0.53457,0.5362
1,2.3645e+05,-5.256,11.321,195,801.6,-5.2333,11.207,187.11,1007.4,0.32409,0.13112,0.031616,0.29342,0.12227,0.027136,0.26257,0.11436,0.022976,252,249,248,234,228,218,157,162,169,255,255,255,225,222,218,201,202,203,0.52135,0.52659,0.52734
1,2.3655e+05,-5.256,11.401,195,801.6,-5.2195,11.288,186.56,851.4,0.351,0.11919,0.028608,0.25397,0.11552,0.021952,0.22755,0.11406,0.01952,251,252,252,236,235,230,180,177,176,255,255,255,248,246,242,171,164,164,0.52158,0.5189,0.52007
1,2.3665e+05,-5.256,11.481,195,801.6,-5.2185,11.337,185.07,614.33,0.28456,0.12762,0.027712,0.25402,0.12451,0.024256,0.23642,0.11672,0.020928,254,253,252,222,221,221,188,186,184,255,255,255,255,254,251,125,134,146,0.51266,0.51642,0.51698
1,2.4322e+05,-5.256,15.463,195,801.6,-5.2461,15.345,0.92922,1185,0,0,0,0,0,0,0,0,0,246,245,242,178,179,181,184,184,182,255,255,255,167,167,166,255,255,255,0.51709,0.52024,0.51652
1,2.4332e+05,-5.256,15.543,195,801.7,-5.2195,15.398,185.37,837.66,0.1594,0.13884,0.017344,0.14803,0.13205,0.015424,0.14252,0.12639,0.014144,249,248,246,178,180,182,181,183,183,255,255,255,129,132,143,255,255,255,0.51788,0.51353,0.51333
1,2.4342e+05,-5.256,15.623,195,801.7,-5.2195,15.456,187.55,592.42,0.21683,0.11799,0.01952,0.20064,0.11095,0.016832,0.18331,0.10089,0.013952,247,248,247,189,185,183,187,186,185,255,255,255,139,134,135,255,255,254,0.52458,0.51747,0.51779
1,2.4352e+05,-5.256,15.703,195,801.6,-5.2227,15.541,187.59,966.93,0.207,0.11941,0.018752,0.17828,0.11658,0.015936,0.16288,0.11011,0.013888,245,246,246,179,181,181,194,191,189,255,255,255,128,136,141,252,247,239,0.52346,0.52455,0.52611
1,2.4362e+05,-5.256,15.784,195,801.6,-5.227,15.616,187.03,708.64,0.31253,0.11716,0.027008,0.28032,0.1131,0.022912,0.25176,0.10679,0.019648,247,246,245,168,169,173,194,193,190,255,255,255,151,148,148,197,197,199,0.53293,0.534,0.53544
1,2.4372e+05,-5.256,15.864,195,801.6,-5.2418,15.711,186.76,604.23,0.25526,0.12819,0.025344,0.2392,0.12111,0.022272,0.22335,0.11883,0.020544,247,246,245,163,168,176,199,192,186,255,255,255,159,155,152,159,167,179,0.55727,0.55043,0.54881
1,2.4382e+05,-5.256,15.944,195,801.6,-5.228,15.792,186.76,1222,0.27178,0.12216,0.024,0.21493,0.11795,0.019264,0.19526,0.1138,0.01728,240,242,243,192,189,189,172,175,177,255,255,255,155,158,159,152,161,168,0.57261,0.5651,0.55697
1,2.4691e+05,-5.163,16,195,801.6,-5.1495,15.778,-0.063905,929.64,0,0,0,0,0,0,0,0,0,243,242,242,206,199,196,173,171,174,255,255,255,180,163,158,187,179,179,0.50588,0.50298,0.49676
1,2.4701e+05,-5.163,15.92,195,801.7,-5.141,15.703,185.82,772.49,0.15476,0.11757,0.01408,0.15062,0.10883,0.012672,0.14122,0.10465,0.01152,244,243,243,167,174,181,183,181,181,255,255,255,132,136,148,158,159,173,0.56183,0.56105,0.55915
1,2.4711e+05,-5.163,15.84,195,801.7,-5.1368,15.638,185.88,564.54,0.20433,0.10905,0.016832,0.17604,0.10689,0.014336,0.15987,0.10184,0.012416,246,245,244,163,169,176,191,187,183,255,255,255,132,137,144,168,170,180,0.54622,0.54393,0.54343
1,2.4721e+05,-5.163,15.76,195,801.6,-5.1347,15.552,187.27,911.09,0.29545,0.11738,0.025024,0.25629,0.11149,0.019904,0.20187,0.10657,0.01568,245,244,245,189,182,180,185,184,185,255,255,255,153,148,144,230,226,219,0.52677,0.52977,0.53234
1,2.4731e+05,-5.163,15.679,195,801.6,-5.1389,15.489,186.11,733.44,0.25117,0.12152,0.022784,0.21932,0.11618,0.019008,0.1888,0.1106,0.016192,246,244,246,189,187,184,183,182,183,255,255,255,159,146,141,251,246,238,0.52198,0.52356,0.52343
1,2.4741e+05,-5.163,15.599,195,801.6,-5.1283,15.392,188.03,621.64,0.32481,0.12652,0.030976,0.27958,0.1191,0.024896,0.24243,0.10952,0.02016,252,249,248,188,186,185,185,181,181,255,255,255,129,129,138,255,255,254,0.51585,0.51793,0.51705
1,2.4751e+05,-5.163,15.519,195,801.6,-5.123,15.313,186.76,886.31,0.30459,0.12824,0.0288,0.24637,0.12537,0.023616,0.21015,0.11988,0.019392,250,245,244,185,180,180,182,182,184,255,255,255,151,162,165,255,255,255,0.51402,0.51556,0.51411
1,2.5408e+05,-5.163,11.537,195,801.6,-5.1336,11.361,-0.093698,926.07,0,0,0,0,0,0,0,0,0,253,251,251,238,232,228,173,174,177,255,255,255,252,247,243,131,139,152,0.50918,0.51478,0.51407
1,2.5418e+05,-5.163,11.457,195,801.7,-5.1527,11.311,187.29,565.81,0.14826,0.11779,0.013568,0.13693,0.11043,0.012032,0.12982,0.10667,0.011008,254,254,253,239,237,232,186,180,174,255,255,255,239,236,232,141,146,156,0.51642,0.51557,0.51716
1,2.5428e+05,-5.163,11.377,195,801.7,-5.1378,11.225,188.05,916.08,0.22644,0.12035,0.019072,0.17467,0.11955,0.015552,0.16306,0.11059,0.013632,253,253,252,227,231,229,175,173,170,255,255,255,228,225,222,161,166,173,0.52538,0.52415,0.52417
1,2.5438e+05,-5.163,11.297,195,801.6,-5.1357,11.169,188.41,878.97,0.15825,0.11109,0.013632,0.14305,0.10765,0.012032,0.13096,0.099232,0.01024,253,249,246,207,207,207,155,158,163,255,255,255,199,198,194,220,217,216,0.53103,0.53131,0.53143
1,2.5448e+05,-5.163,11.216,195,801.6,-5.1442,11.084,186.32,809,0.29423,0.11702,0.025088,0.26053,0.10835,0.021056,0.22939,0.10642,0.017856,235,235,238,166,167,173,177,173,170,254,255,255,158,163,172,251,248,243,0.54622,0.54068,0.5416
1,2.5458e+05,-5.163,11.136,195,801.6,-5.1177,10.989,187.87,626.56,0.2907,0.12677,0.028416,0.2664,0.11993,0.024704,0.25132,0.11558,0.022272,228,231,235,142,151,163,185,182,176,254,254,255,148,158,170,255,253,249,0.55657,0.55334,0.55466
1,2.5468e+05,-5.163,11.056,195,801.6,-5.1304,10.911,187.16,591.36,0.28799,0.12849,0.027968,0.25407,0.11974,0.023424,0.23509,0.1144,0.020672,237,238,238,164,171,174,183,184,182,255,254,255,177,176,176,253,252,251,0.57282,0.57296,0.5671
1,2.5777e+05,-5.07,11,195,801.6,-5.0434,10.932,0.3499,1236.5,0,0,0,0,0,0,0,0,0,241,243,241,199,182,174,179,180,180,255,255,255,137,143,152,255,255,255,0.48211,0.49475,0.50017
1,2.5787e+05,-5.07,11.08,195,801.7,-5.0392,10.985,186.94,1067.7,0.14622,0.11528,0.013184,0.13356,0.10819,0.011328,0.12579,0.10447,0.010304,222,230,236,143,145,155,177,176,175,255,255,255,147,144,146,255,255,255,0.56889,0.5696,0.57007
1,2.5797e+05,-5.07,11.16,195,801.7,-5.0498,11.068,186.54,1063.5,0.22151,0.12345,0.019968,0.19994,0.11913,0.017536,0.18208,0.11059,0.015104,224,230,237,142,142,152,166,168,171,255,255,255,145,144,146,255,255,254,0.54964,0.54958,0.55066
1,2.5807e+05,-5.07,11.24,195,801.6,-5.0498,11.16,187.37,844.48,0.27097,0.12465,0.025152,0.24856,0.11594,0.021696,0.22382,0.11114,0.01888,246,246,244,168,175,178,152,155,161,255,255,255,153,153,156,255,252,245,0.54474,0.53847,0.53891
1,2.5817e+05,-5.07,11.321,195,801.6,-5.0455,11.213,187.43,896.34,0.29447,0.13931,0.031168,0.26433,0.12838,0.025984,0.23821,0.12335,0.022592,251,251,249,203,201,197,151,154,160,255,255,255,167,165,167,248,241,232,0.52351,0.52592,0.52697
1,2.5827e+05,-5.07,11.401,195,801.6,-5.0434,11.28,187.72,1248.9,0.4547,0.11153,0.033408,0.39696,0.10893,0.0224,0.18843,0.10859,0.01568,251,252,253,237,231,227,161,163,165,255,255,255,188,191,195,189,192,193,0.51677,0.52073,0.52096
1,2.5837e+05,-5.07,11.481,195,801.6,-5.0328,11.37,186.35,902.95,0.27091,0.13527,0.02784,0.2457,0.13013,0.02432,0.22205,0.12526,0.021376,254,253,252,236,237,234,172,170,168,255,255,255,223,223,222,144,154,169,0.51996,0.51706,0.51672
1,2.6494e+05,-5.07,15.463,195,801.6,-5.0339,15.322,-0.057284,594.54,0,0,0,0,0,0,0,0,0,239,237,237,166,168,175,193,189,186,255,255,255,238,210,177,255,255,255,0.51183,0.50623,0.49593
1,2.6504e+05,-5.07,15.543,195,801.7,-5.0381,15.393,187.46,661.71,0.18764,0.13409,0.018624,0.17858,0.12499,0.01632,0.17025,0.11991,0.014784,253,250,246,185,186,186,178,179,181,255,255,255,130,140,149,255,255,255,0.52152,0.51682,0.51601
1,2.6514e+05,-5.07,15.623,195,801.7,-5.0317,15.469,185.99,666.07,0.21753,0.11414,0.01792,0.19546,0.10625,0.014144,0.13712,0.10766,0.011712,251,250,248,196,193,192,174,175,178,255,255,255,113,124,137,255,255,254,0.52134,0.52154,0.51992
1,2.6524e+05,-5.07,15.703,195,801.6,-5.0508,15.552,186.11,823.88,0.21547,0.12877,0.02144,0.19546,0.12362,0.018752,0.1897,0.11577,0.01696,245,245,246,192,193,191,168,171,177,255,255,255,149,146,141,251,246,239,0.5247,0.52428,0.52484
1,2.6534e+05,-5.07,15.784,195,801.6,-5.0264,15.616,186.53,796.73,0.33153,0.12973,0.031936,0.30292,0.12259,0.027456,0.27797,0.1179,0.023744,249,245,242,180,180,183,178,180,180,255,255,255,158,151,146,193,196,199,0.53397,0.53681,0.53746
1,2.6544e+05,-5.07,15.864,195,801.6,-5.0445,15.689,186.09,526.2,0.35319,0.1219,0.031936,0.3203,0.1114,0.026368,0.2791,0.10845,0.022848,247,242,240,176,177,181,185,183,180,255,255,255,143,143,143,159,168,184,0.5535,0.55126,0.54935
1,2.6554e+05,-5.07,15.944,195,801.6,-5.0477,15.765,185.46,812.5,0.2831,0.12118,0.026304,0.26838,0.11196,0.02272,0.25519,0.10824,0.02112,237,238,239,192,192,191,177,177,177,255,255,255,138,146,150,178,181,183,0.56678,0.56215,0.55649
1,2.7109e+05,-4.977,15.463,195,801.6,-4.9543,15.35,0.06189,617.59,0,0,0,0,0,0,0,0,0,237,237,236,162,166,174,194,188,186,255,255,255,215,188,168,255,255,255,0.50941,0.49787,0.49001
1,2.7119e+05,-4.977,15.543,195,801.7,-4.9532,15.423,186.31,838.97,0.13078,0.12252,0.01248,0.11986,0.11532,0.011072,0.11451,0.11049,0.009984,254,249,245,192,191,190,180,181,183,255,255,255,120,130,142,255,255,255,0.51361,0.51299,0.51264
1,2.7129e+05,-4.977,15.623,195,801.7,-4.9511,15.511,187.41,997.49,0.15227,0.12626,0.01472,0.14045,0.1189,0.01312,0.13381,0.11412,0.01184,254,252,247,207,200,197,176,178,180,255,255,255,113,121,131,255,255,255,0.52124,0.52018,0.51928
1,2.7139e+05,-4.977,15.703,195,801.6,-4.9373,15.555,186.95,688.75,0.22511,0.13119,0.022784,0.21527,0.11901,0.019968,0.20481,0.11425,0.018112,247,246,246,201,199,196,171,172,177,255,255,255,147,142,137,253,248,239,0.52851,0.52621,0.52583
1,2.7149e+05,-4.977,15.784,195,801.6,-4.9384,15.637,186.28,738.66,0.26758,0.11798,0.02336,0.24375,0.11341,0.019712,0.19841,0.11003,0.01664,247,243,241,188,186,186,182,181,178,255,255,255,158,152,145,199,199,200,0.54392,0.53882,0.53723
1,2.7159e+05,-4.977,15.864,195,801.6,-4.9447,15.722,188.62,946.59,0.24307,0.12388,0.022976,0.22739,0.11851,0.020608,0.2122,0.11258,0.018304,243,239,238,186,182,182,190,184,178,255,255,255,152,147,143,163,171,186,0.54687,0.54898,0.54993
1,2.7169e+05,-4.977,15.944,195,801.6,-4.9363,15.792,188.39,834.09,0.28442,0.12543,0.026688,0.25792,0.12051,0.023744,0.24473,0.1134,0.020864,229,233,236,184,190,190,175,176,176,255,255,255,137,145,148,184,187,188,0.56438,0.56693,0.56188
1,2.8283e+05,-4.977,11,195,801.6,-4.9543,10.935,0.4459,758.72,0,0,0,0,0,0,0,0,0,254,245,240,181,173,169,176,177,179,255,255,255,155,149,151,255,255,255,0.48506,0.48547,0.49513
1,2.8293e+05,-4.977,11.08,195,801.7,-4.9554,11.013,187.34,1141.9,0.16217,0.11415,0.014016,0.14433,0.10969,0.012096,0.13152,0.10755,0.0112,234,233,237,129,139,152,178,174,175,255,255,255,141,139,142,255,255,255,0.57313,0.57147,0.57022
1,2.8303e+05,-4.977,11.16,195,801.7,-4.949,11.074,186.3,875.45,0.18431,0.12441,0.01696,0.16459,0.11894,0.014912,0.15367,0.11506,0.013248,227,232,238,125,136,151,165,167,171,255,255,255,138,136,139,255,255,255,0.55366,0.55333,0.55159
1,2.8313e+05,-4.977,11.24,195,801.6,-4.9416,11.14,187.2,783.84,0.21284,0.11857,0.018752,0.18668,0.11438,0.015936,0.16827,0.11038,0.01408,251,248,245,171,174,180,156,157,162,255,255,255,134,140,146,255,254,250,0.53377,0.53651,0.53804
1,2.8323e+05,-4.977,11.321,195,801.6,-4.9469,11.209,187.04,804.15,0.22195,0.13179,0.022208,0.20347,0.12364,0.019328,0.19461,0.12061,0.017728,255,252,249,210,201,199,154,156,161,255,255,255,142,149,156,255,249,240,0.52998,0.52904,0.52903
1,2.8333e+05,-4.977,11.401,195,801.6,-4.9585,11.307,187.57,716.09,0.31012,0.12952,0.027904,0.2536,0.12072,0.022912,0.23745,0.11645,0.020736,252,253,253,227,229,228,160,162,163,255,255,255,174,178,184,209,207,205,0.51427,0.51937,0.52062
1,2.8343e+05,-4.977,11.481,195,801.6,-4.9511,11.364,187.8,842.28,0.32852,0.12715,0.031296,0.28974,0.12046,0.026432,0.26778,0.11639,0.023744,254,253,251,241,239,235,168,165,165,255,255,255,215,215,215,155,167,183,0.52151,0.51683,0.51757
1,2.8652e+05,-4.884,11.537,195,801.6,-4.863,11.345,0.60811,515.93,0,0,0,0,0,0,0,0,0,249,250,252,250,242,233,153,158,161,255,255,255,222,222,217,201,205,209,0.51133,0.51611,0.51838
1,2.8662e+05,-4.884,11.457,195,801.7,-4.8535,11.275,186.47,880.45,0.16042,0.11095,0.012672,0.12576,0.10923,0.010752,0.11323,0.10304,0.009216,252,253,253,235,234,234,170,166,164,255,255,255,194,193,193,203,205,210,0.51486,0.51676,0.51706
1,2.8672e+05,-4.884,11.377,195,801.7,-4.8662,11.208,185.65,1116.7,0.20511,0.12594,0.019648,0.18379,0.11766,0.016384,0.15318,0.11676,0.014208,252,252,253,227,229,231,172,168,165,255,255,255,175,172,174,232,228,222,0.52733,0.52696,0.52482
1,2.8682e+05,-4.884,11.297,195,801.6,-4.8609,11.141,187.19,659.56,0.22751,0.13239,0.022592,0.20745,0.1228,0.019328,0.19774,0.11752,0.017536,250,251,250,231,221,210,164,166,167,255,255,255,131,135,142,255,254,249,0.53112,0.53095,0.53214
1,2.8692e+05,-4.884,11.216,195,801.6,-4.8567,11.06,187.64,881.92,0.32708,0.12112,0.028672,0.24709,0.11764,0.021248,0.20737,0.11285,0.017792,247,244,243,164,170,175,178,174,171,255,255,255,125,125,130,255,255,255,0.54382,0.54101,0.5425
1,2.8702e+05,-4.884,11.136,195,801.6,-4.8535,10.985,187.63,952.32,0.26553,0.12802,0.024448,0.24455,0.12612,0.021632,0.20471,0.11949,0.018304,238,239,240,139,147,159,182,179,175,255,255,255,121,126,134,255,255,255,0.56312,0.55774,0.55622
1,2.8712e+05,-4.884,11.056,195,801.6,-4.8662,10.921,186.23,965,0.29135,0.13778,0.02976,0.26103,0.13264,0.02592,0.23795,0.12681,0.022592,238,239,239,150,152,154,184,181,178,255,255,255,155,157,155,255,255,255,0.57323,0.57371,0.56655
1,2.9826e+05,-4.884,16,195,801.6,-4.8418,15.765,-0.19963,562.51,0,0,0,0,0,0,0,0,0,227,225,230,184,180,184,167,165,167,255,255,255,150,146,150,237,214,203,0.51368,0.51584,0.50869
1,2.9836e+05,-4.884,15.92,195,801.7,-4.8641,15.693,188.31,947.72,0.15257,0.1143,0.012928,0.14122,0.10762,0.01152,0.13118,0.10247,0.01024,233,231,235,186,180,181,174,174,173,255,255,255,144,143,146,155,168,187,0.56251,0.56214,0.56216
1,2.9846e+05,-4.884,15.84,195,801.7,-4.8546,15.609,185.76,469.26,0.18789,0.10779,0.01568,0.16671,0.10284,0.013696,0.15538,0.10038,0.01216,241,238,237,185,183,182,180,178,174,255,255,255,146,145,142,168,175,189,0.55357,0.54936,0.5469
1,2.9856e+05,-4.884,15.76,195,801.6,-4.8556,15.554,185.82,497.32,0.27379,0.12027,0.02496,0.25322,0.11345,0.021632,0.2325,0.10835,0.018816,244,243,246,193,195,197,172,175,177,255,255,255,135,134,135,240,234,224,0.53117,0.5339,0.53551
1,2.9866e+05,-4.884,15.679,195,801.6,-4.8599,15.488,185.34,826.8,0.29378,0.13985,0.027712,0.24743,0.1323,0.02272,0.21418,0.13132,0.018624,250,247,248,209,209,205,173,177,179,255,255,255,126,127,128,254,250,242,0.5336,0.52868,0.52559
1,2.9876e+05,-4.884,15.599,195,801.6,-4.8514,15.394,187.05,730.31,0.26368,0.14233,0.025984,0.2396,0.11364,0.020352,0.21097,0.10998,0.017664,248,249,247,226,219,209,207,191,183,255,255,255,105,113,119,255,255,255,0.51584,0.51733,0.51835
1,2.9886e+05,-4.884,15.519,195,801.6,-4.8577,15.327,185.92,900.63,0.30342,0.13205,0.029376,0.24775,0.12966,0.02464,0.22803,0.12527,0.022016,236,235,240,195,188,188,185,183,183,255,255,255,114,121,134,255,255,255,0.51586,0.51535,0.51548
1,3.0195e+05,-4.791,15.463,195,801.6,-4.7601,15.341,0.085063,821.96,0,0,0,0,0,0,0,0,0,237,238,238,174,177,182,165,171,177,255,255,255,145,142,138,255,255,255,0.51323,0.50776,0.4991
1,3.0205e+05,-4.791,15.543,195,801.7,-4.7644,15.416,186.88,714.84,0.16214,0.12199,0.015424,0.15254,0.1169,0.013632,0.13977,0.10894,0.01216,243,244,244,202,208,203,185,184,182,255,255,255,100,107,115,255,255,255,0.51832,0.51617,0.51717
1,3.0215e+05,-4.791,15.623,195,801.7,-4.7612,15.479,185.05,604.03,0.1692,0.12154,0.015936,0.15725,0.1117,0.013888,0.14878,0.10668,0.012416,249,248,247,232,222,210,185,186,184,255,255,255,112,106,108,255,255,255,0.5192,0.51926,0.51999
1,3.0225e+05,-4.791,15.703,195,801.6,-4.7623,15.57,184.75,983.98,0.25099,0.12908,0.024704,0.23241,0.11834,0.021248,0.21068,0.11342,0.018496,250,250,249,212,207,203,174,177,181,255,255,255,113,115,117,254,250,242,0.53588,0.531,0.52998
1,3.0235e+05,-4.791,15.784,195,801.6,-4.7633,15.626,186.32,704.79,0.31998,0.11914,0.026304,0.25049,0.11638,0.021056,0.2091,0.11423,0.017984,247,247,246,170,177,186,172,173,173,255,255,255,132,133,131,206,205,206,0.54258,0.53945,0.53974
1,3.0245e+05,-4.791,15.864,195,801.6,-4.7739,15.723,185.04,609.41,0.33332,0.12081,0.029056,0.29928,0.11439,0.024064,0.24853,0.10825,0.02048,246,244,241,173,176,180,172,171,169,255,255,255,149,142,137,169,178,192,0.545,0.55028,0.55062
1,3.0255e+05,-4.791,15.944,195,801.6,-4.7644,15.77,187.03,837.31,0.26494,0.12613,0.025472,0.238,0.12246,0.022336,0.22159,0.11257,0.019456,232,234,236,172,175,180,158,160,162,255,255,255,145,151,148,176,185,193,0.5667,0.56698,0.56158
1,3.1369e+05,-4.791,11,195,801.6,-4.7474,10.911,-0.58695,724.21,0,0,0,0,0,0,0,0,0,239,241,241,165,160,160,174,177,177,255,255,255,185,187,178,255,255,255,0.48845,0.49145,0.49773
1,3.1379e+05,-4.791,11.08,195,801.7,-4.7718,11.003,184.64,727.47,0.14621,0.11146,0.012928,0.12953,0.11112,0.011456,0.12317,0.10712,0.01056,234,236,238,146,154,162,178,179,177,254,255,255,139,145,149,255,255,255,0.57269,0.57137,0.56804
1,3.1389e+05,-4.791,11.16,195,801.7,-4.7654,11.061,185.13,649.97,0.17247,0.12313,0.016512,0.15594,0.11865,0.014528,0.14541,0.11056,0.012736,236,236,239,166,169,170,178,178,176,254,255,255,132,131,137,255,255,255,0.54339,0.54782,0.55014
1,3.1399e+05,-4.791,11.24,195,801.6,-4.7548,11.126,186.38,1075.8,0.21824,0.12153,0.019584,0.17195,0.11838,0.015616,0.15312,0.11406,0.013568,245,245,245,227,215,201,167,171,172,255,255,255,121,129,136,255,255,255,0.54396,0.53787,0.53784
1,3.1409e+05,-4.791,11.321,195,801.6,-4.7633,11.213,186.3,801.02,0.28657,0.12163,0.026368,0.26018,0.11372,0.02208,0.22852,0.10822,0.018496,251,250,248,233,229,216,171,171,171,255,255,255,129,138,147,255,254,251,0.5301,0.52875,0.52868
1,3.1419e+05,-4.791,11.401,195,801.6,-4.7421,11.285,187.19,919.08,0.32482,0.12373,0.030336,0.28611,0.1183,0.025856,0.26449,0.11519,0.022656,255,254,253,227,232,233,172,172,168,255,255,255,174,179,182,243,235,228,0.52286,0.52139,0.52109
1,3.1429e+05,-4.791,11.481,195,801.6,-4.7665,11.374,185.62,843.77,0.35105,0.12129,0.030784,0.28541,0.11933,0.024832,0.25798,0.1124,0.021568,254,254,253,231,233,232,159,162,163,255,255,255,233,224,213,189,200,211,0.51858,0.51928,0.51819
1,3.1738e+05,-4.698,11.537,195,801.6,-4.689,11.359,0.65776,762.22,0,0,0,0,0,0,0,0,0,254,254,254,226,224,225,153,156,160,255,255,255,243,232,216,177,189,200,0.51971,0.52027,0.50829
1,3.1748e+05,-4.698,11.457,195,801.7,-4.6657,11.255,186.7,981.11,0.1977,0.10662,0.014016,0.13593,0.10574,0.0112,0.12538,0.10304,0.009984,254,254,253,245,240,232,163,163,162,255,255,255,219,214,206,208,208,212,0.5128,0.51695,0.51694
1,3.1758e+05,-4.698,11.377,195,801.7,-4.6816,11.192,186.81,766.35,0.1715,0.11382,0.01472,0.15546,0.10701,0.012672,0.14372,0.1038,0.011328,252,253,252,242,236,228,171,168,164,255,255,255,184,189,191,235,231,226,0.52625,0.52317,0.52267
1,3.1768e+05,-4.698,11.297,195,801.6,-4.6625,11.137,187.55,845.21,0.24343,0.11431,0.020672,0.21149,0.11175,0.017792,0.1918,0.10653,0.01536,250,248,248,199,202,205,166,167,168,255,255,255,170,163,157,255,254,251,0.53243,0.53389,0.53228
1,3.1778e+05,-4.698,11.216,195,801.6,-4.6604,11.055,187.67,787.73,0.25169,0.11819,0.021696,0.19191,0.11643,0.01664,0.17222,0.10976,0.014336,236,239,242,165,172,179,169,170,173,255,255,255,126,132,139,255,255,255,0.53729,0.54069,0.54214
1,3.1788e+05,-4.698,11.136,195,801.6,-4.671,10.977,186.42,860.07,0.30703,0.12346,0.026624,0.26361,0.11632,0.021952,0.21388,0.11407,0.01856,233,237,240,172,169,169,174,174,174,255,255,255,116,126,140,255,255,255,0.55349,0.55709,0.5571
1,3.1798e+05,-4.698,11.056,195,801.6,-4.6731,10.921,186.07,551.56,0.30177,0.13651,0.031552,0.27964,0.12998,0.028352,0.25711,0.12403,0.024768,242,241,241,157,163,165,169,173,175,255,255,255,170,165,160,255,255,255,0.57225,0.57369,0.57053
1,3.2912e+05,-4.698,16,195,801.6,-4.6636,15.751,0.18438,920.96,0,0,0,0,0,0,0,0,0,241,241,241,193,189,188,146,151,156,255,255,255,150,149,145,241,222,208,0.51143,0.51586,0.51444
1,3.2922e+05,-4.698,15.92,195,801.7,-4.6699,15.681,186.17,845.83,0.17567,0.11416,0.01472,0.14963,0.10718,0.012416,0.13599,0.10518,0.010944,239,242,244,186,190,191,162,163,163,255,255,255,128,134,138,167,179,193,0.55654,0.56458,0.56407
1,3.2932e+05,-4.698,15.84,195,801.7,-4.6562,15.606,187.5,1026,0.2519,0.11124,0.020544,0.22723,0.1043,0.016576,0.15743,0.10591,0.0128,246,246,245,190,193,192,168,168,169,255,255,255,130,132,132,175,184,195,0.54447,0.54773,0.54864
1,3.2942e+05,-4.698,15.76,195,801.6,-4.6646,15.533,186.16,905.25,0.28421,0.12088,0.025152,0.25666,0.11398,0.021248,0.23513,0.11012,0.018496,253,251,249,187,194,199,179,181,180,255,255,255,121,120,119,242,235,227,0.52052,0.5316,0.5345
1,3.2952e+05,-4.698,15.679,195,801.6,-4.6763,15.484,187.79,970.5,0.31694,0.12841,0.027968,0.24355,0.12385,0.022592,0.21412,0.12087,0.01952,254,252,250,190,198,202,190,188,183,255,255,255,102,107,111,255,250,243,0.52537,0.52591,0.52591
1,3.2962e+05,-4.698,15.599,195,801.6,-4.6806,15.407,185.06,840.42,0.31333,0.12102,0.027648,0.26774,0.11826,0.02336,0.22597,0.11073,0.018688,250,250,248,213,206,201,185,185,182,255,255,255,91,93,103,255,255,255,0.51234,0.51739,0.51824
1,3.2972e+05,-4.698,15.519,195,801.6,-4.6784,15.335,186.97,777.12,0.27056,0.14096,0.02944,0.25593,0.13233,0.026112,0.23694,0.12855,0.023424,241,243,242,187,187,187,165,171,175,255,255,255,119,129,132,255,255,255,0.51384,0.51395,0.51489
1,3.3281e+05,-4.605,15.463,195,801.6,-4.5872,15.35,0.57169,773.58,0,0,0,0,0,0,0,0,0,235,236,240,168,173,180,171,172,171,255,255,255,191,169,151,255,255,255,0.51878,0.51647,0.50302
1,3.3291e+05,-4.605,15.543,195,801.7,-4.5893,15.437,187.26,1107.5,0.16845,0.12567,0.016256,0.14954,0.1209,0.013952,0.13662,0.11409,0.012352,251,249,246,180,187,190,163,168,173,255,255,255,92,102,119,255,255,255,0.51977,0.51586,0.5159
1,3.3301e+05,-4.605,15.623,195,801.7,-4.5829,15.493,184.29,838.72,0.1887,0.13424,0.019648,0.17297,0.12789,0.017408,0.16846,0.1229,0.01632,250,249,248,190,193,195,179,178,176,255,255,255,87,91,102,255,255,255,0.52799,0.52292,0.52254
1,3.3311e+05,-4.605,15.703,195,801.6,-4.5829,15.55,185.93,678.94,0.2094,0.12794,0.019584,0.17564,0.12086,0.016064,0.16223,0.11404,0.014336,242,246,249,205,203,203,197,190,182,255,255,255,107,107,107,255,250,243,0.52631,0.52898,0.52974
1,3.3321e+05,-4.605,15.784,195,801.6,-4.584,15.625,185.1,609.45,0.29226,0.12965,0.028672,0.26573,0.11605,0.023936,0.24184,0.11174,0.020608,249,249,249,223,216,207,172,174,176,255,255,255,128,124,120,209,208,208,0.54252,0.53795,0.5399
1,3.3331e+05,-4.605,15.864,195,801.6,-4.5946,15.727,187.94,877.92,0.26827,0.13343,0.02656,0.24482,0.12318,0.023168,0.23259,0.12151,0.021376,248,249,248,219,215,205,165,168,170,255,255,255,124,124,125,175,183,195,0.55483,0.55429,0.55347
1,3.3341e+05,-4.605,15.944,195,801.6,-4.584,15.788,187.63,556.62,0.34836,0.12582,0.03328,0.31975,0.11921,0.028736,0.29321,0.11258,0.025024,246,246,246,189,198,198,166,163,162,255,255,255,123,129,134,185,193,196,0.57131,0.57097,0.56975
1,3.4455e+05,-4.605,11,195,801.6,-4.5734,10.915,-0.40157,685.96,0,0,0,0,0,0,0,0,0,249,247,245,177,175,175,169,172,175,255,255,255,182,175,168,255,255,255,0.49995,0.51205,0.51644
1,3.4465e+05,-4.605,11.08,195,801.7,-4.567,10.987,184.93,775.86,0.14973,0.11438,0.013184,0.13693,0.10759,0.01152,0.1269,0.10505,0.010304,241,241,242,164,167,172,193,183,177,255,255,255,129,135,145,255,255,255,0.56991,0.57265,0.57243
1,3.4475e+05,-4.605,11.16,195,801.7,-4.5755,11.083,185.09,837.89,0.25595,0.10905,0.01888,0.18706,0.10736,0.014784,0.16496,0.10579,0.0128,247,243,241,168,166,171,190,183,178,255,255,255,116,128,141,255,255,255,0.55624,0.55415,0.5534
1,3.4485e+05,-4.605,11.24,195,801.6,-4.5808,11.15,187.45,863.85,0.26541,0.11458,0.021888,0.24674,0.10653,0.018432,0.22679,0.10298,0.01504,246,245,244,165,175,185,170,171,172,255,255,255,172,162,151,255,255,255,0.54364,0.5372,0.53758
1,3.4495e+05,-4.605,11.321,195,801.6,-4.5787,11.206,186.86,688.34,0.22117,0.12192,0.020352,0.20026,0.11561,0.017664,0.18518,0.10996,0.01536,242,245,246,189,192,195,165,166,168,255,255,255,184,174,163,255,254,251,0.53301,0.52992,0.52882
1,3.4505e+05,-4.605,11.401,195,801.6,-4.5829,11.278,185.54,690,0.29319,0.11988,0.026304,0.26166,0.11495,0.022528,0.23814,0.10862,0.019328,252,250,250,229,224,219,157,157,160,255,255,255,175,184,189,230,229,225,0.52188,0.52187,0.52126
1,3.4515e+05,-4.605,11.481,195,801.6,-4.5723,11.368,184.88,888.79,0.27725,0.12566,0.025792,0.25423,0.11628,0.022208,0.2333,0.111,0.019648,254,254,252,230,228,227,157,156,158,255,255,255,226,219,209,175,182,194,0.51496,0.51557,0.51593
1,3.4824e+05,-4.512,11.537,195,801.6,-4.4737,11.346,0.44921,726.95,0,0,0,0,0,0,0,0,0,248,249,251,231,230,228,160,161,162,255,255,255,208,207,205,151,164,179,0.51198,0.4983,0.48667
1,3.4834e+05,-4.512,11.457,195,801.7,-4.4949,11.276,187.77,838.92,0.21462,0.11028,0.016256,0.16376,0.108,0.013632,0.14363,0.10669,0.01184,254,253,251,221,220,219,150,154,158,255,255,255,189,185,184,214,209,206,0.52344,0.51838,0.51668
1,3.4844e+05,-4.512,11.377,195,801.7,-4.5034,11.194,186.84,686.14,0.16105,0.10801,0.013184,0.14311,0.10141,0.011136,0.1184,0.10104,0.009408,251,251,251,196,205,211,153,158,162,255,255,255,175,171,173,246,236,226,0.52227,0.5238,0.52405
1,3.4854e+05,-4.512,11.297,195,801.6,-4.4822,11.132,188.13,714.06,0.2321,0.12561,0.021568,0.20629,0.12052,0.018496,0.18881,0.11265,0.016192,248,247,247,192,192,193,181,174,170,255,255,255,150,154,154,255,255,252,0.53546,0.53336,0.53274
1,3.4864e+05,-4.512,11.216,195,801.6,-4.4938,11.047,187.38,752.85,0.26484,0.12317,0.025088,0.23746,0.11618,0.02144,0.21901,0.11139,0.019072,235,238,242,194,188,180,178,179,180,255,255,255,139,137,140,255,255,255,0.54011,0.54177,0.54263
1,3.4874e+05,-4.512,11.136,195,801.6,-4.4737,10.98,186.29,989.36,0.27869,0.13083,0.027648,0.25655,0.12097,0.023808,0.23769,0.11452,0.020992,231,236,241,179,179,178,176,180,182,255,255,255,121,130,143,255,255,255,0.56055,0.55838,0.55796
1,3.4884e+05,-4.512,11.056,195,801.6,-4.4928,10.901,186.84,1012.5,0.28411,0.12816,0.027392,0.23923,0.12385,0.0224,0.20794,0.11887,0.019072,243,243,244,184,182,180,182,182,182,255,255,255,157,157,159,255,255,255,0.56974,0.56834,0.56591
1,3.5998e+05,-4.512,16,195,801.6,-4.4853,15.761,0.33003,1169.1,0,0,0,0,0,0,0,0,0,245,244,244,186,184,190,168,166,166,255,255,255,163,146,139,219,199,194,0.58804,0.56591,0.54183
1,3.6008e+05,-4.512,15.92,195,801.7,-4.4885,15.707,185.86,587.22,0.25714,0.11117,0.01728,0.23079,0.10447,0.014528,0.17203,0.10406,0.012672,251,249,247,210,202,201,172,169,169,255,255,255,122,123,129,161,167,184,0.56179,0.56377,0.56505
1,3.6018e+05,-4.512,15.84,195,801.7,-4.5066,15.64,186.76,714.4,0.19803,0.11096,0.016576,0.18107,0.10373,0.014208,0.16634,0.099284,0.01248,254,251,248,225,216,205,169,171,171,255,255,255,123,122,122,167,178,190,0.54955,0.55015,0.54923
1,3.6028e+05,-4.512,15.76,195,801.6,-4.4938,15.55,187.43,802.78,0.28257,0.11824,0.02304,0.2244,0.11403,0.018368,0.18775,0.11177,0.015296,249,249,249,200,204,208,177,174,175,255,255,255,117,116,113,241,233,225,0.533,0.5362,0.53626
1,3.6038e+05,-4.512,15.679,195,801.6,-4.4991,15.47,185.22,817.31,0.34814,0.11999,0.028032,0.24921,0.11596,0.020928,0.2206,0.10883,0.0176,246,248,249,188,200,207,174,175,176,255,255,255,109,107,106,255,250,242,0.53129,0.52936,0.5283
1,3.6048e+05,-4.512,15.599,195,801.6,-4.5023,15.412,186.98,679.99,0.28599,0.12805,0.02592,0.25193,0.1246,0.022016,0.23236,0.11908,0.018304,253,251,249,220,206,197,168,169,173,255,255,255,90,95,105,255,255,255,0.51937,0.52033,0.52086
1,3.6058e+05,-4.512,15.519,195,801.6,-4.5034,15.337,185.49,811.09,0.26709,0.13412,0.026048,0.24275,0.12301,0.021888,0.21275,0.12147,0.019712,247,246,244,183,186,190,163,166,171,255,255,255,140,147,143,255,255,255,0.52132,0.5173,0.51738
1,3.6367e+05,-4.419,15.463,195,801.6,-4.3973,15.331,0.33003,595.62,0,0,0,0,0,0,0,0,0,237,240,243,189,186,187,179,174,172,255,255,255,218,178,157,255,255,255,0.51073,0.5063,0.49631
1,3.6377e+05,-4.419,15.543,195,801.7,-4.3994,15.426,186.88,1029.8,0.13454,0.12766,0.013504,0.12276,0.12055,0.011648,0.12145,0.1121,0.010944,253,252,248,204,205,202,184,178,175,255,255,255,98,109,122,255,255,255,0.51924,0.51733,0.51783
1,3.6387e+05,-4.419,15.623,195,801.7,-4.4089,15.488,187.84,1047.2,0.19228,0.12358,0.017216,0.14202,0.12129,0.013696,0.13197,0.11667,0.012288,253,253,251,213,212,205,180,177,175,255,255,255,90,94,105,255,255,255,0.52555,0.52242,0.52197
1,3.6397e+05,-4.419,15.703,195,801.6,-4.3898,15.55,187.58,860.74,0.24543,0.13518,0.02528,0.22427,0.12759,0.021952,0.2092,0.12006,0.019328,250,250,251,204,207,210,168,174,175,255,255,255,105,106,106,254,250,242,0.53094,0.52737,0.52876
1,3.6407e+05,-4.419,15.784,195,801.6,-4.3729,15.612,187.29,733.35,0.26654,0.12309,0.024128,0.24463,0.11999,0.02112,0.22737,0.11387,0.018432,249,250,249,207,207,202,171,173,175,255,255,255,123,121,118,207,206,206,0.54034,0.53953,0.53989
1,3.6417e+05,-4.419,15.864,195,801.6,-4.4068,15.717,187.58,535.06,0.26196,0.13623,0.027648,0.24436,0.12896,0.02432,0.23294,0.11934,0.021568,246,247,247,199,200,197,177,173,174,255,255,255,124,122,122,168,178,190,0.55283,0.5522,0.55153
1,3.6427e+05,-4.419,15.944,195,801.6,-4.4005,15.775,187.93,996.41,0.27761,0.12171,0.024576,0.23957,0.11764,0.020736,0.21883,0.10919,0.017856,240,241,244,178,184,189,174,171,172,255,255,255,126,132,134,163,180,189,0.56658,0.56935,0.56867
1,3.7541e+05,-4.419,11,195,801.6,-4.3983,10.91,0.13472,610.26,0,0,0,0,0,0,0,0,0,248,248,248,190,188,187,189,190,189,255,255,255,212,206,197,255,255,255,0.47574,0.48844,0.50071
1,3.7551e+05,-4.419,11.08,195,801.7,-4.3845,10.982,186.81,754.54,0.21541,0.12197,0.017856,0.17864,0.11419,0.015424,0.16052,0.11174,0.013888,242,243,245,165,173,183,190,187,185,255,255,255,153,161,166,255,255,255,0.57531,0.57007,0.56686
1,3.7561e+05,-4.419,11.16,195,801.7,-4.3888,11.058,186.34,704.95,0.20327,0.13058,0.020032,0.17848,0.12339,0.017088,0.16282,0.12112,0.015424,240,242,244,173,177,184,183,184,183,255,255,255,126,139,153,255,255,255,0.54527,0.54865,0.55069
1,3.7571e+05,-4.419,11.24,195,801.6,-4.3898,11.125,186.02,561.75,0.21668,0.12923,0.021312,0.2063,0.12135,0.019072,0.19401,0.1147,0.01696,248,247,247,185,190,190,176,177,177,255,255,255,136,137,142,255,255,254,0.54,0.53911,0.53917
1,3.7581e+05,-4.419,11.321,195,801.6,-4.4068,11.231,187.05,997.25,0.29604,0.1166,0.025664,0.24217,0.11072,0.019904,0.19907,0.10783,0.016064,251,250,249,186,190,195,172,173,174,255,255,255,137,142,149,255,255,251,0.52848,0.52922,0.52958
1,3.7591e+05,-4.419,11.401,195,801.6,-4.3952,11.282,185.91,436.23,0.29846,0.11987,0.02592,0.26767,0.11382,0.022336,0.23302,0.10926,0.019072,250,252,252,210,209,209,166,166,165,255,255,255,155,159,163,244,234,222,0.51985,0.52217,0.52239
1,3.7601e+05,-4.419,11.481,195,801.6,-4.4036,11.359,187.97,680.42,0.4224,0.11592,0.033152,0.38892,0.10989,0.028352,0.34813,0.10702,0.023872,252,252,251,247,234,220,159,160,161,255,255,255,172,179,184,166,173,183,0.51341,0.51559,0.51622
1,3.791e+05,-4.326,11.537,195,801.6,-4.3326,11.36,0.2572,639.27,0,0,0,0,0,0,0,0,0,253,252,251,223,220,214,160,160,161,255,255,255,187,189,189,149,157,170,0.51632,0.51706,0.50989
1,3.792e+05,-4.326,11.457,195,801.7,-4.3166,11.284,187.61,1087.3,0.16801,0.11216,0.014208,0.15809,0.10437,0.01248,0.14494,0.1031,0.0112,252,252,252,227,221,211,168,165,163,255,255,255,161,164,169,201,197,195,0.52375,0.52096,0.51936
1,3.793e+05,-4.326,11.377,195,801.7,-4.3081,11.204,186.32,825.93,0.32339,0.11477,0.021568,0.16559,0.11407,0.014144,0.14055,0.10961,0.01216,251,251,252,212,208,205,168,168,167,255,255,255,163,162,162,236,227,216,0.53225,0.529,0.52607
1,3.794e+05,-4.326,11.297,195,801.6,-4.2912,11.102,188.16,1134.6,0.19114,0.13127,0.019584,0.17085,0.12316,0.016448,0.15768,0.11274,0.014208,249,250,250,195,195,196,173,174,174,255,255,255,148,150,152,255,254,248,0.53442,0.53358,0.53438
1,3.795e+05,-4.326,11.216,195,801.6,-4.3145,11.044,186.58,750.02,0.27875,0.12776,0.026368,0.2485,0.11876,0.02144,0.20562,0.11572,0.018496,251,249,248,178,186,190,184,182,179,255,255,255,132,137,149,255,255,255,0.54823,0.54307,0.54293
1,3.796e+05,-4.326,11.136,195,801.6,-4.2997,10.991,187.12,1032,0.31434,0.13342,0.031488,0.2837,0.12652,0.027328,0.24693,0.1217,0.023168,248,248,248,172,178,189,189,185,181,255,255,255,137,150,163,255,255,255,0.55924,0.55869,0.55844
1,3.797e+05,-4.326,11.056,195,801.6,-4.306,10.907,186.14,717.43,0.33256,0.14086,0.035584,0.29365,0.13543,0.030784,0.26582,0.12937,0.02656,251,250,249,175,181,187,192,191,186,255,255,255,230,210,195,255,255,255,0.57133,0.57038,0.5655
1,3.9084e+05,-4.326,16,195,801.6,-4.2997,15.76,-0.14997,781.59,0,0,0,0,0,0,0,0,0,245,241,241,197,185,185,175,171,172,255,255,255,142,136,136,233,211,202,0.53954,0.52946,0.52118
1,3.9094e+05,-4.326,15.92,195,801.7,-4.3071,15.69,185.96,812.01,0.17201,0.1183,0.015296,0.15026,0.11303,0.013376,0.14517,0.10626,0.01216,243,244,245,174,182,190,175,175,174,255,255,255,119,123,128,164,169,186,0.55946,0.56337,0.56298
1,3.9104e+05,-4.326,15.84,195,801.7,-4.3071,15.617,185.28,670.66,0.23749,0.11937,0.021184,0.20096,0.11671,0.017792,0.17449,0.11332,0.015168,251,247,247,192,193,192,177,176,175,255,255,255,120,121,123,167,177,190,0.54738,0.54391,0.54534
1,3.9114e+05,-4.326,15.76,195,801.6,-4.3071,15.568,185.89,791.33,0.21978,0.11498,0.01888,0.19291,0.10651,0.01568,0.17187,0.10309,0.013504,250,250,250,209,205,206,181,177,176,255,255,255,112,114,114,242,234,224,0.54017,0.53799,0.53626
1,3.9124e+05,-4.326,15.679,195,801.6,-4.3156,15.483,185.83,926.32,0.29083,0.11504,0.024576,0.27033,0.10438,0.020352,0.24471,0.10149,0.017792,247,250,251,207,208,211,183,178,176,255,255,255,104,104,107,255,250,242,0.52859,0.52717,0.52646
1,3.9134e+05,-4.326,15.599,195,801.6,-4.2986,15.407,186.92,896.3,0.33477,0.12599,0.032128,0.29274,0.12108,0.026112,0.27124,0.11343,0.022592,255,253,251,215,213,207,177,178,178,255,255,255,90,93,103,255,255,255,0.51366,0.51869,0.5194
1,3.9144e+05,-4.326,15.519,195,801.6,-4.2901,15.307,186.94,833.88,0.27748,0.13801,0.026816,0.24028,0.13195,0.02304,0.22195,0.12563,0.020608,247,245,245,184,189,194,183,178,176,255,255,255,126,137,140,255,255,255,0.51242,0.51448,0.51602
1,3.9453e+05,-4.233,15.463,195,801.6,-4.2116,15.334,-0.19301,1182,0,0,0,0,0,0,0,0,0,237,240,243,171,175,183,172,178,177,255,255,255,178,174,161,255,255,255,0.51513,0.50717,0.49952
1,3.9463e+05,-4.233,15.543,195,801.7,-4.201,15.398,185.05,755.22,0.14595,0.11831,0.013312,0.13443,0.11231,0.011584,0.12175,0.10682,0.010368,249,249,246,200,204,201,183,183,180,255,255,255,90,101,120,255,255,255,0.52683,0.5204,0.5194
1,3.9473e+05,-4.233,15.623,195,801.7,-4.2116,15.493,186.43,757.29,0.16743,0.12685,0.016512,0.15233,0.11458,0.014144,0.14766,0.11103,0.012992,253,250,248,241,223,207,177,180,180,255,255,255,89,93,103,255,255,255,0.52434,0.52344,0.5228
1,3.9483e+05,-4.233,15.703,195,801.6,-4.2371,15.579,185.95,750.94,0.2033,0.13237,0.020864,0.1875,0.12438,0.01824,0.17449,0.11838,0.01632,247,248,248,205,212,210,179,177,177,255,255,255,110,110,110,255,249,239,0.52914,0.53183,0.53133
1,3.9493e+05,-4.233,15.784,195,801.6,-4.2084,15.633,184.75,1373,0.27769,0.12979,0.026752,0.20281,0.12651,0.019648,0.17946,0.12208,0.01696,246,247,246,191,192,194,173,177,177,255,255,255,130,125,120,195,197,201,0.54343,0.54225,0.54088
1,3.9503e+05,-4.233,15.864,195,801.6,-4.2222,15.714,186,763.15,0.36357,0.11788,0.031616,0.3477,0.11094,0.02752,0.28226,0.10869,0.022656,247,247,245,190,188,190,184,179,176,255,255,255,125,124,123,156,171,184,0.5434,0.54998,0.5523
1,3.9513e+05,-4.233,15.944,195,801.6,-4.2211,15.789,185.84,795.37,0.30869,0.12282,0.02816,0.28976,0.11585,0.02496,0.28294,0.10523,0.021568,251,244,240,176,188,193,176,176,176,255,255,255,125,129,130,187,188,185,0.56761,0.57066,0.5699
1,4.0627e+05,-4.233,11,195,801.6,-4.2201,10.923,-0.10032,926.53,0,0,0,0,0,0,0,0,0,255,255,253,198,198,198,187,184,182,255,255,255,243,243,234,255,255,255,0.49316,0.50506,0.51362
1,4.0637e+05,-4.233,11.08,195,801.7,-4.2158,10.998,185.97,706.17,0.29802,0.19361,0.022528,0.23212,0.10144,0.014784,0.17608,0.10058,0.01216,253,254,252,199,200,199,164,173,177,255,255,255,211,208,200,255,255,255,0.56588,0.56875,0.56978
1,4.0647e+05,-4.233,11.16,195,801.7,-4.2052,11.046,185.66,639.9,0.15685,0.11412,0.014016,0.13405,0.11206,0.012032,0.12472,0.10828,0.010688,252,253,252,210,207,200,166,172,176,255,255,255,164,176,183,255,255,255,0.55313,0.55356,0.55228
1,4.0657e+05,-4.233,11.24,195,801.6,-4.2158,11.16,186.83,760.65,0.23493,0.12656,0.023104,0.2169,0.12035,0.020416,0.20347,0.11439,0.018112,250,251,250,220,209,199,179,178,176,255,255,255,157,159,163,255,254,252,0.54017,0.53969,0.54006
1,4.0667e+05,-4.233,11.321,195,801.6,-4.219,11.225,185.38,708.15,0.2768,0.10793,0.020928,0.23961,0.10428,0.017024,0.21146,0.10069,0.014016,251,250,250,193,197,196,183,179,175,255,255,255,173,171,166,252,248,243,0.54127,0.53279,0.53175
1,4.0677e+05,-4.233,11.401,195,801.6,-4.2286,11.302,186.85,853.79,0.27379,0.12903,0.026752,0.26504,0.12222,0.023936,0.24818,0.11382,0.021376,253,253,251,177,189,199,167,167,168,255,255,255,171,176,175,194,202,207,0.52799,0.5251,0.52399
1,4.0687e+05,-4.233,11.481,195,801.6,-4.2116,11.365,185.06,502.03,0.28197,0.12546,0.026368,0.26541,0.11247,0.022528,0.24298,0.1103,0.020544,253,254,252,205,208,204,153,158,162,255,255,255,157,171,182,148,157,173,0.52759,0.52003,0.51928
1,4.0996e+05,-4.14,11.537,195,801.6,-4.1278,11.349,0.42603,857.01,0,0,0,0,0,0,0,0,0,253,253,251,213,208,203,161,161,164,255,255,255,210,204,199,159,169,180,0.53525,0.53383,0.53147
1,4.1006e+05,-4.14,11.457,195,801.7,-4.1246,11.287,184.96,993.75,0.16772,0.11988,0.015616,0.15275,0.11633,0.01376,0.14199,0.11205,0.012416,254,250,249,203,199,196,166,167,169,255,255,255,198,197,197,168,176,186,0.52083,0.52254,0.52217
1,4.1016e+05,-4.14,11.377,195,801.7,-4.1257,11.214,187.13,1053.8,0.18765,0.12903,0.019008,0.1747,0.12422,0.016832,0.16714,0.11773,0.01536,246,246,247,175,184,193,173,173,174,255,255,255,190,191,191,206,205,205,0.52534,0.52534,0.52658
1,4.1026e+05,-4.14,11.297,195,801.6,-4.1288,11.149,185.98,862.82,0.20768,0.12703,0.020224,0.1947,0.11857,0.017984,0.18075,0.11419,0.015936,244,245,247,196,191,191,178,178,178,255,255,255,180,178,175,254,250,242,0.52525,0.53256,0.53507
1,4.1036e+05,-4.14,11.216,195,801.6,-4.1331,11.078,186.7,340.66,0.29882,0.13819,0.028992,0.28749,0.12822,0.025024,0.27179,0.12618,0.02208,248,248,249,207,208,203,166,169,172,255,255,255,164,168,177,255,255,255,0.5428,0.54708,0.5473
1,4.1046e+05,-4.14,11.136,195,801.6,-4.1278,10.979,187.58,652.09,0.2663,0.1518,0.031168,0.24881,0.14221,0.027264,0.23067,0.13392,0.024,247,249,250,211,208,206,165,165,169,255,255,255,178,184,191,255,255,255,0.55254,0.55833,0.55967
1,4.1056e+05,-4.14,11.056,195,801.6,-4.1119,10.897,186.7,786.19,0.29873,0.14135,0.03168,0.25849,0.13249,0.026432,0.24027,0.12534,0.023232,253,252,252,210,210,206,168,167,169,255,255,255,245,233,222,255,255,255,0.57536,0.57588,0.57331
1,4.217e+05,-4.14,16,195,801.6,-4.1257,15.764,0.36645,856.62,0,0,0,0,0,0,0,0,0,212,229,234,215,207,196,176,176,178,255,255,255,139,144,144,173,166,172,0.55571,0.54046,0.52597
1,4.218e+05,-4.14,15.92,195,801.7,-4.1235,15.702,185.51,997.65,0.17317,0.12902,0.016896,0.15768,0.11775,0.014592,0.14893,0.11066,0.0128,232,238,239,191,198,195,173,178,180,255,255,255,119,124,132,144,150,166,0.56343,0.56482,0.56371
1,4.219e+05,-4.14,15.84,195,801.7,-4.1108,15.621,187.09,985.16,0.17696,0.11028,0.015104,0.15732,0.10837,0.013184,0.14396,0.10284,0.011776,234,241,243,197,196,193,187,181,178,255,255,255,123,123,126,166,166,174,0.54747,0.54747,0.54731
1,4.22e+05,-4.14,15.76,195,801.6,-4.1341,15.568,185.58,829.13,0.29346,0.12374,0.027264,0.26902,0.11769,0.023744,0.25185,0.11351,0.02112,250,246,245,189,195,200,163,172,177,255,255,255,125,124,119,222,223,216,0.53795,0.5369,0.53709
1,4.221e+05,-4.14,15.679,195,801.6,-4.1214,15.473,186.4,972.24,0.2684,0.11684,0.023168,0.23399,0.11034,0.018944,0.20204,0.10378,0.015744,248,246,245,201,203,203,166,171,175,255,255,255,120,118,114,248,244,236,0.52521,0.5279,0.52723
1,4.222e+05,-4.14,15.599,195,801.6,-4.114,15.406,187.94,752.66,0.24534,0.12822,0.023104,0.20867,0.12227,0.019584,0.19363,0.11547,0.017216,239,243,244,206,206,199,178,177,176,255,255,255,97,99,108,255,255,254,0.52365,0.52174,0.52107
1,4.223e+05,-4.14,15.519,195,801.6,-4.1278,15.332,188.81,792.8,0.27531,0.13439,0.026496,0.23069,0.13007,0.021376,0.19531,0.12581,0.01792,241,242,244,184,183,191,183,178,176,255,255,255,130,146,149,255,255,255,0.51933,0.51885,0.5184
1,4.2539e+05,-4.047,15.463,195,801.6,-4.0397,15.349,0.44921,662.23,0,0,0,0,0,0,0,0,0,239,242,242,171,187,190,165,172,173,255,255,255,221,194,177,255,255,254,0.51056,0.50097,0.49081
1,4.2549e+05,-4.047,15.543,195,801.7,-4.0355,15.416,186.58,813.98,0.21093,0.1265,0.019968,0.20145,0.11802,0.017856,0.19251,0.11532,0.016384,245,242,240,169,177,183,159,166,173,255,255,255,100,112,133,255,255,255,0.51781,0.51743,0.5178
1,4.2559e+05,-4.047,15.623,195,801.7,-4.0334,15.501,185.74,888.43,0.18391,0.12223,0.017536,0.17008,0.11688,0.01568,0.16375,0.11113,0.014144,245,242,240,188,186,185,170,171,173,255,255,255,95,101,112,255,255,254,0.51983,0.52377,0.523
1,4.2569e+05,-4.047,15.703,195,801.6,-4.0429,15.568,185.67,1049.5,0.20352,0.12464,0.019456,0.18838,0.12028,0.01696,0.17748,0.11394,0.015232,238,240,241,190,191,192,177,176,177,255,255,255,119,115,114,249,241,232,0.52948,0.52954,0.5295
1,4.2579e+05,-4.047,15.784,195,801.6,-4.0334,15.636,187.88,897.34,0.2371,0.12292,0.020672,0.18143,0.1169,0.016448,0.16887,0.11072,0.014592,247,243,240,202,199,196,182,181,181,255,255,255,124,125,125,181,183,188,0.53419,0.5378,0.53939
1,4.2589e+05,-4.047,15.864,195,801.6,-4.028,15.714,186.28,655.18,0.29201,0.11968,0.026112,0.25274,0.11379,0.02208,0.23656,0.10981,0.019648,244,240,239,212,202,195,189,188,181,255,255,255,125,127,129,149,155,166,0.55267,0.55278,0.55207
1,4.2599e+05,-4.047,15.944,195,801.6,-4.0227,15.776,185.49,866.82,0.28587,0.12915,0.028032,0.26252,0.12016,0.024192,0.24684,0.11395,0.02144,229,233,235,170,181,189,175,182,182,255,255,255,139,148,147,136,150,161,0.57179,0.57007,0.56851
1,4.3713e+05,-4.047,11,195,801.6,-4.0355,10.931,-0.044042,629.77,0,0,0,0,0,0,0,0,0,251,249,249,203,200,196,171,169,168,255,255,255,238,238,234,255,255,255,0.49861,0.50665,0.51021
1,4.3723e+05,-4.047,11.08,195,801.7,-4.0334,11.002,185.52,892.98,0.15133,0.12181,0.014272,0.1407,0.11517,0.012544,0.12741,0.11235,0.0112,248,249,250,195,194,195,168,165,167,255,255,255,209,206,206,255,255,255,0.5715,0.57318,0.57139
1,4.3733e+05,-4.047,11.16,195,801.7,-4.0217,11.061,186.31,961.21,0.16921,0.12787,0.01664,0.15933,0.11768,0.01472,0.15459,0.11375,0.013504,250,250,249,188,192,196,167,165,168,255,255,255,176,182,191,255,255,255,0.55005,0.55354,0.55331
1,4.3743e+05,-4.047,11.24,195,801.6,-4.027,11.151,184.95,963.78,0.22531,0.13416,0.022336,0.20994,0.12553,0.019648,0.19878,0.12195,0.017856,250,248,246,199,194,189,185,177,175,255,255,255,166,167,175,255,255,252,0.53987,0.54331,0.54214
1,4.3753e+05,-4.047,11.321,195,801.6,-4.0397,11.227,186.74,781.85,0.23885,0.1307,0.02368,0.21746,0.12478,0.020544,0.19667,0.11921,0.018112,240,243,245,184,184,185,194,185,179,255,255,255,172,175,182,254,250,242,0.53646,0.53338,0.53225
1,4.3763e+05,-4.047,11.401,195,801.6,-4.0344,11.303,184.7,726.98,0.30145,0.12622,0.027776,0.2693,0.11898,0.023744,0.23813,0.11679,0.0208,240,241,245,185,186,190,194,184,176,255,255,255,215,210,209,217,210,207,0.51795,0.52342,0.52365
1,4.3773e+05,-4.047,11.481,195,801.6,-4.027,11.365,187.1,778.36,0.27281,0.13233,0.027584,0.25771,0.1225,0.02432,0.24866,0.1163,0.021696,249,249,250,226,214,203,161,164,168,255,255,255,246,237,227,172,172,185,0.51803,0.51975,0.52171
1,4.4082e+05,-3.954,11.537,195,801.6,-3.9379,11.359,0.86632,728.73,0,0,0,0,0,0,0,0,0,254,253,252,219,214,210,164,164,166,255,255,255,254,250,242,195,195,199,0.5323,0.52832,0.52247
1,4.4092e+05,-3.954,11.457,195,801.7,-3.9219,11.27,185.9,1105.8,0.17701,0.12168,0.01536,0.15759,0.11561,0.013376,0.14151,0.11052,0.011776,253,251,250,191,189,188,162,165,168,255,255,255,253,249,241,164,175,192,0.51026,0.51772,0.51966
1,4.4102e+05,-3.954,11.377,195,801.7,-3.941,11.214,186.89,683.41,0.18303,0.12204,0.016384,0.14936,0.11726,0.013248,0.12824,0.11338,0.011456,248,248,248,161,170,180,174,173,173,255,255,255,240,235,228,195,198,203,0.52754,0.52432,0.52406
1,4.4112e+05,-3.954,11.297,195,801.6,-3.9379,11.136,186.86,588.19,0.18739,0.12555,0.017792,0.17522,0.12016,0.015872,0.16262,0.11281,0.013888,248,246,246,175,175,176,179,179,178,255,255,255,178,186,194,255,248,239,0.52882,0.53183,0.53394
1,4.4122e+05,-3.954,11.216,195,801.6,-3.9495,11.064,185.12,967.05,0.24679,0.1252,0.02368,0.23198,0.11558,0.020608,0.21299,0.10766,0.0176,247,248,247,204,194,185,169,169,173,255,255,255,165,170,181,255,255,255,0.54193,0.546,0.54585
1,4.4132e+05,-3.954,11.136,195,801.6,-3.9347,10.98,187.25,696.81,0.24897,0.13891,0.026048,0.21007,0.1326,0.021696,0.19387,0.1277,0.019328,252,249,248,188,188,186,163,167,170,255,255,255,183,185,191,255,255,255,0.55428,0.55884,0.56015
1,4.4142e+05,-3.954,11.056,195,801.6,-3.9389,10.912,186.81,943.67,0.28022,0.1407,0.029888,0.25562,0.13156,0.025664,0.23274,0.12005,0.021568,246,248,248,166,172,179,168,169,168,255,255,255,233,231,224,255,255,255,0.58534,0.58169,0.57851
1,4.5256e+05,-3.954,16,195,801.6,-3.94,15.767,0.53859,1067.9,0,0,0,0,0,0,0,0,0,251,239,237,180,179,186,190,177,176,255,255,255,182,164,161,242,199,186,0.53553,0.53235,0.52536
1,4.5266e+05,-3.954,15.92,195,801.7,-3.9474,15.705,186.5,519.21,0.13184,0.11664,0.012032,0.12365,0.10916,0.010816,0.11876,0.10447,0.009792,247,237,237,194,190,192,196,184,178,255,255,255,141,142,147,139,141,162,0.5619,0.56285,0.56185
1,4.5276e+05,-3.954,15.84,195,801.7,-3.9453,15.623,187.2,810.87,0.14759,0.12006,0.013888,0.13865,0.1143,0.012288,0.13065,0.10762,0.011072,236,238,237,203,197,192,182,183,179,255,255,255,140,138,137,134,147,162,0.543,0.54546,0.54641
1,4.5286e+05,-3.954,15.76,195,801.6,-3.923,15.547,186.26,860.94,0.21404,0.12587,0.020864,0.20131,0.11724,0.018496,0.19085,0.11201,0.016512,240,236,236,196,188,187,175,176,179,255,255,255,121,121,121,223,212,206,0.54014,0.53657,0.53579
1,4.5296e+05,-3.954,15.679,195,801.6,-3.9517,15.487,187.85,631.92,0.23536,0.12231,0.021184,0.19498,0.11384,0.017088,0.16676,0.11136,0.014336,231,233,237,174,178,182,181,181,179,255,255,255,106,110,113,250,240,229,0.52755,0.52892,0.52867
1,4.5306e+05,-3.954,15.599,195,801.6,-3.9368,15.397,187.19,630.02,0.27305,0.11692,0.024704,0.22625,0.11036,0.018752,0.19948,0.10886,0.01664,241,239,238,173,173,176,189,182,177,255,255,255,99,102,114,255,255,253,0.51763,0.51851,0.52031
1,4.5316e+05,-3.954,15.519,195,801.6,-3.9039,15.303,187.15,652.27,0.21796,0.1355,0.022912,0.20257,0.12897,0.020288,0.18607,0.12268,0.018112,238,238,240,187,183,186,169,170,174,255,255,255,158,168,166,255,255,255,0.5119,0.51349,0.51188
1,4.5625e+05,-3.861,15.463,195,801.6,-3.8487,15.353,0.17113,885.32,0,0,0,0,0,0,0,0,0,231,235,237,215,201,193,173,175,177,255,255,255,242,207,181,255,255,253,0.444,0.45271,0.46002
1,4.5635e+05,-3.861,15.543,195,801.7,-3.8403,15.417,185.37,875.85,0.1515,0.12667,0.014912,0.141,0.12275,0.013504,0.13463,0.11441,0.012096,248,244,239,183,187,187,181,183,184,255,255,255,108,123,141,255,255,254,0.51176,0.51267,0.51299
1,4.5645e+05,-3.861,15.623,195,801.7,-3.8466,15.487,188.01,867.35,0.18245,0.11896,0.017024,0.16133,0.11489,0.014464,0.14914,0.11039,0.012672,247,243,239,169,174,180,189,189,185,255,255,255,97,103,119,255,254,251,0.52391,0.52123,0.52119
1,4.5655e+05,-3.861,15.703,195,801.6,-3.8509,15.555,186.89,851.94,0.20594,0.13964,0.022016,0.18963,0.13098,0.019136,0.17543,0.12772,0.017216,227,232,236,161,169,179,181,180,179,255,255,255,110,113,118,239,233,224,0.53716,0.53164,0.5308
1,4.5665e+05,-3.861,15.784,195,801.6,-3.8424,15.626,187.36,690.54,0.27092,0.1325,0.02752,0.22209,0.12618,0.02176,0.20229,0.11858,0.018624,234,232,234,191,188,183,165,169,173,255,255,255,137,135,135,165,170,177,0.5382,0.53898,0.53986
1,4.5675e+05,-3.861,15.864,195,801.6,-3.854,15.699,185.26,795.88,0.33946,0.14281,0.036992,0.3109,0.13664,0.031872,0.28833,0.13118,0.028608,232,234,235,187,189,188,175,171,170,255,255,255,146,147,145,138,146,163,0.5516,0.55302,0.55238
1,4.5685e+05,-3.861,15.944,195,801.6,-3.8498,15.79,186.04,800.93,0.3322,0.13968,0.035776,0.30084,0.13345,0.03104,0.27926,0.1275,0.027328,229,234,238,202,202,195,159,166,170,255,255,255,172,163,156,161,178,184,0.56955,0.56598,0.5641
1,4.6799e+05,-3.861,11,195,801.6,-3.8487,10.931,0.56507,912.85,0,0,0,0,0,0,0,0,0,248,248,248,170,170,172,164,166,168,255,255,255,254,248,236,255,255,255,0.50305,0.50849,0.51233
1,4.6809e+05,-3.861,11.08,195,801.7,-3.8243,10.98,185.74,940.37,0.16078,0.12626,0.015424,0.14544,0.11862,0.013184,0.13712,0.11238,0.012096,245,246,247,180,174,176,174,171,169,255,255,255,204,204,207,255,255,255,0.5595,0.56745,0.57026
1,4.6819e+05,-3.861,11.16,195,801.7,-3.8403,11.063,185.37,1096.2,0.2064,0.11572,0.017856,0.19068,0.10806,0.015808,0.18304,0.10363,0.014272,240,244,247,178,179,179,171,172,170,255,255,255,165,181,195,255,255,255,0.54671,0.55053,0.55039
1,4.6829e+05,-3.861,11.24,195,801.6,-3.8445,11.144,187.51,785.31,0.23594,0.13102,0.023488,0.21016,0.1214,0.020096,0.188,0.11783,0.01728,242,245,247,175,178,174,174,176,174,255,255,255,184,191,199,255,255,250,0.54452,0.54043,0.53867
1,4.6839e+05,-3.861,11.321,195,801.6,-3.8466,11.209,186.31,693.62,0.28164,0.12035,0.022784,0.23497,0.11319,0.018432,0.21224,0.10497,0.015424,246,247,248,161,165,169,182,177,172,255,255,255,217,216,214,255,247,237,0.5349,0.53229,0.53173
1,4.6849e+05,-3.861,11.401,195,801.6,-3.8487,11.282,187.78,824.27,0.28235,0.12665,0.02592,0.26029,0.11889,0.022784,0.24994,0.10833,0.019968,252,253,252,144,158,172,156,162,165,255,255,255,255,251,243,177,189,198,0.51944,0.52199,0.52366
1,4.6859e+05,-3.861,11.481,195,801.6,-3.8583,11.381,186.92,926.2,0.26201,0.13167,0.025536,0.24142,0.12368,0.0224,0.22717,0.11729,0.020352,255,255,254,201,199,195,152,155,158,255,255,255,255,255,253,165,178,190,0.52098,0.51963,0.52026
1,4.7168e+05,-3.768,11.537,195,801.6,-3.7458,11.341,0.4459,1097,0,0,0,0,0,0,0,0,0,252,252,252,209,206,201,150,152,155,255,255,255,255,254,251,186,186,187,0.48467,0.47718,0.47512
1,4.7178e+05,-3.768,11.457,195,801.7,-3.7575,11.275,186.5,717.69,0.14439,0.11696,0.013376,0.13385,0.10997,0.011776,0.1239,0.1044,0.010368,255,252,251,178,178,179,148,152,158,255,255,255,255,255,254,157,169,187,0.5245,0.51954,0.5184
1,4.7188e+05,-3.768,11.377,195,801.7,-3.7692,11.218,186.04,759.76,0.17749,0.11861,0.016384,0.15971,0.1132,0.014208,0.14426,0.11018,0.012288,253,252,251,160,165,172,157,160,163,255,255,255,255,255,249,188,194,200,0.52713,0.52622,0.52462
1,4.7198e+05,-3.768,11.297,195,801.6,-3.7575,11.14,185.91,808.67,0.2514,0.12004,0.020864,0.21174,0.11594,0.017344,0.18767,0.10901,0.014976,252,250,249,177,172,171,177,175,171,255,255,255,243,236,227,255,248,239,0.53831,0.53403,0.53361
1,4.7208e+05,-3.768,11.216,195,801.6,-3.7575,11.064,187.24,891.98,0.26025,0.1193,0.023488,0.23545,0.11412,0.02016,0.21464,0.10676,0.017344,249,249,248,169,176,179,165,169,172,255,255,255,203,199,200,255,255,255,0.54651,0.54595,0.54415
1,4.7218e+05,-3.768,11.136,195,801.6,-3.7448,10.985,186.24,990.96,0.28443,0.14046,0.031232,0.25509,0.13357,0.026496,0.2318,0.129,0.023424,250,249,248,162,173,180,168,170,171,255,255,255,189,191,197,255,255,255,0.55767,0.55692,0.5576
1,4.7228e+05,-3.768,11.056,195,801.6,-3.7586,10.911,188.89,887.67,0.29898,0.1404,0.032128,0.26933,0.13384,0.027904,0.25092,0.12844,0.024768,248,248,248,179,177,178,172,172,172,255,255,255,213,213,212,255,255,255,0.57271,0.5745,0.57191
1,4.8342e+05,-3.768,16,195,801.6,-3.7543,15.766,-0.060594,610.72,0,0,0,0,0,0,0,0,0,242,242,240,189,200,200,161,166,168,255,255,255,136,152,150,247,220,206,0.52322,0.5204,0.51507
1,4.8352e+05,-3.768,15.92,195,801.7,-3.7469,15.683,187.04,948.99,0.14748,0.11168,0.012416,0.13169,0.10361,0.010816,0.1224,0.10133,0.009792,241,238,237,166,178,187,167,165,166,255,255,255,158,159,149,140,150,170,0.55634,0.55805,0.55912
1,4.8362e+05,-3.768,15.84,195,801.7,-3.7511,15.627,186.85,695.63,0.18772,0.11584,0.015808,0.15644,0.11261,0.01344,0.13803,0.10609,0.01152,238,237,235,161,173,181,163,164,165,255,255,255,142,146,147,136,146,163,0.54253,0.54516,0.54547
1,4.8372e+05,-3.768,15.76,195,801.6,-3.7575,15.556,185.98,783.12,0.20366,0.1221,0.01824,0.17234,0.11194,0.014848,0.1599,0.10467,0.01312,230,233,235,182,180,180,164,167,171,255,255,255,133,133,134,199,199,197,0.53135,0.53359,0.53502
1,4.8382e+05,-3.768,15.679,195,801.6,-3.7416,15.455,186.61,922.98,0.3006,0.12346,0.027456,0.27547,0.11579,0.023296,0.25086,0.11109,0.020032,234,236,238,177,183,186,178,176,175,255,255,255,137,133,128,230,228,221,0.51131,0.52299,0.52648
1,4.8392e+05,-3.768,15.599,195,801.6,-3.7426,15.388,185.57,845.71,0.28534,0.12621,0.023232,0.22482,0.1173,0.018688,0.20082,0.11392,0.015872,248,244,240,203,197,194,192,192,187,255,255,255,120,121,127,255,253,250,0.52305,0.51951,0.51927
1,4.8402e+05,-3.768,15.519,195,801.6,-3.7448,15.317,185.98,510.03,0.3065,0.13727,0.032128,0.28708,0.12834,0.028032,0.26747,0.12123,0.024768,234,237,236,198,207,204,199,191,186,255,255,255,139,151,158,255,254,254,0.50838,0.50761,0.50662
1,4.8711e+05,-3.675,15.463,195,801.6,-3.6609,15.33,0.17113,721.09,0,0,0,0,0,0,0,0,0,220,224,229,228,211,204,184,187,185,255,255,255,185,178,166,253,253,252,0.46055,0.46288,0.46283
1,4.8721e+05,-3.675,15.543,195,801.7,-3.6599,15.413,186.01,824.48,0.14166,0.11978,0.01344,0.13112,0.11246,0.01152,0.11816,0.11085,0.010432,236,237,236,207,211,209,199,194,187,255,255,255,119,130,140,255,255,254,0.5221,0.5135,0.51203
1,4.8731e+05,-3.675,15.623,195,801.7,-3.6716,15.493,186.7,627.2,0.16657,0.12112,0.015488,0.15912,0.11084,0.01344,0.14779,0.1079,0.012096,240,241,241,218,212,206,187,186,183,255,255,255,126,128,132,255,255,251,0.52285,0.52106,0.52083
1,4.8741e+05,-3.675,15.703,195,801.6,-3.6578,15.569,187.44,895.93,0.23761,0.12195,0.020864,0.21566,0.11695,0.017536,0.17922,0.11,0.014976,246,243,240,204,200,196,163,167,172,255,255,255,148,141,133,243,233,222,0.53573,0.53061,0.53054
1,4.8751e+05,-3.675,15.784,195,801.6,-3.662,15.637,186.88,423.83,0.28499,0.13952,0.030144,0.26488,0.12934,0.026432,0.24408,0.12533,0.023744,235,234,235,173,176,182,167,166,166,255,255,255,132,137,139,155,166,177,0.54022,0.53735,0.53785
1,4.8761e+05,-3.675,15.864,195,801.6,-3.6535,15.717,186.56,1012.8,0.33107,0.13674,0.034816,0.28682,0.13342,0.029824,0.25907,0.12308,0.025088,231,234,234,171,177,181,164,165,167,255,255,255,139,140,139,135,147,167,0.55403,0.55078,0.55006
1,4.8771e+05,-3.675,15.944,195,801.6,-3.6652,15.783,187.13,766.92,0.36147,0.12508,0.033728,0.32736,0.11452,0.027776,0.28743,0.10965,0.023744,238,240,238,189,190,186,172,172,170,255,255,255,143,137,135,185,190,190,0.56547,0.56246,0.56067
1,4.9885e+05,-3.675,11,195,801.6,-3.6875,10.94,-0.13342,636.51,0,0,0,0,0,0,0,0,0,250,248,248,192,186,181,186,180,175,255,255,255,219,216,216,255,255,255,0.49186,0.50767,0.51475
1,4.9895e+05,-3.675,11.08,195,801.7,-3.6588,11.008,185.16,1049.8,0.15169,0.11306,0.012928,0.13307,0.10912,0.011328,0.12088,0.10575,0.010176,249,250,250,182,184,184,170,171,170,255,255,255,172,185,199,255,255,255,0.57247,0.57002,0.57059
1,4.9905e+05,-3.675,11.16,195,801.7,-3.6779,11.097,185.12,1011.7,0.18958,0.11501,0.01664,0.16257,0.11196,0.014016,0.15006,0.10913,0.012608,252,251,250,195,188,185,167,167,168,255,255,255,183,187,193,255,255,255,0.55223,0.55095,0.5507
1,4.9915e+05,-3.675,11.24,195,801.6,-3.6737,11.161,186.68,604.77,0.2522,0.1073,0.019776,0.22184,0.10156,0.01664,0.18871,0.099712,0.014016,252,249,250,193,188,182,173,171,170,255,255,255,204,208,208,255,255,253,0.52986,0.53827,0.53847
1,4.9925e+05,-3.675,11.321,195,801.6,-3.644,11.212,187.34,1030,0.28545,0.12345,0.026432,0.2535,0.11921,0.022784,0.22871,0.11381,0.019968,244,248,249,178,179,181,181,176,170,255,255,255,218,222,223,255,252,244,0.52391,0.52551,0.529
1,4.9935e+05,-3.675,11.401,195,801.6,-3.6609,11.297,186.71,557.36,0.29746,0.11916,0.02624,0.25115,0.11665,0.022464,0.23162,0.11106,0.019264,249,247,248,175,177,178,172,168,165,255,255,255,254,251,245,215,209,207,0.52499,0.52475,0.52385
1,4.9945e+05,-3.675,11.481,195,801.6,-3.6694,11.374,188.37,932.65,0.29317,0.1188,0.025856,0.26313,0.11366,0.022336,0.24419,0.10913,0.019904,248,248,250,185,182,183,151,153,155,255,255,255,255,255,254,157,165,180,0.50926,0.51232,0.51201
1,5.0254e+05,-3.582,11.537,195,801.6,-3.5835,11.355,0.68425,771.21,0,0,0,0,0,0,0,0,0,250,250,251,163,175,186,150,152,155,255,255,255,255,255,253,170,172,176,0.47683,0.47798,0.47479
1,5.0264e+05,-3.582,11.457,195,801.7,-3.5686,11.295,186.16,671.04,0.20527,0.11172,0.015168,0.14678,0.10896,0.012352,0.13539,0.10391,0.011008,245,247,248,191,184,180,162,161,161,255,255,255,255,254,250,178,186,195,0.51066,0.51394,0.51484
1,5.0274e+05,-3.582,11.377,195,801.7,-3.5782,11.232,186.92,605.05,0.18346,0.11297,0.015808,0.16473,0.10836,0.013632,0.14516,0.10388,0.011904,245,246,248,191,183,179,171,170,166,255,255,255,251,248,240,222,216,212,0.52195,0.52321,0.52476
1,5.0284e+05,-3.582,11.297,195,801.6,-3.5697,11.132,187.18,783.5,0.25379,0.12579,0.024704,0.2352,0.1164,0.021056,0.21544,0.11185,0.018752,244,246,249,174,180,184,181,175,169,255,255,255,205,210,215,255,253,246,0.53611,0.53427,0.53355
1,5.0294e+05,-3.582,11.216,195,801.6,-3.5697,11.064,187.21,722.36,0.28701,0.13201,0.02784,0.25875,0.12625,0.023936,0.23194,0.11995,0.020928,250,251,251,208,198,188,160,164,167,255,255,255,195,185,187,255,255,255,0.54704,0.5432,0.54349
1,5.0304e+05,-3.582,11.136,195,801.6,-3.5708,10.983,187.79,780.34,0.28427,0.13172,0.028736,0.2541,0.12497,0.024128,0.22366,0.11992,0.020864,253,251,251,197,195,189,166,164,167,255,255,255,172,179,189,255,255,255,0.55239,0.5559,0.55694
1,5.0314e+05,-3.582,11.056,195,801.6,-3.5708,10.905,186.94,1212.7,0.24876,0.14356,0.027968,0.23562,0.13659,0.02496,0.22053,0.12926,0.022464,245,248,250,183,182,183,171,174,172,255,255,255,209,205,206,255,255,255,0.57732,0.57587,0.57278
1,5.1428e+05,-3.582,16,195,801.6,-3.558,15.769,0.15789,966.29,0,0,0,0,0,0,0,0,0,242,241,238,190,191,189,178,176,172,255,255,255,114,122,127,244,221,202,0.57466,0.54618,0.5232
1,5.1438e+05,-3.582,15.92,195,801.7,-3.5708,15.694,186.08,748.6,0.16203,0.115,0.01408,0.1524,0.1076,0.01248,0.14233,0.10455,0.011392,226,229,232,192,186,183,159,167,171,255,255,255,133,132,132,150,160,173,0.56834,0.56592,0.56364
1,5.1448e+05,-3.582,15.84,195,801.7,-3.5665,15.621,185.07,1038,0.20839,0.1128,0.017024,0.17368,0.10766,0.013632,0.1447,0.10561,0.01152,224,228,231,183,184,182,168,168,170,255,255,255,133,134,135,143,151,168,0.54827,0.5511,0.54922
1,5.1458e+05,-3.582,15.76,195,801.6,-3.6026,15.592,187.33,867.24,0.25057,0.12021,0.022016,0.21761,0.11573,0.018176,0.17225,0.11581,0.015296,240,238,236,187,190,191,165,167,169,255,255,255,137,137,136,197,201,202,0.52635,0.53527,0.53653
1,5.1468e+05,-3.582,15.679,195,801.6,-3.5856,15.488,187.12,661,0.30124,0.11894,0.0256,0.25027,0.11383,0.020736,0.20313,0.11257,0.017088,246,243,240,205,203,199,160,165,171,255,255,255,137,136,133,240,232,224,0.52733,0.52673,0.52654
1,5.1478e+05,-3.582,15.599,195,801.6,-3.5718,15.403,188.32,1176.7,0.31018,0.11879,0.024384,0.24092,0.11537,0.0192,0.19525,0.10812,0.015936,243,243,241,219,214,208,183,180,178,255,255,255,112,122,132,255,255,252,0.51996,0.51935,0.51948
1,5.1488e+05,-3.582,15.519,195,801.6,-3.5676,15.326,187.47,768.61,0.25683,0.14158,0.026816,0.22974,0.12987,0.022592,0.20749,0.1244,0.019776,228,229,232,209,207,206,193,189,183,255,255,255,151,149,151,255,255,254,0.52059,0.51299,0.51059
1,5.1797e+05,-3.489,15.463,195,801.6,-3.4636,15.317,-0.17646,587.05,0,0,0,0,0,0,0,0,0,226,228,230,186,194,199,169,171,174,255,255,255,151,158,158,255,255,254,0.47164,0.48046,0.47644
1,5.1807e+05,-3.489,15.543,195,801.7,-3.4763,15.432,186.06,799.54,0.14289,0.11804,0.012992,0.12789,0.11551,0.011584,0.11897,0.10665,0.010048,244,240,237,199,201,203,170,170,171,255,255,255,129,127,131,255,255,255,0.51489,0.51285,0.51456
1,5.1817e+05,-3.489,15.623,195,801.7,-3.4838,15.498,186.08,949.19,0.18472,0.12864,0.018624,0.16944,0.11455,0.01536,0.16472,0.10572,0.013696,248,245,240,208,207,205,165,167,170,255,255,255,112,118,125,255,255,253,0.51949,0.52057,0.52208
1,5.1827e+05,-3.489,15.703,195,801.6,-3.4816,15.559,186.16,920.38,0.2161,0.12259,0.019456,0.16688,0.1138,0.015168,0.1527,0.10963,0.013248,243,241,239,206,204,200,165,168,172,255,255,255,133,128,128,242,237,230,0.54232,0.53487,0.53198
1,5.1837e+05,-3.489,15.784,195,801.6,-3.4848,15.64,186.54,610.65,0.24197,0.12722,0.02368,0.21699,0.1176,0.020096,0.20246,0.11238,0.01792,223,225,229,183,184,186,190,182,174,255,255,255,135,136,134,182,184,188,0.5433,0.5408,0.54104
1,5.1847e+05,-3.489,15.864,195,801.6,-3.488,15.724,186.63,854.42,0.33408,0.13059,0.033472,0.30506,0.12085,0.028032,0.28611,0.11046,0.024,217,221,226,180,179,181,182,179,173,255,255,255,133,131,131,156,162,174,0.5492,0.55195,0.5526
1,5.1857e+05,-3.489,15.944,195,801.6,-3.4774,15.771,186.81,838.25,0.27238,0.11678,0.022592,0.24944,0.11048,0.019776,0.23781,0.10693,0.017728,224,225,226,181,179,179,160,165,168,255,255,255,110,119,123,157,172,179,0.56829,0.56851,0.56608
1,5.2971e+05,-3.489,11,195,801.6,-3.4912,10.951,0.68756,748.94,0,0,0,0,0,0,0,0,0,248,249,250,167,169,177,172,172,173,255,255,255,252,243,229,255,255,255,0.48846,0.49662,0.50165
1,5.2981e+05,-3.489,11.08,195,801.7,-3.4827,10.997,185.75,854.64,0.19531,0.10739,0.014656,0.17808,0.10384,0.012224,0.12967,0.10367,0.010432,255,252,251,181,185,191,166,165,166,255,255,255,181,191,199,255,255,255,0.56313,0.56628,0.56673
1,5.2991e+05,-3.489,11.16,195,801.7,-3.4816,11.075,186.19,866.11,0.17696,0.11692,0.016256,0.1692,0.11084,0.014528,0.15757,0.10653,0.013056,254,253,251,211,202,194,156,160,164,255,255,255,157,173,186,255,255,255,0.54733,0.54824,0.54985
1,5.3001e+05,-3.489,11.24,195,801.6,-3.4901,11.165,186.7,860.15,0.25881,0.11545,0.02176,0.2003,0.11063,0.016832,0.17676,0.10613,0.014272,252,250,249,192,192,192,163,164,166,255,255,255,172,177,184,255,255,255,0.53831,0.53945,0.53958
1,5.3011e+05,-3.489,11.321,195,801.6,-3.4753,11.209,185.66,536.52,0.29857,0.11091,0.023488,0.25555,0.10471,0.0192,0.22262,0.10247,0.01632,247,248,248,165,177,188,170,169,167,255,255,255,181,191,198,255,254,250,0.5333,0.53023,0.5304
1,5.3021e+05,-3.489,11.401,195,801.6,-3.4901,11.304,187.47,738.94,0.30487,0.12964,0.030144,0.28017,0.12071,0.025536,0.25289,0.11762,0.02272,250,249,249,189,186,184,167,166,166,255,255,255,245,234,223,234,226,220,0.51398,0.52026,0.52147
1,5.3031e+05,-3.489,11.481,195,801.6,-3.4827,11.369,185.48,698.36,0.31356,0.12025,0.026048,0.29889,0.11282,0.022592,0.2387,0.10992,0.019328,253,252,251,189,188,188,153,157,160,255,255,255,250,247,243,166,180,196,0.51143,0.51436,0.51335
1,5.334e+05,-3.396,11.537,195,801.6,-3.3808,11.351,0.191,945.46,0,0,0,0,0,0,0,0,0,255,254,253,203,201,199,169,167,164,255,255,255,236,231,226,216,207,199,0.48506,0.47851,0.47538
1,5.335e+05,-3.396,11.457,195,801.7,-3.4074,11.303,185.81,867.31,0.13984,0.12942,0.014208,0.13322,0.12353,0.012992,0.1273,0.11485,0.011456,253,252,252,208,197,191,158,159,162,255,255,255,197,204,209,205,211,218,0.51118,0.51281,0.51332
1,5.336e+05,-3.396,11.377,195,801.7,-3.3904,11.209,186.72,588.92,0.2325,0.11156,0.018432,0.21729,0.10207,0.014912,0.12647,0.10502,0.010688,247,250,251,179,186,188,156,161,163,255,255,255,198,199,198,242,233,227,0.53054,0.52519,0.52335
1,5.337e+05,-3.396,11.297,195,801.6,-3.3936,11.131,186.79,1165.7,0.24647,0.13007,0.02432,0.21912,0.1217,0.02048,0.19543,0.1155,0.017664,254,251,250,178,182,192,172,168,165,255,255,255,177,179,179,255,255,252,0.52509,0.53001,0.5326
1,5.338e+05,-3.396,11.216,195,801.6,-3.3925,11.058,186.33,775.29,0.25414,0.1303,0.025664,0.22803,0.12406,0.022144,0.21057,0.11841,0.019456,244,248,249,223,212,201,165,164,166,255,255,255,177,165,167,255,255,255,0.54398,0.54448,0.54449
1,5.339e+05,-3.396,11.136,195,801.6,-3.3745,10.961,187.46,661.65,0.27317,0.13352,0.027904,0.24402,0.12891,0.024128,0.22464,0.1231,0.021376,247,248,249,212,209,201,160,164,168,255,255,255,162,172,179,255,255,255,0.56279,0.55796,0.55751
1,5.34e+05,-3.396,11.056,195,801.6,-3.3861,10.902,185.37,746.91,0.31594,0.1421,0.03456,0.29014,0.13246,0.029824,0.26648,0.12672,0.02624,253,252,250,174,182,189,175,173,172,255,255,255,238,222,211,255,255,255,0.57565,0.5743,0.57027
1,5.4514e+05,-3.396,16,195,801.6,-3.3904,15.765,-0.093698,578.54,0,0,0,0,0,0,0,0,0,220,219,222,184,177,173,164,159,162,255,255,255,124,121,126,204,182,177,0.53559,0.53298,0.52303
1,5.4524e+05,-3.396,15.92,195,801.7,-3.3989,15.716,187.24,534.91,0.28997,0.11505,0.023168,0.27297,0.10583,0.020288,0.26545,0.099965,0.017472,220,221,224,156,165,171,172,168,168,255,255,255,129,129,134,152,154,167,0.55801,0.56369,0.56296
1,5.4534e+05,-3.396,15.84,195,801.7,-3.3755,15.612,186.4,722.37,0.2233,0.12008,0.019776,0.21387,0.1093,0.01696,0.19868,0.10672,0.015232,224,225,227,162,167,174,177,175,172,255,255,255,145,142,138,160,166,173,0.54066,0.54483,0.54674
1,5.4544e+05,-3.396,15.76,195,801.6,-3.3978,15.554,185.67,945.22,0.25301,0.11696,0.021312,0.21421,0.10663,0.017152,0.17407,0.10663,0.013824,233,234,235,197,191,186,176,176,175,255,255,255,143,144,143,236,224,212,0.53468,0.53782,0.53894
1,5.4554e+05,-3.396,15.679,195,801.6,-3.3883,15.48,185.02,985.68,0.23575,0.12336,0.022272,0.21117,0.11762,0.018944,0.18674,0.11082,0.016192,236,238,239,206,198,192,175,174,174,255,255,255,127,133,137,252,245,233,0.52818,0.52929,0.52899
1,5.4564e+05,-3.396,15.599,195,801.6,-3.3904,15.397,185.6,754.72,0.27948,0.12945,0.025856,0.25547,0.12101,0.02208,0.22288,0.11746,0.019392,240,240,239,194,197,198,169,169,170,255,255,255,116,119,126,255,255,253,0.52377,0.52399,0.52214
1,5.4574e+05,-3.396,15.519,195,801.6,-3.3904,15.327,184.88,848.91,0.27571,0.13968,0.02976,0.24601,0.13367,0.025472,0.22734,0.12858,0.022784,227,232,236,203,201,200,163,165,168,255,255,255,125,131,138,255,255,255,0.51485,0.51519,0.51281
1,5.4883e+05,-3.303,15.463,195,801.6,-3.2875,15.339,-0.26915,742.45,0,0,0,0,0,0,0,0,0,238,238,238,215,209,203,171,169,170,255,255,255,146,147,149,253,254,253,0.46359,0.46385,0.46609
1,5.4893e+05,-3.303,15.543,195,801.7,-3.3066,15.413,186.07,1021.8,0.18799,0.12353,0.016448,0.15563,0.11793,0.013696,0.13822,0.11164,0.012096,237,239,240,193,193,195,172,172,170,255,255,255,111,121,134,255,255,254,0.51845,0.52018,0.52034
1,5.4903e+05,-3.303,15.623,195,801.7,-3.2885,15.494,185.51,833.05,0.19152,0.13292,0.018816,0.17092,0.1261,0.016256,0.16077,0.11671,0.014336,242,241,240,190,188,190,175,176,173,255,255,255,126,130,135,255,253,250,0.52388,0.52477,0.52544
1,5.4913e+05,-3.303,15.703,195,801.6,-3.3087,15.575,185.92,1057.5,0.25069,0.1305,0.025088,0.22508,0.1228,0.021312,0.20666,0.11692,0.018624,243,241,240,173,178,181,180,178,175,255,255,255,168,160,150,234,231,224,0.53997,0.53178,0.53165
1,5.4923e+05,-3.303,15.784,195,801.6,-3.28,15.619,187.03,661.57,0.29038,0.12951,0.026432,0.2445,0.12519,0.022336,0.22556,0.11868,0.019456,241,238,235,169,169,170,172,173,173,255,255,255,172,163,153,173,175,180,0.55098,0.54388,0.54199
1,5.4933e+05,-3.303,15.864,195,801.6,-3.3151,15.716,185.8,880.3,0.32876,0.12693,0.03136,0.30128,0.11952,0.026816,0.28799,0.11084,0.022976,236,235,232,168,165,167,166,168,169,255,255,255,158,153,146,141,152,165,0.55352,0.55484,0.55399
1,5.4943e+05,-3.303,15.944,195,801.6,-3.3002,15.784,186.83,701.65,0.26978,0.12773,0.026304,0.24993,0.12151,0.023168,0.23518,0.11598,0.020608,224,226,227,168,166,167,157,161,163,255,255,255,126,134,138,156,163,166,0.57323,0.56896,0.56518
1,5.6057e+05,-3.303,11,195,801.6,-3.2864,10.916,-0.28239,978.31,0,0,0,0,0,0,0,0,0,249,249,250,201,198,193,184,185,183,255,255,255,236,228,213,255,255,255,0.48551,0.50079,0.51067
1,5.6067e+05,-3.303,11.08,195,801.7,-3.2949,11.001,185.11,738.27,0.1513,0.10987,0.012864,0.13919,0.10741,0.011648,0.13094,0.10267,0.010496,246,246,248,197,200,201,176,178,178,255,255,255,166,175,179,255,255,255,0.56034,0.56663,0.56954
1,5.6077e+05,-3.303,11.16,195,801.7,-3.3055,11.084,186.35,1379.5,0.17868,0.1164,0.015744,0.16139,0.11268,0.01376,0.15077,0.10405,0.01216,243,245,247,210,210,205,168,173,176,255,255,255,141,150,163,255,255,255,0.55603,0.55522,0.55394
1,5.6087e+05,-3.303,11.24,195,801.6,-3.2843,11.135,186.11,836.52,0.2216,0.11787,0.019008,0.20258,0.10783,0.015744,0.16356,0.10928,0.013504,249,249,249,210,212,207,172,171,170,255,255,255,141,151,155,255,255,255,0.539,0.54063,0.54099
1,5.6097e+05,-3.303,11.321,195,801.6,-3.3044,11.217,185.96,835.85,0.31347,0.12467,0.027392,0.28813,0.11846,0.023552,0.25843,0.11282,0.020032,252,252,250,193,201,205,167,168,168,255,255,255,162,161,160,255,255,252,0.53636,0.53333,0.53216
1,5.6107e+05,-3.303,11.401,195,801.6,-3.2981,11.292,186.16,778.59,0.28352,0.13429,0.027904,0.25739,0.12698,0.02336,0.22818,0.12126,0.020032,251,252,252,194,195,197,155,161,164,255,255,255,158,168,177,244,234,230,0.51825,0.52141,0.52281
1,5.6117e+05,-3.303,11.481,195,801.6,-3.2949,11.364,186.08,1088.3,0.34535,0.12707,0.030848,0.31416,0.11951,0.025728,0.24292,0.11564,0.021184,250,252,252,193,198,201,165,166,166,255,255,255,191,194,196,190,207,218,0.5132,0.51658,0.51452
1,5.6426e+05,-3.21,11.537,195,801.6,-3.2121,11.351,-0.1897,1037.9,0,0,0,0,0,0,0,0,0,253,252,251,212,209,207,169,169,168,255,255,255,219,211,203,217,203,190,0.43606,0.44509,0.45463
1,5.6436e+05,-3.21,11.457,195,801.7,-3.2068,11.271,186.98,1044.8,0.23289,0.10908,0.01632,0.22058,0.1017,0.014144,0.18905,0.10101,0.01216,251,251,251,187,195,199,162,166,167,255,255,255,167,173,177,201,207,213,0.51646,0.51688,0.51575
1,5.6446e+05,-3.21,11.377,195,801.7,-3.1962,11.194,186.51,759.11,0.25445,0.10914,0.0176,0.15057,0.10562,0.012416,0.13847,0.1028,0.010944,252,252,251,209,203,200,175,168,167,255,255,255,147,156,164,239,231,224,0.52417,0.52565,0.52565
1,5.6456e+05,-3.21,11.297,195,801.6,-3.2153,11.132,185.94,1035.5,0.22903,0.1283,0.022528,0.21464,0.12135,0.019904,0.19425,0.11763,0.017792,253,252,250,227,220,211,169,171,169,255,255,255,162,150,141,255,255,252,0.53528,0.53576,0.53572
1,5.6466e+05,-3.21,11.216,195,801.6,-3.2079,11.051,185.62,1083.9,0.27453,0.13933,0.029376,0.24413,0.13163,0.025216,0.22343,0.12631,0.022016,245,247,248,214,211,206,176,174,172,255,255,255,117,124,133,255,255,255,0.54896,0.5459,0.54444
1,5.6476e+05,-3.21,11.136,195,801.6,-3.2026,10.984,186.36,676.27,0.28144,0.12532,0.026752,0.26016,0.11844,0.023168,0.24348,0.10977,0.020096,246,246,248,193,198,202,180,178,176,255,255,255,122,125,138,255,255,255,0.57025,0.5606,0.55889
1,5.6486e+05,-3.21,11.056,195,801.6,-3.2047,10.899,185.28,927.72,0.18136,0.14637,0.020288,0.16793,0.13803,0.01792,0.15935,0.13083,0.016384,251,250,249,194,192,194,200,189,181,255,255,255,173,174,172,255,255,255,0.56805,0.56921,0.56566
1,5.76e+05,-3.21,16,195,801.6,-3.2121,15.78,0.30686,719.69,0,0,0,0,0,0,0,0,0,230,231,229,164,167,166,161,163,164,255,255,255,143,141,141,184,176,169,0.53444,0.52185,0.51843
1,5.761e+05,-3.21,15.92,195,801.7,-3.2121,15.7,186.9,763.56,0.20494,0.11,0.014336,0.17492,0.1004,0.01184,0.14038,0.10184,0.010368,234,233,232,158,161,162,162,165,167,255,255,255,145,143,142,134,141,153,0.56471,0.56525,0.56392
1,5.762e+05,-3.21,15.84,195,801.7,-3.1676,15.6,188.09,931.06,0.19301,0.10362,0.0144,0.15283,0.10197,0.011968,0.13978,0.096332,0.010304,239,236,233,152,156,162,173,171,169,255,255,255,147,145,144,132,139,152,0.55127,0.55201,0.55152
1,5.763e+05,-3.21,15.76,195,801.6,-3.2015,15.542,188.06,1146,0.25122,0.10675,0.019776,0.21402,0.10477,0.016768,0.18644,0.1009,0.014272,234,237,238,167,168,171,174,175,175,255,255,255,152,155,155,179,182,186,0.54584,0.53991,0.53908
1,5.764e+05,-3.21,15.679,195,801.6,-3.2153,15.488,186.21,1029.2,0.28476,0.11634,0.025024,0.25546,0.10941,0.020864,0.23348,0.10241,0.01792,236,239,240,178,177,177,173,174,175,255,255,255,168,163,156,216,213,210,0.53237,0.53019,0.52945
1,5.765e+05,-3.21,15.599,195,801.6,-3.1952,15.39,187.47,890.55,0.26103,0.12533,0.024768,0.22463,0.11895,0.020544,0.2057,0.11498,0.01824,244,244,244,183,186,188,173,172,171,255,255,255,152,151,150,255,252,245,0.52929,0.52867,0.52667
1,5.766e+05,-3.21,15.519,195,801.6,-3.1962,15.331,187.54,851.33,0.28886,0.13814,0.02944,0.24792,0.1323,0.02496,0.22466,0.12642,0.021696,250,246,243,188,193,197,160,164,169,255,255,255,134,141,150,255,254,253,0.51842,0.51684,0.51677
1,5.7969e+05,-3.117,15.463,195,801.6,-3.1368,15.375,0.88618,1009.9,0,0,0,0,0,0,0,0,0,238,237,238,201,200,199,166,168,170,255,255,255,175,173,168,253,250,247,0.51039,0.50123,0.48749
1,5.7979e+05,-3.117,15.543,195,801.7,-3.106,15.427,186.09,886.6,0.14476,0.12282,0.014016,0.14267,0.11561,0.0128,0.13313,0.10791,0.011648,248,246,242,191,195,197,170,170,171,255,255,255,156,155,159,255,254,248,0.51862,0.52031,0.52008
1,5.7989e+05,-3.117,15.623,195,801.7,-3.1124,15.49,186.19,522.84,0.20398,0.13656,0.022016,0.1901,0.12944,0.019456,0.17666,0.12482,0.017344,248,246,243,198,197,195,174,172,172,255,255,255,168,160,154,254,247,237,0.52833,0.52874,0.52848
1,5.7999e+05,-3.117,15.703,195,801.6,-3.1167,15.571,186.45,867.58,0.23454,0.14905,0.027392,0.21922,0.14266,0.024704,0.20899,0.13571,0.022144,241,238,238,196,189,183,169,171,174,255,255,255,152,151,150,195,195,193,0.53888,0.53679,0.53588
1,5.8009e+05,-3.117,15.784,195,801.6,-3.1241,15.635,186.18,824.87,0.29195,0.14151,0.032384,0.26921,0.13237,0.027712,0.24049,0.12696,0.023808,228,230,233,153,158,167,181,177,172,255,255,255,124,132,142,141,142,149,0.53746,0.54533,0.54557
1,5.8019e+05,-3.117,15.864,195,801.6,-3.1018,15.695,185.93,817.85,0.34343,0.12447,0.031808,0.29718,0.11984,0.026816,0.27219,0.1099,0.022528,225,228,231,148,154,163,180,174,169,255,255,255,133,134,138,132,133,141,0.55395,0.5558,0.55516
1,5.8029e+05,-3.117,15.944,195,801.6,-3.1156,15.79,186.67,781.85,0.31051,0.12382,0.029056,0.28128,0.11823,0.02528,0.26359,0.11359,0.022656,227,227,228,171,168,166,160,164,165,255,255,255,139,140,141,151,157,157,0.57709,0.57067,0.56798
1,5.9143e+05,-3.117,11,195,801.6,-3.1188,10.936,-0.70281,575.88,0,0,0,0,0,0,0,0,0,255,252,249,191,192,194,175,177,178,255,255,255,195,183,175,255,255,255,0.50476,0.50442,0.50449
1,5.9153e+05,-3.117,11.08,195,801.7,-3.1273,11.01,186.31,860.98,0.21645,0.10907,0.014784,0.15466,0.10885,0.012608,0.13571,0.10678,0.011328,249,248,247,183,188,195,170,170,172,255,255,255,114,124,137,255,255,255,0.57871,0.57116,0.56834
1,5.9163e+05,-3.117,11.16,195,801.7,-3.0986,11.075,186.13,948.66,0.17492,0.11216,0.015232,0.15901,0.10974,0.013376,0.14545,0.1053,0.012032,245,246,247,187,192,199,158,163,168,255,255,255,98,106,121,255,255,255,0.55465,0.55374,0.55305
1,5.9173e+05,-3.117,11.24,195,801.6,-3.1113,11.149,184.76,794.98,0.2431,0.10716,0.0192,0.22372,0.10318,0.016512,0.19919,0.096886,0.013888,251,250,249,209,209,208,160,160,164,255,255,255,117,118,119,255,255,254,0.5502,0.54227,0.54119
1,5.9183e+05,-3.117,11.321,195,801.6,-3.1167,11.231,186.17,897.24,0.25307,0.11961,0.022656,0.22863,0.11408,0.019584,0.20747,0.11038,0.017536,252,252,251,207,209,209,165,165,166,255,255,255,135,129,124,255,254,248,0.52261,0.53087,0.5329
1,5.9193e+05,-3.117,11.401,195,801.6,-3.1209,11.3,186.71,873.47,0.29447,0.12454,0.028096,0.26897,0.11884,0.024256,0.25064,0.11335,0.02144,251,251,251,191,197,203,170,170,170,255,255,255,126,136,148,228,219,214,0.5184,0.52199,0.52289
1,5.9203e+05,-3.117,11.481,195,801.6,-3.1103,11.368,186.25,752.65,0.29815,0.11916,0.02592,0.26888,0.11152,0.022208,0.24649,0.10534,0.019456,250,251,251,195,196,202,173,172,172,255,255,255,205,192,179,151,164,178,0.5207,0.51488,0.51251
1,5.9512e+05,-3.024,11.537,195,801.6,-3.0063,11.343,-0.21618,837.63,0,0,0,0,0,0,0,0,0,250,249,250,206,204,203,173,174,173,255,255,255,182,176,167,123,126,134,0.47526,0.46487,0.46216
1,5.9522e+05,-3.024,11.457,195,801.7,-3.0095,11.261,187.04,985.95,0.15063,0.12195,0.013824,0.13777,0.10991,0.01184,0.1261,0.10881,0.010816,251,251,251,208,206,204,185,178,173,255,255,255,133,137,140,162,170,179,0.50945,0.50945,0.50803
1,5.9532e+05,-3.024,11.377,195,801.7,-3.0106,11.201,187.22,651.44,0.19845,0.10975,0.01696,0.18247,0.10427,0.014784,0.16859,0.1001,0.012928,252,252,252,204,206,205,174,174,172,255,255,255,114,118,125,208,208,204,0.5193,0.51678,0.5175
1,5.9542e+05,-3.024,11.297,195,801.6,-3.0222,11.141,186.96,1005.2,0.26241,0.12696,0.025984,0.2485,0.12019,0.02336,0.23343,0.11542,0.020992,253,253,252,215,211,207,161,162,163,255,255,254,106,104,104,255,253,245,0.52682,0.52959,0.52903
1,5.9552e+05,-3.024,11.216,195,801.6,-3.0392,11.083,188.45,750.33,0.30698,0.12637,0.028608,0.25726,0.12312,0.024256,0.22786,0.11732,0.0208,250,249,250,210,207,207,152,156,160,255,255,253,93,95,101,255,255,255,0.53612,0.53848,0.53852
1,5.9562e+05,-3.024,11.136,195,801.6,-3.0106,10.984,186.24,735.4,0.30451,0.13111,0.0288,0.25456,0.12183,0.023552,0.23039,0.11833,0.020736,243,246,248,202,204,205,159,159,161,255,255,254,93,100,111,255,255,255,0.55167,0.55144,0.55166
1,5.9572e+05,-3.024,11.056,195,801.6,-3.0222,10.917,186.42,772.91,0.27227,0.14345,0.030464,0.24895,0.13492,0.026048,0.22715,0.13071,0.023296,237,243,246,201,202,202,170,169,168,255,255,254,165,157,150,255,255,255,0.57532,0.57096,0.56302
1,6.0686e+05,-3.024,16,195,801.6,-3.0222,15.776,0.63128,1030.7,0,0,0,0,0,0,0,0,0,221,224,226,172,174,172,160,158,162,255,255,255,150,143,142,183,172,161,0.52157,0.52605,0.51924
1,6.0696e+05,-3.024,15.92,195,801.7,-3.0201,15.689,186.63,861.29,0.32091,0.11059,0.017472,0.15845,0.10401,0.012352,0.14165,0.099858,0.010688,236,232,230,174,172,170,156,160,166,255,255,255,137,139,143,125,131,137,0.54764,0.55719,0.55724
1,6.0706e+05,-3.024,15.84,195,801.7,-3.0307,15.646,186.53,641.78,0.17692,0.11594,0.016064,0.16218,0.11169,0.014144,0.15099,0.10785,0.0128,234,233,232,169,170,172,172,168,167,255,255,255,142,143,145,112,118,129,0.55692,0.54652,0.54418
1,6.0716e+05,-3.024,15.76,195,801.6,-3.036,15.563,186.75,994.11,0.31652,0.10779,0.020928,0.19084,0.10159,0.014336,0.16176,0.1009,0.012352,237,235,235,177,182,185,174,175,176,255,255,255,149,153,151,133,140,149,0.53658,0.53577,0.53514
1,6.0726e+05,-3.024,15.679,195,801.6,-3.0212,15.477,188.06,535.78,0.26675,0.12289,0.02496,0.25122,0.11708,0.022336,0.23101,0.11158,0.018944,237,238,238,193,195,193,174,176,178,255,255,255,153,153,151,167,169,171,0.52044,0.52454,0.52595
1,6.0736e+05,-3.024,15.599,195,801.6,-3.0052,15.385,187.03,630.84,0.29826,0.12074,0.025152,0.24058,0.11491,0.020544,0.20815,0.11061,0.017344,244,243,240,207,205,202,182,180,177,255,255,255,135,142,150,235,227,215,0.51576,0.52048,0.5197
1,6.0746e+05,-3.024,15.519,195,801.6,-2.9936,15.32,187.29,756.76,0.35111,0.12294,0.030592,0.3142,0.11226,0.024832,0.27728,0.10874,0.021248,231,235,237,199,200,202,174,175,175,255,255,255,166,171,173,255,247,233,0.50638,0.50713,0.50624
1,6.1301e+05,-2.931,16,195,800,-2.9278,15.76,0.028786,773.46,0,0,0,0,0,0,0,0,0,222,225,227,166,170,170,162,160,163,255,255,255,145,144,143,166,162,157,0.52965,0.51298,0.50936
1,6.1311e+05,-2.931,15.92,195,800,-2.9331,15.712,185.27,612.72,0.1873,0.11135,0.0144,0.16409,0.10444,0.012416,0.14665,0.102,0.011008,237,234,231,178,175,171,154,158,166,255,255,255,136,140,145,114,123,132,0.56152,0.55956,0.55928
1,6.1321e+05,-2.931,15.84,195,800,-2.931,15.63,185.8,582.71,0.1813,0.11214,0.015168,0.15404,0.108,0.012992,0.14035,0.10324,0.0112,237,235,233,179,176,175,166,166,168,255,255,255,152,151,147,106,111,123,0.54763,0.54635,0.54724
1,6.1331e+05,-2.931,15.76,195,800,-2.931,15.556,186.86,1049.7,0.25387,0.14081,0.02528,0.22052,0.1304,0.020416,0.19926,0.12179,0.017984,238,236,235,191,190,188,176,177,177,255,255,255,176,167,153,127,132,138,0.5427,0.53996,0.54033
1,6.1341e+05,-2.931,15.68,195,800,-2.9225,15.473,187.58,899.68,0.29383,0.12743,0.027136,0.2412,0.12228,0.021952,0.20924,0.1152,0.018432,236,236,237,201,200,196,179,180,179,255,255,255,163,158,151,158,157,158,0.52787,0.53001,0.53213
1,6.1351e+05,-2.931,15.6,195,800,-2.9384,15.399,187.41,866.33,0.39276,0.11254,0.02752,0.24343,0.10808,0.019328,0.19571,0.10578,0.015616,242,240,238,211,207,205,184,182,180,255,255,255,129,135,145,210,206,198,0.52953,0.53172,0.5283
1,6.1361e+05,-2.931,15.52,195,800,-2.9214,15.326,186.76,578.14,0.34842,0.11831,0.028608,0.31937,0.11043,0.023232,0.2456,0.10433,0.018304,238,236,235,193,200,204,177,177,176,255,255,255,172,173,171,243,228,216,0.52707,0.5272,0.52337
1,6.1371e+05,-2.931,15.44,195,800,-2.9342,15.254,186.65,716.05,0.30752,0.13043,0.028224,0.27393,0.12062,0.024128,0.25336,0.11782,0.02144,234,231,233,194,200,202,174,173,173,255,255,255,223,205,180,232,224,216,0.51843,0.51837,0.51438
1,6.1381e+05,-2.931,15.36,195,800,-2.9087,15.153,186.29,724.12,0.26627,0.13093,0.026752,0.23797,0.12348,0.022656,0.21909,0.11593,0.019584,226,230,235,204,202,203,163,167,172,255,255,254,188,189,178,198,205,209,0.51586,0.51658,0.51236
1,6.1391e+05,-2.931,15.28,195,800,-2.9299,15.094,186.62,946.81,0.28037,0.12799,0.026624,0.24948,0.12311,0.023104,0.23434,0.1154,0.020352,240,237,239,204,205,207,166,169,174,254,254,253,158,160,162,204,203,204,0.52521,0.5217,0.51115
1,6.1401e+05,-2.931,15.2,195,800,-2.9607,15.036,186.45,877.05,0.3033,0.11651,0.023936,0.23704,0.11428,0.019648,0.20382,0.10658,0.016384,249,247,246,224,220,217,187,183,181,253,249,247,135,132,132,198,192,187,0.52484,0.52528,0.51517
1,6.1411e+05,-2.931,15.12,195,800,-2.9352,14.943,188,708.66,0.30848,0.12325,0.026816,0.25691,0.11889,0.021696,0.23317,0.11266,0.018176,245,246,247,227,219,217,188,184,184,234,234,235,135,135,134,159,159,163,0.52616,0.52748,0.52021
1,6.1421e+05,-2.931,15.04,195,800,-2.9246,14.839,187.82,936.99,0.27232,0.12292,0.024576,0.24856,0.11392,0.021248,0.22554,0.10962,0.018432,244,245,246,209,207,211,184,182,184,225,226,230,151,147,139,147,147,152,0.52253,0.52961,0.52701
1,6.1431e+05,-2.931,14.96,195,800,-2.9161,14.781,185.43,680.4,0.24886,0.12274,0.022848,0.22835,0.11699,0.01984,0.19908,0.1158,0.0176,246,245,244,181,189,201,183,185,186,219,218,219,165,151,136,135,135,139,0.52731,0.53206,0.52799
1,6.1441e+05,-2.931,14.88,195,800,-2.9352,14.686,187.57,893.44,0.24441,0.1137,0.020736,0.2101,0.11262,0.01824,0.19542,0.10747,0.016064,246,244,242,188,193,200,192,188,185,215,213,214,138,135,132,128,130,135,0.53477,0.53123,0.53067
1,6.1451e+05,-2.931,14.8,195,800,-2.9299,14.611,187.42,833.39,0.24904,0.12358,0.022464,0.21473,0.12101,0.019264,0.19577,0.11722,0.017408,242,241,242,208,208,208,182,181,182,197,201,206,128,127,129,125,125,129,0.53185,0.53093,0.5313
1,6.1461e+05,-2.931,14.72,195,800,-2.9469,14.568,186.67,971.45,0.2403,0.12254,0.022464,0.21324,0.11841,0.019392,0.19551,0.11471,0.017536,246,244,243,226,228,222,186,178,177,201,200,203,168,150,136,118,119,123,0.53113,0.53132,0.53277
1,6.1471e+05,-2.931,14.64,195,800,-2.9289,14.452,186.3,729.95,0.25446,0.12326,0.023936,0.23396,0.11755,0.020992,0.22269,0.11038,0.018816,246,246,244,244,230,219,181,180,177,204,203,204,147,146,143,114,116,120,0.53524,0.53453,0.53347
1,6.1481e+05,-2.931,14.56,195,800,-2.9342,14.399,185.22,891.16,0.23427,0.11903,0.020608,0.20557,0.1113,0.017536,0.18895,0.10628,0.015424,246,245,245,183,196,208,189,184,181,207,208,210,160,151,147,108,110,114,0.52332,0.5369,0.53325
1,6.1491e+05,-2.931,14.48,195,800,-2.9331,14.321,185.18,817.39,0.24906,0.11983,0.021504,0.21613,0.11074,0.017792,0.18647,0.11002,0.015808,245,244,245,178,188,202,190,186,182,211,212,212,168,156,147,104,108,113,0.53806,0.53527,0.53257
1,6.1501e+05,-2.931,14.4,195,800,-2.9363,14.248,187.84,373.64,0.30869,0.12072,0.026688,0.25797,0.11534,0.021632,0.22565,0.11031,0.018176,247,245,243,202,200,197,179,180,181,217,216,214,142,149,151,104,106,109,0.53526,0.53476,0.53385
1,6.1511e+05,-2.931,14.32,195,800,-2.9236,14.144,186.47,1043.5,0.24997,0.12164,0.022848,0.21894,0.11609,0.019072,0.2006,0.11004,0.016704,239,241,243,195,197,200,178,178,179,206,209,213,166,156,144,101,104,108,0.52636,0.53454,0.53382
1,6.1521e+05,-2.931,14.24,195,800,-2.9373,14.074,187.83,817.34,0.26154,0.10712,0.0208,0.23673,0.10328,0.017728,0.21567,0.10037,0.016,240,242,244,201,200,201,180,179,179,202,207,211,151,146,138,100,103,108,0.53508,0.53497,0.53148
1,6.1531e+05,-2.931,14.16,195,800,-2.9214,13.985,187.11,932.87,0.33979,0.11405,0.027008,0.29024,0.11191,0.022336,0.24937,0.10817,0.01888,250,249,247,210,210,208,179,180,180,203,207,212,113,119,125,106,109,113,0.54097,0.53941,0.53317
1,6.1541e+05,-2.931,14.08,195,800,-2.932,13.915,186.68,719.13,0.25813,0.12141,0.023552,0.237,0.11436,0.020416,0.21067,0.11142,0.017664,249,250,249,209,212,208,177,180,182,207,212,215,116,120,126,112,114,118,0.52762,0.52967,0.52691
1,6.1551e+05,-2.931,14,195,800,-2.9257,13.834,185.64,962.61,0.25313,0.12155,0.02336,0.23002,0.11638,0.02016,0.21155,0.11221,0.01792,250,249,248,192,197,201,189,185,181,229,225,221,162,152,139,125,124,123,0.54589,0.53925,0.53399
1,6.1561e+05,-2.931,13.92,195,800,-2.9352,13.747,186.23,1132.5,0.31783,0.11383,0.026176,0.2639,0.11286,0.021824,0.23464,0.11015,0.019136,248,248,248,195,194,196,172,176,178,225,225,224,152,147,141,114,116,121,0.5347,0.54178,0.53517
1,6.1571e+05,-2.931,13.84,195,800,-2.9257,13.683,186.21,785.19,0.20459,0.11134,0.017216,0.18267,0.1068,0.01472,0.16344,0.10444,0.01312,249,249,249,207,199,192,167,173,177,224,223,223,122,132,138,108,112,119,0.53221,0.53112,0.52889
1,6.1581e+05,-2.931,13.76,195,800,-2.9236,13.603,186.31,1060.4,0.25453,0.12128,0.02304,0.22799,0.11599,0.01984,0.20938,0.11246,0.01792,250,251,249,170,179,189,189,184,179,218,220,220,128,129,128,110,113,119,0.55534,0.53758,0.53304
1,6.1591e+05,-2.931,13.68,195,800,-2.9384,13.533,184.72,945.58,0.27657,0.11941,0.024576,0.25306,0.11312,0.021184,0.24056,0.10896,0.018688,248,249,249,161,176,190,191,186,179,215,218,218,130,129,125,112,116,121,0.53193,0.53368,0.53206
1,6.1601e+05,-2.931,13.6,195,800,-2.9225,13.44,185.97,874.59,0.26829,0.11645,0.022336,0.24291,0.11273,0.019072,0.22281,0.10459,0.016768,247,248,248,200,197,192,170,176,178,217,216,216,107,117,124,122,124,126,0.53457,0.53645,0.53194
1,6.1611e+05,-2.931,13.52,195,800,-2.931,13.369,186.31,967.58,0.24987,0.1189,0.022144,0.22581,0.11421,0.019392,0.20734,0.11161,0.017408,248,248,247,198,198,197,178,178,175,218,220,219,132,135,135,122,122,123,0.52077,0.52323,0.52201
1,6.1621e+05,-2.931,13.44,195,800,-2.9331,13.301,186.34,883.27,0.26893,0.11502,0.022656,0.24393,0.11056,0.01984,0.22757,0.10307,0.017344,247,246,246,200,196,195,180,180,176,219,222,221,154,149,144,109,115,122,0.54476,0.53916,0.52814
1,6.1631e+05,-2.931,13.36,195,800,-2.9151,13.199,187.44,972.1,0.29034,0.11903,0.02496,0.25938,0.11382,0.021376,0.22663,0.11135,0.018624,243,245,244,185,196,200,178,178,178,223,226,229,162,161,154,109,115,121,0.52992,0.53198,0.52961
1,6.1641e+05,-2.931,13.28,195,800,-2.9342,13.118,187.63,710.42,0.26647,0.12068,0.024256,0.24719,0.11297,0.020992,0.22871,0.1066,0.018368,245,244,241,202,204,201,178,179,180,230,230,231,161,160,152,123,123,124,0.53689,0.53683,0.532
1,6.1651e+05,-2.931,13.2,195,800,-2.9225,13.024,186.67,1323.5,0.2936,0.12228,0.023936,0.23256,0.11826,0.019776,0.20466,0.11499,0.017728,229,234,236,194,203,205,181,184,182,234,237,235,145,141,137,129,129,128,0.52968,0.53491,0.5323
1,6.1661e+05,-2.931,13.12,195,800,-2.949,12.963,186.71,673.78,0.27238,0.12285,0.025088,0.24369,0.11625,0.021312,0.22756,0.11161,0.019008,229,230,231,202,201,202,174,177,179,233,235,234,111,118,124,119,124,128,0.534,0.53468,0.52886
1,6.1671e+05,-2.931,13.04,195,800,-2.9182,12.868,187.52,997.07,0.25766,0.11486,0.022208,0.23447,0.10738,0.01888,0.21877,0.1033,0.017216,231,233,234,201,203,204,173,173,176,233,233,233,117,117,119,122,123,126,0.52617,0.53415,0.53022
1,6.1681e+05,-2.931,12.96,195,800,-2.9448,12.821,186.16,576.58,0.29716,0.12432,0.026304,0.26591,0.11565,0.02272,0.25127,0.11222,0.020864,248,244,240,210,205,201,174,173,173,230,229,229,116,117,119,118,118,120,0.53477,0.53905,0.53552
1,6.1691e+05,-2.931,12.88,195,800,-2.9299,12.736,185.82,907.7,0.28485,0.12194,0.025664,0.26724,0.11569,0.022656,0.24434,0.11199,0.020672,249,247,244,205,201,199,175,174,173,228,228,227,114,116,119,111,112,117,0.53157,0.53646,0.53442
1,6.1701e+05,-2.931,12.8,195,800,-2.932,12.645,186.61,628.09,0.25932,0.12253,0.022848,0.22567,0.11793,0.020096,0.20829,0.11606,0.018304,246,246,246,192,197,200,174,173,171,227,226,224,120,124,124,107,112,117,0.53252,0.53661,0.53315
1,6.1711e+05,-2.931,12.72,195,800,-2.9342,12.578,185.91,845.85,0.26928,0.12463,0.024512,0.24309,0.12115,0.02144,0.22574,0.11572,0.019008,245,245,246,235,219,203,167,170,172,218,220,220,143,134,128,117,119,121,0.52961,0.53451,0.53094
1,6.1721e+05,-2.931,12.64,195,800,-2.9331,12.497,185.72,840.14,0.25713,0.11701,0.0224,0.23108,0.11302,0.019392,0.21155,0.10886,0.017408,247,247,247,225,214,202,177,173,172,213,215,217,133,132,130,116,119,121,0.53076,0.53227,0.52927
1,6.1731e+05,-2.931,12.56,195,800,-2.9267,12.415,186.88,728.51,0.27045,0.11766,0.023936,0.24222,0.11291,0.02048,0.23096,0.10674,0.017984,252,250,249,181,188,194,174,175,175,204,209,213,138,136,136,112,112,113,0.52968,0.53456,0.53151
1,6.1741e+05,-2.931,12.48,195,800,-2.9533,12.348,186.8,870.79,0.30644,0.1106,0.023872,0.26419,0.10606,0.020416,0.23634,0.10269,0.017472,251,251,250,184,186,193,171,173,176,208,211,215,147,147,145,104,106,109,0.53281,0.53423,0.53288
1,6.1751e+05,-2.931,12.4,195,800,-2.9395,12.259,187.28,884.78,0.2813,0.1189,0.024128,0.25065,0.11376,0.0208,0.23173,0.11141,0.018176,250,249,249,199,198,198,177,177,177,224,222,219,178,170,161,100,102,106,0.53683,0.53587,0.53658
1,6.1761e+05,-2.931,12.32,195,800,-2.9395,12.17,185.32,1066.5,0.25118,0.12163,0.023104,0.23518,0.11425,0.019904,0.21948,0.1082,0.018048,245,248,249,193,204,208,170,174,175,222,222,221,172,167,163,108,109,110,0.53878,0.53596,0.53424
1,6.1771e+05,-2.931,12.24,195,800,-2.9289,12.101,187.93,760.43,0.26906,0.12098,0.024448,0.24723,0.11702,0.021568,0.23055,0.11215,0.019264,252,249,249,216,208,208,169,170,175,227,222,222,157,159,161,115,112,112,0.54581,0.53957,0.53485
1,6.1781e+05,-2.931,12.16,195,800,-2.9342,12.014,186.84,730.15,0.29679,0.11586,0.025344,0.25465,0.11161,0.021312,0.23039,0.10733,0.018624,250,249,248,203,203,202,184,177,174,235,229,226,167,156,149,112,111,114,0.55051,0.5382,0.53484
1,6.1791e+05,-2.931,12.08,195,800,-2.9267,11.922,187.48,1240.1,0.27087,0.12805,0.026368,0.25274,0.12286,0.023232,0.23332,0.11754,0.020928,250,248,246,196,197,199,185,179,175,236,233,230,154,150,142,110,111,113,0.54359,0.53734,0.5339
1,6.1801e+05,-2.931,12,195,800,-2.9363,11.863,185.96,1113.6,0.26712,0.12027,0.024192,0.24264,0.11327,0.020736,0.22688,0.10575,0.018432,250,247,245,216,204,201,175,173,173,242,240,240,125,125,128,108,108,109,0.5271,0.53329,0.53408
1,6.1811e+05,-2.931,11.92,195,800,-2.9246,11.785,186.55,834.17,0.25736,0.12124,0.022784,0.22407,0.11213,0.019072,0.20065,0.10993,0.016576,249,247,247,205,212,213,165,165,167,245,248,248,130,134,135,103,103,104,0.53406,0.53609,0.53391
1,6.1821e+05,-2.931,11.84,195,800,-2.9193,11.684,186.24,917.65,0.30686,0.1137,0.023424,0.26551,0.11018,0.019264,0.2341,0.10198,0.01568,248,248,249,220,217,218,156,159,164,255,252,251,161,153,142,101,100,99,0.53249,0.53185,0.52746
1,6.1831e+05,-2.931,11.76,195,800,-2.9299,11.626,185.37,830.32,0.27761,0.11912,0.02336,0.23469,0.11497,0.0192,0.20869,0.10844,0.016384,254,251,251,239,220,210,156,156,162,255,255,255,168,161,157,89,91,96,0.51917,0.52604,0.52454
1,6.1841e+05,-2.931,11.68,195,800,-2.9151,11.536,185.73,864.68,0.23672,0.12396,0.02016,0.21329,0.11514,0.017216,0.19879,0.11244,0.015424,246,250,251,201,207,206,158,160,164,255,255,255,146,157,159,90,93,98,0.51936,0.51531,0.51093
1,6.1851e+05,-2.931,11.6,195,800,-2.9289,11.46,185.81,961.49,0.21638,0.1226,0.020096,0.18874,0.11674,0.016832,0.17163,0.11026,0.014784,243,248,250,200,197,199,168,169,170,255,255,255,149,154,154,105,109,113,0.50937,0.5089,0.50665
1,6.1861e+05,-2.931,11.52,195,800,-2.9098,11.361,185.94,957.57,0.25554,0.11712,0.022336,0.23062,0.11297,0.019584,0.20827,0.10889,0.017152,251,251,251,214,209,203,179,176,174,255,255,255,137,136,137,133,138,149,0.52473,0.51924,0.5149
1,6.1871e+05,-2.931,11.44,195,800,-2.932,11.311,185.07,1161.8,0.26387,0.12059,0.024128,0.24188,0.11406,0.020928,0.22038,0.11015,0.018112,250,252,252,210,208,206,179,176,173,255,255,255,125,124,125,164,169,175,0.52012,0.52162,0.52199
1,6.1881e+05,-2.931,11.36,195,800,-2.9554,11.249,185.29,861.54,0.26506,0.12675,0.025216,0.24104,0.12045,0.021888,0.21743,0.11506,0.0192,255,254,252,211,208,207,167,168,169,255,255,254,100,101,103,248,237,226,0.53036,0.53053,0.52918
1,6.1891e+05,-2.931,11.28,195,800,-2.9373,11.146,185.79,928.94,0.30808,0.12546,0.02688,0.24558,0.12155,0.021632,0.20469,0.11987,0.018624,255,254,252,215,210,208,164,164,165,255,254,252,91,94,96,255,252,244,0.53978,0.53872,0.5356
1,6.1901e+05,-2.931,11.2,195,800,-2.9182,11.05,186.42,1144.8,0.24945,0.12309,0.023296,0.22137,0.11761,0.01984,0.20782,0.11224,0.017792,253,251,250,215,213,211,157,159,161,254,252,251,84,88,96,255,255,255,0.54707,0.54167,0.54304
1,6.1911e+05,-2.931,11.12,195,800,-2.9395,10.999,186.17,893.28,0.25075,0.1283,0.024512,0.23365,0.12212,0.02208,0.22349,0.11549,0.019584,244,245,247,210,210,207,163,163,164,255,253,252,112,121,130,255,255,255,0.56087,0.56035,0.55748
1,6.1921e+05,-2.931,11.04,195,800,-2.9299,10.91,186.64,687.61,0.31057,0.12031,0.027136,0.26987,0.11552,0.022912,0.23705,0.11448,0.020032,242,243,246,207,207,204,167,167,166,255,255,253,158,154,152,255,255,255,0.57638,0.5702,0.55625
1,6.2228e+05,-2.838,11,195,800,-2.8365,10.923,-0.19301,853.14,0,0,0,0,0,0,0,0,0,249,249,248,181,189,194,168,168,167,255,255,253,201,197,190,255,255,255,0.48445,0.49399,0.50203
1,6.2238e+05,-2.838,11.08,195,800,-2.8408,10.989,185.42,826.85,0.16834,0.11947,0.014976,0.1509,0.11109,0.012864,0.13673,0.10979,0.011712,251,250,249,222,214,208,160,163,166,248,246,246,125,132,140,255,255,255,0.57523,0.57565,0.57558
1,6.2248e+05,-2.838,11.16,195,800,-2.8281,11.049,186.41,665.2,0.2087,0.12281,0.019136,0.19165,0.1151,0.016448,0.15873,0.11237,0.013888,251,251,251,232,222,211,158,164,167,235,240,242,92,100,114,255,255,255,0.55321,0.55818,0.562
1,6.2258e+05,-2.838,11.24,195,800,-2.8238,11.126,186.4,659.03,0.28128,0.11513,0.024256,0.25032,0.10878,0.020288,0.21543,0.10532,0.016448,255,253,251,206,209,211,175,171,169,239,239,240,81,81,86,255,255,253,0.57135,0.55695,0.5536
1,6.2268e+05,-2.838,11.32,195,800,-2.8535,11.228,186.24,702.41,0.33951,0.13678,0.034816,0.31705,0.12646,0.029824,0.3004,0.12045,0.027008,250,251,251,201,204,207,172,172,170,247,245,243,80,82,85,255,252,244,0.55019,0.54912,0.54829
1,6.2278e+05,-2.838,11.4,195,800,-2.8461,11.304,187.19,875.05,0.48261,0.11449,0.030336,0.238,0.11373,0.020096,0.20231,0.10816,0.016384,252,251,251,205,205,205,170,170,170,255,253,251,90,91,94,208,206,202,0.54064,0.54437,0.54554
1,6.2288e+05,-2.838,11.48,195,800,-2.8419,11.379,186.88,737.87,0.36001,0.12282,0.032256,0.33249,0.1124,0.026432,0.30325,0.10568,0.022336,254,253,251,202,203,202,170,172,173,255,255,254,102,105,109,130,138,148,0.53861,0.54143,0.54195
1,6.2298e+05,-2.838,11.56,195,800,-2.8323,11.437,187.19,732.4,0.26519,0.12583,0.024832,0.23279,0.11934,0.020928,0.21417,0.11612,0.018432,252,251,251,197,197,198,175,174,174,255,255,255,113,114,117,118,120,125,0.54088,0.53829,0.53911
1,6.2308e+05,-2.838,11.64,195,800,-2.8344,11.518,185.94,793.37,0.32753,0.12455,0.029376,0.27075,0.11453,0.022208,0.21876,0.1128,0.017984,251,250,250,178,187,197,175,174,174,255,255,255,132,129,130,93,96,99,0.54527,0.53836,0.53717
1,6.2318e+05,-2.838,11.72,195,800,-2.8397,11.6,186.91,733.76,0.26989,0.1334,0.027392,0.24915,0.1262,0.023872,0.23326,0.12225,0.02176,253,252,251,188,193,199,170,173,173,255,255,255,131,136,134,83,86,91,0.547,0.53819,0.53753
1,6.2328e+05,-2.838,11.8,195,800,-2.8376,11.684,185.7,964.57,0.33432,0.12318,0.029312,0.29506,0.11656,0.023936,0.24644,0.10995,0.01984,255,253,251,200,211,211,177,170,168,255,254,252,132,131,126,79,83,86,0.54315,0.53263,0.53183
1,6.2338e+05,-2.838,11.88,195,800,-2.8344,11.751,186.07,717.62,0.30648,0.13409,0.030784,0.28681,0.12418,0.02656,0.26577,0.11726,0.023296,245,247,249,217,214,212,161,164,166,247,244,242,100,106,114,89,91,91,0.53422,0.53356,0.53417
1,6.2348e+05,-2.838,11.96,195,800,-2.844,11.843,186.51,633.98,0.30825,0.12021,0.026496,0.26535,0.11474,0.021568,0.23972,0.1074,0.018688,242,246,248,207,209,209,164,165,167,240,237,237,104,106,110,93,94,95,0.5347,0.53874,0.53752
1,6.2358e+05,-2.838,12.04,195,800,-2.8387,11.914,186.31,753.39,0.31077,0.13001,0.029888,0.28316,0.12417,0.025472,0.25332,0.11931,0.022016,251,249,248,190,191,194,176,172,171,226,227,226,128,121,115,101,100,100,0.53904,0.54101,0.53723
1,6.2368e+05,-2.838,12.12,195,800,-2.8196,11.979,186.99,708.35,0.26057,0.12681,0.024704,0.23248,0.11863,0.020608,0.21832,0.11096,0.01824,251,249,248,182,183,190,176,175,172,222,222,221,130,125,119,102,102,102,0.54628,0.53518,0.5342
1,6.2378e+05,-2.838,12.2,195,800,-2.8419,12.08,186.67,630.29,0.34103,0.12091,0.029312,0.30758,0.11119,0.024064,0.26869,0.10679,0.020096,248,249,249,192,193,195,175,172,172,202,209,212,131,130,129,101,103,104,0.53543,0.53279,0.53347
1,6.2388e+05,-2.838,12.28,195,800,-2.8365,12.162,186.18,879.3,0.24505,0.12078,0.022336,0.21976,0.11688,0.019648,0.20972,0.11071,0.0176,252,251,250,217,212,204,171,171,172,202,204,207,158,146,135,100,100,101,0.53799,0.53621,0.53536
1,6.2398e+05,-2.838,12.36,195,800,-2.8344,12.238,185.93,861,0.3381,0.13324,0.02816,0.25494,0.11878,0.021568,0.22621,0.11532,0.018688,252,250,250,214,208,204,176,172,173,204,206,206,156,145,134,98,97,100,0.51908,0.53469,0.53633
1,6.2408e+05,-2.838,12.44,195,800,-2.8429,12.333,185.79,1045.6,0.29305,0.11878,0.025856,0.26523,0.11446,0.022592,0.25225,0.10713,0.019968,252,252,251,184,191,199,178,177,178,214,207,202,113,118,122,94,97,101,0.53318,0.53422,0.53475
1,6.2418e+05,-2.838,12.52,195,800,-2.8546,12.386,186.09,824.89,0.30128,0.12445,0.0272,0.27118,0.11718,0.023616,0.25028,0.11017,0.020288,253,253,251,188,191,198,190,180,177,209,204,201,106,109,113,100,101,104,0.54375,0.53471,0.53418
1,6.2428e+05,-2.838,12.6,195,800,-2.844,12.483,186.58,815.66,0.31919,0.11933,0.02784,0.28673,0.11347,0.023488,0.25734,0.11016,0.02016,251,249,249,210,206,206,174,175,176,198,198,201,108,108,108,112,111,112,0.52859,0.53464,0.53547
1,6.2438e+05,-2.838,12.68,195,800,-2.845,12.559,185.83,644.22,0.25491,0.1252,0.023488,0.22158,0.11748,0.019648,0.19246,0.11521,0.01696,244,246,247,211,209,205,168,171,174,206,206,206,118,115,109,127,120,115,0.54839,0.53766,0.53477
1,6.2448e+05,-2.838,12.76,195,800,-2.8514,12.641,186.84,922.05,0.31183,0.12189,0.027648,0.27765,0.11288,0.022912,0.24696,0.11045,0.019456,248,247,247,202,198,198,175,174,174,211,210,210,122,116,109,127,118,112,0.53018,0.53082,0.5327
1,6.2458e+05,-2.838,12.84,195,800,-2.8302,12.686,187.62,868.73,0.27093,0.1263,0.025408,0.25919,0.11645,0.022144,0.23821,0.11248,0.020224,246,244,244,170,181,193,175,176,176,218,215,212,109,105,103,95,100,106,0.53908,0.53073,0.53347
1,6.2468e+05,-2.838,12.92,195,800,-2.8259,12.768,186.62,885.05,0.30047,0.11794,0.026048,0.26502,0.11563,0.022656,0.24758,0.11299,0.020288,238,239,241,194,193,192,168,172,175,218,215,213,98,98,99,98,100,105,0.51751,0.53126,0.53342
1,6.2478e+05,-2.838,13,195,800,-2.8461,12.881,187.02,899.28,0.27199,0.12361,0.025216,0.2469,0.11909,0.021952,0.22165,0.11368,0.019008,227,230,234,218,208,200,169,170,174,216,216,214,96,95,95,113,113,113,0.5342,0.53243,0.53201
1,6.2488e+05,-2.838,13.08,195,800,-2.8419,12.948,186.92,1011.1,0.2655,0.12601,0.024832,0.21993,0.11988,0.020672,0.19598,0.1163,0.017792,232,232,232,202,198,199,183,181,179,221,219,217,94,96,97,123,123,122,0.54202,0.53661,0.53339
1,6.2498e+05,-2.838,13.16,195,800,-2.8291,13.024,187.62,864.94,0.22492,0.14502,0.023104,0.20477,0.13261,0.019904,0.18703,0.12385,0.017472,243,237,234,197,201,203,195,189,181,220,221,219,99,99,102,124,126,124,0.53313,0.52913,0.53051
1,6.2508e+05,-2.838,13.24,195,800,-2.8365,13.102,185.52,851.07,0.28223,0.128,0.0272,0.25595,0.12181,0.023424,0.23403,0.11525,0.020544,245,243,239,241,223,206,192,188,182,234,227,219,119,116,112,126,124,122,0.54146,0.53286,0.53246
1,6.2518e+05,-2.838,13.32,195,800,-2.8387,13.191,187.39,808.96,0.29372,0.11967,0.024576,0.24558,0.11189,0.019904,0.21478,0.10941,0.017344,246,242,239,238,221,205,185,182,179,228,225,219,125,120,115,119,119,118,0.53029,0.53054,0.5306
1,6.2528e+05,-2.838,13.4,195,800,-2.8397,13.256,186.09,870.7,0.28755,0.1295,0.028288,0.25946,0.12107,0.024192,0.23421,0.11948,0.021696,238,240,242,190,194,198,170,173,173,218,216,213,109,113,115,105,109,112,0.54092,0.53107,0.52992
1,6.2538e+05,-2.838,13.48,195,800,-2.8578,13.354,184.35,659.44,0.26196,0.12264,0.024,0.24129,0.1175,0.02112,0.22116,0.11274,0.01856,248,247,246,186,192,197,169,169,169,203,205,206,105,107,109,118,115,113,0.52708,0.53186,0.52929
1,6.2548e+05,-2.838,13.56,195,800,-2.8312,13.413,185.78,691.28,0.28452,0.12034,0.025408,0.26231,0.1137,0.02176,0.23998,0.10902,0.019008,248,249,248,196,200,198,167,169,171,197,201,204,104,107,108,120,118,116,0.5326,0.53126,0.52964
1,6.2558e+05,-2.838,13.64,195,800,-2.8472,13.5,185.82,1114,0.26529,0.12367,0.024768,0.24602,0.11638,0.021568,0.22657,0.11209,0.019072,245,247,249,202,195,190,178,178,175,206,206,205,124,118,110,119,118,117,0.52147,0.52637,0.52984
1,6.2568e+05,-2.838,13.72,195,800,-2.8472,13.57,186.46,556.66,0.281,0.12612,0.026496,0.26266,0.11813,0.022912,0.2386,0.11382,0.02016,244,247,249,173,184,191,181,180,176,211,209,207,133,123,110,119,116,114,0.5371,0.53039,0.53038
1,6.2578e+05,-2.838,13.8,195,800,-2.8556,13.667,186.78,724.99,0.26728,0.12211,0.023488,0.23186,0.11566,0.019648,0.19803,0.1121,0.016832,251,249,249,204,193,187,165,171,175,205,209,210,115,114,112,105,107,109,0.52063,0.53064,0.53038
1,6.2588e+05,-2.838,13.88,195,800,-2.8493,13.719,187.52,861.1,0.27706,0.13159,0.026688,0.25034,0.1248,0.022848,0.23073,0.11937,0.020608,245,246,249,183,191,196,176,174,175,214,214,212,123,119,114,103,105,108,0.54831,0.53526,0.5317
1,6.2598e+05,-2.838,13.96,195,800,-2.8355,13.794,188.12,633.44,0.29475,0.12282,0.026752,0.26128,0.1159,0.022912,0.23708,0.11161,0.019968,245,247,249,195,197,200,181,178,176,218,215,212,125,120,113,105,107,110,0.52347,0.52911,0.53106
1,6.2608e+05,-2.838,14.04,195,800,-2.8387,13.888,188.46,799.4,0.27922,0.13085,0.027264,0.25615,0.12287,0.023488,0.23231,0.11775,0.020864,248,249,250,234,223,211,177,178,179,205,207,208,96,102,108,109,111,113,0.52632,0.53003,0.52905
1,6.2618e+05,-2.838,14.12,195,800,-2.8419,13.967,187.21,809.99,0.27185,0.12605,0.02496,0.23235,0.12075,0.020864,0.20044,0.11723,0.017856,248,249,249,236,226,216,177,178,180,201,204,206,94,99,105,106,109,111,0.53165,0.53194,0.52952
1,6.2628e+05,-2.838,14.2,195,800,-2.8397,14.047,185.68,947.69,0.26631,0.13076,0.026624,0.24363,0.12087,0.022912,0.22727,0.11842,0.020608,242,242,243,224,219,211,182,181,181,210,210,207,118,114,112,95,98,102,0.5303,0.53358,0.53098
1,6.2638e+05,-2.838,14.28,195,800,-2.8461,14.138,185.95,908.72,0.24316,0.12669,0.02336,0.22247,0.11882,0.020544,0.21267,0.11412,0.018624,232,236,240,189,193,197,176,179,182,218,215,211,133,129,121,87,90,96,0.52378,0.53153,0.53151
1,6.2648e+05,-2.838,14.36,195,800,-2.8472,14.222,185.39,866.88,0.29083,0.12321,0.027072,0.25906,0.11772,0.023488,0.24385,0.11235,0.020736,239,239,240,173,183,192,176,179,183,217,215,211,134,130,124,91,92,95,0.53767,0.53199,0.53237
1,6.2658e+05,-2.838,14.44,195,800,-2.8387,14.291,185.44,795.89,0.27795,0.12163,0.025216,0.25945,0.11383,0.022528,0.24821,0.1095,0.019968,243,243,243,191,190,192,190,187,184,214,212,209,133,132,128,97,98,98,0.54045,0.53426,0.53379
1,6.2668e+05,-2.838,14.52,195,800,-2.8397,14.365,185.46,628.8,0.26326,0.12644,0.024896,0.24205,0.11873,0.021952,0.224,0.11642,0.01984,239,242,244,198,200,203,186,185,183,213,209,206,144,136,126,99,100,102,0.52996,0.5322,0.53222
1,6.2678e+05,-2.838,14.6,195,800,-2.8503,14.464,184.7,964.25,0.31794,0.12182,0.027328,0.26888,0.11523,0.022528,0.22727,0.11412,0.019712,243,243,244,235,227,218,170,175,179,191,198,199,125,128,125,108,109,110,0.52523,0.53034,0.53203
1,6.2688e+05,-2.838,14.68,195,800,-2.8281,14.53,186.85,765.83,0.25828,0.12376,0.024192,0.23844,0.11482,0.020864,0.21896,0.11029,0.018432,239,241,243,208,215,217,178,176,176,195,194,192,116,117,113,123,122,121,0.54158,0.53821,0.53549
1,6.2698e+05,-2.838,14.76,195,800,-2.8482,14.614,186.24,1010.8,0.2844,0.12488,0.02688,0.26316,0.11771,0.023616,0.24567,0.10953,0.020544,236,239,242,194,199,208,171,177,179,192,192,191,105,108,108,128,127,126,0.5389,0.53193,0.53422
1,6.2708e+05,-2.838,14.84,195,800,-2.8408,14.686,187.12,776.48,0.25486,0.12438,0.023232,0.22784,0.12161,0.020032,0.2103,0.11304,0.0176,237,239,241,194,195,197,186,186,184,201,198,195,91,98,106,133,133,133,0.54303,0.53755,0.53536
1,6.2718e+05,-2.838,14.92,195,800,-2.8482,14.786,186.23,834.11,0.24194,0.13138,0.02432,0.20903,0.12433,0.019968,0.18492,0.12018,0.017536,240,241,243,209,202,199,194,190,185,207,205,200,107,109,109,137,136,136,0.54066,0.53647,0.53564
1,6.2728e+05,-2.838,15,195,800,-2.845,14.862,186.62,870.11,0.27354,0.12192,0.024512,0.25369,0.11494,0.02144,0.2375,0.11018,0.019328,248,247,245,211,213,210,184,185,185,217,216,213,130,125,118,138,141,144,0.52826,0.53034,0.53589
1,6.2738e+05,-2.838,15.08,195,800,-2.8291,14.922,187.25,731.52,0.27181,0.11693,0.022272,0.21867,0.11416,0.018176,0.18073,0.11171,0.015488,247,248,248,216,216,218,183,183,183,229,228,227,121,120,118,153,156,161,0.5354,0.53736,0.53512
1,6.2748e+05,-2.838,15.16,195,800,-2.8493,15.005,186.61,975.65,0.27043,0.1287,0.026048,0.24907,0.12124,0.022528,0.22938,0.11687,0.020224,249,248,248,210,218,220,185,184,181,237,237,234,120,116,116,167,170,172,0.54026,0.53389,0.53363
1,6.2758e+05,-2.838,15.24,195,800,-2.844,15.086,187.12,769.51,0.24449,0.13157,0.023808,0.21107,0.12423,0.019456,0.18168,0.12143,0.016896,248,246,244,210,209,209,178,177,176,250,250,248,109,118,126,191,191,187,0.54085,0.53486,0.53414
1,6.2768e+05,-2.838,15.32,195,800,-2.8482,15.159,186.79,1014,0.26023,0.12832,0.02528,0.23737,0.12242,0.02176,0.21604,0.11532,0.019072,239,241,242,194,197,205,171,172,173,254,253,252,132,135,139,192,191,190,0.54478,0.53589,0.5354
1,6.2778e+05,-2.838,15.4,195,800,-2.8365,15.232,187.96,734.9,0.24095,0.12338,0.022144,0.20648,0.12084,0.019008,0.18763,0.11221,0.016192,234,236,237,190,197,202,172,171,172,255,255,255,202,180,157,181,181,186,0.53361,0.53749,0.53697
1,6.2788e+05,-2.838,15.48,195,800,-2.8376,15.339,187.23,1001.2,0.22744,0.12038,0.02016,0.19124,0.1143,0.016832,0.16573,0.1118,0.014272,236,238,238,224,216,210,179,180,178,255,255,255,144,150,149,167,173,178,0.53952,0.54016,0.53944
1,6.2798e+05,-2.838,15.56,195,800,-2.8482,15.427,187.34,931.69,0.23101,0.12831,0.022144,0.21007,0.12521,0.019584,0.18983,0.121,0.01728,236,238,239,211,214,213,185,183,181,255,255,255,123,129,139,163,167,171,0.54042,0.54292,0.54294
1,6.2808e+05,-2.838,15.64,195,800,-2.8419,15.474,185.91,873.51,0.25562,0.12256,0.022784,0.21504,0.1184,0.018752,0.19183,0.11372,0.016448,238,238,238,212,209,207,183,184,183,255,255,255,126,133,138,144,145,148,0.54118,0.54502,0.5469
1,6.2818e+05,-2.838,15.72,195,800,-2.8334,15.559,184.45,585.47,0.24914,0.12622,0.024256,0.23109,0.1186,0.02112,0.20955,0.1135,0.018496,236,236,237,207,205,201,186,183,181,255,255,255,150,149,145,133,131,133,0.55537,0.55119,0.54925
1,6.2828e+05,-2.838,15.8,195,800,-2.8397,15.623,187.2,471.99,0.25806,0.12633,0.02496,0.2416,0.12067,0.022272,0.22496,0.11604,0.019904,235,234,234,181,183,185,179,176,173,255,255,255,167,157,146,102,105,112,0.54899,0.55291,0.55351
1,6.2838e+05,-2.838,15.88,195,800,-2.861,15.717,185.45,1003.8,0.21223,0.12071,0.01952,0.19021,0.11655,0.017152,0.17681,0.11208,0.01536,232,232,232,163,166,169,165,166,168,255,255,255,125,132,143,112,115,123,0.5556,0.5618,0.56392
1,6.2848e+05,-2.838,15.96,195,800,-2.8334,15.785,186.16,791.32,0.26151,0.12564,0.024896,0.24326,0.11853,0.022016,0.22962,0.11361,0.020032,232,231,230,163,162,164,168,167,168,255,255,255,133,139,142,136,136,135,0.58038,0.57555,0.564
1,6.3155e+05,-2.745,16,195,800,-2.7506,15.775,-0.18639,690.92,0,0,0,0,0,0,0,0,0,228,230,231,153,156,159,177,177,178,255,255,255,160,149,144,165,155,149,0.5171,0.51775,0.51879
1,6.3165e+05,-2.745,15.92,195,800,-2.7655,15.727,185.99,704.41,0.20412,0.11308,0.015552,0.16538,0.10916,0.013312,0.14713,0.10353,0.011776,231,232,232,162,166,168,171,172,175,255,255,255,121,124,133,107,114,122,0.57837,0.57713,0.57575
1,6.3175e+05,-2.745,15.84,195,800,-2.7485,15.646,186.88,637.66,0.21079,0.12062,0.019264,0.19283,0.11208,0.01664,0.17166,0.10949,0.014656,230,232,233,177,176,176,170,172,173,255,255,255,123,124,129,99,102,110,0.55545,0.56043,0.56123
1,6.3185e+05,-2.745,15.76,195,800,-2.7527,15.554,187.36,710.54,0.31626,0.119,0.02848,0.29467,0.11051,0.024512,0.27647,0.10281,0.021056,236,236,236,195,196,195,173,174,176,255,255,255,123,128,133,100,104,109,0.54814,0.55165,0.55418
1,6.3195e+05,-2.745,15.68,195,800,-2.7623,15.493,186.22,958.51,0.34817,0.14158,0.033152,0.27754,0.13838,0.02496,0.22248,0.13517,0.019264,237,239,239,206,204,203,177,177,177,255,255,255,127,131,133,109,113,118,0.555,0.54938,0.55005
1,6.3205e+05,-2.745,15.6,195,800,-2.7549,15.407,187.66,811.08,0.3113,0.11894,0.023232,0.2453,0.10888,0.01856,0.21651,0.10571,0.016128,245,244,242,215,217,216,185,183,179,255,255,255,130,125,123,142,141,138,0.55415,0.54866,0.54813
1,6.3215e+05,-2.745,15.52,195,800,-2.7506,15.331,189.36,444.43,0.27259,0.12571,0.026304,0.24941,0.11464,0.021696,0.21784,0.11286,0.01888,239,241,241,234,225,215,182,178,175,255,255,255,97,108,120,150,151,152,0.54309,0.54694,0.54756
1,6.3225e+05,-2.745,15.44,195,800,-2.7326,15.239,186.87,1088.4,0.34457,0.12083,0.030912,0.2985,0.11391,0.02528,0.26994,0.10989,0.021888,237,240,240,219,216,210,169,172,173,255,255,255,104,111,118,147,154,157,0.54428,0.54531,0.54467
1,6.3235e+05,-2.745,15.36,195,800,-2.7464,15.178,186.3,899.88,0.28113,0.13258,0.028928,0.2592,0.12375,0.02496,0.24373,0.11989,0.022656,244,243,242,189,194,202,167,170,171,255,255,252,101,109,113,177,171,166,0.55317,0.54308,0.5416
1,6.3245e+05,-2.745,15.28,195,800,-2.7379,15.093,186.69,830.29,0.28071,0.13747,0.027136,0.2303,0.12879,0.021696,0.2059,0.12296,0.018944,247,246,244,196,200,205,171,173,173,254,252,248,96,101,107,179,177,172,0.54288,0.54154,0.54066
1,6.3255e+05,-2.745,15.2,195,800,-2.7538,15.029,185.7,968.52,0.27475,0.12205,0.024064,0.21929,0.11675,0.019456,0.19133,0.11498,0.016896,248,249,247,243,225,215,176,178,179,232,234,232,100,96,95,192,179,170,0.53463,0.53626,0.53857
1,6.3265e+05,-2.745,15.12,195,800,-2.7527,14.945,185.84,700.79,0.33603,0.12938,0.030144,0.25466,0.12748,0.024192,0.2247,0.12188,0.020864,247,247,247,225,225,221,177,181,181,210,211,211,86,87,89,156,158,158,0.53045,0.53678,0.53795
1,6.3275e+05,-2.745,15.04,195,800,-2.7432,14.859,186.18,663.04,0.28444,0.14435,0.031872,0.26493,0.13399,0.027328,0.25122,0.12433,0.024128,246,247,246,229,224,216,178,181,182,201,202,202,74,81,87,148,150,151,0.5271,0.5308,0.53561
1,6.3285e+05,-2.745,14.96,195,800,-2.7495,14.779,186.88,907.18,0.3268,0.12357,0.03008,0.27497,0.11653,0.023936,0.23567,0.11177,0.019904,244,245,245,207,207,206,182,184,184,188,188,186,74,76,80,146,145,143,0.5437,0.53996,0.53744
1,6.3295e+05,-2.745,14.88,195,800,-2.7495,14.711,186.72,790.2,0.33527,0.12933,0.032,0.28487,0.12604,0.027264,0.26168,0.121,0.023744,241,244,244,190,194,199,187,186,183,179,179,179,72,75,79,143,143,140,0.52142,0.53356,0.53528
1,6.3305e+05,-2.745,14.8,195,800,-2.7527,14.634,186.37,655.34,0.3198,0.12222,0.026688,0.2543,0.11433,0.020608,0.21157,0.10959,0.016832,243,243,244,187,192,199,180,180,179,161,167,172,73,75,78,136,135,132,0.54676,0.54041,0.53576
1,6.3315e+05,-2.745,14.72,195,800,-2.7453,14.538,187.24,1009.7,0.29766,0.12757,0.02848,0.27081,0.11881,0.02432,0.25749,0.11399,0.021504,248,246,245,220,221,219,172,173,174,179,179,176,78,81,86,125,123,120,0.53783,0.53322,0.53415
1,6.3325e+05,-2.745,14.64,195,800,-2.7464,14.461,185.83,980.63,0.26854,0.12797,0.0256,0.23638,0.12296,0.021888,0.21338,0.1142,0.01856,247,247,245,238,234,223,169,173,174,190,185,181,82,86,91,116,115,114,0.5444,0.53303,0.53208
1,6.3335e+05,-2.745,14.56,195,800,-2.7633,14.406,186.14,746.36,0.27254,0.12301,0.025856,0.24499,0.1163,0.021696,0.22528,0.11194,0.019328,244,245,245,215,219,215,180,178,178,196,194,190,90,92,96,99,100,102,0.54405,0.53431,0.53347
1,6.3345e+05,-2.745,14.48,195,800,-2.7411,14.305,186.3,785.99,0.30652,0.1241,0.027264,0.26404,0.1208,0.023424,0.2427,0.1153,0.02048,244,244,244,201,201,203,184,183,181,199,196,192,87,91,96,94,96,98,0.53282,0.53659,0.53282
1,6.3355e+05,-2.745,14.4,195,800,-2.7411,14.227,188.67,1011.4,0.31402,0.11922,0.025856,0.24874,0.1161,0.020992,0.2151,0.11191,0.017792,241,241,241,183,184,185,188,187,186,195,196,196,83,87,92,94,92,92,0.52457,0.5298,0.53111
1,6.3365e+05,-2.745,14.32,195,800,-2.7432,14.144,186.07,871.69,0.32495,0.12143,0.028608,0.29601,0.11454,0.024448,0.27119,0.11063,0.021632,237,238,241,191,190,190,187,187,185,205,204,199,79,84,89,88,92,97,0.52886,0.52711,0.53049
1,6.3375e+05,-2.745,14.24,195,800,-2.7559,14.085,186.68,418.71,0.304,0.1275,0.0288,0.2699,0.12295,0.024896,0.24878,0.11936,0.022016,240,241,242,202,199,197,189,186,184,214,207,200,79,84,89,100,101,103,0.5215,0.52465,0.52937
1,6.3385e+05,-2.745,14.16,195,800,-2.7368,13.976,186.46,969.27,0.30036,0.12343,0.02656,0.25826,0.11789,0.022208,0.21685,0.11543,0.019008,251,249,248,207,211,212,182,183,182,200,199,195,86,85,87,130,123,114,0.53619,0.52589,0.5289
1,6.3395e+05,-2.745,14.08,195,800,-2.7559,13.922,186.01,850.47,0.30773,0.11745,0.026368,0.27341,0.10943,0.021824,0.23838,0.10599,0.018752,253,252,250,212,213,212,182,180,180,193,191,192,85,83,86,129,123,117,0.5366,0.52977,0.52912
1,6.3405e+05,-2.745,14,195,800,-2.7559,13.832,186.46,797.28,0.29219,0.11844,0.024704,0.24776,0.11338,0.020416,0.21959,0.11142,0.017664,253,252,251,203,202,203,173,177,180,192,191,190,75,79,85,112,112,111,0.52755,0.52697,0.52798
1,6.3415e+05,-2.745,13.92,195,800,-2.7336,13.737,185.62,656.59,0.27693,0.13159,0.02624,0.24341,0.123,0.021824,0.21325,0.12126,0.019264,252,251,251,180,186,192,174,174,175,200,197,193,79,81,85,107,106,106,0.51512,0.52612,0.52742
1,6.3425e+05,-2.745,13.84,195,800,-2.7464,13.669,185.71,1035.5,0.31786,0.1138,0.025792,0.27476,0.10983,0.021248,0.24445,0.10312,0.017856,251,250,250,188,188,188,168,170,173,203,197,193,77,80,86,106,106,107,0.53902,0.52973,0.52834
1,6.3435e+05,-2.745,13.76,195,800,-2.7612,13.614,187.08,845.37,0.28784,0.11642,0.02528,0.24642,0.1111,0.020864,0.21747,0.10827,0.018112,248,250,250,187,185,188,174,171,171,199,195,190,78,81,85,115,114,111,0.52297,0.52631,0.52784
1,6.3445e+05,-2.745,13.68,195,800,-2.74,13.514,186.89,895.61,0.29855,0.11836,0.024192,0.27121,0.11187,0.019904,0.23853,0.1067,0.01728,253,250,250,173,184,191,178,173,170,197,193,189,78,81,86,120,117,113,0.53047,0.52987,0.52752
1,6.3455e+05,-2.745,13.6,195,800,-2.7517,13.437,186.74,882.78,0.28989,0.12548,0.027264,0.25829,0.11601,0.022336,0.19678,0.11413,0.016832,252,251,250,208,196,193,164,163,167,191,186,185,83,85,87,115,113,113,0.53903,0.5259,0.52574
1,6.3465e+05,-2.745,13.52,195,800,-2.7262,13.342,186.31,872.51,0.29653,0.11969,0.026176,0.26471,0.11328,0.021888,0.24334,0.10585,0.019008,252,249,247,201,196,196,156,158,163,188,186,186,94,88,85,107,108,108,0.53081,0.52783,0.5281
1,6.3475e+05,-2.745,13.44,195,800,-2.7495,13.282,187.02,775.86,0.2693,0.12485,0.0256,0.24297,0.12121,0.022336,0.22424,0.11522,0.01984,244,244,244,203,195,193,162,162,164,194,190,188,81,82,84,105,106,107,0.53581,0.53093,0.52883
1,6.3485e+05,-2.745,13.36,195,800,-2.7495,13.212,186.59,494.15,0.30371,0.1292,0.029184,0.26637,0.12174,0.024384,0.24275,0.11805,0.02144,230,234,239,180,187,193,171,169,169,199,197,194,73,76,81,115,110,109,0.53856,0.53148,0.52974
1,6.3495e+05,-2.745,13.28,195,800,-2.7432,13.122,186.93,779.38,0.28507,0.11829,0.024576,0.23652,0.11356,0.019776,0.20265,0.11155,0.016832,232,235,238,189,190,193,169,171,172,203,198,195,74,75,79,115,114,113,0.53894,0.53254,0.53022
1,6.3505e+05,-2.745,13.2,195,800,-2.7517,13.054,187.78,1193.4,0.2893,0.12333,0.0256,0.25065,0.1162,0.021632,0.22116,0.11386,0.019008,235,237,238,200,196,194,178,176,175,187,191,193,66,70,77,122,121,120,0.53386,0.52719,0.52834
1,6.3515e+05,-2.745,13.12,195,800,-2.7559,12.977,186.32,825.06,0.24414,0.12746,0.023808,0.21693,0.12096,0.020416,0.19493,0.11727,0.017728,233,233,236,185,189,193,176,174,174,192,191,192,71,73,77,130,124,118,0.52824,0.53087,0.5303
1,6.3525e+05,-2.745,13.04,195,800,-2.7432,12.894,187.3,548.15,0.32136,0.12289,0.02944,0.27244,0.11689,0.02336,0.24081,0.10839,0.019264,228,233,236,188,190,192,169,172,174,196,192,191,74,76,79,121,117,114,0.53034,0.53024,0.53134
1,6.3535e+05,-2.745,12.96,195,800,-2.74,12.789,185.37,920.59,0.26171,0.12277,0.023232,0.23189,0.11995,0.020288,0.20296,0.1147,0.017152,240,239,238,191,190,187,182,179,176,186,189,193,74,77,82,99,101,103,0.54039,0.53016,0.53011
1,6.3545e+05,-2.745,12.88,195,800,-2.7177,12.688,185.82,1061.2,0.21715,0.12752,0.021184,0.1868,0.12166,0.01792,0.17353,0.11732,0.016064,242,241,242,183,183,184,185,183,179,188,191,194,75,78,83,97,98,101,0.53518,0.53099,0.53044
1,6.3555e+05,-2.745,12.8,195,800,-2.7421,12.639,187.13,621.37,0.24482,0.1176,0.022016,0.22183,0.11403,0.0192,0.20318,0.11005,0.01696,250,249,247,180,182,185,185,182,178,200,197,195,83,83,84,103,107,110,0.52874,0.53048,0.53307
1,6.3565e+05,-2.745,12.72,195,800,-2.7538,12.572,187.75,890.43,0.2412,0.11342,0.0192,0.20473,0.10827,0.016064,0.18414,0.10608,0.014272,249,249,249,199,200,198,170,173,175,196,194,191,71,77,83,126,123,117,0.52631,0.52853,0.53098
1,6.3575e+05,-2.745,12.64,195,800,-2.7421,12.478,186.75,1068.1,0.23303,0.11983,0.021248,0.21371,0.11322,0.018368,0.20257,0.10656,0.01632,247,248,249,206,208,205,172,174,176,194,190,188,72,75,80,121,120,118,0.53881,0.53535,0.53241
1,6.3585e+05,-2.745,12.56,195,800,-2.7379,12.392,186.12,1189.6,0.31647,0.12525,0.028288,0.27011,0.12324,0.024512,0.24737,0.11623,0.020992,253,251,250,220,215,207,189,184,179,185,183,184,72,74,79,106,107,109,0.53468,0.53237,0.53242
1,6.3595e+05,-2.745,12.48,195,800,-2.7432,12.328,185.92,1080.4,0.32539,0.12343,0.028736,0.2893,0.11829,0.024128,0.24732,0.11414,0.02016,253,252,250,210,207,206,185,184,180,179,181,183,72,76,81,102,104,106,0.5272,0.52718,0.53191
1,6.3605e+05,-2.745,12.4,195,800,-2.7559,12.262,186.92,772.94,0.29313,0.12526,0.027136,0.25622,0.12306,0.023296,0.23447,0.11695,0.020288,248,250,250,207,208,207,177,178,180,181,185,188,84,88,92,101,102,102,0.55767,0.53951,0.53399
1,6.3615e+05,-2.745,12.32,195,800,-2.7304,12.143,187.5,1170.4,0.28364,0.11944,0.024704,0.24223,0.11192,0.019648,0.19765,0.10991,0.016704,252,250,249,215,210,203,171,174,176,198,194,192,96,97,97,97,101,103,0.53592,0.53705,0.53439
1,6.3625e+05,-2.745,12.24,195,800,-2.7474,12.114,187.51,944.03,0.29524,0.12537,0.025984,0.21138,0.12638,0.0208,0.19084,0.1222,0.018112,249,249,249,190,197,199,165,170,176,191,194,195,86,93,97,104,103,102,0.54279,0.53939,0.53559
1,6.3635e+05,-2.745,12.16,195,800,-2.7474,12.014,186.57,1275,0.24569,0.12841,0.023424,0.21068,0.12225,0.01984,0.19391,0.11886,0.017792,240,245,247,167,176,186,171,172,174,198,200,201,78,84,91,101,101,100,0.5416,0.53771,0.53462
1,6.3645e+05,-2.745,12.08,195,800,-2.7453,11.947,183.75,849.52,0.268,0.12234,0.024576,0.23829,0.11676,0.020672,0.20461,0.11486,0.017984,243,246,246,171,179,187,172,172,172,207,207,207,80,84,89,97,98,97,0.53384,0.53824,0.53651
1,6.3655e+05,-2.745,12,195,800,-2.7442,11.865,185.97,756.76,0.23144,0.123,0.021504,0.20216,0.11849,0.01856,0.1914,0.11439,0.016384,249,247,245,201,202,203,157,163,169,218,220,222,84,86,88,91,91,90,0.5472,0.535,0.53603
1,6.3665e+05,-2.745,11.92,195,800,-2.7315,11.771,187.19,959.91,0.25194,0.12629,0.02464,0.22798,0.11999,0.021312,0.21584,0.11284,0.01888,246,247,247,230,222,214,170,170,171,230,236,239,83,87,93,82,82,84,0.52696,0.5339,0.53612
1,6.3675e+05,-2.745,11.84,195,800,-2.7591,11.714,187.36,789.31,0.26714,0.11643,0.022272,0.22944,0.11218,0.018304,0.19236,0.11006,0.015744,250,251,249,227,219,216,178,176,174,246,246,246,90,93,98,79,79,82,0.54422,0.53743,0.53744
1,6.3685e+05,-2.745,11.76,195,800,-2.7495,11.627,186.98,832.62,0.2905,0.12414,0.02688,0.27471,0.11811,0.024128,0.2628,0.1096,0.021504,253,253,251,210,204,207,175,180,181,255,255,254,111,108,107,80,82,87,0.53846,0.54074,0.53811
1,6.3695e+05,-2.745,11.68,195,800,-2.7474,11.54,187.19,852.74,0.25956,0.12575,0.024832,0.22953,0.12176,0.02144,0.2028,0.11729,0.018304,250,250,251,192,201,201,182,184,182,255,255,255,109,110,109,88,90,94,0.5333,0.5418,0.54243
1,6.3705e+05,-2.745,11.6,195,800,-2.7421,11.447,185.84,868.2,0.25707,0.12823,0.023808,0.21551,0.11953,0.019456,0.19592,0.11714,0.017344,250,250,251,193,191,195,189,186,179,255,255,255,108,105,103,116,117,118,0.55388,0.54634,0.54394
1,6.3715e+05,-2.745,11.52,195,800,-2.7421,11.378,186.98,1479.7,0.21375,0.12358,0.019264,0.17756,0.11897,0.016,0.15895,0.11716,0.0144,254,253,251,197,200,202,168,170,172,255,254,253,88,91,93,147,150,157,0.53974,0.54374,0.54548
1,6.3725e+05,-2.745,11.44,195,800,-2.757,11.312,186.37,495.79,0.26428,0.12827,0.025024,0.24744,0.12031,0.021952,0.22769,0.11388,0.019136,253,252,250,213,208,204,164,166,168,252,251,249,83,84,86,171,177,183,0.54635,0.55245,0.55087
1,6.3735e+05,-2.745,11.36,195,800,-2.7453,11.214,186.45,830.68,0.23503,0.11557,0.019328,0.1919,0.11275,0.016448,0.1711,0.10832,0.014272,244,247,249,199,203,208,169,169,169,236,236,235,77,78,79,245,238,229,0.54999,0.54994,0.55216
1,6.3745e+05,-2.745,11.28,195,800,-2.7453,11.144,186.55,988.17,0.28419,0.11974,0.024512,0.24687,0.11456,0.020672,0.22099,0.11034,0.017792,246,247,249,194,201,209,175,173,171,224,226,229,78,78,79,255,252,245,0.5561,0.55684,0.55614
1,6.3755e+05,-2.745,11.2,195,800,-2.7442,11.059,186.43,1021.4,0.25041,0.1315,0.024896,0.22756,0.12281,0.021312,0.2063,0.11726,0.018688,252,251,249,214,215,211,176,174,172,215,221,228,87,90,97,255,255,255,0.56467,0.56209,0.56269
1,6.3765e+05,-2.745,11.12,195,800,-2.74,10.972,187.12,670.86,0.26075,0.11896,0.022848,0.24061,0.11345,0.02016,0.21638,0.10745,0.01728,247,248,249,203,204,203,172,170,170,242,242,241,152,157,154,255,255,255,0.57547,0.57446,0.57276
1,6.3775e+05,-2.745,11.04,195,800,-2.7411,10.93,187.14,524.2,0.29076,0.12125,0.02688,0.26445,0.11416,0.023104,0.2397,0.10965,0.020224,249,249,249,180,188,195,170,169,169,253,251,248,222,204,183,255,255,255,0.58061,0.57308,0.56075
1,6.4082e+05,-2.652,11,195,800,-2.6679,10.931,-0.56709,931.04,0,0,0,0,0,0,0,0,0,252,248,245,188,184,184,177,173,171,254,254,252,223,211,193,255,255,255,0.49523,0.49822,0.50801
1,6.4092e+05,-2.652,11.08,195,800,-2.6466,11.001,185.27,830.86,0.16856,0.11998,0.015552,0.15702,0.11592,0.014016,0.14566,0.11185,0.012672,237,241,244,199,197,195,169,170,172,249,244,238,142,148,146,255,255,255,0.58202,0.58336,0.58441
1,6.4102e+05,-2.652,11.16,195,800,-2.6625,11.063,185.45,541.42,0.19734,0.12083,0.017984,0.18122,0.11634,0.016,0.16638,0.10961,0.01376,243,242,244,222,209,200,171,173,174,232,229,227,108,111,119,255,255,255,0.56963,0.56858,0.56874
1,6.4112e+05,-2.652,11.24,195,800,-2.6657,11.158,186.89,743.75,0.26464,0.12103,0.023936,0.24675,0.11207,0.020608,0.22233,0.10846,0.017664,248,248,247,218,211,208,175,174,172,205,205,210,75,77,83,255,255,254,0.56988,0.56372,0.56043
1,6.4122e+05,-2.652,11.32,195,800,-2.6562,11.225,186.71,888.76,0.27969,0.12733,0.026752,0.24719,0.11873,0.0224,0.22093,0.11218,0.018816,248,248,248,202,208,211,166,168,171,205,206,210,67,72,78,255,253,247,0.56166,0.55866,0.55592
1,6.4132e+05,-2.652,11.4,195,800,-2.6625,11.302,186.9,854.02,0.30733,0.1227,0.02816,0.28725,0.11514,0.024064,0.23016,0.1133,0.019904,247,247,248,232,221,211,158,161,165,233,230,227,74,76,80,226,220,215,0.56041,0.55071,0.55017
1,6.4142e+05,-2.652,11.48,195,800,-2.6636,11.378,186.29,697.5,0.30058,0.13178,0.02944,0.26903,0.12492,0.025408,0.24951,0.11983,0.022592,248,249,250,202,205,206,166,168,171,255,252,246,83,86,89,161,163,166,0.55431,0.54868,0.54872
1,6.4152e+05,-2.652,11.56,195,800,-2.6466,11.433,187.94,902.28,0.32768,0.11552,0.026368,0.24406,0.11412,0.020736,0.20748,0.10992,0.01728,251,251,250,189,195,203,176,176,175,254,254,251,89,90,91,144,143,143,0.5538,0.55081,0.54805
1,6.4162e+05,-2.652,11.64,195,800,-2.6541,11.536,186.58,857.62,0.28657,0.12199,0.02496,0.25269,0.11351,0.020992,0.2274,0.10843,0.017536,248,249,250,212,208,204,187,183,181,255,255,254,91,92,94,119,115,111,0.53489,0.53834,0.54177
1,6.4172e+05,-2.652,11.72,195,800,-2.6477,11.607,187.8,731.74,0.29028,0.13977,0.030528,0.26862,0.12814,0.026112,0.24435,0.11746,0.022272,246,249,251,227,216,208,177,182,183,255,255,254,92,91,93,104,101,100,0.53688,0.54145,0.54241
1,6.4182e+05,-2.652,11.8,195,800,-2.6541,11.694,187.76,947,0.30258,0.12936,0.029248,0.27172,0.11914,0.024768,0.25519,0.11359,0.022144,255,252,249,211,215,216,189,184,181,255,254,251,88,90,90,79,82,85,0.54948,0.54374,0.54112
1,6.4192e+05,-2.652,11.88,195,800,-2.6509,11.77,187,803.65,0.30414,0.1255,0.02752,0.2634,0.1195,0.02272,0.23405,0.11653,0.01984,239,241,244,228,224,217,176,177,177,245,242,237,83,83,83,77,79,81,0.52971,0.53672,0.539
1,6.4202e+05,-2.652,11.96,195,800,-2.6509,11.847,185.45,926.62,0.24748,0.12711,0.023424,0.21333,0.12347,0.020224,0.19655,0.11479,0.017728,232,237,241,227,221,214,169,171,174,234,230,227,76,77,78,80,81,83,0.53386,0.53886,0.5387
1,6.4212e+05,-2.652,12.04,195,800,-2.6816,11.951,186.03,1102.4,0.34542,0.12231,0.0304,0.30633,0.11619,0.025664,0.28114,0.10809,0.021824,239,241,241,190,198,202,171,173,174,201,203,203,65,67,70,88,88,88,0.55308,0.54216,0.53873
1,6.4222e+05,-2.652,12.12,195,800,-2.6615,12.017,184.96,1156.1,0.28221,0.1196,0.024576,0.25396,0.11189,0.02112,0.23108,0.10703,0.018048,246,244,242,195,195,194,180,179,176,186,191,195,62,64,67,91,91,92,0.53485,0.53203,0.53526
1,6.4232e+05,-2.652,12.2,195,800,-2.6509,12.073,186.62,674.52,0.26062,0.12202,0.023488,0.23244,0.11597,0.020352,0.21442,0.11048,0.017856,247,246,246,186,193,194,188,185,182,180,182,185,64,64,67,101,100,98,0.51729,0.53071,0.53401
1,6.4242e+05,-2.652,12.28,195,800,-2.6647,12.185,185.9,1161.1,0.26027,0.12993,0.025344,0.23358,0.11949,0.021696,0.21582,0.11559,0.019328,252,248,248,213,204,199,196,189,184,188,184,182,68,66,68,106,106,104,0.52553,0.53523,0.53613
1,6.4252e+05,-2.652,12.36,195,800,-2.6604,12.238,186.83,925.12,0.33047,0.12753,0.030336,0.27801,0.12249,0.025024,0.2353,0.11618,0.020352,246,248,249,206,207,204,190,188,185,182,182,179,64,65,67,109,108,105,0.52615,0.53471,0.53445
1,6.4262e+05,-2.652,12.44,195,800,-2.653,12.307,187.35,912.21,0.29498,0.12825,0.028096,0.27536,0.12276,0.024896,0.25726,0.11302,0.022016,247,248,249,208,208,208,179,181,183,166,168,171,60,61,64,112,110,107,0.5316,0.52999,0.53234
1,6.4272e+05,-2.652,12.52,195,800,-2.6477,12.383,187.08,846.88,0.28511,0.12482,0.026496,0.2447,0.12261,0.022656,0.21902,0.1161,0.019072,247,249,249,212,210,208,177,180,181,160,163,167,60,61,63,109,110,109,0.52847,0.53583,0.53414
1,6.4282e+05,-2.652,12.6,195,800,-2.6434,12.466,186.3,988.21,0.34213,0.12145,0.02848,0.32016,0.11287,0.024064,0.28565,0.11231,0.020288,245,246,248,208,206,206,173,175,175,162,165,168,58,59,62,113,114,115,0.53162,0.53819,0.53571
1,6.4292e+05,-2.652,12.68,195,800,-2.6551,12.536,186.94,1051.3,0.28592,0.13774,0.0288,0.25605,0.13284,0.024512,0.22096,0.12834,0.021056,251,249,248,192,194,195,170,171,172,170,173,177,60,62,65,133,125,116,0.54362,0.54093,0.53639
1,6.4302e+05,-2.652,12.76,195,800,-2.6562,12.63,185.99,687.97,0.27944,0.1289,0.027712,0.24882,0.12468,0.023936,0.2298,0.12237,0.021696,255,250,247,181,186,187,171,172,174,174,179,181,68,66,67,124,119,113,0.54273,0.53595,0.53252
1,6.4312e+05,-2.652,12.84,195,800,-2.6636,12.709,186.28,954.85,0.2738,0.12927,0.024832,0.23179,0.12393,0.020864,0.21064,0.11507,0.017984,241,244,246,176,174,177,183,181,178,187,185,184,67,69,72,95,100,103,0.53446,0.53483,0.53472
1,6.4322e+05,-2.652,12.92,195,800,-2.6594,12.797,186.8,1077.8,0.22169,0.14971,0.023872,0.20503,0.1432,0.0208,0.18983,0.1324,0.018112,242,244,245,168,171,176,186,182,177,178,180,183,66,72,75,101,98,98,0.54,0.5384,0.53383
1,6.4332e+05,-2.652,13,195,800,-2.635,12.858,185.45,726.89,0.26533,0.14003,0.027136,0.23953,0.12956,0.023104,0.21904,0.1261,0.020352,250,246,243,176,179,183,168,170,173,167,171,175,87,79,74,94,99,102,0.5217,0.52944,0.53098
1,6.4342e+05,-2.652,13.08,195,800,-2.653,12.956,185.72,750.57,0.26047,0.12297,0.024192,0.21651,0.11632,0.019392,0.19014,0.11171,0.016512,244,242,240,194,191,188,165,167,170,166,167,169,63,65,67,113,112,110,0.53686,0.53128,0.53124
1,6.4352e+05,-2.652,13.16,195,800,-2.6488,13.024,187.03,869.12,0.28163,0.12211,0.024832,0.25377,0.11978,0.02176,0.22606,0.11513,0.018944,243,241,240,190,187,186,167,168,169,161,164,168,58,59,62,119,116,113,0.52306,0.53075,0.53047
1,6.4362e+05,-2.652,13.24,195,800,-2.6477,13.099,186.8,937.81,0.22261,0.12656,0.021312,0.19636,0.12224,0.01824,0.18138,0.1134,0.016128,240,240,240,161,169,179,160,163,167,163,164,168,56,58,62,111,111,111,0.52809,0.52979,0.53077
1,6.4372e+05,-2.652,13.32,195,800,-2.6594,13.18,186.58,647.51,0.28908,0.12471,0.025088,0.21823,0.12244,0.020096,0.19549,0.11699,0.017408,240,240,241,161,168,179,156,161,166,160,164,170,57,61,63,108,107,106,0.52173,0.5276,0.52912
1,6.4382e+05,-2.652,13.4,195,800,-2.6551,13.275,186.08,937.37,0.20617,0.12487,0.019776,0.18882,0.11853,0.017408,0.16806,0.11581,0.015424,246,245,244,194,191,192,166,164,164,159,166,172,65,65,68,94,98,102,0.53922,0.53265,0.53141
1,6.4392e+05,-2.652,13.48,195,800,-2.6604,13.347,187.37,1042,0.27215,0.12513,0.025088,0.24862,0.11587,0.021568,0.22918,0.11412,0.019328,250,250,249,199,204,204,165,165,165,165,168,171,66,68,69,103,101,102,0.53339,0.53075,0.53002
1,6.4402e+05,-2.652,13.56,195,800,-2.6466,13.413,186.94,791.36,0.19568,0.1294,0.019392,0.18056,0.12082,0.016832,0.16391,0.11752,0.014976,249,250,250,200,203,203,166,164,166,164,166,170,66,68,69,102,103,104,0.5272,0.52743,0.52704
1,6.4412e+05,-2.652,13.64,195,800,-2.6594,13.504,188.44,697.65,0.26045,0.12566,0.02464,0.23665,0.11878,0.021312,0.21091,0.1143,0.018304,251,252,252,191,189,191,167,168,169,158,163,169,62,64,68,108,109,109,0.52578,0.52539,0.52575
1,6.4422e+05,-2.652,13.72,195,800,-2.6625,13.588,187.14,799.43,0.284,0.13006,0.026368,0.25303,0.12472,0.022144,0.21283,0.11965,0.018688,255,253,252,183,183,187,172,170,170,159,164,169,64,64,67,115,112,109,0.52753,0.52606,0.52583
1,6.4432e+05,-2.652,13.8,195,800,-2.6583,13.66,187.53,986.21,0.25609,0.12882,0.024512,0.216,0.12509,0.020032,0.18532,0.12091,0.017536,255,254,253,188,187,186,166,171,174,162,167,172,64,65,68,104,107,108,0.5264,0.52559,0.52669
1,6.4442e+05,-2.652,13.88,195,800,-2.6477,13.729,187.29,818.08,0.21502,0.12709,0.020864,0.19278,0.1219,0.018112,0.18251,0.11406,0.016128,255,254,253,188,187,190,187,182,178,170,171,173,67,67,70,101,104,108,0.53224,0.52773,0.52862
1,6.4452e+05,-2.652,13.96,195,800,-2.6318,13.79,187.1,613.84,0.26726,0.114,0.022464,0.23528,0.10628,0.01856,0.21016,0.10364,0.016192,253,254,254,177,186,194,193,186,180,170,169,172,69,70,73,107,107,110,0.52929,0.53047,0.52962
1,6.4462e+05,-2.652,14.04,195,800,-2.6445,13.88,186.66,581.18,0.27856,0.12077,0.02432,0.2329,0.11689,0.020416,0.21104,0.11065,0.017344,254,253,252,212,206,201,183,184,181,158,165,173,79,81,81,114,116,117,0.52866,0.53061,0.52947
1,6.4472e+05,-2.652,14.12,195,800,-2.6434,13.967,187.55,833.6,0.1806,0.13455,0.018112,0.15195,0.12869,0.015232,0.14506,0.12103,0.013888,253,252,251,229,213,202,187,182,180,166,170,175,84,83,81,123,123,118,0.52502,0.5297,0.53109
1,6.4482e+05,-2.652,14.2,195,800,-2.6466,14.052,186.04,796.65,0.24125,0.1256,0.02304,0.21814,0.11906,0.019712,0.19373,0.11666,0.017408,247,248,248,190,193,195,177,180,182,183,181,180,70,71,75,123,118,111,0.51851,0.52669,0.53139
1,6.4492e+05,-2.652,14.28,195,800,-2.6381,14.114,186.93,795.43,0.26975,0.12091,0.023616,0.22967,0.11451,0.019776,0.20674,0.11077,0.017088,247,246,245,179,179,181,191,188,185,170,174,179,62,63,66,94,95,98,0.54473,0.53647,0.53396
1,6.4502e+05,-2.652,14.36,195,800,-2.6636,14.219,185.97,770.52,0.25516,0.12438,0.024064,0.24392,0.11332,0.020928,0.22193,0.11063,0.018624,245,245,245,174,175,179,195,190,186,168,171,177,62,63,66,89,91,93,0.53481,0.53495,0.5335
1,6.4512e+05,-2.652,14.44,195,800,-2.6498,14.296,186.5,1166.7,0.27443,0.12904,0.025216,0.22665,0.12259,0.020672,0.20263,0.11661,0.017792,246,245,244,175,178,184,182,182,181,172,173,176,68,68,70,92,92,93,0.52772,0.53051,0.5318
1,6.4522e+05,-2.652,14.52,195,800,-2.6466,14.372,186.56,696.68,0.23976,0.13521,0.02432,0.22005,0.12839,0.02112,0.20124,0.12045,0.018496,244,244,245,182,188,196,175,176,178,175,174,176,71,72,73,93,94,95,0.5269,0.53242,0.53334
1,6.4532e+05,-2.652,14.6,195,800,-2.6647,14.456,186.31,924.45,0.26423,0.12925,0.024896,0.23148,0.12424,0.021568,0.20817,0.1219,0.0192,251,248,247,248,230,217,174,172,173,167,168,170,84,76,73,105,105,105,0.55369,0.53647,0.53393
1,6.4542e+05,-2.652,14.68,195,800,-2.6456,14.516,185.99,551.82,0.25681,0.13385,0.026048,0.23095,0.12723,0.022592,0.20819,0.12069,0.019584,249,248,248,231,226,218,171,172,173,150,153,157,70,69,69,116,116,117,0.54184,0.53767,0.53407
1,6.4552e+05,-2.652,14.76,195,800,-2.6551,14.595,186.83,932.23,0.22265,0.13306,0.021824,0.19436,0.12544,0.018496,0.17956,0.11925,0.016576,243,246,248,208,210,210,171,173,174,142,145,152,65,65,65,117,121,123,0.54107,0.53934,0.53722
1,6.4562e+05,-2.652,14.84,195,800,-2.6477,14.688,186.08,817.64,0.28935,0.14153,0.027328,0.23796,0.13833,0.022784,0.21409,0.13039,0.019776,251,248,246,198,196,198,178,177,177,144,147,152,59,60,62,136,133,132,0.5356,0.53726,0.53763
1,6.4572e+05,-2.652,14.92,195,800,-2.6625,14.782,185.66,1032,0.27321,0.14391,0.029184,0.25342,0.13276,0.025536,0.23163,0.12796,0.022528,252,248,246,189,195,201,178,177,178,154,154,156,59,59,62,139,138,137,0.54508,0.53401,0.53811
1,6.4582e+05,-2.652,15,195,800,-2.6572,14.845,186.72,952.71,0.21884,0.12317,0.019776,0.19989,0.11336,0.016832,0.17646,0.11053,0.014912,244,245,245,207,207,209,182,181,180,166,168,170,59,61,64,146,146,146,0.5431,0.5375,0.5382
1,6.4592e+05,-2.652,15.08,195,800,-2.6679,14.927,186.19,627.49,0.24452,0.12347,0.022336,0.20787,0.12039,0.01888,0.18521,0.11319,0.01632,243,244,245,206,210,213,185,181,179,184,185,189,66,67,70,152,154,155,0.54769,0.53892,0.5391
1,6.4602e+05,-2.652,15.16,195,800,-2.6477,15.002,187.38,945.39,0.23669,0.12898,0.02272,0.20766,0.12331,0.019584,0.18733,0.11843,0.017408,241,244,246,206,210,212,179,178,177,198,199,202,67,71,73,154,156,156,0.55086,0.54168,0.54019
1,6.4612e+05,-2.652,15.24,195,800,-2.6615,15.094,187.44,906.24,0.21372,0.12604,0.019776,0.18107,0.11647,0.016192,0.15659,0.11495,0.013824,247,246,245,211,208,205,171,174,176,236,233,230,73,76,79,146,152,155,0.53298,0.53837,0.54035
1,6.4622e+05,-2.652,15.32,195,800,-2.6509,15.174,186.24,863,0.26832,0.12072,0.024192,0.24169,0.11707,0.020672,0.21841,0.10942,0.01792,243,243,244,197,201,204,180,176,174,246,245,241,76,79,84,142,146,151,0.53631,0.54191,0.54219
1,6.4632e+05,-2.652,15.4,195,800,-2.6456,15.225,185.2,801.79,0.26214,0.12362,0.024704,0.24256,0.11617,0.021312,0.22497,0.11006,0.01888,237,239,242,203,201,203,168,170,172,255,254,253,93,89,91,138,140,143,0.55775,0.55051,0.54548
1,6.4642e+05,-2.652,15.48,195,800,-2.6594,15.35,186.53,1254,0.22398,0.12663,0.02176,0.20695,0.12092,0.018944,0.19386,0.11231,0.016896,246,244,243,209,212,212,165,168,172,255,255,255,91,97,105,137,139,139,0.54402,0.54511,0.54588
1,6.4652e+05,-2.652,15.56,195,800,-2.6594,15.402,186.99,900.93,0.27503,0.13248,0.025984,0.24261,0.12441,0.02208,0.21168,0.12165,0.019328,248,247,244,217,217,216,168,171,174,255,255,255,107,110,113,145,139,135,0.54169,0.54596,0.54753
1,6.4662e+05,-2.652,15.64,195,800,-2.6541,15.475,186.23,558.68,0.25442,0.1294,0.024768,0.22024,0.12018,0.02048,0.19386,0.11868,0.017984,245,244,241,216,216,212,174,176,178,255,255,255,140,133,126,119,120,121,0.54908,0.54768,0.55062
1,6.4672e+05,-2.652,15.72,195,800,-2.653,15.565,187.14,919,0.27319,0.12361,0.024832,0.2467,0.11894,0.021824,0.22295,0.11452,0.01888,239,239,239,207,208,205,172,175,177,255,255,255,131,132,130,103,108,113,0.55527,0.55195,0.55256
1,6.4682e+05,-2.652,15.8,195,800,-2.6498,15.631,188.03,603.11,0.27388,0.13518,0.027776,0.24723,0.12972,0.024256,0.23285,0.12258,0.021888,229,233,235,189,186,185,172,173,176,255,255,255,119,123,127,100,101,106,0.56553,0.56231,0.55906
1,6.4692e+05,-2.652,15.88,195,800,-2.653,15.722,186.56,777.41,0.24054,0.12304,0.022272,0.22494,0.11965,0.020352,0.20942,0.11338,0.01824,239,236,234,167,169,168,178,179,179,255,255,255,120,123,131,113,119,127,0.56733,0.56916,0.56879
1,6.4702e+05,-2.652,15.96,195,800,-2.6625,15.793,187.74,929.71,0.25552,0.11969,0.022784,0.23787,0.11088,0.019776,0.22218,0.10769,0.017792,236,235,234,166,164,163,184,184,181,255,255,255,124,132,136,139,141,141,0.58355,0.57685,0.56936
1,6.5009e+05,-2.559,16,195,800,-2.5692,15.79,0.52535,662.56,0,0,0,0,0,0,0,0,0,234,234,234,154,157,157,187,187,186,255,255,255,153,149,149,182,181,177,0.52217,0.52749,0.52735
1,6.5019e+05,-2.559,15.92,195,800,-2.5681,15.707,187.43,613.59,0.16726,0.11046,0.014592,0.15091,0.1065,0.012672,0.13988,0.10387,0.01152,244,240,236,163,163,163,183,182,183,255,255,255,134,135,140,131,135,141,0.58031,0.5753,0.57469
1,6.5029e+05,-2.559,15.84,195,800,-2.5649,15.645,186.6,844.52,0.18203,0.12658,0.017728,0.16512,0.11916,0.01536,0.15207,0.11728,0.013888,242,239,237,157,163,170,176,179,181,255,255,255,132,134,137,111,115,122,0.5645,0.56615,0.56389
1,6.5039e+05,-2.559,15.76,195,800,-2.584,15.583,186.67,930.05,0.30082,0.11472,0.025984,0.2776,0.10741,0.021824,0.24057,0.10151,0.017472,232,234,237,187,187,189,186,182,180,255,255,255,145,139,134,105,104,107,0.54554,0.55504,0.55741
1,6.5049e+05,-2.559,15.68,195,800,-2.5543,15.477,187.22,840.08,0.31543,0.12717,0.030144,0.26318,0.11951,0.023808,0.22548,0.11278,0.01952,237,236,237,212,206,201,191,185,180,255,255,255,141,136,132,107,108,110,0.54623,0.5551,0.55477
1,6.5059e+05,-2.559,15.6,195,800,-2.5713,15.421,186.95,836.1,0.37915,0.12607,0.034048,0.30099,0.11826,0.026688,0.26964,0.11295,0.022976,244,243,242,224,220,213,183,180,178,255,255,255,116,118,119,127,122,120,0.55369,0.549,0.54984
1,6.5069e+05,-2.559,15.52,195,800,-2.5533,15.326,185.22,919.11,0.33233,0.12721,0.031552,0.30473,0.11787,0.026432,0.27549,0.10773,0.021568,242,243,243,200,204,207,167,171,174,255,255,255,107,106,107,128,128,127,0.54771,0.55055,0.54778
1,6.5079e+05,-2.559,15.44,195,800,-2.5596,15.242,186.73,778.66,0.30548,0.12959,0.029376,0.27295,0.12152,0.02496,0.2533,0.11677,0.022144,243,242,243,197,198,202,170,171,174,255,255,254,102,102,103,133,129,128,0.54843,0.54435,0.54524
1,6.5089e+05,-2.559,15.36,195,800,-2.5554,15.159,185.78,836.16,0.35003,0.1196,0.030272,0.32297,0.10965,0.026048,0.2889,0.10511,0.022272,243,244,244,205,201,199,184,181,179,251,248,245,82,87,90,129,128,129,0.53753,0.54218,0.54332
1,6.5099e+05,-2.559,15.28,195,800,-2.548,15.065,185.85,1109.9,0.30618,0.1206,0.027008,0.2731,0.11217,0.022208,0.24464,0.1086,0.019008,245,245,245,207,200,198,187,182,180,237,237,235,70,77,83,130,129,131,0.5431,0.54076,0.542
1,6.5109e+05,-2.559,15.2,195,800,-2.5671,15.01,186.96,831.16,0.28691,0.11553,0.024832,0.25827,0.11102,0.021184,0.22139,0.1069,0.017728,246,246,246,185,191,200,173,175,179,198,202,206,64,64,66,143,140,139,0.54995,0.54528,0.54252
1,6.5119e+05,-2.559,15.12,195,800,-2.549,14.929,186.61,625.66,0.29849,0.11868,0.026816,0.27295,0.11009,0.022464,0.24917,0.10475,0.019136,246,244,245,211,205,205,180,178,178,168,172,176,58,61,66,154,149,144,0.55938,0.54366,0.54062
1,6.5129e+05,-2.559,15.04,195,800,-2.583,14.874,185.09,689.17,0.28771,0.11061,0.02304,0.24435,0.10647,0.018688,0.20652,0.1042,0.015872,244,244,245,215,212,208,184,181,178,157,160,165,63,65,67,152,147,143,0.54835,0.54378,0.53971
1,6.5139e+05,-2.559,14.96,195,800,-2.5564,14.768,185.79,1115.1,0.24121,0.1237,0.023104,0.22505,0.11641,0.020224,0.21144,0.11125,0.018176,245,246,247,220,217,211,174,177,178,146,147,150,63,66,66,136,136,136,0.53539,0.53769,0.54006
1,6.5149e+05,-2.559,14.88,195,800,-2.566,14.715,186.1,885.79,0.32454,0.11874,0.028352,0.28217,0.11127,0.022912,0.25341,0.1085,0.020096,248,248,247,226,216,208,173,175,176,144,143,145,57,60,64,128,130,132,0.53328,0.53629,0.53761
1,6.5159e+05,-2.559,14.8,195,800,-2.5649,14.628,186.96,695.52,0.34132,0.12516,0.031872,0.30498,0.11951,0.027136,0.27708,0.11128,0.023232,249,248,248,189,196,205,176,175,173,134,137,141,53,54,57,126,124,123,0.53993,0.53991,0.53839
1,6.5169e+05,-2.559,14.72,195,800,-2.5586,14.534,187.58,948.29,0.38963,0.11858,0.032704,0.30757,0.11592,0.024896,0.24044,0.11233,0.019328,247,248,248,203,206,210,174,171,171,147,146,148,57,57,59,114,114,114,0.52952,0.53535,0.53529
1,6.5179e+05,-2.559,14.64,195,800,-2.5564,14.473,186.67,914.76,0.32927,0.12744,0.030976,0.29255,0.12209,0.02656,0.27071,0.11593,0.022976,249,248,246,226,215,208,166,169,170,155,155,155,57,60,61,108,108,108,0.52949,0.53336,0.53473
1,6.5189e+05,-2.559,14.56,195,800,-2.5586,14.392,186.83,966.37,0.30138,0.13649,0.030336,0.25597,0.12898,0.025152,0.24059,0.1189,0.021632,243,243,245,186,194,199,165,170,172,167,168,166,63,64,63,95,96,98,0.52373,0.53485,0.53597
1,6.5199e+05,-2.559,14.48,195,800,-2.5713,14.332,187.73,569.13,0.2742,0.13216,0.026496,0.24455,0.12276,0.0224,0.22511,0.11508,0.019008,242,243,245,185,184,189,176,174,174,170,170,168,66,64,63,92,92,94,0.52481,0.5335,0.53681
1,6.5209e+05,-2.559,14.4,195,800,-2.5692,14.238,188.43,849.11,0.2507,0.12797,0.023872,0.22177,0.12042,0.020672,0.20636,0.11763,0.01888,250,249,246,170,175,182,177,180,181,165,165,166,57,58,59,90,91,92,0.54137,0.54017,0.53581
1,6.5219e+05,-2.559,14.32,195,800,-2.5511,14.143,186.74,1165.2,0.30246,0.12096,0.027456,0.26464,0.11577,0.023168,0.23957,0.11138,0.019968,249,248,247,176,181,186,186,183,182,159,162,166,53,54,57,92,93,95,0.53118,0.53586,0.5348
1,6.5229e+05,-2.559,14.24,195,800,-2.5713,14.084,187.6,836.23,0.3344,0.11766,0.028096,0.29301,0.11263,0.023552,0.26118,0.10783,0.020416,248,248,247,183,184,188,180,181,182,165,166,167,54,56,62,92,95,98,0.52388,0.53166,0.5299
1,6.5239e+05,-2.559,14.16,195,800,-2.5639,14.001,187.49,811.8,0.30207,0.12088,0.026752,0.26873,0.11627,0.022848,0.25817,0.10672,0.020544,249,248,248,177,188,196,173,177,180,169,169,168,82,84,81,105,105,108,0.54019,0.53089,0.53134
1,6.5249e+05,-2.559,14.08,195,800,-2.5649,13.915,187.48,557.75,0.29482,0.12023,0.025472,0.24896,0.11534,0.02112,0.21722,0.1134,0.017856,247,249,249,196,197,199,177,178,179,164,165,167,115,100,87,110,112,113,0.53969,0.53571,0.53215
1,6.5259e+05,-2.559,14,195,800,-2.5543,13.834,187.5,1148,0.2381,0.12748,0.022592,0.20866,0.12075,0.019008,0.18726,0.11569,0.016896,254,252,252,203,205,205,176,178,180,157,160,163,81,86,87,119,119,119,0.53445,0.52975,0.53129
1,6.5269e+05,-2.559,13.92,195,800,-2.5522,13.76,187.48,933.31,0.29528,0.12482,0.026816,0.25068,0.11677,0.022016,0.21418,0.11576,0.019136,255,255,254,200,198,198,181,181,179,161,162,163,65,66,72,113,116,117,0.54088,0.53291,0.53056
1,6.5279e+05,-2.559,13.84,195,800,-2.5671,13.68,186.26,854.15,0.27674,0.13443,0.026816,0.23927,0.12437,0.022208,0.21235,0.12288,0.01952,255,255,254,186,192,194,180,180,179,160,162,164,62,65,68,108,112,114,0.53628,0.53019,0.53008
1,6.5289e+05,-2.559,13.76,195,800,-2.5649,13.599,186.69,634.27,0.26772,0.11722,0.022784,0.2043,0.11244,0.017472,0.17414,0.1104,0.014848,251,252,253,180,183,188,175,176,177,160,162,163,64,65,64,111,108,108,0.51498,0.52797,0.53049
1,6.5299e+05,-2.559,13.68,195,800,-2.5724,13.533,186.86,1013,0.31427,0.13012,0.02944,0.27226,0.126,0.024768,0.25125,0.12051,0.021888,250,251,251,180,183,189,174,174,174,158,160,161,62,63,64,106,105,105,0.52781,0.52748,0.52786
1,6.5309e+05,-2.559,13.6,195,800,-2.5681,13.432,186.1,1065.2,0.2572,0.12469,0.024128,0.23491,0.1174,0.020736,0.21275,0.11494,0.018432,250,250,249,196,203,203,168,171,172,154,157,160,60,61,62,100,102,103,0.52468,0.5306,0.52882
1,6.5319e+05,-2.559,13.52,195,800,-2.5437,13.354,186.47,617.02,0.28429,0.12359,0.025344,0.25691,0.11575,0.02176,0.24233,0.11187,0.01856,252,250,249,241,228,213,173,171,169,168,167,165,60,61,62,102,100,99,0.52184,0.53159,0.52949
1,6.5329e+05,-2.559,13.44,195,800,-2.5649,13.284,186.91,798.73,0.22443,0.12875,0.021632,0.2052,0.11888,0.018688,0.18475,0.11677,0.016704,252,250,247,221,220,210,169,169,168,179,172,166,60,61,62,95,96,97,0.53219,0.53019,0.53002
1,6.5339e+05,-2.559,13.36,195,800,-2.5416,13.196,187.27,1014.7,0.26941,0.12053,0.023168,0.22767,0.11674,0.019584,0.1925,0.11465,0.016896,242,245,246,185,187,188,162,164,167,163,164,165,68,65,62,94,95,97,0.52591,0.53012,0.53075
1,6.5349e+05,-2.559,13.28,195,800,-2.5671,13.137,185.75,957.47,0.31176,0.12568,0.029184,0.27158,0.12264,0.024576,0.23803,0.11622,0.02048,245,245,244,171,171,178,167,166,168,156,159,160,70,64,60,102,100,99,0.53647,0.53606,0.53212
1,6.5359e+05,-2.559,13.2,195,800,-2.5628,13.055,184.91,1131,0.35234,0.12926,0.032896,0.32254,0.12334,0.028544,0.28738,0.11964,0.025088,247,246,243,170,176,181,172,173,171,149,152,155,52,55,56,107,107,106,0.53698,0.53514,0.53499
1,6.5369e+05,-2.559,13.12,195,800,-2.5522,12.962,185.67,828.24,0.25955,0.12496,0.024,0.22321,0.11919,0.01984,0.19789,0.11545,0.017472,242,242,243,203,202,194,175,172,171,154,155,157,51,56,61,103,103,102,0.53512,0.53422,0.53453
1,6.5379e+05,-2.559,13.04,195,800,-2.5671,12.893,186.49,692.44,0.25224,0.11734,0.0224,0.23278,0.11358,0.020096,0.21289,0.10756,0.017472,240,242,243,201,199,194,168,169,171,160,161,161,66,67,67,93,97,99,0.52427,0.5311,0.53352
1,6.5389e+05,-2.559,12.96,195,800,-2.5628,12.808,187.16,992.5,0.31474,0.128,0.028608,0.28144,0.12271,0.024128,0.24061,0.11632,0.02048,247,246,244,174,176,180,168,170,172,175,174,173,86,82,75,93,93,93,0.53164,0.53329,0.5355
1,6.5399e+05,-2.559,12.88,195,800,-2.5671,12.734,185.81,830.24,0.27558,0.12095,0.024896,0.2362,0.11493,0.020736,0.21068,0.11047,0.017792,246,245,245,159,166,175,173,172,172,183,182,178,76,77,75,94,94,94,0.53822,0.53709,0.53594
1,6.5409e+05,-2.559,12.8,195,800,-2.5639,12.668,187.29,697.13,0.27412,0.12508,0.025344,0.24157,0.11993,0.021376,0.2037,0.11596,0.01792,240,242,244,175,176,179,164,169,173,191,184,177,63,65,68,101,102,102,0.53713,0.53522,0.53516
1,6.5419e+05,-2.559,12.72,195,800,-2.5543,12.558,186.44,725.86,0.22774,0.12578,0.02144,0.20137,0.11862,0.018304,0.18367,0.11332,0.015872,245,245,245,200,197,193,171,171,171,158,162,166,59,60,63,118,114,110,0.52463,0.53302,0.5346
1,6.5429e+05,-2.559,12.64,195,800,-2.5713,12.499,187.03,619.9,0.26096,0.12456,0.024576,0.23075,0.11607,0.020736,0.21053,0.11107,0.01792,246,246,246,196,198,198,169,170,172,157,157,159,56,58,61,113,113,111,0.53988,0.53463,0.53505
1,6.5439e+05,-2.559,12.56,195,800,-2.5724,12.409,187.2,633.75,0.27394,0.12329,0.024256,0.22666,0.1174,0.019968,0.19762,0.11583,0.0176,245,246,247,199,201,202,174,175,178,154,153,154,56,56,58,107,108,109,0.54388,0.53435,0.53573
1,6.5449e+05,-2.559,12.48,195,800,-2.5511,12.324,186.05,1061.5,0.26282,0.12196,0.024512,0.2408,0.11563,0.020992,0.22353,0.10898,0.01856,249,248,248,211,206,203,187,184,182,153,154,156,56,56,57,107,107,108,0.5399,0.53748,0.53414
1,6.5459e+05,-2.559,12.4,195,800,-2.5628,12.261,184.28,663.42,0.30596,0.12254,0.027264,0.25734,0.1178,0.022272,0.21882,0.11466,0.018688,252,250,249,208,205,202,198,194,189,166,165,164,55,55,57,102,104,105,0.52569,0.53575,0.5348
1,6.5469e+05,-2.559,12.32,195,800,-2.5671,12.171,185.13,740.88,0.26588,0.12288,0.024192,0.22939,0.11593,0.02016,0.20353,0.11432,0.017856,248,249,249,195,193,194,183,187,187,177,175,172,54,56,57,100,100,101,0.54135,0.54056,0.53798
1,6.5479e+05,-2.559,12.24,195,800,-2.5554,12.099,186.5,929.62,0.30527,0.12941,0.0288,0.26,0.12595,0.024896,0.23941,0.12058,0.021568,249,247,247,185,188,193,190,184,184,175,174,174,56,55,57,99,98,98,0.53519,0.53644,0.53714
1,6.5489e+05,-2.559,12.16,195,800,-2.5511,12.013,185.28,747.92,0.29526,0.12211,0.025216,0.24803,0.11717,0.020736,0.21083,0.11332,0.017536,243,243,243,212,197,192,184,181,180,173,174,178,53,54,57,86,88,91,0.54308,0.54019,0.53849
1,6.5499e+05,-2.559,12.08,195,800,-2.5533,11.923,186.66,981.48,0.29504,0.13065,0.028288,0.25408,0.12714,0.024896,0.23711,0.12164,0.022144,241,240,240,210,201,195,181,180,178,176,179,185,56,57,58,81,84,87,0.53654,0.53691,0.53705
1,6.5509e+05,-2.559,12,195,800,-2.5596,11.862,186.87,847.67,0.26637,0.11302,0.022016,0.21105,0.10951,0.0176,0.18235,0.10632,0.014848,231,232,237,208,207,207,181,178,177,206,206,208,67,66,67,83,82,83,0.54416,0.54393,0.54081
1,6.5519e+05,-2.559,11.92,195,800,-2.5702,11.795,185.42,695.33,0.26234,0.12055,0.021888,0.2152,0.11613,0.017728,0.17725,0.11287,0.015296,240,239,241,224,221,218,180,180,180,238,237,235,84,81,77,81,81,82,0.55378,0.54489,0.54218
1,6.5529e+05,-2.559,11.84,195,800,-2.5607,11.694,187.03,1025.3,0.22396,0.18279,0.02432,0.19801,0.18057,0.021248,0.19848,0.11221,0.016448,248,246,245,218,219,218,181,183,182,251,246,243,93,86,80,82,82,84,0.52883,0.53703,0.53975
1,6.5539e+05,-2.559,11.76,195,800,-2.5702,11.608,184.84,668.55,0.28025,0.12113,0.02496,0.24963,0.11657,0.021312,0.22726,0.1118,0.019008,255,253,251,203,209,214,188,183,180,254,252,251,78,82,83,91,92,93,0.54708,0.54459,0.54325
1,6.5549e+05,-2.559,11.68,195,800,-2.548,11.531,185.44,794.4,0.31014,0.11343,0.025536,0.25584,0.11275,0.021184,0.22153,0.10841,0.017472,253,252,252,206,208,210,173,177,180,254,252,250,78,81,85,98,99,101,0.53399,0.54278,0.54401
1,6.5559e+05,-2.559,11.6,195,800,-2.5522,11.45,185.48,704.94,0.2222,0.12787,0.021568,0.20462,0.12134,0.018816,0.18845,0.11483,0.016704,252,251,250,205,204,204,176,175,175,252,247,244,95,94,93,113,118,125,0.53825,0.54679,0.54679
1,6.5569e+05,-2.559,11.52,195,800,-2.5564,11.376,186.61,790.06,0.24619,0.13086,0.024128,0.21873,0.1233,0.020608,0.20226,0.11936,0.018496,249,249,250,202,205,209,172,173,172,240,235,230,101,100,95,162,166,170,0.55037,0.54935,0.54992
1,6.5579e+05,-2.559,11.44,195,800,-2.5607,11.3,188.38,661.65,0.26571,0.12562,0.025664,0.23563,0.12347,0.022208,0.21599,0.11757,0.019456,249,248,249,217,215,211,172,170,169,223,222,219,96,95,92,203,200,197,0.5496,0.5549,0.55105
1,6.5589e+05,-2.559,11.36,195,800,-2.5649,11.221,187.03,835.12,0.29399,0.12741,0.028096,0.26974,0.12186,0.024832,0.25211,0.11429,0.021824,248,249,249,219,217,215,163,166,168,182,189,196,85,81,81,252,247,240,0.56242,0.55915,0.5562
1,6.5599e+05,-2.559,11.28,195,800,-2.5734,11.159,185.98,721.37,0.26012,0.13018,0.022336,0.22275,0.12229,0.0192,0.19716,0.11863,0.01696,251,250,250,207,211,213,172,172,171,175,181,191,75,77,79,255,254,250,0.56006,0.5605,0.56009
1,6.5609e+05,-2.559,11.2,195,800,-2.5671,11.065,187.15,597.74,0.27179,0.14119,0.024512,0.23481,0.13283,0.020672,0.20828,0.12235,0.017408,249,248,247,191,197,199,188,180,172,199,200,202,81,84,89,255,255,255,0.57313,0.56482,0.56422
1,6.5619e+05,-2.559,11.12,195,800,-2.5618,10.997,186.13,563.29,0.20774,0.14004,0.021184,0.1882,0.13174,0.017856,0.17124,0.12485,0.016,234,237,242,169,177,188,164,167,171,246,237,228,113,118,124,255,255,255,0.5779,0.57573,0.57648
1,6.5629e+05,-2.559,11.04,195,800,-2.5607,10.901,185.16,985.3,0.26071,0.1433,0.027584,0.22506,0.13685,0.022976,0.19978,0.12015,0.018496,234,237,240,173,179,184,168,169,170,254,247,238,139,140,140,255,255,255,0.57374,0.57234,0.56524
1,6.5936e+05,-2.466,11,195,800,-2.4673,10.92,-0.54391,624.38,0,0,0,0,0,0,0,0,0,232,236,238,184,179,176,175,172,170,232,233,231,136,133,132,255,255,255,0.48579,0.49772,0.50458
1,6.5946e+05,-2.466,11.08,195,800,-2.4864,11.012,188.02,937.46,0.16728,0.11695,0.014784,0.14979,0.11309,0.012992,0.12884,0.10624,0.011136,245,244,244,169,174,181,156,163,169,209,212,211,100,104,108,255,255,255,0.58554,0.58393,0.58391
1,6.5956e+05,-2.466,11.16,195,800,-2.4726,11.063,185.77,682.67,0.22532,0.11561,0.017088,0.15649,0.11163,0.013504,0.14365,0.10892,0.012288,253,250,247,185,187,188,162,165,169,190,194,197,88,90,94,255,255,255,0.57128,0.56969,0.57033
1,6.5966e+05,-2.466,11.24,195,800,-2.4705,11.145,186.38,789.76,0.25215,0.11846,0.02304,0.2343,0.11271,0.02048,0.22208,0.104,0.01792,254,254,252,220,213,206,172,171,169,160,165,173,79,77,78,255,255,255,0.56072,0.56094,0.56076
1,6.5976e+05,-2.466,11.32,195,800,-2.4779,11.226,185.98,990.83,0.26211,0.13698,0.027392,0.2222,0.13017,0.022592,0.20339,0.12509,0.019712,253,253,252,214,214,212,163,167,169,159,164,172,73,75,78,255,255,251,0.57068,0.55936,0.55698
1,6.5986e+05,-2.466,11.4,195,800,-2.4917,11.319,187.21,985.5,0.33469,0.12076,0.029568,0.30483,0.1129,0.025216,0.26807,0.10605,0.020992,251,251,251,208,211,211,164,167,169,190,186,187,85,88,89,242,234,222,0.54428,0.55372,0.55356
1,6.5996e+05,-2.466,11.48,195,800,-2.479,11.384,185.86,953.48,0.2931,0.13934,0.030912,0.25894,0.12932,0.025728,0.23115,0.12561,0.022592,249,250,251,203,206,209,183,179,174,204,209,211,116,110,100,166,167,168,0.5462,0.54649,0.54741
1,6.6006e+05,-2.466,11.56,195,800,-2.4832,11.459,186.46,868.6,0.28786,0.12248,0.025984,0.25355,0.11548,0.022144,0.23625,0.10771,0.019136,249,251,252,203,207,208,181,179,175,214,219,221,117,109,99,130,135,142,0.53055,0.5511,0.55091
1,6.6016e+05,-2.466,11.64,195,800,-2.4716,11.543,187.13,1039.1,0.28354,0.11507,0.024384,0.26085,0.1086,0.020928,0.23937,0.10604,0.018624,254,253,252,207,206,207,167,171,174,237,238,238,85,86,87,106,105,107,0.53621,0.54576,0.54711
1,6.6026e+05,-2.466,11.72,195,800,-2.4684,11.597,186.27,816.39,0.3028,0.12746,0.028992,0.28937,0.11577,0.025472,0.27349,0.11206,0.022976,251,253,252,193,206,214,172,173,174,247,245,243,74,77,80,102,99,99,0.54504,0.54329,0.54538
1,6.6036e+05,-2.466,11.8,195,800,-2.4769,11.69,186.44,951.85,0.34081,0.12213,0.030976,0.29148,0.11714,0.025344,0.2559,0.11319,0.021504,254,252,250,241,230,219,181,179,175,249,249,246,73,74,74,88,89,91,0.54624,0.54381,0.54422
1,6.6046e+05,-2.466,11.88,195,800,-2.4779,11.77,186.91,689.9,0.28654,0.12924,0.027712,0.24257,0.12352,0.023104,0.2232,0.1164,0.020096,241,243,244,215,219,219,177,177,177,234,233,231,72,72,71,86,86,86,0.53742,0.54207,0.54246
1,6.6056e+05,-2.466,11.96,195,800,-2.4875,11.851,187.41,833.59,0.21973,0.12935,0.021824,0.20136,0.12066,0.019008,0.18645,0.11475,0.016576,237,239,241,203,208,211,178,177,176,219,219,218,66,67,68,84,84,85,0.54045,0.53798,0.54052
1,6.6066e+05,-2.466,12.04,195,800,-2.4779,11.917,186.66,851.01,0.33176,0.10717,0.024576,0.28666,0.10008,0.020032,0.24774,0.09761,0.016768,239,239,239,194,195,199,178,176,174,187,189,191,54,56,58,82,83,85,0.54762,0.53864,0.53963
1,6.6076e+05,-2.466,12.12,195,800,-2.4631,11.998,186.53,633.67,0.27699,0.11925,0.024256,0.24871,0.11277,0.020928,0.21985,0.10901,0.017728,241,241,241,182,189,195,172,172,173,177,178,181,51,52,55,85,86,88,0.527,0.53848,0.53931
1,6.6086e+05,-2.466,12.2,195,800,-2.4684,12.073,185.9,767.92,0.27977,0.12558,0.026304,0.25483,0.11729,0.022656,0.23581,0.11279,0.02016,245,246,246,182,188,191,165,170,174,166,168,169,50,51,52,98,96,95,0.54075,0.54124,0.53835
1,6.6096e+05,-2.466,12.28,195,800,-2.4811,12.176,187.43,888.51,0.29763,0.12893,0.028352,0.2726,0.12181,0.024768,0.26071,0.11472,0.022144,255,253,249,191,190,190,177,180,180,164,163,162,56,54,52,96,99,101,0.53735,0.53823,0.53758
1,6.6106e+05,-2.466,12.36,195,800,-2.4652,12.229,187.54,763.03,0.3319,0.12579,0.029568,0.29289,0.11674,0.02528,0.26311,0.11391,0.022336,254,252,250,185,190,192,189,186,184,157,158,158,56,54,53,100,100,103,0.5335,0.53559,0.53768
1,6.6116e+05,-2.466,12.44,195,800,-2.4705,12.319,186.91,822.21,0.31754,0.12097,0.027328,0.26147,0.11759,0.022144,0.22706,0.11103,0.018432,247,248,248,195,194,194,193,189,184,146,148,150,53,53,54,106,107,107,0.53974,0.53714,0.53675
1,6.6126e+05,-2.466,12.52,195,800,-2.4811,12.416,186.39,570.71,0.2607,0.13173,0.025792,0.23771,0.12372,0.02208,0.22079,0.11716,0.01952,246,247,247,190,195,197,182,181,181,142,144,147,54,54,56,109,108,107,0.53882,0.53855,0.53801
1,6.6136e+05,-2.466,12.6,195,800,-2.4694,12.478,186.91,823.89,0.28085,0.12793,0.027584,0.25715,0.12119,0.024128,0.2417,0.11436,0.02144,247,246,244,199,199,199,169,173,176,143,146,149,67,68,66,106,105,105,0.54044,0.5315,0.53329
1,6.6146e+05,-2.466,12.68,195,800,-2.461,12.544,187.26,808.41,0.22985,0.13141,0.022848,0.20495,0.12499,0.019584,0.19086,0.11704,0.017472,242,242,242,204,199,193,188,180,174,157,158,160,78,74,71,93,97,101,0.53891,0.53762,0.53569
1,6.6156e+05,-2.466,12.76,195,800,-2.4684,12.63,187.33,729.2,0.34092,0.12677,0.032448,0.317,0.11828,0.027968,0.29618,0.11329,0.024512,239,241,242,192,190,188,179,177,175,167,168,168,65,69,72,93,95,98,0.52678,0.53443,0.53475
1,6.6166e+05,-2.466,12.84,195,800,-2.4684,12.69,187.04,506.98,0.2738,0.12762,0.026432,0.254,0.11932,0.023168,0.23772,0.11467,0.020992,246,244,244,168,174,180,172,172,174,182,180,175,77,74,72,89,90,92,0.51808,0.53481,0.53436
1,6.6176e+05,-2.466,12.92,195,800,-2.4694,12.801,185.42,846.82,0.28927,0.11724,0.022784,0.22103,0.11105,0.018752,0.20586,0.10903,0.017088,247,246,244,176,178,181,174,173,173,175,176,174,85,79,72,84,87,90,0.53625,0.53169,0.53424
1,6.6186e+05,-2.466,13,195,800,-2.4843,12.872,186.7,758.73,0.3225,0.1275,0.028928,0.26556,0.11738,0.023296,0.23631,0.1132,0.019968,243,242,243,202,199,194,174,174,175,163,162,161,69,69,67,92,91,92,0.52505,0.53685,0.53633
1,6.6196e+05,-2.466,13.08,195,800,-2.4588,12.927,186.46,668.26,0.33115,0.12699,0.030784,0.28627,0.11818,0.02496,0.24248,0.11557,0.021056,235,237,241,216,208,198,176,176,176,143,147,151,50,52,56,101,100,98,0.54768,0.53793,0.53584
1,6.6206e+05,-2.466,13.16,195,800,-2.462,13.02,185.55,1029.7,0.27455,0.11864,0.024256,0.23925,0.11634,0.021056,0.22064,0.10833,0.017984,241,241,242,201,198,194,179,179,178,141,144,149,50,51,53,103,102,99,0.52373,0.53557,0.53598
1,6.6216e+05,-2.466,13.24,195,800,-2.4737,13.102,186.35,855.47,0.31183,0.13219,0.030592,0.28136,0.12338,0.025664,0.2632,0.11825,0.023232,246,245,243,167,176,186,183,179,176,157,156,155,57,56,55,97,96,96,0.54643,0.53895,0.53634
1,6.6226e+05,-2.466,13.32,195,800,-2.4758,13.191,186.49,1111.6,0.31006,0.12749,0.029056,0.27553,0.12232,0.024896,0.24403,0.11774,0.02144,240,242,244,173,180,187,171,174,174,166,163,160,58,58,57,93,92,93,0.51644,0.52877,0.53308
1,6.6236e+05,-2.466,13.4,195,800,-2.4673,13.255,186.59,717.78,0.24742,0.1309,0.02464,0.22136,0.12555,0.02112,0.20405,0.11837,0.018816,246,244,244,221,210,201,171,170,171,171,170,166,58,59,61,89,92,95,0.54059,0.53524,0.53127
1,6.6246e+05,-2.466,13.48,195,800,-2.4535,13.325,186.11,772.66,0.28571,0.12897,0.026944,0.25081,0.11853,0.022464,0.22147,0.1171,0.019776,245,247,248,219,214,206,171,171,172,164,163,162,63,63,63,104,102,100,0.52921,0.5325,0.5308
1,6.6256e+05,-2.466,13.56,195,800,-2.4779,13.431,186.85,1076.4,0.3067,0.13118,0.030272,0.2781,0.12345,0.025472,0.24804,0.11851,0.022016,244,248,249,199,203,202,171,172,174,156,157,159,65,65,64,105,103,101,0.54442,0.53347,0.53154
1,6.6266e+05,-2.466,13.64,195,800,-2.4684,13.497,187.82,903.17,0.26364,0.13244,0.026048,0.23427,0.12561,0.022016,0.21634,0.11939,0.019392,246,249,250,203,193,193,180,179,177,163,160,158,61,64,66,96,99,101,0.52473,0.52712,0.53032
1,6.6276e+05,-2.466,13.72,195,800,-2.4779,13.602,186.18,1109.8,0.25887,0.12992,0.024896,0.22352,0.12679,0.021056,0.20095,0.11821,0.01824,247,250,252,192,192,192,181,181,180,169,165,160,64,65,67,98,98,102,0.52817,0.53123,0.53113
1,6.6286e+05,-2.466,13.8,195,800,-2.4769,13.655,187,1087.9,0.25685,0.12154,0.023872,0.23301,0.11444,0.02016,0.21645,0.1085,0.017792,254,254,253,204,200,197,186,185,181,173,168,164,68,69,73,116,116,112,0.55072,0.53523,0.5331
1,6.6296e+05,-2.466,13.88,195,800,-2.4779,13.745,186.35,797.8,0.28094,0.12472,0.025792,0.24314,0.12085,0.021888,0.2186,0.11419,0.01856,255,253,253,217,211,204,177,176,177,162,164,165,77,81,85,139,134,124,0.52514,0.53358,0.5321
1,6.6306e+05,-2.466,13.96,195,800,-2.4716,13.803,184.78,494.17,0.24655,0.12375,0.023424,0.21843,0.11826,0.019968,0.20451,0.11043,0.017664,252,251,252,222,214,206,166,169,175,164,164,165,90,92,93,136,134,127,0.54235,0.53475,0.53273
1,6.6316e+05,-2.466,14.04,195,800,-2.4801,13.904,185.07,961.89,0.28345,0.12546,0.026688,0.26586,0.11953,0.023424,0.24096,0.11401,0.020288,245,248,249,217,210,203,170,173,176,172,171,169,119,110,97,131,125,118,0.52385,0.52629,0.52998
1,6.6326e+05,-2.466,14.12,195,800,-2.4737,13.98,186.17,911.52,0.25611,0.12651,0.024064,0.20829,0.12512,0.020288,0.19359,0.11819,0.01792,250,248,247,198,199,199,183,180,180,177,172,169,113,101,90,111,111,110,0.52721,0.53128,0.53064
1,6.6336e+05,-2.466,14.2,195,800,-2.5023,14.063,186.58,947.93,0.27148,0.13216,0.027264,0.24806,0.12423,0.02368,0.2332,0.11919,0.021504,242,243,244,193,194,198,191,187,184,163,164,166,56,62,69,89,92,96,0.53816,0.53345,0.532
1,6.6346e+05,-2.466,14.28,195,800,-2.479,14.129,186.1,960.75,0.2648,0.12673,0.024832,0.23954,0.12061,0.021312,0.22232,0.11706,0.019008,241,242,244,228,216,201,182,182,182,156,158,162,52,53,55,92,92,92,0.53452,0.53338,0.53422
1,6.6356e+05,-2.466,14.36,195,800,-2.4705,14.209,186.07,934.22,0.29268,0.12711,0.02688,0.25032,0.12295,0.022848,0.22886,0.11649,0.01984,245,246,245,219,211,201,175,177,180,160,160,162,52,54,56,96,94,92,0.54455,0.53714,0.53647
1,6.6366e+05,-2.466,14.44,195,800,-2.4843,14.29,186.41,1037.3,0.24652,0.13924,0.025152,0.23196,0.1269,0.022144,0.21878,0.12259,0.01984,250,246,244,183,186,187,176,176,175,172,170,166,58,58,57,91,91,92,0.54421,0.53679,0.53553
1,6.6376e+05,-2.466,14.52,195,800,-2.4631,14.348,186.87,1014.1,0.24676,0.13005,0.024768,0.22861,0.12034,0.021248,0.21174,0.11795,0.019456,240,242,244,177,178,185,176,173,172,173,170,167,57,58,57,89,91,94,0.53415,0.53519,0.53628
1,6.6386e+05,-2.466,14.6,195,800,-2.4758,14.442,185.53,810.37,0.20332,0.12395,0.019456,0.18527,0.11683,0.016768,0.17507,0.11143,0.015104,242,243,244,201,198,198,165,166,169,163,160,159,52,53,55,102,103,102,0.51406,0.53082,0.53603
1,6.6396e+05,-2.466,14.68,195,800,-2.4822,14.529,184.7,739.12,0.26363,0.12248,0.023552,0.22678,0.11944,0.019648,0.20108,0.11357,0.01728,252,250,247,209,215,211,170,169,169,144,144,146,50,51,53,110,112,113,0.533,0.53685,0.5371
1,6.6406e+05,-2.466,14.76,195,800,-2.4694,14.621,186.32,1276.1,0.27265,0.12731,0.02528,0.22775,0.12175,0.020928,0.20901,0.11607,0.018432,249,248,248,210,210,212,171,172,171,139,139,141,53,53,53,116,116,117,0.53369,0.53574,0.53568
1,6.6416e+05,-2.466,14.84,195,800,-2.4864,14.677,186.89,677.15,0.30566,0.12567,0.027904,0.26478,0.12383,0.024192,0.23809,0.11402,0.020288,244,246,247,210,209,207,168,171,172,136,137,139,56,57,59,124,124,123,0.53543,0.53744,0.53792
1,6.6426e+05,-2.466,14.92,195,800,-2.4864,14.782,186.8,1107,0.26633,0.12502,0.02496,0.24222,0.11929,0.021568,0.22583,0.11177,0.019072,250,248,247,211,210,207,172,173,174,138,139,142,65,67,65,124,126,128,0.53736,0.54154,0.54199
1,6.6436e+05,-2.466,15,195,800,-2.4779,14.831,186.4,890.4,0.30507,0.13346,0.029888,0.28379,0.12586,0.026432,0.26089,0.12174,0.02336,246,246,247,210,211,208,181,178,176,151,151,152,108,86,68,131,133,133,0.52416,0.53539,0.53939
1,6.6446e+05,-2.466,15.08,195,800,-2.4716,14.924,185.92,976.05,0.24037,0.12906,0.023936,0.21486,0.12186,0.020352,0.19513,0.11842,0.018176,242,246,247,207,206,205,169,174,177,170,171,170,50,62,65,129,134,137,0.53989,0.53768,0.53898
1,6.6456e+05,-2.466,15.16,195,800,-2.4578,14.976,185.12,706.03,0.23137,0.12537,0.02144,0.19278,0.12475,0.018496,0.17528,0.12037,0.016512,251,248,248,198,202,203,170,175,178,186,182,184,52,55,62,132,133,134,0.53009,0.53741,0.54239
1,6.6466e+05,-2.466,15.24,195,800,-2.4514,15.065,187.62,942.79,0.26002,0.12101,0.022272,0.19875,0.11842,0.017984,0.17242,0.1132,0.015424,252,251,249,196,202,202,197,189,183,225,220,217,73,73,75,119,124,127,0.54803,0.54087,0.54284
1,6.6476e+05,-2.466,15.32,195,800,-2.4578,15.143,186.32,615.89,0.24378,0.12374,0.022976,0.21456,0.1173,0.019328,0.19689,0.11329,0.017216,252,251,249,201,201,202,196,190,184,245,239,232,95,92,88,116,119,123,0.53641,0.54157,0.54443
1,6.6486e+05,-2.466,15.4,195,800,-2.4748,15.241,187.36,588.9,0.28769,0.11437,0.023744,0.23303,0.1098,0.018752,0.19445,0.10244,0.014976,245,246,246,192,196,198,179,182,183,255,254,251,134,119,106,119,119,119,0.54243,0.54601,0.5467
1,6.6496e+05,-2.466,15.48,195,800,-2.479,15.331,186.38,901.32,0.22501,0.11653,0.019392,0.19087,0.11334,0.016576,0.17453,0.10982,0.014656,242,243,244,194,197,199,182,181,179,255,255,255,107,111,113,117,116,116,0.55622,0.54697,0.54701
1,6.6506e+05,-2.466,15.56,195,800,-2.4769,15.392,186.64,663.04,0.22604,0.11808,0.019392,0.17647,0.1121,0.015424,0.15767,0.1095,0.013632,241,242,243,212,205,202,181,181,180,255,255,255,112,111,114,110,113,115,0.55796,0.5512,0.55033
1,6.6516e+05,-2.466,15.64,195,800,-2.4758,15.487,187.33,748.85,0.23861,0.12712,0.02336,0.21156,0.11916,0.0192,0.1846,0.11386,0.016128,234,237,240,213,210,203,183,182,181,255,255,255,118,124,130,111,111,112,0.56963,0.5492,0.55179
1,6.6526e+05,-2.466,15.72,195,800,-2.4938,15.568,185.49,883.4,0.29733,0.12355,0.0272,0.26714,0.11687,0.02336,0.24174,0.1113,0.020096,235,237,239,193,197,196,178,181,182,255,255,255,133,137,138,107,109,111,0.56575,0.5557,0.55409
1,6.6536e+05,-2.466,15.8,195,800,-2.4822,15.66,186.38,981.88,0.26871,0.14216,0.025856,0.24282,0.1324,0.022336,0.2237,0.12649,0.019712,241,240,240,164,171,178,183,183,183,255,255,255,153,151,149,104,108,115,0.55689,0.56071,0.56036
1,6.6546e+05,-2.466,15.88,195,800,-2.4896,15.705,186.54,529.6,0.30209,0.12504,0.02848,0.27955,0.1185,0.024832,0.253,0.11291,0.021696,239,239,238,172,165,161,188,187,185,255,255,255,148,153,156,142,149,151,0.56731,0.57053,0.56895
1,6.6556e+05,-2.466,15.96,195,800,-2.4822,15.793,188.07,771.84,0.28728,0.12857,0.027968,0.27228,0.12167,0.024832,0.25621,0.11649,0.022592,236,235,236,161,157,155,186,186,185,255,255,255,161,162,160,201,188,173,0.57307,0.57505,0.5685
1,6.6863e+05,-2.373,16,195,800,-2.3846,15.781,-0.14666,557.84,0,0,0,0,0,0,0,0,0,229,234,236,139,143,148,184,184,186,255,255,255,195,186,175,206,194,184,0.53303,0.52665,0.52357
1,6.6873e+05,-2.373,15.92,195,800,-2.3846,15.718,187.14,628.55,0.27091,0.11427,0.019584,0.20384,0.11472,0.016,0.18749,0.11071,0.014336,243,241,239,169,165,162,183,185,186,255,255,255,163,160,160,125,135,144,0.58759,0.57516,0.57341
1,6.6883e+05,-2.373,15.84,195,800,-2.3814,15.623,186.04,1030.5,0.2323,0.11695,0.01984,0.18997,0.11449,0.016768,0.17997,0.11005,0.015296,240,241,242,171,173,173,189,187,185,255,255,255,150,154,155,111,115,124,0.55589,0.56038,0.56276
1,6.6893e+05,-2.373,15.76,195,800,-2.374,15.556,184.96,800.75,0.34804,0.10756,0.02688,0.33241,0.098711,0.021568,0.25428,0.097527,0.01568,246,244,242,201,194,188,182,182,183,255,255,255,177,162,149,116,113,112,0.5627,0.55719,0.55724
1,6.6903e+05,-2.373,15.68,195,800,-2.3899,15.494,186.15,835.78,0.28916,0.12303,0.027008,0.25932,0.11387,0.022464,0.23513,0.10825,0.018752,245,243,242,210,201,193,176,179,181,255,255,255,164,155,144,122,116,112,0.55737,0.55744,0.55498
1,6.6913e+05,-2.373,15.6,195,800,-2.3708,15.403,187.33,757.24,0.34131,0.12288,0.030528,0.29563,0.11541,0.025536,0.26321,0.11059,0.02176,245,245,244,180,190,198,177,178,180,255,255,255,114,120,124,107,110,112,0.54839,0.54685,0.54776
1,6.6923e+05,-2.373,15.52,195,800,-2.3771,15.334,185.09,564.18,0.32297,0.12751,0.030528,0.27978,0.12353,0.025216,0.26085,0.11577,0.022144,249,249,247,181,191,200,181,181,181,255,255,255,115,113,115,104,106,109,0.54928,0.5481,0.54785
1,6.6933e+05,-2.373,15.44,195,800,-2.3761,15.249,185.39,1250.7,0.41448,0.1223,0.037312,0.3729,0.11377,0.030336,0.30965,0.10965,0.023808,247,248,249,198,201,202,182,181,181,255,255,254,118,119,114,107,107,109,0.53792,0.54277,0.54471
1,6.6943e+05,-2.373,15.36,195,800,-2.3931,15.168,186.34,601.81,0.30593,0.12418,0.02816,0.26674,0.11801,0.023296,0.24275,0.11421,0.020416,248,250,250,208,209,208,188,185,184,249,248,244,104,105,99,107,109,112,0.5502,0.54643,0.54544
1,6.6953e+05,-2.373,15.28,195,800,-2.3856,15.105,186.82,872.47,0.30124,0.12046,0.026688,0.25921,0.11452,0.022528,0.23767,0.10861,0.019264,250,251,251,204,210,210,188,185,184,238,235,231,77,84,88,112,113,115,0.54687,0.545,0.54433
1,6.6963e+05,-2.373,15.2,195,800,-2.3761,15.013,186.2,1288.9,0.33302,0.1295,0.032576,0.29967,0.12136,0.027776,0.28018,0.11201,0.023808,251,252,251,225,212,206,177,180,182,187,193,197,57,58,63,131,128,123,0.54654,0.54769,0.54327
1,6.6973e+05,-2.373,15.12,195,800,-2.392,14.948,185.2,903.94,0.32083,0.1199,0.028096,0.27305,0.11292,0.02272,0.24228,0.10983,0.019136,254,252,250,195,198,204,177,178,179,160,165,168,54,56,61,134,132,129,0.54734,0.54245,0.54178
1,6.6983e+05,-2.373,15.04,195,800,-2.3846,14.864,186.13,825.48,0.2939,0.11921,0.025728,0.25368,0.11295,0.02144,0.21855,0.10986,0.018176,252,251,250,195,198,202,179,177,176,159,158,158,59,61,62,133,131,129,0.55591,0.54854,0.54271
1,6.6993e+05,-2.373,14.96,195,800,-2.3909,14.798,185.54,810.66,0.23891,0.12831,0.022656,0.20529,0.12094,0.018432,0.18415,0.1146,0.01632,249,249,248,194,196,201,171,172,173,144,145,145,56,60,62,129,126,124,0.54892,0.54095,0.54148
1,6.7003e+05,-2.373,14.88,195,800,-2.3761,14.701,186.8,729.12,0.29443,0.13131,0.02944,0.25097,0.12482,0.024064,0.22262,0.12048,0.020672,247,248,247,183,192,202,167,170,172,140,140,140,51,55,60,121,122,122,0.53739,0.53876,0.54023
1,6.7013e+05,-2.373,14.8,195,800,-2.375,14.624,186.39,1250.1,0.29568,0.13209,0.026688,0.23723,0.13,0.022016,0.20004,0.12108,0.018112,246,246,246,208,211,213,172,171,172,134,135,135,59,56,54,117,115,114,0.53056,0.53702,0.53811
1,6.7023e+05,-2.373,14.72,195,800,-2.3909,14.562,187.02,670.47,0.33515,0.1289,0.032256,0.30068,0.11877,0.026816,0.26849,0.11284,0.022464,246,247,246,248,238,220,175,171,170,137,138,142,49,51,52,113,113,110,0.543,0.54271,0.53986
1,6.7033e+05,-2.373,14.64,195,800,-2.3835,14.472,187.02,548.01,0.32448,0.11825,0.027968,0.26614,0.11568,0.0224,0.24196,0.11116,0.01952,250,247,244,239,223,210,162,167,170,145,147,148,47,48,51,122,112,106,0.52425,0.53025,0.53611
1,6.7043e+05,-2.373,14.56,195,800,-2.3994,14.413,186.59,724.07,0.27,0.1309,0.026496,0.24565,0.12109,0.022208,0.21346,0.1179,0.019072,239,241,242,151,171,188,168,166,169,165,165,163,53,53,54,92,94,97,0.5292,0.53344,0.53605
1,6.7053e+05,-2.373,14.48,195,800,-2.3803,14.311,185.85,988.7,0.40513,0.11575,0.030336,0.26425,0.11588,0.02304,0.23411,0.11037,0.019392,240,240,242,163,169,183,170,172,173,170,169,167,59,57,55,85,88,93,0.53659,0.5373,0.53689
1,6.7063e+05,-2.373,14.4,195,800,-2.3867,14.242,185.91,651.34,0.30121,0.11886,0.026688,0.27316,0.11348,0.02272,0.25089,0.1092,0.019904,245,244,242,215,210,200,184,182,180,161,163,165,59,58,58,95,93,92,0.53682,0.53711,0.5354
1,6.7073e+05,-2.373,14.32,195,800,-2.392,14.167,188.12,808.16,0.30677,0.12778,0.029248,0.27837,0.12117,0.025024,0.26241,0.11491,0.02208,240,239,240,222,217,208,183,185,185,156,159,162,56,58,60,92,93,93,0.52321,0.53224,0.53371
1,6.7083e+05,-2.373,14.24,195,800,-2.3655,14.072,186.11,800.59,0.27668,0.13377,0.028736,0.25879,0.12399,0.02464,0.2415,0.12099,0.022528,237,238,240,199,203,205,185,186,187,164,162,164,58,59,62,87,90,92,0.52657,0.53093,0.53173
1,6.7093e+05,-2.373,14.16,195,800,-2.3803,13.995,184.93,653.22,0.30867,0.125,0.028416,0.25763,0.11952,0.02336,0.23985,0.11317,0.020416,239,242,244,194,199,201,194,190,186,172,174,171,66,69,75,95,94,96,0.5248,0.53293,0.53337
1,6.7103e+05,-2.373,14.08,195,800,-2.3612,13.914,187.39,1171.6,0.26737,0.12374,0.024576,0.23117,0.1162,0.02016,0.20663,0.11167,0.017408,248,247,246,218,206,200,192,187,183,184,177,173,77,81,85,102,103,103,0.5252,0.53216,0.53415
1,6.7113e+05,-2.373,14,195,800,-2.3803,13.838,185.8,484.84,0.24928,0.13585,0.02592,0.22563,0.13157,0.022848,0.20484,0.12551,0.020032,253,250,249,192,197,200,172,173,177,175,174,172,115,109,103,130,123,118,0.51936,0.52866,0.53095
1,6.7123e+05,-2.373,13.92,195,800,-2.3814,13.748,188.37,722.2,0.31175,0.12399,0.025152,0.20361,0.12132,0.019136,0.18137,0.12015,0.016896,247,250,251,183,192,198,174,175,175,167,166,166,114,108,104,118,122,119,0.53641,0.52807,0.52972
1,6.7133e+05,-2.373,13.84,195,800,-2.374,13.673,186.92,767.45,0.23763,0.12089,0.021952,0.21402,0.11644,0.01888,0.19362,0.10932,0.016064,252,252,251,201,201,198,182,178,176,163,163,164,97,97,98,111,113,113,0.53318,0.52947,0.53127
1,6.7143e+05,-2.373,13.76,195,800,-2.3984,13.607,186.79,561.77,0.27481,0.11582,0.023552,0.24571,0.11309,0.019648,0.21029,0.10949,0.016512,254,253,252,208,202,199,179,179,178,157,157,158,78,81,84,96,97,101,0.5217,0.52644,0.53042
1,6.7153e+05,-2.373,13.68,195,800,-2.3814,13.499,185.48,985.52,0.19719,0.12444,0.018752,0.17939,0.11919,0.016576,0.17373,0.11211,0.015232,253,252,252,191,195,197,180,180,178,151,154,156,80,77,78,94,95,98,0.51892,0.52979,0.53169
1,6.7163e+05,-2.373,13.6,195,800,-2.3729,13.427,186.48,954.44,0.21976,0.12239,0.0208,0.20932,0.11528,0.018496,0.19991,0.11012,0.017152,254,252,250,183,186,191,184,179,178,148,150,154,71,72,71,102,101,100,0.53601,0.53478,0.53219
1,6.7173e+05,-2.373,13.52,195,800,-2.3824,13.364,185.96,641.28,0.25246,0.12685,0.024128,0.23368,0.12049,0.021376,0.22084,0.11503,0.0192,249,248,246,176,183,189,174,176,177,157,157,157,71,68,65,107,104,99,0.53234,0.53537,0.5332
1,6.7183e+05,-2.373,13.44,195,800,-2.3824,13.275,185.34,891.86,0.26297,0.13309,0.027136,0.24824,0.12297,0.023616,0.2347,0.12009,0.021696,243,243,243,181,185,188,177,175,175,159,159,159,64,64,63,101,99,97,0.52741,0.53034,0.53218
1,6.7193e+05,-2.373,13.36,195,800,-2.4058,13.226,186.72,1015.7,0.31244,0.12714,0.028928,0.28388,0.12031,0.024704,0.2628,0.11249,0.02144,235,237,241,191,189,190,172,174,176,161,160,158,55,54,55,87,88,90,0.54047,0.53363,0.53319
1,6.7203e+05,-2.373,13.28,195,800,-2.3931,13.144,187.52,720.55,0.26368,0.1135,0.021632,0.22938,0.10881,0.018304,0.19862,0.10513,0.015872,239,240,241,197,195,191,179,178,178,159,157,155,50,51,53,86,87,89,0.54024,0.53181,0.53357
1,6.7213e+05,-2.373,13.2,195,800,-2.3782,13.04,188.28,1118,0.29189,0.11899,0.024448,0.25137,0.11378,0.020992,0.22192,0.11099,0.018048,244,242,241,208,200,194,184,183,179,146,147,147,48,49,51,90,92,93,0.55042,0.538,0.53561
1,6.7223e+05,-2.373,13.12,195,800,-2.3761,12.955,187.11,1033.2,0.29803,0.12122,0.026048,0.25018,0.11773,0.022144,0.21281,0.11643,0.019136,236,239,241,192,193,196,174,176,178,146,145,145,54,52,53,100,97,94,0.52062,0.53211,0.53554
1,6.7233e+05,-2.373,13.04,195,800,-2.3761,12.882,187.68,792.23,0.32054,0.12076,0.02784,0.25701,0.1157,0.022464,0.23489,0.11211,0.019776,243,242,242,195,193,195,178,177,177,147,148,148,55,54,55,93,94,93,0.5353,0.53867,0.53674
1,6.7243e+05,-2.373,12.96,195,800,-2.3761,12.795,186.48,775.53,0.2969,0.12616,0.028672,0.26668,0.12027,0.02464,0.24609,0.11528,0.02208,249,247,246,190,192,194,184,182,179,162,161,159,59,61,62,87,87,89,0.5398,0.53756,0.53604
1,6.7253e+05,-2.373,12.88,195,800,-2.3761,12.73,185.96,800.76,0.29377,0.11768,0.02464,0.24869,0.11242,0.020352,0.21918,0.1077,0.01728,245,246,246,197,194,191,182,181,180,173,168,163,67,66,65,86,87,89,0.53335,0.53527,0.53465
1,6.7263e+05,-2.373,12.8,195,800,-2.3814,12.625,185.28,648,0.24585,0.1211,0.022464,0.21545,0.11453,0.019008,0.19343,0.11074,0.016512,239,241,242,186,187,188,177,179,180,169,168,164,69,72,72,93,93,93,0.53826,0.53586,0.53617
1,6.7273e+05,-2.373,12.72,195,800,-2.3856,12.571,186.54,1043.4,0.28217,0.11891,0.02304,0.21067,0.11886,0.018944,0.185,0.11658,0.016448,237,237,239,190,191,192,179,180,179,156,155,154,92,84,74,99,99,98,0.5423,0.53893,0.53634
1,6.7283e+05,-2.373,12.64,195,800,-2.3973,12.49,185.61,924.03,0.30851,0.12442,0.02848,0.26736,0.11841,0.024064,0.24395,0.11309,0.021056,235,237,240,201,198,196,177,179,179,148,148,149,93,83,72,99,99,101,0.54152,0.53206,0.53501
1,6.7293e+05,-2.373,12.56,195,800,-2.3962,12.426,186.93,705.67,0.26827,0.12032,0.023488,0.23264,0.1161,0.020352,0.20977,0.11347,0.017984,248,244,243,205,201,197,177,179,179,139,140,141,58,61,61,105,107,108,0.52967,0.53389,0.53543
1,6.7303e+05,-2.373,12.48,195,800,-2.3824,12.34,186.64,1066.5,0.2582,0.11923,0.02272,0.22632,0.11631,0.019776,0.20598,0.11271,0.01728,245,245,245,191,194,194,177,179,179,141,140,140,51,53,55,117,114,109,0.53595,0.53658,0.53697
1,6.7313e+05,-2.373,12.4,195,800,-2.3973,12.268,186.91,893.16,0.29413,0.12687,0.026688,0.24712,0.12251,0.022464,0.21863,0.1167,0.019072,243,246,248,179,180,185,172,177,179,146,145,144,47,48,50,112,111,108,0.54755,0.54108,0.54066
1,6.7323e+05,-2.373,12.32,195,800,-2.3835,12.171,187.18,837.61,0.28909,0.12059,0.025536,0.25134,0.11688,0.021696,0.22109,0.11291,0.018624,253,251,249,177,186,188,171,175,177,152,153,152,48,49,50,102,102,104,0.54771,0.53809,0.53843
1,6.7333e+05,-2.373,12.24,195,800,-2.3877,12.109,186.34,813.14,0.26311,0.12023,0.02368,0.24076,0.11546,0.020992,0.21516,0.11204,0.018368,251,250,249,196,194,190,173,173,174,157,158,157,49,50,52,103,103,102,0.54305,0.54035,0.53962
1,6.7343e+05,-2.373,12.16,195,800,-2.3994,12.019,186.04,927.15,0.39151,0.12304,0.03328,0.33697,0.11841,0.028096,0.2935,0.11406,0.023424,245,245,246,196,197,195,166,169,171,170,170,169,49,52,55,99,98,96,0.55226,0.54475,0.54121
1,6.7353e+05,-2.373,12.08,195,800,-2.3803,11.939,185.87,712.81,0.27806,0.12437,0.024448,0.21883,0.12029,0.019968,0.20222,0.11651,0.01824,242,243,244,197,197,196,165,167,169,179,178,177,53,56,58,89,91,92,0.5497,0.54203,0.54003
1,6.7363e+05,-2.373,12,195,800,-2.3718,11.863,185.62,889.75,0.2393,0.12577,0.022528,0.22804,0.11842,0.019776,0.21324,0.11445,0.017856,241,242,243,203,201,201,165,167,169,200,200,199,65,64,63,84,86,87,0.52596,0.54027,0.54185
1,6.7373e+05,-2.373,11.92,195,800,-2.3899,11.805,185.29,946.09,0.27833,0.13248,0.027648,0.25126,0.12458,0.02368,0.22995,0.12163,0.021056,248,247,246,205,216,220,168,169,169,230,227,222,65,66,67,91,91,89,0.54178,0.53998,0.54151
1,6.7383e+05,-2.373,11.84,195,800,-2.3835,11.694,186.57,966.77,0.28728,0.13413,0.028352,0.24319,0.1253,0.023232,0.21259,0.12117,0.020352,251,250,248,234,232,224,168,168,169,245,239,230,65,67,68,94,92,90,0.54213,0.54319,0.54352
1,6.7393e+05,-2.373,11.76,195,800,-2.374,11.604,187.65,846.24,0.23998,0.13186,0.022784,0.1801,0.13084,0.01856,0.16983,0.12811,0.016832,251,251,251,228,225,222,158,162,166,249,243,233,67,69,73,94,94,94,0.55398,0.54529,0.54386
1,6.7403e+05,-2.373,11.68,195,800,-2.3909,11.542,187.81,1145.9,0.29886,0.12442,0.026048,0.19284,0.12573,0.019136,0.18311,0.11994,0.017216,250,251,252,198,211,217,159,162,166,239,234,228,67,73,77,97,97,97,0.55372,0.54878,0.54557
1,6.7413e+05,-2.373,11.6,195,800,-2.3867,11.469,187.18,890.66,0.22057,0.13185,0.022784,0.21222,0.12521,0.020544,0.199,0.12003,0.018688,253,252,252,216,210,206,171,171,171,215,214,213,89,89,88,106,111,117,0.54902,0.54966,0.54765
1,6.7423e+05,-2.373,11.52,195,800,-2.375,11.383,187.36,864.92,0.23781,0.12914,0.022912,0.22635,0.1199,0.020672,0.21159,0.1152,0.018368,255,253,252,205,207,209,181,177,174,202,198,195,103,98,92,156,159,164,0.55147,0.54683,0.5491
1,6.7433e+05,-2.373,11.44,195,800,-2.3655,11.308,186.08,926.84,0.26437,0.12629,0.023616,0.24436,0.11805,0.020288,0.2125,0.11507,0.01696,252,252,252,212,208,208,172,172,173,187,186,184,97,92,87,193,194,193,0.5671,0.55415,0.55318
1,6.7443e+05,-2.373,11.36,195,800,-2.3782,11.201,186.87,974.56,0.24047,0.12549,0.022912,0.21263,0.12203,0.019776,0.19546,0.114,0.017408,253,253,252,207,211,213,162,163,167,154,159,163,67,71,75,251,245,238,0.55982,0.55572,0.55699
1,6.7453e+05,-2.373,11.28,195,800,-2.3824,11.166,186.46,509.41,0.27215,0.12655,0.025216,0.22551,0.12285,0.02112,0.19997,0.11893,0.01856,255,254,252,217,216,214,163,163,165,151,153,157,63,67,71,255,254,250,0.56595,0.55875,0.55901
1,6.7463e+05,-2.373,11.2,195,800,-2.3761,11.075,186.82,1100.1,0.28691,0.12079,0.025664,0.24275,0.11743,0.021952,0.22057,0.11319,0.019072,252,251,249,217,211,200,165,164,164,157,159,163,73,75,79,255,255,255,0.56622,0.56633,0.56677
1,6.7473e+05,-2.373,11.12,195,800,-2.3835,10.992,186.38,1000.2,0.30194,0.12391,0.027712,0.26882,0.11826,0.023552,0.25008,0.11204,0.02112,245,243,243,160,169,177,163,165,167,195,192,191,97,102,108,255,255,255,0.58902,0.57924,0.57686
1,6.7483e+05,-2.373,11.04,195,800,-2.375,10.921,186.36,765.72,0.29894,0.13238,0.027648,0.24554,0.12779,0.022784,0.21073,0.12868,0.020224,242,241,241,155,161,168,169,169,169,223,211,205,125,125,123,255,255,255,0.5848,0.5716,0.56314
1,6.779e+05,-2.28,11,195,800,-2.2551,10.888,0.37638,562.02,0,0,0,0,0,0,0,0,0,240,241,242,165,156,156,178,175,172,220,217,211,161,154,150,255,255,255,0.54922,0.52648,0.51883
1,6.78e+05,-2.28,11.08,195,800,-2.2827,11.003,185.7,640.78,0.15317,0.12804,0.015488,0.13762,0.12261,0.01344,0.13582,0.11887,0.0128,233,239,243,152,163,172,167,167,166,177,183,185,105,108,114,255,255,255,0.58929,0.58453,0.58318
1,6.781e+05,-2.28,11.16,195,800,-2.2923,11.069,185.81,703.43,0.22574,0.12022,0.021312,0.20818,0.11089,0.017856,0.18084,0.1075,0.014976,240,243,245,190,186,184,163,163,164,155,163,170,78,84,94,255,255,255,0.57572,0.56945,0.5703
1,6.782e+05,-2.28,11.24,195,800,-2.2848,11.156,185.4,601.33,0.2501,0.14166,0.02752,0.23696,0.13407,0.02464,0.22109,0.12534,0.021696,252,251,250,221,217,209,160,163,164,151,148,150,65,65,69,255,255,254,0.56425,0.56276,0.56303
1,6.783e+05,-2.28,11.32,195,800,-2.2859,11.228,186.44,738.84,0.32445,0.14452,0.036352,0.29748,0.1334,0.03072,0.27546,0.12348,0.026688,255,253,251,216,216,213,163,165,166,146,147,151,62,64,68,255,253,249,0.56242,0.5591,0.55771
1,6.784e+05,-2.28,11.4,195,800,-2.2976,11.293,186.95,956.74,0.31435,0.12287,0.029632,0.28037,0.11562,0.02464,0.25129,0.10949,0.021248,249,251,252,206,208,210,167,169,171,163,164,167,77,76,76,226,223,216,0.53237,0.54753,0.55195
1,6.785e+05,-2.28,11.48,195,800,-2.2965,11.371,187.32,730.64,0.34147,0.12014,0.028992,0.31607,0.11179,0.024704,0.26645,0.10782,0.020864,254,253,252,204,208,210,176,176,174,197,193,188,85,87,85,154,156,161,0.55151,0.55044,0.55031
1,6.786e+05,-2.28,11.56,195,800,-2.2933,11.467,187.55,718.18,0.35815,0.12077,0.030976,0.30283,0.11341,0.024832,0.2541,0.10978,0.0208,254,253,252,208,209,210,174,174,173,202,200,197,83,86,86,121,127,135,0.54876,0.54981,0.5479
1,6.787e+05,-2.28,11.64,195,800,-2.2859,11.528,186.86,1163.4,0.31862,0.1214,0.028352,0.30293,0.10963,0.024128,0.28216,0.10531,0.021248,250,251,252,201,205,212,159,162,167,205,209,211,78,79,80,96,97,102,0.54267,0.54912,0.54765
1,6.788e+05,-2.28,11.72,195,800,-2.2965,11.608,187.8,1127.4,0.28572,0.13377,0.029312,0.26243,0.12591,0.025408,0.24595,0.11891,0.0224,252,251,251,199,210,218,154,159,164,218,219,218,73,75,76,92,93,95,0.53585,0.54017,0.54368
1,6.789e+05,-2.28,11.8,195,800,-2.2933,11.691,186.76,601.58,0.39346,0.12327,0.034368,0.30656,0.11813,0.026688,0.26421,0.11394,0.022528,251,251,251,249,235,222,160,163,166,240,232,224,68,69,70,90,91,90,0.54667,0.54531,0.54513
1,6.79e+05,-2.28,11.88,195,800,-2.2933,11.767,188.33,726.49,0.32635,0.11975,0.027648,0.26548,0.11477,0.021824,0.20902,0.11374,0.018048,247,247,247,209,216,220,167,167,167,214,216,215,64,65,67,96,92,88,0.54474,0.54518,0.54362
1,6.791e+05,-2.28,11.96,195,800,-2.2785,11.843,185.94,1024.6,0.31751,0.12642,0.028864,0.25797,0.11841,0.022976,0.22261,0.11323,0.019456,244,244,246,201,206,210,163,165,168,203,205,206,65,66,66,92,90,88,0.53726,0.54015,0.5406
1,6.792e+05,-2.28,12.04,195,800,-2.2891,11.929,185.02,609.58,0.32358,0.12356,0.030016,0.29057,0.11659,0.025856,0.26699,0.11155,0.022592,241,242,244,197,197,197,162,165,168,182,183,184,66,65,63,86,88,90,0.54116,0.54483,0.54193
1,6.793e+05,-2.28,12.12,195,800,-2.2838,11.999,186,850.15,0.29449,0.11825,0.025984,0.25358,0.11161,0.020928,0.22132,0.11009,0.018368,242,244,245,197,195,196,167,168,170,171,173,174,60,62,61,93,94,94,0.54242,0.54307,0.54076
1,6.794e+05,-2.28,12.2,195,800,-2.2912,12.086,186.98,871.19,0.34223,0.1247,0.031936,0.28954,0.11781,0.025216,0.24117,0.11084,0.020416,250,249,249,203,199,192,177,175,173,154,157,159,54,55,56,110,106,101,0.55066,0.54412,0.54057
1,6.795e+05,-2.28,12.28,195,800,-2.288,12.167,186.36,724.16,0.31477,0.12845,0.030016,0.27738,0.12145,0.02496,0.25453,0.11421,0.021888,253,251,249,179,184,187,175,176,176,148,148,147,47,48,51,103,104,104,0.5489,0.53964,0.5378
1,6.796e+05,-2.28,12.36,195,800,-2.2816,12.232,187.23,1001.3,0.3429,0.12315,0.030784,0.30513,0.11615,0.025536,0.27608,0.10874,0.022144,250,248,248,178,177,183,179,176,176,142,142,143,45,47,50,103,105,106,0.54989,0.54293,0.54078
1,6.797e+05,-2.28,12.44,195,800,-2.2657,12.289,188.04,534.41,0.31478,0.12076,0.027328,0.26827,0.11487,0.022592,0.24065,0.11112,0.019968,242,244,246,185,187,189,180,178,177,133,135,137,49,49,51,122,115,109,0.55514,0.53955,0.54077
1,6.798e+05,-2.28,12.52,195,800,-2.2901,12.399,187.71,772.75,0.28064,0.12475,0.02624,0.2562,0.11418,0.022464,0.23299,0.11098,0.019584,247,245,244,203,198,195,190,181,177,135,136,137,50,52,54,122,114,109,0.55926,0.54619,0.54141
1,6.799e+05,-2.28,12.6,195,800,-2.2944,12.485,186.79,920.33,0.30324,0.12447,0.0272,0.26752,0.1181,0.022912,0.22952,0.11197,0.019136,239,240,241,207,204,198,184,181,179,141,142,142,64,64,65,99,103,105,0.53965,0.53324,0.53652
1,6.8e+05,-2.28,12.68,195,800,-2.2944,12.553,186.95,947.31,0.34285,0.13306,0.033344,0.3023,0.12668,0.028608,0.28203,0.1184,0.024896,233,235,239,187,187,189,181,180,179,155,152,150,82,78,71,108,102,99,0.53844,0.53707,0.5355
1,6.801e+05,-2.28,12.76,195,800,-2.3039,12.64,184.42,866.3,0.35092,0.12069,0.028096,0.29439,0.11404,0.022592,0.23065,0.11433,0.019584,239,238,239,184,185,187,186,181,179,156,156,155,85,76,71,102,100,97,0.53121,0.5338,0.53552
1,6.802e+05,-2.28,12.84,195,800,-2.2912,12.705,186.09,743.97,0.26974,0.12494,0.025728,0.24839,0.11947,0.022464,0.23158,0.11499,0.02016,244,244,244,198,196,193,183,182,180,168,162,157,61,63,64,89,90,91,0.53404,0.53705,0.53669
1,6.803e+05,-2.28,12.92,195,800,-2.2965,12.798,186.78,1017.9,0.27241,0.13118,0.02688,0.24404,0.12626,0.023424,0.22622,0.123,0.02112,248,247,246,203,200,196,184,183,180,164,160,156,56,58,60,87,87,90,0.52667,0.53674,0.53733
1,6.804e+05,-2.28,13,195,800,-2.2774,12.855,187.32,703.15,0.2737,0.11944,0.023808,0.22796,0.11608,0.019648,0.20161,0.11304,0.01728,249,247,245,187,194,199,185,181,178,144,146,148,53,54,55,90,90,90,0.53868,0.53848,0.53802
1,6.805e+05,-2.28,13.08,195,800,-2.2933,12.94,187.45,898.44,0.26312,0.12054,0.023168,0.21045,0.11818,0.019008,0.18876,0.11498,0.01664,242,240,241,181,187,197,173,175,177,146,143,142,55,53,52,98,95,93,0.52885,0.53082,0.53466
1,6.806e+05,-2.28,13.16,195,800,-2.2901,13.024,188.06,715.13,0.31431,0.12417,0.02528,0.24121,0.12021,0.020992,0.21306,0.11731,0.01856,237,239,241,184,194,199,179,178,178,143,143,142,50,51,52,94,93,93,0.52219,0.53036,0.53268
1,6.807e+05,-2.28,13.24,195,800,-2.2944,13.108,186.66,670.22,0.28401,0.12813,0.027584,0.25782,0.123,0.024064,0.23538,0.11925,0.021376,246,243,241,218,204,194,187,183,178,144,146,147,48,49,51,86,87,89,0.53463,0.53295,0.53369
1,6.808e+05,-2.28,13.32,195,800,-2.2944,13.163,186.89,640.73,0.3083,0.12405,0.028288,0.26967,0.11861,0.023872,0.24227,0.11062,0.020608,242,241,240,191,193,191,179,178,178,150,150,150,49,50,52,85,86,88,0.54415,0.53717,0.53458
1,6.809e+05,-2.28,13.4,195,800,-2.2689,13.241,186.9,960.84,0.25345,0.13152,0.02432,0.22555,0.12383,0.020416,0.2014,0.11812,0.017728,232,236,240,172,174,180,175,176,177,159,158,156,58,58,59,90,91,93,0.52861,0.53407,0.53194
1,6.81e+05,-2.28,13.48,195,800,-2.2816,13.331,186.48,950.13,0.29737,0.12571,0.026048,0.25567,0.12046,0.022144,0.22905,0.11202,0.018944,249,246,245,178,179,181,183,181,179,158,156,155,68,68,67,103,101,98,0.53865,0.5334,0.53024
1,6.811e+05,-2.28,13.56,195,800,-2.2933,13.425,186.32,1007.4,0.2676,0.13345,0.025664,0.23789,0.12756,0.021888,0.21812,0.12011,0.019136,253,250,248,185,184,185,179,180,180,154,153,153,70,70,71,103,102,99,0.53707,0.53256,0.53136
1,6.812e+05,-2.28,13.64,195,800,-2.3135,13.521,185.13,1034.6,0.25691,0.16147,0.026624,0.19604,0.1547,0.021184,0.17947,0.1469,0.018752,251,251,251,189,191,192,179,178,177,146,149,151,77,77,79,95,96,97,0.53324,0.53066,0.53084
1,6.813e+05,-2.28,13.72,195,800,-2.2912,13.578,186.25,643.84,0.24294,0.17147,0.02976,0.21088,0.166,0.02496,0.18872,0.16005,0.022144,252,251,251,192,195,197,174,175,176,150,151,152,83,84,86,93,94,96,0.53997,0.53147,0.53052
1,6.814e+05,-2.28,13.8,195,800,-2.3082,13.667,187.25,1195.2,0.26153,0.12099,0.02208,0.2206,0.11304,0.018368,0.18129,0.11239,0.015744,254,252,251,207,202,197,167,172,176,153,156,159,107,105,102,98,100,102,0.53744,0.53065,0.53133
1,6.815e+05,-2.28,13.88,195,800,-2.2976,13.734,187.94,721.09,0.29168,0.13129,0.028544,0.26762,0.12382,0.024576,0.24493,0.12026,0.021824,248,249,250,172,183,193,175,176,177,167,166,166,119,118,115,118,115,111,0.52523,0.52919,0.52943
1,6.816e+05,-2.28,13.96,195,800,-2.2721,13.81,187.1,824.69,0.23526,0.12835,0.023232,0.21953,0.12211,0.020608,0.21022,0.11326,0.018304,244,247,250,168,180,193,174,177,179,174,171,169,117,117,113,125,118,113,0.52284,0.52824,0.53156
1,6.817e+05,-2.28,14.04,195,800,-2.2827,13.89,187.84,866.66,0.30055,0.11831,0.025536,0.24693,0.11603,0.021504,0.22019,0.11318,0.018688,251,248,247,203,200,196,183,184,184,175,175,173,87,92,97,101,104,105,0.53559,0.53078,0.53158
1,6.818e+05,-2.28,14.12,195,800,-2.3018,13.984,186.42,1239.3,0.28435,0.12204,0.025344,0.2513,0.11822,0.021824,0.23209,0.11045,0.019008,244,246,245,211,203,199,193,189,186,179,175,172,69,76,85,92,95,98,0.52338,0.53035,0.53305
1,6.819e+05,-2.28,14.2,195,800,-2.2806,14.037,186.46,751.77,0.29881,0.1296,0.029056,0.25993,0.12253,0.024,0.23727,0.11569,0.0208,239,240,240,187,194,201,183,187,187,172,169,167,64,64,67,86,88,91,0.54513,0.53939,0.53568
1,6.82e+05,-2.28,14.28,195,800,-2.2859,14.133,187.37,704.86,0.26814,0.12118,0.024256,0.25527,0.11087,0.020736,0.23062,0.10712,0.018048,240,239,239,202,205,205,191,188,185,159,161,163,62,63,63,95,95,93,0.53331,0.53477,0.53429
1,6.821e+05,-2.28,14.36,195,800,-2.2976,14.208,185.45,687.79,0.29476,0.1212,0.026432,0.26871,0.11432,0.022784,0.24484,0.10977,0.019776,240,240,239,215,210,204,197,190,183,162,162,164,62,62,62,99,97,93,0.53213,0.53381,0.53654
1,6.822e+05,-2.28,14.44,195,800,-2.27,14.277,186.34,857.61,0.24194,0.13016,0.023808,0.22953,0.12117,0.021056,0.21939,0.11705,0.0192,240,241,240,189,188,188,179,179,179,172,171,169,57,58,59,86,89,92,0.53766,0.54043,0.53649
1,6.823e+05,-2.28,14.52,195,800,-2.2901,14.371,185.44,736.44,0.30445,0.11768,0.025792,0.26728,0.11032,0.02176,0.24108,0.1061,0.019136,238,240,241,162,171,183,168,173,174,177,172,168,57,56,56,84,87,92,0.53953,0.53855,0.53948
1,6.824e+05,-2.28,14.6,195,800,-2.3061,14.473,185.91,931.7,0.25865,0.13608,0.026816,0.23716,0.12717,0.02304,0.22586,0.12042,0.020864,245,243,242,185,192,198,161,167,171,158,157,156,48,50,52,103,103,100,0.53297,0.53518,0.53835
1,6.825e+05,-2.28,14.68,195,800,-2.2901,14.538,185.15,916.22,0.32602,0.12132,0.02752,0.26686,0.11841,0.022656,0.22719,0.11628,0.019328,243,245,244,247,238,221,179,174,172,133,136,139,48,51,52,110,110,107,0.5301,0.53875,0.5388
1,6.826e+05,-2.28,14.76,195,800,-2.2848,14.607,185.45,1010.5,0.29732,0.13252,0.029888,0.26318,0.12519,0.025344,0.24345,0.11906,0.022336,246,245,244,237,230,221,176,176,173,128,132,135,58,54,52,107,109,110,0.53987,0.54179,0.53903
1,6.827e+05,-2.28,14.84,195,800,-2.2742,14.698,185.83,1003.8,0.26013,0.12812,0.023936,0.21206,0.12272,0.01952,0.18509,0.11742,0.016896,247,247,245,186,197,208,170,171,171,138,135,134,51,52,53,112,114,114,0.52355,0.5338,0.54075
1,6.828e+05,-2.28,14.92,195,800,-2.3029,14.783,185.72,1017.2,0.32272,0.1274,0.030784,0.27975,0.12247,0.026112,0.25841,0.11525,0.02272,248,247,246,194,197,203,169,170,171,138,138,138,48,50,55,115,117,118,0.5355,0.5388,0.54029
1,6.829e+05,-2.28,15,195,800,-2.2891,14.863,187.32,961.98,0.27352,0.12844,0.025792,0.24264,0.12562,0.022208,0.21661,0.12016,0.0192,250,250,249,202,203,202,176,174,173,150,149,148,52,54,58,127,126,124,0.52883,0.54163,0.54077
1,6.83e+05,-2.28,15.08,195,800,-2.2827,14.915,187.2,616.44,0.30671,0.14442,0.029696,0.26697,0.143,0.025152,0.22669,0.13703,0.020864,255,253,251,194,197,204,178,180,178,161,163,165,55,56,59,127,128,126,0.54922,0.54309,0.54213
1,6.831e+05,-2.28,15.16,195,800,-2.2838,15.011,187.35,865.57,0.22488,0.17972,0.026304,0.19137,0.13614,0.020224,0.1784,0.13103,0.018112,252,253,252,203,204,205,187,183,180,172,174,179,54,56,60,130,127,124,0.53048,0.54144,0.54145
1,6.832e+05,-2.28,15.24,195,800,-2.2965,15.1,187.1,1044.5,0.27203,0.13474,0.02752,0.2302,0.12369,0.022208,0.21294,0.11971,0.019648,251,251,252,208,212,209,180,183,182,214,213,213,62,65,71,119,117,118,0.54423,0.54267,0.54425
1,6.833e+05,-2.28,15.32,195,800,-2.2848,15.15,187.09,976.38,0.31566,0.12364,0.028608,0.28693,0.11674,0.02464,0.25378,0.11048,0.020992,249,251,251,208,212,212,183,182,182,235,234,230,73,79,84,108,112,115,0.53835,0.54167,0.54248
1,6.834e+05,-2.28,15.4,195,800,-2.2848,15.245,186.98,814.8,0.22905,0.12192,0.020544,0.19853,0.11524,0.017088,0.18162,0.10952,0.014976,252,250,250,223,216,209,181,182,182,255,253,251,121,112,102,107,107,109,0.55252,0.54902,0.54655
1,6.835e+05,-2.28,15.48,195,800,-2.2562,15.303,185.7,862.79,0.28186,0.11867,0.023232,0.22976,0.10902,0.018176,0.18791,0.10729,0.015168,253,251,248,202,201,202,180,180,181,255,255,255,114,112,113,104,106,108,0.55748,0.54377,0.54538
1,6.836e+05,-2.28,15.56,195,800,-2.3082,15.409,186.79,1106.8,0.27935,0.11965,0.024192,0.25407,0.11286,0.020736,0.23395,0.1087,0.017728,254,250,246,177,189,200,177,179,180,255,255,255,112,113,117,111,109,110,0.55559,0.55,0.5501
1,6.837e+05,-2.28,15.64,195,800,-2.2944,15.494,186.7,946.47,0.25935,0.12119,0.024128,0.22958,0.11762,0.021056,0.21597,0.11052,0.018432,242,244,245,196,197,197,180,180,179,255,255,255,139,140,138,124,119,113,0.54881,0.55068,0.55259
1,6.838e+05,-2.28,15.72,195,800,-2.2965,15.551,187.26,822.76,0.25972,0.13071,0.026112,0.24327,0.12172,0.022848,0.22539,0.11851,0.020608,245,245,243,208,201,194,181,181,181,255,255,255,168,157,145,123,118,113,0.55129,0.5528,0.55391
1,6.839e+05,-2.28,15.8,195,800,-2.3018,15.647,185.67,822.63,0.26732,0.12347,0.024448,0.23586,0.11655,0.020864,0.21995,0.11376,0.018944,243,243,243,176,181,184,188,186,184,255,255,255,153,154,150,107,108,112,0.56463,0.56356,0.56057
1,6.84e+05,-2.28,15.88,195,800,-2.2923,15.714,185.83,856.81,0.27169,0.12266,0.025088,0.2449,0.11571,0.021824,0.22558,0.11232,0.019264,243,242,240,168,166,165,182,185,187,255,255,255,148,150,156,117,126,138,0.57054,0.56993,0.56936
1,6.841e+05,-2.28,15.96,195,800,-2.2912,15.784,185.65,519.65,0.284,0.12221,0.026304,0.26136,0.11633,0.023232,0.24043,0.11045,0.020416,245,241,238,156,156,157,179,184,188,255,255,255,167,168,163,146,152,157,0.57739,0.57815,0.57377
1,6.8717e+05,-2.187,16,195,800,-2.1862,15.754,-0.10363,737.07,0,0,0,0,0,0,0,0,0,244,242,241,149,157,159,197,195,192,255,255,255,171,162,161,196,185,180,0.55604,0.54246,0.53166
1,6.8727e+05,-2.187,15.92,195,800,-2.2,15.713,184.87,708.01,0.30865,0.1221,0.02144,0.27257,0.11708,0.018048,0.17738,0.11032,0.014336,238,238,239,182,176,171,194,192,189,255,255,255,123,130,144,120,127,139,0.56879,0.57454,0.57468
1,6.8737e+05,-2.187,15.84,195,800,-2.2,15.642,186.41,866.76,0.22224,0.1139,0.018944,0.19391,0.10956,0.016256,0.17101,0.10661,0.014144,237,238,240,177,179,180,186,187,188,255,255,255,123,129,140,100,107,120,0.55566,0.56086,0.5631
1,6.8747e+05,-2.187,15.76,195,800,-2.2021,15.576,185.8,669.11,0.26819,0.13369,0.026304,0.24217,0.12672,0.022784,0.21917,0.12271,0.020416,246,244,242,189,192,193,179,180,182,255,255,255,143,147,145,103,104,108,0.55877,0.55673,0.55795
1,6.8757e+05,-2.187,15.68,195,800,-2.201,15.48,187.26,683.18,0.35863,0.11693,0.029504,0.30398,0.10939,0.02368,0.27224,0.10503,0.01952,245,244,243,202,202,198,175,178,180,255,255,255,146,151,147,110,112,110,0.56142,0.55465,0.55447
1,6.8767e+05,-2.187,15.6,195,800,-2.1946,15.416,185.52,807.09,0.24752,0.12316,0.022848,0.20998,0.11745,0.018816,0.1907,0.11205,0.016384,245,246,246,210,207,205,180,179,178,255,255,255,138,133,133,122,116,112,0.55645,0.55228,0.55207
1,6.8777e+05,-2.187,15.52,195,800,-2.183,15.321,186.01,681.11,0.28846,0.12028,0.022976,0.19862,0.11882,0.01792,0.18391,0.11579,0.016448,251,248,247,221,215,209,182,182,179,255,255,255,95,103,111,99,106,111,0.5447,0.55,0.55005
1,6.8787e+05,-2.187,15.44,195,800,-2.1809,15.232,188.9,800.4,0.30523,0.13173,0.03072,0.26997,0.12458,0.026176,0.24695,0.1212,0.02304,239,247,248,220,218,211,186,181,178,255,255,254,88,96,101,107,109,111,0.55106,0.54728,0.54706
1,6.8797e+05,-2.187,15.36,195,800,-2.1766,15.162,187.68,1062.6,0.31441,0.1431,0.034752,0.28751,0.13266,0.029888,0.26979,0.12916,0.027136,254,251,249,201,210,211,170,173,175,252,249,243,83,83,83,121,117,115,0.55098,0.54576,0.54518
1,6.8807e+05,-2.187,15.28,195,800,-2.2169,15.108,186.95,892.97,0.3805,0.12031,0.0336,0.32493,0.11302,0.026752,0.25981,0.1084,0.02144,254,252,249,204,208,209,171,173,175,241,235,229,69,73,75,115,115,116,0.55633,0.54691,0.54491
1,6.8817e+05,-2.187,15.2,195,800,-2.1862,15.005,187.17,888.82,0.37826,0.13165,0.037952,0.33801,0.1236,0.032064,0.30492,0.11958,0.02816,250,251,251,206,206,204,180,180,176,182,189,194,63,62,64,116,115,116,0.55558,0.54501,0.54226
1,6.8827e+05,-2.187,15.12,195,800,-2.1946,14.958,186.53,762.78,0.2929,0.13049,0.0288,0.26184,0.12541,0.024896,0.24101,0.11953,0.021888,251,252,249,199,201,203,179,176,175,159,159,161,73,67,63,116,116,118,0.53787,0.5405,0.54164
1,6.8837e+05,-2.187,15.04,195,800,-2.2031,14.855,184.99,819.78,0.32315,0.12533,0.030592,0.27803,0.11853,0.02496,0.25302,0.11126,0.021504,252,249,247,202,205,204,173,172,173,148,149,150,69,66,60,117,117,117,0.54036,0.5403,0.54113
1,6.8847e+05,-2.187,14.96,195,800,-2.1872,14.781,185.71,877.82,0.28083,0.12792,0.02688,0.24611,0.11871,0.022464,0.22175,0.11806,0.020288,238,241,243,221,213,203,161,166,170,131,133,137,47,50,54,113,113,114,0.54817,0.5423,0.54212
1,6.8857e+05,-2.187,14.88,195,800,-2.1915,14.693,186.82,761.48,0.28991,0.12606,0.027968,0.26809,0.11853,0.02432,0.24636,0.11352,0.021312,239,239,241,207,207,204,166,168,170,128,130,133,48,48,50,109,109,111,0.54012,0.53934,0.54006
1,6.8867e+05,-2.187,14.8,195,800,-2.2021,14.628,187.15,714.11,0.25533,0.12973,0.025664,0.22731,0.12174,0.02176,0.20787,0.11792,0.0192,238,241,242,214,212,211,175,174,173,126,128,131,50,50,50,98,101,105,0.5316,0.535,0.53911
1,6.8877e+05,-2.187,14.72,195,800,-2.1851,14.539,186.75,969.15,0.2844,0.12703,0.027392,0.26061,0.11897,0.023488,0.24133,0.11487,0.020864,240,239,240,230,226,216,182,175,171,133,135,139,49,51,54,97,99,102,0.53352,0.53502,0.5367
1,6.8887e+05,-2.187,14.64,195,800,-2.1872,14.459,187,765.5,0.29419,0.12452,0.026368,0.24604,0.12234,0.02272,0.22757,0.11577,0.019968,230,236,240,217,214,208,172,172,173,141,144,148,51,54,55,99,99,99,0.53093,0.53836,0.53872
1,6.8897e+05,-2.187,14.56,195,800,-2.2106,14.399,185.3,977.97,0.29278,0.13239,0.029632,0.2668,0.12406,0.025152,0.23409,0.1201,0.021952,238,238,237,172,181,189,181,176,175,170,170,167,58,60,59,89,91,93,0.54133,0.53754,0.53876
1,6.8907e+05,-2.187,14.48,195,800,-2.1862,14.294,186.37,962.45,0.31446,0.12258,0.026752,0.25939,0.11983,0.022016,0.24026,0.11169,0.019264,241,238,237,185,180,184,181,181,179,185,178,172,61,59,61,87,87,90,0.53097,0.53782,0.53839
1,6.8917e+05,-2.187,14.4,195,800,-2.2169,14.249,186.39,930.83,0.27503,0.12923,0.025472,0.23021,0.12029,0.020736,0.20831,0.11172,0.0176,231,233,234,189,190,191,182,182,182,169,171,171,63,65,65,96,94,91,0.53731,0.53576,0.53649
1,6.8927e+05,-2.187,14.32,195,800,-2.1989,14.146,188.11,686.38,0.33549,0.12495,0.031168,0.29035,0.12022,0.026432,0.26637,0.11451,0.023296,234,233,234,188,196,200,173,179,181,160,162,164,78,74,69,98,94,91,0.52124,0.53276,0.5365
1,6.8937e+05,-2.187,14.24,195,800,-2.1915,14.057,187.2,1037.9,0.29132,0.12497,0.025792,0.23696,0.11917,0.02112,0.21257,0.11516,0.018432,238,236,235,209,203,200,182,181,182,159,162,164,74,72,70,90,89,90,0.5456,0.53701,0.53455
1,6.8947e+05,-2.187,14.16,195,800,-2.2031,13.991,185.67,758.62,0.24794,0.13112,0.025216,0.2249,0.1226,0.021184,0.21187,0.11519,0.018752,239,239,240,198,200,200,192,190,186,164,164,166,68,71,75,86,86,87,0.52433,0.53848,0.53598
1,6.8957e+05,-2.187,14.08,195,800,-2.1596,13.881,187.26,993.8,0.27036,0.11959,0.023808,0.2376,0.11104,0.01984,0.21252,0.10582,0.016832,245,242,243,192,194,196,195,191,187,163,165,169,79,81,85,88,87,89,0.53048,0.53546,0.53547
1,6.8967e+05,-2.187,14,195,800,-2.1798,13.802,186.71,1350.6,0.27565,0.1217,0.024256,0.24563,0.11591,0.020928,0.21212,0.11238,0.0176,251,248,246,185,184,188,196,188,185,176,174,172,136,123,110,91,93,95,0.54248,0.53448,0.53288
1,6.8977e+05,-2.187,13.92,195,800,-2.184,13.743,187.24,1012.4,0.27585,0.11841,0.023616,0.2443,0.11283,0.020288,0.21823,0.10944,0.0176,249,247,248,188,187,187,188,181,179,168,167,168,134,135,126,101,100,98,0.53161,0.5313,0.53323
1,6.8987e+05,-2.187,13.84,195,800,-2.1851,13.665,186.35,793.72,0.3044,0.12195,0.026752,0.26762,0.11387,0.022208,0.233,0.11223,0.019136,249,248,248,199,192,188,179,175,176,162,161,163,139,131,122,97,98,98,0.53472,0.53168,0.5317
1,6.8997e+05,-2.187,13.76,195,800,-2.1745,13.571,187.38,1215.3,0.34636,0.11699,0.028992,0.30343,0.11141,0.024064,0.25565,0.11008,0.020608,248,249,250,187,192,194,169,169,173,152,153,153,121,110,102,93,94,94,0.53129,0.53366,0.53232
1,6.9007e+05,-2.187,13.68,195,800,-2.1936,13.519,185.86,887.12,0.28355,0.12426,0.025728,0.24489,0.11538,0.021312,0.21627,0.11318,0.018624,249,249,250,197,195,194,170,171,173,151,149,149,94,94,92,94,94,94,0.5341,0.53068,0.53056
1,6.9017e+05,-2.187,13.6,195,800,-2.2,13.444,185.87,794.55,0.31884,0.12995,0.030976,0.27933,0.1268,0.02688,0.25717,0.11995,0.023104,246,247,249,198,195,188,180,178,178,143,145,147,75,76,76,94,94,95,0.52762,0.52738,0.52923
1,6.9027e+05,-2.187,13.52,195,800,-2.2095,13.373,187.12,929.84,0.29777,0.1365,0.028992,0.25657,0.1275,0.02464,0.22891,0.12436,0.021568,245,245,245,171,169,172,190,185,181,155,152,149,75,72,69,99,98,95,0.52486,0.52819,0.52922
1,6.9037e+05,-2.187,13.44,195,800,-2.2201,13.302,186.96,942.39,0.34309,0.13027,0.033472,0.30452,0.12403,0.02848,0.27006,0.12099,0.024512,241,241,243,155,159,167,185,183,181,158,153,149,73,68,64,97,95,94,0.52708,0.53013,0.53004
1,6.9047e+05,-2.187,13.36,195,800,-2.1925,13.202,186.57,854.04,0.3254,0.13399,0.031232,0.2734,0.12766,0.025984,0.24621,0.12235,0.022976,238,239,241,169,170,177,175,175,178,144,144,144,52,54,55,86,87,89,0.52534,0.52903,0.53106
1,6.9057e+05,-2.187,13.28,195,800,-2.1968,13.122,187.25,1080.7,0.2769,0.12944,0.027776,0.2461,0.12474,0.023552,0.22704,0.11585,0.020288,245,243,241,192,189,187,171,175,177,137,139,141,49,50,52,88,87,87,0.53522,0.53383,0.53306
1,6.9067e+05,-2.187,13.2,195,800,-2.1819,13.042,185.79,1053.8,0.32155,0.12475,0.028992,0.28159,0.11564,0.023872,0.24424,0.11363,0.020608,243,243,242,201,202,203,180,176,174,136,135,136,53,52,51,91,89,88,0.52487,0.53315,0.5335
1,6.9077e+05,-2.187,13.12,195,800,-2.2021,12.964,186.71,1115.3,0.30607,0.12302,0.027776,0.2646,0.11967,0.023936,0.23744,0.11434,0.02048,237,239,241,208,205,206,167,170,173,133,134,136,54,53,51,90,91,90,0.53763,0.5386,0.53711
1,6.9087e+05,-2.187,13.04,195,800,-2.1968,12.888,185.04,822.07,0.32357,0.12817,0.030912,0.3026,0.11745,0.026496,0.26939,0.11441,0.02304,241,241,242,220,213,207,168,170,172,134,135,137,49,51,51,92,91,90,0.53742,0.53398,0.53686
1,6.9097e+05,-2.187,12.96,195,800,-2.2031,12.817,186.86,1104.8,0.27644,0.1257,0.026368,0.24653,0.11844,0.02208,0.21562,0.11541,0.019072,248,247,246,220,214,207,180,178,175,138,140,141,49,49,51,87,88,89,0.52331,0.53422,0.53696
1,6.9107e+05,-2.187,12.88,195,800,-2.1946,12.724,185.89,1099.4,0.2531,0.13139,0.025152,0.21977,0.12651,0.021312,0.20068,0.12103,0.01888,248,248,246,213,207,200,179,178,176,140,142,142,50,51,52,87,89,90,0.55194,0.5393,0.53812
1,6.9117e+05,-2.187,12.8,195,800,-2.1925,12.634,187.12,795.54,0.23766,0.14228,0.0256,0.21514,0.13862,0.022144,0.20274,0.12936,0.020032,244,243,242,179,183,187,177,176,176,138,142,143,57,58,59,101,99,96,0.53336,0.53564,0.53767
1,6.9127e+05,-2.187,12.72,195,800,-2.1819,12.568,185.25,694.77,0.27304,0.1221,0.024512,0.23352,0.11914,0.020928,0.20779,0.11291,0.017984,236,238,240,174,180,187,170,174,177,145,142,140,58,60,62,103,103,101,0.5402,0.53597,0.53687
1,6.9137e+05,-2.187,12.64,195,800,-2.1872,12.488,186.88,938.45,0.2765,0.12406,0.025984,0.24959,0.11824,0.02208,0.23356,0.11106,0.019456,238,239,240,185,191,193,174,176,177,141,140,138,55,57,60,100,103,103,0.54396,0.54126,0.53876
1,6.9147e+05,-2.187,12.56,195,800,-2.1978,12.41,187.32,813.89,0.24098,0.12803,0.023872,0.22864,0.11715,0.020736,0.2164,0.11322,0.018752,245,244,242,219,212,200,177,178,177,133,132,132,52,54,57,108,109,108,0.5499,0.53931,0.53997
1,6.9157e+05,-2.187,12.48,195,800,-2.1957,12.326,187.52,773.36,0.30101,0.12137,0.027456,0.2673,0.11494,0.023424,0.24144,0.11033,0.02048,244,244,244,209,205,198,170,174,176,128,129,130,55,55,56,111,112,109,0.53418,0.53259,0.53789
1,6.9167e+05,-2.187,12.4,195,800,-2.1925,12.245,186.01,767.93,0.32784,0.12908,0.03072,0.28139,0.12271,0.025856,0.26423,0.11675,0.02304,243,245,247,169,177,184,169,172,175,124,128,132,55,55,54,101,106,108,0.52563,0.53152,0.53958
1,6.9177e+05,-2.187,12.32,195,800,-2.2042,12.182,187.41,806.67,0.30355,0.13829,0.030784,0.27622,0.12959,0.026624,0.2557,0.12614,0.023872,249,250,250,179,183,184,177,177,176,141,139,139,52,52,54,102,103,104,0.54011,0.54089,0.5399
1,6.9187e+05,-2.187,12.24,195,800,-2.1872,12.081,186.63,957.68,0.25749,0.12941,0.02528,0.22672,0.12249,0.021504,0.20491,0.11869,0.018944,251,251,250,200,192,186,177,178,177,144,145,146,54,56,56,105,106,103,0.54224,0.53731,0.5391
1,6.9197e+05,-2.187,12.16,195,800,-2.1862,12.018,185.83,994.22,0.29986,0.11791,0.02624,0.26893,0.11267,0.021888,0.24441,0.10566,0.01888,251,250,248,178,185,189,178,177,176,156,159,160,75,68,62,103,103,99,0.5424,0.54082,0.5408
1,6.9207e+05,-2.187,12.08,195,800,-2.1766,11.913,187.42,733.83,0.31508,0.12621,0.029632,0.29682,0.11893,0.025728,0.26739,0.11465,0.022656,248,248,247,167,180,191,172,174,175,167,169,169,74,70,65,95,95,95,0.54398,0.54068,0.5419
1,6.9217e+05,-2.187,12,195,800,-2.1862,11.867,187.22,559.14,0.25476,0.11804,0.021312,0.20285,0.11461,0.0176,0.18513,0.11154,0.015744,246,246,246,207,204,202,168,169,172,188,188,187,64,66,66,81,84,87,0.54428,0.54357,0.54319
1,6.9227e+05,-2.187,11.92,195,800,-2.184,11.776,185.91,778.7,0.26214,0.12431,0.024192,0.23781,0.11365,0.019712,0.20045,0.11363,0.017024,249,249,249,225,221,219,169,169,170,199,200,201,67,68,70,86,85,85,0.53614,0.54206,0.54245
1,6.9237e+05,-2.187,11.84,195,800,-2.1989,11.703,184.94,914.77,0.34895,0.1285,0.03232,0.30551,0.12532,0.027648,0.27243,0.11911,0.02336,251,251,250,217,221,223,170,170,170,200,203,205,72,72,71,83,84,85,0.53855,0.54123,0.54256
1,6.9247e+05,-2.187,11.76,195,800,-2.1936,11.621,186.16,1042.1,0.3236,0.12366,0.027328,0.26541,0.11841,0.021824,0.22723,0.11348,0.018496,253,253,252,218,217,220,169,168,167,198,201,203,76,76,75,83,84,87,0.54883,0.54573,0.54506
1,6.9257e+05,-2.187,11.68,195,800,-2.2053,11.565,183.3,385.79,0.28482,0.12614,0.026112,0.25376,0.12223,0.022976,0.24064,0.11432,0.020224,252,252,252,211,214,219,165,166,167,189,194,199,80,78,75,86,87,90,0.54459,0.54661,0.54379
1,6.9267e+05,-2.187,11.6,195,800,-2.1978,11.461,185.5,659.09,0.29902,0.12726,0.02784,0.25041,0.1238,0.02304,0.21984,0.12105,0.019904,251,251,252,223,219,215,167,170,171,181,184,187,77,76,73,105,107,112,0.54772,0.54402,0.54546
1,6.9277e+05,-2.187,11.52,195,800,-2.1968,11.38,185.44,936.71,0.25093,0.11375,0.021632,0.22383,0.10618,0.018112,0.20996,0.10055,0.015872,252,252,252,214,214,213,182,180,177,179,179,176,72,71,70,152,157,161,0.54926,0.55186,0.54966
1,6.9287e+05,-2.187,11.44,195,800,-2.2031,11.317,186.37,931.41,0.22763,0.13346,0.02336,0.20578,0.12697,0.020288,0.18693,0.11992,0.017664,252,252,252,205,209,211,180,180,178,174,170,167,69,68,67,188,191,191,0.55341,0.55241,0.55236
1,6.9297e+05,-2.187,11.36,195,800,-2.184,11.221,186.73,872.5,0.23237,0.12332,0.021888,0.21284,0.1152,0.018432,0.19603,0.10954,0.016448,253,252,251,213,211,210,176,176,175,139,144,148,59,61,65,250,244,237,0.55879,0.55706,0.55665
1,6.9307e+05,-2.187,11.28,195,800,-2.1925,11.147,186.38,927.66,0.30799,0.1354,0.030848,0.28413,0.12784,0.02656,0.27005,0.1224,0.024128,249,250,250,217,213,210,175,173,171,131,136,141,58,62,66,255,254,249,0.56544,0.56292,0.56097
1,6.9317e+05,-2.187,11.2,195,800,-2.2063,11.061,187.42,1004.5,0.25192,0.1267,0.023104,0.21431,0.1225,0.019648,0.1948,0.11669,0.017472,242,243,245,194,196,194,158,161,165,134,140,148,66,72,82,255,255,255,0.56834,0.56634,0.56678
1,6.9327e+05,-2.187,11.12,195,800,-2.1915,10.988,187.74,530.44,0.27644,0.14133,0.028864,0.25114,0.13374,0.024704,0.23176,0.13111,0.022464,238,240,243,148,155,167,162,164,167,174,175,178,129,132,131,255,255,255,0.57208,0.57514,0.57711
1,6.9337e+05,-2.187,11.04,195,800,-2.184,10.911,187.61,753.05,0.33545,0.13085,0.032192,0.28078,0.12699,0.026944,0.25787,0.12289,0.024192,244,243,243,135,144,157,173,171,171,199,196,194,190,174,157,255,255,255,0.58517,0.5784,0.56781
1,6.9644e+05,-2.094,11,195,800,-2.1119,10.929,0.19431,735.46,0,0,0,0,0,0,0,0,0,249,248,248,169,159,157,185,183,178,226,224,217,212,205,185,255,255,255,0.5104,0.51071,0.51692
1,6.9654e+05,-2.094,11.08,195,800,-2.1183,11.001,185.89,1036.9,0.18622,0.1241,0.016768,0.16146,0.11629,0.014656,0.14918,0.11112,0.013056,248,246,247,158,164,173,169,171,171,194,192,187,131,135,134,255,255,255,0.57348,0.58447,0.58394
1,6.9664e+05,-2.094,11.16,195,800,-2.1013,11.058,185.73,788.73,0.23558,0.12036,0.020864,0.19175,0.11894,0.017472,0.17828,0.11137,0.01536,248,247,247,185,185,185,159,165,171,154,162,169,88,98,106,255,255,255,0.56928,0.56822,0.56896
1,6.9674e+05,-2.094,11.24,195,800,-2.1161,11.151,187.33,777.89,0.25006,0.13471,0.026176,0.23451,0.12545,0.022912,0.2243,0.11886,0.020608,254,251,250,221,212,204,181,176,172,129,131,138,87,75,69,255,255,254,0.56509,0.56091,0.5613
1,6.9684e+05,-2.094,11.32,195,800,-2.096,11.214,185.83,953.77,0.29349,0.12644,0.027904,0.26296,0.11977,0.023424,0.25167,0.11143,0.020672,254,253,251,208,207,205,184,180,176,132,131,135,71,67,63,255,254,250,0.55348,0.55833,0.55869
1,6.9694e+05,-2.094,11.4,195,800,-2.1066,11.303,186.35,787.97,0.32659,0.14296,0.036416,0.30647,0.13387,0.031744,0.28482,0.1276,0.028032,251,250,251,203,200,202,185,181,181,146,145,145,52,54,58,239,228,218,0.54698,0.54937,0.55274
1,6.9704e+05,-2.094,11.48,195,800,-2.114,11.385,186.88,1232.5,0.30648,0.12,0.026496,0.23982,0.11655,0.02048,0.20759,0.11099,0.017792,250,250,251,220,214,212,181,181,179,166,163,160,58,58,59,159,160,162,0.54933,0.55507,0.55234
1,6.9714e+05,-2.094,11.56,195,800,-2.1076,11.45,187.1,1106.8,0.32293,0.12174,0.027904,0.29589,0.11251,0.022976,0.27886,0.10674,0.019072,254,252,251,226,223,218,180,178,176,172,168,166,59,60,61,128,129,134,0.5512,0.54807,0.5492
1,6.9724e+05,-2.094,11.64,195,800,-2.114,11.542,184.32,911.97,0.26992,0.11876,0.023808,0.23126,0.11526,0.019648,0.20386,0.112,0.017088,251,252,252,228,224,224,173,171,171,183,179,179,62,64,65,89,92,98,0.54452,0.54841,0.5467
1,6.9734e+05,-2.094,11.72,195,800,-2.1055,11.605,186.09,895.29,0.2675,0.1265,0.025664,0.24129,0.11955,0.021952,0.22543,0.11227,0.019392,253,252,253,213,223,226,170,171,171,189,187,185,65,67,69,85,86,88,0.53042,0.53976,0.54238
1,6.9744e+05,-2.094,11.8,195,800,-2.1172,11.689,186.43,1009.3,0.30568,0.12869,0.029184,0.26636,0.12181,0.024448,0.23376,0.11434,0.020096,255,253,252,235,228,223,179,177,173,204,199,194,83,78,73,81,82,84,0.53733,0.54288,0.5435
1,6.9754e+05,-2.094,11.88,195,800,-2.1013,11.756,185.38,794.22,0.27922,0.12974,0.026752,0.25177,0.12088,0.02304,0.22907,0.11793,0.02048,248,248,248,223,221,219,178,178,176,193,193,192,76,74,71,81,82,84,0.55816,0.54559,0.54406
1,6.9764e+05,-2.094,11.96,195,800,-2.1076,11.856,186.7,618.74,0.32735,0.12149,0.028736,0.29599,0.11246,0.023616,0.25776,0.11011,0.02016,246,246,246,220,216,210,178,179,177,187,188,187,65,67,68,82,83,85,0.56017,0.54374,0.54314
1,6.9774e+05,-2.094,12.04,195,800,-2.114,11.913,187.16,849.36,0.28151,0.1218,0.0256,0.26321,0.11208,0.021824,0.24655,0.10722,0.019584,246,246,246,197,193,193,191,185,178,176,176,174,62,62,63,86,86,88,0.54759,0.5459,0.54155
1,6.9784e+05,-2.094,12.12,195,800,-2.1076,11.971,188.22,536.66,0.30051,0.12477,0.027584,0.25827,0.12036,0.022976,0.23261,0.11478,0.020288,247,247,247,181,183,188,188,183,178,172,168,165,63,63,63,90,90,90,0.55609,0.5485,0.54409
1,6.9794e+05,-2.094,12.2,195,800,-2.1013,12.068,185.96,925.9,0.3352,0.11816,0.028224,0.29399,0.10801,0.022656,0.24819,0.10654,0.018432,250,250,249,180,182,182,172,174,175,145,146,148,55,58,59,98,97,95,0.54718,0.54212,0.54078
1,6.9804e+05,-2.094,12.28,195,800,-2.1193,12.182,187.74,999.98,0.2915,0.12819,0.02848,0.272,0.12231,0.025152,0.25587,0.11414,0.022336,254,251,249,177,180,182,175,175,174,133,135,137,52,54,56,98,99,101,0.52663,0.5391,0.5417
1,6.9814e+05,-2.094,12.36,195,800,-2.114,12.227,187.23,745.9,0.29347,0.11301,0.023936,0.26172,0.10868,0.020608,0.24442,0.10431,0.017984,254,251,249,179,179,181,175,175,174,133,133,134,58,58,57,99,103,105,0.53563,0.54126,0.54118
1,6.9824e+05,-2.094,12.44,195,800,-2.1076,12.306,186.62,656.14,0.27794,0.1267,0.026368,0.25374,0.11982,0.023232,0.24244,0.11459,0.020928,246,246,246,189,187,186,172,172,172,125,128,130,68,63,57,111,112,109,0.52921,0.53674,0.54119
1,6.9834e+05,-2.094,12.52,195,800,-2.1076,12.39,187.4,869.3,0.27051,0.11928,0.022912,0.22849,0.11664,0.0192,0.19676,0.10897,0.016128,240,244,246,193,193,190,169,171,172,125,127,128,61,59,56,112,111,109,0.54247,0.54066,0.53928
1,6.9844e+05,-2.094,12.6,195,800,-2.113,12.469,185.24,728.88,0.30764,0.12039,0.027264,0.2589,0.11358,0.02208,0.22537,0.11018,0.018816,247,244,243,200,196,191,177,173,172,124,125,127,54,56,56,100,101,103,0.54398,0.54089,0.53767
1,6.9854e+05,-2.094,12.68,195,800,-2.1214,12.554,186.51,475.34,0.30076,0.1295,0.0272,0.23951,0.12579,0.021824,0.21494,0.11942,0.01888,240,241,242,183,182,184,173,172,172,125,127,128,66,61,57,95,96,98,0.54541,0.53816,0.53751
1,6.9864e+05,-2.094,12.76,195,800,-2.1151,12.634,185.13,877.6,0.29422,0.12637,0.026688,0.24595,0.12165,0.021952,0.20314,0.11934,0.018368,239,240,241,176,178,184,170,170,171,126,127,129,59,58,56,96,97,96,0.54579,0.54128,0.53882
1,6.9874e+05,-2.094,12.84,195,800,-2.1076,12.71,187.79,1006.8,0.2611,0.1174,0.022336,0.23488,0.10659,0.018624,0.20766,0.10467,0.015872,245,245,244,186,190,194,166,168,170,128,130,130,46,48,50,89,91,92,0.5331,0.53886,0.53943
1,6.9884e+05,-2.094,12.92,195,800,-2.1034,12.781,188.11,732.09,0.31439,0.13208,0.027776,0.26193,0.12555,0.022528,0.22457,0.12295,0.01952,249,247,245,197,200,201,164,167,170,133,131,130,46,46,48,87,88,90,0.52505,0.53404,0.53784
1,6.9894e+05,-2.094,13,195,800,-2.1034,12.877,187.54,773.57,0.25785,0.12308,0.02368,0.23618,0.11827,0.020672,0.21299,0.11346,0.018368,242,244,243,218,216,211,163,166,169,134,132,131,47,48,48,83,86,87,0.5473,0.5406,0.53704
1,6.9904e+05,-2.094,13.08,195,800,-2.1087,12.959,186.18,852.97,0.26515,0.11993,0.023936,0.23898,0.11537,0.021056,0.22261,0.11051,0.018816,234,237,240,221,219,214,162,167,171,127,128,129,51,50,50,89,88,87,0.53796,0.5393,0.53796
1,6.9914e+05,-2.094,13.16,195,800,-2.0992,13.027,187.48,772.44,0.26319,0.12023,0.023296,0.23285,0.11441,0.020032,0.20704,0.10976,0.017344,238,239,240,216,218,214,166,169,172,127,128,129,51,51,51,87,87,87,0.53166,0.53299,0.53498
1,6.9924e+05,-2.094,13.24,195,800,-2.1076,13.115,187.7,854.56,0.26266,0.13473,0.02592,0.22957,0.12425,0.021696,0.2095,0.12219,0.019584,246,244,241,217,211,201,172,174,176,132,131,130,47,49,51,83,84,85,0.52091,0.53274,0.53195
1,6.9934e+05,-2.094,13.32,195,800,-2.114,13.178,186.65,670.32,0.31207,0.12281,0.026688,0.26102,0.11774,0.021504,0.22876,0.11254,0.01856,242,243,243,196,193,189,178,177,178,132,131,131,48,50,53,81,83,85,0.52827,0.52412,0.52843
1,6.9944e+05,-2.094,13.4,195,800,-2.1034,13.26,186.34,1001.7,0.24969,0.12183,0.022656,0.22854,0.11417,0.019904,0.20626,0.11064,0.017344,244,244,244,147,156,168,186,185,182,132,135,136,55,58,60,90,89,89,0.53233,0.52929,0.52993
1,6.9954e+05,-2.094,13.48,195,800,-2.0875,13.337,184.83,684.6,0.25293,0.13077,0.025408,0.23127,0.12576,0.022272,0.21012,0.12222,0.019904,254,251,248,161,166,171,181,182,181,142,141,139,69,69,67,98,95,91,0.50753,0.526,0.5302
1,6.9964e+05,-2.094,13.56,195,800,-2.1076,13.419,185.75,607.86,0.27097,0.12568,0.024448,0.22571,0.12072,0.020544,0.20729,0.11581,0.018048,253,251,250,178,180,180,175,177,179,140,140,140,74,72,70,93,92,91,0.53051,0.53039,0.52995
1,6.9974e+05,-2.094,13.64,195,800,-2.1119,13.488,186.11,911.57,0.28121,0.12057,0.025216,0.25729,0.11501,0.022144,0.2388,0.10835,0.019584,251,251,251,197,191,187,173,174,174,138,141,143,76,76,76,87,89,90,0.52588,0.52929,0.52901
1,6.9984e+05,-2.094,13.72,195,800,-2.0928,13.579,186.22,771.51,0.26871,0.11856,0.023744,0.25425,0.11141,0.020992,0.23495,0.10641,0.018304,253,252,251,185,185,188,175,175,175,149,148,146,75,80,84,95,92,89,0.53844,0.53238,0.53166
1,6.9994e+05,-2.094,13.8,195,800,-2.1214,13.671,186.3,829.85,0.26571,0.12663,0.025024,0.23521,0.12131,0.02176,0.22033,0.11357,0.019072,252,250,250,181,186,189,182,181,179,161,159,156,103,104,101,90,90,89,0.5227,0.52726,0.53099
1,7.0004e+05,-2.094,13.88,195,800,-2.1257,13.743,186.44,815.56,0.33917,0.12269,0.030016,0.28412,0.11566,0.024384,0.24535,0.11315,0.0208,244,247,249,193,191,192,180,182,183,164,168,168,129,124,113,87,87,87,0.52634,0.53665,0.53391
1,7.0014e+05,-2.094,13.96,195,800,-2.1013,13.812,187.06,775.76,0.25079,0.13309,0.025152,0.22423,0.123,0.02144,0.20696,0.11999,0.0192,247,248,249,184,189,195,177,181,183,181,177,170,133,121,109,85,86,87,0.52536,0.52932,0.53164
1,7.0024e+05,-2.094,14.04,195,800,-2.1066,13.889,188.37,703.16,0.29565,0.13179,0.028224,0.26279,0.12139,0.023232,0.22373,0.11583,0.019968,248,247,246,205,200,196,183,184,183,177,173,169,80,90,92,83,84,86,0.53961,0.53601,0.53273
1,7.0034e+05,-2.094,14.12,195,800,-2.1161,13.974,188.02,743.44,0.28858,0.12841,0.026368,0.2571,0.11876,0.022336,0.23683,0.11338,0.019712,238,242,244,209,202,199,189,184,181,160,163,166,77,78,82,84,85,85,0.53169,0.53341,0.53454
1,7.0044e+05,-2.094,14.2,195,800,-2.131,14.08,187.69,1257.8,0.25101,0.14054,0.026816,0.22389,0.1319,0.02272,0.21134,0.12673,0.020608,235,235,237,201,204,204,172,173,174,162,160,160,70,73,76,86,84,85,0.54037,0.53754,0.53421
1,7.0054e+05,-2.094,14.28,195,800,-2.1002,14.125,187.04,697.79,0.27813,0.13928,0.02816,0.25309,0.12858,0.024384,0.23749,0.12429,0.022208,226,230,234,220,210,203,164,167,172,164,164,163,76,76,75,82,85,86,0.53162,0.53648,0.53574
1,7.0064e+05,-2.094,14.36,195,800,-2.1045,14.205,187.57,738.54,0.24277,0.13572,0.025536,0.22675,0.12839,0.022592,0.2145,0.12343,0.020288,229,230,233,209,204,199,175,173,174,169,167,166,74,74,72,87,86,86,0.54583,0.538,0.53641
1,7.0074e+05,-2.094,14.44,195,800,-2.1214,14.291,187.59,611.13,0.22471,0.13219,0.021312,0.17668,0.12181,0.016256,0.16229,0.11519,0.01472,230,232,235,183,182,183,189,188,183,182,179,174,63,63,65,84,85,87,0.52865,0.5384,0.53801
1,7.0084e+05,-2.094,14.52,195,800,-2.1002,14.356,187.24,686.85,0.3003,0.12837,0.026432,0.22889,0.11924,0.020736,0.20139,0.11622,0.01824,230,234,236,166,174,182,200,190,182,190,181,173,59,63,64,86,87,88,0.54443,0.53874,0.53734
1,7.0094e+05,-2.094,14.6,195,800,-2.1034,14.434,187.06,416.54,0.25563,0.12832,0.024768,0.23593,0.12279,0.021888,0.21828,0.11838,0.019584,235,236,237,212,193,191,165,171,175,162,163,161,80,68,60,96,94,93,0.52347,0.53359,0.53666
1,7.0104e+05,-2.094,14.68,195,800,-2.1034,14.534,185.67,618.35,0.24375,0.1236,0.022592,0.20782,0.11893,0.019136,0.19304,0.11523,0.016896,242,240,240,218,210,206,167,165,167,141,141,142,51,54,55,103,100,98,0.53655,0.54307,0.53923
1,7.0114e+05,-2.094,14.76,195,800,-2.1098,14.606,186.84,876.98,0.19678,0.12631,0.019136,0.17765,0.11817,0.01632,0.16532,0.11308,0.01472,245,242,240,210,207,204,167,168,169,134,134,136,48,49,50,103,102,101,0.54277,0.54022,0.5388
1,7.0124e+05,-2.094,14.84,195,800,-2.0896,14.686,185.28,1153,0.3044,0.12656,0.02816,0.2743,0.12222,0.02432,0.24948,0.11747,0.021312,238,237,238,187,191,198,170,169,170,129,129,130,45,46,48,109,106,106,0.54093,0.54132,0.54067
1,7.0134e+05,-2.094,14.92,195,800,-2.0939,14.747,186.13,908.55,0.27554,0.12359,0.02528,0.24464,0.11756,0.02176,0.22397,0.11427,0.019456,233,235,238,190,192,198,169,168,170,127,129,131,46,47,50,109,110,109,0.53202,0.54296,0.54294
1,7.0144e+05,-2.094,15,195,800,-2.1087,14.846,185.49,929.41,0.27206,0.12212,0.024384,0.24481,0.1152,0.0208,0.22331,0.10903,0.018176,238,239,241,204,203,203,171,170,170,133,137,142,60,62,60,115,114,113,0.54175,0.54259,0.54275
1,7.0154e+05,-2.094,15.08,195,800,-2.1076,14.934,185.44,855.94,0.28086,0.12586,0.026112,0.26755,0.11681,0.022656,0.25076,0.11246,0.020608,248,246,246,204,202,203,168,170,173,161,160,162,83,71,64,108,111,115,0.54361,0.54429,0.54364
1,7.0164e+05,-2.094,15.16,195,800,-2.1023,14.997,185.92,1125.7,0.288,0.11811,0.024256,0.25129,0.1118,0.020608,0.23276,0.10594,0.017984,246,247,247,196,199,202,166,170,173,171,173,178,58,65,64,109,112,115,0.53549,0.53925,0.54238
1,7.0174e+05,-2.094,15.24,195,800,-2.1034,15.082,186.66,1033,0.24157,0.11751,0.019776,0.19797,0.11058,0.016128,0.18056,0.10752,0.0144,245,245,247,202,199,199,167,167,170,213,215,215,60,61,64,111,115,118,0.54102,0.5468,0.5469
1,7.0184e+05,-2.094,15.32,195,800,-2.096,15.154,186.59,961.17,0.21443,0.11293,0.017536,0.18539,0.10795,0.014592,0.15361,0.10525,0.012544,246,245,246,202,201,202,159,164,171,242,237,231,64,66,69,119,119,119,0.53962,0.54048,0.54416
1,7.0194e+05,-2.094,15.4,195,800,-2.1108,15.242,185.08,1017.3,0.24053,0.1196,0.020864,0.21348,0.11297,0.0176,0.18744,0.10838,0.014976,242,244,246,213,205,206,167,170,172,255,255,252,81,81,85,125,123,118,0.55214,0.54581,0.54738
1,7.0204e+05,-2.094,15.48,195,800,-2.0896,15.298,186.56,1014.3,0.29355,0.11605,0.02528,0.24784,0.112,0.0192,0.18367,0.11007,0.015616,243,247,247,203,207,211,174,177,176,255,255,255,113,112,113,109,111,114,0.55257,0.54411,0.54722
1,7.0214e+05,-2.094,15.56,195,800,-2.1151,15.396,187.01,812.86,0.26618,0.12868,0.02528,0.23437,0.11853,0.020736,0.2034,0.1164,0.018048,248,247,247,215,211,210,179,175,176,255,255,255,137,131,125,109,109,111,0.54315,0.54578,0.54803
1,7.0224e+05,-2.094,15.64,195,800,-2.1246,15.503,187.82,825.95,0.22328,0.13204,0.022016,0.20148,0.12559,0.019136,0.18578,0.12188,0.017216,241,243,245,203,206,205,169,173,177,255,255,255,153,149,143,107,106,107,0.56143,0.55521,0.55346
1,7.0234e+05,-2.094,15.72,195,800,-2.1119,15.575,185.47,1125,0.29848,0.14138,0.030016,0.25367,0.13097,0.024064,0.20641,0.12799,0.020032,242,241,242,202,201,200,178,177,178,255,255,255,154,148,144,100,103,105,0.54182,0.55193,0.55544
1,7.0244e+05,-2.094,15.8,195,800,-2.1034,15.63,186.25,916.57,0.28466,0.12999,0.02816,0.25529,0.12465,0.024256,0.23851,0.1178,0.021248,236,236,238,195,190,188,191,188,186,255,255,255,138,136,136,100,104,110,0.55624,0.55778,0.56075
1,7.0254e+05,-2.094,15.88,195,800,-2.1066,15.718,185.83,713.88,0.20704,0.12626,0.019648,0.17787,0.12195,0.017024,0.17088,0.11732,0.015808,234,236,238,175,176,176,190,192,191,255,255,255,125,132,143,143,149,153,0.55778,0.56631,0.56844
1,7.0264e+05,-2.094,15.96,195,800,-2.1193,15.798,187.62,672.71,0.32279,0.13075,0.031744,0.29517,0.12169,0.0272,0.27226,0.11955,0.02464,238,239,239,170,171,172,195,193,192,255,255,255,142,148,152,197,192,179,0.5761,0.57985,0.5722
1,7.0571e+05,-2.001,16,195,800,-1.9899,15.769,-0.12349,802.85,0,0,0,0,0,0,0,0,0,244,244,242,177,177,178,183,187,188,255,255,255,202,179,163,240,221,200,0.52306,0.53452,0.5299
1,7.0581e+05,-2.001,15.92,195,800,-2.0143,15.704,186.28,932.22,0.18583,0.12206,0.0176,0.16876,0.11643,0.015424,0.15535,0.11524,0.013952,237,238,238,174,175,179,189,188,188,255,255,255,132,138,143,147,151,152,0.56852,0.57199,0.57544
1,7.0591e+05,-2.001,15.84,195,800,-2.0196,15.627,186.4,626.79,0.23313,0.12255,0.021632,0.21223,0.1173,0.018944,0.19304,0.11367,0.01664,238,236,237,174,177,182,192,189,187,255,255,255,132,131,135,113,119,126,0.5673,0.56265,0.56425
1,7.0601e+05,-2.001,15.76,195,800,-2.0132,15.565,188.03,841.05,0.23661,0.1355,0.025088,0.22418,0.12934,0.022656,0.21169,0.12127,0.019968,233,236,239,189,190,194,185,184,181,255,255,255,137,137,137,103,99,100,0.55487,0.55977,0.55823
1,7.0611e+05,-2.001,15.68,195,800,-2.0206,15.494,186.87,999.74,0.3285,0.15998,0.036352,0.27701,0.15245,0.029568,0.24731,0.13706,0.025344,239,241,242,201,198,200,179,177,177,255,255,255,140,140,141,100,99,101,0.5563,0.55404,0.55563
1,7.0621e+05,-2.001,15.6,195,800,-2.0334,15.43,186.76,687.58,0.29826,0.11373,0.023616,0.23088,0.10904,0.019008,0.20946,0.10631,0.016832,254,251,248,207,209,210,171,170,171,255,255,255,149,146,139,108,108,107,0.55309,0.55153,0.55165
1,7.0631e+05,-2.001,15.52,195,800,-2.0228,15.322,186.89,754.66,0.30659,0.12832,0.028672,0.26309,0.1215,0.023232,0.23858,0.1153,0.019648,253,251,250,222,216,214,172,173,172,255,255,255,117,120,118,116,116,115,0.5546,0.54805,0.54699
1,7.0641e+05,-2.001,15.44,195,800,-2.0206,15.253,186.39,922.3,0.28514,0.12408,0.0272,0.2661,0.11487,0.023424,0.24487,0.109,0.02048,251,249,248,214,214,213,177,174,172,255,255,255,94,98,104,122,117,117,0.54026,0.54282,0.54456
1,7.0651e+05,-2.001,15.36,195,800,-2.0196,15.183,187.24,530.75,0.307,0.13505,0.030272,0.27805,0.11925,0.024896,0.25063,0.1128,0.021248,244,243,245,200,201,204,176,174,172,255,252,247,80,77,78,120,119,120,0.54125,0.54573,0.54625
1,7.0661e+05,-2.001,15.28,195,800,-2.0079,15.086,185.88,1064.2,0.31948,0.12408,0.028544,0.27888,0.11762,0.024448,0.25291,0.11172,0.020992,241,242,244,189,193,201,176,173,172,247,242,235,69,70,71,120,120,120,0.54205,0.54612,0.54612
1,7.0671e+05,-2.001,15.2,195,800,-2.0185,15.013,185.47,1060.2,0.32086,0.11942,0.027008,0.25599,0.1153,0.020864,0.21112,0.11171,0.017792,244,245,246,193,190,199,177,175,172,195,198,201,55,57,62,127,119,117,0.5492,0.54682,0.54471
1,7.0681e+05,-2.001,15.12,195,800,-2.0111,14.93,186.21,730.18,0.31849,0.13645,0.0336,0.29205,0.12826,0.029248,0.27488,0.12225,0.026112,249,248,246,218,209,207,179,176,173,172,167,166,56,58,59,118,117,116,0.54244,0.54258,0.54201
1,7.0691e+05,-2.001,15.04,195,800,-2.0164,14.854,186.08,901.88,0.3339,0.12407,0.030272,0.27391,0.11521,0.023232,0.24106,0.11332,0.019584,244,245,245,228,217,207,180,176,173,159,156,155,59,58,58,120,118,116,0.52975,0.53961,0.54165
1,7.0701e+05,-2.001,14.96,195,800,-2.0281,14.793,187.63,926.01,0.31425,0.14015,0.03328,0.28726,0.13118,0.028288,0.26344,0.1257,0.025152,237,238,241,190,194,200,170,172,173,139,139,139,51,52,54,116,115,113,0.55258,0.54179,0.54238
1,7.0711e+05,-2.001,14.88,195,800,-2.0217,14.717,187.79,570.32,0.33152,0.14268,0.035648,0.30103,0.12906,0.030016,0.28619,0.12114,0.026432,235,238,241,178,186,194,170,172,173,135,134,135,47,49,51,110,110,111,0.5526,0.54309,0.54204
1,7.0721e+05,-2.001,14.8,195,800,-2.0132,14.629,187.99,711.99,0.32934,0.12543,0.028544,0.263,0.12062,0.022976,0.24129,0.11536,0.020224,243,243,242,191,193,196,175,173,170,132,133,135,47,48,50,99,102,103,0.54591,0.54298,0.54223
1,7.0731e+05,-2.001,14.72,195,800,-2.0058,14.539,187.82,915.16,0.2889,0.12515,0.0272,0.26563,0.11509,0.023168,0.24787,0.11083,0.020416,243,244,243,204,202,201,157,161,165,142,144,145,52,54,56,99,96,96,0.54584,0.53647,0.53931
1,7.0741e+05,-2.001,14.64,195,800,-2.0132,14.464,187.03,983.42,0.26187,0.12893,0.02496,0.23075,0.12435,0.021568,0.20889,0.11951,0.019264,247,243,241,193,196,196,155,160,167,154,153,152,57,58,58,91,92,93,0.52106,0.53186,0.53648
1,7.0751e+05,-2.001,14.56,195,800,-2.0122,14.381,187.06,1039.2,0.40417,0.1227,0.035008,0.35584,0.11762,0.0288,0.26974,0.1124,0.022144,237,238,239,162,169,179,186,180,175,172,169,165,60,61,61,87,86,86,0.54313,0.53726,0.53735
1,7.0761e+05,-2.001,14.48,195,800,-2.0196,14.318,186.22,827.37,0.27033,0.12982,0.026688,0.23755,0.12453,0.022656,0.2128,0.11997,0.019648,235,238,239,153,165,178,189,186,179,173,171,168,57,60,63,84,84,84,0.54685,0.53995,0.53895
1,7.0771e+05,-2.001,14.4,195,800,-2.0069,14.228,185.72,684.17,0.33576,0.12868,0.032,0.31238,0.11784,0.027008,0.28198,0.11404,0.023168,246,242,238,198,193,189,175,178,178,163,165,166,67,68,69,78,80,81,0.53025,0.53507,0.53759
1,7.0781e+05,-2.001,14.32,195,800,-2.0143,14.157,185.93,807.7,0.23092,0.12888,0.022528,0.21129,0.12033,0.019328,0.19658,0.11725,0.017472,234,236,237,209,210,204,168,168,169,155,158,161,88,84,76,79,79,80,0.53879,0.53773,0.53688
1,7.0791e+05,-2.001,14.24,195,800,-2.01,14.077,186.47,882.61,0.31443,0.11984,0.026304,0.24754,0.11387,0.020928,0.21892,0.11142,0.017856,235,236,236,203,205,205,158,162,168,155,159,160,89,84,77,83,80,80,0.531,0.53609,0.53479
1,7.0801e+05,-2.001,14.16,195,800,-2.0206,14,185.49,973.52,0.28941,0.12198,0.025536,0.2524,0.11682,0.022208,0.22622,0.11295,0.019264,246,243,240,192,197,202,159,166,171,160,161,161,72,74,74,78,81,82,0.53015,0.5349,0.53334
1,7.0811e+05,-2.001,14.08,195,800,-2.0228,13.922,186.35,562.41,0.29636,0.12615,0.027136,0.25631,0.12112,0.02336,0.23379,0.11407,0.020224,247,246,242,196,201,201,166,172,174,158,162,163,69,71,73,84,84,83,0.5321,0.53195,0.53301
1,7.0821e+05,-2.001,14,195,800,-2.0122,13.839,187.26,684.83,0.30395,0.12811,0.029184,0.2694,0.11803,0.024192,0.24121,0.11462,0.020864,245,247,247,210,206,202,178,178,178,168,167,164,68,72,78,90,87,84,0.54169,0.53453,0.53159
1,7.0831e+05,-2.001,13.92,195,800,-2.0206,13.774,187.29,827.72,0.32507,0.12538,0.03008,0.26607,0.1214,0.024256,0.23375,0.11582,0.020288,253,252,251,197,202,201,180,184,182,161,161,160,80,82,83,79,80,82,0.53968,0.53233,0.53003
1,7.0841e+05,-2.001,13.84,195,800,-2.0206,13.676,186.07,867.36,0.29837,0.12964,0.027328,0.25324,0.12084,0.022912,0.2248,0.11756,0.019584,255,254,252,203,201,196,185,186,182,154,155,155,84,83,82,76,78,81,0.52872,0.53061,0.53023
1,7.0851e+05,-2.001,13.76,195,800,-2.0259,13.593,186.85,760.71,0.28946,0.12151,0.026624,0.25822,0.11441,0.022208,0.22533,0.11205,0.01952,255,255,253,183,184,188,176,180,180,145,146,144,65,70,73,81,82,82,0.54007,0.5345,0.53185
1,7.0861e+05,-2.001,13.68,195,800,-2.0132,13.522,187.51,743.2,0.30903,0.11853,0.026816,0.26138,0.11576,0.02272,0.23361,0.11255,0.019584,255,254,253,171,177,185,173,175,176,136,139,140,62,65,68,83,83,83,0.53141,0.52896,0.52989
1,7.0871e+05,-2.001,13.6,195,800,-2.0355,13.464,187.69,694.32,0.32382,0.11938,0.028544,0.26852,0.11424,0.022976,0.24476,0.11155,0.02016,253,253,252,186,188,188,169,172,175,130,131,132,57,60,63,81,83,85,0.53074,0.53204,0.53098
1,7.0881e+05,-2.001,13.52,195,800,-2.0111,13.38,185.59,470.89,0.30765,0.11858,0.026944,0.26625,0.1143,0.022592,0.23789,0.11163,0.01984,250,251,250,193,189,181,183,182,179,131,130,129,58,62,65,88,88,87,0.53692,0.53261,0.53132
1,7.0891e+05,-2.001,13.44,195,800,-2.0037,13.269,186.44,819.74,0.30486,0.12259,0.027264,0.26721,0.11536,0.023104,0.23791,0.11358,0.020416,249,248,248,174,175,175,192,186,180,128,128,128,64,65,64,87,87,86,0.52719,0.52743,0.52975
1,7.0901e+05,-2.001,13.36,195,800,-2.0143,13.209,185.84,923.73,0.31297,0.12036,0.027264,0.26942,0.11867,0.023232,0.2437,0.1125,0.019584,241,243,245,167,170,176,174,177,178,119,122,126,59,61,61,79,81,83,0.52896,0.52904,0.53055
1,7.0911e+05,-2.001,13.28,195,800,-2.0175,13.141,184.34,1027.4,0.31171,0.12919,0.03008,0.27651,0.12167,0.02528,0.25015,0.11648,0.022144,240,242,243,192,188,184,170,174,176,121,123,125,54,56,58,79,80,82,0.52955,0.5286,0.52952
1,7.0921e+05,-2.001,13.2,195,800,-2.027,13.059,186.79,569.09,0.3265,0.12214,0.028672,0.27855,0.11973,0.024256,0.24104,0.11489,0.020672,236,237,239,225,217,206,184,181,176,121,123,125,53,52,51,83,83,83,0.52914,0.53417,0.53528
1,7.0931e+05,-2.001,13.12,195,800,-2.0175,12.954,186.27,823.51,0.27586,0.11994,0.023872,0.19327,0.12092,0.018176,0.17381,0.11658,0.015808,234,236,239,203,206,208,183,180,176,127,125,126,47,48,49,86,86,85,0.54043,0.53813,0.53629
1,7.0941e+05,-2.001,13.04,195,800,-2.0228,12.902,186.72,746.36,0.29665,0.12531,0.027008,0.2515,0.11941,0.022656,0.22894,0.1151,0.020224,244,242,240,189,198,207,175,175,174,128,127,125,47,47,48,85,86,86,0.52888,0.5347,0.53624
1,7.0951e+05,-2.001,12.96,195,800,-2.0015,12.803,186.66,796.42,0.27556,0.11913,0.02432,0.24733,0.11326,0.020416,0.21533,0.11163,0.017728,251,247,243,202,203,204,170,170,171,120,122,123,44,44,45,87,87,87,0.52409,0.53141,0.53609
1,7.0961e+05,-2.001,12.88,195,800,-2.0005,12.719,186.6,672.97,0.31066,0.12139,0.02688,0.26144,0.11532,0.022272,0.22746,0.11452,0.019456,244,243,242,210,205,203,168,169,170,116,119,122,42,43,45,89,89,89,0.53915,0.53891,0.53832
1,7.0971e+05,-2.001,12.8,195,800,-2.0153,12.65,185.51,820.53,0.30192,0.11943,0.026944,0.26477,0.11444,0.022656,0.23689,0.11168,0.020032,236,237,240,193,195,195,171,170,171,122,121,120,50,49,49,95,94,93,0.53358,0.53814,0.54028
1,7.0981e+05,-2.001,12.72,195,800,-2.0026,12.558,187.91,953.58,0.27807,0.11861,0.023488,0.22688,0.11629,0.019136,0.1894,0.11365,0.016192,242,242,242,182,185,188,172,172,171,119,119,120,59,57,54,96,95,95,0.54259,0.54429,0.53863
1,7.0991e+05,-2.001,12.64,195,800,-2.0153,12.495,186.88,920.34,0.31243,0.13314,0.031808,0.27034,0.12885,0.026688,0.24447,0.12417,0.023296,243,244,244,180,182,185,166,168,170,116,117,119,54,55,56,96,96,98,0.53648,0.53853,0.53903
1,7.1001e+05,-2.001,12.56,195,800,-2.0132,12.414,188.71,628.03,0.29809,0.12568,0.027776,0.24912,0.12149,0.022976,0.22164,0.11581,0.01984,246,247,247,172,176,183,165,168,171,121,122,123,48,51,56,102,103,105,0.54527,0.54111,0.53965
1,7.1011e+05,-2.001,12.48,195,800,-2.0196,12.326,186.89,911.6,0.29628,0.12394,0.027584,0.2517,0.11733,0.022656,0.22685,0.11486,0.01984,250,249,248,172,176,183,175,173,172,131,128,126,51,52,56,110,110,110,0.52993,0.53813,0.53989
1,7.1021e+05,-2.001,12.4,195,800,-2.0153,12.249,187.13,588.16,0.34237,0.11922,0.029696,0.2888,0.11572,0.024384,0.24627,0.11274,0.020096,248,248,249,180,182,183,176,174,172,141,137,133,53,54,56,128,115,108,0.55007,0.54401,0.54077
1,7.1031e+05,-2.001,12.32,195,800,-2.0132,12.163,186.83,698.5,0.27119,0.13788,0.028736,0.25003,0.1306,0.025024,0.22952,0.12717,0.02272,246,248,249,181,181,184,171,169,168,136,136,139,52,54,57,89,94,98,0.55129,0.54514,0.54109
1,7.1041e+05,-2.001,12.24,195,800,-1.9973,12.08,186.17,961.66,0.33891,0.12744,0.031232,0.27611,0.12298,0.024896,0.24225,0.11763,0.021568,249,249,249,182,183,185,171,168,167,136,139,144,58,57,57,90,88,92,0.52921,0.53973,0.54114
1,7.1051e+05,-2.001,12.16,195,800,-2.009,12.013,186.12,968.81,0.30573,0.13111,0.030528,0.26655,0.12314,0.025408,0.23985,0.11768,0.021696,249,248,247,186,186,187,166,168,171,152,154,158,61,60,59,84,86,88,0.53634,0.536,0.54115
1,7.1061e+05,-2.001,12.08,195,800,-2.0047,11.943,186.35,694.91,0.30696,0.12744,0.02912,0.26754,0.11985,0.024,0.23784,0.11532,0.020864,250,246,245,182,187,189,175,174,172,161,163,166,58,59,59,85,85,87,0.54209,0.54437,0.54341
1,7.1071e+05,-2.001,12,195,800,-2.0175,11.855,186.36,843.68,0.23915,0.12907,0.02304,0.20858,0.12499,0.020032,0.1899,0.12075,0.017856,237,239,242,193,194,197,177,177,175,179,177,178,57,58,61,87,87,87,0.54053,0.54109,0.54322
1,7.1081e+05,-2.001,11.92,195,800,-2.0058,11.771,186.25,633.97,0.33574,0.13257,0.031808,0.29063,0.1263,0.026944,0.25262,0.12144,0.023104,244,243,244,204,210,215,175,175,175,187,187,187,67,68,67,95,90,86,0.53277,0.54146,0.54205
1,7.1091e+05,-2.001,11.84,195,800,-2.0069,11.693,186.72,929.89,0.27746,0.12154,0.024704,0.24636,0.11765,0.021568,0.22571,0.11244,0.019072,248,248,248,223,224,222,177,176,174,192,191,189,75,72,68,88,87,86,0.54704,0.54585,0.5433
1,7.1101e+05,-2.001,11.76,195,800,-2.0175,11.623,185.96,850.31,0.32158,0.12883,0.030336,0.29207,0.12288,0.026432,0.26801,0.1152,0.02272,255,253,252,237,232,229,171,172,173,186,185,183,62,64,65,84,83,85,0.54518,0.547,0.5465
1,7.1111e+05,-2.001,11.68,195,800,-2.0122,11.538,186.55,537.04,0.24252,0.1244,0.022208,0.21241,0.1151,0.018624,0.19774,0.11208,0.016512,252,252,253,224,229,230,164,168,172,176,176,177,56,58,62,85,86,89,0.54959,0.5448,0.54594
1,7.1121e+05,-2.001,11.6,195,800,-1.9899,11.443,186.68,1070.5,0.29594,0.12585,0.027264,0.26481,0.11847,0.02336,0.24643,0.11534,0.020992,253,252,252,240,228,220,169,171,173,155,158,160,55,55,56,103,107,113,0.54594,0.54922,0.54955
1,7.1131e+05,-2.001,11.52,195,800,-2.0153,11.361,186.12,990.66,0.33007,0.12265,0.028928,0.26309,0.11996,0.023744,0.22654,0.11597,0.019776,248,249,250,194,201,207,182,181,179,141,143,145,51,52,53,155,161,166,0.55475,0.553,0.55048
1,7.1141e+05,-2.001,11.44,195,800,-2.0132,11.303,186.43,1040.2,0.29809,0.13295,0.029696,0.2735,0.12784,0.026496,0.25105,0.12205,0.023168,244,247,250,183,191,200,186,183,180,132,135,139,49,50,52,195,197,196,0.54754,0.5518,0.55216
1,7.1151e+05,-2.001,11.36,195,800,-2.0185,11.226,187.61,718.84,0.3189,0.12579,0.029504,0.29251,0.11663,0.02528,0.26401,0.11253,0.022016,253,252,251,189,192,199,177,179,180,125,127,130,50,52,57,253,248,241,0.55311,0.55536,0.55599
1,7.1161e+05,-2.001,11.28,195,800,-2.0228,11.159,185.97,1204.9,0.2732,0.1248,0.025664,0.24949,0.11615,0.02176,0.22175,0.11334,0.019072,255,253,252,195,201,204,178,178,177,126,128,131,55,58,61,255,254,251,0.56316,0.55965,0.56001
1,7.1171e+05,-2.001,11.2,195,800,-2.0132,11.065,186.42,1255.8,0.28991,0.12685,0.027328,0.26063,0.12082,0.023488,0.23785,0.11676,0.020992,251,252,251,226,214,203,175,173,173,149,149,151,63,69,77,255,255,255,0.57074,0.56538,0.56573
1,7.1181e+05,-2.001,11.12,195,800,-2.0143,11.006,185.22,615.15,0.26186,0.12223,0.023616,0.22931,0.11551,0.019712,0.19217,0.11377,0.016768,248,250,250,175,182,187,175,175,173,215,205,192,101,109,121,255,255,255,0.56627,0.57712,0.57627
1,7.1191e+05,-2.001,11.04,195,800,-2.0079,10.917,186.49,795.41,0.26611,0.13011,0.026688,0.25114,0.12053,0.023296,0.23194,0.11929,0.02144,247,250,250,161,171,178,185,178,175,242,226,210,148,147,146,255,255,255,0.58191,0.57881,0.56767
1,7.1498e+05,-1.908,11,195,800,-1.9252,10.921,-0.65316,719.18,0,0,0,0,0,0,0,0,0,253,252,250,181,182,183,170,174,176,226,223,219,196,183,170,255,255,255,0.4967,0.50363,0.5134
1,7.1508e+05,-1.908,11.08,195,800,-1.9177,10.999,186.29,907.74,0.17462,0.12427,0.016512,0.15576,0.11967,0.014528,0.14605,0.11837,0.013504,253,251,250,197,197,198,172,174,175,178,182,185,91,103,117,255,255,255,0.59292,0.58896,0.58485
1,7.1518e+05,-1.908,11.16,195,800,-1.9241,11.077,186.56,880.49,0.26653,0.12834,0.02432,0.20937,0.12184,0.018624,0.16761,0.11935,0.015552,251,250,250,204,208,206,166,170,175,149,156,164,69,77,89,255,255,255,0.57497,0.57116,0.57014
1,7.1528e+05,-1.908,11.24,195,800,-1.9315,11.155,185.09,779.22,0.27444,0.11995,0.02496,0.24923,0.11248,0.020992,0.22716,0.10794,0.018432,250,251,250,212,213,211,169,172,173,123,126,132,69,63,61,255,255,255,0.55771,0.5621,0.5622
1,7.1538e+05,-1.908,11.32,195,800,-1.9336,11.233,187.81,668.1,0.29949,0.136,0.031488,0.27792,0.12736,0.02752,0.2663,0.12035,0.024768,247,250,250,208,207,206,173,174,174,118,121,126,57,57,57,255,255,251,0.56283,0.55998,0.55839
1,7.1548e+05,-1.908,11.4,195,800,-1.9283,11.308,186.1,834.6,0.27092,0.13064,0.026432,0.23663,0.12716,0.022848,0.21467,0.12093,0.019904,251,251,250,192,194,194,176,177,177,124,125,126,52,52,54,243,232,219,0.55348,0.55752,0.55472
1,7.1558e+05,-1.908,11.48,195,800,-1.9188,11.361,187,321.27,0.37745,0.12335,0.035264,0.33585,0.11236,0.028608,0.2941,0.10814,0.024128,252,251,250,197,197,199,182,182,179,132,135,138,53,55,56,157,163,165,0.55442,0.55168,0.5523
1,7.1568e+05,-1.908,11.56,195,800,-1.9294,11.452,186.68,958.52,0.28859,0.13043,0.028352,0.24633,0.12228,0.023552,0.22621,0.11734,0.020672,252,251,250,209,207,206,178,179,180,140,143,145,54,55,57,130,132,137,0.54554,0.54551,0.54886
1,7.1578e+05,-1.908,11.64,195,800,-1.9177,11.518,187.35,702.1,0.36516,0.1324,0.036416,0.33346,0.12228,0.031168,0.31012,0.11695,0.026816,250,251,252,218,221,220,173,175,176,157,159,161,55,56,58,95,97,101,0.54894,0.54864,0.55026
1,7.1588e+05,-1.908,11.72,195,800,-1.9252,11.61,187.15,720.39,0.37406,0.12074,0.03072,0.27666,0.11468,0.023232,0.24762,0.11192,0.020096,253,253,252,221,225,226,173,174,174,166,168,169,56,58,60,87,88,92,0.54921,0.5493,0.5479
1,7.1598e+05,-1.908,11.8,195,800,-1.9135,11.677,187.54,741.38,0.31827,0.12568,0.029568,0.27945,0.11942,0.024768,0.25881,0.11452,0.021312,253,251,249,235,231,225,172,170,170,184,183,181,64,64,65,81,83,86,0.5469,0.54501,0.54493
1,7.1608e+05,-1.908,11.88,195,800,-1.9294,11.774,186.48,1035.5,0.26368,0.12143,0.024704,0.24918,0.11368,0.021632,0.236,0.10708,0.019584,238,240,243,215,210,207,165,167,169,181,184,185,62,63,65,90,88,87,0.54319,0.54313,0.54373
1,7.1618e+05,-1.908,11.96,195,800,-1.9167,11.848,187.59,784.59,0.34322,0.12337,0.030336,0.29248,0.11851,0.025088,0.25413,0.11641,0.021632,236,237,240,191,193,197,168,167,168,182,183,183,59,61,63,90,89,88,0.53419,0.54116,0.54301
1,7.1628e+05,-1.908,12.04,195,800,-1.9262,11.929,186.35,785.45,0.32899,0.12015,0.027712,0.28014,0.1168,0.023168,0.22936,0.11307,0.01888,239,241,242,184,185,188,162,163,165,176,177,176,58,58,59,87,87,88,0.5381,0.54138,0.5424
1,7.1638e+05,-1.908,12.12,195,800,-1.9474,12.032,186.87,986.12,0.29682,0.13556,0.0304,0.27924,0.12669,0.026944,0.26754,0.12011,0.02432,244,244,244,198,194,190,157,160,163,174,173,172,58,58,59,88,87,87,0.53124,0.53714,0.54122
1,7.1648e+05,-1.908,12.2,195,800,-1.9336,12.089,186.44,1084.7,0.35705,0.12135,0.03168,0.30714,0.11523,0.026304,0.27516,0.1064,0.022016,250,249,249,198,196,194,161,160,162,167,162,158,63,61,61,88,88,88,0.54642,0.5433,0.5415
1,7.1658e+05,-1.908,12.28,195,800,-1.9092,12.137,186.2,604.25,0.29655,0.1313,0.029248,0.27193,0.12628,0.0256,0.24284,0.12244,0.022272,252,251,250,190,190,192,160,161,164,143,144,146,58,64,67,90,93,96,0.54519,0.5461,0.54277
1,7.1668e+05,-1.908,12.36,195,800,-1.9294,12.24,185.58,669.83,0.29739,0.13017,0.029248,0.26853,0.12102,0.024832,0.24793,0.11721,0.022016,249,250,251,192,192,191,156,163,168,138,139,140,58,65,66,100,101,102,0.52887,0.5371,0.5393
1,7.1678e+05,-1.908,12.44,195,800,-1.9273,12.315,187.09,771.8,0.29522,0.11999,0.02528,0.25076,0.11571,0.021312,0.22261,0.11063,0.01856,251,251,251,195,190,188,181,176,171,130,130,130,56,59,63,120,115,109,0.53101,0.53954,0.54235
1,7.1688e+05,-1.908,12.52,195,800,-1.9336,12.402,186.27,1298.4,0.29493,0.1272,0.028032,0.26254,0.12078,0.023808,0.2455,0.1157,0.02144,252,252,250,187,185,186,183,176,171,123,124,125,55,58,59,115,112,110,0.53267,0.53611,0.53789
1,7.1698e+05,-1.908,12.6,195,800,-1.922,12.481,186.41,852.15,0.32144,0.11648,0.025856,0.26862,0.11112,0.020928,0.22605,0.10871,0.017792,250,249,248,183,181,184,163,167,170,114,115,119,67,59,54,99,101,103,0.53913,0.53957,0.54045
1,7.1708e+05,-1.908,12.68,195,800,-1.9358,12.564,186.12,1051.1,0.27152,0.12412,0.024448,0.2307,0.11706,0.020416,0.21022,0.11166,0.017856,251,244,241,193,192,191,178,173,169,117,118,117,46,48,50,95,96,98,0.5439,0.54417,0.54181
1,7.1718e+05,-1.908,12.76,195,800,-1.9453,12.647,186.75,876.58,0.39471,0.13119,0.03648,0.34606,0.12353,0.030464,0.30893,0.11886,0.026368,243,239,238,203,199,195,173,172,171,118,118,117,43,45,47,96,95,95,0.5295,0.53923,0.54106
1,7.1728e+05,-1.908,12.84,195,800,-1.9273,12.709,186.1,986.94,0.3224,0.12547,0.029056,0.28232,0.11846,0.024,0.25583,0.11372,0.020992,229,232,237,211,208,203,174,173,173,113,114,116,41,42,44,89,90,91,0.54902,0.54203,0.54172
1,7.1738e+05,-1.908,12.92,195,800,-1.9241,12.789,187.62,662.66,0.29383,0.1309,0.02784,0.25618,0.12373,0.02368,0.23435,0.11834,0.02048,235,236,238,216,209,205,179,176,174,113,115,116,41,42,44,87,88,89,0.55279,0.54018,0.54019
1,7.1748e+05,-1.908,13,195,800,-1.9389,12.883,186.15,787.57,0.33657,0.12207,0.028544,0.30979,0.11581,0.023808,0.25552,0.11118,0.019072,243,242,241,207,208,208,178,177,177,122,121,120,46,46,46,87,87,86,0.52337,0.53565,0.53696
1,7.1758e+05,-1.908,13.08,195,800,-1.9061,12.941,186.4,1070.2,0.28894,0.12059,0.0256,0.25233,0.11674,0.021888,0.2196,0.11307,0.018624,236,236,238,205,206,208,180,180,177,125,124,122,55,51,48,85,85,85,0.54207,0.53466,0.53224
1,7.1768e+05,-1.908,13.16,195,800,-1.9241,13.024,186.93,708.26,0.29639,0.11984,0.02592,0.2623,0.11268,0.022272,0.23928,0.10823,0.019456,232,234,238,197,202,206,181,180,176,124,123,123,52,51,50,84,84,84,0.52778,0.53047,0.53102
1,7.1778e+05,-1.908,13.24,195,800,-1.9145,13.089,188.41,706.72,0.3388,0.12712,0.03232,0.30492,0.1179,0.027264,0.27831,0.11514,0.024384,248,244,241,184,185,190,170,171,173,123,122,122,53,54,54,81,81,81,0.53643,0.53138,0.52987
1,7.1788e+05,-1.908,13.32,195,800,-1.9273,13.187,186.75,966.25,0.3088,0.13044,0.02912,0.26229,0.12239,0.024064,0.22901,0.11912,0.02112,252,247,244,168,172,180,166,167,172,121,122,123,60,60,58,80,80,81,0.53447,0.53359,0.53079
1,7.1798e+05,-1.908,13.4,195,800,-1.9326,13.28,188.22,1185.4,0.31522,0.1263,0.028736,0.27051,0.12038,0.023424,0.24023,0.1167,0.020608,243,244,246,154,165,178,172,172,173,127,125,124,87,74,63,81,81,82,0.54131,0.53225,0.52911
1,7.1808e+05,-1.908,13.48,195,800,-1.9294,13.333,186.57,879.37,0.28835,0.12772,0.02784,0.26319,0.1235,0.024576,0.24975,0.116,0.022016,249,248,248,217,203,189,177,176,175,120,122,124,61,61,60,87,84,83,0.52815,0.53066,0.52941
1,7.1818e+05,-1.908,13.56,195,800,-1.923,13.422,186.96,985.7,0.26199,0.13086,0.026176,0.24328,0.12387,0.022912,0.22674,0.11775,0.020288,251,250,250,214,205,192,175,175,175,118,121,124,52,55,57,82,82,82,0.53339,0.52786,0.52747
1,7.1828e+05,-1.908,13.64,195,800,-1.923,13.516,184.74,1126.3,0.3141,0.12722,0.029568,0.27705,0.1226,0.025088,0.24705,0.11936,0.021568,252,252,252,177,182,187,177,176,175,125,126,127,59,58,56,78,79,80,0.52589,0.53127,0.52906
1,7.1838e+05,-1.908,13.72,195,800,-1.9114,13.574,186.28,975.63,0.245,0.13071,0.024512,0.21956,0.12044,0.02048,0.2036,0.11879,0.018624,254,252,252,180,181,186,175,176,177,130,130,131,61,59,58,78,78,78,0.53953,0.53099,0.52787
1,7.1848e+05,-1.908,13.8,195,800,-1.9241,13.666,185.92,908.23,0.26828,0.12571,0.024384,0.21346,0.12404,0.020224,0.19229,0.11805,0.017664,254,253,253,203,201,197,181,179,179,139,139,139,58,59,62,75,75,76,0.51945,0.5273,0.52955
1,7.1858e+05,-1.908,13.88,195,800,-1.9177,13.742,185.32,931.7,0.26424,0.12618,0.025152,0.24411,0.12089,0.022144,0.23127,0.11325,0.019904,253,253,251,215,210,206,181,179,178,144,145,145,59,61,64,76,77,78,0.53453,0.53274,0.53163
1,7.1868e+05,-1.908,13.96,195,800,-1.9283,13.832,184.06,718.34,0.30127,0.12336,0.027072,0.27108,0.117,0.023232,0.25405,0.10927,0.020352,252,250,249,203,207,207,175,175,176,146,147,148,59,61,64,79,80,80,0.51926,0.52719,0.52923
1,7.1878e+05,-1.908,14.04,195,800,-1.922,13.891,186.93,656.43,0.27305,0.13956,0.028032,0.24634,0.13731,0.02432,0.2294,0.13087,0.021632,238,241,244,205,201,201,169,171,172,154,154,154,63,64,65,86,83,81,0.51768,0.52734,0.52955
1,7.1888e+05,-1.908,14.12,195,800,-1.9124,13.965,186.19,812.29,0.26067,0.17569,0.029312,0.25793,0.12292,0.023552,0.23189,0.11939,0.020672,237,238,242,199,198,199,175,172,171,159,158,156,69,65,65,79,80,80,0.53213,0.53083,0.53167
1,7.1898e+05,-1.908,14.2,195,800,-1.9432,14.072,186.11,843.04,0.26426,0.14538,0.026496,0.23683,0.13033,0.022272,0.2226,0.12033,0.019776,232,236,240,203,201,200,177,173,171,162,161,159,67,70,70,75,75,77,0.53391,0.53419,0.53244
1,7.1908e+05,-1.908,14.28,195,800,-1.9252,14.144,186.99,906.76,0.29659,0.12756,0.028224,0.26807,0.12086,0.024128,0.24944,0.11546,0.021504,241,242,242,208,202,197,169,172,173,159,158,159,80,75,71,75,76,77,0.5346,0.53678,0.53531
1,7.1918e+05,-1.908,14.36,195,800,-1.9252,14.219,186.66,1033.6,0.3064,0.12579,0.02752,0.25814,0.12113,0.023168,0.23522,0.11503,0.020288,246,245,243,196,192,190,173,174,175,159,159,160,67,70,70,75,76,78,0.53962,0.5381,0.5356
1,7.1928e+05,-1.908,14.44,195,800,-1.9241,14.305,185.98,971.62,0.28138,0.12773,0.026368,0.25141,0.12155,0.022912,0.23216,0.11579,0.020288,244,244,241,161,169,178,179,180,180,163,162,161,62,61,62,81,81,81,0.53138,0.53608,0.53828
1,7.1938e+05,-1.908,14.52,195,800,-1.9262,14.365,185.97,723.46,0.3147,0.1198,0.026688,0.26412,0.11645,0.022464,0.23499,0.11146,0.019328,237,239,240,164,170,176,180,180,178,155,159,161,60,59,59,83,83,83,0.54226,0.53907,0.53899
1,7.1948e+05,-1.908,14.6,195,800,-1.9347,14.473,187.25,946.97,0.24953,0.12632,0.024,0.23446,0.11714,0.020928,0.21658,0.11197,0.018752,239,239,239,200,193,187,159,165,170,156,153,154,56,58,58,81,83,87,0.53484,0.54134,0.54119
1,7.1958e+05,-1.908,14.68,195,800,-1.9199,14.535,186.68,835.38,0.26685,0.12399,0.02464,0.24965,0.115,0.02144,0.22571,0.11224,0.018688,239,243,242,202,205,199,165,165,167,143,143,144,59,59,57,90,91,92,0.53006,0.53877,0.54026
1,7.1968e+05,-1.908,14.76,195,800,-1.9209,14.609,186.47,863.85,0.28234,0.11737,0.024704,0.26124,0.11286,0.02208,0.24727,0.10735,0.019648,243,244,244,206,204,201,178,173,169,140,138,138,57,56,56,98,96,96,0.53507,0.53883,0.53973
1,7.1978e+05,-1.908,14.84,195,800,-1.9294,14.693,185.55,851.5,0.25877,0.11976,0.022912,0.23187,0.11335,0.019072,0.21369,0.1087,0.017152,248,246,244,196,198,198,175,177,175,130,132,135,56,55,54,104,105,106,0.5324,0.53801,0.54116
1,7.1988e+05,-1.908,14.92,195,800,-1.9326,14.786,187.58,789.52,0.26484,0.11876,0.02368,0.23039,0.1164,0.020096,0.21197,0.10957,0.017664,245,245,245,194,197,200,177,177,175,135,135,136,59,56,53,111,111,110,0.55174,0.54104,0.54234
1,7.1998e+05,-1.908,15,195,800,-1.9124,14.831,186.91,911.63,0.24971,0.13232,0.025408,0.22532,0.12647,0.021952,0.20765,0.12239,0.019648,247,247,247,212,215,212,172,173,172,144,146,147,50,52,53,120,119,116,0.55704,0.54848,0.54348
1,7.2008e+05,-1.908,15.08,195,800,-1.9305,14.936,187.68,840.76,0.27512,0.12284,0.02432,0.24574,0.11466,0.020864,0.22092,0.11057,0.018368,251,252,250,233,221,214,168,171,171,165,167,169,52,53,54,113,116,118,0.54966,0.54341,0.541
1,7.2018e+05,-1.908,15.16,195,800,-1.9209,15.01,186.6,919.38,0.27386,0.12663,0.025728,0.2477,0.12042,0.022208,0.22797,0.11444,0.019712,252,251,250,199,212,211,176,172,170,183,182,186,56,56,57,115,117,119,0.54121,0.542,0.54247
1,7.2028e+05,-1.908,15.24,195,800,-1.9156,15.087,185.52,701.83,0.24633,0.12977,0.024192,0.21662,0.12503,0.0208,0.19898,0.12081,0.018624,249,248,248,201,202,203,168,170,172,229,226,223,75,70,69,122,123,123,0.54394,0.54304,0.54447
1,7.2038e+05,-1.908,15.32,195,800,-1.9411,15.18,186.78,1026.1,0.26697,0.12481,0.02496,0.23021,0.12058,0.020864,0.20549,0.11422,0.01824,247,247,246,198,205,207,170,172,173,251,245,238,80,78,78,127,125,124,0.55187,0.54733,0.54567
1,7.2048e+05,-1.908,15.4,195,800,-1.9199,15.26,186.91,901.68,0.27323,0.11768,0.022784,0.22666,0.114,0.018688,0.19349,0.10888,0.015488,248,248,248,231,224,217,176,176,175,255,255,254,87,91,96,119,121,122,0.55472,0.54743,0.54713
1,7.2058e+05,-1.908,15.48,195,800,-1.9389,15.336,187.58,943.82,0.22151,0.13239,0.022208,0.19328,0.12708,0.019136,0.17795,0.12267,0.01728,253,252,249,226,221,216,170,170,173,255,255,255,117,122,121,116,117,118,0.54949,0.54407,0.54644
1,7.2068e+05,-1.908,15.56,195,800,-1.9262,15.413,187.1,1038.9,0.2975,0.13077,0.028544,0.26156,0.12451,0.024256,0.23607,0.11971,0.021312,252,251,250,201,212,214,164,167,171,255,255,255,149,136,129,115,116,113,0.54211,0.54816,0.55017
1,7.2078e+05,-1.908,15.64,195,800,-1.9124,15.47,186.1,950.68,0.23322,0.12373,0.021376,0.19188,0.11769,0.0176,0.17725,0.11326,0.015808,246,248,247,218,212,208,165,169,173,255,255,255,137,140,141,101,102,104,0.55574,0.55273,0.5546
1,7.2088e+05,-1.908,15.72,195,800,-1.9262,15.549,186.42,767.15,0.22792,0.12425,0.02112,0.20494,0.12057,0.018496,0.18969,0.11216,0.015872,246,246,244,217,213,205,174,174,175,255,255,255,144,139,137,89,95,99,0.56711,0.56074,0.55725
1,7.2098e+05,-1.908,15.8,195,800,-1.923,15.63,185.65,656.78,0.2676,0.12658,0.025472,0.23543,0.12002,0.021504,0.21282,0.11353,0.018624,235,236,238,191,192,193,180,179,180,255,255,255,126,130,132,92,95,101,0.54949,0.55707,0.56124
1,7.2108e+05,-1.908,15.88,195,800,-1.9188,15.708,185.9,1263.8,0.2897,0.13304,0.028352,0.25545,0.12642,0.024128,0.22799,0.12181,0.02112,236,236,238,175,178,185,176,179,181,255,255,255,122,126,137,119,125,133,0.56303,0.56795,0.56931
1,7.2118e+05,-1.908,15.96,195,800,-1.9283,15.795,184.36,641.97,0.30381,0.13594,0.031552,0.27128,0.12858,0.026496,0.24714,0.12111,0.022784,240,241,240,181,185,186,184,182,182,255,255,255,127,139,145,150,153,152,0.58692,0.57813,0.56685
1,7.2425e+05,-1.815,16,195,800,-1.835,15.786,-0.30225,614.07,0,0,0,0,0,0,0,0,0,241,240,239,221,210,201,176,175,178,255,255,255,158,142,139,151,143,140,0.51208,0.52695,0.52825
1,7.2435e+05,-1.815,15.92,195,800,-1.8212,15.704,186.03,1054.9,0.20527,0.1203,0.017984,0.17711,0.11216,0.015104,0.16199,0.11099,0.013888,238,236,237,176,184,192,174,176,180,255,255,255,114,117,126,103,106,114,0.57205,0.5712,0.57285
1,7.2445e+05,-1.815,15.84,195,800,-1.8413,15.635,186.42,547.7,0.21241,0.11336,0.018368,0.19813,0.10445,0.015488,0.17713,0.10005,0.01344,224,233,238,171,184,194,175,178,181,255,255,255,120,121,123,91,95,101,0.57206,0.56645,0.56468
1,7.2455e+05,-1.815,15.76,195,800,-1.8286,15.544,186.43,864.02,0.2728,0.1203,0.023552,0.20933,0.11605,0.018816,0.183,0.11245,0.016,245,243,241,237,219,203,179,180,182,255,255,255,143,136,129,93,92,94,0.5609,0.56064,0.5609
1,7.2465e+05,-1.815,15.68,195,800,-1.8265,15.477,186.52,1098.9,0.35301,0.11729,0.029888,0.28434,0.11199,0.022912,0.24178,0.10525,0.01856,255,249,243,223,220,207,180,180,179,255,255,255,139,134,131,95,95,98,0.56666,0.55573,0.55534
1,7.2475e+05,-1.815,15.6,195,800,-1.8456,15.426,186.25,441.72,0.33855,0.13105,0.031104,0.28528,0.12485,0.025152,0.24239,0.12156,0.021888,243,244,244,185,196,205,172,174,176,255,255,255,133,134,132,114,110,107,0.54941,0.55084,0.5516
1,7.2485e+05,-1.815,15.52,195,800,-1.8297,15.327,187.39,759.33,0.37843,0.13394,0.036416,0.34099,0.12595,0.030592,0.30121,0.11938,0.025792,246,244,245,221,214,207,180,175,175,255,255,255,122,125,123,118,119,117,0.53353,0.54926,0.54875
1,7.2495e+05,-1.815,15.44,195,800,-1.8403,15.26,187.8,785.59,0.32853,0.13141,0.032,0.28327,0.1246,0.026624,0.2584,0.11794,0.02336,251,247,245,234,220,211,180,180,175,255,255,255,104,116,116,124,122,121,0.53588,0.54627,0.54782
1,7.2505e+05,-1.815,15.36,195,800,-1.836,15.188,186.52,1018.1,0.38614,0.13209,0.03776,0.35036,0.12129,0.031232,0.31869,0.11324,0.026368,248,248,249,218,215,214,176,174,172,255,254,250,108,101,95,135,131,127,0.54087,0.54209,0.54446
1,7.2515e+05,-1.815,15.28,195,800,-1.8116,15.073,188.21,851.39,0.31203,0.12755,0.029056,0.25747,0.12432,0.024192,0.22727,0.11644,0.020416,251,250,249,220,213,211,163,167,170,253,248,239,81,86,85,132,130,128,0.5392,0.54265,0.54368
1,7.2525e+05,-1.815,15.2,195,800,-1.8307,15.01,187.63,803.05,0.27871,0.18277,0.035008,0.26007,0.14866,0.02848,0.24175,0.14486,0.025408,252,252,251,201,207,212,163,164,166,202,207,206,57,62,66,122,122,124,0.54428,0.5414,0.54318
1,7.2535e+05,-1.815,15.12,195,800,-1.8339,14.943,188.1,1100.3,0.2794,0.17712,0.031104,0.23783,0.17175,0.026048,0.20817,0.16615,0.022336,251,253,252,223,220,217,162,164,166,162,165,167,52,53,55,116,116,119,0.54134,0.54746,0.544
1,7.2545e+05,-1.815,15.04,195,800,-1.8328,14.869,186.48,570.66,0.26483,0.13732,0.027584,0.23193,0.13121,0.023552,0.21122,0.12595,0.020928,254,252,251,220,220,216,161,165,168,148,152,155,51,52,55,111,115,118,0.5477,0.54364,0.54325
1,7.2555e+05,-1.815,14.96,195,800,-1.8328,14.779,185.47,837.61,0.32173,0.12657,0.030656,0.2768,0.12105,0.026048,0.25,0.11705,0.022592,249,250,250,206,206,209,176,173,170,137,138,139,53,55,57,118,114,112,0.52475,0.53956,0.54102
1,7.2565e+05,-1.815,14.88,195,800,-1.8307,14.705,185.99,877.17,0.36345,0.11849,0.030912,0.31619,0.11254,0.0256,0.26379,0.10909,0.021504,250,249,248,202,202,204,173,174,173,131,134,136,57,57,57,108,109,109,0.53143,0.53848,0.53972
1,7.2575e+05,-1.815,14.8,195,800,-1.8233,14.619,185.13,778.87,0.36797,0.1241,0.033664,0.32406,0.11825,0.028352,0.2861,0.11355,0.024384,243,245,247,204,202,202,175,174,174,136,136,137,51,55,57,97,98,99,0.53122,0.5378,0.54089
1,7.2585e+05,-1.815,14.72,195,800,-1.835,14.552,186.62,585.57,0.33647,0.13248,0.032896,0.29739,0.12483,0.027904,0.26236,0.12127,0.024384,247,244,243,201,200,199,168,170,172,141,143,143,63,60,56,92,92,92,0.5538,0.54178,0.54094
1,7.2595e+05,-1.815,14.64,195,800,-1.8286,14.47,186.51,689.96,0.34153,0.12387,0.029056,0.26895,0.12024,0.023168,0.23257,0.11829,0.019648,241,240,241,189,192,196,166,169,173,146,147,146,68,60,56,89,90,91,0.54056,0.53972,0.54099
1,7.2605e+05,-1.815,14.56,195,800,-1.8307,14.39,185.51,809.02,0.27638,0.12872,0.027264,0.24755,0.12054,0.023296,0.22788,0.11672,0.020544,227,232,238,189,185,185,182,180,177,156,155,153,53,55,57,95,91,88,0.52797,0.54237,0.54043
1,7.2615e+05,-1.815,14.48,195,800,-1.8509,14.313,186.01,895.48,0.31763,0.12248,0.028928,0.28038,0.11608,0.024384,0.25981,0.10964,0.021376,237,235,238,188,184,181,188,184,181,162,159,156,55,56,57,89,88,86,0.52749,0.54025,0.53874
1,7.2625e+05,-1.815,14.4,195,800,-1.8477,14.233,186.54,704.15,0.32959,0.1237,0.030272,0.27899,0.11908,0.025024,0.25526,0.11233,0.02208,241,241,241,174,177,184,180,181,181,162,160,157,65,62,60,79,79,80,0.53122,0.54122,0.53811
1,7.2635e+05,-1.815,14.32,195,800,-1.8371,14.156,186.2,811.7,0.3109,0.13025,0.031168,0.27056,0.12448,0.025984,0.25278,0.11727,0.022848,247,244,243,193,194,195,178,177,177,155,155,155,62,61,61,76,76,76,0.53897,0.53126,0.53272
1,7.2645e+05,-1.815,14.24,195,800,-1.8413,14.07,186.71,1041,0.28474,0.11863,0.025088,0.25054,0.11441,0.02144,0.23055,0.1099,0.018816,247,245,242,203,199,199,179,176,176,156,154,155,57,59,61,75,75,75,0.52554,0.52798,0.53189
1,7.2655e+05,-1.815,14.16,195,800,-1.8328,13.999,186.3,849.21,0.30388,0.12424,0.028544,0.26308,0.11871,0.023808,0.24378,0.11267,0.020864,249,244,242,189,197,201,169,172,173,160,156,153,58,58,60,74,75,76,0.5373,0.53387,0.53412
1,7.2665e+05,-1.815,14.08,195,800,-1.8456,13.923,187.22,748.8,0.35005,0.12014,0.030976,0.31067,0.10977,0.025152,0.26942,0.10698,0.021248,246,244,243,200,198,199,172,171,172,159,153,150,59,59,61,76,76,77,0.51811,0.53397,0.53227
1,7.2675e+05,-1.815,14,195,800,-1.8307,13.836,186.69,1011.1,0.30852,0.12654,0.028608,0.26458,0.12223,0.024256,0.23661,0.11833,0.02112,248,247,247,201,202,203,172,171,173,135,138,141,68,65,62,76,77,78,0.51537,0.52556,0.52787
1,7.2685e+05,-1.815,13.92,195,800,-1.8403,13.752,187.57,860.73,0.28455,0.11972,0.024896,0.24605,0.11588,0.02112,0.22006,0.11434,0.018688,253,252,250,220,212,206,176,174,174,134,133,134,61,60,59,71,74,76,0.53716,0.52527,0.52822
1,7.2695e+05,-1.815,13.84,195,800,-1.8456,13.68,188.25,790.15,0.27282,0.12194,0.025664,0.24369,0.1168,0.022016,0.22615,0.11007,0.019328,251,251,251,215,208,203,173,175,176,133,132,132,55,55,57,73,73,76,0.5317,0.52669,0.52853
1,7.2705e+05,-1.815,13.76,195,800,-1.8445,13.597,186.98,756.9,0.35299,0.13661,0.0352,0.32163,0.12913,0.030592,0.2928,0.12559,0.027392,250,249,250,176,183,191,182,180,179,126,127,128,53,53,53,74,76,77,0.52672,0.52245,0.52643
1,7.2715e+05,-1.815,13.68,195,800,-1.8328,13.512,187.71,850.21,0.28652,0.12696,0.027456,0.24703,0.12236,0.02272,0.21991,0.11824,0.019648,249,249,250,173,178,187,184,181,179,127,126,125,53,52,52,77,77,78,0.52192,0.5237,0.52721
1,7.2725e+05,-1.815,13.6,195,800,-1.8339,13.43,186.94,1402.9,0.29383,0.12203,0.026688,0.25476,0.11458,0.0224,0.23356,0.11179,0.019968,251,250,250,195,193,191,173,174,175,121,120,120,48,49,50,80,80,80,0.53251,0.5268,0.52603
1,7.2735e+05,-1.815,13.52,195,800,-1.8424,13.371,186.72,740.28,0.32159,0.11159,0.02624,0.27841,0.10783,0.021824,0.24637,0.10345,0.018496,250,249,248,198,195,190,169,171,173,120,120,120,47,49,52,80,82,83,0.53858,0.52551,0.52725
1,7.2745e+05,-1.815,13.44,195,800,-1.8201,13.271,187.27,657.87,0.32491,0.12131,0.029504,0.28934,0.11567,0.02496,0.25823,0.11021,0.021504,247,246,247,178,182,187,172,172,173,128,124,120,49,52,53,82,82,83,0.5349,0.52492,0.5269
1,7.2755e+05,-1.815,13.36,195,800,-1.8297,13.183,185.01,1127.5,0.36799,0.11539,0.029824,0.29388,0.1103,0.023552,0.25142,0.10743,0.019264,244,246,247,177,180,185,170,171,172,124,123,121,52,53,54,80,81,83,0.5139,0.5228,0.52514
1,7.2765e+05,-1.815,13.28,195,800,-1.8382,13.135,186.68,1158.4,0.27364,0.1224,0.025536,0.23587,0.11661,0.020992,0.21364,0.11245,0.018688,251,248,244,194,190,189,166,168,172,119,120,120,51,51,51,78,80,83,0.5099,0.52387,0.52738
1,7.2775e+05,-1.815,13.2,195,800,-1.8297,13.044,185.63,705.55,0.31484,0.1238,0.028608,0.27658,0.11565,0.024128,0.24657,0.11221,0.020928,238,240,240,203,208,208,169,169,171,122,121,119,43,45,48,85,83,83,0.51792,0.52581,0.52653
1,7.2785e+05,-1.815,13.12,195,800,-1.8626,12.993,186.56,937.47,0.31537,0.12195,0.02784,0.27155,0.11748,0.024256,0.24965,0.11249,0.021184,239,237,236,238,226,215,169,170,172,118,118,118,47,46,46,83,84,84,0.53632,0.53018,0.53028
1,7.2795e+05,-1.815,13.04,195,800,-1.8116,12.876,185.54,1007.1,0.28053,0.12647,0.026432,0.24811,0.11966,0.022656,0.22242,0.11554,0.020032,238,238,237,229,223,215,168,171,174,115,116,116,45,46,46,83,84,85,0.52769,0.53546,0.53256
1,7.2805e+05,-1.815,12.96,195,800,-1.8328,12.807,186.45,804.83,0.33756,0.12486,0.029888,0.28963,0.11945,0.025152,0.24834,0.11542,0.021504,242,238,236,203,205,206,182,179,178,114,113,113,46,46,45,86,85,86,0.51889,0.53345,0.53484
1,7.2815e+05,-1.815,12.88,195,800,-1.8084,12.711,186.97,849.9,0.29419,0.12226,0.027136,0.25617,0.11788,0.023168,0.23269,0.11421,0.020224,237,235,235,194,199,202,184,182,178,113,112,113,46,45,45,85,86,88,0.55405,0.54542,0.53917
1,7.2825e+05,-1.815,12.8,195,800,-1.836,12.66,186.29,920.63,0.31023,0.11496,0.02368,0.24638,0.11134,0.019136,0.18023,0.11359,0.015488,228,232,236,195,196,197,169,173,175,112,113,114,44,44,44,96,93,93,0.54061,0.53934,0.54087
1,7.2835e+05,-1.815,12.72,195,800,-1.8371,12.566,186.68,1120.8,0.29944,0.12784,0.028416,0.26959,0.1203,0.024192,0.24934,0.11621,0.021632,237,241,242,195,195,195,170,169,170,120,118,117,43,45,47,100,100,100,0.53336,0.5375,0.53965
1,7.2845e+05,-1.815,12.64,195,800,-1.8456,12.517,187.13,879.04,0.31899,0.12279,0.028352,0.26177,0.11916,0.023104,0.22693,0.11333,0.019328,242,244,245,192,194,193,171,170,169,120,119,118,48,50,50,106,104,102,0.53402,0.53824,0.53961
1,7.2855e+05,-1.815,12.56,195,800,-1.8244,12.407,185.57,780.49,0.27348,0.11738,0.023936,0.23389,0.11243,0.01984,0.20704,0.10779,0.017088,251,251,250,186,189,192,169,170,171,120,120,122,54,57,59,111,108,105,0.55256,0.54452,0.54087
1,7.2865e+05,-1.815,12.48,195,800,-1.8403,12.339,187.06,943.39,0.28519,0.1266,0.027072,0.25083,0.12142,0.023296,0.22831,0.11483,0.020224,255,253,251,186,191,194,170,171,171,121,123,126,56,61,67,104,105,105,0.54109,0.54018,0.5414
1,7.2875e+05,-1.815,12.4,195,800,-1.8392,12.262,186.11,693.85,0.30548,0.1231,0.027392,0.25175,0.11959,0.02272,0.22314,0.11645,0.019776,255,254,253,208,204,199,168,169,170,136,136,137,101,93,81,99,100,101,0.52158,0.53835,0.54279
1,7.2885e+05,-1.815,12.32,195,800,-1.8233,12.168,185.75,967.37,0.29495,0.12158,0.02688,0.25994,0.11731,0.023296,0.2408,0.11348,0.020928,254,252,251,200,201,200,167,167,167,150,151,151,97,89,79,93,94,96,0.54047,0.541,0.54269
1,7.2895e+05,-1.815,12.24,195,800,-1.8371,12.1,185.52,857.47,0.28412,0.12029,0.025216,0.25497,0.11393,0.021504,0.23095,0.11039,0.018752,251,250,250,200,198,199,165,166,165,158,158,158,64,70,72,90,92,94,0.53315,0.54362,0.54349
1,7.2905e+05,-1.815,12.16,195,800,-1.8297,12.019,186.83,665.21,0.3147,0.12808,0.030144,0.27402,0.12007,0.02528,0.24794,0.1164,0.021888,245,246,247,201,199,194,155,159,163,173,173,170,56,57,59,89,90,91,0.54514,0.54279,0.54187
1,7.2915e+05,-1.815,12.08,195,800,-1.8382,11.943,187.07,751.86,0.29815,0.13,0.029312,0.27475,0.12614,0.026112,0.25142,0.11853,0.022656,246,246,245,197,193,190,153,159,163,178,179,177,57,58,58,89,90,90,0.55347,0.54848,0.54483
1,7.2925e+05,-1.815,12,195,800,-1.8403,11.857,186.58,964.86,0.27536,0.11843,0.023296,0.24325,0.11173,0.0192,0.21693,0.10612,0.016192,240,241,242,166,178,190,169,166,164,187,186,184,61,62,63,87,88,89,0.52435,0.5391,0.5427
1,7.2935e+05,-1.815,11.92,195,800,-1.8413,11.776,186.22,1072.8,0.27784,0.1267,0.026496,0.259,0.11645,0.022592,0.23238,0.11389,0.020032,242,241,243,209,206,203,166,167,167,186,187,187,78,75,70,85,86,88,0.55744,0.54563,0.54319
1,7.2945e+05,-1.815,11.84,195,800,-1.8286,11.708,185.88,852.33,0.2499,0.12208,0.021632,0.22194,0.11727,0.018368,0.20291,0.11033,0.015936,246,246,245,225,219,213,165,166,167,188,186,184,84,77,70,85,87,88,0.54894,0.54728,0.54422
1,7.2955e+05,-1.815,11.76,195,800,-1.8562,11.619,185.69,1154.2,0.29205,0.12724,0.026432,0.25356,0.11813,0.021952,0.22471,0.11319,0.019008,254,252,250,226,226,221,169,172,174,175,174,174,62,64,65,87,89,91,0.53807,0.54552,0.54571
1,7.2965e+05,-1.815,11.68,195,800,-1.8424,11.55,184.94,726.56,0.28508,0.12747,0.027136,0.26364,0.12094,0.024064,0.24558,0.11661,0.02144,253,252,251,229,223,218,182,181,178,165,166,166,61,60,62,90,93,97,0.5355,0.54766,0.54866
1,7.2975e+05,-1.815,11.6,195,800,-1.8095,11.426,186.03,1188.5,0.31785,0.12749,0.03008,0.28625,0.12092,0.025344,0.25791,0.11547,0.022336,247,249,251,191,200,207,199,192,185,152,151,150,60,62,63,113,115,119,0.54016,0.5448,0.5467
1,7.2985e+05,-1.815,11.52,195,800,-1.836,11.392,185.18,714.15,0.25714,0.12028,0.022336,0.21753,0.11439,0.018624,0.19452,0.11095,0.016192,251,250,250,194,193,194,178,180,181,137,137,136,73,68,63,152,159,167,0.54472,0.54837,0.54991
1,7.2995e+05,-1.815,11.44,195,800,-1.836,11.306,186.58,736.1,0.30877,0.12693,0.027584,0.26398,0.12298,0.023808,0.23961,0.11546,0.020288,250,249,249,196,191,192,173,173,176,132,130,129,68,64,61,185,192,195,0.54708,0.55258,0.55105
1,7.3005e+05,-1.815,11.36,195,800,-1.8307,11.231,186.5,757.75,0.29312,0.1243,0.02656,0.24347,0.11842,0.021696,0.21303,0.11501,0.01856,243,245,248,184,193,200,166,171,175,117,118,122,48,52,58,249,245,239,0.56047,0.55976,0.55724
1,7.3015e+05,-1.815,11.28,195,800,-1.8424,11.139,186.6,1093.4,0.28031,0.12197,0.025408,0.25223,0.11611,0.02144,0.21869,0.11248,0.018624,247,248,248,208,209,207,179,176,175,117,119,122,51,55,58,255,254,250,0.55606,0.5629,0.56145
1,7.3025e+05,-1.815,11.2,195,800,-1.8339,11.079,187.13,826.74,0.36267,0.11747,0.029824,0.31051,0.11032,0.023744,0.24901,0.1095,0.018432,250,248,247,241,227,212,177,178,177,131,133,140,65,67,70,255,255,255,0.56703,0.56325,0.56522
1,7.3035e+05,-1.815,11.12,195,800,-1.853,11.017,186.74,670.96,0.24235,0.12493,0.022528,0.21095,0.12296,0.019904,0.19984,0.11497,0.017344,240,244,248,198,198,199,183,180,177,169,176,183,95,104,114,255,255,255,0.57371,0.57529,0.57521
1,7.3045e+05,-1.815,11.04,195,800,-1.8392,10.929,187.54,906.45,0.32135,0.12399,0.029312,0.28861,0.11821,0.024704,0.25492,0.11577,0.022336,246,247,248,186,189,191,189,182,177,211,207,204,154,151,141,255,255,255,0.57135,0.56847,0.56062
1,7.3352e+05,-1.722,11,195,800,-1.7395,10.927,0.19762,927.5,0,0,0,0,0,0,0,0,0,254,251,247,183,179,183,171,174,176,252,245,234,171,159,154,255,255,255,0.50803,0.50964,0.50974
1,7.3362e+05,-1.722,11.08,195,800,-1.7416,10.989,186.37,863.69,0.23098,0.11689,0.018496,0.17972,0.10994,0.015296,0.15975,0.11054,0.01376,238,241,244,175,185,196,176,176,177,199,196,192,87,94,108,255,255,255,0.5901,0.5863,0.5842
1,7.3372e+05,-1.722,11.16,195,800,-1.7342,11.056,186.22,883.89,0.20676,0.12718,0.02016,0.18796,0.11989,0.017664,0.17025,0.11573,0.015488,240,242,245,203,204,203,175,178,180,160,163,167,67,73,85,255,255,255,0.56835,0.5697,0.57007
1,7.3382e+05,-1.722,11.24,195,800,-1.7458,11.146,185.64,686.87,0.2914,0.12408,0.026368,0.25958,0.11697,0.02208,0.23399,0.10758,0.017984,253,250,246,218,214,208,192,185,179,124,126,129,66,63,63,255,255,255,0.56564,0.56214,0.56169
1,7.3392e+05,-1.722,11.32,195,800,-1.7437,11.217,186.75,967.96,0.27742,0.13044,0.0272,0.24906,0.12201,0.023168,0.23431,0.11515,0.02048,249,248,248,193,198,203,181,180,178,114,118,123,62,60,60,255,254,250,0.55639,0.55707,0.55758
1,7.3402e+05,-1.722,11.4,195,800,-1.7501,11.3,186.34,892.48,0.30092,0.12289,0.027328,0.26075,0.11561,0.022656,0.23319,0.11136,0.019456,246,247,248,186,186,192,167,170,176,119,121,125,55,58,62,242,230,220,0.55523,0.55277,0.55323
1,7.3412e+05,-1.722,11.48,195,800,-1.7352,11.361,186.25,825.7,0.35206,0.13015,0.034624,0.30216,0.12469,0.028928,0.27472,0.12084,0.025408,252,250,250,193,194,195,183,185,185,137,138,138,80,77,70,166,167,169,0.54652,0.54902,0.55085
1,7.3422e+05,-1.722,11.56,195,800,-1.7374,11.457,187.06,920.49,0.32088,0.13175,0.03104,0.27027,0.12487,0.026304,0.25316,0.11716,0.023232,251,251,250,200,198,198,198,192,188,146,145,146,86,78,71,140,140,142,0.54327,0.54393,0.54788
1,7.3432e+05,-1.722,11.64,195,800,-1.7374,11.541,188.06,873.56,0.36908,0.12085,0.032128,0.29438,0.11593,0.025088,0.26,0.1119,0.021952,252,250,250,216,209,204,181,185,185,156,157,160,58,62,67,105,106,109,0.54839,0.54508,0.54582
1,7.3442e+05,-1.722,11.72,195,800,-1.731,11.598,185.84,1134.2,0.34169,0.12589,0.032384,0.31309,0.11997,0.02784,0.30117,0.10905,0.023936,248,250,250,222,213,206,175,177,179,162,164,168,59,60,67,99,98,99,0.55276,0.54819,0.54659
1,7.3452e+05,-1.722,11.8,195,800,-1.7236,11.683,186.67,858.5,0.29293,0.13405,0.029888,0.26928,0.12828,0.026304,0.25655,0.12111,0.023552,248,247,246,199,204,207,165,166,169,187,187,186,75,74,72,94,92,91,0.55056,0.54723,0.54739
1,7.3462e+05,-1.722,11.88,195,800,-1.7331,11.752,187.56,1007.2,0.33741,0.12134,0.029568,0.28892,0.11723,0.025088,0.25366,0.11117,0.021504,239,240,242,203,198,197,166,166,166,196,196,193,78,76,72,92,91,91,0.54357,0.54542,0.54533
1,7.3472e+05,-1.722,11.96,195,800,-1.7395,11.842,186.71,1035,0.37868,0.11753,0.029952,0.27342,0.11393,0.022976,0.23976,0.10616,0.018752,240,240,242,196,193,192,164,166,166,191,191,190,67,67,68,94,93,92,0.53932,0.54427,0.54421
1,7.3482e+05,-1.722,12.04,195,800,-1.7352,11.91,187.8,712.44,0.38254,0.13051,0.037376,0.35792,0.12108,0.032256,0.33146,0.11342,0.027648,248,246,244,185,187,189,165,165,165,180,180,179,58,59,60,92,94,94,0.55787,0.54106,0.54225
1,7.3492e+05,-1.722,12.12,195,800,-1.7321,11.996,186.24,777.37,0.30834,0.13058,0.030528,0.2899,0.11943,0.026368,0.27475,0.11512,0.023872,250,248,246,193,191,189,167,166,166,176,174,173,58,58,58,93,94,95,0.54853,0.54553,0.54375
1,7.3502e+05,-1.722,12.2,195,800,-1.7331,12.065,186.56,717.83,0.312,0.1236,0.028992,0.28245,0.11407,0.02432,0.25904,0.1103,0.02144,245,247,249,190,194,196,177,173,169,159,161,163,58,60,64,97,97,96,0.53568,0.54007,0.54032
1,7.3512e+05,-1.722,12.28,195,800,-1.7342,12.162,187.75,743.79,0.33826,0.11887,0.028608,0.29009,0.11538,0.02368,0.25855,0.10736,0.019904,253,251,250,200,202,203,173,174,173,157,157,156,81,84,81,100,99,98,0.5334,0.54188,0.54294
1,7.3522e+05,-1.722,12.36,195,800,-1.7384,12.234,188.02,917.73,0.31744,0.12447,0.028288,0.26082,0.11936,0.02368,0.23384,0.11364,0.02048,252,252,251,209,209,205,173,173,173,160,155,150,106,98,85,102,99,98,0.56322,0.54055,0.54094
1,7.3532e+05,-1.722,12.44,195,800,-1.7342,12.302,186.5,588.47,0.37639,0.12746,0.034496,0.32951,0.12191,0.028416,0.2778,0.11332,0.022848,252,252,252,202,204,203,174,173,173,131,135,139,89,84,79,94,97,100,0.53505,0.53881,0.54097
1,7.3542e+05,-1.722,12.52,195,800,-1.7554,12.414,188.12,1218.7,0.32054,0.12574,0.029696,0.28603,0.12025,0.025344,0.26301,0.11323,0.022336,253,252,251,192,197,200,172,172,172,124,127,132,65,67,68,96,98,101,0.54048,0.54046,0.54233
1,7.3552e+05,-1.722,12.6,195,800,-1.7437,12.459,186.34,734.91,0.29944,0.12225,0.027392,0.27201,0.11414,0.022976,0.25266,0.10633,0.019904,243,246,248,199,196,195,168,170,171,122,122,123,46,49,53,103,104,103,0.53052,0.53815,0.54204
1,7.3562e+05,-1.722,12.68,195,800,-1.7395,12.539,186.99,913.19,0.29159,0.12357,0.027392,0.26672,0.11844,0.024128,0.24809,0.11302,0.02144,246,245,243,196,198,197,164,168,172,116,117,117,45,48,50,100,101,100,0.55163,0.54145,0.54043
1,7.3572e+05,-1.722,12.76,195,800,-1.7469,12.63,186.57,498.74,0.29761,0.12495,0.026688,0.24794,0.12132,0.0224,0.23043,0.11346,0.019456,247,244,241,195,197,196,169,171,174,112,114,115,44,48,50,96,97,97,0.55258,0.54553,0.54154
1,7.3582e+05,-1.722,12.84,195,800,-1.7331,12.715,185.67,826.28,0.25769,0.13074,0.026048,0.24539,0.1231,0.023104,0.23216,0.11675,0.020672,228,232,237,190,191,195,188,182,177,108,110,112,45,46,48,87,90,92,0.53896,0.53831,0.53796
1,7.3592e+05,-1.722,12.92,195,800,-1.7458,12.789,186.57,781.27,0.27035,0.12682,0.024384,0.24333,0.1175,0.020864,0.2223,0.11246,0.01824,223,230,236,186,190,197,183,182,178,109,110,112,46,46,46,88,89,90,0.53295,0.53417,0.53425
1,7.3602e+05,-1.722,13,195,800,-1.7575,12.878,185.43,1088.3,0.29034,0.13267,0.027904,0.24474,0.12603,0.023232,0.22406,0.12257,0.020544,240,237,236,207,208,210,173,174,174,110,111,112,44,45,45,86,87,87,0.54642,0.53594,0.53212
1,7.3612e+05,-1.722,13.08,195,800,-1.7522,12.945,186.12,758.22,0.2378,0.13526,0.02464,0.22271,0.12621,0.021376,0.1984,0.1221,0.019008,229,233,235,226,225,220,170,171,172,109,111,113,42,43,44,82,84,85,0.52473,0.52944,0.53042
1,7.3622e+05,-1.722,13.16,195,800,-1.749,13.042,185.52,1079.1,0.28837,0.12592,0.027392,0.26167,0.1178,0.023424,0.24361,0.11375,0.020864,228,231,236,227,224,219,169,171,173,111,112,113,43,43,44,83,83,84,0.53307,0.52649,0.52724
1,7.3632e+05,-1.722,13.24,195,800,-1.7331,13.102,185.32,872.05,0.28946,0.12737,0.027648,0.26594,0.12089,0.023936,0.24317,0.11516,0.021056,237,239,240,222,216,209,173,176,177,114,114,113,43,44,45,82,84,85,0.53517,0.53055,0.52807
1,7.3642e+05,-1.722,13.32,195,800,-1.7575,13.182,185.67,769.78,0.32294,0.12747,0.030144,0.27188,0.1191,0.024512,0.23808,0.11584,0.021056,245,244,243,224,212,201,181,180,178,111,112,113,43,43,44,87,86,86,0.53368,0.52437,0.52477
1,7.3652e+05,-1.722,13.4,195,800,-1.7352,13.252,186.4,625.35,0.29655,0.13023,0.0288,0.26592,0.12119,0.024192,0.2417,0.11558,0.020992,250,249,247,191,193,194,184,181,177,110,111,112,41,42,44,93,89,86,0.51043,0.51973,0.52485
1,7.3662e+05,-1.722,13.48,195,800,-1.7363,13.346,187.1,1035.4,0.2714,0.12837,0.0256,0.22994,0.12399,0.022016,0.21273,0.11619,0.019136,247,248,248,188,191,192,168,171,173,110,112,113,42,42,44,84,84,84,0.51294,0.5284,0.52677
1,7.3672e+05,-1.722,13.56,195,800,-1.749,13.426,187.76,749.17,0.32352,0.12386,0.028224,0.26877,0.11986,0.023104,0.2401,0.11622,0.01984,248,249,248,191,193,193,166,170,173,111,112,114,42,43,44,82,82,83,0.52043,0.52695,0.5264
1,7.3682e+05,-1.722,13.64,195,800,-1.7427,13.488,187.91,641.21,0.2948,0.11849,0.025536,0.27431,0.1085,0.02208,0.25173,0.10726,0.019776,250,249,249,186,189,192,184,180,177,120,119,118,44,45,46,80,81,81,0.52421,0.52421,0.52504
1,7.3692e+05,-1.722,13.72,195,800,-1.7458,13.583,187.11,856.57,0.31342,0.12095,0.027392,0.27978,0.11405,0.024064,0.25915,0.10874,0.021248,249,249,249,187,189,192,185,183,178,123,122,120,47,47,47,81,81,80,0.51928,0.52715,0.52696
1,7.3702e+05,-1.722,13.8,195,800,-1.7193,13.652,187.17,784.34,0.27429,0.12367,0.025536,0.25222,0.11734,0.02272,0.23873,0.11159,0.02016,250,250,250,206,204,202,176,176,176,126,125,125,48,49,50,79,79,79,0.53033,0.53035,0.52741
1,7.3712e+05,-1.722,13.88,195,800,-1.7533,13.76,185.26,876.38,0.28563,0.11666,0.02432,0.23984,0.10987,0.019968,0.21175,0.10789,0.017472,250,250,249,214,211,206,172,172,173,127,128,129,56,57,57,81,79,78,0.53352,0.52468,0.52613
1,7.3722e+05,-1.722,13.96,195,800,-1.7469,13.815,187.95,1131.6,0.28342,0.12957,0.026112,0.24725,0.12343,0.022208,0.23125,0.11535,0.019968,248,248,248,198,201,204,174,173,173,130,130,132,66,63,59,82,80,78,0.52023,0.52143,0.52627
1,7.3732e+05,-1.722,14.04,195,800,-1.7384,13.89,187.43,716.82,0.28924,0.12972,0.027904,0.26082,0.12424,0.024512,0.24453,0.11844,0.021952,243,244,245,189,192,197,171,172,174,138,139,140,59,61,60,79,78,77,0.52572,0.53118,0.53146
1,7.3742e+05,-1.722,14.12,195,800,-1.7639,14,187.5,932.17,0.28804,0.1218,0.025472,0.23334,0.11936,0.021312,0.20354,0.11437,0.018048,243,244,244,198,197,199,177,174,173,146,145,142,55,56,58,79,76,75,0.53375,0.53192,0.53111
1,7.3752e+05,-1.722,14.2,195,800,-1.7469,14.06,187.49,933.88,0.30586,0.1246,0.02816,0.26817,0.12249,0.024256,0.24506,0.1161,0.020928,243,243,242,214,211,207,175,175,178,147,146,145,53,54,55,71,73,75,0.51846,0.53021,0.53033
1,7.3762e+05,-1.722,14.28,195,800,-1.7384,14.125,186.78,492.89,0.26944,0.12302,0.025216,0.24677,0.11516,0.021376,0.23219,0.1091,0.019264,240,240,240,213,208,202,182,184,184,144,144,145,55,55,56,79,78,77,0.52514,0.53172,0.53128
1,7.3772e+05,-1.722,14.36,195,800,-1.7384,14.206,185.62,1077.5,0.25314,0.11911,0.022848,0.23277,0.11416,0.019968,0.2164,0.10921,0.017728,240,239,239,200,197,196,190,188,187,147,146,146,54,55,57,80,79,79,0.52977,0.53501,0.53401
1,7.3782e+05,-1.722,14.44,195,800,-1.7299,14.267,186.67,915.56,0.30664,0.12562,0.02752,0.27886,0.11812,0.023488,0.24191,0.11419,0.020544,243,241,239,181,183,185,188,189,188,150,149,148,53,54,57,80,83,85,0.53844,0.53905,0.53655
1,7.3792e+05,-1.722,14.52,195,800,-1.7352,14.363,186.3,961.28,0.27846,0.12897,0.0272,0.25822,0.11831,0.023296,0.24046,0.1162,0.02144,239,240,239,185,183,183,186,186,186,149,148,148,52,54,56,90,89,87,0.54075,0.53996,0.53929
1,7.3802e+05,-1.722,14.6,195,800,-1.7448,14.459,186.61,1038.3,0.29203,0.13143,0.028544,0.25823,0.12804,0.025088,0.24314,0.12227,0.022272,241,242,243,179,186,191,179,180,179,144,145,144,51,53,55,93,93,91,0.5396,0.53981,0.53825
1,7.3812e+05,-1.722,14.68,195,800,-1.7342,14.533,187.08,884.03,0.2693,0.12021,0.024128,0.24064,0.11149,0.020224,0.21405,0.10796,0.01728,252,251,247,214,205,200,179,176,175,145,142,139,50,51,53,93,92,93,0.53093,0.53711,0.53895
1,7.3822e+05,-1.722,14.76,195,800,-1.7278,14.592,186.68,546.45,0.24597,0.128,0.023616,0.22558,0.12058,0.020736,0.20436,0.11725,0.018432,253,251,249,210,207,203,176,176,174,142,139,136,49,52,54,95,94,94,0.54155,0.54087,0.54229
1,7.3832e+05,-1.722,14.84,195,800,-1.748,14.692,186.81,826.16,0.28898,0.129,0.02784,0.2547,0.12002,0.023424,0.23619,0.11458,0.02048,249,249,249,193,198,205,175,172,172,132,133,134,63,61,58,100,101,103,0.54876,0.54214,0.54217
1,7.3842e+05,-1.722,14.92,195,800,-1.7469,14.772,186.78,863.25,0.28217,0.13851,0.028032,0.26064,0.131,0.024576,0.23952,0.12521,0.021632,248,249,249,201,203,208,166,169,170,135,134,135,69,65,60,109,108,109,0.54041,0.54243,0.54345
1,7.3852e+05,-1.722,15,195,800,-1.748,14.846,185.14,884.11,0.25989,0.12951,0.023808,0.21627,0.12351,0.019968,0.1949,0.1188,0.017344,251,251,251,226,222,215,166,165,166,141,143,144,63,61,60,119,119,118,0.56447,0.54614,0.54174
1,7.3862e+05,-1.722,15.08,195,800,-1.7458,14.921,186.18,926.08,0.30111,0.1378,0.026624,0.25926,0.115,0.022272,0.22985,0.11132,0.019456,253,253,252,220,216,214,167,165,165,161,161,164,58,56,57,125,124,124,0.55604,0.54363,0.5433
1,7.3872e+05,-1.722,15.16,195,800,-1.7331,14.997,186.77,781.98,0.30568,0.12777,0.028544,0.27565,0.11932,0.024064,0.24464,0.11538,0.020544,254,252,252,206,210,212,167,165,165,174,176,182,56,59,61,129,129,127,0.54401,0.54265,0.5439
1,7.3882e+05,-1.722,15.24,195,800,-1.7416,15.091,185.78,840.74,0.29261,0.13031,0.02752,0.25549,0.12745,0.023424,0.22837,0.1229,0.020608,254,251,250,216,215,211,168,165,167,234,228,222,83,79,77,137,136,132,0.55274,0.54688,0.54394
1,7.3892e+05,-1.722,15.32,195,800,-1.7416,15.162,186.62,944.86,0.27525,0.13173,0.027136,0.24394,0.12566,0.023232,0.22163,0.12159,0.020672,252,249,249,219,215,209,166,167,169,254,248,238,93,90,87,137,134,131,0.54717,0.54648,0.54769
1,7.3902e+05,-1.722,15.4,195,800,-1.7257,15.223,187.27,872.8,0.27877,0.14122,0.030208,0.2526,0.13687,0.02656,0.23447,0.12638,0.023168,242,246,246,196,201,204,171,172,175,255,255,254,106,107,105,118,122,123,0.55049,0.55049,0.54771
1,7.3912e+05,-1.722,15.48,195,800,-1.7374,15.31,188.09,923.54,0.30183,0.12934,0.028928,0.25915,0.12078,0.023424,0.22617,0.11513,0.020032,230,239,242,183,189,192,180,180,181,255,255,255,127,125,120,111,112,115,0.54189,0.54711,0.54772
1,7.3922e+05,-1.722,15.56,195,800,-1.7458,15.385,187.03,904.16,0.25971,0.12111,0.02336,0.22804,0.1153,0.019328,0.19352,0.10987,0.016192,234,235,242,186,187,193,186,184,183,255,255,255,136,128,123,106,109,112,0.54741,0.54967,0.54961
1,7.3932e+05,-1.722,15.64,195,800,-1.7299,15.474,185.09,1163.6,0.27497,0.1251,0.02432,0.24178,0.1213,0.021248,0.21009,0.11471,0.017728,238,241,242,206,200,197,189,187,186,255,255,255,115,123,130,107,108,107,0.55472,0.55375,0.55309
1,7.3942e+05,-1.722,15.72,195,800,-1.7448,15.554,186.73,735.18,0.2518,0.13225,0.024512,0.2224,0.12715,0.021056,0.19145,0.11857,0.017728,244,243,242,214,204,196,189,188,187,255,255,255,125,125,127,103,104,104,0.55607,0.55363,0.55601
1,7.3952e+05,-1.722,15.8,195,800,-1.7554,15.643,187.2,1238.9,0.26055,0.13603,0.027456,0.24912,0.12746,0.024448,0.23329,0.12041,0.02176,239,239,240,178,184,191,200,194,189,255,255,255,117,119,121,90,93,99,0.56068,0.56249,0.56228
1,7.3962e+05,-1.722,15.88,195,800,-1.7405,15.711,186.86,904.25,0.32866,0.13063,0.030976,0.27024,0.12372,0.024704,0.23486,0.11794,0.020992,243,238,236,193,191,190,189,189,184,255,255,255,104,110,123,102,103,109,0.56497,0.57179,0.56872
1,7.3972e+05,-1.722,15.96,195,800,-1.7533,15.817,187.08,712.37,0.34404,0.128,0.03168,0.30814,0.11917,0.027136,0.27043,0.11498,0.023104,232,235,235,217,202,195,180,179,180,255,255,255,115,125,130,108,118,120,0.58187,0.57926,0.56899
1,7.4279e+05,-1.629,16,195,800,-1.6323,15.752,-0.26253,890.02,0,0,0,0,0,0,0,0,0,230,231,234,200,200,200,165,173,176,255,255,255,158,143,139,139,130,130,0.5521,0.53747,0.5305
1,7.4289e+05,-1.629,15.92,195,800,-1.6419,15.695,185.05,756.23,0.15964,0.12339,0.01536,0.14785,0.11555,0.013376,0.13931,0.11195,0.012288,242,237,236,191,188,189,197,193,186,255,255,255,109,112,123,108,106,111,0.57533,0.57805,0.57699
1,7.4299e+05,-1.629,15.84,195,800,-1.6408,15.612,187.85,864.43,0.27904,0.11567,0.024064,0.24498,0.11129,0.01952,0.18382,0.10706,0.015104,240,240,238,170,178,186,203,197,190,255,255,255,107,111,118,100,100,102,0.56957,0.56619,0.56411
1,7.4309e+05,-1.629,15.76,195,800,-1.644,15.55,185.26,786.85,0.28768,0.13405,0.029696,0.26908,0.12484,0.025728,0.25524,0.11778,0.023168,241,241,242,182,185,187,190,193,191,255,255,255,123,123,122,101,103,103,0.56267,0.559,0.55965
1,7.4319e+05,-1.629,15.68,195,800,-1.6366,15.477,185.38,842.74,0.34894,0.1109,0.026688,0.21288,0.11089,0.017536,0.17457,0.10967,0.0144,238,241,242,197,195,190,189,191,190,255,255,255,124,126,125,119,111,106,0.55907,0.55798,0.55662
1,7.4329e+05,-1.629,15.6,195,800,-1.6482,15.402,186.85,915.96,0.27385,0.11378,0.023232,0.24927,0.10809,0.019648,0.2289,0.099663,0.016384,239,240,242,192,191,190,189,191,190,255,255,255,124,126,126,114,112,110,0.54859,0.55475,0.55331
1,7.4339e+05,-1.629,15.52,195,800,-1.6451,15.325,185.33,1022,0.27979,0.13415,0.028736,0.26432,0.12538,0.025472,0.25651,0.1194,0.022912,239,241,243,170,180,188,189,184,184,255,255,255,119,120,117,110,109,112,0.55011,0.55078,0.54981
1,7.4349e+05,-1.629,15.44,195,800,-1.6472,15.261,186.47,547.3,0.32109,0.12687,0.030592,0.29209,0.11983,0.026112,0.26366,0.11567,0.022976,245,244,244,174,182,192,168,178,180,255,255,255,105,107,111,112,114,115,0.53648,0.54153,0.54601
1,7.4359e+05,-1.629,15.36,195,800,-1.6429,15.172,185.24,1107.3,0.425,0.13442,0.036736,0.34169,0.1173,0.029504,0.3121,0.11148,0.025472,243,247,248,212,208,205,169,170,171,254,254,249,88,93,95,130,128,126,0.54409,0.54424,0.54653
1,7.4369e+05,-1.629,15.28,195,800,-1.6397,15.087,185.6,1167.3,0.27752,0.12547,0.02592,0.24213,0.11662,0.021568,0.22091,0.11057,0.01888,247,248,248,230,218,207,166,168,169,253,246,237,92,89,86,142,136,130,0.54559,0.54718,0.54581
1,7.4379e+05,-1.629,15.2,195,800,-1.6461,15.026,185.71,708.4,0.2716,0.1241,0.025408,0.24258,0.11893,0.022016,0.22234,0.11509,0.019648,248,251,250,206,208,209,161,165,167,193,199,201,67,68,69,144,138,131,0.54335,0.54463,0.54366
1,7.4389e+05,-1.629,15.12,195,800,-1.644,14.939,186.83,797.73,0.31698,0.12156,0.027392,0.25873,0.11582,0.022016,0.2369,0.11174,0.019584,255,253,251,208,212,213,168,167,166,158,159,162,56,56,58,125,126,126,0.53988,0.54445,0.54422
1,7.4399e+05,-1.629,15.04,195,800,-1.6451,14.848,186.3,1115.2,0.30732,0.18984,0.035456,0.27641,0.18545,0.030528,0.25566,0.17753,0.026944,254,252,251,229,222,216,165,166,166,148,149,151,56,58,58,126,124,122,0.54222,0.54537,0.54478
1,7.4409e+05,-1.629,14.96,195,800,-1.6429,14.773,186.19,864.5,0.34435,0.11645,0.029312,0.29307,0.11057,0.02336,0.25464,0.10527,0.0192,246,248,250,216,216,215,164,165,167,138,138,138,76,68,61,121,118,114,0.54533,0.54411,0.54321
1,7.4419e+05,-1.629,14.88,195,800,-1.6535,14.712,187.37,893.15,0.30336,0.12696,0.028544,0.26107,0.122,0.024192,0.24252,0.11562,0.021632,248,249,250,201,206,212,165,168,169,131,133,135,77,68,60,110,110,109,0.54591,0.54237,0.54088
1,7.4429e+05,-1.629,14.8,195,800,-1.6376,14.612,186.58,877.66,0.31804,0.12585,0.029568,0.27859,0.12111,0.025472,0.25486,0.11641,0.02272,254,253,251,207,207,207,177,174,172,126,130,133,52,54,55,97,97,98,0.53387,0.53936,0.54065
1,7.4439e+05,-1.629,14.72,195,800,-1.6493,14.558,187.37,1185.9,0.33221,0.12194,0.029952,0.28413,0.11757,0.02528,0.25974,0.11356,0.022272,251,251,249,216,208,201,178,175,175,136,136,137,49,49,51,93,92,93,0.54593,0.54117,0.54132
1,7.4449e+05,-1.629,14.64,195,800,-1.6302,14.444,187.06,930.58,0.32267,0.12371,0.029504,0.27694,0.11535,0.024192,0.2545,0.11074,0.021184,253,249,246,203,200,196,176,177,178,138,139,139,49,50,52,88,90,92,0.55199,0.54257,0.53875
1,7.4459e+05,-1.629,14.56,195,800,-1.6408,14.378,187.65,836.01,0.32275,0.12317,0.02784,0.26912,0.11675,0.02336,0.25204,0.11183,0.020544,246,243,242,177,183,186,185,185,184,140,141,143,55,56,56,92,91,90,0.55141,0.54326,0.53974
1,7.4469e+05,-1.629,14.48,195,800,-1.6493,14.315,187.86,699.96,0.33797,0.1268,0.031616,0.29508,0.1225,0.026496,0.2489,0.11751,0.022208,245,242,240,177,180,184,187,188,188,141,141,143,57,57,57,87,88,88,0.53913,0.53576,0.53681
1,7.4479e+05,-1.629,14.4,195,800,-1.6504,14.227,187.04,1074.7,0.31102,0.13158,0.031424,0.27496,0.12497,0.026816,0.25526,0.12151,0.023936,240,238,237,186,188,191,197,195,193,140,141,142,53,55,57,79,81,82,0.52083,0.53175,0.53524
1,7.4489e+05,-1.629,14.32,195,800,-1.6482,14.157,186.83,682.3,0.27587,0.13537,0.024768,0.22553,0.11554,0.01984,0.2093,0.11099,0.017792,237,236,237,222,214,205,189,189,188,136,138,140,54,54,55,79,78,77,0.53276,0.53229,0.53273
1,7.4499e+05,-1.629,14.24,195,800,-1.6429,14.061,185.88,942,0.32229,0.11037,0.0256,0.27168,0.10804,0.021184,0.24426,0.1052,0.018752,238,238,238,231,222,210,182,183,184,138,138,139,54,54,54,74,75,76,0.53879,0.5296,0.52903
1,7.4509e+05,-1.629,14.16,195,800,-1.6599,14.013,186.24,948.51,0.29666,0.12001,0.02624,0.25713,0.11516,0.022528,0.23857,0.11033,0.020416,241,241,242,212,209,207,177,177,177,142,140,139,51,53,56,72,73,75,0.52796,0.52715,0.52642
1,7.4519e+05,-1.629,14.08,195,800,-1.6578,13.917,187.13,994.87,0.34407,0.12128,0.028672,0.26346,0.1176,0.022976,0.22544,0.11388,0.019648,242,242,243,195,198,200,180,176,175,139,139,139,53,55,58,75,75,76,0.53443,0.5275,0.52734
1,7.4529e+05,-1.629,14,195,800,-1.6366,13.834,186.95,891.44,0.34314,0.12475,0.032,0.29767,0.11494,0.025856,0.26071,0.1127,0.022336,246,245,246,188,191,198,172,173,175,135,134,133,62,60,59,80,80,80,0.52972,0.52946,0.5264
1,7.4539e+05,-1.629,13.92,195,800,-1.6313,13.75,187.17,577.69,0.3317,0.12588,0.029888,0.2691,0.12169,0.024832,0.24098,0.11614,0.021504,249,249,249,212,210,205,172,172,174,126,127,127,52,53,55,84,82,81,0.5362,0.52687,0.52669
1,7.4549e+05,-1.629,13.84,195,800,-1.6387,13.665,185.43,713.93,0.3116,0.12156,0.027904,0.27064,0.11573,0.023872,0.24622,0.11011,0.02048,250,250,250,219,213,206,169,172,175,125,125,124,48,49,51,81,81,81,0.52033,0.52496,0.52541
1,7.4559e+05,-1.629,13.76,195,800,-1.6599,13.617,185.66,651.17,0.35049,0.1236,0.032512,0.30968,0.11687,0.026944,0.27552,0.11023,0.022464,250,249,249,206,201,199,180,178,176,123,121,120,46,46,47,83,82,82,0.52565,0.52671,0.52629
1,7.4569e+05,-1.629,13.68,195,800,-1.6525,13.522,185.93,788.56,0.28599,0.12973,0.02848,0.25029,0.1246,0.024,0.22327,0.11708,0.020352,250,249,249,200,195,195,181,180,176,119,118,117,46,46,46,83,83,83,0.5416,0.52921,0.52759
1,7.4579e+05,-1.629,13.6,195,800,-1.6535,13.446,186.73,453.69,0.28152,0.12919,0.027968,0.25429,0.1231,0.024128,0.23433,0.11473,0.020928,247,247,248,194,195,195,178,175,173,110,111,112,43,43,44,81,82,84,0.51458,0.52286,0.52488
1,7.4589e+05,-1.629,13.52,195,800,-1.6376,13.366,186.25,739.67,0.3162,0.1146,0.025216,0.24628,0.11064,0.01984,0.2061,0.10976,0.017216,247,247,247,194,195,195,169,171,173,109,109,109,42,42,43,84,85,85,0.52244,0.52385,0.52538
1,7.4599e+05,-1.629,13.44,195,800,-1.6599,13.285,186.23,1177.5,0.36487,0.12164,0.032128,0.342,0.11175,0.027136,0.31116,0.10627,0.022912,249,247,247,191,194,196,175,175,175,107,107,108,41,42,43,89,88,87,0.52071,0.52611,0.52634
1,7.4609e+05,-1.629,13.36,195,800,-1.6344,13.197,186.98,759.82,0.3182,0.12248,0.0288,0.29301,0.11314,0.024576,0.26499,0.11022,0.021312,246,245,245,207,203,199,186,184,180,103,105,108,40,41,43,92,90,88,0.54078,0.52816,0.52576
1,7.4619e+05,-1.629,13.28,195,800,-1.644,13.116,186.64,769.04,0.31598,0.1195,0.02752,0.27904,0.11167,0.022464,0.24648,0.10932,0.020096,241,242,243,214,207,202,189,185,181,107,107,109,42,42,44,88,88,87,0.53825,0.52926,0.52516
1,7.4629e+05,-1.629,13.2,195,800,-1.6461,13.034,186.79,1041.5,0.34199,0.12343,0.029952,0.27154,0.11917,0.02368,0.22474,0.11794,0.019904,233,234,237,209,213,214,175,178,179,112,111,110,45,45,45,82,83,84,0.52094,0.52134,0.52311
1,7.4639e+05,-1.629,13.12,195,800,-1.6525,12.965,187.94,886.18,0.26459,0.12732,0.026112,0.23766,0.12347,0.022528,0.21196,0.11726,0.019328,230,233,235,229,225,218,173,173,174,109,110,111,41,44,45,81,83,84,0.52965,0.52067,0.52499
1,7.4649e+05,-1.629,13.04,195,800,-1.6514,12.888,186.73,870.86,0.23692,0.11964,0.021056,0.2163,0.11365,0.018624,0.20318,0.10993,0.01696,236,236,236,220,221,215,171,172,173,111,111,111,41,43,45,86,86,86,0.53312,0.5249,0.52777
1,7.4659e+05,-1.629,12.96,195,800,-1.6557,12.817,185.83,893.38,0.27349,0.12866,0.026624,0.24699,0.12089,0.023104,0.23053,0.11692,0.020544,233,235,237,191,195,200,175,174,174,113,112,111,45,46,46,94,92,90,0.54826,0.5341,0.53161
1,7.4669e+05,-1.629,12.88,195,800,-1.6535,12.733,186.15,544.47,0.29768,0.13608,0.026304,0.23886,0.12481,0.021312,0.21249,0.11465,0.01824,229,234,238,177,187,196,177,177,176,111,111,111,46,47,47,93,92,91,0.53868,0.5381,0.5364
1,7.4679e+05,-1.629,12.8,195,800,-1.6504,12.659,186.15,802.18,0.31668,0.12219,0.028352,0.27515,0.11824,0.024512,0.25297,0.11514,0.021632,243,242,241,206,200,195,178,178,177,113,113,113,50,52,52,90,92,94,0.54443,0.53977,0.53718
1,7.4689e+05,-1.629,12.72,195,800,-1.6525,12.574,186.01,806.39,0.3221,0.12512,0.028032,0.27378,0.11713,0.022784,0.23069,0.11654,0.019584,247,247,246,195,197,197,168,171,174,117,117,118,59,56,54,101,100,99,0.54045,0.53698,0.53833
1,7.4699e+05,-1.629,12.64,195,800,-1.644,12.488,186.98,767.63,0.29796,0.12076,0.026048,0.25304,0.11589,0.02208,0.22598,0.1136,0.01952,244,247,248,190,193,197,167,170,173,119,120,122,51,53,54,104,102,101,0.52987,0.53804,0.54033
1,7.4709e+05,-1.629,12.56,195,800,-1.6451,12.404,187.4,771.05,0.28482,0.11923,0.024768,0.25354,0.11107,0.020544,0.23285,0.10701,0.018048,254,251,250,196,198,199,172,173,173,128,128,130,54,55,58,99,101,101,0.54579,0.54333,0.54166
1,7.4719e+05,-1.629,12.48,195,800,-1.6429,12.324,187.32,887.55,0.32749,0.12496,0.028928,0.27694,0.12264,0.02432,0.2495,0.11694,0.020928,253,252,250,201,203,203,172,173,173,131,133,136,68,67,66,99,99,100,0.53842,0.53892,0.53962
1,7.4729e+05,-1.629,12.4,195,800,-1.6408,12.247,187.49,772.96,0.29641,0.11689,0.023936,0.23134,0.11414,0.019264,0.19399,0.11366,0.016832,248,250,251,213,210,207,177,175,175,156,153,149,98,90,80,98,99,99,0.53415,0.54113,0.54086
1,7.4739e+05,-1.629,12.32,195,800,-1.644,12.157,186.23,768.44,0.27011,0.1158,0.020288,0.17836,0.11447,0.015296,0.15813,0.11167,0.013568,252,251,250,205,203,203,176,177,176,162,160,157,72,75,77,102,101,99,0.54225,0.54493,0.54285
1,7.4749e+05,-1.629,12.24,195,800,-1.6408,12.091,185.71,963.91,0.35033,0.14046,0.029184,0.23792,0.13403,0.02304,0.2207,0.12789,0.020672,251,250,249,195,198,199,176,176,174,154,157,159,61,65,70,99,100,99,0.54347,0.54187,0.54205
1,7.4759e+05,-1.629,12.16,195,800,-1.6514,12.022,186.48,795.22,0.29001,0.13818,0.026752,0.23948,0.1347,0.021888,0.20351,0.12458,0.018304,247,248,249,194,192,191,170,169,168,167,165,164,59,59,59,99,98,98,0.53587,0.54645,0.54377
1,7.4769e+05,-1.629,12.08,195,800,-1.6451,11.934,186.68,828.13,0.31309,0.12925,0.028736,0.26864,0.12532,0.02432,0.25072,0.11828,0.02144,249,248,247,190,190,189,163,165,166,170,170,170,58,58,58,97,98,98,0.53898,0.54487,0.54421
1,7.4779e+05,-1.629,12,195,800,-1.6673,11.872,185.33,853.58,0.28276,0.13695,0.029952,0.26409,0.12788,0.026112,0.24979,0.12283,0.023744,243,242,244,193,191,190,167,167,166,183,184,184,59,60,62,99,97,95,0.54393,0.54602,0.54473
1,7.4789e+05,-1.629,11.92,195,800,-1.6631,11.788,185.84,994.28,0.30985,0.11817,0.025792,0.25772,0.11364,0.02144,0.21952,0.11373,0.018688,236,239,242,200,197,195,166,166,167,206,202,195,70,71,72,91,91,92,0.54973,0.54374,0.5447
1,7.4799e+05,-1.629,11.84,195,800,-1.6546,11.705,187.94,821.28,0.28421,0.13889,0.029696,0.25481,0.13047,0.025024,0.2352,0.12457,0.022336,242,243,244,191,196,199,160,163,168,208,202,194,76,76,75,86,89,91,0.54982,0.54555,0.54512
1,7.4809e+05,-1.629,11.76,195,800,-1.6451,11.612,188.34,1113.6,0.2561,0.13414,0.025408,0.22654,0.12556,0.021632,0.2054,0.12223,0.019456,250,248,247,197,200,201,171,170,172,174,178,180,66,69,72,93,93,95,0.53368,0.54373,0.54663
1,7.4819e+05,-1.629,11.68,195,800,-1.644,11.542,186.84,930.68,0.24505,0.13065,0.024,0.22168,0.12641,0.021312,0.20797,0.11806,0.018944,247,248,249,200,201,200,176,176,178,162,166,170,60,64,71,97,98,101,0.54405,0.54539,0.54752
1,7.4829e+05,-1.629,11.6,195,800,-1.6419,11.455,187.42,830.99,0.25343,0.12205,0.023168,0.22776,0.1178,0.020224,0.20567,0.11407,0.017856,251,250,249,202,200,200,188,190,189,152,153,154,76,75,72,117,120,124,0.54652,0.54603,0.5495
1,7.4839e+05,-1.629,11.52,195,800,-1.6504,11.389,187.43,792.79,0.31303,0.13154,0.031104,0.27213,0.12901,0.026624,0.24373,0.12383,0.022848,251,251,250,197,199,198,194,191,187,142,141,139,78,76,71,162,167,171,0.56055,0.55199,0.55208
1,7.4849e+05,-1.629,11.44,195,800,-1.6578,11.316,186.45,871.62,0.30466,0.128,0.028096,0.24197,0.12398,0.022336,0.21437,0.11803,0.019456,252,251,248,188,196,197,179,180,182,130,131,132,62,65,67,201,201,198,0.54763,0.55262,0.55343
1,7.4859e+05,-1.629,11.36,195,800,-1.6493,11.226,187.72,835.37,0.26956,0.12063,0.024384,0.23222,0.11287,0.019648,0.19675,0.1118,0.01696,247,247,248,183,188,198,169,173,177,114,118,123,61,60,61,254,249,240,0.55297,0.55386,0.55532
1,7.4869e+05,-1.629,11.28,195,800,-1.6366,11.135,187.01,972.66,0.30826,0.12835,0.029312,0.27181,0.12361,0.02496,0.24643,0.11802,0.021696,249,248,247,184,194,203,180,179,178,114,119,124,68,65,63,255,255,251,0.5567,0.55673,0.55828
1,7.4879e+05,-1.629,11.2,195,800,-1.6557,11.069,186.3,859.7,0.29316,0.11273,0.024,0.2515,0.10935,0.020096,0.2054,0.1065,0.01664,249,246,244,225,214,203,185,183,179,133,138,146,65,69,73,255,255,255,0.56271,0.56607,0.56597
1,7.4889e+05,-1.629,11.12,195,800,-1.6588,11.007,186.48,658.01,0.3042,0.11981,0.027008,0.26981,0.11576,0.023424,0.25109,0.11084,0.02048,234,239,244,179,185,194,174,174,176,206,201,195,86,93,108,255,255,255,0.5704,0.57802,0.57817
1,7.4899e+05,-1.629,11.04,195,800,-1.6535,10.931,186.86,733.87,0.27648,0.13158,0.028032,0.25617,0.12705,0.024896,0.23123,0.12095,0.021312,244,244,244,166,177,187,173,173,174,244,233,218,119,125,130,255,255,255,0.576,0.56754,0.5605
1,7.5206e+05,-1.536,11,195,800,-1.5506,10.918,0.24396,1181.6,0,0,0,0,0,0,0,0,0,241,244,245,207,195,191,182,176,173,247,240,228,201,185,174,255,255,255,0.51268,0.50409,0.5045
1,7.5216e+05,-1.536,11.08,195,800,-1.5411,10.996,185.76,1012,0.28956,0.11392,0.019072,0.25353,0.10832,0.016384,0.22328,0.10347,0.014272,239,239,241,173,184,195,167,169,172,193,190,187,104,114,124,255,255,255,0.58165,0.58201,0.57974
1,7.5226e+05,-1.536,11.16,195,800,-1.5485,11.068,183.97,616.47,0.23679,0.11966,0.020864,0.2028,0.11153,0.017536,0.18099,0.11068,0.015488,237,238,241,197,198,198,172,171,172,147,156,164,79,87,99,255,255,255,0.57309,0.57086,0.56964
1,7.5236e+05,-1.536,11.24,195,800,-1.5549,11.136,185.9,559.83,0.27654,0.12749,0.026944,0.25055,0.12014,0.023168,0.23276,0.1152,0.020352,248,246,244,212,210,206,175,177,175,130,129,130,81,74,70,255,255,255,0.55916,0.56143,0.56184
1,7.5246e+05,-1.536,11.32,195,800,-1.5602,11.23,185.65,573.12,0.32935,0.12866,0.02912,0.25987,0.123,0.023616,0.23696,0.11474,0.020416,249,247,246,199,202,206,179,177,176,133,127,125,67,67,65,255,255,251,0.57716,0.56193,0.55902
1,7.5256e+05,-1.536,11.4,195,800,-1.5612,11.304,186.63,964.05,0.36334,0.13264,0.035328,0.3137,0.12515,0.028416,0.2696,0.11865,0.024,244,247,248,210,204,201,175,177,179,124,127,128,53,56,63,240,230,221,0.5603,0.5549,0.55523
1,7.5266e+05,-1.536,11.48,195,800,-1.539,11.361,186.44,605.53,0.36863,0.1267,0.034624,0.331,0.11353,0.027904,0.29056,0.10808,0.02304,252,249,248,224,210,199,194,192,186,146,143,141,72,73,71,158,165,172,0.56305,0.55378,0.55348
1,7.5276e+05,-1.536,11.56,195,800,-1.5432,11.454,188.26,745.71,0.40379,0.1289,0.034304,0.38143,0.12436,0.02976,0.30322,0.11603,0.02464,248,248,248,199,199,195,207,196,187,155,151,149,84,81,75,138,139,146,0.54384,0.54595,0.54889
1,7.5286e+05,-1.536,11.64,195,800,-1.5623,11.517,187.5,892.53,0.34817,0.12778,0.032768,0.3217,0.11936,0.028032,0.29968,0.11582,0.024704,247,246,247,176,180,188,179,182,182,162,162,164,73,76,78,112,113,114,0.56249,0.55232,0.54806
1,7.5296e+05,-1.536,11.72,195,800,-1.5549,11.622,188.39,715.8,0.30877,0.12565,0.029696,0.27945,0.11867,0.024576,0.24024,0.11432,0.020096,245,246,247,186,184,189,178,176,175,171,171,173,74,77,79,106,104,104,0.54265,0.54287,0.54514
1,7.5306e+05,-1.536,11.8,195,800,-1.5602,11.699,186.49,742.02,0.30132,0.12822,0.029632,0.27437,0.12038,0.025664,0.26097,0.11312,0.022656,248,246,245,205,198,195,167,167,168,203,196,190,102,88,79,88,90,93,0.5417,0.54639,0.54604
1,7.5316e+05,-1.536,11.88,195,800,-1.5453,11.742,188.11,617.96,0.32434,0.12399,0.029824,0.28381,0.11851,0.025344,0.25598,0.11325,0.021952,244,243,244,192,194,196,170,170,169,200,197,192,67,71,75,88,90,91,0.54396,0.54491,0.54579
1,7.5326e+05,-1.536,11.96,195,800,-1.5549,11.841,185.6,774.4,0.2769,0.12152,0.025472,0.25727,0.11518,0.022208,0.23409,0.11042,0.019392,239,242,244,188,191,193,180,174,169,188,187,186,63,65,68,96,95,93,0.54982,0.54635,0.54539
1,7.5336e+05,-1.536,12.04,195,800,-1.5559,11.932,185.35,834.08,0.35685,0.12053,0.029952,0.28767,0.1155,0.023552,0.22781,0.11523,0.019648,249,248,247,183,185,189,160,164,168,165,167,170,58,59,61,104,100,97,0.53839,0.54359,0.54389
1,7.5346e+05,-1.536,12.12,195,800,-1.5559,11.996,186.85,827.2,0.3315,0.12239,0.029248,0.29997,0.11539,0.025216,0.28062,0.10728,0.021824,251,250,249,181,184,188,154,160,167,160,162,164,56,57,59,102,100,98,0.54463,0.54307,0.54382
1,7.5356e+05,-1.536,12.2,195,800,-1.5559,12.07,186.52,745,0.2845,0.12974,0.02784,0.27216,0.11856,0.024448,0.25407,0.11412,0.021632,251,250,250,191,192,191,171,171,171,154,155,158,58,60,62,99,99,98,0.53426,0.53717,0.54234
1,7.5366e+05,-1.536,12.28,195,800,-1.557,12.165,187.49,1223.9,0.29959,0.11998,0.02368,0.24145,0.11401,0.019328,0.20065,0.11299,0.016832,247,249,249,207,201,197,187,181,176,157,158,157,70,70,69,99,99,99,0.5474,0.54317,0.54252
1,7.5376e+05,-1.536,12.36,195,800,-1.5474,12.233,187.42,767.33,0.28138,0.12477,0.026432,0.24967,0.11589,0.022272,0.22279,0.11115,0.018688,247,248,250,201,203,202,182,180,177,163,159,155,72,72,71,97,98,99,0.55118,0.54335,0.54212
1,7.5386e+05,-1.536,12.44,195,800,-1.5591,12.316,186.83,797.91,0.34519,0.14483,0.03296,0.30988,0.13502,0.027136,0.27547,0.12207,0.02208,250,250,250,211,210,205,170,174,175,152,152,150,60,63,66,100,99,99,0.54349,0.54248,0.54211
1,7.5396e+05,-1.536,12.52,195,800,-1.54,12.386,186.77,998.51,0.28421,0.12769,0.026176,0.20256,0.12404,0.0192,0.18663,0.11811,0.016896,249,250,251,219,211,204,174,176,175,150,146,143,56,58,60,102,100,99,0.54604,0.53883,0.53952
1,7.5406e+05,-1.536,12.6,195,800,-1.574,12.505,186.93,1258.8,0.27886,0.11706,0.023424,0.23803,0.11316,0.019648,0.20675,0.1056,0.016832,252,251,250,193,197,200,178,177,175,130,131,132,51,54,56,95,97,99,0.52908,0.53548,0.53927
1,7.5416e+05,-1.536,12.68,195,800,-1.5496,12.542,187.48,935.88,0.27399,0.12329,0.023424,0.24293,0.11446,0.019712,0.22131,0.10824,0.01728,249,248,248,193,198,201,181,179,175,121,122,123,73,65,57,97,97,97,0.55352,0.5461,0.54311
1,7.5426e+05,-1.536,12.76,195,800,-1.5485,12.633,187.19,902.87,0.27622,0.12184,0.025344,0.24539,0.11534,0.021376,0.23061,0.10796,0.019008,245,246,246,204,203,201,188,180,174,119,119,119,71,64,57,96,97,97,0.54925,0.54561,0.5404
1,7.5436e+05,-1.536,12.84,195,800,-1.5517,12.707,186.44,845.44,0.34545,0.12182,0.031808,0.30046,0.11688,0.026752,0.27612,0.1085,0.022976,246,244,243,197,195,196,171,172,172,112,113,115,49,51,52,95,95,95,0.54599,0.53793,0.53668
1,7.5446e+05,-1.536,12.92,195,800,-1.5506,12.772,187.6,865.74,0.2758,0.13495,0.02816,0.2572,0.1266,0.024576,0.24328,0.12237,0.022208,247,244,242,185,188,195,163,167,171,111,112,113,48,48,48,96,95,93,0.54238,0.53455,0.53347
1,7.5456e+05,-1.536,13,195,800,-1.5527,12.865,187.05,578.64,0.27103,0.12766,0.025792,0.24674,0.12119,0.022336,0.22525,0.11418,0.01952,241,241,239,204,204,202,165,168,171,111,111,111,47,47,46,89,89,88,0.52778,0.5276,0.52906
1,7.5466e+05,-1.536,13.08,195,800,-1.5591,12.959,184.98,837.69,0.2647,0.13384,0.025216,0.2338,0.12688,0.021632,0.21756,0.12106,0.019264,234,236,238,226,219,211,180,180,179,108,109,110,50,49,47,79,81,84,0.52149,0.52655,0.52546
1,7.5476e+05,-1.536,13.16,195,800,-1.5549,13.024,185.72,898.13,0.19857,0.12657,0.019008,0.18153,0.11785,0.016768,0.17166,0.11381,0.015296,236,238,239,212,212,210,190,188,183,109,109,109,56,51,47,79,81,83,0.52874,0.52446,0.52531
1,7.5486e+05,-1.536,13.24,195,800,-1.5474,13.111,186.51,656.54,0.26605,0.11735,0.023104,0.23811,0.11427,0.019456,0.21908,0.10971,0.016896,246,244,242,187,192,200,191,188,185,105,106,106,46,47,47,87,87,87,0.5211,0.52386,0.52622
1,7.5496e+05,-1.536,13.32,195,800,-1.5612,13.196,186,861.01,0.2141,0.12785,0.0208,0.2042,0.12047,0.018624,0.18882,0.1151,0.016704,244,244,243,181,189,196,181,183,183,101,103,105,44,46,46,88,89,89,0.51932,0.52475,0.5279
1,7.5506e+05,-1.536,13.4,195,800,-1.5336,13.251,187.61,922.18,0.30281,0.12303,0.026688,0.25783,0.11843,0.022016,0.2222,0.11369,0.018624,241,242,244,195,195,196,176,176,176,101,103,104,45,45,45,88,89,89,0.53513,0.5281,0.52732
1,7.5516e+05,-1.536,13.48,195,800,-1.5464,13.337,187.27,807.98,0.31256,0.12483,0.029184,0.28292,0.11627,0.024768,0.26731,0.11168,0.022336,244,244,245,209,206,201,170,170,171,106,105,105,44,43,44,86,87,89,0.52333,0.52441,0.52539
1,7.5526e+05,-1.536,13.56,195,800,-1.5517,13.412,186.68,833,0.30714,0.12768,0.02944,0.27625,0.11839,0.02464,0.24917,0.11409,0.021504,246,245,245,209,206,200,170,169,170,105,106,106,44,44,44,87,88,89,0.54301,0.52915,0.5266
1,7.5536e+05,-1.536,13.64,195,800,-1.5326,13.484,185.3,1215.5,0.31298,0.12006,0.026816,0.27451,0.11509,0.02272,0.2448,0.11386,0.020288,246,246,247,194,195,197,167,169,170,106,107,109,43,44,45,91,91,90,0.53711,0.52809,0.52796
1,7.5546e+05,-1.536,13.72,195,800,-1.5602,13.583,185.75,1023,0.25471,0.12935,0.025024,0.23339,0.12227,0.021312,0.21259,0.11711,0.019072,247,248,248,187,192,198,168,169,171,108,110,111,44,45,46,91,90,89,0.52076,0.52522,0.52692
1,7.5556e+05,-1.536,13.8,195,800,-1.5644,13.673,186.61,1022.5,0.33416,0.1277,0.031232,0.29886,0.12331,0.026944,0.2715,0.11957,0.023296,253,251,250,208,209,206,169,171,174,113,115,116,48,48,48,85,86,86,0.53907,0.5323,0.52908
1,7.5566e+05,-1.536,13.88,195,800,-1.5549,13.753,186.8,1062.7,0.28694,0.13156,0.028352,0.25561,0.12494,0.02432,0.24069,0.12107,0.022016,249,250,249,216,210,204,177,178,178,122,122,123,49,50,53,85,85,84,0.52889,0.52852,0.52742
1,7.5576e+05,-1.536,13.96,195,800,-1.5634,13.824,186.78,846.81,0.31606,0.13408,0.03232,0.29231,0.12506,0.027712,0.27447,0.1209,0.024896,246,247,248,194,197,201,182,180,178,128,127,126,51,54,55,85,84,82,0.53033,0.52623,0.5264
1,7.5586e+05,-1.536,14.04,195,800,-1.5538,13.893,188.26,1013.8,0.25335,0.12989,0.025088,0.23303,0.12371,0.02176,0.21988,0.11836,0.01984,243,244,245,189,193,200,180,180,179,134,132,131,68,62,58,79,79,79,0.54362,0.52771,0.52762
1,7.5596e+05,-1.536,14.12,195,800,-1.5464,13.965,187.46,1027.1,0.29397,0.12217,0.026176,0.25232,0.11659,0.022144,0.23131,0.11334,0.019584,242,243,244,206,205,206,183,179,178,131,131,132,65,61,57,78,77,78,0.51151,0.52726,0.52774
1,7.5606e+05,-1.536,14.2,195,800,-1.5485,14.051,187.17,645.54,0.29566,0.13886,0.031488,0.27456,0.13382,0.027968,0.25726,0.12698,0.02496,242,240,239,227,222,214,179,181,182,128,129,131,54,54,54,76,76,77,0.54171,0.52698,0.52873
1,7.5616e+05,-1.536,14.28,195,800,-1.557,14.125,188.01,724.29,0.28585,0.12707,0.027328,0.24994,0.1244,0.023552,0.23082,0.11873,0.0208,226,229,233,200,201,203,202,197,192,128,129,132,54,53,53,80,79,79,0.52152,0.52643,0.52995
1,7.5626e+05,-1.536,14.36,195,800,-1.5443,14.195,186.8,761.78,0.22596,0.12493,0.02112,0.20561,0.11652,0.017792,0.17863,0.11207,0.01536,223,227,233,184,190,197,211,203,196,132,131,133,53,54,54,84,82,81,0.53954,0.53026,0.5297
1,7.5636e+05,-1.536,14.44,195,800,-1.5549,14.287,185.16,614.95,0.2612,0.12855,0.025984,0.23717,0.12376,0.022528,0.2182,0.11382,0.019264,235,236,237,193,191,187,196,198,196,136,135,136,67,64,60,87,87,87,0.53687,0.53368,0.53483
1,7.5646e+05,-1.536,14.52,195,800,-1.5602,14.377,184.5,1092.8,0.28893,0.13033,0.028992,0.25561,0.1246,0.024512,0.23907,0.11891,0.021952,243,240,240,190,186,186,195,193,191,137,137,138,78,69,60,92,90,89,0.54146,0.53784,0.53737
1,7.5656e+05,-1.536,14.6,195,800,-1.5718,14.464,185.79,1128.1,0.30804,0.12252,0.028544,0.2696,0.11571,0.023744,0.24207,0.11078,0.020672,245,244,245,186,184,189,180,179,181,138,137,137,54,56,56,93,92,91,0.52875,0.53586,0.53789
1,7.5666e+05,-1.536,14.68,195,800,-1.5634,14.528,185.35,440.55,0.28021,0.12962,0.0272,0.25764,0.12007,0.02368,0.23752,0.117,0.020928,247,248,248,203,204,204,172,172,175,132,131,132,48,47,49,91,92,93,0.54136,0.5467,0.54319
1,7.5676e+05,-1.536,14.76,195,800,-1.5496,14.602,186.78,788.74,0.25851,0.13363,0.026368,0.23206,0.12952,0.02304,0.21897,0.1211,0.02048,252,250,249,210,212,211,173,172,173,126,127,129,47,48,49,93,94,96,0.55138,0.54201,0.54161
1,7.5686e+05,-1.536,14.84,195,800,-1.5612,14.692,186.67,938.37,0.25678,0.12948,0.025088,0.22875,0.12358,0.021184,0.20346,0.118,0.018752,253,252,250,224,220,218,168,168,170,128,128,130,52,53,53,103,104,106,0.54663,0.54034,0.54092
1,7.5696e+05,-1.536,14.92,195,800,-1.5517,14.778,186.62,746.65,0.2756,0.12711,0.026432,0.24996,0.11848,0.0224,0.23367,0.11264,0.019904,253,252,251,215,219,221,167,168,169,133,133,132,57,56,54,109,111,112,0.54086,0.54245,0.54264
1,7.5706e+05,-1.536,15,195,800,-1.5655,14.849,186.72,637.91,0.30463,0.12364,0.027328,0.27275,0.11442,0.022976,0.24668,0.10985,0.020096,249,250,250,232,225,218,167,168,168,145,142,141,51,53,56,123,122,121,0.53516,0.5378,0.54163
1,7.5716e+05,-1.536,15.08,195,800,-1.5453,14.905,187.61,778.53,0.27482,0.1309,0.026496,0.24225,0.12619,0.022528,0.2167,0.12148,0.019584,251,251,250,199,206,208,167,167,168,148,154,160,53,54,56,120,123,126,0.54956,0.54507,0.54345
1,7.5726e+05,-1.536,15.16,195,800,-1.5527,15.005,185.61,895.04,0.288,0.12709,0.027008,0.25125,0.12105,0.022848,0.23188,0.11555,0.020032,254,250,249,192,194,204,164,167,168,168,170,177,58,58,60,121,125,128,0.54158,0.54118,0.54348
1,7.5736e+05,-1.536,15.24,195,800,-1.5581,15.084,187.3,736.51,0.28083,0.12596,0.02688,0.25148,0.12086,0.023232,0.23524,0.11329,0.020608,243,246,248,201,203,204,172,171,170,226,222,218,71,73,72,128,129,129,0.54128,0.54357,0.54567
1,7.5746e+05,-1.536,15.32,195,800,-1.5485,15.169,186.1,811.76,0.35614,0.11651,0.029504,0.30389,0.11301,0.024064,0.26006,0.10943,0.020096,245,247,248,210,209,205,176,173,172,247,243,235,88,82,78,122,125,127,0.54868,0.5463,0.5455
1,7.5756e+05,-1.536,15.4,195,800,-1.5443,15.237,186.44,953.39,0.24486,0.12735,0.02336,0.21734,0.12198,0.019904,0.19256,0.11774,0.017216,253,250,247,193,197,199,174,176,177,255,255,253,91,92,93,113,115,118,0.55236,0.54768,0.54601
1,7.5766e+05,-1.536,15.48,195,800,-1.5602,15.326,185.59,709.03,0.25798,0.12593,0.024256,0.23209,0.12224,0.021632,0.21936,0.11274,0.019136,247,246,245,179,182,185,198,189,184,255,255,255,112,109,110,103,109,113,0.55055,0.54845,0.54885
1,7.5776e+05,-1.536,15.56,195,800,-1.5527,15.396,188.24,818.68,0.26227,0.12467,0.024448,0.23502,0.1201,0.021248,0.22313,0.11453,0.019008,244,245,244,184,181,184,201,194,186,255,255,255,118,119,119,109,110,114,0.55026,0.55058,0.55113
1,7.5786e+05,-1.536,15.64,195,800,-1.5474,15.475,187.52,906.16,0.25613,0.12904,0.024896,0.23415,0.11823,0.020864,0.21316,0.11588,0.018816,251,248,245,188,185,183,190,190,188,255,255,255,132,130,128,111,114,113,0.53996,0.55136,0.55457
1,7.5796e+05,-1.536,15.72,195,800,-1.5464,15.556,186.75,922.99,0.29256,0.12482,0.026368,0.24874,0.12008,0.021824,0.22543,0.11451,0.018944,251,248,245,178,181,182,190,189,188,255,255,255,137,129,126,112,111,112,0.5699,0.56066,0.55895
1,7.5806e+05,-1.536,15.8,195,800,-1.5612,15.641,186.84,1070.1,0.34106,0.11949,0.028608,0.2919,0.11379,0.023232,0.24221,0.11043,0.0192,241,241,242,175,175,178,187,187,188,255,255,255,116,119,121,101,107,112,0.55995,0.56269,0.56267
1,7.5816e+05,-1.536,15.88,195,800,-1.5453,15.699,186.81,1102.5,0.26996,0.12328,0.024704,0.2377,0.11753,0.020864,0.21608,0.11281,0.018432,233,235,237,176,180,185,184,186,183,255,255,255,125,125,128,118,118,127,0.57684,0.57179,0.5705
1,7.5826e+05,-1.536,15.96,195,800,-1.5474,15.785,187.47,566.42,0.21491,0.1159,0.017984,0.19216,0.11063,0.015808,0.1833,0.10534,0.013952,237,236,236,186,191,193,189,181,179,255,255,255,139,137,135,119,134,140,0.57143,0.57632,0.57021
1,7.6133e+05,-1.443,16,195,800,-1.4583,15.778,-0.02087,979.01,0,0,0,0,0,0,0,0,0,237,239,238,222,215,207,161,167,170,255,255,255,142,145,143,226,191,174,0.55627,0.54071,0.53436
1,7.6143e+05,-1.443,15.92,195,800,-1.4774,15.718,185.29,607.34,0.25049,0.11344,0.01824,0.16772,0.11233,0.014656,0.15419,0.11075,0.013248,232,236,239,165,180,189,186,180,177,255,255,255,122,130,133,137,137,141,0.56344,0.5746,0.57816
1,7.6153e+05,-1.443,15.84,195,800,-1.4573,15.635,186.51,848.64,0.20008,0.17228,0.021504,0.17859,0.16361,0.018688,0.16857,0.15948,0.01664,237,239,240,173,173,181,186,182,180,255,255,255,129,125,128,140,127,122,0.56985,0.56843,0.56681
1,7.6163e+05,-1.443,15.76,195,800,-1.4668,15.569,188.32,905.68,0.29288,0.12377,0.02624,0.25591,0.11707,0.022272,0.2297,0.10967,0.018752,254,248,243,185,182,177,178,177,180,255,255,255,115,124,130,105,111,113,0.5514,0.56086,0.55972
1,7.6173e+05,-1.443,15.68,195,800,-1.4647,15.488,186.89,567.64,0.27767,0.12089,0.025152,0.25021,0.1151,0.021312,0.21824,0.11223,0.01856,249,247,244,190,183,178,176,177,180,255,255,255,124,130,133,113,113,114,0.55621,0.55787,0.55598
1,7.6183e+05,-1.443,15.6,195,800,-1.4604,15.413,185.78,1035.4,0.24749,0.14774,0.02688,0.22587,0.13766,0.023424,0.21439,0.13032,0.020736,239,242,244,167,175,180,178,179,181,255,255,255,152,139,131,132,123,116,0.54846,0.55108,0.55173
1,7.6193e+05,-1.443,15.52,195,800,-1.488,15.366,185.84,614.29,0.33662,0.11751,0.028992,0.2929,0.11032,0.023744,0.26192,0.10563,0.02016,246,247,246,190,188,187,173,178,181,255,255,255,105,109,111,112,115,116,0.54499,0.5502,0.55216
1,7.6203e+05,-1.443,15.44,195,800,-1.4626,15.24,185.2,916.77,0.29037,0.14026,0.029504,0.26316,0.12538,0.024896,0.24186,0.11911,0.022592,249,247,247,208,199,193,178,177,179,255,255,255,92,94,98,120,115,115,0.56026,0.54729,0.54741
1,7.6213e+05,-1.443,15.36,195,800,-1.4636,15.175,185.25,1063.1,0.31726,0.12294,0.027776,0.26445,0.11921,0.023296,0.23455,0.11307,0.019712,247,247,248,213,209,202,173,175,176,254,251,245,71,74,77,123,121,120,0.54387,0.54485,0.54475
1,7.6223e+05,-1.443,15.28,195,800,-1.4806,15.117,185.78,867.94,0.3181,0.12987,0.030016,0.28117,0.12067,0.025216,0.26129,0.11497,0.021824,250,248,248,213,207,200,172,175,175,244,239,233,65,67,70,128,124,122,0.54801,0.54815,0.54562
1,7.6233e+05,-1.443,15.2,195,800,-1.4838,15.034,185.88,684.99,0.33636,0.14318,0.03136,0.25417,0.14238,0.02528,0.21982,0.13548,0.020992,248,248,247,185,190,195,176,173,172,193,195,195,57,58,61,126,123,122,0.54789,0.54482,0.5457
1,7.6243e+05,-1.443,15.12,195,800,-1.4933,14.973,185.44,626.9,0.2936,0.12051,0.026752,0.25592,0.11697,0.022912,0.23928,0.10799,0.01952,244,247,249,202,201,200,172,170,171,151,154,158,59,57,56,122,122,122,0.52934,0.5426,0.54497
1,7.6253e+05,-1.443,15.04,195,800,-1.47,14.855,185.59,738.77,0.33229,0.13191,0.032192,0.27514,0.12696,0.02656,0.2541,0.12178,0.023424,250,249,250,220,212,207,175,173,171,140,143,147,54,54,53,127,125,122,0.53155,0.54381,0.54531
1,7.6263e+05,-1.443,14.96,195,800,-1.4668,14.785,187.21,1082.5,0.305,0.13247,0.03008,0.26447,0.12868,0.026112,0.2394,0.12393,0.023168,255,253,251,221,224,222,175,173,172,132,133,134,43,46,49,122,121,119,0.54108,0.54586,0.54406
1,7.6273e+05,-1.443,14.88,195,800,-1.4689,14.697,187.34,798.92,0.33402,0.12517,0.03168,0.30114,0.11342,0.025856,0.273,0.10758,0.021952,251,251,250,235,229,223,172,173,173,129,130,131,44,45,47,116,116,115,0.53539,0.54234,0.54436
1,7.6283e+05,-1.443,14.8,195,800,-1.488,14.638,187.14,812.4,0.29594,0.1321,0.029184,0.26166,0.12488,0.024768,0.23945,0.12035,0.022144,242,244,246,227,224,217,175,175,175,125,127,129,45,45,46,104,104,105,0.5464,0.54287,0.54167
1,7.6293e+05,-1.443,14.72,195,800,-1.452,14.533,186.71,828.51,0.2901,0.12647,0.027264,0.25609,0.11963,0.022848,0.23069,0.11509,0.02016,242,243,243,202,202,199,177,176,177,130,132,133,47,47,47,93,95,98,0.5352,0.54152,0.53956
1,7.6303e+05,-1.443,14.64,195,800,-1.47,14.449,185.66,1096.9,0.33894,0.12237,0.030272,0.29579,0.11834,0.025856,0.26728,0.11233,0.022336,244,243,242,191,188,189,177,178,178,137,137,137,47,48,50,91,93,96,0.53937,0.53711,0.53732
1,7.6313e+05,-1.443,14.56,195,800,-1.471,14.4,185.95,561.71,0.36304,0.11936,0.030912,0.30196,0.1148,0.024896,0.25225,0.11184,0.020224,244,242,241,164,177,183,183,185,186,151,145,140,60,58,56,96,95,95,0.52337,0.53231,0.53356
1,7.6323e+05,-1.443,14.48,195,800,-1.4986,14.335,187.64,876.53,0.31446,0.11547,0.026176,0.27529,0.10678,0.021312,0.25074,0.10511,0.01888,240,240,239,203,189,182,191,192,192,142,143,140,58,59,56,94,94,93,0.5282,0.53002,0.53283
1,7.6333e+05,-1.443,14.4,195,800,-1.4657,14.238,185.73,844.03,0.32113,0.11857,0.027712,0.27392,0.11475,0.023168,0.25299,0.10766,0.020288,230,233,235,195,192,189,202,201,198,130,133,135,50,52,54,83,86,89,0.52264,0.52798,0.52946
1,7.6343e+05,-1.443,14.32,195,800,-1.4774,14.153,186.14,698.31,0.33984,0.1159,0.027904,0.26136,0.11298,0.022336,0.24332,0.10524,0.0192,234,235,236,175,187,199,188,191,192,132,132,132,49,49,50,82,83,84,0.5436,0.53244,0.5302
1,7.6353e+05,-1.443,14.24,195,800,-1.4647,14.07,187.53,771.47,0.3266,0.1248,0.03104,0.28584,0.11837,0.025792,0.25559,0.11315,0.022208,236,239,239,196,202,207,182,183,186,132,131,130,47,49,51,81,82,82,0.52587,0.52782,0.5277
1,7.6363e+05,-1.443,14.16,195,800,-1.4583,13.974,186.56,839.36,0.33717,0.1165,0.02944,0.28586,0.11307,0.023872,0.25198,0.10691,0.019968,248,247,245,236,227,215,172,175,178,127,128,129,52,54,55,81,80,80,0.51903,0.53201,0.5308
1,7.6373e+05,-1.443,14.08,195,800,-1.4583,13.905,186.42,932.03,0.33837,0.11795,0.028416,0.29289,0.1111,0.023296,0.24646,0.10947,0.019712,249,248,247,223,219,211,171,174,177,126,128,129,57,58,57,80,80,80,0.54464,0.53337,0.5313
1,7.6383e+05,-1.443,14,195,800,-1.4488,13.821,185.83,882.83,0.28054,0.11709,0.024384,0.25736,0.11114,0.020864,0.22856,0.10779,0.017984,248,249,249,184,192,202,180,180,180,126,127,127,57,58,58,80,80,81,0.52648,0.52848,0.53103
1,7.6393e+05,-1.443,13.92,195,800,-1.4774,13.755,185.73,969.96,0.29101,0.12223,0.02592,0.25391,0.11339,0.021696,0.22631,0.11043,0.0192,251,251,251,210,206,202,188,185,181,117,119,121,53,54,54,83,83,84,0.52168,0.52654,0.5291
1,7.6403e+05,-1.443,13.84,195,800,-1.4626,13.679,184.69,778.29,0.3487,0.11807,0.02912,0.28144,0.11646,0.024,0.24505,0.11333,0.020672,252,252,252,214,210,204,186,183,180,112,115,118,54,53,52,86,86,85,0.53389,0.53113,0.53011
1,7.6413e+05,-1.443,13.76,195,800,-1.4604,13.592,187.4,990.45,0.32872,0.12287,0.02752,0.25003,0.11906,0.021824,0.21257,0.11532,0.018496,252,251,251,193,194,198,171,173,174,111,111,112,48,48,48,92,91,90,0.53291,0.52799,0.52819
1,7.6423e+05,-1.443,13.68,195,800,-1.471,13.514,186.12,900.79,0.27384,0.12063,0.02432,0.2442,0.11313,0.020544,0.21589,0.11182,0.01824,249,249,249,183,189,196,166,169,171,110,109,110,44,46,47,97,95,93,0.52459,0.52688,0.52777
1,7.6433e+05,-1.443,13.6,195,800,-1.4615,13.45,186.31,618.54,0.32987,0.12074,0.027456,0.27479,0.11403,0.022272,0.24797,0.11132,0.018944,244,246,248,201,200,200,163,165,167,105,106,107,47,46,45,103,99,94,0.53128,0.53058,0.52922
1,7.6443e+05,-1.443,13.52,195,800,-1.4541,13.342,187.84,897.89,0.33977,0.12578,0.031296,0.29924,0.1202,0.025984,0.25762,0.11373,0.021056,249,247,246,205,205,202,164,166,169,104,105,106,43,45,45,88,90,91,0.54034,0.53729,0.53019
1,7.6453e+05,-1.443,13.44,195,800,-1.47,13.29,187.93,1013.9,0.34691,0.12718,0.032192,0.29974,0.12397,0.02752,0.26679,0.12092,0.024064,243,244,245,196,198,200,168,170,171,105,106,107,45,46,46,87,89,90,0.5491,0.53093,0.52864
1,7.6463e+05,-1.443,13.36,195,800,-1.453,13.209,187.52,889.19,0.30274,0.11519,0.025344,0.25889,0.11167,0.021632,0.22803,0.1075,0.018496,244,244,245,189,191,195,176,175,177,107,107,108,55,51,48,95,93,90,0.52602,0.528,0.53125
1,7.6473e+05,-1.443,13.28,195,800,-1.471,13.121,186.89,688.92,0.25566,0.11848,0.021952,0.21936,0.11428,0.018624,0.19592,0.11118,0.016448,249,247,245,193,195,195,176,178,180,106,107,108,53,50,48,93,92,90,0.53642,0.53078,0.52858
1,7.6483e+05,-1.443,13.2,195,800,-1.4679,13.04,185.86,708.71,0.31071,0.11829,0.026624,0.26018,0.11343,0.021184,0.22776,0.1108,0.017664,245,245,244,208,203,202,193,189,185,107,108,109,45,47,48,88,86,86,0.53919,0.52998,0.52916
1,7.6493e+05,-1.443,13.12,195,800,-1.471,12.987,185.56,943.03,0.21155,0.11947,0.018368,0.17978,0.11688,0.01568,0.16299,0.11343,0.013888,239,239,241,203,204,205,184,184,181,109,110,111,46,47,47,81,82,85,0.52183,0.52616,0.52786
1,7.6503e+05,-1.443,13.04,195,800,-1.4679,12.877,185.88,755.65,0.32046,0.12597,0.029184,0.2813,0.12065,0.025024,0.25639,0.11316,0.021504,239,239,240,199,202,204,174,176,177,111,110,111,45,46,47,83,84,86,0.52621,0.52751,0.5272
1,7.6513e+05,-1.443,12.96,195,800,-1.4573,12.814,186.38,809.76,0.28771,0.11154,0.023488,0.25254,0.10509,0.019584,0.22785,0.1014,0.017152,245,243,243,190,195,201,167,168,170,111,111,112,45,46,47,89,91,92,0.53551,0.52862,0.52802
1,7.6523e+05,-1.443,12.88,195,800,-1.4668,12.733,185.34,952.18,0.29149,0.12617,0.0272,0.25974,0.11866,0.023168,0.23773,0.11555,0.0208,244,244,244,192,195,200,167,168,170,112,112,114,46,47,49,94,95,95,0.5214,0.52941,0.53203
1,7.6533e+05,-1.443,12.8,195,800,-1.4626,12.643,184.85,1020.6,0.35675,0.12528,0.032448,0.31611,0.11789,0.0272,0.281,0.11312,0.023424,243,245,247,205,207,207,167,170,172,120,120,120,50,52,53,103,100,98,0.54042,0.53593,0.53573
1,7.6543e+05,-1.443,12.72,195,800,-1.4689,12.572,186.61,872.19,0.2875,0.12102,0.023552,0.23613,0.1145,0.01888,0.19754,0.11036,0.016,249,249,249,220,214,209,168,171,175,129,128,127,52,53,54,98,97,96,0.53318,0.5368,0.53727
1,7.6553e+05,-1.443,12.64,195,800,-1.47,12.492,186.83,1054.6,0.2695,0.12359,0.025344,0.22614,0.11859,0.02016,0.18374,0.11674,0.016896,249,250,250,213,208,207,170,172,175,130,131,132,50,52,54,94,94,96,0.54837,0.54747,0.54312
1,7.6563e+05,-1.443,12.56,195,800,-1.4657,12.42,188.02,1002.6,0.27759,0.13208,0.028352,0.26159,0.12558,0.025408,0.24736,0.11736,0.022144,251,251,251,193,199,204,177,175,174,146,144,141,51,51,53,97,97,97,0.54298,0.54652,0.54489
1,7.6573e+05,-1.443,12.48,195,800,-1.4848,12.35,187.51,698.4,0.31709,0.12262,0.027648,0.27193,0.11426,0.023232,0.24255,0.11299,0.020032,253,252,251,203,203,202,177,175,174,150,148,146,53,53,54,101,99,98,0.53934,0.53904,0.54086
1,7.6583e+05,-1.443,12.4,195,800,-1.4573,12.245,187.97,759.13,0.26411,0.12152,0.02272,0.21651,0.11765,0.018496,0.19136,0.11151,0.016,250,250,250,197,196,199,171,172,173,149,150,152,62,63,62,99,99,100,0.5494,0.54592,0.54488
1,7.6593e+05,-1.443,12.32,195,800,-1.4626,12.171,187.38,1102.9,0.28809,0.12306,0.02496,0.22894,0.11952,0.020096,0.20051,0.11401,0.017472,249,249,249,182,185,191,178,173,171,156,155,155,80,71,65,100,98,99,0.53675,0.54282,0.54357
1,7.6603e+05,-1.443,12.24,195,800,-1.4626,12.091,186.51,956.31,0.24549,0.13064,0.024768,0.22299,0.12353,0.021696,0.20917,0.11842,0.019456,250,249,249,185,185,189,169,171,169,155,156,156,68,67,64,96,97,98,0.52666,0.54263,0.54436
1,7.6613e+05,-1.443,12.16,195,800,-1.4626,12.034,188.26,711.55,0.31823,0.13558,0.031744,0.27089,0.13127,0.026368,0.24645,0.12593,0.022976,252,251,250,183,188,194,166,166,167,156,157,159,56,58,60,93,94,95,0.55134,0.54506,0.54279
1,7.6623e+05,-1.443,12.08,195,800,-1.4806,11.932,185.94,904.17,0.28816,0.12453,0.02656,0.24468,0.11678,0.02176,0.21652,0.11338,0.018944,252,251,249,195,194,195,169,168,168,160,160,162,57,59,61,91,92,94,0.54531,0.53985,0.54316
1,7.6633e+05,-1.443,12,195,800,-1.4647,11.863,186.75,776.26,0.3265,0.12855,0.029824,0.29126,0.12127,0.025216,0.25005,0.11687,0.021568,248,247,247,191,194,197,178,174,169,171,172,175,69,70,69,89,90,91,0.55183,0.54104,0.54292
1,7.6643e+05,-1.443,11.92,195,800,-1.4944,11.799,185.78,797.66,0.27737,0.11999,0.02496,0.24994,0.11322,0.02112,0.23108,0.10944,0.018176,246,245,245,203,199,199,171,168,167,188,190,191,85,82,79,88,88,89,0.54941,0.54416,0.54441
1,7.6653e+05,-1.443,11.84,195,800,-1.4657,11.7,185.92,713.39,0.26098,0.11696,0.022464,0.22767,0.10933,0.018624,0.20759,0.10608,0.016832,243,245,246,209,205,198,164,165,166,195,196,194,85,85,82,91,90,90,0.54093,0.54424,0.54407
1,7.6663e+05,-1.443,11.76,195,800,-1.4562,11.619,186.97,900.46,0.25139,0.12132,0.022784,0.22633,0.11243,0.01952,0.21204,0.10911,0.017408,246,245,246,191,191,191,164,166,169,184,188,189,86,83,81,98,99,100,0.54202,0.54667,0.54569
1,7.6673e+05,-1.443,11.68,195,800,-1.4668,11.551,185.47,851.7,0.30609,0.1206,0.027392,0.26987,0.11416,0.022784,0.23673,0.11223,0.019648,247,246,246,169,178,186,168,171,174,174,179,182,75,78,81,104,106,107,0.5394,0.54421,0.54577
1,7.6683e+05,-1.443,11.6,195,800,-1.4541,11.454,185.49,917.29,0.31331,0.1221,0.02752,0.27195,0.11806,0.02368,0.25156,0.11209,0.020352,246,246,247,178,180,187,183,182,181,166,165,163,83,79,76,130,130,133,0.5543,0.54834,0.54983
1,7.6693e+05,-1.443,11.52,195,800,-1.4551,11.369,186.19,787.86,0.26531,0.11963,0.023424,0.23597,0.11252,0.019328,0.2076,0.10683,0.016576,243,245,247,198,199,199,177,179,179,139,141,143,73,71,69,162,171,178,0.55478,0.55344,0.55223
1,7.6703e+05,-1.443,11.44,195,800,-1.4573,11.288,185.51,1049.2,0.25866,0.11797,0.022592,0.22696,0.11196,0.018816,0.19779,0.10961,0.016192,245,246,248,196,202,204,175,174,177,126,129,133,61,62,65,201,203,203,0.56441,0.5574,0.55611
1,7.6713e+05,-1.443,11.36,195,800,-1.4721,11.233,187.14,978.52,0.25474,0.12136,0.023104,0.2298,0.11126,0.019904,0.21825,0.10896,0.018048,251,249,248,204,207,211,173,173,173,121,121,123,57,59,62,254,249,242,0.55637,0.55533,0.5567
1,7.6723e+05,-1.443,11.28,195,800,-1.4785,11.169,187.15,765.95,0.25837,0.13008,0.025856,0.23157,0.12617,0.022464,0.20871,0.12139,0.019456,249,247,245,218,216,212,178,174,172,121,122,123,66,65,65,255,255,252,0.558,0.55854,0.55943
1,7.6733e+05,-1.443,11.2,195,800,-1.4636,11.07,186.97,936.25,0.30025,0.11973,0.026944,0.26373,0.11596,0.023168,0.24158,0.11123,0.019776,231,235,240,221,214,207,167,166,168,126,131,140,72,78,86,255,255,255,0.56698,0.56769,0.56604
1,7.6743e+05,-1.443,11.12,195,800,-1.4551,10.988,186.87,1026.8,0.28505,0.12282,0.02656,0.25269,0.11886,0.023104,0.23427,0.11452,0.020736,238,238,239,182,190,199,160,163,167,166,173,180,144,144,145,255,255,255,0.57981,0.57648,0.57683
1,7.6753e+05,-1.443,11.04,195,800,-1.4795,10.92,185.46,687.3,0.26662,0.12772,0.026112,0.23585,0.123,0.022272,0.21077,0.12038,0.019776,250,244,242,191,193,196,167,168,169,196,201,201,215,196,177,255,255,255,0.58722,0.58025,0.56589
1,7.706e+05,-1.35,11,195,800,-1.3713,10.925,0.81666,553.9,0,0,0,0,0,0,0,0,0,250,247,246,196,200,201,168,171,170,232,229,219,247,234,218,254,255,255,0.49665,0.50033,0.50874
1,7.707e+05,-1.35,11.08,195,800,-1.3766,10.991,186.58,576.72,0.16563,0.12334,0.015744,0.15378,0.11377,0.013888,0.14614,0.1109,0.012864,233,237,241,202,202,204,165,165,166,195,188,182,134,145,151,255,255,255,0.588,0.5899,0.58548
1,7.708e+05,-1.35,11.16,195,800,-1.3713,11.065,187.01,740.04,0.28601,0.11741,0.024576,0.27781,0.10524,0.020864,0.22256,0.1047,0.016128,232,235,240,202,206,209,154,160,166,149,156,161,92,101,115,255,255,255,0.57216,0.5708,0.56993
1,7.709e+05,-1.35,11.24,195,800,-1.3756,11.149,186.58,894.9,0.26568,0.12345,0.0256,0.24161,0.11487,0.021376,0.22185,0.11246,0.0192,246,245,245,218,219,217,167,168,167,122,122,126,66,67,69,255,255,255,0.57697,0.563,0.56056
1,7.71e+05,-1.35,11.32,195,800,-1.366,11.195,187.54,886.2,0.31262,0.12228,0.027776,0.26287,0.11646,0.022528,0.23424,0.11155,0.0192,253,251,248,217,220,218,176,173,169,114,116,119,60,62,63,255,255,253,0.55073,0.55671,0.55752
1,7.711e+05,-1.35,11.4,195,800,-1.3766,11.311,185.74,800.99,0.3428,0.12684,0.032896,0.30392,0.11917,0.027456,0.27848,0.11205,0.02336,250,251,251,213,212,211,163,168,172,114,117,122,61,60,62,245,240,230,0.5449,0.55387,0.55438
1,7.712e+05,-1.35,11.48,195,800,-1.3565,11.352,185.83,854.31,0.37642,0.12163,0.030912,0.28677,0.11394,0.022656,0.23143,0.10929,0.018688,250,249,249,204,205,203,168,172,175,142,142,141,64,69,72,195,186,183,0.55053,0.55022,0.55264
1,7.713e+05,-1.35,11.56,195,800,-1.3787,11.451,185.5,1096.9,0.32684,0.12519,0.030272,0.28012,0.12139,0.025408,0.25682,0.1124,0.021824,249,249,249,200,200,199,177,179,178,163,158,153,72,76,77,154,155,158,0.54748,0.55147,0.55257
1,7.714e+05,-1.35,11.64,195,800,-1.3734,11.543,185.19,855.25,0.37469,0.13135,0.035584,0.32958,0.12542,0.0288,0.28348,0.11636,0.023168,247,247,247,185,188,190,183,180,176,183,180,175,78,80,81,116,116,120,0.54772,0.54875,0.54935
1,7.715e+05,-1.35,11.72,195,800,-1.3904,11.61,187.42,849.12,0.31905,0.13331,0.03072,0.26254,0.12661,0.024384,0.23034,0.12081,0.021056,246,246,247,185,184,189,168,172,172,194,189,184,75,77,80,107,107,108,0.55507,0.54803,0.54722
1,7.716e+05,-1.35,11.8,195,800,-1.384,11.691,186.97,989.81,0.30525,0.12567,0.028544,0.27966,0.11721,0.024192,0.255,0.10891,0.020544,248,247,246,201,198,196,160,161,162,207,202,193,72,76,79,91,92,95,0.54733,0.54838,0.54684
1,7.717e+05,-1.35,11.88,195,800,-1.3734,11.78,186.53,1025.2,0.23935,0.11671,0.021312,0.21981,0.11086,0.018688,0.20983,0.10687,0.01696,248,247,247,198,204,206,156,158,162,197,194,190,84,81,78,81,85,89,0.53456,0.54693,0.54531
1,7.718e+05,-1.35,11.96,195,800,-1.3745,11.838,187.13,827.64,0.28302,0.12905,0.0272,0.25336,0.11997,0.022912,0.22512,0.11746,0.020288,248,247,247,198,204,210,156,162,164,189,187,184,84,80,75,82,85,88,0.55816,0.54595,0.54347
1,7.719e+05,-1.35,12.04,195,800,-1.3639,11.914,185.26,905.13,0.28948,0.12783,0.026752,0.24499,0.12041,0.022464,0.22214,0.11575,0.01952,245,248,249,225,221,214,176,172,167,166,169,170,67,67,67,89,89,90,0.53589,0.54355,0.54439
1,7.72e+05,-1.35,12.12,195,800,-1.3734,11.995,186.32,702.57,0.31276,0.12614,0.0288,0.2773,0.11682,0.023872,0.24785,0.11227,0.020736,249,249,249,232,223,212,170,169,168,159,162,165,64,63,62,90,91,92,0.54746,0.54261,0.54351
1,7.721e+05,-1.35,12.2,195,800,-1.3692,12.075,186.18,849.23,0.29517,0.11857,0.024704,0.24313,0.11873,0.021376,0.22601,0.11105,0.01888,249,250,250,193,199,202,160,161,164,160,160,160,57,58,60,98,97,97,0.55379,0.54294,0.54408
1,7.722e+05,-1.35,12.28,195,800,-1.3777,12.158,188.44,964.2,0.3324,0.12034,0.02944,0.29959,0.11267,0.025088,0.27778,0.10684,0.02144,248,249,249,188,189,192,162,163,165,160,158,156,61,60,60,106,104,101,0.54542,0.54296,0.5436
1,7.723e+05,-1.35,12.36,195,800,-1.3681,12.232,186.86,784.83,0.28348,0.11999,0.02496,0.2462,0.11368,0.020608,0.21225,0.10999,0.0176,249,249,250,190,192,194,166,166,167,151,153,154,60,60,60,106,105,102,0.55279,0.54486,0.54517
1,7.724e+05,-1.35,12.44,195,800,-1.366,12.316,187.2,1101.8,0.3216,0.12347,0.02848,0.27447,0.11869,0.023616,0.24654,0.1159,0.0208,250,251,251,207,202,198,167,170,171,147,148,149,55,55,57,102,100,100,0.54594,0.54832,0.54558
1,7.725e+05,-1.35,12.52,195,800,-1.3671,12.388,188.07,1102.2,0.3486,0.12802,0.032896,0.31963,0.12021,0.027648,0.27568,0.11396,0.023232,253,252,252,205,202,200,169,172,173,148,147,146,54,53,54,98,98,98,0.54806,0.54615,0.54432
1,7.726e+05,-1.35,12.6,195,800,-1.3766,12.472,186.76,804.22,0.3001,0.12059,0.026304,0.26002,0.11397,0.02208,0.23383,0.10924,0.019072,252,252,252,204,204,206,179,176,174,137,139,140,51,50,52,94,96,98,0.53296,0.53871,0.54183
1,7.727e+05,-1.35,12.68,195,800,-1.3777,12.564,187.15,837.61,0.31945,0.12647,0.03008,0.29531,0.11674,0.025856,0.26893,0.11341,0.022912,252,252,251,227,222,214,177,175,174,131,131,133,49,50,52,97,99,100,0.52144,0.53546,0.5397
1,7.728e+05,-1.35,12.76,195,800,-1.3862,12.633,186.08,1000.2,0.34953,0.12223,0.029952,0.29566,0.117,0.024256,0.25691,0.11117,0.020352,253,252,250,226,222,215,174,173,174,127,128,129,51,51,52,98,100,100,0.5417,0.53507,0.53561
1,7.729e+05,-1.35,12.84,195,800,-1.3681,12.698,186.65,512.77,0.27358,0.12445,0.025152,0.25074,0.11511,0.021632,0.22498,0.111,0.01888,251,249,247,209,210,209,177,174,173,119,120,122,53,52,51,97,97,98,0.53129,0.53431,0.53226
1,7.73e+05,-1.35,12.92,195,800,-1.3798,12.796,185.15,568.03,0.27267,0.1219,0.024704,0.23778,0.11799,0.021312,0.21467,0.11398,0.01856,246,246,246,214,206,205,175,174,173,116,118,120,53,50,49,97,97,96,0.53325,0.52144,0.52515
1,7.731e+05,-1.35,13,195,800,-1.3681,12.86,186.17,828.37,0.32804,0.12465,0.029824,0.28354,0.11741,0.02496,0.25722,0.11206,0.02144,241,242,243,212,209,206,176,174,174,116,116,116,44,46,47,99,94,91,0.53364,0.52987,0.52922
1,7.732e+05,-1.35,13.08,195,800,-1.3766,12.95,186.8,961.37,0.28135,0.12798,0.027008,0.25349,0.12425,0.023744,0.23428,0.11594,0.020736,245,243,243,211,207,205,181,179,177,115,115,116,47,46,47,82,83,86,0.52719,0.53139,0.53079
1,7.733e+05,-1.35,13.16,195,800,-1.3968,13.048,187.3,986.72,0.26882,0.1277,0.02528,0.24284,0.12121,0.021824,0.22674,0.11385,0.019264,244,244,245,196,200,204,181,180,178,116,115,115,47,47,48,80,83,85,0.51822,0.52808,0.52905
1,7.734e+05,-1.35,13.24,195,800,-1.3798,13.104,187.34,1136,0.32962,0.12815,0.031488,0.29272,0.1228,0.026752,0.26836,0.1179,0.023488,249,248,247,205,200,197,176,177,179,115,116,117,47,48,50,95,91,88,0.53123,0.52995,0.53056
1,7.735e+05,-1.35,13.32,195,800,-1.366,13.166,186.08,698.19,0.31759,0.12386,0.027712,0.26696,0.11993,0.023424,0.24236,0.11461,0.02048,248,248,247,210,201,195,177,176,178,117,117,117,49,49,50,94,92,89,0.52159,0.53127,0.52958
1,7.736e+05,-1.35,13.4,195,800,-1.3819,13.264,187.75,809.89,0.32195,0.1256,0.028096,0.25588,0.12069,0.02336,0.22752,0.11836,0.020416,246,246,247,189,194,198,177,177,177,117,116,116,47,48,50,87,86,88,0.53008,0.53251,0.53047
1,7.737e+05,-1.35,13.48,195,800,-1.3777,13.336,187.89,789.41,0.32046,0.13065,0.031232,0.28715,0.12481,0.026624,0.26316,0.11844,0.022912,251,250,248,212,208,205,173,172,174,109,110,112,45,47,48,85,88,90,0.51052,0.5277,0.53205
1,7.738e+05,-1.35,13.56,195,800,-1.3766,13.428,187.56,1099.4,0.26612,0.12261,0.024256,0.23111,0.11664,0.020288,0.21055,0.11339,0.017984,253,251,250,215,211,207,168,169,172,108,109,111,45,47,48,95,93,92,0.52668,0.52696,0.5308
1,7.739e+05,-1.35,13.64,195,800,-1.384,13.499,185.15,901.67,0.2556,0.12678,0.024448,0.23536,0.1202,0.020544,0.19966,0.11674,0.017728,250,250,251,199,202,204,171,171,173,112,111,112,46,47,47,93,94,93,0.5445,0.53287,0.52947
1,7.74e+05,-1.35,13.72,195,800,-1.3777,13.586,186.58,1074.9,0.28567,0.13008,0.027648,0.26258,0.12504,0.024704,0.24602,0.11759,0.02176,250,250,251,200,198,201,178,176,176,111,112,113,48,47,48,87,89,91,0.53312,0.53281,0.52908
1,7.741e+05,-1.35,13.8,195,800,-1.3734,13.665,186.13,647.8,0.30017,0.13032,0.02976,0.27083,0.12409,0.025856,0.24997,0.11776,0.022784,254,253,252,191,199,205,186,184,180,120,119,118,49,51,52,83,84,86,0.53622,0.53312,0.53004
1,7.742e+05,-1.35,13.88,195,800,-1.3734,13.737,185.42,649.22,0.3161,0.12701,0.028032,0.26374,0.12286,0.023872,0.24264,0.11713,0.0208,254,254,253,217,211,207,179,180,181,128,126,124,61,59,56,82,83,85,0.5273,0.5243,0.52902
1,7.743e+05,-1.35,13.96,195,800,-1.3925,13.837,187.77,945.89,0.29103,0.12881,0.028608,0.26579,0.12201,0.02464,0.24634,0.11506,0.021504,254,254,253,205,206,207,175,178,180,129,128,126,61,59,57,83,83,84,0.53758,0.52995,0.52981
1,7.744e+05,-1.35,14.04,195,800,-1.3703,13.891,187.32,872,0.26005,0.12523,0.024704,0.23357,0.12193,0.02176,0.21559,0.11681,0.019456,253,252,250,202,203,208,179,177,178,126,126,128,56,56,56,81,82,83,0.51548,0.52587,0.52962
1,7.745e+05,-1.35,14.12,195,800,-1.366,13.976,186.51,1089.7,0.29059,0.13169,0.028544,0.27425,0.12202,0.025088,0.25414,0.11506,0.022016,249,249,248,216,212,212,175,176,179,127,127,128,55,54,54,77,80,82,0.51641,0.52792,0.53129
1,7.746e+05,-1.35,14.2,195,800,-1.3819,14.058,188.74,1068.3,0.33863,0.12332,0.030848,0.29995,0.1193,0.025984,0.26516,0.1139,0.021952,244,244,244,222,222,217,178,180,182,130,130,130,52,51,51,86,84,83,0.53974,0.53115,0.53089
1,7.747e+05,-1.35,14.28,195,800,-1.3777,14.132,187.48,1013.7,0.24787,0.12786,0.023936,0.2267,0.12238,0.02112,0.21093,0.11558,0.018624,246,242,239,210,207,205,190,190,189,133,133,132,47,48,49,92,88,86,0.52576,0.53064,0.5293
1,7.748e+05,-1.35,14.36,195,800,-1.3809,14.208,187.92,936.76,0.28502,0.13076,0.02784,0.25897,0.11983,0.023552,0.24196,0.11668,0.021312,240,238,238,194,194,196,198,194,190,136,134,133,47,48,49,89,89,88,0.54236,0.53579,0.53238
1,7.749e+05,-1.35,14.44,195,800,-1.3734,14.292,186.87,574.97,0.29953,0.12654,0.027776,0.25989,0.11843,0.023104,0.22825,0.11493,0.019968,240,239,237,167,174,179,195,192,189,140,139,138,50,50,51,98,96,94,0.53752,0.53323,0.53206
1,7.75e+05,-1.35,14.52,195,800,-1.366,14.371,187.56,674.93,0.2988,0.12737,0.027776,0.26511,0.12154,0.023616,0.23897,0.11853,0.020928,244,241,237,164,168,175,188,187,186,144,142,139,50,51,51,106,101,96,0.5334,0.53195,0.53368
1,7.751e+05,-1.35,14.6,195,800,-1.3681,14.44,187.34,783.26,0.2937,0.11811,0.025984,0.26619,0.11107,0.022144,0.24501,0.10596,0.019712,235,237,238,171,175,179,176,177,180,141,141,139,48,49,49,103,102,100,0.53522,0.53793,0.53678
1,7.752e+05,-1.35,14.68,195,800,-1.3756,14.549,186.28,947.98,0.28761,0.12565,0.026432,0.25031,0.11649,0.021568,0.22806,0.11224,0.01888,239,238,238,199,195,191,183,180,177,135,133,133,45,45,45,101,102,103,0.5401,0.53914,0.53849
1,7.753e+05,-1.35,14.76,195,800,-1.4254,14.666,187.12,1293.9,0.29538,0.12673,0.027648,0.23407,0.12426,0.022336,0.20522,0.11977,0.019008,238,239,240,198,199,199,182,181,177,132,131,130,42,43,44,107,107,107,0.53933,0.54397,0.54045
1,7.754e+05,-1.35,14.84,195,800,-1.3809,14.711,185.78,1123.2,0.27089,0.13763,0.027904,0.2538,0.12612,0.024128,0.2365,0.121,0.021888,244,245,245,212,212,211,179,177,175,125,127,128,42,42,43,118,117,115,0.54219,0.54358,0.54285
1,7.755e+05,-1.35,14.92,195,800,-1.366,14.764,186.58,880.4,0.2467,0.13825,0.024704,0.2169,0.13137,0.020992,0.19567,0.12645,0.018496,250,248,247,223,218,214,173,174,174,129,128,129,44,44,44,118,119,118,0.53975,0.54918,0.54814
1,7.756e+05,-1.35,15,195,800,-1.3639,14.839,184.9,531.61,0.24071,0.1364,0.023936,0.22201,0.12513,0.020672,0.20478,0.11987,0.018432,252,251,248,208,210,209,170,172,173,134,135,138,52,51,51,123,122,120,0.54239,0.54279,0.5436
1,7.757e+05,-1.35,15.08,195,800,-1.3947,14.955,185.95,916.04,0.25793,0.12255,0.023744,0.2277,0.11757,0.02048,0.2106,0.11277,0.017984,245,245,246,182,188,193,174,173,174,154,156,158,60,60,60,118,118,119,0.53527,0.53941,0.54357
1,7.758e+05,-1.35,15.16,195,800,-1.3671,14.995,187.01,968.74,0.32424,0.12911,0.031488,0.30306,0.11907,0.027008,0.28528,0.11431,0.023808,243,245,246,177,181,190,172,175,174,174,172,174,61,62,62,111,116,119,0.54535,0.54212,0.54245
1,7.759e+05,-1.35,15.24,195,800,-1.3798,15.096,187.5,851.5,0.30843,0.12254,0.027712,0.27299,0.11665,0.023552,0.23894,0.11586,0.020352,250,248,246,194,195,195,176,175,174,212,213,213,58,60,64,119,120,120,0.53147,0.54117,0.54418
1,7.76e+05,-1.35,15.32,195,800,-1.3947,15.178,186.82,808.98,0.25458,0.1293,0.024576,0.22579,0.12361,0.021312,0.2083,0.11768,0.018624,245,246,246,206,203,199,173,175,175,238,234,230,61,63,66,121,122,121,0.53793,0.54362,0.54554
1,7.761e+05,-1.35,15.4,195,800,-1.3724,15.241,186.71,1202.4,0.22885,0.12852,0.02272,0.20425,0.12289,0.019328,0.18412,0.11708,0.016896,245,244,245,188,195,198,180,179,177,255,254,251,76,79,82,119,121,120,0.55458,0.555,0.55036
1,7.762e+05,-1.35,15.48,195,800,-1.3862,15.337,187.79,1106.7,0.25429,0.11953,0.022464,0.21695,0.11431,0.018816,0.19043,0.11233,0.016192,248,247,244,191,185,187,179,179,177,255,255,255,121,113,111,114,116,119,0.55162,0.54941,0.54879
1,7.763e+05,-1.35,15.56,195,800,-1.3512,15.394,186.08,820.77,0.25823,0.12887,0.024576,0.22655,0.12404,0.020672,0.19563,0.12023,0.017728,247,245,244,179,182,183,175,176,177,255,255,255,132,131,125,110,117,118,0.56076,0.55634,0.55539
1,7.764e+05,-1.35,15.64,195,800,-1.3692,15.464,187.58,747.81,0.31021,0.12561,0.028736,0.27199,0.11992,0.024128,0.24585,0.11111,0.020544,236,240,243,174,176,177,174,174,177,255,255,255,147,145,139,120,117,114,0.55324,0.55316,0.55345
1,7.765e+05,-1.35,15.72,195,800,-1.3639,15.546,188.04,788.76,0.24629,0.13157,0.024192,0.22984,0.12285,0.021248,0.21388,0.11792,0.01888,234,239,242,172,175,174,170,175,179,255,255,255,144,143,142,107,110,112,0.54303,0.55449,0.5561
1,7.766e+05,-1.35,15.8,195,800,-1.3703,15.627,186.59,975.48,0.27302,0.12403,0.024768,0.2383,0.11785,0.021248,0.2196,0.11249,0.01888,239,242,243,167,167,171,176,181,182,255,255,255,142,141,135,98,105,112,0.56114,0.56211,0.56254
1,7.767e+05,-1.35,15.88,195,800,-1.3756,15.7,186.06,722.67,0.27541,0.12384,0.025664,0.25095,0.11608,0.022272,0.22589,0.11206,0.01952,244,242,241,185,190,187,176,175,175,255,255,255,121,129,136,129,134,141,0.56805,0.57044,0.57224
1,7.768e+05,-1.35,15.96,195,800,-1.3713,15.776,187.02,659.18,0.28121,0.12429,0.026112,0.25654,0.11983,0.02336,0.23918,0.11543,0.020864,235,239,239,236,210,198,161,166,170,255,255,255,131,135,137,166,165,160,0.59565,0.58426,0.57429
1,7.7987e+05,-1.257,16,195,800,-1.2886,15.788,-0.45122,740.66,0,0,0,0,0,0,0,0,0,233,234,235,199,203,203,160,165,169,255,255,255,147,141,139,165,167,164,0.56546,0.5472,0.53812
1,7.7997e+05,-1.257,15.92,195,800,-1.2642,15.685,186.06,848.85,0.18245,0.13241,0.017088,0.16362,0.12652,0.014848,0.1446,0.1271,0.012992,248,243,239,185,181,181,173,175,178,255,255,255,109,124,136,119,126,132,0.56905,0.57418,0.57697
1,7.8007e+05,-1.257,15.84,195,800,-1.2886,15.645,185.51,681.46,0.20165,0.12267,0.019328,0.18352,0.11819,0.01696,0.1727,0.10915,0.014784,250,245,241,157,161,171,190,187,183,255,255,255,139,137,136,99,105,115,0.55826,0.56534,0.56702
1,7.8017e+05,-1.257,15.76,195,800,-1.2748,15.55,186.55,637.97,0.29753,0.12471,0.027456,0.26824,0.1175,0.023104,0.23647,0.11376,0.01984,240,242,243,148,155,164,201,196,189,255,255,255,157,151,144,100,99,101,0.56504,0.5642,0.56179
1,7.8027e+05,-1.257,15.68,195,800,-1.2886,15.489,185.95,879.97,0.36016,0.14162,0.038592,0.32868,0.12758,0.031936,0.29462,0.12334,0.027456,245,243,243,171,170,172,193,190,186,255,255,255,141,144,144,103,103,103,0.5626,0.55881,0.55653
1,7.8037e+05,-1.257,15.6,195,800,-1.2822,15.406,187.41,791.93,0.37709,0.11709,0.032256,0.34107,0.10832,0.026368,0.30613,0.10412,0.021632,245,245,245,195,193,187,171,176,179,255,255,255,135,133,133,110,111,111,0.56302,0.5532,0.55299
1,7.8047e+05,-1.257,15.52,195,800,-1.2779,15.335,187.51,636.03,0.44851,0.12712,0.0416,0.42721,0.11381,0.03424,0.39596,0.10824,0.028672,244,244,244,179,185,189,181,179,176,255,255,255,110,110,110,119,117,116,0.54682,0.55037,0.5507
1,7.8057e+05,-1.257,15.44,195,800,-1.2769,15.236,188.82,675.38,0.33781,0.11797,0.029248,0.29196,0.11171,0.023296,0.2472,0.10492,0.018944,242,241,243,182,186,191,182,178,176,255,255,253,93,93,96,120,120,118,0.54738,0.55193,0.54994
1,7.8067e+05,-1.257,15.36,195,800,-1.2716,15.164,187.45,960.43,0.32637,0.13197,0.032192,0.27752,0.12732,0.0272,0.25238,0.12117,0.023168,239,240,243,211,203,197,178,175,175,246,245,241,65,67,72,127,121,117,0.5518,0.54808,0.54733
1,7.8077e+05,-1.257,15.28,195,800,-1.2758,15.096,186.92,948.38,0.32479,0.12463,0.029888,0.269,0.12121,0.024832,0.24263,0.11644,0.021952,248,245,244,205,203,198,173,173,174,233,231,227,61,63,68,117,117,116,0.54193,0.54639,0.54594
1,7.8087e+05,-1.257,15.2,195,800,-1.2737,15.019,187.19,685.76,0.28439,0.13183,0.028864,0.24656,0.12663,0.024192,0.22058,0.12103,0.020992,247,246,245,184,185,189,170,172,174,186,189,193,82,75,68,113,112,114,0.54044,0.54287,0.54275
1,7.8097e+05,-1.257,15.12,195,800,-1.2843,14.934,186.61,682.85,0.30501,0.12048,0.027008,0.26677,0.11391,0.022272,0.24311,0.10725,0.019328,239,241,244,181,185,190,180,176,175,157,157,159,66,67,64,114,114,116,0.54257,0.54471,0.54357
1,7.8107e+05,-1.257,15.04,195,800,-1.2758,14.857,185.9,866.39,0.32028,0.123,0.028544,0.26576,0.1201,0.023616,0.23453,0.11325,0.01984,243,242,243,203,199,196,173,175,175,145,145,147,53,56,59,114,115,116,0.55217,0.54325,0.54458
1,7.8117e+05,-1.257,14.96,195,800,-1.2896,14.774,184.56,994,0.35074,0.12645,0.032704,0.31779,0.12065,0.028096,0.27234,0.11793,0.024,245,244,244,216,214,208,177,173,173,127,130,132,44,45,47,118,117,117,0.54416,0.5435,0.54534
1,7.8127e+05,-1.257,14.88,195,800,-1.2737,14.696,185.04,874.57,0.34115,0.12679,0.032128,0.28758,0.12228,0.026496,0.25556,0.11433,0.022144,245,244,244,208,207,206,171,172,172,124,126,129,41,43,45,118,118,117,0.55185,0.54689,0.54505
1,7.8137e+05,-1.257,14.8,195,800,-1.2758,14.623,185.13,1269.9,0.33077,0.13079,0.032896,0.28942,0.12287,0.027392,0.25844,0.12009,0.024064,243,241,240,179,186,195,169,170,173,127,128,129,41,43,44,117,115,113,0.51764,0.53689,0.54049
1,7.8147e+05,-1.257,14.72,195,800,-1.2801,14.561,186.49,663.08,0.35213,0.12418,0.032768,0.31049,0.11763,0.027392,0.2785,0.11321,0.023552,234,234,234,180,181,183,173,173,175,133,133,133,44,45,46,107,107,107,0.53913,0.53788,0.538
1,7.8157e+05,-1.257,14.64,195,800,-1.2801,14.47,185.62,687.51,0.33108,0.12388,0.030464,0.29044,0.11911,0.025792,0.25862,0.11548,0.022528,229,230,233,182,180,179,169,173,177,134,135,136,44,46,47,102,103,104,0.54605,0.54037,0.53685
1,7.8167e+05,-1.257,14.56,195,800,-1.2811,14.385,185.88,774.04,0.29478,0.11694,0.025664,0.26212,0.11019,0.021696,0.23931,0.10359,0.018624,228,231,234,174,172,172,182,180,180,137,137,139,51,50,50,99,99,99,0.52772,0.53284,0.5336
1,7.8177e+05,-1.257,14.48,195,800,-1.2843,14.324,187.33,1084.2,0.30444,0.13239,0.030656,0.27591,0.1272,0.026816,0.25859,0.12144,0.023936,238,235,235,167,168,171,183,181,182,136,138,139,53,52,51,98,97,97,0.536,0.53102,0.5316
1,7.8187e+05,-1.257,14.4,195,800,-1.2896,14.227,188.16,714.46,0.30539,0.12143,0.0272,0.26881,0.11578,0.022848,0.24763,0.11189,0.02016,230,233,237,176,178,182,175,180,184,130,134,137,50,50,51,88,90,91,0.5431,0.53262,0.5316
1,7.8197e+05,-1.257,14.32,195,800,-1.2843,14.139,187.53,1072.5,0.28074,0.1344,0.028672,0.25579,0.12578,0.024448,0.23206,0.1232,0.022144,237,236,239,227,215,203,190,187,185,130,132,135,48,48,50,85,84,85,0.52313,0.52943,0.53159
1,7.8207e+05,-1.257,14.24,195,800,-1.2769,14.065,186.46,1291.6,0.33042,0.14508,0.035456,0.29401,0.13639,0.030784,0.26642,0.13009,0.026432,243,241,241,239,226,211,194,188,184,133,133,134,50,50,50,81,82,83,0.54979,0.53021,0.53108
1,7.8217e+05,-1.257,14.16,195,800,-1.279,13.993,187.74,1015.5,0.46283,0.13439,0.042944,0.41646,0.12704,0.033664,0.30118,0.12043,0.025984,245,246,247,218,215,213,188,184,181,132,132,133,53,53,53,81,81,82,0.53916,0.53042,0.5308
1,7.8227e+05,-1.257,14.08,195,800,-1.2886,13.924,186.6,793.45,0.31815,0.12462,0.028288,0.25576,0.11563,0.022208,0.21887,0.11393,0.018752,249,249,250,203,205,209,184,183,181,129,130,133,53,54,55,84,84,84,0.53329,0.53112,0.53098
1,7.8237e+05,-1.257,14,195,800,-1.2939,13.852,186.78,849.43,0.29558,0.1321,0.029696,0.2638,0.1271,0.025216,0.24188,0.1231,0.022336,254,254,252,209,208,209,183,180,179,132,132,132,57,58,59,95,91,87,0.54148,0.52942,0.52971
1,7.8247e+05,-1.257,13.92,195,800,-1.2758,13.75,184.97,1443.4,0.29331,0.12883,0.028288,0.25696,0.12336,0.024,0.23536,0.11875,0.021056,253,253,252,235,223,212,173,176,180,130,130,131,60,58,58,86,87,87,0.53687,0.53453,0.53421
1,7.8257e+05,-1.257,13.84,195,800,-1.2833,13.676,185.84,708.77,0.30641,0.11672,0.024448,0.24784,0.11343,0.020096,0.21348,0.11051,0.017088,254,252,251,223,219,212,179,179,180,127,128,129,53,54,55,85,85,86,0.52743,0.53086,0.53134
1,7.8267e+05,-1.257,13.76,195,800,-1.2801,13.598,185.92,997.14,0.27311,0.12549,0.025408,0.22466,0.12466,0.0208,0.20554,0.11792,0.018304,252,251,251,206,207,208,183,181,179,121,122,123,49,48,49,87,86,86,0.55902,0.53821,0.53347
1,7.8277e+05,-1.257,13.68,195,800,-1.2822,13.541,186.02,963.35,0.33577,0.13493,0.033536,0.2911,0.126,0.027776,0.25577,0.12369,0.023616,253,252,251,209,208,208,178,178,178,118,119,122,47,47,48,88,88,88,0.52401,0.5335,0.53306
1,7.8287e+05,-1.257,13.6,195,800,-1.297,13.468,184.94,836.51,0.31712,0.13566,0.029696,0.28931,0.12622,0.024256,0.2477,0.12009,0.019968,254,254,252,222,219,212,176,178,179,118,119,121,50,50,51,94,92,89,0.52769,0.53181,0.53288
1,7.8297e+05,-1.257,13.52,195,800,-1.2843,13.368,185.09,588.52,0.24949,0.15445,0.02688,0.23044,0.1273,0.022336,0.21245,0.12021,0.019456,249,250,251,216,212,205,191,187,182,122,123,125,61,57,54,87,87,87,0.52552,0.52675,0.53043
1,7.8307e+05,-1.257,13.44,195,800,-1.2843,13.274,186.34,724.96,0.26543,0.12665,0.024192,0.23931,0.1185,0.020544,0.20738,0.11253,0.017472,248,248,250,198,198,199,191,187,182,125,126,126,56,56,55,80,83,86,0.53136,0.53276,0.53266
1,7.8317e+05,-1.257,13.36,195,800,-1.2726,13.191,186.05,947.82,0.27644,0.12147,0.024576,0.24938,0.11508,0.0208,0.22554,0.11291,0.018368,247,249,250,184,188,193,177,179,181,131,130,128,57,56,55,84,85,86,0.51175,0.52819,0.53184
1,7.8327e+05,-1.257,13.28,195,800,-1.2801,13.144,186.54,803.68,0.28338,0.11981,0.02496,0.25421,0.11394,0.021632,0.22567,0.11068,0.018816,252,251,250,192,192,194,177,178,178,131,129,127,57,56,56,89,88,87,0.53367,0.53426,0.5331
1,7.8337e+05,-1.257,13.2,195,800,-1.2779,13.051,186.08,678.3,0.30298,0.12284,0.026368,0.25001,0.11824,0.022336,0.22549,0.11521,0.019648,249,249,247,184,197,206,174,175,176,125,126,125,53,54,55,83,85,86,0.53084,0.53109,0.53185
1,7.8347e+05,-1.257,13.12,195,800,-1.2801,12.964,187.78,833.83,0.30571,0.12456,0.026176,0.24952,0.12052,0.021888,0.2296,0.1181,0.019328,244,245,245,229,221,212,167,170,173,122,123,124,50,50,53,81,84,87,0.54402,0.53849,0.53339
1,7.8357e+05,-1.257,13.04,195,800,-1.2896,12.903,187.13,998.65,0.31713,0.12164,0.026944,0.25764,0.11412,0.021824,0.22155,0.11327,0.018752,245,246,245,229,221,212,167,170,172,119,122,124,49,50,53,88,91,91,0.52776,0.52871,0.52938
1,7.8367e+05,-1.257,12.96,195,800,-1.2875,12.822,186.32,887.48,0.32832,0.12398,0.028992,0.27955,0.11799,0.024,0.24125,0.11289,0.02048,248,247,247,186,199,208,172,174,175,127,126,125,48,51,55,100,98,96,0.51547,0.53175,0.53136
1,7.8377e+05,-1.257,12.88,195,800,-1.297,12.734,187.07,595.51,0.30317,0.12095,0.02688,0.27376,0.11305,0.022848,0.24773,0.10973,0.020096,247,248,248,190,199,206,175,178,178,129,128,128,49,53,57,93,96,98,0.53804,0.52949,0.52889
1,7.8387e+05,-1.257,12.8,195,800,-1.2695,12.644,187.32,947.21,0.27549,0.12567,0.026112,0.25024,0.11823,0.021952,0.22525,0.11607,0.01984,249,250,250,226,216,210,185,184,180,134,133,133,61,59,58,101,101,101,0.52739,0.5292,0.52961
1,7.8397e+05,-1.257,12.72,195,800,-1.2854,12.573,188.18,785.5,0.31324,0.126,0.028992,0.2816,0.11984,0.025216,0.26284,0.11419,0.022016,252,251,251,208,210,208,170,175,177,141,140,139,53,56,56,113,108,103,0.54082,0.53752,0.53628
1,7.8407e+05,-1.257,12.64,195,800,-1.2822,12.481,187.42,952.34,0.27123,0.12014,0.024128,0.24677,0.10955,0.020224,0.21873,0.10832,0.017984,253,252,251,198,203,204,170,172,174,145,143,142,52,53,55,109,106,103,0.54061,0.53918,0.54041
1,7.8417e+05,-1.257,12.56,195,800,-1.2854,12.423,186.25,598.23,0.27401,0.12827,0.026816,0.25031,0.12127,0.023232,0.2317,0.1175,0.02112,253,253,252,198,199,200,173,173,171,146,147,147,55,56,57,96,98,99,0.54075,0.54649,0.54525
1,7.8427e+05,-1.257,12.48,195,800,-1.2801,12.318,187.31,896.55,0.3393,0.1255,0.029888,0.27776,0.1202,0.023552,0.23044,0.11654,0.020352,254,253,252,198,199,198,174,173,171,149,149,148,57,58,58,93,96,98,0.53018,0.54706,0.547
1,7.8437e+05,-1.257,12.4,195,800,-1.2843,12.251,186.44,705.71,0.28287,0.12363,0.026304,0.24089,0.11919,0.021888,0.20902,0.11261,0.018432,251,251,251,200,198,195,170,170,168,152,151,151,58,58,58,99,100,100,0.54302,0.54012,0.54293
1,7.8447e+05,-1.257,12.32,195,800,-1.3002,12.199,188.29,1065,0.32094,0.11447,0.025152,0.25527,0.11024,0.02016,0.21316,0.1058,0.017216,249,248,248,190,192,194,160,162,164,160,157,155,52,53,56,103,102,100,0.55522,0.544,0.5437
1,7.8457e+05,-1.257,12.24,195,800,-1.2833,12.111,186.41,551.8,0.26804,0.11906,0.023424,0.23881,0.11342,0.019712,0.19924,0.11209,0.017152,247,247,248,193,196,199,160,161,162,162,159,157,50,52,56,97,99,99,0.53051,0.54291,0.54607
1,7.8467e+05,-1.257,12.16,195,800,-1.2737,12.006,186.73,727.25,0.31522,0.12019,0.027456,0.2741,0.11748,0.023616,0.24729,0.11169,0.020288,250,250,249,234,226,217,162,163,165,161,162,163,56,57,58,96,96,95,0.53896,0.53879,0.54306
1,7.8477e+05,-1.257,12.08,195,800,-1.2801,11.923,187.34,754.04,0.22783,0.12931,0.021824,0.20123,0.1197,0.018432,0.17439,0.11886,0.01632,252,251,249,244,235,224,167,166,165,167,167,168,60,60,61,96,95,93,0.55471,0.55037,0.54693
1,7.8487e+05,-1.257,12,195,800,-1.2716,11.829,186.38,1108,0.29749,0.11629,0.026048,0.25882,0.11255,0.021888,0.23256,0.10677,0.018688,248,248,248,224,227,227,163,162,163,182,181,179,65,67,68,91,90,90,0.55537,0.54657,0.54512
1,7.8497e+05,-1.257,11.92,195,800,-1.2769,11.766,185.92,934.79,0.31701,0.12727,0.0304,0.2789,0.12142,0.025536,0.25287,0.11552,0.022336,247,248,248,225,218,213,149,154,160,185,186,188,77,74,72,94,91,90,0.55003,0.54674,0.54654
1,7.8507e+05,-1.257,11.84,195,800,-1.2907,11.708,187.26,681.49,0.2568,0.1364,0.026368,0.22703,0.12993,0.022336,0.20977,0.12222,0.019776,251,250,248,211,208,202,156,157,159,182,187,190,76,74,74,94,92,93,0.54688,0.54707,0.54476
1,7.8517e+05,-1.257,11.76,195,800,-1.2748,11.612,186.9,715.32,0.34018,0.12652,0.030592,0.27614,0.12214,0.024064,0.22978,0.11751,0.020224,244,246,247,169,180,189,156,163,166,188,188,187,76,76,79,101,102,104,0.53319,0.54652,0.5489
1,7.8527e+05,-1.257,11.68,195,800,-1.2907,11.537,186.75,966.43,0.27944,0.11883,0.02496,0.25645,0.11291,0.021632,0.23846,0.10338,0.018432,239,245,247,181,184,189,168,168,171,180,181,181,81,83,84,113,111,111,0.53674,0.54768,0.54912
1,7.8537e+05,-1.257,11.6,195,800,-1.279,11.474,186.54,544.11,0.2774,0.13101,0.02528,0.22682,0.1275,0.021312,0.20992,0.1229,0.019136,252,250,248,223,213,201,182,181,177,155,159,162,104,95,87,129,132,138,0.55504,0.54975,0.55082
1,7.8547e+05,-1.257,11.52,195,800,-1.2801,11.389,186.06,688.53,0.30972,0.11914,0.027904,0.28116,0.11344,0.024,0.25544,0.10345,0.019392,254,253,251,208,208,209,180,178,176,137,138,138,78,79,79,172,183,185,0.54098,0.54659,0.55079
1,7.8557e+05,-1.257,11.44,195,800,-1.279,11.289,186.48,843.77,0.26433,0.13166,0.026304,0.24073,0.12573,0.022784,0.22403,0.11816,0.02016,255,254,252,196,205,211,175,173,173,127,125,127,69,69,72,222,216,211,0.55256,0.55546,0.55414
1,7.8567e+05,-1.257,11.36,195,800,-1.2886,11.227,186.24,1244.6,0.26947,0.12995,0.026816,0.25186,0.12412,0.024192,0.23303,0.11567,0.020928,254,254,252,231,223,218,171,170,168,110,112,117,54,58,63,255,253,246,0.55569,0.55514,0.55511
1,7.8577e+05,-1.257,11.28,195,800,-1.279,11.151,186.5,879.75,0.27856,0.12396,0.025408,0.23492,0.11841,0.02112,0.20536,0.11451,0.018368,253,252,250,241,228,219,174,169,166,113,115,118,56,58,64,255,255,253,0.57642,0.56218,0.5604
1,7.8587e+05,-1.257,11.2,195,800,-1.2726,11.059,187.17,1073.3,0.27988,0.12322,0.026176,0.25229,0.11752,0.02272,0.23575,0.11287,0.020032,246,246,245,216,216,217,160,160,162,135,136,142,71,74,84,255,255,255,0.57761,0.56931,0.56757
1,7.8597e+05,-1.257,11.12,195,800,-1.2663,10.987,187.62,1030.9,0.34,0.13096,0.033216,0.29995,0.12493,0.028352,0.26776,0.11826,0.024256,247,244,244,207,210,210,171,168,165,185,188,188,137,143,151,255,255,255,0.57689,0.57326,0.57687
1,7.8607e+05,-1.257,11.04,195,800,-1.2928,10.915,187.21,991.44,0.33293,0.13522,0.032768,0.28834,0.13355,0.027904,0.25095,0.13204,0.024384,247,246,245,211,210,209,185,174,167,222,217,209,206,197,186,255,255,255,0.57663,0.57512,0.56435
1,7.8914e+05,-1.164,11,195,800,-1.1909,10.926,0.048649,673.25,0,0,0,0,0,0,0,0,0,248,247,245,220,216,211,166,167,165,248,242,234,251,240,224,254,254,253,0.49358,0.49647,0.50695
1,7.8924e+05,-1.164,11.08,195,800,-1.1931,10.999,186.53,779.42,0.23909,0.12172,0.019072,0.21016,0.11188,0.015936,0.18296,0.11066,0.014336,245,244,243,213,210,210,159,159,160,193,193,194,147,152,155,255,255,254,0.59595,0.58869,0.5831
1,7.8934e+05,-1.164,11.16,195,800,-1.1846,11.065,185.44,752.09,0.26936,0.12146,0.023872,0.2498,0.11743,0.021184,0.22606,0.11143,0.017856,243,242,243,217,213,212,146,153,159,154,161,168,90,103,117,255,255,255,0.56231,0.57159,0.57137
1,7.8944e+05,-1.164,11.24,195,800,-1.1825,11.15,187.46,830.48,0.29018,0.1268,0.027712,0.26179,0.12063,0.023616,0.23887,0.11338,0.020416,244,245,245,221,223,219,159,158,159,121,122,127,61,65,70,255,255,255,0.57019,0.56281,0.56328
1,7.8954e+05,-1.164,11.32,195,800,-1.1899,11.227,186.9,740.41,0.36989,0.1264,0.034304,0.32218,0.11733,0.027264,0.27033,0.11354,0.022784,248,248,247,223,221,219,165,163,163,113,114,118,63,64,67,255,255,252,0.57576,0.56161,0.55902
1,7.8964e+05,-1.164,11.4,195,800,-1.1963,11.282,186.95,606.2,0.32231,0.13799,0.033664,0.27221,0.13359,0.028352,0.25087,0.12253,0.023936,253,251,250,209,212,215,165,168,170,113,114,119,80,74,72,244,235,225,0.55955,0.5543,0.55543
1,7.8974e+05,-1.164,11.48,195,800,-1.1814,11.38,186.73,920.76,0.47,0.11568,0.035136,0.29246,0.1174,0.025088,0.25355,0.11156,0.020864,246,248,249,211,207,206,182,178,175,131,132,135,85,87,90,175,176,177,0.55306,0.55126,0.55234
1,7.8984e+05,-1.164,11.56,195,800,-1.1782,11.424,186.68,483.53,0.30725,0.12599,0.029376,0.27539,0.11749,0.024512,0.25179,0.11122,0.021248,249,248,248,203,202,202,183,180,177,145,146,147,99,99,99,151,149,152,0.54452,0.54961,0.55078
1,7.8994e+05,-1.164,11.64,195,800,-1.1878,11.533,186.3,1069.5,0.33893,0.12952,0.032384,0.31646,0.12239,0.028672,0.29523,0.11347,0.024512,245,245,246,193,184,183,172,173,174,176,171,168,105,107,104,120,120,120,0.55036,0.55047,0.54962
1,7.9004e+05,-1.164,11.72,195,800,-1.1878,11.613,187.23,738.34,0.30285,0.13246,0.030144,0.2638,0.12875,0.025536,0.23981,0.12092,0.021696,247,245,246,161,170,179,168,169,171,183,179,176,89,96,98,119,113,111,0.54147,0.54601,0.54801
1,7.9014e+05,-1.164,11.8,195,800,-1.1835,11.674,185.84,1103,0.33226,0.12377,0.030848,0.30901,0.11608,0.026176,0.27865,0.11023,0.022784,249,247,245,187,182,186,173,165,163,189,185,183,70,73,79,99,100,100,0.56016,0.54843,0.54747
1,7.9024e+05,-1.164,11.88,195,800,-1.2026,11.79,185.37,1116.9,0.3243,0.13142,0.03168,0.28369,0.12267,0.026304,0.25925,0.11765,0.023296,244,244,246,228,220,212,162,159,159,181,182,183,67,68,69,92,92,91,0.55285,0.54458,0.54494
1,7.9034e+05,-1.164,11.96,195,800,-1.1909,11.86,186.15,940.82,0.307,0.11479,0.026112,0.26696,0.1127,0.022336,0.24064,0.1078,0.019328,243,245,247,237,230,222,162,159,159,182,182,181,65,65,67,84,87,90,0.54677,0.54708,0.54656
1,7.9044e+05,-1.164,12.04,195,800,-1.1888,11.928,186.16,894.47,0.38475,0.12657,0.035072,0.32594,0.1167,0.027904,0.27842,0.11426,0.023616,251,251,250,238,234,229,167,164,162,181,177,173,59,60,63,92,91,91,0.53993,0.54534,0.54642
1,7.9054e+05,-1.164,12.12,195,800,-1.1846,12.008,186.84,992.31,0.35164,0.11604,0.028288,0.28577,0.11165,0.022272,0.21772,0.11106,0.017408,254,252,250,231,229,225,168,165,164,166,168,168,59,60,62,98,95,93,0.52406,0.54007,0.5434
1,7.9064e+05,-1.164,12.2,195,800,-1.192,12.072,186.74,695.84,0.37936,0.12926,0.035648,0.33528,0.12109,0.02944,0.28998,0.11407,0.024192,243,246,249,197,202,207,166,165,165,151,153,157,59,58,60,94,94,96,0.54278,0.54528,0.54726
1,7.9074e+05,-1.164,12.28,195,800,-1.1888,12.168,187.78,1057.5,0.29274,0.12527,0.027392,0.26851,0.1215,0.023936,0.25455,0.11451,0.020992,247,247,248,180,184,193,164,165,167,150,151,152,55,56,58,99,97,97,0.55691,0.55107,0.54546
1,7.9084e+05,-1.164,12.36,195,800,-1.1835,12.23,186.6,698.58,0.25212,0.12308,0.022784,0.22395,0.11483,0.019456,0.21078,0.11032,0.017472,251,250,250,179,187,192,163,167,169,148,150,151,56,58,59,100,99,97,0.54926,0.54308,0.54349
1,7.9094e+05,-1.164,12.44,195,800,-1.1846,12.306,187.12,694.63,0.33427,0.11916,0.028864,0.28756,0.1145,0.024064,0.25312,0.11131,0.020736,253,253,252,200,195,193,174,172,171,150,151,151,69,65,63,96,97,98,0.54708,0.54271,0.54269
1,7.9104e+05,-1.164,12.52,195,800,-1.1984,12.409,186.57,736.08,0.24899,0.1355,0.0256,0.21958,0.12873,0.021952,0.20603,0.12553,0.020032,253,252,252,193,192,193,168,170,171,152,151,151,69,67,65,99,98,99,0.54257,0.54234,0.54224
1,7.9114e+05,-1.164,12.6,195,800,-1.1825,12.477,185.8,1178.1,0.32582,0.12773,0.030848,0.28625,0.12182,0.025664,0.25637,0.11784,0.022336,248,248,250,189,190,192,162,164,169,149,149,148,60,61,62,104,104,104,0.543,0.53886,0.54097
1,7.9124e+05,-1.164,12.68,195,800,-1.1793,12.529,185.99,829.51,0.2935,0.1195,0.025408,0.25855,0.11351,0.021824,0.23234,0.10752,0.01856,245,247,248,195,195,197,175,175,175,142,143,143,56,57,58,108,108,106,0.54531,0.53453,0.5375
1,7.9134e+05,-1.164,12.76,195,800,-1.2016,12.648,186.57,1026.7,0.34071,0.12104,0.02848,0.29997,0.11412,0.024,0.27082,0.1106,0.021504,250,248,248,193,198,200,190,184,178,141,141,140,65,61,59,105,105,104,0.5226,0.52838,0.53127
1,7.9144e+05,-1.164,12.84,195,800,-1.2079,12.722,186.96,769.3,0.33172,0.12987,0.032,0.29709,0.12238,0.0272,0.26801,0.11728,0.023744,247,248,248,203,202,201,184,183,181,136,136,136,66,69,68,94,97,99,0.5173,0.52454,0.52654
1,7.9154e+05,-1.164,12.92,195,800,-1.1899,12.791,186.67,988.17,0.32202,0.12422,0.028992,0.29639,0.11919,0.025024,0.26798,0.1119,0.021184,247,248,248,203,200,201,176,178,179,133,134,136,77,74,70,100,98,97,0.51803,0.52689,0.52916
1,7.9164e+05,-1.164,13,195,800,-1.1856,12.874,186.37,628.59,0.2783,0.12374,0.025472,0.25014,0.11821,0.021696,0.22712,0.1126,0.019072,250,248,247,203,204,205,170,172,174,134,136,137,74,70,66,99,96,93,0.53476,0.53087,0.52998
1,7.9174e+05,-1.164,13.08,195,800,-1.1994,12.962,186.55,892.68,0.29351,0.11841,0.02496,0.2422,0.11208,0.01984,0.2089,0.10651,0.016,237,243,246,221,219,212,165,169,173,135,137,138,54,57,60,82,84,87,0.52067,0.53232,0.53236
1,7.9184e+05,-1.164,13.16,195,800,-1.2005,13.042,187.81,1060.9,0.22426,0.1296,0.022208,0.2068,0.12354,0.019584,0.18781,0.11841,0.017472,238,243,247,229,223,213,170,173,174,132,136,137,62,62,59,82,83,85,0.52638,0.52536,0.52904
1,7.9194e+05,-1.164,13.24,195,800,-1.1729,13.097,186.68,817.72,0.25631,0.13479,0.026688,0.23265,0.12461,0.0224,0.20971,0.1218,0.01984,254,252,250,215,209,203,189,183,178,136,136,135,73,68,61,86,86,85,0.54941,0.53452,0.53165
1,7.9204e+05,-1.164,13.32,195,800,-1.1984,13.192,187.87,923.66,0.32794,0.12299,0.029376,0.26981,0.11617,0.023616,0.23505,0.11459,0.020416,253,253,251,188,194,197,183,182,180,135,136,136,64,63,60,88,86,85,0.54083,0.5351,0.53099
1,7.9214e+05,-1.164,13.4,195,800,-1.1888,13.268,186.49,920.26,0.27337,0.12268,0.025344,0.24453,0.11488,0.02112,0.21874,0.10925,0.018176,254,252,252,182,185,190,179,181,181,139,139,138,56,58,59,85,85,85,0.54371,0.53433,0.53114
1,7.9224e+05,-1.164,13.48,195,800,-1.1984,13.342,186.24,970.95,0.27538,0.12541,0.025472,0.24718,0.11842,0.021952,0.22584,0.11358,0.019328,249,251,251,195,199,201,190,186,181,146,143,137,67,64,59,83,85,86,0.55138,0.53659,0.5323
1,7.9234e+05,-1.164,13.56,195,800,-1.1729,13.406,186.59,828.95,0.27476,0.12784,0.025792,0.23492,0.12043,0.020928,0.21213,0.11552,0.01856,250,251,250,213,209,206,187,183,180,142,139,135,62,61,58,83,85,86,0.52954,0.53445,0.53232
1,7.9244e+05,-1.164,13.64,195,800,-1.1931,13.508,185.4,935.07,0.32436,0.1353,0.033536,0.2931,0.13058,0.028992,0.26887,0.12161,0.025344,251,249,249,213,212,210,176,176,177,128,129,131,44,47,52,84,85,86,0.54464,0.53465,0.53255
1,7.9254e+05,-1.164,13.72,195,800,-1.1899,13.592,186.18,968.11,0.29247,0.12883,0.028032,0.24854,0.12092,0.022912,0.21321,0.12043,0.019584,247,247,248,199,207,210,174,176,177,128,130,131,45,46,49,85,85,86,0.52445,0.53096,0.53374
1,7.9264e+05,-1.164,13.8,195,800,-1.1814,13.643,186.26,733.32,0.27119,0.13583,0.028672,0.25574,0.12758,0.025024,0.24235,0.12013,0.022592,243,245,248,221,212,210,179,180,180,141,139,136,51,52,55,85,86,87,0.53982,0.53555,0.53342
1,7.9274e+05,-1.164,13.88,195,800,-1.1772,13.723,185.45,830.48,0.33536,0.13105,0.032896,0.29993,0.12357,0.02752,0.26511,0.12101,0.023552,246,249,250,203,212,215,184,183,183,138,141,141,68,68,65,92,91,89,0.51942,0.52784,0.52973
1,7.9284e+05,-1.164,13.96,195,800,-1.1994,13.819,184.91,1004.7,0.30644,0.161,0.032576,0.27029,0.15442,0.027392,0.25774,0.12272,0.023232,252,251,251,205,210,213,186,184,183,142,142,141,73,71,67,92,91,90,0.53699,0.53599,0.53344
1,7.9294e+05,-1.164,14.04,195,800,-1.2037,13.899,186.39,1067.4,0.3065,0.12302,0.027328,0.2665,0.11572,0.02304,0.24028,0.1117,0.02016,252,253,252,200,206,210,177,180,182,143,143,143,57,60,63,89,88,87,0.54517,0.53417,0.53118
1,7.9304e+05,-1.164,14.12,195,800,-1.1878,13.965,186.73,644.81,0.29164,0.12951,0.028672,0.26656,0.12493,0.025216,0.24856,0.11992,0.0224,253,252,251,205,206,208,173,178,182,141,143,144,53,55,57,84,84,84,0.53461,0.5315,0.53145
1,7.9314e+05,-1.164,14.2,195,800,-1.2005,14.071,187,951.17,0.24605,0.13576,0.02592,0.21033,0.13084,0.02176,0.19845,0.12731,0.019968,248,248,247,204,207,206,174,178,181,145,145,143,51,51,52,77,77,80,0.52386,0.53512,0.53352
1,7.9324e+05,-1.164,14.28,195,800,-1.1878,14.134,186.56,832.91,0.29779,0.12959,0.02912,0.27343,0.12326,0.025344,0.24976,0.11836,0.022336,239,240,241,180,188,195,180,181,182,139,140,142,49,50,50,79,80,82,0.52946,0.52994,0.53122
1,7.9334e+05,-1.164,14.36,195,800,-1.1888,14.216,187.64,887.36,0.30253,0.12611,0.027904,0.26782,0.12303,0.024448,0.2409,0.11923,0.02112,237,239,240,164,176,187,183,182,182,140,140,142,51,51,51,85,85,86,0.5545,0.53271,0.53103
1,7.9344e+05,-1.164,14.44,195,800,-1.1814,14.289,186.42,852.88,0.28971,0.12025,0.025344,0.2551,0.1146,0.021312,0.21913,0.1112,0.018048,241,240,237,179,176,176,180,182,184,146,144,142,58,54,52,92,93,94,0.51277,0.53251,0.53243
1,7.9354e+05,-1.164,14.52,195,800,-1.2016,14.372,187.68,702.07,0.26704,0.12244,0.025216,0.24376,0.11697,0.021824,0.22187,0.11154,0.01888,240,237,236,184,177,173,183,184,184,145,144,142,54,53,51,93,94,96,0.54279,0.53434,0.53271
1,7.9364e+05,-1.164,14.6,195,800,-1.1963,14.457,187.26,808.06,0.28867,0.13411,0.029696,0.25875,0.12909,0.025472,0.23403,0.12353,0.022464,226,230,233,163,169,174,188,183,180,141,141,140,46,47,49,99,101,102,0.52626,0.52923,0.53283
1,7.9374e+05,-1.164,14.68,195,800,-1.174,14.511,186.95,733.43,0.31746,0.13573,0.031616,0.29137,0.12713,0.02752,0.26983,0.12498,0.025152,233,234,236,184,183,181,169,171,173,137,136,135,51,50,48,112,110,107,0.53233,0.53414,0.5333
1,7.9384e+05,-1.164,14.76,195,800,-1.1867,14.609,186.85,635.92,0.30488,0.13612,0.030656,0.27291,0.12771,0.02528,0.24672,0.1219,0.022016,238,238,239,195,192,188,169,169,170,130,132,133,54,51,48,112,111,110,0.52961,0.53587,0.53609
1,7.9394e+05,-1.164,14.84,195,800,-1.1899,14.688,185.57,756.42,0.29377,0.12511,0.027456,0.25272,0.1223,0.022976,0.23114,0.11634,0.020032,242,243,243,203,200,197,170,170,172,127,128,130,46,46,47,112,113,115,0.52861,0.53997,0.54008
1,7.9404e+05,-1.164,14.92,195,800,-1.1772,14.764,186.69,940.31,0.28191,0.13273,0.02752,0.25667,0.12667,0.023488,0.23622,0.12052,0.02048,242,243,243,205,204,200,175,173,173,129,129,130,45,46,47,115,116,117,0.54609,0.54824,0.54561
1,7.9414e+05,-1.164,15,195,800,-1.1835,14.84,184.65,698.79,0.28617,0.12626,0.0272,0.25882,0.11993,0.023232,0.23052,0.11379,0.02016,239,241,243,213,204,197,176,177,177,135,137,139,50,50,52,118,118,118,0.54573,0.54515,0.5472
1,7.9424e+05,-1.164,15.08,195,800,-1.1867,14.927,186.7,1004,0.26606,0.12458,0.024832,0.23035,0.12274,0.02112,0.20496,0.11644,0.018368,242,244,245,174,183,192,179,178,177,160,160,161,69,67,63,117,116,117,0.54387,0.54575,0.5454
1,7.9434e+05,-1.164,15.16,195,800,-1.1984,15,186.65,711.15,0.23697,0.12297,0.022528,0.20937,0.11752,0.019008,0.19136,0.11377,0.016896,249,246,246,171,184,194,175,177,175,176,175,176,81,74,66,118,116,114,0.55222,0.54809,0.54406
1,7.9444e+05,-1.164,15.24,195,800,-1.2143,15.108,186.51,1040.9,0.2098,0.13358,0.021504,0.17848,0.12976,0.018304,0.16949,0.12718,0.017088,245,246,246,220,210,201,175,173,173,212,211,210,64,66,67,108,110,113,0.54748,0.54979,0.54702
1,7.9454e+05,-1.164,15.32,195,800,-1.1909,15.16,187.33,877.39,0.29757,0.13041,0.028992,0.26488,0.12148,0.024,0.23808,0.11783,0.021184,243,243,243,215,209,202,173,172,171,233,229,226,59,61,67,107,110,113,0.54951,0.54495,0.54532
1,7.9464e+05,-1.164,15.4,195,800,-1.1867,15.242,186.34,859.89,0.24032,0.11372,0.020672,0.22353,0.10703,0.018112,0.20551,0.10151,0.015616,236,239,242,180,186,194,167,170,171,254,251,248,74,79,86,115,115,113,0.55056,0.54706,0.54677
1,7.9474e+05,-1.164,15.48,195,800,-1.192,15.316,185.8,948.88,0.21253,0.13355,0.02112,0.19523,0.12006,0.018304,0.18153,0.11466,0.01632,248,246,244,186,192,194,169,171,172,255,255,255,123,122,117,112,112,111,0.55211,0.54765,0.54926
1,7.9484e+05,-1.164,15.56,195,800,-1.1814,15.398,185.51,859.29,0.25707,0.12779,0.024832,0.23128,0.1228,0.02144,0.21068,0.11598,0.018944,250,248,247,213,202,195,174,173,175,255,255,255,139,135,131,109,109,109,0.5525,0.5483,0.55062
1,7.9494e+05,-1.164,15.64,195,800,-1.1931,15.483,184.75,816.65,0.28296,0.13316,0.027712,0.24516,0.12559,0.023296,0.21573,0.12361,0.02016,247,248,247,196,192,188,189,187,186,255,255,255,139,142,144,107,104,102,0.55884,0.55981,0.55643
1,7.9504e+05,-1.164,15.72,195,800,-1.192,15.563,186.58,892.32,0.25886,0.13464,0.025856,0.23171,0.12698,0.022528,0.21889,0.12003,0.019968,248,247,246,171,173,176,200,195,192,255,255,255,141,144,146,96,98,99,0.55291,0.5561,0.5579
1,7.9514e+05,-1.164,15.8,195,800,-1.1856,15.627,185.57,328.32,0.28162,0.13111,0.027712,0.26141,0.12328,0.024448,0.25008,0.11725,0.021824,241,240,241,145,152,165,201,198,193,255,255,255,142,141,140,87,91,99,0.551,0.56136,0.56202
1,7.9524e+05,-1.164,15.88,195,800,-1.1878,15.702,187.73,560.19,0.32084,0.13246,0.03168,0.28654,0.1246,0.027136,0.26786,0.12062,0.02464,227,233,237,176,180,180,175,180,184,255,255,255,122,125,135,124,124,124,0.57257,0.57343,0.57162
1,7.9534e+05,-1.164,15.96,195,800,-1.1941,15.788,186.84,741.76,0.27982,0.12377,0.02464,0.23582,0.11952,0.021056,0.2227,0.11184,0.01888,232,232,236,202,195,191,175,178,180,255,255,255,123,130,135,173,149,140,0.57255,0.57784,0.57231
1,7.9841e+05,-1.071,16,195,800,-1.1029,15.788,0.78025,668.11,0,0,0,0,0,0,0,0,0,240,239,236,215,211,200,179,183,184,255,255,255,147,143,147,169,166,163,0.50522,0.51753,0.52306
1,7.9851e+05,-1.071,15.92,195,800,-1.0976,15.713,186.77,950.98,0.22423,0.12626,0.019904,0.19887,0.11833,0.01696,0.17241,0.11783,0.015232,235,234,234,183,184,181,185,187,187,255,255,255,137,142,144,104,111,124,0.56755,0.57496,0.57694
1,7.9861e+05,-1.071,15.84,195,800,-1.0944,15.619,186.57,873.91,0.27354,0.11564,0.022272,0.20349,0.11471,0.017728,0.18911,0.11177,0.016,231,232,235,174,171,174,189,190,189,255,255,255,135,142,143,91,95,105,0.55878,0.56606,0.56781
1,7.9871e+05,-1.071,15.76,195,800,-1.1294,15.592,187.37,1121,0.2724,0.13414,0.028416,0.25401,0.12651,0.02496,0.23088,0.12316,0.02208,241,242,241,184,181,177,198,196,191,255,255,255,148,145,144,96,94,94,0.56931,0.56296,0.56127
1,7.9881e+05,-1.071,15.68,195,800,-1.1018,15.478,187.02,645.49,0.38728,0.1244,0.036288,0.36456,0.11324,0.030016,0.30275,0.10498,0.023104,252,248,245,196,189,185,194,193,189,255,255,255,164,152,143,100,98,95,0.54285,0.55136,0.55406
1,7.9891e+05,-1.071,15.6,195,800,-1.1082,15.411,185.76,988.42,0.33432,0.1297,0.031488,0.27564,0.12122,0.025344,0.25385,0.11429,0.021952,252,250,247,197,202,200,177,178,180,255,255,255,149,150,143,98,98,99,0.56014,0.55476,0.55387
1,7.9901e+05,-1.071,15.52,195,800,-1.1018,15.341,186.78,867.15,0.33021,0.12016,0.02912,0.27861,0.11438,0.023616,0.25195,0.10664,0.02016,243,243,243,214,204,197,165,169,173,255,255,255,150,136,121,99,101,104,0.55443,0.55218,0.5512
1,7.9911e+05,-1.071,15.44,195,800,-1.0997,15.259,186.5,843.19,0.2773,0.13661,0.0288,0.24717,0.12913,0.02464,0.23584,0.12445,0.022464,241,241,242,189,193,194,167,168,172,255,254,253,122,113,105,107,106,106,0.54734,0.5463,0.54835
1,7.9921e+05,-1.071,15.36,195,800,-1.087,15.173,185.41,821.97,0.35663,0.11591,0.030208,0.29795,0.10979,0.024064,0.25418,0.10829,0.020544,242,243,243,191,194,196,168,169,172,245,243,239,64,67,72,109,108,110,0.54375,0.54414,0.5459
1,7.9931e+05,-1.071,15.28,195,800,-1.1061,15.11,185.54,699.1,0.29841,0.13687,0.030464,0.27722,0.12998,0.026944,0.26012,0.12164,0.023488,246,245,245,214,208,200,169,170,172,227,228,227,57,58,63,106,109,111,0.54136,0.54444,0.5447
1,7.9941e+05,-1.071,15.2,195,800,-1.0912,15.011,186.48,730.89,0.35074,0.12877,0.033344,0.2981,0.12242,0.027456,0.26642,0.11695,0.023808,250,251,249,220,213,202,170,173,175,194,194,194,58,59,60,116,114,113,0.54419,0.54416,0.54649
1,7.9951e+05,-1.071,15.12,195,800,-1.1008,14.946,186.1,660.3,0.347,0.13259,0.034688,0.30956,0.12504,0.028928,0.2704,0.1175,0.024128,252,250,247,188,190,195,181,180,178,158,161,162,56,57,58,112,117,120,0.5463,0.54697,0.54469
1,7.9961e+05,-1.071,15.04,195,800,-1.1061,14.868,186.54,715.13,0.34371,0.13495,0.033856,0.30411,0.12877,0.028736,0.26942,0.12293,0.024896,247,246,246,180,187,193,182,181,179,144,147,150,52,54,56,122,123,122,0.54992,0.54441,0.5442
1,7.9971e+05,-1.071,14.96,195,800,-1.1124,14.785,186.71,779.05,0.3542,0.13603,0.037248,0.32751,0.12712,0.032192,0.30752,0.11892,0.028352,246,246,245,184,188,192,177,177,176,131,133,135,51,50,50,134,128,121,0.52196,0.53798,0.54153
1,7.9981e+05,-1.071,14.88,195,800,-1.0965,14.711,186.71,641.25,0.3985,0.13091,0.038208,0.34247,0.12105,0.029568,0.2983,0.11425,0.023488,250,248,246,182,188,194,173,173,173,128,131,134,49,49,49,118,119,118,0.5357,0.53856,0.5393
1,7.9991e+05,-1.071,14.8,195,800,-1.1262,14.654,187.82,642.67,0.30894,0.14109,0.030528,0.27704,0.13235,0.026112,0.25029,0.12605,0.022144,247,247,245,197,198,194,168,169,169,138,137,136,48,49,49,105,106,109,0.55168,0.54133,0.53862
1,8.0001e+05,-1.071,14.72,195,800,-1.0785,14.529,187.72,940.22,0.3799,0.1288,0.035584,0.32779,0.12051,0.02912,0.29723,0.11403,0.025088,241,241,241,191,188,184,167,171,172,140,141,139,52,51,49,105,106,104,0.5396,0.53355,0.53389
1,8.0011e+05,-1.071,14.64,195,800,-1.1146,14.488,186.26,760.68,0.32338,0.1214,0.02976,0.29338,0.11427,0.02528,0.2673,0.10981,0.02208,238,238,239,164,171,177,173,176,176,136,140,141,49,50,50,104,104,103,0.52181,0.53059,0.53383
1,8.0021e+05,-1.071,14.56,195,800,-1.0965,14.378,186.29,762.04,0.26876,0.12932,0.026368,0.25169,0.12119,0.02336,0.2405,0.11626,0.021312,234,238,240,163,168,174,189,188,184,145,144,145,48,49,50,104,103,102,0.51918,0.53195,0.53283
1,8.0031e+05,-1.071,14.48,195,800,-1.0965,14.299,187.45,702.18,0.28904,0.12481,0.026624,0.25744,0.11667,0.022976,0.22908,0.11287,0.019584,238,241,242,183,179,177,191,190,186,150,149,147,47,50,50,106,104,100,0.54379,0.53034,0.53046
1,8.0041e+05,-1.071,14.4,195,800,-1.0955,14.224,187.04,762.88,0.35046,0.12673,0.032576,0.30488,0.12361,0.027712,0.26329,0.11875,0.02368,246,246,244,181,184,186,188,186,183,152,152,151,50,51,51,96,95,93,0.5201,0.53064,0.53138
1,8.0051e+05,-1.071,14.32,195,800,-1.1039,14.151,188.05,867.34,0.45261,0.11631,0.034944,0.3656,0.11285,0.02592,0.25262,0.11366,0.021056,244,246,245,198,191,189,175,178,179,150,151,152,51,50,51,82,82,82,0.52642,0.53508,0.53515
1,8.0061e+05,-1.071,14.24,195,800,-1.0891,14.062,187.37,958.28,0.37903,0.12456,0.032768,0.30453,0.11901,0.025664,0.24566,0.11199,0.020608,244,247,246,200,197,192,178,178,178,154,154,152,49,50,51,76,78,79,0.53008,0.53349,0.5327
1,8.0071e+05,-1.071,14.16,195,800,-1.1061,14.003,185.34,901.14,0.29253,0.13856,0.030464,0.26207,0.13189,0.026048,0.2488,0.12688,0.02368,252,251,249,199,200,200,182,180,179,160,157,154,56,57,56,77,78,79,0.52979,0.53486,0.53463
1,8.0081e+05,-1.071,14.08,195,800,-1.0965,13.901,185.83,939.39,0.37187,0.13072,0.03264,0.29295,0.12766,0.026304,0.254,0.12072,0.022016,252,251,250,200,204,205,181,181,181,157,156,154,64,62,61,81,81,81,0.52605,0.52991,0.53169
1,8.0091e+05,-1.071,14,195,800,-1.1061,13.843,185.17,748.54,0.2986,0.17309,0.032384,0.26208,0.16779,0.0272,0.23891,0.12397,0.021696,250,251,251,228,221,215,190,187,184,151,153,152,81,78,70,87,87,88,0.52976,0.53193,0.5314
1,8.0101e+05,-1.071,13.92,195,800,-1.0955,13.746,185.64,938.85,0.31756,0.1294,0.030144,0.25824,0.12247,0.023936,0.22277,0.11723,0.020288,252,251,250,218,218,218,184,186,186,151,150,149,85,78,68,93,92,90,0.53867,0.53213,0.52911
1,8.0111e+05,-1.071,13.84,195,800,-1.0912,13.68,187.63,936.28,0.34946,0.13048,0.0336,0.30191,0.12504,0.028672,0.27224,0.12047,0.025024,250,249,248,205,212,215,180,184,184,151,148,146,62,65,64,89,90,90,0.52206,0.53213,0.53305
1,8.0121e+05,-1.071,13.76,195,800,-1.105,13.598,186.1,642.1,0.26865,0.1214,0.024128,0.23938,0.11548,0.020672,0.21083,0.11315,0.017856,246,245,246,202,205,208,180,179,180,140,139,138,53,52,52,82,84,86,0.54637,0.53375,0.53315
1,8.0131e+05,-1.071,13.68,195,800,-1.0827,13.489,187.84,790.21,0.30194,0.12753,0.0288,0.26489,0.12256,0.02464,0.25092,0.1174,0.022144,241,244,246,205,205,207,173,175,178,135,134,136,50,50,51,81,83,85,0.52618,0.52935,0.53143
1,8.0141e+05,-1.071,13.6,195,800,-1.0965,13.44,185.85,960.45,0.26711,0.13259,0.026816,0.24122,0.12421,0.022976,0.21642,0.11925,0.020096,246,247,248,203,202,201,167,171,176,131,135,137,56,56,55,86,85,85,0.53902,0.53661,0.53385
1,8.0151e+05,-1.071,13.52,195,800,-1.0997,13.357,187.37,1106.5,0.32361,0.12777,0.03104,0.27937,0.12153,0.0256,0.24694,0.11546,0.021824,253,252,251,182,189,195,166,171,177,152,146,140,71,64,58,87,86,86,0.52931,0.53244,0.53136
1,8.0161e+05,-1.071,13.44,195,800,-1.0891,13.283,187.77,701.59,0.31033,0.12472,0.027008,0.25559,0.11951,0.022912,0.22951,0.11574,0.01984,253,252,251,189,188,190,171,174,177,148,145,140,59,58,58,87,86,86,0.52614,0.53284,0.53311
1,8.0171e+05,-1.071,13.36,195,800,-1.1018,13.191,187.5,803.52,0.3134,0.1473,0.028928,0.27105,0.13757,0.023872,0.23857,0.13097,0.0208,253,252,252,191,191,194,179,177,178,136,136,138,50,52,57,84,84,85,0.5332,0.53419,0.53141
1,8.0181e+05,-1.071,13.28,195,800,-1.0955,13.131,187.43,1190.6,0.30353,0.12369,0.027712,0.26949,0.11713,0.023168,0.24566,0.11316,0.020736,253,252,251,196,198,200,179,177,177,139,138,138,54,57,58,82,84,86,0.51895,0.52748,0.53004
1,8.0191e+05,-1.071,13.2,195,800,-1.1008,13.058,187,776.74,0.31417,0.12998,0.030208,0.27618,0.12228,0.024896,0.23587,0.11993,0.021184,247,247,248,216,214,210,173,175,175,148,146,143,65,62,59,88,86,85,0.51728,0.53087,0.53156
1,8.0201e+05,-1.071,13.12,195,800,-1.0976,12.958,186.36,1053.6,0.1996,0.12704,0.019584,0.16976,0.12494,0.016768,0.16031,0.1185,0.014848,253,247,247,196,202,209,178,174,174,163,155,149,49,55,61,83,83,86,0.53805,0.53549,0.53266
1,8.0211e+05,-1.071,13.04,195,800,-1.0912,12.874,186.32,964.05,0.26441,0.13134,0.02592,0.22417,0.12765,0.022272,0.20634,0.11892,0.0192,253,249,247,191,197,206,177,176,176,165,156,149,57,63,68,87,86,87,0.54322,0.53482,0.53287
1,8.0221e+05,-1.071,12.96,195,800,-1.0997,12.808,185.27,1186.4,0.29409,0.11622,0.024704,0.24326,0.11063,0.019136,0.20518,0.10558,0.016256,248,248,249,203,201,204,191,184,180,147,147,145,103,93,79,93,93,91,0.53346,0.53303,0.53155
1,8.0231e+05,-1.071,12.88,195,800,-1.0976,12.725,186.02,800.09,0.29418,0.11628,0.02528,0.2586,0.11349,0.02144,0.23553,0.10643,0.018752,248,248,248,206,202,204,186,182,181,139,140,142,98,89,79,90,93,94,0.52319,0.52889,0.53075
1,8.0241e+05,-1.071,12.8,195,800,-1.1061,12.647,186.12,1070.4,0.31066,0.12672,0.028544,0.26685,0.12082,0.02464,0.24273,0.11616,0.02144,246,246,247,197,198,202,172,175,178,137,135,137,56,60,66,100,99,99,0.52426,0.53174,0.52971
1,8.0251e+05,-1.071,12.72,195,800,-1.1061,12.578,186.27,715.15,0.24989,0.13295,0.024448,0.22177,0.12466,0.02048,0.18468,0.12245,0.017344,246,247,248,191,192,193,175,172,171,137,138,140,48,52,58,111,106,104,0.54358,0.53233,0.52935
1,8.0261e+05,-1.071,12.64,195,800,-1.1061,12.49,189.05,584.45,0.27514,0.13088,0.02688,0.24383,0.12335,0.022912,0.21809,0.11978,0.01984,248,248,248,188,186,190,167,168,169,145,143,143,54,58,62,107,106,104,0.54166,0.53837,0.53615
1,8.0271e+05,-1.071,12.56,195,800,-1.1071,12.41,186.37,1025.4,0.31449,0.12126,0.02848,0.28522,0.11553,0.024,0.26072,0.1104,0.020864,249,250,250,187,185,188,173,170,169,157,152,147,92,78,67,100,102,102,0.55328,0.54318,0.54125
1,8.0281e+05,-1.071,12.48,195,800,-1.1061,12.347,186.92,969.96,0.34556,0.12335,0.030592,0.2782,0.11942,0.024896,0.24715,0.11401,0.021568,254,252,251,188,189,192,178,174,170,155,151,148,81,74,67,98,99,100,0.55655,0.54488,0.54319
1,8.0291e+05,-1.071,12.4,195,800,-1.087,12.23,185.41,947.82,0.25805,0.12658,0.02432,0.23623,0.11694,0.020608,0.21731,0.11339,0.018112,252,252,251,199,199,199,176,174,173,148,147,148,55,58,62,98,97,97,0.54516,0.54399,0.54292
1,8.0301e+05,-1.071,12.32,195,800,-1.1093,12.194,186.79,1024.7,0.27844,0.12051,0.025024,0.24905,0.11385,0.021184,0.22194,0.11093,0.018368,248,249,250,201,198,202,174,173,173,149,149,150,75,66,61,96,96,97,0.55483,0.54573,0.54242
1,8.0311e+05,-1.071,12.24,195,800,-1.1018,12.1,188.05,966.39,0.25483,0.11736,0.020288,0.19528,0.11272,0.016448,0.17779,0.10761,0.014592,253,250,250,193,199,204,176,175,172,149,151,152,71,68,64,93,96,97,0.53893,0.54427,0.54528
1,8.0321e+05,-1.071,12.16,195,800,-1.0976,12.022,187.51,947.75,0.37427,0.11861,0.031744,0.32125,0.11423,0.026112,0.26214,0.11226,0.021504,251,252,251,221,216,214,167,168,169,160,160,160,69,69,68,98,97,96,0.52579,0.53781,0.54347
1,8.0331e+05,-1.071,12.08,195,800,-1.1082,11.941,186.72,652.25,0.24948,0.12726,0.024192,0.23797,0.11928,0.021376,0.21843,0.11393,0.018944,253,252,251,226,222,219,160,164,166,167,166,165,71,70,68,92,93,94,0.55089,0.5481,0.54615
1,8.0341e+05,-1.071,12,195,800,-1.0838,11.856,186.75,825.81,0.25478,0.12565,0.02432,0.23087,0.1188,0.02112,0.2204,0.11485,0.019392,251,249,248,220,222,220,157,159,161,177,175,173,65,66,67,84,86,88,0.54157,0.54686,0.54739
1,8.0351e+05,-1.071,11.92,195,800,-1.087,11.77,186.61,840.68,0.23315,0.12492,0.020416,0.21046,0.11718,0.017216,0.17625,0.11632,0.015488,242,244,246,205,205,203,154,155,158,176,177,179,73,71,69,88,89,90,0.54514,0.54227,0.54395
1,8.0361e+05,-1.071,11.84,195,800,-1.0838,11.677,185.24,998.21,0.2597,0.12064,0.023424,0.23662,0.11324,0.019456,0.2084,0.10891,0.017024,243,244,245,183,188,190,151,156,160,181,181,180,79,76,74,92,93,94,0.56099,0.55142,0.54701
1,8.0371e+05,-1.071,11.76,195,800,-1.0955,11.628,186.81,958.05,0.27425,0.12068,0.024768,0.24799,0.11463,0.021184,0.22087,0.11265,0.018688,240,243,246,168,166,173,173,169,167,187,183,180,97,96,95,102,105,105,0.55466,0.55154,0.55045
1,8.0381e+05,-1.071,11.68,195,800,-1.0859,11.527,185.36,808.48,0.29985,0.12325,0.025344,0.24063,0.12031,0.019904,0.17715,0.12127,0.01664,239,243,246,164,165,171,181,176,170,176,178,177,127,116,106,111,110,110,0.53841,0.54734,0.54859
1,8.0391e+05,-1.071,11.6,195,800,-1.087,11.45,186.99,1011.5,0.24984,0.12858,0.024704,0.23066,0.12235,0.021376,0.21581,0.11318,0.018944,249,247,246,169,178,186,178,176,173,162,161,159,149,133,114,114,120,128,0.55304,0.55122,0.54979
1,8.0401e+05,-1.071,11.52,195,800,-1.0923,11.384,186.56,712.04,0.2678,0.12279,0.02368,0.21725,0.11949,0.01952,0.19812,0.11196,0.017024,246,245,246,210,212,208,171,172,172,138,136,137,87,94,97,157,161,166,0.55283,0.55174,0.55199
1,8.0411e+05,-1.071,11.44,195,800,-1.1209,11.313,186.99,709.05,0.28449,0.12125,0.02464,0.24008,0.11818,0.020736,0.21487,0.11302,0.018048,242,245,247,232,223,215,169,170,171,123,125,127,69,79,84,189,193,192,0.55096,0.55515,0.55432
1,8.0421e+05,-1.071,11.36,195,800,-1.087,11.212,186.42,787.31,0.32073,0.11889,0.027904,0.29743,0.11136,0.023488,0.26918,0.10569,0.019904,248,247,246,206,217,222,168,168,167,114,115,117,75,71,69,253,245,236,0.55536,0.55876,0.55907
1,8.0431e+05,-1.071,11.28,195,800,-1.1124,11.159,185.89,877.71,0.21812,0.12392,0.020416,0.20373,0.11713,0.018432,0.19091,0.11369,0.016384,243,245,245,213,216,219,165,164,163,112,115,120,67,67,67,255,254,248,0.55556,0.55863,0.56028
1,8.0441e+05,-1.071,11.2,195,800,-1.0965,11.077,186.13,649.44,0.30902,0.12864,0.027968,0.25311,0.12181,0.02368,0.22676,0.11691,0.020416,235,238,241,220,212,206,148,151,156,135,141,151,70,74,85,255,255,255,0.56515,0.5662,0.56629
1,8.0451e+05,-1.071,11.12,195,800,-1.0965,10.983,187.77,824.97,0.32912,0.12893,0.032384,0.29346,0.12235,0.02752,0.26792,0.11746,0.023936,234,238,241,178,188,199,154,155,156,221,214,205,155,153,150,255,253,251,0.57674,0.57875,0.57909
1,8.0461e+05,-1.071,11.04,195,800,-1.123,10.929,187.21,917.12,0.26245,0.12538,0.025152,0.24718,0.12009,0.022656,0.23341,0.11467,0.020608,240,240,241,187,194,198,161,158,158,255,242,228,228,207,185,252,249,248,0.5834,0.57382,0.56773
1,8.0768e+05,-0.978,11,195,800,-1.0095,10.931,0.93915,956.09,0,0,0,0,0,0,0,0,0,239,242,243,197,195,196,162,163,163,255,255,248,246,226,202,229,236,242,0.50036,0.50841,0.51468
1,8.0778e+05,-0.978,11.08,195,800,-0.98405,10.987,185.82,888.34,0.33345,0.11729,0.023168,0.30385,0.11388,0.019776,0.17179,0.11243,0.014784,237,239,241,170,179,193,155,155,157,226,220,209,137,141,141,254,252,250,0.58314,0.58643,0.58483
1,8.0788e+05,-0.978,11.16,195,800,-1.0074,11.061,186.65,563.68,0.32509,0.11972,0.02624,0.20878,0.1203,0.019328,0.19286,0.11313,0.016832,234,238,241,182,188,196,149,152,156,180,182,182,85,96,108,255,255,254,0.56357,0.57156,0.57135
1,8.0798e+05,-0.978,11.24,195,800,-1.0095,11.16,188.33,983.95,0.31719,0.12302,0.02816,0.29334,0.11542,0.023808,0.26876,0.10508,0.019456,243,243,243,211,214,212,157,159,159,120,125,133,61,64,70,255,255,253,0.56266,0.56539,0.56388
1,8.0808e+05,-0.978,11.32,195,800,-1.0106,11.222,188.02,764.08,0.29325,0.12472,0.027456,0.26368,0.11986,0.024128,0.24473,0.11055,0.020288,246,246,245,216,219,220,166,165,163,116,117,121,61,63,67,255,251,245,0.55568,0.55763,0.55758
1,8.0818e+05,-0.978,11.4,195,800,-0.99466,11.284,186.88,658.98,0.35803,0.12911,0.035136,0.32197,0.11974,0.028928,0.27705,0.11522,0.024576,247,246,246,236,230,223,172,172,169,123,121,121,65,68,73,224,216,210,0.56042,0.55974,0.55674
1,8.0828e+05,-0.978,11.48,195,800,-1.0053,11.378,187.07,838.37,0.33374,0.13574,0.032448,0.29891,0.12393,0.02752,0.27193,0.11898,0.024128,245,245,245,217,213,209,168,168,170,139,138,138,90,94,98,153,154,160,0.55171,0.55252,0.55295
1,8.0838e+05,-0.978,11.56,195,800,-1.0053,11.464,186.75,1039.5,0.37861,0.11765,0.03136,0.30219,0.11263,0.024576,0.25504,0.10706,0.019328,246,245,245,202,194,197,166,168,170,153,151,150,128,117,111,127,130,138,0.55912,0.55361,0.55252
1,8.0848e+05,-0.978,11.64,195,800,-1.0074,11.528,185.21,758.88,0.23915,0.12534,0.022272,0.21901,0.11556,0.019072,0.20184,0.11381,0.017024,244,245,246,170,172,176,176,173,170,176,172,170,124,127,118,112,112,114,0.55661,0.54981,0.54874
1,8.0858e+05,-0.978,11.72,195,800,-1.0095,11.615,184.99,783.04,0.28696,0.16676,0.034688,0.28127,0.13037,0.02816,0.26114,0.12206,0.024576,249,245,246,173,168,171,182,172,168,183,180,177,110,110,111,115,109,107,0.55146,0.55271,0.54982
1,8.0868e+05,-0.978,11.8,195,800,-1.0032,11.679,186.16,810.04,0.28033,0.1229,0.025856,0.24145,0.11829,0.021248,0.21942,0.11033,0.01824,252,247,246,164,169,178,157,158,161,188,183,181,85,83,84,99,98,98,0.55323,0.54792,0.54819
1,8.0878e+05,-0.978,11.88,195,800,-1.0222,11.776,185.59,999.87,0.31396,0.13337,0.031424,0.29323,0.12385,0.026944,0.27448,0.11904,0.02432,246,246,247,211,199,195,157,155,158,175,175,177,73,70,70,90,88,89,0.55583,0.5471,0.54853
1,8.0888e+05,-0.978,11.96,195,800,-0.99679,11.842,186.37,741.8,0.30564,0.11931,0.027392,0.27119,0.11275,0.023232,0.26049,0.10484,0.020352,249,247,247,218,210,205,159,157,159,172,172,174,62,66,68,87,86,87,0.54157,0.54622,0.54804
1,8.0898e+05,-0.978,12.04,195,800,-1.0106,11.933,187.07,768.24,0.32766,0.13169,0.033536,0.29942,0.12311,0.028352,0.27864,0.11419,0.024512,250,251,250,213,217,218,163,162,163,171,169,168,80,74,69,91,90,91,0.5472,0.54463,0.54574
1,8.0908e+05,-0.978,12.12,195,800,-1.0106,11.994,186.94,1060.6,0.31379,0.12378,0.028992,0.27634,0.12038,0.02432,0.25839,0.11206,0.021056,252,252,251,215,218,218,165,166,166,168,165,164,83,77,70,96,96,94,0.55141,0.54718,0.54599
1,8.0918e+05,-0.978,12.2,195,800,-1.0042,12.085,187.15,811.17,0.28143,0.13421,0.026816,0.2506,0.12445,0.022528,0.22879,0.12033,0.019968,255,253,252,210,210,213,180,176,172,157,156,157,66,69,68,109,101,97,0.53415,0.54079,0.54423
1,8.0928e+05,-0.978,12.28,195,800,-1.0063,12.154,186.24,675.56,0.27575,0.14005,0.027392,0.24861,0.12841,0.022592,0.21603,0.12348,0.019136,249,250,251,211,210,210,181,177,175,152,151,149,71,64,61,94,95,97,0.54279,0.54551,0.5446
1,8.0938e+05,-0.978,12.36,195,800,-0.99785,12.229,187.37,867.39,0.18822,0.1362,0.019072,0.16289,0.1241,0.016,0.15713,0.12015,0.014784,251,250,251,218,214,208,174,176,176,147,147,147,59,60,60,94,95,96,0.55436,0.5459,0.54361
1,8.0948e+05,-0.978,12.44,195,800,-1.0032,12.296,187.43,762.58,0.35452,0.12066,0.029248,0.31519,0.11446,0.023744,0.2798,0.10838,0.01984,255,253,251,200,202,201,175,175,172,141,143,145,58,62,64,99,98,98,0.55527,0.54443,0.54235
1,8.0958e+05,-0.978,12.52,195,800,-1.0032,12.402,185.85,771.57,0.23386,0.14341,0.024,0.20683,0.13227,0.019904,0.19663,0.11185,0.016704,252,252,250,193,192,193,174,172,170,146,146,145,77,72,67,103,101,100,0.54503,0.54324,0.54301
1,8.0968e+05,-0.978,12.6,195,800,-1.0116,12.478,186.52,790.86,0.28067,0.13636,0.02912,0.25647,0.1252,0.024384,0.22984,0.12071,0.021312,249,249,249,178,182,187,168,167,168,147,146,144,72,70,66,107,105,102,0.53738,0.53886,0.53726
1,8.0978e+05,-0.978,12.68,195,800,-1.001,12.558,185.7,1063.4,0.30324,0.12728,0.02848,0.25968,0.12452,0.023872,0.22732,0.12245,0.020672,251,249,248,196,196,195,170,169,171,133,136,139,49,53,58,106,104,102,0.54867,0.53313,0.53311
1,8.0988e+05,-0.978,12.76,195,800,-1.0085,12.641,185.78,624.42,0.28992,0.13208,0.02752,0.24101,0.12589,0.022272,0.20123,0.12204,0.018752,244,246,248,208,205,201,168,171,174,130,134,137,54,53,58,104,102,100,0.53396,0.5265,0.53014
1,8.0998e+05,-0.978,12.84,195,800,-1.0085,12.71,185.14,847.72,0.30117,0.13644,0.029312,0.25558,0.13016,0.024064,0.21019,0.12854,0.02016,244,246,248,207,208,208,181,181,180,133,138,141,73,75,74,91,93,94,0.52632,0.53083,0.53248
1,8.1008e+05,-0.978,12.92,195,800,-0.99997,12.781,186.49,853.51,0.29124,0.14239,0.028864,0.25818,0.13645,0.024704,0.23836,0.13056,0.021824,247,248,248,206,208,208,190,186,182,143,145,145,94,89,79,88,90,91,0.54683,0.53224,0.53254
1,8.1018e+05,-0.978,13,195,800,-1.0159,12.876,184.34,1033.1,0.28806,0.14597,0.031744,0.26768,0.13539,0.027776,0.25374,0.12776,0.024832,250,250,249,202,206,209,185,184,180,158,156,152,78,77,74,89,86,86,0.53299,0.53016,0.53111
1,8.1028e+05,-0.978,13.08,195,800,-0.99254,12.911,186.76,707.13,0.32034,0.12704,0.029952,0.28321,0.1206,0.02528,0.26439,0.11449,0.022016,247,248,247,200,205,210,174,173,174,153,154,151,50,52,58,80,83,85,0.53085,0.52882,0.52957
1,8.1038e+05,-0.978,13.16,195,800,-1.0116,13.024,186.45,1243.3,0.28477,0.13311,0.028544,0.2581,0.12692,0.025088,0.2349,0.12209,0.021888,240,246,247,200,206,211,169,171,173,151,152,148,51,52,55,85,86,85,0.53579,0.53308,0.5314
1,8.1048e+05,-0.978,13.24,195,800,-1.0053,13.102,186.96,892.31,0.29862,0.12088,0.026432,0.26992,0.11376,0.022848,0.25165,0.10877,0.020352,251,250,249,207,206,205,170,173,175,143,142,141,54,56,57,86,86,86,0.53326,0.53008,0.53029
1,8.1058e+05,-0.978,13.32,195,800,-0.99572,13.178,188.22,520.91,0.27383,0.13174,0.0272,0.25012,0.12349,0.023488,0.23466,0.11722,0.02112,251,251,251,194,198,201,173,175,176,132,136,139,53,55,56,83,85,86,0.5142,0.52765,0.53184
1,8.1068e+05,-0.978,13.4,195,800,-1.0127,13.275,185.35,851.31,0.30966,0.1269,0.028288,0.2517,0.1234,0.02336,0.22128,0.11662,0.019968,249,251,252,179,187,193,171,175,178,132,135,138,49,52,55,84,86,86,0.53152,0.53299,0.53303
1,8.1078e+05,-0.978,13.48,195,800,-0.99679,13.322,187.25,845.21,0.32826,0.12101,0.028992,0.28135,0.11663,0.023744,0.25098,0.10902,0.019904,253,252,251,189,191,196,173,175,177,145,142,138,62,59,55,88,87,86,0.52806,0.53352,0.53203
1,8.1088e+05,-0.978,13.56,195,800,-1.0127,13.425,185.17,675.11,0.31771,0.12034,0.027968,0.26805,0.11813,0.023488,0.23228,0.11371,0.019776,252,251,250,194,195,199,171,174,177,139,139,137,62,59,55,89,87,86,0.52748,0.5309,0.53199
1,8.1098e+05,-0.978,13.64,195,800,-1.0127,13.504,187.12,904.03,0.23936,0.13149,0.02368,0.22079,0.12032,0.02048,0.20832,0.11774,0.018944,245,246,247,199,202,205,174,174,176,130,132,135,49,51,52,84,84,84,0.5346,0.5309,0.53278
1,8.1108e+05,-0.978,13.72,195,800,-0.98087,13.579,186.73,906.29,0.32465,0.13056,0.030656,0.28379,0.12711,0.026304,0.25538,0.12142,0.022592,245,245,246,202,205,208,174,177,178,135,134,136,51,51,51,83,84,85,0.53793,0.53576,0.53332
1,8.1118e+05,-0.978,13.8,195,800,-0.99572,13.64,187.59,833.47,0.30662,0.13368,0.030976,0.28004,0.12484,0.026624,0.26305,0.12029,0.024064,249,248,247,214,211,212,190,186,182,139,142,143,54,55,57,87,88,90,0.52319,0.53261,0.53076
1,8.1128e+05,-0.978,13.88,195,800,-0.99891,13.731,186.43,1134.1,0.26952,0.12793,0.025344,0.23803,0.11866,0.02144,0.21484,0.11392,0.018752,252,251,250,229,225,220,184,186,186,150,152,152,70,70,66,94,94,92,0.52993,0.53088,0.53053
1,8.1138e+05,-0.978,13.96,195,800,-1.0116,13.802,186.98,537.67,0.24155,0.12976,0.023616,0.22023,0.12304,0.020288,0.18915,0.11853,0.017536,254,252,250,236,229,220,186,186,185,157,156,155,77,74,69,91,91,90,0.51374,0.52916,0.53009
1,8.1148e+05,-0.978,14.04,195,800,-1.0021,13.899,187.15,1020.6,0.29028,0.1308,0.028608,0.26429,0.12601,0.024896,0.24146,0.121,0.02208,251,251,251,213,214,212,186,184,183,156,158,158,70,68,66,79,81,83,0.53118,0.5309,0.53078
1,8.1158e+05,-0.978,14.12,195,800,-1.0169,13.979,188.49,666.53,0.28607,0.11622,0.023616,0.21797,0.11551,0.019008,0.19516,0.11017,0.01664,252,250,249,198,202,204,182,182,181,157,158,158,69,64,60,79,79,80,0.51973,0.53031,0.53144
1,8.1168e+05,-0.978,14.2,195,800,-1.0032,14.053,185.77,837.34,0.27815,0.12875,0.02656,0.2578,0.1236,0.02336,0.23781,0.11538,0.02048,246,246,247,195,193,193,184,180,177,161,158,156,51,53,54,75,76,78,0.54926,0.53367,0.53105
1,8.1178e+05,-0.978,14.28,195,800,-1.0116,14.141,187.37,790.39,0.32205,0.13127,0.02976,0.26592,0.12415,0.024128,0.23122,0.12199,0.020608,245,245,245,197,193,190,170,174,177,157,156,155,50,50,50,81,81,82,0.52729,0.53012,0.53043
1,8.1188e+05,-0.978,14.36,195,800,-1.0032,14.214,187.53,752.05,0.30744,0.12803,0.029312,0.26787,0.12415,0.02528,0.24233,0.11891,0.022144,246,246,245,196,193,191,173,176,179,158,156,154,49,50,50,87,87,88,0.53207,0.52913,0.53286
1,8.1198e+05,-0.978,14.44,195,800,-1.0063,14.282,186.6,1070.2,0.2633,0.13656,0.026368,0.23743,0.13149,0.023104,0.22284,0.12274,0.020544,250,247,244,194,192,187,193,189,184,161,156,151,49,49,50,108,103,97,0.52732,0.53054,0.53234
1,8.1208e+05,-0.978,14.52,195,800,-1.0032,14.38,187.54,764.71,0.2991,0.12786,0.028032,0.26138,0.12218,0.023616,0.23273,0.11822,0.020352,244,244,243,187,183,181,195,189,185,154,151,149,48,48,50,114,106,99,0.533,0.53511,0.53333
1,8.1218e+05,-0.978,14.6,195,800,-1.0148,14.456,185.68,868.39,0.29116,0.12879,0.028544,0.26533,0.12316,0.024896,0.24779,0.11679,0.021888,242,241,242,160,166,176,181,179,179,138,140,144,50,49,49,99,101,101,0.52534,0.53212,0.53189
1,8.1228e+05,-0.978,14.68,195,800,-1.0085,14.53,185.48,663.52,0.31815,0.13005,0.028672,0.27211,0.12353,0.023744,0.24269,0.11743,0.020736,242,244,244,191,188,185,167,168,171,145,143,142,51,50,49,103,102,102,0.52145,0.53069,0.5322
1,8.1238e+05,-0.978,14.76,195,800,-1.001,14.599,185.97,1034.4,0.2964,0.12913,0.02784,0.26436,0.12195,0.023552,0.24163,0.11665,0.020672,247,247,246,204,198,191,166,167,169,150,144,140,49,49,50,101,102,104,0.5397,0.53272,0.53257
1,8.1248e+05,-0.978,14.84,195,800,-0.99997,14.659,185.71,556.87,0.28962,0.13054,0.027776,0.24908,0.12441,0.023424,0.22968,0.11892,0.021312,251,250,248,183,188,196,171,170,170,135,135,136,45,48,51,106,109,113,0.53609,0.53629,0.53603
1,8.1258e+05,-0.978,14.92,195,800,-1.0063,14.771,186.12,1407.8,0.31107,0.12878,0.029504,0.27834,0.1244,0.024896,0.24901,0.1168,0.021312,252,249,247,176,184,194,172,172,172,131,133,135,48,50,52,119,119,119,0.52918,0.53667,0.53871
1,8.1268e+05,-0.978,15,195,800,-1.0085,14.85,186.53,1071.6,0.28583,0.12272,0.026304,0.25492,0.11522,0.022208,0.22969,0.11055,0.019136,243,245,246,191,190,192,182,180,177,140,139,142,52,52,54,140,131,124,0.53519,0.53918,0.54181
1,8.1278e+05,-0.978,15.08,195,800,-0.99997,14.919,187.58,966.82,0.26435,0.12336,0.024192,0.23869,0.11394,0.02016,0.20922,0.10845,0.016768,250,249,248,191,195,197,183,181,178,157,160,164,56,55,56,115,118,121,0.52679,0.53962,0.54222
1,8.1288e+05,-0.978,15.16,195,800,-1.0021,14.992,187.08,818.8,0.2933,0.12622,0.027264,0.26457,0.11817,0.023232,0.24382,0.11284,0.020288,254,252,250,208,203,199,178,176,176,173,175,178,61,58,56,115,116,117,0.5486,0.54267,0.54342
1,8.1298e+05,-0.978,15.24,195,800,-1.0042,15.073,187.31,991.45,0.29201,0.12195,0.025728,0.25966,0.11409,0.021824,0.23238,0.1099,0.01888,250,250,249,218,208,200,168,170,174,211,211,212,54,56,58,113,113,114,0.53683,0.54376,0.54599
1,8.1308e+05,-0.978,15.32,195,800,-1.0201,15.179,185.35,759.85,0.25451,0.13177,0.02528,0.23429,0.12654,0.022528,0.22031,0.11983,0.019968,247,247,247,199,198,197,170,171,174,232,229,227,54,57,61,108,110,113,0.54781,0.54282,0.54604
1,8.1318e+05,-0.978,15.4,195,800,-1.0201,15.249,185.8,885.3,0.30183,0.13023,0.028032,0.25707,0.12403,0.02304,0.22684,0.11908,0.020032,244,241,241,184,187,192,172,175,175,254,251,248,80,83,85,105,107,108,0.5536,0.54757,0.54628
1,8.1328e+05,-0.978,15.48,195,800,-1.0159,15.344,185.66,1059.6,0.32794,0.12688,0.02976,0.29215,0.1209,0.024832,0.2538,0.11518,0.02016,236,238,241,221,206,196,172,175,177,255,255,255,135,129,118,96,99,103,0.56091,0.54916,0.54831
1,8.1338e+05,-0.978,15.56,195,800,-1.0053,15.39,186.51,652.4,0.25904,0.12652,0.025152,0.23355,0.12139,0.02144,0.20932,0.11514,0.018816,243,243,243,217,206,198,175,175,178,255,255,255,151,142,132,92,96,100,0.54991,0.55173,0.55061
1,8.1348e+05,-0.978,15.64,195,800,-1.0254,15.498,187.57,970.87,0.24928,0.12703,0.02304,0.21087,0.12225,0.019456,0.19564,0.1181,0.017344,253,250,246,198,198,195,185,184,184,255,255,255,154,149,142,98,96,96,0.55385,0.55486,0.55416
1,8.1358e+05,-0.978,15.72,195,800,-1.0032,15.544,187.8,639.69,0.29759,0.1196,0.025152,0.20611,0.11894,0.018688,0.18092,0.11275,0.015872,249,246,243,210,197,187,193,189,187,255,255,255,147,145,141,100,97,94,0.55934,0.5596,0.55796
1,8.1368e+05,-0.978,15.8,195,800,-1.001,15.632,188.35,864.06,0.28897,0.12376,0.026688,0.23566,0.12157,0.021824,0.19924,0.11752,0.01856,232,233,237,176,175,174,187,189,189,255,255,255,134,141,145,91,92,94,0.5666,0.56101,0.56287
1,8.1378e+05,-0.978,15.88,195,800,-1.0116,15.714,187.23,788.04,0.2863,0.1228,0.0256,0.25125,0.11695,0.02144,0.22675,0.11014,0.018624,235,235,234,165,174,179,190,187,186,255,255,255,178,159,147,107,111,121,0.57639,0.57268,0.57095
1,8.1388e+05,-0.978,15.96,195,800,-0.98618,15.769,187.64,726.81,0.26445,0.12061,0.02368,0.2344,0.11794,0.020608,0.21931,0.11093,0.018112,241,238,235,192,190,188,192,187,185,255,255,255,155,157,149,142,146,141,0.57928,0.57965,0.57233
1,8.1695e+05,-0.885,16,195,800,-0.92358,15.797,0.55514,848.8,0,0,0,0,0,0,0,0,0,228,234,236,196,196,193,183,184,184,255,255,255,144,146,149,170,163,153,0.56665,0.55211,0.53862
1,8.1705e+05,-0.885,15.92,195,800,-0.90236,15.722,186.02,590.28,0.18977,0.12779,0.016704,0.17973,0.12035,0.014656,0.15663,0.11745,0.01312,237,236,235,158,164,173,181,184,184,255,255,255,160,154,146,103,108,117,0.58091,0.5781,0.57892
1,8.1715e+05,-0.885,15.84,195,800,-0.92252,15.638,187.3,882.2,0.21202,0.11865,0.018688,0.19982,0.1076,0.016,0.17842,0.10517,0.014144,236,233,234,152,154,167,179,182,185,255,255,255,149,148,142,86,92,100,0.56269,0.5671,0.56749
1,8.1725e+05,-0.885,15.76,195,800,-0.91403,15.56,186.14,920.87,0.30833,0.12779,0.029504,0.28683,0.12144,0.025472,0.26688,0.11749,0.0224,231,235,238,177,175,176,180,182,184,255,255,255,126,128,134,88,88,90,0.55263,0.55562,0.55876
1,8.1735e+05,-0.885,15.68,195,800,-0.9257,15.492,187.2,850.81,0.27804,0.12462,0.025984,0.2353,0.11657,0.020992,0.21496,0.11153,0.01824,240,240,241,197,190,184,183,183,183,255,255,255,131,130,131,92,91,91,0.56921,0.55589,0.55544
1,8.1745e+05,-0.885,15.6,195,800,-0.89705,15.401,186.61,552.87,0.36072,0.12801,0.03328,0.32633,0.11837,0.027328,0.29926,0.11216,0.023168,243,243,242,192,195,197,179,180,182,255,255,255,129,127,125,95,96,97,0.55925,0.55645,0.55414
1,8.1755e+05,-0.885,15.52,195,800,-0.90554,15.328,186.17,784.51,0.29347,0.11894,0.024768,0.25481,0.11432,0.020608,0.23245,0.10985,0.017856,227,234,240,191,193,195,188,187,184,255,255,255,93,99,103,112,106,104,0.53906,0.54967,0.5506
1,8.1765e+05,-0.885,15.44,195,800,-0.91191,15.256,187.89,807.55,0.24874,0.13542,0.026368,0.23482,0.12764,0.02336,0.21847,0.12402,0.02112,233,236,240,193,192,193,195,190,185,255,254,253,80,83,88,112,111,108,0.54721,0.54825,0.54779
1,8.1775e+05,-0.885,15.36,195,800,-0.93737,15.177,186.55,925.03,0.32637,0.14519,0.036032,0.29495,0.13842,0.030656,0.27081,0.13318,0.027392,247,247,246,181,185,190,186,185,183,246,245,241,60,62,66,117,115,115,0.53937,0.54364,0.54487
1,8.1785e+05,-0.885,15.28,195,800,-0.91509,15.096,187.41,677.05,0.38494,0.12913,0.036608,0.33581,0.12172,0.030336,0.28776,0.11673,0.024896,250,250,249,178,184,191,179,179,180,235,232,229,56,57,60,118,118,117,0.544,0.54515,0.54581
1,8.1795e+05,-0.885,15.2,195,800,-0.9013,15.007,188.34,1020.3,0.30525,0.1428,0.031424,0.25286,0.1357,0.025664,0.22676,0.12355,0.021312,253,253,250,188,191,194,173,174,176,197,198,198,55,55,55,122,119,118,0.54678,0.54501,0.5445
1,8.1805e+05,-0.885,15.12,195,800,-0.90342,14.93,186.14,1066.4,0.26255,0.12441,0.024448,0.22317,0.11814,0.020096,0.20535,0.11454,0.017728,247,247,247,194,196,198,174,176,177,164,166,168,49,51,53,117,119,121,0.55099,0.54628,0.54418
1,8.1815e+05,-0.885,15.04,195,800,-0.90766,14.85,186.53,799.52,0.30427,0.12649,0.028928,0.26799,0.11961,0.023936,0.23643,0.1158,0.020736,241,243,246,203,202,201,178,178,178,152,155,158,48,52,55,124,123,122,0.55617,0.54447,0.54291
1,8.1825e+05,-0.885,14.96,195,800,-0.90872,14.776,187.53,999.44,0.32566,0.12725,0.031552,0.26784,0.12305,0.025216,0.24196,0.11776,0.022144,244,245,245,211,207,203,171,174,176,139,142,145,68,63,57,124,126,123,0.53776,0.53814,0.54016
1,8.1835e+05,-0.885,14.88,195,800,-0.90872,14.697,185.85,810.54,0.31691,0.13293,0.031424,0.26397,0.12615,0.02528,0.23718,0.11798,0.021312,248,247,246,200,203,204,166,171,175,135,139,143,68,63,57,120,121,120,0.53228,0.53365,0.53508
1,8.1845e+05,-0.885,14.8,195,800,-0.92252,14.63,187.09,927.44,0.37613,0.12143,0.030592,0.28769,0.11287,0.024064,0.2494,0.10927,0.020096,247,247,246,206,203,200,170,169,170,141,143,144,49,52,53,105,108,110,0.52296,0.52788,0.53006
1,8.1855e+05,-0.885,14.72,195,800,-0.91297,14.526,186.37,881.18,0.27607,0.1179,0.023616,0.23666,0.11096,0.019136,0.19852,0.10617,0.015936,250,247,245,186,188,187,161,168,171,146,150,150,48,49,49,100,100,101,0.53097,0.53094,0.53088
1,8.1865e+05,-0.885,14.64,195,800,-0.91721,14.462,186.61,1084.5,0.31092,0.11558,0.0256,0.26876,0.11136,0.02176,0.24199,0.1084,0.019456,249,246,244,169,175,181,166,171,174,149,152,152,51,50,49,93,95,98,0.5385,0.53237,0.53238
1,8.1875e+05,-0.885,14.56,195,800,-0.90766,14.381,186.22,892.2,0.29968,0.11879,0.025856,0.2626,0.11411,0.022464,0.23787,0.1102,0.019136,243,245,243,183,181,182,181,182,181,151,153,153,48,50,51,90,94,97,0.53464,0.53566,0.5332
1,8.1885e+05,-0.885,14.48,195,800,-0.93419,14.342,186.76,713.86,0.26222,0.12174,0.023232,0.22079,0.11573,0.019392,0.20164,0.11349,0.017216,243,245,243,198,194,187,185,185,182,149,152,154,48,51,52,96,97,96,0.53395,0.5316,0.53167
1,8.1895e+05,-0.885,14.4,195,800,-0.91509,14.218,186.76,992.3,0.33197,0.13369,0.03264,0.28859,0.12914,0.028352,0.26831,0.12184,0.025024,240,242,241,206,200,195,175,177,179,151,155,156,52,53,53,91,91,92,0.53457,0.53171,0.53301
1,8.1905e+05,-0.885,14.32,195,800,-0.90978,14.162,187.12,791.62,0.26045,0.11928,0.020608,0.18346,0.11981,0.01664,0.16495,0.11367,0.014592,236,239,240,187,189,189,166,171,175,158,160,159,50,51,52,78,81,84,0.51219,0.53001,0.53306
1,8.1915e+05,-0.885,14.24,195,800,-0.91933,14.086,185.84,778.62,0.31514,0.12146,0.029056,0.27832,0.11403,0.024064,0.25636,0.11174,0.021824,238,240,241,178,182,186,170,173,176,159,160,160,49,50,51,77,79,81,0.55262,0.53388,0.53176
1,8.1925e+05,-0.885,14.16,195,800,-0.90448,13.981,186.57,1090.1,0.31847,0.11337,0.024128,0.24723,0.11153,0.018816,0.19455,0.11031,0.015936,247,247,246,174,182,189,177,179,181,156,161,163,52,53,54,78,79,80,0.52107,0.53085,0.53144
1,8.1935e+05,-0.885,14.08,195,800,-0.90872,13.908,185.68,840.77,0.27295,0.13279,0.027328,0.2439,0.12484,0.023296,0.22346,0.11986,0.020416,250,249,248,195,193,195,180,181,183,164,165,165,54,55,56,79,79,81,0.5414,0.53251,0.5331
1,8.1945e+05,-0.885,14,195,800,-0.92039,13.847,186.87,873.31,0.29712,0.13118,0.029312,0.26629,0.12025,0.024,0.24421,0.11586,0.020864,249,249,250,221,219,213,177,180,183,172,170,165,58,58,60,84,87,89,0.53416,0.53153,0.53223
1,8.1955e+05,-0.885,13.92,195,800,-0.90872,13.756,186.34,1052.6,0.21961,0.13233,0.02272,0.20278,0.12283,0.019584,0.189,0.119,0.017536,247,248,248,231,225,218,178,182,184,157,158,157,56,58,59,109,101,94,0.51858,0.53038,0.53252
1,8.1965e+05,-0.885,13.84,195,800,-0.88856,13.664,187.44,846.01,0.29159,0.14033,0.025216,0.26094,0.13177,0.020736,0.21106,0.10412,0.016064,246,246,247,215,219,218,190,185,183,148,150,151,56,56,57,103,99,95,0.52408,0.53131,0.53278
1,8.1975e+05,-0.885,13.76,195,800,-0.91191,13.59,186.45,933.88,0.29225,0.11899,0.024896,0.2559,0.11048,0.021056,0.22155,0.10856,0.018304,244,244,245,215,215,215,177,181,182,139,139,139,49,51,52,88,88,89,0.52672,0.52997,0.53248
1,8.1985e+05,-0.885,13.68,195,800,-0.92464,13.528,186.3,1045.4,0.30491,0.12657,0.028992,0.27181,0.12194,0.025088,0.25052,0.11618,0.021952,244,245,246,219,217,214,177,178,179,133,134,135,49,49,50,87,86,87,0.54323,0.53575,0.53187
1,8.1995e+05,-0.885,13.6,195,800,-0.93313,13.452,185.9,907.61,0.31584,0.1198,0.026304,0.26649,0.11891,0.022336,0.23611,0.11504,0.0192,250,249,248,210,212,211,181,180,179,130,131,133,47,48,49,82,84,87,0.52499,0.52842,0.5319
1,8.2005e+05,-0.885,13.52,195,800,-0.91403,13.351,184.32,1004,0.30251,0.13116,0.028992,0.25195,0.12254,0.023552,0.22318,0.12083,0.020544,252,252,251,212,207,201,191,185,179,134,133,134,47,48,50,87,87,88,0.53657,0.53493,0.5326
1,8.2015e+05,-0.885,13.44,195,800,-0.93207,13.304,189.03,919.76,0.3361,0.12534,0.028224,0.24722,0.12005,0.022336,0.21827,0.1171,0.019328,251,252,251,204,200,196,188,184,180,130,133,136,49,50,51,90,89,88,0.53402,0.53281,0.53091
1,8.2025e+05,-0.885,13.36,195,800,-0.91191,13.191,187.72,902.85,0.27746,0.13193,0.027968,0.25522,0.12469,0.024704,0.2364,0.12089,0.022272,252,251,250,194,192,193,179,179,178,135,138,140,59,56,53,88,87,87,0.52791,0.53514,0.53151
1,8.2035e+05,-0.885,13.28,195,800,-0.90342,13.115,187.49,983.47,0.24538,0.13346,0.02496,0.21788,0.12946,0.02144,0.19634,0.12511,0.019008,250,250,250,202,198,195,185,180,176,141,141,141,63,57,52,84,86,87,0.52801,0.53087,0.53088
1,8.2045e+05,-0.885,13.2,195,800,-0.91085,13.04,185.96,831.75,0.31837,0.12463,0.028224,0.25727,0.12048,0.023232,0.22017,0.11753,0.019328,247,246,246,213,211,206,170,171,173,139,141,142,47,49,50,90,86,84,0.53121,0.53052,0.53257
1,8.2055e+05,-0.885,13.12,195,800,-0.87477,12.92,185.95,894.54,0.28485,0.12277,0.025856,0.25123,0.11869,0.0224,0.2326,0.11166,0.0192,242,244,246,230,220,214,167,170,174,146,143,144,46,48,52,80,81,83,0.52842,0.5339,0.53285
1,8.2065e+05,-0.885,13.04,195,800,-0.91721,12.902,186,667.11,0.2567,0.11784,0.02112,0.21779,0.11503,0.018176,0.20105,0.10807,0.015616,246,246,246,232,224,217,176,176,177,148,148,147,52,54,58,77,79,82,0.53821,0.53163,0.53122
1,8.2075e+05,-0.885,12.96,195,800,-0.91509,12.811,186.15,733.48,0.29707,0.14235,0.029184,0.26049,0.13239,0.024256,0.23941,0.12429,0.020864,249,249,248,228,224,218,180,182,182,162,155,149,82,76,68,80,83,85,0.52226,0.5314,0.53248
1,8.2085e+05,-0.885,12.88,195,800,-0.91615,12.722,187.45,813.64,0.24241,0.122,0.022272,0.20931,0.11563,0.018816,0.19724,0.11061,0.016832,249,249,248,225,221,216,181,183,182,156,150,146,86,77,69,87,88,88,0.54805,0.53639,0.53412
1,8.2095e+05,-0.885,12.8,195,800,-0.92358,12.662,186.83,777.66,0.22745,0.13491,0.022912,0.19916,0.13194,0.019392,0.17843,0.12815,0.016704,247,247,248,214,213,211,183,180,180,137,137,139,55,59,64,96,95,94,0.53301,0.52828,0.52927
1,8.2105e+05,-0.885,12.72,195,800,-0.90872,12.566,186.5,710.09,0.30562,0.13622,0.030016,0.27094,0.12513,0.024512,0.25127,0.11311,0.020288,252,250,247,214,205,197,174,176,176,140,138,138,62,63,62,96,97,98,0.52716,0.52998,0.52927
1,8.2115e+05,-0.885,12.64,195,800,-0.91615,12.5,185.69,907.95,0.22414,0.12837,0.022272,0.20348,0.12294,0.019456,0.18631,0.1178,0.01728,249,249,247,194,192,191,173,173,174,139,139,139,69,67,64,98,98,98,0.53886,0.53281,0.53387
1,8.2125e+05,-0.885,12.56,195,800,-0.931,12.428,187.03,802.19,0.30692,0.13174,0.030976,0.27793,0.12214,0.02592,0.25757,0.11641,0.022784,245,245,248,177,179,185,157,164,171,145,140,138,67,66,65,99,98,97,0.52354,0.53103,0.5365
1,8.2135e+05,-0.885,12.48,195,800,-0.91827,12.344,184.79,542.85,0.29123,0.13787,0.028736,0.25707,0.12795,0.024512,0.23097,0.11924,0.021056,247,247,248,185,188,191,162,166,170,136,136,137,61,62,64,97,97,96,0.5493,0.54051,0.54175
1,8.2145e+05,-0.885,12.4,195,800,-0.92146,12.257,185.76,994.81,0.25809,0.12724,0.024,0.23779,0.12023,0.020992,0.21796,0.11487,0.018688,250,250,250,240,222,207,180,176,175,133,135,139,54,57,61,95,93,94,0.54006,0.54311,0.54205
1,8.2155e+05,-0.885,12.32,195,800,-0.90448,12.18,186.83,919.48,0.28604,0.1238,0.026432,0.25414,0.118,0.022976,0.22734,0.11393,0.019584,250,250,251,221,222,217,183,179,177,155,150,147,55,57,61,98,95,94,0.5444,0.54027,0.54326
1,8.2165e+05,-0.885,12.24,195,800,-0.90766,12.076,186.95,1190.4,0.3455,0.11974,0.029632,0.3004,0.11211,0.024192,0.27217,0.10618,0.02112,254,252,252,221,219,217,174,178,175,155,154,152,58,60,64,95,97,96,0.53607,0.54473,0.54448
1,8.2175e+05,-0.885,12.16,195,800,-0.89599,11.999,185.8,997.92,0.28457,0.1353,0.027456,0.25241,0.12855,0.024192,0.22458,0.12292,0.0208,255,254,252,225,221,214,170,169,169,159,158,158,74,72,70,102,99,96,0.53942,0.54625,0.54577
1,8.2185e+05,-0.885,12.08,195,800,-0.91403,11.936,185.01,812.05,0.3369,0.13284,0.03232,0.29788,0.12545,0.026944,0.27535,0.11739,0.023104,252,251,251,224,218,212,167,166,166,164,162,161,78,76,71,98,97,95,0.53982,0.54926,0.54742
1,8.2195e+05,-0.885,12,195,800,-0.90554,11.85,186.85,919.52,0.3079,0.12835,0.028416,0.2726,0.11712,0.02368,0.23397,0.11524,0.020096,245,247,248,205,202,201,162,162,161,162,166,169,64,66,70,86,87,89,0.55254,0.54747,0.54613
1,8.2205e+05,-0.885,11.92,195,800,-0.90872,11.762,185.54,1051.4,0.27663,0.12433,0.025216,0.24526,0.11984,0.021632,0.21681,0.11282,0.01824,248,248,249,173,182,191,161,160,160,179,177,179,62,65,70,82,85,90,0.55154,0.54505,0.54649
1,8.2215e+05,-0.885,11.84,195,800,-0.91191,11.689,185.93,671.85,0.35253,0.12526,0.030784,0.29376,0.11834,0.024896,0.2547,0.11349,0.020864,252,251,250,171,180,186,162,160,160,183,184,183,70,73,74,87,90,93,0.55018,0.54742,0.54631
1,8.2225e+05,-0.885,11.76,195,800,-0.91827,11.628,186.76,776.63,0.30364,0.12331,0.02784,0.26187,0.11364,0.022656,0.23938,0.1123,0.020288,255,253,252,171,182,183,153,159,163,185,184,184,88,90,96,97,101,103,0.54565,0.54667,0.54737
1,8.2235e+05,-0.885,11.68,195,800,-0.93631,11.564,186.61,1214.9,0.30528,0.12553,0.02624,0.24909,0.12128,0.022144,0.22826,0.11499,0.019072,251,252,251,198,181,182,161,161,164,182,181,181,102,110,109,105,105,107,0.54446,0.54864,0.54893
1,8.2245e+05,-0.885,11.6,195,800,-0.91827,11.467,187.2,656.34,0.26589,0.12151,0.024256,0.21472,0.11811,0.019648,0.19485,0.11358,0.017152,245,247,248,175,186,193,164,163,165,172,169,166,146,131,113,113,116,123,0.53786,0.55153,0.55046
1,8.2255e+05,-0.885,11.52,195,800,-0.90024,11.355,186.35,834.33,0.30055,0.1346,0.026752,0.22396,0.12965,0.021056,0.20244,0.11699,0.018176,248,246,247,213,214,210,160,165,167,138,141,143,87,88,92,145,150,155,0.55624,0.55331,0.5519
1,8.2265e+05,-0.885,11.44,195,800,-0.90554,11.307,186.23,741.62,0.2755,0.13617,0.026816,0.24533,0.12691,0.021888,0.21104,0.12292,0.018944,244,247,248,233,225,218,174,170,167,121,127,132,74,73,78,171,174,179,0.55673,0.55381,0.55339
1,8.2275e+05,-0.885,11.36,195,800,-0.88432,11.192,186.62,1123.6,0.28735,0.14042,0.030144,0.25818,0.1343,0.026304,0.244,0.1254,0.023424,252,249,247,232,229,225,170,169,166,116,116,119,65,68,71,229,228,225,0.56394,0.56006,0.55816
1,8.2285e+05,-0.885,11.28,195,800,-0.90448,11.136,185.98,632.6,0.30447,0.13227,0.027008,0.26148,0.12926,0.022272,0.22799,0.12093,0.018688,248,248,247,233,226,221,161,162,162,114,117,123,73,72,71,255,247,240,0.55205,0.55894,0.56073
1,8.2295e+05,-0.885,11.2,195,800,-0.91297,11.064,184.75,856.52,0.21835,0.12912,0.02176,0.20316,0.12297,0.0192,0.19155,0.11834,0.017152,242,244,244,203,203,203,158,155,156,142,147,154,69,73,81,255,255,255,0.56851,0.5667,0.56673
1,8.2305e+05,-0.885,11.12,195,800,-0.91827,10.983,186.57,869.91,0.25956,0.12686,0.024192,0.22658,0.12295,0.021376,0.21626,0.11755,0.019392,247,246,245,168,178,190,154,159,162,231,219,207,96,105,118,254,252,249,0.57824,0.57698,0.57742
1,8.2315e+05,-0.885,11.04,195,800,-0.90872,10.917,186.64,840.36,0.31152,0.12613,0.028992,0.28317,0.12078,0.02528,0.25721,0.11483,0.021952,248,248,246,177,183,189,168,168,166,255,244,229,136,141,141,247,245,245,0.59895,0.58632,0.56953
1,8.2622e+05,-0.792,11,195,800,-0.83233,10.931,-0.063905,668.65,0,0,0,0,0,0,0,0,0,252,251,251,205,200,198,174,173,169,243,236,229,149,138,135,247,245,240,0.52422,0.51039,0.50931
1,8.2632e+05,-0.792,11.08,195,800,-0.82066,10.991,186.66,1064.4,0.35852,0.11758,0.020736,0.1686,0.1127,0.01472,0.15307,0.11127,0.01344,243,247,249,186,189,198,162,161,161,192,193,192,85,91,101,255,254,249,0.60252,0.58981,0.58532
1,8.2642e+05,-0.792,11.16,195,800,-0.81854,11.072,187.58,891.7,0.21347,0.1283,0.020992,0.19934,0.11918,0.01856,0.18779,0.11365,0.01664,247,247,248,203,200,201,151,155,157,158,163,169,75,78,87,255,255,253,0.56169,0.57043,0.5726
1,8.2652e+05,-0.792,11.24,195,800,-0.82172,11.15,186.93,885.9,0.27534,0.13123,0.0272,0.25455,0.12529,0.024128,0.24728,0.11537,0.02144,249,249,249,229,222,216,154,153,155,120,126,133,95,86,78,255,255,250,0.56104,0.56898,0.5661
1,8.2662e+05,-0.792,11.32,195,800,-0.82703,11.221,186.64,829.61,0.3274,0.12502,0.028736,0.25973,0.11967,0.021888,0.23564,0.1123,0.018048,247,249,250,219,221,220,154,156,157,118,120,124,97,87,77,254,247,239,0.55035,0.55782,0.55967
1,8.2672e+05,-0.792,11.4,195,800,-0.82278,11.289,185.69,1003.5,0.3161,0.12302,0.028736,0.29254,0.11598,0.02464,0.2732,0.10639,0.020928,250,250,250,207,212,216,165,164,162,115,120,124,65,70,74,196,201,202,0.5505,0.5558,0.55707
1,8.2682e+05,-0.792,11.48,195,800,-0.82915,11.374,186.34,978.48,0.3418,0.12845,0.032832,0.32052,0.11857,0.02784,0.28972,0.11344,0.024064,250,250,250,210,207,206,162,165,165,150,145,143,70,74,82,157,154,154,0.54295,0.5499,0.55263
1,8.2692e+05,-0.792,11.56,195,800,-0.84931,11.46,186.23,757.62,0.27534,0.12277,0.02528,0.2467,0.11206,0.020928,0.21527,0.10922,0.017984,252,251,250,204,202,201,162,165,166,164,161,155,82,92,95,137,135,136,0.54788,0.54975,0.54916
1,8.2702e+05,-0.792,11.64,195,800,-0.83976,11.547,187.11,913.56,0.28624,0.12296,0.02592,0.25071,0.11558,0.021504,0.22215,0.11193,0.018112,255,254,253,199,196,193,171,168,165,178,177,176,131,121,105,109,113,115,0.55528,0.55089,0.54941
1,8.2712e+05,-0.792,11.72,195,800,-0.81854,11.585,185.45,480.86,0.31376,0.13342,0.032,0.27824,0.12564,0.026304,0.25266,0.11954,0.022976,255,255,253,189,195,194,166,166,165,171,181,184,100,110,104,115,109,110,0.54586,0.54632,0.54758
1,8.2722e+05,-0.792,11.8,195,800,-0.83764,11.693,185.47,908.46,0.25776,0.12982,0.02496,0.22299,0.12464,0.021312,0.20541,0.12173,0.019072,254,254,253,218,202,196,162,164,163,204,196,189,76,78,81,109,105,103,0.54589,0.54555,0.5476
1,8.2732e+05,-0.792,11.88,195,800,-0.81323,11.774,187.89,959.75,0.34794,0.13795,0.033856,0.30466,0.13353,0.028288,0.27223,0.12817,0.024128,247,250,249,192,195,197,158,162,164,184,186,186,66,68,70,90,92,94,0.53118,0.5452,0.54594
1,8.2742e+05,-0.792,11.96,195,800,-0.82278,11.839,186.7,743.53,0.37284,0.12367,0.030016,0.24393,0.1216,0.021504,0.18999,0.1222,0.0176,247,247,248,191,192,195,159,161,163,177,178,179,67,68,69,83,87,91,0.54694,0.55079,0.54796
1,8.2752e+05,-0.792,12.04,195,800,-0.85886,11.957,187.05,863.54,0.27724,0.13705,0.029632,0.24675,0.1289,0.024896,0.22064,0.12325,0.021504,245,247,248,182,194,200,160,162,163,164,166,168,75,72,69,92,91,90,0.53563,0.54431,0.54675
1,8.2762e+05,-0.792,12.12,195,800,-0.83127,11.984,186.2,710.24,0.32571,0.13116,0.032128,0.29469,0.11932,0.026048,0.26724,0.11421,0.02272,248,249,249,196,202,206,156,161,165,156,160,163,75,70,68,93,93,92,0.53775,0.54902,0.54675
1,8.2772e+05,-0.792,12.2,195,800,-0.83657,12.087,186.25,819.35,0.35306,0.12602,0.032512,0.31623,0.12104,0.027584,0.28467,0.11558,0.024192,254,253,252,218,218,214,169,168,170,147,151,155,56,62,66,88,90,92,0.53135,0.54705,0.54554
1,8.2782e+05,-0.792,12.28,195,800,-0.8387,12.167,185.38,811.7,0.3038,0.13102,0.030144,0.27326,0.12138,0.025728,0.25498,0.11594,0.02272,252,251,251,207,211,214,181,176,174,148,147,147,73,70,67,88,88,90,0.5414,0.54179,0.54208
1,8.2792e+05,-0.792,12.36,195,800,-0.84294,12.253,185.91,914.17,0.32694,0.13444,0.031168,0.28986,0.12674,0.026368,0.26894,0.11739,0.023168,249,250,250,196,204,208,172,175,174,141,142,142,76,74,68,86,88,90,0.53949,0.53995,0.54046
1,8.2802e+05,-0.792,12.44,195,800,-0.82915,12.324,185.65,648.11,0.34051,0.12567,0.029248,0.26908,0.11824,0.023424,0.23596,0.11737,0.020864,249,247,247,184,186,192,170,171,171,126,129,134,66,64,62,86,88,90,0.53946,0.54437,0.54173
1,8.2812e+05,-0.792,12.52,195,800,-0.83657,12.404,187.37,805.04,0.29362,0.12738,0.02816,0.26764,0.11764,0.023936,0.24789,0.113,0.021056,245,246,247,172,176,184,170,171,171,127,129,133,55,57,60,88,90,91,0.52424,0.53532,0.53715
1,8.2822e+05,-0.792,12.6,195,800,-0.84082,12.478,186.87,939.33,0.19781,0.13053,0.019392,0.16271,0.12543,0.015808,0.14926,0.11797,0.013952,243,244,246,174,178,185,182,179,176,137,136,137,61,63,61,90,92,94,0.53459,0.53201,0.53285
1,8.2832e+05,-0.792,12.68,195,800,-0.81217,12.55,186.94,633.43,0.2784,0.12004,0.024256,0.24274,0.11431,0.0208,0.22207,0.10962,0.018048,248,247,247,204,199,196,196,188,180,139,141,141,75,69,62,96,94,94,0.52244,0.53061,0.53083
1,8.2842e+05,-0.792,12.76,195,800,-0.83127,12.639,186.47,944.6,0.31105,0.11995,0.026112,0.26723,0.11523,0.022272,0.24016,0.11075,0.019392,246,248,248,194,199,203,186,185,181,139,141,143,59,62,62,96,94,94,0.53461,0.53251,0.53141
1,8.2852e+05,-0.792,12.84,195,800,-0.82703,12.717,185.96,736.51,0.28662,0.12124,0.025664,0.25432,0.11565,0.021888,0.2254,0.1126,0.018688,251,249,248,216,213,212,177,178,179,142,144,147,57,58,60,89,89,90,0.53844,0.53243,0.53295
1,8.2862e+05,-0.792,12.92,195,800,-0.83445,12.8,185.86,689.31,0.29002,0.12512,0.025856,0.25552,0.11674,0.022144,0.23033,0.1147,0.019968,249,248,248,234,223,215,181,179,179,150,148,147,59,59,59,85,86,86,0.53056,0.53289,0.53066
1,8.2872e+05,-0.792,13,195,800,-0.82915,12.883,186.97,850.13,0.31835,0.13107,0.030336,0.26683,0.12788,0.0256,0.2402,0.12337,0.022208,246,245,245,215,219,219,186,182,179,144,146,146,52,53,55,81,81,81,0.53676,0.5292,0.53111
1,8.2882e+05,-0.792,13.08,195,800,-0.8387,12.963,185.4,835.56,0.27228,0.12345,0.025216,0.2407,0.1201,0.021888,0.22611,0.11087,0.01888,241,241,243,212,214,215,176,175,175,130,134,138,47,49,50,82,80,81,0.52678,0.53336,0.53326
1,8.2892e+05,-0.792,13.16,195,800,-0.84612,13.041,188.14,945.05,0.21545,0.11943,0.019712,0.19946,0.11093,0.017152,0.18405,0.10804,0.01536,244,243,244,214,213,211,169,171,175,127,130,137,48,49,50,83,81,82,0.53371,0.53577,0.53433
1,8.2902e+05,-0.792,13.24,195,800,-0.82066,13.113,186.43,971.24,0.28218,0.12077,0.024576,0.25286,0.11271,0.020928,0.22184,0.10884,0.017856,252,248,246,188,193,198,177,176,177,142,142,141,48,50,52,83,83,85,0.54288,0.53773,0.5344
1,8.2912e+05,-0.792,13.32,195,800,-0.8387,13.197,186.63,941.66,0.26523,0.13749,0.027264,0.23903,0.12925,0.023552,0.21789,0.12367,0.020864,246,247,247,173,183,194,182,180,178,161,150,143,50,51,52,86,86,87,0.53936,0.53318,0.53226
1,8.2922e+05,-0.792,13.4,195,800,-0.83976,13.265,186.86,765.93,0.28884,0.12787,0.026752,0.24851,0.12264,0.022528,0.22066,0.11936,0.019776,250,249,249,190,190,193,177,179,181,149,146,143,48,49,50,93,91,90,0.53842,0.53223,0.53255
1,8.2932e+05,-0.792,13.48,195,800,-0.81748,13.354,186.75,1100.6,0.25054,0.12373,0.02272,0.21637,0.12031,0.019712,0.20729,0.11087,0.01728,252,251,249,208,206,205,182,180,181,133,133,134,48,47,47,90,91,91,0.54452,0.53412,0.53137
1,8.2942e+05,-0.792,13.56,195,800,-0.84188,13.425,186.6,952.82,0.27645,0.12176,0.025536,0.24561,0.11489,0.021888,0.22803,0.10836,0.018624,248,248,248,214,212,211,177,179,181,128,129,132,47,46,46,93,91,90,0.52494,0.53241,0.53415
1,8.2952e+05,-0.792,13.64,195,800,-0.82915,13.499,187.08,742.56,0.23929,0.12613,0.022976,0.22103,0.11592,0.01984,0.20076,0.11347,0.017728,244,244,245,231,225,218,176,177,179,131,130,131,45,45,46,89,89,90,0.53151,0.53261,0.53165
1,8.2962e+05,-0.792,13.72,195,800,-0.82703,13.574,186.67,972.96,0.27245,0.1318,0.027008,0.23828,0.12622,0.022912,0.21011,0.1227,0.020096,243,243,244,234,226,217,179,178,179,136,134,134,45,46,47,89,89,90,0.53433,0.53487,0.53262
1,8.2972e+05,-0.792,13.8,195,800,-0.82703,13.646,187.09,641.23,0.26094,0.12726,0.025152,0.22252,0.12376,0.021056,0.19959,0.11827,0.017792,245,244,244,208,211,213,181,180,181,149,147,146,55,54,53,91,92,94,0.51148,0.52802,0.53044
1,8.2982e+05,-0.792,13.88,195,800,-0.82596,13.75,185.82,780.39,0.24692,0.12761,0.023168,0.20552,0.12009,0.018368,0.1727,0.11869,0.016064,244,245,247,215,209,208,182,184,185,165,162,159,63,60,57,100,97,94,0.52787,0.5344,0.53203
1,8.2992e+05,-0.792,13.96,195,800,-0.81323,13.794,186.77,1002.8,0.359,0.12632,0.032768,0.31313,0.11918,0.027392,0.2866,0.11335,0.02368,244,246,248,205,206,207,188,187,187,166,166,164,56,57,57,96,95,93,0.53286,0.5319,0.5327
1,8.3002e+05,-0.792,14.04,195,800,-0.81854,13.901,187.19,724.56,0.26982,0.12994,0.025536,0.24558,0.11934,0.021824,0.22322,0.11619,0.019264,253,251,249,186,192,197,192,191,189,174,170,165,51,51,52,88,87,87,0.54371,0.53309,0.53049
1,8.3012e+05,-0.792,14.12,195,800,-0.8196,13.988,186.39,887.62,0.25822,0.12462,0.023488,0.22985,0.11741,0.019968,0.21611,0.11377,0.017984,250,250,248,182,185,190,188,189,188,171,168,164,47,49,50,84,85,85,0.55084,0.53531,0.53216
1,8.3022e+05,-0.792,14.2,195,800,-0.84082,14.07,187.75,934.36,0.24115,0.12963,0.023808,0.22682,0.12009,0.0208,0.19879,0.11769,0.018176,242,241,241,179,179,180,184,182,181,163,163,162,49,49,50,85,85,86,0.54034,0.53176,0.53161
1,8.3032e+05,-0.792,14.28,195,800,-0.82596,14.132,185.89,776.44,0.27666,0.12543,0.02592,0.25568,0.11514,0.022208,0.24006,0.11155,0.019968,229,232,235,184,184,184,178,176,176,163,162,160,53,53,54,90,88,88,0.51931,0.53111,0.53239
1,8.3042e+05,-0.792,14.36,195,800,-0.83021,14.208,186.15,639.72,0.26494,0.11742,0.02336,0.23895,0.11351,0.019904,0.21607,0.10789,0.017216,229,232,234,186,188,188,175,176,176,158,159,158,57,57,57,89,89,89,0.52871,0.53549,0.53348
1,8.3052e+05,-0.792,14.44,195,800,-0.82066,14.287,185.24,758.03,0.31581,0.12896,0.030144,0.27591,0.1192,0.025152,0.25101,0.11678,0.022464,237,237,236,199,196,190,179,180,180,148,151,154,66,61,57,89,90,90,0.53068,0.53077,0.53299
1,8.3062e+05,-0.792,14.52,195,800,-0.8249,14.363,187.86,945.85,0.2833,0.12828,0.02688,0.25509,0.12171,0.023168,0.23127,0.11544,0.02016,237,238,238,194,190,187,178,181,182,151,153,155,57,57,55,92,90,90,0.52787,0.52787,0.53218
1,8.3072e+05,-0.792,14.6,195,800,-0.82066,14.449,186.24,845.36,0.30637,0.11631,0.024384,0.25521,0.11185,0.019776,0.22171,0.10663,0.017024,237,239,240,164,172,180,179,180,180,171,164,155,48,49,50,91,92,94,0.53057,0.53445,0.53516
1,8.3082e+05,-0.792,14.68,195,800,-0.83551,14.556,186.91,761.33,0.26318,0.1192,0.023168,0.23651,0.10994,0.019648,0.21841,0.10752,0.017472,240,240,242,192,190,187,173,175,177,156,156,153,50,49,50,105,104,103,0.51543,0.53066,0.53266
1,8.3092e+05,-0.792,14.76,195,800,-0.844,14.615,187.27,864.9,0.26211,0.12124,0.022912,0.23136,0.11711,0.019776,0.20833,0.11062,0.017344,238,240,242,210,201,195,173,174,176,148,150,151,48,51,53,112,111,109,0.53917,0.53744,0.53228
1,8.3102e+05,-0.792,14.84,195,800,-0.81005,14.672,187.18,768.84,0.26245,0.12231,0.023232,0.22613,0.11769,0.019712,0.20369,0.11367,0.017216,243,243,244,213,213,209,179,179,178,149,153,154,61,61,59,124,123,119,0.51844,0.52742,0.53044
1,8.3112e+05,-0.792,14.92,195,800,-0.82703,14.764,186.07,912.29,0.24985,0.12448,0.022656,0.21723,0.11776,0.019328,0.19881,0.11418,0.017088,244,244,244,224,219,211,185,182,180,157,159,156,70,65,60,128,126,122,0.50942,0.52573,0.53319
1,8.3122e+05,-0.792,15,195,800,-0.8387,14.86,186.79,814.27,0.26017,0.12192,0.023616,0.2321,0.11457,0.020032,0.21048,0.10962,0.017536,246,245,244,218,213,208,181,180,178,160,160,161,52,55,56,121,122,121,0.54083,0.54062,0.54004
1,8.3132e+05,-0.792,15.08,195,800,-0.8249,14.914,186.33,721.57,0.30313,0.12056,0.024832,0.23237,0.11781,0.020736,0.21006,0.11162,0.01792,242,244,245,188,193,197,172,174,177,168,170,171,50,51,54,114,116,119,0.53906,0.54154,0.54037
1,8.3142e+05,-0.792,15.16,195,800,-0.82384,15.002,187.23,587.17,0.2635,0.12465,0.022592,0.21016,0.12099,0.018304,0.17238,0.11576,0.01568,246,247,247,189,190,192,175,176,177,185,183,183,55,55,55,114,118,120,0.54228,0.54244,0.54383
1,8.3152e+05,-0.792,15.24,195,800,-0.81217,15.081,186.03,813.67,0.3044,0.12487,0.028864,0.27722,0.1189,0.024832,0.24944,0.11169,0.020864,252,251,249,192,192,192,181,182,183,216,217,216,60,61,61,127,126,124,0.54391,0.54351,0.54451
1,8.3162e+05,-0.792,15.32,195,800,-0.8249,15.174,185.36,910.35,0.2768,0.12651,0.025536,0.23777,0.12198,0.021504,0.21119,0.11989,0.018752,250,250,248,197,196,193,184,186,186,237,234,230,63,62,63,127,126,124,0.55329,0.54464,0.54479
1,8.3172e+05,-0.792,15.4,195,800,-0.82384,15.239,184.91,716.47,0.28999,0.12473,0.027328,0.26422,0.11826,0.023616,0.23558,0.11075,0.019904,246,245,244,194,194,194,196,194,189,253,252,250,67,69,73,116,117,117,0.55471,0.55407,0.5491
1,8.3182e+05,-0.792,15.48,195,800,-0.82703,15.337,186.41,986.29,0.29351,0.13125,0.027264,0.254,0.12512,0.022656,0.21008,0.12285,0.019328,242,241,242,186,190,194,187,186,184,255,255,255,84,89,92,106,106,107,0.54923,0.54626,0.54812
1,8.3192e+05,-0.792,15.56,195,800,-0.82172,15.407,185.63,1070.9,0.27969,0.13549,0.02688,0.23995,0.12584,0.022336,0.21205,0.12393,0.019648,243,243,243,189,193,194,178,180,182,255,255,255,106,103,102,102,102,102,0.54,0.54927,0.55141
1,8.3202e+05,-0.792,15.64,195,800,-0.8249,15.478,187.43,1184.4,0.27351,0.12942,0.026304,0.24772,0.12659,0.02272,0.2241,0.11914,0.01984,249,246,243,199,192,186,181,181,182,255,255,255,121,121,118,91,93,95,0.54958,0.54871,0.55237
1,8.3212e+05,-0.792,15.72,195,800,-0.82703,15.565,186.81,886.67,0.17247,0.12984,0.017792,0.16212,0.12534,0.016,0.15377,0.11975,0.014592,244,243,242,177,179,178,185,184,183,255,255,255,124,123,122,87,90,92,0.55932,0.55837,0.55708
1,8.3222e+05,-0.792,15.8,195,800,-0.81536,15.633,187.19,671.36,0.26729,0.12394,0.025216,0.24472,0.11529,0.02144,0.21955,0.10989,0.018432,233,235,238,145,154,166,184,184,185,255,255,255,125,127,128,85,88,93,0.56639,0.56061,0.56299
1,8.3232e+05,-0.792,15.88,195,800,-0.84082,15.718,188.65,990.77,0.28408,0.1288,0.027456,0.27124,0.12052,0.02432,0.25029,0.11566,0.021312,236,237,238,173,174,176,186,184,183,255,255,255,127,130,135,103,105,111,0.57502,0.57274,0.57031
1,8.3242e+05,-0.792,15.96,195,800,-0.82278,15.779,187.13,414.53,0.28703,0.1277,0.027648,0.26935,0.12058,0.024192,0.25781,0.11528,0.021952,238,239,239,194,191,186,187,183,182,255,255,255,127,134,139,121,122,123,0.58522,0.58063,0.57608
1,8.3549e+05,-0.699,16,195,800,-0.74851,15.776,0.17775,1072.4,0,0,0,0,0,0,0,0,0,248,246,243,214,206,201,178,177,179,255,255,255,155,140,138,143,144,142,0.59074,0.56871,0.54512
1,8.3559e+05,-0.699,15.92,195,800,-0.74109,15.703,186.47,720.05,0.20233,0.11661,0.01632,0.16748,0.11459,0.014272,0.14872,0.11273,0.012736,244,243,242,174,179,182,183,183,183,255,255,255,125,126,130,108,112,118,0.57552,0.57649,0.57589
1,8.3569e+05,-0.699,15.84,195,800,-0.73154,15.637,185.93,807.7,0.28881,0.11838,0.024192,0.24606,0.11155,0.019392,0.19051,0.1117,0.015744,237,240,242,167,169,172,187,187,186,255,255,255,130,127,125,94,99,106,0.56248,0.56283,0.56358
1,8.3579e+05,-0.699,15.76,195,800,-0.74109,15.58,185.85,889.7,0.27976,0.12306,0.026048,0.25369,0.11569,0.022208,0.21997,0.11078,0.01888,247,246,245,169,170,172,195,192,188,255,255,255,117,119,120,101,99,99,0.56202,0.55741,0.55892
1,8.3589e+05,-0.699,15.68,195,800,-0.71881,15.48,187.78,815.11,0.37898,0.12507,0.035584,0.33604,0.11768,0.028736,0.30492,0.11211,0.023424,251,249,247,183,179,177,193,189,185,255,255,255,114,114,115,105,102,100,0.55822,0.55493,0.55443
1,8.3599e+05,-0.699,15.6,195,800,-0.72942,15.397,186.28,944.87,0.34187,0.12768,0.030336,0.25405,0.12789,0.02496,0.23116,0.12053,0.021312,246,248,248,188,193,193,174,176,178,255,255,255,103,104,103,100,101,103,0.55587,0.55417,0.55323
1,8.3609e+05,-0.699,15.52,195,800,-0.73896,15.344,187.36,1049.3,0.36732,0.12312,0.033344,0.31868,0.11596,0.0272,0.25706,0.11034,0.02176,245,245,246,210,201,196,173,175,177,255,255,255,96,92,89,104,104,106,0.54946,0.54915,0.54998
1,8.3619e+05,-0.699,15.44,195,800,-0.72835,15.24,187.17,887.05,0.35229,0.13692,0.036864,0.31896,0.12797,0.031552,0.29379,0.12042,0.0272,244,244,245,198,200,198,180,180,180,255,255,254,87,83,82,109,110,111,0.55561,0.54851,0.54705
1,8.3629e+05,-0.699,15.36,195,800,-0.72411,15.179,187.56,1121.2,0.27616,0.13445,0.027328,0.24296,0.12858,0.023552,0.22408,0.12066,0.020992,242,244,247,207,201,197,192,188,185,250,247,242,68,70,73,129,125,122,0.54724,0.54386,0.54269
1,8.3639e+05,-0.699,15.28,195,800,-0.73472,15.087,186.79,764.78,0.3686,0.11972,0.030592,0.30523,0.11474,0.024,0.23924,0.10781,0.019136,245,247,248,206,201,195,189,189,186,236,233,230,71,71,70,133,131,126,0.54695,0.54727,0.54572
1,8.3649e+05,-0.699,15.2,195,800,-0.71987,14.998,186.99,1089.7,0.27173,0.14184,0.029248,0.23995,0.13851,0.025536,0.21832,0.12914,0.02176,247,247,247,189,191,192,188,186,183,191,194,198,69,67,65,130,127,124,0.52739,0.54001,0.54222
1,8.3659e+05,-0.699,15.12,195,800,-0.75276,14.957,187.06,1399.8,0.34803,0.13226,0.033152,0.30344,0.12409,0.026688,0.2374,0.1222,0.021888,240,242,245,192,194,198,173,175,179,161,165,172,54,55,57,113,115,118,0.53691,0.54005,0.542
1,8.3669e+05,-0.699,15.04,195,800,-0.73896,14.857,185.45,747.41,0.26491,0.1297,0.02592,0.22814,0.12415,0.02176,0.2015,0.11743,0.018624,243,244,244,198,202,205,172,175,179,151,160,168,51,52,55,111,114,117,0.54478,0.54156,0.53927
1,8.3679e+05,-0.699,14.96,195,800,-0.72729,14.771,186.99,1051.1,0.26417,0.12677,0.024384,0.22897,0.12191,0.020864,0.20791,0.11891,0.01856,247,245,245,213,213,211,188,186,183,190,177,165,53,54,57,124,121,119,0.53403,0.52887,0.5332
1,8.3689e+05,-0.699,14.88,195,800,-0.74639,14.716,186.78,905.24,0.30273,0.1265,0.027456,0.26201,0.11841,0.022592,0.2243,0.11507,0.019456,244,244,244,211,209,209,192,189,184,193,176,163,59,59,58,125,123,120,0.54082,0.53244,0.53203
1,8.3699e+05,-0.699,14.8,195,800,-0.74745,14.616,186.25,845.77,0.3282,0.12478,0.030592,0.28828,0.11838,0.025536,0.26171,0.11191,0.021952,241,242,242,188,193,197,181,182,182,150,152,154,59,59,59,118,115,114,0.53325,0.52995,0.53205
1,8.3709e+05,-0.699,14.72,195,800,-0.73154,14.563,185.77,1111.7,0.26551,0.12898,0.024832,0.2408,0.12185,0.021696,0.23141,0.1129,0.018752,238,239,240,182,184,185,182,183,183,146,147,150,52,53,55,102,102,102,0.53872,0.53644,0.53587
1,8.3719e+05,-0.699,14.64,195,800,-0.74109,14.476,185.19,723.62,0.35118,0.12912,0.032704,0.31876,0.12113,0.02784,0.29145,0.11662,0.024192,240,238,239,179,178,180,193,188,185,148,149,151,49,50,52,98,96,97,0.51568,0.5299,0.53309
1,8.3729e+05,-0.699,14.56,195,800,-0.7326,14.385,187.41,736.94,0.2943,0.12701,0.028224,0.26313,0.1201,0.023552,0.24235,0.11508,0.020864,234,236,238,171,174,176,196,192,189,150,151,152,48,51,55,86,88,90,0.53854,0.53709,0.53585
1,8.3739e+05,-0.699,14.48,195,800,-0.73048,14.32,186.72,784.93,0.25421,0.12524,0.023936,0.22651,0.12047,0.0208,0.20802,0.11329,0.017792,236,235,236,179,179,178,189,188,187,150,151,154,59,58,59,88,87,88,0.5316,0.53334,0.53472
1,8.3749e+05,-0.699,14.4,195,800,-0.73154,14.238,187.24,465.3,0.26802,0.12416,0.02464,0.23588,0.12123,0.021248,0.21848,0.11338,0.019008,233,231,232,190,184,179,179,177,178,161,158,156,69,67,62,92,89,89,0.53218,0.53248,0.53285
1,8.3759e+05,-0.699,14.32,195,800,-0.72623,14.142,186.47,719.14,0.34922,0.12256,0.031808,0.30697,0.118,0.027008,0.27771,0.11325,0.02336,228,229,232,167,173,177,167,171,175,165,161,158,53,55,57,92,93,92,0.53572,0.53164,0.53191
1,8.3769e+05,-0.699,14.24,195,800,-0.72093,14.055,188.1,717.75,0.32096,0.11896,0.025984,0.25447,0.11295,0.020928,0.21667,0.11231,0.018176,235,234,235,171,173,176,169,174,177,160,158,157,49,50,52,96,95,92,0.53708,0.53181,0.5301
1,8.3779e+05,-0.699,14.16,195,800,-0.74745,14.022,186.5,652.19,0.30522,0.12517,0.027008,0.25362,0.11928,0.022528,0.23992,0.11228,0.019712,245,245,244,182,184,187,200,193,186,155,155,156,47,48,50,94,92,90,0.53058,0.53956,0.53388
1,8.3789e+05,-0.699,14.08,195,800,-0.71987,13.907,186.13,721.96,0.35889,0.1212,0.030784,0.29436,0.11382,0.02368,0.23059,0.11276,0.019136,249,248,247,196,196,195,206,198,190,156,155,157,47,49,51,89,88,88,0.51329,0.52896,0.53093
1,8.3799e+05,-0.699,14,195,800,-0.74215,13.839,186.55,930.61,0.30871,0.13345,0.028352,0.26811,0.12545,0.024256,0.24366,0.12179,0.021376,253,251,250,217,211,207,199,197,191,157,159,160,53,54,55,84,85,87,0.52425,0.53215,0.53228
1,8.3809e+05,-0.699,13.92,195,800,-0.74321,13.767,185.99,653.8,0.31011,0.12606,0.029376,0.28017,0.11897,0.025408,0.26621,0.1116,0.022016,248,249,248,191,196,202,196,189,184,165,160,155,62,58,57,91,89,88,0.53214,0.53029,0.53053
1,8.3819e+05,-0.699,13.84,195,800,-0.73472,13.667,186.9,877.35,0.3177,0.12986,0.029632,0.2582,0.1256,0.024384,0.23054,0.1212,0.021376,248,247,247,189,192,200,182,182,181,152,151,149,58,57,55,90,91,90,0.52987,0.53067,0.53248
1,8.3829e+05,-0.699,13.76,195,800,-0.74427,13.603,186.69,957.23,0.33556,0.12257,0.029888,0.29933,0.1155,0.025088,0.26065,0.11131,0.02176,244,244,245,211,208,205,176,175,175,129,132,135,46,47,49,97,94,91,0.54892,0.53577,0.53264
1,8.3839e+05,-0.699,13.68,195,800,-0.74109,13.527,187.88,551.36,0.28842,0.10824,0.02208,0.23725,0.10292,0.017792,0.20609,0.099575,0.01536,245,244,243,224,217,209,174,175,176,128,129,130,43,44,47,95,94,92,0.53112,0.53004,0.52927
1,8.3849e+05,-0.699,13.6,195,800,-0.72729,13.436,186.7,842.32,0.29547,0.12123,0.026368,0.26209,0.11441,0.022912,0.24234,0.1062,0.019584,243,244,245,212,212,213,191,184,178,129,128,129,43,44,45,95,94,93,0.54375,0.53107,0.53206
1,8.3859e+05,-0.699,13.52,195,800,-0.74321,13.369,186.81,896.48,0.29908,0.11938,0.026816,0.25691,0.11662,0.022656,0.22961,0.11181,0.019328,250,248,246,196,200,202,182,181,179,137,135,134,44,46,47,94,94,93,0.53644,0.53494,0.53279
1,8.3869e+05,-0.699,13.44,195,800,-0.73366,13.271,186.43,747.79,0.31609,0.12,0.02656,0.26506,0.11674,0.022528,0.23802,0.11338,0.019328,248,247,246,196,197,197,174,178,179,142,140,138,45,47,49,93,94,93,0.52576,0.53242,0.53389
1,8.3879e+05,-0.699,13.36,195,800,-0.71987,13.179,186.16,771.69,0.29325,0.12952,0.026816,0.25687,0.12118,0.021952,0.21477,0.11709,0.018624,242,243,245,192,188,189,184,182,179,146,146,143,57,54,51,91,91,90,0.5375,0.53542,0.53233
1,8.3889e+05,-0.699,13.28,195,800,-0.74215,13.13,186.91,889.64,0.34808,0.12616,0.032896,0.30911,0.11949,0.02752,0.27501,0.11714,0.023808,243,243,244,183,188,190,187,183,179,145,144,142,56,55,52,86,88,89,0.5291,0.53104,0.53288
1,8.3899e+05,-0.699,13.2,195,800,-0.73896,13.059,186.83,488.1,0.26449,0.12508,0.024768,0.23149,0.1219,0.02112,0.20596,0.116,0.018432,240,241,242,214,204,199,174,176,178,134,134,135,55,53,51,88,86,85,0.53236,0.52891,0.53147
1,8.3909e+05,-0.699,13.12,195,800,-0.74321,12.962,186.58,863.4,0.3049,0.12277,0.026496,0.25575,0.11534,0.021568,0.22763,0.11188,0.018816,234,238,242,210,212,211,177,177,176,136,135,134,52,50,49,79,81,83,0.53387,0.53533,0.53377
1,8.3919e+05,-0.699,13.04,195,800,-0.73472,12.877,185.83,725.33,0.29773,0.1196,0.025792,0.26539,0.11424,0.022208,0.24143,0.10912,0.019456,238,241,243,218,214,210,178,178,177,142,139,137,47,47,48,79,80,82,0.5318,0.52761,0.53207
1,8.3929e+05,-0.699,12.96,195,800,-0.74321,12.81,186.41,896.63,0.32414,0.12209,0.02816,0.27997,0.11698,0.022784,0.24309,0.11147,0.019008,249,248,247,205,206,207,176,177,177,149,147,144,47,48,50,82,84,86,0.54565,0.53653,0.53491
1,8.3939e+05,-0.699,12.88,195,800,-0.74745,12.741,187.07,897.9,0.30164,0.11657,0.025216,0.25458,0.10885,0.020416,0.21551,0.10785,0.016896,247,249,249,198,200,203,177,176,176,151,149,146,52,52,51,90,89,88,0.52444,0.53349,0.5338
1,8.3949e+05,-0.699,12.8,195,800,-0.73896,12.634,186.86,911.26,0.2941,0.12108,0.025088,0.24205,0.11582,0.020608,0.21203,0.11474,0.018176,253,250,248,199,201,202,172,174,177,151,151,148,61,57,55,92,94,93,0.52756,0.53371,0.53532
1,8.3959e+05,-0.699,12.72,195,800,-0.74109,12.554,187.63,941.25,0.30141,0.12485,0.028416,0.26461,0.11803,0.023744,0.24485,0.11144,0.020736,244,246,247,204,202,199,180,179,177,157,150,144,54,56,56,94,94,94,0.5282,0.5338,0.53231
1,8.3969e+05,-0.699,12.64,195,800,-0.72411,12.474,186.04,991.36,0.30906,0.12117,0.024896,0.2363,0.11887,0.019904,0.19373,0.11507,0.017088,244,246,247,190,194,195,178,178,176,143,142,140,53,54,55,94,95,95,0.52729,0.52788,0.52953
1,8.3979e+05,-0.699,12.56,195,800,-0.72623,12.392,186.28,1036.2,0.2621,0.12733,0.025408,0.2436,0.12076,0.022272,0.23118,0.11387,0.019712,254,250,247,180,183,187,167,171,172,125,128,132,48,49,54,95,94,93,0.5368,0.53477,0.53302
1,8.3989e+05,-0.699,12.48,195,800,-0.75806,12.349,186.41,895.35,0.29217,0.11843,0.024768,0.23635,0.11467,0.02016,0.21137,0.11224,0.0176,251,249,248,186,184,186,171,170,169,125,129,132,49,52,55,91,91,91,0.54946,0.54694,0.54226
1,8.3999e+05,-0.699,12.4,195,800,-0.73366,12.249,185.88,763.55,0.31461,0.12797,0.029312,0.27143,0.12218,0.024448,0.24525,0.1165,0.021376,244,248,250,191,197,198,167,169,169,147,144,141,72,70,66,88,88,89,0.5539,0.54118,0.54112
1,8.4009e+05,-0.699,12.32,195,800,-0.73578,12.166,186.81,947.99,0.30519,0.12044,0.026176,0.24784,0.11492,0.020608,0.20626,0.11231,0.017792,254,253,251,221,214,210,172,171,170,155,153,150,93,78,68,88,89,88,0.55546,0.54391,0.54335
1,8.4019e+05,-0.699,12.24,195,800,-0.7379,12.091,186.24,959.05,0.2882,0.1255,0.024704,0.25271,0.11928,0.020736,0.21371,0.11493,0.01792,253,252,252,209,217,214,169,171,170,151,153,154,69,70,66,89,88,88,0.54099,0.54378,0.54362
1,8.4029e+05,-0.699,12.16,195,800,-0.7517,12.035,186.85,653.4,0.329,0.11962,0.028096,0.28566,0.11636,0.023424,0.26342,0.11028,0.02016,247,249,250,208,206,202,165,166,168,167,164,162,56,60,63,90,89,89,0.54099,0.54309,0.5447
1,8.4039e+05,-0.699,12.08,195,800,-0.72411,11.92,187.39,1246.3,0.25327,0.1183,0.021888,0.22621,0.11297,0.01856,0.2062,0.1102,0.016704,248,248,248,184,191,198,165,166,167,174,171,168,65,65,65,89,90,90,0.54245,0.54703,0.54465
1,8.4049e+05,-0.699,12,195,800,-0.73048,11.857,186.72,839.58,0.31656,0.12962,0.030592,0.29302,0.1236,0.026944,0.26741,0.11929,0.02368,246,246,247,195,193,195,171,169,167,183,180,178,73,73,71,88,91,92,0.53857,0.54477,0.54421
1,8.4059e+05,-0.699,11.92,195,800,-0.7326,11.78,186.19,839.02,0.28445,0.13138,0.028288,0.25056,0.1264,0.024128,0.23289,0.11935,0.021056,247,249,249,220,214,207,161,167,169,187,190,188,70,71,74,99,100,103,0.5377,0.54274,0.54545
1,8.4069e+05,-0.699,11.84,195,800,-0.71987,11.69,186.31,1173.3,0.29067,0.12085,0.02528,0.25294,0.11531,0.0208,0.21421,0.11058,0.017664,254,251,250,220,214,206,170,169,167,199,196,190,70,73,76,109,109,108,0.56418,0.54795,0.54603
1,8.4079e+05,-0.699,11.76,195,800,-0.73472,11.612,186.3,895.71,0.28686,0.12482,0.025088,0.24154,0.11947,0.020736,0.19412,0.11263,0.016896,254,252,253,183,196,203,156,166,167,189,190,188,82,88,89,116,117,118,0.56275,0.55599,0.54988
1,8.4089e+05,-0.699,11.68,195,800,-0.74109,11.543,186.81,1121.7,0.30658,0.12576,0.02848,0.2753,0.11886,0.024256,0.24631,0.11362,0.020736,248,252,253,192,194,200,164,164,168,179,182,182,106,95,92,120,117,119,0.5427,0.54707,0.54819
1,8.4099e+05,-0.699,11.6,195,800,-0.73578,11.476,186.55,784.02,0.26415,0.12089,0.023104,0.23646,0.11783,0.019904,0.21373,0.10994,0.017408,255,254,253,198,200,200,171,171,169,170,167,163,81,86,88,116,122,128,0.54094,0.5481,0.54938
1,8.4109e+05,-0.699,11.52,195,800,-0.72942,11.37,186.62,1219.7,0.25524,0.11829,0.023232,0.22659,0.11487,0.019968,0.21121,0.10862,0.01728,249,252,252,193,196,202,166,165,165,132,136,140,67,68,75,145,151,160,0.55108,0.5501,0.55178
1,8.4119e+05,-0.699,11.44,195,800,-0.7379,11.311,185.85,1061.7,0.29561,0.12212,0.026048,0.26754,0.11522,0.02208,0.24758,0.10872,0.019776,252,251,251,197,202,204,158,160,162,120,124,131,64,68,72,172,177,184,0.56049,0.55397,0.55366
1,8.4129e+05,-0.699,11.36,195,800,-0.72623,11.232,185.64,783.72,0.32603,0.12507,0.030272,0.29387,0.11668,0.025792,0.26561,0.1125,0.0224,252,252,251,220,215,212,151,152,155,128,126,125,77,76,74,240,234,229,0.57097,0.56304,0.55935
1,8.4139e+05,-0.699,11.28,195,800,-0.73472,11.15,186.72,577.71,0.2744,0.12626,0.025536,0.24041,0.12253,0.021632,0.21689,0.11451,0.018624,254,252,251,213,216,217,147,150,153,135,131,127,79,77,74,255,250,244,0.55887,0.55916,0.5612
1,8.4149e+05,-0.699,11.2,195,800,-0.73472,11.063,185.36,674.28,0.28503,0.12168,0.026176,0.25544,0.11756,0.023104,0.24252,0.10861,0.019712,250,250,250,224,218,212,153,152,154,137,138,144,65,70,75,255,255,253,0.56643,0.56572,0.56768
1,8.4159e+05,-0.699,11.12,195,800,-0.74321,11.006,186.96,641.41,0.29976,0.12877,0.02816,0.26262,0.12212,0.024128,0.24135,0.12028,0.021888,249,249,249,187,197,204,159,160,160,166,172,180,84,89,99,248,246,243,0.58257,0.58082,0.57936
1,8.4169e+05,-0.699,11.04,195,800,-0.72835,10.92,186.51,585.86,0.33023,0.1225,0.030144,0.28597,0.11843,0.025472,0.25905,0.11446,0.022208,252,251,250,191,198,203,163,162,162,197,199,200,113,117,117,234,233,236,0.60215,0.57559,0.56314
1,8.4476e+05,-0.606,11,195,800,-0.65939,10.937,0.74714,1001.4,0,0,0,0,0,0,0,0,0,251,251,251,209,202,199,166,167,166,243,231,218,171,162,156,200,208,215,0.48841,0.50082,0.51195
1,8.4486e+05,-0.606,11.08,195,800,-0.64347,11.011,187.82,620.8,0.28519,0.12208,0.020736,0.2593,0.11059,0.016704,0.16388,0.11277,0.014016,248,249,250,199,200,202,166,163,161,175,177,179,89,96,107,244,241,236,0.59026,0.59086,0.58709
1,8.4496e+05,-0.606,11.16,195,800,-0.63392,11.074,186.9,688.84,0.22222,0.12884,0.0224,0.19883,0.12315,0.019264,0.18133,0.11779,0.01664,245,248,250,212,208,206,158,158,159,145,150,157,66,71,82,253,251,247,0.58628,0.57726,0.57285
1,8.4506e+05,-0.606,11.24,195,800,-0.64453,11.144,185.74,936.97,0.28991,0.12848,0.028032,0.26884,0.11854,0.024512,0.25118,0.11071,0.020992,250,251,251,224,219,216,149,154,156,131,131,132,55,59,65,255,255,254,0.56578,0.56335,0.56404
1,8.4516e+05,-0.606,11.32,195,800,-0.63711,11.206,185.65,564.97,0.32283,0.12708,0.030656,0.28512,0.11956,0.02624,0.26136,0.1127,0.022528,252,252,252,217,217,217,156,155,157,134,130,128,61,64,67,255,254,249,0.57505,0.56073,0.55897
1,8.4526e+05,-0.606,11.4,195,800,-0.63711,11.294,187.17,845.58,0.34664,0.12096,0.030912,0.31127,0.10919,0.024896,0.27212,0.10633,0.020928,249,251,252,206,205,207,157,160,162,121,125,128,79,75,73,241,228,216,0.55917,0.55517,0.55526
1,8.4536e+05,-0.606,11.48,195,800,-0.63711,11.369,186.5,665.05,0.30876,0.13189,0.030208,0.2761,0.12374,0.025024,0.25186,0.11659,0.02144,255,253,252,191,198,203,166,170,170,135,137,141,75,77,81,155,162,168,0.55854,0.55293,0.55238
1,8.4546e+05,-0.606,11.56,195,800,-0.63817,11.457,186.71,926.86,0.25449,0.13041,0.024576,0.22701,0.12524,0.021056,0.20928,0.11794,0.01856,254,254,252,206,203,202,179,175,173,149,149,151,78,81,85,139,141,147,0.54734,0.55283,0.55233
1,8.4556e+05,-0.606,11.64,195,800,-0.64241,11.532,187.12,832.33,0.25108,0.16237,0.02688,0.22598,0.14435,0.022528,0.21108,0.13437,0.01984,254,253,252,210,206,202,171,176,175,172,172,170,90,90,93,126,126,129,0.54964,0.55055,0.54982
1,8.4566e+05,-0.606,11.72,195,800,-0.63711,11.619,185.91,852.65,0.32979,0.12411,0.030016,0.30143,0.11966,0.026112,0.26737,0.11209,0.022016,251,252,251,207,199,204,176,171,174,184,178,178,89,91,96,121,125,131,0.54499,0.54814,0.54717
1,8.4576e+05,-0.606,11.8,195,800,-0.64772,11.702,187.38,1031.1,0.2963,0.12301,0.027712,0.28228,0.11398,0.024128,0.26599,0.10956,0.021888,250,250,249,210,208,212,173,170,173,189,185,184,98,90,88,154,137,125,0.55653,0.54877,0.54671
1,8.4586e+05,-0.606,11.88,195,800,-0.63074,11.757,187.01,902.86,0.35115,0.13,0.0336,0.30891,0.11943,0.027712,0.27849,0.11511,0.023552,250,247,246,218,218,215,180,176,174,183,183,185,73,75,79,104,108,111,0.54033,0.54442,0.54615
1,8.4596e+05,-0.606,11.96,195,800,-0.64772,11.862,185.11,813.19,0.28873,0.12699,0.025472,0.24846,0.11845,0.020672,0.20986,0.11698,0.017472,245,244,246,204,207,209,180,177,174,176,180,183,74,73,73,94,96,100,0.54081,0.54203,0.54522
1,8.4606e+05,-0.606,12.04,195,800,-0.62544,11.919,185.33,932.9,0.29281,0.1297,0.029056,0.27339,0.11646,0.02464,0.24888,0.11337,0.02176,247,246,246,180,187,197,175,173,172,180,177,177,71,68,67,97,92,90,0.53977,0.54246,0.54428
1,8.4616e+05,-0.606,12.12,195,800,-0.64878,12.018,186.34,1003.5,0.30918,0.1339,0.028992,0.25997,0.13247,0.024512,0.23701,0.12404,0.021312,253,249,247,184,192,198,170,170,172,176,174,172,62,62,63,91,90,88,0.54629,0.54521,0.54496
1,8.4626e+05,-0.606,12.2,195,800,-0.64347,12.081,185.7,586.64,0.38487,0.13529,0.039424,0.34477,0.12943,0.033792,0.31494,0.12169,0.029184,251,251,251,226,210,204,176,173,171,160,160,162,52,55,60,83,84,87,0.55784,0.54864,0.546
1,8.4636e+05,-0.606,12.28,195,800,-0.65833,12.176,188.38,1174.6,0.33683,0.13042,0.032576,0.29385,0.1239,0.026688,0.25375,0.12069,0.022464,251,253,251,212,210,207,170,170,169,159,154,152,61,60,60,94,91,90,0.52753,0.53649,0.54019
1,8.4646e+05,-0.606,12.36,195,800,-0.64029,12.234,187.61,840.79,0.31719,0.12075,0.027904,0.27264,0.11562,0.023232,0.2438,0.11312,0.020672,254,251,251,217,209,201,161,163,166,153,151,147,57,59,59,95,93,92,0.53522,0.54004,0.54258
1,8.4656e+05,-0.606,12.44,195,800,-0.64772,12.313,187.78,790.04,0.3024,0.11822,0.025344,0.25387,0.11321,0.020672,0.21734,0.1111,0.018048,250,250,250,187,192,195,155,158,162,134,135,135,49,51,53,92,94,95,0.54691,0.54281,0.54152
1,8.4666e+05,-0.606,12.52,195,800,-0.64241,12.4,187.03,974.38,0.28521,0.12373,0.024128,0.22627,0.12096,0.01984,0.20623,0.11413,0.017344,248,248,248,190,192,192,160,160,162,128,129,131,46,48,50,95,95,96,0.54108,0.53777,0.53607
1,8.4676e+05,-0.606,12.6,195,800,-0.63074,12.452,186.18,841.31,0.28925,0.12503,0.026624,0.25779,0.11525,0.022272,0.23114,0.11189,0.019328,244,245,247,205,202,198,167,166,166,126,130,132,48,48,48,97,97,97,0.54277,0.53321,0.5315
1,8.4686e+05,-0.606,12.68,195,800,-0.66788,12.578,187.39,951.33,0.28377,0.13425,0.028608,0.24891,0.12793,0.024512,0.22208,0.12534,0.02176,247,246,246,213,210,204,172,170,169,145,142,139,51,50,50,95,95,95,0.53043,0.53513,0.53351
1,8.4696e+05,-0.606,12.76,195,800,-0.63711,12.631,184.36,917.57,0.32425,0.13001,0.031872,0.28326,0.12334,0.02624,0.25241,0.12058,0.022656,245,246,247,215,210,204,169,170,171,148,146,142,51,51,51,91,94,94,0.54416,0.53746,0.53379
1,8.4706e+05,-0.606,12.84,195,800,-0.64135,12.72,185.88,1039.9,0.29854,0.12968,0.028224,0.2657,0.12172,0.023936,0.2399,0.11677,0.021312,246,248,250,187,191,197,170,172,174,144,144,142,46,48,49,97,93,90,0.52197,0.52793,0.53218
1,8.4716e+05,-0.606,12.92,195,800,-0.64878,12.795,185.57,828.15,0.33492,0.12599,0.02848,0.27556,0.12142,0.02304,0.2391,0.11445,0.019648,251,251,250,175,185,197,174,174,174,139,141,140,45,46,47,89,89,88,0.54057,0.53592,0.53295
1,8.4726e+05,-0.606,13,195,800,-0.64772,12.876,186.96,1144.3,0.35411,0.12582,0.031104,0.28455,0.12185,0.025472,0.25806,0.11649,0.022208,252,250,248,202,203,202,173,174,176,133,135,136,43,44,46,83,83,84,0.52769,0.53293,0.53409
1,8.4736e+05,-0.606,13.08,195,800,-0.6318,12.95,186.88,1104,0.28779,0.12229,0.026112,0.25708,0.11726,0.0224,0.2451,0.10978,0.01984,240,241,244,215,209,205,179,177,175,128,129,131,46,46,47,87,86,85,0.53453,0.53364,0.53447
1,8.4746e+05,-0.606,13.16,195,800,-0.62544,13.03,187.17,884.21,0.27116,0.12795,0.026048,0.22965,0.12504,0.021312,0.19574,0.12147,0.018304,238,240,243,199,202,203,174,176,177,127,128,130,45,47,48,88,88,86,0.52478,0.53548,0.53507
1,8.4756e+05,-0.606,13.24,195,800,-0.6265,13.098,186.33,1015.2,0.30516,0.11637,0.025408,0.26596,0.1107,0.020544,0.2211,0.106,0.016576,246,245,245,188,190,194,182,180,178,133,133,133,49,51,51,88,89,90,0.53679,0.53544,0.53471
1,8.4766e+05,-0.606,13.32,195,800,-0.63286,13.174,186.58,904.89,0.27302,0.1372,0.027968,0.25328,0.12752,0.024,0.23407,0.1222,0.021632,248,246,246,180,187,192,182,181,177,135,136,135,55,54,52,89,91,92,0.53776,0.53315,0.53488
1,8.4776e+05,-0.606,13.4,195,800,-0.64241,13.27,185.23,687.26,0.32106,0.13286,0.031488,0.28719,0.12442,0.026496,0.25562,0.12151,0.023424,240,244,246,184,190,194,172,173,175,132,135,136,52,52,52,96,95,94,0.52817,0.53116,0.53319
1,8.4786e+05,-0.606,13.48,195,800,-0.63605,13.352,184.16,587.18,0.29702,0.13705,0.031616,0.26985,0.12742,0.026752,0.24547,0.1241,0.023936,243,245,245,209,204,200,172,174,175,127,129,131,50,49,50,93,93,93,0.52456,0.53085,0.53396
1,8.4796e+05,-0.606,13.56,195,800,-0.64984,13.418,185.38,977.54,0.31944,0.13211,0.031936,0.29286,0.12454,0.027072,0.25668,0.1217,0.023552,241,243,244,208,206,203,177,177,174,124,126,129,51,49,48,90,91,92,0.53364,0.53404,0.53282
1,8.4806e+05,-0.606,13.64,195,800,-0.64029,13.497,185.55,909.82,0.30314,0.1246,0.02816,0.26369,0.11593,0.023168,0.23365,0.11274,0.020032,241,242,243,209,206,200,165,170,174,119,123,126,46,47,48,87,90,91,0.52743,0.53335,0.53319
1,8.4816e+05,-0.606,13.72,195,800,-0.64984,13.598,186.42,901.79,0.36872,0.13242,0.036544,0.33009,0.12563,0.03104,0.29451,0.12125,0.02688,241,242,243,202,198,195,161,167,172,123,124,127,47,48,49,93,91,91,0.51676,0.52625,0.5295
1,8.4826e+05,-0.606,13.8,195,800,-0.65408,13.67,186.31,790.67,0.33115,0.12922,0.030656,0.27803,0.12384,0.025152,0.23705,0.12277,0.021632,244,247,247,164,179,194,171,170,172,129,133,135,54,53,52,87,89,90,0.52861,0.52749,0.53086
1,8.4836e+05,-0.606,13.88,195,800,-0.6318,13.736,185.67,994.34,0.31183,0.12844,0.029568,0.27295,0.1207,0.02464,0.24384,0.11747,0.021312,255,253,250,213,212,210,169,173,177,151,149,146,52,56,59,82,83,86,0.53304,0.53323,0.53244
1,8.4846e+05,-0.606,13.96,195,800,-0.64241,13.813,186.74,440.84,0.34334,0.11804,0.027072,0.28148,0.11498,0.022528,0.24552,0.10768,0.019072,252,252,251,238,230,219,174,177,180,158,154,149,59,61,61,79,81,84,0.52764,0.53235,0.53144
1,8.4856e+05,-0.606,14.04,195,800,-0.66045,13.909,188.52,939.94,0.24426,0.12418,0.022336,0.19945,0.12088,0.018112,0.16676,0.1174,0.015488,248,249,250,228,222,214,185,185,183,150,150,150,65,62,59,80,81,85,0.54755,0.53247,0.53163
1,8.4866e+05,-0.606,14.12,195,800,-0.63499,13.975,187.76,694.97,0.24742,0.12748,0.024256,0.21547,0.12479,0.020608,0.20016,0.11804,0.018432,248,248,248,196,201,204,184,183,182,146,147,149,51,55,58,82,85,87,0.515,0.53049,0.53359
1,8.4876e+05,-0.606,14.2,195,800,-0.63286,14.048,187.17,863.67,0.27619,0.13015,0.026176,0.22897,0.12364,0.021632,0.20784,0.11849,0.018944,240,241,241,174,178,183,170,172,175,145,147,150,49,51,53,99,95,92,0.53222,0.53575,0.53345
1,8.4886e+05,-0.606,14.28,195,800,-0.64241,14.139,186.64,982.63,0.27106,0.14516,0.028416,0.24069,0.13337,0.024128,0.21964,0.12187,0.020736,226,229,235,177,174,173,169,170,173,152,153,154,57,57,58,94,93,92,0.54577,0.53434,0.53304
1,8.4896e+05,-0.606,14.36,195,800,-0.65302,14.215,186.34,872.21,0.35553,0.12687,0.033152,0.31536,0.12245,0.028096,0.281,0.1147,0.02368,226,229,234,168,168,170,172,174,176,155,156,156,65,63,61,90,90,90,0.53861,0.53387,0.53285
1,8.4906e+05,-0.606,14.44,195,800,-0.62331,14.291,186.58,773.9,0.27367,0.12579,0.026432,0.24629,0.11965,0.022464,0.22724,0.11101,0.019584,239,238,238,160,162,167,187,188,187,158,156,154,69,65,60,85,86,88,0.53868,0.53548,0.53391
1,8.4916e+05,-0.606,14.52,195,800,-0.64772,14.381,187.43,719.86,0.25711,0.15681,0.028416,0.24013,0.14364,0.023936,0.21776,0.13602,0.021184,244,242,241,157,163,169,198,196,191,151,152,153,57,58,58,85,86,88,0.5295,0.53169,0.53397
1,8.4926e+05,-0.606,14.6,195,800,-0.64878,14.478,185.66,897.21,0.25353,0.13498,0.0256,0.22419,0.12648,0.021568,0.19972,0.12299,0.01888,246,243,242,177,175,178,201,196,190,147,147,149,55,54,56,89,90,92,0.53505,0.53384,0.5332
1,8.4936e+05,-0.606,14.68,195,800,-0.66151,14.543,185.68,969.66,0.25742,0.13047,0.025664,0.23191,0.1245,0.02208,0.21222,0.11902,0.019456,239,242,243,188,188,189,176,179,182,144,146,148,66,65,62,98,98,99,0.5059,0.52886,0.53263
1,8.4946e+05,-0.606,14.76,195,800,-0.64453,14.606,187.28,502.15,0.29111,0.13056,0.0288,0.26234,0.12236,0.024192,0.23798,0.11625,0.021376,246,244,244,189,191,193,175,177,180,149,147,150,71,69,64,103,103,104,0.52758,0.52913,0.5321
1,8.4956e+05,-0.606,14.84,195,800,-0.65514,14.709,185.82,1108.1,0.26377,0.13472,0.027136,0.23441,0.12637,0.02304,0.21896,0.1207,0.02048,246,246,246,189,195,204,186,185,183,150,154,157,65,64,64,112,113,113,0.52541,0.53134,0.53115
1,8.4966e+05,-0.606,14.92,195,800,-0.65621,14.795,187.37,1311.6,0.27202,0.129,0.025856,0.24342,0.1221,0.022144,0.21946,0.11745,0.019328,244,245,246,204,206,209,189,187,184,158,159,159,59,60,61,117,116,116,0.53058,0.52968,0.53244
1,8.4976e+05,-0.606,15,195,800,-0.63286,14.863,185.01,994.53,0.2369,0.12673,0.0224,0.20532,0.12283,0.019072,0.18459,0.11476,0.016448,247,246,244,234,224,213,181,180,181,158,161,164,54,56,59,118,118,118,0.52572,0.52947,0.53222
1,8.4986e+05,-0.606,15.08,195,800,-0.64453,14.936,187.23,701.32,0.265,0.11964,0.023232,0.23128,0.11566,0.019392,0.21112,0.11051,0.017152,243,244,245,197,201,203,177,178,180,171,170,173,60,61,63,115,117,121,0.5448,0.54644,0.54105
1,8.4996e+05,-0.606,15.16,195,800,-0.64772,15.016,185.47,836.45,0.23205,0.15044,0.023552,0.20834,0.14209,0.020096,0.19199,0.13287,0.01792,247,246,245,184,190,197,186,184,182,182,183,185,64,66,68,119,122,124,0.55236,0.54305,0.54156
1,8.5006e+05,-0.606,15.24,195,800,-0.65514,15.093,187.65,1273.6,0.27815,0.12767,0.02656,0.25409,0.1213,0.02336,0.23189,0.11633,0.020096,253,250,247,192,190,193,191,188,185,217,218,218,82,79,75,135,131,127,0.53901,0.54334,0.54306
1,8.5016e+05,-0.606,15.32,195,800,-0.63817,15.167,186.43,931.51,0.22089,0.12997,0.020416,0.18148,0.12527,0.017216,0.16459,0.1189,0.015232,251,249,248,192,193,192,182,183,183,242,237,233,82,79,76,129,128,126,0.5414,0.54592,0.54337
1,8.5026e+05,-0.606,15.4,195,800,-0.63499,15.237,187.87,762.03,0.32994,0.13451,0.033152,0.30306,0.12294,0.028224,0.27362,0.11979,0.024832,249,247,247,187,192,196,170,172,176,255,254,252,73,76,78,114,114,116,0.54499,0.54363,0.54422
1,8.5036e+05,-0.606,15.48,195,800,-0.64347,15.326,187.03,840.91,0.24329,0.12382,0.020864,0.18553,0.12354,0.017344,0.16952,0.11751,0.01536,248,248,248,209,202,197,167,169,173,255,255,255,85,85,85,104,107,109,0.54754,0.55065,0.54817
1,8.5046e+05,-0.606,15.56,195,800,-0.63923,15.415,187.32,1028.8,0.24083,0.11993,0.021568,0.21893,0.11419,0.018624,0.20261,0.10832,0.016256,248,249,249,201,201,198,167,170,174,255,255,255,88,89,91,106,107,109,0.5531,0.55221,0.54996
1,8.5056e+05,-0.606,15.64,195,800,-0.6318,15.48,186.57,944.93,0.25452,0.12426,0.023424,0.2129,0.12,0.019136,0.19094,0.11054,0.016064,253,251,249,188,187,188,180,181,181,255,255,255,101,102,105,114,114,111,0.56523,0.55678,0.55445
1,8.5066e+05,-0.606,15.72,195,800,-0.64453,15.559,184.88,686.33,0.23347,0.12804,0.023104,0.21859,0.12166,0.020672,0.20804,0.1165,0.018624,252,251,248,179,179,182,188,186,184,255,255,255,110,112,113,119,114,110,0.54999,0.55605,0.55703
1,8.5076e+05,-0.606,15.8,195,800,-0.6509,15.642,186.75,1018.5,0.23562,0.12615,0.023168,0.22101,0.1212,0.020736,0.20154,0.11678,0.018368,248,245,244,169,171,174,188,188,187,255,255,255,129,126,122,102,104,109,0.56657,0.56353,0.56038
1,8.5086e+05,-0.606,15.88,195,800,-0.64029,15.728,185.67,1159.7,0.26707,0.12132,0.024384,0.24991,0.1159,0.021312,0.22923,0.11334,0.019264,243,243,242,182,183,184,182,182,183,255,255,255,119,124,132,121,123,125,0.56687,0.57186,0.57042
1,8.5096e+05,-0.606,15.96,195,800,-0.62119,15.764,186.61,772.87,0.26675,0.13335,0.026688,0.24588,0.12661,0.023424,0.22909,0.12084,0.0208,245,244,243,196,195,193,175,179,182,255,255,255,127,133,137,158,148,137,0.57576,0.57848,0.57514
1,8.5403e+05,-0.513,16,195,800,-0.55647,15.781,0.43597,781.51,0,0,0,0,0,0,0,0,0,245,243,242,206,199,195,192,187,184,255,255,255,167,152,145,151,150,150,0.55258,0.54867,0.54274
1,8.5413e+05,-0.513,15.92,195,800,-0.55223,15.7,186.55,1150.9,0.16526,0.12246,0.015616,0.15058,0.11746,0.01376,0.14198,0.11188,0.012544,233,236,238,170,174,179,184,184,184,255,255,255,120,124,130,114,119,126,0.57521,0.57553,0.57562
1,8.5423e+05,-0.513,15.84,195,800,-0.56284,15.654,186.54,634.05,0.2463,0.12765,0.023488,0.22756,0.1209,0.020416,0.20413,0.11744,0.017536,231,233,236,166,169,173,185,184,185,255,255,255,128,124,122,106,109,115,0.55412,0.55993,0.5618
1,8.5433e+05,-0.513,15.76,195,800,-0.53419,15.552,187.1,781.82,0.33213,0.12617,0.031104,0.31501,0.11399,0.025152,0.24196,0.10982,0.019328,240,240,241,182,179,178,182,184,186,255,255,255,124,121,117,112,112,111,0.55492,0.56224,0.55902
1,8.5443e+05,-0.513,15.68,195,800,-0.55011,15.482,187.11,1033.3,0.30562,0.11658,0.02688,0.27411,0.10931,0.022784,0.25509,0.10227,0.019712,248,246,244,186,187,187,184,184,184,255,255,255,113,114,112,123,118,113,0.54208,0.55257,0.5536
1,8.5453e+05,-0.513,15.6,195,800,-0.53525,15.399,187.38,836.76,0.27551,0.12604,0.02592,0.24954,0.12099,0.022656,0.23336,0.11288,0.019776,253,251,249,207,203,199,184,181,180,255,255,255,95,95,96,120,118,115,0.55347,0.54986,0.55137
1,8.5463e+05,-0.513,15.52,195,800,-0.54162,15.332,185.94,861.7,0.31722,0.12227,0.028352,0.27313,0.11675,0.023744,0.25439,0.11176,0.02112,248,249,249,196,196,198,172,174,175,255,255,255,73,76,81,114,113,113,0.54576,0.5454,0.54771
1,8.5473e+05,-0.513,15.44,195,800,-0.5448,15.24,185.29,946.07,0.28848,0.13229,0.027584,0.22151,0.12815,0.021504,0.19943,0.11989,0.018304,250,250,248,181,188,196,173,172,173,255,255,255,70,72,76,111,113,114,0.54485,0.54524,0.54536
1,8.5483e+05,-0.513,15.36,195,800,-0.56284,15.167,185.69,834.73,0.2464,0.13666,0.025152,0.20867,0.12579,0.0208,0.19302,0.12225,0.018496,246,247,247,190,192,195,172,174,177,255,253,247,77,77,76,115,117,120,0.55225,0.54641,0.5431
1,8.5493e+05,-0.513,15.28,195,800,-0.54905,15.094,187.6,824.99,0.25779,0.13804,0.02752,0.24271,0.12679,0.023616,0.23109,0.11762,0.021056,244,245,246,200,198,195,178,179,181,249,244,237,85,81,76,122,122,123,0.54795,0.54365,0.54191
1,8.5503e+05,-0.513,15.2,195,800,-0.52995,14.993,185.78,1028,0.31059,0.11826,0.02528,0.2523,0.11612,0.020928,0.20921,0.11261,0.017472,245,244,244,192,196,198,188,187,184,207,208,207,72,76,75,133,129,126,0.52998,0.53808,0.53961
1,8.5513e+05,-0.513,15.12,195,800,-0.55647,14.941,186.43,820.98,0.25454,0.12914,0.02528,0.23878,0.11952,0.021888,0.22376,0.11209,0.019136,239,242,243,207,206,204,176,178,181,174,175,176,74,69,67,125,124,124,0.53724,0.53608,0.53646
1,8.5523e+05,-0.513,15.04,195,800,-0.53419,14.84,187.74,970.25,0.2842,0.13865,0.030016,0.25285,0.12875,0.024704,0.22785,0.12003,0.020928,240,242,243,217,214,210,171,175,179,162,163,166,64,66,66,125,123,121,0.53754,0.53532,0.53529
1,8.5533e+05,-0.513,14.96,195,800,-0.55117,14.782,185.63,1003.2,0.32185,0.12028,0.02656,0.26377,0.11238,0.0208,0.23338,0.10842,0.01728,246,244,244,224,222,217,187,182,179,151,152,154,71,67,63,119,118,117,0.52935,0.53233,0.53153
1,8.5543e+05,-0.513,14.88,195,800,-0.54799,14.704,184.82,616.05,0.28135,0.12888,0.027584,0.25895,0.12398,0.02432,0.2325,0.11454,0.02048,248,246,245,213,219,219,188,184,180,152,152,152,68,65,64,115,114,114,0.51951,0.52682,0.53058
1,8.5553e+05,-0.513,14.8,195,800,-0.5448,14.615,185.89,731.27,0.29352,0.12566,0.028032,0.25349,0.12254,0.023744,0.2251,0.11904,0.02048,250,248,245,225,220,214,175,175,177,153,154,153,69,69,66,106,107,108,0.52383,0.52797,0.5329
1,8.5563e+05,-0.513,14.72,195,800,-0.54692,14.543,185.61,921.89,0.31287,0.12537,0.028864,0.27006,0.12061,0.02432,0.24632,0.11648,0.020992,246,243,242,208,202,198,169,172,176,158,156,153,73,69,63,99,100,100,0.52796,0.52971,0.53176
1,8.5573e+05,-0.513,14.64,195,800,-0.56284,14.473,186.76,819.92,0.24142,0.12508,0.022848,0.21079,0.11812,0.019264,0.18951,0.11247,0.016576,239,241,241,187,189,189,172,175,179,155,154,152,59,61,60,95,96,97,0.52559,0.53455,0.53292
1,8.5583e+05,-0.513,14.56,195,800,-0.55223,14.391,187.78,987.28,0.33938,0.12395,0.028416,0.28278,0.11491,0.02336,0.24917,0.11428,0.020864,246,245,242,179,175,172,187,188,187,150,151,151,53,53,55,91,91,92,0.52822,0.5301,0.53294
1,8.5593e+05,-0.513,14.48,195,800,-0.54692,14.308,186.95,767.6,0.25777,0.11672,0.021824,0.21164,0.11276,0.0176,0.17962,0.10979,0.015104,248,246,243,168,167,168,192,191,189,151,152,152,52,53,55,90,90,90,0.53071,0.53201,0.53142
1,8.5603e+05,-0.513,14.4,195,800,-0.56072,14.251,187.47,729.55,0.30478,0.12435,0.028352,0.27004,0.11879,0.023872,0.24793,0.11241,0.02112,243,242,241,148,156,165,188,186,184,155,154,152,58,58,57,85,87,89,0.53241,0.53313,0.53218
1,8.5613e+05,-0.513,14.32,195,800,-0.53631,14.139,185.99,673.74,0.3344,0.12586,0.030912,0.27415,0.12025,0.024896,0.23703,0.11527,0.0208,238,240,241,172,173,176,173,173,174,148,149,150,54,57,58,90,91,92,0.54697,0.53383,0.53295
1,8.5623e+05,-0.513,14.24,195,800,-0.5448,14.067,187.28,1197,0.27385,0.12058,0.023808,0.22486,0.114,0.0192,0.20053,0.10857,0.016768,244,243,242,184,185,185,167,168,171,148,148,147,57,57,57,94,93,93,0.53549,0.53406,0.53177
1,8.5633e+05,-0.513,14.16,195,800,-0.55117,13.984,187,969.37,0.29423,0.12792,0.028032,0.256,0.12404,0.023936,0.23918,0.11617,0.021056,253,250,247,202,203,203,164,167,171,145,145,146,61,60,60,90,90,91,0.5285,0.53228,0.53209
1,8.5643e+05,-0.513,14.08,195,800,-0.55329,13.913,186.07,461.8,0.28769,0.12387,0.02688,0.25699,0.11735,0.022976,0.24233,0.11256,0.020544,252,251,249,211,212,212,170,172,173,143,145,145,62,64,62,86,88,90,0.52815,0.53235,0.53222
1,8.5653e+05,-0.513,14,195,800,-0.52995,13.822,185.59,1009.3,0.23303,0.1334,0.022656,0.20901,0.12222,0.019264,0.19435,0.11847,0.017088,253,252,251,231,231,225,174,174,173,144,143,142,76,68,61,86,86,87,0.52407,0.52721,0.53112
1,8.5663e+05,-0.513,13.92,195,800,-0.54162,13.762,186.99,1069.6,0.32233,0.12862,0.031168,0.28914,0.12241,0.026496,0.26295,0.11503,0.02304,250,250,250,241,228,214,167,167,170,132,135,137,54,57,58,88,88,89,0.53565,0.53609,0.53171
1,8.5673e+05,-0.513,13.84,195,800,-0.54162,13.678,185.56,670.8,0.30021,0.12716,0.02816,0.2628,0.11984,0.024192,0.23983,0.11652,0.02144,247,248,248,214,208,203,166,166,169,132,132,133,60,56,54,88,89,91,0.53493,0.53233,0.53108
1,8.5683e+05,-0.513,13.76,195,800,-0.56602,13.624,186.86,773.44,0.30919,0.1259,0.029248,0.27321,0.11781,0.024384,0.25127,0.11468,0.021568,245,244,245,166,175,185,173,172,172,127,127,127,50,52,52,92,93,93,0.52094,0.52525,0.52965
1,8.5693e+05,-0.513,13.68,195,800,-0.55966,13.531,186.91,1249.5,0.33592,0.12492,0.03136,0.3017,0.11778,0.02688,0.27001,0.11259,0.022912,241,242,243,176,178,183,175,174,174,125,125,126,49,49,51,90,92,93,0.5328,0.53604,0.53371
1,8.5703e+05,-0.513,13.6,195,800,-0.54162,13.428,187.74,878.29,0.32182,0.12079,0.027904,0.26913,0.11263,0.022016,0.23449,0.10872,0.018432,241,243,245,193,193,194,172,171,173,129,129,128,51,52,52,90,89,91,0.51775,0.52801,0.53205
1,8.5713e+05,-0.513,13.52,195,800,-0.5448,13.359,187.77,793.73,0.27871,0.13709,0.0272,0.234,0.13431,0.022336,0.19743,0.13055,0.019136,252,249,246,199,199,199,164,166,170,136,134,131,56,56,54,88,90,92,0.52211,0.53029,0.53393
1,8.5723e+05,-0.513,13.44,195,800,-0.53631,13.273,187.93,984.15,0.2868,0.12469,0.027008,0.25282,0.11641,0.022528,0.22383,0.11137,0.018944,250,249,248,192,197,200,162,165,169,133,133,133,54,54,54,96,95,94,0.53026,0.5312,0.53162
1,8.5733e+05,-0.513,13.36,195,800,-0.55011,13.202,186.65,982.94,0.27455,0.11834,0.024448,0.24141,0.11422,0.020544,0.21122,0.11057,0.018048,251,250,249,205,197,197,171,171,172,135,133,131,49,50,51,99,97,94,0.53883,0.53286,0.53383
1,8.5743e+05,-0.513,13.28,195,800,-0.53313,13.104,185.78,1021.2,0.32449,0.12457,0.028992,0.26496,0.11943,0.023104,0.22628,0.11377,0.019328,254,253,250,202,198,198,176,174,173,135,131,129,49,49,49,92,92,92,0.53867,0.53468,0.53295
1,8.5753e+05,-0.513,13.2,195,800,-0.5448,13.054,185.85,1021.3,0.29823,0.12155,0.026496,0.25248,0.11957,0.022784,0.23382,0.1139,0.019712,253,251,249,195,197,200,171,172,174,119,122,126,44,46,47,88,88,88,0.54471,0.53583,0.53349
1,8.5763e+05,-0.513,13.12,195,800,-0.54162,12.967,185.92,1130.2,0.29686,0.11266,0.024064,0.24165,0.11062,0.019648,0.2045,0.10626,0.016384,244,246,248,195,198,201,176,173,172,126,126,128,47,45,45,83,85,86,0.50854,0.52374,0.53103
1,8.5773e+05,-0.513,13.04,195,800,-0.5448,12.897,185.32,750.21,0.30313,0.12519,0.027712,0.27182,0.11755,0.024192,0.24885,0.1159,0.021632,248,248,248,198,199,199,176,173,172,131,130,130,46,46,45,83,83,84,0.56218,0.53355,0.53196
1,8.5783e+05,-0.513,12.96,195,800,-0.53738,12.811,186.47,844.84,0.32518,0.11871,0.02688,0.28016,0.1106,0.02208,0.23637,0.11042,0.018368,254,253,251,201,197,197,177,176,175,132,132,134,45,45,45,82,82,84,0.51977,0.52906,0.53171
1,8.5793e+05,-0.513,12.88,195,800,-0.55859,12.735,186.58,1011.2,0.30519,0.12075,0.026816,0.25651,0.11703,0.022336,0.22952,0.11245,0.018816,254,253,251,200,198,197,187,178,174,132,132,134,45,46,46,82,83,85,0.53999,0.53294,0.5319
1,8.5803e+05,-0.513,12.8,195,800,-0.55541,12.654,188.26,704.08,0.27302,0.12373,0.02464,0.23993,0.1197,0.02144,0.21634,0.11658,0.018944,249,249,249,203,204,203,171,172,171,129,131,134,49,48,47,92,91,90,0.53082,0.53466,0.53448
1,8.5813e+05,-0.513,12.72,195,800,-0.53844,12.554,187.13,675.05,0.2133,0.15837,0.024832,0.19365,0.14709,0.020992,0.18565,0.13097,0.018496,249,247,247,209,207,205,165,164,164,129,129,131,47,48,47,97,96,95,0.5302,0.53225,0.5327
1,8.5823e+05,-0.513,12.64,195,800,-0.54692,12.483,187.48,1491.4,0.22477,0.13364,0.022912,0.20786,0.12206,0.019328,0.19482,0.12025,0.018048,246,247,247,205,205,204,160,160,162,129,128,129,47,47,47,97,97,97,0.53096,0.52839,0.53077
1,8.5833e+05,-0.513,12.56,195,800,-0.5639,12.428,187.04,768.48,0.29427,0.1251,0.027392,0.26619,0.11756,0.022848,0.23945,0.1127,0.01984,246,247,248,197,194,195,157,157,159,125,125,127,44,45,46,100,99,99,0.5388,0.52973,0.53045
1,8.5843e+05,-0.513,12.48,195,800,-0.54799,12.329,188.34,542.21,0.31694,0.12277,0.027648,0.26069,0.11578,0.021888,0.21865,0.11229,0.018624,251,250,250,184,187,193,154,156,159,124,126,129,45,45,46,103,102,101,0.54198,0.53856,0.53552
1,8.5853e+05,-0.513,12.4,195,800,-0.53207,12.237,187.13,1107.5,0.27232,0.13749,0.028608,0.25334,0.13032,0.025408,0.24004,0.12602,0.02304,252,253,252,191,192,196,163,161,162,134,134,136,49,48,48,107,103,100,0.53664,0.54149,0.54052
1,8.5863e+05,-0.513,12.32,195,800,-0.54268,12.173,187.49,740.94,0.32791,0.13293,0.031936,0.28643,0.1282,0.0272,0.26175,0.12158,0.023808,249,252,252,198,200,204,167,172,171,147,147,148,49,50,51,89,90,92,0.55263,0.54517,0.54388
1,8.5873e+05,-0.513,12.24,195,800,-0.55435,12.106,186.03,638.35,0.2451,0.14221,0.026752,0.22577,0.1325,0.023104,0.20868,0.12933,0.02112,254,251,251,194,200,205,183,176,173,155,154,154,51,52,53,81,84,88,0.53751,0.54563,0.54379
1,8.5883e+05,-0.513,12.16,195,800,-0.54692,12.01,186.71,761.29,0.33259,0.11423,0.0272,0.29815,0.10747,0.02272,0.26282,0.10072,0.019008,248,249,250,199,199,201,171,174,176,168,167,166,61,58,58,81,82,85,0.53457,0.54223,0.54408
1,8.5893e+05,-0.513,12.08,195,800,-0.55541,11.948,185.06,849.49,0.26287,0.11782,0.022336,0.21858,0.11204,0.017792,0.17369,0.10956,0.01472,249,248,248,199,198,199,175,174,174,173,173,171,62,62,63,86,86,86,0.5495,0.5462,0.5448
1,8.5903e+05,-0.513,12,195,800,-0.53844,11.846,185.15,1042.6,0.2565,0.12711,0.02368,0.22665,0.11746,0.019456,0.20007,0.11618,0.017344,243,244,246,202,203,206,173,176,177,187,184,180,71,72,71,86,88,90,0.53747,0.54314,0.5458
1,8.5913e+05,-0.513,11.92,195,800,-0.54799,11.789,184.7,804,0.23031,0.13115,0.023552,0.21322,0.12511,0.0208,0.2014,0.11972,0.018944,243,244,246,242,230,217,185,179,177,185,184,183,74,78,83,98,103,108,0.5417,0.54239,0.54426
1,8.5923e+05,-0.513,11.84,195,800,-0.53844,11.699,185.72,761.34,0.32093,0.11808,0.027392,0.27963,0.11409,0.022336,0.22507,0.11121,0.017344,246,245,247,243,233,219,176,179,179,176,182,183,88,91,90,128,126,116,0.54109,0.54401,0.54456
1,8.5933e+05,-0.513,11.76,195,800,-0.54268,11.628,186.79,935.3,0.28874,0.11922,0.025152,0.26283,0.10987,0.021056,0.24015,0.10353,0.018048,250,249,250,206,216,215,191,186,181,179,179,178,121,110,102,145,142,131,0.54387,0.54616,0.54687
1,8.5943e+05,-0.513,11.68,195,800,-0.55753,11.547,186.06,637.76,0.31609,0.1184,0.027456,0.27852,0.1104,0.02272,0.25917,0.10731,0.020288,253,251,251,219,210,211,196,189,182,174,175,175,102,110,109,131,133,135,0.55219,0.54951,0.54838
1,8.5953e+05,-0.513,11.6,195,800,-0.54586,11.464,186.46,741.95,0.30248,0.12623,0.028544,0.26542,0.1187,0.023488,0.23378,0.11722,0.0208,250,252,253,206,207,207,183,183,181,168,165,162,121,111,102,140,140,141,0.53984,0.54875,0.54988
1,8.5963e+05,-0.513,11.52,195,800,-0.55011,11.375,186.13,1005.2,0.24393,0.119,0.021952,0.21547,0.11498,0.018816,0.19885,0.11017,0.016576,251,250,251,200,204,206,174,176,176,145,145,146,89,90,90,159,168,177,0.55523,0.54797,0.55027
1,8.5973e+05,-0.513,11.44,195,800,-0.55223,11.313,186.62,683.36,0.33177,0.12001,0.0288,0.30179,0.11309,0.024448,0.27126,0.10714,0.020736,245,249,251,207,205,208,170,173,174,135,137,138,80,80,80,196,199,200,0.54521,0.55088,0.55373
1,8.5983e+05,-0.513,11.36,195,800,-0.54586,11.214,187.65,699.17,0.29639,0.12389,0.026112,0.2356,0.12259,0.020928,0.19444,0.1162,0.016896,254,252,252,220,221,218,177,173,168,124,126,126,67,67,66,255,250,241,0.55286,0.55735,0.55699
1,8.5993e+05,-0.513,11.28,195,800,-0.54056,11.141,186.89,783.84,0.26254,0.12369,0.02496,0.23479,0.11786,0.021568,0.21832,0.1146,0.019456,255,254,252,233,226,220,173,169,165,117,121,125,58,60,63,255,255,252,0.55864,0.56261,0.56112
1,8.6003e+05,-0.513,11.2,195,800,-0.55966,11.068,185.51,732.58,0.2798,0.1385,0.029248,0.24516,0.13257,0.024896,0.22259,0.12493,0.021504,253,250,250,210,211,210,155,156,158,127,131,139,58,62,68,255,255,253,0.56896,0.5669,0.56764
1,8.6013e+05,-0.513,11.12,195,800,-0.54905,10.997,186.52,785.88,0.282,0.136,0.028992,0.26027,0.12737,0.025216,0.24324,0.12162,0.022656,246,247,249,191,191,195,160,161,161,176,179,182,95,106,114,249,243,235,0.58602,0.57665,0.57721
1,8.6023e+05,-0.513,11.04,195,800,-0.54374,10.925,185.61,882.79,0.28952,0.13086,0.026304,0.24731,0.12198,0.02176,0.21187,0.11786,0.019264,251,250,249,186,186,191,168,167,165,211,210,204,161,157,143,225,221,222,0.58863,0.5797,0.56556
1,8.633e+05,-0.42,11,195,800,-0.47159,10.937,-0.047353,810.06,0,0,0,0,0,0,0,0,0,251,252,251,190,188,188,171,169,166,243,234,225,182,164,151,188,201,208,0.50102,0.50585,0.51115
1,8.634e+05,-0.42,11.08,195,800,-0.45886,11.011,185.68,965.82,0.18438,0.12431,0.017344,0.16231,0.12151,0.01536,0.15064,0.11311,0.01344,248,249,250,179,185,190,153,155,158,179,181,184,87,95,106,249,243,235,0.58283,0.58686,0.58627
1,8.635e+05,-0.42,11.16,195,800,-0.44082,11.05,185.49,771.28,0.20874,0.12526,0.019776,0.19087,0.1191,0.017152,0.17602,0.11285,0.015168,243,247,250,187,191,197,146,151,156,148,153,159,73,75,81,255,253,248,0.55933,0.5667,0.57098
1,8.636e+05,-0.42,11.24,195,800,-0.46735,11.156,186.54,921.74,0.25467,0.12447,0.024576,0.22532,0.11833,0.020544,0.20494,0.11149,0.017728,254,252,251,222,219,214,159,160,161,118,122,128,64,62,62,255,255,255,0.55403,0.55899,0.56173
1,8.637e+05,-0.42,11.32,195,800,-0.45674,11.208,187.19,804.34,0.29525,0.1376,0.030848,0.25393,0.12954,0.025536,0.23116,0.12578,0.022336,254,253,252,234,228,219,167,168,167,116,120,124,57,59,62,255,255,252,0.56402,0.55627,0.5572
1,8.638e+05,-0.42,11.4,195,800,-0.45886,11.302,187.9,743.3,0.28501,0.1238,0.024256,0.22276,0.1177,0.019072,0.19435,0.10974,0.015808,253,252,252,222,218,215,184,180,177,133,130,130,62,64,69,239,231,223,0.54918,0.55553,0.55539
1,8.639e+05,-0.42,11.48,195,800,-0.46204,11.375,187.76,751.95,0.31396,0.12802,0.029888,0.28961,0.11928,0.0256,0.26871,0.11244,0.022144,254,253,252,203,205,207,182,180,181,146,147,148,84,91,95,165,173,180,0.54425,0.55083,0.55315
1,8.64e+05,-0.42,11.56,195,800,-0.4578,11.455,187.4,849.81,0.28712,0.11969,0.025216,0.24926,0.11273,0.020672,0.21864,0.10877,0.017728,254,253,252,208,206,206,177,180,182,161,159,157,118,113,105,157,155,157,0.55801,0.54821,0.5488
1,8.641e+05,-0.42,11.64,195,800,-0.44295,11.531,187.44,1247.3,0.3209,0.12276,0.02816,0.26984,0.11735,0.023424,0.24294,0.1118,0.020224,252,252,251,207,211,210,185,184,186,169,171,172,122,122,119,130,133,134,0.55032,0.54986,0.54877
1,8.642e+05,-0.42,11.72,195,800,-0.45143,11.597,187.42,667.8,0.3202,0.11963,0.027648,0.28068,0.11396,0.023168,0.25615,0.1068,0.019648,255,251,251,211,212,213,185,189,186,171,175,176,108,118,116,127,125,128,0.55271,0.55109,0.54705
1,8.643e+05,-0.42,11.8,195,800,-0.45568,11.677,186.51,844.59,0.35387,0.115,0.027648,0.2567,0.11268,0.021184,0.22607,0.10861,0.018112,253,251,250,213,219,221,179,185,184,183,182,181,103,101,95,110,111,113,0.55255,0.54565,0.54646
1,8.644e+05,-0.42,11.88,195,800,-0.45037,11.756,186.94,1073.4,0.32075,0.12801,0.030464,0.29667,0.12123,0.026048,0.27175,0.11375,0.022208,244,248,248,222,220,220,178,177,178,183,186,185,66,74,81,84,90,98,0.55051,0.54842,0.54667
1,8.645e+05,-0.42,11.96,195,800,-0.45037,11.834,186.22,757.5,0.28244,0.13451,0.027264,0.23725,0.12269,0.021888,0.1937,0.11798,0.017728,244,247,248,202,212,218,172,175,177,187,186,183,82,77,74,82,86,92,0.53953,0.54551,0.54587
1,8.646e+05,-0.42,12.04,195,800,-0.46523,11.923,186.2,556.25,0.32863,0.12975,0.031104,0.27476,0.12324,0.025152,0.23376,0.11929,0.021504,250,250,248,205,207,211,174,174,176,173,176,176,73,72,68,88,87,87,0.53994,0.54254,0.54491
1,8.647e+05,-0.42,12.12,195,800,-0.46204,12.022,187.48,958.18,0.29587,0.12202,0.02624,0.25498,0.11634,0.021696,0.22163,0.11165,0.018368,250,250,249,211,209,210,177,176,176,169,169,170,57,62,64,87,87,87,0.54605,0.5415,0.54218
1,8.648e+05,-0.42,12.2,195,800,-0.46417,12.096,187.31,927.78,0.33361,0.12044,0.02816,0.2674,0.1153,0.022656,0.22578,0.10831,0.01824,246,249,250,203,210,212,177,178,177,155,156,156,52,54,54,82,85,86,0.54981,0.54295,0.5434
1,8.649e+05,-0.42,12.28,195,800,-0.47159,12.167,185.87,698,0.27398,0.13322,0.027392,0.2537,0.12067,0.023488,0.23489,0.11833,0.021184,255,253,252,213,216,212,172,173,173,139,142,144,48,49,51,90,95,95,0.54935,0.54391,0.54408
1,8.65e+05,-0.42,12.36,195,800,-0.46629,12.256,186.4,1050.3,0.29933,0.1293,0.028416,0.2621,0.12166,0.023616,0.24077,0.11748,0.02112,255,254,253,214,211,208,166,170,170,136,137,138,47,48,49,112,104,99,0.54164,0.5407,0.54166
1,8.651e+05,-0.42,12.44,195,800,-0.45674,12.318,186.98,712.52,0.25974,0.1347,0.027456,0.23207,0.13068,0.023616,0.21637,0.12295,0.0208,252,253,253,189,193,199,167,166,164,127,129,130,44,45,46,106,107,104,0.54018,0.53552,0.53557
1,8.652e+05,-0.42,12.52,195,800,-0.44295,12.367,187.12,605.19,0.26805,0.13639,0.028352,0.24038,0.12791,0.02368,0.22237,0.12153,0.020992,252,252,252,186,191,197,163,163,162,126,127,128,42,44,46,100,103,103,0.53184,0.53128,0.53227
1,8.653e+05,-0.42,12.6,195,800,-0.46417,12.476,185.64,658.13,0.28629,0.12889,0.026752,0.25204,0.12223,0.022528,0.22218,0.11689,0.018944,253,252,251,202,200,200,157,158,158,126,127,127,43,44,46,101,100,99,0.53612,0.53319,0.53274
1,8.654e+05,-0.42,12.68,195,800,-0.4578,12.562,189.1,974.87,0.32256,0.12489,0.030016,0.28025,0.11962,0.024896,0.26157,0.11122,0.021632,251,251,251,202,202,203,154,158,162,127,128,130,46,47,48,95,97,96,0.52787,0.53575,0.53386
1,8.655e+05,-0.42,12.76,195,800,-0.4631,12.631,186.15,591.48,0.31554,0.12544,0.028288,0.26438,0.12168,0.023616,0.23607,0.11517,0.020224,250,251,251,203,203,203,164,165,166,129,131,132,48,48,48,92,93,93,0.53072,0.53651,0.535
1,8.656e+05,-0.42,12.84,195,800,-0.45886,12.712,186.41,517.25,0.31146,0.12664,0.0288,0.27248,0.1221,0.024384,0.24924,0.11851,0.021504,252,252,252,210,203,199,176,176,174,133,134,135,46,48,48,83,85,87,0.54674,0.53682,0.53293
1,8.657e+05,-0.42,12.92,195,800,-0.45886,12.801,185.27,881.9,0.26976,0.11833,0.023936,0.24339,0.11372,0.020672,0.22746,0.10493,0.017792,252,253,253,198,199,198,177,176,175,134,135,136,45,47,48,81,83,86,0.52893,0.53279,0.53351
1,8.658e+05,-0.42,13,195,800,-0.45674,12.867,186.27,746.31,0.28412,0.1174,0.023424,0.2266,0.11208,0.018112,0.19092,0.10695,0.015104,252,252,251,194,194,196,168,171,173,140,139,136,47,46,46,83,84,84,0.55158,0.53701,0.53505
1,8.659e+05,-0.42,13.08,195,800,-0.45143,12.934,185.65,581.5,0.23933,0.12416,0.020992,0.19587,0.11875,0.0176,0.18092,0.1118,0.015616,247,249,250,198,200,202,166,168,171,129,129,129,43,45,46,84,86,87,0.53232,0.52879,0.5308
1,8.66e+05,-0.42,13.16,195,800,-0.46523,13.039,186.46,835.86,0.27455,0.13176,0.027584,0.25967,0.12551,0.02464,0.24414,0.11982,0.022144,248,249,251,207,208,206,166,169,172,120,123,126,47,46,47,90,87,87,0.53995,0.52678,0.52848
1,8.661e+05,-0.42,13.24,195,800,-0.44719,13.093,186.45,807.34,0.25572,0.13231,0.025856,0.23442,0.1237,0.022208,0.21099,0.12076,0.019648,255,254,252,222,216,209,175,174,173,122,122,124,51,50,50,85,87,89,0.53168,0.53591,0.53445
1,8.662e+05,-0.42,13.32,195,800,-0.45886,13.192,185.93,912.27,0.24048,0.13342,0.023616,0.19222,0.13237,0.019776,0.17757,0.12196,0.01696,254,254,252,206,209,208,173,174,173,125,125,125,49,50,52,85,88,90,0.52019,0.52962,0.53309
1,8.663e+05,-0.42,13.4,195,800,-0.45886,13.26,186.13,600.45,0.29,0.12998,0.028864,0.26722,0.12208,0.02464,0.24865,0.11398,0.02176,248,249,251,206,206,207,169,169,170,130,130,131,53,55,56,98,94,92,0.53643,0.53234,0.53283
1,8.664e+05,-0.42,13.48,195,800,-0.45249,13.339,186.5,953.57,0.2626,0.12196,0.024576,0.23581,0.11689,0.021376,0.21282,0.11083,0.01824,251,250,250,217,209,202,170,170,170,139,136,133,67,62,58,90,91,92,0.53673,0.53663,0.53336
1,8.665e+05,-0.42,13.56,195,800,-0.45462,13.423,186.28,925.13,0.34389,0.12505,0.03104,0.30287,0.11833,0.025728,0.2743,0.11167,0.02176,251,250,249,197,198,198,175,173,172,137,134,132,60,59,57,88,89,92,0.53366,0.53556,0.53384
1,8.666e+05,-0.42,13.64,195,800,-0.45249,13.504,188.26,708.14,0.25121,0.12721,0.024,0.23026,0.11956,0.020672,0.20823,0.11435,0.017792,246,247,248,172,179,188,186,184,181,124,125,126,52,51,52,100,98,95,0.54188,0.53409,0.53218
1,8.667e+05,-0.42,13.72,195,800,-0.45037,13.578,187.11,772.86,0.29759,0.12311,0.02592,0.25397,0.12043,0.021824,0.22495,0.11591,0.018816,253,249,247,175,180,185,194,188,181,123,124,125,49,49,51,110,102,97,0.5285,0.52905,0.53154
1,8.668e+05,-0.42,13.8,195,800,-0.46523,13.678,185.94,1067.4,0.28263,0.14754,0.029824,0.25955,0.13855,0.025408,0.23109,0.13476,0.022336,246,248,248,192,192,194,174,176,177,127,126,125,51,51,51,99,100,98,0.54358,0.532,0.53087
1,8.669e+05,-0.42,13.88,195,800,-0.45992,13.74,186.58,1393.1,0.32434,0.13301,0.032,0.27417,0.12713,0.02656,0.24501,0.1247,0.023488,248,249,250,210,208,207,162,167,172,128,127,129,49,51,54,101,98,96,0.51008,0.52482,0.52904
1,8.67e+05,-0.42,13.96,195,800,-0.46417,13.81,187.52,796.39,0.31722,0.12581,0.0288,0.28181,0.12181,0.024384,0.2427,0.11885,0.021248,253,251,250,214,213,211,170,171,173,130,131,132,51,53,55,98,96,94,0.53028,0.52809,0.52898
1,8.671e+05,-0.42,14.04,195,800,-0.44082,13.886,186.66,784.87,0.27329,0.12124,0.025216,0.24002,0.11575,0.021184,0.21502,0.11244,0.01856,247,249,249,217,215,214,177,176,174,144,140,138,55,57,59,95,93,93,0.52271,0.52924,0.53094
1,8.672e+05,-0.42,14.12,195,800,-0.45992,13.985,187.52,1032.7,0.29606,0.12901,0.028928,0.26027,0.12386,0.024448,0.23113,0.1207,0.021312,242,245,248,227,219,212,172,173,173,143,143,142,59,60,60,94,93,94,0.5201,0.52901,0.52847
1,8.673e+05,-0.42,14.2,195,800,-0.4578,14.048,186.01,548.99,0.28492,0.1386,0.02976,0.25594,0.13199,0.025536,0.22799,0.12986,0.022528,246,246,245,214,212,207,169,170,172,147,146,145,62,61,58,99,97,96,0.52973,0.5269,0.52803
1,8.674e+05,-0.42,14.28,195,800,-0.46629,14.142,186.14,880.81,0.29987,0.13542,0.031296,0.26591,0.13029,0.026816,0.2422,0.12506,0.023296,250,247,245,187,189,191,175,175,177,144,146,147,55,56,56,95,95,95,0.542,0.53331,0.53092
1,8.675e+05,-0.42,14.36,195,800,-0.46629,14.206,187.42,768.36,0.29301,0.11655,0.023232,0.21996,0.11296,0.018496,0.20085,0.10882,0.016064,249,246,245,174,178,183,178,180,181,146,147,147,57,55,55,92,92,94,0.53677,0.53195,0.53093
1,8.676e+05,-0.42,14.44,195,800,-0.47053,14.303,186.83,1380.2,0.29285,0.12594,0.025856,0.25575,0.11862,0.021696,0.23017,0.11284,0.01856,244,244,243,171,171,174,191,190,188,153,149,146,50,52,53,93,92,93,0.51525,0.52994,0.53129
1,8.677e+05,-0.42,14.52,195,800,-0.43552,14.346,186.82,866.67,0.25861,0.12758,0.02464,0.22204,0.12388,0.020736,0.20246,0.1203,0.018432,242,241,241,176,174,171,190,190,189,149,147,146,50,50,52,95,94,94,0.52713,0.53143,0.53244
1,8.678e+05,-0.42,14.6,195,800,-0.45037,14.466,184.9,966.97,0.28426,0.13489,0.028416,0.25642,0.12888,0.024576,0.22892,0.12346,0.021312,228,232,237,173,173,176,179,180,182,147,148,148,50,52,54,100,100,99,0.52537,0.53821,0.534
1,8.679e+05,-0.42,14.68,195,800,-0.4631,14.54,185.86,812.94,0.28923,0.12517,0.026752,0.24489,0.12264,0.022592,0.22421,0.11735,0.019712,233,236,239,191,194,197,170,171,175,158,157,152,57,58,58,108,107,105,0.51484,0.53088,0.5305
1,8.68e+05,-0.42,14.76,195,800,-0.46098,14.604,185.66,1066.9,0.27599,0.12917,0.02624,0.24706,0.1247,0.022592,0.21904,0.12069,0.019776,241,241,242,222,219,210,170,172,175,164,157,151,59,59,59,109,108,108,0.52225,0.52857,0.52998
1,8.681e+05,-0.42,14.84,195,800,-0.45037,14.673,185.48,1050.4,0.27396,0.12979,0.026944,0.24786,0.12479,0.02368,0.22947,0.12047,0.021056,243,245,246,250,238,224,178,179,179,146,148,149,58,60,64,112,111,112,0.52398,0.52946,0.53002
1,8.682e+05,-0.42,14.92,195,800,-0.46098,14.779,186.41,759.72,0.26219,0.12906,0.02432,0.22749,0.12429,0.021056,0.20749,0.11894,0.018368,240,244,246,234,226,220,177,178,179,145,147,149,64,65,65,113,114,115,0.52762,0.5288,0.53073
1,8.683e+05,-0.42,15,195,800,-0.45037,14.839,186.54,1032.7,0.27787,0.12458,0.026624,0.25158,0.11796,0.022464,0.22853,0.11442,0.019904,242,244,245,190,198,208,169,174,179,155,155,157,66,68,69,121,123,123,0.53702,0.53469,0.53253
1,8.684e+05,-0.42,15.08,195,800,-0.45674,14.924,185.38,909.99,0.26003,0.12525,0.024192,0.23283,0.12184,0.020928,0.21088,0.11626,0.01856,244,243,244,197,201,203,181,183,184,173,174,175,65,68,70,126,127,127,0.53278,0.53195,0.53302
1,8.685e+05,-0.42,15.16,195,800,-0.47902,15.024,186.5,762.63,0.2765,0.14135,0.030272,0.24377,0.13458,0.025472,0.22347,0.12895,0.022272,240,241,243,205,202,202,192,189,186,191,188,189,69,70,72,123,127,128,0.52828,0.53544,0.53554
1,8.686e+05,-0.42,15.24,195,800,-0.45992,15.093,186.28,1331.6,0.26992,0.12927,0.025856,0.23084,0.12625,0.021888,0.20289,0.12255,0.01888,239,240,243,201,200,201,185,187,188,224,223,221,81,77,76,124,126,126,0.54461,0.54448,0.54327
1,8.687e+05,-0.42,15.32,195,800,-0.46947,15.17,186.12,807.67,0.26541,0.15133,0.028416,0.24003,0.13776,0.022976,0.19114,0.12591,0.01856,239,241,243,206,203,201,181,183,185,247,241,234,74,77,77,120,123,125,0.53662,0.54041,0.5433
1,8.688e+05,-0.42,15.4,195,800,-0.46204,15.246,187.41,685.07,0.25248,0.14123,0.0272,0.23298,0.13125,0.023424,0.22047,0.12141,0.020416,245,244,245,211,205,202,176,177,180,255,254,252,69,73,79,123,122,121,0.55119,0.54852,0.5457
1,8.689e+05,-0.42,15.48,195,800,-0.45037,15.313,187.43,478.8,0.2916,0.12831,0.02816,0.25952,0.1216,0.023744,0.24084,0.11356,0.020608,248,247,247,197,204,207,177,179,180,255,255,255,78,82,87,119,118,117,0.54163,0.54794,0.54671
1,8.69e+05,-0.42,15.56,195,800,-0.45356,15.384,186.7,712.93,0.44219,0.1209,0.033152,0.40566,0.11491,0.02784,0.22944,0.11551,0.020032,247,248,249,210,211,208,182,182,182,255,255,255,87,92,95,112,115,116,0.54079,0.54862,0.54827
1,8.691e+05,-0.42,15.64,195,800,-0.45143,15.477,186.51,876.37,0.27959,0.12141,0.02496,0.24161,0.11417,0.020544,0.20925,0.10994,0.01728,250,248,247,216,210,199,190,189,187,255,255,255,119,112,108,114,113,113,0.54713,0.55256,0.55046
1,8.692e+05,-0.42,15.72,195,800,-0.46523,15.565,185.68,809.82,0.25463,0.12885,0.025088,0.2309,0.12016,0.021184,0.207,0.11495,0.018432,243,243,243,193,192,188,190,189,188,255,255,255,116,115,112,112,111,111,0.5598,0.55512,0.55382
1,8.693e+05,-0.42,15.8,195,800,-0.47584,15.647,185.84,957.63,0.27466,0.1252,0.02432,0.23348,0.11648,0.01984,0.19002,0.11574,0.017152,220,228,236,151,157,168,188,188,188,255,255,255,106,110,114,102,106,112,0.55773,0.56363,0.56117
1,8.694e+05,-0.42,15.88,195,800,-0.46947,15.735,186.06,1054.2,0.2264,0.13614,0.022464,0.20267,0.12986,0.01984,0.18428,0.12526,0.0176,234,235,237,161,167,175,187,187,187,255,255,255,113,118,127,118,123,132,0.57133,0.5667,0.56713
1,8.695e+05,-0.42,15.96,195,800,-0.46098,15.793,186.86,737.23,0.35051,0.12794,0.032256,0.30916,0.12044,0.027712,0.28321,0.11462,0.023616,241,241,241,180,183,185,184,185,186,255,255,255,131,136,138,139,141,145,0.57147,0.57658,0.57724
1,8.7257e+05,-0.327,16,195,800,-0.37504,15.775,0.47569,840.65,0,0,0,0,0,0,0,0,0,250,247,244,204,201,198,179,182,185,255,255,255,162,155,149,179,176,175,0.58607,0.57583,0.56456
1,8.7267e+05,-0.327,15.92,195,800,-0.36549,15.704,186.58,831.38,0.24791,0.1133,0.018368,0.21173,0.1103,0.015296,0.18935,0.10271,0.012992,241,238,238,171,173,177,188,188,188,255,255,255,114,117,125,127,134,143,0.5795,0.57813,0.58078
1,8.7277e+05,-0.327,15.84,195,800,-0.35807,15.619,186.86,1023.2,0.19663,0.13529,0.020032,0.18037,0.11999,0.016512,0.16635,0.11264,0.014528,233,234,237,150,157,167,191,190,189,255,255,255,102,107,114,112,117,126,0.57284,0.5674,0.56626
1,8.7287e+05,-0.327,15.76,195,800,-0.3761,15.571,187.76,665.5,0.24738,0.13353,0.025216,0.22298,0.12719,0.021824,0.20625,0.11997,0.019136,237,239,241,155,164,173,192,191,190,255,255,255,110,111,112,106,108,111,0.54758,0.55823,0.55932
1,8.7297e+05,-0.327,15.68,195,800,-0.35807,15.475,187.61,836.14,0.35663,0.12539,0.0336,0.32754,0.11495,0.027392,0.27415,0.11007,0.021952,248,246,244,195,190,184,193,191,189,255,255,255,119,116,112,108,108,110,0.54979,0.55347,0.55437
1,8.7307e+05,-0.327,15.6,195,800,-0.35276,15.401,185.54,891.1,0.37067,0.11976,0.028544,0.29893,0.1151,0.020288,0.18337,0.1024,0.014528,248,250,249,231,219,204,185,186,186,255,255,255,107,107,107,109,111,113,0.54703,0.55188,0.55142
1,8.7317e+05,-0.327,15.52,195,800,-0.36125,15.312,186.48,1134.8,0.29577,0.12749,0.027072,0.25217,0.12212,0.022464,0.23504,0.11603,0.019712,247,246,246,209,210,208,180,181,183,255,255,254,95,94,94,123,120,118,0.56604,0.55098,0.54956
1,8.7327e+05,-0.327,15.44,195,800,-0.36019,15.263,185.27,733.76,0.36936,0.1207,0.031168,0.32355,0.11465,0.025728,0.27901,0.10928,0.020736,241,243,245,218,212,206,178,180,183,255,254,253,84,86,88,125,123,120,0.5545,0.54624,0.54588
1,8.7337e+05,-0.327,15.36,195,800,-0.33685,15.15,186.78,1123.6,0.36075,0.12266,0.03168,0.31765,0.11602,0.025984,0.24499,0.11306,0.020864,241,242,243,206,208,205,183,186,186,251,247,242,74,77,81,130,127,124,0.54026,0.54555,0.54544
1,8.7347e+05,-0.327,15.28,195,800,-0.36443,15.089,185.58,1076.4,0.32851,0.12111,0.027328,0.25615,0.11829,0.022144,0.21153,0.11404,0.018688,243,242,243,192,200,204,188,189,188,238,235,231,78,79,78,130,128,126,0.53938,0.54135,0.54079
1,8.7357e+05,-0.327,15.2,195,800,-0.36231,15.017,187.18,839.11,0.27652,0.13677,0.027776,0.23643,0.1301,0.023808,0.22302,0.1223,0.021056,240,242,244,191,201,205,196,194,190,193,199,202,73,73,74,132,128,127,0.542,0.53732,0.53746
1,8.7367e+05,-0.327,15.12,195,800,-0.3761,14.945,184.84,703.97,0.35527,0.12342,0.03392,0.31935,0.11581,0.028416,0.29151,0.1085,0.024064,249,247,245,207,206,204,192,189,185,168,172,175,64,67,70,131,129,127,0.54103,0.53755,0.53229
1,8.7377e+05,-0.327,15.04,195,800,-0.35595,14.853,186.87,1159.2,0.36787,0.13209,0.035584,0.30767,0.12774,0.029504,0.26816,0.12442,0.0256,249,248,246,192,199,205,180,181,182,160,162,165,68,70,71,134,129,126,0.5255,0.52882,0.52835
1,8.7387e+05,-0.327,14.96,195,800,-0.38353,14.8,187.28,807.68,0.30232,0.12815,0.028352,0.24824,0.12163,0.023168,0.22481,0.11772,0.020288,248,247,247,194,203,210,174,177,179,150,149,150,68,70,69,118,120,122,0.52485,0.53,0.53123
1,8.7397e+05,-0.327,14.88,195,800,-0.36125,14.695,187.42,889.42,0.36065,0.13042,0.033664,0.30039,0.12408,0.0272,0.25034,0.12099,0.022912,246,246,247,220,219,217,182,180,179,139,143,146,59,63,66,114,115,119,0.53121,0.52813,0.53046
1,8.7407e+05,-0.327,14.8,195,800,-0.36443,14.624,186.59,1087.2,0.29411,0.12847,0.02848,0.25916,0.12217,0.024192,0.24394,0.11511,0.021632,246,245,245,239,231,218,177,178,178,145,146,146,52,55,59,112,112,113,0.5302,0.53094,0.53205
1,8.7417e+05,-0.327,14.72,195,800,-0.34215,14.528,186.67,894.45,0.30826,0.12433,0.028416,0.2783,0.11704,0.024384,0.25823,0.11276,0.021952,231,235,240,187,188,193,170,174,177,151,151,148,54,54,55,113,109,108,0.53106,0.53253,0.53103
1,8.7427e+05,-0.327,14.64,195,800,-0.36549,14.477,186.12,603.53,0.35422,0.14662,0.040064,0.32541,0.1378,0.03456,0.29751,0.13253,0.030464,227,232,238,155,169,182,176,177,179,146,147,147,53,53,54,107,106,105,0.52775,0.52758,0.52918
1,8.7437e+05,-0.327,14.56,195,800,-0.36549,14.389,187.86,761.49,0.27977,0.13482,0.028608,0.24941,0.12846,0.02432,0.22495,0.12496,0.021376,232,236,239,175,170,171,189,190,188,137,141,143,50,51,52,96,98,100,0.52798,0.53021,0.52847
1,8.7447e+05,-0.327,14.48,195,800,-0.36656,14.315,186.16,802.38,0.29579,0.12766,0.027968,0.26475,0.11879,0.023616,0.24068,0.11155,0.020224,240,241,241,174,175,174,194,194,190,140,141,143,51,51,52,94,95,98,0.52925,0.52772,0.52947
1,8.7457e+05,-0.327,14.4,195,800,-0.37716,14.252,185.42,654.47,0.31263,0.13202,0.03136,0.27459,0.12915,0.0272,0.2555,0.1204,0.023808,243,245,244,180,183,185,186,187,187,145,143,142,52,53,53,90,94,97,0.51511,0.52586,0.52765
1,8.7467e+05,-0.327,14.32,195,800,-0.37504,14.149,185.06,799.58,0.34347,0.11507,0.029056,0.30775,0.10476,0.023232,0.25471,0.10365,0.018944,247,246,244,209,205,199,174,176,178,140,143,144,54,55,56,98,98,100,0.53202,0.52905,0.52848
1,8.7477e+05,-0.327,14.24,195,800,-0.37186,14.075,186.03,873.85,0.36592,0.12201,0.033536,0.31779,0.11611,0.027968,0.28823,0.11124,0.023744,247,246,243,215,212,206,173,174,175,146,145,144,56,57,58,102,101,100,0.54564,0.53338,0.53031
1,8.7487e+05,-0.327,14.16,195,800,-0.37929,14.01,186.72,575.08,0.27473,0.12143,0.025088,0.23223,0.11641,0.020736,0.20738,0.11402,0.018176,239,242,244,220,215,210,173,173,175,144,144,142,59,59,59,95,97,99,0.52286,0.52996,0.53062
1,8.7497e+05,-0.327,14.08,195,800,-0.37186,13.927,185.97,811.03,0.33048,0.1278,0.03072,0.28939,0.12134,0.025152,0.24734,0.11698,0.021888,241,243,246,212,211,210,173,175,176,140,141,140,55,57,58,92,94,97,0.54272,0.5307,0.5318
1,8.7507e+05,-0.327,14,195,800,-0.34958,13.822,187.92,1082.2,0.35727,0.12491,0.030976,0.26429,0.12416,0.024896,0.24278,0.11686,0.02112,254,251,249,200,204,208,180,178,177,133,132,132,53,53,54,95,95,97,0.53913,0.53581,0.53218
1,8.7517e+05,-0.327,13.92,195,800,-0.35807,13.757,185.78,906.26,0.30056,0.12837,0.028224,0.2577,0.122,0.023424,0.22134,0.11894,0.020096,248,249,250,194,198,202,166,171,176,123,124,126,49,50,53,100,99,100,0.52349,0.52815,0.52904
1,8.7527e+05,-0.327,13.84,195,800,-0.38459,13.693,186.35,671.72,0.39845,0.13176,0.038464,0.36151,0.12303,0.032384,0.31466,0.1208,0.028032,248,249,250,188,194,199,166,172,178,122,123,123,48,50,52,101,100,101,0.52052,0.53099,0.53242
1,8.7537e+05,-0.327,13.76,195,800,-0.37823,13.609,186.78,640,0.34051,0.13112,0.032384,0.26912,0.12825,0.02624,0.24903,0.12118,0.022784,255,252,249,198,192,191,198,190,183,120,121,122,48,49,52,104,103,102,0.53244,0.5302,0.53071
1,8.7547e+05,-0.327,13.68,195,800,-0.36443,13.5,187.81,1077.9,0.3475,0.1312,0.033728,0.29073,0.12467,0.027648,0.2576,0.12223,0.024064,253,251,249,191,189,189,198,191,184,123,122,123,48,50,53,105,101,100,0.5203,0.52634,0.53002
1,8.7557e+05,-0.327,13.6,195,800,-0.36868,13.438,186.23,819.4,0.31723,0.12836,0.02944,0.26799,0.12113,0.02432,0.23823,0.11533,0.020928,248,249,250,183,190,196,178,177,178,123,127,129,54,55,56,91,93,95,0.5314,0.53042,0.52836
1,8.7567e+05,-0.327,13.52,195,800,-0.36974,13.368,185.83,697.78,0.30597,0.12255,0.027584,0.25512,0.11865,0.023296,0.23749,0.11193,0.020288,250,251,251,228,215,204,170,170,170,134,134,133,66,63,60,92,91,92,0.53496,0.53256,0.53172
1,8.7577e+05,-0.327,13.44,195,800,-0.37186,13.289,187.69,487.72,0.30034,0.12574,0.02784,0.26192,0.12099,0.023872,0.24276,0.11507,0.020992,248,250,251,227,215,207,169,169,169,131,132,132,65,62,60,93,92,91,0.52559,0.52941,0.53114
1,8.7587e+05,-0.327,13.36,195,800,-0.36443,13.199,185.86,928.91,0.28961,0.12899,0.028416,0.24816,0.12569,0.024,0.22378,0.11937,0.020608,253,252,252,196,205,210,172,172,173,122,124,128,51,55,57,84,87,90,0.5231,0.5286,0.52987
1,8.7597e+05,-0.327,13.28,195,800,-0.36125,13.117,187.05,597.79,0.30041,0.13304,0.030592,0.26599,0.12582,0.025792,0.24386,0.1215,0.023168,254,254,252,208,211,212,177,176,175,122,123,125,52,53,55,83,85,89,0.53549,0.53535,0.53329
1,8.7607e+05,-0.327,13.2,195,800,-0.35382,13.041,187.99,697.82,0.34254,0.12503,0.03104,0.27514,0.12191,0.02464,0.24746,0.11863,0.021632,253,252,251,224,218,211,175,175,174,120,122,125,53,51,50,87,88,88,0.52575,0.53218,0.5332
1,8.7617e+05,-0.327,13.12,195,800,-0.34003,12.944,186.26,954.15,0.29722,0.13221,0.02944,0.25218,0.12803,0.025024,0.22759,0.12548,0.022208,248,250,251,200,201,204,166,169,172,130,131,131,43,45,47,86,87,89,0.53924,0.53438,0.53116
1,8.7627e+05,-0.327,13.04,195,800,-0.3708,12.887,185.02,856.77,0.31438,0.12489,0.029568,0.27249,0.12058,0.024896,0.24474,0.1117,0.02112,253,251,251,202,197,198,168,170,172,142,138,135,44,45,46,85,86,88,0.53041,0.53045,0.53368
1,8.7637e+05,-0.327,12.96,195,800,-0.36019,12.805,186.68,699.03,0.26273,0.12445,0.022848,0.20185,0.11884,0.018176,0.17556,0.11795,0.01568,253,253,253,184,193,198,174,174,175,143,141,139,47,48,48,85,86,86,0.52854,0.53281,0.53372
1,8.7647e+05,-0.327,12.88,195,800,-0.36019,12.73,186.19,750.28,0.29668,0.12639,0.027328,0.2514,0.12201,0.023232,0.22132,0.11791,0.020224,254,253,253,193,195,197,175,175,175,140,139,139,48,49,49,83,85,86,0.53985,0.53207,0.53297
1,8.7657e+05,-0.327,12.8,195,800,-0.36443,12.65,186.05,831.1,0.28209,0.12261,0.025152,0.23753,0.11542,0.020864,0.21006,0.11158,0.017984,253,253,252,200,199,199,175,172,170,142,137,136,50,50,51,89,88,89,0.51691,0.53248,0.5334
1,8.7667e+05,-0.327,12.72,195,800,-0.36231,12.552,185.53,851.57,0.33545,0.12753,0.030144,0.28389,0.121,0.024512,0.24827,0.11732,0.02112,252,252,252,201,203,203,155,159,162,130,131,132,49,48,49,98,97,95,0.52741,0.5346,0.53362
1,8.7677e+05,-0.327,12.64,195,800,-0.35488,12.49,187.13,769.74,0.28255,0.13353,0.027776,0.24895,0.12676,0.023744,0.2277,0.1203,0.020736,252,252,252,209,206,203,155,156,159,128,128,130,45,46,48,104,99,97,0.53318,0.53489,0.53361
1,8.7687e+05,-0.327,12.56,195,800,-0.35488,12.406,185.88,801.04,0.26009,0.13194,0.026304,0.23539,0.12545,0.022784,0.21754,0.1215,0.020416,253,253,252,200,200,200,163,161,160,126,127,128,44,45,46,100,99,100,0.54065,0.53681,0.53535
1,8.7697e+05,-0.327,12.48,195,800,-0.36868,12.348,186.17,530.54,0.29033,0.1226,0.026432,0.258,0.11556,0.022336,0.22934,0.11102,0.019456,253,253,253,194,197,200,165,164,163,129,129,129,45,46,46,100,101,101,0.53891,0.53049,0.53286
1,8.7707e+05,-0.327,12.4,195,800,-0.3517,12.239,185.13,1126.8,0.29616,0.12433,0.027968,0.25995,0.11799,0.023232,0.23528,0.11247,0.020032,253,254,253,214,211,207,166,166,168,137,134,134,49,47,48,114,107,101,0.5243,0.53982,0.53887
1,8.7717e+05,-0.327,12.32,195,800,-0.36656,12.178,186.4,837.15,0.29006,0.12344,0.026688,0.25488,0.11939,0.02304,0.23148,0.11313,0.019712,254,253,252,231,227,218,177,174,174,141,142,143,48,50,52,93,95,95,0.53418,0.53676,0.53863
1,8.7727e+05,-0.327,12.24,195,800,-0.36019,12.089,185.95,853.19,0.34909,0.12878,0.031488,0.29817,0.12161,0.02528,0.253,0.11545,0.02112,247,250,251,232,224,218,181,178,175,147,148,149,52,53,53,88,88,91,0.54798,0.54469,0.54369
1,8.7737e+05,-0.327,12.16,195,800,-0.38035,12.033,187.06,913.53,0.34863,0.12519,0.032192,0.30826,0.11945,0.027072,0.27069,0.1156,0.022592,250,249,249,211,215,217,177,177,178,160,160,161,53,55,58,87,87,88,0.5314,0.54136,0.54558
1,8.7747e+05,-0.327,12.08,195,800,-0.36125,11.93,187.13,957.49,0.25006,0.12506,0.024064,0.23258,0.1185,0.020928,0.20963,0.11389,0.018176,251,250,248,221,218,215,179,177,177,166,166,168,55,60,63,90,89,88,0.5481,0.54591,0.54437
1,8.7757e+05,-0.327,12,195,800,-0.35913,11.853,187.37,758,0.30762,0.13184,0.030656,0.28091,0.12407,0.026432,0.26032,0.11849,0.023232,253,249,247,216,217,218,172,175,177,178,180,180,91,78,68,87,88,89,0.54191,0.54546,0.54496
1,8.7767e+05,-0.327,11.92,195,800,-0.34746,11.752,185.81,1053.6,0.25462,0.12564,0.023872,0.23106,0.11952,0.020416,0.20689,0.11286,0.017536,249,250,249,212,216,219,175,175,177,185,185,185,64,71,77,88,91,96,0.5465,0.54523,0.54681
1,8.7777e+05,-0.327,11.84,195,800,-0.36231,11.683,184.83,1107.7,0.29196,0.13035,0.027712,0.23606,0.12418,0.022464,0.21132,0.11938,0.019712,255,251,249,217,219,217,177,178,180,182,184,184,69,76,84,96,97,101,0.54634,0.54543,0.54612
1,8.7787e+05,-0.327,11.76,195,800,-0.35276,11.594,186.25,1232.6,0.28269,0.14041,0.02944,0.24736,0.13289,0.024832,0.21776,0.12651,0.02144,249,251,251,212,214,214,191,185,183,181,179,179,119,108,102,110,113,116,0.55309,0.54752,0.54839
1,8.7797e+05,-0.327,11.68,195,800,-0.37823,11.555,185.57,875.28,0.26014,0.1337,0.02624,0.25151,0.11397,0.022016,0.23395,0.10903,0.01984,254,251,251,211,210,211,179,187,185,173,176,177,115,117,113,117,120,124,0.55566,0.54696,0.5467
1,8.7807e+05,-0.327,11.6,195,800,-0.36762,11.454,188.08,854.48,0.32103,0.12171,0.027648,0.23148,0.11911,0.019968,0.18243,0.11848,0.016768,253,252,252,213,211,208,184,184,184,168,169,167,131,123,112,140,140,142,0.54781,0.54984,0.54909
1,8.7817e+05,-0.327,11.52,195,800,-0.36549,11.378,186.36,1257.2,0.2051,0.11975,0.018624,0.18119,0.11813,0.016576,0.17277,0.10848,0.014464,252,253,253,199,201,206,186,184,184,146,147,149,91,94,95,167,173,178,0.55044,0.55182,0.55162
1,8.7827e+05,-0.327,11.44,195,800,-0.36974,11.312,187.25,1142,0.27667,0.1235,0.025472,0.25959,0.11862,0.022656,0.23885,0.11215,0.019776,253,253,253,194,203,210,184,184,182,129,134,138,73,76,81,202,203,201,0.54831,0.55553,0.55399
1,8.7837e+05,-0.327,11.36,195,800,-0.35807,11.216,185.85,843.49,0.3009,0.12544,0.02752,0.26933,0.12065,0.023616,0.23901,0.11394,0.02048,252,253,253,226,223,218,171,172,173,117,120,124,57,59,63,255,250,240,0.54951,0.55318,0.55663
1,8.7847e+05,-0.327,11.28,195,800,-0.38035,11.17,186.36,607.58,0.38871,0.13328,0.037056,0.37265,0.12343,0.032576,0.35054,0.11705,0.028864,253,253,252,227,224,219,163,165,167,116,120,124,58,59,61,255,255,251,0.56708,0.56139,0.56151
1,8.7857e+05,-0.327,11.2,195,800,-0.35913,11.068,185.42,965.96,0.31044,0.13711,0.030016,0.28751,0.13033,0.025984,0.26793,0.12294,0.02272,249,250,251,189,198,205,151,153,157,136,137,141,68,66,66,255,255,254,0.56559,0.56445,0.56538
1,8.7867e+05,-0.327,11.12,195,800,-0.36443,11.006,186.76,522.22,0.31656,0.14842,0.033216,0.288,0.13806,0.028416,0.26361,0.13498,0.025408,253,251,250,185,187,191,150,154,158,182,184,186,78,86,98,250,243,234,0.58663,0.58149,0.57807
1,8.7877e+05,-0.327,11.04,195,800,-0.36125,10.91,185.4,1243.7,0.38473,0.14398,0.038208,0.34751,0.13457,0.032768,0.31513,0.12932,0.029056,254,252,251,192,191,189,161,161,161,222,216,208,101,112,116,227,221,221,0.5791,0.56928,0.55898
1,8.8184e+05,-0.234,11,195,800,-0.29122,10.961,0.68425,1021.5,0,0,0,0,0,0,0,0,0,252,249,248,198,198,196,171,170,167,252,242,232,124,115,115,186,198,205,0.48838,0.49881,0.51022
1,8.8194e+05,-0.234,11.08,195,800,-0.28698,11.003,186.72,886.54,0.1833,0.12668,0.01728,0.16325,0.11896,0.015232,0.15372,0.1151,0.013952,248,249,249,186,190,193,158,159,161,181,186,189,77,78,87,248,242,232,0.59161,0.58837,0.58477
1,8.8204e+05,-0.234,11.16,195,800,-0.27319,11.064,187.52,724.8,0.16398,0.1254,0.015936,0.14972,0.1193,0.013824,0.14087,0.11199,0.012352,250,250,250,190,192,195,155,157,160,152,157,164,63,66,71,255,253,246,0.55946,0.56854,0.57109
1,8.8214e+05,-0.234,11.24,195,800,-0.27531,11.15,187.34,728.63,0.28941,0.12773,0.028736,0.27861,0.11656,0.025024,0.26749,0.10716,0.021568,253,252,252,219,216,211,164,163,162,127,127,129,54,57,60,255,255,252,0.56327,0.56208,0.56197
1,8.8224e+05,-0.234,11.32,195,800,-0.27743,11.226,186.06,860.92,0.32246,0.12541,0.028736,0.27277,0.12273,0.023808,0.24564,0.11626,0.019456,255,254,253,232,225,216,168,167,167,118,119,122,53,56,61,255,252,245,0.55126,0.55895,0.55919
1,8.8234e+05,-0.234,11.4,195,800,-0.27425,11.306,186.65,565.84,0.32913,0.11956,0.02688,0.28752,0.11471,0.021952,0.23986,0.11169,0.018112,254,254,254,210,210,211,177,179,178,120,121,126,68,71,74,224,219,212,0.55508,0.55485,0.5544
1,8.8244e+05,-0.234,11.48,195,800,-0.27637,11.373,186.38,578.31,0.2367,0.12927,0.02336,0.21298,0.1253,0.02048,0.19676,0.12043,0.018304,254,254,254,193,197,204,200,192,185,148,148,148,103,100,94,163,165,170,0.55702,0.55508,0.55297
1,8.8254e+05,-0.234,11.56,195,800,-0.29229,11.462,187.11,1113.2,0.34689,0.13406,0.035136,0.32159,0.12652,0.030784,0.29631,0.11722,0.026368,254,253,253,206,205,203,193,191,186,170,166,161,111,108,102,144,148,153,0.5487,0.55315,0.55049
1,8.8264e+05,-0.234,11.64,195,800,-0.27637,11.533,186.33,1145.7,0.35604,0.12862,0.033024,0.32717,0.12032,0.027776,0.29681,0.1153,0.023488,250,250,251,212,208,204,184,181,183,189,183,176,107,106,105,133,132,133,0.5529,0.54879,0.54917
1,8.8274e+05,-0.234,11.72,195,800,-0.2647,11.584,186.78,587.31,0.3037,0.12795,0.028736,0.28221,0.12019,0.025024,0.26629,0.11276,0.02176,244,249,251,196,200,205,174,180,182,180,180,178,97,102,100,125,126,125,0.54844,0.5462,0.54771
1,8.8284e+05,-0.234,11.8,195,800,-0.27213,11.702,184.9,751.19,0.29607,0.12249,0.027008,0.25629,0.11554,0.0224,0.23912,0.11013,0.01952,252,252,250,201,206,206,178,177,177,174,177,179,81,83,82,104,109,111,0.5401,0.5414,0.54466
1,8.8294e+05,-0.234,11.88,195,800,-0.27425,11.777,185.85,685.93,0.35989,0.13567,0.03712,0.33517,0.126,0.031744,0.31093,0.11793,0.027328,242,246,247,218,219,217,171,174,178,188,187,183,59,63,69,99,99,99,0.53793,0.54066,0.54481
1,8.8304e+05,-0.234,11.96,195,800,-0.27531,11.836,186.08,1043.7,0.29399,0.12526,0.027648,0.25907,0.1203,0.023424,0.23081,0.11397,0.019648,240,243,246,223,225,221,182,181,179,191,188,183,61,63,65,96,96,96,0.53916,0.54356,0.54738
1,8.8314e+05,-0.234,12.04,195,800,-0.28061,11.923,185.7,743.89,0.33553,0.1201,0.028416,0.27799,0.11296,0.023552,0.2462,0.10806,0.020096,240,244,246,239,231,222,188,185,182,173,175,175,57,59,61,93,93,94,0.53916,0.54332,0.54467
1,8.8324e+05,-0.234,12.12,195,800,-0.28804,12.017,186.33,948.29,0.32422,0.11638,0.027328,0.27253,0.10993,0.02208,0.248,0.10397,0.018496,244,247,248,222,223,224,175,181,182,163,167,169,52,56,59,95,94,93,0.5458,0.54712,0.54444
1,8.8334e+05,-0.234,12.2,195,800,-0.29229,12.09,186.04,1085,0.30971,0.1258,0.028864,0.26482,0.1198,0.02432,0.24368,0.11449,0.021376,249,251,250,218,226,227,179,178,179,157,158,158,62,59,56,91,93,93,0.54689,0.54371,0.54469
1,8.8344e+05,-0.234,12.28,195,800,-0.26364,12.148,187.61,769.37,0.3717,0.11972,0.031424,0.31068,0.11583,0.025792,0.26851,0.1094,0.02144,252,252,252,237,232,225,177,176,174,143,146,147,56,56,54,88,91,94,0.55419,0.54198,0.54239
1,8.8354e+05,-0.234,12.36,195,800,-0.27425,12.237,186.37,482.64,0.31144,0.13248,0.029312,0.27592,0.12144,0.024832,0.25293,0.1132,0.021376,254,253,252,218,221,220,167,172,172,136,140,143,49,51,52,92,93,95,0.54123,0.54016,0.53878
1,8.8364e+05,-0.234,12.44,195,800,-0.31563,12.33,187.88,1049.2,0.32034,0.12413,0.029248,0.28714,0.11521,0.024,0.25734,0.11282,0.020928,252,253,253,204,204,206,170,168,166,136,136,136,48,49,50,97,97,97,0.53488,0.53579,0.53636
1,8.8374e+05,-0.234,12.52,195,800,-0.27213,12.394,186.49,977.32,0.38029,0.12438,0.03232,0.28941,0.11987,0.02528,0.24917,0.11551,0.021184,254,253,253,200,203,204,166,165,164,136,135,135,51,50,51,98,97,97,0.53267,0.54014,0.5357
1,8.8384e+05,-0.234,12.6,195,800,-0.28168,12.469,187.27,822.78,0.30565,0.1226,0.027456,0.26605,0.11626,0.022784,0.23479,0.11348,0.019968,253,253,253,213,208,205,153,158,162,130,133,135,51,52,53,92,94,95,0.54466,0.537,0.5346
1,8.8394e+05,-0.234,12.68,195,800,-0.26788,12.55,187.39,642.96,0.353,0.13168,0.0336,0.31486,0.1258,0.028096,0.28591,0.11954,0.024,251,252,252,208,204,201,164,164,164,138,139,139,57,56,55,93,92,92,0.54518,0.53545,0.53343
1,8.8404e+05,-0.234,12.76,195,800,-0.27319,12.634,187,636.23,0.31476,0.12439,0.028736,0.27091,0.12058,0.023616,0.2314,0.11587,0.019776,254,253,252,197,197,198,169,168,167,143,142,141,58,56,56,90,90,90,0.532,0.53409,0.53332
1,8.8414e+05,-0.234,12.84,195,800,-0.26576,12.693,187.26,725.17,0.31999,0.12935,0.0304,0.27758,0.12286,0.0256,0.25381,0.11661,0.022208,255,254,253,189,190,193,172,171,172,141,145,145,57,56,55,84,86,88,0.53299,0.5352,0.53335
1,8.8424e+05,-0.234,12.92,195,800,-0.27,12.788,186.02,998.06,0.28055,0.1279,0.0272,0.25694,0.12358,0.024,0.23667,0.12029,0.021248,255,255,254,195,195,194,169,173,175,143,145,146,57,55,54,85,87,89,0.53678,0.52785,0.53131
1,8.8434e+05,-0.234,13,195,800,-0.28804,12.886,186.27,1332.2,0.29443,0.12826,0.028608,0.27225,0.12337,0.025472,0.25582,0.11545,0.0224,255,254,253,211,203,197,189,181,175,144,144,143,50,51,52,96,93,93,0.52974,0.5345,0.53317
1,8.8444e+05,-0.234,13.08,195,800,-0.27637,12.956,185.61,1291.4,0.30795,0.13141,0.030016,0.27423,0.12509,0.026112,0.25423,0.12175,0.02336,249,251,251,187,197,202,168,174,176,131,133,135,47,49,51,92,95,97,0.54465,0.5377,0.53325
1,8.8454e+05,-0.234,13.16,195,800,-0.27425,13.054,187.79,1083.6,0.34451,0.12689,0.03264,0.29839,0.12283,0.027584,0.26595,0.11696,0.02336,250,249,251,205,203,206,176,175,176,128,128,131,46,49,52,98,96,97,0.53486,0.53147,0.53225
1,8.8464e+05,-0.234,13.24,195,800,-0.27955,13.107,185.83,1056.3,0.30494,0.12456,0.02752,0.26214,0.12172,0.023744,0.23585,0.1173,0.020672,251,252,252,233,222,212,188,185,181,128,128,129,58,58,58,90,92,93,0.53252,0.52911,0.53212
1,8.8474e+05,-0.234,13.32,195,800,-0.29547,13.198,186.9,1123.5,0.30909,0.14074,0.033152,0.27986,0.13485,0.02912,0.26343,0.12753,0.026048,255,253,252,224,218,212,188,183,180,127,129,130,65,63,62,87,88,91,0.52539,0.5294,0.53152
1,8.8484e+05,-0.234,13.4,195,800,-0.27107,13.265,186.2,910.5,0.31543,0.12764,0.029504,0.27386,0.12405,0.025408,0.23762,0.11985,0.021952,252,251,252,204,203,207,166,169,173,131,133,135,71,69,66,88,90,94,0.53823,0.53558,0.53051
1,8.8494e+05,-0.234,13.48,195,800,-0.24348,13.33,187.23,897.01,0.29874,0.14063,0.03232,0.27427,0.131,0.027776,0.25473,0.12615,0.025024,254,253,252,207,205,203,167,167,169,140,138,136,60,62,64,95,98,103,0.52554,0.52836,0.52907
1,8.8504e+05,-0.234,13.56,195,800,-0.26576,13.407,186.67,995.75,0.31011,0.12716,0.029056,0.26627,0.12268,0.024512,0.23661,0.12032,0.021184,255,254,251,211,204,201,174,171,171,137,136,134,59,60,63,99,101,107,0.52558,0.53009,0.53111
1,8.8514e+05,-0.234,13.64,195,800,-0.26788,13.484,184.9,884.11,0.29768,0.12493,0.027264,0.25111,0.121,0.022592,0.22809,0.11415,0.01952,251,249,250,197,198,200,178,177,179,128,125,126,62,63,61,103,108,116,0.51162,0.53006,0.53018
1,8.8524e+05,-0.234,13.72,195,800,-0.27955,13.586,186.14,922.09,0.29283,0.13177,0.029248,0.26205,0.12482,0.025088,0.24431,0.11948,0.022336,245,248,250,208,201,198,184,183,181,117,119,123,61,61,60,106,112,119,0.52725,0.52846,0.52972
1,8.8534e+05,-0.234,13.8,195,800,-0.27319,13.655,185.7,806.41,0.31865,0.12489,0.028992,0.27663,0.12265,0.025024,0.24547,0.11826,0.021632,255,253,250,197,201,201,189,187,182,116,117,120,55,55,56,117,117,121,0.53582,0.53192,0.53143
1,8.8544e+05,-0.234,13.88,195,800,-0.27107,13.737,186.03,536.71,0.31283,0.12615,0.029568,0.27342,0.1217,0.025216,0.25188,0.1135,0.022016,251,251,251,199,200,201,189,184,181,122,121,123,56,55,54,106,111,118,0.52886,0.52995,0.5296
1,8.8554e+05,-0.234,13.96,195,800,-0.27743,13.817,187.16,862.27,0.32081,0.12339,0.028992,0.26907,0.12067,0.024128,0.24405,0.11501,0.0208,249,250,250,203,202,200,189,186,181,122,123,125,52,54,54,103,108,116,0.51338,0.52565,0.52702
1,8.8564e+05,-0.234,14.04,195,800,-0.26682,13.898,187.2,724.42,0.28291,0.1278,0.026688,0.24033,0.12296,0.022528,0.22331,0.11866,0.020224,247,247,246,200,197,200,187,184,181,128,128,131,55,55,58,104,108,115,0.51532,0.5278,0.52666
1,8.8574e+05,-0.234,14.12,195,800,-0.26576,13.966,186.89,830.88,0.29114,0.12857,0.02816,0.25426,0.12481,0.024064,0.23427,0.1187,0.02112,240,242,244,186,195,202,179,180,180,130,133,135,57,59,61,105,109,117,0.5376,0.5309,0.52714
1,8.8584e+05,-0.234,14.2,195,800,-0.28061,14.053,185.05,859.38,0.29768,0.12646,0.0272,0.24313,0.12197,0.022016,0.21868,0.11784,0.019456,237,238,239,209,208,207,180,177,177,145,141,137,63,63,63,111,116,123,0.53583,0.52661,0.52732
1,8.8594e+05,-0.234,14.28,195,800,-0.27319,14.138,186.37,647.59,0.36236,0.12817,0.033984,0.29431,0.12239,0.026624,0.25089,0.12205,0.022848,236,237,239,218,213,207,177,178,180,134,136,138,54,56,59,115,119,125,0.52678,0.52758,0.52654
1,8.8604e+05,-0.234,14.36,195,800,-0.27531,14.218,186.43,1032.2,0.32621,0.12188,0.028608,0.28333,0.11852,0.023232,0.22903,0.11669,0.019264,235,238,240,212,208,203,179,182,184,133,134,136,53,54,57,112,116,123,0.55471,0.53237,0.5287
1,8.8614e+05,-0.234,14.44,195,800,-0.26894,14.284,187.63,602.98,0.30926,0.12937,0.02912,0.27503,0.12358,0.024896,0.24943,0.11756,0.022016,248,245,242,193,192,190,201,196,190,131,133,135,56,56,56,108,112,118,0.53086,0.52513,0.52771
1,8.8624e+05,-0.234,14.52,195,800,-0.2647,14.37,188.85,719.28,0.31247,0.12706,0.029632,0.28352,0.12263,0.025728,0.26159,0.11753,0.022592,248,245,243,182,181,181,201,197,191,131,133,136,56,56,56,107,110,116,0.53404,0.52869,0.52747
1,8.8634e+05,-0.234,14.6,195,800,-0.27531,14.463,186.06,838.45,0.27734,0.13352,0.028032,0.2582,0.12583,0.024512,0.23992,0.11885,0.021952,245,243,242,151,161,173,187,186,185,137,136,137,54,54,55,107,111,118,0.52695,0.52538,0.52825
1,8.8644e+05,-0.234,14.68,195,800,-0.27531,14.531,187.04,722.05,0.31111,0.1283,0.030208,0.2803,0.12133,0.026112,0.25212,0.11661,0.02272,245,246,245,182,187,189,178,179,180,142,139,138,53,53,54,114,119,126,0.54632,0.53189,0.53011
1,8.8654e+05,-0.234,14.76,195,800,-0.26258,14.619,186.12,876.1,0.2925,0.13046,0.02848,0.26046,0.12502,0.024128,0.23373,0.12109,0.021184,253,250,247,212,205,200,181,180,180,137,137,136,53,55,55,118,125,133,0.53329,0.53102,0.53125
1,8.8664e+05,-0.234,14.84,195,800,-0.27107,14.693,185.74,1258.2,0.30633,0.13113,0.030464,0.27848,0.12611,0.026752,0.2544,0.12141,0.023488,254,253,250,208,211,211,187,186,184,128,131,136,63,61,61,130,138,145,0.51893,0.52829,0.52966
1,8.8674e+05,-0.234,14.92,195,800,-0.26152,14.75,186.8,634.88,0.26054,0.12764,0.02528,0.23844,0.12394,0.022272,0.22384,0.11835,0.019968,253,252,250,201,206,209,190,188,183,134,136,140,68,67,65,132,142,148,0.53741,0.52966,0.52753
1,8.8684e+05,-0.234,15,195,800,-0.26364,14.844,186.65,753.96,0.31131,0.12878,0.03072,0.28401,0.12537,0.027392,0.26517,0.11961,0.024256,250,250,250,206,208,210,177,180,183,157,156,154,82,76,69,134,141,147,0.52933,0.52872,0.53054
1,8.8694e+05,-0.234,15.08,195,800,-0.25197,14.921,187.22,1104.9,0.31474,0.12904,0.029632,0.27351,0.12344,0.025024,0.2423,0.12087,0.022016,250,249,249,228,220,210,186,185,185,172,172,172,67,67,68,124,131,140,0.53145,0.53037,0.53259
1,8.8704e+05,-0.234,15.16,195,800,-0.26682,15.003,186.81,625.5,0.26932,0.12937,0.02656,0.24776,0.11938,0.022784,0.22975,0.11686,0.020416,246,249,249,220,215,211,191,190,188,182,181,181,63,65,69,121,129,138,0.53167,0.53283,0.53479
1,8.8714e+05,-0.234,15.24,195,800,-0.28486,15.088,186.87,836,0.3295,0.1261,0.030976,0.29142,0.12395,0.027136,0.26488,0.11925,0.023808,246,248,247,203,207,210,194,196,194,207,208,208,77,77,76,125,131,136,0.53384,0.53429,0.53886
1,8.8724e+05,-0.234,15.32,195,800,-0.26576,15.158,185.98,1039.5,0.28706,0.12651,0.027456,0.25181,0.12264,0.023296,0.2238,0.11908,0.020352,249,247,245,214,212,209,202,198,193,226,224,222,90,84,80,128,131,136,0.54489,0.5421,0.5419
1,8.8734e+05,-0.234,15.4,195,800,-0.27849,15.268,185.19,1032.5,0.31096,0.12498,0.0288,0.2705,0.12185,0.024512,0.23928,0.11698,0.020992,239,240,242,202,207,209,196,193,191,247,248,245,91,95,95,122,127,132,0.54159,0.54319,0.54569
1,8.8744e+05,-0.234,15.48,195,800,-0.27425,15.336,186.73,792.75,0.28961,0.12393,0.026432,0.25811,0.11835,0.0224,0.23834,0.11346,0.01984,245,243,242,200,201,201,188,187,184,255,255,254,131,116,106,117,120,124,0.53914,0.54823,0.54858
1,8.8754e+05,-0.234,15.56,195,800,-0.28061,15.411,186.17,857.95,0.28904,0.13473,0.029312,0.25541,0.13008,0.025152,0.23131,0.12363,0.022016,248,247,246,196,198,198,182,183,184,255,255,255,114,116,115,115,115,119,0.5553,0.54811,0.55047
1,8.8764e+05,-0.234,15.64,195,800,-0.27213,15.465,184.12,561.5,0.28111,0.12649,0.027264,0.2512,0.1221,0.02336,0.22288,0.11943,0.020288,255,254,250,187,184,182,187,185,184,255,255,255,117,118,119,104,108,113,0.54726,0.55466,0.55515
1,8.8774e+05,-0.234,15.72,195,800,-0.27107,15.55,188.06,702.47,0.23814,0.13262,0.023872,0.2136,0.12556,0.020544,0.20044,0.11865,0.018496,255,254,250,168,170,173,195,190,185,255,255,255,119,119,118,106,109,114,0.55175,0.55737,0.55892
1,8.8784e+05,-0.234,15.8,195,800,-0.26258,15.637,187.67,882.63,0.27729,0.13736,0.029632,0.25024,0.13221,0.025984,0.23434,0.12536,0.022848,247,247,246,152,158,168,189,190,188,255,255,255,103,107,113,120,125,133,0.55847,0.56612,0.56607
1,8.8794e+05,-0.234,15.88,195,800,-0.27319,15.7,188.48,722.92,0.29465,0.13042,0.028992,0.26266,0.1225,0.02432,0.23454,0.11703,0.021184,242,243,243,197,190,184,194,191,187,255,255,255,111,116,124,169,173,172,0.57614,0.57765,0.57809
1,8.8804e+05,-0.234,15.96,195,800,-0.27531,15.79,187.55,611.09,0.29185,0.11986,0.025152,0.228,0.11901,0.0208,0.20264,0.11745,0.018368,243,243,243,209,204,195,190,189,187,255,255,255,133,138,135,218,205,191,0.59289,0.59644,0.59616
1,8.9111e+05,-0.141,16,195,800,-0.18406,15.783,0.18438,721.6,0,0,0,0,0,0,0,0,0,234,239,242,194,199,202,186,187,184,255,255,255,141,138,138,212,217,214,0.60466,0.59571,0.57325
1,8.9121e+05,-0.141,15.92,195,800,-0.17345,15.698,186.54,482.22,0.22782,0.1149,0.018496,0.20829,0.1113,0.016,0.19735,0.10302,0.014144,245,245,245,194,197,194,181,180,180,255,255,255,118,118,122,214,204,193,0.58792,0.58762,0.58776
1,8.9131e+05,-0.141,15.84,195,800,-0.17876,15.636,187.21,975.33,0.30152,0.15371,0.028736,0.29065,0.12512,0.024064,0.19502,0.12586,0.019008,247,248,248,184,187,187,169,174,178,255,255,255,118,115,115,187,183,176,0.57095,0.57343,0.57539
1,8.9141e+05,-0.141,15.76,195,800,-0.16815,15.55,187.74,853.6,0.2939,0.14601,0.033344,0.28435,0.1395,0.0304,0.27624,0.13023,0.027776,253,252,251,164,167,175,176,175,177,255,255,255,118,122,122,132,136,142,0.57213,0.56951,0.56781
1,8.9151e+05,-0.141,15.68,195,800,-0.183,15.497,186.66,437.86,0.36595,0.13775,0.038208,0.35162,0.12659,0.033536,0.33513,0.12088,0.029888,253,253,251,159,164,172,178,177,177,255,255,255,138,134,127,119,123,131,0.57285,0.56349,0.56131
1,8.9161e+05,-0.141,15.6,195,800,-0.16709,15.385,186.44,1110.5,0.41808,0.13137,0.034048,0.28965,0.12932,0.026752,0.26879,0.12274,0.023488,247,246,246,162,170,179,169,175,180,255,255,255,143,136,128,121,123,129,0.55486,0.55516,0.55543
1,8.9171e+05,-0.141,15.52,195,800,-0.18725,15.33,185.89,774.78,0.37278,0.1293,0.03648,0.34067,0.12128,0.030848,0.3108,0.11821,0.028032,233,236,241,201,188,188,190,184,182,255,254,253,108,109,111,142,140,139,0.56846,0.55427,0.5528
1,8.9181e+05,-0.141,15.44,195,800,-0.18937,15.28,187.01,630.18,0.38897,0.13002,0.032512,0.31256,0.12453,0.024704,0.21171,0.11592,0.018304,234,236,240,190,193,198,190,185,184,254,252,248,97,99,101,151,146,143,0.55423,0.54943,0.5488
1,8.9191e+05,-0.141,15.36,195,800,-0.18937,15.182,186.09,766.38,0.32298,0.14155,0.035392,0.30204,0.13448,0.03136,0.28063,0.12815,0.028032,247,245,245,229,221,214,183,189,190,236,232,228,87,88,90,153,150,148,0.55281,0.54462,0.54341
1,8.9201e+05,-0.141,15.28,195,800,-0.17982,15.107,187.13,959.2,0.37908,0.13526,0.038976,0.34403,0.12467,0.032896,0.3133,0.11875,0.028288,253,250,248,245,228,218,203,195,190,215,213,214,88,85,83,154,152,150,0.53642,0.53993,0.54017
1,8.9211e+05,-0.141,15.2,195,800,-0.18831,15.024,184.47,883.73,0.39189,0.13523,0.037376,0.29676,0.12917,0.029056,0.25862,0.1267,0.025216,254,252,250,204,210,221,193,190,188,177,182,187,66,70,74,165,158,152,0.54055,0.53493,0.53538
1,8.9221e+05,-0.141,15.12,195,800,-0.18513,14.963,186.6,781.33,0.35763,0.13821,0.035968,0.30868,0.12866,0.03008,0.28403,0.11961,0.025536,251,249,248,231,219,216,175,175,179,167,168,168,60,63,67,157,156,157,0.52453,0.52731,0.5302
1,8.9231e+05,-0.141,15.04,195,800,-0.17239,14.852,186.4,834.95,0.37372,0.13941,0.037312,0.32134,0.13164,0.030272,0.27547,0.12969,0.026432,250,248,248,232,222,214,172,173,178,166,162,161,63,65,67,170,164,162,0.5296,0.52771,0.52906
1,8.9241e+05,-0.141,14.96,195,800,-0.17664,14.773,186.21,997.73,0.38139,0.14278,0.041216,0.34367,0.13151,0.034304,0.30722,0.12549,0.029888,247,247,248,208,206,205,193,185,181,144,143,144,69,67,68,215,194,177,0.52574,0.53006,0.52996
1,8.9251e+05,-0.141,14.88,195,800,-0.17345,14.706,187.52,1004.5,0.32304,0.13205,0.032384,0.28619,0.12557,0.026688,0.25342,0.12168,0.023616,249,249,250,207,202,202,192,187,183,129,133,138,67,66,66,224,200,179,0.5296,0.53033,0.53048
1,8.9261e+05,-0.141,14.8,195,800,-0.17876,14.621,186.9,616.62,0.38362,0.13922,0.040256,0.34281,0.12999,0.033344,0.31508,0.12073,0.027968,255,253,251,203,205,202,178,180,182,125,127,132,57,60,61,188,180,169,0.54076,0.53287,0.53007
1,8.9271e+05,-0.141,14.72,195,800,-0.17876,14.545,187.33,1174.3,0.34811,0.13366,0.034944,0.32195,0.12259,0.029632,0.29619,0.11618,0.025984,250,250,250,197,195,191,181,178,179,134,134,136,57,57,59,156,154,151,0.53239,0.52737,0.52623
1,8.9281e+05,-0.141,14.64,195,800,-0.19149,14.459,186.7,872.44,0.37043,0.13541,0.036288,0.31161,0.13109,0.030144,0.27477,0.12566,0.025792,248,248,248,182,181,184,177,178,180,136,137,138,55,57,60,149,145,146,0.53621,0.52854,0.52761
1,8.9291e+05,-0.141,14.56,195,800,-0.17452,14.375,186.58,1145.5,0.42106,0.12601,0.037184,0.356,0.11952,0.029824,0.3009,0.1135,0.024384,248,248,247,178,178,180,181,181,182,136,136,138,61,61,61,148,146,145,0.51325,0.52816,0.52662
1,8.9301e+05,-0.141,14.48,195,800,-0.17876,14.309,185.47,880.51,0.39358,0.13146,0.037312,0.31411,0.12644,0.03008,0.27807,0.12167,0.026176,248,247,246,199,191,185,182,184,185,134,135,138,62,61,61,156,151,148,0.52495,0.52467,0.52687
1,8.9311e+05,-0.141,14.4,195,800,-0.18406,14.238,186.79,771.44,0.41967,0.1373,0.042624,0.34996,0.13084,0.034688,0.30307,0.1242,0.029056,238,240,241,207,204,201,189,186,183,136,135,135,59,60,61,163,160,156,0.52933,0.52713,0.52686
1,8.9321e+05,-0.141,14.32,195,800,-0.18194,14.147,186.96,761.7,0.38262,0.12812,0.035264,0.3262,0.12128,0.027904,0.25587,0.11988,0.022656,234,233,235,194,199,203,180,178,180,127,132,137,60,64,67,183,172,163,0.52693,0.52618,0.52605
1,8.9331e+05,-0.141,14.24,195,800,-0.17027,14.056,188.28,984.76,0.40875,0.13939,0.043136,0.36901,0.1292,0.03616,0.33026,0.12222,0.030592,234,234,235,195,199,202,174,177,179,131,135,137,77,74,70,186,174,162,0.52382,0.52499,0.52455
1,8.9341e+05,-0.141,14.16,195,800,-0.16709,13.974,187.47,881.17,0.33442,0.13804,0.035136,0.29153,0.13095,0.029056,0.2676,0.12616,0.025856,241,240,239,213,202,199,187,180,178,132,134,136,82,77,71,161,159,155,0.52582,0.52546,0.52652
1,8.9351e+05,-0.141,14.08,195,800,-0.17982,13.909,187.04,954.49,0.35017,0.13206,0.03232,0.28223,0.12951,0.0272,0.25012,0.12139,0.02304,245,243,242,200,200,200,183,181,179,128,131,134,67,68,68,157,154,151,0.52064,0.52361,0.52611
1,8.9361e+05,-0.141,14,195,800,-0.18088,13.843,184.86,1047.2,0.34171,0.14504,0.037568,0.31181,0.13232,0.03168,0.28438,0.12852,0.027968,251,249,247,195,201,202,184,182,179,129,129,129,58,58,60,154,150,145,0.51316,0.52766,0.52807
1,8.9371e+05,-0.141,13.92,195,800,-0.19573,13.761,184.78,789.71,0.38899,0.13133,0.035328,0.26846,0.13073,0.026816,0.24876,0.12487,0.02336,249,250,250,213,208,207,172,176,178,126,126,127,58,58,59,148,148,148,0.53106,0.52805,0.52814
1,8.9381e+05,-0.141,13.84,195,800,-0.17239,13.671,187.22,988.49,0.36613,0.13318,0.03712,0.31511,0.12824,0.031424,0.28353,0.12344,0.027136,249,251,250,213,211,209,174,177,178,127,126,125,58,58,60,153,153,150,0.52498,0.53217,0.53083
1,8.9391e+05,-0.141,13.76,195,800,-0.18513,13.595,186.04,1142.8,0.42799,0.13694,0.04416,0.37639,0.1299,0.037312,0.32423,0.12503,0.030784,250,249,249,212,209,207,177,177,176,124,125,126,63,65,65,173,163,152,0.53201,0.52994,0.52985
1,8.9401e+05,-0.141,13.68,195,800,-0.18406,13.513,186.79,769.81,0.43882,0.13686,0.044928,0.37362,0.12769,0.036032,0.32886,0.12199,0.030272,244,247,249,194,202,209,164,173,176,124,127,128,83,72,66,166,159,149,0.54686,0.53102,0.53035
1,8.9411e+05,-0.141,13.6,195,800,-0.17876,13.433,187.53,1069.1,0.39734,0.13292,0.038464,0.34505,0.1231,0.031616,0.3127,0.1174,0.02752,250,250,250,205,208,210,172,173,173,139,137,136,67,69,68,145,143,140,0.53419,0.53103,0.52974
1,8.9421e+05,-0.141,13.52,195,800,-0.19043,13.365,185.34,1007,0.34684,0.13551,0.03456,0.28861,0.13165,0.029312,0.2592,0.12715,0.025728,255,253,252,198,204,207,163,168,173,145,144,142,67,68,70,135,132,128,0.53719,0.53731,0.53306
1,8.9431e+05,-0.141,13.44,195,800,-0.17027,13.263,187.38,951.79,0.40994,0.13206,0.040576,0.37144,0.1248,0.034496,0.33812,0.1157,0.028352,249,251,252,183,196,205,160,169,176,147,145,143,79,75,72,124,123,121,0.53103,0.53216,0.53177
1,8.9441e+05,-0.141,13.36,195,800,-0.17664,13.204,184.45,966.31,0.33976,0.12255,0.030272,0.27215,0.12011,0.025088,0.24075,0.11616,0.021504,250,251,251,216,207,202,199,189,182,146,145,142,76,75,72,95,101,109,0.53831,0.5357,0.53271
1,8.9451e+05,-0.141,13.28,195,800,-0.18937,13.111,186.73,1036.3,0.36515,0.13348,0.037184,0.31569,0.13064,0.031936,0.29084,0.12531,0.02816,255,251,250,213,210,203,197,191,185,147,143,139,65,68,68,96,99,107,0.5375,0.53295,0.53343
1,8.9461e+05,-0.141,13.2,195,800,-0.1777,13.044,186.72,905.17,0.38054,0.1231,0.0336,0.30278,0.1187,0.026624,0.25638,0.11393,0.021888,247,248,249,200,197,199,180,180,181,132,134,135,57,57,59,111,114,116,0.52571,0.53103,0.5331
1,8.9471e+05,-0.141,13.12,195,800,-0.17982,12.963,185.46,1040.5,0.3386,0.12012,0.030528,0.28798,0.11547,0.02464,0.24826,0.11305,0.021568,251,250,250,185,193,198,171,175,176,135,137,138,55,56,57,123,120,117,0.5217,0.53325,0.53303
1,8.9481e+05,-0.141,13.04,195,800,-0.17982,12.898,187.4,749.33,0.35947,0.13366,0.036544,0.32877,0.12376,0.03072,0.30077,0.11944,0.027264,254,252,251,201,198,198,177,176,175,146,143,143,59,58,58,107,111,113,0.53815,0.52851,0.53064
1,8.9491e+05,-0.141,12.96,195,800,-0.1777,12.811,187.21,937.54,0.37991,0.1162,0.030464,0.29311,0.11138,0.023616,0.25011,0.10586,0.019136,254,253,252,195,197,197,178,176,173,156,153,151,60,61,61,97,98,99,0.53546,0.53336,0.53342
1,8.9501e+05,-0.141,12.88,195,800,-0.1777,12.73,187.09,1272.6,0.25901,0.12208,0.02432,0.23645,0.11412,0.02048,0.21685,0.11097,0.018496,253,252,252,188,190,194,170,171,173,159,155,152,61,62,62,94,94,95,0.52753,0.53716,0.53458
1,8.9511e+05,-0.141,12.8,195,800,-0.19467,12.65,187.58,1004.8,0.40212,0.12339,0.03584,0.34969,0.11567,0.028864,0.29871,0.11186,0.023872,247,249,251,185,190,194,166,170,171,148,151,152,60,62,62,85,88,93,0.54495,0.53474,0.53234
1,8.9521e+05,-0.141,12.72,195,800,-0.17345,12.564,185.8,1012.9,0.311,0.12487,0.02944,0.26553,0.11741,0.02432,0.23372,0.11458,0.020864,250,250,252,205,201,199,174,171,168,150,148,148,63,63,62,90,92,94,0.53139,0.53758,0.53612
1,8.9531e+05,-0.141,12.64,195,800,-0.18513,12.506,186.34,828.37,0.35041,0.11569,0.029184,0.29096,0.11201,0.023872,0.25633,0.10825,0.020224,249,251,252,194,200,203,170,167,166,147,146,147,68,65,61,93,94,96,0.54129,0.53895,0.5348
1,8.9541e+05,-0.141,12.56,195,800,-0.18619,12.409,185.9,868.79,0.27719,0.13602,0.02784,0.25782,0.1289,0.024896,0.23578,0.12586,0.021632,255,254,253,210,205,205,162,163,163,144,143,144,59,60,58,93,95,97,0.52756,0.53451,0.53349
1,8.9551e+05,-0.141,12.48,195,800,-0.19361,12.35,185.45,673.15,0.31281,0.12668,0.028736,0.25729,0.12346,0.023424,0.23226,0.11721,0.02016,254,253,253,208,206,205,167,165,163,144,143,143,54,55,56,92,95,96,0.53365,0.53755,0.53571
1,8.9561e+05,-0.141,12.4,195,800,-0.18619,12.261,187.26,797.9,0.32123,0.12351,0.0288,0.28088,0.11632,0.024,0.2494,0.11335,0.020864,251,252,253,198,203,211,166,168,168,139,143,146,52,52,53,90,93,96,0.54181,0.53388,0.5354
1,8.9571e+05,-0.141,12.32,195,800,-0.18513,12.191,186.71,484.55,0.31598,0.12184,0.02784,0.27436,0.11842,0.02368,0.24918,0.11403,0.02048,254,254,253,224,225,223,178,172,171,156,154,152,54,54,53,93,94,97,0.54251,0.54117,0.53876
1,8.9581e+05,-0.141,12.24,195,800,-0.17876,12.096,186.98,681.56,0.35069,0.11851,0.029056,0.30668,0.11187,0.024128,0.26625,0.10938,0.020224,252,253,253,243,235,227,167,174,173,165,160,156,53,54,54,96,98,99,0.54313,0.54186,0.53958
1,8.9591e+05,-0.141,12.16,195,800,-0.19043,12.024,186.51,703.08,0.3662,0.12382,0.027712,0.19539,0.12438,0.01888,0.18396,0.11891,0.017216,251,250,250,225,228,229,188,183,178,165,165,163,52,53,56,105,103,101,0.54408,0.54576,0.54417
1,8.9601e+05,-0.141,12.08,195,800,-0.21059,11.966,187.2,1025.4,0.28243,0.11802,0.023296,0.22481,0.11616,0.019264,0.192,0.11254,0.01664,250,248,247,216,222,225,190,187,182,169,168,168,54,54,57,100,100,100,0.54328,0.5439,0.54448
1,8.9611e+05,-0.141,12,195,800,-0.17239,11.846,185.74,991.49,0.22798,0.13111,0.023104,0.20617,0.12416,0.01984,0.19003,0.11772,0.017472,240,241,243,216,214,216,188,187,183,184,180,177,59,60,60,91,95,100,0.53783,0.54017,0.54391
1,8.9621e+05,-0.141,11.92,195,800,-0.17982,11.791,184.86,649.25,0.28359,0.11821,0.024576,0.24252,0.11221,0.020288,0.21131,0.10736,0.017152,240,243,246,197,203,208,178,178,180,181,181,180,63,64,66,111,106,104,0.5429,0.54658,0.54553
1,8.9631e+05,-0.141,11.84,195,800,-0.19573,11.734,187.02,763.68,0.2695,0.1286,0.026624,0.25156,0.12168,0.023552,0.23191,0.11848,0.021376,250,248,248,206,202,201,173,177,179,175,177,178,68,68,70,112,110,110,0.54571,0.54624,0.54532
1,8.9641e+05,-0.141,11.76,195,800,-0.18831,11.64,185.67,918.61,0.29272,0.12138,0.025408,0.24782,0.11351,0.021248,0.22399,0.11165,0.01856,254,252,251,187,192,197,179,180,181,174,175,178,83,80,80,132,125,123,0.55006,0.54831,0.54711
1,8.9651e+05,-0.141,11.68,195,800,-0.18619,11.538,187.11,1049.2,0.24675,0.12927,0.024128,0.21978,0.12468,0.021184,0.204,0.11964,0.01856,250,252,251,190,192,195,176,180,183,182,180,178,85,85,86,136,136,129,0.55276,0.54827,0.54712
1,8.9661e+05,-0.141,11.6,195,800,-0.19043,11.456,186.54,608.55,0.27541,0.1316,0.026624,0.24964,0.12483,0.023232,0.22981,0.12094,0.020864,252,252,252,205,202,198,180,181,184,179,177,171,91,92,93,146,142,140,0.55244,0.5469,0.54791
1,8.9671e+05,-0.141,11.52,195,800,-0.17558,11.389,187.43,589.93,0.3573,0.11955,0.031296,0.31042,0.11182,0.025152,0.26241,0.10889,0.02048,255,254,254,201,200,200,182,183,182,149,149,149,98,93,91,144,151,161,0.55292,0.54978,0.54925
1,8.9681e+05,-0.141,11.44,195,800,-0.17982,11.304,187.34,835.29,0.27415,0.1271,0.025856,0.24645,0.12123,0.022592,0.22359,0.11616,0.019456,255,255,254,198,201,204,180,181,180,136,134,137,88,86,87,163,168,178,0.54294,0.55176,0.55381
1,8.9691e+05,-0.141,11.36,195,800,-0.19467,11.228,187.14,796.98,0.26727,0.11137,0.022016,0.23941,0.10574,0.018944,0.21209,0.10071,0.016384,255,255,254,222,217,211,173,173,173,113,116,122,72,72,74,217,220,221,0.56439,0.55995,0.55762
1,8.9701e+05,-0.141,11.28,195,800,-0.17239,11.142,187.07,665.37,0.2623,0.12352,0.02368,0.22462,0.11872,0.019776,0.20701,0.1124,0.017408,255,254,254,219,217,213,168,169,170,114,116,122,65,66,68,245,241,237,0.56459,0.56014,0.5603
1,8.9711e+05,-0.141,11.2,195,800,-0.17558,11.061,186.87,619.46,0.29657,0.12724,0.026624,0.25691,0.11691,0.022016,0.22536,0.11411,0.019136,251,251,251,204,199,201,165,164,164,133,135,142,55,58,65,255,252,245,0.56252,0.56264,0.56495
1,8.9721e+05,-0.141,11.12,195,800,-0.17239,10.988,185.62,1040,0.23863,0.12714,0.02304,0.21898,0.12266,0.020544,0.20148,0.11689,0.018368,246,246,248,176,183,190,164,164,165,184,187,190,76,84,95,236,230,223,0.57668,0.57634,0.57543
1,8.9731e+05,-0.141,11.04,195,800,-0.19255,10.921,185.61,551.46,0.24374,0.13424,0.025152,0.22326,0.12878,0.022208,0.21068,0.12356,0.020224,242,243,246,185,186,189,172,168,165,224,220,214,109,117,117,210,209,209,0.59066,0.58689,0.57449
1,9.0038e+05,-0.048,11,195,800,-0.10237,10.923,0.17113,762.66,0,0,0,0,0,0,0,0,0,248,248,247,179,184,191,161,164,165,255,247,236,208,170,147,184,179,180,0.49222,0.49875,0.50962
1,9.0048e+05,-0.048,11.08,195,800,-0.11298,10.998,186.03,874.02,0.22406,0.11808,0.018432,0.20353,0.10881,0.015808,0.19158,0.10748,0.0144,249,251,250,182,188,195,165,165,164,191,193,193,88,94,102,191,197,202,0.58877,0.5853,0.58352
1,9.0058e+05,-0.048,11.16,195,800,-0.12465,11.096,185.44,690.88,0.29103,0.11714,0.023808,0.19028,0.11345,0.016576,0.17493,0.1094,0.014912,253,252,252,190,197,199,164,165,164,156,161,167,65,70,80,218,218,216,0.56881,0.56997,0.57077
1,9.0068e+05,-0.048,11.24,195,800,-0.096001,11.145,186.79,999.67,0.28919,0.13651,0.030336,0.27977,0.12525,0.026944,0.26879,0.1177,0.024064,255,255,254,211,211,208,169,168,166,124,127,132,67,71,74,253,246,233,0.56378,0.56446,0.56372
1,9.0078e+05,-0.048,11.32,195,800,-0.083269,11.207,188.22,688.94,0.34402,0.13082,0.033472,0.30059,0.12353,0.0272,0.27038,0.11936,0.023616,254,255,255,215,211,208,171,170,169,122,123,127,88,85,80,249,240,229,0.54213,0.55611,0.5578
1,9.0088e+05,-0.048,11.4,195,800,-0.08433,11.283,186.61,614.95,0.26212,0.13273,0.02496,0.21414,0.12585,0.020288,0.19129,0.12216,0.017984,254,254,255,195,200,204,176,175,173,123,129,134,106,96,88,200,200,198,0.55115,0.55733,0.55605
1,9.0098e+05,-0.048,11.48,195,800,-0.10873,11.371,187.32,624.06,0.29351,0.14084,0.02944,0.2734,0.12455,0.024576,0.23807,0.11502,0.020416,254,254,254,199,197,197,171,174,177,150,150,151,77,84,89,153,155,159,0.54972,0.54845,0.54952
1,9.0108e+05,-0.048,11.56,195,800,-0.087513,11.446,187.53,831.7,0.31049,0.12169,0.02784,0.26238,0.11762,0.023296,0.23684,0.11265,0.019904,253,253,253,194,194,195,173,176,179,161,160,160,85,87,89,134,140,147,0.55352,0.5494,0.54878
1,9.0118e+05,-0.048,11.64,195,800,-0.10025,11.537,185.92,847.64,0.27491,0.1234,0.0256,0.25317,0.11083,0.02144,0.23599,0.10725,0.019072,253,250,251,186,187,189,198,191,183,173,173,172,90,89,88,132,131,132,0.54558,0.54576,0.54681
1,9.0128e+05,-0.048,11.72,195,800,-0.086452,11.609,185.33,1071.1,0.33533,0.12936,0.032256,0.313,0.12174,0.027968,0.29821,0.11497,0.025088,249,250,251,189,186,189,205,193,183,174,174,175,82,82,84,127,128,127,0.54675,0.54692,0.54687
1,9.0138e+05,-0.048,11.8,195,800,-0.087513,11.677,186.09,666.14,0.35805,0.12496,0.032896,0.33711,0.11608,0.027968,0.30642,0.10737,0.022656,253,253,250,189,194,196,184,181,180,177,177,178,67,69,74,113,116,117,0.539,0.54629,0.54711
1,9.0148e+05,-0.048,11.88,195,800,-0.093879,11.772,185.3,741.21,0.34106,0.12917,0.03328,0.31912,0.12142,0.029056,0.30563,0.11515,0.025472,253,249,248,201,203,207,183,177,175,181,180,179,67,67,67,105,105,106,0.55195,0.54905,0.54573
1,9.0158e+05,-0.048,11.96,195,800,-0.098123,11.846,185.55,1097.9,0.31215,0.13151,0.030848,0.28438,0.1196,0.02528,0.25847,0.11479,0.022144,246,246,246,201,206,213,180,177,176,175,177,178,72,67,66,100,102,105,0.52605,0.54309,0.5446
1,9.0168e+05,-0.048,12.04,195,800,-0.092818,11.918,187.7,706.79,0.34599,0.12636,0.032,0.30935,0.11814,0.026304,0.26125,0.11582,0.02208,247,247,247,223,221,221,177,176,176,163,166,170,64,64,64,110,107,107,0.53587,0.5418,0.54229
1,9.0178e+05,-0.048,12.12,195,800,-0.099184,12.018,186.3,698.52,0.32548,0.11967,0.027584,0.27593,0.1136,0.022464,0.2377,0.1094,0.018752,252,250,248,235,227,225,178,175,174,158,161,166,60,61,61,115,112,109,0.53619,0.54119,0.54213
1,9.0188e+05,-0.048,12.2,195,800,-0.079025,12.063,186.02,907.59,0.30402,0.13378,0.029824,0.2766,0.12746,0.025984,0.25392,0.1186,0.022592,253,252,251,230,232,229,167,167,171,159,158,160,52,53,56,117,111,109,0.54348,0.54243,0.54106
1,9.0198e+05,-0.048,12.28,195,800,-0.10343,12.166,186.95,846.76,0.40859,0.1273,0.037824,0.36706,0.12219,0.032064,0.31456,0.11667,0.026624,255,254,252,231,223,221,169,166,168,158,157,158,51,50,52,111,104,103,0.54019,0.53594,0.53862
1,9.0208e+05,-0.048,12.36,195,800,-0.089635,12.249,186.19,924.46,0.30806,0.13533,0.030848,0.27178,0.12529,0.025792,0.24486,0.12292,0.022976,255,254,253,209,212,215,163,167,168,158,157,157,49,52,53,105,102,100,0.539,0.53483,0.53412
1,9.0218e+05,-0.048,12.44,195,800,-0.10131,12.328,187.26,820.74,0.21899,0.12755,0.021504,0.19689,0.12185,0.018624,0.18402,0.11578,0.01664,255,254,254,211,206,206,162,162,165,156,155,155,60,58,57,103,100,98,0.54949,0.53584,0.53361
1,9.0228e+05,-0.048,12.52,195,800,-0.09494,12.39,186.32,831.36,0.33654,0.14407,0.03392,0.30166,0.13889,0.028352,0.27146,0.12991,0.024832,255,254,254,213,208,204,157,160,164,152,154,155,60,60,59,102,100,98,0.52593,0.53226,0.53262
1,9.0238e+05,-0.048,12.6,195,800,-0.089635,12.478,185.77,966.02,0.31789,0.12815,0.029376,0.27709,0.12151,0.024512,0.25453,0.115,0.021568,255,254,253,203,204,203,161,163,165,154,156,157,61,62,62,107,104,101,0.54787,0.53906,0.53646
1,9.0248e+05,-0.048,12.68,195,800,-0.093879,12.559,187.19,881.81,0.28462,0.13093,0.028672,0.2589,0.12427,0.024704,0.24093,0.11773,0.021824,252,252,252,204,200,196,174,173,170,163,163,161,63,65,66,109,106,101,0.52652,0.53116,0.53228
1,9.0258e+05,-0.048,12.76,195,800,-0.08433,12.628,185.88,753.69,0.3215,0.12653,0.029248,0.27255,0.12046,0.02496,0.25127,0.11601,0.02208,252,251,251,197,196,194,180,175,171,161,164,164,68,67,67,105,102,99,0.53862,0.53139,0.5314
1,9.0268e+05,-0.048,12.84,195,800,-0.087513,12.701,186.33,763.66,0.34239,0.12324,0.029952,0.27905,0.11983,0.024832,0.25724,0.11254,0.021568,245,248,250,189,189,191,170,171,171,165,165,165,69,70,70,98,99,100,0.52953,0.53262,0.53135
1,9.0278e+05,-0.048,12.92,195,800,-0.092818,12.789,186.13,700.77,0.40019,0.12986,0.0384,0.34114,0.12541,0.031552,0.29337,0.11677,0.025984,242,247,250,191,191,194,166,168,169,162,164,165,73,71,70,107,103,102,0.53851,0.53187,0.53148
1,9.0288e+05,-0.048,13,195,800,-0.087513,12.865,187.11,949.55,0.3228,0.13876,0.033728,0.28263,0.13355,0.028736,0.26254,0.12507,0.025216,254,252,250,208,205,200,162,165,168,156,158,158,67,68,68,110,118,123,0.52432,0.52893,0.53222
1,9.0298e+05,-0.048,13.08,195,800,-0.089635,12.944,187.47,890.04,0.29369,0.14521,0.031424,0.26059,0.13421,0.026752,0.24505,0.12622,0.023424,245,248,249,203,199,198,169,170,172,140,143,146,63,64,65,170,154,143,0.54686,0.53143,0.53045
1,9.0308e+05,-0.048,13.16,195,800,-0.097062,13.03,187.14,833.68,0.33569,0.12594,0.030784,0.2995,0.11914,0.025856,0.27501,0.11318,0.02304,243,245,248,183,188,194,178,176,175,133,137,143,62,64,66,166,158,147,0.53535,0.5311,0.53026
1,9.0318e+05,-0.048,13.24,195,800,-0.099184,13.122,186.45,861.15,0.33543,0.12467,0.030528,0.29031,0.11689,0.025472,0.26501,0.11216,0.022144,245,246,247,179,187,192,182,184,184,143,143,145,70,71,73,134,134,139,0.5371,0.53152,0.52874
1,9.0328e+05,-0.048,13.32,195,800,-0.10555,13.188,186.31,802.43,0.37264,0.13061,0.03584,0.34606,0.11813,0.03008,0.31612,0.11606,0.026048,246,248,248,193,193,192,187,187,186,146,147,148,75,76,78,120,127,135,0.51259,0.52637,0.52847
1,9.0338e+05,-0.048,13.4,195,800,-0.10025,13.277,185.85,641.42,0.30147,0.13439,0.030976,0.26821,0.12677,0.026112,0.24393,0.12208,0.022784,255,252,250,180,190,199,189,190,187,148,150,152,78,81,82,144,144,143,0.53396,0.53452,0.53041
1,9.0348e+05,-0.048,13.48,195,800,-0.10873,13.352,187.35,1006.2,0.2994,0.14038,0.031808,0.26451,0.13414,0.02688,0.24236,0.13006,0.024,250,251,251,223,219,212,182,181,179,148,147,148,74,76,80,164,161,156,0.53032,0.5338,0.53079
1,9.0358e+05,-0.048,13.56,195,800,-0.09494,13.423,186.25,796.61,0.33149,0.14104,0.03616,0.30169,0.13418,0.03136,0.27883,0.12836,0.027648,248,250,251,250,235,218,173,175,176,139,142,144,71,73,78,158,161,161,0.52848,0.53136,0.52987
1,9.0368e+05,-0.048,13.64,195,800,-0.13526,13.531,187.08,1341.8,0.37311,0.11832,0.028096,0.25781,0.1178,0.021888,0.218,0.11419,0.018816,251,251,250,217,223,222,174,174,173,136,136,136,68,72,76,168,169,167,0.5228,0.52906,0.52892
1,9.0378e+05,-0.048,13.72,195,800,-0.097062,13.575,187.72,949.01,0.31708,0.144,0.035264,0.29109,0.13646,0.030976,0.26394,0.13256,0.0272,251,250,250,212,220,221,174,176,174,135,134,134,69,71,75,173,174,171,0.53092,0.52762,0.52716
1,9.0388e+05,-0.048,13.8,195,800,-0.074781,13.652,187.17,739.36,0.37553,0.13578,0.0384,0.33105,0.12644,0.031616,0.2979,0.11619,0.026304,247,248,248,229,220,213,169,170,171,129,131,132,69,69,73,178,176,173,0.53071,0.52966,0.52916
1,9.0398e+05,-0.048,13.88,195,800,-0.096001,13.731,187.77,733.93,0.41661,0.13493,0.038208,0.30064,0.13349,0.029632,0.2673,0.12637,0.025216,247,248,248,196,204,209,164,166,171,129,132,134,66,68,72,167,173,174,0.52959,0.53001,0.52883
1,9.0408e+05,-0.048,13.96,195,800,-0.082208,13.796,187.2,844.61,0.41449,0.14008,0.04192,0.34635,0.13418,0.033536,0.29841,0.12188,0.026944,248,248,247,206,207,205,171,169,170,134,134,135,65,68,72,178,177,174,0.5386,0.53151,0.53032
1,9.0418e+05,-0.048,14.04,195,800,-0.085391,13.883,186.3,699.99,0.35186,0.14332,0.038144,0.30693,0.13862,0.032064,0.27214,0.13151,0.027584,242,244,244,208,204,201,166,171,175,136,137,138,68,71,75,169,176,177,0.52607,0.52889,0.5291
1,9.0428e+05,-0.048,14.12,195,800,-0.091757,13.986,186.55,641.75,0.36011,0.14758,0.03936,0.33161,0.13813,0.033344,0.30235,0.12265,0.027456,243,241,241,191,198,199,168,174,178,133,138,141,73,75,78,166,176,180,0.52633,0.52891,0.52646
1,9.0438e+05,-0.048,14.2,195,800,-0.092818,14.058,186.18,1232.5,0.3345,0.14891,0.036928,0.29302,0.13896,0.03104,0.2613,0.13284,0.026432,235,235,235,183,192,197,180,182,181,151,146,143,81,81,81,204,194,186,0.55072,0.53058,0.52622
1,9.0448e+05,-0.048,14.28,195,800,-0.087513,14.124,186.45,587.02,0.38473,0.16964,0.050176,0.33372,0.15385,0.039936,0.28202,0.143,0.031424,227,231,234,211,206,203,178,180,181,141,143,144,72,75,80,185,193,191,0.52894,0.52635,0.52387
1,9.0458e+05,-0.048,14.36,195,800,-0.11192,14.229,186.33,1327.6,0.41625,0.13105,0.038976,0.35929,0.12053,0.031168,0.31732,0.11291,0.025216,234,236,237,217,209,204,174,178,181,141,142,143,72,73,77,191,191,188,0.52705,0.52834,0.5243
1,9.0468e+05,-0.048,14.44,195,800,-0.090696,14.301,188.04,983.86,0.37719,0.13742,0.039296,0.33494,0.1306,0.03328,0.31928,0.1197,0.029184,252,249,245,188,193,195,176,177,179,145,145,145,69,71,75,186,188,185,0.53886,0.53182,0.52576
1,9.0478e+05,-0.048,14.52,195,800,-0.082208,14.365,187.16,850.64,0.4671,0.13353,0.0448,0.41448,0.1223,0.034944,0.33836,0.11583,0.02848,252,250,247,177,182,186,172,176,180,146,146,147,68,70,74,185,185,181,0.52993,0.52468,0.52405
1,9.0488e+05,-0.048,14.6,195,800,-0.10767,14.463,186.4,1111.8,0.33154,0.14326,0.03648,0.29229,0.13937,0.031424,0.26774,0.13412,0.028096,243,246,248,171,175,179,180,178,178,154,151,148,70,72,73,168,172,173,0.52954,0.5283,0.52592
1,9.0498e+05,-0.048,14.68,195,800,-0.088574,14.535,186.27,1151.6,0.34352,0.14615,0.038464,0.30129,0.13792,0.031936,0.26598,0.13155,0.027328,249,249,248,199,198,190,175,177,178,141,142,143,68,71,72,169,169,172,0.53322,0.52986,0.52772
1,9.0508e+05,-0.048,14.76,195,800,-0.10237,14.619,186.19,987.78,0.36416,0.1362,0.03744,0.29639,0.12914,0.029504,0.25937,0.12218,0.024768,252,250,249,214,203,196,180,178,178,134,137,140,68,68,71,177,176,177,0.53616,0.5337,0.52923
1,9.0518e+05,-0.048,14.84,195,800,-0.098123,14.696,185.33,499.62,0.39239,0.14159,0.042432,0.34035,0.1341,0.034688,0.30607,0.12443,0.028864,248,249,250,186,194,201,178,178,179,136,136,138,63,65,69,193,193,191,0.53126,0.53011,0.52959
1,9.0528e+05,-0.048,14.92,195,800,-0.10237,14.778,186.06,1124.5,0.40112,0.14394,0.04256,0.35125,0.13454,0.035456,0.31935,0.12439,0.029696,248,249,249,187,191,198,177,178,179,141,140,141,65,66,69,197,196,194,0.52572,0.53048,0.52797
1,9.0538e+05,-0.048,15,195,800,-0.083269,14.839,185.25,1197.7,0.37905,0.15393,0.044224,0.33673,0.14457,0.036544,0.28777,0.13842,0.030592,244,244,245,190,197,205,176,175,177,151,152,152,70,70,71,182,185,188,0.53753,0.53103,0.52694
1,9.0548e+05,-0.048,15.08,195,800,-0.10449,14.936,186.46,979.17,0.36196,0.14672,0.040384,0.33551,0.13614,0.034304,0.30322,0.12271,0.028224,242,244,245,232,222,213,167,172,176,166,164,164,68,69,73,165,172,177,0.52251,0.53042,0.52779
1,9.0558e+05,-0.048,15.16,195,800,-0.10237,15.02,186.86,1104.1,0.32839,0.14415,0.036672,0.2768,0.13929,0.029952,0.25405,0.12944,0.025856,250,247,247,232,227,219,170,174,178,168,168,171,70,72,76,171,172,173,0.52872,0.53368,0.53148
1,9.0568e+05,-0.048,15.24,195,800,-0.097062,15.089,188.22,574.63,0.45312,0.13591,0.044544,0.40302,0.12353,0.034944,0.34115,0.11977,0.028864,253,251,249,233,230,226,186,185,183,189,189,193,93,87,86,170,171,168,0.54319,0.53939,0.53485
1,9.0578e+05,-0.048,15.32,195,800,-0.096001,15.155,188.01,882.67,0.37927,0.12765,0.035456,0.32879,0.12088,0.028672,0.28505,0.11092,0.0224,254,250,247,239,233,224,191,185,183,209,207,207,96,92,90,165,166,166,0.52693,0.53441,0.53686
1,9.0588e+05,-0.048,15.4,195,800,-0.087513,15.236,187.39,642.28,0.34145,0.14574,0.037696,0.29227,0.13893,0.031616,0.26632,0.13526,0.028288,240,241,241,212,211,212,174,177,181,241,238,235,88,93,100,157,161,164,0.5434,0.54317,0.5398
1,9.0598e+05,-0.048,15.48,195,800,-0.11298,15.327,185.98,1112.6,0.3418,0.13944,0.035968,0.29188,0.13656,0.030976,0.26981,0.13332,0.028032,239,238,238,173,183,193,178,179,180,254,253,251,102,107,117,174,165,160,0.54988,0.54615,0.54022
1,9.0608e+05,-0.048,15.56,195,800,-0.092818,15.404,185.96,848.63,0.36328,0.13496,0.035712,0.28156,0.12934,0.027904,0.2527,0.12191,0.023616,242,240,240,173,182,189,183,181,180,255,255,254,117,124,131,162,160,157,0.55259,0.55023,0.54488
1,9.0618e+05,-0.048,15.64,195,800,-0.10025,15.482,186.23,1289.4,0.36985,0.12086,0.030656,0.29311,0.1165,0.024576,0.24399,0.11515,0.020992,247,247,247,200,194,191,178,176,176,255,255,255,150,146,141,145,148,153,0.55703,0.55486,0.55085
1,9.0628e+05,-0.048,15.72,195,800,-0.089635,15.544,186.43,746.3,0.34971,0.13942,0.036224,0.31032,0.13335,0.030912,0.28589,0.13124,0.027584,249,250,250,199,195,192,172,171,173,255,255,255,135,137,139,150,153,157,0.56232,0.56224,0.55784
1,9.0638e+05,-0.048,15.8,195,800,-0.10873,15.652,185.43,611.46,0.3792,0.14516,0.042048,0.33863,0.13703,0.035328,0.31038,0.13047,0.030976,254,253,251,192,194,194,162,166,171,255,255,255,108,112,120,186,183,178,0.57442,0.56965,0.56637
1,9.0648e+05,-0.048,15.88,195,800,-0.10555,15.723,187.01,788.6,0.3407,0.12912,0.033728,0.28476,0.12595,0.027392,0.25419,0.11909,0.023168,250,249,248,217,204,197,170,170,173,255,255,255,107,112,120,206,201,195,0.58132,0.57999,0.57556
1,9.0658e+05,-0.048,15.96,195,800,-0.086452,15.781,186.08,650.83,0.35495,0.147,0.038528,0.29575,0.14142,0.031232,0.24905,0.13911,0.026816,248,247,246,214,204,198,172,174,175,255,255,255,114,123,127,192,198,199,0.57345,0.57453,0.56731
1,9.1769e+05,0.045,11,195,800,-0.012183,10.939,0.46576,906.79,0,0,0,0,0,0,0,0,0,250,252,252,203,204,200,165,164,162,255,249,240,153,152,160,154,157,165,0.52379,0.52554,0.52047
1,9.1779e+05,0.045,11.08,195,800,0.00161,11.001,186.56,1178.6,0.23136,0.12022,0.017216,0.15271,0.11675,0.01376,0.14088,0.11439,0.012672,255,255,253,210,207,204,160,161,161,194,198,198,90,98,114,165,173,186,0.58135,0.58345,0.58438
1,9.1789e+05,0.045,11.16,195,800,0.009037,11.063,187.19,767.37,0.20456,0.12144,0.018432,0.18136,0.11464,0.015808,0.16521,0.11021,0.01408,255,255,254,212,213,208,156,160,161,158,166,174,73,79,91,190,195,202,0.57286,0.57038,0.57041
1,9.1799e+05,0.045,11.24,195,800,-0.013244,11.154,186.75,872.83,0.25093,0.12939,0.024512,0.2317,0.11707,0.020672,0.21256,0.11572,0.01856,255,255,254,218,217,210,161,163,164,129,134,141,72,76,78,233,230,224,0.56083,0.56156,0.5635
1,9.1809e+05,0.045,11.32,195,800,0.013281,11.212,186.38,827.83,0.2704,0.12655,0.024064,0.22625,0.11602,0.019648,0.19937,0.1132,0.017024,255,255,254,209,209,209,162,166,168,132,136,137,87,85,81,229,227,223,0.55913,0.55793,0.559
1,9.1819e+05,0.045,11.4,195,800,-0.002634,11.309,185.73,851.88,0.28453,0.12388,0.0256,0.23685,0.11792,0.02048,0.20297,0.11498,0.017472,255,255,254,190,200,206,175,174,173,152,147,142,92,90,85,198,200,199,0.56116,0.55881,0.55608
1,9.1829e+05,0.045,11.48,195,800,0.016464,11.364,186.48,586.84,0.22494,0.13379,0.022848,0.20642,0.12731,0.019712,0.19383,0.12119,0.017984,255,255,254,211,204,199,172,174,176,154,154,154,80,84,87,162,162,162,0.54418,0.5473,0.55054
1,9.1839e+05,0.045,11.56,195,800,-0.005817,11.459,186.49,803.16,0.28577,0.11933,0.02368,0.22492,0.11581,0.018432,0.17658,0.10967,0.014528,255,255,254,196,196,196,174,175,177,162,161,160,91,90,88,137,142,147,0.54601,0.54978,0.54895
1,9.1849e+05,0.045,11.64,195,800,-0.017488,11.542,187.85,769.26,0.31275,0.13093,0.029888,0.27867,0.12413,0.024704,0.2503,0.12133,0.021312,250,250,251,177,181,186,181,182,180,171,172,172,100,98,90,124,125,128,0.53659,0.54664,0.5471
1,9.1859e+05,0.045,11.72,195,800,-0.002634,11.619,186.73,985.22,0.30748,0.13325,0.030848,0.27598,0.12624,0.026304,0.25626,0.12012,0.023488,240,248,251,179,180,186,179,181,180,176,176,175,99,92,87,124,123,123,0.54448,0.54528,0.54562
1,9.1869e+05,0.045,11.8,195,800,0.004793,11.681,187.31,756.48,0.32998,0.13782,0.033792,0.29922,0.1316,0.029376,0.27486,0.12595,0.02624,255,251,249,198,198,198,165,170,175,178,181,182,77,78,78,117,117,116,0.5388,0.53885,0.54189
1,9.1879e+05,0.045,11.88,195,800,0.003732,11.772,185.56,981.79,0.32117,0.13424,0.03168,0.28404,0.1251,0.02624,0.25017,0.12232,0.022784,247,247,246,221,220,213,167,168,170,191,188,183,72,71,70,104,106,108,0.53869,0.54046,0.54165
1,9.1889e+05,0.045,11.96,195,800,0.010098,11.838,185.25,825.95,0.26572,0.13071,0.026624,0.24508,0.12469,0.023296,0.23056,0.11901,0.020928,247,245,244,231,226,220,163,168,171,190,186,182,64,67,69,99,104,108,0.55303,0.5438,0.54234
1,9.1899e+05,0.045,12.04,195,800,-0.018549,11.937,186.6,888.15,0.26574,0.12961,0.025792,0.24122,0.11869,0.021696,0.22155,0.11594,0.01952,246,244,244,232,228,222,171,169,169,176,174,174,71,70,69,121,116,111,0.53355,0.53719,0.53979
1,9.1909e+05,0.045,12.12,195,800,-0.017488,12.028,186.9,932.29,0.27168,0.11978,0.02336,0.24077,0.11546,0.019648,0.21497,0.1117,0.017088,247,246,245,217,222,222,165,166,168,167,168,169,80,73,67,124,119,114,0.54418,0.54337,0.5415
1,9.1919e+05,0.045,12.2,195,800,0.002671,12.09,187.95,853.46,0.23888,0.16826,0.027776,0.2225,0.15938,0.024832,0.21087,0.14812,0.022272,245,246,248,224,221,220,160,163,167,165,163,164,59,61,61,115,112,111,0.53837,0.53679,0.53868
1,9.1929e+05,0.045,12.28,195,800,0.013281,12.152,187.12,855.1,0.29458,0.12053,0.026112,0.25577,0.11735,0.022336,0.22701,0.1132,0.019712,250,250,251,229,223,216,172,170,168,162,163,164,53,53,54,104,104,105,0.54574,0.53717,0.53711
1,9.1939e+05,0.045,12.36,195,800,0.00161,12.23,186.68,1037.7,0.28197,0.13137,0.027712,0.2661,0.12355,0.024896,0.25026,0.11604,0.021952,255,253,252,217,215,214,168,171,169,166,165,164,55,54,55,99,102,103,0.52361,0.5319,0.53277
1,9.1949e+05,0.045,12.44,195,800,-0.010061,12.339,185.77,700.08,0.28754,0.12725,0.026176,0.26076,0.12031,0.022336,0.23843,0.11725,0.019648,254,254,254,192,202,208,172,168,166,169,167,165,59,59,59,97,99,101,0.52256,0.52867,0.53138
1,9.1959e+05,0.045,12.52,195,800,0.006915,12.397,184.86,756.33,0.29366,0.12374,0.026432,0.26491,0.11925,0.022784,0.23419,0.11414,0.019008,255,254,254,201,204,206,165,166,165,167,165,165,62,61,61,95,98,101,0.52617,0.53148,0.53142
1,9.1969e+05,0.045,12.6,195,800,-0.000512,12.473,185.66,1110.9,0.28931,0.12807,0.027072,0.24731,0.1215,0.022464,0.22336,0.11732,0.019648,253,254,254,198,200,201,166,167,166,164,166,168,60,62,64,98,100,102,0.53722,0.52784,0.52889
1,9.1979e+05,0.045,12.68,195,800,0.020708,12.531,184.35,861.42,0.2911,0.13219,0.029696,0.26658,0.12822,0.026368,0.2523,0.12007,0.023296,252,252,253,186,190,195,169,168,168,178,176,175,67,67,69,106,105,103,0.5229,0.52809,0.52999
1,9.1989e+05,0.045,12.76,195,800,-0.003695,12.636,186.65,898.38,0.35578,0.11999,0.030784,0.29213,0.11576,0.024704,0.23471,0.1147,0.020608,251,253,253,190,192,194,165,169,170,183,179,178,72,72,75,104,103,102,0.52712,0.53012,0.53032
1,9.1999e+05,0.045,12.84,195,800,-0.013244,12.711,185.79,951.29,0.36631,0.12748,0.034048,0.32132,0.12045,0.028288,0.28296,0.11662,0.02464,254,252,251,193,189,191,172,171,170,179,180,180,82,84,83,98,101,104,0.53536,0.53088,0.53017
1,9.2009e+05,0.045,12.92,195,800,-0.006878,12.815,187.95,755.05,0.29834,0.12632,0.028544,0.27454,0.11899,0.02496,0.25659,0.11338,0.022272,251,250,251,177,187,194,171,170,169,184,181,178,86,86,84,103,105,110,0.53195,0.52711,0.52647
1,9.2019e+05,0.045,13,195,800,-0.013244,12.886,186.77,1038.9,0.25413,0.12162,0.023936,0.24406,0.11384,0.021312,0.23326,0.10948,0.019648,250,250,249,218,209,200,160,162,165,179,174,170,74,76,79,130,134,142,0.53589,0.53005,0.52627
1,9.2029e+05,0.045,13.08,195,800,0.003732,12.927,186.53,785.55,0.30104,0.12542,0.028288,0.27899,0.11723,0.024576,0.24882,0.1146,0.021824,246,247,247,205,205,200,167,167,169,152,155,160,74,75,78,186,185,175,0.52961,0.5291,0.52655
1,9.2336e+05,0.138,13.12,195,800,0.0971,12.929,0.33334,819.09,0,0,0,0,0,0,0,0,0,249,248,248,196,198,196,165,166,167,168,171,176,86,92,97,244,226,201,0.53339,0.53374,0.53673
1,9.2346e+05,0.138,13.04,195,800,0.070575,12.879,186.43,652.98,0.31424,0.11519,0.021184,0.25669,0.11417,0.018176,0.23232,0.11013,0.015616,250,250,249,208,200,195,158,161,165,172,173,177,75,80,90,202,198,187,0.53355,0.53361,0.53554
1,9.2356e+05,0.138,12.96,195,800,0.074819,12.781,186.92,766.77,0.25415,0.12056,0.022976,0.22182,0.11481,0.019008,0.18901,0.11071,0.016384,252,252,252,181,188,196,170,168,165,188,191,192,96,96,92,121,130,140,0.52626,0.53145,0.53346
1,9.2366e+05,0.138,12.88,195,800,0.079063,12.697,185.15,1018.8,0.26793,0.18938,0.035136,0.25219,0.17868,0.031232,0.24548,0.171,0.028736,253,253,253,183,190,195,174,171,167,197,198,198,119,107,95,111,114,120,0.52833,0.52885,0.53341
1,9.2376e+05,0.138,12.8,195,800,0.085429,12.64,188.38,509.84,0.43027,0.11848,0.035968,0.39498,0.10798,0.028992,0.34089,0.10307,0.023168,255,254,254,200,198,195,169,168,168,200,203,203,95,95,92,101,102,103,0.5313,0.53438,0.53607
1,9.2386e+05,0.138,12.72,195,800,0.089673,12.549,186.88,835.8,0.37138,0.1285,0.035584,0.32122,0.12171,0.029824,0.28906,0.11758,0.025728,255,254,254,193,193,194,160,164,166,190,194,197,75,76,78,98,98,98,0.52563,0.53405,0.53381
1,9.2396e+05,0.138,12.64,195,800,0.092856,12.482,187.34,984.69,0.43686,0.13201,0.036736,0.29324,0.12747,0.02592,0.24178,0.1253,0.021568,254,254,254,195,194,194,159,165,166,182,188,194,71,73,74,100,98,97,0.52941,0.53357,0.53442
1,9.2406e+05,0.138,12.56,195,800,0.090734,12.4,188.09,751.05,0.37649,0.13063,0.03712,0.33963,0.12129,0.031232,0.30775,0.11488,0.026368,255,254,253,210,205,201,172,169,168,177,181,185,70,69,69,98,98,98,0.54513,0.53592,0.53539
1,9.2416e+05,0.138,12.48,195,800,0.093917,12.301,186.92,720.34,0.32101,0.12223,0.02688,0.24138,0.11941,0.021312,0.2033,0.11577,0.017856,253,253,252,217,210,204,167,168,168,175,178,182,67,66,66,103,100,100,0.53534,0.53489,0.53383
1,9.2426e+05,0.138,12.4,195,800,0.093917,12.24,185.41,589.28,0.29863,0.13656,0.031104,0.26945,0.1303,0.02688,0.25791,0.12446,0.024384,249,251,251,216,211,209,160,167,170,166,172,176,56,59,61,107,105,102,0.53487,0.53738,0.53396
1,9.2436e+05,0.138,12.32,195,800,0.068453,12.167,187.6,767.59,0.30135,0.12425,0.027648,0.25364,0.11935,0.022336,0.21515,0.11399,0.018688,251,250,249,204,210,210,177,175,172,168,170,173,52,55,58,102,103,104,0.51782,0.52618,0.53273
1,9.2446e+05,0.138,12.24,195,800,0.0971,12.077,184.23,614.96,0.34009,0.13347,0.03424,0.27966,0.13116,0.028288,0.25287,0.12463,0.02464,250,249,249,199,207,211,173,173,171,166,170,173,53,57,62,98,102,105,0.53387,0.53738,0.53967
1,9.2456e+05,0.138,12.16,195,800,0.078002,12.004,187.02,728.11,0.29302,0.13554,0.030912,0.27141,0.12599,0.02656,0.26026,0.1201,0.024128,246,246,245,202,208,214,164,167,169,177,176,176,74,74,72,109,109,109,0.54818,0.54264,0.54288
1,9.2466e+05,0.138,12.08,195,800,0.096039,11.915,186.62,1033.2,0.31202,0.13013,0.030656,0.27848,0.12444,0.026048,0.25691,0.11816,0.022912,239,241,242,215,216,218,168,168,169,177,179,178,77,78,74,112,112,110,0.56381,0.54778,0.54414
1,9.2476e+05,0.138,12,195,800,0.079063,11.844,185.5,855.08,0.34346,0.12527,0.031552,0.29589,0.11586,0.02528,0.25643,0.1136,0.021568,228,232,237,222,224,223,174,173,170,180,183,184,64,68,73,109,109,110,0.53971,0.54495,0.54369
1,9.2486e+05,0.138,11.92,195,800,0.10665,11.739,186.43,803.92,0.30597,0.11533,0.026624,0.26476,0.11082,0.021824,0.23133,0.10618,0.01824,235,237,239,212,217,217,165,168,169,192,190,185,73,72,70,112,113,113,0.54027,0.54617,0.54513
1,9.2496e+05,0.138,11.84,195,800,0.088612,11.693,186.34,625.21,0.28927,0.13883,0.030528,0.26003,0.13285,0.026368,0.23734,0.12627,0.022912,244,243,242,214,211,208,165,167,170,193,187,183,77,74,72,116,117,117,0.54659,0.54506,0.54521
1,9.2506e+05,0.138,11.76,195,800,0.0971,11.605,187.01,770.61,0.30869,0.13093,0.03008,0.27956,0.1234,0.025984,0.25922,0.11995,0.023424,252,249,247,189,190,192,176,172,172,181,179,178,75,79,81,122,125,126,0.54985,0.54424,0.54337
1,9.2516e+05,0.138,11.68,195,800,0.083307,11.524,186.93,870.14,0.27901,0.12782,0.026752,0.24695,0.12097,0.022784,0.2278,0.11731,0.020288,250,250,249,180,184,188,174,174,174,181,178,175,84,85,85,126,127,129,0.54128,0.54455,0.54697
1,9.2526e+05,0.138,11.6,195,800,0.074819,11.456,187.41,967.42,0.31526,0.11454,0.025216,0.24924,0.11059,0.018432,0.18554,0.10793,0.015168,253,253,251,189,192,196,173,175,176,171,169,166,92,90,87,127,133,140,0.54575,0.54608,0.5469
1,9.2536e+05,0.138,11.52,195,800,0.084368,11.354,187.8,854.85,0.26816,0.1168,0.021568,0.17937,0.11158,0.01504,0.15567,0.10843,0.012928,255,255,254,215,214,210,177,177,177,148,151,153,76,78,81,164,164,164,0.54959,0.55022,0.55113
1,9.2546e+05,0.138,11.44,195,800,0.088612,11.298,186.77,782.59,0.25593,0.12745,0.024832,0.23288,0.12362,0.021952,0.21387,0.11727,0.0192,255,255,254,225,218,213,179,178,176,145,146,147,67,72,78,186,181,179,0.5513,0.55285,0.55377
1,9.2556e+05,0.138,11.36,195,800,0.096039,11.218,186.93,811.49,0.21563,0.12383,0.020352,0.1891,0.11754,0.016704,0.17102,0.11124,0.014592,251,253,254,208,211,215,175,173,171,148,142,140,66,70,75,206,209,210,0.55391,0.55609,0.55606
1,9.2566e+05,0.138,11.28,195,800,0.088612,11.144,185.65,859.93,0.2994,0.13119,0.029184,0.27341,0.12418,0.025408,0.25436,0.12034,0.022656,252,253,253,213,212,213,171,168,167,140,140,141,68,71,75,229,225,219,0.5563,0.55936,0.55936
1,9.2576e+05,0.138,11.2,195,800,0.083307,11.068,186.04,1048.9,0.28254,0.12514,0.02656,0.25175,0.1181,0.022848,0.23181,0.1138,0.020224,253,253,254,208,212,215,154,156,160,149,152,161,76,79,86,235,228,216,0.56561,0.56453,0.56458
1,9.2586e+05,0.138,11.12,195,800,0.081185,10.992,185.64,561,0.3298,0.13428,0.03008,0.25344,0.12898,0.024576,0.21815,0.12695,0.021504,253,253,253,204,207,208,156,156,159,208,206,206,124,129,130,183,182,184,0.56708,0.57363,0.57639
1,9.2596e+05,0.138,11.04,195,800,0.087551,10.91,185.88,879.47,0.34678,0.12584,0.031296,0.29654,0.11793,0.026176,0.26968,0.11515,0.022912,252,252,253,207,204,204,160,159,160,243,234,227,183,173,156,158,162,168,0.58253,0.58509,0.57526
1,9.2903e+05,0.231,11,195,800,0.17031,10.93,0.51873,763.78,0,0,0,0,0,0,0,0,0,254,254,253,169,176,187,168,163,161,255,252,246,206,192,172,151,155,164,0.51188,0.51764,0.51944
1,9.2913e+05,0.231,11.08,195,800,0.1788,10.996,185.72,794.47,0.26249,0.12237,0.01856,0.20851,0.1183,0.015168,0.1506,0.11265,0.012928,253,253,252,226,212,203,164,160,159,233,224,215,133,129,128,178,188,192,0.58653,0.58696,0.58656
1,9.2923e+05,0.231,11.16,195,800,0.17031,11.08,187.79,982.77,0.26718,0.12383,0.024064,0.23567,0.11638,0.019712,0.19291,0.11269,0.016576,253,252,252,236,222,212,157,158,161,195,194,193,101,100,104,211,214,209,0.57697,0.5702,0.56907
1,9.2933e+05,0.231,11.24,195,800,0.17667,11.158,185.24,761.99,0.27181,0.13146,0.027264,0.25344,0.12191,0.02368,0.23638,0.11804,0.021312,254,252,252,224,221,218,166,165,166,143,144,151,75,77,80,237,235,224,0.57038,0.56414,0.56338
1,9.2943e+05,0.231,11.32,195,800,0.1353,11.259,186.87,1303.3,0.3447,0.12772,0.032576,0.29429,0.1225,0.026304,0.24893,0.11972,0.022528,253,252,252,226,220,218,169,170,169,131,133,140,77,77,78,222,223,219,0.559,0.55561,0.55891
1,9.2953e+05,0.231,11.4,195,800,0.18728,11.295,185.93,783.47,0.35631,0.1238,0.032512,0.31697,0.1118,0.026112,0.27478,0.1072,0.020864,254,252,253,222,223,222,173,174,175,129,130,136,82,79,77,193,191,190,0.56104,0.55739,0.5572
1,9.2963e+05,0.231,11.48,195,800,0.17561,11.369,185.15,889.73,0.31244,0.12286,0.029376,0.26467,0.11588,0.023104,0.21088,0.10979,0.017408,255,254,253,236,227,219,181,179,176,145,145,147,71,74,77,161,162,162,0.55325,0.55128,0.55136
1,9.2973e+05,0.231,11.56,195,800,0.18198,11.452,185.55,969.72,0.30147,0.13122,0.02944,0.27279,0.11918,0.024832,0.23571,0.1158,0.0208,254,253,252,222,217,211,184,179,176,158,156,155,73,76,78,151,151,152,0.56035,0.55332,0.55046
1,9.2983e+05,0.231,11.64,195,800,0.19153,11.522,186.29,643.87,0.28927,0.12342,0.027072,0.27084,0.11295,0.023168,0.2455,0.10847,0.019904,246,247,249,186,187,191,171,173,174,171,170,168,93,85,78,146,142,140,0.55401,0.5482,0.54739
1,9.2993e+05,0.231,11.72,195,800,0.17667,11.608,185,750.69,0.2752,0.12255,0.02432,0.23959,0.11819,0.020864,0.22031,0.1132,0.01856,242,244,247,181,182,186,171,173,173,170,171,172,84,80,77,145,140,137,0.54435,0.54787,0.54855
1,9.3003e+05,0.231,11.8,195,800,0.19683,11.66,187.39,852.51,0.27393,0.12108,0.023296,0.23574,0.11418,0.019456,0.21593,0.1089,0.017216,241,242,242,191,194,194,177,174,173,171,174,178,64,66,69,134,131,128,0.5457,0.5466,0.54677
1,9.3013e+05,0.231,11.88,195,800,0.18728,11.751,186.78,567.72,0.30572,0.12903,0.029376,0.27933,0.11967,0.025216,0.259,0.11437,0.022272,234,235,237,222,215,210,169,171,171,184,184,184,64,66,68,118,117,117,0.54776,0.54656,0.54514
1,9.3023e+05,0.231,11.96,195,800,0.16819,11.866,186.45,892.05,0.32493,0.11765,0.025792,0.24819,0.11418,0.019904,0.20485,0.10758,0.016128,228,232,236,227,221,216,172,171,171,185,185,186,70,71,71,111,112,113,0.55594,0.54887,0.54454
1,9.3033e+05,0.231,12.04,195,800,0.17455,11.923,186.83,863.17,0.25408,0.13007,0.02528,0.23521,0.12287,0.02272,0.22363,0.11861,0.020416,237,237,238,221,220,217,170,170,169,186,187,189,86,83,79,105,106,108,0.54199,0.54503,0.54402
1,9.3043e+05,0.231,12.12,195,800,0.18622,11.977,187.36,719.26,0.34542,0.12345,0.028608,0.31285,0.11574,0.022528,0.26286,0.11081,0.017984,243,242,242,215,215,214,166,169,170,188,189,189,93,87,79,103,105,108,0.53911,0.54345,0.54492
1,9.3053e+05,0.231,12.2,195,800,0.16819,12.063,186.74,635.24,0.30564,0.12783,0.028736,0.27164,0.12347,0.024448,0.24866,0.11778,0.02112,252,250,248,208,209,208,178,174,172,186,186,188,71,73,73,103,105,106,0.53535,0.54041,0.54047
1,9.3063e+05,0.231,12.28,195,800,0.17031,12.154,187.83,720.21,0.26269,0.12236,0.023744,0.24432,0.11222,0.019968,0.21729,0.10379,0.01664,245,247,248,210,206,201,177,176,173,186,187,189,62,62,66,101,103,105,0.54276,0.53903,0.53827
1,9.3073e+05,0.231,12.36,195,800,0.19153,12.24,185.87,951.59,0.26613,0.11617,0.022784,0.24359,0.11265,0.01984,0.22382,0.1095,0.017792,240,244,248,197,199,201,171,173,172,188,189,190,64,65,67,104,104,104,0.53037,0.54004,0.53874
1,9.3083e+05,0.231,12.44,195,800,0.20108,12.302,186.81,924.84,0.3689,0.12679,0.034496,0.3411,0.11775,0.029696,0.3138,0.11597,0.026688,249,249,249,202,202,199,170,169,171,196,197,199,69,72,73,104,103,101,0.5393,0.54259,0.54161
1,9.3093e+05,0.231,12.52,195,800,0.16925,12.41,185.88,919.88,0.26263,0.11819,0.022784,0.24227,0.11229,0.019648,0.22436,0.10552,0.017088,251,251,251,207,202,197,170,170,170,210,206,204,69,73,76,98,99,99,0.54483,0.54261,0.54156
1,9.3103e+05,0.231,12.6,195,800,0.17561,12.493,186.31,1207.6,0.28405,0.12702,0.027392,0.25596,0.11918,0.023488,0.23793,0.11525,0.020736,251,252,253,180,188,191,167,169,169,228,222,215,80,82,83,93,94,95,0.54582,0.54052,0.5397
1,9.3113e+05,0.231,12.68,195,800,0.17774,12.564,186.79,912.36,0.29894,0.13337,0.02912,0.25983,0.12874,0.024768,0.23733,0.12236,0.022144,255,255,254,187,188,190,167,166,167,228,227,223,91,90,90,90,94,98,0.54111,0.5415,0.54061
1,9.3123e+05,0.231,12.76,195,800,0.1597,12.66,186.73,1090.1,0.3296,0.13236,0.032,0.27798,0.12609,0.025088,0.23876,0.12019,0.021184,255,255,254,189,195,196,164,166,167,229,229,225,90,93,96,96,99,102,0.54391,0.5416,0.54084
1,9.3133e+05,0.231,12.84,195,800,0.17774,12.706,187.44,823.72,0.33758,0.13785,0.033216,0.31998,0.11375,0.02624,0.27229,0.10948,0.021888,255,255,254,223,211,200,168,167,166,237,232,224,104,105,102,112,113,116,0.55342,0.54647,0.5426
1,9.3143e+05,0.231,12.92,195,800,0.18728,12.773,186.39,882.61,0.26339,0.13931,0.027712,0.22956,0.13074,0.023424,0.21504,0.12953,0.021696,255,254,253,209,204,200,166,166,164,231,225,218,105,105,101,120,125,132,0.53438,0.5396,0.54249
1,9.3153e+05,0.231,13,195,800,0.17455,12.864,186.72,828.82,0.36646,0.13258,0.03584,0.30461,0.12581,0.02912,0.27069,0.12306,0.025408,251,251,251,180,187,194,156,158,160,193,195,198,85,89,96,188,185,179,0.55157,0.54719,0.54475
1,9.3163e+05,0.231,13.08,195,800,0.18092,12.941,186.36,770.83,0.34729,0.12206,0.030272,0.2931,0.11607,0.024768,0.25836,0.10935,0.0208,249,248,249,188,192,195,160,161,162,176,182,190,102,110,115,241,230,212,0.54931,0.54802,0.54734
1,9.347e+05,0.324,13.12,195,800,0.2711,12.931,1.0153,692.24,0,0,0,0,0,0,0,0,0,250,249,249,191,197,199,157,158,159,177,185,197,111,117,120,229,224,213,0.5493,0.54754,0.55027
1,9.348e+05,0.324,13.04,195,800,0.28171,12.841,185.16,758.14,0.3138,0.11504,0.0224,0.28798,0.11021,0.019456,0.2766,0.10334,0.017216,250,250,250,190,192,197,156,155,157,185,189,198,90,97,107,228,214,202,0.542,0.54738,0.54633
1,9.349e+05,0.324,12.96,195,800,0.27429,12.769,186.32,798.71,0.23045,0.13842,0.025152,0.22307,0.13007,0.022912,0.21364,0.12598,0.021184,252,252,252,191,195,200,158,159,159,223,222,219,97,97,99,150,154,159,0.55136,0.54228,0.54395
1,9.35e+05,0.324,12.88,195,800,0.26155,12.707,186.96,649.82,0.32464,0.12532,0.03104,0.30344,0.11735,0.026816,0.27913,0.11218,0.02304,255,254,253,207,207,203,166,164,162,237,234,229,104,104,102,128,131,137,0.5466,0.54522,0.54356
1,9.351e+05,0.324,12.8,195,800,0.29763,12.609,184.89,968.36,0.34356,0.13336,0.03456,0.3099,0.12653,0.02944,0.27372,0.11906,0.024832,255,254,253,214,206,199,165,166,167,236,238,237,100,102,103,109,110,110,0.53967,0.54606,0.54338
1,9.352e+05,0.324,12.72,195,800,0.25731,12.557,187.31,736.57,0.39389,0.14409,0.04352,0.34264,0.13606,0.03584,0.30697,0.12749,0.030016,254,253,253,170,179,187,170,169,168,235,236,235,98,97,96,94,96,98,0.53386,0.53756,0.5401
1,9.353e+05,0.324,12.64,195,800,0.2711,12.481,185.99,849.17,0.38496,0.12992,0.037888,0.33218,0.12155,0.030848,0.29322,0.11323,0.025024,254,253,252,173,177,184,171,170,170,237,235,232,97,95,92,92,93,95,0.53969,0.54133,0.54097
1,9.354e+05,0.324,12.56,195,800,0.2711,12.387,186.53,637.86,0.35194,0.1318,0.035392,0.29547,0.12383,0.027648,0.27237,0.11741,0.02432,249,251,252,187,190,191,174,173,172,228,225,222,81,84,86,93,94,95,0.53375,0.53871,0.54046
1,9.355e+05,0.324,12.48,195,800,0.27535,12.313,186.42,545.74,0.38935,0.11858,0.033216,0.33481,0.11126,0.02656,0.29342,0.10118,0.021504,251,251,250,206,197,191,175,174,172,215,216,217,77,81,83,98,97,97,0.54153,0.5395,0.54059
1,9.356e+05,0.324,12.4,195,800,0.28277,12.23,186.03,1004,0.29874,0.12704,0.0288,0.26717,0.1204,0.024704,0.24428,0.11586,0.02176,243,245,248,181,189,194,172,172,172,200,205,207,78,77,77,103,102,101,0.5259,0.53864,0.53854
1,9.357e+05,0.324,12.32,195,800,0.27853,12.167,185.79,687.99,0.35714,0.12334,0.03136,0.27885,0.11666,0.023488,0.24249,0.1138,0.019584,242,246,248,204,200,197,174,174,173,199,200,201,68,69,72,104,106,106,0.55313,0.54337,0.54008
1,9.358e+05,0.324,12.24,195,800,0.2658,12.087,186.41,892.41,0.39563,0.1304,0.03776,0.3394,0.12331,0.030208,0.28634,0.11636,0.024256,249,248,248,214,206,201,172,174,173,194,196,200,67,69,73,113,110,107,0.54422,0.54378,0.54128
1,9.359e+05,0.324,12.16,195,800,0.28384,11.986,185.7,800.95,0.28774,0.12318,0.024832,0.24003,0.11757,0.02016,0.20619,0.11546,0.01696,248,247,246,211,212,212,167,169,170,197,197,198,85,82,79,110,110,108,0.53566,0.54386,0.54314
1,9.36e+05,0.324,12.08,195,800,0.26261,11.936,187.07,950.51,0.35094,0.12169,0.03136,0.31756,0.11347,0.025472,0.2805,0.10648,0.021376,242,243,243,221,218,214,169,168,169,197,198,198,87,86,81,105,107,109,0.54329,0.54489,0.54485
1,9.361e+05,0.324,12,195,800,0.27429,11.837,188.08,735.38,0.28305,0.12259,0.025984,0.26655,0.11381,0.022656,0.25162,0.10952,0.020224,236,236,239,219,220,217,166,169,171,188,191,194,81,78,77,110,110,111,0.55282,0.54346,0.54339
1,9.362e+05,0.324,11.92,195,800,0.25519,11.774,188.55,958.09,0.25505,0.12547,0.02432,0.22736,0.12007,0.020864,0.20875,0.11448,0.01824,235,238,239,212,211,208,175,174,173,183,183,184,62,65,68,114,117,120,0.54381,0.54378,0.54427
1,9.363e+05,0.324,11.84,195,800,0.25413,11.704,186.83,516.78,0.27362,0.12619,0.026368,0.24675,0.11958,0.022912,0.22192,0.11365,0.019648,238,240,241,200,201,201,173,174,174,176,179,180,60,62,65,121,124,125,0.53785,0.54682,0.54648
1,9.364e+05,0.324,11.76,195,800,0.27535,11.597,186.82,932.6,0.30948,0.12328,0.028224,0.2613,0.11556,0.02272,0.23214,0.10869,0.018816,244,243,245,173,178,186,175,172,173,171,172,174,70,69,70,143,140,137,0.53768,0.54316,0.54549
1,9.365e+05,0.324,11.68,195,800,0.26686,11.541,186.11,723.57,0.30579,0.13198,0.030528,0.26632,0.12505,0.025408,0.24382,0.11981,0.022208,240,244,247,167,175,186,171,172,173,168,170,171,83,77,72,144,144,141,0.54943,0.54792,0.54703
1,9.366e+05,0.324,11.6,195,800,0.27535,11.437,186.93,823.59,0.26446,0.14279,0.028416,0.22877,0.1335,0.023552,0.20854,0.12564,0.020416,252,251,250,200,203,203,175,175,175,163,162,160,78,77,75,144,146,148,0.552,0.54936,0.54799
1,9.367e+05,0.324,11.52,195,800,0.2902,11.359,186.01,1055.1,0.33717,0.12442,0.030464,0.29287,0.11748,0.025152,0.25535,0.11434,0.02176,254,254,253,237,232,222,176,177,176,143,143,145,68,72,76,153,158,162,0.55436,0.55206,0.551
1,9.368e+05,0.324,11.44,195,800,0.2902,11.273,186.24,983.45,0.30304,0.13004,0.029568,0.26988,0.12054,0.024448,0.2387,0.11699,0.021056,253,253,253,231,229,224,169,174,175,131,135,139,82,79,78,163,169,174,0.56711,0.55277,0.55325
1,9.369e+05,0.324,11.36,195,800,0.28596,11.202,187.79,694.33,0.31318,0.12486,0.029632,0.2766,0.11885,0.025152,0.25427,0.1108,0.021568,249,251,253,218,219,222,172,172,172,126,129,135,90,88,82,199,202,205,0.55368,0.55521,0.55694
1,9.37e+05,0.324,11.28,195,800,0.27429,11.12,186.44,832.88,0.30649,0.12707,0.029568,0.26194,0.11942,0.023872,0.23213,0.11486,0.02016,250,252,252,219,221,220,176,172,170,129,134,141,84,84,82,217,219,218,0.55396,0.55908,0.56083
1,9.371e+05,0.324,11.2,195,800,0.25731,11.06,186.23,956.73,0.30338,0.13513,0.031488,0.26904,0.12806,0.026304,0.24664,0.12312,0.023296,252,251,251,224,224,218,162,165,166,164,169,172,82,82,86,235,228,220,0.56136,0.56696,0.56547
1,9.372e+05,0.324,11.12,195,800,0.26368,10.992,185.74,878.54,0.28222,0.13335,0.028736,0.25406,0.12765,0.024576,0.22916,0.12252,0.021824,253,252,251,215,207,199,162,162,162,243,229,215,107,110,117,192,192,193,0.57498,0.57599,0.57587
1,9.373e+05,0.324,11.04,195,800,0.27004,10.911,187.11,925.29,0.33991,0.13029,0.033152,0.29729,0.12259,0.027584,0.26752,0.12045,0.024448,255,254,252,186,188,189,161,162,161,255,246,233,128,136,136,176,174,177,0.59668,0.5877,0.57462
1,9.4037e+05,0.417,11,195,800,0.3581,10.913,0.69418,916.04,0,0,0,0,0,0,0,0,0,254,253,252,172,172,175,163,160,161,241,241,239,126,117,118,164,166,166,0.50771,0.51824,0.5238
1,9.4047e+05,0.417,11.08,195,800,0.36447,10.982,187.91,765.8,0.1623,0.12275,0.01568,0.15227,0.11822,0.014144,0.14381,0.11053,0.012608,248,248,249,177,183,189,163,162,163,213,213,211,78,82,93,185,188,190,0.58327,0.58255,0.58443
1,9.4057e+05,0.417,11.16,195,800,0.36023,11.072,186.89,930.78,0.20321,0.12504,0.019776,0.19333,0.11713,0.0176,0.18431,0.11078,0.015936,239,245,249,187,196,201,173,168,165,188,190,192,67,72,81,201,207,206,0.57067,0.57016,0.57012
1,9.4067e+05,0.417,11.24,195,800,0.36129,11.149,188.78,762.23,0.2932,0.13126,0.028672,0.26721,0.12396,0.024064,0.22815,0.12199,0.020992,252,250,249,237,226,218,178,175,170,155,153,156,79,80,79,238,232,222,0.55792,0.56179,0.56166
1,9.4077e+05,0.417,11.32,195,800,0.36023,11.211,186.64,836.08,0.42437,0.11851,0.032704,0.29475,0.11468,0.023744,0.2442,0.11153,0.0192,255,253,251,230,224,222,173,173,171,145,144,145,98,90,82,227,223,218,0.55528,0.55657,0.55632
1,9.4087e+05,0.417,11.4,195,800,0.37296,11.293,187.66,723.31,0.32527,0.12746,0.031104,0.30143,0.11922,0.026624,0.27925,0.11479,0.023808,254,253,253,209,217,225,170,170,171,137,136,138,91,89,82,183,185,190,0.56184,0.55941,0.55754
1,9.4097e+05,0.417,11.48,195,800,0.35492,11.379,187.31,723.29,0.27416,0.12997,0.026112,0.23949,0.12502,0.021952,0.21833,0.12025,0.0192,254,253,253,238,231,222,178,174,172,141,143,145,67,69,72,163,160,163,0.55004,0.55245,0.55096
1,9.4107e+05,0.417,11.56,195,800,0.35704,11.457,186.74,839.98,0.30861,0.14029,0.033152,0.27959,0.12995,0.028032,0.25525,0.12444,0.024704,254,253,252,234,224,215,176,175,173,148,150,151,63,65,70,155,153,155,0.54898,0.55042,0.54854
1,9.4117e+05,0.417,11.64,195,800,0.38887,11.521,185.91,735.91,0.28133,0.12791,0.02656,0.2458,0.11775,0.02176,0.2222,0.11562,0.019328,248,251,251,177,185,197,175,175,174,165,164,164,67,68,67,146,148,148,0.53666,0.5475,0.54835
1,9.4127e+05,0.417,11.72,195,800,0.36447,11.602,186.16,716.08,0.32525,0.13623,0.032832,0.28312,0.12994,0.02656,0.24419,0.12231,0.0224,251,250,250,163,178,192,175,174,174,173,170,170,63,65,66,154,148,144,0.55158,0.54433,0.54593
1,9.4137e+05,0.417,11.8,195,800,0.36765,11.691,185.74,640.72,0.27617,0.13483,0.0288,0.26716,0.12509,0.025408,0.25457,0.11915,0.022912,251,249,247,195,195,196,175,175,175,181,179,179,59,59,63,136,136,135,0.56486,0.55079,0.54731
1,9.4147e+05,0.417,11.88,195,800,0.3528,11.775,186.73,1201.5,0.34141,0.12041,0.028672,0.28551,0.11594,0.022784,0.22853,0.11061,0.018816,247,245,244,203,204,206,182,178,173,185,187,191,65,66,69,121,121,122,0.53512,0.53907,0.54297
1,9.4157e+05,0.417,11.96,195,800,0.37402,11.823,186.12,545.91,0.30002,0.13793,0.029952,0.27115,0.13097,0.025152,0.23575,0.12475,0.02176,243,243,243,206,207,209,173,173,172,194,197,199,74,74,74,117,117,117,0.53926,0.54241,0.54291
1,9.4167e+05,0.417,12.04,195,800,0.3528,11.936,187.71,888.44,0.29885,0.14112,0.029824,0.25554,0.1324,0.023808,0.21805,0.12816,0.020032,246,245,244,216,214,213,167,167,167,225,220,215,85,85,84,111,111,111,0.546,0.54467,0.54506
1,9.4177e+05,0.417,12.12,195,800,0.36129,12.011,188.66,892.37,0.29456,0.13061,0.028672,0.26918,0.1221,0.024512,0.24887,0.11517,0.021568,248,247,246,219,216,211,164,165,167,232,225,219,82,84,86,107,109,110,0.54799,0.54354,0.54392
1,9.4187e+05,0.417,12.2,195,800,0.36447,12.072,186.34,775.34,0.27738,0.13185,0.02528,0.2268,0.1212,0.020224,0.19579,0.11785,0.017664,247,249,249,198,201,204,168,169,171,214,220,223,75,79,83,115,113,109,0.53691,0.53665,0.53904
1,9.4197e+05,0.417,12.28,195,800,0.35598,12.156,188.69,515,0.3273,0.12978,0.031232,0.29417,0.12076,0.026496,0.26088,0.11594,0.023104,253,251,249,185,185,189,176,175,174,234,230,226,84,84,85,107,107,106,0.53864,0.53819,0.53846
1,9.4207e+05,0.417,12.36,195,800,0.36235,12.237,187.35,712.18,0.28079,0.12796,0.0272,0.24844,0.12124,0.022784,0.22274,0.11135,0.019136,252,251,250,175,179,187,170,174,175,241,234,228,90,89,87,99,101,104,0.54005,0.54066,0.54134
1,9.4217e+05,0.417,12.44,195,800,0.37932,12.313,187.18,775.03,0.31521,0.13066,0.027712,0.26955,0.12937,0.022784,0.20041,0.12938,0.019328,250,251,250,179,184,185,172,173,174,227,231,233,98,96,92,94,97,100,0.53564,0.53793,0.53959
1,9.4227e+05,0.417,12.52,195,800,0.36023,12.391,186.03,526.19,0.27523,0.15146,0.028608,0.25501,0.11701,0.022336,0.22708,0.11065,0.019264,252,252,250,184,186,184,177,175,174,232,235,236,99,96,94,93,97,99,0.5528,0.54296,0.54103
1,9.4237e+05,0.417,12.6,195,800,0.36129,12.478,185.36,868.38,0.27984,0.14015,0.030656,0.25981,0.13109,0.026816,0.24203,0.12774,0.024064,252,249,249,188,181,178,175,175,174,250,247,244,99,100,99,92,95,98,0.53365,0.53853,0.54054
1,9.4247e+05,0.417,12.68,195,800,0.36659,12.56,186.35,970.67,0.23108,0.13509,0.023424,0.20975,0.12409,0.02016,0.20034,0.11937,0.018368,242,247,249,164,172,180,173,173,171,252,250,248,104,106,106,96,100,103,0.54638,0.54193,0.54044
1,9.4257e+05,0.417,12.76,195,800,0.35174,12.634,186.71,781.53,0.27749,0.12269,0.024896,0.24841,0.1157,0.021056,0.22311,0.11176,0.018048,249,250,250,172,181,187,171,170,170,252,250,248,111,110,109,106,107,109,0.53194,0.53888,0.54033
1,9.4267e+05,0.417,12.84,195,800,0.35704,12.71,187.33,655.66,0.29419,0.1223,0.025664,0.25262,0.11966,0.021952,0.2284,0.11378,0.019264,253,252,252,215,209,202,163,163,163,253,251,247,120,114,108,127,127,129,0.55056,0.54392,0.54075
1,9.4277e+05,0.417,12.92,195,800,0.36765,12.789,187.87,905.57,0.26302,0.13266,0.027008,0.24607,0.12783,0.024448,0.23463,0.12223,0.021952,250,251,252,213,209,206,158,158,159,254,249,243,110,107,104,138,140,147,0.53708,0.54306,0.54274
1,9.4287e+05,0.417,13,195,800,0.36341,12.868,187,853.58,0.33079,0.1265,0.031168,0.30222,0.11843,0.026816,0.27858,0.11074,0.022912,250,250,251,198,206,210,146,150,154,231,225,222,91,97,106,182,187,190,0.55328,0.54694,0.54506
1,9.4297e+05,0.417,13.08,195,800,0.38038,12.92,186.97,597.56,0.31595,0.12151,0.028928,0.27414,0.11645,0.02432,0.25269,0.11089,0.02112,250,250,250,233,222,213,151,154,157,189,199,209,134,130,127,233,228,221,0.54417,0.54782,0.54809
1,9.4604e+05,0.51,13.12,195,800,0.4589,12.931,0.078442,682.49,0,0,0,0,0,0,0,0,0,251,251,251,238,229,221,159,158,158,208,214,221,143,137,132,254,248,237,0.54438,0.54793,0.54773
1,9.4614e+05,0.51,13.04,195,800,0.47163,12.838,187.08,1048.6,0.24308,0.11901,0.019648,0.20768,0.11594,0.01728,0.17547,0.11453,0.015168,253,252,252,232,226,220,155,154,156,217,221,226,112,117,121,243,236,226,0.54081,0.53982,0.54323
1,9.4624e+05,0.51,12.96,195,800,0.4642,12.758,187.65,808.32,0.30345,0.11725,0.025088,0.20932,0.11591,0.01824,0.18426,0.11041,0.015808,253,252,252,215,214,214,153,155,158,250,248,243,98,100,105,178,181,184,0.53804,0.53867,0.54194
1,9.4634e+05,0.51,12.88,195,800,0.46208,12.711,186.58,935.05,0.29349,0.14966,0.03456,0.28494,0.13853,0.03072,0.27163,0.13421,0.028416,251,251,252,213,210,209,160,161,162,255,254,250,103,104,106,150,155,161,0.53795,0.53932,0.54152
1,9.4644e+05,0.51,12.8,195,800,0.46951,12.624,185.37,1089.3,0.40163,0.15123,0.044416,0.37872,0.14035,0.037888,0.34653,0.13669,0.03136,249,250,251,194,193,194,170,169,169,255,255,255,119,117,115,123,123,125,0.53077,0.53322,0.53751
1,9.4654e+05,0.51,12.72,195,800,0.47269,12.538,185.82,1304.7,0.41976,0.14421,0.04384,0.35395,0.1275,0.034368,0.3081,0.11966,0.028096,248,247,248,171,173,178,172,171,171,255,255,254,118,118,116,105,107,109,0.54748,0.5402,0.53935
1,9.4664e+05,0.51,12.64,195,800,0.47057,12.472,184.52,741.03,0.34392,0.14728,0.03872,0.29106,0.13813,0.031552,0.26884,0.13166,0.027456,240,244,248,164,169,174,173,171,171,255,255,254,113,113,113,107,105,105,0.548,0.54188,0.54108
1,9.4674e+05,0.51,12.56,195,800,0.47481,12.392,186.54,1068.5,0.35419,0.13072,0.035264,0.31919,0.12082,0.029376,0.29481,0.1123,0.025024,249,247,248,171,175,178,171,171,173,255,254,250,103,103,104,111,108,104,0.54364,0.53814,0.53817
1,9.4684e+05,0.51,12.48,195,800,0.44298,12.313,185.66,1108.5,0.3597,0.13386,0.035776,0.31392,0.12564,0.029952,0.28616,0.12102,0.02592,253,250,249,186,183,182,172,173,175,253,251,248,95,98,101,114,108,103,0.54606,0.5373,0.53829
1,9.4694e+05,0.51,12.4,195,800,0.44829,12.243,186,734.02,0.34318,0.13322,0.034496,0.30191,0.12651,0.028608,0.26211,0.12187,0.024512,252,251,251,193,189,186,180,179,179,243,245,246,102,97,95,104,104,103,0.56,0.54522,0.54137
1,9.4704e+05,0.51,12.32,195,800,0.45359,12.165,185.61,720.05,0.39852,0.12497,0.035712,0.34159,0.11746,0.028608,0.29541,0.11303,0.023296,253,253,252,183,187,192,184,181,179,251,248,244,91,92,93,104,103,102,0.53761,0.54081,0.53958
1,9.4714e+05,0.51,12.24,195,800,0.46102,12.091,187.87,754.53,0.23749,0.12735,0.023616,0.22098,0.11721,0.02016,0.20211,0.11376,0.017984,254,252,251,189,193,197,178,178,176,249,247,244,92,93,93,104,103,103,0.54807,0.5408,0.53921
1,9.4724e+05,0.51,12.16,195,800,0.46739,11.998,187.03,1308.7,0.27324,0.13147,0.026624,0.22727,0.12317,0.021376,0.20487,0.11696,0.018432,248,248,248,217,212,209,167,168,169,245,245,242,105,100,94,102,103,105,0.54265,0.5406,0.5392
1,9.4734e+05,0.51,12.08,195,800,0.46526,11.913,186.76,666.88,0.32217,0.12,0.027264,0.27151,0.11475,0.02176,0.22484,0.11075,0.017344,247,247,247,219,214,209,163,164,167,247,244,238,101,99,93,107,106,107,0.54293,0.54209,0.54331
1,9.4744e+05,0.51,12,195,800,0.4589,11.852,187.76,854.04,0.25862,0.11913,0.02336,0.23817,0.11353,0.02016,0.21622,0.10923,0.017664,247,245,245,197,203,208,166,166,168,228,226,222,90,86,83,111,113,114,0.55146,0.54347,0.54414
1,9.4754e+05,0.51,11.92,195,800,0.45784,11.772,188.09,972.3,0.269,0.11658,0.02368,0.2404,0.11003,0.019968,0.22185,0.10418,0.017408,243,246,248,215,210,209,169,171,172,198,198,200,66,68,70,125,123,123,0.54297,0.54512,0.54437
1,9.4764e+05,0.51,11.84,195,800,0.45784,11.688,186.22,579.17,0.26515,0.1154,0.022784,0.22375,0.10849,0.018048,0.1881,0.10285,0.014784,249,250,249,218,216,212,175,173,172,189,189,190,61,62,65,132,129,129,0.54572,0.54457,0.54394
1,9.4774e+05,0.51,11.76,195,800,0.46208,11.608,186.71,1015.3,0.21922,0.11851,0.020224,0.19777,0.11369,0.0176,0.19283,0.10747,0.015808,255,254,253,226,217,209,169,173,173,177,177,178,58,59,62,142,143,143,0.56026,0.54807,0.54641
1,9.4784e+05,0.51,11.68,195,800,0.4642,11.524,186.24,782.5,0.29408,0.12408,0.026496,0.24921,0.12014,0.022528,0.22227,0.11467,0.019392,255,254,253,208,209,208,177,173,173,171,172,173,63,62,62,152,150,149,0.54782,0.54563,0.54608
1,9.4794e+05,0.51,11.6,195,800,0.48224,11.437,186.07,1066.4,0.3488,0.12194,0.031168,0.29034,0.11967,0.025856,0.26487,0.11438,0.022144,254,254,253,206,206,208,176,174,172,162,161,160,65,65,65,152,157,162,0.54778,0.54981,0.5487
1,9.4804e+05,0.51,11.52,195,800,0.45784,11.379,186.13,583.69,0.37423,0.13423,0.0368,0.33417,0.13109,0.032192,0.311,0.12418,0.028224,251,252,253,223,221,217,164,168,170,148,148,149,63,65,68,171,174,178,0.55061,0.54795,0.55005
1,9.4814e+05,0.51,11.44,195,800,0.46102,11.292,186.23,934.6,0.32221,0.12655,0.02944,0.27559,0.12144,0.024512,0.24864,0.11335,0.02048,251,252,253,229,225,222,163,167,169,146,144,144,68,69,70,182,187,191,0.55453,0.55253,0.55354
1,9.4824e+05,0.51,11.36,195,800,0.45572,11.207,186.12,1078.9,0.30321,0.13011,0.0288,0.25939,0.12532,0.024512,0.24418,0.11733,0.021696,254,253,252,227,230,228,168,167,167,142,143,142,74,74,72,222,221,219,0.5449,0.55059,0.55449
1,9.4834e+05,0.51,11.28,195,800,0.4589,11.135,186.56,952.96,0.33083,0.13791,0.033216,0.29097,0.12894,0.027328,0.25257,0.12493,0.023872,252,252,250,237,233,225,166,167,167,146,146,146,70,71,71,242,236,227,0.56428,0.56027,0.56008
1,9.4844e+05,0.51,11.2,195,800,0.47587,11.044,185.57,935.24,0.33396,0.13538,0.033344,0.2885,0.12195,0.027008,0.25562,0.11935,0.023424,242,243,244,205,206,206,166,164,162,164,164,165,62,64,69,232,225,216,0.56366,0.56698,0.56805
1,9.4854e+05,0.51,11.12,195,800,0.45147,10.989,186.8,564.56,0.33698,0.12361,0.029248,0.25792,0.11775,0.022592,0.22103,0.11558,0.019072,246,245,245,171,177,185,153,157,161,199,200,200,74,79,87,172,176,182,0.58289,0.58025,0.57774
1,9.4864e+05,0.51,11.04,195,800,0.45784,10.908,185.53,874.24,0.31526,0.11941,0.028032,0.26121,0.11156,0.021376,0.22547,0.10643,0.018112,252,249,247,177,177,180,158,161,162,226,222,217,98,102,101,155,158,166,0.59398,0.59284,0.57655
1,9.5171e+05,0.603,11,195,800,0.54166,10.944,1.055,1099.6,0,0,0,0,0,0,0,0,0,252,251,249,196,197,190,165,165,163,243,234,228,141,135,133,145,149,156,0.51118,0.51429,0.51858
1,9.5181e+05,0.603,11.08,195,800,0.53317,11.003,186.81,555.83,0.23901,0.11968,0.019648,0.21362,0.11106,0.016704,0.17245,0.11144,0.014912,234,241,245,184,186,188,150,153,155,185,189,194,76,83,95,167,174,182,0.58436,0.58593,0.58493
1,9.5191e+05,0.603,11.16,195,800,0.53211,11.087,185.97,740.14,0.21519,0.11933,0.01984,0.20196,0.11482,0.017856,0.18867,0.10949,0.015616,233,238,244,176,184,194,145,148,152,163,167,173,63,67,76,194,198,201,0.56939,0.569,0.56995
1,9.5201e+05,0.603,11.24,195,800,0.53953,11.136,187.07,778.34,0.26948,0.13739,0.02848,0.2537,0.13118,0.025216,0.228,0.12691,0.022464,244,245,246,223,218,211,147,152,156,136,140,145,57,59,63,238,237,231,0.57231,0.56565,0.56452
1,9.5211e+05,0.603,11.32,195,800,0.55969,11.208,186.66,750.54,0.34209,0.12415,0.028864,0.28138,0.11562,0.022016,0.21674,0.10979,0.018048,251,249,249,239,231,220,161,161,161,130,134,138,57,59,62,247,243,235,0.56408,0.56192,0.56013
1,9.5221e+05,0.603,11.4,195,800,0.55014,11.304,185.72,889.64,0.41356,0.11657,0.030336,0.28788,0.1131,0.022144,0.20981,0.10881,0.017216,252,251,251,226,224,222,171,170,169,135,135,137,55,59,65,228,225,219,0.54266,0.55026,0.55389
1,9.5231e+05,0.603,11.48,195,800,0.55757,11.347,187.14,746.42,0.35074,0.12943,0.03456,0.32132,0.12231,0.02976,0.30652,0.11273,0.025856,250,251,252,203,207,212,170,170,172,146,148,148,70,70,69,199,194,190,0.55318,0.55603,0.55313
1,9.5241e+05,0.603,11.56,195,800,0.56818,11.43,188.06,932.61,0.31666,0.12314,0.028608,0.26574,0.11908,0.022912,0.23048,0.11267,0.019264,253,253,253,196,203,209,173,171,172,158,157,155,75,73,70,184,182,178,0.5466,0.54647,0.54831
1,9.5251e+05,0.603,11.64,195,800,0.55227,11.524,185.77,707.77,0.27383,0.14334,0.030336,0.2492,0.13408,0.026048,0.23113,0.12921,0.023168,253,253,253,209,211,213,164,170,173,172,171,168,62,64,66,167,164,160,0.54424,0.5449,0.54691
1,9.5261e+05,0.603,11.72,195,800,0.55014,11.602,186.38,1177.8,0.34889,0.12783,0.033088,0.30826,0.12007,0.027072,0.27952,0.11222,0.022912,251,253,253,226,222,219,166,170,172,172,174,174,55,59,65,159,154,151,0.54314,0.54305,0.54382
1,9.5271e+05,0.603,11.8,195,800,0.5406,11.681,186.21,856.54,0.26407,0.12675,0.025728,0.2483,0.11869,0.022592,0.23377,0.11288,0.020032,254,253,252,235,230,223,170,169,170,188,187,187,67,66,65,131,133,135,0.55214,0.54692,0.54377
1,9.5281e+05,0.603,11.88,195,800,0.54484,11.767,185.89,852.31,0.33371,0.12453,0.030464,0.30649,0.117,0.026112,0.26803,0.11014,0.021824,250,249,248,205,210,214,170,170,170,200,203,205,70,71,73,119,120,121,0.54442,0.54288,0.54398
1,9.5291e+05,0.603,11.96,195,800,0.54166,11.837,185.94,721.22,0.3176,0.12777,0.028736,0.24874,0.12412,0.02304,0.21024,0.12173,0.01952,245,245,246,199,202,208,173,171,170,212,215,217,71,74,77,117,117,117,0.54226,0.54293,0.54323
1,9.5301e+05,0.603,12.04,195,800,0.53953,11.923,185.4,835.11,0.33102,0.13348,0.03264,0.28515,0.12672,0.027136,0.25874,0.12326,0.023872,239,241,244,209,208,207,166,169,170,246,242,238,88,90,89,110,109,109,0.54822,0.5442,0.5416
1,9.5311e+05,0.603,12.12,195,800,0.53317,12.011,187.29,915.27,0.32174,0.1202,0.027648,0.25711,0.1166,0.022336,0.2281,0.11007,0.01888,241,243,245,223,215,208,169,169,170,253,250,245,103,99,94,104,104,106,0.53783,0.53906,0.54092
1,9.5321e+05,0.603,12.2,195,800,0.54908,12.087,187.29,958.78,0.2621,0.13331,0.025984,0.22565,0.12638,0.02176,0.20554,0.12252,0.01952,251,251,250,211,210,207,175,175,175,255,254,252,101,98,95,96,99,103,0.54221,0.53753,0.53901
1,9.5331e+05,0.603,12.28,195,800,0.5459,12.159,187.55,740.06,0.28756,0.1572,0.029952,0.24964,0.13492,0.022912,0.21829,0.11436,0.018112,253,253,252,204,199,196,185,184,181,252,253,252,88,92,97,100,101,102,0.54573,0.54086,0.5388
1,9.5341e+05,0.603,12.36,195,800,0.55014,12.228,186.92,557.55,0.33202,0.12857,0.03168,0.29868,0.12153,0.027136,0.27711,0.11758,0.024128,252,251,251,195,194,191,190,187,183,253,252,252,95,96,99,101,101,103,0.53851,0.53788,0.53901
1,9.5351e+05,0.603,12.44,195,800,0.55757,12.29,186.6,838.65,0.3038,0.12589,0.027328,0.23936,0.12309,0.021568,0.20825,0.11955,0.018496,246,247,249,185,184,181,185,183,180,252,252,252,97,102,106,103,104,105,0.53976,0.54074,0.54048
1,9.5361e+05,0.603,12.52,195,800,0.56075,12.38,185,725.82,0.28906,0.11887,0.025216,0.24608,0.11584,0.020992,0.21812,0.11296,0.018176,247,247,248,181,179,177,177,177,178,253,254,253,101,105,109,103,105,106,0.53948,0.53743,0.53932
1,9.5371e+05,0.603,12.6,195,800,0.54378,12.473,185.18,991.8,0.36753,0.12921,0.033664,0.29829,0.12269,0.027712,0.27661,0.1182,0.025024,251,249,249,171,171,174,172,173,174,255,255,255,119,118,116,106,107,108,0.53697,0.53913,0.53974
1,9.5381e+05,0.603,12.68,195,800,0.5703,12.523,186.35,1012.8,0.40148,0.12079,0.032832,0.31225,0.11707,0.024256,0.23073,0.1138,0.019584,255,252,249,178,181,184,172,172,173,255,255,255,135,127,121,109,111,113,0.54409,0.54187,0.5394
1,9.5391e+05,0.603,12.76,195,800,0.53741,12.652,186.01,1088.6,0.34182,0.13624,0.035456,0.30139,0.12563,0.028992,0.2687,0.12256,0.025216,253,252,250,194,194,191,170,171,173,255,255,255,129,124,119,118,117,120,0.53804,0.53871,0.53918
1,9.5401e+05,0.603,12.84,195,800,0.53953,12.712,188.25,824.05,0.3196,0.13901,0.03424,0.29018,0.13237,0.029632,0.27689,0.12479,0.026752,253,252,252,207,206,205,181,176,170,255,255,255,105,108,110,143,147,152,0.53509,0.5404,0.53886
1,9.5411e+05,0.603,12.92,195,800,0.54802,12.786,186.55,886.3,0.33024,0.1276,0.027968,0.23774,0.12231,0.0224,0.21857,0.12022,0.02016,254,253,252,209,209,211,178,173,168,255,254,252,103,104,107,169,174,177,0.54157,0.53794,0.53903
1,9.5421e+05,0.603,13,195,800,0.5459,12.858,187.24,682.05,0.28482,0.12968,0.02784,0.26547,0.11951,0.023872,0.24547,0.11766,0.021696,254,254,253,228,225,222,157,159,162,244,243,240,110,111,114,246,235,224,0.52629,0.53732,0.53727
1,9.5431e+05,0.603,13.08,195,800,0.54272,12.939,186.19,827.55,0.31204,0.13147,0.031296,0.29157,0.12344,0.027392,0.26905,0.11742,0.024256,252,251,251,214,222,226,155,159,162,228,227,229,135,135,134,255,253,245,0.53623,0.53916,0.54013
1,9.5738e+05,0.696,13.12,195,800,0.63396,12.927,-0.24267,933.38,0,0,0,0,0,0,0,0,0,249,250,251,246,237,230,167,166,166,227,230,233,131,131,133,252,248,240,0.54291,0.54145,0.5416
1,9.5748e+05,0.696,13.04,195,800,0.64776,12.835,185.91,900.19,0.26205,0.14063,0.026048,0.25075,0.13338,0.023296,0.23942,0.12784,0.021568,250,251,252,247,239,230,164,164,165,236,238,238,123,121,123,255,251,240,0.54113,0.54365,0.53968
1,9.5758e+05,0.696,12.96,195,800,0.65731,12.762,184.49,771.41,0.30678,0.14546,0.032896,0.29506,0.13664,0.028992,0.28352,0.13108,0.025792,255,254,252,212,217,219,166,166,167,255,253,250,105,108,110,226,218,208,0.5332,0.53571,0.53685
1,9.5768e+05,0.696,12.88,195,800,0.63502,12.702,187.32,966.01,0.28616,0.15173,0.032384,0.27688,0.13748,0.028736,0.26375,0.12619,0.0256,254,253,252,193,204,212,170,171,170,255,255,253,104,107,109,186,185,183,0.54367,0.53952,0.53855
1,9.5778e+05,0.696,12.8,195,800,0.64245,12.625,187.83,1029.7,0.3627,0.1549,0.043776,0.33813,0.14496,0.038208,0.31907,0.13731,0.033792,247,250,251,210,205,202,173,175,175,255,255,255,113,115,114,126,130,136,0.5315,0.53742,0.53758
1,9.5788e+05,0.696,12.72,195,800,0.61593,12.577,187.72,592.36,0.43517,0.14331,0.047616,0.33862,0.13477,0.0352,0.29237,0.12724,0.028928,250,250,251,197,197,195,175,177,176,255,255,255,119,120,119,108,112,116,0.53564,0.54067,0.53951
1,9.5798e+05,0.696,12.64,195,800,0.6467,12.467,186.08,741.38,0.42887,0.12788,0.03936,0.31191,0.11868,0.025472,0.21769,0.11789,0.019904,249,250,251,179,186,189,179,178,175,255,255,255,119,120,119,112,111,112,0.5318,0.53453,0.53704
1,9.5808e+05,0.696,12.56,195,800,0.64882,12.391,187.95,1052,0.39297,0.12233,0.034944,0.31755,0.11316,0.026752,0.26694,0.11057,0.021952,248,249,249,169,173,177,177,177,177,255,255,255,116,118,118,109,108,109,0.52878,0.53665,0.53854
1,9.5818e+05,0.696,12.48,195,800,0.63927,12.316,187.09,989.55,0.35895,0.13907,0.038016,0.32542,0.1304,0.031872,0.29658,0.12547,0.0272,249,249,249,162,169,175,179,178,178,255,255,255,120,120,119,105,106,107,0.53444,0.53594,0.53658
1,9.5828e+05,0.696,12.4,195,800,0.64457,12.254,188.66,793.4,0.37067,0.1415,0.039232,0.30267,0.13037,0.02912,0.25741,0.12354,0.024256,250,250,249,171,176,184,182,183,183,255,255,254,133,126,115,102,104,107,0.54087,0.53921,0.53878
1,9.5838e+05,0.696,12.32,195,800,0.6276,12.18,186.28,1012.3,0.39242,0.12353,0.035968,0.34684,0.11459,0.028864,0.29675,0.10688,0.023168,254,253,251,201,200,198,183,181,180,255,255,255,95,100,104,111,109,108,0.55065,0.54213,0.53829
1,9.5848e+05,0.696,12.24,195,800,0.65731,12.063,187.67,919.43,0.33597,0.12497,0.031872,0.29041,0.12036,0.026368,0.26414,0.11328,0.0224,255,253,250,208,204,202,173,176,178,255,255,254,86,90,97,113,110,108,0.53639,0.53541,0.53635
1,9.5858e+05,0.696,12.16,195,800,0.63396,12.008,187.15,735.95,0.30575,0.12496,0.028032,0.26097,0.11958,0.023616,0.23236,0.11421,0.020544,247,246,246,198,201,204,169,170,172,252,252,251,87,88,89,104,106,107,0.53415,0.53893,0.53877
1,9.5868e+05,0.696,12.08,195,800,0.63184,11.929,185.77,1099.2,0.33076,0.11998,0.029184,0.26481,0.11413,0.022976,0.24408,0.10946,0.02016,242,243,244,201,202,203,172,172,172,246,248,247,87,87,87,105,106,108,0.53065,0.53663,0.53857
1,9.5878e+05,0.696,12,195,800,0.63715,11.846,186.07,734.08,0.2972,0.12368,0.02784,0.26075,0.11877,0.023616,0.23872,0.11038,0.019776,239,242,244,202,204,206,177,175,173,231,232,232,81,79,79,111,111,112,0.55137,0.54804,0.54524
1,9.5888e+05,0.696,11.92,195,800,0.63502,11.772,187.23,808.89,0.35907,0.12866,0.032704,0.30318,0.12103,0.025408,0.24502,0.11696,0.020736,249,248,248,214,214,214,172,172,171,210,210,210,75,74,72,118,119,121,0.53916,0.5406,0.54363
1,9.5898e+05,0.696,11.84,195,800,0.62229,11.724,186.47,618.07,0.33857,0.11592,0.027264,0.26533,0.11069,0.020928,0.22547,0.1062,0.01696,250,250,249,230,223,217,166,169,170,201,199,198,78,72,69,123,126,128,0.5484,0.54609,0.54529
1,9.5908e+05,0.696,11.76,195,800,0.64351,11.613,187.24,1139.9,0.27874,0.12401,0.026112,0.25752,0.11831,0.02304,0.24023,0.11236,0.020608,252,251,251,217,221,219,170,170,171,178,179,181,63,66,70,143,145,145,0.5388,0.54426,0.54498
1,9.5918e+05,0.696,11.68,195,800,0.62654,11.537,186.27,723.13,0.25125,0.12521,0.02432,0.23341,0.11849,0.021312,0.21832,0.11363,0.018944,253,252,252,209,215,217,176,175,174,173,173,173,66,68,73,150,153,155,0.5357,0.54446,0.5466
1,9.5928e+05,0.696,11.6,195,800,0.63927,11.452,186.3,956.22,0.3089,0.12634,0.028928,0.26936,0.11937,0.024448,0.2448,0.11415,0.021248,255,254,253,214,212,213,188,182,178,163,161,159,82,81,78,171,172,173,0.55031,0.54848,0.54838
1,9.5938e+05,0.696,11.52,195,800,0.63927,11.38,185.22,780.71,0.29125,0.12341,0.025344,0.23572,0.12003,0.020736,0.20713,0.11529,0.018048,255,254,253,218,213,211,178,180,178,142,141,141,81,77,74,186,191,194,0.54911,0.5503,0.54971
1,9.5948e+05,0.696,11.44,195,800,0.63821,11.294,185.64,641.42,0.34417,0.12008,0.029504,0.29628,0.11136,0.023488,0.24826,0.10865,0.019072,252,252,253,207,211,213,180,178,176,127,129,134,70,69,69,202,205,208,0.55026,0.55126,0.55156
1,9.5958e+05,0.696,11.36,195,800,0.64033,11.214,187.26,724.76,0.34633,0.12837,0.032704,0.30691,0.12218,0.02752,0.28413,0.11757,0.02432,248,250,251,210,211,215,174,170,166,121,122,127,62,63,62,244,239,233,0.55835,0.55513,0.55554
1,9.5968e+05,0.696,11.28,195,800,0.63184,11.163,185.98,685.92,0.3418,0.11811,0.029568,0.25858,0.1118,0.021376,0.21246,0.10809,0.017408,248,249,250,215,214,213,160,160,160,126,127,131,71,65,61,253,247,237,0.56029,0.56172,0.5607
1,9.5978e+05,0.696,11.2,195,800,0.64245,11.064,187.5,910.82,0.32055,0.12184,0.02688,0.2672,0.11364,0.021632,0.23704,0.10998,0.018816,250,247,247,197,198,201,142,143,149,144,147,155,63,65,69,232,227,220,0.56409,0.56485,0.56498
1,9.5988e+05,0.696,11.12,195,800,0.63927,10.978,186.81,989.69,0.25706,0.12777,0.024192,0.24133,0.11881,0.021248,0.22207,0.11711,0.019392,252,248,247,178,184,190,152,150,151,193,195,198,94,100,110,189,183,183,0.57927,0.57959,0.57823
1,9.5998e+05,0.696,11.04,195,800,0.66261,10.891,186.91,959.59,0.26917,0.13331,0.028032,0.24694,0.12605,0.024256,0.2267,0.12021,0.021184,253,249,248,195,189,188,162,157,155,220,222,218,141,143,137,168,167,168,0.58878,0.57842,0.56745
1,9.6305e+05,0.789,11,195,800,0.74961,10.917,-0.22611,666.38,0,0,0,0,0,0,0,0,0,248,249,250,177,178,184,160,158,157,255,252,244,228,209,190,150,152,160,0.49815,0.50752,0.51911
1,9.6315e+05,0.789,11.08,195,800,0.7337,10.988,186.68,540.3,0.24387,0.12652,0.021504,0.22496,0.12027,0.018368,0.16426,0.1166,0.015168,252,252,251,182,186,192,145,148,151,228,218,209,107,117,127,173,180,189,0.58828,0.58349,0.58298
1,9.6325e+05,0.789,11.16,195,800,0.7199,11.07,185.62,859.46,0.25387,0.12458,0.023552,0.23009,0.11688,0.020032,0.20364,0.11023,0.016832,251,251,252,202,200,201,142,145,149,187,186,186,72,80,94,202,206,208,0.57359,0.56849,0.5688
1,9.6335e+05,0.789,11.24,195,800,0.72839,11.154,185.27,1038.3,0.25145,0.14686,0.028224,0.2325,0.13761,0.02464,0.21494,0.13386,0.0224,253,252,252,225,220,212,157,154,153,138,140,144,57,59,62,247,244,238,0.56838,0.56326,0.56336
1,9.6345e+05,0.789,11.32,195,800,0.72309,11.232,185.99,548.05,0.28915,0.13945,0.030976,0.2679,0.12622,0.026624,0.25628,0.11406,0.022592,254,253,252,211,214,214,162,160,159,129,129,132,60,59,59,249,246,240,0.56192,0.55809,0.55926
1,9.6355e+05,0.789,11.4,195,800,0.71778,11.311,187.58,945.83,0.34637,0.12251,0.029696,0.2599,0.1193,0.022784,0.22641,0.11179,0.0192,254,254,253,203,208,214,170,169,168,117,121,127,62,62,63,218,217,218,0.55037,0.55548,0.55391
1,9.6365e+05,0.789,11.48,195,800,0.74112,11.373,186.88,857,0.29033,0.13074,0.029248,0.25711,0.12138,0.024064,0.23413,0.11586,0.020928,255,255,254,232,223,216,177,178,176,137,136,138,72,75,77,180,182,188,0.54879,0.55007,0.54936
1,9.6375e+05,0.789,11.56,195,800,0.73582,11.45,186.6,924.35,0.33131,0.13044,0.032128,0.27717,0.12398,0.026304,0.24279,0.12125,0.02272,254,253,253,217,221,218,185,182,179,147,147,148,86,87,86,178,176,175,0.54903,0.54754,0.5479
1,9.6385e+05,0.789,11.64,195,800,0.73476,11.517,185.46,572.99,0.35478,0.15311,0.030144,0.25916,0.127,0.021568,0.21825,0.1134,0.01792,247,250,252,214,209,209,180,180,179,163,164,166,109,97,88,166,162,159,0.54889,0.54733,0.54704
1,9.6395e+05,0.789,11.72,195,800,0.72733,11.613,186.03,778.56,0.3422,0.12872,0.032064,0.29514,0.12393,0.026112,0.20206,0.12469,0.019136,248,249,251,208,205,207,174,175,177,170,172,174,87,85,83,157,154,151,0.5386,0.542,0.54304
1,9.6405e+05,0.789,11.8,195,800,0.74537,11.681,187.4,933.63,0.28035,0.12621,0.025152,0.23764,0.1174,0.020672,0.20562,0.11497,0.017664,248,249,249,209,207,208,169,170,173,186,188,191,61,64,71,145,139,134,0.54443,0.5443,0.54407
1,9.6415e+05,0.789,11.88,195,800,0.74218,11.75,187.01,819.81,0.36416,0.12524,0.033664,0.33511,0.11607,0.028096,0.30421,0.11238,0.024192,245,246,247,214,214,213,172,173,174,213,214,213,68,69,71,117,118,119,0.54112,0.54184,0.54157
1,9.6425e+05,0.789,11.96,195,800,0.72733,11.836,186.91,972.14,0.26744,0.12964,0.025408,0.23146,0.1224,0.020928,0.20077,0.11793,0.017728,246,246,246,213,213,213,170,173,175,230,228,225,74,74,74,109,111,113,0.54486,0.54282,0.54232
1,9.6435e+05,0.789,12.04,195,800,0.72096,11.928,185.43,952.86,0.25301,0.12564,0.024192,0.24223,0.11531,0.021568,0.23434,0.11325,0.020288,247,244,243,205,205,205,179,176,175,251,248,243,79,80,80,108,108,109,0.54573,0.54528,0.54228
1,9.6445e+05,0.789,12.12,195,800,0.75916,11.968,184.64,743.19,0.26635,0.13531,0.027712,0.24847,0.12821,0.02432,0.22512,0.12547,0.021568,240,241,243,197,197,201,173,173,174,252,251,249,82,82,84,112,110,109,0.52717,0.53795,0.53874
1,9.6455e+05,0.789,12.2,195,800,0.72733,12.077,186.07,899.06,0.29564,0.1146,0.020224,0.16216,0.11367,0.0144,0.14596,0.10868,0.012352,244,245,245,194,199,202,172,172,174,255,254,253,88,89,92,115,114,113,0.54168,0.53793,0.5373
1,9.6465e+05,0.789,12.28,195,800,0.73582,12.152,184.68,992.08,0.27807,0.12754,0.027392,0.25767,0.11923,0.02336,0.23739,0.10896,0.019904,248,248,248,216,209,200,182,181,180,255,255,255,109,109,109,124,120,116,0.55087,0.53921,0.5384
1,9.6475e+05,0.789,12.36,195,800,0.73476,12.242,185.74,994.16,0.23569,0.11538,0.019968,0.18673,0.1136,0.016576,0.16297,0.11073,0.014144,245,247,248,202,200,195,186,184,182,255,255,255,129,123,116,122,120,116,0.53085,0.53295,0.53733
1,9.6485e+05,0.789,12.44,195,800,0.739,12.305,185.71,586.31,0.24346,0.12491,0.022848,0.21746,0.12146,0.019776,0.20729,0.11452,0.017728,242,245,247,170,174,179,178,179,180,255,255,255,131,126,121,116,115,114,0.53828,0.53741,0.53764
1,9.6495e+05,0.789,12.52,195,800,0.71672,12.404,185.88,597.23,0.29797,0.12576,0.026112,0.23101,0.12332,0.021376,0.20535,0.11739,0.018048,246,247,248,167,171,179,173,174,176,255,255,255,115,119,121,113,114,113,0.54212,0.53951,0.53783
1,9.6505e+05,0.789,12.6,195,800,0.73157,12.458,186.74,738.83,0.33567,0.13116,0.033088,0.30875,0.1237,0.028672,0.28964,0.11813,0.025216,253,251,248,201,196,192,166,169,172,255,255,255,117,115,115,114,114,113,0.53332,0.54009,0.53847
1,9.6515e+05,0.789,12.68,195,800,0.74006,12.549,187.78,926.41,0.27786,0.12935,0.027584,0.25101,0.12198,0.022912,0.23052,0.11682,0.01984,248,249,249,214,210,205,176,176,175,255,255,255,109,110,112,117,118,119,0.53551,0.53659,0.53687
1,9.6525e+05,0.789,12.76,195,800,0.72627,12.64,184.82,868.64,0.30768,0.12646,0.028736,0.26411,0.11831,0.023552,0.22259,0.11606,0.019584,251,250,249,201,205,207,182,179,177,255,255,255,108,109,109,121,123,127,0.53906,0.5383,0.53739
1,9.6535e+05,0.789,12.84,195,800,0.73051,12.721,186.53,745.1,0.35677,0.12944,0.032768,0.3158,0.12325,0.027904,0.29343,0.11667,0.02464,254,252,251,196,203,209,172,173,173,255,255,255,110,107,105,144,150,159,0.54362,0.53835,0.53804
1,9.6545e+05,0.789,12.92,195,800,0.72839,12.791,187.63,969.12,0.33149,0.13739,0.034304,0.30042,0.12773,0.029312,0.28295,0.12333,0.026496,250,251,251,213,213,214,160,166,170,255,255,253,110,106,104,167,175,181,0.54315,0.53985,0.53869
1,9.6555e+05,0.789,13,195,800,0.739,12.863,187.02,541.33,0.32003,0.12536,0.02976,0.2671,0.1159,0.023296,0.23815,0.11243,0.019968,250,250,250,239,234,227,160,163,167,249,246,241,102,107,111,235,229,219,0.54557,0.54056,0.53937
1,9.6565e+05,0.789,13.08,195,800,0.72415,12.927,185.61,604.03,0.30918,0.13633,0.032192,0.27532,0.13158,0.02816,0.25519,0.12785,0.025472,250,251,250,227,231,231,175,173,170,219,224,229,136,135,136,239,233,226,0.54311,0.54246,0.54146
1,9.6872e+05,0.882,13.12,195,800,0.81115,12.946,0.18438,678.95,0,0,0,0,0,0,0,0,0,247,248,248,224,222,222,171,169,170,212,215,225,136,140,138,202,210,216,0.54835,0.54517,0.54396
1,9.6882e+05,0.882,13.04,195,800,0.81327,12.869,186.28,864.77,0.20624,0.13009,0.019264,0.18596,0.12497,0.017216,0.17313,0.11742,0.015488,247,246,248,225,220,219,171,169,169,223,222,228,109,113,119,218,216,215,0.53972,0.53804,0.53871
1,9.6892e+05,0.882,12.96,195,800,0.81221,12.769,187.71,613.31,0.22567,0.12511,0.021888,0.21304,0.11602,0.019392,0.20813,0.11312,0.017984,252,249,249,217,212,211,176,171,170,249,247,244,87,91,98,207,197,195,0.53553,0.53877,0.5389
1,9.6902e+05,0.882,12.88,195,800,0.82919,12.686,186.27,1131.2,0.32872,0.12928,0.031744,0.30559,0.12155,0.027904,0.28298,0.11458,0.024384,254,251,249,215,208,208,185,174,171,255,253,251,91,92,95,188,176,176,0.54201,0.53921,0.53734
1,9.6912e+05,0.882,12.8,195,800,0.82706,12.619,188.02,553,0.37697,0.14684,0.041472,0.33832,0.13874,0.035328,0.30547,0.13354,0.0304,248,248,248,218,212,208,180,176,174,255,255,255,97,98,101,144,140,142,0.54348,0.54006,0.53739
1,9.6922e+05,0.882,12.72,195,800,0.81645,12.552,184.89,914.49,0.4046,0.14881,0.04512,0.30884,0.14175,0.033152,0.27153,0.13455,0.027648,243,243,245,221,218,212,179,174,173,255,255,255,109,107,108,119,119,122,0.53895,0.53619,0.53603
1,9.6932e+05,0.882,12.64,195,800,0.82494,12.468,186.01,744.1,0.39713,0.13879,0.042432,0.34944,0.12939,0.034432,0.31212,0.11862,0.02816,246,244,245,219,216,209,175,170,171,255,255,255,113,112,110,112,114,117,0.53415,0.53721,0.537
1,9.6942e+05,0.882,12.56,195,800,0.82388,12.378,185.21,1006.6,0.34376,0.12737,0.033024,0.29288,0.11853,0.02624,0.26364,0.1127,0.022656,247,246,246,194,193,193,163,168,173,255,255,255,116,113,114,113,113,114,0.54772,0.5377,0.53839
1,9.6952e+05,0.882,12.48,195,800,0.83025,12.3,186.03,927.29,0.41536,0.12053,0.035328,0.34117,0.11127,0.027328,0.28935,0.10896,0.022784,246,247,247,171,181,188,173,175,177,255,255,255,112,112,116,118,115,115,0.54201,0.54017,0.53912
1,9.6962e+05,0.882,12.4,195,800,0.83767,12.23,185.89,982.86,0.33366,0.12508,0.028224,0.24713,0.12162,0.022912,0.22457,0.11484,0.019456,251,248,247,196,190,189,194,188,183,255,255,255,111,115,119,120,121,120,0.53588,0.53939,0.53818
1,9.6972e+05,0.882,12.32,195,800,0.81433,12.168,187.19,765.36,0.29068,0.12726,0.027968,0.26035,0.12353,0.02432,0.25142,0.11432,0.021504,247,247,247,208,207,202,182,182,182,255,255,255,116,116,116,123,121,118,0.53377,0.5369,0.53769
1,9.6982e+05,0.882,12.24,195,800,0.826,12.077,188.09,780.03,0.3242,0.12944,0.027776,0.27471,0.12057,0.021312,0.18987,0.11665,0.017024,248,247,246,208,207,203,179,179,179,255,255,254,110,110,110,111,115,117,0.5327,0.53812,0.53774
1,9.6992e+05,0.882,12.16,195,800,0.82176,12.001,186.76,1096.5,0.29744,0.1252,0.027456,0.2743,0.11691,0.023616,0.24612,0.10821,0.019776,240,242,244,193,198,203,172,174,177,252,251,250,88,92,98,110,111,112,0.52634,0.53505,0.53752
1,9.7002e+05,0.882,12.08,195,800,0.80797,11.951,186.73,813.99,0.3626,0.12272,0.030272,0.31402,0.11713,0.024512,0.26855,0.11066,0.0208,239,241,244,198,201,204,174,175,177,249,248,246,81,86,92,111,111,111,0.53362,0.53346,0.53704
1,9.7012e+05,0.882,12,195,800,0.81751,11.869,186.54,992.28,0.3232,0.12276,0.02784,0.27937,0.11636,0.023104,0.25265,0.11073,0.02016,245,246,246,224,219,213,184,181,180,241,237,233,77,79,82,107,110,112,0.53866,0.53857,0.54058
1,9.7022e+05,0.882,11.92,195,800,0.8016,11.796,186.54,771.74,0.28424,0.12347,0.02624,0.24409,0.11779,0.022144,0.21395,0.11491,0.01888,248,248,248,221,216,210,179,181,181,212,213,213,70,71,73,113,115,118,0.53554,0.54264,0.5426
1,9.7032e+05,0.882,11.84,195,800,0.82494,11.698,186.27,681.22,0.2904,0.12788,0.026944,0.25454,0.12297,0.022976,0.23385,0.11678,0.019968,250,249,248,206,204,204,176,180,181,200,201,202,67,67,71,118,121,124,0.53855,0.54042,0.54186
1,9.7042e+05,0.882,11.76,195,800,0.82388,11.61,185.95,692.52,0.33609,0.12085,0.02976,0.2895,0.11454,0.024448,0.25373,0.11127,0.021056,251,250,250,173,186,196,181,180,180,183,185,185,74,79,82,133,136,138,0.54881,0.54361,0.54293
1,9.7052e+05,0.882,11.68,195,800,0.81645,11.532,187.9,861.14,0.28246,0.12498,0.025728,0.24062,0.11798,0.02112,0.2102,0.11456,0.018112,252,251,251,181,192,199,181,180,179,181,179,177,97,97,90,137,142,146,0.54721,0.54227,0.54378
1,9.7062e+05,0.882,11.6,195,800,0.826,11.455,186.97,527.15,0.34295,0.13956,0.03552,0.31141,0.13128,0.030464,0.28255,0.12454,0.026688,252,253,253,224,219,214,181,179,178,163,164,160,111,107,94,153,160,163,0.55195,0.54736,0.54762
1,9.7072e+05,0.882,11.52,195,800,0.82494,11.379,187.88,631.84,0.30276,0.11729,0.02336,0.20536,0.11521,0.01824,0.17364,0.11241,0.01536,255,255,254,219,220,218,165,168,171,138,139,139,72,74,75,182,186,187,0.55192,0.54963,0.54943
1,9.7082e+05,0.882,11.44,195,800,0.81858,11.292,186.24,849.96,0.33239,0.12664,0.031808,0.29627,0.12009,0.026752,0.27495,0.11458,0.02368,255,255,254,208,214,217,160,162,167,128,129,131,59,61,65,192,201,203,0.55029,0.55402,0.55171
1,9.7092e+05,0.882,11.36,195,800,0.80372,11.237,188.05,815.36,0.24084,0.12481,0.021888,0.20062,0.11728,0.017792,0.18424,0.11138,0.01568,253,254,253,222,221,219,156,159,160,124,124,126,51,53,55,249,240,232,0.57028,0.55939,0.55595
1,9.7102e+05,0.882,11.28,195,800,0.8398,11.126,186.74,865.18,0.27752,0.13669,0.028544,0.24617,0.1323,0.024768,0.22791,0.12339,0.021312,254,254,253,235,229,221,156,158,158,131,130,133,51,53,54,255,250,241,0.56441,0.56189,0.5591
1,9.7112e+05,0.882,11.2,195,800,0.81115,11.08,185.64,951.99,0.33473,0.1278,0.032192,0.27612,0.12373,0.026112,0.24835,0.11757,0.021888,254,253,252,221,221,215,148,150,152,158,164,169,57,61,70,250,242,233,0.56451,0.56604,0.56489
1,9.7122e+05,0.882,11.12,195,800,0.81433,10.992,186.56,716.76,0.32558,0.12878,0.031616,0.28067,0.12517,0.02656,0.25768,0.11743,0.023104,253,253,252,193,195,196,146,149,152,230,227,217,127,126,126,199,200,200,0.56929,0.5742,0.57558
1,9.7132e+05,0.882,11.04,195,800,0.80372,10.918,187.48,808.65,0.36984,0.13687,0.037568,0.33252,0.13002,0.032576,0.31083,0.12125,0.0288,254,253,252,190,189,189,155,155,154,251,247,237,198,176,158,167,176,185,0.59737,0.58581,0.57426
1,9.7439e+05,0.975,11,195,800,0.91088,10.945,-0.34529,1094.2,0,0,0,0,0,0,0,0,0,253,252,252,199,189,187,166,161,158,254,254,249,215,195,178,180,180,182,0.51601,0.52027,0.52159
1,9.7449e+05,0.975,11.08,195,800,0.91407,10.992,184.91,640.41,0.25626,0.11383,0.019072,0.21789,0.10621,0.014912,0.14214,0.10822,0.012096,253,252,251,194,192,195,147,150,153,239,226,216,111,117,121,221,210,206,0.58716,0.5892,0.58773
1,9.7459e+05,0.975,11.16,195,800,0.92468,11.055,186.43,483.86,0.28262,0.11636,0.024448,0.25877,0.10662,0.020032,0.1924,0.10596,0.01536,252,251,251,209,205,204,142,147,152,198,195,193,72,80,91,245,232,221,0.58414,0.57077,0.57067
1,9.7469e+05,0.975,11.24,195,800,0.90982,11.149,184.51,788.82,0.28065,0.13845,0.0304,0.2602,0.13177,0.02688,0.24089,0.12403,0.02336,253,252,251,230,231,222,163,157,155,140,141,146,55,54,57,254,252,244,0.55665,0.55825,0.56126
1,9.7479e+05,0.975,11.32,195,800,0.92149,11.225,186.3,829.76,0.3073,0.14252,0.034368,0.27873,0.1328,0.028928,0.24771,0.13011,0.025408,254,252,252,236,232,223,164,160,158,125,128,132,54,52,54,254,250,242,0.55413,0.55745,0.556
1,9.7489e+05,0.975,11.4,195,800,0.90558,11.306,185.09,791.79,0.42621,0.1161,0.0288,0.22486,0.10878,0.016768,0.18431,0.10578,0.014144,254,253,254,216,212,218,156,158,163,122,122,126,50,53,58,222,220,218,0.57441,0.55719,0.55312
1,9.7499e+05,0.975,11.48,195,800,0.89603,11.389,187.3,1105.5,0.31945,0.1338,0.028672,0.26297,0.12403,0.021696,0.20176,0.1187,0.016896,255,254,254,221,219,217,170,169,170,142,138,139,71,70,73,209,188,185,0.557,0.55208,0.55169
1,9.7509e+05,0.975,11.56,195,800,0.91513,11.451,186.39,982.46,0.38285,0.12214,0.030336,0.27,0.12146,0.02272,0.23487,0.1109,0.019392,255,254,254,233,225,216,177,176,174,156,152,151,89,85,83,185,175,170,0.53948,0.54523,0.54594
1,9.7519e+05,0.975,11.64,195,800,0.92574,11.526,186.07,767.1,0.30404,0.13275,0.029888,0.27669,0.12552,0.026048,0.25428,0.11791,0.022848,254,254,253,209,206,204,180,180,180,184,177,172,126,106,91,145,147,150,0.53891,0.54629,0.54641
1,9.7529e+05,0.975,11.72,195,800,0.90664,11.612,187.72,837.76,0.3089,0.11931,0.025856,0.24347,0.11094,0.020224,0.21891,0.10878,0.01792,253,253,252,197,191,195,182,182,181,187,182,181,110,97,88,142,140,141,0.54727,0.54489,0.54419
1,9.7539e+05,0.975,11.8,195,800,0.90558,11.693,186.66,883.98,0.36017,0.12229,0.033152,0.30445,0.11721,0.02688,0.26691,0.11009,0.022272,248,249,250,187,188,194,188,186,184,197,193,195,66,69,75,129,127,128,0.54114,0.54363,0.54344
1,9.7549e+05,0.975,11.88,195,800,0.90876,11.779,184.91,781.74,0.35467,0.1219,0.031552,0.29986,0.11679,0.02624,0.27343,0.10947,0.02208,249,248,248,216,215,209,192,188,184,212,213,213,72,74,75,115,116,119,0.54019,0.54004,0.54233
1,9.7559e+05,0.975,11.96,195,800,0.91513,11.836,185.55,751.55,0.35779,0.12372,0.032128,0.2834,0.12078,0.025472,0.25139,0.11186,0.021504,249,248,248,226,221,214,191,186,183,226,223,223,82,81,81,114,114,116,0.5419,0.53993,0.54146
1,9.7569e+05,0.975,12.04,195,800,0.89815,11.932,186.48,954.89,0.29218,0.11401,0.022784,0.21498,0.1136,0.018112,0.19348,0.10991,0.016064,247,245,245,209,210,210,177,179,180,238,238,239,90,93,94,113,113,114,0.53454,0.53778,0.53893
1,9.7579e+05,0.975,12.12,195,800,0.91725,11.994,187.33,844.02,0.27362,0.12695,0.026048,0.24444,0.11952,0.02176,0.21267,0.11375,0.018432,243,244,245,200,202,206,176,178,179,242,243,245,96,98,99,112,112,113,0.54627,0.54151,0.53969
1,9.7589e+05,0.975,12.2,195,800,0.92998,12.068,188.24,1037.3,0.32042,0.12875,0.030592,0.26244,0.12347,0.024384,0.23431,0.11658,0.020736,246,246,245,204,204,205,179,179,179,253,252,252,111,112,111,109,111,114,0.53494,0.53129,0.53567
1,9.7599e+05,0.975,12.28,195,800,0.913,12.154,187.52,907.93,0.39198,0.1182,0.03168,0.28938,0.11324,0.024,0.24736,0.10928,0.020416,249,249,247,202,203,201,181,182,181,255,255,255,128,124,118,122,119,117,0.54697,0.53849,0.538
1,9.7609e+05,0.975,12.36,195,800,0.91088,12.232,186.48,932.02,0.30191,0.13393,0.027968,0.21225,0.12742,0.020864,0.18713,0.12055,0.017856,250,249,248,192,195,195,184,184,183,255,255,255,126,123,120,123,121,119,0.53453,0.53883,0.53741
1,9.7619e+05,0.975,12.44,195,800,0.91194,12.309,186.58,767.59,0.3076,0.11851,0.025216,0.24846,0.11095,0.019584,0.20635,0.10708,0.016192,252,249,247,176,180,185,187,185,181,255,255,255,112,116,117,113,116,118,0.53792,0.53738,0.5354
1,9.7629e+05,0.975,12.52,195,800,0.93316,12.359,186.45,654.45,0.22739,0.12994,0.02176,0.21188,0.11767,0.018752,0.20294,0.11506,0.017216,249,247,247,183,186,188,179,179,177,255,255,255,109,113,116,112,114,116,0.55318,0.53831,0.53757
1,9.7639e+05,0.975,12.6,195,800,0.91407,12.472,186.78,620.41,0.30709,0.13318,0.028672,0.27852,0.12757,0.02464,0.26313,0.11877,0.021824,236,241,245,216,209,199,167,169,171,255,255,255,117,114,112,107,111,116,0.53359,0.53796,0.53792
1,9.7649e+05,0.975,12.68,195,800,0.91937,12.54,187.09,1137.9,0.33306,0.12496,0.028544,0.2674,0.12122,0.023488,0.2364,0.11194,0.020032,238,240,243,220,215,208,173,173,172,255,255,255,107,108,107,118,121,124,0.52725,0.53385,0.53662
1,9.7659e+05,0.975,12.76,195,800,0.91725,12.622,185.83,910.42,0.3217,0.12937,0.031168,0.28344,0.12253,0.026176,0.25658,0.11974,0.023104,241,242,244,228,215,206,173,175,173,255,255,255,100,102,103,128,130,133,0.5369,0.53554,0.53613
1,9.7669e+05,0.975,12.84,195,800,0.90346,12.729,187.67,1015.8,0.35918,0.13648,0.036992,0.33167,0.12642,0.031488,0.30039,0.12394,0.027968,249,249,246,189,201,205,170,174,173,255,255,254,93,94,95,153,158,161,0.53556,0.53565,0.53632
1,9.7679e+05,0.975,12.92,195,800,0.91513,12.776,185.92,806.61,0.42956,0.11969,0.036608,0.34937,0.10962,0.025856,0.25533,0.10926,0.02048,253,251,247,183,198,205,171,174,171,255,253,250,87,89,93,172,177,179,0.53828,0.53487,0.53708
1,9.7689e+05,0.975,13,195,800,0.91194,12.855,186.31,793.83,0.29944,0.11913,0.025856,0.24677,0.11652,0.021824,0.22323,0.11259,0.018432,245,246,246,196,204,209,173,171,170,230,233,234,89,94,103,211,212,210,0.5294,0.53403,0.53763
1,9.7699e+05,0.975,13.08,195,800,0.91513,12.921,185.78,838.74,0.30323,0.13338,0.030784,0.28036,0.12448,0.026624,0.2608,0.11659,0.023232,244,246,246,216,219,218,162,168,170,207,216,225,134,138,139,203,212,218,0.54349,0.53965,0.53992
1,9.8006e+05,1.068,13.12,195,800,0.99894,12.935,0.73059,747.16,0,0,0,0,0,0,0,0,0,244,242,242,213,212,211,179,173,169,217,219,225,140,137,134,253,242,232,0.56382,0.54603,0.54522
1,9.8016e+05,1.068,13.04,195,800,1.0032,12.857,186.81,677.07,0.20053,0.12395,0.018496,0.18196,0.12134,0.01664,0.16986,0.11611,0.014784,243,242,243,188,197,206,171,170,169,221,221,227,110,113,117,250,242,232,0.54057,0.53889,0.54044
1,9.8026e+05,1.068,12.96,195,800,1.0117,12.769,186.25,571.69,0.23012,0.13202,0.02368,0.21886,0.12412,0.020992,0.20671,0.11919,0.019136,241,240,241,207,196,193,164,164,167,247,244,241,87,90,94,215,214,208,0.52664,0.53739,0.53906
1,9.8036e+05,1.068,12.88,195,800,1.0117,12.706,188.02,1006.1,0.31287,0.15278,0.036928,0.2988,0.14241,0.03296,0.28212,0.13753,0.029888,241,239,240,209,198,192,165,166,169,255,252,248,93,92,93,188,190,189,0.53812,0.53942,0.53892
1,9.8046e+05,1.068,12.8,195,800,1.0032,12.631,188.24,847.41,0.36593,0.16058,0.043328,0.34614,0.14857,0.03808,0.33601,0.13568,0.033024,238,239,240,187,190,191,177,175,172,255,255,255,103,102,100,145,147,150,0.53909,0.53692,0.53636
1,9.8056e+05,1.068,12.72,195,800,1.018,12.547,186.93,633.94,0.42073,0.15369,0.048704,0.363,0.13592,0.037376,0.33406,0.12289,0.030656,244,243,243,181,185,191,171,171,171,255,255,255,110,109,108,129,126,127,0.53988,0.53752,0.53714
1,9.8066e+05,1.068,12.64,195,800,1.0021,12.492,185.83,734.53,0.39085,0.15804,0.042496,0.32691,0.15453,0.034368,0.27838,0.15237,0.0288,246,245,245,185,187,191,164,167,170,255,255,255,110,110,110,123,120,120,0.52891,0.53458,0.53562
1,9.8076e+05,1.068,12.56,195,800,1.0021,12.387,185.56,1139.6,0.34673,0.14107,0.036224,0.28622,0.1309,0.027904,0.25432,0.12372,0.023488,250,248,247,190,187,187,177,175,175,255,255,255,113,114,115,116,116,116,0.53847,0.53827,0.53704
1,9.8086e+05,1.068,12.48,195,800,1.0074,12.302,185.48,692.7,0.35632,0.13499,0.036544,0.32275,0.12435,0.029888,0.28143,0.11576,0.02464,250,249,247,176,182,186,186,181,178,255,255,255,124,120,116,121,117,115,0.53605,0.53866,0.5382
1,9.8096e+05,1.068,12.4,195,800,1.0085,12.24,185.73,770.08,0.38905,0.12931,0.035968,0.29829,0.12361,0.027584,0.26326,0.12107,0.023936,242,245,247,176,180,188,177,180,182,255,255,255,121,121,118,118,118,116,0.53078,0.53625,0.53662
1,9.8106e+05,1.068,12.32,195,800,0.99364,12.171,185.81,1213.5,0.40768,0.13068,0.039488,0.37445,0.1195,0.032448,0.32026,0.11346,0.02624,250,247,246,208,202,200,175,176,179,255,255,255,126,119,115,116,115,113,0.54215,0.53668,0.53596
1,9.8116e+05,1.068,12.24,195,800,1.0032,12.087,186.22,687.62,0.31581,0.12286,0.02752,0.26456,0.11689,0.022464,0.23291,0.11102,0.019264,252,249,247,216,210,205,177,178,178,254,254,254,128,120,114,113,112,112,0.54278,0.54011,0.53862
1,9.8126e+05,1.068,12.16,195,800,0.9947,12.003,187.19,962.79,0.3123,0.13384,0.031232,0.27852,0.12477,0.025984,0.25284,0.12044,0.0224,246,247,248,206,208,209,190,185,179,252,250,249,128,121,112,109,110,111,0.54192,0.53805,0.53662
1,9.8136e+05,1.068,12.08,195,800,1.0011,11.922,187.08,987.46,0.31051,0.12924,0.030464,0.27011,0.12287,0.025216,0.2435,0.11537,0.021504,247,247,248,207,207,210,190,183,178,244,244,246,137,120,107,115,115,114,0.53126,0.53542,0.53658
1,9.8146e+05,1.068,12,195,800,1.0053,11.844,186.51,1057.3,0.34094,0.11497,0.02816,0.2728,0.11131,0.022208,0.23918,0.1095,0.018688,251,249,248,215,216,215,175,178,180,232,233,234,99,99,95,130,124,118,0.53387,0.53837,0.53823
1,9.8156e+05,1.068,11.92,195,800,0.99788,11.77,187.31,661.27,0.30093,0.12898,0.02848,0.25842,0.12238,0.024064,0.23994,0.11656,0.020992,251,248,248,214,212,207,193,188,183,215,216,217,77,77,78,118,120,120,0.54593,0.54388,0.5414
1,9.8166e+05,1.068,11.84,195,800,1.0106,11.7,188.01,971.22,0.36402,0.11342,0.028672,0.26887,0.11056,0.021888,0.22728,0.10703,0.018304,247,247,248,194,197,200,195,190,185,205,206,208,66,69,73,119,120,121,0.53877,0.53806,0.53967
1,9.8176e+05,1.068,11.76,195,800,1.0032,11.607,186.22,1208.2,0.31255,0.133,0.03104,0.29299,0.12359,0.027264,0.27512,0.11873,0.024448,250,249,250,177,181,190,192,187,185,193,195,194,71,73,75,130,129,129,0.54685,0.5418,0.54205
1,9.8186e+05,1.068,11.68,195,800,0.99788,11.543,186.2,729.98,0.31218,0.1279,0.030144,0.26485,0.12394,0.025344,0.24105,0.11729,0.02176,254,252,251,183,188,194,184,184,184,200,192,186,81,79,77,137,135,136,0.55228,0.54603,0.54466
1,9.8196e+05,1.068,11.6,195,800,1.0117,11.448,187.49,842.66,0.32835,0.11706,0.02432,0.17188,0.12035,0.016,0.15996,0.11601,0.014336,255,255,254,213,211,209,179,180,182,165,165,164,70,73,76,150,152,156,0.54753,0.54564,0.54497
1,9.8206e+05,1.068,11.52,195,800,0.99894,11.365,186.48,917.06,0.29507,0.11983,0.026816,0.26167,0.11329,0.022464,0.24038,0.10488,0.01952,254,254,254,223,217,215,176,176,177,130,133,137,63,65,67,170,177,185,0.5425,0.54884,0.54877
1,9.8216e+05,1.068,11.44,195,800,1.0074,11.293,186.1,1302.4,0.3329,0.12704,0.031104,0.25608,0.12484,0.024256,0.23414,0.11778,0.021312,254,254,254,210,211,217,169,172,174,122,124,129,71,65,63,188,195,204,0.5423,0.55054,0.55194
1,9.8226e+05,1.068,11.36,195,800,1.0053,11.212,185.75,781.61,0.36955,0.1244,0.034816,0.32871,0.11526,0.028736,0.29278,0.1095,0.023872,252,252,253,215,219,220,168,167,168,119,121,125,56,57,58,240,238,233,0.56057,0.55644,0.55575
1,9.8236e+05,1.068,11.28,195,800,0.99258,11.152,187.42,752.24,0.26602,0.12365,0.0224,0.23156,0.1187,0.018368,0.16609,0.11679,0.014848,252,251,251,236,227,220,166,165,165,122,125,130,52,54,56,252,248,242,0.54946,0.55401,0.55736
1,9.8246e+05,1.068,11.2,195,800,1.0032,11.064,185.8,1055.7,0.27734,0.13081,0.025728,0.2418,0.12202,0.021312,0.20192,0.12234,0.018432,244,246,250,213,209,207,153,154,156,148,154,162,56,60,66,239,238,234,0.57108,0.56971,0.56659
1,9.8256e+05,1.068,11.12,195,800,0.98621,10.998,186.45,739.25,0.31834,0.14263,0.03328,0.27395,0.13577,0.028224,0.24695,0.12603,0.023936,246,249,250,169,180,189,153,153,155,218,215,209,93,98,108,205,206,207,0.58337,0.58025,0.57748
1,9.8266e+05,1.068,11.04,195,800,1.0032,10.916,186.14,791.19,0.35301,0.13699,0.035136,0.28507,0.13131,0.0288,0.25719,0.12678,0.025152,252,250,251,178,182,186,159,158,157,246,239,229,125,134,133,190,194,195,0.59975,0.59092,0.57617
1,9.8573e+05,1.161,11,195,800,1.0891,10.939,0.29693,740.44,0,0,0,0,0,0,0,0,0,251,252,252,178,175,176,165,163,160,241,240,236,165,145,135,161,164,173,0.51663,0.51659,0.5191
1,9.8583e+05,1.161,11.08,195,800,1.0923,10.988,186.91,603.25,0.31807,0.11752,0.0208,0.24075,0.11044,0.017024,0.18343,0.1107,0.014912,252,251,249,179,175,178,145,150,155,202,205,202,84,88,96,183,188,196,0.58921,0.58769,0.58594
1,9.8593e+05,1.161,11.16,195,800,1.0955,11.07,186.93,772.28,0.2083,0.12295,0.019776,0.19649,0.11123,0.01696,0.18389,0.10936,0.01536,250,249,249,183,181,184,148,151,155,170,176,180,69,70,75,209,211,211,0.57119,0.56983,0.56909
1,9.8603e+05,1.161,11.24,195,800,1.1072,11.142,185.3,1095.2,0.24013,0.12509,0.023296,0.21523,0.12114,0.020096,0.19732,0.11273,0.017152,251,251,249,197,205,207,170,167,164,133,136,141,52,55,59,235,241,240,0.56919,0.56184,0.56203
1,9.8613e+05,1.161,11.32,195,800,1.1061,11.22,186.71,831.92,0.33573,0.12538,0.030848,0.30265,0.11413,0.02528,0.2666,0.10811,0.021056,254,253,251,222,221,215,173,174,172,126,128,131,55,56,58,249,249,243,0.55859,0.55547,0.55685
1,9.8623e+05,1.161,11.4,195,800,1.1029,11.303,187.03,676.09,0.26666,0.1183,0.023808,0.24488,0.1121,0.0208,0.21888,0.11001,0.018176,255,254,253,223,223,221,186,188,183,124,125,126,66,65,61,236,229,222,0.55131,0.55157,0.55286
1,9.8633e+05,1.161,11.48,195,800,1.0987,11.376,187.2,952.19,0.30448,0.12844,0.029952,0.28636,0.11819,0.026048,0.27185,0.11214,0.023104,255,255,254,206,213,213,192,191,187,127,134,138,57,63,64,181,181,183,0.5568,0.55099,0.55062
1,9.8643e+05,1.161,11.56,195,800,1.1103,11.435,188.47,732.2,0.30114,0.13201,0.029504,0.2508,0.12869,0.025024,0.23042,0.12426,0.022528,255,255,253,218,212,208,190,189,187,141,145,149,59,62,65,168,163,164,0.5404,0.54191,0.54573
1,9.8653e+05,1.161,11.64,195,800,1.105,11.527,187.29,794.2,0.39576,0.13483,0.038208,0.30775,0.12851,0.029824,0.26668,0.12265,0.02464,253,253,252,198,199,198,194,189,186,173,176,175,62,66,68,131,134,137,0.54853,0.5461,0.54494
1,9.8663e+05,1.161,11.72,195,800,1.1135,11.605,187.3,928.64,0.27107,0.13332,0.028032,0.24347,0.12879,0.02432,0.21838,0.12188,0.020736,246,250,251,192,191,193,192,188,184,185,188,186,64,68,69,121,125,129,0.53787,0.54298,0.54338
1,9.8673e+05,1.161,11.8,195,800,1.1146,11.657,185.23,623.75,0.29618,0.12721,0.028352,0.26601,0.12045,0.024192,0.23641,0.1146,0.020288,249,248,250,178,188,196,171,180,181,205,203,204,70,70,73,118,118,119,0.54768,0.54529,0.5421
1,9.8683e+05,1.161,11.88,195,800,1.0891,11.767,185.17,777.46,0.34909,0.13944,0.037568,0.3182,0.1283,0.031424,0.29328,0.11897,0.027072,243,247,249,221,213,208,172,175,176,221,223,223,76,80,84,115,117,119,0.53695,0.5386,0.53908
1,9.8693e+05,1.161,11.96,195,800,1.0976,11.856,184.78,1249,0.26394,0.13498,0.027136,0.24388,0.12566,0.023488,0.22881,0.12072,0.021248,242,248,250,230,219,211,167,172,175,238,236,232,83,87,90,117,120,120,0.53442,0.53871,0.53819
1,9.8703e+05,1.161,12.04,195,800,1.0976,11.913,186.59,751.09,0.3078,0.12802,0.029632,0.28814,0.11859,0.025472,0.27277,0.11117,0.0224,249,250,249,206,211,215,170,173,175,255,252,247,92,98,102,117,118,118,0.53854,0.53723,0.5364
1,9.8713e+05,1.161,12.12,195,800,1.0796,12.006,188.42,1242,0.39089,0.12339,0.032384,0.33874,0.11764,0.026816,0.29731,0.11515,0.022208,249,250,249,217,214,214,173,174,176,254,254,251,97,101,103,108,112,114,0.5376,0.53469,0.53586
1,9.8723e+05,1.161,12.2,195,800,1.105,12.081,187.9,916.04,0.31025,0.13357,0.031936,0.29845,0.12231,0.027968,0.28213,0.1157,0.02496,250,248,247,216,214,212,171,173,176,255,255,254,97,101,104,101,104,108,0.54448,0.54234,0.53813
1,9.8733e+05,1.161,12.28,195,800,1.0976,12.157,187.94,702.41,0.31799,0.13627,0.031936,0.29882,0.12812,0.028224,0.28247,0.12083,0.025216,238,242,245,202,203,203,172,176,179,255,255,255,94,99,105,110,110,110,0.52182,0.52963,0.53448
1,9.8743e+05,1.161,12.36,195,800,1.0955,12.243,186.53,891.48,0.31257,0.14603,0.03168,0.27748,0.13021,0.026432,0.24781,0.12127,0.022272,236,241,245,202,198,198,186,182,181,255,255,255,96,102,109,113,112,112,0.52862,0.53484,0.53665
1,9.8753e+05,1.161,12.44,195,800,1.1284,12.283,187,690.72,0.31682,0.13137,0.029632,0.26802,0.12211,0.024576,0.246,0.1165,0.021248,248,246,247,192,190,190,189,188,185,255,255,255,118,116,113,114,115,117,0.53201,0.53671,0.53587
1,9.8763e+05,1.161,12.52,195,800,1.0817,12.404,185.02,1343.6,0.27995,0.13271,0.028096,0.24319,0.12735,0.023872,0.21953,0.12187,0.0208,249,249,249,189,186,187,185,184,181,255,255,255,111,114,115,114,117,118,0.54406,0.54104,0.53863
1,9.8773e+05,1.161,12.6,195,800,1.0955,12.483,186.13,920.7,0.266,0.12809,0.02624,0.23503,0.12303,0.0224,0.21997,0.11378,0.019392,253,252,250,180,181,184,166,167,172,255,255,255,111,112,113,120,121,123,0.53222,0.53468,0.53551
1,9.8783e+05,1.161,12.68,195,800,1.0944,12.552,185.51,983.94,0.29796,0.12088,0.026752,0.26201,0.11642,0.022528,0.23019,0.11173,0.018944,251,249,247,177,176,179,167,168,169,255,255,255,110,111,110,126,128,131,0.53529,0.53535,0.53618
1,9.8793e+05,1.161,12.76,195,800,1.1029,12.639,186.69,859.21,0.26925,0.13714,0.028032,0.24068,0.12917,0.023872,0.2244,0.12042,0.020928,244,244,244,166,172,178,175,173,170,255,255,255,103,106,106,133,136,141,0.53081,0.53901,0.5375
1,9.8803e+05,1.161,12.84,195,800,1.0976,12.715,187.76,1091.5,0.36056,0.13041,0.03392,0.31653,0.1229,0.027904,0.27789,0.11612,0.023488,227,233,239,185,181,181,171,171,171,255,255,254,93,95,97,169,174,176,0.53393,0.53511,0.53658
1,9.8813e+05,1.161,12.92,195,800,1.105,12.786,187.79,893.7,0.32364,0.14041,0.03488,0.2965,0.12895,0.029504,0.27311,0.12485,0.02592,231,234,239,189,186,184,167,167,168,254,252,250,88,92,95,201,203,199,0.53956,0.53509,0.53735
1,9.8823e+05,1.161,13,195,800,1.1029,12.862,187.67,636.54,0.30631,0.1406,0.032064,0.2684,0.13228,0.026944,0.24806,0.12453,0.023168,246,242,242,187,190,194,165,165,166,230,234,237,90,96,104,253,247,236,0.5439,0.54251,0.54186
1,9.8833e+05,1.161,13.08,195,800,1.0732,12.96,187.68,1116.6,0.35629,0.1392,0.036736,0.31293,0.13282,0.029824,0.26263,0.125,0.024832,241,241,243,238,213,201,168,168,169,223,222,228,128,134,137,255,249,242,0.54432,0.54028,0.54058
1,9.914e+05,1.254,13.12,195,800,1.1793,12.944,0.42603,800.98,0,0,0,0,0,0,0,0,0,246,246,246,181,186,188,157,164,168,230,233,235,144,145,144,241,241,237,0.53573,0.54051,0.54331
1,9.915e+05,1.254,13.04,195,800,1.2027,12.846,187.74,779.2,0.28745,0.12391,0.022784,0.25275,0.11978,0.019264,0.19958,0.11481,0.016512,246,247,247,182,186,189,159,163,167,236,237,238,112,119,126,253,249,241,0.5395,0.54168,0.54089
1,9.916e+05,1.254,12.96,195,800,1.1783,12.801,186.88,720.92,0.20574,0.15587,0.025344,0.2001,0.14839,0.023232,0.1931,0.1399,0.021504,248,247,246,183,181,183,171,168,166,254,251,246,97,97,100,232,228,221,0.53651,0.53638,0.53841
1,9.917e+05,1.254,12.88,195,800,1.1942,12.703,186.13,646.56,0.2658,0.16877,0.035264,0.2521,0.1593,0.031744,0.24236,0.15277,0.029056,248,246,245,171,174,179,166,168,168,255,254,251,94,95,97,202,202,201,0.52933,0.53489,0.53803
1,9.918e+05,1.254,12.8,195,800,1.1899,12.639,186.62,511.19,0.34873,0.14659,0.038464,0.3084,0.13584,0.030912,0.26096,0.12533,0.024704,244,245,245,164,169,177,174,172,170,255,255,255,100,99,99,147,152,158,0.52082,0.53313,0.53425
1,9.919e+05,1.254,12.72,195,800,1.1931,12.542,184.32,784.12,0.36811,0.15259,0.042432,0.33473,0.13964,0.03584,0.31629,0.13006,0.031168,253,251,248,188,184,182,167,169,170,255,255,255,115,111,107,132,132,133,0.54088,0.53877,0.5365
1,9.92e+05,1.254,12.64,195,800,1.1846,12.485,186.28,595.47,0.36579,0.13287,0.036352,0.315,0.12661,0.029952,0.2707,0.11896,0.02464,252,251,250,189,188,185,160,166,171,255,255,255,122,114,108,132,129,127,0.53701,0.54037,0.53747
1,9.921e+05,1.254,12.56,195,800,1.1899,12.394,185.93,666.49,0.40381,0.12887,0.039168,0.35099,0.11951,0.031552,0.31831,0.11145,0.026624,251,251,250,188,191,192,185,180,175,255,255,255,105,108,110,127,124,121,0.53388,0.53537,0.53499
1,9.922e+05,1.254,12.48,195,800,1.191,12.321,185.95,775.42,0.36186,0.12227,0.030848,0.24962,0.11687,0.022208,0.22972,0.11168,0.019712,252,250,249,192,195,196,197,187,179,255,255,255,111,110,110,121,120,118,0.53145,0.53519,0.53606
1,9.923e+05,1.254,12.4,195,800,1.1751,12.254,187,708.53,0.34732,0.11737,0.02944,0.28725,0.11211,0.023488,0.24812,0.10878,0.01984,249,248,247,207,206,203,186,187,184,255,255,255,118,110,106,113,113,114,0.53045,0.5335,0.53591
1,9.924e+05,1.254,12.32,195,800,1.1899,12.156,186.24,714.68,0.30232,0.13044,0.029568,0.26788,0.12467,0.02496,0.24211,0.1196,0.021952,246,246,246,196,202,209,183,181,179,255,255,255,91,95,99,106,107,109,0.54466,0.53943,0.53649
1,9.925e+05,1.254,12.24,195,800,1.2048,12.063,186.14,1173,0.35039,0.12579,0.032832,0.31866,0.11635,0.027392,0.27908,0.1087,0.022208,245,246,246,203,208,213,175,177,177,255,255,255,92,94,95,100,104,108,0.54489,0.54072,0.53667
1,9.926e+05,1.254,12.16,195,800,1.191,12.014,186.26,662.04,0.27994,0.12323,0.025664,0.2325,0.11873,0.0208,0.20099,0.11592,0.017728,246,248,249,231,224,217,175,175,174,255,255,254,91,92,94,112,112,113,0.53845,0.53499,0.53415
1,9.927e+05,1.254,12.08,195,800,1.191,11.913,184.81,916.29,0.2798,0.12037,0.024896,0.24795,0.11481,0.0208,0.21704,0.10894,0.017792,249,249,250,218,219,219,175,175,174,255,254,252,87,92,97,121,120,118,0.53113,0.53153,0.53428
1,9.928e+05,1.254,12,195,800,1.1751,11.867,187.16,993.54,0.2901,0.13057,0.028544,0.26588,0.12108,0.024256,0.24106,0.11508,0.021056,253,253,251,208,213,218,175,173,172,247,247,244,119,108,100,125,125,124,0.53473,0.53802,0.53745
1,9.929e+05,1.254,11.92,195,800,1.191,11.76,187.26,739.95,0.30258,0.12216,0.02784,0.25332,0.11673,0.022528,0.21371,0.11185,0.018688,254,253,252,215,216,214,165,170,172,231,229,227,97,97,93,114,118,121,0.53097,0.53454,0.53644
1,9.93e+05,1.254,11.84,195,800,1.1984,11.669,186.94,1109.8,0.33799,0.11988,0.030016,0.29218,0.11363,0.024192,0.25249,0.10836,0.019776,255,254,252,211,211,211,169,171,173,218,218,217,77,83,86,110,114,119,0.53443,0.53922,0.53962
1,9.931e+05,1.254,11.76,195,800,1.1878,11.612,187.67,892.98,0.31396,0.12344,0.029248,0.28215,0.11472,0.024128,0.24862,0.10887,0.019968,254,254,252,198,199,199,176,178,177,195,196,195,70,71,72,116,118,122,0.53901,0.54137,0.54156
1,9.932e+05,1.254,11.68,195,800,1.1963,11.522,186.81,799.76,0.29972,0.12588,0.025216,0.22753,0.12086,0.020928,0.21128,0.11571,0.018944,254,252,251,194,194,194,179,180,179,187,186,185,68,69,69,118,124,129,0.54184,0.54335,0.54215
1,9.933e+05,1.254,11.6,195,800,1.1719,11.478,187.13,1094,0.36257,0.11985,0.030976,0.29576,0.11479,0.024576,0.24858,0.11133,0.02048,244,249,252,186,191,197,183,183,183,165,164,161,72,68,64,142,146,151,0.54224,0.54428,0.54491
1,9.934e+05,1.254,11.52,195,800,1.1952,11.392,185.38,823.22,0.32852,0.12757,0.029952,0.27791,0.11798,0.024192,0.24555,0.11562,0.020992,252,252,251,214,209,205,190,191,187,139,140,140,56,59,61,175,182,188,0.54768,0.54563,0.54772
1,9.935e+05,1.254,11.44,195,800,1.2027,11.297,187.01,767.78,0.33235,0.12759,0.03008,0.28353,0.12442,0.025792,0.25675,0.11606,0.022144,251,251,251,217,217,213,198,195,188,131,132,132,55,56,59,210,209,209,0.5517,0.55027,0.55078
1,9.936e+05,1.254,11.36,195,800,1.1899,11.222,186.61,1008.8,0.33026,0.13004,0.030208,0.26217,0.12431,0.024064,0.24181,0.11771,0.021312,249,250,250,230,225,216,190,185,180,124,125,127,60,61,61,254,249,240,0.56868,0.55521,0.55499
1,9.937e+05,1.254,11.28,195,800,1.1878,11.152,187.23,882.65,0.26715,0.13919,0.027968,0.23503,0.13046,0.023296,0.2057,0.12654,0.02016,250,249,248,224,218,210,170,173,173,125,127,132,64,63,62,255,252,245,0.56222,0.55837,0.55834
1,9.938e+05,1.254,11.2,195,800,1.2037,11.045,187.31,864.45,0.41489,0.13973,0.042944,0.36226,0.13032,0.03584,0.3088,0.12231,0.029312,240,243,247,177,184,189,156,156,157,149,153,157,62,64,68,244,236,226,0.55484,0.56318,0.56406
1,9.939e+05,1.254,11.12,195,800,1.1984,10.988,186.57,1020.2,0.31644,0.12052,0.028224,0.27139,0.11541,0.02368,0.24804,0.10998,0.020736,248,248,248,169,166,171,145,149,154,208,201,197,76,82,94,182,184,187,0.58014,0.57893,0.57757
1,9.94e+05,1.254,11.04,195,800,1.1751,10.915,186.65,781.47,0.34884,0.13487,0.03584,0.32462,0.1285,0.031616,0.29311,0.12243,0.027136,254,251,249,156,164,168,155,155,155,223,221,215,98,107,111,155,163,171,0.58818,0.58433,0.57523
1,9.9707e+05,1.347,11,195,800,1.295,10.917,-0.16653,663.5,0,0,0,0,0,0,0,0,0,250,252,251,169,170,170,154,154,154,236,233,231,160,144,138,147,146,153,0.50547,0.51415,0.51815
1,9.9717e+05,1.347,11.08,195,800,1.2801,10.999,186.37,786.61,0.30817,0.11848,0.024128,0.28487,0.11229,0.021184,0.26268,0.10541,0.01824,247,247,247,154,163,172,149,150,152,195,197,199,88,92,101,173,176,184,0.58846,0.58575,0.58667
1,9.9727e+05,1.347,11.16,195,800,1.2886,11.078,185.57,703.88,0.29081,0.12196,0.026304,0.27442,0.11637,0.022592,0.23197,0.11252,0.018496,241,243,246,166,171,178,155,152,152,171,173,179,72,76,83,209,207,204,0.56478,0.56885,0.56993
1,9.9737e+05,1.347,11.24,195,800,1.279,11.139,185.22,638.79,0.2466,0.14346,0.027264,0.22504,0.13525,0.023296,0.20697,0.129,0.020544,246,245,246,210,204,198,158,160,162,138,140,145,81,72,67,250,246,238,0.5638,0.56163,0.55966
1,9.9747e+05,1.347,11.32,195,800,1.2748,11.226,187.46,652.16,0.44364,0.11973,0.036992,0.38425,0.11378,0.02784,0.33372,0.11061,0.019584,250,248,247,218,211,205,165,167,169,127,131,135,79,70,63,250,249,243,0.55688,0.55328,0.55356
1,9.9757e+05,1.347,11.4,195,800,1.2769,11.304,187.1,639.08,0.21046,0.13897,0.022784,0.19477,0.12958,0.019584,0.17826,0.12624,0.017536,245,247,248,198,203,208,180,179,178,123,125,130,52,56,60,240,230,222,0.55834,0.55344,0.55244
1,9.9767e+05,1.347,11.48,195,800,1.2536,11.404,187.11,916.39,0.37121,0.12566,0.034752,0.33249,0.11988,0.029184,0.306,0.11167,0.024064,251,248,249,216,198,196,175,175,179,139,140,143,60,60,61,183,184,185,0.54609,0.54708,0.54836
1,9.9777e+05,1.347,11.56,195,800,1.2918,11.443,185.5,930.97,0.31908,0.1587,0.036864,0.29729,0.1389,0.031296,0.27564,0.12754,0.026624,252,249,249,184,189,192,168,173,176,151,153,154,64,64,64,168,166,166,0.54742,0.54607,0.54541
1,9.9787e+05,1.347,11.64,195,800,1.2928,11.522,186.88,726.19,0.33504,0.12579,0.027328,0.23467,0.12018,0.020032,0.2046,0.11722,0.01696,253,252,252,177,183,190,170,171,174,173,175,176,65,67,68,154,144,140,0.54142,0.54394,0.54324
1,9.9797e+05,1.347,11.72,195,800,1.279,11.613,187.31,783.47,0.30445,0.13069,0.028864,0.26844,0.11682,0.023424,0.23599,0.11057,0.019264,254,254,253,201,196,195,170,172,175,182,183,186,67,68,70,139,134,131,0.54778,0.54347,0.54248
1,9.9807e+05,1.347,11.8,195,800,1.2759,11.714,187.98,1003.6,0.26182,0.12452,0.02496,0.22959,0.1196,0.021056,0.2064,0.11623,0.01856,255,255,254,211,215,212,175,174,173,204,205,206,76,79,83,117,119,122,0.54051,0.54299,0.54041
1,9.9817e+05,1.347,11.88,195,800,1.2737,11.758,187.14,599.55,0.29914,0.13439,0.030592,0.2755,0.12727,0.02656,0.25545,0.11886,0.023104,253,253,253,228,226,220,174,170,171,229,228,228,111,110,104,133,127,124,0.53494,0.53808,0.53791
1,9.9827e+05,1.347,11.96,195,800,1.2737,11.848,187.02,976.24,0.28104,0.11974,0.019904,0.15805,0.11745,0.0144,0.14967,0.11134,0.012928,251,251,253,231,225,221,169,169,171,240,237,236,120,117,108,141,132,127,0.53198,0.53522,0.53798
1,9.9837e+05,1.347,12.04,195,800,1.2472,11.948,186.23,1112.1,0.27026,0.11492,0.02304,0.23811,0.11236,0.019904,0.21858,0.10262,0.017024,253,251,251,219,219,221,177,174,172,244,245,247,96,101,105,136,133,127,0.52687,0.53207,0.53432
1,9.9847e+05,1.347,12.12,195,800,1.2875,11.992,185.87,859.76,0.2748,0.13273,0.027712,0.25233,0.12118,0.023552,0.23235,0.11838,0.021184,252,251,250,221,219,220,181,176,173,248,249,250,92,94,99,135,129,122,0.5312,0.53618,0.53507
1,9.9857e+05,1.347,12.2,195,800,1.2759,12.082,185.91,711.09,0.29511,0.12517,0.026176,0.23785,0.11965,0.02144,0.21477,0.11279,0.018496,248,249,250,218,218,219,171,173,175,254,253,253,97,96,96,107,111,113,0.53213,0.53435,0.53574
1,9.9867e+05,1.347,12.28,195,800,1.2759,12.165,185.68,843.93,0.34894,0.12697,0.031488,0.31257,0.11955,0.026176,0.27654,0.11364,0.022336,251,251,250,214,215,217,179,177,176,255,254,255,100,101,102,114,112,110,0.52762,0.53295,0.53457
1,9.9877e+05,1.347,12.36,195,800,1.278,12.242,185.49,1089,0.32207,0.1304,0.030912,0.29527,0.1213,0.02592,0.2607,0.11214,0.021888,251,250,250,218,218,216,178,177,176,255,255,255,100,103,105,117,115,112,0.52075,0.53377,0.53584
1,9.9887e+05,1.347,12.44,195,800,1.2844,12.306,185.75,560.52,0.35698,0.13099,0.03424,0.32489,0.1221,0.02848,0.30612,0.11373,0.024512,246,249,250,211,211,208,170,172,176,255,255,255,108,109,109,114,115,116,0.53649,0.53402,0.53404
1,9.9897e+05,1.347,12.52,195,800,1.2684,12.407,186.22,1017.6,0.28757,0.12849,0.027264,0.25402,0.12135,0.02368,0.23533,0.1182,0.021248,249,249,249,198,201,203,169,171,173,255,255,255,107,109,109,117,116,116,0.5275,0.52914,0.53159
1,9.9907e+05,1.347,12.6,195,800,1.2716,12.485,185.46,903.09,0.36175,0.12403,0.032576,0.30294,0.11893,0.026944,0.28,0.112,0.023232,242,246,248,192,191,192,164,168,171,255,255,255,100,104,108,117,120,122,0.54071,0.53459,0.53429
1,9.9917e+05,1.347,12.68,195,800,1.2727,12.56,186.31,1069.9,0.32494,0.13162,0.032,0.28522,0.12196,0.02624,0.24936,0.12027,0.02304,247,247,248,190,188,187,175,173,170,255,255,255,98,101,104,126,129,133,0.54123,0.53835,0.53693
1,9.9927e+05,1.347,12.76,195,800,1.2568,12.641,186.64,936.33,0.29104,0.12204,0.02496,0.22646,0.11828,0.020352,0.20349,0.11589,0.01792,247,248,248,187,186,185,178,174,169,255,255,255,96,99,102,138,141,144,0.53319,0.53369,0.53465
1,9.9937e+05,1.347,12.84,195,800,1.278,12.7,186.6,588.16,0.25744,0.1367,0.02752,0.23188,0.12676,0.022976,0.21584,0.12134,0.02048,250,250,250,183,186,185,163,165,168,255,255,254,94,95,98,182,179,176,0.52967,0.53555,0.5344
1,9.9947e+05,1.347,12.92,195,800,1.279,12.795,188.66,1160.2,0.43404,0.12257,0.03392,0.25803,0.12281,0.023488,0.22534,0.1208,0.02048,252,251,250,194,188,185,161,164,166,255,254,252,93,96,100,200,200,196,0.52339,0.5325,0.53313
1,9.9957e+05,1.347,13,195,800,1.2759,12.858,186.8,834,0.31799,0.13647,0.032128,0.28318,0.12607,0.026496,0.25363,0.11907,0.022976,251,251,251,183,183,183,162,166,169,242,243,243,116,116,117,240,235,224,0.52724,0.53341,0.53421
1,9.9967e+05,1.347,13.08,195,800,1.2833,12.936,186.67,777.79,0.33592,0.13607,0.034304,0.30614,0.12619,0.02944,0.28358,0.11786,0.025152,247,249,248,174,176,181,176,175,173,231,236,238,151,154,150,237,232,224,0.54708,0.54112,0.53816
1,1.0027e+06,1.44,13.12,195,800,1.3714,12.916,-0.34529,908.23,0,0,0,0,0,0,0,0,0,251,249,249,186,184,185,191,183,176,229,232,236,144,140,141,209,210,209,0.5398,0.54211,0.54154
1,1.0028e+06,1.44,13.04,195,800,1.3554,12.872,185.92,532.46,0.25962,0.12333,0.020352,0.2388,0.11949,0.017408,0.21478,0.11401,0.014784,254,252,251,185,183,186,187,181,174,233,233,237,130,127,128,210,210,208,0.539,0.53756,0.53708
1,1.0029e+06,1.44,12.96,195,800,1.365,12.778,185.59,874.11,0.22837,0.1475,0.026176,0.2198,0.13899,0.023808,0.21198,0.13223,0.021952,254,254,253,185,192,194,167,167,168,249,247,245,103,107,111,199,195,193,0.52986,0.53524,0.53523
1,1.003e+06,1.44,12.88,195,800,1.3523,12.722,187.16,884.3,0.30993,0.13906,0.03296,0.28687,0.132,0.02912,0.27374,0.12502,0.0256,255,254,253,200,199,196,165,164,166,253,252,250,100,102,106,182,182,181,0.53158,0.53156,0.53408
1,1.0031e+06,1.44,12.8,195,800,1.3565,12.626,187.75,802.54,0.4048,0.14553,0.044224,0.38307,0.1315,0.037696,0.33499,0.12113,0.0304,251,251,250,194,193,193,163,166,168,255,255,255,101,101,101,150,152,153,0.53685,0.53496,0.53448
1,1.0032e+06,1.44,12.72,195,800,1.3777,12.538,187.18,492.56,0.42692,0.12942,0.039104,0.32525,0.11621,0.027904,0.27578,0.11092,0.022336,245,246,246,187,188,190,169,171,172,255,255,255,108,104,103,131,129,130,0.54031,0.53575,0.53448
1,1.0033e+06,1.44,12.64,195,800,1.3809,12.472,186.73,728.12,0.34693,0.14132,0.03648,0.28985,0.13328,0.028352,0.2556,0.12621,0.024384,245,245,246,191,191,193,172,172,172,255,255,255,103,104,106,120,120,122,0.53707,0.53637,0.53542
1,1.0034e+06,1.44,12.56,195,800,1.3926,12.377,186.06,494.11,0.38681,0.12838,0.035328,0.32958,0.12016,0.02688,0.24333,0.11804,0.021184,251,249,248,196,201,204,172,171,172,255,255,255,114,112,110,109,112,115,0.53151,0.53891,0.53635
1,1.0035e+06,1.44,12.48,195,800,1.3682,12.328,187.06,713.91,0.30075,0.12551,0.027584,0.26948,0.11651,0.023552,0.25364,0.11241,0.020864,252,251,250,212,211,210,167,170,171,255,255,255,123,115,110,113,113,113,0.54158,0.536,0.53546
1,1.0036e+06,1.44,12.4,195,800,1.3777,12.229,187.55,669.82,0.29166,0.13736,0.030784,0.26708,0.12648,0.026176,0.25198,0.12364,0.02368,253,252,251,234,225,218,170,171,172,255,255,255,101,108,109,112,113,112,0.54684,0.53862,0.53519
1,1.0037e+06,1.44,12.32,195,800,1.366,12.167,186.79,888.23,0.26452,0.14277,0.026944,0.23771,0.13274,0.022848,0.21,0.12617,0.020288,255,253,251,228,224,221,174,173,173,255,254,255,121,112,104,111,109,109,0.53887,0.53572,0.53486
1,1.0038e+06,1.44,12.24,195,800,1.3777,12.081,187.66,681.09,0.35389,0.12847,0.034176,0.32037,0.12081,0.028672,0.27871,0.11321,0.023744,252,252,251,234,225,220,174,173,174,253,254,254,107,106,102,105,107,110,0.53027,0.52954,0.53251
1,1.0039e+06,1.44,12.16,195,800,1.3745,12.011,187.41,977.26,0.33141,0.11826,0.02848,0.28403,0.11394,0.02336,0.2538,0.11042,0.019456,252,252,252,223,222,224,168,171,174,251,251,251,91,94,99,112,113,115,0.54148,0.53715,0.53522
1,1.004e+06,1.44,12.08,195,800,1.3703,11.928,186.84,981.09,0.32007,0.12441,0.029248,0.27317,0.11861,0.024512,0.25121,0.11226,0.02112,254,253,252,223,222,225,167,171,173,250,249,249,97,99,102,120,120,120,0.5282,0.53232,0.53416
1,1.0041e+06,1.44,12,195,800,1.3767,11.837,187.23,639.5,0.27158,0.14317,0.029952,0.24912,0.13601,0.025728,0.22902,0.12745,0.022592,251,252,253,227,228,229,172,170,171,245,244,242,116,116,114,129,129,128,0.52988,0.53243,0.53471
1,1.0042e+06,1.44,11.92,195,800,1.3714,11.777,185.6,788.05,0.32044,0.13979,0.03424,0.28549,0.12966,0.028352,0.25998,0.12188,0.024192,254,253,253,225,227,225,165,170,172,235,230,227,124,117,110,127,127,128,0.53583,0.53591,0.53593
1,1.0043e+06,1.44,11.84,195,800,1.3714,11.67,187.36,620.86,0.35549,0.13154,0.034816,0.3069,0.11965,0.02688,0.25798,0.11548,0.021632,255,255,254,225,218,220,174,174,174,223,219,216,100,102,102,121,125,128,0.54489,0.53657,0.53615
1,1.0044e+06,1.44,11.76,195,800,1.3735,11.607,186.2,750.6,0.30006,0.11724,0.023488,0.24916,0.11036,0.01728,0.16509,0.11256,0.013888,255,254,254,208,203,205,180,178,175,188,191,196,72,75,80,129,128,130,0.54504,0.54179,0.54176
1,1.0045e+06,1.44,11.68,195,800,1.3745,11.536,186.25,828.48,0.30643,0.12692,0.029056,0.27541,0.1212,0.024512,0.25284,0.11323,0.020992,252,253,253,199,198,196,175,175,174,184,185,187,69,70,74,126,131,135,0.54335,0.54183,0.54259
1,1.0046e+06,1.44,11.6,195,800,1.3427,11.492,185.65,888.59,0.29725,0.13124,0.028736,0.26742,0.12546,0.024576,0.24016,0.11844,0.021056,255,253,251,185,185,190,175,172,172,180,174,169,69,71,74,140,145,150,0.5383,0.54557,0.54657
1,1.0047e+06,1.44,11.52,195,800,1.3576,11.384,185.97,745.2,0.27904,0.14801,0.031168,0.25614,0.14116,0.027968,0.23606,0.13568,0.024512,242,248,250,196,195,194,168,171,172,144,145,147,74,72,71,170,173,179,0.54604,0.54524,0.54739
1,1.0048e+06,1.44,11.44,195,800,1.3788,11.297,186.71,780.7,0.31939,0.13316,0.03104,0.26482,0.12567,0.02496,0.23639,0.12046,0.021504,248,247,249,208,201,198,171,173,173,132,133,138,64,66,68,191,194,197,0.55382,0.55004,0.54879
1,1.0049e+06,1.44,11.36,195,800,1.3745,11.209,186.08,923.13,0.29292,0.13137,0.028928,0.25886,0.12393,0.023936,0.23546,0.1181,0.0208,251,251,250,193,199,203,176,173,168,135,133,135,54,58,62,235,232,225,0.56287,0.55621,0.55265
1,1.005e+06,1.44,11.28,195,800,1.3491,11.158,187.46,979.09,0.38686,0.12499,0.033472,0.25791,0.11928,0.023488,0.2371,0.11586,0.020736,252,251,249,199,201,202,163,165,165,147,142,140,55,58,63,242,238,231,0.55402,0.55648,0.55731
1,1.0051e+06,1.44,11.2,195,800,1.3809,11.074,186.87,774.44,0.33717,0.13275,0.033856,0.30782,0.12589,0.02816,0.27808,0.12113,0.024192,249,248,248,203,194,188,155,154,153,158,162,168,66,71,77,231,223,214,0.5623,0.56537,0.56511
1,1.0052e+06,1.44,11.12,195,800,1.365,10.985,187.3,1055.5,0.29197,0.13179,0.029248,0.25572,0.12863,0.025152,0.23665,0.12238,0.022144,247,249,249,158,168,175,143,146,150,210,210,208,109,111,120,172,174,178,0.57088,0.57623,0.57742
1,1.0053e+06,1.44,11.04,195,800,1.3639,10.905,186.46,805.55,0.33228,0.12906,0.030848,0.22293,0.12244,0.020672,0.1968,0.11905,0.018176,254,252,251,178,172,171,142,148,151,245,235,226,138,147,146,144,154,163,0.59416,0.58319,0.56997
1,1.0084e+06,1.533,11,195,800,1.4721,10.923,0.25389,628.81,0,0,0,0,0,0,0,0,0,255,255,253,172,174,173,159,153,152,254,253,249,246,221,200,152,148,149,0.51999,0.51465,0.51417
1,1.0085e+06,1.533,11.08,195,800,1.452,11.017,186.75,744.27,0.4036,0.11309,0.026624,0.3672,0.10673,0.023168,0.34232,0.10502,0.020032,246,249,250,157,166,175,139,142,148,229,226,222,132,135,139,165,165,168,0.5812,0.58541,0.58363
1,1.0086e+06,1.533,11.16,195,800,1.4658,11.059,187.25,515.75,0.22619,0.11878,0.020736,0.20782,0.11393,0.018496,0.1992,0.10919,0.016576,245,247,249,169,174,181,143,144,147,200,201,202,92,96,104,185,183,183,0.56526,0.56933,0.57027
1,1.0087e+06,1.533,11.24,195,800,1.4711,11.122,186.46,412.18,0.2924,0.14066,0.032,0.27456,0.13159,0.028352,0.25932,0.12555,0.025472,250,250,250,205,203,198,151,153,155,156,156,160,58,60,66,208,214,214,0.54922,0.55923,0.56135
1,1.0088e+06,1.533,11.32,195,800,1.4647,11.22,186.64,601.13,0.36556,0.13523,0.037696,0.29173,0.12469,0.028032,0.26107,0.11492,0.023168,252,251,250,205,206,207,159,160,159,137,141,146,58,59,61,224,223,219,0.5593,0.5559,0.55554
1,1.0089e+06,1.533,11.4,195,800,1.4828,11.294,185.59,708.76,0.32879,0.13458,0.032832,0.26339,0.13275,0.026624,0.23534,0.12774,0.022848,250,250,250,207,206,205,169,166,164,127,131,138,72,70,68,211,208,206,0.54362,0.5524,0.55173
1,1.009e+06,1.533,11.48,195,800,1.4658,11.379,186.68,711.11,0.42132,0.13237,0.038592,0.3294,0.12917,0.030016,0.26896,0.12263,0.023808,248,250,250,182,196,201,171,168,168,147,151,153,101,90,79,167,170,177,0.5407,0.5452,0.54693
1,1.0091e+06,1.533,11.56,195,800,1.4658,11.442,186.85,797.99,0.3754,0.13131,0.034176,0.26907,0.12647,0.0256,0.22313,0.12352,0.021056,253,251,251,191,192,197,173,172,169,162,164,166,101,91,82,151,158,163,0.54669,0.54569,0.5462
1,1.0092e+06,1.533,11.64,195,800,1.4424,11.546,187.32,1140.9,0.29944,0.13282,0.030464,0.27047,0.12372,0.025792,0.25022,0.11877,0.022912,250,252,253,192,195,198,168,171,173,185,186,187,74,80,85,141,142,145,0.53638,0.53808,0.54079
1,1.0093e+06,1.533,11.72,195,800,1.452,11.614,186.97,566.93,0.31353,0.11966,0.025216,0.26526,0.11447,0.020992,0.23031,0.1102,0.017984,253,252,253,196,198,200,171,173,174,189,193,197,81,84,86,136,137,139,0.5343,0.54023,0.54227
1,1.0094e+06,1.533,11.8,195,800,1.4626,11.685,187.44,868.19,0.29509,0.1243,0.02688,0.2603,0.11768,0.02272,0.23554,0.11143,0.019776,255,255,254,201,212,214,176,177,175,206,211,217,94,100,102,134,132,131,0.53467,0.53782,0.53847
1,1.0095e+06,1.533,11.88,195,800,1.47,11.767,187.68,850.08,0.29863,0.13295,0.030144,0.27188,0.12426,0.025792,0.256,0.11917,0.022976,255,255,253,234,237,229,171,173,174,230,233,235,134,122,113,128,129,129,0.54595,0.53822,0.5352
1,1.0096e+06,1.533,11.96,195,800,1.4668,11.841,186.46,840.13,0.29623,0.12741,0.027776,0.27026,0.12101,0.024,0.2535,0.11309,0.021056,255,254,253,246,242,236,166,172,173,237,242,242,126,125,117,129,128,127,0.53666,0.53029,0.53358
1,1.0097e+06,1.533,12.04,195,800,1.4743,11.932,186.74,931.41,0.23241,0.13214,0.023104,0.21251,0.12312,0.019776,0.19159,0.11948,0.017536,252,252,251,241,239,233,175,175,173,250,250,249,123,114,107,117,121,123,0.53114,0.53458,0.53379
1,1.0098e+06,1.533,12.12,195,800,1.4626,12.017,186.2,756,0.28012,0.1277,0.02688,0.23046,0.12381,0.02176,0.20838,0.11709,0.019008,250,251,250,231,232,229,180,178,174,251,252,251,103,103,102,113,117,119,0.53407,0.53244,0.53437
1,1.0099e+06,1.533,12.2,195,800,1.4679,12.081,186.11,1014.1,0.2837,0.11439,0.023552,0.23429,0.1127,0.0192,0.20018,0.10847,0.016,252,251,251,221,224,222,182,178,174,255,254,253,96,98,101,110,111,113,0.54185,0.53865,0.53566
1,1.01e+06,1.533,12.28,195,800,1.4531,12.165,186.73,679.81,0.28851,0.12255,0.027008,0.26196,0.11768,0.023488,0.23867,0.11119,0.020032,251,252,252,200,211,217,168,171,173,255,255,255,109,109,105,104,108,110,0.53364,0.5339,0.53515
1,1.0101e+06,1.533,12.36,195,800,1.4594,12.227,186.37,512.48,0.33247,0.14341,0.036032,0.28593,0.1337,0.029184,0.253,0.13099,0.0256,247,251,252,198,208,218,169,171,172,255,255,255,102,106,108,106,108,111,0.54812,0.53451,0.53417
1,1.0102e+06,1.533,12.44,195,800,1.4615,12.31,187.17,595.41,0.40763,0.12052,0.033024,0.29861,0.11496,0.023808,0.23557,0.1104,0.01888,254,253,252,220,220,218,175,173,172,255,255,255,108,109,112,111,112,113,0.54694,0.53366,0.5342
1,1.0103e+06,1.533,12.52,195,800,1.4626,12.399,186.34,1025.4,0.29549,0.12656,0.027648,0.25839,0.11948,0.023168,0.23008,0.11828,0.020416,254,253,252,222,220,217,172,174,173,255,255,255,115,117,115,115,114,114,0.53232,0.536,0.53564
1,1.0104e+06,1.533,12.6,195,800,1.4711,12.472,185.7,833.45,0.31461,0.12981,0.030656,0.27278,0.12215,0.024896,0.23785,0.11948,0.021376,250,250,249,207,207,205,180,177,173,255,255,255,126,121,116,116,116,118,0.52526,0.5312,0.53283
1,1.0105e+06,1.533,12.68,195,800,1.4552,12.562,184.73,1240.1,0.27489,0.13639,0.029056,0.25038,0.13161,0.025792,0.24014,0.12203,0.022528,243,244,246,191,191,193,177,175,173,255,255,255,102,106,108,125,126,128,0.53861,0.53623,0.53481
1,1.0106e+06,1.533,12.76,195,800,1.4732,12.633,185.45,1016.3,0.38339,0.1243,0.034112,0.26657,0.11878,0.023808,0.23013,0.11457,0.019584,242,244,246,185,189,194,176,174,173,255,255,255,99,101,105,134,135,137,0.54235,0.53547,0.53473
1,1.0107e+06,1.533,12.84,195,800,1.4743,12.705,186.01,689.09,0.31635,0.13101,0.031296,0.2829,0.12315,0.026112,0.25917,0.11953,0.023232,254,251,250,207,206,202,171,170,171,255,254,252,110,108,107,154,156,159,0.53033,0.53313,0.53365
1,1.0108e+06,1.533,12.92,195,800,1.452,12.8,186.43,924.81,0.30788,0.12206,0.026112,0.26241,0.11736,0.021568,0.22398,0.11101,0.018304,255,254,252,220,214,203,167,168,170,253,250,248,121,116,111,162,166,170,0.53206,0.53259,0.53327
1,1.0109e+06,1.533,13,195,800,1.4668,12.859,186.78,822.03,0.32823,0.11882,0.027328,0.27791,0.11488,0.022272,0.23893,0.10793,0.018816,255,255,254,201,198,198,168,170,173,229,232,236,127,123,120,178,185,194,0.53553,0.53935,0.53615
1,1.011e+06,1.533,13.08,195,800,1.4658,12.943,187.14,628.47,0.29403,0.12584,0.02816,0.26805,0.11445,0.023552,0.23435,0.10903,0.019584,254,253,250,186,186,189,178,175,173,229,228,231,113,123,134,204,207,209,0.53839,0.54031,0.53932
1,1.0141e+06,1.626,13.12,195,800,1.5602,12.921,-0.16984,823.73,0,0,0,0,0,0,0,0,0,255,254,252,200,197,195,174,173,172,218,223,228,138,135,135,251,238,223,0.52678,0.53647,0.53751
1,1.0142e+06,1.626,13.04,195,800,1.5602,12.839,186.89,866.83,0.18256,0.12231,0.017152,0.16959,0.11827,0.015168,0.16627,0.11285,0.013952,255,255,254,194,197,200,172,173,174,220,225,230,129,128,126,233,227,216,0.5361,0.53572,0.53516
1,1.0143e+06,1.626,12.96,195,800,1.5549,12.787,186.31,653.05,0.23605,0.13083,0.024,0.22168,0.12189,0.020928,0.20661,0.11724,0.018944,255,254,253,207,207,203,173,173,174,242,243,242,113,115,114,187,186,185,0.54536,0.53437,0.53321
1,1.0144e+06,1.626,12.88,195,800,1.557,12.707,186.73,637.71,0.29286,0.14006,0.030144,0.26874,0.13189,0.025984,0.23599,0.12749,0.022592,251,251,250,216,210,201,178,175,174,252,251,248,104,108,110,172,169,168,0.53492,0.53381,0.53176
1,1.0145e+06,1.626,12.8,195,800,1.556,12.624,187.4,888.17,0.38997,0.14377,0.04288,0.36814,0.12886,0.036352,0.32324,0.12448,0.030784,238,241,245,195,194,193,177,178,177,255,255,255,98,102,106,147,143,142,0.52486,0.53179,0.53253
1,1.0146e+06,1.626,12.72,195,800,1.5496,12.55,187.76,687.12,0.46055,0.13738,0.0464,0.36196,0.12973,0.03552,0.3215,0.12305,0.030016,243,244,244,184,188,191,174,175,176,255,255,255,107,110,111,121,124,127,0.53446,0.53261,0.53204
1,1.0147e+06,1.626,12.64,195,800,1.5443,12.482,186.89,682.34,0.38399,0.12993,0.035264,0.2871,0.12336,0.02656,0.23979,0.12156,0.022144,248,247,247,193,197,200,165,170,175,255,255,255,120,119,116,118,120,123,0.5255,0.53012,0.53269
1,1.0148e+06,1.626,12.56,195,800,1.5666,12.378,186.73,1011.9,0.3683,0.13816,0.038912,0.33213,0.12954,0.03296,0.29572,0.12246,0.027328,253,252,251,231,226,219,170,171,173,255,255,255,131,125,118,118,121,122,0.54161,0.53604,0.53468
1,1.0149e+06,1.626,12.48,195,800,1.539,12.323,187.7,765.98,0.38559,0.1352,0.039232,0.32025,0.12479,0.030592,0.28397,0.11654,0.025408,254,253,253,235,231,225,171,172,174,255,255,255,113,117,116,122,121,120,0.53795,0.53678,0.53563
1,1.015e+06,1.626,12.4,195,800,1.5645,12.213,186.99,800.35,0.35401,0.11439,0.028352,0.29799,0.10799,0.021632,0.22318,0.10439,0.016896,253,253,253,216,219,225,172,173,174,255,255,255,105,106,110,115,116,117,0.53237,0.53275,0.53308
1,1.0151e+06,1.626,12.32,195,800,1.5592,12.142,186.53,831.04,0.31319,0.12904,0.030848,0.27193,0.12202,0.02528,0.24353,0.11767,0.021952,252,252,252,214,216,217,173,174,175,255,255,255,110,106,105,114,116,117,0.54282,0.53615,0.53336
1,1.0152e+06,1.626,12.24,195,800,1.5719,12.062,185.62,514.67,0.32416,0.13027,0.031936,0.28284,0.12012,0.025984,0.2583,0.11476,0.02208,249,251,251,217,214,215,174,174,174,255,255,254,105,103,102,117,118,118,0.54052,0.53247,0.53405
1,1.0153e+06,1.626,12.16,195,800,1.5454,12.003,185.8,972.94,0.39299,0.11993,0.031424,0.34229,0.10952,0.024896,0.2907,0.10165,0.01984,246,248,249,216,216,218,168,172,173,250,250,252,86,91,97,125,123,122,0.53249,0.5342,0.5349
1,1.0154e+06,1.626,12.08,195,800,1.5507,11.938,185.53,572.14,0.27635,0.12938,0.027584,0.25322,0.12165,0.024,0.23453,0.11582,0.020928,248,247,248,230,223,220,167,171,173,247,249,250,91,93,97,128,125,124,0.53464,0.53639,0.53514
1,1.0155e+06,1.626,12,195,800,1.5464,11.855,185.21,835.71,0.34438,0.12993,0.033536,0.31359,0.12145,0.028096,0.27011,0.11806,0.024064,244,246,249,232,232,230,176,175,175,254,250,248,101,102,105,131,130,127,0.54007,0.53648,0.53331
1,1.0156e+06,1.626,11.92,195,800,1.5623,11.761,185.81,790.92,0.3258,0.11789,0.0256,0.26425,0.11287,0.020608,0.21602,0.10751,0.01696,255,252,252,246,234,225,184,177,175,255,248,242,112,112,108,127,128,129,0.53461,0.53191,0.53331
1,1.0157e+06,1.626,11.84,195,800,1.5507,11.691,185.37,1060.5,0.32289,0.12312,0.02912,0.28091,0.11752,0.024448,0.25414,0.11185,0.02112,255,255,254,230,223,218,173,176,176,252,243,237,121,112,109,131,128,130,0.5363,0.53845,0.5367
1,1.0158e+06,1.626,11.76,195,800,1.5475,11.61,186.29,862.1,0.35463,0.12075,0.029312,0.30811,0.11219,0.024128,0.26433,0.11003,0.020032,254,254,254,206,199,204,180,173,172,235,225,220,124,109,101,138,139,139,0.53672,0.53637,0.53878
1,1.0159e+06,1.626,11.68,195,800,1.5528,11.536,187.51,823.67,0.29178,0.14689,0.030592,0.25692,0.1387,0.025216,0.22941,0.1338,0.022656,253,254,253,195,199,202,172,171,171,216,212,209,112,104,97,148,148,146,0.52949,0.53798,0.54041
1,1.016e+06,1.626,11.6,195,800,1.5528,11.467,184.56,703,0.35803,0.12097,0.032128,0.32285,0.1131,0.025984,0.2817,0.10839,0.020416,254,254,253,220,212,205,170,168,168,185,184,183,86,91,93,175,169,164,0.54776,0.54542,0.54426
1,1.0161e+06,1.626,11.52,195,800,1.5379,11.39,187.9,669.81,0.29973,0.11389,0.024448,0.24458,0.11067,0.019456,0.20658,0.10997,0.016704,252,252,252,199,209,213,162,162,163,168,160,157,84,82,81,192,185,182,0.54585,0.54562,0.54535
1,1.0162e+06,1.626,11.44,195,800,1.5581,11.3,187.27,739.54,0.24798,0.12773,0.022336,0.20158,0.12153,0.018688,0.18301,0.1194,0.016704,246,250,252,208,212,215,147,155,162,147,147,146,65,70,75,188,192,194,0.53975,0.54783,0.54959
1,1.0163e+06,1.626,11.36,195,800,1.556,11.212,188.24,975.52,0.25136,0.13854,0.027072,0.23239,0.13121,0.023616,0.21438,0.12651,0.021184,251,251,251,234,227,220,154,154,157,132,135,142,56,58,61,217,215,212,0.55215,0.55375,0.55396
1,1.0164e+06,1.626,11.28,195,800,1.5549,11.152,186.96,948.18,0.2875,0.13665,0.029952,0.25512,0.12896,0.024896,0.23907,0.12097,0.021696,251,251,251,227,223,217,153,155,155,139,144,151,55,58,61,228,222,213,0.56516,0.55662,0.55592
1,1.0165e+06,1.626,11.2,195,800,1.5645,11.036,187,919.42,0.28568,0.13112,0.02752,0.24414,0.12727,0.023296,0.21752,0.12303,0.019904,249,249,250,195,195,195,156,150,148,189,192,193,69,73,81,192,192,193,0.56619,0.56389,0.56427
1,1.0166e+06,1.626,11.12,195,800,1.5485,10.972,186.06,885.5,0.31835,0.13668,0.033216,0.28549,0.13111,0.028736,0.266,0.12586,0.0256,250,250,251,160,168,178,137,143,147,252,243,234,138,142,142,146,149,158,0.57981,0.57556,0.57524
1,1.0167e+06,1.626,11.04,195,800,1.5252,10.944,187.05,695.84,0.35679,0.13068,0.035072,0.30752,0.12544,0.02944,0.28407,0.11815,0.025536,255,253,252,172,169,172,151,148,149,255,253,247,206,193,176,134,140,147,0.5842,0.57473,0.56408
1,1.0198e+06,1.719,11,195,800,1.6324,10.927,0.068511,696.11,0,0,0,0,0,0,0,0,0,255,255,254,172,178,179,159,157,155,255,255,254,230,212,193,130,131,137,0.49952,0.50942,0.51606
1,1.0198e+06,1.719,11.08,195,800,1.6557,11.001,187.46,820.11,0.31711,0.12259,0.024128,0.28032,0.11402,0.020288,0.2564,0.10919,0.017472,252,251,251,170,177,183,137,144,149,255,248,238,130,134,135,148,149,157,0.58019,0.58163,0.58342
1,1.02e+06,1.719,11.16,195,800,1.644,11.065,185.36,675.54,0.23125,0.12536,0.0224,0.21313,0.11753,0.019456,0.1998,0.11233,0.017152,250,250,251,179,184,192,143,144,147,236,229,221,89,94,103,168,171,176,0.56585,0.56859,0.56934
1,1.02e+06,1.719,11.24,195,800,1.6451,11.135,185.61,764.28,0.27312,0.1438,0.030528,0.25076,0.13703,0.026816,0.22926,0.13148,0.023616,252,251,251,222,218,212,152,154,153,167,170,175,60,61,65,227,219,210,0.56888,0.56281,0.55937
1,1.0202e+06,1.719,11.32,195,800,1.6504,11.207,186.37,701.04,0.31614,0.13767,0.033664,0.28191,0.12842,0.027968,0.25934,0.11805,0.02336,252,252,251,224,228,222,158,156,155,146,149,155,54,56,59,233,225,217,0.55462,0.55144,0.55289
1,1.0202e+06,1.719,11.4,195,800,1.6355,11.323,185.14,891.71,0.30915,0.11661,0.0256,0.24689,0.11463,0.020544,0.21909,0.11216,0.0176,253,252,252,245,230,221,152,155,158,136,137,142,53,57,65,196,203,206,0.56226,0.55123,0.54911
1,1.0204e+06,1.719,11.48,195,800,1.6334,11.379,185.58,724.86,0.27516,0.13488,0.027328,0.24673,0.12661,0.023232,0.21826,0.12286,0.019968,255,253,252,213,218,218,161,161,161,162,160,158,77,80,81,202,192,183,0.54245,0.5447,0.54525
1,1.0204e+06,1.719,11.56,195,800,1.6621,11.432,186.57,909.52,0.33736,0.12184,0.02976,0.28953,0.11671,0.024832,0.25936,0.11352,0.021376,255,254,253,225,221,214,168,165,163,178,174,171,98,91,87,196,184,173,0.54545,0.54396,0.54471
1,1.0206e+06,1.719,11.64,195,800,1.6621,11.508,187.28,589.51,0.37962,0.12043,0.033536,0.33344,0.11033,0.027008,0.28932,0.10609,0.022464,254,253,253,209,209,208,164,167,169,203,204,202,92,98,97,161,159,154,0.53515,0.5398,0.54093
1,1.0206e+06,1.719,11.72,195,800,1.6387,11.608,187.79,633.56,0.31604,0.12319,0.029312,0.28482,0.11638,0.025152,0.26379,0.11116,0.02208,253,253,253,191,200,203,172,171,171,222,221,216,109,104,97,152,148,145,0.53699,0.53645,0.53745
1,1.0208e+06,1.719,11.8,195,800,1.6557,11.676,187.37,947.1,0.32848,0.13227,0.03232,0.29806,0.12025,0.026112,0.26427,0.11534,0.02144,255,254,254,198,206,209,170,174,176,243,244,239,102,106,104,129,131,131,0.5382,0.5354,0.53614
1,1.0208e+06,1.719,11.88,195,800,1.6493,11.756,186.55,855.16,0.38317,0.12696,0.03392,0.31808,0.11771,0.026688,0.26535,0.11297,0.022016,255,252,251,227,226,220,184,179,178,253,252,247,104,104,104,121,126,128,0.54039,0.53385,0.53384
1,1.021e+06,1.719,11.96,195,800,1.6324,11.842,186.24,1030.9,0.29318,0.12345,0.027072,0.26309,0.11441,0.022784,0.23855,0.10927,0.019264,241,247,249,216,224,226,178,180,177,249,251,249,96,100,103,134,130,127,0.5268,0.52958,0.53227
1,1.021e+06,1.719,12.04,195,800,1.6462,11.934,185.85,966.47,0.28802,0.13314,0.028544,0.25757,0.12579,0.024,0.23284,0.11953,0.021248,242,243,246,213,216,217,170,170,174,247,248,249,82,90,96,131,130,126,0.53504,0.53459,0.53314
1,1.0212e+06,1.719,12.12,195,800,1.6568,11.981,185.55,705.88,0.36765,0.12507,0.031936,0.28842,0.11831,0.024192,0.23322,0.11786,0.020288,246,246,246,209,212,213,163,168,173,242,248,250,83,88,94,119,124,126,0.53672,0.5337,0.53252
1,1.0212e+06,1.719,12.2,195,800,1.6398,12.085,185.85,897.99,0.3161,0.1176,0.025408,0.25009,0.11264,0.021184,0.2244,0.10914,0.018688,252,250,249,200,208,214,173,172,173,254,253,253,90,95,102,125,126,124,0.52882,0.53248,0.53277
1,1.0214e+06,1.719,12.28,195,800,1.6419,12.144,187.05,771.86,0.26624,0.13067,0.026112,0.2329,0.12712,0.022592,0.2151,0.12086,0.019776,254,253,252,234,225,222,177,177,176,255,255,255,107,109,110,118,121,121,0.53711,0.53511,0.53293
1,1.0214e+06,1.719,12.36,195,800,1.6515,12.234,186.75,609.9,0.27063,0.13229,0.027392,0.25048,0.12624,0.023872,0.23569,0.11921,0.021312,255,254,253,225,230,227,179,177,176,255,255,255,107,111,113,111,115,120,0.53158,0.53195,0.53238
1,1.0216e+06,1.719,12.44,195,800,1.6207,12.338,186.24,816.5,0.38717,0.12341,0.034496,0.32874,0.11742,0.027072,0.24187,0.115,0.020928,255,254,253,235,236,232,169,174,176,255,255,255,112,112,114,124,123,122,0.5301,0.53141,0.53161
1,1.0216e+06,1.719,12.52,195,800,1.6589,12.381,187.27,1089.5,0.2691,0.12653,0.025728,0.23267,0.1229,0.021824,0.20619,0.11654,0.01856,254,253,252,245,237,228,173,173,174,255,255,255,117,116,115,130,128,124,0.53788,0.53406,0.53315
1,1.0218e+06,1.719,12.6,195,800,1.6493,12.467,186.57,570.38,0.30541,0.13804,0.03168,0.27567,0.13189,0.027392,0.25928,0.1231,0.024384,250,250,249,209,211,210,167,171,174,255,255,255,115,117,115,120,123,125,0.53433,0.53424,0.53249
1,1.0218e+06,1.719,12.68,195,800,1.6493,12.553,187.03,640.72,0.32283,0.136,0.032448,0.28669,0.12861,0.027008,0.24619,0.1257,0.02336,245,244,244,181,182,187,177,177,177,255,255,255,116,112,111,120,123,126,0.53296,0.53162,0.53032
1,1.022e+06,1.719,12.76,195,800,1.6324,12.647,185.53,1271.5,0.32474,0.13101,0.031936,0.27817,0.12393,0.026048,0.255,0.1209,0.023424,239,241,244,175,179,185,185,181,178,255,255,255,114,110,108,130,129,131,0.5302,0.53328,0.53219
1,1.022e+06,1.719,12.84,195,800,1.661,12.709,186.3,925.34,0.29794,0.1346,0.030528,0.25342,0.12724,0.024832,0.22727,0.12127,0.021376,246,246,247,192,192,192,177,177,178,255,254,253,100,103,107,150,151,152,0.5374,0.53372,0.53229
1,1.0222e+06,1.719,12.92,195,800,1.6525,12.803,185.84,584.55,0.31387,0.12528,0.029248,0.2697,0.11938,0.02432,0.24316,0.11316,0.021056,252,251,250,199,199,197,175,176,176,253,251,248,101,104,108,165,167,168,0.53519,0.53536,0.53304
1,1.0222e+06,1.719,13,195,800,1.6345,12.868,185.62,728.16,0.34084,0.1348,0.034752,0.30847,0.13202,0.0304,0.28856,0.12102,0.026432,255,255,254,198,200,202,177,177,176,236,235,236,111,114,117,223,216,206,0.54021,0.53989,0.53563
1,1.0224e+06,1.719,13.08,195,800,1.643,12.936,185.93,1134.4,0.35066,0.12419,0.03168,0.30211,0.11786,0.02624,0.27396,0.11293,0.022784,255,254,252,214,204,199,180,176,174,228,225,227,145,138,137,255,245,226,0.53686,0.53758,0.53766
1,1.0254e+06,1.812,13.12,195,800,1.7427,12.92,0.10161,796.12,0,0,0,0,0,0,0,0,0,254,253,253,204,208,206,181,182,178,220,223,228,131,138,143,233,221,212,0.53634,0.53591,0.53504
1,1.0255e+06,1.812,13.04,195,800,1.7247,12.877,186.09,711.54,0.20549,0.12037,0.01792,0.18294,0.11586,0.015872,0.1659,0.11081,0.013952,255,254,253,208,208,204,188,184,179,224,228,231,111,120,128,229,217,206,0.5266,0.53305,0.53432
1,1.0256e+06,1.812,12.96,195,800,1.7332,12.789,187.03,523.13,0.21849,0.12585,0.020992,0.20294,0.11769,0.018816,0.19152,0.1112,0.016704,253,251,251,194,195,198,177,179,180,246,246,244,101,102,107,175,177,178,0.5268,0.5313,0.53138
1,1.0257e+06,1.812,12.88,195,800,1.7459,12.696,186.12,856.48,0.27543,0.14632,0.030272,0.25861,0.13265,0.026176,0.24244,0.12133,0.022848,249,249,250,188,187,190,175,177,179,254,252,250,107,104,105,154,156,160,0.53151,0.53234,0.53139
1,1.0258e+06,1.812,12.8,195,800,1.7247,12.641,187.69,567.65,0.35207,0.14467,0.03904,0.32696,0.13357,0.033792,0.30147,0.12406,0.029056,249,247,246,168,171,176,183,182,181,255,255,255,116,114,109,125,128,132,0.52247,0.53038,0.53161
1,1.0259e+06,1.812,12.72,195,800,1.7586,12.53,185.05,782.19,0.37083,0.13973,0.038912,0.32849,0.1317,0.032704,0.30467,0.12521,0.02816,242,244,246,165,171,178,184,182,180,255,255,255,108,109,109,118,119,122,0.53711,0.53653,0.53343
1,1.026e+06,1.812,12.64,195,800,1.748,12.461,186.63,827.22,0.39005,0.13682,0.03936,0.32785,0.11913,0.029056,0.26214,0.11336,0.021824,245,245,246,180,183,187,180,180,179,255,255,255,98,104,109,124,123,123,0.52917,0.53005,0.5302
1,1.0261e+06,1.812,12.56,195,800,1.7363,12.404,185.15,543.94,0.33313,0.13552,0.03424,0.28342,0.13116,0.028864,0.25971,0.12449,0.02528,248,250,250,226,221,215,179,178,176,255,255,255,108,108,111,140,136,128,0.53463,0.5348,0.5316
1,1.0262e+06,1.812,12.48,195,800,1.7066,12.361,186.53,590.98,0.35224,0.13144,0.035264,0.31739,0.1224,0.029376,0.2896,0.11316,0.024768,254,252,251,244,236,226,177,178,177,255,255,255,113,114,116,142,136,126,0.5312,0.5315,0.53069
1,1.0263e+06,1.812,12.4,195,800,1.731,12.248,185.88,1003.7,0.26787,0.13296,0.026752,0.23754,0.12579,0.022848,0.21019,0.12212,0.020032,254,254,253,245,245,238,185,182,179,255,255,255,118,123,126,116,119,119,0.53842,0.53386,0.53151
1,1.0264e+06,1.812,12.32,195,800,1.7385,12.167,185.58,536.17,0.43901,0.11983,0.037376,0.33038,0.11215,0.027008,0.25198,0.1097,0.01984,253,253,253,248,238,230,181,182,182,255,255,255,160,137,125,128,125,119,0.52217,0.53056,0.53093
1,1.0265e+06,1.812,12.24,195,800,1.7448,12.076,186.92,897.4,0.26594,0.12488,0.02496,0.24584,0.11685,0.021184,0.2244,0.11171,0.018496,251,252,252,219,223,222,177,180,181,255,255,254,131,128,120,143,132,121,0.52918,0.53137,0.53184
1,1.0266e+06,1.812,12.16,195,800,1.7427,11.995,187.34,834.91,0.32635,0.12756,0.028608,0.27436,0.12047,0.023168,0.2347,0.11708,0.0192,243,246,248,193,198,204,177,176,177,253,252,251,95,97,101,121,124,125,0.52757,0.53043,0.53247
1,1.0267e+06,1.812,12.08,195,800,1.7215,11.947,186.48,742.03,0.26607,0.14097,0.02752,0.23269,0.13056,0.022464,0.21417,0.12521,0.019776,238,242,246,189,194,201,171,174,178,250,249,250,88,91,95,116,121,125,0.53387,0.5332,0.53256
1,1.0268e+06,1.812,12,195,800,1.7491,11.847,186.18,761.03,0.34526,0.12145,0.031232,0.31045,0.1117,0.025856,0.27258,0.10765,0.021632,245,245,247,205,207,211,182,181,179,245,247,249,97,95,95,127,126,124,0.53837,0.53135,0.53165
1,1.0269e+06,1.812,11.92,195,800,1.7236,11.774,186.72,709.69,0.28216,0.11883,0.024576,0.24792,0.1094,0.019648,0.21444,0.10578,0.016832,255,253,251,234,224,211,179,181,183,252,251,249,100,100,97,116,122,126,0.52902,0.53099,0.53197
1,1.027e+06,1.812,11.84,195,800,1.7469,11.677,186.79,681.33,0.29737,0.12108,0.02688,0.25832,0.11712,0.023168,0.23785,0.10979,0.01984,255,254,252,217,208,208,178,182,184,253,251,248,95,96,97,122,124,127,0.53338,0.53397,0.5337
1,1.0271e+06,1.812,11.76,195,800,1.7491,11.598,188.18,885.34,0.38603,0.12586,0.03168,0.32904,0.11245,0.024384,0.24902,0.10943,0.019712,247,251,253,185,187,200,185,181,178,248,241,234,81,85,89,130,132,134,0.54291,0.53834,0.53612
1,1.0272e+06,1.812,11.68,195,800,1.731,11.547,187.15,744.49,0.31048,0.12199,0.02592,0.24716,0.11614,0.020608,0.20971,0.11267,0.017536,250,250,252,201,201,202,171,173,175,234,228,221,80,84,87,131,134,139,0.54375,0.53832,0.53811
1,1.0273e+06,1.812,11.6,195,800,1.7448,11.437,186.85,824.77,0.31416,0.13554,0.031616,0.28651,0.1268,0.0272,0.26252,0.1219,0.024,251,252,252,228,223,215,161,161,164,183,187,189,97,91,85,143,149,156,0.54213,0.54558,0.54198
1,1.0274e+06,1.812,11.52,195,800,1.7491,11.364,185.77,911.87,0.34263,0.12269,0.029248,0.29433,0.11699,0.02368,0.25806,0.11144,0.02016,250,253,253,225,218,221,161,161,160,154,154,158,85,83,81,174,176,180,0.54529,0.54313,0.54405
1,1.0275e+06,1.812,11.44,195,800,1.7416,11.307,186.5,686.88,0.22655,0.12272,0.021248,0.20426,0.11586,0.018368,0.18834,0.1094,0.016064,253,253,254,204,217,223,161,161,160,139,143,149,72,74,76,184,193,195,0.54907,0.5462,0.54668
1,1.0276e+06,1.812,11.36,195,800,1.7278,11.235,187.51,620.52,0.23598,0.1368,0.02528,0.21762,0.13168,0.022272,0.20395,0.1233,0.019712,255,254,253,232,231,229,161,160,157,137,141,148,56,60,64,235,230,220,0.55043,0.55131,0.55005
1,1.0277e+06,1.812,11.28,195,800,1.7278,11.156,184.38,863.66,0.31423,0.13311,0.03168,0.27069,0.12548,0.025792,0.24453,0.11909,0.021952,253,252,252,240,235,228,159,158,156,151,154,159,54,56,61,245,239,226,0.55797,0.55496,0.55429
1,1.0278e+06,1.812,11.2,195,800,1.7321,11.077,188.05,499.69,0.29171,0.13615,0.02944,0.25875,0.13213,0.025536,0.23962,0.1213,0.021824,250,250,251,204,209,211,147,148,149,208,207,204,60,64,71,218,215,205,0.55225,0.56061,0.5627
1,1.0279e+06,1.812,11.12,195,800,1.7363,10.985,186.38,679.53,0.30214,0.13777,0.031232,0.26791,0.13302,0.027008,0.24722,0.12445,0.023616,253,253,252,196,195,195,145,146,152,255,250,241,102,107,116,155,157,164,0.57555,0.57336,0.57542
1,1.028e+06,1.812,11.04,195,800,1.7332,10.908,186.99,897.19,0.31885,0.12485,0.029056,0.27112,0.11768,0.02368,0.23725,0.11546,0.020288,253,253,253,211,197,190,156,156,156,255,255,252,135,140,140,131,139,147,0.59296,0.581,0.56978
1,1.0311e+06,1.905,11,195,800,1.8127,10.941,0.6379,783.08,0,0,0,0,0,0,0,0,0,250,252,253,181,193,197,173,170,167,255,255,254,169,159,156,136,136,139,0.51371,0.51474,0.5176
1,1.0312e+06,1.905,11.08,195,800,1.8297,11.006,186.16,1266,0.19134,0.12219,0.01664,0.18022,0.11381,0.014784,0.16639,0.10756,0.012992,255,255,254,207,206,205,145,151,157,255,247,238,92,97,108,160,163,167,0.57673,0.58152,0.58279
1,1.0313e+06,1.905,11.16,195,800,1.8318,11.078,187.42,899.69,0.23,0.12465,0.021248,0.19417,0.11702,0.017536,0.1796,0.11247,0.015808,255,254,253,210,211,213,145,149,153,235,227,220,74,75,82,197,191,186,0.56602,0.5692,0.56858
1,1.0314e+06,1.905,11.24,195,800,1.8244,11.144,186.94,658.81,0.28234,0.15258,0.033088,0.25705,0.14134,0.028288,0.2289,0.13778,0.024768,248,251,253,226,229,226,156,153,152,168,172,178,50,55,63,230,224,218,0.55723,0.55745,0.55756
1,1.0315e+06,1.905,11.32,195,800,1.8424,11.192,187.15,743.02,0.36764,0.13666,0.037312,0.33672,0.12158,0.028928,0.2771,0.11706,0.022656,250,252,253,247,238,230,151,154,155,153,154,161,54,63,67,222,227,222,0.55105,0.55195,0.55216
1,1.0316e+06,1.905,11.4,195,800,1.8435,11.276,187.44,857.72,0.38745,0.12855,0.037056,0.30695,0.11908,0.026816,0.24469,0.11173,0.020928,255,254,253,231,229,226,157,156,157,140,145,151,109,91,77,220,208,202,0.54738,0.54543,0.54739
1,1.0317e+06,1.905,11.48,195,800,1.8541,11.357,186.65,871.52,0.27822,0.13002,0.027648,0.25771,0.1197,0.023552,0.23686,0.1146,0.020864,252,253,253,202,210,215,162,158,160,158,160,164,76,78,80,169,165,170,0.53974,0.54686,0.54672
1,1.0318e+06,1.905,11.56,195,800,1.8308,11.462,186.28,949.06,0.3057,0.131,0.030528,0.28006,0.12391,0.026304,0.25956,0.11448,0.022656,254,252,253,211,210,213,157,161,162,168,172,175,67,72,75,147,151,155,0.54026,0.54576,0.54366
1,1.0319e+06,1.905,11.64,195,800,1.8265,11.533,186.54,966.96,0.3392,0.12818,0.031872,0.26591,0.12165,0.024896,0.23362,0.11543,0.020608,254,253,252,211,210,208,173,171,173,207,204,203,67,69,73,142,136,137,0.53618,0.53988,0.53878
1,1.032e+06,1.905,11.72,195,800,1.8308,11.621,185.88,719.73,0.37792,0.1224,0.031488,0.24638,0.12139,0.023232,0.22732,0.11712,0.0208,254,252,252,200,203,204,175,182,181,217,219,218,68,71,75,138,133,133,0.54126,0.53605,0.53567
1,1.0321e+06,1.905,11.8,195,800,1.8456,11.684,185.83,754.61,0.31735,0.1343,0.032768,0.2778,0.12944,0.027712,0.25362,0.12316,0.023936,253,253,253,174,197,210,210,195,187,239,240,239,83,86,86,129,128,126,0.53673,0.53452,0.53392
1,1.0322e+06,1.905,11.88,195,800,1.8297,11.774,186.66,812.25,0.26924,0.13001,0.027072,0.23668,0.12477,0.02272,0.21882,0.11415,0.019648,255,254,253,248,226,213,179,183,185,254,249,247,109,103,95,124,123,123,0.52739,0.5293,0.52977
1,1.0323e+06,1.905,11.96,195,800,1.8318,11.82,186.46,741.54,0.27635,0.13737,0.02688,0.23718,0.12782,0.021888,0.20543,0.1217,0.018304,255,253,252,228,220,214,189,184,181,254,249,248,105,100,96,128,121,121,0.53567,0.53142,0.52918
1,1.0324e+06,1.905,12.04,195,800,1.8286,11.922,185.99,766.1,0.27765,0.12858,0.024064,0.20189,0.12232,0.0192,0.18587,0.11967,0.01728,249,248,248,186,191,202,187,180,179,246,248,249,84,94,103,124,119,118,0.52739,0.52991,0.53046
1,1.0325e+06,1.905,12.12,195,800,1.8456,11.984,185.61,700.41,0.33172,0.14957,0.03392,0.2987,0.13736,0.02816,0.26384,0.12224,0.02528,251,246,248,188,193,201,180,178,180,251,251,251,103,108,109,122,118,118,0.52394,0.52835,0.5301
1,1.0326e+06,1.905,12.2,195,800,1.8212,12.066,187.68,912.95,0.38063,0.1235,0.033536,0.32624,0.10996,0.024128,0.2286,0.11031,0.017216,255,251,250,229,217,214,194,189,183,255,254,254,133,131,126,117,117,117,0.5375,0.5344,0.5328
1,1.0327e+06,1.905,12.28,195,800,1.8318,12.156,186.79,733.91,0.29429,0.13137,0.028992,0.26718,0.12423,0.024896,0.25055,0.12014,0.022528,253,253,252,224,232,228,182,188,186,255,255,255,137,136,137,99,107,112,0.53014,0.52826,0.52941
1,1.0328e+06,1.905,12.36,195,800,1.8127,12.266,187.04,793.17,0.27315,0.12521,0.025536,0.2465,0.12189,0.021888,0.2264,0.11617,0.0192,253,251,251,228,232,229,186,183,183,255,255,255,137,144,139,96,102,111,0.52479,0.52768,0.53007
1,1.0329e+06,1.905,12.44,195,800,1.8212,12.314,187.12,951.43,0.30694,0.11723,0.025792,0.2744,0.10812,0.021696,0.25067,0.10551,0.018752,247,248,250,228,220,219,175,176,177,255,255,255,144,140,133,115,114,116,0.54039,0.53292,0.53052
1,1.033e+06,1.905,12.52,195,800,1.8361,12.385,185.97,776.48,0.19842,0.13302,0.020416,0.18319,0.12713,0.018112,0.17284,0.12173,0.016192,249,249,249,207,209,210,174,174,177,255,255,255,121,125,126,125,122,120,0.5277,0.52646,0.52807
1,1.0331e+06,1.905,12.6,195,800,1.8382,12.468,185.43,901.49,0.36101,0.13222,0.035776,0.33407,0.12513,0.030912,0.29864,0.12105,0.026432,250,248,248,189,189,191,179,178,179,255,255,255,102,102,106,118,120,120,0.54269,0.53165,0.52945
1,1.0332e+06,1.905,12.68,195,800,1.8424,12.545,188.26,603.9,0.29777,0.13046,0.029568,0.2657,0.12317,0.024576,0.23896,0.11787,0.021312,246,246,247,167,168,175,182,182,182,255,255,255,101,103,104,109,112,118,0.5288,0.52892,0.52989
1,1.0333e+06,1.905,12.76,195,800,1.8339,12.629,186.51,966.13,0.32281,0.13083,0.031424,0.27394,0.12144,0.025216,0.23639,0.11753,0.020928,247,247,247,157,166,176,183,182,183,255,255,255,115,109,105,113,115,121,0.52147,0.52707,0.52962
1,1.0334e+06,1.905,12.84,195,800,1.8286,12.707,188.36,843.54,0.36265,0.12744,0.034176,0.32021,0.12096,0.028352,0.2943,0.1135,0.024512,249,248,249,191,187,187,181,182,182,255,255,254,103,106,106,134,137,141,0.53228,0.52985,0.5301
1,1.0335e+06,1.905,12.92,195,800,1.8371,12.764,186.73,818.58,0.34219,0.13026,0.032896,0.28969,0.12216,0.026816,0.25458,0.12063,0.023872,245,248,250,193,196,198,186,182,181,255,253,251,96,100,104,150,152,154,0.53451,0.53151,0.5313
1,1.0336e+06,1.905,13,195,800,1.8382,12.872,185.15,661.38,0.36428,0.12709,0.034688,0.33554,0.11994,0.029952,0.30533,0.11253,0.025536,253,252,252,215,211,206,177,179,179,243,240,239,107,113,119,168,177,185,0.53063,0.53006,0.53121
1,1.0337e+06,1.905,13.08,195,800,1.8265,12.924,186.81,935.94,0.3573,0.13131,0.034944,0.30968,0.12554,0.029312,0.28026,0.11925,0.025088,252,252,252,200,206,208,168,173,176,212,221,229,175,161,152,181,193,199,0.52827,0.53158,0.53378
1,1.0368e+06,1.998,13.12,195,800,1.9263,12.915,-0.093698,828.2,0,0,0,0,0,0,0,0,0,254,253,253,205,207,207,173,172,175,229,227,231,172,169,163,234,215,201,0.53919,0.53507,0.53383
1,1.0369e+06,1.998,13.04,195,800,1.9231,12.854,184.09,854.51,0.20591,0.12436,0.018304,0.1955,0.11538,0.015616,0.17434,0.11364,0.01376,254,254,253,211,210,209,173,175,177,236,233,234,134,138,143,214,206,198,0.53094,0.53162,0.53033
1,1.037e+06,1.998,12.96,195,800,1.887,12.803,185.51,889.65,0.22775,0.14275,0.025408,0.21366,0.13376,0.0224,0.20084,0.1275,0.019968,254,253,252,220,215,213,186,182,180,252,249,246,98,100,108,180,175,172,0.54053,0.53049,0.52951
1,1.0371e+06,1.998,12.88,195,800,1.9369,12.688,184.9,1022.2,0.2806,0.16481,0.033984,0.25464,0.15856,0.029312,0.22826,0.14932,0.025152,255,252,251,216,217,209,184,184,181,255,253,251,103,100,101,163,159,157,0.5357,0.52907,0.52755
1,1.0372e+06,1.998,12.8,195,800,1.9167,12.65,187.08,799.92,0.28019,0.14943,0.031488,0.25522,0.13902,0.027456,0.2396,0.12809,0.023872,246,247,248,196,194,192,182,182,181,255,255,255,106,104,102,128,129,131,0.52409,0.52925,0.52918
1,1.0373e+06,1.998,12.72,195,800,1.9199,12.555,188.35,667.35,0.35783,0.14284,0.036672,0.29097,0.13664,0.029312,0.25639,0.13266,0.025472,250,247,248,166,172,182,191,184,181,255,255,255,95,96,101,113,114,118,0.53199,0.52964,0.53056
1,1.0374e+06,1.998,12.64,195,800,1.9167,12.472,186.88,711.41,0.38645,0.13694,0.03936,0.3313,0.12858,0.030848,0.27605,0.12081,0.024064,253,249,248,182,181,183,192,185,180,255,255,255,92,96,102,112,113,115,0.52378,0.52701,0.5284
1,1.0375e+06,1.998,12.56,195,800,1.9167,12.396,187.14,834.1,0.3773,0.1191,0.033024,0.30882,0.11613,0.025344,0.25587,0.11326,0.0208,246,248,249,196,195,195,173,174,175,255,255,255,119,119,120,114,114,114,0.53334,0.53024,0.52867
1,1.0376e+06,1.998,12.48,195,800,1.9178,12.31,186.77,783.97,0.31493,0.13169,0.030464,0.26643,0.12224,0.024128,0.23371,0.11522,0.019776,247,248,249,191,193,198,164,169,175,255,255,255,144,140,133,114,113,112,0.5257,0.5275,0.52851
1,1.0377e+06,1.998,12.4,195,800,1.9135,12.229,185.99,884.08,0.38243,0.13512,0.03808,0.32172,0.12938,0.031424,0.29012,0.12093,0.026432,247,249,250,193,203,209,180,176,176,255,255,255,173,157,140,106,105,106,0.5217,0.52537,0.52851
1,1.0378e+06,1.998,12.32,195,800,1.9209,12.159,187.17,807.61,0.35738,0.13311,0.035968,0.29491,0.12714,0.028928,0.25865,0.12288,0.02496,255,253,252,233,228,217,182,186,183,255,255,255,102,121,134,100,103,106,0.52378,0.52881,0.5296
1,1.0379e+06,1.998,12.24,195,800,1.905,12.091,184.94,700.57,0.42185,0.13779,0.038016,0.26758,0.13712,0.027904,0.23932,0.13124,0.023936,255,254,252,226,223,219,195,187,182,255,255,255,112,122,129,107,107,108,0.52748,0.52846,0.52891
1,1.038e+06,1.998,12.16,195,800,1.922,11.994,186.16,863.95,0.39818,0.12263,0.034176,0.32382,0.11094,0.024768,0.26522,0.10837,0.019392,247,249,250,210,210,212,175,176,179,255,254,253,159,142,123,114,113,113,0.5368,0.53124,0.52903
1,1.0381e+06,1.998,12.08,195,800,1.9146,11.923,185.82,902.69,0.3452,0.13572,0.034304,0.31969,0.13072,0.0304,0.30324,0.12403,0.026496,248,248,250,211,208,208,171,172,176,253,252,250,137,127,116,111,112,115,0.52709,0.52822,0.52854
1,1.0382e+06,1.998,12,195,800,1.9241,11.853,186.17,988.93,0.31478,0.12129,0.028096,0.2668,0.11597,0.023232,0.23814,0.11096,0.019904,254,252,250,207,208,211,172,175,177,243,243,245,84,93,100,111,114,119,0.52443,0.52909,0.53018
1,1.0383e+06,1.998,11.92,195,800,1.9125,11.766,186.67,694.84,0.30167,0.13864,0.02624,0.26933,0.12646,0.021312,0.22889,0.1249,0.018368,253,253,252,226,224,216,183,182,184,245,242,240,99,95,91,117,122,125,0.53085,0.5298,0.53013
1,1.0384e+06,1.998,11.84,195,800,1.9199,11.699,187.77,1298.2,0.32038,0.13149,0.031808,0.28783,0.12593,0.027392,0.26291,0.11752,0.023424,255,254,253,235,224,219,182,186,188,247,243,237,89,89,87,126,124,128,0.53558,0.53107,0.53013
1,1.0385e+06,1.998,11.76,195,800,1.9093,11.617,187.92,659.39,0.36071,0.12164,0.032128,0.30035,0.11331,0.025152,0.25601,0.1102,0.020288,255,254,253,227,218,215,201,194,187,227,224,221,69,71,73,120,128,136,0.53637,0.53493,0.53402
1,1.0386e+06,1.998,11.68,195,800,1.9146,11.541,188.33,663.34,0.34635,0.12572,0.032128,0.30671,0.12008,0.026752,0.26637,0.11099,0.021824,254,254,253,216,216,212,190,187,184,206,209,210,66,66,68,129,135,140,0.5508,0.5414,0.5382
1,1.0387e+06,1.998,11.6,195,800,1.9209,11.441,187.02,800.37,0.32458,0.13241,0.031168,0.27385,0.12651,0.0256,0.24823,0.12142,0.022592,254,253,253,199,205,211,162,166,170,190,188,186,61,61,64,144,148,152,0.54359,0.5429,0.54049
1,1.0388e+06,1.998,11.52,195,800,1.9156,11.385,186.1,641.91,0.28864,0.12729,0.02784,0.25137,0.1226,0.023616,0.22665,0.11569,0.019904,254,254,253,208,212,217,158,161,165,169,174,173,61,68,73,161,164,169,0.5434,0.54084,0.54229
1,1.0389e+06,1.998,11.44,195,800,1.9231,11.309,185.93,690.41,0.31004,0.12837,0.029824,0.27158,0.1224,0.025088,0.24797,0.11858,0.02272,255,254,254,229,223,223,158,162,163,180,171,165,83,80,77,175,178,181,0.54617,0.54483,0.545
1,1.039e+06,1.998,11.36,195,800,1.9263,11.218,185.52,1032.6,0.31894,0.13167,0.03168,0.26816,0.12463,0.025664,0.2407,0.11901,0.021568,255,255,254,231,236,232,157,157,159,152,156,158,81,81,75,210,207,206,0.55399,0.55063,0.54895
1,1.0391e+06,1.998,11.28,195,800,1.9156,11.141,186.09,910.66,0.34803,0.13071,0.0304,0.28301,0.12462,0.023552,0.23804,0.1189,0.02016,255,255,254,232,234,232,146,152,158,145,153,161,61,66,71,217,215,213,0.55401,0.55167,0.55252
1,1.0392e+06,1.998,11.2,195,800,1.9199,11.046,187.4,751,0.27072,0.13178,0.027264,0.24954,0.12462,0.02368,0.22554,0.12338,0.021312,255,255,254,228,227,225,157,155,155,186,188,192,55,60,68,205,204,202,0.5715,0.56359,0.56274
1,1.0393e+06,1.998,11.12,195,800,1.9156,10.988,185.59,812.26,0.28802,0.13703,0.030464,0.26489,0.13189,0.02688,0.24715,0.12542,0.024128,254,255,255,220,218,212,155,159,161,240,239,233,93,101,111,161,163,169,0.56731,0.57431,0.57538
1,1.0394e+06,1.998,11.04,195,800,1.9263,10.893,186.94,720.63,0.26582,0.13921,0.027328,0.23862,0.12912,0.022912,0.20966,0.12571,0.019776,255,255,254,212,206,207,169,166,165,255,252,247,144,148,140,140,146,155,0.58862,0.58793,0.57124
1,1.0424e+06,2.091,11,195,800,2.009,10.941,-0.1268,1135.7,0,0,0,0,0,0,0,0,0,255,255,254,215,220,219,178,169,166,255,255,253,187,167,158,150,150,157,0.49601,0.50334,0.51181
1,1.0425e+06,2.091,11.08,195,800,2.0111,10.994,185.09,944.03,0.20077,0.12153,0.017856,0.17914,0.11698,0.015872,0.17037,0.11113,0.014336,255,255,254,222,223,222,158,161,163,247,237,229,93,98,110,172,174,181,0.57642,0.57844,0.58121
1,1.0426e+06,2.091,11.16,195,800,2.0154,11.07,185.94,1076.4,0.25014,0.12367,0.023808,0.23363,0.11481,0.020288,0.20582,0.11231,0.0176,255,255,254,218,221,223,164,162,161,214,212,209,72,75,84,195,195,197,0.55929,0.56595,0.5674
1,1.0427e+06,2.091,11.24,195,800,2.0249,11.122,186.08,531.71,0.2792,0.14451,0.03072,0.25864,0.13445,0.026624,0.23324,0.12791,0.022912,253,254,254,228,225,225,160,162,163,153,158,169,57,62,69,230,225,220,0.55008,0.55721,0.55715
1,1.0428e+06,2.091,11.32,195,800,2.0016,11.242,187.21,1215.3,0.36521,0.13089,0.035968,0.34024,0.12187,0.030464,0.3092,0.11472,0.025856,254,254,254,230,229,227,163,163,165,141,150,160,73,70,69,230,224,218,0.56731,0.55339,0.55097
1,1.0429e+06,2.091,11.4,195,800,2.0186,11.297,187.41,870.99,0.35018,0.1243,0.031104,0.28549,0.1184,0.02368,0.22642,0.11638,0.018048,255,255,255,238,232,229,178,175,171,172,164,158,75,73,69,183,190,196,0.54951,0.54418,0.54589
1,1.043e+06,2.091,11.48,195,800,2.0005,11.374,187.33,856.54,0.3495,0.12645,0.032384,0.31871,0.11715,0.026688,0.29589,0.11168,0.022784,253,253,253,227,223,224,178,178,175,165,170,170,60,61,64,168,168,172,0.54245,0.54111,0.54234
1,1.0431e+06,2.091,11.56,195,800,2.0217,11.436,185.96,891.51,0.22323,0.1435,0.024832,0.20891,0.13557,0.021888,0.20128,0.12762,0.019904,251,251,253,219,222,221,172,174,175,179,175,174,61,60,61,168,166,165,0.5376,0.53791,0.53939
1,1.0432e+06,2.091,11.64,195,800,2.0143,11.523,185.76,663.41,0.35074,0.13082,0.034112,0.3217,0.12067,0.028608,0.30358,0.11451,0.024768,249,251,252,221,219,216,174,177,180,184,188,189,62,62,62,169,161,154,0.53825,0.53798,0.53713
1,1.0433e+06,2.091,11.72,195,800,2.0016,11.619,185.43,674.71,0.34424,0.13279,0.033664,0.31141,0.12604,0.028736,0.28851,0.11556,0.024832,252,251,252,218,219,214,186,184,182,193,197,200,65,65,65,160,154,149,0.53091,0.53029,0.53226
1,1.0434e+06,2.091,11.8,195,800,2.0005,11.691,186.46,1029.3,0.33659,0.12944,0.032768,0.3119,0.11894,0.027584,0.28859,0.11607,0.024768,254,252,253,213,220,217,191,187,184,227,224,222,72,72,74,140,139,137,0.52267,0.52656,0.52849
1,1.0435e+06,2.091,11.88,195,800,2.0324,11.746,186.26,798.8,0.31328,0.1126,0.02432,0.22417,0.11212,0.018624,0.18678,0.10708,0.015232,253,250,251,216,219,214,179,179,179,230,234,236,94,86,83,140,132,127,0.51593,0.52462,0.52625
1,1.0436e+06,2.091,11.96,195,800,1.9963,11.862,186.93,900.44,0.2951,0.12653,0.026944,0.28176,0.12101,0.023808,0.2687,0.11245,0.020672,245,249,250,203,211,214,173,177,176,224,234,239,96,91,88,131,126,124,0.53527,0.52948,0.52709
1,1.0437e+06,2.091,12.04,195,800,2.0239,11.913,187.51,595.05,0.20745,0.12612,0.020096,0.18841,0.11642,0.017088,0.17097,0.11436,0.015232,245,249,248,215,213,212,174,173,172,246,243,245,96,100,102,120,117,117,0.53142,0.52971,0.5286
1,1.0438e+06,2.091,12.12,195,800,2.0069,11.989,186.66,847.33,0.33502,0.12699,0.032064,0.30984,0.11895,0.027264,0.27983,0.11452,0.023488,245,249,248,221,219,213,165,170,172,254,250,248,106,110,109,115,116,115,0.5296,0.53056,0.52915
1,1.0439e+06,2.091,12.2,195,800,2.0196,12.071,187.61,542.18,0.32307,0.12694,0.029696,0.24683,0.12301,0.023296,0.22204,0.11878,0.020096,252,249,250,209,217,218,171,173,174,255,255,254,130,122,116,111,113,112,0.5306,0.52905,0.52842
1,1.044e+06,2.091,12.28,195,800,2.0239,12.156,185.12,790.58,0.31465,0.12556,0.028672,0.27315,0.11779,0.023744,0.24701,0.11305,0.020416,253,252,251,211,210,210,181,178,179,255,255,255,114,116,122,115,108,107,0.52203,0.52617,0.5271
1,1.0441e+06,2.091,12.36,195,800,2.0207,12.242,186.02,910.68,0.29604,0.14468,0.032576,0.26648,0.13855,0.027712,0.2501,0.13208,0.024832,245,252,252,194,200,206,171,179,179,255,255,255,110,124,125,102,106,107,0.52524,0.52571,0.52685
1,1.0442e+06,2.091,12.44,195,800,2.0037,12.323,186.55,840.83,0.39776,0.12894,0.035648,0.2994,0.12321,0.026752,0.2614,0.11723,0.022976,253,252,250,195,197,201,170,176,176,255,255,255,146,138,130,105,110,111,0.52378,0.52524,0.52669
1,1.0443e+06,2.091,12.52,195,800,2.0164,12.402,185.8,811.56,0.28761,0.13367,0.028096,0.25899,0.12426,0.024064,0.23924,0.1196,0.021248,252,251,249,211,205,199,173,174,175,255,255,255,129,129,126,109,113,114,0.528,0.52978,0.52742
1,1.0444e+06,2.091,12.6,195,800,2.0133,12.48,186.03,885.17,0.34016,0.13577,0.034368,0.29711,0.13003,0.029056,0.27719,0.12346,0.025536,249,249,248,204,200,194,171,175,175,255,255,255,103,107,111,115,118,119,0.52854,0.52627,0.52584
1,1.0445e+06,2.091,12.68,195,800,2.009,12.569,186.27,825.56,0.32231,0.12685,0.0304,0.27175,0.1221,0.02528,0.24989,0.11502,0.021824,243,247,247,180,187,194,173,176,177,255,255,255,100,102,104,124,124,124,0.52303,0.52571,0.52656
1,1.0446e+06,2.091,12.76,195,800,2.0037,12.621,187.41,953.4,0.3611,0.13202,0.034496,0.29416,0.12418,0.026944,0.26703,0.12082,0.023424,243,246,247,190,195,200,175,177,178,255,255,255,100,101,102,129,128,128,0.53322,0.5269,0.52708
1,1.0447e+06,2.091,12.84,195,800,2.0175,12.705,187.64,819.98,0.30402,0.13823,0.031424,0.27095,0.13086,0.026176,0.2429,0.11915,0.022016,249,249,249,229,221,212,176,177,177,255,255,254,93,97,100,138,144,149,0.52874,0.52773,0.52749
1,1.0448e+06,2.091,12.92,195,800,2.0292,12.773,188.1,549.47,0.37606,0.12821,0.034688,0.31372,0.12017,0.027136,0.25883,0.11698,0.0224,250,250,251,226,220,215,176,176,176,255,253,250,97,97,100,157,161,165,0.52458,0.52596,0.52583
1,1.0449e+06,2.091,13,195,800,2.0037,12.87,185.77,1066.3,0.33329,0.13334,0.03296,0.29413,0.13072,0.028928,0.27351,0.12374,0.025664,253,253,252,199,208,212,179,178,177,233,235,238,103,113,124,206,203,199,0.52374,0.52544,0.52592
1,1.045e+06,2.091,13.08,195,800,2.0207,12.922,186.82,599.63,0.41457,0.12853,0.03904,0.35982,0.12407,0.032448,0.32044,0.11727,0.0272,255,253,251,215,207,204,189,182,178,226,227,232,195,176,162,227,218,211,0.52174,0.52666,0.52668
1,1.0481e+06,2.184,13.12,195,800,2.1013,12.93,0.65114,515.42,0,0,0,0,0,0,0,0,0,244,247,249,195,197,196,179,179,178,222,227,231,168,160,155,215,217,215,0.52976,0.52707,0.52857
1,1.0482e+06,2.184,13.04,195,800,2.1034,12.844,186.61,865.86,0.28082,0.10971,0.018304,0.25317,0.10803,0.015232,0.13212,0.10847,0.011328,250,250,250,217,208,201,177,176,176,222,228,235,138,139,138,222,221,214,0.52675,0.52509,0.5257
1,1.0483e+06,2.184,12.96,195,800,2.1034,12.781,186.72,1227.7,0.21783,0.15225,0.025856,0.20703,0.14138,0.022784,0.19572,0.13737,0.0208,253,252,251,206,210,211,163,167,171,248,246,244,99,101,108,189,189,189,0.52477,0.523,0.52497
1,1.0484e+06,2.184,12.88,195,800,2.0918,12.719,187.81,871.26,0.29722,0.14944,0.034304,0.27972,0.13897,0.029696,0.26485,0.13233,0.026496,250,250,251,211,212,215,165,166,169,254,253,250,100,99,101,163,166,170,0.5342,0.52797,0.52461
1,1.0485e+06,2.184,12.8,195,800,2.1151,12.631,186.08,818.98,0.37689,0.15308,0.044224,0.34903,0.14186,0.037632,0.31921,0.13165,0.032384,250,249,248,231,224,216,172,172,172,255,255,255,103,104,106,138,136,138,0.51933,0.52377,0.52274
1,1.0486e+06,2.184,12.72,195,800,2.1119,12.554,187.3,631.2,0.38773,0.14212,0.039808,0.32597,0.1341,0.03232,0.27734,0.12947,0.026816,241,244,246,200,204,206,171,173,173,255,255,255,121,118,113,119,123,125,0.52127,0.52133,0.52185
1,1.0487e+06,2.184,12.64,195,800,2.1024,12.476,187.09,992.13,0.40536,0.13848,0.042304,0.33942,0.12494,0.032384,0.29181,0.1182,0.026368,240,242,246,189,193,200,168,171,173,255,255,255,124,119,115,121,123,124,0.52302,0.52426,0.52432
1,1.0488e+06,2.184,12.56,195,800,2.0981,12.396,187.31,805.91,0.37357,0.13277,0.037696,0.33913,0.12329,0.031744,0.30526,0.11608,0.027008,246,247,248,192,195,197,168,172,174,255,255,255,109,112,118,136,128,120,0.52017,0.52355,0.52455
1,1.0489e+06,2.184,12.48,195,800,2.0992,12.325,186.74,972.77,0.35823,0.12518,0.03328,0.31467,0.11645,0.027008,0.27432,0.11053,0.022912,249,249,249,195,201,201,174,176,177,255,255,255,111,113,118,126,122,116,0.52349,0.52494,0.52456
1,1.049e+06,2.184,12.4,195,800,2.1141,12.233,186.82,881.93,0.37451,0.1242,0.033728,0.31508,0.11454,0.02592,0.25967,0.11195,0.021248,251,249,251,223,207,205,185,185,181,255,255,255,114,114,115,102,103,107,0.5206,0.52255,0.52394
1,1.0491e+06,2.184,12.32,195,800,2.0886,12.194,185.96,708.63,0.32199,0.13471,0.03264,0.26606,0.12823,0.026048,0.2439,0.12024,0.022656,254,251,251,201,208,214,173,179,179,255,255,255,99,104,111,110,105,104,0.5235,0.52426,0.52494
1,1.0492e+06,2.184,12.24,195,800,2.0981,12.087,188.6,817.89,0.28933,0.1206,0.026688,0.26801,0.10745,0.021888,0.25126,0.0997,0.018624,254,252,250,219,219,220,175,175,175,255,255,254,98,103,109,107,108,107,0.53254,0.52897,0.52601
1,1.0493e+06,2.184,12.16,195,800,2.0854,12.022,186.72,830.57,0.28042,0.12512,0.025536,0.2414,0.11583,0.020928,0.20819,0.11185,0.017728,242,246,249,233,228,222,167,170,171,251,251,250,103,103,104,114,116,115,0.52707,0.52434,0.52596
1,1.0494e+06,2.184,12.08,195,800,2.0992,11.942,187.04,664.16,0.27247,0.11675,0.023744,0.23177,0.11202,0.019648,0.21042,0.10531,0.016704,245,247,247,213,217,217,169,170,170,246,246,246,95,96,99,119,119,118,0.53147,0.52795,0.52577
1,1.0495e+06,2.184,12,195,800,2.1204,11.836,187.24,869.5,0.29252,0.11986,0.02464,0.2414,0.11464,0.020544,0.21566,0.11136,0.018432,245,247,248,194,201,210,172,172,172,241,239,238,82,83,85,119,123,126,0.53048,0.52932,0.52592
1,1.0496e+06,2.184,11.92,195,800,2.1045,11.767,184.64,837.09,0.28874,0.11907,0.024064,0.23606,0.11308,0.019904,0.21194,0.1115,0.017664,252,250,250,219,215,208,172,172,174,243,237,229,73,76,78,130,131,132,0.51442,0.52247,0.5245
1,1.0497e+06,2.184,11.84,195,800,2.1003,11.696,186.66,544.58,0.32456,0.1382,0.033792,0.29355,0.12927,0.028672,0.26632,0.1266,0.025664,251,252,251,216,210,208,172,175,176,234,228,222,72,74,76,134,134,136,0.52743,0.52622,0.52674
1,1.0498e+06,2.184,11.76,195,800,2.1034,11.608,186.43,736.39,0.27747,0.12967,0.026368,0.23781,0.12446,0.022336,0.21464,0.12022,0.019584,253,253,252,190,196,207,179,179,179,198,198,200,69,71,70,147,146,146,0.5229,0.52861,0.52951
1,1.0499e+06,2.184,11.68,195,800,2.1183,11.535,186.45,1026.1,0.30563,0.15271,0.03424,0.26504,0.14647,0.02976,0.2489,0.13921,0.02656,255,253,252,198,203,208,180,180,181,184,185,188,61,65,68,154,155,151,0.52923,0.53071,0.53243
1,1.05e+06,2.184,11.6,195,800,2.0896,11.465,187.67,763.83,0.41332,0.12613,0.037952,0.36894,0.1161,0.030464,0.31663,0.10973,0.02432,253,253,253,227,223,219,188,185,183,167,167,169,57,58,62,164,165,165,0.53764,0.53792,0.53774
1,1.0501e+06,2.184,11.52,195,800,2.1087,11.357,187.64,977.18,0.29595,0.12015,0.025792,0.26006,0.11612,0.022016,0.23857,0.10975,0.019072,255,255,254,238,232,228,193,187,182,153,153,157,56,58,61,180,179,180,0.54438,0.54242,0.53979
1,1.0502e+06,2.184,11.44,195,800,2.095,11.317,186.69,846.22,0.31439,0.12298,0.0288,0.27882,0.11753,0.024576,0.26042,0.11152,0.021568,255,255,255,243,234,230,179,182,180,147,150,153,56,61,64,190,191,192,0.53833,0.54186,0.54194
1,1.0503e+06,2.184,11.36,195,800,2.1162,11.197,186.98,970.82,0.2216,0.12452,0.02112,0.19906,0.117,0.017984,0.18353,0.11405,0.016256,255,255,254,224,226,227,171,173,173,150,148,149,67,65,64,230,226,220,0.54308,0.54498,0.54654
1,1.0504e+06,2.184,11.28,195,800,2.0918,11.154,185.8,728.39,0.28837,0.1281,0.025984,0.24645,0.12287,0.022656,0.22623,0.12035,0.020352,254,253,253,217,217,223,173,172,170,147,149,154,61,65,67,246,239,230,0.54892,0.55078,0.55288
1,1.0505e+06,2.184,11.2,195,800,2.0971,11.068,186.31,645.88,0.28517,0.1225,0.024768,0.20867,0.12013,0.0192,0.19374,0.11535,0.017024,250,251,252,213,213,220,168,167,166,177,179,184,84,76,73,249,238,230,0.56397,0.55974,0.56009
1,1.0506e+06,2.184,11.12,195,800,2.1066,10.978,188.34,917.25,0.24758,0.13891,0.025216,0.22878,0.12992,0.021952,0.20162,0.12721,0.019584,255,253,251,233,232,224,159,159,163,247,235,227,91,96,103,210,204,201,0.57723,0.57289,0.57271
1,1.0507e+06,2.184,11.04,195,800,2.113,10.91,186.94,599.54,0.32254,0.12521,0.029568,0.28669,0.11839,0.024576,0.26443,0.11256,0.020736,255,252,251,239,235,227,152,159,163,255,250,243,118,120,120,182,183,186,0.58899,0.5814,0.56487
1,1.0538e+06,2.277,11,195,800,2.1968,10.916,-0.12018,584.23,0,0,0,0,0,0,0,0,0,242,242,240,201,211,215,166,166,165,255,255,249,141,135,133,172,182,195,0.50876,0.50826,0.5125
1,1.0539e+06,2.277,11.08,195,800,2.2011,10.987,185.7,872.38,0.36867,0.11576,0.025024,0.33926,0.11231,0.02144,0.32022,0.10628,0.018304,244,244,243,237,226,217,167,166,165,232,228,221,82,90,101,224,222,221,0.5808,0.58151,0.58034
1,1.054e+06,2.277,11.16,195,800,2.2106,11.049,187,498.94,0.24131,0.12463,0.022528,0.21607,0.1175,0.019264,0.20038,0.11413,0.017024,249,247,245,223,220,218,164,166,167,199,201,200,77,79,83,247,242,236,0.56402,0.56635,0.5647
1,1.0541e+06,2.277,11.24,195,800,2.2,11.14,185.85,658.56,0.25129,0.13224,0.02592,0.22333,0.12482,0.021824,0.20466,0.1217,0.019648,252,252,250,209,218,223,168,170,171,149,154,160,62,64,68,255,253,247,0.54816,0.55332,0.55427
1,1.0542e+06,2.277,11.32,195,800,2.1979,11.216,186.13,537.21,0.34297,0.13417,0.035328,0.31842,0.12443,0.029376,0.29289,0.11785,0.025408,253,253,252,234,230,228,172,173,173,139,144,149,52,59,65,248,245,240,0.55973,0.55236,0.55031
1,1.0543e+06,2.277,11.4,195,800,2.1947,11.302,187.27,870.03,0.30375,0.1357,0.03136,0.27328,0.12814,0.027136,0.2481,0.12129,0.023296,255,255,254,238,238,235,174,173,176,143,142,143,62,62,63,214,215,214,0.55116,0.54408,0.54265
1,1.0544e+06,2.277,11.48,195,800,2.2021,11.373,186.54,769.67,0.36376,0.13459,0.033664,0.28945,0.12898,0.025408,0.22971,0.12532,0.020672,255,255,255,218,224,226,182,182,181,145,147,151,73,66,62,188,183,182,0.53978,0.53741,0.53851
1,1.0545e+06,2.277,11.56,195,800,2.1989,11.451,186.67,943.16,0.31711,0.12992,0.029824,0.26919,0.12346,0.025088,0.24469,0.11768,0.021952,255,255,255,219,218,221,191,187,183,152,154,158,64,64,62,168,169,169,0.54074,0.53737,0.53718
1,1.0546e+06,2.277,11.64,195,800,2.218,11.516,186.24,837.68,0.5097,0.12989,0.042112,0.34339,0.12743,0.031808,0.29668,0.11787,0.02496,254,254,254,208,209,209,180,181,183,169,173,178,64,66,68,149,148,150,0.53817,0.53445,0.53402
1,1.0547e+06,2.277,11.72,195,800,2.1957,11.604,186.65,952.84,0.26467,0.12887,0.025984,0.24444,0.12192,0.022464,0.22424,0.11384,0.01952,255,254,253,197,201,203,175,177,181,180,186,189,78,76,72,141,141,143,0.52248,0.52679,0.52892
1,1.0548e+06,2.277,11.8,195,800,2.2,11.674,185.7,730.63,0.25722,0.13042,0.025088,0.23474,0.12359,0.02144,0.217,0.12111,0.019072,254,253,253,191,197,202,178,176,176,207,209,210,83,80,75,128,132,136,0.5331,0.52838,0.52688
1,1.0549e+06,2.277,11.88,195,800,2.2106,11.753,185.38,675.4,0.31631,0.13056,0.030976,0.27744,0.12313,0.025408,0.25236,0.11838,0.022016,255,252,250,218,213,206,170,171,174,223,226,225,64,68,73,139,134,131,0.52426,0.52433,0.52497
1,1.055e+06,2.277,11.96,195,800,2.1798,11.866,185.02,701.93,0.27826,0.13294,0.0272,0.25627,0.12097,0.022848,0.23174,0.11435,0.019648,251,249,249,218,211,208,170,170,172,227,230,231,69,70,74,136,132,129,0.52106,0.52455,0.52426
1,1.0551e+06,2.277,12.04,195,800,2.1894,11.934,187.28,912.59,0.28171,0.13588,0.028352,0.23444,0.12984,0.022848,0.20821,0.11939,0.018944,247,246,246,202,207,214,171,169,169,235,239,241,83,86,89,128,126,122,0.52248,0.52269,0.52298
1,1.0552e+06,2.277,12.12,195,800,2.2064,11.992,187.39,876.53,0.33501,0.11957,0.026944,0.28131,0.11327,0.021888,0.24861,0.10913,0.018816,248,246,246,224,220,219,172,167,168,246,246,245,100,100,98,128,122,117,0.51878,0.52346,0.52489
1,1.0553e+06,2.277,12.2,195,800,2.2053,12.07,186.64,717.57,0.28312,0.13663,0.028032,0.26242,0.12715,0.024384,0.2449,0.12139,0.021888,251,250,249,253,240,227,164,168,171,254,254,253,118,113,107,109,108,108,0.52792,0.5273,0.52517
1,1.0554e+06,2.277,12.28,195,800,2.1851,12.163,185.56,899.18,0.29005,0.12493,0.026496,0.26617,0.12157,0.023296,0.24714,0.11405,0.02048,255,253,251,215,221,223,184,183,180,255,255,255,99,102,109,93,97,100,0.51408,0.51947,0.52169
1,1.0555e+06,2.277,12.36,195,800,2.1957,12.229,187.37,687.83,0.27673,0.12145,0.024448,0.25259,0.11719,0.021312,0.2354,0.11251,0.01888,253,250,250,225,216,215,197,187,183,255,255,255,99,107,112,96,97,100,0.52249,0.52297,0.5233
1,1.0556e+06,2.277,12.44,195,800,2.2064,12.299,186.53,561.52,0.30637,0.12549,0.028224,0.26381,0.12089,0.02368,0.24207,0.1162,0.020416,249,249,249,198,205,206,187,181,180,255,255,255,128,124,120,105,108,109,0.52428,0.52298,0.52304
1,1.0557e+06,2.277,12.52,195,800,2.1947,12.406,187.4,746.48,0.28003,0.13557,0.027456,0.23928,0.12749,0.022848,0.21415,0.12257,0.019968,253,251,249,202,200,201,177,174,176,255,255,255,122,123,124,120,119,116,0.52827,0.52569,0.52388
1,1.0558e+06,2.277,12.6,195,800,2.1851,12.487,186.25,971.79,0.35341,0.129,0.032896,0.30692,0.11989,0.026496,0.27252,0.11762,0.022336,252,249,248,186,188,194,172,170,171,255,255,255,126,127,126,126,126,123,0.52521,0.52353,0.52299
1,1.0559e+06,2.277,12.68,195,800,2.2011,12.542,186.87,583.16,0.32937,0.12421,0.027136,0.2406,0.12159,0.020672,0.19835,0.1215,0.01792,245,247,248,207,207,207,181,175,172,255,255,255,133,128,121,118,122,128,0.52382,0.52272,0.52266
1,1.056e+06,2.277,12.76,195,800,2.1968,12.629,186.67,746.91,0.36779,0.13948,0.034304,0.30182,0.13157,0.02752,0.27543,0.12161,0.024192,252,249,248,245,228,212,181,175,171,255,255,255,118,119,117,122,127,133,0.52566,0.52377,0.52154
1,1.0561e+06,2.277,12.84,195,800,2.1989,12.71,185.89,730.12,0.39757,0.13211,0.039168,0.3737,0.12328,0.033792,0.35087,0.1178,0.02976,252,252,250,213,216,216,163,165,167,255,255,254,103,103,105,147,153,161,0.52677,0.52516,0.52305
1,1.0562e+06,2.277,12.92,195,800,2.1968,12.801,185.76,1004.3,0.32999,0.13068,0.032448,0.28462,0.12665,0.027456,0.25958,0.11973,0.02368,253,251,251,194,204,212,160,163,167,255,254,252,97,99,103,171,175,181,0.52188,0.52345,0.52348
1,1.0563e+06,2.277,13,195,800,2.2032,12.867,186.83,644.72,0.32855,0.13401,0.032896,0.29266,0.1266,0.027904,0.27329,0.11961,0.024704,251,251,250,211,204,199,170,170,171,244,244,243,107,113,119,230,226,218,0.52702,0.52564,0.5247
1,1.0564e+06,2.277,13.08,195,800,2.1904,12.939,186.65,737.42,0.34573,0.1236,0.03232,0.29927,0.11655,0.026048,0.26413,0.10984,0.021056,249,247,247,179,184,191,176,177,177,238,234,234,151,149,151,244,233,226,0.52538,0.52846,0.52789
1,1.0594e+06,2.37,13.12,195,800,2.2806,12.929,0.15789,820.54,0,0,0,0,0,0,0,0,0,250,248,246,171,184,192,179,178,176,238,236,236,156,152,152,250,241,233,0.52909,0.52723,0.52842
1,1.0595e+06,2.37,13.04,195,800,2.2774,12.862,187.48,599.18,0.18427,0.11711,0.016,0.15638,0.11147,0.01344,0.14475,0.10512,0.01184,251,250,248,189,192,194,176,176,175,244,242,240,132,132,132,254,247,234,0.5255,0.52394,0.52338
1,1.0596e+06,2.37,12.96,195,800,2.2785,12.777,186.68,997.93,0.22206,0.13759,0.023808,0.20561,0.12961,0.020992,0.19235,0.12461,0.018816,250,250,250,207,201,201,166,168,170,253,252,249,97,101,107,219,214,209,0.51683,0.52215,0.52263
1,1.0597e+06,2.37,12.88,195,800,2.304,12.678,187.57,657.71,0.25909,0.14931,0.03008,0.24405,0.14203,0.0272,0.23423,0.13334,0.02432,251,250,249,187,201,209,162,165,168,255,254,252,98,100,102,180,185,189,0.51825,0.51993,0.52145
1,1.0598e+06,2.37,12.8,195,800,2.2891,12.624,187.27,826.55,0.34811,0.14921,0.038208,0.3184,0.1308,0.031488,0.29597,0.11655,0.025856,251,250,249,237,224,212,172,169,167,255,255,255,109,111,111,142,144,149,0.52758,0.52445,0.52204
1,1.0599e+06,2.37,12.72,195,800,2.3061,12.521,185.69,1020.9,0.43419,0.13096,0.03936,0.31634,0.12569,0.030336,0.28223,0.1213,0.026432,251,251,249,193,202,204,172,173,170,255,255,255,131,128,121,125,127,129,0.52226,0.52146,0.52097
1,1.06e+06,2.37,12.64,195,800,2.2859,12.472,186.02,814.7,0.39149,0.14004,0.0416,0.34917,0.12893,0.034304,0.31705,0.11922,0.028672,253,251,249,178,188,198,175,172,170,255,255,255,141,131,124,130,125,125,0.51663,0.51929,0.52076
1,1.0601e+06,2.37,12.56,195,800,2.305,12.382,185.83,796.17,0.4088,0.13153,0.03936,0.33274,0.12502,0.030912,0.27758,0.11893,0.025344,254,252,250,205,199,196,166,170,173,255,255,255,130,130,129,126,122,117,0.52432,0.52159,0.5211
1,1.0602e+06,2.37,12.48,195,800,2.2711,12.338,186.43,830.43,0.46322,0.12231,0.036672,0.36524,0.11651,0.026432,0.19113,0.12015,0.01696,251,251,250,207,205,201,170,174,176,255,255,255,138,136,127,117,115,113,0.51631,0.52029,0.52002
1,1.0603e+06,2.37,12.4,195,800,2.287,12.242,184.27,1001.3,0.24113,0.14426,0.023936,0.21051,0.12853,0.01984,0.18909,0.11709,0.01664,251,249,249,209,211,211,186,187,183,255,255,255,125,122,120,102,100,102,0.52517,0.52137,0.5203
1,1.0604e+06,2.37,12.32,195,800,2.2817,12.166,186.51,1039.8,0.34014,0.11793,0.028736,0.27783,0.11137,0.02176,0.20673,0.11011,0.017152,255,253,250,223,227,223,183,183,180,255,255,255,103,104,109,96,96,98,0.5192,0.51887,0.51937
1,1.0605e+06,2.37,12.24,195,800,2.2827,12.096,187.69,865.37,0.28626,0.13719,0.030656,0.26047,0.12874,0.025728,0.24019,0.12131,0.0224,255,252,249,230,232,228,170,174,175,255,255,254,110,111,108,98,99,101,0.51839,0.51797,0.51938
1,1.0606e+06,2.37,12.16,195,800,2.3156,11.976,187.26,1185,0.2859,0.12433,0.02688,0.26131,0.11738,0.022784,0.23899,0.11156,0.019584,243,247,247,237,232,224,158,163,169,253,251,249,124,115,105,110,111,110,0.52696,0.52495,0.52353
1,1.0607e+06,2.37,12.08,195,800,2.2987,11.929,185.84,832.01,0.34541,0.11956,0.031168,0.31163,0.11424,0.026048,0.27344,0.10979,0.022592,243,245,246,220,220,220,162,165,168,248,246,245,107,104,99,119,118,115,0.53223,0.5238,0.52231
1,1.0608e+06,2.37,12,195,800,2.2912,11.85,186.42,674.56,0.32009,0.13098,0.028544,0.23963,0.12802,0.022656,0.21279,0.12479,0.020096,247,247,248,202,210,213,171,172,172,233,233,233,74,77,80,126,127,126,0.52343,0.52288,0.52189
1,1.0609e+06,2.37,11.92,195,800,2.2891,11.772,186.03,747.67,0.30261,0.1362,0.031872,0.2697,0.12577,0.026368,0.24937,0.11879,0.022528,255,253,251,218,211,206,174,175,176,220,219,221,67,68,73,134,134,132,0.52313,0.522,0.52237
1,1.061e+06,2.37,11.84,195,800,2.2987,11.674,185.06,969.76,0.31997,0.13845,0.033344,0.27265,0.12795,0.026304,0.24524,0.12033,0.022144,254,254,252,200,201,204,175,178,177,208,213,215,68,72,74,132,134,134,0.51612,0.52515,0.52503
1,1.0611e+06,2.37,11.76,195,800,2.2785,11.621,186,839.25,0.29261,0.13083,0.027584,0.24665,0.12498,0.023168,0.21198,0.12167,0.019968,250,252,253,202,199,201,177,179,180,208,203,199,93,82,74,127,132,138,0.52427,0.52224,0.52422
1,1.0612e+06,2.37,11.68,195,800,2.2912,11.547,186.86,909.84,0.33716,0.13464,0.03488,0.30243,0.12649,0.02912,0.26712,0.12113,0.025088,253,253,253,209,206,203,176,178,181,193,193,190,81,77,72,134,137,141,0.53872,0.53116,0.52858
1,1.0613e+06,2.37,11.6,195,800,2.2881,11.46,186.95,764.89,0.31324,0.12837,0.028736,0.25787,0.12266,0.023872,0.22294,0.11768,0.019776,255,255,254,205,209,212,186,185,184,168,167,168,62,64,65,147,152,158,0.52595,0.53118,0.53305
1,1.0614e+06,2.37,11.52,195,800,2.2796,11.392,186.05,780.99,0.29241,0.12538,0.02592,0.25175,0.11525,0.02112,0.21831,0.11463,0.01824,255,255,255,222,222,224,181,180,180,147,148,150,74,67,63,177,178,182,0.53364,0.53636,0.53691
1,1.0615e+06,2.37,11.44,195,800,2.2849,11.294,186.07,629,0.28424,0.13351,0.028608,0.2563,0.12566,0.024832,0.24347,0.12011,0.022336,255,255,255,231,233,231,169,174,178,138,142,145,70,66,64,185,193,198,0.54167,0.53809,0.53903
1,1.0616e+06,2.37,11.36,195,800,2.2923,11.201,187.52,1046.9,0.32711,0.11505,0.026944,0.26854,0.11254,0.02144,0.23987,0.10536,0.01792,254,253,253,252,245,235,179,175,174,135,137,140,61,62,65,229,230,229,0.54265,0.54369,0.54322
1,1.0617e+06,2.37,11.28,195,800,2.2817,11.147,186.31,914.47,0.33767,0.12846,0.032768,0.292,0.12339,0.0272,0.26011,0.11944,0.023552,253,252,251,249,239,229,178,176,174,136,140,145,59,62,67,245,245,241,0.54253,0.54862,0.55058
1,1.0618e+06,2.37,11.2,195,800,2.2923,11.068,185.92,737.57,0.3372,0.1149,0.026048,0.25029,0.11123,0.020608,0.21582,0.10786,0.0176,252,247,244,211,215,218,170,171,171,170,169,172,64,68,73,255,253,249,0.55932,0.55921,0.5589
1,1.0619e+06,2.37,11.12,195,800,2.2944,10.982,185.59,917.84,0.27858,0.13437,0.02752,0.24602,0.12613,0.023488,0.22124,0.12458,0.021248,234,234,236,225,215,208,173,168,167,228,222,216,83,88,99,229,230,229,0.56863,0.57096,0.57097
1,1.062e+06,2.37,11.04,195,800,2.2785,10.911,185.27,634.4,0.33802,0.11915,0.028672,0.26962,0.11463,0.023104,0.2433,0.10944,0.019904,230,233,233,217,210,206,168,168,166,251,243,234,108,117,116,201,210,217,0.58076,0.57209,0.56277
1,1.0651e+06,2.463,11,195,800,2.3804,10.932,0.90273,880.13,0,0,0,0,0,0,0,0,0,214,211,214,182,181,186,164,163,165,255,249,243,158,140,129,233,235,233,0.51791,0.52208,0.51685
1,1.0652e+06,2.463,11.08,195,800,2.3697,11.008,186.79,620.04,0.37851,0.1171,0.023552,0.35734,0.10636,0.01984,0.33329,0.10735,0.016064,211,215,222,187,188,193,164,165,167,206,208,207,84,87,95,254,250,244,0.57669,0.5774,0.57657
1,1.0653e+06,2.463,11.16,195,800,2.3602,11.083,186.61,735.05,0.26916,0.12372,0.02336,0.21729,0.11812,0.019328,0.19935,0.11422,0.017024,228,227,228,202,199,200,168,170,169,178,180,184,71,73,78,255,254,250,0.56726,0.56677,0.56447
1,1.0654e+06,2.463,11.24,195,800,2.3888,11.132,186.93,746.3,0.26154,0.13736,0.027712,0.24149,0.12758,0.023808,0.21882,0.12408,0.021056,245,246,245,221,220,220,190,179,172,137,141,148,80,77,72,254,252,249,0.55304,0.5549,0.55506
1,1.0655e+06,2.463,11.32,195,800,2.391,11.216,186.73,709.85,0.36953,0.13573,0.038528,0.30977,0.13131,0.031168,0.28206,0.12083,0.026048,251,250,250,229,231,227,181,177,172,129,134,140,97,82,71,248,246,240,0.5467,0.54417,0.54627
1,1.0656e+06,2.463,11.4,195,800,2.3613,11.318,186.14,918.3,0.40226,0.12316,0.03392,0.32266,0.11877,0.02624,0.24904,0.11607,0.02112,254,254,253,245,238,232,166,169,173,135,136,139,64,68,69,213,210,209,0.54184,0.53795,0.53975
1,1.0657e+06,2.463,11.48,195,800,2.3772,11.381,185.43,1240.1,0.30989,0.13745,0.032576,0.28208,0.12827,0.027648,0.25877,0.12193,0.024384,254,254,254,218,218,218,189,182,179,153,151,152,58,60,64,181,177,177,0.53957,0.53913,0.53701
1,1.0658e+06,2.463,11.56,195,800,2.3729,11.456,185.54,930.15,0.35489,0.12763,0.033664,0.32305,0.11823,0.02784,0.30141,0.10926,0.022912,255,254,253,203,207,211,190,186,181,162,162,162,61,62,64,172,168,164,0.52745,0.53324,0.53405
1,1.0659e+06,2.463,11.64,195,800,2.3804,11.537,187.47,803.73,0.28076,0.13425,0.028928,0.25969,0.12502,0.02496,0.24296,0.11939,0.022016,251,251,251,211,207,203,182,182,183,187,186,185,67,66,67,148,146,145,0.52583,0.52801,0.52972
1,1.066e+06,2.463,11.72,195,800,2.3846,11.602,188.55,824.44,0.35209,0.13607,0.03584,0.32943,0.12534,0.03136,0.31183,0.11805,0.0272,248,249,250,215,207,198,182,183,183,202,199,194,64,67,69,139,139,139,0.52903,0.52556,0.52503
1,1.0661e+06,2.463,11.8,195,800,2.3772,11.694,186.56,798.23,0.30352,0.1323,0.030016,0.279,0.12703,0.026048,0.26179,0.12151,0.023168,253,251,250,179,192,200,187,186,182,205,208,207,73,72,71,140,139,135,0.52876,0.52548,0.52417
1,1.0662e+06,2.463,11.88,195,800,2.3772,11.779,186.85,1014.4,0.30638,0.11885,0.026368,0.26914,0.11159,0.021824,0.2325,0.10943,0.01824,255,252,250,209,211,207,177,180,180,208,213,217,69,71,72,139,135,130,0.5152,0.51999,0.52175
1,1.0663e+06,2.463,11.96,195,800,2.3931,11.823,185.21,659.19,0.31935,0.1206,0.028736,0.27487,0.11594,0.023936,0.24391,0.11058,0.019968,250,249,249,227,220,213,176,178,178,219,220,223,72,73,75,127,126,125,0.51741,0.52086,0.5214
1,1.0664e+06,2.463,12.04,195,800,2.3538,11.947,186.86,1190.4,0.27575,0.12277,0.025536,0.25112,0.1142,0.022016,0.22997,0.10949,0.019456,243,244,245,217,217,218,177,174,172,234,236,237,89,90,89,112,112,113,0.52529,0.52166,0.52111
1,1.0665e+06,2.463,12.12,195,800,2.3835,11.991,185.81,673.67,0.35783,0.12728,0.026368,0.22711,0.12291,0.019968,0.19035,0.12079,0.017472,244,244,245,211,215,219,169,169,170,242,243,244,103,100,96,106,107,108,0.52009,0.52127,0.52173
1,1.0666e+06,2.463,12.2,195,800,2.3676,12.092,186.8,1116.8,0.36359,0.12648,0.030784,0.28279,0.1212,0.024128,0.23813,0.11794,0.020352,246,245,245,221,221,217,169,168,170,255,253,252,107,106,103,96,98,100,0.51775,0.52162,0.5223
1,1.0667e+06,2.463,12.28,195,800,2.3878,12.156,187.4,1024.2,0.29899,0.1335,0.028096,0.27095,0.12724,0.023808,0.23539,0.12094,0.02016,243,247,248,215,215,213,182,178,177,255,255,255,97,100,104,93,95,97,0.51539,0.51864,0.52021
1,1.0668e+06,2.463,12.36,195,800,2.3835,12.233,186.83,935.57,0.24972,0.12224,0.021632,0.1992,0.11825,0.017664,0.1688,0.1139,0.014848,251,248,248,214,209,210,183,182,180,255,255,255,104,104,110,97,96,98,0.52628,0.52227,0.52027
1,1.0669e+06,2.463,12.44,195,800,2.3751,12.318,185.44,882.12,0.3592,0.13366,0.033664,0.29414,0.12363,0.027072,0.26714,0.11983,0.023616,248,249,251,210,211,211,186,180,178,255,255,255,156,136,123,97,102,105,0.52576,0.5214,0.51925
1,1.067e+06,2.463,12.52,195,800,2.3591,12.419,185.13,1182.5,0.24117,0.12261,0.021696,0.19846,0.11871,0.017536,0.17394,0.11125,0.014976,249,250,251,220,211,205,173,174,176,255,255,255,152,139,125,103,106,110,0.51921,0.51848,0.51918
1,1.0671e+06,2.463,12.6,195,800,2.374,12.481,186.53,810.22,0.32122,0.12832,0.028992,0.23758,0.12488,0.022848,0.21425,0.11608,0.019456,250,251,251,184,190,196,172,169,168,255,255,255,105,114,122,114,116,118,0.52116,0.52292,0.52066
1,1.0672e+06,2.463,12.68,195,800,2.3814,12.549,185.87,1056.5,0.33217,0.12856,0.02944,0.27213,0.12533,0.023232,0.21433,0.1187,0.019456,249,248,249,194,191,194,157,161,165,255,255,255,122,117,113,127,131,134,0.51741,0.51895,0.52051
1,1.0673e+06,2.463,12.76,195,800,2.3772,12.62,187.2,588.52,0.30517,0.12398,0.027712,0.26821,0.12197,0.024384,0.25698,0.11328,0.021184,242,245,248,200,201,199,156,159,164,255,255,255,122,115,111,145,145,145,0.52111,0.5202,0.52063
1,1.0674e+06,2.463,12.84,195,800,2.3729,12.719,186.44,829.33,0.28007,0.12212,0.025728,0.26676,0.11586,0.023104,0.24455,0.11233,0.020352,244,245,246,209,206,205,165,165,166,255,255,255,97,99,101,181,180,180,0.51124,0.51876,0.52053
1,1.0675e+06,2.463,12.92,195,800,2.3867,12.774,186.73,826.21,0.25128,0.13932,0.026816,0.22584,0.13126,0.022976,0.21026,0.12778,0.020928,247,246,246,200,201,203,169,170,169,255,255,253,95,96,99,203,204,202,0.53025,0.52326,0.52242
1,1.0676e+06,2.463,13,195,800,2.3835,12.851,187.34,612.2,0.33309,0.13059,0.032128,0.29055,0.12544,0.026624,0.25706,0.1204,0.022848,245,247,247,192,193,195,182,178,174,245,246,245,105,108,115,254,248,236,0.52012,0.52139,0.52174
1,1.0677e+06,2.463,13.08,195,800,2.3857,12.929,185.73,763.02,0.31876,0.12832,0.03008,0.28201,0.12311,0.0256,0.24358,0.12008,0.020416,247,246,245,193,195,196,175,175,174,236,235,237,156,155,153,248,244,239,0.51994,0.52549,0.52629
1,1.0708e+06,2.556,13.12,195,800,2.4748,12.907,0.17113,785.85,0,0,0,0,0,0,0,0,0,245,243,245,203,198,196,172,171,172,227,227,231,154,154,153,232,234,237,0.53706,0.533,0.53187
1,1.0709e+06,2.556,13.04,195,800,2.4705,12.85,186.82,775.27,0.20394,0.13148,0.018688,0.19556,0.12284,0.016704,0.18554,0.11685,0.014656,246,245,244,198,198,196,176,174,173,227,231,234,123,129,134,251,246,241,0.52912,0.52852,0.52628
1,1.071e+06,2.556,12.96,195,800,2.4737,12.769,187.63,707.58,0.24052,0.14637,0.026624,0.22491,0.13856,0.023552,0.20864,0.13359,0.021376,243,244,245,197,197,199,171,173,173,253,249,246,89,94,102,235,232,225,0.52139,0.52062,0.52227
1,1.0711e+06,2.556,12.88,195,800,2.4758,12.687,187.99,619.16,0.30139,0.13946,0.03264,0.28445,0.12946,0.028672,0.27056,0.12035,0.02528,242,244,245,204,202,202,171,170,170,255,254,252,89,90,95,204,207,208,0.52515,0.52396,0.52331
1,1.0712e+06,2.556,12.8,195,800,2.4854,12.606,187.36,1147.3,0.31173,0.15573,0.03712,0.26993,0.14741,0.030592,0.23556,0.14322,0.026432,250,246,245,203,204,199,162,162,163,255,255,255,93,96,98,163,162,164,0.52266,0.52265,0.52337
1,1.0713e+06,2.556,12.72,195,800,2.4758,12.564,187.2,770.1,0.30126,0.1526,0.035648,0.27745,0.14077,0.030272,0.26202,0.12819,0.026112,246,246,247,186,184,191,155,158,162,255,255,255,107,105,104,130,131,133,0.5277,0.52306,0.52333
1,1.0714e+06,2.556,12.64,195,800,2.478,12.461,187.06,871.75,0.38321,0.14504,0.041408,0.31667,0.13562,0.032384,0.25889,0.13142,0.026048,249,248,247,172,180,192,162,164,165,255,255,255,107,105,107,119,121,123,0.51618,0.52201,0.52251
1,1.0715e+06,2.556,12.56,195,800,2.4684,12.4,185.25,942.94,0.35501,0.13281,0.035584,0.29848,0.12282,0.027776,0.26345,0.11509,0.022976,252,250,248,212,209,204,179,175,172,255,255,255,111,110,112,113,112,111,0.5127,0.5176,0.52108
1,1.0716e+06,2.556,12.48,195,800,2.4992,12.297,187.29,1108.3,0.41658,0.12189,0.03776,0.36575,0.11131,0.029504,0.32214,0.106,0.023552,253,250,247,232,220,209,179,177,176,255,255,255,119,115,111,110,109,107,0.52087,0.52533,0.5234
1,1.0717e+06,2.556,12.4,195,800,2.4769,12.233,185.49,783.77,0.28862,0.1341,0.028864,0.24756,0.12569,0.024192,0.22547,0.12179,0.021312,255,249,245,209,206,204,184,181,177,255,255,255,100,104,107,104,101,100,0.52292,0.52093,0.52148
1,1.0718e+06,2.556,12.32,195,800,2.4843,12.161,186.44,1164,0.30891,0.12481,0.029184,0.26609,0.11763,0.023872,0.24388,0.11301,0.021056,241,241,242,169,186,196,173,175,175,255,255,255,92,94,96,92,94,97,0.52697,0.52189,0.52158
1,1.0719e+06,2.556,12.24,195,800,2.4748,12.092,186.31,996.18,0.2554,0.12364,0.024128,0.22283,0.11503,0.019776,0.20154,0.11058,0.017088,237,239,241,186,191,199,171,172,173,255,255,253,92,92,94,95,96,96,0.52404,0.52258,0.52374
1,1.072e+06,2.556,12.16,195,800,2.4812,11.998,186.89,878.96,0.31073,0.1339,0.031808,0.27592,0.12717,0.027072,0.25566,0.1203,0.023872,244,243,242,229,219,210,172,172,173,250,249,246,90,89,89,101,101,100,0.50949,0.52219,0.52443
1,1.0721e+06,2.556,12.08,195,800,2.479,11.914,187.29,1233.3,0.42823,0.1222,0.036352,0.37252,0.11453,0.028672,0.32168,0.10957,0.022848,245,244,243,222,219,215,173,174,174,247,244,240,86,86,86,100,101,102,0.52747,0.52406,0.52294
1,1.0722e+06,2.556,12,195,800,2.4769,11.858,187.19,817.8,0.29317,0.12608,0.027392,0.26247,0.11863,0.023872,0.24484,0.11409,0.0208,244,246,247,213,217,217,179,178,177,227,226,225,78,77,77,104,107,110,0.52125,0.52146,0.52272
1,1.0723e+06,2.556,11.92,195,800,2.4705,11.769,187.33,949.44,0.35599,0.1173,0.026304,0.29388,0.11087,0.020992,0.23882,0.10632,0.017728,253,249,247,222,213,204,179,180,181,221,217,215,66,69,71,125,125,122,0.5183,0.52481,0.52384
1,1.0724e+06,2.556,11.84,195,800,2.4621,11.713,187.12,793.45,0.30907,0.12175,0.028096,0.25436,0.11745,0.022464,0.21872,0.10989,0.01824,247,247,246,205,198,198,186,183,182,221,215,210,69,69,70,136,132,126,0.53163,0.52696,0.5254
1,1.0725e+06,2.556,11.76,195,800,2.4907,11.607,185.74,1026,0.39248,0.12426,0.03392,0.31549,0.11557,0.02528,0.23952,0.11504,0.020096,243,244,245,186,186,191,188,184,183,198,201,201,65,67,69,125,129,131,0.52641,0.52563,0.52698
1,1.0726e+06,2.556,11.68,195,800,2.4716,11.526,185.76,788.03,0.33366,0.11855,0.027904,0.29228,0.11395,0.022464,0.24157,0.11114,0.018176,245,246,246,194,192,191,179,182,182,193,194,194,63,65,70,124,129,133,0.53182,0.52931,0.52942
1,1.0727e+06,2.556,11.6,195,800,2.4758,11.454,186.15,848.06,0.28686,0.11554,0.022592,0.24317,0.11026,0.018176,0.19376,0.1078,0.014848,250,250,250,192,197,203,180,180,180,179,179,177,66,68,71,148,147,146,0.53114,0.53162,0.53343
1,1.0728e+06,2.556,11.52,195,800,2.4461,11.403,185.46,1289.3,0.27129,0.13004,0.025984,0.24348,0.12499,0.0224,0.21484,0.12135,0.019456,249,252,252,215,216,217,178,179,178,154,155,157,64,66,71,164,166,169,0.53186,0.53736,0.53899
1,1.0729e+06,2.556,11.44,195,800,2.4695,11.3,186.79,777.87,0.38629,0.12114,0.032768,0.29958,0.11826,0.024448,0.23966,0.11611,0.020544,253,253,253,225,225,224,174,176,175,142,145,149,63,65,71,174,181,186,0.53935,0.53849,0.54031
1,1.073e+06,2.556,11.36,195,800,2.4758,11.223,186.27,683.17,0.32558,0.12694,0.030784,0.28431,0.1213,0.0256,0.25615,0.11664,0.022016,254,253,252,225,227,228,163,166,169,141,140,139,70,72,72,233,229,223,0.54925,0.54674,0.54627
1,1.0731e+06,2.556,11.28,195,800,2.4684,11.14,187.57,774.91,0.28879,0.12537,0.027008,0.2459,0.12042,0.022272,0.2202,0.11265,0.019072,247,250,250,221,222,224,158,164,167,142,139,140,73,73,71,251,246,239,0.55304,0.55278,0.5536
1,1.0732e+06,2.556,11.2,195,800,2.4663,11.049,186.11,1043.2,0.30695,0.12492,0.027712,0.2664,0.11798,0.022912,0.24175,0.11264,0.01984,242,239,236,196,203,203,162,166,167,139,148,158,63,65,70,255,255,254,0.56381,0.56021,0.56117
1,1.0733e+06,2.556,11.12,195,800,2.4854,10.988,186.95,817.41,0.28987,0.13317,0.02976,0.25771,0.12788,0.025472,0.242,0.12261,0.02304,201,207,217,173,173,182,164,164,167,202,200,199,73,79,90,255,255,253,0.56977,0.57362,0.57344
1,1.0734e+06,2.556,11.04,195,800,2.4896,10.894,187.05,885.37,0.30609,0.11963,0.0272,0.26415,0.11227,0.022336,0.23499,0.11017,0.019328,189,199,210,155,170,177,159,165,168,235,229,222,96,104,106,255,254,252,0.57003,0.56375,0.55821
1,1.0764e+06,2.649,11,195,800,2.5841,10.911,0.81997,666.09,0,0,0,0,0,0,0,0,0,218,213,216,180,170,174,190,178,176,254,244,233,148,126,114,255,255,255,0.5425,0.52493,0.51503
1,1.0766e+06,2.649,11.08,195,800,2.5798,10.989,186.33,835.58,0.32021,0.11618,0.022208,0.2956,0.10675,0.018752,0.27344,0.10655,0.01632,217,219,225,156,166,180,164,166,169,188,190,192,69,76,85,255,255,255,0.58337,0.58537,0.58442
1,1.0766e+06,2.649,11.16,195,800,2.5597,11.075,186.31,897.69,0.31953,0.11919,0.026432,0.23439,0.1148,0.019776,0.19953,0.11396,0.017088,235,233,232,193,188,186,165,163,165,161,163,169,61,64,71,255,255,255,0.57932,0.57288,0.57175
1,1.0768e+06,2.649,11.24,195,800,2.5629,11.139,186.04,810.96,0.25574,0.14226,0.027968,0.2403,0.13158,0.024384,0.21982,0.12879,0.022016,254,251,247,226,220,214,162,160,163,142,141,144,61,65,69,255,254,247,0.55604,0.55972,0.56144
1,1.0768e+06,2.649,11.32,195,800,2.5427,11.238,185.32,1466.8,0.36418,0.12652,0.03456,0.31836,0.11854,0.027776,0.26544,0.11552,0.022656,255,252,251,229,229,222,163,161,163,142,141,141,69,71,72,254,245,234,0.5585,0.55554,0.55503
1,1.077e+06,2.649,11.4,195,800,2.5618,11.29,184.3,744.97,0.30644,0.13096,0.029568,0.25729,0.12665,0.024896,0.2334,0.12184,0.021632,250,252,252,246,236,224,168,168,169,144,144,146,76,77,80,191,192,194,0.54527,0.54616,0.54683
1,1.077e+06,2.649,11.48,195,800,2.5448,11.394,186.49,952.66,0.33346,0.12737,0.031232,0.26756,0.12143,0.024832,0.23972,0.11416,0.02112,252,252,252,225,216,211,180,175,174,164,160,160,94,93,86,147,147,152,0.54086,0.54632,0.54513
1,1.0772e+06,2.649,11.56,195,800,2.5565,11.461,186.8,862.85,0.31668,0.12259,0.029184,0.28745,0.11227,0.024448,0.26427,0.10935,0.022016,250,251,251,205,204,203,175,176,177,173,170,168,112,99,87,133,135,140,0.5411,0.53723,0.53971
1,1.0772e+06,2.649,11.64,195,800,2.5544,11.531,188.02,717.15,0.3111,0.12844,0.030336,0.28231,0.12061,0.02592,0.26703,0.11464,0.022912,249,248,247,192,191,190,174,177,180,184,185,186,74,81,84,121,122,126,0.53248,0.53305,0.53709
1,1.0774e+06,2.649,11.72,195,800,2.5597,11.604,186.86,653.44,0.30372,0.12685,0.028224,0.2602,0.12276,0.023808,0.22727,0.11993,0.020608,245,244,244,187,186,185,176,179,181,191,192,194,71,75,80,119,119,123,0.52932,0.53232,0.53468
1,1.0774e+06,2.649,11.8,195,800,2.5533,11.7,187.75,1159.2,0.32277,0.14489,0.03616,0.29606,0.13427,0.030336,0.27028,0.12868,0.026752,227,236,243,170,177,186,180,180,180,205,207,207,77,76,75,120,118,118,0.52833,0.53397,0.5338
1,1.0776e+06,2.649,11.88,195,800,2.5692,11.757,186,864.23,0.31876,0.13574,0.032192,0.28324,0.12976,0.026944,0.27087,0.1157,0.022464,248,246,245,205,201,198,176,178,179,208,211,214,67,69,73,108,109,110,0.52368,0.52892,0.53044
1,1.0776e+06,2.649,11.96,195,800,2.5618,11.843,186,711.31,0.28818,0.14059,0.028864,0.23673,0.13637,0.024512,0.21722,0.1338,0.02208,249,249,247,214,211,207,175,177,178,207,212,217,69,69,71,100,102,106,0.5358,0.52924,0.52949
1,1.0778e+06,2.649,12.04,195,800,2.5597,11.92,186.39,728.84,0.32871,0.1472,0.035328,0.29526,0.1395,0.029312,0.26222,0.13038,0.024,247,246,246,213,213,213,179,177,176,221,224,225,71,73,76,99,98,99,0.51902,0.52703,0.52689
1,1.0778e+06,2.649,12.12,195,800,2.5618,11.998,186.47,816.81,0.3528,0.12048,0.028992,0.28088,0.11476,0.02368,0.25182,0.10812,0.020096,241,243,244,212,211,207,175,175,175,230,232,233,75,77,79,98,98,98,0.52071,0.52751,0.52792
1,1.078e+06,2.649,12.2,195,800,2.5533,12.085,186.64,932.07,0.30697,0.12675,0.029248,0.26756,0.11845,0.02432,0.23638,0.11589,0.021248,235,238,242,182,185,188,171,172,173,249,247,245,84,85,86,97,97,97,0.52996,0.5288,0.52887
1,1.078e+06,2.649,12.28,195,800,2.5692,12.148,187.06,1058.5,0.3251,0.12381,0.029568,0.27654,0.11401,0.024064,0.249,0.10958,0.020864,238,239,240,164,172,181,170,173,174,255,254,253,95,94,93,96,96,100,0.52525,0.52676,0.52755
1,1.0782e+06,2.649,12.36,195,800,2.5692,12.233,187.24,769.7,0.37223,0.12201,0.031552,0.30738,0.11526,0.024576,0.23279,0.11243,0.019776,231,238,240,185,184,185,168,173,174,255,255,254,99,98,96,97,99,102,0.52695,0.52546,0.52546
1,1.0782e+06,2.649,12.44,195,800,2.5819,12.291,186.53,1090.2,0.30393,0.12896,0.029824,0.27656,0.11897,0.025152,0.25242,0.11317,0.021824,232,237,241,210,211,203,170,173,174,255,255,255,96,100,101,100,105,109,0.53126,0.52694,0.52653
1,1.0784e+06,2.649,12.52,195,800,2.5735,12.391,186.18,769.81,0.28438,0.12443,0.024064,0.21401,0.12195,0.020096,0.19382,0.11629,0.017472,237,239,242,226,216,204,168,172,173,255,255,255,96,100,102,104,107,112,0.53201,0.53293,0.52921
1,1.0784e+06,2.649,12.6,195,800,2.5639,12.466,187.35,1132,0.3136,0.1283,0.029952,0.26865,0.12691,0.025856,0.23767,0.12062,0.022016,242,245,246,200,199,198,167,170,169,255,255,255,100,105,106,113,116,121,0.5249,0.52479,0.52723
1,1.0786e+06,2.649,12.68,195,800,2.5565,12.552,186.37,760.09,0.30906,0.13201,0.028544,0.26529,0.12248,0.02336,0.22587,0.12183,0.020032,244,247,248,184,192,195,165,165,166,255,255,255,109,107,102,125,131,139,0.52513,0.52669,0.52789
1,1.0786e+06,2.649,12.76,195,800,2.5459,12.63,185.86,1169,0.3292,0.14104,0.035264,0.29869,0.1312,0.029952,0.27251,0.12606,0.026688,242,247,248,204,201,198,162,164,164,255,255,255,97,99,99,138,144,154,0.52669,0.52868,0.52861
1,1.0788e+06,2.649,12.84,195,800,2.5597,12.712,185.53,927.85,0.29222,0.13274,0.02848,0.26528,0.12447,0.02464,0.24616,0.12235,0.0224,248,248,247,201,204,205,165,166,167,255,255,254,86,88,90,178,186,194,0.52585,0.52584,0.52741
1,1.0788e+06,2.649,12.92,195,800,2.5565,12.787,185.84,696.25,0.28021,0.13236,0.028096,0.26257,0.12588,0.025152,0.2432,0.12021,0.0224,247,247,247,186,202,208,171,169,170,255,253,250,87,89,92,211,212,215,0.52268,0.52874,0.52828
1,1.079e+06,2.649,13,195,800,2.5565,12.862,185.65,856.89,0.35603,0.13499,0.036352,0.32051,0.1299,0.031424,0.29536,0.12458,0.027584,245,246,246,215,206,201,176,176,173,235,235,236,118,117,118,253,247,240,0.53227,0.5299,0.52934
1,1.079e+06,2.649,13.08,195,800,2.566,12.944,185.84,873.19,0.38024,0.12639,0.036416,0.3441,0.11931,0.0304,0.28458,0.11127,0.024064,245,246,247,180,186,193,174,173,171,211,219,227,176,168,158,236,239,238,0.54195,0.53442,0.53405
1,1.0821e+06,2.742,13.12,195,800,2.6605,12.919,0.05858,693.07,0,0,0,0,0,0,0,0,0,248,249,249,172,183,197,166,169,171,231,225,224,163,162,153,255,247,235,0.54364,0.54587,0.54659
1,1.0822e+06,2.742,13.04,195,800,2.6583,12.862,187.54,575.57,0.24026,0.11611,0.0192,0.20149,0.11052,0.015488,0.16229,0.10811,0.012992,249,249,248,191,198,202,174,174,173,224,224,226,129,132,132,255,253,244,0.53646,0.53906,0.53884
1,1.0823e+06,2.742,12.96,195,800,2.6445,12.783,186.15,733.36,0.21694,0.13302,0.022272,0.19814,0.12643,0.019392,0.18521,0.11944,0.017472,247,248,249,232,224,216,175,176,176,243,242,239,84,90,97,250,247,242,0.53575,0.5365,0.53558
1,1.0824e+06,2.742,12.88,195,800,2.6392,12.719,184.86,964.08,0.24274,0.14479,0.026624,0.23501,0.13605,0.024192,0.22623,0.12876,0.021824,251,250,249,224,221,217,169,173,175,254,251,246,85,84,88,243,238,233,0.53096,0.53181,0.53363
1,1.0825e+06,2.742,12.8,195,800,2.6541,12.624,187.82,662.99,0.30415,0.15181,0.03584,0.27869,0.14522,0.031424,0.25246,0.13829,0.027072,248,248,248,200,203,205,169,169,171,255,255,254,86,87,87,201,201,199,0.5358,0.53472,0.53505
1,1.0826e+06,2.742,12.72,195,800,2.6562,12.548,187.85,783.44,0.43311,0.1368,0.044544,0.34084,0.12614,0.032832,0.30788,0.11643,0.027136,248,249,248,194,195,197,164,166,168,255,255,255,107,101,94,155,158,165,0.53974,0.53842,0.53673
1,1.0827e+06,2.742,12.64,195,800,2.6445,12.496,187.19,722.55,0.39395,0.14257,0.04224,0.3439,0.13253,0.034112,0.30542,0.12704,0.029056,254,251,248,200,195,193,165,167,169,255,255,255,112,104,96,142,145,153,0.53648,0.53665,0.53664
1,1.0828e+06,2.742,12.56,195,800,2.6679,12.375,186.36,704.78,0.37189,0.15275,0.043968,0.32578,0.14636,0.037184,0.29343,0.14094,0.032192,244,245,245,176,183,189,175,173,172,255,255,254,96,96,95,130,135,144,0.52574,0.53235,0.53398
1,1.0829e+06,2.742,12.48,195,800,2.6562,12.316,186.04,823.61,0.45197,0.12818,0.042112,0.41818,0.11395,0.033088,0.3296,0.10741,0.023872,238,239,242,174,180,185,167,171,173,255,255,254,94,93,93,127,133,143,0.53356,0.53678,0.53583
1,1.083e+06,2.742,12.4,195,800,2.6477,12.247,185.63,802.61,0.32895,0.1416,0.035584,0.27611,0.1336,0.0288,0.24288,0.13024,0.024896,233,237,240,181,178,177,169,169,173,254,253,251,101,97,91,122,127,134,0.53064,0.53448,0.53575
1,1.0831e+06,2.742,12.32,195,800,2.6615,12.143,187.25,1024.6,0.34209,0.14472,0.037888,0.31031,0.13224,0.031808,0.28631,0.12873,0.028416,250,246,242,168,167,170,174,174,174,252,249,246,86,89,88,107,111,119,0.54549,0.53761,0.5371
1,1.0832e+06,2.742,12.24,195,800,2.6361,12.094,186.14,732.37,0.31874,0.13608,0.032832,0.28229,0.12616,0.02752,0.25803,0.12215,0.024128,247,245,243,161,165,173,178,176,174,246,245,242,83,84,86,101,105,112,0.53512,0.53857,0.53895
1,1.0833e+06,2.742,12.16,195,800,2.6594,11.999,186.06,1054.2,0.36141,0.13746,0.034624,0.26638,0.13128,0.026688,0.23797,0.12594,0.023168,245,245,245,186,187,190,172,173,175,231,230,229,83,81,80,96,100,106,0.53831,0.53804,0.5382
1,1.0834e+06,2.742,12.08,195,800,2.6636,11.91,186.13,936.95,0.35841,0.12943,0.033856,0.31311,0.12173,0.02784,0.27316,0.11846,0.023104,250,248,246,205,203,201,172,174,175,219,221,222,77,78,78,95,99,105,0.53672,0.53736,0.53793
1,1.0835e+06,2.742,12,195,800,2.6679,11.846,187.47,1053.7,0.29149,0.13075,0.029952,0.25676,0.12398,0.02496,0.2344,0.1196,0.022144,253,252,249,225,219,210,181,178,175,214,210,210,69,70,73,96,98,105,0.54712,0.541,0.53982
1,1.0836e+06,2.742,11.92,195,800,2.6605,11.752,184.92,988.32,0.30477,0.13098,0.030208,0.26836,0.12547,0.025536,0.24916,0.12065,0.02272,250,247,247,194,194,192,176,174,174,209,209,208,72,74,76,100,105,114,0.54012,0.53912,0.54037
1,1.0837e+06,2.742,11.84,195,800,2.652,11.691,186.43,908.02,0.32558,0.16087,0.035904,0.29727,0.15171,0.030912,0.27461,0.14564,0.027328,244,244,245,168,174,183,172,173,175,215,210,207,86,83,79,110,113,122,0.54647,0.54427,0.54338
1,1.0838e+06,2.742,11.76,195,800,2.6499,11.607,186.24,683.81,0.36157,0.13676,0.03488,0.29276,0.13189,0.027264,0.24395,0.12733,0.022464,246,244,245,181,175,178,184,181,179,215,208,203,98,90,84,120,126,136,0.54601,0.5442,0.54449
1,1.0839e+06,2.742,11.68,195,800,2.6594,11.536,187.13,1192.9,0.28705,0.1408,0.029824,0.26818,0.1301,0.02528,0.2458,0.12585,0.021952,246,247,247,189,187,182,191,187,182,202,199,197,85,87,89,121,129,139,0.54527,0.54512,0.54703
1,1.084e+06,2.742,11.6,195,800,2.6562,11.446,188.12,1225.7,0.31798,0.15088,0.034496,0.28378,0.12756,0.027648,0.25762,0.12092,0.024192,254,253,252,188,191,195,187,182,180,178,179,182,100,100,95,122,128,139,0.55473,0.55115,0.54946
1,1.0841e+06,2.742,11.52,195,800,2.6467,11.387,185.85,693.71,0.30529,0.12781,0.028416,0.24776,0.12288,0.023296,0.21709,0.11956,0.019776,254,254,253,189,197,206,170,170,174,161,161,164,105,100,94,134,136,146,0.55777,0.55279,0.55122
1,1.0842e+06,2.742,11.44,195,800,2.6541,11.288,185.58,1101.3,0.31901,0.1191,0.02752,0.25463,0.11729,0.02208,0.22533,0.11214,0.018368,254,253,253,198,207,213,169,170,173,149,152,156,85,89,91,144,149,160,0.55154,0.55211,0.5535
1,1.0843e+06,2.742,11.36,195,800,2.6636,11.213,185.98,938.35,0.28935,0.12077,0.026048,0.251,0.11113,0.020928,0.22402,0.10829,0.018048,254,253,253,218,219,218,174,172,173,141,141,143,96,88,80,205,204,204,0.5575,0.56078,0.56079
1,1.0844e+06,2.742,11.28,195,800,2.6647,11.131,186.93,933.22,0.30621,0.12622,0.02816,0.25085,0.1245,0.023616,0.21917,0.11738,0.019776,254,252,251,219,217,216,168,169,173,138,138,140,95,85,77,237,233,226,0.5676,0.56726,0.56721
1,1.0845e+06,2.742,11.2,195,800,2.6594,11.065,185.85,843.32,0.31403,0.12544,0.029696,0.27012,0.11808,0.024192,0.23972,0.1146,0.021184,246,246,245,201,204,202,164,170,178,137,140,146,63,67,71,255,255,252,0.57896,0.57875,0.57706
1,1.0846e+06,2.742,11.12,195,800,2.6626,10.975,187.98,1011.4,0.26765,0.1257,0.025856,0.23376,0.12073,0.021952,0.2106,0.11513,0.018944,242,239,237,173,176,186,182,184,189,170,175,180,72,74,82,255,255,255,0.58558,0.58964,0.58936
1,1.0847e+06,2.742,11.04,195,800,2.6658,10.916,186.86,688.29,0.3451,0.12852,0.033728,0.31466,0.1214,0.028672,0.27919,0.11444,0.02368,238,237,235,158,175,183,182,190,196,208,207,200,86,92,93,255,255,255,0.60815,0.59009,0.57349
1,1.0878e+06,2.835,11,195,800,2.7506,10.927,0.30686,737.71,0,0,0,0,0,0,0,0,0,244,246,244,199,197,195,245,240,231,215,208,201,107,103,103,255,255,255,0.561,0.54782,0.53373
1,1.0879e+06,2.835,11.08,195,800,2.7602,10.991,185.65,907.02,0.24466,0.11418,0.018112,0.21235,0.11014,0.015424,0.15641,0.10984,0.013376,244,245,245,201,196,194,237,228,216,157,161,168,72,75,83,255,255,255,0.61443,0.60839,0.60805
1,1.088e+06,2.835,11.16,195,800,2.7422,11.08,187.13,747.47,0.28475,0.12414,0.022464,0.1719,0.12578,0.016576,0.15037,0.12458,0.014784,240,245,246,203,198,193,211,212,207,138,143,151,68,70,76,255,255,255,0.59513,0.5935,0.59295
1,1.0881e+06,2.835,11.24,195,800,2.7538,11.155,187.78,978.91,0.25905,0.13296,0.026816,0.23477,0.12946,0.023616,0.21867,0.11687,0.019904,251,250,250,198,197,202,197,194,189,131,135,140,75,77,78,254,246,237,0.58436,0.5837,0.58523
1,1.0882e+06,2.835,11.32,195,800,2.7411,11.23,187.92,736.37,0.32261,0.12909,0.032128,0.28763,0.12116,0.026944,0.27189,0.1124,0.023296,254,253,252,203,203,205,195,192,185,141,142,142,79,80,81,231,225,219,0.58343,0.58061,0.57958
1,1.0883e+06,2.835,11.4,195,800,2.756,11.294,187.85,1202.9,0.29047,0.14468,0.032256,0.25564,0.13607,0.026944,0.22722,0.13216,0.02336,255,255,254,216,217,212,188,185,179,152,154,155,74,80,87,157,166,178,0.57291,0.57132,0.57082
1,1.0884e+06,2.835,11.48,195,800,2.7475,11.38,186.81,832.05,0.30977,0.13732,0.032576,0.28035,0.1254,0.0272,0.25457,0.12024,0.023488,255,255,254,222,213,205,169,175,178,170,172,174,93,91,89,143,152,163,0.56011,0.56427,0.56636
1,1.0885e+06,2.835,11.56,195,800,2.7496,11.45,186.12,486.86,0.3082,0.1261,0.028864,0.26941,0.11922,0.024,0.2426,0.11537,0.021056,255,255,254,201,202,201,174,178,179,186,185,183,97,95,91,159,163,168,0.5612,0.56202,0.56312
1,1.0886e+06,2.835,11.64,195,800,2.739,11.546,185.54,1279.7,0.33072,0.13259,0.033472,0.28388,0.12399,0.0272,0.25627,0.11904,0.023424,253,252,251,201,193,188,190,187,182,202,202,200,90,90,89,194,193,186,0.56492,0.56186,0.56111
1,1.0887e+06,2.835,11.72,195,800,2.7464,11.617,186.17,1019,0.42895,0.13116,0.040128,0.37305,0.12089,0.032384,0.34284,0.11371,0.02752,249,250,250,188,184,182,185,184,180,207,205,204,85,88,88,206,201,188,0.56125,0.55861,0.55936
1,1.0888e+06,2.835,11.8,195,800,2.7475,11.698,185.3,684.95,0.36023,0.13095,0.03392,0.28819,0.12474,0.0272,0.2555,0.12137,0.023744,252,249,248,152,164,176,167,169,171,204,205,204,88,86,83,182,179,170,0.56266,0.56126,0.56022
1,1.0889e+06,2.835,11.88,195,800,2.7464,11.784,186.6,976.44,0.375,0.12839,0.036352,0.33575,0.12069,0.030464,0.30611,0.11286,0.02528,246,249,250,185,187,191,163,166,168,197,198,200,72,75,78,131,135,140,0.56119,0.55709,0.55724
1,1.089e+06,2.835,11.96,195,800,2.7549,11.855,186.28,1081,0.33661,0.12658,0.029952,0.27803,0.12456,0.024576,0.23746,0.12035,0.021504,249,250,250,206,205,202,168,169,169,195,196,199,70,72,76,119,123,130,0.55614,0.55596,0.55654
1,1.0891e+06,2.835,12.04,195,800,2.7485,11.91,187.64,604.65,0.38876,0.14437,0.043136,0.35347,0.13619,0.036928,0.32908,0.12836,0.032128,249,250,250,216,215,211,172,172,174,199,203,205,80,79,78,127,126,124,0.55251,0.55421,0.55517
1,1.0892e+06,2.835,12.12,195,800,2.7379,12.008,186.96,969.4,0.39371,0.12435,0.035584,0.3298,0.11876,0.02816,0.29047,0.1128,0.023488,248,248,248,209,206,204,176,175,176,212,211,211,87,83,80,132,128,126,0.55481,0.55525,0.55551
1,1.0893e+06,2.835,12.2,195,800,2.7517,12.068,187.2,858.91,0.31981,0.14854,0.036736,0.27714,0.1426,0.030848,0.25068,0.13806,0.027392,247,247,246,179,182,186,185,181,177,225,224,221,82,83,83,129,130,133,0.56062,0.55669,0.55635
1,1.0894e+06,2.835,12.28,195,800,2.74,12.163,187.21,877.5,0.3719,0.13984,0.039552,0.33019,0.13017,0.03264,0.29349,0.12105,0.026432,244,244,244,169,166,170,178,176,176,225,229,228,79,80,83,150,154,156,0.55683,0.55399,0.55421
1,1.0895e+06,2.835,12.36,195,800,2.739,12.258,186.34,993.36,0.3476,0.12575,0.030656,0.27552,0.11957,0.024128,0.23843,0.11696,0.021056,245,243,244,152,159,169,177,175,175,239,234,230,81,80,82,182,177,171,0.55359,0.55393,0.55404
1,1.0896e+06,2.835,12.44,195,800,2.7273,12.35,187.28,1154.9,0.29104,0.13031,0.02912,0.2607,0.12255,0.024768,0.24746,0.11628,0.022016,247,245,245,165,163,169,187,180,176,245,241,237,77,81,84,227,209,194,0.5545,0.55413,0.55549
1,1.0897e+06,2.835,12.52,195,800,2.7517,12.383,186.57,1026.9,0.34633,0.12966,0.032,0.28605,0.12548,0.02592,0.23627,0.12215,0.021504,252,249,247,167,168,175,192,182,177,250,245,239,80,81,84,219,207,194,0.55202,0.55433,0.55414
1,1.0898e+06,2.835,12.6,195,800,2.7337,12.493,188.16,1048.5,0.37935,0.13478,0.037568,0.31994,0.12643,0.030784,0.2857,0.12157,0.026176,254,253,250,186,186,189,178,174,173,254,251,243,81,82,85,187,182,183,0.54517,0.55105,0.55246
1,1.0899e+06,2.835,12.68,195,800,2.7528,12.547,185.23,723.62,0.36336,0.13115,0.035968,0.30948,0.12739,0.029824,0.27006,0.11742,0.02432,252,248,249,206,197,198,163,164,169,254,250,243,75,77,82,191,188,191,0.55864,0.5558,0.55535
1,1.09e+06,2.835,12.76,195,800,2.7294,12.644,186.03,1029.1,0.37698,0.13428,0.038656,0.31654,0.12634,0.030464,0.28178,0.12196,0.025856,250,247,249,194,197,203,168,168,172,252,248,243,73,75,80,226,211,205,0.5531,0.55354,0.55385
1,1.0901e+06,2.835,12.84,195,800,2.7528,12.706,184.43,805.61,0.39792,0.12704,0.036928,0.34317,0.12204,0.03008,0.29987,0.1171,0.02528,251,251,249,225,217,214,199,187,179,252,247,238,76,75,77,255,250,237,0.55921,0.55419,0.55355
1,1.0902e+06,2.835,12.92,195,800,2.7432,12.796,186.64,794.3,0.36832,0.13433,0.035456,0.29662,0.12887,0.029056,0.26348,0.12204,0.02496,250,250,249,225,228,222,200,187,180,250,241,232,76,77,79,255,254,246,0.55452,0.55166,0.55247
1,1.0903e+06,2.835,13,195,800,2.74,12.864,186.75,983.09,0.40542,0.13329,0.039616,0.33751,0.12528,0.032384,0.30954,0.11631,0.027072,251,249,249,240,230,222,172,172,175,211,216,220,91,92,97,254,249,242,0.55587,0.55415,0.5555
1,1.0904e+06,2.835,13.08,195,800,2.7496,12.916,188.51,615.81,0.38807,0.12875,0.036608,0.31774,0.12179,0.028608,0.27385,0.11268,0.023168,253,250,248,194,203,212,171,167,170,213,215,218,133,133,135,218,215,216,0.56714,0.56303,0.5627
1,1.0935e+06,2.928,13.12,195,800,2.8302,12.92,0.41941,739.5,0,0,0,0,0,0,0,0,0,249,248,248,233,227,224,172,172,174,206,203,206,108,112,118,181,187,196,0.55372,0.54468,0.52939
1,1.0936e+06,2.928,13.04,195,800,2.8514,12.84,186.48,804.62,0.1588,0.14082,0.017408,0.15212,0.13126,0.015552,0.14815,0.12334,0.01408,243,247,249,237,232,227,173,174,176,197,197,202,88,94,100,215,215,214,0.56598,0.55288,0.53668
1,1.0937e+06,2.928,12.96,195,800,2.8514,12.754,186.32,986.62,0.19853,0.1464,0.022592,0.18187,0.13696,0.019776,0.17427,0.13155,0.017856,251,250,250,232,229,225,182,183,185,199,199,203,72,75,79,251,246,241,0.58026,0.57858,0.56786
1,1.0938e+06,2.928,12.88,195,800,2.844,12.693,187.71,784.36,0.30582,0.1558,0.036416,0.28914,0.14482,0.032384,0.27745,0.13476,0.028352,254,252,250,218,219,218,192,189,186,204,205,207,70,71,74,250,246,242,0.5737,0.57471,0.57311
1,1.0939e+06,2.928,12.8,195,800,2.8578,12.611,186.39,803.98,0.34537,0.15838,0.041152,0.26152,0.144,0.028992,0.2329,0.13663,0.024576,247,248,249,199,201,206,179,181,182,208,211,215,71,72,74,224,223,223,0.56887,0.5755,0.57356
1,1.094e+06,2.928,12.72,195,800,2.8621,12.543,187.14,966.79,0.40994,0.16292,0.05056,0.38685,0.13536,0.038336,0.33175,0.12495,0.029952,244,246,248,212,207,204,169,170,174,213,216,219,77,80,81,187,192,203,0.57547,0.57385,0.57017
1,1.0941e+06,2.928,12.64,195,800,2.827,12.49,185.09,639.3,0.38955,0.16465,0.046784,0.29011,0.15628,0.03456,0.25392,0.14516,0.028928,248,248,249,219,210,202,172,173,174,216,218,220,81,84,84,188,193,203,0.57312,0.57608,0.57339
1,1.0942e+06,2.928,12.56,195,800,2.8461,12.406,186.47,881.8,0.40135,0.17094,0.052224,0.3427,0.15713,0.039936,0.29231,0.14397,0.032896,252,251,251,193,192,191,176,180,181,214,215,217,83,87,87,236,228,221,0.57863,0.57909,0.57841
1,1.0943e+06,2.928,12.48,195,800,2.8451,12.301,188.21,969.52,0.48009,0.17273,0.060928,0.42271,0.14998,0.047744,0.37778,0.13212,0.037824,251,251,250,181,182,182,182,183,181,208,210,215,82,85,86,252,243,230,0.57901,0.57876,0.58017
1,1.0944e+06,2.928,12.4,195,800,2.8398,12.245,186.22,772.99,0.433,0.1628,0.053184,0.36167,0.15361,0.041984,0.31686,0.14258,0.034048,245,246,248,172,176,179,172,176,178,201,203,209,77,80,82,249,236,220,0.57999,0.58015,0.57873
1,1.0945e+06,2.928,12.32,195,800,2.8302,12.166,188.02,758.2,0.44401,0.15778,0.052224,0.38773,0.14046,0.039168,0.34372,0.12254,0.031168,246,246,247,188,187,185,169,171,175,202,202,206,79,81,83,182,186,186,0.57149,0.57578,0.57465
1,1.0946e+06,2.928,12.24,195,800,2.844,12.061,187.45,1051.1,0.5139,0.15008,0.04768,0.33808,0.13769,0.030336,0.24686,0.1339,0.023616,246,247,247,191,192,191,177,176,176,199,202,205,83,84,85,167,167,169,0.58168,0.57853,0.57212
1,1.0947e+06,2.928,12.16,195,800,2.8546,11.999,186.63,952.87,0.42683,0.14604,0.048192,0.37652,0.13358,0.038272,0.33369,0.12142,0.030656,245,246,247,204,204,204,179,178,177,203,202,202,85,88,87,151,154,152,0.58121,0.57827,0.57378
1,1.0948e+06,2.928,12.08,195,800,2.8313,11.915,186.61,1076.3,0.41336,0.14206,0.04416,0.35165,0.13269,0.034944,0.31293,0.1265,0.029696,244,247,248,214,213,209,175,175,175,201,199,199,83,87,87,153,153,149,0.57674,0.57931,0.57539
1,1.0949e+06,2.928,12,195,800,2.8483,11.839,186.13,666.03,0.4335,0.14231,0.045632,0.3112,0.13768,0.03296,0.27326,0.13017,0.027776,254,251,250,224,216,211,168,167,168,183,185,190,81,84,85,150,150,149,0.5762,0.57894,0.57871
1,1.095e+06,2.928,11.92,195,800,2.8387,11.77,184.77,896.05,0.39158,0.14071,0.041664,0.33308,0.1302,0.033216,0.29187,0.12223,0.027328,252,253,252,189,196,198,163,161,163,183,184,188,80,83,84,162,164,165,0.58626,0.58269,0.58033
1,1.0951e+06,2.928,11.84,195,800,2.8345,11.679,185.24,1137,0.41418,0.14156,0.044608,0.37178,0.12856,0.036224,0.31663,0.12277,0.029504,252,252,251,183,187,190,156,160,163,190,190,191,81,83,83,190,186,182,0.57642,0.57941,0.57878
1,1.0952e+06,2.928,11.76,195,800,2.8642,11.594,187.37,911.97,0.39239,0.14412,0.043328,0.34087,0.1356,0.035904,0.30323,0.12723,0.02976,244,250,251,179,184,186,168,168,169,201,199,198,78,81,82,246,233,217,0.59133,0.58244,0.57756
1,1.0953e+06,2.928,11.68,195,800,2.844,11.523,186.49,1086.9,0.46338,0.13903,0.048,0.39554,0.12831,0.037696,0.34866,0.11922,0.030848,251,251,252,187,188,188,170,173,173,209,202,200,78,81,82,251,245,225,0.58286,0.58115,0.57922
1,1.0954e+06,2.928,11.6,195,800,2.843,11.466,187.46,924.39,0.45572,0.15289,0.053056,0.38426,0.14261,0.041984,0.34336,0.1348,0.035584,253,254,253,193,196,199,181,179,178,219,204,196,80,83,84,245,230,214,0.58441,0.5827,0.58139
1,1.0955e+06,2.928,11.52,195,800,2.843,11.384,187.26,716.58,0.43719,0.13238,0.04288,0.37874,0.12175,0.034112,0.32651,0.11835,0.028352,254,254,254,198,211,210,173,177,177,183,182,180,86,87,86,184,188,188,0.58795,0.58411,0.58183
1,1.0956e+06,2.928,11.44,195,800,2.8313,11.306,186.96,844.37,0.36996,0.13286,0.0368,0.31313,0.12733,0.030336,0.29145,0.11855,0.026048,254,254,254,214,219,214,170,175,177,168,169,171,90,87,86,168,176,182,0.58618,0.58359,0.58276
1,1.0957e+06,2.928,11.36,195,800,2.8387,11.217,186.79,935.52,0.39342,0.12701,0.035712,0.32983,0.11843,0.027136,0.26243,0.11351,0.01888,253,253,253,213,216,213,172,179,181,153,155,153,89,89,89,186,195,200,0.59161,0.58807,0.58565
1,1.0958e+06,2.928,11.28,195,800,2.8207,11.165,186.84,832.8,0.28394,0.14364,0.031104,0.25002,0.13616,0.02624,0.21679,0.13387,0.022784,253,252,251,203,207,209,176,185,186,144,147,148,97,93,87,221,220,218,0.58998,0.59256,0.59178
1,1.0959e+06,2.928,11.2,195,800,2.843,11.058,186.02,779.63,0.31606,0.14521,0.0352,0.28689,0.13321,0.029056,0.26287,0.1264,0.025216,248,249,249,191,195,200,196,202,205,137,140,144,78,82,84,255,253,247,0.60163,0.60118,0.59957
1,1.096e+06,2.928,11.12,195,800,2.8419,10.985,185.13,1149.4,0.39068,0.13587,0.038784,0.30189,0.12789,0.028928,0.25787,0.12359,0.024384,245,247,247,200,195,195,241,237,231,153,155,160,76,83,93,255,255,255,0.61002,0.61117,0.60991
1,1.0961e+06,2.928,11.04,195,800,2.8483,10.902,185.99,736.17,0.33874,0.14956,0.038464,0.29293,0.14638,0.032704,0.25932,0.14184,0.02848,246,247,246,191,197,196,255,250,242,167,174,173,93,105,106,255,255,255,0.61393,0.59753,0.56869
