1,82500,3,11,100,899.7,2.9204,10.893,-0.40819,874.26,0,0,0,0,0,0,0,0,0,243,245,246,202,202,202,169,168,169,252,250,243,254,238,219,162,152,147,0.32326,0.34845,0.37382
1,82600,3,11.09,100,899.7,2.9119,10.991,94.233,883.39,0.12082,0.1103,0.01056,0.11629,0.10268,0.009408,0.10527,0.10028,0.00864,253,252,251,214,206,203,165,167,167,222,214,210,167,164,163,133,134,138,0.56579,0.55254,0.52093
1,82700,3,11.18,100,899.7,2.9109,11.06,94.862,1387.8,0.17443,0.11598,0.015744,0.16629,0.10638,0.01376,0.15686,0.10272,0.012736,254,253,253,196,200,206,161,163,166,160,160,166,97,98,105,146,144,147,0.55026,0.53979,0.52095
1,82800,3,11.27,100,899.7,2.8939,11.16,93.25,1036,0.22584,0.11092,0.017984,0.19073,0.10589,0.015104,0.17267,0.10056,0.012928,252,252,253,207,205,209,165,163,167,143,144,151,86,86,92,161,163,165,0.51553,0.50161,0.49579
1,82900,3,11.36,100,899.7,2.9151,11.23,93.763,702.47,0.20655,0.1108,0.016192,0.1749,0.10053,0.012928,0.15465,0.095082,0.011136,254,252,252,220,216,213,180,180,180,139,139,141,85,86,87,227,223,206,0.47525,0.48743,0.49315
1,83000,3,11.45,100,899.7,2.9013,11.326,93.607,749.62,0.19454,0.10339,0.015616,0.17549,0.092307,0.012736,0.1648,0.089985,0.011584,246,248,249,199,202,201,206,198,192,143,141,142,84,86,88,255,245,218,0.48143,0.49495,0.49678
1,83100,3,11.54,100,899.7,2.896,11.407,95.034,1157,0.19044,0.10599,0.015104,0.15372,0.094439,0.011456,0.13789,0.089352,0.0096,243,243,245,171,170,173,196,196,193,140,139,141,83,85,87,189,187,180,0.46931,0.48118,0.48941
1,83200,3,11.63,100,899.7,2.9215,11.497,93.455,877.81,0.1607,0.11456,0.0144,0.14853,0.10935,0.012544,0.13837,0.10211,0.0112,247,247,247,138,149,164,184,182,180,144,146,148,83,84,86,134,131,135,0.53611,0.52258,0.50725
1,83300,3,11.72,100,899.7,2.9268,11.578,93.819,812,0.16775,0.10553,0.013056,0.14126,0.096811,0.01088,0.13064,0.095051,0.009728,253,250,249,154,164,172,169,171,174,151,153,154,79,83,88,132,124,122,0.54064,0.52129,0.50958
1,83400,3,11.81,100,899.7,2.896,11.681,95.282,762.16,0.1877,0.10726,0.015104,0.16564,0.10019,0.012736,0.14641,0.096343,0.011136,252,252,251,215,212,204,161,163,167,174,170,164,90,90,90,120,118,118,0.48414,0.49845,0.50489
1,83500,3,11.9,100,899.7,2.9056,11.777,94.173,1207.2,0.18944,0.10278,0.014784,0.17274,0.098652,0.012736,0.16059,0.093859,0.011392,253,251,249,233,226,218,179,174,171,164,165,164,84,87,89,130,124,120,0.46386,0.47022,0.47906
1,83600,3,11.99,100,899.7,2.9416,11.82,94.332,998.1,0.17708,0.10265,0.013696,0.15603,0.09481,0.011328,0.14657,0.091701,0.01024,244,244,245,207,206,206,175,175,174,160,160,159,77,78,81,131,126,122,0.48605,0.50254,0.50047
1,83700,3,12.08,100,899.7,2.9045,11.943,94.713,776.14,0.17973,0.1021,0.014016,0.16837,0.09344,0.01216,0.15457,0.090597,0.011072,239,239,241,182,183,188,168,170,172,153,153,152,77,78,79,129,125,122,0.46617,0.47804,0.48663
1,83800,3,12.17,100,899.7,2.913,12.022,94.475,910.97,0.17933,0.098855,0.013568,0.15579,0.096285,0.011584,0.14029,0.092314,0.009984,242,240,241,175,179,188,170,170,170,147,148,148,81,80,79,128,125,122,0.4506,0.46402,0.47394
1,83900,3,12.26,100,899.7,2.8949,12.132,95.478,879.13,0.18017,0.10555,0.014528,0.15229,0.098708,0.011648,0.141,0.093123,0.010176,246,245,245,214,205,202,162,164,168,137,138,139,73,75,77,127,127,125,0.46239,0.46793,0.47592
1,84000,3,12.35,100,899.7,2.9098,12.206,96.123,1002.1,0.18906,0.099394,0.014208,0.16909,0.093101,0.012032,0.14127,0.091195,0.009792,249,247,246,227,219,209,170,168,170,134,133,134,70,73,75,143,134,128,0.53041,0.51541,0.49883
1,84100,3,12.44,100,899.7,2.9162,12.302,94.789,1116.7,0.17642,0.10924,0.014848,0.16318,0.10077,0.012928,0.14664,0.099434,0.011264,241,245,248,194,195,200,178,178,177,130,131,134,82,78,76,134,131,129,0.55282,0.5209,0.49544
1,84200,3,12.529,100,899.7,2.9056,12.377,94.673,674.97,0.20511,0.094315,0.015232,0.19086,0.088578,0.013248,0.18131,0.081645,0.01184,252,250,248,188,189,190,185,183,179,132,135,137,73,76,78,136,132,129,0.49315,0.49323,0.48844
1,84300,3,12.619,100,899.7,2.9109,12.487,95.276,914.11,0.20908,0.10879,0.0176,0.19609,0.10277,0.015616,0.1882,0.094959,0.014144,249,248,248,188,187,187,182,180,177,136,138,137,77,77,78,140,134,129,0.44816,0.46171,0.47636
1,84400,3,12.709,100,899.7,2.9056,12.56,94.845,1218.3,0.27414,0.0987,0.020288,0.24874,0.093204,0.017472,0.23898,0.085634,0.015872,243,244,246,182,183,186,163,168,172,132,132,131,73,73,73,139,132,127,0.43675,0.45619,0.47267
1,84500,3,12.799,100,899.7,2.9215,12.635,94.862,1131.3,0.14266,0.10043,0.010816,0.12968,0.098026,0.009536,0.11847,0.086663,0.008,248,247,246,197,195,189,170,170,169,119,122,127,64,65,67,135,129,127,0.46679,0.46793,0.47077
1,84600,3,12.889,100,899.7,2.9172,12.736,95.06,918.53,0.16153,0.10151,0.012608,0.14911,0.092419,0.01056,0.13757,0.087564,0.009472,247,247,247,195,195,191,160,167,171,135,133,131,69,68,68,143,139,135,0.43813,0.44194,0.45658
1,84700,3,12.979,100,899.7,2.9172,12.819,94.948,700.01,0.16177,0.11208,0.014016,0.14903,0.10545,0.01216,0.13468,0.10087,0.010752,248,247,246,186,187,189,176,175,175,140,141,141,78,77,75,149,147,142,0.44361,0.45916,0.46508
1,84800,3,13.069,100,899.7,2.8971,12.932,94.928,949.84,0.15554,0.10587,0.01248,0.13409,0.097302,0.01024,0.12431,0.093871,0.00928,248,247,245,188,187,187,184,182,179,145,143,143,85,81,77,149,146,144,0.42522,0.44058,0.45167
1,84900,3,13.159,100,899.6,2.9098,13.015,94.713,1424.4,0.16366,0.11143,0.01376,0.1513,0.10252,0.011904,0.13921,0.096745,0.010624,240,243,244,179,183,186,184,183,178,144,150,154,80,82,82,151,145,142,0.42465,0.42956,0.44827
1,85000,3,13.249,100,899.7,2.9278,13.083,95.809,947.66,0.15307,0.099143,0.011968,0.13715,0.097732,0.01056,0.12722,0.093023,0.009472,247,246,245,201,200,200,163,168,174,174,171,170,77,82,85,144,142,141,0.40739,0.42794,0.44889
1,85100,3,13.339,100,899.7,2.9268,13.182,94.405,958.08,0.15184,0.10928,0.012736,0.14057,0.10278,0.0112,0.13171,0.097703,0.009792,250,248,246,237,222,206,177,178,176,185,185,185,91,87,86,142,141,140,0.40256,0.41889,0.43481
1,85200,3,13.429,100,899.7,2.9162,13.255,96.011,600.56,0.11999,0.103,0.009856,0.11454,0.091354,0.00832,0.11037,0.08648,0.007744,235,239,243,183,190,197,187,183,177,185,189,195,79,83,86,150,145,143,0.38139,0.39215,0.41115
1,85300,3,13.519,100,899.7,2.9024,13.361,95.206,734.12,0.13527,0.10636,0.011328,0.12642,0.10174,0.010112,0.12073,0.094459,0.00896,235,238,242,180,184,189,179,176,173,191,195,202,80,82,85,153,148,147,0.39885,0.40336,0.41471
1,85400,3,13.609,100,899.7,2.9172,13.436,95.031,1155.9,0.17566,0.10028,0.012416,0.1376,0.095013,0.00992,0.12491,0.089687,0.008768,248,246,243,183,184,184,161,162,163,220,219,218,83,84,84,162,163,166,0.39368,0.39834,0.41497
1,85500,3,13.699,100,899.7,2.9098,13.541,94.392,1043.3,0.12678,0.10263,0.010112,0.11126,0.098236,0.00864,0.1067,0.091576,0.007808,243,245,246,172,180,187,161,162,163,216,219,213,81,82,83,201,202,203,0.38767,0.39215,0.40499
1,85600,3,13.789,100,899.7,2.9183,13.614,96.434,701.27,0.17099,0.11669,0.01536,0.16187,0.10939,0.013632,0.15672,0.10211,0.01248,242,243,243,203,193,186,170,168,167,169,176,185,85,85,89,250,244,235,0.3958,0.40161,0.40441
1,85700,3,13.879,100,899.7,2.9236,13.716,95.312,1141.5,0.16963,0.11741,0.015232,0.1497,0.1099,0.012864,0.14081,0.10339,0.011456,239,240,242,178,183,186,171,170,169,154,159,169,117,114,114,241,241,237,0.38474,0.39263,0.3964
1,90370,3,13.96,100,900.9,2.879,13.788,-0.45453,765.14,0,0,0,0,0,0,0,0,0,238,240,241,174,179,185,171,171,169,159,169,176,143,135,132,216,223,224,0.36759,0.36768,0.37201
1,90470,2.9099,13.96,100,900.9,2.8005,13.776,93.309,782.81,0.14232,0.10511,0.01184,0.13002,0.10239,0.010496,0.12092,0.097221,0.009408,245,244,244,188,189,194,168,169,169,184,182,185,115,121,128,251,244,234,0.53487,0.5309,0.50447
1,90570,2.8198,13.96,100,900.9,2.7135,13.781,93.875,703.99,0.17078,0.097443,0.012992,0.15585,0.089874,0.01088,0.14246,0.085556,0.0096,247,246,246,223,205,201,175,170,170,185,188,193,151,136,128,251,247,240,0.53732,0.53762,0.53245
1,90670,2.7297,13.96,100,900.9,2.6233,13.766,95.074,917.31,0.16775,0.1077,0.01376,0.15071,0.099768,0.01152,0.13636,0.095318,0.010304,246,246,246,208,206,203,167,170,170,182,188,195,151,139,130,250,245,239,0.53163,0.52752,0.52508
1,90770,2.6396,13.96,100,900.9,2.5247,13.805,93.68,1037.6,0.17104,0.10399,0.013504,0.15665,0.095647,0.011392,0.13955,0.087958,0.009792,250,247,245,203,202,203,165,167,171,187,190,199,113,119,124,248,243,237,0.53134,0.52781,0.52251
1,90870,2.5495,13.96,100,900.9,2.4578,13.79,94.352,1013.8,0.1557,0.097789,0.011904,0.14275,0.088375,0.00992,0.13206,0.086903,0.009024,245,244,245,214,208,204,167,167,168,194,197,201,107,115,126,250,243,237,0.52615,0.52617,0.52413
1,90970,2.4595,13.96,100,900.9,2.3634,13.789,95.054,849.26,0.13258,0.090921,0.009344,0.12318,0.083074,0.008,0.11417,0.080571,0.007296,247,247,245,222,218,207,157,162,166,188,195,203,127,136,136,247,242,235,0.53221,0.53045,0.52874
1,91070,2.3694,13.96,100,900.9,2.2605,13.798,94.862,838.54,0.11341,0.081999,0.007424,0.10488,0.079046,0.006528,0.099819,0.072334,0.005824,247,246,246,222,212,206,163,162,164,192,196,204,131,136,141,247,239,231,0.52204,0.52592,0.5297
1,91170,2.2793,13.96,100,900.9,2.1788,13.785,93.971,1024.4,0.13087,0.089205,0.009216,0.12194,0.081726,0.008,0.11226,0.080615,0.007104,246,246,247,209,208,205,158,162,165,196,199,203,136,138,140,249,240,232,0.53403,0.5324,0.53348
1,91270,2.1892,13.96,100,900.9,2.0865,13.812,94.531,1163.5,0.13476,0.11613,0.0112,0.1242,0.1031,0.00928,0.10857,0.094468,0.007808,252,251,248,221,214,206,160,163,168,188,192,201,142,137,134,253,248,236,0.53056,0.53839,0.53699
1,91370,2.0991,13.96,100,900.9,2.0207,13.778,93.183,972.77,0.13352,0.095695,0.010176,0.12544,0.086368,0.008576,0.1191,0.080424,0.007616,252,251,250,235,226,218,169,166,169,190,191,201,125,129,131,252,246,237,0.54876,0.5427,0.54147
1,91470,2.009,13.96,100,900.9,1.922,13.79,96.163,1002.1,0.1597,0.081122,0.010176,0.14844,0.074863,0.00864,0.14181,0.071435,0.00768,255,253,251,241,236,226,163,164,168,200,202,207,132,128,126,239,237,235,0.54438,0.54151,0.53961
1,91570,1.9189,13.96,100,900.9,1.8286,13.802,93.577,1144.1,0.12649,0.088921,0.008768,0.11649,0.083828,0.007744,0.11069,0.080506,0.006848,245,249,250,237,233,226,170,167,167,195,203,211,106,114,122,250,242,233,0.5269,0.53514,0.53782
1,91670,1.8288,13.96,100,900.9,1.7544,13.771,95.679,790.05,0.11905,0.097982,0.009344,0.11365,0.089318,0.008064,0.10744,0.085561,0.007104,247,248,249,240,231,223,168,166,167,197,204,212,106,112,120,245,240,233,0.53433,0.53775,0.54029
1,91770,1.7387,13.96,100,900.9,1.6557,13.781,94.335,1130.3,0.13041,0.11243,0.011456,0.12072,0.09781,0.009344,0.10993,0.093183,0.008192,254,252,249,234,230,223,159,163,168,210,211,214,105,113,118,237,233,228,0.54742,0.53877,0.53981
1,91870,1.6486,13.96,100,900.9,1.5485,13.805,93.786,944.91,0.17303,0.099064,0.011904,0.14802,0.092802,0.008576,0.098096,0.080072,0.006336,252,251,248,245,235,223,164,167,170,206,210,216,104,113,119,223,223,221,0.55283,0.5487,0.5463
1,91970,1.5586,13.96,100,900.9,1.4775,13.783,95.408,881.93,0.13368,0.080871,0.008704,0.11745,0.080302,0.007488,0.10957,0.075709,0.006784,251,249,247,239,231,222,175,172,171,212,210,212,118,119,122,222,219,218,0.55363,0.5479,0.54596
1,92070,1.4685,13.96,100,900.9,1.3809,13.79,94.157,813.5,0.12711,0.09156,0.009216,0.1151,0.086478,0.007936,0.11242,0.08078,0.007232,251,249,247,228,223,216,168,168,168,196,203,209,121,126,128,235,230,224,0.53324,0.54533,0.54343
1,92170,1.3784,13.96,100,900.9,1.3077,13.784,92.856,884.92,0.10866,0.083184,0.007232,0.095131,0.080886,0.006144,0.09031,0.077871,0.005696,250,249,247,219,216,213,165,166,166,197,201,206,126,130,133,240,235,228,0.54035,0.54742,0.54117
1,92270,1.2883,13.96,100,900.9,1.208,13.789,94.577,931.68,0.14446,0.099114,0.01056,0.13358,0.094195,0.009408,0.12868,0.089115,0.008128,244,246,246,218,218,216,166,166,166,198,200,203,146,143,139,246,240,232,0.54587,0.54678,0.54322
1,92370,1.1982,13.96,100,900.9,1.1284,13.791,94.743,741.36,0.14282,0.092855,0.010304,0.12968,0.088764,0.008896,0.11742,0.085632,0.007936,246,246,246,250,241,229,165,166,167,187,192,196,126,132,136,243,236,227,0.54605,0.55056,0.5497
1,92470,1.1081,13.96,100,900.9,1.0202,13.802,93.779,975.78,0.18816,0.08628,0.012544,0.1735,0.076268,0.010432,0.16402,0.072343,0.009152,253,251,249,247,246,236,165,166,169,184,187,193,112,119,128,215,217,217,0.54226,0.55052,0.55078
1,92570,1.018,13.96,100,900.9,0.94271,13.786,95.666,927.84,0.14137,0.079189,0.008704,0.13067,0.07716,0.007424,0.10305,0.07676,0.00608,255,254,252,243,238,232,169,171,173,187,189,193,121,125,130,206,205,208,0.55875,0.55334,0.55149
1,92670,0.92793,13.96,100,900.9,0.86102,13.778,94.206,901.07,0.12296,0.089463,0.00864,0.11265,0.079548,0.006976,0.10084,0.074688,0.006016,255,254,252,242,235,229,172,174,174,184,189,194,129,131,132,199,203,207,0.54506,0.55083,0.55235
1,92770,0.83784,13.96,100,900.9,0.74855,13.804,94.693,848.3,0.13889,0.083857,0.009152,0.12311,0.082365,0.008064,0.11601,0.078537,0.007232,250,251,251,240,236,229,165,167,171,196,194,195,135,135,135,207,208,211,0.54212,0.54761,0.54997
1,92870,0.74775,13.96,100,900.9,0.68914,13.788,94.342,937.43,0.12782,0.086539,0.008704,0.12115,0.078101,0.007488,0.11391,0.075011,0.00672,250,250,251,241,236,227,159,164,171,191,191,193,134,132,133,239,231,224,0.54936,0.54884,0.54932
1,92970,0.65766,13.96,100,900.9,0.58622,13.793,95.004,807.17,0.14395,0.11216,0.012288,0.13692,0.10143,0.010688,0.12966,0.096734,0.009664,252,252,251,233,226,221,172,175,177,176,181,187,114,120,126,254,245,232,0.54829,0.54987,0.54962
1,93070,0.56757,13.96,100,900.9,0.50664,13.798,94.759,1001.4,0.18099,0.09526,0.013312,0.15981,0.088607,0.011008,0.12868,0.083054,0.008576,251,251,251,231,227,221,178,177,178,179,178,179,106,113,120,234,233,229,0.55346,0.55012,0.5507
1,93170,0.47748,13.96,100,900.9,0.42176,13.783,93.359,902.8,0.10059,0.090702,0.007296,0.096051,0.085425,0.006528,0.08459,0.080826,0.00544,251,250,251,246,234,222,174,174,175,174,173,176,120,119,119,229,227,224,0.55819,0.55604,0.55394
1,93270,0.38739,13.96,100,900.9,0.32627,13.796,94.054,983.9,0.1156,0.099115,0.009216,0.10878,0.087957,0.007808,0.10286,0.085134,0.006912,255,254,252,240,232,224,161,168,173,167,168,173,135,123,114,220,223,224,0.54455,0.5525,0.553
1,93370,0.2973,13.96,100,900.9,0.252,13.785,94.11,630.3,0.15713,0.088638,0.011072,0.14328,0.084195,0.009472,0.12697,0.080125,0.008,255,254,253,227,224,221,175,172,172,175,174,176,105,106,108,249,241,233,0.54558,0.54608,0.54767
1,93470,0.20721,13.96,100,900.9,0.16182,13.796,95.511,902.44,0.11765,0.091236,0.008384,0.11151,0.083605,0.007296,0.10099,0.078264,0.006336,254,253,253,233,228,221,165,169,173,177,174,171,97,96,95,255,251,235,0.52539,0.53605,0.53864
1,93570,0.11712,13.96,100,900.9,0.056782,13.803,94.269,837.71,0.1401,0.09477,0.010432,0.13275,0.085852,0.009024,0.12308,0.082225,0.008128,255,255,253,231,229,221,170,171,173,147,154,158,76,78,83,226,222,210,0.52831,0.52648,0.52883
1,93670,0.027027,13.96,100,900.9,-0.015366,13.795,94.332,1120.4,0.1712,0.097298,0.013056,0.16121,0.090009,0.011136,0.155,0.084108,0.010048,255,254,253,238,229,220,170,172,173,145,147,150,70,73,77,206,199,190,0.52918,0.52795,0.52686
1,98310,0,13.96,100,898.7,-0.028098,13.828,-0.16984,941.41,0,0,0,0,0,0,0,0,0,254,253,253,239,228,220,174,173,172,148,145,143,67,70,73,182,175,165,0.529,0.52948,0.52833
1,98410,0,14.05,100,898.7,-0.051439,13.937,94.355,1024.8,0.15111,0.11099,0.012864,0.14181,0.10729,0.011584,0.13381,0.099513,0.01024,253,253,253,186,196,205,165,168,171,151,149,147,79,76,76,132,136,140,0.52163,0.52019,0.52512
1,98510,0,14.14,100,898.6,-0.045073,14.003,94.12,1068.8,0.13848,0.11181,0.012224,0.128,0.10411,0.010624,0.11959,0.10268,0.009664,252,251,249,183,186,194,182,175,172,140,141,144,74,75,76,125,123,123,0.51916,0.52117,0.51959
1,98610,0,14.23,100,898.6,-0.036586,14.087,94.799,959.11,0.16405,0.11347,0.014016,0.15522,0.10511,0.01248,0.14288,0.10067,0.011072,242,240,241,203,197,191,170,173,174,136,136,136,69,70,73,145,135,127,0.49988,0.49815,0.49837
1,98710,0,14.319,100,898.7,-0.031281,14.167,94.915,1017,0.1722,0.11386,0.0144,0.15155,0.10945,0.01216,0.13294,0.10042,0.010432,234,235,237,192,190,190,175,174,174,131,130,131,67,68,71,143,137,131,0.5027,0.49379,0.49105
1,98810,0,14.409,100,898.7,-0.037647,14.271,93.726,839.16,0.14959,0.098162,0.011328,0.13951,0.093009,0.010048,0.12821,0.090203,0.008896,233,232,236,182,183,189,178,175,173,116,118,121,62,65,70,145,141,137,0.47746,0.48357,0.48764
1,98910,0,14.499,100,898.7,-0.038708,14.359,94.299,775.28,0.1617,0.098933,0.012352,0.14867,0.094252,0.010624,0.13808,0.086891,0.009408,240,240,239,205,196,189,164,166,169,115,115,118,66,67,71,137,138,138,0.50529,0.49701,0.49088
1,99010,0,14.589,100,898.7,-0.053561,14.442,94.402,765.96,0.12915,0.1027,0.010368,0.11891,0.09495,0.008896,0.11339,0.088659,0.007872,240,242,242,175,183,191,167,171,171,116,120,123,69,70,75,135,135,135,0.52114,0.50891,0.49776
1,99110,0,14.679,100,898.7,-0.050378,14.52,94.329,918.99,0.18459,0.10993,0.014912,0.15296,0.10673,0.01248,0.14579,0.099642,0.011008,249,246,245,184,189,191,178,179,176,127,129,128,64,68,73,137,140,140,0.52719,0.50574,0.49689
1,99210,0,14.769,100,898.6,-0.045073,14.607,93.902,661.21,0.14388,0.10417,0.011776,0.136,0.096436,0.010176,0.12192,0.093386,0.00896,249,248,247,199,194,194,174,176,179,131,130,129,64,66,71,146,146,144,0.52721,0.51214,0.50169
1,99310,0,14.859,100,898.7,-0.056744,14.702,94.551,878.98,0.2177,0.10175,0.015936,0.20442,0.093734,0.01344,0.18866,0.090872,0.01152,250,249,249,194,193,196,183,182,182,121,123,124,59,63,67,162,156,148,0.52231,0.50808,0.49996
1,99410,0,14.949,100,898.7,-0.051439,14.798,95.047,1010,0.14992,0.10366,0.011968,0.1358,0.098674,0.010432,0.12945,0.092688,0.009344,248,248,248,195,197,199,182,182,181,119,119,121,69,70,72,154,149,145,0.51225,0.50672,0.49874
1,99510,0,15.038,100,898.7,-0.04083,14.883,94.723,1057.3,0.16045,0.10195,0.012736,0.1471,0.097196,0.011264,0.13704,0.093464,0.009984,243,246,249,208,206,205,174,176,177,125,125,127,86,80,77,142,139,139,0.50489,0.50125,0.49655
1,99610,0,15.128,100,898.7,-0.049317,14.964,94.481,811.32,0.15929,0.10398,0.012864,0.15037,0.09904,0.011456,0.14348,0.092294,0.010048,251,250,249,210,206,209,181,175,173,134,137,140,67,74,81,141,138,137,0.48262,0.48665,0.48891
1,99710,0,15.218,100,898.7,-0.046134,15.057,94.372,817.5,0.15179,0.10822,0.012736,0.13905,0.10222,0.010944,0.13327,0.095268,0.009792,251,249,248,207,207,210,167,172,173,146,146,149,70,75,82,138,139,136,0.47225,0.48351,0.48766
1,99810,0,15.308,100,898.6,-0.039769,15.151,94.508,1145.3,0.13486,0.099923,0.010432,0.12152,0.099067,0.009472,0.11544,0.090622,0.008192,245,244,245,219,214,208,171,173,176,170,170,171,84,88,92,136,138,138,0.49297,0.48941,0.4883
1,99910,0,15.398,100,898.7,-0.04189,15.226,95.229,743.48,0.17975,0.09966,0.012864,0.15987,0.09347,0.010816,0.13019,0.092846,0.009408,243,241,238,211,203,195,183,182,181,188,192,194,117,105,98,150,146,143,0.47634,0.48522,0.48766
1,1.0001e+05,0,15.488,100,898.7,-0.037647,15.335,95.299,1061.5,0.12953,0.10784,0.010944,0.11725,0.10147,0.009408,0.11251,0.093229,0.00832,226,229,233,169,173,180,177,179,182,210,214,217,95,98,100,156,153,149,0.51114,0.4949,0.49065
1,1.0011e+05,0,15.578,100,898.7,-0.027037,15.387,95.64,841.25,0.15572,0.10044,0.011968,0.1389,0.094368,0.01024,0.13116,0.086821,0.008896,232,231,231,182,181,182,173,178,181,237,238,237,96,96,100,160,158,155,0.48698,0.49451,0.49366
1,1.0021e+05,0,15.667,100,898.7,-0.059927,15.522,94.484,1047.5,0.15071,0.10805,0.012736,0.13619,0.10365,0.011136,0.12996,0.099879,0.010048,236,234,232,201,193,185,183,183,182,249,248,245,100,99,101,168,164,157,0.49344,0.49494,0.49847
1,1.0031e+05,0,15.757,100,898.7,-0.042951,15.595,95.262,1049.9,0.19873,0.12464,0.018176,0.18032,0.11288,0.01568,0.1706,0.11074,0.014592,231,232,234,179,180,177,194,190,186,255,255,253,97,100,106,169,166,162,0.498,0.50434,0.50571
1,1.0041e+05,0,15.847,100,898.6,-0.032342,15.661,94.868,776.06,0.1685,0.094567,0.012224,0.14526,0.090345,0.01024,0.13834,0.083458,0.009152,232,233,233,150,152,157,186,187,187,255,255,255,116,118,119,168,168,167,0.49336,0.49896,0.50072
1,1.0051e+05,0,15.937,100,898.6,-0.046134,15.765,96.136,923.19,0.15846,0.10274,0.012416,0.1369,0.10024,0.010752,0.1292,0.095446,0.009536,237,237,237,155,157,155,191,190,189,255,255,255,147,139,133,178,177,174,0.50913,0.51679,0.51138
1,1.0519e+05,0,16,100,899.6,-0.10131,15.841,-0.40157,1200.9,0,0,0,0,0,0,0,0,0,240,239,238,177,167,160,187,192,191,255,255,255,141,141,137,178,179,177,0.43113,0.445,0.45604
1,1.0529e+05,-0.089955,16,100,899.6,-0.16178,15.826,94.534,881.2,0.1474,0.10597,0.012224,0.13832,0.098657,0.010752,0.13511,0.095673,0.010112,247,245,243,178,170,163,210,198,189,255,255,255,131,131,130,184,183,178,0.58976,0.56429,0.54187
1,1.0539e+05,-0.17991,16,100,899.6,-0.24666,15.821,95.021,720.54,0.18324,0.10965,0.015872,0.175,0.10427,0.0144,0.16336,0.10026,0.012992,244,239,236,156,150,151,173,175,180,255,255,255,127,123,122,204,179,164,0.60748,0.59789,0.57494
1,1.0549e+05,-0.26987,16,100,899.6,-0.32199,15.807,94.193,1142.9,0.23533,0.10566,0.019136,0.20419,0.099788,0.015808,0.1843,0.095906,0.013824,231,230,230,141,140,144,166,170,175,255,255,255,127,122,120,178,162,152,0.60035,0.59353,0.56792
1,1.0559e+05,-0.35982,16,100,899.6,-0.40051,15.814,93.7,974.91,0.18822,0.10326,0.015104,0.16133,0.10284,0.013056,0.14796,0.09808,0.011392,212,214,219,130,134,138,174,176,175,255,255,255,129,123,123,128,126,129,0.58162,0.55964,0.54842
1,1.0569e+05,-0.44977,16,100,899.6,-0.48751,15.804,93.713,733.42,0.1572,0.1008,0.012608,0.14492,0.092921,0.01088,0.1351,0.08878,0.009536,215,213,214,140,138,141,183,181,178,255,255,255,145,137,133,136,130,127,0.54615,0.54158,0.53993
1,1.0579e+05,-0.53973,16,100,899.6,-0.58618,15.833,94.518,913,0.17572,0.10397,0.013312,0.15469,0.098557,0.01152,0.13829,0.091882,0.009984,212,214,216,145,147,148,175,177,176,255,255,255,148,149,143,156,147,141,0.55677,0.54714,0.54008
1,1.0589e+05,-0.62969,16,100,899.6,-0.68061,15.819,94.908,904.3,0.18459,0.094701,0.013312,0.16765,0.085423,0.010944,0.15799,0.081792,0.009984,220,222,223,152,152,152,167,174,176,255,255,255,158,153,150,166,165,167,0.53615,0.53621,0.53455
1,1.0599e+05,-0.71964,16,100,899.6,-0.77292,15.821,93.846,1177.9,0.16014,0.10642,0.013376,0.15447,0.098564,0.011776,0.14461,0.092248,0.010496,226,228,228,152,151,153,171,177,178,255,255,255,169,157,154,182,187,187,0.54377,0.53526,0.53091
1,1.0609e+05,-0.80959,16,100,899.6,-0.84931,15.816,93.16,749.91,0.12831,0.095998,0.009792,0.11898,0.089629,0.008448,0.11124,0.083686,0.007424,241,240,239,147,151,157,183,183,183,255,255,255,191,170,161,243,229,202,0.52756,0.53397,0.53194
1,1.0619e+05,-0.89955,16,100,899.6,-0.94055,15.827,94.614,743.35,0.11854,0.090399,0.008576,0.10707,0.088566,0.007616,0.10371,0.080448,0.006784,245,245,243,165,169,171,181,185,185,255,255,255,172,167,166,168,179,186,0.5636,0.55005,0.54186
1,1.0629e+05,-0.9895,16,100,899.6,-1.0392,15.827,94.63,890.26,0.15968,0.09685,0.01184,0.13816,0.088133,0.009728,0.12808,0.086014,0.008704,237,239,240,200,191,185,177,180,179,255,255,255,190,174,166,192,177,171,0.54044,0.53579,0.53374
1,1.0639e+05,-1.0795,16,100,899.6,-1.1188,15.824,93.617,1002.3,0.15566,0.10012,0.012032,0.13918,0.093921,0.010304,0.13006,0.08835,0.008896,242,238,239,203,196,196,163,166,170,255,255,255,201,171,161,211,188,172,0.51893,0.52376,0.52969
1,1.0649e+05,-1.1694,16,100,899.6,-1.2079,15.824,95.388,1170.4,0.1536,0.10185,0.012288,0.14306,0.096509,0.010688,0.13064,0.09289,0.009664,246,241,239,205,203,202,159,163,167,255,255,255,170,162,159,176,170,172,0.52174,0.52987,0.53124
1,1.0659e+05,-1.2594,16,100,899.6,-1.2907,15.823,94.13,834.66,0.2132,0.092813,0.01504,0.1978,0.087754,0.013184,0.19226,0.079386,0.011648,249,245,243,240,223,211,162,166,167,255,255,255,172,161,156,193,185,184,0.51645,0.52425,0.52766
1,1.0669e+05,-1.3493,16,100,899.6,-1.3978,15.833,94.173,1208.2,0.16044,0.094341,0.011712,0.14636,0.088677,0.010112,0.13322,0.085211,0.008768,251,248,247,219,211,209,162,167,169,255,255,255,190,169,158,253,240,218,0.51778,0.52271,0.52755
1,1.0679e+05,-1.4393,16,100,899.6,-1.4679,15.823,95.842,809.24,0.14314,0.090259,0.010112,0.12484,0.086228,0.008448,0.11848,0.081006,0.00768,253,250,249,211,201,198,170,171,174,255,255,255,168,157,152,255,255,238,0.54102,0.53254,0.52608
1,1.0689e+05,-1.5292,16,100,899.6,-1.5581,15.821,95.09,1156.2,0.12947,0.092088,0.0096,0.12081,0.082957,0.008,0.11004,0.079224,0.00704,245,246,247,206,194,191,177,184,184,255,255,255,158,147,143,248,244,226,0.5415,0.52861,0.52675
1,1.0699e+05,-1.6192,16,100,899.6,-1.6334,15.817,95.262,641.24,0.1496,0.10286,0.012032,0.13691,0.096463,0.010304,0.12855,0.089878,0.009088,243,244,245,198,192,191,184,192,189,255,255,255,150,143,142,231,227,215,0.5245,0.52847,0.52703
1,1.0709e+05,-1.7091,16,100,899.6,-1.731,15.824,94.448,982.8,0.14192,0.10032,0.011072,0.13504,0.09317,0.009984,0.12441,0.088076,0.008768,243,243,244,218,203,192,196,196,194,255,255,255,139,149,153,220,199,186,0.53661,0.53335,0.53171
1,1.0719e+05,-1.7991,16,100,899.6,-1.8191,15.819,94.577,943.63,0.16075,0.10509,0.013248,0.15434,0.10027,0.011968,0.14557,0.09406,0.010496,246,245,245,186,189,189,189,191,193,255,255,255,160,170,159,169,162,159,0.55504,0.53978,0.53067
1,1.0729e+05,-1.8891,16,100,899.6,-1.9008,15.814,94.799,1059,0.14298,0.10541,0.01152,0.12925,0.095951,0.009664,0.12157,0.092617,0.008768,247,247,247,177,173,177,184,192,191,255,255,255,150,150,153,161,150,145,0.55798,0.54074,0.53233
1,1.0739e+05,-1.979,16,100,899.6,-1.9994,15.823,95.663,941.63,0.15515,0.1219,0.014656,0.14996,0.10928,0.0128,0.13687,0.10453,0.011328,248,249,249,177,172,172,189,189,185,255,255,255,149,144,144,170,155,145,0.50563,0.51862,0.52466
1,1.0749e+05,-2.069,16,100,899.5,-2.0843,15.816,94.921,939.52,0.17418,0.11585,0.015744,0.16071,0.10901,0.013632,0.14792,0.09986,0.011904,252,250,250,173,173,174,188,183,180,255,255,255,163,149,143,161,153,145,0.54342,0.53805,0.52926
1,1.0759e+05,-2.1589,16,100,899.5,-2.1862,15.84,96.209,804.94,0.18419,0.10334,0.014912,0.17146,0.096847,0.013184,0.16153,0.094831,0.012096,251,251,252,186,186,184,169,167,169,255,255,255,152,147,144,161,146,138,0.52145,0.5187,0.51923
1,1.0769e+05,-2.2489,16,100,899.5,-2.2732,15.829,95.643,1399.7,0.17454,0.10841,0.014848,0.16092,0.10239,0.01312,0.15068,0.096564,0.011712,253,253,253,206,202,199,165,165,167,255,255,255,150,149,147,150,139,134,0.5451,0.53669,0.52735
1,1.0779e+05,-2.3388,16,100,899.5,-2.3485,15.809,94.888,1028.2,0.15879,0.099009,0.01216,0.13787,0.095822,0.010432,0.1277,0.092006,0.00928,255,255,254,225,220,213,173,173,172,255,255,255,161,157,149,143,137,133,0.51691,0.52293,0.52424
1,1.0789e+05,-2.4288,16,100,899.5,-2.4291,15.824,95.103,823.63,0.17321,0.10551,0.014016,0.15866,0.099182,0.012096,0.1469,0.092672,0.010688,250,251,251,229,224,217,176,179,179,255,255,255,137,141,144,154,144,138,0.51925,0.52567,0.52751
1,1.0799e+05,-2.5187,16,100,899.5,-2.5267,15.835,94.465,865.19,0.14183,0.11727,0.012672,0.13331,0.11191,0.011328,0.12236,0.10474,0.00992,246,248,250,215,217,215,185,183,181,255,255,255,133,134,139,164,150,141,0.53149,0.53402,0.53113
1,1.0809e+05,-2.6087,16,100,899.5,-2.6137,15.824,94.554,996.79,0.20028,0.098931,0.01472,0.17364,0.094544,0.01248,0.16025,0.087369,0.010944,246,248,249,197,202,202,192,187,181,255,255,255,137,134,136,166,150,140,0.53249,0.53386,0.5291
1,1.0819e+05,-2.6987,16,100,899.5,-2.6976,15.812,95.18,937.19,0.16189,0.10711,0.013696,0.1564,0.097831,0.012096,0.145,0.094766,0.01088,252,252,252,184,185,189,180,178,176,255,255,255,155,144,140,147,136,132,0.51359,0.5177,0.51666
1,1.0829e+05,-2.7886,16,100,899.5,-2.7803,15.81,97.235,1034.2,0.12733,0.10455,0.010496,0.12111,0.096282,0.009408,0.11644,0.092582,0.008512,255,255,254,173,179,187,177,173,172,255,255,255,168,151,140,136,131,129,0.51382,0.51752,0.52317
1,1.0839e+05,-2.8786,16,100,899.5,-2.8578,15.798,95.163,817.35,0.15631,0.10093,0.012224,0.14342,0.096842,0.011008,0.13761,0.092155,0.009984,255,255,254,201,201,203,175,172,172,255,255,255,137,133,131,156,152,149,0.49736,0.51418,0.52175
1,1.0849e+05,-2.9685,16,100,899.5,-2.9522,15.794,95.795,908.54,0.16246,0.10024,0.0128,0.14692,0.09469,0.010816,0.13798,0.087726,0.009664,254,254,253,219,214,213,174,172,172,255,255,255,123,125,126,184,174,162,0.54168,0.5296,0.52167
1,1.0859e+05,-3.0585,16,100,899.5,-3.0541,15.816,95.097,1116.4,0.17694,0.096269,0.0128,0.15197,0.093618,0.01088,0.13972,0.086227,0.009536,249,252,252,229,231,230,178,175,173,255,255,255,127,125,123,215,199,180,0.49367,0.50019,0.50654
1,1.0869e+05,-3.1484,16,100,899.5,-3.1389,15.788,95.746,1097.4,0.14255,0.095633,0.01056,0.13217,0.092308,0.009344,0.12104,0.088731,0.00832,251,252,251,228,234,233,174,173,173,255,255,255,130,138,144,211,188,177,0.53015,0.52538,0.52054
1,1.0879e+05,-3.2384,16,100,899.5,-3.2217,15.818,96.011,945.64,0.14564,0.10366,0.011712,0.13549,0.095174,0.010176,0.12502,0.089705,0.008896,249,248,248,225,231,230,177,174,172,255,255,255,204,183,165,202,176,166,0.53856,0.53588,0.52579
1,1.0889e+05,-3.3283,16,100,899.5,-3.3055,15.808,95.348,789.57,0.17028,0.10243,0.013568,0.15472,0.098737,0.011776,0.14369,0.089096,0.010048,244,245,244,233,230,226,176,169,165,255,255,255,177,177,174,183,163,156,0.52872,0.53012,0.52347
1,1.0899e+05,-3.4183,16,100,899.5,-3.419,15.824,95.474,1283.5,0.1799,0.10078,0.01408,0.16603,0.094298,0.012288,0.1518,0.091049,0.010944,245,243,242,231,226,223,163,161,162,255,255,255,163,169,169,179,159,152,0.55882,0.54385,0.5312
1,1.0909e+05,-3.5082,16,100,899.5,-3.4975,15.821,93.892,886.24,0.14372,0.10576,0.012288,0.13557,0.10097,0.01088,0.13369,0.094919,0.010112,240,241,242,205,215,219,161,158,158,255,255,255,176,167,159,170,154,147,0.52203,0.5288,0.52447
1,1.0919e+05,-3.5982,16,100,899.5,-3.5952,15.821,95.441,1002.4,0.1855,0.10658,0.015552,0.17376,0.097931,0.01344,0.16325,0.095313,0.012224,236,244,246,215,217,218,160,162,164,255,255,255,157,153,149,166,154,152,0.55115,0.52921,0.52211
1,1.0929e+05,-3.6882,16,100,899.5,-3.6747,15.824,94.299,961.44,0.20684,0.10654,0.01696,0.19162,0.10361,0.014912,0.18036,0.096546,0.01344,255,252,250,219,224,224,168,171,169,255,255,255,138,138,137,201,185,174,0.51581,0.51074,0.51106
1,1.0939e+05,-3.7781,16,100,899.5,-3.7352,15.793,96.143,908.37,0.16871,0.091568,0.011776,0.13571,0.088208,0.00928,0.12545,0.085839,0.008448,254,253,253,247,233,225,175,168,168,255,255,255,144,136,138,246,215,192,0.50466,0.51936,0.52074
1,1.0949e+05,-3.8681,16,100,899.5,-3.8403,15.803,95.325,801.88,0.21751,0.1009,0.017024,0.19923,0.093114,0.014592,0.18623,0.089861,0.01312,255,254,253,236,227,223,162,164,169,255,255,255,150,146,147,237,209,192,0.50016,0.50932,0.51352
1,1.0959e+05,-3.958,16,100,899.5,-3.9432,15.824,93.925,835.33,0.17507,0.10609,0.013888,0.16209,0.098447,0.012096,0.15721,0.093788,0.011008,248,246,247,214,206,210,170,165,168,255,255,255,187,181,170,199,180,177,0.51223,0.51323,0.51109
1,1.0969e+05,-4.048,16,100,899.6,-4.027,15.816,94.892,1133.8,0.13078,0.098367,0.01024,0.12433,0.09179,0.00896,0.11855,0.084042,0.007872,244,242,245,204,202,203,169,171,173,255,255,255,185,192,190,200,183,181,0.4862,0.494,0.50187
1,1.0979e+05,-4.1379,16,100,899.6,-4.1288,15.817,95.683,762.94,0.1591,0.10367,0.012928,0.13902,0.10051,0.011136,0.1339,0.09089,0.009856,243,249,246,194,210,213,169,174,174,255,255,255,181,201,195,251,212,187,0.52486,0.51471,0.50692
1,1.0989e+05,-4.2279,16,100,899.6,-4.1978,15.819,94.974,832.84,0.18901,0.11038,0.016128,0.17118,0.10412,0.013952,0.16533,0.097952,0.012736,234,244,245,218,229,227,167,172,175,255,255,255,168,181,181,186,186,188,0.54444,0.51473,0.50578
1,1.0999e+05,-4.3178,16,100,899.6,-4.2944,15.814,96.961,877.98,0.15246,0.10422,0.012672,0.14101,0.10185,0.01152,0.13396,0.099167,0.010432,236,243,245,230,233,229,169,172,175,255,255,255,155,161,169,198,185,182,0.56689,0.52463,0.50839
1,1.1009e+05,-4.4078,16,100,899.6,-4.392,15.824,95.726,780.22,0.18738,0.10925,0.015872,0.17073,0.10384,0.013952,0.16076,0.096513,0.012288,246,248,247,207,217,224,171,174,176,255,255,255,153,153,153,209,190,174,0.47715,0.48711,0.49468
1,1.1019e+05,-4.4978,16,100,899.6,-4.4546,15.799,95.024,882.73,0.15812,0.095469,0.011776,0.14132,0.09032,0.010112,0.12826,0.085842,0.008704,253,250,251,223,212,213,173,174,178,255,255,255,177,161,155,164,162,168,0.47899,0.48825,0.49564
1,1.1029e+05,-4.5877,16,100,899.6,-4.5554,15.795,95.408,923.95,0.19839,0.1081,0.015872,0.15815,0.10534,0.012928,0.14326,0.097351,0.010944,253,253,252,212,210,210,188,180,179,255,255,255,176,170,167,207,185,175,0.47801,0.48384,0.49376
1,1.1039e+05,-4.6777,16,100,899.6,-4.6381,15.822,95.478,1021.4,0.20018,0.11096,0.01632,0.17045,0.10368,0.01376,0.1505,0.10234,0.011968,250,250,250,202,208,211,178,180,182,255,255,255,185,180,168,204,200,194,0.48177,0.48679,0.49214
1,1.1049e+05,-4.7676,16,100,899.6,-4.7198,15.803,95.246,824.73,0.16427,0.10795,0.013696,0.15785,0.09986,0.012288,0.1439,0.09435,0.010688,249,249,249,203,211,213,186,180,180,255,255,255,172,171,165,215,207,202,0.46813,0.47296,0.48334
1,1.1059e+05,-4.8576,16,100,899.6,-4.8238,15.817,93.971,825.46,0.19051,0.10111,0.014848,0.16906,0.095556,0.012608,0.15873,0.089845,0.011072,246,249,249,220,222,217,179,179,178,255,255,255,152,154,156,251,226,203,0.47421,0.4758,0.48058
1,1.1069e+05,-4.9475,16,100,899.6,-4.9235,15.827,94.143,992.03,0.14035,0.10291,0.011392,0.1294,0.098097,0.010048,0.12883,0.090495,0.009216,250,251,251,210,211,211,173,174,173,255,255,255,164,165,161,196,192,187,0.46278,0.47123,0.48082
1,1.1079e+05,-5.0375,16,100,899.6,-5.0042,15.814,93.74,1106.7,0.18877,0.11583,0.016256,0.17705,0.11164,0.014208,0.16553,0.10537,0.012864,254,252,252,205,206,212,170,170,172,255,255,255,189,179,167,183,167,161,0.4707,0.48097,0.48748
1,1.1089e+05,-5.1274,16,100,899.6,-5.106,15.827,95.759,1040.8,0.1781,0.10535,0.014848,0.16662,0.098217,0.012928,0.15459,0.094763,0.011584,254,254,252,231,227,223,176,172,170,255,255,255,170,164,160,156,152,153,0.46893,0.4723,0.47999
1,1.1099e+05,-5.2174,16,100,899.6,-5.1739,15.813,93.806,953.99,0.18958,0.10875,0.01536,0.17019,0.10222,0.01312,0.15357,0.09838,0.011648,252,252,252,229,230,227,170,170,169,255,255,255,159,153,153,156,152,154,0.46304,0.4616,0.46802
1,1.1109e+05,-5.3073,16,100,899.6,-5.2535,15.804,95.229,802.39,0.19732,0.13151,0.019136,0.1838,0.12598,0.017088,0.17375,0.1216,0.015424,248,248,249,217,223,230,163,166,168,255,255,255,155,146,145,187,171,165,0.45806,0.46378,0.47017
1,1.1119e+05,-5.3973,16,100,899.6,-5.3416,15.817,94.074,846.63,0.1719,0.14235,0.016,0.14389,0.095973,0.011008,0.13537,0.091555,0.009856,247,248,249,240,235,231,168,170,170,255,255,255,163,153,149,194,186,179,0.46167,0.46086,0.4661
1,1.1129e+05,-5.4873,16,100,899.6,-5.4551,15.827,95.59,1090.6,0.15638,0.11657,0.013888,0.14339,0.10497,0.01184,0.13416,0.10009,0.010432,254,253,252,232,229,231,170,171,171,255,255,255,177,164,156,197,185,180,0.45233,0.45202,0.45639
1,1.1139e+05,-5.5772,16,100,899.6,-5.5378,15.826,92.654,852.7,0.17769,0.10383,0.014336,0.16808,0.098534,0.0128,0.15688,0.091267,0.011264,255,255,255,221,218,219,166,167,169,254,254,254,182,168,159,189,177,176,0.45493,0.45441,0.45957
1,1.1149e+05,-5.6672,16,100,899.6,-5.6185,15.822,94.617,1299.5,0.18551,0.10722,0.015296,0.17582,0.099933,0.013632,0.1661,0.095751,0.012352,255,255,255,217,210,212,166,167,169,253,253,254,185,165,156,190,182,180,0.4485,0.4519,0.45919
1,1.1159e+05,-5.7571,16,100,899.6,-5.7076,15.832,94.319,853.57,0.21941,0.085298,0.01344,0.19434,0.083938,0.0112,0.14875,0.079807,0.009024,255,255,255,205,201,206,172,173,177,253,252,253,153,152,153,213,204,200,0.4429,0.45332,0.46122
1,1.1169e+05,-5.8471,16,100,899.6,-5.7723,15.79,95.673,808.49,0.1618,0.11584,0.014656,0.1471,0.1118,0.0128,0.14009,0.10361,0.011456,255,255,255,216,213,213,179,184,187,254,253,253,163,163,162,230,232,228,0.44154,0.44434,0.45315
1,1.1179e+05,-5.937,16,100,899.6,-5.8721,15.816,94.18,806.96,0.15105,0.11541,0.013568,0.13814,0.10959,0.011776,0.13335,0.10212,0.010688,255,255,255,226,221,219,180,183,188,254,254,255,195,182,176,250,247,244,0.40554,0.40825,0.41306
1,1.1646e+05,-6,16,100,894.4,-5.9495,15.765,-0.46446,983.36,0,0,0,0,0,0,0,0,0,255,255,255,212,220,219,174,180,185,255,255,255,191,185,180,241,246,247,0.35539,0.361,0.37286
1,1.1656e+05,-6,15.911,100,894.4,-5.9453,15.687,93.561,463.9,0.12264,0.11397,0.01088,0.11732,0.10676,0.00992,0.11076,0.10304,0.008896,255,255,255,216,216,207,186,192,187,255,255,255,162,168,177,254,250,240,0.46888,0.45456,0.44845
1,1.1666e+05,-6,15.821,100,894.4,-5.941,15.588,93.799,684.64,0.18225,0.11869,0.017024,0.177,0.10684,0.014848,0.16702,0.10583,0.013888,255,255,255,162,171,178,171,176,182,255,255,255,198,195,195,212,217,218,0.43602,0.44692,0.45859
1,1.1676e+05,-6,15.732,100,894.4,-5.9463,15.518,94.335,739.68,0.28272,0.11137,0.022592,0.26657,0.10497,0.019008,0.24794,0.10069,0.015808,255,255,255,140,151,163,171,172,178,255,255,255,221,216,210,194,198,206,0.4696,0.47551,0.47092
1,1.1686e+05,-6,15.642,100,894.3,-5.9516,15.449,94.263,771.06,0.22616,0.10134,0.017728,0.21116,0.094302,0.015104,0.19097,0.08956,0.01312,255,255,255,149,149,153,180,178,177,255,255,255,234,231,221,195,195,199,0.41954,0.43627,0.45465
1,1.1696e+05,-6,15.553,100,894.4,-5.9516,15.351,93.852,924.52,0.18697,0.11421,0.01536,0.16088,0.10615,0.013056,0.14758,0.10306,0.011648,255,254,253,165,168,169,180,179,179,255,255,255,203,202,203,217,215,214,0.4048,0.42195,0.44434
1,1.1706e+05,-6,15.463,100,894.3,-5.9357,15.259,94.302,723.02,0.17304,0.098515,0.012608,0.15798,0.09248,0.01056,0.14087,0.089502,0.009408,250,249,250,210,200,194,176,176,177,255,255,255,183,177,180,231,230,229,0.41082,0.41945,0.43925
1,1.2166e+05,-6,15.445,100,900.9,-5.9134,15.255,-0.28901,741.61,0,0,0,0,0,0,0,0,0,250,249,250,210,200,194,176,176,177,255,255,255,183,177,180,231,230,229,0.42985,0.43068,0.4429
1,1.2176e+05,-5.9099,15.445,100,900.9,-5.8317,15.268,94.6,1059.1,0.13904,0.1078,0.011904,0.12889,0.10516,0.010816,0.12804,0.099132,0.009984,247,250,251,164,171,176,181,179,178,255,255,255,155,166,176,227,237,238,0.56373,0.56289,0.56119
1,1.2186e+05,-5.8198,15.445,100,900.9,-5.7447,15.261,93.703,1101.3,0.19356,0.11905,0.018112,0.18584,0.10737,0.01568,0.17458,0.10544,0.014592,255,254,253,136,145,154,173,177,180,255,255,255,162,164,170,253,251,247,0.55537,0.55278,0.55242
1,1.2196e+05,-5.7297,15.445,100,900.9,-5.6514,15.246,94.289,1085.2,0.1895,0.11571,0.017344,0.17796,0.11005,0.015296,0.16634,0.10657,0.01408,255,255,253,129,138,146,175,178,180,255,255,255,162,162,164,251,251,250,0.53695,0.53814,0.5384
1,1.2206e+05,-5.6396,15.445,100,900.9,-5.5824,15.265,94.269,865.05,0.20504,0.11592,0.01856,0.18823,0.11115,0.016384,0.17626,0.1034,0.014592,254,252,250,128,134,141,173,177,181,255,255,255,142,147,155,253,251,251,0.54158,0.53648,0.53272
1,1.2216e+05,-5.5495,15.445,100,900.9,-5.4869,15.26,94.561,1100.4,0.18796,0.11017,0.016,0.17244,0.10228,0.013696,0.16018,0.097239,0.012416,241,243,244,146,147,152,182,184,189,254,254,255,156,157,159,255,254,252,0.5274,0.52711,0.52833
1,1.2226e+05,-5.4595,15.445,100,900.9,-5.4275,15.282,94.392,850.79,0.20811,0.10456,0.01664,0.18531,0.099398,0.014208,0.16891,0.097831,0.012992,234,237,239,170,170,163,209,205,199,254,254,255,184,183,178,255,254,252,0.53278,0.52873,0.52851
1,1.2236e+05,-5.3694,15.445,100,900.9,-5.3172,15.278,94.921,958.84,0.1861,0.099907,0.0144,0.16733,0.096415,0.012416,0.15484,0.094491,0.011264,230,234,237,158,164,166,208,203,198,255,255,255,212,202,189,251,248,248,0.52341,0.52549,0.52797
1,1.2246e+05,-5.2793,15.445,100,900.9,-5.2217,15.269,95.918,1248.5,0.16439,0.10393,0.01344,0.15476,0.098146,0.012096,0.14633,0.094036,0.010944,231,233,236,152,157,163,197,195,194,255,255,255,219,204,188,238,241,243,0.53838,0.53326,0.532
1,1.2256e+05,-5.1892,15.445,100,900.9,-5.14,15.269,95.103,1067.5,0.16238,0.10357,0.013376,0.15339,0.098978,0.011968,0.1454,0.092575,0.010688,236,237,236,157,162,162,188,191,191,255,255,255,204,192,178,221,228,235,0.53358,0.53007,0.53015
1,1.2266e+05,-5.0991,15.445,100,900.9,-5.0445,15.27,95.756,1013.6,0.18752,0.099069,0.014592,0.17511,0.094428,0.012928,0.1661,0.087436,0.011392,234,237,237,154,162,161,197,196,192,255,255,255,175,173,167,208,224,233,0.53146,0.53414,0.53249
1,1.2276e+05,-5.009,15.445,100,900.9,-4.9331,15.256,94.637,887.65,0.1907,0.10554,0.015744,0.17774,0.098623,0.013824,0.1686,0.094153,0.012416,229,230,233,170,161,159,189,189,189,255,255,255,176,171,160,227,231,235,0.52408,0.52894,0.53123
1,1.2286e+05,-4.9189,15.445,100,900.9,-4.8684,15.267,95.653,1025.4,0.19126,0.10439,0.015488,0.17135,0.10053,0.013376,0.16183,0.093315,0.011904,219,222,229,159,164,165,179,180,182,255,255,255,167,168,164,221,232,237,0.51971,0.52522,0.52759
1,1.2296e+05,-4.8288,15.445,100,900.9,-4.7729,15.258,94.845,1109.3,0.19012,0.11113,0.01664,0.18236,0.10401,0.014656,0.17229,0.097732,0.01344,213,221,228,172,170,167,174,177,178,255,255,255,179,174,169,225,232,237,0.52938,0.52685,0.52581
1,1.2306e+05,-4.7387,15.445,100,900.9,-4.6816,15.25,95.772,886.36,0.17527,0.11614,0.016064,0.16917,0.10731,0.014208,0.16106,0.10173,0.012928,218,227,233,158,168,169,164,169,172,255,255,255,228,201,184,220,233,238,0.52808,0.52387,0.52372
1,1.2316e+05,-4.6486,15.445,100,900.9,-4.6095,15.285,93.839,934.87,0.17199,0.10468,0.014272,0.15934,0.10065,0.012864,0.14948,0.097087,0.01152,231,238,238,159,168,168,155,160,167,255,255,255,191,203,201,232,238,241,0.53017,0.52971,0.52915
1,1.2326e+05,-4.5586,15.445,100,900.9,-4.5044,15.27,95.729,727.65,0.1933,0.11156,0.017024,0.18296,0.10528,0.01504,0.16999,0.10274,0.013696,235,237,237,165,169,167,158,160,168,255,255,255,226,214,208,234,239,242,0.52801,0.52787,0.529
1,1.2336e+05,-4.4685,15.445,100,900.9,-4.4249,15.269,94.726,1190.4,0.21199,0.099799,0.015552,0.1859,0.095539,0.013568,0.17315,0.092263,0.012288,232,233,234,164,167,166,166,169,169,255,255,255,236,217,207,236,235,237,0.52507,0.52915,0.53057
1,1.2346e+05,-4.3784,15.445,100,900.9,-4.3294,15.27,95.213,1289.6,0.25514,0.11307,0.019008,0.21808,0.10712,0.016128,0.20439,0.097763,0.014272,232,233,233,171,166,166,165,168,169,255,255,255,241,219,206,222,229,232,0.53563,0.53194,0.53161
1,1.2356e+05,-4.2883,15.445,100,900.9,-4.2498,15.272,93.898,968.61,0.18461,0.099653,0.013952,0.16461,0.095424,0.01184,0.14828,0.089486,0.010304,228,231,231,148,160,169,156,161,167,255,255,255,249,226,208,194,208,217,0.52773,0.52763,0.52835
1,1.2366e+05,-4.1982,15.445,100,900.9,-4.1617,15.274,94.302,867.93,0.15659,0.1053,0.012992,0.14563,0.097593,0.011136,0.14065,0.093232,0.01024,219,227,230,168,170,170,175,167,170,255,255,255,251,231,209,188,187,194,0.52449,0.52169,0.52449
1,1.2376e+05,-4.1081,15.445,100,900.9,-4.0747,15.272,95.524,869.73,0.16867,0.10287,0.013568,0.15735,0.095302,0.01184,0.14734,0.088767,0.010368,229,229,231,163,168,170,178,179,178,255,255,255,250,225,201,160,164,173,0.52476,0.52509,0.52564
1,1.2386e+05,-4.018,15.445,100,900.9,-3.9856,15.264,94.392,1108.8,0.1855,0.1005,0.014336,0.16572,0.093945,0.011968,0.15387,0.088403,0.010688,229,233,234,161,162,168,193,184,178,255,255,255,228,206,185,150,158,165,0.52077,0.52495,0.52324
1,1.2396e+05,-3.9279,15.445,100,900.9,-3.9283,15.299,94.518,886.91,0.16697,0.091894,0.011264,0.14252,0.085497,0.0096,0.13159,0.08071,0.00832,229,232,235,158,162,169,183,177,175,255,255,255,206,194,176,154,160,166,0.52099,0.52208,0.51963
1,1.2406e+05,-3.8378,15.445,100,900.9,-3.8148,15.267,94.809,646.39,0.16235,0.10936,0.013696,0.15584,0.10042,0.011904,0.14216,0.096294,0.010624,225,230,236,164,169,176,165,166,169,255,255,255,183,172,158,151,159,168,0.52271,0.52519,0.5208
1,1.2416e+05,-3.7477,15.445,100,900.9,-3.7013,15.253,94.637,994.89,0.16742,0.10648,0.013184,0.15476,0.10043,0.011584,0.13795,0.09282,0.00992,234,234,236,191,184,186,168,170,172,255,255,255,167,161,156,149,165,175,0.52374,0.52564,0.52254
1,1.2426e+05,-3.6577,15.445,100,900.9,-3.6249,15.268,94.375,908.96,0.18977,0.095884,0.013568,0.16598,0.091897,0.011456,0.15226,0.084304,0.0096,235,234,234,183,188,192,182,181,178,255,255,255,206,194,173,212,191,177,0.53444,0.5266,0.5246
1,1.2436e+05,-3.5676,15.445,100,900.9,-3.5294,15.274,95.795,1151.4,0.16348,0.097602,0.01184,0.15085,0.090773,0.01024,0.13709,0.085137,0.009024,227,229,231,174,181,188,178,181,181,255,255,255,235,212,188,164,167,167,0.52339,0.52657,0.52449
1,1.2446e+05,-3.4775,15.445,100,900.9,-3.4594,15.284,94.19,908.36,0.18605,0.10348,0.014848,0.17265,0.094163,0.012736,0.15931,0.090137,0.011456,225,228,230,170,176,186,179,180,180,255,255,255,216,205,190,142,149,157,0.53004,0.52487,0.52076
1,1.2456e+05,-3.3874,15.445,100,900.9,-3.3628,15.268,93.157,785.41,0.15752,0.10102,0.012224,0.1415,0.094176,0.010432,0.13799,0.084076,0.009216,227,230,231,175,181,183,176,177,177,255,255,255,202,195,184,131,137,147,0.53243,0.52549,0.51871
1,1.2466e+05,-3.2973,15.445,100,900.9,-3.2705,15.255,94.998,945.5,0.19123,0.10327,0.01536,0.17099,0.095436,0.012672,0.1624,0.088743,0.0112,229,230,233,180,182,183,178,176,174,255,255,255,194,191,181,125,136,148,0.52093,0.51264,0.50849
1,1.2476e+05,-3.2072,15.445,100,900.9,-3.1983,15.273,93.193,799.94,0.16672,0.11,0.014528,0.15653,0.10482,0.012864,0.14488,0.097968,0.0112,233,234,235,190,188,188,172,171,170,255,255,255,208,200,187,133,138,146,0.52682,0.52104,0.5161
1,1.2486e+05,-3.1171,15.445,100,900.9,-3.1103,15.28,93.193,853.94,0.18332,0.098245,0.01376,0.16534,0.09163,0.011776,0.15552,0.083691,0.010176,240,239,238,207,200,190,170,168,166,255,255,255,244,225,200,127,132,140,0.52476,0.52138,0.51676
1,1.2496e+05,-3.027,15.445,100,900.9,-3.036,15.287,94.249,650.74,0.20731,0.088227,0.013568,0.18544,0.083924,0.01152,0.17213,0.076373,0.009664,238,238,239,191,192,189,164,165,165,255,255,255,250,229,203,125,132,141,0.51779,0.51928,0.51712
1,1.2957e+05,-3,15.445,100,900.7,-2.9904,15.203,-0.17315,955.33,0,0,0,0,0,0,0,0,0,236,237,239,176,182,184,161,164,167,255,255,255,243,222,197,134,139,144,0.50626,0.51331,0.51762
1,1.2967e+05,-3,15.355,100,900.7,-2.9904,15.136,94.379,918.85,0.12887,0.10423,0.010752,0.12405,0.099374,0.0096,0.11485,0.097472,0.00896,229,233,236,175,174,175,163,165,167,255,255,255,232,223,206,149,155,158,0.46795,0.47777,0.48519
1,1.2977e+05,-3,15.265,100,900.7,-2.9893,15.06,93.366,1040.7,0.18754,0.11768,0.017024,0.17792,0.11113,0.015232,0.16743,0.10571,0.01376,235,239,239,171,171,172,157,164,169,255,255,254,149,157,166,152,158,163,0.43636,0.44718,0.459
1,1.2987e+05,-3,15.175,100,900.7,-2.9904,14.958,94.653,921.84,0.26778,0.1098,0.02144,0.24566,0.09859,0.017536,0.21713,0.097607,0.015296,244,242,241,183,176,174,161,167,170,253,253,252,126,135,145,152,156,162,0.4236,0.43372,0.45009
1,1.2997e+05,-3,15.085,100,900.7,-3.0095,14.89,94.256,898.7,0.2288,0.10711,0.017408,0.19632,0.10071,0.014656,0.17872,0.097191,0.012992,247,245,244,179,188,190,170,173,172,248,246,242,116,118,125,153,156,159,0.42883,0.43352,0.44857
1,1.3007e+05,-3,14.995,100,900.7,-2.9989,14.805,94.021,840.31,0.19613,0.10218,0.013632,0.17356,0.095546,0.011264,0.15268,0.08863,0.009472,244,245,245,205,208,205,175,174,171,222,225,229,134,133,133,153,154,156,0.43531,0.44253,0.45751
1,1.3017e+05,-3,14.905,100,900.7,-2.9511,14.669,93.346,1009.8,0.18388,0.11456,0.015808,0.15851,0.10705,0.013312,0.14439,0.10574,0.012096,250,248,244,206,209,209,168,168,168,217,221,226,166,165,160,144,151,155,0.46843,0.46409,0.46956
1,1.3027e+05,-3,14.815,100,900.7,-2.9883,14.629,93.601,963.12,0.21862,0.10746,0.017472,0.20512,0.098762,0.015488,0.19678,0.08914,0.013376,248,247,243,203,200,199,164,165,165,239,240,238,200,195,185,151,152,152,0.42793,0.44428,0.46047
1,1.3037e+05,-3,14.725,100,900.7,-2.9915,14.529,95.017,823.05,0.16369,0.10893,0.014016,0.1566,0.10325,0.01248,0.14736,0.097203,0.011264,241,241,238,187,185,186,165,165,163,247,250,248,195,194,191,138,146,150,0.41974,0.43698,0.45393
1,1.3047e+05,-3,14.635,100,900.7,-2.9861,14.435,95.279,739.57,0.18131,0.10443,0.013504,0.16477,0.091939,0.011456,0.15592,0.087372,0.009856,235,235,235,169,175,181,163,162,162,249,250,249,182,186,188,145,147,149,0.4589,0.45406,0.46008
1,1.3057e+05,-3,14.545,100,900.7,-2.9745,14.34,93.048,756.05,0.14814,0.10802,0.012544,0.14067,0.10087,0.011072,0.13373,0.096268,0.01024,228,231,234,169,173,179,156,157,162,251,250,249,196,184,175,151,152,151,0.47986,0.47973,0.47271
1,1.3067e+05,-3,14.455,100,900.7,-2.9872,14.263,94.286,872.71,0.19399,0.10023,0.014464,0.17594,0.095834,0.012544,0.1677,0.086701,0.01088,235,236,235,192,188,184,163,165,166,246,248,249,168,170,167,150,151,150,0.44484,0.45464,0.46107
1,1.3077e+05,-3,14.365,100,900.7,-2.9946,14.186,95.358,717.95,0.17186,0.11005,0.014912,0.16155,0.09923,0.01248,0.14365,0.098456,0.011328,238,237,235,200,196,192,168,170,172,254,253,251,167,164,164,142,144,145,0.47307,0.46325,0.46471
1,1.3087e+05,-3,14.275,100,900.7,-2.9978,14.094,95.842,604.98,0.20354,0.1072,0.016704,0.19078,0.097722,0.0144,0.18079,0.094184,0.012928,239,237,236,207,200,196,168,171,174,255,254,252,165,169,172,139,141,141,0.47419,0.47472,0.47347
1,1.3097e+05,-3,14.185,100,900.7,-2.9904,14.003,95.203,1142.6,0.15128,0.11079,0.01248,0.13838,0.1023,0.011072,0.12679,0.097897,0.010048,242,242,240,203,206,203,172,174,175,255,255,253,206,197,188,135,137,140,0.44588,0.45695,0.46317
1,1.3107e+05,-3,14.094,100,900.7,-2.9946,13.92,95.451,792.85,0.15389,0.10958,0.013184,0.14377,0.10251,0.011328,0.1392,0.09558,0.010432,245,245,244,197,198,201,176,175,175,255,255,254,198,201,198,157,149,144,0.47868,0.45993,0.4603
1,1.3117e+05,-3,14.004,100,900.7,-2.9989,13.841,95.451,888.34,0.1865,0.11613,0.016,0.17109,0.10777,0.013888,0.15832,0.09903,0.011968,247,247,247,190,198,206,170,172,172,255,255,253,205,197,191,152,150,148,0.4335,0.44288,0.45416
1,1.3127e+05,-3,13.914,100,900.7,-2.9883,13.737,96.203,873.11,0.17285,0.11033,0.014528,0.15566,0.10409,0.012736,0.14608,0.094411,0.010752,253,252,250,241,226,210,170,168,168,252,250,249,186,187,186,146,148,150,0.45303,0.44696,0.45345
1,1.3137e+05,-3,13.824,100,900.7,-2.9978,13.65,94.14,936.5,0.13649,0.10877,0.011456,0.12471,0.10059,0.00992,0.12001,0.095561,0.00896,253,252,250,198,202,203,163,166,171,251,249,248,178,182,185,150,150,150,0.43569,0.43864,0.45078
1,1.3147e+05,-3,13.734,100,900.7,-2.9861,13.566,94.772,971.84,0.14803,0.12057,0.01312,0.13478,0.10864,0.011264,0.12573,0.10051,0.00992,252,250,249,187,188,193,171,171,174,254,251,248,181,186,185,140,145,149,0.46109,0.45327,0.45893
1,1.3157e+05,-3,13.644,100,900.7,-2.9639,13.461,95.259,798.78,0.15963,0.11248,0.014016,0.14765,0.10403,0.01184,0.13589,0.10282,0.01088,246,247,248,180,182,183,178,180,183,251,249,248,188,184,180,138,140,145,0.47143,0.4681,0.46977
1,1.3167e+05,-3,13.554,100,900.7,-2.9957,13.394,94.309,734.37,0.22103,0.10342,0.017024,0.20126,0.096987,0.01408,0.18259,0.091961,0.01248,249,248,247,194,191,187,186,187,189,244,246,248,173,176,182,138,142,144,0.46572,0.45967,0.46404
1,1.3177e+05,-3,13.464,100,900.7,-2.9861,13.279,93.647,1046.9,0.18343,0.10373,0.014464,0.1621,0.099999,0.012608,0.15262,0.090104,0.010944,243,244,245,195,193,193,192,192,190,253,251,250,202,200,192,147,144,142,0.45581,0.46079,0.46315
1,1.3187e+05,-3,13.374,100,900.7,-2.9936,13.197,93.372,964.31,0.16956,0.10419,0.013056,0.1558,0.095242,0.011392,0.13992,0.091591,0.010112,243,243,245,204,198,196,187,184,184,253,253,252,206,197,189,139,139,140,0.43444,0.44781,0.45678
1,1.3197e+05,-3,13.284,100,900.7,-2.984,13.093,93.276,858.6,0.16866,0.10818,0.014144,0.15245,0.10103,0.01216,0.14366,0.09363,0.010752,253,247,244,198,197,196,182,180,180,252,252,251,186,182,182,137,139,140,0.48477,0.46335,0.459
1,1.3207e+05,-3,13.194,100,900.7,-2.9808,13.01,93.485,1128.1,0.16853,0.10841,0.013888,0.15271,0.10171,0.012096,0.14277,0.096494,0.010816,245,247,246,189,191,196,182,178,176,248,250,251,167,175,181,139,142,144,0.43884,0.44806,0.45812
1,1.3217e+05,-3,13.104,100,900.7,-2.9851,12.917,94.137,1003.4,0.15569,0.12541,0.014464,0.14498,0.11635,0.012736,0.13374,0.11159,0.011392,249,248,247,191,193,196,175,175,176,252,251,252,212,204,197,146,145,147,0.44824,0.45683,0.46426
1,1.3227e+05,-3,13.014,100,900.7,-3.0063,12.868,94.233,736.4,0.15105,0.10338,0.012352,0.14083,0.099361,0.011136,0.13286,0.090907,0.0096,252,252,251,202,197,197,181,178,176,254,254,252,209,205,196,142,147,151,0.45518,0.46372,0.47015
1,1.3237e+05,-3,12.924,100,900.7,-3.0063,12.768,93.918,741.5,0.16094,0.11098,0.01344,0.15032,0.10041,0.01152,0.13634,0.097391,0.010048,255,255,254,199,202,205,172,172,173,253,251,250,166,166,167,147,149,152,0.45702,0.46615,0.46821
1,1.3247e+05,-3,12.833,100,900.7,-2.9915,12.672,94.769,838.35,0.16661,0.10614,0.013568,0.15475,0.09571,0.01152,0.14267,0.094116,0.010304,255,255,254,216,210,209,172,168,170,249,249,249,139,143,153,146,150,153,0.44009,0.45194,0.46334
1,1.3257e+05,-3,12.743,100,900.7,-2.9808,12.563,95.474,977.82,0.16877,0.10052,0.012672,0.15599,0.094532,0.01088,0.13844,0.09478,0.00992,254,253,252,216,217,215,167,166,166,248,246,245,129,137,144,157,155,154,0.43138,0.44051,0.45533
1,1.3267e+05,-3,12.653,100,900.7,-3.0148,12.509,95.319,1124.1,0.15795,0.10787,0.01312,0.1428,0.10138,0.0112,0.132,0.09535,0.010112,243,247,249,214,208,208,171,167,166,241,241,242,167,159,155,151,153,153,0.43457,0.44644,0.458
1,1.3277e+05,-3,12.563,100,900.7,-3.0127,12.415,95.329,679.46,0.18309,0.11513,0.016448,0.17595,0.10544,0.014464,0.16888,0.10244,0.01344,245,247,249,198,199,202,162,165,168,243,244,245,157,162,164,140,144,146,0.43673,0.45047,0.46322
1,1.3287e+05,-3,12.473,100,900.7,-2.9745,12.281,95.683,1058.2,0.16482,0.11134,0.013632,0.14929,0.10357,0.012096,0.14097,0.099843,0.010944,253,252,251,203,208,210,173,172,171,254,253,250,173,170,170,135,137,140,0.45312,0.46631,0.47228
1,1.3297e+05,-3,12.383,100,900.7,-2.9819,12.218,94.355,1022.9,0.14096,0.09432,0.009856,0.12156,0.091086,0.008512,0.1117,0.083424,0.00736,253,252,251,214,217,214,171,173,176,255,254,252,179,177,176,131,134,137,0.44311,0.45912,0.46891
1,1.3307e+05,-3,12.293,100,900.7,-2.9872,12.132,96.418,1151.6,0.14788,0.11091,0.0128,0.13962,0.098697,0.010816,0.13184,0.094661,0.009792,249,250,250,227,219,214,190,186,184,254,253,253,198,187,178,128,131,136,0.45075,0.46408,0.47226
1,1.3317e+05,-3,12.203,100,900.7,-2.9915,12.038,95.696,971.22,0.15624,0.095356,0.011328,0.13668,0.094395,0.010176,0.12775,0.090067,0.008768,250,248,247,194,195,199,187,196,200,253,253,253,167,170,174,132,134,134,0.4575,0.46588,0.47131
1,1.3327e+05,-3,12.113,100,900.7,-2.9999,11.963,93.938,941.49,0.1636,0.1046,0.013504,0.15134,0.098288,0.011968,0.14329,0.091629,0.010368,241,242,243,173,179,185,231,226,221,255,254,253,163,164,164,127,128,131,0.42895,0.45204,0.46548
1,1.3337e+05,-3,12.023,100,900.7,-2.9904,11.86,95.12,1121.2,0.16887,0.098173,0.012352,0.14501,0.089665,0.009792,0.13319,0.0888,0.009024,232,235,240,175,178,184,255,247,234,255,254,253,165,163,164,119,122,126,0.44042,0.44379,0.45723
1,1.3347e+05,-3,11.933,100,900.7,-3.0031,11.796,95.746,1091.4,0.16311,0.11108,0.014016,0.15339,0.10326,0.012288,0.14404,0.10136,0.0112,227,234,241,184,187,189,245,238,230,255,253,253,160,164,170,122,122,123,0.4813,0.47394,0.46971
1,1.3357e+05,-3,11.843,100,900.7,-2.9968,11.698,94.617,824.37,0.14462,0.10564,0.011968,0.13635,0.097158,0.010624,0.12474,0.09391,0.009472,248,245,245,218,203,193,198,204,208,252,253,254,193,191,185,111,117,124,0.45482,0.46025,0.46727
1,1.3367e+05,-3,11.753,100,900.7,-2.9978,11.604,93.862,807.6,0.17112,0.098803,0.0128,0.15702,0.094267,0.011264,0.14412,0.088165,0.009856,246,250,250,195,188,192,187,185,192,255,255,255,203,194,189,127,127,132,0.41595,0.43908,0.45955
1,1.3377e+05,-3,11.663,100,900.7,-2.9946,11.507,95.425,812.21,0.12089,0.10205,0.009792,0.11166,0.094243,0.00832,0.10815,0.084466,0.007296,250,252,252,193,192,194,191,191,189,255,255,255,171,184,195,147,148,146,0.43165,0.44148,0.45945
1,1.3387e+05,-3,11.573,100,900.7,-3.001,11.436,94.627,1270.6,0.16226,0.11363,0.014144,0.15286,0.10389,0.012288,0.14711,0.10035,0.011328,255,253,252,209,203,197,182,184,185,255,255,255,248,230,202,151,155,162,0.51876,0.51241,0.50967
1,1.3849e+05,-3,11.555,100,900.9,-3.019,11.398,0.27376,669.54,0,0,0,0,0,0,0,0,0,255,253,252,209,203,197,182,184,185,255,255,255,248,230,202,151,155,162,0.51197,0.51535,0.51445
1,1.3859e+05,-3.0901,11.555,100,900.9,-3.1029,11.405,93.667,1177.4,0.13664,0.10307,0.011136,0.12527,0.10024,0.009984,0.12186,0.093477,0.00928,249,249,249,197,196,194,179,178,180,255,255,255,221,212,199,164,171,179,0.52826,0.52434,0.51964
1,1.3869e+05,-3.1802,11.555,100,900.9,-3.1899,11.412,94.458,905.19,0.16362,0.10097,0.012928,0.14783,0.09476,0.011072,0.14085,0.08838,0.009856,246,246,247,203,196,190,175,177,178,255,255,255,152,161,172,151,166,182,0.51833,0.51574,0.5089
1,1.3879e+05,-3.2703,11.555,100,900.9,-3.2716,11.4,95.799,809.75,0.21796,0.10547,0.01696,0.19767,0.096572,0.014208,0.17639,0.094563,0.012096,246,246,246,190,188,188,179,177,177,255,255,255,147,151,160,155,164,177,0.51606,0.51341,0.50863
1,1.3889e+05,-3.3604,11.555,100,900.9,-3.3628,11.419,94.508,945.99,0.16204,0.11243,0.0144,0.15041,0.10487,0.012608,0.14746,0.096272,0.011328,242,245,247,167,178,187,176,174,174,255,255,255,138,143,151,146,155,170,0.51646,0.51751,0.51158
1,1.3899e+05,-3.4505,11.555,100,900.9,-3.4487,11.408,94.68,1126.2,0.17061,0.09091,0.012224,0.15711,0.086654,0.010368,0.14485,0.080673,0.00896,247,248,249,186,187,189,169,171,172,255,255,255,140,146,154,168,170,174,0.52102,0.52593,0.52158
1,1.3909e+05,-3.5405,11.555,100,900.9,-3.522,11.421,95.166,710.17,0.19079,0.10263,0.014784,0.16348,0.096008,0.012096,0.15656,0.088361,0.010688,252,252,252,187,187,189,168,169,170,255,255,255,159,159,160,201,191,183,0.53701,0.53274,0.52812
1,1.3919e+05,-3.6306,11.555,100,900.9,-3.6238,11.417,94.65,830.11,0.15717,0.10107,0.01216,0.13438,0.096213,0.01024,0.12676,0.089073,0.009024,255,254,253,178,186,193,166,166,169,255,255,255,157,163,162,171,174,177,0.53048,0.53055,0.52577
1,1.3929e+05,-3.7207,11.555,100,900.9,-3.7013,11.393,94.872,829.34,0.20472,0.092199,0.01408,0.18008,0.086846,0.011904,0.16454,0.080544,0.010368,253,253,253,191,197,200,165,167,169,255,255,255,168,164,161,154,163,172,0.52262,0.5208,0.51616
1,1.3939e+05,-3.8108,11.555,100,900.9,-3.8042,11.4,93.127,886.15,0.14663,0.099626,0.011392,0.13141,0.097096,0.009984,0.12229,0.090943,0.00864,253,252,252,240,225,214,175,172,171,255,255,255,164,163,160,167,160,161,0.52328,0.5196,0.51168
1,1.3949e+05,-3.9009,11.555,100,900.9,-3.8912,11.402,94.749,1254.3,0.18781,0.095252,0.013888,0.16914,0.090645,0.011776,0.15725,0.083497,0.01024,254,253,253,223,221,218,178,174,170,255,255,255,157,163,167,153,157,160,0.52389,0.52191,0.51795
1,1.3959e+05,-3.991,11.555,100,900.9,-3.9909,11.4,93.207,1007.8,0.15654,0.099786,0.012544,0.14747,0.09518,0.0112,0.14474,0.088572,0.010048,253,254,253,226,222,216,163,167,168,255,255,255,164,174,175,159,159,165,0.52413,0.52647,0.52554
1,1.3969e+05,-4.0811,11.555,100,900.9,-4.0652,11.404,94.074,703.9,0.20179,0.10122,0.015744,0.18527,0.094212,0.013696,0.17016,0.088264,0.011776,255,254,253,217,217,209,167,166,164,255,255,255,158,171,177,200,190,184,0.52301,0.52283,0.5224
1,1.3979e+05,-4.1712,11.555,100,900.9,-4.1554,11.412,93.971,922.83,0.18571,0.099391,0.014592,0.17137,0.096351,0.013056,0.1628,0.090383,0.01152,255,253,252,202,203,203,168,166,165,255,255,255,158,166,177,223,206,188,0.52851,0.52459,0.52588
1,1.3989e+05,-4.2613,11.555,100,900.9,-4.2551,11.409,94.21,877.21,0.20799,0.10422,0.017024,0.18633,0.096395,0.014272,0.17005,0.093746,0.012544,249,250,250,191,190,190,167,167,167,255,255,255,163,175,180,176,187,189,0.53478,0.53057,0.53039
1,1.3999e+05,-4.3514,11.555,100,900.9,-4.3241,11.398,93.885,933.16,0.1983,0.090014,0.01344,0.19077,0.08676,0.01216,0.17226,0.08155,0.010688,251,250,249,200,194,188,166,170,171,255,255,255,189,184,178,167,169,172,0.5303,0.52982,0.53025
1,1.4009e+05,-4.4414,11.555,100,900.9,-4.4291,11.418,94.733,886.33,0.17557,0.10943,0.01504,0.15832,0.10367,0.013056,0.15336,0.097463,0.011712,248,249,250,188,187,187,179,176,175,255,255,255,165,166,168,151,154,158,0.53078,0.53045,0.53007
1,1.4019e+05,-4.5315,11.555,100,900.9,-4.5203,11.428,94.815,1122.1,0.15147,0.09988,0.011968,0.14046,0.095349,0.010752,0.13877,0.086296,0.009472,251,251,250,185,187,187,179,179,176,255,255,255,139,147,157,131,141,152,0.52901,0.52953,0.52898
1,1.4029e+05,-4.6216,11.555,100,900.9,-4.5999,11.418,94.534,1079.8,0.1634,0.10335,0.01312,0.1529,0.096253,0.011776,0.14953,0.091854,0.010816,252,251,250,196,192,188,176,175,175,255,255,255,137,145,154,136,144,152,0.51818,0.52466,0.5263
1,1.4039e+05,-4.7117,11.555,100,900.9,-4.7071,11.431,94.796,1217.5,0.15231,0.10181,0.01184,0.13501,0.097304,0.01024,0.12479,0.091395,0.009088,248,248,248,200,198,194,167,171,174,255,255,255,143,146,151,146,152,155,0.52424,0.5233,0.52507
1,1.4049e+05,-4.8018,11.555,100,900.9,-4.7814,11.414,93.759,1012.2,0.14255,0.11028,0.012224,0.13247,0.10574,0.011008,0.12568,0.09804,0.009792,243,244,247,207,203,198,176,176,174,255,255,255,149,152,153,140,148,154,0.5205,0.52308,0.52365
1,1.4059e+05,-4.8919,11.555,100,900.9,-4.8747,11.419,94.61,1064,0.18876,0.093873,0.013248,0.16779,0.08787,0.011328,0.15011,0.085303,0.009856,246,246,246,204,204,203,174,173,173,255,255,255,157,154,151,139,146,154,0.52509,0.52548,0.52439
1,1.4069e+05,-4.982,11.555,100,900.9,-4.9532,11.409,94.614,1090.1,0.18522,0.089429,0.012096,0.15303,0.080139,0.009728,0.13298,0.08029,0.008448,252,250,249,210,213,209,172,171,172,255,255,255,138,146,151,155,153,154,0.52671,0.52596,0.52474
1,1.4079e+05,-5.0721,11.555,100,900.9,-5.0445,11.407,95.451,1034.4,0.13905,0.099039,0.010816,0.12636,0.092958,0.009408,0.11619,0.088476,0.008256,254,252,250,220,219,214,172,172,173,255,255,255,157,152,152,148,152,156,0.51111,0.52067,0.52282
1,1.4089e+05,-5.1622,11.555,100,900.9,-5.1357,11.428,94.842,918.27,0.17129,0.10398,0.013888,0.16291,0.096424,0.012352,0.15195,0.093147,0.011008,250,251,252,223,226,222,174,175,176,255,255,255,162,156,151,139,151,162,0.51757,0.51962,0.52172
1,1.4099e+05,-5.2523,11.555,100,900.9,-5.2238,11.417,95.64,690.66,0.16282,0.095477,0.012288,0.15027,0.090644,0.010624,0.14147,0.084499,0.009536,253,253,252,236,230,222,179,181,182,255,255,255,130,136,145,151,156,161,0.52055,0.52091,0.52106
1,1.4109e+05,-5.3423,11.555,100,900.9,-5.3193,11.414,94.418,1016.5,0.19227,0.09938,0.014656,0.17207,0.094637,0.012544,0.16358,0.087513,0.011136,254,253,253,221,220,217,187,188,186,255,255,255,132,137,145,139,147,159,0.51973,0.52035,0.52009
1,1.4119e+05,-5.4324,11.555,100,900.9,-5.4073,11.405,96.04,1223.6,0.16245,0.09825,0.01248,0.14883,0.097002,0.011392,0.13901,0.092746,0.010304,254,254,254,210,212,212,184,185,185,255,255,255,145,146,150,147,155,163,0.51341,0.51987,0.52088
1,1.4129e+05,-5.5225,11.555,100,900.9,-5.4805,11.416,94.637,890.17,0.16321,0.097498,0.012416,0.14751,0.094289,0.010816,0.13712,0.086655,0.009408,254,254,254,206,211,213,184,183,183,255,255,255,140,144,151,153,162,170,0.52153,0.52358,0.52492
1,1.4139e+05,-5.6126,11.555,100,900.9,-5.5718,11.404,94.6,673.09,0.16265,0.10869,0.014016,0.15201,0.10186,0.012224,0.14195,0.096637,0.011072,255,255,254,206,213,215,177,177,178,255,255,255,134,143,157,166,172,178,0.52493,0.52791,0.5288
1,1.4149e+05,-5.7027,11.555,100,900.9,-5.6652,11.411,94.68,749.42,0.17139,0.1078,0.014656,0.16788,0.098679,0.013056,0.16083,0.096662,0.012032,255,255,255,220,216,214,172,174,174,255,255,255,156,162,166,167,177,187,0.53623,0.53704,0.5369
1,1.4159e+05,-5.7928,11.555,100,900.9,-5.7416,11.412,94.971,983.4,0.17964,0.10754,0.014848,0.16058,0.10139,0.012864,0.15112,0.095692,0.011392,254,254,254,199,209,212,169,173,173,255,255,255,150,161,172,193,200,203,0.54273,0.54336,0.54278
1,1.4169e+05,-5.8829,11.555,100,900.9,-5.8328,11.432,93.614,809.2,0.13823,0.10442,0.0112,0.13416,0.092809,0.009664,0.12144,0.091927,0.00864,253,253,254,208,209,208,163,166,169,255,255,255,170,174,179,244,236,228,0.54804,0.54995,0.55085
1,1.4179e+05,-5.973,11.555,100,900.9,-5.9347,11.418,95.047,947.95,0.15985,0.10211,0.012864,0.14019,0.09949,0.011136,0.13516,0.090835,0.009856,253,254,254,209,209,208,157,161,167,255,255,255,192,189,185,255,249,238,0.50281,0.49191,0.48717
1,1.4642e+05,-6,11.555,100,894.4,-5.9591,11.351,-0.35853,876.93,0,0,0,0,0,0,0,0,0,253,254,254,209,210,207,153,158,164,255,255,255,207,200,191,255,254,246,0.41988,0.42437,0.43661
1,1.4652e+05,-6,11.465,100,894.4,-5.9612,11.288,94.355,956.57,0.14865,0.10382,0.011776,0.13384,0.10191,0.010432,0.12545,0.093921,0.00928,254,253,253,185,191,198,163,163,165,254,255,255,187,189,191,235,222,215,0.44006,0.46536,0.47303
1,1.4662e+05,-6,11.376,100,894.4,-5.9728,11.212,94.071,968.57,0.182,0.12932,0.017792,0.17149,0.11841,0.015552,0.1592,0.11572,0.014272,251,252,252,192,194,196,168,169,168,255,255,255,186,191,194,188,194,200,0.55984,0.52872,0.50289
1,1.4672e+05,-6,11.286,100,894.4,-5.9548,11.117,93.985,929.68,0.27374,0.099239,0.019392,0.2515,0.089607,0.015552,0.20906,0.087999,0.012992,250,251,251,204,200,199,171,172,172,255,255,255,212,206,204,175,179,189,0.59796,0.57976,0.54254
1,1.4682e+05,-6,11.197,100,894.3,-5.9347,11.011,94.173,1238.9,0.14924,0.10904,0.012544,0.13776,0.098515,0.010816,0.13302,0.095428,0.009856,247,251,250,197,195,194,178,175,173,255,255,255,206,205,207,210,211,208,0.58378,0.56452,0.53444
1,1.4692e+05,-6,11.107,100,894.4,-5.9591,10.931,93.409,767.08,0.21409,0.099554,0.016,0.19356,0.093424,0.013312,0.17852,0.086533,0.011968,241,246,247,175,183,186,176,174,174,255,255,255,203,200,204,211,215,214,0.51389,0.49947,0.48114
1,1.4702e+05,-6,11.018,100,894.3,-5.9484,10.864,94.514,886.36,0.17949,0.097222,0.013312,0.172,0.087029,0.011328,0.15353,0.08512,0.009984,244,244,245,179,180,180,169,171,174,255,255,255,199,201,202,199,202,207,0.34622,0.35662,0.37003
1,1.5164e+05,-6,11,100,900,-5.9283,10.886,-0.02418,908.56,0,0,0,0,0,0,0,0,0,244,244,245,179,180,180,169,171,174,255,255,255,199,201,202,199,202,207,0.34374,0.34802,0.35849
1,1.5174e+05,-5.91,11,100,900,-5.8264,10.849,94.802,1111.1,0.13534,0.09088,0.009792,0.12495,0.08762,0.008768,0.12281,0.079823,0.007808,248,249,249,174,179,179,185,184,180,255,255,255,207,204,202,213,216,219,0.45416,0.46493,0.47183
1,1.5184e+05,-5.82,11,100,900,-5.7426,10.859,95.09,1047.3,0.17525,0.1089,0.014208,0.15331,0.10198,0.01216,0.14494,0.095412,0.011072,253,252,251,165,170,175,188,183,179,255,255,255,184,190,192,232,234,236,0.60664,0.59938,0.57825
1,1.5194e+05,-5.73,11,100,900,-5.6715,10.856,94.806,726.54,0.18087,0.10632,0.014912,0.16769,0.10026,0.013056,0.15645,0.095132,0.011712,251,252,251,164,169,174,176,177,177,255,255,255,168,179,184,239,243,243,0.60926,0.60486,0.58211
1,1.5204e+05,-5.64,11,100,900,-5.576,10.863,96.173,870.33,0.20283,0.10311,0.016128,0.17815,0.09671,0.01344,0.16966,0.089556,0.011968,253,250,248,167,170,174,176,172,172,255,255,255,177,174,177,254,253,252,0.54759,0.54851,0.5402
1,1.5214e+05,-5.55,11,100,900,-5.4965,10.865,95.252,821.87,0.1687,0.10461,0.01376,0.15732,0.095187,0.011904,0.14543,0.092685,0.010496,242,242,245,177,173,175,179,174,174,255,254,253,217,205,195,255,255,255,0.52087,0.52309,0.51833
1,1.5224e+05,-5.46,11,100,900,-5.4095,10.86,95.696,832.04,0.21858,0.10238,0.01632,0.18178,0.099346,0.013696,0.16277,0.093214,0.01184,248,246,246,173,178,184,181,179,177,255,254,252,252,233,206,255,255,255,0.46326,0.47223,0.47962
1,1.5234e+05,-5.37,11,100,900,-5.315,10.856,95.507,1044.6,0.18975,0.099727,0.014656,0.17371,0.09294,0.012608,0.16617,0.087405,0.0112,254,252,251,198,198,200,179,179,177,255,254,252,199,199,191,255,255,255,0.46074,0.46587,0.47021
1,1.5244e+05,-5.28,11,100,900,-5.2376,10.844,95.259,961.68,0.18026,0.091392,0.012736,0.16709,0.084659,0.01088,0.1524,0.079353,0.009472,253,252,252,210,208,207,176,177,178,255,254,252,183,183,177,255,255,255,0.49055,0.49186,0.49018
1,1.5254e+05,-5.19,11,100,900,-5.1516,10.863,94.67,594.19,0.15922,0.10407,0.013056,0.14703,0.097913,0.01152,0.13776,0.094958,0.010432,255,252,251,216,215,213,183,179,176,255,253,250,176,168,158,254,254,253,0.47284,0.48188,0.49296
1,1.5264e+05,-5.1,11,100,900,-5.0583,10.869,95.941,666.48,0.17931,0.09999,0.013952,0.16365,0.095268,0.01216,0.15716,0.091403,0.011008,247,248,247,209,209,209,170,171,175,255,252,247,163,157,154,247,249,251,0.46399,0.46473,0.47352
1,1.5274e+05,-5.01,11,100,900,-4.9638,10.856,94.521,1014.4,0.15358,0.10201,0.012096,0.13735,0.096425,0.010368,0.13202,0.089726,0.009344,244,241,242,206,197,197,179,173,172,253,252,248,182,181,174,247,245,246,0.50997,0.49606,0.48971
1,1.5284e+05,-4.92,11,100,900,-4.8673,10.851,95.881,1265,0.1693,0.090087,0.011904,0.15647,0.087402,0.010432,0.13934,0.084942,0.00928,243,243,244,181,180,187,177,175,174,255,254,251,230,211,181,240,245,248,0.45668,0.46995,0.48191
1,1.5294e+05,-4.83,11,100,900,-4.7803,10.855,95.037,1062,0.14028,0.092306,0.009984,0.13048,0.081995,0.008448,0.11968,0.080638,0.007552,251,248,245,182,180,186,178,176,175,255,254,251,207,192,176,250,249,249,0.47553,0.47618,0.48431
1,1.5304e+05,-4.74,11,100,900,-4.705,10.865,94.074,926.93,0.17938,0.099065,0.01408,0.17011,0.092844,0.012288,0.16028,0.087913,0.01088,251,249,247,198,191,188,177,176,173,251,250,247,153,147,149,254,252,251,0.48218,0.49386,0.49681
1,1.5314e+05,-4.65,11,100,900,-4.6052,10.859,95.789,916.78,0.17932,0.10466,0.014528,0.16565,0.099381,0.0128,0.15802,0.091251,0.011456,246,244,244,192,191,187,168,167,167,247,243,241,157,152,148,243,247,248,0.48787,0.49993,0.5048
1,1.5324e+05,-4.56,11,100,900,-4.5097,10.851,95.746,872.48,0.19153,0.10624,0.015744,0.17288,0.10295,0.013824,0.1657,0.098241,0.01248,245,244,244,183,179,178,161,161,163,247,243,241,191,180,170,238,242,244,0.49225,0.50355,0.50609
1,1.5334e+05,-4.47,11,100,900,-4.4206,10.841,95.832,1261.6,0.18167,0.092333,0.012672,0.14999,0.090012,0.010688,0.13819,0.086841,0.009472,250,248,247,167,169,173,170,166,164,253,250,247,222,208,191,245,242,244,0.4859,0.48904,0.50048
1,1.5344e+05,-4.38,11,100,900,-4.3326,10.84,95.494,911.14,0.188,0.11235,0.016512,0.17167,0.10825,0.01472,0.16687,0.098739,0.013184,252,250,249,170,171,172,167,168,166,254,253,251,236,214,190,243,244,246,0.47375,0.48548,0.49793
1,1.5354e+05,-4.29,11,100,900,-4.254,10.878,95.577,873.4,0.21289,0.094991,0.01536,0.1976,0.088127,0.013376,0.17954,0.084671,0.011776,251,252,252,176,175,180,171,169,168,255,255,254,179,176,170,251,250,251,0.49063,0.50009,0.50549
1,1.5364e+05,-4.2,11,100,900,-4.1532,10.85,94.676,980.39,0.1755,0.10095,0.01408,0.16661,0.097381,0.0128,0.15526,0.095321,0.01184,253,253,253,199,193,190,175,172,171,255,255,254,155,154,156,255,255,254,0.49201,0.50979,0.51694
1,1.5374e+05,-4.11,11,100,900,-4.0673,10.854,94.945,1102.7,0.20071,0.10776,0.016704,0.18647,0.098429,0.014464,0.17751,0.096152,0.013312,255,255,254,197,204,202,174,176,174,255,255,254,202,188,176,255,255,255,0.53503,0.5351,0.52758
1,1.5384e+05,-4.02,11,100,900,-3.9856,10.848,95.405,913.6,0.16085,0.1007,0.012224,0.14648,0.092872,0.010496,0.13231,0.091456,0.009536,255,255,255,194,204,206,177,174,171,255,255,254,236,225,208,255,255,255,0.51907,0.52249,0.52191
1,1.5394e+05,-3.93,11,100,900,-3.9018,10.863,94.763,804.97,0.18548,0.1065,0.015168,0.17572,0.096592,0.013184,0.16424,0.093104,0.01184,255,255,255,197,203,205,167,167,169,255,255,254,242,235,218,255,255,255,0.52965,0.53753,0.53075
1,1.5404e+05,-3.84,11,100,900,-3.8052,10.863,94.385,874.61,0.18524,0.10139,0.014592,0.17006,0.094954,0.012416,0.15678,0.089165,0.011072,255,253,251,192,191,190,166,163,162,255,255,254,245,242,222,255,255,255,0.54162,0.52467,0.51966
1,1.5414e+05,-3.75,11,100,900,-3.7246,10.874,93.978,1202,0.17853,0.093974,0.01312,0.16199,0.084335,0.010752,0.1506,0.081061,0.009344,246,245,246,163,167,172,159,159,160,255,255,254,226,212,194,255,255,255,0.52919,0.52416,0.52241
1,1.5424e+05,-3.66,11,100,900,-3.6344,10.851,94.362,868.15,0.19626,0.098884,0.01504,0.1832,0.096161,0.013696,0.16778,0.09229,0.012352,250,247,246,174,166,165,153,155,158,255,255,254,158,157,158,255,255,255,0.59411,0.57264,0.54726
1,1.5434e+05,-3.57,11,100,900,-3.5495,10.843,93.514,895.6,0.15342,0.10476,0.0128,0.14584,0.098735,0.011264,0.13629,0.09571,0.010368,255,253,251,178,176,175,163,163,164,255,254,251,165,153,149,255,255,255,0.57918,0.56234,0.5416
1,1.5444e+05,-3.48,11,100,900,-3.4551,10.85,93.544,953.41,0.21687,0.10205,0.016192,0.1855,0.093789,0.013312,0.16808,0.091801,0.011968,255,254,253,198,187,179,174,171,167,254,252,249,182,165,158,255,255,255,0.57405,0.55467,0.53645
1,1.5454e+05,-3.39,11,100,900,-3.3861,10.878,93.902,1150,0.14867,0.10244,0.011584,0.13684,0.094429,0.010048,0.12579,0.087808,0.008768,254,254,254,192,189,185,174,173,170,251,248,246,207,200,190,255,255,255,0.56833,0.55124,0.53471
1,1.5464e+05,-3.3,11,100,900,-3.2832,10.87,95.418,1132.9,0.16694,0.10765,0.013824,0.15268,0.097694,0.011456,0.13766,0.09464,0.010368,255,255,254,178,183,186,171,170,169,255,252,248,253,237,215,255,255,255,0.53779,0.53519,0.52564
1,1.5474e+05,-3.21,11,100,900,-3.1941,10.853,94.117,736.45,0.19407,0.10176,0.01504,0.17637,0.09593,0.012992,0.16182,0.089714,0.011136,255,254,254,205,198,193,173,170,169,255,255,252,246,237,218,255,255,255,0.50275,0.50924,0.51619
1,1.5484e+05,-3.12,11,100,900,-3.105,10.86,93.786,1079.7,0.18355,0.099035,0.013888,0.16378,0.095077,0.011776,0.14501,0.092464,0.010432,255,254,253,203,200,195,163,168,170,255,255,254,222,208,193,255,255,255,0.51767,0.52419,0.51624
1,1.5494e+05,-3.03,11,100,900,-3.0201,10.859,96.007,1014.5,0.19674,0.099111,0.014464,0.18205,0.088798,0.012032,0.15879,0.087041,0.01056,254,253,253,195,194,193,168,169,169,255,255,253,186,186,187,255,255,255,0.48191,0.49093,0.50166
1,1.5504e+05,-2.94,11,100,900,-2.9204,10.849,96.077,830.05,0.17331,0.10667,0.014336,0.16085,0.10158,0.012736,0.14893,0.097249,0.011328,251,251,252,189,186,189,168,168,167,255,255,253,220,203,188,255,255,255,0.54824,0.53411,0.52119
1,1.5514e+05,-2.85,11,100,900,-2.8238,10.84,95.358,876.9,0.14265,0.099682,0.011072,0.13546,0.091265,0.0096,0.12552,0.087112,0.008832,249,250,250,188,189,191,153,159,161,255,254,251,240,214,185,255,255,255,0.50927,0.51083,0.51604
1,1.5524e+05,-2.76,11,100,900,-2.7336,10.849,96.279,1249.7,0.184,0.10102,0.014144,0.1709,0.090819,0.012096,0.15446,0.089119,0.010624,246,247,247,185,192,195,157,155,157,254,252,247,165,162,160,255,255,255,0.4959,0.50225,0.51063
1,1.5534e+05,-2.67,11,100,900,-2.6541,10.853,94.021,1231.5,0.19078,0.092321,0.013504,0.16822,0.086913,0.011264,0.16075,0.079391,0.009856,240,241,242,192,196,197,158,158,159,250,245,239,157,146,138,255,255,255,0.49717,0.50158,0.5088
1,1.5544e+05,-2.58,11,100,900,-2.5766,10.858,96.451,1051,0.16234,0.09149,0.01152,0.14584,0.084624,0.0096,0.13142,0.078694,0.00832,233,237,241,194,195,196,164,163,162,245,239,232,151,144,139,255,255,255,0.56758,0.53719,0.52119
1,1.5554e+05,-2.49,11,100,900,-2.4811,10.85,95.938,896.11,0.18608,0.11129,0.016064,0.17279,0.10355,0.013888,0.1659,0.09662,0.012608,238,239,241,179,187,191,174,171,171,227,223,223,174,162,158,255,254,254,0.51448,0.51448,0.51454
1,1.5564e+05,-2.4,11,100,900,-2.3962,10.861,94.653,1047.1,0.18715,0.087792,0.012288,0.16425,0.083114,0.010048,0.13396,0.078746,0.008256,248,247,247,175,181,185,182,180,178,240,232,226,233,214,194,248,249,248,0.50574,0.50699,0.51434
1,1.5574e+05,-2.31,11,100,900,-2.3114,10.861,95.312,1042.2,0.16384,0.10226,0.013248,0.15205,0.097676,0.011584,0.14119,0.092616,0.01024,251,252,251,175,175,178,181,180,179,255,248,235,252,236,211,229,232,235,0.50321,0.513,0.51865
1,1.5584e+05,-2.22,11,100,900,-2.2191,10.868,95.352,1029.6,0.17952,0.096603,0.013632,0.16488,0.088695,0.011392,0.15378,0.083804,0.010048,254,253,252,173,173,176,179,177,177,244,240,234,222,212,200,207,213,221,0.52799,0.53258,0.528
1,1.5594e+05,-2.13,11,100,900,-2.1384,10.844,95.395,863.81,0.18934,0.099478,0.014592,0.18279,0.090268,0.0128,0.171,0.088461,0.011648,253,253,252,178,178,177,179,178,177,238,238,233,209,199,186,203,209,216,0.49726,0.50913,0.51836
1,1.5604e+05,-2.04,11,100,900,-2.0482,10.85,94.511,972.64,0.14107,0.097974,0.010944,0.13726,0.089166,0.009792,0.12789,0.086169,0.008832,251,251,251,187,186,184,182,178,176,247,236,222,174,170,166,202,209,213,0.53211,0.52918,0.52763
1,1.5614e+05,-1.95,11,100,900,-1.9358,10.841,95.077,1314.1,0.17641,0.096307,0.012544,0.14,0.092701,0.010112,0.1272,0.087158,0.008704,248,250,251,186,184,182,170,172,172,212,211,209,185,174,169,199,206,210,0.52265,0.51555,0.51578
1,1.5624e+05,-1.86,11,100,900,-1.8519,10.846,94.918,1170.4,0.19333,0.098668,0.014592,0.17825,0.089547,0.012416,0.16816,0.085703,0.0112,249,250,250,161,172,182,170,168,169,213,210,207,234,210,188,201,200,204,0.53934,0.51951,0.5162
1,1.5634e+05,-1.77,11,100,900,-1.7713,10.864,94.984,865.59,0.17297,0.10315,0.014144,0.1667,0.095647,0.01248,0.15575,0.08904,0.01088,250,252,252,183,181,184,171,170,168,238,227,217,230,208,187,189,198,208,0.50044,0.50036,0.50971
1,1.5644e+05,-1.68,11,100,900,-1.6684,10.849,94.266,1030.7,0.18671,0.11092,0.015936,0.17278,0.099129,0.013312,0.16415,0.093125,0.011712,253,253,253,182,186,187,171,169,168,234,232,225,209,192,176,199,206,209,0.49759,0.50222,0.5121
1,1.5654e+05,-1.59,11,100,900,-1.5941,10.863,94.66,948.1,0.17326,0.097921,0.012992,0.16086,0.086779,0.01088,0.14426,0.08492,0.0096,255,255,254,179,186,192,171,171,172,249,246,236,163,155,152,199,207,206,0.49769,0.50534,0.51103
1,1.5664e+05,-1.5,11,100,900,-1.4933,10.844,93.706,929.41,0.17313,0.096311,0.0128,0.16027,0.092166,0.011584,0.14864,0.088484,0.010176,253,254,254,188,195,201,186,179,173,252,248,237,163,157,157,177,181,186,0.53261,0.51939,0.51294
1,1.5674e+05,-1.41,11,100,900,-1.4201,10.855,94.034,688.4,0.18689,0.096929,0.014016,0.17114,0.0934,0.012224,0.16013,0.088622,0.010752,254,254,253,226,220,212,174,172,171,232,232,230,220,207,193,168,165,167,0.51656,0.51,0.5124
1,1.5684e+05,-1.32,11,100,900,-1.3363,10.859,94.2,822.47,0.17481,0.10029,0.013504,0.16422,0.092006,0.011904,0.15385,0.088495,0.010688,249,251,252,211,214,213,164,167,169,245,240,235,253,246,228,154,153,156,0.50104,0.50168,0.50922
1,1.5694e+05,-1.23,11,100,900,-1.2461,10.865,93.375,1002.7,0.15881,0.095904,0.01152,0.13773,0.091586,0.009856,0.12671,0.087212,0.008896,248,250,252,196,205,208,168,170,171,254,249,242,255,252,237,151,150,155,0.50584,0.5145,0.51893
1,1.5704e+05,-1.14,11,100,900,-1.1687,10.859,95.305,1146.1,0.1918,0.1057,0.015744,0.17549,0.10255,0.01376,0.16753,0.097175,0.01216,253,252,251,183,192,197,180,180,178,255,254,252,255,252,236,156,158,160,0.52469,0.52059,0.51932
1,1.5714e+05,-1.05,11,100,900,-1.0636,10.861,93.349,979.33,0.17264,0.094582,0.012544,0.15234,0.08918,0.010304,0.13368,0.086762,0.009216,248,249,249,181,183,185,176,180,180,253,254,253,249,233,212,162,165,164,0.53612,0.53363,0.52965
1,1.5724e+05,-0.96,11,100,900,-0.97981,10.865,94.878,719.68,0.1696,0.096559,0.012672,0.15833,0.091435,0.0112,0.14131,0.087961,0.00992,245,244,243,165,166,169,174,176,177,255,254,250,194,184,179,155,157,161,0.51271,0.52361,0.52799
1,1.5734e+05,-0.87,11,100,900,-0.8875,10.861,94.577,1218.7,0.16796,0.095412,0.012352,0.15313,0.088126,0.010688,0.14349,0.08521,0.009536,239,241,243,146,152,159,177,177,176,250,250,245,180,173,171,151,155,161,0.52871,0.5324,0.53103
1,1.5744e+05,-0.78,11,100,900,-0.80262,10.868,94.69,1346.4,0.1566,0.11465,0.014144,0.14707,0.10917,0.012608,0.13945,0.099983,0.0112,244,245,245,153,157,162,179,178,175,253,249,244,214,192,176,156,158,164,0.55104,0.54684,0.53481
1,1.5754e+05,-0.69,11,100,900,-0.71456,10.873,93.67,964.65,0.19014,0.10416,0.015616,0.17992,0.098103,0.013824,0.16495,0.0934,0.01216,253,252,250,176,173,171,169,170,167,254,251,245,226,194,169,159,164,174,0.51889,0.51345,0.51526
1,1.5764e+05,-0.6,11,100,900,-0.61589,10.846,94.686,1018.5,0.20402,0.1014,0.016064,0.19066,0.095412,0.014272,0.18155,0.088168,0.012544,250,252,252,158,167,176,153,155,158,253,250,241,140,139,141,174,179,186,0.5159,0.51151,0.51187
1,1.5774e+05,-0.51,11,100,900,-0.54268,10.86,93.614,951.54,0.16641,0.097982,0.01248,0.14996,0.094411,0.011264,0.13845,0.09199,0.010176,251,252,253,163,173,185,165,161,160,236,236,233,139,125,119,191,195,198,0.50042,0.50752,0.51262
1,1.5784e+05,-0.42,11,100,900,-0.43234,10.854,93.726,1193.9,0.18834,0.10106,0.014656,0.17561,0.092923,0.012672,0.16752,0.090118,0.01184,253,253,253,215,213,210,170,169,167,251,238,227,134,123,119,192,198,204,0.51108,0.52508,0.52614
1,1.5794e+05,-0.33,11,100,900,-0.36443,10.861,94.117,922.17,0.18635,0.095888,0.013888,0.16979,0.09044,0.012032,0.15848,0.083411,0.010304,253,253,253,241,227,216,171,171,172,250,239,228,134,125,120,191,198,203,0.49536,0.50504,0.51437
1,1.5804e+05,-0.24,11,100,900,-0.27955,10.861,93.889,897.51,0.17247,0.095386,0.012992,0.16097,0.090642,0.011328,0.1475,0.088377,0.01024,252,253,253,213,209,211,181,181,178,250,240,231,136,131,130,192,189,191,0.50587,0.51568,0.52118
1,1.5814e+05,-0.15,11,100,900,-0.17876,10.873,93.892,937.45,0.17559,0.10687,0.014464,0.16739,0.096223,0.012352,0.15461,0.09367,0.0112,253,252,251,197,192,196,180,183,180,254,246,237,177,153,143,169,169,176,0.49943,0.51012,0.52197
1,1.5824e+05,-0.06,11,100,900,-0.091757,10.853,93.332,941.2,0.18562,0.099002,0.013632,0.16409,0.091344,0.0112,0.13796,0.090167,0.009728,242,245,246,193,194,192,176,178,179,255,248,235,192,177,155,163,163,164,0.55484,0.52655,0.5186
1,1.5834e+05,0.03,11,100,900,0.011159,10.858,95.017,881.74,0.17486,0.10132,0.01376,0.16287,0.091809,0.011648,0.15017,0.086803,0.010048,233,237,240,187,185,184,177,180,180,232,233,229,157,152,139,147,151,154,0.49898,0.507,0.51276
1,1.5844e+05,0.12,11,100,900,0.068453,10.873,93.958,1197,0.18206,0.09769,0.013632,0.17243,0.090274,0.011968,0.17399,0.082616,0.01088,232,236,241,171,176,182,176,181,180,229,228,224,121,124,131,139,142,149,0.52022,0.5207,0.52354
1,1.5854e+05,0.21,11,100,900,0.15758,10.874,94.22,918.76,0.17738,0.1021,0.014208,0.16225,0.092849,0.012096,0.14946,0.090862,0.010752,245,244,242,177,176,178,177,182,183,232,228,222,139,137,139,135,137,143,0.50328,0.51882,0.52194
1,1.5864e+05,0.3,11,100,900,0.252,10.855,93.409,606.22,0.2267,0.096136,0.01568,0.17927,0.092445,0.0128,0.17059,0.084976,0.011008,236,239,241,171,175,179,186,184,180,245,236,228,233,208,182,139,142,148,0.50161,0.51247,0.51568
1,1.5874e+05,0.39,11,100,900,0.34749,10.854,94.604,1079.2,0.16611,0.10324,0.013184,0.1488,0.097687,0.011264,0.14314,0.088897,0.010048,236,236,239,183,174,175,171,172,172,255,248,239,244,222,196,153,153,159,0.55046,0.54567,0.53261
1,1.5884e+05,0.48,11,100,900,0.43237,10.869,93.538,926.43,0.1803,0.10371,0.014208,0.16972,0.095011,0.012288,0.15234,0.092906,0.011072,240,244,244,168,173,182,160,162,164,255,253,243,205,185,174,172,180,189,0.50558,0.51143,0.52023
1,1.5894e+05,0.57,11,100,900,0.51725,10.869,94.58,1016.3,0.14995,0.10239,0.01216,0.13713,0.095063,0.010432,0.12886,0.093066,0.009536,247,247,247,169,180,188,164,163,165,255,252,242,195,170,159,198,204,206,0.52886,0.52461,0.52306
1,1.5904e+05,0.66,11,100,900,0.61062,10.875,93.865,841.99,0.18615,0.095599,0.013696,0.16862,0.092008,0.011968,0.15897,0.087199,0.010816,249,249,248,205,205,199,176,175,173,251,241,230,162,150,146,239,233,218,0.5048,0.51431,0.52187
1,1.5914e+05,0.75,11,100,900,0.6902,10.869,93.031,706.81,0.17343,0.090139,0.01216,0.15683,0.088378,0.010816,0.15539,0.07706,0.009408,237,244,247,194,196,197,186,184,183,221,220,218,180,164,157,180,189,193,0.51001,0.51426,0.52317
1,1.5924e+05,0.84,11,100,900,0.77401,10.861,94.044,795.71,0.16541,0.097559,0.012544,0.14902,0.094247,0.010752,0.13996,0.09123,0.009536,248,247,246,180,184,188,188,189,190,232,223,220,226,200,181,162,163,170,0.53184,0.52345,0.52607
1,1.5934e+05,0.93,11,100,900,0.88542,10.863,94.428,1120.8,0.18328,0.1041,0.014656,0.16927,0.093549,0.012352,0.16049,0.090281,0.011392,249,247,247,182,182,183,196,194,193,247,244,239,228,204,182,167,172,177,0.50566,0.50536,0.51587
1,1.5944e+05,1.02,11,100,900,0.95757,10.869,93.898,958.99,0.15069,0.10317,0.012032,0.14162,0.095502,0.010624,0.1316,0.093155,0.009728,242,245,247,173,177,182,190,192,191,255,252,246,198,186,170,171,180,186,0.50478,0.51076,0.51933
1,1.5954e+05,1.11,11,100,900,1.0424,10.863,94.375,889.8,0.18501,0.11031,0.015552,0.16825,0.10159,0.013376,0.15706,0.095369,0.011648,244,243,245,167,171,176,180,183,184,252,252,250,147,136,132,190,197,202,0.59609,0.56097,0.53422
1,1.5964e+05,1.2,11,100,900,1.1337,10.868,93.462,751.78,0.22913,0.094875,0.016256,0.20399,0.083251,0.012672,0.18767,0.077718,0.010816,243,244,245,174,174,177,173,174,174,244,240,236,110,105,107,197,208,210,0.51277,0.51871,0.51697
1,1.5974e+05,1.29,11,100,900,1.2377,10.859,93.905,869.59,0.13963,0.09166,0.010048,0.13022,0.089244,0.009216,0.12027,0.086224,0.00832,243,246,246,183,183,183,168,167,170,227,224,225,113,106,104,183,199,207,0.52977,0.53287,0.52919
1,1.5984e+05,1.38,11,100,900,1.3257,10.859,95.021,828.02,0.13779,0.10194,0.0112,0.12812,0.094647,0.009664,0.12602,0.092173,0.009152,243,245,245,183,186,186,172,169,171,246,232,225,134,125,118,181,191,200,0.52223,0.53108,0.53058
1,1.5994e+05,1.47,11,100,900,1.4074,10.851,93.346,913.59,0.22855,0.11003,0.016448,0.18395,0.099575,0.013376,0.17107,0.091921,0.011456,239,244,245,178,183,186,170,171,172,252,239,230,156,138,123,180,191,199,0.52402,0.52775,0.52746
1,1.6004e+05,1.56,11,100,900,1.4806,10.893,94.471,1126.9,0.18042,0.10185,0.014208,0.17163,0.093729,0.012416,0.15383,0.087656,0.010496,243,243,244,169,178,186,170,171,173,253,248,239,145,132,124,183,192,203,0.51114,0.51947,0.52212
1,1.6014e+05,1.65,11,100,900,1.5687,10.888,93.448,698.75,0.18381,0.092052,0.012416,0.14335,0.089437,0.01024,0.12984,0.086892,0.009024,242,242,243,179,185,186,172,170,169,255,252,242,141,126,118,203,210,213,0.50594,0.51421,0.52145
1,1.6024e+05,1.74,11,100,900,1.6737,10.86,95.487,1027.4,0.15462,0.093584,0.01152,0.14415,0.08845,0.010048,0.13274,0.084931,0.00896,236,241,241,165,178,181,166,166,168,255,251,244,132,127,122,207,211,211,0.53316,0.53149,0.52666
1,1.6034e+05,1.83,11,100,900,1.7713,10.867,94.302,932.24,0.19541,0.10265,0.015616,0.18438,0.096773,0.01376,0.17241,0.093297,0.01248,232,237,240,163,167,173,167,168,169,255,252,239,168,144,131,170,186,201,0.50235,0.51714,0.52385
1,1.6044e+05,1.92,11,100,900,1.869,10.84,95.014,1074.2,0.20703,0.10269,0.01632,0.18983,0.097363,0.01408,0.18105,0.090262,0.012672,229,238,240,163,167,173,166,171,173,255,245,235,179,151,137,165,186,198,0.53126,0.53201,0.52916
1,1.6054e+05,2.01,11,100,900,1.9443,10.864,94.114,972.84,0.17575,0.093924,0.012736,0.16458,0.088235,0.011136,0.15098,0.085774,0.009856,232,243,243,173,176,177,181,181,179,246,234,227,177,159,147,175,196,201,0.52504,0.52158,0.52375
1,1.6064e+05,2.1,11,100,900,2.043,10.851,93.879,1156.4,0.19015,0.088751,0.013056,0.16954,0.084492,0.010944,0.15996,0.077669,0.009344,246,245,245,176,177,182,188,178,176,254,242,231,185,155,141,186,190,195,0.50537,0.52115,0.52663
1,1.6074e+05,2.19,11,100,900,2.1268,10.855,95.448,1024.7,0.15127,0.1066,0.012608,0.13835,0.096619,0.010752,0.13165,0.092744,0.009664,249,242,242,191,189,195,172,164,168,255,249,237,159,139,137,171,172,185,0.50318,0.51484,0.52428
1,1.6084e+05,2.28,11,100,900,2.1957,10.878,94.713,1048.9,0.18792,0.10248,0.015104,0.17915,0.094044,0.013056,0.16781,0.090466,0.011648,225,234,238,218,219,209,164,166,167,255,244,231,180,161,148,167,175,185,0.50694,0.51203,0.51692
1,1.6094e+05,2.37,11,100,900,2.2902,10.874,96.58,721.35,0.14866,0.094041,0.011008,0.14259,0.08777,0.009664,0.13646,0.080576,0.00864,237,233,235,229,213,207,178,170,167,253,235,225,203,173,151,173,180,191,0.51577,0.52539,0.52535
1,1.6104e+05,2.46,11,100,900,2.3782,10.855,95.322,893.13,0.18288,0.096808,0.013504,0.16259,0.094643,0.011968,0.14472,0.088692,0.010112,234,236,237,172,184,196,164,168,168,238,227,220,173,154,142,186,196,195,0.51392,0.52003,0.52535
1,1.6114e+05,2.55,11,100,900,2.4727,10.863,94.183,1142.5,0.18669,0.096925,0.013824,0.17427,0.089495,0.012224,0.16528,0.083056,0.010688,238,240,240,177,189,194,164,164,165,252,231,213,131,124,126,158,173,179,0.51337,0.5217,0.52568
1,1.6124e+05,2.64,11,100,900,2.5533,10.846,95.471,925.32,0.18323,0.10203,0.014464,0.17498,0.090028,0.012352,0.16215,0.088175,0.011072,241,242,243,215,205,199,166,166,167,210,201,200,156,146,144,135,137,147,0.51336,0.52161,0.52473
1,1.6134e+05,2.73,11,100,900,2.6339,10.86,94.431,701.2,0.16891,0.089425,0.011712,0.15569,0.085798,0.010304,0.14113,0.080877,0.008896,246,246,246,195,197,200,183,175,170,206,202,203,227,198,177,121,120,127,0.51312,0.52151,0.5243
1,1.6144e+05,2.82,11,100,900,2.7464,10.845,96.153,892.23,0.19683,0.11008,0.016448,0.17682,0.10313,0.014016,0.16909,0.095027,0.012352,249,248,247,198,197,197,178,174,172,232,222,213,239,212,188,121,121,125,0.54432,0.54145,0.53585
1,1.6154e+05,2.91,11,100,900,2.8292,10.855,94.369,972.18,0.18047,0.10102,0.013568,0.1641,0.097196,0.01184,0.14882,0.092586,0.010432,245,246,247,196,196,199,169,169,170,255,247,235,221,215,207,144,135,134,0.52408,0.52398,0.51772
1,1.6164e+05,3,11,100,900,2.9109,10.861,78.935,910.82,0.14464,0.088385,0.009984,0.13463,0.083781,0.00896,0.1245,0.080228,0.007808,243,245,246,202,202,202,169,168,169,252,250,243,254,238,219,162,152,147,0.32326,0.34845,0.37382
1,1.6918e+05,2.907,13.96,195,800,2.8079,13.751,0.17444,520.77,0,0,0,0,0,0,0,0,0,245,244,244,188,189,194,168,169,169,184,182,185,115,121,128,251,244,234,0.53487,0.5309,0.50447
1,1.6928e+05,2.907,13.88,195,800,2.8143,13.66,186.66,599.18,0.18712,0.11572,0.015808,0.17462,0.11239,0.014464,0.16419,0.10747,0.012736,245,245,245,183,184,191,169,168,167,167,172,180,99,103,111,255,252,243,0.54482,0.54355,0.53358
1,1.6938e+05,2.907,13.8,195,800,2.8175,13.588,186.33,822.78,0.19609,0.12324,0.01888,0.18901,0.11429,0.016832,0.17695,0.11241,0.015616,253,248,245,180,183,190,163,163,164,190,195,199,77,80,87,254,242,230,0.5534,0.54127,0.53142
1,1.6948e+05,2.907,13.72,195,800,2.809,13.516,187,863.43,0.26769,0.11634,0.023936,0.25192,0.11097,0.021056,0.24447,0.1026,0.0192,243,246,247,193,195,196,161,160,161,254,241,227,82,81,82,189,192,193,0.54729,0.54474,0.53819
1,1.6958e+05,2.907,13.64,195,800,2.8069,13.441,187.18,781.44,0.31342,0.11965,0.027904,0.30203,0.10909,0.024384,0.281,0.10545,0.022016,245,246,246,213,202,195,160,159,160,247,243,233,85,84,85,173,171,172,0.54927,0.54802,0.54512
1,1.6968e+05,2.907,13.56,195,800,2.8154,13.376,186.56,795.17,0.32351,0.11418,0.027264,0.27568,0.11022,0.02272,0.25935,0.10319,0.020096,245,244,245,188,191,192,154,159,164,220,222,224,94,92,92,139,143,147,0.54811,0.55063,0.54652
1,1.6978e+05,2.907,13.48,195,800,2.8186,13.292,185.38,749.78,0.29215,0.10964,0.023296,0.25667,0.10695,0.019712,0.21934,0.104,0.016832,242,243,245,179,186,192,159,165,168,213,214,216,95,95,96,131,135,140,0.55224,0.5501,0.54475
1,1.6988e+05,2.907,13.4,195,800,2.8175,13.212,187.26,741.59,0.31025,0.11963,0.026944,0.28785,0.11438,0.023424,0.26611,0.10864,0.020352,249,247,245,200,199,197,182,179,175,205,202,201,97,99,100,132,131,133,0.55093,0.55041,0.54868
1,1.6998e+05,2.907,13.32,195,800,2.8239,13.139,186.13,670.34,0.29268,0.12453,0.027712,0.27296,0.118,0.02432,0.24771,0.11478,0.021696,248,246,244,188,192,194,171,173,174,184,185,185,93,96,97,135,130,129,0.55547,0.54991,0.55006
1,1.7008e+05,2.907,13.24,195,800,2.8249,13.07,187.21,905.47,0.25965,0.12534,0.02432,0.24546,0.11558,0.021248,0.23309,0.11245,0.019264,240,242,243,169,181,190,166,171,175,173,175,175,97,94,93,132,129,128,0.54731,0.54937,0.55087
1,1.7018e+05,2.907,13.16,195,800,2.8175,12.979,187.58,587.76,0.2917,0.13073,0.027136,0.26334,0.12399,0.023168,0.23136,0.12231,0.020352,244,243,243,188,183,182,184,181,178,158,156,158,79,84,84,132,126,125,0.55854,0.55249,0.55083
1,1.7028e+05,2.907,13.08,195,800,2.8345,12.897,185.91,719.53,0.26038,0.11857,0.022912,0.229,0.11503,0.01952,0.20126,0.11276,0.017344,246,245,244,193,187,183,178,181,179,151,150,151,72,78,80,122,124,126,0.55032,0.55218,0.55124
1,1.7038e+05,2.907,13,195,800,2.8122,12.819,187.69,778.84,0.23951,0.13082,0.023424,0.21563,0.12165,0.020096,0.20423,0.11473,0.018112,241,244,246,181,184,185,169,172,175,142,142,143,67,70,71,131,129,125,0.55464,0.55629,0.55391
1,1.7048e+05,2.907,12.92,195,800,2.809,12.746,187.48,792.8,0.27659,0.12506,0.025984,0.24088,0.11635,0.02144,0.21873,0.1149,0.019072,248,246,246,188,188,186,181,179,174,133,134,133,64,65,66,124,121,119,0.55499,0.55251,0.552
1,1.7058e+05,2.907,12.84,195,800,2.8217,12.659,187.11,816.46,0.27104,0.11476,0.021504,0.21098,0.10906,0.017088,0.17948,0.10724,0.014592,247,246,246,188,188,185,195,183,173,124,128,129,61,63,66,103,109,114,0.54449,0.55268,0.55395
1,1.7068e+05,2.907,12.76,195,800,2.8345,12.567,186.18,774.72,0.2732,0.11565,0.024,0.26049,0.11051,0.021632,0.24543,0.10456,0.019072,243,245,246,169,175,184,168,174,175,123,126,130,66,72,76,94,100,107,0.55046,0.55366,0.55363
1,1.7078e+05,2.907,12.68,195,800,2.8239,12.511,185.01,899.89,0.27144,0.1166,0.023744,0.24,0.11275,0.020288,0.21583,0.10941,0.01792,245,246,247,168,177,186,171,174,175,135,134,134,84,86,83,102,104,108,0.5502,0.55193,0.55211
1,1.7088e+05,2.907,12.6,195,800,2.8164,12.435,185.65,798.88,0.25731,0.11922,0.022528,0.22823,0.11381,0.019328,0.20509,0.10891,0.016896,249,250,249,207,205,196,179,180,177,152,149,143,90,94,90,112,110,110,0.55298,0.55567,0.556
1,1.7098e+05,2.907,12.52,195,800,2.8037,12.349,186.12,747.8,0.28561,0.1189,0.024448,0.24164,0.11572,0.02112,0.22171,0.11249,0.018816,253,251,250,193,200,201,169,176,179,144,145,145,75,80,87,109,110,111,0.55159,0.55313,0.55449
1,1.7108e+05,2.907,12.44,195,800,2.8228,12.276,186.16,862.44,0.29435,0.12005,0.025408,0.25905,0.11518,0.021504,0.22082,0.11273,0.0176,251,250,250,179,195,204,175,177,177,138,142,145,73,78,83,110,110,111,0.55832,0.5591,0.55711
1,1.7118e+05,2.907,12.36,195,800,2.8154,12.2,185.62,1036.4,0.29912,0.11856,0.0256,0.26326,0.11281,0.022208,0.23755,0.1083,0.019264,249,250,248,215,209,204,176,175,175,138,140,142,74,76,79,106,109,111,0.5639,0.5587,0.55709
1,1.7128e+05,2.907,12.28,195,800,2.8132,12.133,185.57,756.13,0.23138,0.11971,0.020352,0.20919,0.11287,0.017728,0.19044,0.11021,0.015488,251,248,247,203,206,204,171,174,174,136,139,142,76,76,79,107,109,111,0.55757,0.55721,0.55734
1,1.7138e+05,2.907,12.2,195,800,2.8175,12.051,185.98,729.04,0.28427,0.12529,0.027008,0.25897,0.12107,0.02336,0.23335,0.11722,0.020864,238,241,243,178,187,195,178,176,174,140,141,143,95,86,80,113,109,107,0.55526,0.55537,0.55782
1,1.7148e+05,2.907,12.12,195,800,2.8122,11.972,186.35,686.16,0.26493,0.12065,0.023808,0.24076,0.11486,0.02048,0.21336,0.1131,0.01824,242,241,242,192,191,193,176,175,173,152,152,152,79,81,81,101,103,105,0.56474,0.55828,0.55864
1,1.7158e+05,2.907,12.04,195,800,2.8196,11.88,185.8,1037.1,0.26231,0.12868,0.025152,0.23416,0.12403,0.021888,0.20865,0.11703,0.018752,246,243,243,194,195,198,176,173,172,160,158,156,73,78,82,100,102,105,0.55424,0.56214,0.55996
1,1.7168e+05,2.907,11.96,195,800,2.7952,11.812,186.27,798.71,0.25972,0.125,0.024576,0.23054,0.11885,0.021056,0.20765,0.11577,0.018688,246,246,245,213,212,211,168,169,169,156,160,163,94,90,88,106,106,105,0.56267,0.56055,0.55873
1,1.7178e+05,2.907,11.88,195,800,2.8079,11.746,186.84,791.17,0.2489,0.11857,0.02208,0.21341,0.11546,0.018752,0.19542,0.11198,0.01664,247,246,246,224,219,214,168,166,166,156,161,166,105,98,93,105,104,105,0.55567,0.55999,0.56008
1,1.7188e+05,2.907,11.8,195,800,2.8207,11.642,187.19,1058.9,0.29213,0.12104,0.02656,0.26419,0.11703,0.023488,0.23614,0.11372,0.020672,244,246,247,203,205,202,157,160,164,165,170,168,111,100,96,95,97,102,0.55078,0.55745,0.56074
1,1.7198e+05,2.907,11.72,195,800,2.8228,11.567,187.53,878.26,0.28174,0.13172,0.025216,0.23547,0.12806,0.021568,0.21115,0.12172,0.018752,247,247,247,160,169,176,174,171,171,150,157,159,96,95,95,99,101,107,0.56,0.56028,0.56081
1,1.7208e+05,2.907,11.64,195,800,2.8111,11.493,186.69,943.67,0.31094,0.16096,0.032128,0.28016,0.15119,0.028224,0.25771,0.14677,0.024832,247,246,246,156,160,167,185,180,176,141,146,151,107,96,91,106,109,117,0.56042,0.56343,0.56321
1,1.7218e+05,2.907,11.56,195,800,2.8111,11.411,187.6,792.8,0.33029,0.12459,0.03072,0.3005,0.11941,0.026688,0.2767,0.11276,0.023104,246,246,246,176,171,172,182,186,185,137,139,142,82,87,90,145,149,150,0.56844,0.566,0.56417
1,1.7228e+05,2.907,11.48,195,800,2.8164,11.325,187.31,908.29,0.25687,0.13243,0.02528,0.23514,0.12026,0.021248,0.21118,0.11808,0.018944,250,248,247,195,188,186,187,186,186,144,141,143,84,88,91,174,173,166,0.55704,0.56201,0.56441
1,1.7238e+05,2.907,11.4,195,800,2.827,11.245,187.15,1115.2,0.27595,0.12632,0.026368,0.25501,0.11682,0.022336,0.23141,0.11245,0.019584,253,253,250,233,220,209,184,180,181,157,149,145,113,100,92,179,187,181,0.5692,0.56558,0.5662
1,1.7248e+05,2.907,11.32,195,800,2.809,11.178,186.81,839.51,0.23061,0.13214,0.022976,0.20715,0.12542,0.019968,0.19266,0.11971,0.017728,255,253,253,215,215,215,166,168,172,137,144,147,77,83,90,155,163,163,0.56687,0.56927,0.5691
1,1.7258e+05,2.907,11.24,195,800,2.8186,11.079,187.13,930.29,0.2754,0.12403,0.025152,0.24972,0.11575,0.02176,0.22775,0.11297,0.019392,254,253,253,216,209,211,164,164,169,142,145,151,76,79,90,139,145,149,0.57102,0.57113,0.57147
1,1.7268e+05,2.907,11.16,195,800,2.8069,11.022,187.82,802.47,0.26402,0.1232,0.02432,0.24411,0.11812,0.021184,0.21586,0.11417,0.018432,255,254,252,201,200,203,173,170,168,172,172,179,99,105,119,115,121,129,0.58277,0.58288,0.58257
1,1.7278e+05,2.907,11.08,195,800,2.8376,10.926,187.25,994.89,0.28713,0.13228,0.02912,0.27585,0.12395,0.026112,0.26118,0.12137,0.02432,254,252,251,198,197,200,182,173,169,202,200,200,124,138,150,115,119,128,0.59824,0.59857,0.59639
1,1.7288e+05,2.907,11,195,800,2.8143,10.879,152.24,944.76,0.32024,0.11135,0.024832,0.27503,0.10531,0.02016,0.2295,0.10467,0.01632,245,246,247,196,196,199,169,169,170,255,247,235,221,215,207,144,135,134,0.52408,0.52398,0.51772
1,1.759e+05,2.814,11,195,800,2.7294,10.908,0.39624,987.85,0,0,0,0,0,0,0,0,0,249,248,247,198,197,197,178,174,172,232,222,213,239,212,188,121,121,125,0.54432,0.54145,0.53585
1,1.76e+05,2.814,11.08,195,800,2.7358,10.98,184.99,735.15,0.35763,0.1084,0.023168,0.2965,0.10552,0.019136,0.26702,0.10379,0.017152,251,251,250,195,198,202,165,168,170,173,178,182,119,127,136,118,121,128,0.58148,0.58401,0.58363
1,1.761e+05,2.814,11.16,195,800,2.7156,11.065,186.81,718.88,0.28146,0.11686,0.023552,0.26834,0.11109,0.020672,0.25339,0.10359,0.018304,252,252,251,203,205,206,170,169,170,153,159,165,91,98,109,125,127,131,0.5715,0.56901,0.56876
1,1.762e+05,2.814,11.24,195,800,2.7273,11.136,186.29,549.9,0.27046,0.1225,0.024512,0.23176,0.11736,0.020736,0.21454,0.11105,0.018112,252,251,252,216,216,215,175,174,172,149,147,147,87,88,93,137,138,142,0.55228,0.55801,0.55911
1,1.763e+05,2.814,11.32,195,800,2.7167,11.213,185.25,639.33,0.36874,0.11986,0.030976,0.31237,0.11388,0.024832,0.27148,0.11012,0.021056,250,251,251,219,220,218,181,176,172,151,149,147,94,96,97,138,139,144,0.55926,0.55504,0.55399
1,1.764e+05,2.814,11.4,195,800,2.7167,11.292,187.26,976.15,0.29988,0.11872,0.026496,0.27734,0.11295,0.022528,0.24762,0.10698,0.018048,249,249,249,223,214,207,168,173,176,157,154,149,114,107,99,127,134,143,0.54771,0.54877,0.54889
1,1.765e+05,2.814,11.48,195,800,2.7231,11.359,186.44,1013.6,0.29365,0.12288,0.026496,0.25959,0.11896,0.02272,0.23548,0.11122,0.019648,246,245,246,161,173,185,177,176,176,138,143,148,80,85,93,125,125,130,0.55021,0.54671,0.54621
1,1.766e+05,2.814,11.56,195,800,2.7422,11.427,186.56,758.07,0.33985,0.11748,0.02912,0.31481,0.10976,0.023936,0.2835,0.10764,0.0192,246,246,245,155,161,173,176,176,176,138,141,147,80,83,90,114,117,121,0.53853,0.54109,0.54379
1,1.767e+05,2.814,11.64,195,800,2.7358,11.518,184.75,855.68,0.32151,0.12181,0.029248,0.29676,0.11396,0.024768,0.26181,0.1098,0.019968,248,246,246,167,168,173,170,170,171,151,153,155,99,98,96,96,97,101,0.54351,0.54202,0.54329
1,1.768e+05,2.814,11.72,195,800,2.7326,11.586,185.57,912.3,0.22674,0.10974,0.017984,0.19914,0.10597,0.01536,0.17918,0.1025,0.013376,246,246,246,187,181,181,164,166,168,167,167,163,104,105,103,86,89,94,0.54047,0.54169,0.54236
1,1.769e+05,2.814,11.8,195,800,2.7337,11.675,187.07,886.54,0.21253,0.12855,0.020736,0.19166,0.1246,0.018368,0.18549,0.11765,0.016896,245,244,246,212,205,200,155,161,165,192,181,170,107,106,104,85,85,88,0.53556,0.53683,0.53889
1,1.77e+05,2.814,11.88,195,800,2.7241,11.748,186.25,1017.3,0.36932,0.11907,0.031808,0.30913,0.11385,0.025216,0.24252,0.10913,0.020096,244,245,245,213,210,206,166,166,167,167,167,168,88,92,95,89,89,89,0.5315,0.5365,0.53978
1,1.771e+05,2.814,11.96,195,800,2.7252,11.828,186.81,967.93,0.28243,0.13186,0.028032,0.26051,0.12496,0.024384,0.23986,0.11886,0.02176,244,245,245,208,206,204,164,166,169,168,165,165,87,87,87,90,89,88,0.53445,0.53961,0.54007
1,1.772e+05,2.814,12.04,195,800,2.7294,11.913,186.38,847.2,0.30995,0.12331,0.028224,0.28261,0.11139,0.023168,0.25342,0.1069,0.019648,241,243,244,198,200,201,165,169,173,160,159,158,82,80,79,78,81,85,0.53885,0.53738,0.53783
1,1.773e+05,2.814,12.12,195,800,2.7347,11.976,185.45,647.24,0.3302,0.12416,0.029312,0.29683,0.11276,0.024192,0.2721,0.10718,0.02112,242,243,243,202,202,200,175,175,175,150,152,153,78,78,78,74,78,85,0.53743,0.53672,0.53644
1,1.774e+05,2.814,12.2,195,800,2.7241,12.076,186.4,1474.1,0.30586,0.12761,0.028544,0.27084,0.11827,0.02368,0.23784,0.11563,0.02048,243,244,244,210,204,200,184,183,179,140,141,144,76,77,76,86,87,89,0.52737,0.53171,0.53554
1,1.775e+05,2.814,12.28,195,800,2.7146,12.168,185.27,1113.2,0.2654,0.13049,0.026112,0.24027,0.12093,0.022208,0.2186,0.11843,0.019776,248,248,248,202,207,202,177,179,179,149,149,145,73,78,82,93,93,93,0.52702,0.53469,0.53564
1,1.776e+05,2.814,12.36,195,800,2.7422,12.218,187.25,1031,0.3293,0.12441,0.030784,0.28308,0.11958,0.026304,0.25815,0.11072,0.022272,252,252,250,219,207,199,176,178,178,168,155,146,86,88,88,89,91,94,0.53874,0.53472,0.53405
1,1.777e+05,2.814,12.44,195,800,2.7241,12.311,187.39,1114.3,0.26367,0.11694,0.021824,0.22199,0.11219,0.017856,0.18737,0.10874,0.015744,251,252,251,194,199,201,178,179,178,152,153,150,110,107,102,89,90,93,0.5357,0.53372,0.53288
1,1.778e+05,2.814,12.52,195,800,2.74,12.373,188.63,603.03,0.28764,0.13271,0.027264,0.24919,0.12573,0.023168,0.21171,0.12414,0.019904,250,251,251,203,204,200,177,179,179,152,151,150,109,109,106,89,90,93,0.53601,0.53308,0.5321
1,1.779e+05,2.814,12.6,195,800,2.7252,12.469,187.37,1106.8,0.23932,0.12608,0.022208,0.20677,0.12174,0.019072,0.18397,0.11604,0.016768,254,251,250,215,209,198,182,181,178,154,151,147,111,113,106,88,90,94,0.52434,0.53055,0.53201
1,1.78e+05,2.814,12.68,195,800,2.7284,12.53,187.97,706.08,0.27323,0.12928,0.026368,0.24781,0.11897,0.022272,0.2317,0.11185,0.019008,246,248,248,175,183,190,170,172,174,131,134,137,101,96,89,87,89,92,0.53194,0.5329,0.53219
1,1.781e+05,2.814,12.76,195,800,2.722,12.63,188.15,961.62,0.29065,0.11709,0.025024,0.23451,0.1151,0.020096,0.19401,0.11122,0.016768,242,245,247,171,180,186,160,168,173,121,127,133,74,78,80,85,88,92,0.5311,0.5308,0.53174
1,1.782e+05,2.814,12.84,195,800,2.722,12.706,187.19,1114,0.31176,0.12939,0.030656,0.29016,0.12349,0.026752,0.27096,0.11588,0.023424,246,246,246,190,185,184,177,174,170,132,131,131,66,65,66,90,93,97,0.52826,0.53031,0.53033
1,1.783e+05,2.814,12.92,195,800,2.7315,12.774,185.75,679.79,0.25653,0.11639,0.022592,0.21544,0.11431,0.019136,0.20148,0.10591,0.016448,249,248,246,176,181,184,174,172,171,137,136,135,68,66,65,101,100,100,0.53596,0.53266,0.53076
1,1.784e+05,2.814,13,195,800,2.7347,12.857,186.47,787.59,0.25707,0.11848,0.023168,0.22607,0.11429,0.019776,0.20446,0.10547,0.016768,245,246,247,178,179,181,159,168,173,148,146,145,67,67,68,99,102,104,0.52662,0.53089,0.53227
1,1.785e+05,2.814,13.08,195,800,2.7273,12.931,185.68,907.59,0.29737,0.13687,0.029056,0.25154,0.13307,0.02464,0.22383,0.12689,0.021504,247,246,244,176,180,183,193,183,176,151,154,157,76,77,78,99,101,106,0.53256,0.53002,0.53014
1,1.786e+05,2.814,13.16,195,800,2.7337,13.005,185.96,855.6,0.29268,0.12373,0.026176,0.24347,0.11903,0.02208,0.21935,0.11612,0.019648,244,243,241,179,181,183,186,181,176,156,161,165,91,87,85,104,105,108,0.52867,0.52949,0.53036
1,1.787e+05,2.814,13.24,195,800,2.7305,13.098,185.43,640.15,0.26848,0.13192,0.026496,0.24483,0.1238,0.022592,0.20236,0.12082,0.01888,231,234,238,179,183,187,170,172,176,187,186,185,100,103,103,105,109,114,0.52826,0.53162,0.53079
1,1.788e+05,2.814,13.32,195,800,2.7358,13.168,185.46,1026.2,0.27712,0.12584,0.025984,0.24712,0.11768,0.021632,0.22503,0.11442,0.019136,232,236,239,181,185,190,174,175,176,197,197,196,110,112,111,105,111,117,0.53157,0.53072,0.53042
1,1.789e+05,2.814,13.4,195,800,2.7231,13.246,187,922.93,0.29153,0.12385,0.026752,0.26241,0.12057,0.023296,0.23725,0.1151,0.020224,248,246,244,197,196,195,176,177,176,213,216,216,135,126,118,123,123,124,0.52563,0.52825,0.52846
1,1.79e+05,2.814,13.48,195,800,2.7103,13.337,185.43,815.42,0.25047,0.12043,0.022208,0.22654,0.11546,0.019328,0.19347,0.11081,0.016512,246,247,247,196,197,199,165,164,166,239,236,232,115,115,112,136,134,133,0.52708,0.53062,0.53152
1,1.791e+05,2.814,13.56,195,800,2.722,13.398,187.1,1073.1,0.26723,0.12399,0.024768,0.24008,0.11882,0.021632,0.22405,0.11235,0.019136,245,247,248,191,197,202,158,159,162,242,243,240,103,104,104,138,138,139,0.53466,0.52983,0.53236
1,1.792e+05,2.814,13.64,195,800,2.7411,13.46,188.44,914.76,0.28328,0.12181,0.025536,0.25556,0.11393,0.021632,0.23438,0.10903,0.018624,253,249,247,208,206,203,160,159,159,255,253,247,81,85,90,144,151,159,0.53096,0.53632,0.53614
1,1.793e+05,2.814,13.72,195,800,2.7305,13.551,187.27,621.56,0.29459,0.12209,0.02592,0.25767,0.11536,0.022144,0.24457,0.1103,0.019968,250,246,246,209,207,203,165,160,159,254,249,241,83,83,85,161,168,179,0.53493,0.53363,0.53471
1,1.794e+05,2.814,13.8,195,800,2.7294,13.638,187.02,504.24,0.30522,0.12129,0.02752,0.28431,0.11441,0.023936,0.26541,0.10801,0.021184,247,245,245,213,197,196,153,159,162,214,214,212,78,82,89,226,227,222,0.53538,0.53363,0.53462
1,1.795e+05,2.814,13.88,195,800,2.7231,13.719,186.37,644.5,0.26922,0.12068,0.023744,0.24485,0.11338,0.020928,0.2305,0.10863,0.018304,243,245,246,199,197,197,170,167,166,175,182,191,116,113,113,255,254,246,0.53066,0.53685,0.53837
1,1.796e+05,2.814,13.96,195,800,2.7082,13.8,152.71,769.28,0.2295,0.14744,0.023296,0.20282,0.14373,0.01984,0.1916,0.13263,0.017536,247,246,246,223,205,201,175,170,170,185,188,193,151,136,128,251,247,240,0.53732,0.53762,0.53245
1,1.8262e+05,2.721,13.96,195,800,2.6456,13.724,0.49886,892.9,0,0,0,0,0,0,0,0,0,247,247,246,198,202,204,163,168,171,182,188,197,134,131,128,249,243,238,0.52265,0.52776,0.52407
1,1.8272e+05,2.721,13.88,195,800,2.6318,13.667,187.04,744.89,0.40633,0.11427,0.025856,0.36302,0.11195,0.020352,0.21381,0.1074,0.016128,244,244,244,199,201,201,167,166,167,173,183,195,110,115,115,255,253,243,0.53038,0.52982,0.53129
1,1.8282e+05,2.721,13.8,195,800,2.6424,13.579,186.77,1037,0.24143,0.12704,0.023616,0.22692,0.12034,0.020864,0.21032,0.11463,0.018624,239,240,242,198,198,199,161,164,165,221,218,216,98,96,96,232,223,214,0.52984,0.52685,0.52698
1,1.8292e+05,2.721,13.72,195,800,2.6297,13.533,185.98,714.32,0.30003,0.12583,0.02912,0.28392,0.12123,0.026624,0.27629,0.1142,0.024128,245,246,246,209,207,205,162,162,162,255,251,244,90,90,92,153,159,167,0.53155,0.52665,0.52546
1,1.8302e+05,2.721,13.64,195,800,2.635,13.457,188.3,543.12,0.36017,0.13506,0.036288,0.31155,0.13088,0.03104,0.28604,0.1231,0.026944,251,249,247,220,213,207,157,159,161,255,255,250,89,93,96,141,142,148,0.52398,0.52595,0.52326
1,1.8312e+05,2.721,13.56,195,800,2.6414,13.387,187.48,755.97,0.40746,0.12668,0.03744,0.33757,0.11708,0.029824,0.2954,0.10891,0.023936,249,249,248,211,210,208,158,160,163,255,252,247,126,119,113,134,134,134,0.52377,0.52124,0.52132
1,1.8322e+05,2.721,13.48,195,800,2.617,13.307,187.48,992.31,0.36632,0.1232,0.031808,0.30417,0.11662,0.024832,0.26312,0.11092,0.020352,250,248,247,217,209,204,168,167,167,250,244,240,141,132,123,131,131,131,0.53634,0.52541,0.52359
1,1.8332e+05,2.721,13.4,195,800,2.6329,13.231,185.4,937.97,0.29938,0.11848,0.025536,0.26176,0.11029,0.021184,0.22542,0.10572,0.017792,246,243,242,194,197,197,187,184,178,220,221,223,136,136,130,121,121,122,0.52061,0.52297,0.52114
1,1.8342e+05,2.721,13.32,195,800,2.6403,13.137,188.27,878.42,0.26968,0.13509,0.027712,0.24608,0.1235,0.023168,0.23109,0.12052,0.020928,229,233,237,196,196,193,188,181,175,215,209,203,126,123,118,104,109,113,0.51909,0.51613,0.51632
1,1.8352e+05,2.721,13.24,195,800,2.6414,13.059,186.28,826.01,0.32802,0.14183,0.033344,0.29758,0.12791,0.02816,0.27917,0.11847,0.024448,230,232,236,212,200,189,165,171,174,205,198,192,113,110,108,105,106,107,0.52311,0.51923,0.51724
1,1.8362e+05,2.721,13.16,195,800,2.6477,12.975,186.83,917.84,0.2938,0.14251,0.029376,0.26808,0.12955,0.02464,0.25159,0.12241,0.021888,240,242,242,180,184,184,171,172,172,161,165,170,82,86,88,97,99,99,0.51691,0.51744,0.51872
1,1.8372e+05,2.721,13.08,195,800,2.6371,12.912,186.67,1084.7,0.28653,0.12832,0.02592,0.2415,0.1221,0.021376,0.20858,0.11686,0.018176,251,248,245,176,176,181,182,177,173,158,158,160,75,78,80,91,93,96,0.52151,0.51984,0.51909
1,1.8382e+05,2.721,13,195,800,2.6276,12.838,185.68,1028.9,0.25043,0.12546,0.022848,0.22119,0.11748,0.018944,0.20034,0.10883,0.016128,251,249,248,186,180,179,174,172,172,147,146,147,67,67,68,90,91,92,0.5173,0.51774,0.51944
1,1.8392e+05,2.721,12.92,195,800,2.6382,12.745,187.29,733.98,0.21017,0.12412,0.018944,0.18509,0.11857,0.01664,0.17211,0.11215,0.014528,246,246,247,180,185,187,160,164,168,134,135,137,61,63,64,88,89,90,0.51148,0.51542,0.51597
1,1.8402e+05,2.721,12.84,195,800,2.6456,12.662,187.07,847.75,0.30185,0.12211,0.025408,0.25897,0.11426,0.020608,0.21708,0.10827,0.01728,248,247,247,199,193,189,161,164,168,134,132,133,66,65,65,85,87,90,0.5211,0.52112,0.51874
1,1.8412e+05,2.721,12.76,195,800,2.6488,12.578,187.53,1085.1,0.3115,0.1213,0.027712,0.25703,0.11836,0.022464,0.22885,0.11202,0.019392,248,248,249,207,198,193,166,168,172,133,134,136,66,73,80,95,93,91,0.52674,0.52442,0.52142
1,1.8422e+05,2.721,12.68,195,800,2.6361,12.509,185.24,1124.7,0.28341,0.12761,0.026368,0.24618,0.12043,0.021824,0.22423,0.11828,0.01952,253,250,249,199,194,193,172,172,174,144,142,140,83,86,90,98,95,93,0.52391,0.5169,0.5187
1,1.8432e+05,2.721,12.6,195,800,2.6435,12.428,186.9,741.63,0.285,0.13074,0.026176,0.25648,0.12205,0.021888,0.21874,0.11875,0.018688,248,249,250,187,190,193,181,181,180,153,149,146,119,115,111,88,91,94,0.51726,0.52031,0.51973
1,1.8442e+05,2.721,12.52,195,800,2.6424,12.366,187.17,575.87,0.26034,0.13523,0.025024,0.2247,0.126,0.0208,0.20576,0.12143,0.018368,247,248,250,185,187,192,183,180,179,136,141,148,138,126,114,83,85,89,0.51873,0.5182,0.5201
1,1.8452e+05,2.721,12.44,195,800,2.618,12.297,187.37,711.65,0.24245,0.12198,0.020864,0.19802,0.11792,0.016384,0.14482,0.11807,0.013248,253,250,250,179,186,194,176,176,177,140,143,148,134,120,108,82,84,87,0.52743,0.52064,0.52137
1,1.8462e+05,2.721,12.36,195,800,2.6339,12.196,187.06,909.98,0.21643,0.12784,0.020928,0.19779,0.12237,0.018368,0.18224,0.11473,0.016256,251,251,249,200,196,195,179,176,176,145,146,148,99,90,88,85,85,86,0.53139,0.52621,0.52286
1,1.8472e+05,2.721,12.28,195,800,2.6339,12.111,183.91,1209.6,0.27413,0.12883,0.025088,0.21134,0.12633,0.020032,0.18291,0.11941,0.017088,252,249,248,200,201,200,175,178,177,136,143,149,72,76,79,88,86,85,0.51346,0.5218,0.52177
1,1.8482e+05,2.721,12.2,195,800,2.6445,12.019,186.62,1123.2,0.21802,0.1245,0.020416,0.1917,0.11366,0.01696,0.17157,0.11174,0.01472,242,244,245,202,205,206,183,180,178,143,147,152,62,65,69,80,79,79,0.5236,0.52407,0.52306
1,1.8492e+05,2.721,12.12,195,800,2.6329,11.961,187.34,716.72,0.25829,0.13181,0.025728,0.24111,0.12451,0.022784,0.22525,0.11965,0.020544,244,243,243,208,206,205,174,175,176,167,165,163,66,68,71,68,70,74,0.53349,0.52683,0.52459
1,1.8502e+05,2.721,12.04,195,800,2.6329,11.895,187.78,805.96,0.30323,0.12306,0.026688,0.26091,0.11582,0.022144,0.2306,0.11098,0.018944,243,242,243,204,202,201,172,173,175,170,169,167,69,71,74,72,72,74,0.52005,0.52154,0.52457
1,1.8512e+05,2.721,11.96,195,800,2.6573,11.784,185.8,971.85,0.23759,0.13086,0.023232,0.21175,0.12033,0.019136,0.18925,0.1173,0.016768,246,246,245,191,191,194,178,177,175,165,169,171,76,79,83,81,80,80,0.52122,0.52732,0.52833
1,1.8522e+05,2.721,11.88,195,800,2.6382,11.722,187.24,775.68,0.26461,0.12883,0.025856,0.22982,0.12269,0.021248,0.19725,0.11832,0.018048,253,249,246,189,191,196,179,178,174,167,170,173,81,87,92,82,81,82,0.5306,0.52941,0.52935
1,1.8532e+05,2.721,11.8,195,800,2.6276,11.641,185.69,798,0.24106,0.13543,0.022976,0.20808,0.12921,0.019776,0.1895,0.12396,0.017216,252,250,248,208,201,196,169,172,172,176,174,172,123,115,105,81,84,87,0.53043,0.52743,0.52684
1,1.8542e+05,2.721,11.72,195,800,2.6403,11.567,186.62,910.54,0.26849,0.11628,0.022336,0.24907,0.10726,0.01888,0.21307,0.10664,0.015808,248,248,247,183,184,186,166,168,170,159,164,166,106,110,107,89,92,95,0.52423,0.52363,0.52688
1,1.8552e+05,2.721,11.64,195,800,2.6297,11.493,185.62,568.9,0.27436,0.12353,0.025408,0.24207,0.11878,0.021632,0.21883,0.11535,0.019072,244,246,246,164,172,179,166,169,172,158,158,160,91,96,101,98,98,100,0.53829,0.53234,0.53024
1,1.8562e+05,2.721,11.56,195,800,2.6382,11.404,187.85,845.33,0.23951,0.13299,0.023296,0.21682,0.1275,0.02048,0.20193,0.12068,0.018112,242,243,245,177,175,178,172,176,177,151,154,155,75,84,95,113,112,114,0.53055,0.53371,0.53149
1,1.8572e+05,2.721,11.48,195,800,2.6297,11.34,186.62,754.36,0.20745,0.12125,0.01888,0.17404,0.11284,0.015424,0.15245,0.11243,0.013376,237,243,245,184,186,188,178,178,177,158,156,154,81,90,99,121,121,122,0.53283,0.53209,0.53296
1,1.8582e+05,2.721,11.4,195,800,2.6424,11.245,185.81,1282.4,0.23432,0.1304,0.023232,0.20641,0.12408,0.019904,0.19097,0.1176,0.0176,247,247,247,216,211,203,172,176,178,151,154,152,128,116,105,143,141,140,0.53834,0.53793,0.53747
1,1.8592e+05,2.721,11.32,195,800,2.6509,11.163,186.46,1034.2,0.23725,0.12791,0.023104,0.20559,0.12275,0.01952,0.18857,0.11642,0.017216,249,249,250,198,210,215,171,173,175,136,141,145,94,102,103,159,156,154,0.54833,0.54631,0.54514
1,1.8602e+05,2.721,11.24,195,800,2.6308,11.096,185.6,867.09,0.25028,0.12509,0.022976,0.20554,0.12151,0.018944,0.1866,0.11523,0.016448,248,250,250,213,215,213,171,173,173,132,139,143,93,95,97,161,161,160,0.54899,0.5477,0.54979
1,1.8612e+05,2.721,11.16,195,800,2.6499,11.018,186.5,683,0.2132,0.13296,0.021376,0.1896,0.12814,0.01856,0.17183,0.12325,0.016192,251,252,250,214,213,209,164,167,168,142,147,154,96,96,103,164,158,156,0.56017,0.56044,0.56058
1,1.8622e+05,2.721,11.08,195,800,2.6339,10.939,186.55,703.46,0.25883,0.12832,0.025408,0.23949,0.12006,0.021888,0.22019,0.11788,0.019776,250,251,249,196,205,207,161,165,168,152,158,169,100,110,122,144,146,149,0.57843,0.57691,0.57618
1,1.8632e+05,2.721,11,195,800,2.6435,10.855,153.29,1041.4,0.28496,0.12112,0.02592,0.24789,0.11848,0.022272,0.22843,0.11408,0.01984,239,244,245,199,203,201,174,171,169,194,194,198,189,172,161,123,127,134,0.51568,0.52371,0.52464
1,1.8934e+05,2.628,11,195,800,2.5554,10.906,-0.27908,855.75,0,0,0,0,0,0,0,0,0,241,242,243,215,205,199,166,166,167,210,201,200,156,146,144,135,137,147,0.51249,0.52172,0.5247
1,1.8944e+05,2.628,11.08,195,800,2.5427,10.978,186.9,415.75,0.1608,0.12654,0.01568,0.14909,0.1201,0.013824,0.13533,0.11857,0.012608,254,250,247,206,207,206,163,163,167,150,157,168,93,100,113,167,168,168,0.57617,0.57395,0.57503
1,1.8954e+05,2.628,11.16,195,800,2.5384,11.053,187.25,1025.6,0.24186,0.12,0.022016,0.22796,0.11011,0.0192,0.20762,0.10627,0.016896,254,251,249,215,212,210,167,165,168,141,143,151,93,94,99,185,182,176,0.55658,0.55547,0.55759
1,1.8964e+05,2.628,11.24,195,800,2.5416,11.136,186.4,1051.3,0.27587,0.1232,0.025088,0.24014,0.11467,0.020544,0.22162,0.11019,0.017728,251,250,249,215,211,211,171,172,174,138,137,139,92,95,97,181,177,174,0.5424,0.54613,0.54703
1,1.8974e+05,2.628,11.32,195,800,2.5374,11.203,186.28,539.47,0.33135,0.11302,0.024192,0.22941,0.10923,0.017728,0.16861,0.10442,0.013504,249,249,249,198,206,212,171,175,176,146,141,141,89,100,103,172,167,165,0.54501,0.54327,0.54249
1,1.8984e+05,2.628,11.4,195,800,2.5416,11.275,184.66,706.58,0.32202,0.11896,0.028224,0.28507,0.10852,0.022016,0.23716,0.10331,0.017216,252,249,247,221,209,201,179,180,180,157,156,151,132,117,106,154,148,144,0.5345,0.53606,0.53677
1,1.8994e+05,2.628,11.48,195,800,2.5491,11.364,188.45,672.13,0.29594,0.12603,0.027648,0.24199,0.11988,0.0224,0.20631,0.11587,0.01856,244,245,245,195,192,191,189,183,179,167,161,156,98,101,103,122,122,123,0.52493,0.53045,0.53058
1,1.9004e+05,2.628,11.56,195,800,2.5406,11.445,185.61,832.99,0.31951,0.11635,0.026176,0.28736,0.10956,0.021248,0.23848,0.10295,0.016128,244,244,245,187,184,183,183,181,178,161,159,157,87,94,99,107,112,116,0.53651,0.52624,0.52659
1,1.9014e+05,2.628,11.64,195,800,2.5448,11.512,185.99,611.51,0.30854,0.11987,0.02624,0.27337,0.11391,0.022336,0.22433,0.10948,0.01792,244,246,247,173,178,184,176,174,173,163,161,160,98,99,104,101,102,103,0.52211,0.52312,0.52473
1,1.9024e+05,2.628,11.72,195,800,2.5533,11.58,185.98,624.66,0.27499,0.1218,0.02432,0.24514,0.11619,0.020608,0.21033,0.10891,0.016896,248,249,249,180,185,189,169,172,172,162,164,165,103,109,110,98,98,99,0.53114,0.52883,0.52603
1,1.9034e+05,2.628,11.8,195,800,2.5395,11.667,186.43,873.94,0.29156,0.12324,0.02624,0.26685,0.11438,0.022016,0.23029,0.11253,0.019072,250,251,249,204,198,195,177,177,175,173,172,170,113,113,108,86,89,91,0.51885,0.52358,0.52342
1,1.9044e+05,2.628,11.88,195,800,2.5522,11.76,186.18,962.19,0.21906,0.12571,0.021248,0.20485,0.1221,0.01888,0.18651,0.11341,0.016448,251,247,246,178,184,192,187,184,177,174,172,172,85,88,94,78,80,83,0.52313,0.52304,0.5245
1,1.9054e+05,2.628,11.96,195,800,2.548,11.831,185.52,1249.4,0.33852,0.12566,0.030464,0.30593,0.11471,0.024512,0.26792,0.11256,0.01984,242,244,245,174,182,191,183,181,178,172,172,172,81,81,84,75,77,79,0.53271,0.52546,0.52337
1,1.9064e+05,2.628,12.04,195,800,2.5406,11.912,186.75,886.57,0.25009,0.11845,0.021888,0.21952,0.11329,0.01792,0.19843,0.10445,0.015296,243,243,244,203,201,201,172,174,176,179,176,170,68,71,74,70,71,72,0.53064,0.52472,0.52245
1,1.9074e+05,2.628,12.12,195,800,2.5533,11.979,185.27,719.54,0.24628,0.12943,0.02144,0.20149,0.11749,0.01728,0.17119,0.1141,0.014784,244,244,245,214,211,207,173,175,176,178,173,166,66,67,70,67,69,72,0.51765,0.52046,0.52262
1,1.9084e+05,2.628,12.2,195,800,2.5682,12.056,185.23,858.36,0.28832,0.11881,0.024384,0.24345,0.11757,0.0208,0.22261,0.10841,0.017344,242,245,247,202,207,209,176,178,177,153,155,156,64,65,68,78,77,76,0.52218,0.51951,0.51977
1,1.9094e+05,2.628,12.28,195,800,2.531,12.165,185.2,937.96,0.22016,0.1274,0.02048,0.20449,0.11563,0.0176,0.1823,0.11414,0.015488,250,249,249,189,196,199,177,175,175,139,146,150,70,74,78,84,84,83,0.5227,0.5195,0.51769
1,1.9104e+05,2.628,12.36,195,800,2.5363,12.245,184.31,1038.4,0.2513,0.13604,0.02656,0.23089,0.12692,0.022784,0.21352,0.12125,0.02016,247,250,250,196,190,195,173,172,174,144,146,148,80,83,86,82,84,85,0.52154,0.52215,0.52004
1,1.9114e+05,2.628,12.44,195,800,2.5459,12.302,186.08,1125.5,0.41681,0.12271,0.033344,0.34424,0.11989,0.027136,0.28986,0.11409,0.02208,248,249,249,177,185,193,169,174,176,140,142,145,103,106,105,83,86,90,0.50595,0.5159,0.5181
1,1.9124e+05,2.628,12.52,195,800,2.5565,12.377,185.78,628.58,0.27897,0.12663,0.025088,0.24783,0.12104,0.020608,0.22354,0.11448,0.0176,247,248,249,185,189,191,178,179,178,137,141,145,118,116,112,88,91,93,0.51875,0.51803,0.51767
1,1.9134e+05,2.628,12.6,195,800,2.5586,12.454,186.35,712.91,0.2453,0.13421,0.025024,0.22644,0.13053,0.022528,0.20722,0.12149,0.019712,247,249,250,188,190,193,182,183,181,151,149,144,119,117,111,99,100,98,0.51981,0.51698,0.51705
1,1.9144e+05,2.628,12.68,195,800,2.5384,12.548,184.95,751.48,0.30586,0.11575,0.025728,0.24501,0.11309,0.020352,0.20496,0.11059,0.017024,252,252,250,193,195,193,175,178,177,146,142,140,77,86,92,105,100,96,0.51469,0.51634,0.51766
1,1.9154e+05,2.628,12.76,195,800,2.5406,12.628,187.37,1089.5,0.22612,0.13198,0.022784,0.20044,0.12382,0.0192,0.18841,0.11755,0.01696,250,251,250,202,199,194,176,175,174,134,135,137,68,73,80,97,94,93,0.51694,0.51575,0.51705
1,1.9164e+05,2.628,12.84,195,800,2.5363,12.706,185.03,924.93,0.31675,0.13298,0.0288,0.28104,0.12742,0.02496,0.25209,0.12321,0.021568,249,247,247,193,193,191,169,169,169,133,134,135,65,64,64,82,86,89,0.5197,0.51473,0.51566
1,1.9174e+05,2.628,12.92,195,800,2.5522,12.771,185.62,679.53,0.24579,0.12253,0.021888,0.21455,0.11766,0.018368,0.18738,0.1109,0.016,243,245,247,184,188,188,164,168,169,135,137,139,58,61,64,86,88,89,0.51308,0.51214,0.51413
1,1.9184e+05,2.628,13,195,800,2.5353,12.869,185.89,761.91,0.25137,0.12008,0.022784,0.23338,0.11359,0.019968,0.21227,0.10316,0.016704,246,247,247,183,182,181,180,175,172,143,147,149,67,67,69,92,91,91,0.50969,0.51234,0.51548
1,1.9194e+05,2.628,13.08,195,800,2.5565,12.944,185.78,627.28,0.25911,0.13096,0.025536,0.23552,0.12434,0.022272,0.22133,0.11791,0.019648,252,248,244,172,175,182,170,172,172,154,159,163,81,81,81,90,92,95,0.50882,0.5151,0.51453
1,1.9204e+05,2.628,13.16,195,800,2.5427,13.017,185.85,946.5,0.28125,0.11902,0.024768,0.24585,0.11433,0.020352,0.21379,0.11226,0.017536,241,242,242,172,182,186,160,166,170,162,168,174,86,87,89,96,98,98,0.52043,0.51297,0.51284
1,1.9214e+05,2.628,13.24,195,800,2.5491,13.108,185.76,941.61,0.25427,0.13154,0.024576,0.23452,0.11926,0.020928,0.21114,0.11698,0.018752,236,235,236,208,199,191,163,169,173,201,199,197,117,111,107,109,109,108,0.51491,0.51212,0.51337
1,1.9224e+05,2.628,13.32,195,800,2.5544,13.172,185.87,875.86,0.24841,0.12839,0.024064,0.21448,0.12543,0.020544,0.19752,0.11728,0.017984,234,236,237,194,196,193,186,179,175,211,210,208,128,122,117,110,113,115,0.5151,0.51575,0.5175
1,1.9234e+05,2.628,13.4,195,800,2.5469,13.25,186.87,612.26,0.25916,0.12544,0.023104,0.21926,0.12196,0.01952,0.1974,0.11385,0.01728,243,242,241,196,195,196,181,182,178,218,222,227,137,136,131,127,126,124,0.52055,0.51411,0.5159
1,1.9244e+05,2.628,13.48,195,800,2.5416,13.33,184.45,874.47,0.24305,0.12644,0.022528,0.1959,0.12587,0.018752,0.17622,0.11914,0.01632,246,246,246,209,207,206,169,167,168,247,244,242,139,132,125,129,131,132,0.51575,0.5161,0.51596
1,1.9254e+05,2.628,13.56,195,800,2.5459,13.403,186.8,855.09,0.28224,0.12688,0.026432,0.24768,0.11857,0.02208,0.22329,0.11628,0.019712,247,247,247,210,212,211,159,161,165,254,252,249,125,119,116,133,133,134,0.52288,0.51759,0.51765
1,1.9264e+05,2.628,13.64,195,800,2.5342,13.5,186.01,800.71,0.29914,0.12793,0.028992,0.27169,0.12188,0.02496,0.25224,0.11251,0.02144,253,249,246,235,217,207,162,162,163,255,254,251,93,96,99,139,140,147,0.50747,0.51418,0.51603
1,1.9274e+05,2.628,13.72,195,800,2.5745,13.532,186.7,559.36,0.26252,0.12177,0.023744,0.24049,0.11647,0.021056,0.21952,0.11136,0.018368,250,246,244,216,206,202,169,167,164,252,249,243,93,93,95,150,154,165,0.50602,0.51473,0.51802
1,1.9284e+05,2.628,13.8,195,800,2.5512,13.643,186.68,611.55,0.28831,0.12141,0.025536,0.25166,0.11418,0.02144,0.22277,0.10951,0.018368,237,238,240,188,189,195,168,168,167,215,215,217,109,101,98,225,220,212,0.52011,0.52086,0.52157
1,1.9294e+05,2.628,13.88,195,800,2.5469,13.722,186.09,696.47,0.27278,0.11857,0.023424,0.2312,0.11008,0.019264,0.20989,0.10731,0.017152,244,243,242,198,199,198,167,166,167,178,185,197,104,109,113,255,253,242,0.51643,0.51848,0.52141
1,1.9304e+05,2.628,13.96,195,800,2.5512,13.796,154.06,966.31,0.26042,0.1133,0.021632,0.21837,0.10619,0.017472,0.1851,0.10333,0.014528,250,247,245,203,202,203,165,167,171,187,190,199,113,119,124,248,243,237,0.52858,0.52987,0.52308
1,1.9606e+05,2.535,13.96,195,800,2.4451,13.755,0.27045,696.72,0,0,0,0,0,0,0,0,0,245,244,245,214,208,204,167,167,168,194,197,201,107,115,126,250,243,237,0.52445,0.52599,0.52424
1,1.9616e+05,2.535,13.88,195,800,2.4716,13.648,187.06,779.15,0.36362,0.12776,0.022272,0.17816,0.12213,0.016576,0.16074,0.1192,0.014592,232,237,241,203,203,199,161,164,167,196,195,199,111,112,116,255,253,240,0.52895,0.52486,0.52631
1,1.9626e+05,2.535,13.8,195,800,2.4578,13.595,187.37,1177.6,0.21801,0.12911,0.022016,0.20731,0.12047,0.019328,0.19255,0.11658,0.01728,233,234,238,167,179,192,172,171,169,212,216,218,92,101,105,218,213,208,0.525,0.52283,0.52351
1,1.9636e+05,2.535,13.72,195,800,2.4525,13.535,185.85,708.82,0.26041,0.13728,0.027776,0.24203,0.12726,0.024064,0.22179,0.12439,0.021248,244,243,242,198,198,202,174,172,170,249,246,243,102,98,99,143,148,161,0.52552,0.52409,0.52273
1,1.9646e+05,2.535,13.64,195,800,2.4546,13.461,186.24,824.53,0.36909,0.14881,0.041792,0.35915,0.13672,0.037184,0.34305,0.12758,0.033024,246,245,243,207,213,211,170,169,169,255,253,251,99,99,102,136,139,144,0.51508,0.51851,0.52035
1,1.9656e+05,2.535,13.56,195,800,2.4546,13.371,185.88,879.18,0.35242,0.12663,0.0304,0.25361,0.11816,0.021952,0.22674,0.11217,0.019008,244,243,244,226,219,215,170,170,171,254,252,251,111,116,118,137,136,135,0.51266,0.51764,0.52021
1,1.9666e+05,2.535,13.48,195,800,2.4578,13.301,187.36,820.65,0.34431,0.12309,0.0304,0.28116,0.11759,0.024896,0.26241,0.11205,0.021376,243,242,242,215,209,207,174,173,173,248,248,246,132,130,126,134,135,134,0.51173,0.51628,0.51777
1,1.9676e+05,2.535,13.4,195,800,2.4621,13.204,186.89,747.41,0.30774,0.13334,0.031104,0.27582,0.12429,0.02624,0.24243,0.12152,0.022784,241,241,240,180,185,192,172,175,177,240,237,235,136,133,129,135,131,127,0.51128,0.51418,0.51732
1,1.9686e+05,2.535,13.32,195,800,2.4525,13.127,187.47,1269,0.28115,0.12477,0.025984,0.25629,0.11895,0.022464,0.23944,0.11304,0.019072,238,238,237,192,190,190,174,173,173,226,222,217,103,109,114,120,119,117,0.50983,0.51132,0.51604
1,1.9696e+05,2.535,13.24,195,800,2.4536,13.048,186.48,989.54,0.24074,0.12253,0.02176,0.21275,0.11312,0.01792,0.18708,0.10938,0.01568,236,236,237,198,193,189,166,169,171,210,209,207,96,101,107,112,112,111,0.5114,0.51759,0.51851
1,1.9706e+05,2.535,13.16,195,800,2.4557,12.992,185.65,524.41,0.25102,0.12417,0.023744,0.2391,0.11553,0.02112,0.22459,0.11193,0.018816,238,240,241,184,185,189,170,168,169,184,185,185,96,95,95,94,97,100,0.52815,0.52338,0.51743
1,1.9716e+05,2.535,13.08,195,800,2.4398,12.893,187.36,844.39,0.21949,0.1264,0.02048,0.19403,0.12194,0.017792,0.17944,0.11435,0.015424,247,244,243,184,185,186,170,170,170,178,175,173,91,91,89,90,92,96,0.49581,0.5137,0.5162
1,1.9726e+05,2.535,13,195,800,2.4642,12.808,186.89,953.8,0.3278,0.12919,0.031872,0.30477,0.11677,0.026432,0.27537,0.11393,0.023296,242,244,246,186,187,189,176,174,173,156,155,156,71,73,75,93,92,92,0.52414,0.51876,0.51788
1,1.9736e+05,2.535,12.92,195,800,2.4568,12.743,187.45,907.54,0.27632,0.12476,0.02624,0.25327,0.11631,0.022208,0.23376,0.10881,0.01888,249,248,247,197,192,193,173,173,173,147,146,143,61,63,66,91,90,90,0.51139,0.51424,0.51485
1,1.9746e+05,2.535,12.84,195,800,2.4472,12.683,186.77,871.5,0.23086,0.12313,0.020864,0.2111,0.11532,0.018368,0.19455,0.10751,0.015872,252,250,247,194,193,193,174,173,174,145,141,140,61,63,65,88,88,90,0.51413,0.51781,0.5177
1,1.9756e+05,2.535,12.76,195,800,2.4525,12.593,186.8,858.78,0.23862,0.13393,0.024128,0.21751,0.12476,0.021056,0.20618,0.12118,0.019008,245,247,249,186,189,192,178,180,179,129,134,140,75,76,79,91,93,96,0.51808,0.51881,0.51947
1,1.9766e+05,2.535,12.68,195,800,2.4589,12.511,186.63,986.12,0.29067,0.13045,0.02848,0.2562,0.11954,0.023168,0.22661,0.11508,0.019904,249,248,248,194,190,190,189,184,181,133,138,142,95,94,91,98,101,101,0.52223,0.52101,0.51952
1,1.9776e+05,2.535,12.6,195,800,2.4546,12.439,184.02,836.1,0.27365,0.12148,0.023296,0.21731,0.11902,0.018816,0.20106,0.11003,0.01632,250,250,249,189,192,193,182,183,182,149,146,146,142,121,102,120,113,107,0.51358,0.51829,0.51949
1,1.9786e+05,2.535,12.52,195,800,2.4419,12.372,186.61,795.12,0.28891,0.13265,0.02848,0.25848,0.12707,0.024768,0.23887,0.12178,0.022208,252,250,249,214,203,197,182,179,178,138,143,146,81,90,95,105,104,101,0.51193,0.52148,0.52151
1,1.9796e+05,2.535,12.44,195,800,2.4493,12.278,186.56,861.76,0.34328,0.13785,0.034432,0.29963,0.1341,0.029248,0.2665,0.12536,0.024448,251,250,249,209,203,201,178,175,176,145,144,146,78,81,87,97,97,95,0.51986,0.52232,0.52112
1,1.9806e+05,2.535,12.36,195,800,2.4536,12.202,186.34,949.56,0.28674,0.12189,0.026048,0.232,0.11819,0.020928,0.20807,0.11091,0.017792,250,249,249,204,199,202,166,170,175,152,151,150,87,79,78,84,85,85,0.5125,0.52233,0.52224
1,1.9816e+05,2.535,12.28,195,800,2.4408,12.127,184.01,857.13,0.27004,0.12337,0.025216,0.23761,0.11623,0.021312,0.21676,0.1102,0.018368,249,249,249,199,203,205,169,172,174,159,155,152,73,77,76,78,79,80,0.51847,0.52125,0.52359
1,1.9826e+05,2.535,12.2,195,800,2.4536,12.033,184.75,509.01,0.28148,0.12005,0.02592,0.25409,0.11326,0.021824,0.23696,0.10738,0.019392,252,250,249,228,222,214,175,175,175,162,162,160,76,73,71,72,72,73,0.51834,0.52356,0.52312
1,1.9836e+05,2.535,12.12,195,800,2.4621,11.949,184.99,735.41,0.26002,0.12261,0.023296,0.22549,0.11759,0.019968,0.20257,0.11475,0.01728,252,250,247,228,219,209,178,176,175,172,170,168,66,70,73,66,67,70,0.51828,0.52252,0.52294
1,1.9846e+05,2.535,12.04,195,800,2.4568,11.879,186.35,827.66,0.27736,0.11925,0.022336,0.19614,0.11677,0.016512,0.16257,0.116,0.014336,247,246,245,195,200,203,175,176,176,173,172,171,75,76,75,69,69,71,0.52035,0.52091,0.52232
1,1.9856e+05,2.535,11.96,195,800,2.4398,11.817,186.17,1072.6,0.21613,0.13322,0.02208,0.20559,0.12374,0.019456,0.19141,0.12063,0.017792,239,242,245,181,187,196,180,180,179,171,172,172,93,89,88,78,80,82,0.52006,0.52678,0.52626
1,1.9866e+05,2.535,11.88,195,800,2.4663,11.703,186.57,806.38,0.22208,0.13102,0.021632,0.19578,0.12538,0.018816,0.17849,0.1217,0.016832,243,244,246,194,196,198,183,181,178,170,172,171,90,96,99,91,90,89,0.53415,0.531,0.52994
1,1.9876e+05,2.535,11.8,195,800,2.4514,11.638,185.49,770.01,0.24528,0.12613,0.023296,0.22736,0.11804,0.020096,0.20589,0.11328,0.017536,251,251,251,208,206,203,169,173,175,169,169,169,133,122,110,110,107,101,0.53042,0.52624,0.52538
1,1.9886e+05,2.535,11.72,195,800,2.4514,11.572,186.61,857.26,0.19746,0.12136,0.018368,0.17498,0.11645,0.015616,0.16351,0.11023,0.013696,252,252,251,194,196,199,172,173,174,162,164,165,103,111,114,110,109,108,0.53141,0.52819,0.52653
1,1.9896e+05,2.535,11.64,195,800,2.4589,11.478,186.1,928.3,0.21163,0.13183,0.021056,0.18973,0.1279,0.018496,0.17405,0.11854,0.015872,252,251,250,195,195,197,178,176,175,162,162,162,106,106,109,113,110,109,0.52776,0.52595,0.52573
1,1.9906e+05,2.535,11.56,195,800,2.444,11.404,185.99,619.53,0.27791,0.12455,0.025792,0.229,0.12147,0.0208,0.19146,0.11827,0.017408,244,247,249,189,192,196,179,181,180,147,155,160,113,112,108,113,117,121,0.54338,0.52893,0.52865
1,1.9916e+05,2.535,11.48,195,800,2.4472,11.336,187.86,877.73,0.25474,0.13246,0.025344,0.23142,0.12735,0.022208,0.20607,0.12006,0.019392,241,247,249,182,192,199,179,181,182,149,156,157,119,112,108,125,126,128,0.53117,0.53426,0.53415
1,1.9926e+05,2.535,11.4,195,800,2.4631,11.242,185.73,978.02,0.2935,0.12438,0.027392,0.25296,0.11933,0.022848,0.23292,0.11273,0.019456,247,249,248,202,201,201,183,184,182,148,148,146,96,101,101,143,150,156,0.54007,0.54068,0.54146
1,1.9936e+05,2.535,11.32,195,800,2.4483,11.161,188.37,1041.2,0.22782,0.12997,0.021888,0.17796,0.12471,0.017536,0.1634,0.12255,0.015872,246,247,248,202,206,209,192,183,177,129,130,134,98,93,91,183,188,190,0.53613,0.54326,0.54583
1,1.9946e+05,2.535,11.24,195,800,2.444,11.098,187.52,996.33,0.29999,0.12723,0.028544,0.26613,0.12319,0.024832,0.24668,0.11555,0.021952,246,248,248,213,210,210,178,177,174,123,128,132,97,91,87,205,210,207,0.55178,0.55055,0.55096
1,1.9956e+05,2.535,11.16,195,800,2.4451,11.034,186.83,636.06,0.22862,0.12703,0.022144,0.20894,0.12114,0.019392,0.18937,0.11707,0.017344,241,244,246,205,211,210,164,167,168,138,142,149,81,83,88,249,234,217,0.5457,0.55483,0.55844
1,1.9966e+05,2.535,11.08,195,800,2.4589,10.936,186.76,641.37,0.27425,0.13056,0.028096,0.25144,0.12479,0.024448,0.23857,0.11605,0.021504,237,242,244,203,205,205,163,165,166,161,166,171,78,86,100,235,222,207,0.57218,0.57842,0.57846
1,1.9976e+05,2.535,11,195,800,2.4621,10.855,152.89,892.5,0.26328,0.13659,0.027136,0.24795,0.12677,0.024064,0.23213,0.12147,0.021504,238,240,240,177,189,194,164,164,165,252,231,213,131,124,126,158,173,179,0.51711,0.52136,0.52543
1,2.0278e+05,2.442,11,195,800,2.3623,10.913,0.11486,855.59,0,0,0,0,0,0,0,0,0,234,236,237,172,184,196,164,168,168,238,227,220,173,154,142,186,196,195,0.51745,0.52179,0.52561
1,2.0288e+05,2.442,11.08,195,800,2.3644,10.973,187.14,649.63,0.15522,0.13164,0.016128,0.14554,0.12435,0.014208,0.14416,0.11775,0.013184,243,242,242,211,208,208,172,169,168,160,166,175,83,89,101,253,243,225,0.59058,0.58341,0.58148
1,2.0298e+05,2.442,11.16,195,800,2.3549,11.079,187.66,1084.2,0.22928,0.1173,0.019712,0.18964,0.10849,0.015296,0.15705,0.10717,0.012672,247,245,244,218,216,214,168,168,168,136,140,150,68,72,81,255,252,237,0.56127,0.56004,0.56086
1,2.0308e+05,2.442,11.24,195,800,2.357,11.131,187.26,883.76,0.27673,0.13113,0.027904,0.26652,0.12441,0.025152,0.2513,0.11607,0.022336,247,248,248,216,213,211,167,168,171,119,120,126,64,68,72,250,238,223,0.55932,0.55366,0.55215
1,2.0318e+05,2.442,11.32,195,800,2.3719,11.188,185.76,616.27,0.23685,0.11587,0.020352,0.20542,0.10672,0.016384,0.18964,0.10378,0.014336,248,247,248,203,206,207,168,172,175,119,120,125,69,72,76,229,214,202,0.55572,0.55087,0.54975
1,2.0328e+05,2.442,11.4,195,800,2.3602,11.283,186.92,851.88,0.33256,0.11827,0.027968,0.26823,0.11117,0.020928,0.22056,0.10696,0.016704,251,250,250,205,199,199,186,181,179,136,136,136,88,89,91,147,156,163,0.53851,0.54306,0.54348
1,2.0338e+05,2.442,11.48,195,800,2.3655,11.359,186.68,865.15,0.26747,0.11523,0.021184,0.19906,0.11046,0.01632,0.16306,0.10686,0.013376,253,252,251,201,205,206,177,176,178,157,153,149,105,108,106,140,136,137,0.53506,0.53666,0.53671
1,2.0348e+05,2.442,11.56,195,800,2.3804,11.432,187,810.03,0.28024,0.11614,0.023872,0.26378,0.1081,0.020736,0.24304,0.10528,0.01824,254,253,252,220,213,208,176,175,176,160,157,154,113,113,110,124,129,131,0.53095,0.53017,0.52903
1,2.0358e+05,2.442,11.64,195,800,2.3549,11.533,187.17,915.57,0.24285,0.13322,0.024128,0.21768,0.12326,0.020224,0.20096,0.11952,0.018496,254,254,253,213,213,211,173,173,173,166,163,161,107,107,108,116,115,117,0.52883,0.52845,0.5293
1,2.0368e+05,2.442,11.72,195,800,2.3634,11.594,185.01,963.46,0.32165,0.11718,0.026816,0.2786,0.10899,0.020928,0.202,0.10781,0.015424,254,254,253,207,209,210,167,170,172,165,165,163,100,107,111,107,111,115,0.52413,0.52627,0.5289
1,2.0378e+05,2.442,11.8,195,800,2.3379,11.68,186.6,979.13,0.25743,0.12099,0.023232,0.23451,0.11644,0.020032,0.21643,0.10805,0.01728,255,254,252,218,218,212,168,170,172,163,168,168,137,122,107,120,114,108,0.52585,0.52675,0.52719
1,2.0388e+05,2.442,11.88,195,800,2.3634,11.747,186.35,661.91,0.25916,0.11638,0.0224,0.23536,0.11212,0.01952,0.21101,0.10319,0.016384,250,250,249,227,220,209,177,175,174,175,173,171,92,96,97,93,95,96,0.53261,0.53064,0.53077
1,2.0398e+05,2.442,11.96,195,800,2.3496,11.843,187.03,851,0.26913,0.12418,0.025024,0.24692,0.11752,0.02144,0.22648,0.11074,0.018624,248,247,248,212,209,205,174,175,176,173,173,173,79,83,86,78,82,87,0.52364,0.5283,0.52772
1,2.0408e+05,2.442,12.04,195,800,2.3708,11.914,186.69,981.47,0.31255,0.12177,0.026688,0.24036,0.11542,0.02048,0.20265,0.11258,0.017152,244,246,248,194,198,202,178,176,176,171,171,170,70,72,74,69,71,74,0.52738,0.52628,0.52768
1,2.0418e+05,2.442,12.12,195,800,2.3804,11.975,188.22,875.49,0.24294,0.13239,0.024128,0.22606,0.12307,0.0208,0.20701,0.121,0.01888,248,248,249,202,204,205,173,174,175,172,168,166,67,69,72,69,70,73,0.52675,0.52307,0.52391
1,2.0428e+05,2.442,12.2,195,800,2.3772,12.062,187.17,921.73,0.24403,0.12853,0.023168,0.21736,0.11799,0.019072,0.19624,0.11137,0.016448,252,251,251,220,215,210,169,173,176,149,154,158,81,77,72,71,73,75,0.52648,0.52757,0.52713
1,2.0438e+05,2.442,12.28,195,800,2.3549,12.149,186.61,792.26,0.30245,0.12241,0.027392,0.2777,0.11534,0.023424,0.24862,0.11228,0.02016,253,251,251,209,212,210,186,181,178,154,152,152,77,77,77,76,78,81,0.52459,0.5274,0.52712
1,2.0448e+05,2.442,12.36,195,800,2.3634,12.235,187.19,880.62,0.24954,0.13248,0.023808,0.2191,0.12344,0.019712,0.19453,0.11913,0.01696,253,251,251,219,212,211,182,182,180,151,152,153,76,75,75,81,83,86,0.51665,0.52133,0.52418
1,2.0458e+05,2.442,12.44,195,800,2.356,12.31,185.59,793.26,0.28065,0.12475,0.025408,0.23918,0.11971,0.020992,0.20981,0.11793,0.018112,252,251,251,221,215,210,183,180,179,154,152,151,67,68,75,103,99,97,0.52277,0.5263,0.52512
1,2.0468e+05,2.442,12.52,195,800,2.3507,12.373,187.4,590.58,0.22951,0.12293,0.01952,0.17028,0.12044,0.015424,0.14956,0.11608,0.01344,251,251,251,212,210,206,177,179,180,158,153,150,63,70,79,109,105,103,0.51126,0.52102,0.52223
1,2.0478e+05,2.442,12.6,195,800,2.3687,12.461,188.6,860.46,0.188,0.1337,0.019584,0.17585,0.12478,0.01728,0.16804,0.11989,0.015936,249,250,250,188,191,196,183,182,182,155,150,145,98,92,86,107,110,109,0.53405,0.52789,0.5251
1,2.0488e+05,2.442,12.68,195,800,2.34,12.55,187.15,1027.1,0.2811,0.12485,0.026432,0.25414,0.11549,0.022272,0.23327,0.11001,0.019392,246,246,248,180,185,191,191,184,180,149,144,140,75,82,84,109,108,106,0.51804,0.52037,0.52247
1,2.0498e+05,2.442,12.76,195,800,2.3676,12.611,187.82,682.57,0.23598,0.11685,0.01888,0.19194,0.10776,0.015488,0.17891,0.10224,0.013824,241,245,249,188,190,193,183,180,178,145,141,139,68,72,76,99,101,102,0.51743,0.5195,0.52207
1,2.0508e+05,2.442,12.84,195,800,2.3846,12.672,186.81,737.43,0.25335,0.1229,0.02176,0.20645,0.12052,0.01792,0.1873,0.1112,0.01536,253,251,248,208,204,198,176,174,175,143,142,141,62,63,66,91,92,95,0.52887,0.52283,0.52114
1,2.0518e+05,2.442,12.92,195,800,2.3814,12.768,186.31,776.45,0.23972,0.12352,0.022656,0.22641,0.11733,0.019904,0.20415,0.1131,0.017472,251,250,249,205,203,199,176,175,173,148,146,144,67,65,65,92,93,94,0.51617,0.5191,0.52076
1,2.0528e+05,2.442,13,195,800,2.3581,12.859,186.39,844.62,0.24327,0.12374,0.022656,0.21219,0.11649,0.0192,0.19426,0.11212,0.016832,246,247,248,194,195,195,170,171,172,152,156,159,77,76,76,94,95,96,0.50609,0.51257,0.51715
1,2.0538e+05,2.442,13.08,195,800,2.3729,12.93,185.49,797.48,0.23281,0.13561,0.022784,0.19798,0.12983,0.019328,0.18252,0.12509,0.017152,249,245,242,201,195,192,172,171,170,192,187,180,106,101,92,104,101,100,0.52514,0.51948,0.51876
1,2.0548e+05,2.442,13.16,195,800,2.3719,12.999,185.95,786.31,0.29844,0.1343,0.030528,0.26951,0.12399,0.02528,0.24586,0.11811,0.022272,238,238,240,190,192,193,174,171,169,210,200,191,122,108,97,104,104,102,0.52381,0.51851,0.51966
1,2.0558e+05,2.442,13.24,195,800,2.3528,13.092,186.32,561.07,0.27026,0.12295,0.023232,0.23305,0.1197,0.019648,0.19226,0.11539,0.016832,235,235,236,195,192,189,169,169,170,211,213,213,97,101,104,109,108,108,0.52511,0.52074,0.52062
1,2.0568e+05,2.442,13.32,195,800,2.3644,13.169,187.43,996.67,0.27864,0.12931,0.027328,0.25708,0.12209,0.023808,0.23969,0.11727,0.021376,241,238,237,191,188,187,170,171,172,226,223,222,107,105,106,112,113,113,0.49724,0.51325,0.51586
1,2.0578e+05,2.442,13.4,195,800,2.356,13.271,185.32,959.52,0.30611,0.12567,0.027456,0.26313,0.11975,0.022848,0.23347,0.11661,0.020032,240,240,239,179,183,191,184,181,177,242,242,239,132,125,117,126,126,124,0.50821,0.51274,0.51779
1,2.0588e+05,2.442,13.48,195,800,2.3676,13.322,186.98,858.84,0.22734,0.12817,0.022016,0.20707,0.12007,0.019136,0.19247,0.11462,0.01696,235,238,240,203,210,211,185,182,178,251,250,249,129,124,118,134,134,132,0.5162,0.51943,0.51947
1,2.0598e+05,2.442,13.56,195,800,2.3708,13.407,185.67,724.71,0.2876,0.12332,0.026432,0.25864,0.11519,0.022208,0.23475,0.11131,0.019456,234,238,241,223,226,221,176,177,176,251,252,251,118,116,115,139,137,134,0.52491,0.52391,0.52295
1,2.0608e+05,2.442,13.64,195,800,2.3538,13.489,186.49,804.18,0.27775,0.11386,0.022976,0.24646,0.10835,0.019648,0.21529,0.10575,0.016832,245,243,242,238,230,218,168,171,173,255,254,251,102,105,105,135,137,141,0.51923,0.52435,0.52449
1,2.0618e+05,2.442,13.72,195,800,2.356,13.552,186.55,955.14,0.22829,0.12183,0.020928,0.21578,0.1131,0.018688,0.20314,0.10804,0.016576,240,241,241,212,210,206,172,173,173,255,252,246,98,101,103,135,145,157,0.53282,0.52928,0.5279
1,2.0628e+05,2.442,13.8,195,800,2.357,13.64,186.25,948.21,0.29442,0.11862,0.0256,0.25863,0.11381,0.021824,0.23551,0.10804,0.019328,234,235,238,171,180,189,177,172,168,223,223,222,110,109,107,212,209,204,0.52852,0.52586,0.52597
1,2.0638e+05,2.442,13.88,195,800,2.3528,13.733,185.42,933.31,0.27541,0.124,0.026112,0.25703,0.11467,0.022528,0.23845,0.11076,0.020288,244,242,241,219,208,198,156,159,165,190,193,202,132,127,121,255,252,237,0.52952,0.53157,0.53077
1,2.0648e+05,2.442,13.96,195,800,2.3581,13.798,151.99,951.65,0.28563,0.11931,0.024448,0.22382,0.11784,0.01952,0.18703,0.11552,0.016064,247,247,245,222,218,207,157,162,166,188,195,203,127,136,136,247,242,235,0.52938,0.52958,0.52884
1,2.095e+05,2.349,13.96,195,800,2.2743,13.748,-0.11025,807.28,0,0,0,0,0,0,0,0,0,247,246,246,222,212,206,163,162,164,192,196,204,131,136,141,247,239,231,0.52529,0.52876,0.53133
1,2.096e+05,2.349,13.88,195,800,2.2764,13.676,185.2,738.88,0.27026,0.13907,0.025344,0.25903,0.1255,0.022016,0.2459,0.12099,0.019136,239,242,243,183,189,194,154,157,163,181,192,204,113,117,124,252,244,231,0.52735,0.52983,0.53006
1,2.097e+05,2.349,13.8,195,800,2.2849,13.581,185.54,724.9,0.22266,0.13175,0.022912,0.21604,0.12182,0.020416,0.20842,0.11566,0.018752,235,237,240,156,168,186,168,169,168,232,227,224,92,97,105,202,198,196,0.52458,0.52705,0.52533
1,2.098e+05,2.349,13.72,195,800,2.2732,13.53,185.13,601.19,0.27743,0.14192,0.030144,0.26186,0.1295,0.026304,0.24431,0.12497,0.023744,250,246,243,223,218,212,175,176,175,255,254,249,114,109,105,138,141,150,0.52496,0.53074,0.52849
1,2.099e+05,2.349,13.64,195,800,2.2965,13.435,187.37,1166.4,0.33639,0.14116,0.035264,0.28245,0.13393,0.029312,0.25429,0.12878,0.025024,252,248,244,248,240,225,175,174,175,255,254,253,129,116,107,126,130,137,0.51784,0.52585,0.52696
1,2.1e+05,2.349,13.56,195,800,2.2764,13.383,185.08,711.39,0.40153,0.12242,0.033152,0.29452,0.11861,0.024256,0.24383,0.11325,0.01952,238,240,242,236,233,226,171,174,176,247,251,252,102,106,109,128,129,130,0.52904,0.52679,0.52546
1,2.101e+05,2.349,13.48,195,800,2.287,13.269,184.86,1107,0.36239,0.13709,0.035776,0.30692,0.12498,0.028608,0.26748,0.11458,0.02304,235,237,240,219,216,214,176,177,177,248,249,250,98,102,106,128,129,129,0.5327,0.52475,0.52103
1,2.102e+05,2.349,13.4,195,800,2.2721,13.213,186.69,786.78,0.32764,0.1226,0.029376,0.29619,0.11188,0.023872,0.26203,0.10916,0.020352,235,236,238,183,186,191,181,177,175,239,240,241,98,99,101,119,119,120,0.53295,0.52455,0.52221
1,2.103e+05,2.349,13.32,195,800,2.2647,13.147,185.81,716.6,0.32776,0.12728,0.03168,0.29665,0.12386,0.027904,0.27573,0.11715,0.024128,236,236,237,183,187,189,164,167,170,221,220,222,88,91,96,99,104,110,0.52442,0.52254,0.52115
1,2.104e+05,2.349,13.24,195,800,2.2881,13.055,186.93,813.82,0.35825,0.13343,0.033536,0.31784,0.12336,0.027456,0.2803,0.11574,0.023488,241,238,238,206,197,191,166,166,167,209,209,211,86,92,95,97,102,107,0.50996,0.51569,0.51973
1,2.105e+05,2.349,13.16,195,800,2.2817,12.968,186.5,912.44,0.27231,0.13802,0.026432,0.25598,0.11812,0.022336,0.23607,0.11103,0.019584,237,241,243,193,197,195,164,166,168,187,187,187,109,98,89,106,106,105,0.52928,0.52519,0.52342
1,2.106e+05,2.349,13.08,195,800,2.2668,12.897,185.25,1073,0.23585,0.12286,0.021696,0.20611,0.11305,0.017472,0.1835,0.10911,0.015104,244,245,245,195,192,194,167,168,169,174,175,175,90,89,84,107,106,104,0.52686,0.52252,0.52226
1,2.107e+05,2.349,13,195,800,2.2753,12.816,186.41,808.32,0.30428,0.11739,0.025728,0.2512,0.10959,0.02048,0.21331,0.10851,0.017408,249,249,249,187,193,197,170,172,173,148,151,154,59,63,68,98,99,100,0.50199,0.51463,0.51988
1,2.108e+05,2.349,12.92,195,800,2.2806,12.744,186.77,985.96,0.24326,0.12509,0.022656,0.21707,0.11827,0.019392,0.19861,0.11069,0.017024,251,250,250,207,208,204,182,177,174,138,138,140,57,57,59,96,98,100,0.51685,0.52397,0.52293
1,2.109e+05,2.349,12.84,195,800,2.27,12.677,187.3,817.15,0.25874,0.11675,0.022528,0.24439,0.11125,0.019904,0.23122,0.10404,0.017664,253,251,250,217,210,205,175,175,174,132,134,137,54,58,61,101,102,102,0.52861,0.52246,0.52099
1,2.11e+05,2.349,12.76,195,800,2.2934,12.581,186.63,757.02,0.24585,0.11935,0.022272,0.22521,0.11299,0.019392,0.21266,0.10611,0.017152,246,250,251,189,196,199,170,172,175,131,134,136,85,72,66,111,111,109,0.51539,0.52097,0.52274
1,2.111e+05,2.349,12.68,195,800,2.2764,12.507,186.78,732.59,0.29547,0.11715,0.026176,0.2673,0.11077,0.022336,0.24041,0.10535,0.018944,247,250,251,184,191,195,173,176,176,132,136,138,86,74,69,123,116,109,0.52348,0.52344,0.52415
1,2.112e+05,2.349,12.6,195,800,2.2711,12.437,186.41,873.38,0.31012,0.12772,0.030144,0.26605,0.12062,0.024512,0.22733,0.11461,0.01984,255,254,252,205,200,198,182,179,178,138,142,143,63,65,68,107,108,107,0.5378,0.53264,0.52811
1,2.113e+05,2.349,12.52,195,800,2.2637,12.357,187.18,581.66,0.3209,0.12382,0.029056,0.2768,0.11391,0.023104,0.2294,0.11111,0.018816,254,253,253,215,213,208,176,181,182,145,150,148,61,65,72,95,98,98,0.53038,0.5268,0.5257
1,2.114e+05,2.349,12.44,195,800,2.2796,12.253,185.5,895.64,0.25393,0.12505,0.023808,0.215,0.12076,0.019584,0.18561,0.11281,0.01632,254,253,252,217,214,211,184,185,184,157,154,149,65,73,77,95,96,94,0.52279,0.52808,0.52755
1,2.115e+05,2.349,12.36,195,800,2.2955,12.19,187.01,919.47,0.29261,0.11982,0.026752,0.26495,0.11437,0.022784,0.24598,0.10917,0.02016,250,252,253,216,212,212,188,191,187,153,152,149,85,85,80,82,87,89,0.51853,0.52821,0.5287
1,2.116e+05,2.349,12.28,195,800,2.2647,12.127,185.99,811.23,0.28481,0.12113,0.02432,0.23167,0.11755,0.01984,0.20575,0.10982,0.017024,255,254,253,209,213,211,186,188,184,147,149,149,73,81,79,84,86,86,0.52605,0.53099,0.5291
1,2.117e+05,2.349,12.2,195,800,2.2827,12.014,185.9,910.04,0.28612,0.11677,0.024768,0.23919,0.11524,0.020224,0.20934,0.11056,0.017344,254,253,252,196,204,206,177,178,179,146,151,154,66,67,69,83,84,82,0.51412,0.52335,0.5278
1,2.118e+05,2.349,12.12,195,800,2.2743,11.966,185.9,1029.3,0.24978,0.12949,0.024256,0.22154,0.11967,0.019968,0.19301,0.1181,0.017152,247,249,250,188,196,204,180,181,178,172,169,164,65,66,68,82,81,80,0.52842,0.52777,0.52746
1,2.119e+05,2.349,12.04,195,800,2.2552,11.905,185.27,915.86,0.29596,0.12423,0.027008,0.26051,0.11815,0.022592,0.23527,0.11411,0.019008,250,250,250,199,200,203,183,182,179,181,176,169,70,68,69,84,81,80,0.53181,0.53113,0.52944
1,2.12e+05,2.349,11.96,195,800,2.2658,11.818,185.99,764.04,0.23347,0.12377,0.021632,0.20303,0.11549,0.01792,0.17733,0.11148,0.015296,252,252,251,205,209,211,176,177,177,175,174,171,75,75,77,86,88,90,0.52968,0.53122,0.52992
1,2.121e+05,2.349,11.88,195,800,2.2764,11.736,186.65,725.56,0.23026,0.12332,0.021376,0.21065,0.1159,0.018688,0.19145,0.11242,0.016256,255,252,251,210,213,214,173,175,174,171,170,168,82,82,83,96,97,97,0.53339,0.53225,0.53206
1,2.122e+05,2.349,11.8,195,800,2.2891,11.629,185.65,1196.5,0.28706,0.12624,0.025536,0.2625,0.11612,0.021568,0.22218,0.11401,0.018432,249,251,251,209,214,216,171,171,172,165,167,166,92,93,94,116,112,108,0.53303,0.53009,0.53048
1,2.123e+05,2.349,11.72,195,800,2.2806,11.566,185.27,1074.9,0.27141,0.11865,0.022784,0.24319,0.11212,0.019648,0.22211,0.10783,0.017216,254,253,253,214,213,216,172,173,173,168,164,161,92,96,101,112,115,117,0.53251,0.53261,0.53152
1,2.124e+05,2.349,11.64,195,800,2.3008,11.473,187.21,1083.6,0.22706,0.12092,0.020032,0.20487,0.11531,0.017152,0.18523,0.10905,0.015232,254,254,254,217,220,219,175,174,174,153,157,159,99,101,102,126,123,122,0.53415,0.53148,0.53014
1,2.125e+05,2.349,11.56,195,800,2.2774,11.428,186.78,1122.6,0.21352,0.13372,0.020224,0.19715,0.12339,0.017664,0.17275,0.12133,0.015168,255,255,254,240,227,218,168,174,177,144,146,149,113,108,103,148,145,139,0.54089,0.53493,0.53341
1,2.126e+05,2.349,11.48,195,800,2.2626,11.342,185.86,673.17,0.27331,0.11859,0.023168,0.24125,0.10945,0.019264,0.21282,0.10693,0.016512,255,255,254,220,220,214,177,175,178,140,143,144,113,106,99,160,151,146,0.53506,0.53748,0.5397
1,2.127e+05,2.349,11.4,195,800,2.2806,11.246,186.65,895.6,0.27168,0.12499,0.025472,0.24661,0.11946,0.022016,0.22763,0.11111,0.019456,252,253,252,185,193,200,186,179,175,128,131,132,86,83,81,157,162,170,0.54536,0.54548,0.54571
1,2.128e+05,2.349,11.32,195,800,2.2976,11.158,187.75,880.4,0.22761,0.12571,0.021504,0.19843,0.12054,0.018112,0.17525,0.11567,0.015744,251,251,251,212,205,203,160,165,169,118,118,122,55,58,64,203,207,207,0.55496,0.54947,0.54965
1,2.129e+05,2.349,11.24,195,800,2.2774,11.078,186.42,1085,0.25004,0.12531,0.023296,0.2219,0.11883,0.020096,0.20446,0.11667,0.018048,251,250,250,232,217,209,162,161,165,118,119,124,54,55,60,232,231,225,0.55314,0.55393,0.55341
1,2.13e+05,2.349,11.16,195,800,2.2838,10.994,186.09,1379.6,0.27828,0.12044,0.024768,0.24168,0.11521,0.020672,0.21002,0.11159,0.017856,249,247,246,230,222,217,166,164,164,144,146,154,60,66,75,247,242,234,0.56323,0.56191,0.56228
1,2.131e+05,2.349,11.08,195,800,2.2721,10.926,186.29,547.71,0.2821,0.12157,0.025344,0.2519,0.11487,0.021056,0.21828,0.11078,0.01824,241,243,242,232,222,214,167,166,165,170,174,180,82,90,101,224,224,221,0.57581,0.58008,0.58022
1,2.132e+05,2.349,11,195,800,2.2827,10.859,152.51,693.45,0.31858,0.12423,0.028992,0.26694,0.12125,0.024128,0.23502,0.1164,0.020544,237,233,235,229,213,207,178,170,167,253,235,225,203,173,151,173,180,191,0.5175,0.52306,0.52223
1,2.1622e+05,2.256,11,195,800,2.1745,10.927,-0.1268,765.58,0,0,0,0,0,0,0,0,0,230,238,240,200,206,205,160,163,166,255,248,236,163,148,140,168,172,182,0.50123,0.50701,0.51759
1,2.1632e+05,2.256,11.08,195,800,2.1682,10.984,186.2,656.32,0.2022,0.11789,0.0176,0.1843,0.10849,0.0144,0.151,0.1073,0.012544,248,247,246,214,213,210,159,163,166,195,193,189,76,82,94,216,214,213,0.58802,0.58331,0.58002
1,2.1642e+05,2.256,11.16,195,800,2.182,11.07,185.23,845.72,0.20425,0.12138,0.018496,0.19168,0.11153,0.016064,0.1747,0.10623,0.013952,247,249,249,210,213,212,164,165,164,152,156,161,62,64,71,244,237,226,0.57034,0.56386,0.56417
1,2.1652e+05,2.256,11.24,195,800,2.1713,11.155,187.28,1109.4,0.25664,0.12875,0.024256,0.23494,0.12058,0.021056,0.21644,0.11593,0.019072,253,251,250,202,204,205,159,163,167,112,118,125,51,53,57,235,229,222,0.551,0.55373,0.55493
1,2.1662e+05,2.256,11.32,195,800,2.1904,11.198,186.86,763.78,0.37487,0.11755,0.02976,0.29875,0.11327,0.023872,0.26856,0.10788,0.019904,251,251,251,189,192,199,162,166,169,114,116,121,53,56,61,205,203,205,0.54862,0.55132,0.54955
1,2.1672e+05,2.256,11.4,195,800,2.1915,11.263,185.82,532.25,0.34803,0.12667,0.031936,0.31669,0.11654,0.026432,0.27428,0.10969,0.021248,255,253,252,186,192,198,180,178,176,133,130,127,76,76,76,159,164,172,0.54047,0.54634,0.54637
1,2.1682e+05,2.256,11.48,195,800,2.1745,11.362,185.53,951.25,0.33129,0.12569,0.030848,0.28378,0.11654,0.02496,0.23619,0.11546,0.020864,255,255,254,217,220,215,183,181,180,140,138,135,84,91,93,157,152,151,0.54364,0.54395,0.54166
1,2.1692e+05,2.256,11.56,195,800,2.1841,11.441,185.12,1193.3,0.33483,0.12273,0.02976,0.28619,0.11736,0.023808,0.23781,0.11245,0.0192,255,255,254,231,226,222,183,182,180,141,141,140,91,94,97,142,143,143,0.54149,0.53635,0.53489
1,2.1702e+05,2.256,11.64,195,800,2.1798,11.519,185.71,1085.3,0.22747,0.12707,0.021248,0.20427,0.12048,0.018432,0.17845,0.11573,0.016,255,254,254,214,222,225,183,180,178,158,155,153,104,102,100,124,123,123,0.52682,0.53082,0.53202
1,2.1712e+05,2.256,11.72,195,800,2.1915,11.585,186.72,859.19,0.35035,0.11873,0.03072,0.31718,0.11294,0.025984,0.28691,0.10799,0.021632,253,252,253,219,218,222,181,178,175,164,162,157,111,100,95,113,113,115,0.52888,0.53206,0.53316
1,2.1722e+05,2.256,11.8,195,800,2.1968,11.67,185.96,683.65,0.24476,0.12412,0.02336,0.21384,0.11726,0.019392,0.1849,0.11383,0.01632,250,248,251,223,223,223,163,171,174,156,160,163,73,78,83,105,105,104,0.52801,0.53381,0.53241
1,2.1732e+05,2.256,11.88,195,800,2.1713,11.762,186.19,928.07,0.29133,0.12682,0.025088,0.23951,0.11644,0.020224,0.20801,0.10979,0.016768,249,250,251,220,219,219,172,175,174,159,160,163,65,68,72,96,97,95,0.53079,0.53308,0.53316
1,2.1742e+05,2.256,11.96,195,800,2.1936,11.841,185.32,1088.8,0.31021,0.12051,0.024704,0.25764,0.11567,0.018624,0.15621,0.1146,0.014272,253,252,251,199,210,216,174,176,178,160,163,165,66,69,71,83,87,90,0.53291,0.53026,0.53104
1,2.1752e+05,2.256,12.04,195,800,2.1851,11.894,186.03,797.63,0.36042,0.119,0.029824,0.28214,0.11315,0.022656,0.24082,0.10681,0.01888,252,251,251,214,209,207,187,185,180,165,164,164,73,70,68,81,82,83,0.54227,0.53565,0.53306
1,2.1762e+05,2.256,12.12,195,800,2.1841,11.977,186.1,777.87,0.32431,0.12885,0.029184,0.25571,0.12658,0.02432,0.23303,0.12261,0.021312,249,251,251,210,210,208,188,184,180,158,160,161,67,66,65,82,83,83,0.53213,0.53269,0.53218
1,2.1772e+05,2.256,12.2,195,800,2.182,12.063,186.22,911.03,0.21039,0.11749,0.018752,0.19076,0.10958,0.016192,0.17337,0.10637,0.014464,254,254,252,221,215,208,167,174,177,152,151,152,57,59,62,89,89,88,0.53746,0.53229,0.5319
1,2.1782e+05,2.256,12.28,195,800,2.1798,12.152,186.78,987.23,0.27962,0.13348,0.02784,0.2605,0.12343,0.023872,0.23884,0.11834,0.021248,255,253,253,198,206,207,180,183,181,145,146,147,69,79,75,96,94,92,0.5419,0.53105,0.52966
1,2.1792e+05,2.256,12.36,195,800,2.1851,12.221,184.8,802.13,0.31793,0.11791,0.027008,0.27073,0.11253,0.021632,0.23326,0.11218,0.018368,251,252,253,193,200,208,198,189,184,147,143,145,115,94,77,91,92,92,0.53059,0.52853,0.52966
1,2.1802e+05,2.256,12.44,195,800,2.1841,12.305,186.34,963.56,0.30788,0.1254,0.028992,0.2909,0.12053,0.025856,0.26484,0.11411,0.022784,255,254,253,220,211,208,189,186,184,133,137,141,81,82,76,90,91,92,0.52727,0.52709,0.52989
1,2.1812e+05,2.256,12.52,195,800,2.1894,12.383,186.69,1153.9,0.24812,0.12833,0.02368,0.20452,0.11827,0.01856,0.16669,0.11777,0.015424,255,255,254,213,210,206,178,180,182,137,137,138,62,66,68,91,92,93,0.52981,0.52636,0.52779
1,2.1822e+05,2.256,12.6,195,800,2.1809,12.457,187.2,583.15,0.2901,0.12427,0.0272,0.25075,0.119,0.022656,0.22203,0.11604,0.019776,254,255,254,191,194,200,173,174,176,136,135,134,57,57,60,99,100,101,0.53535,0.53086,0.52804
1,2.1832e+05,2.256,12.68,195,800,2.1735,12.539,185.3,624.93,0.26928,0.13442,0.02592,0.24502,0.12771,0.022656,0.23179,0.1239,0.020288,255,254,254,199,199,201,169,170,174,134,131,130,55,59,60,107,110,109,0.52816,0.52642,0.5253
1,2.1842e+05,2.256,12.76,195,800,2.1841,12.625,186.46,610.8,0.32041,0.13045,0.028672,0.29183,0.12411,0.023936,0.24719,0.11739,0.019968,255,254,254,208,207,205,165,169,174,130,129,129,56,58,59,109,112,112,0.53853,0.52909,0.52766
1,2.1852e+05,2.256,12.84,195,800,2.1703,12.7,185.64,1087.9,0.23219,0.12474,0.021632,0.20606,0.11631,0.018368,0.18142,0.11324,0.015808,254,253,251,216,211,206,180,175,173,133,131,132,51,52,57,116,112,109,0.52555,0.51908,0.52318
1,2.1862e+05,2.256,12.92,195,800,2.1851,12.771,185.44,896.44,0.24816,0.12326,0.023104,0.23161,0.11428,0.020032,0.21024,0.10955,0.0176,249,249,250,206,205,203,174,174,174,134,135,136,51,53,56,109,109,107,0.51443,0.51997,0.52359
1,2.1872e+05,2.256,13,195,800,2.2042,12.834,185.95,928.97,0.26752,0.1226,0.023744,0.23437,0.11428,0.01952,0.20295,0.10999,0.016832,248,247,248,196,194,193,178,175,173,150,149,151,57,58,61,104,104,105,0.52496,0.524,0.52455
1,2.1882e+05,2.256,13.08,195,800,2.1756,12.935,185.59,897.98,0.25836,0.10754,0.01952,0.19838,0.1044,0.014976,0.15591,0.10067,0.012032,248,247,246,186,188,189,168,169,169,166,169,173,68,69,72,106,107,107,0.52724,0.52456,0.52294
1,2.1892e+05,2.256,13.16,195,800,2.1809,13.008,186.39,482.53,0.23814,0.12711,0.022912,0.21139,0.11863,0.019456,0.19807,0.11313,0.017408,243,245,245,188,191,190,159,164,168,176,180,186,70,75,77,110,109,108,0.53017,0.52466,0.52377
1,2.1902e+05,2.256,13.24,195,800,2.1777,13.115,185.29,1006.5,0.28404,0.13372,0.028352,0.2545,0.12563,0.023936,0.22626,0.12139,0.0208,238,241,242,199,194,189,167,167,165,208,212,213,80,82,86,111,111,110,0.52693,0.52532,0.52533
1,2.1912e+05,2.256,13.32,195,800,2.182,13.168,185.83,972.85,0.31056,0.13354,0.030976,0.26934,0.12635,0.025664,0.23847,0.12391,0.022656,237,239,242,185,189,191,169,168,167,227,228,226,82,84,89,110,112,112,0.51714,0.52452,0.52492
1,2.1922e+05,2.256,13.4,195,800,2.165,13.277,188.11,1259.4,0.30611,0.1516,0.029568,0.20032,0.14758,0.021632,0.18848,0.1353,0.018304,242,242,242,187,190,196,172,170,170,252,250,245,90,92,95,123,118,116,0.52179,0.52114,0.52339
1,2.1932e+05,2.256,13.48,195,800,2.1809,13.33,186.8,954.05,0.25728,0.13727,0.02624,0.23364,0.12519,0.022208,0.21274,0.12441,0.019968,244,243,243,210,215,216,170,171,173,255,255,253,97,98,101,133,127,123,0.51621,0.52137,0.52153
1,2.1942e+05,2.256,13.56,195,800,2.1873,13.417,186.66,775.11,0.31112,0.12047,0.027904,0.27736,0.11348,0.023232,0.24162,0.10848,0.019776,244,244,245,233,230,222,175,174,174,255,255,254,100,102,104,133,128,125,0.51278,0.51993,0.52366
1,2.1952e+05,2.256,13.64,195,800,2.1809,13.479,186.69,1276.8,0.24636,0.11688,0.021632,0.22092,0.11132,0.018688,0.2019,0.10662,0.016128,254,249,245,233,225,215,177,176,175,255,255,254,106,108,105,125,131,137,0.52077,0.52866,0.52955
1,2.1962e+05,2.256,13.72,195,800,2.1841,13.576,185.82,784.83,0.3004,0.13044,0.029312,0.27328,0.12305,0.025216,0.25538,0.11575,0.022464,251,246,243,217,206,201,176,175,175,255,255,250,106,104,102,138,142,150,0.53153,0.52768,0.52759
1,2.1972e+05,2.256,13.8,195,800,2.1904,13.629,186.3,603.15,0.27729,0.12672,0.025088,0.23351,0.11849,0.0208,0.21124,0.11689,0.018688,234,237,241,163,169,179,174,170,168,236,229,225,90,92,99,182,190,196,0.53527,0.52583,0.52574
1,2.1982e+05,2.256,13.88,195,800,2.1766,13.728,185.62,725.33,0.26202,0.12131,0.023616,0.2346,0.11671,0.020288,0.21272,0.10718,0.017216,243,244,244,198,190,192,151,158,165,189,193,203,118,117,118,251,241,232,0.54012,0.53376,0.53044
1,2.1992e+05,2.256,13.96,195,800,2.183,13.79,153.21,627.78,0.23111,0.11857,0.019712,0.18892,0.11489,0.016192,0.15726,0.11246,0.013504,250,248,247,216,209,204,160,162,167,200,197,201,152,140,136,250,244,234,0.5323,0.53261,0.53472
1,2.2294e+05,2.163,13.96,195,800,2.1034,13.745,-0.15329,701.36,0,0,0,0,0,0,0,0,0,252,251,249,226,219,212,163,166,169,180,189,200,126,130,133,255,250,238,0.52514,0.53679,0.53883
1,2.2304e+05,2.163,13.88,195,800,2.0833,13.68,186.68,840.31,0.22548,0.12219,0.020032,0.2119,0.11756,0.018112,0.19401,0.11047,0.015936,248,247,246,202,204,204,163,168,169,176,190,204,109,110,116,254,250,238,0.53359,0.53249,0.53203
1,2.2314e+05,2.163,13.8,195,800,2.095,13.597,186.37,687.41,0.2664,0.12843,0.026176,0.24737,0.12119,0.02304,0.22765,0.11798,0.020352,238,240,241,163,171,188,179,177,174,235,232,228,85,90,97,210,208,203,0.52611,0.52831,0.52919
1,2.2324e+05,2.163,13.72,195,800,2.0981,13.508,186.86,1237.2,0.28638,0.13572,0.029696,0.26437,0.12529,0.025728,0.24218,0.12222,0.02304,244,243,242,163,180,197,176,178,179,255,255,251,98,98,98,149,150,154,0.52423,0.531,0.5305
1,2.2334e+05,2.163,13.64,195,800,2.1034,13.431,187.07,945.62,0.36215,0.1302,0.0352,0.30674,0.12255,0.028224,0.26874,0.1156,0.023168,242,243,244,191,199,207,178,180,179,255,255,255,102,101,101,133,134,136,0.5255,0.5279,0.52945
1,2.2344e+05,2.163,13.56,195,800,2.1034,13.376,185.39,595.46,0.43345,0.12529,0.0336,0.24881,0.11758,0.022336,0.21752,0.11315,0.019008,245,246,247,227,222,216,177,178,176,255,255,255,106,104,102,119,118,118,0.5434,0.52976,0.52602
1,2.2354e+05,2.163,13.48,195,800,2.096,13.277,187.73,1100.8,0.38833,0.12605,0.032192,0.28437,0.11932,0.023424,0.22068,0.11694,0.019584,250,249,248,218,216,213,176,174,173,255,255,254,105,105,104,110,112,114,0.5163,0.5192,0.52367
1,2.2364e+05,2.163,13.4,195,800,2.1024,13.208,188.47,816.91,0.32504,0.15182,0.034048,0.27737,0.14429,0.02848,0.25022,0.13264,0.024192,251,250,249,204,202,198,161,164,167,253,251,249,113,109,102,104,105,108,0.52342,0.52562,0.52561
1,2.2374e+05,2.163,13.32,195,800,2.1013,13.121,187.23,1040,0.35404,0.12963,0.033088,0.28096,0.12415,0.026432,0.2571,0.11593,0.022528,250,248,246,190,188,188,163,164,166,241,238,233,98,96,93,111,110,108,0.53467,0.52943,0.52756
1,2.2384e+05,2.163,13.24,195,800,2.0801,13.069,185.78,1054.4,0.3743,0.13053,0.034304,0.3035,0.12321,0.026624,0.25663,0.11895,0.022016,248,247,246,174,181,186,172,167,165,227,224,221,85,86,85,121,114,108,0.52186,0.52125,0.52124
1,2.2394e+05,2.163,13.16,195,800,2.1013,12.979,186.36,917.55,0.27044,0.12226,0.024256,0.2358,0.11693,0.02048,0.21334,0.11182,0.017792,250,247,247,172,178,183,162,166,168,195,193,192,71,70,71,109,110,108,0.52224,0.52427,0.52375
1,2.2404e+05,2.163,13.08,195,800,2.0928,12.916,187,697.04,0.27702,0.12936,0.027136,0.25942,0.11877,0.022784,0.23507,0.113,0.020032,248,249,247,172,179,185,169,170,169,183,179,177,64,66,68,107,106,107,0.52695,0.52596,0.52434
1,2.2414e+05,2.163,13,195,800,2.1141,12.812,186.98,970.58,0.31955,0.1323,0.030848,0.27932,0.12357,0.02528,0.25373,0.12037,0.022208,245,246,248,195,190,189,174,172,171,151,151,152,68,65,62,108,108,107,0.52695,0.52706,0.52617
1,2.2424e+05,2.163,12.92,195,800,2.1034,12.741,186.35,995.01,0.33495,0.13052,0.031296,0.27674,0.12431,0.0256,0.25154,0.11782,0.0224,252,250,250,188,195,200,168,171,173,130,132,134,54,57,58,110,109,109,0.5249,0.5254,0.52492
1,2.2434e+05,2.163,12.84,195,800,2.0928,12.677,185.6,836.7,0.41624,0.13539,0.035392,0.31138,0.12706,0.028864,0.28242,0.12247,0.025024,255,254,252,203,204,205,179,175,173,127,127,129,49,53,56,111,111,109,0.52429,0.52504,0.52524
1,2.2444e+05,2.163,12.76,195,800,2.0918,12.587,186.31,868,0.28281,0.12815,0.026624,0.24797,0.11897,0.02208,0.23217,0.11455,0.019456,255,255,255,229,214,204,185,178,175,122,123,125,62,57,54,120,113,107,0.52939,0.52972,0.52952
1,2.2454e+05,2.163,12.68,195,800,2.0918,12.507,186.52,774,0.29626,0.16414,0.029696,0.23668,0.15863,0.02368,0.20161,0.15829,0.020544,255,255,255,207,203,202,182,177,175,124,123,125,60,56,54,112,107,104,0.5268,0.52611,0.52692
1,2.2464e+05,2.163,12.6,195,800,2.1013,12.419,186.87,1068.9,0.29127,0.12594,0.027008,0.26022,0.11937,0.02304,0.23369,0.11713,0.020544,255,255,255,194,194,199,184,179,178,125,126,128,51,51,53,92,93,96,0.5376,0.53216,0.53027
1,2.2474e+05,2.163,12.52,195,800,2.0886,12.347,184.5,1028,0.30741,0.13896,0.030464,0.27729,0.12877,0.025728,0.24946,0.1211,0.0224,255,254,254,216,208,203,185,184,182,131,132,134,59,58,60,87,91,94,0.52587,0.52953,0.52946
1,2.2484e+05,2.163,12.44,195,800,2.0896,12.282,187.86,795.91,0.23212,0.1326,0.022848,0.19836,0.12537,0.019136,0.17849,0.12242,0.016768,253,253,254,213,205,203,185,184,183,139,136,138,64,63,64,91,94,94,0.53677,0.53291,0.53156
1,2.2494e+05,2.163,12.36,195,800,2.0896,12.208,187.58,718.94,0.17901,0.11711,0.015872,0.16756,0.11223,0.013888,0.15939,0.10422,0.01248,253,252,252,207,194,201,178,176,178,147,144,145,60,63,66,98,98,96,0.52271,0.53231,0.53394
1,2.2504e+05,2.163,12.28,195,800,2.1141,12.086,186.9,991.05,0.30968,0.12121,0.025344,0.25027,0.11501,0.019712,0.1729,0.115,0.014912,247,251,252,195,198,202,164,171,175,138,147,150,56,60,64,101,96,93,0.54088,0.53403,0.5326
1,2.2514e+05,2.163,12.2,195,800,2.0865,12.048,187.23,912.6,0.27232,0.12048,0.023552,0.23502,0.1145,0.0192,0.20343,0.10829,0.016512,255,253,252,215,213,211,173,172,173,155,157,158,56,57,60,86,88,90,0.53513,0.53267,0.53362
1,2.2524e+05,2.163,12.12,195,800,2.0907,11.965,187.26,894.33,0.28052,0.13607,0.028096,0.25293,0.12889,0.024384,0.23154,0.12392,0.021312,252,252,252,219,219,220,182,179,177,160,161,166,63,63,63,81,84,85,0.52775,0.53023,0.53328
1,2.2534e+05,2.163,12.04,195,800,2.0992,11.886,187.34,1013.6,0.25275,0.12412,0.023104,0.20768,0.11764,0.018688,0.18009,0.11322,0.015808,248,250,251,214,219,220,180,178,177,161,163,167,70,66,65,82,84,84,0.53294,0.53186,0.53236
1,2.2544e+05,2.163,11.96,195,800,2.0875,11.817,186.24,625.93,0.29037,0.12234,0.026048,0.24381,0.11884,0.021824,0.21726,0.11617,0.019136,253,251,250,226,229,230,171,174,177,164,166,168,69,68,69,86,86,88,0.53413,0.53356,0.53223
1,2.2554e+05,2.163,11.88,195,800,2.095,11.737,187.37,549.94,0.26461,0.13008,0.02624,0.23344,0.1253,0.022464,0.207,0.1205,0.019072,254,250,251,251,240,231,181,178,176,166,166,167,65,68,72,90,90,90,0.53899,0.53554,0.53393
1,2.2564e+05,2.163,11.8,195,800,2.0907,11.645,187.27,868.62,0.2528,0.12486,0.023104,0.21508,0.11908,0.019264,0.19834,0.11741,0.017408,252,250,251,230,234,231,172,179,177,160,163,164,74,81,87,92,97,99,0.53221,0.53609,0.5358
1,2.2574e+05,2.163,11.72,195,800,2.1003,11.564,187.87,694.45,0.2894,0.12658,0.027328,0.24906,0.11988,0.022336,0.21575,0.11608,0.019264,254,253,253,226,225,224,178,178,177,160,157,155,107,104,98,112,110,111,0.52977,0.53265,0.53401
1,2.2584e+05,2.163,11.64,195,800,2.1034,11.475,186.67,1120.4,0.27456,0.11983,0.024384,0.25064,0.11547,0.02112,0.22903,0.10623,0.018304,255,254,253,238,231,222,177,180,180,147,148,149,106,105,100,122,120,119,0.53352,0.53126,0.53317
1,2.2594e+05,2.163,11.56,195,800,2.0759,11.413,185.6,775.14,0.2625,0.12245,0.022208,0.23514,0.11812,0.018624,0.19177,0.11093,0.015552,253,253,253,236,220,212,189,186,183,122,129,135,100,93,89,142,141,140,0.52837,0.53531,0.53688
1,2.2604e+05,2.163,11.48,195,800,2.0769,11.342,186.73,996,0.279,0.13092,0.026944,0.25308,0.12449,0.023616,0.23163,0.1194,0.020928,249,252,252,195,205,205,185,184,183,122,125,130,89,87,84,153,152,150,0.54346,0.54192,0.54212
1,2.2614e+05,2.163,11.4,195,800,2.095,11.26,187.71,484.6,0.2336,0.12591,0.022016,0.20059,0.11952,0.018496,0.17734,0.11702,0.016128,246,248,249,189,192,196,174,177,178,119,121,123,80,76,72,177,175,177,0.53528,0.54147,0.54628
1,2.2624e+05,2.163,11.32,195,800,2.0833,11.19,186.29,675.61,0.20511,0.13115,0.02016,0.17958,0.12229,0.017024,0.16817,0.11968,0.015488,249,247,249,208,202,202,171,171,171,115,117,120,51,57,62,209,211,213,0.55489,0.55447,0.55225
1,2.2634e+05,2.163,11.24,195,800,2.1087,11.072,186.96,1239.2,0.28571,0.11922,0.025536,0.25131,0.11373,0.021568,0.22771,0.11127,0.018752,249,249,249,199,206,205,164,169,170,114,119,125,49,53,59,233,233,229,0.55917,0.55692,0.55507
1,2.2644e+05,2.163,11.16,195,800,2.0939,11.016,186.78,708.99,0.29215,0.1196,0.024896,0.23214,0.11677,0.020288,0.20826,0.11449,0.01792,253,252,251,206,202,202,173,172,168,144,153,160,58,62,70,251,243,233,0.56396,0.56312,0.56492
1,2.2654e+05,2.163,11.08,195,800,2.0822,10.954,186.45,909.51,0.25089,0.12696,0.024832,0.23332,0.12074,0.02176,0.21685,0.11894,0.01984,252,252,249,188,193,196,165,169,170,186,189,187,72,80,94,224,223,221,0.57571,0.57664,0.58014
1,2.2664e+05,2.163,11,195,800,2.0769,10.887,154.34,441.5,0.26672,0.12443,0.02432,0.22925,0.11867,0.020544,0.20289,0.11773,0.017984,239,247,245,166,180,187,169,172,172,255,247,235,148,145,139,167,180,191,0.52838,0.53039,0.52875
1,2.2966e+05,2.07,11,195,800,2.0005,10.911,0.035407,548.85,0,0,0,0,0,0,0,0,0,241,243,245,180,178,178,191,182,179,250,236,228,196,162,143,188,196,199,0.50813,0.51433,0.52201
1,2.2976e+05,2.07,11.08,195,800,1.9899,10.996,186.36,1178.4,0.16608,0.12419,0.015744,0.16114,0.11353,0.014272,0.14748,0.11346,0.013056,252,251,249,195,191,190,180,176,175,167,172,180,76,83,96,250,242,229,0.58369,0.58274,0.58099
1,2.2986e+05,2.07,11.16,195,800,2.0058,11.06,184.72,928.83,0.25856,0.12404,0.023936,0.22749,0.1167,0.020032,0.19839,0.11298,0.017024,249,250,250,195,198,198,178,174,173,140,144,153,60,64,73,255,252,243,0.57373,0.5699,0.56762
1,2.2996e+05,2.07,11.24,195,800,2.0133,11.111,185.93,546.81,0.25868,0.12838,0.025216,0.23661,0.12063,0.021952,0.22176,0.116,0.019712,249,249,249,231,220,210,167,169,172,117,119,124,65,65,64,252,248,240,0.54339,0.55513,0.55709
1,2.3006e+05,2.07,11.32,195,800,1.9825,11.221,187.04,770.44,0.47595,0.11038,0.034944,0.29704,0.11038,0.022464,0.19444,0.10625,0.01536,246,247,248,231,221,208,170,171,173,119,118,119,73,70,66,238,232,224,0.55766,0.55549,0.55394
1,2.3016e+05,2.07,11.4,195,800,1.9942,11.276,186.48,1001.8,0.31441,0.12275,0.027712,0.28982,0.1123,0.023104,0.25997,0.10492,0.019392,245,245,247,189,195,199,184,180,179,121,120,120,67,68,69,174,181,187,0.53762,0.54538,0.54827
1,2.3026e+05,2.07,11.48,195,800,1.9931,11.364,185.77,847.79,0.36179,0.1238,0.030336,0.28736,0.11635,0.02464,0.25699,0.10956,0.020992,249,249,249,184,187,194,190,187,184,126,125,127,66,69,74,147,148,150,0.54552,0.54416,0.54363
1,2.3036e+05,2.07,11.56,195,800,2.0026,11.441,183.54,920.25,0.3017,0.14144,0.02976,0.26274,0.1308,0.024512,0.23574,0.12608,0.02112,253,251,251,182,192,200,186,188,183,133,132,134,70,75,80,133,135,137,0.54027,0.53835,0.53963
1,2.3046e+05,2.07,11.64,195,800,1.9931,11.528,187.28,911.69,0.31038,0.11646,0.026368,0.27368,0.11159,0.022272,0.24332,0.10626,0.0192,253,253,253,212,212,213,175,176,179,150,149,151,100,99,97,108,114,118,0.53362,0.53437,0.53455
1,2.3056e+05,2.07,11.72,195,800,1.991,11.599,187.23,964.42,0.27147,0.13407,0.027008,0.24093,0.12744,0.022656,0.21328,0.12151,0.01984,253,252,253,219,218,220,166,173,177,155,157,161,116,109,101,105,108,109,0.5315,0.53091,0.53362
1,2.3066e+05,2.07,11.8,195,800,1.9995,11.655,185.86,641.13,0.30142,0.12738,0.028864,0.26147,0.1249,0.024704,0.23692,0.11729,0.021248,254,251,252,231,232,227,176,179,178,174,175,173,94,101,99,92,95,96,0.5422,0.5363,0.53444
1,2.3076e+05,2.07,11.88,195,800,2.0016,11.76,185.58,933.61,0.29923,0.12685,0.02784,0.26636,0.12153,0.023488,0.23106,0.1144,0.019712,253,250,251,227,233,228,176,179,178,176,177,176,84,81,81,84,84,86,0.53506,0.53689,0.53565
1,2.3086e+05,2.07,11.96,195,800,1.9761,11.862,185.65,1014.6,0.28661,0.12112,0.025728,0.26393,0.11636,0.022848,0.2403,0.10878,0.01952,252,251,251,232,231,227,174,176,178,181,176,174,75,71,73,81,82,85,0.53103,0.53523,0.53368
1,2.3096e+05,2.07,12.04,195,800,1.9931,11.919,186.76,1269.9,0.20492,0.12285,0.018688,0.16877,0.11185,0.01504,0.15517,0.11229,0.013568,254,253,252,242,233,222,175,177,177,182,177,171,57,60,64,90,89,86,0.54079,0.5382,0.535
1,2.3106e+05,2.07,12.12,195,800,1.9995,12,187.75,1080.2,0.3133,0.12542,0.02912,0.29454,0.11917,0.025856,0.28076,0.10995,0.022528,255,254,252,232,227,220,182,178,176,183,177,171,61,62,64,98,92,86,0.53796,0.5354,0.53532
1,2.3116e+05,2.07,12.2,195,800,1.9995,12.051,187.58,827.73,0.3252,0.12016,0.028864,0.28256,0.11455,0.02368,0.25658,0.10877,0.019968,254,252,252,216,212,209,168,171,173,186,170,161,63,63,61,83,87,88,0.53076,0.53137,0.53306
1,2.3126e+05,2.07,12.28,195,800,2.0058,12.144,185.48,892.67,0.28656,0.11856,0.023872,0.25565,0.10984,0.01984,0.24547,0.10448,0.017344,248,251,251,196,197,203,164,167,172,142,150,153,56,55,57,88,88,91,0.53934,0.53425,0.53337
1,2.3136e+05,2.07,12.36,195,800,1.9857,12.234,187.56,833.51,0.25699,0.12274,0.02368,0.23283,0.11809,0.020544,0.21735,0.10862,0.017472,253,253,252,201,200,203,170,173,174,156,149,148,55,54,55,87,95,94,0.52404,0.5325,0.53378
1,2.3146e+05,2.07,12.44,195,800,1.9857,12.306,187.1,1090.7,0.28903,0.13018,0.027776,0.27303,0.12014,0.023616,0.2541,0.11669,0.02144,253,254,254,205,207,207,190,184,179,144,143,141,54,53,53,112,104,95,0.53294,0.53526,0.5341
1,2.3156e+05,2.07,12.52,195,800,2.008,12.373,187.16,925.29,0.29405,0.12314,0.025856,0.24925,0.11941,0.021696,0.22484,0.11273,0.018624,254,254,254,204,207,205,185,182,180,136,136,136,51,52,52,95,97,95,0.53386,0.53262,0.53161
1,2.3166e+05,2.07,12.6,195,800,1.9931,12.464,187.28,693.33,0.30978,0.12994,0.029184,0.26865,0.12274,0.024704,0.24785,0.11832,0.021888,255,255,255,202,196,198,174,176,178,124,123,125,48,48,51,90,91,94,0.5309,0.53154,0.53096
1,2.3176e+05,2.07,12.68,195,800,1.9846,12.549,186.17,600.6,0.25087,0.11961,0.02272,0.2326,0.11261,0.02016,0.22158,0.10817,0.018048,255,255,255,190,197,200,171,175,177,116,118,121,51,52,53,100,100,100,0.53879,0.53205,0.53066
1,2.3186e+05,2.07,12.76,195,800,1.9973,12.62,187.12,624.5,0.25136,0.12421,0.022336,0.2121,0.12085,0.018624,0.17837,0.11295,0.01568,255,255,255,206,205,201,171,174,176,120,121,123,53,55,54,104,104,102,0.53625,0.53299,0.52964
1,2.3196e+05,2.07,12.84,195,800,2.0069,12.69,185.56,998.89,0.28249,0.13069,0.028224,0.25226,0.12011,0.02336,0.22904,0.11593,0.02048,254,252,251,194,198,201,174,173,174,125,128,130,56,57,58,99,102,105,0.5184,0.52716,0.52853
1,2.3206e+05,2.07,12.92,195,800,1.9973,12.778,186.95,809.15,0.32384,0.12457,0.029056,0.28,0.11593,0.023872,0.24905,0.11224,0.020544,247,248,250,190,194,196,171,171,172,131,133,136,60,60,60,100,103,106,0.53424,0.53058,0.52931
1,2.3216e+05,2.07,13,195,800,2.0037,12.855,186.51,721.97,0.28147,0.12881,0.026816,0.2498,0.11763,0.022336,0.22114,0.11572,0.018944,246,248,248,187,189,187,167,168,170,147,152,156,69,66,65,112,110,106,0.53116,0.52786,0.52673
1,2.3226e+05,2.07,13.08,195,800,1.9878,12.949,187.92,604.92,0.26699,0.12754,0.024576,0.23087,0.12263,0.020864,0.20164,0.11636,0.017472,252,250,248,186,185,186,163,165,169,178,183,184,65,68,72,99,102,104,0.52496,0.5253,0.52426
1,2.3236e+05,2.07,13.16,195,800,2.0058,13.005,186.12,734.66,0.27669,0.12555,0.025088,0.2455,0.11608,0.020672,0.20629,0.11437,0.017728,242,247,247,201,189,183,162,165,169,197,200,202,72,72,75,92,99,103,0.52366,0.53092,0.52835
1,2.3246e+05,2.07,13.24,195,800,2.0101,13.097,187.18,945.8,0.2771,0.13043,0.027136,0.24409,0.12139,0.02272,0.21664,0.11822,0.019648,245,245,246,171,180,184,168,170,169,235,235,231,82,86,91,99,100,100,0.53173,0.5301,0.52745
1,2.3256e+05,2.07,13.32,195,800,1.9942,13.184,186.06,905.71,0.28694,0.12689,0.027584,0.25411,0.12202,0.023488,0.22643,0.11638,0.020416,251,248,246,168,180,185,163,168,170,247,246,241,95,100,99,94,98,101,0.5184,0.5252,0.52635
1,2.3266e+05,2.07,13.4,195,800,2.0069,13.254,187.41,706.28,0.30463,0.12334,0.027904,0.27366,0.11424,0.02336,0.23871,0.11149,0.019648,253,252,249,192,197,197,168,169,172,251,252,252,111,111,107,92,97,102,0.52176,0.52673,0.52827
1,2.3276e+05,2.07,13.48,195,800,1.9931,13.327,185.53,580.78,0.2114,0.16656,0.0256,0.19934,0.16023,0.022592,0.18673,0.15876,0.020224,253,251,249,215,215,212,174,178,178,255,255,255,103,102,105,104,104,108,0.52739,0.53158,0.52871
1,2.3286e+05,2.07,13.56,195,800,2.0016,13.398,186.91,782.42,0.27951,0.11911,0.025152,0.2522,0.11335,0.021568,0.23551,0.10654,0.019072,249,249,248,222,221,217,179,183,181,255,255,255,105,102,103,107,109,114,0.52093,0.52476,0.52735
1,2.3296e+05,2.07,13.64,195,800,2.0186,13.489,186.48,678.63,0.34448,0.12306,0.030016,0.31221,0.11442,0.025216,0.28079,0.10927,0.020864,245,245,244,221,219,213,187,185,181,255,255,255,98,101,101,123,128,136,0.53671,0.53177,0.53115
1,2.3306e+05,2.07,13.72,195,800,2.0058,13.566,186.65,668.08,0.2981,0.12287,0.026112,0.24955,0.11483,0.021184,0.20205,0.11124,0.017344,237,241,243,219,209,206,185,183,181,255,255,252,100,100,98,138,149,159,0.53503,0.53423,0.53158
1,2.3316e+05,2.07,13.8,195,800,1.9995,13.656,186.93,1073.3,0.31845,0.12384,0.028672,0.28169,0.11984,0.024832,0.25533,0.11695,0.02176,234,239,243,205,202,203,183,180,175,242,239,233,92,92,96,232,220,211,0.51635,0.52706,0.52953
1,2.3326e+05,2.07,13.88,195,800,1.9931,13.726,187,920.98,0.24623,0.1191,0.022656,0.23482,0.11068,0.019584,0.21459,0.10605,0.017472,250,249,248,238,227,216,163,169,170,195,203,210,111,108,112,250,250,241,0.52639,0.5308,0.53466
1,2.3336e+05,2.07,13.96,195,800,2.009,13.78,154.34,726.05,0.33471,0.11581,0.027584,0.27383,0.11016,0.021504,0.23434,0.10379,0.017856,254,253,251,238,232,223,161,166,169,193,198,204,140,130,128,240,240,236,0.53347,0.53795,0.53948
1,2.3638e+05,1.977,13.96,195,800,1.9103,13.74,0.27045,1273.5,0,0,0,0,0,0,0,0,0,255,253,251,241,236,226,163,164,168,200,202,207,132,128,126,239,237,235,0.54547,0.54683,0.54085
1,2.3648e+05,1.977,13.88,195,800,1.8902,13.689,185.6,986.56,0.1796,0.12935,0.01824,0.16723,0.12089,0.015552,0.15497,0.1143,0.01408,254,251,248,239,231,219,159,166,170,203,207,213,105,108,111,252,249,241,0.5315,0.53217,0.53514
1,2.3658e+05,1.977,13.8,195,800,1.8997,13.604,185.7,679.51,0.23506,0.13464,0.02464,0.21795,0.128,0.021824,0.19718,0.12201,0.018752,239,241,244,203,208,209,179,175,173,247,240,235,88,92,97,231,222,212,0.5402,0.53701,0.53674
1,2.3668e+05,1.977,13.72,195,800,1.904,13.531,188.52,733.16,0.26772,0.14542,0.029248,0.25683,0.13596,0.02592,0.23824,0.12884,0.023296,244,243,244,234,224,214,177,179,179,255,255,252,105,102,99,146,151,159,0.5329,0.53528,0.5352
1,2.3678e+05,1.977,13.64,195,800,1.904,13.447,186.18,957.9,0.34636,0.15443,0.040512,0.3286,0.1451,0.036032,0.31087,0.13232,0.031232,251,247,245,235,231,220,184,183,181,255,255,255,105,104,102,128,129,136,0.52677,0.53186,0.53082
1,2.3688e+05,1.977,13.56,195,800,1.9114,13.371,187.44,591.35,0.39638,0.11601,0.030336,0.26599,0.11225,0.021248,0.23357,0.1058,0.017792,249,249,248,225,221,217,188,184,182,255,255,255,100,102,104,109,111,115,0.52579,0.52709,0.52892
1,2.3698e+05,1.977,13.48,195,800,1.9093,13.294,187.41,705.01,0.31672,0.12692,0.030912,0.29636,0.11949,0.027072,0.27382,0.11184,0.023296,251,249,248,218,212,209,183,181,181,255,255,255,96,101,106,106,108,111,0.53209,0.53093,0.53009
1,2.3708e+05,1.977,13.4,195,800,1.9209,13.208,187.32,938.97,0.37182,0.13692,0.037376,0.34987,0.12177,0.030848,0.32987,0.111,0.025984,250,249,246,191,190,192,177,177,175,254,253,253,111,108,107,104,102,104,0.53957,0.53553,0.53122
1,2.3718e+05,1.977,13.32,195,800,1.9178,13.125,187.22,609.29,0.28406,0.14382,0.029056,0.24529,0.1265,0.02368,0.21672,0.12397,0.020864,243,243,243,176,176,184,178,175,173,252,248,243,102,101,99,99,97,99,0.54015,0.52968,0.52881
1,2.3728e+05,1.977,13.24,195,800,1.8912,13.074,187.54,708.7,0.36117,0.12907,0.033152,0.26306,0.12139,0.024128,0.24271,0.1192,0.021696,240,241,243,175,180,184,179,173,171,245,237,233,89,90,94,100,96,96,0.52284,0.52813,0.53001
1,2.3738e+05,1.977,13.16,195,800,1.9029,13.002,186.68,685.82,0.40086,0.11666,0.030656,0.2587,0.115,0.021568,0.20784,0.10934,0.01728,246,246,246,203,193,184,158,166,172,204,203,203,73,77,80,94,95,99,0.53353,0.52692,0.52844
1,2.3748e+05,1.977,13.08,195,800,1.9167,12.901,187.91,702.55,0.27671,0.13355,0.028736,0.26352,0.11955,0.024384,0.24523,0.1164,0.02208,251,249,247,189,188,186,160,166,171,188,185,185,73,74,76,100,100,101,0.53102,0.52816,0.52931
1,2.3758e+05,1.977,13,195,800,1.9114,12.821,186.28,742.88,0.30217,0.12675,0.028992,0.26126,0.12241,0.02464,0.24354,0.11281,0.021184,249,248,249,193,188,186,171,170,173,153,155,157,64,66,68,116,110,105,0.52046,0.52985,0.53003
1,2.3768e+05,1.977,12.92,195,800,1.9061,12.749,186.37,686.03,0.36273,0.13051,0.03392,0.32421,0.12055,0.028352,0.28229,0.11641,0.023936,243,247,250,192,193,194,172,173,174,138,137,138,57,60,62,100,101,104,0.54445,0.53312,0.53072
1,2.3778e+05,1.977,12.84,195,800,1.9167,12.677,186.03,929.64,0.18948,0.12212,0.018048,0.17267,0.11321,0.01536,0.15785,0.11098,0.01376,250,251,251,191,195,199,173,174,175,131,131,132,61,58,59,100,100,102,0.54272,0.53102,0.53174
1,2.3788e+05,1.977,12.76,195,800,1.9072,12.585,186.32,820.65,0.23928,0.12981,0.022272,0.20963,0.12414,0.0192,0.18874,0.12,0.016768,255,255,254,211,204,199,172,173,177,122,122,124,52,54,55,102,100,99,0.52911,0.52718,0.52955
1,2.3798e+05,1.977,12.68,195,800,1.9167,12.502,185.5,675.77,0.31205,0.12239,0.026816,0.26943,0.11842,0.0224,0.23526,0.10974,0.018496,255,255,255,196,196,198,174,175,177,119,120,122,51,51,53,98,97,97,0.52643,0.52676,0.52872
1,2.3808e+05,1.977,12.6,195,800,1.9135,12.44,185.75,652.74,0.31994,0.11897,0.02816,0.27468,0.11217,0.02272,0.23957,0.10354,0.01888,255,255,255,189,190,196,173,175,178,123,123,126,49,48,50,90,91,93,0.53519,0.53692,0.53421
1,2.3818e+05,1.977,12.52,195,800,1.8997,12.367,186.21,691.93,0.36133,0.12183,0.031168,0.30322,0.11343,0.024704,0.25185,0.11004,0.020544,255,254,254,214,210,203,177,177,179,140,138,136,48,49,51,95,95,95,0.53628,0.53209,0.53111
1,2.3828e+05,1.977,12.44,195,800,1.9178,12.257,186.21,876.19,0.29616,0.11446,0.02432,0.23822,0.10551,0.019008,0.20912,0.10212,0.016128,254,254,254,223,214,205,180,177,177,150,146,142,51,52,52,102,98,94,0.53557,0.53275,0.53407
1,2.3838e+05,1.977,12.36,195,800,1.9156,12.186,186.99,906.59,0.30556,0.12566,0.028352,0.26147,0.11781,0.02336,0.23094,0.11034,0.019392,253,252,252,203,201,201,171,171,174,156,150,150,53,53,54,85,89,92,0.52483,0.53429,0.53656
1,2.3848e+05,1.977,12.28,195,800,1.9072,12.122,185.41,962.09,0.22893,0.1216,0.019968,0.19767,0.11597,0.016704,0.18216,0.11135,0.01472,248,249,252,196,197,201,168,169,173,141,150,156,50,54,57,82,84,89,0.53603,0.5343,0.53596
1,2.3858e+05,1.977,12.2,195,800,1.9029,12.061,186.23,393.48,0.26361,0.11839,0.023232,0.23838,0.11232,0.01952,0.21768,0.10628,0.017088,252,251,252,214,209,207,170,173,175,172,168,165,76,68,61,83,85,86,0.5467,0.54051,0.53665
1,2.3868e+05,1.977,12.12,195,800,1.9146,11.971,185.43,873.38,0.27122,0.12378,0.025344,0.24812,0.11836,0.022144,0.22712,0.11466,0.019456,255,254,252,219,219,219,179,178,178,179,176,174,64,64,63,93,89,86,0.53992,0.53729,0.53617
1,2.3878e+05,1.977,12.04,195,800,1.9019,11.882,185.99,837.16,0.27575,0.12283,0.025984,0.2587,0.11325,0.02272,0.23911,0.11016,0.020416,255,253,252,222,222,220,178,178,178,177,175,173,57,60,63,88,87,86,0.53152,0.53498,0.53509
1,2.3888e+05,1.977,11.96,195,800,1.9019,11.805,186.22,672.91,0.31083,0.12439,0.028608,0.29177,0.11737,0.024704,0.25964,0.11192,0.020864,252,252,251,213,217,222,178,177,177,173,174,178,71,71,73,78,80,84,0.54223,0.53486,0.53464
1,2.3898e+05,1.977,11.88,195,800,1.905,11.714,187.7,599.92,0.2965,0.12972,0.02848,0.27246,0.11957,0.02464,0.24062,0.11617,0.021248,252,251,251,210,218,223,179,178,178,175,180,182,86,86,83,78,81,85,0.53681,0.53864,0.53674
1,2.3908e+05,1.977,11.8,195,800,1.9019,11.651,185.55,1143.6,0.34536,0.12633,0.030528,0.29681,0.121,0.025408,0.26596,0.11491,0.021568,254,251,252,227,226,224,179,180,179,187,186,182,119,115,102,91,94,96,0.54357,0.53737,0.53704
1,2.3918e+05,1.977,11.72,195,800,1.8902,11.584,185.96,863.91,0.29877,0.12337,0.02592,0.26143,0.11435,0.021184,0.2409,0.11269,0.018688,253,252,253,218,216,217,169,173,178,156,163,169,116,109,101,111,110,109,0.539,0.53631,0.53641
1,2.3928e+05,1.977,11.64,195,800,1.9167,11.494,187.28,831.58,0.29644,0.12751,0.028672,0.26252,0.12243,0.024192,0.24383,0.11393,0.021504,250,252,253,205,206,209,168,174,179,154,155,157,93,94,94,110,114,117,0.53263,0.53281,0.53527
1,2.3938e+05,1.977,11.56,195,800,1.905,11.432,185.72,760.99,0.38927,0.1394,0.034752,0.33835,0.13035,0.027968,0.28517,0.12704,0.022272,253,251,251,175,187,195,195,188,182,138,137,137,68,70,76,132,133,135,0.5501,0.54551,0.54312
1,2.3948e+05,1.977,11.48,195,800,1.9114,11.331,185.59,901.12,0.25573,0.15217,0.028096,0.22644,0.14429,0.02368,0.20119,0.1354,0.020288,247,249,249,187,187,189,193,188,183,123,127,130,61,64,71,145,146,148,0.54426,0.54299,0.54491
1,2.3958e+05,1.977,11.4,195,800,1.9008,11.254,185.85,852.71,0.24207,0.12465,0.022976,0.21485,0.11633,0.019328,0.20126,0.10881,0.016704,244,246,247,190,196,198,180,178,178,120,120,121,66,66,67,171,184,189,0.55544,0.55035,0.55006
1,2.3968e+05,1.977,11.32,195,800,1.9209,11.163,186.38,1118.2,0.30435,0.13059,0.02944,0.25993,0.12077,0.02368,0.22296,0.11976,0.020352,249,248,248,239,220,207,170,172,173,113,118,121,85,75,67,249,238,229,0.55435,0.55423,0.55364
1,2.3978e+05,1.977,11.24,195,800,1.9093,11.096,185.9,803.1,0.27664,0.12501,0.02528,0.23141,0.11911,0.020736,0.20184,0.11435,0.017536,249,250,249,221,217,209,168,171,173,114,120,125,78,71,65,255,252,244,0.56178,0.55945,0.55837
1,2.3988e+05,1.977,11.16,195,800,1.8976,11.037,188.16,724.15,0.25224,0.12266,0.023232,0.23404,0.1147,0.019968,0.22099,0.11207,0.018368,249,250,250,199,197,197,172,176,174,139,144,154,59,65,74,255,254,247,0.57198,0.56848,0.56708
1,2.3998e+05,1.977,11.08,195,800,1.904,10.939,186.32,668.39,0.2662,0.12389,0.024448,0.22972,0.11784,0.020608,0.21056,0.11364,0.018368,249,250,248,200,190,188,176,178,176,162,170,180,73,82,97,251,245,232,0.58323,0.57869,0.57972
1,2.4008e+05,1.977,11,195,800,1.9093,10.872,152.69,727.63,0.27429,0.1145,0.023872,0.24545,0.10914,0.020032,0.21531,0.10703,0.01728,232,243,243,173,176,177,181,181,179,246,234,227,177,159,147,175,196,201,0.53283,0.53095,0.52656
1,2.431e+05,1.884,11,195,800,1.7936,10.942,0.068511,1210.9,0,0,0,0,0,0,0,0,0,229,238,240,163,167,173,166,171,173,255,245,235,179,151,137,165,186,198,0.53455,0.53174,0.52726
1,2.432e+05,1.884,11.08,195,800,1.8202,10.982,187.19,910.83,0.18588,0.11351,0.016192,0.17283,0.10216,0.013632,0.15618,0.10002,0.01184,246,247,246,178,183,187,178,174,172,186,188,190,72,79,93,246,238,229,0.58732,0.58374,0.58286
1,2.433e+05,1.884,11.16,195,800,1.8308,11.04,184.58,788.42,0.19665,0.13437,0.020032,0.17101,0.12494,0.016768,0.16114,0.11509,0.01472,250,250,248,197,195,194,174,173,171,149,156,163,58,63,72,255,252,245,0.57238,0.56982,0.56934
1,2.434e+05,1.884,11.24,195,800,1.8095,11.128,185.54,872.15,0.27976,0.13114,0.027904,0.2594,0.11981,0.023744,0.2373,0.11515,0.020672,247,250,249,199,204,206,175,171,170,125,124,128,63,63,64,255,253,246,0.55962,0.55817,0.55858
1,2.435e+05,1.884,11.32,195,800,1.8329,11.194,186.13,625.08,0.34003,0.13557,0.0352,0.32337,0.12279,0.029888,0.30175,0.11156,0.024896,249,248,248,201,204,205,175,171,170,120,120,123,65,66,66,252,242,231,0.55519,0.5568,0.55513
1,2.436e+05,1.884,11.4,195,800,1.8138,11.276,186.3,736.6,0.39418,0.1338,0.039616,0.3446,0.1249,0.032256,0.32131,0.11461,0.027328,245,246,247,180,191,198,168,172,175,125,124,125,63,66,71,186,187,188,0.55405,0.55068,0.55079
1,2.437e+05,1.884,11.48,195,800,1.8138,11.389,186.78,908.62,0.34799,0.12936,0.033664,0.31783,0.11695,0.027648,0.28398,0.11148,0.02368,251,250,249,192,186,188,182,181,181,134,133,135,68,73,77,138,138,142,0.5453,0.54739,0.54786
1,2.438e+05,1.884,11.56,195,800,1.8202,11.422,187.44,840.44,0.34002,0.11895,0.02944,0.28006,0.11293,0.023616,0.25413,0.10764,0.020032,253,252,251,195,189,190,179,183,182,137,141,142,77,80,82,120,125,129,0.54721,0.54359,0.54382
1,2.439e+05,1.884,11.64,195,800,1.8233,11.513,186.09,760.73,0.27226,0.13468,0.027008,0.24807,0.12557,0.022976,0.23322,0.12232,0.020992,254,253,253,210,209,207,174,178,182,170,166,164,88,93,95,120,116,116,0.53662,0.53409,0.5358
1,2.44e+05,1.884,11.72,195,800,1.8159,11.589,186.08,569.05,0.2621,0.1531,0.027968,0.23557,0.13644,0.023104,0.20845,0.12687,0.019072,255,254,253,230,223,215,174,180,181,186,183,177,88,99,102,117,113,111,0.53928,0.53967,0.53897
1,2.441e+05,1.884,11.8,195,800,1.818,11.677,187.49,898.43,0.25988,0.11824,0.023168,0.22932,0.11155,0.019008,0.20509,0.10864,0.016448,252,253,253,220,220,215,194,183,178,232,211,191,121,111,102,95,96,100,0.53867,0.54081,0.53917
1,2.442e+05,1.884,11.88,195,800,1.8308,11.731,185.85,600.2,0.26743,0.13186,0.027008,0.24524,0.12594,0.023552,0.22494,0.12062,0.020736,255,252,252,186,198,205,169,172,177,187,185,184,73,82,85,85,85,89,0.53553,0.53572,0.53866
1,2.443e+05,1.884,11.96,195,800,1.8414,11.801,186.98,670.9,0.33907,0.12488,0.031296,0.30593,0.1157,0.026432,0.27399,0.11304,0.023168,255,251,250,204,199,203,174,175,176,168,171,177,61,67,75,87,85,86,0.54195,0.53785,0.5369
1,2.444e+05,1.884,12.04,195,800,1.818,11.914,185.84,993.4,0.31378,0.13073,0.03072,0.29091,0.1193,0.025664,0.25122,0.11682,0.022464,243,247,249,210,207,208,184,182,180,175,169,168,57,62,65,81,83,84,0.54284,0.53389,0.53436
1,2.445e+05,1.884,12.12,195,800,1.7989,12.024,186.04,879.69,0.26137,0.12867,0.025344,0.24026,0.12124,0.021504,0.2149,0.11553,0.018944,250,249,249,208,206,209,190,183,181,173,168,168,62,64,65,81,82,86,0.54773,0.53989,0.53591
1,2.446e+05,1.884,12.2,195,800,1.8149,12.075,186.23,736.14,0.30955,0.12436,0.027904,0.27284,0.11935,0.023104,0.23839,0.1128,0.0192,252,250,250,201,203,204,190,183,179,184,168,161,64,62,60,82,85,90,0.53687,0.53763,0.53675
1,2.447e+05,1.884,12.28,195,800,1.8255,12.143,186.24,761.6,0.38489,0.11871,0.0272,0.23038,0.11473,0.018624,0.1867,0.11525,0.01632,254,252,252,186,195,199,173,176,174,152,154,152,48,53,56,83,88,92,0.53168,0.53575,0.53718
1,2.448e+05,1.884,12.36,195,800,1.8042,12.247,186.81,944.41,0.27714,0.12466,0.024512,0.24551,0.11619,0.020608,0.22723,0.11272,0.018112,254,254,253,198,196,199,170,171,173,150,146,147,56,53,53,91,88,93,0.53679,0.53836,0.53792
1,2.449e+05,1.884,12.44,195,800,1.8149,12.311,186.89,809.4,0.27758,0.12614,0.025472,0.25227,0.11714,0.021632,0.23104,0.11506,0.019392,254,255,254,207,205,200,181,174,175,148,142,140,51,51,52,92,91,92,0.53524,0.53683,0.53641
1,2.45e+05,1.884,12.52,195,800,1.8286,12.367,187.5,508.52,0.30119,0.12953,0.028288,0.27686,0.12147,0.023552,0.23138,0.11543,0.019968,255,255,255,209,203,197,178,177,176,139,137,137,49,49,51,94,92,92,0.53041,0.53339,0.53534
1,2.451e+05,1.884,12.6,195,800,1.8403,12.45,185.98,776.02,0.32323,0.12652,0.029568,0.28437,0.12174,0.025536,0.25598,0.11554,0.02208,254,255,255,179,185,194,183,180,178,126,129,133,50,50,52,93,92,93,0.52657,0.53625,0.53661
1,2.452e+05,1.884,12.68,195,800,1.8318,12.535,186.85,819.68,0.33027,0.12615,0.030912,0.30037,0.1193,0.026048,0.28274,0.10894,0.022784,255,255,255,208,203,199,184,180,178,129,131,131,52,53,56,91,93,95,0.53418,0.52675,0.53087
1,2.453e+05,1.884,12.76,195,800,1.8255,12.62,187.59,914.22,0.25149,0.12506,0.023936,0.22517,0.11995,0.020288,0.20894,0.11113,0.017728,255,255,254,222,211,201,181,179,179,128,130,132,59,57,58,92,95,97,0.54591,0.53503,0.53318
1,2.454e+05,1.884,12.84,195,800,1.8149,12.706,187.28,772.19,0.29705,0.13134,0.028992,0.26621,0.12632,0.025088,0.24401,0.12026,0.021888,252,252,251,189,195,201,187,184,181,135,135,136,61,62,63,98,99,100,0.53148,0.53158,0.53289
1,2.455e+05,1.884,12.92,195,800,1.8127,12.782,187.2,866.22,0.29056,0.11985,0.021568,0.17205,0.11947,0.016064,0.1633,0.11354,0.014528,252,250,250,184,189,195,190,184,181,145,143,141,61,64,65,98,101,103,0.51496,0.52829,0.53064
1,2.456e+05,1.884,13,195,800,1.8,12.874,186.92,1078.4,0.26052,0.12219,0.021632,0.18461,0.11933,0.016704,0.16206,0.11335,0.0144,249,249,248,181,183,185,175,180,182,157,159,160,70,70,72,110,108,105,0.52477,0.52953,0.53056
1,2.457e+05,1.884,13.08,195,800,1.817,12.924,186.61,949.81,0.28396,0.13002,0.027904,0.25465,0.1227,0.02336,0.22402,0.11636,0.019776,248,247,245,175,179,182,194,185,179,185,186,186,98,92,85,95,99,100,0.51734,0.52787,0.53089
1,2.458e+05,1.884,13.16,195,800,1.8106,13.016,185.91,794.83,0.32887,0.12578,0.02944,0.28393,0.12028,0.024192,0.23084,0.11717,0.020416,246,244,243,187,185,183,182,181,179,207,202,202,108,100,90,90,94,97,0.54582,0.53505,0.53252
1,2.459e+05,1.884,13.24,195,800,1.8202,13.084,184.94,769.96,0.26923,0.12492,0.024832,0.22883,0.12041,0.020608,0.21231,0.11241,0.017984,231,236,240,189,188,188,176,176,176,232,232,231,94,98,97,88,94,99,0.53357,0.53003,0.52991
1,2.46e+05,1.884,13.32,195,800,1.8223,13.177,185.49,915.43,0.27841,0.1208,0.024832,0.2342,0.11803,0.020864,0.2174,0.10889,0.018048,230,235,239,175,184,189,174,179,177,250,245,241,105,99,98,94,100,104,0.52855,0.53286,0.53259
1,2.461e+05,1.884,13.4,195,800,1.8255,13.239,187.06,928.47,0.27941,0.12119,0.023872,0.23159,0.11747,0.019712,0.20038,0.11173,0.016704,238,240,242,179,185,192,192,184,179,255,255,253,102,104,102,121,118,115,0.5274,0.52916,0.53101
1,2.462e+05,1.884,13.48,195,800,1.8106,13.322,186.84,581.88,0.26425,0.13131,0.023104,0.20458,0.12597,0.019008,0.18192,0.12294,0.016832,243,245,244,195,198,200,178,182,181,255,255,255,114,110,109,124,123,122,0.53242,0.53232,0.53251
1,2.463e+05,1.884,13.56,195,800,1.8074,13.421,186.63,1054.3,0.34178,0.1221,0.031552,0.31806,0.11337,0.026944,0.29498,0.11063,0.024128,244,246,245,206,208,209,179,183,181,255,255,255,115,114,112,123,123,124,0.53177,0.53175,0.53399
1,2.464e+05,1.884,13.64,195,800,1.817,13.497,186.96,987.38,0.28856,0.12246,0.026368,0.25303,0.11618,0.021824,0.22971,0.10976,0.018432,247,247,245,246,234,217,180,178,178,255,255,255,110,109,108,129,134,142,0.5307,0.53384,0.53205
1,2.465e+05,1.884,13.72,195,800,1.8286,13.566,187.26,651.09,0.29772,0.12687,0.028288,0.27195,0.11754,0.024256,0.24904,0.11322,0.021504,247,247,244,243,227,213,167,170,175,255,254,253,98,101,104,145,153,164,0.53583,0.53457,0.53493
1,2.466e+05,1.884,13.8,195,800,1.8202,13.645,185.39,675.95,0.30237,0.12557,0.027968,0.25966,0.12415,0.024384,0.24142,0.11874,0.021632,246,245,245,174,193,208,164,166,168,238,240,238,97,97,99,228,222,215,0.53981,0.53991,0.53917
1,2.467e+05,1.884,13.88,195,800,1.8308,13.686,188.24,728.04,0.33578,0.12119,0.028928,0.28906,0.11278,0.02304,0.22901,0.11066,0.019008,249,248,248,213,217,217,165,167,167,206,210,217,109,107,109,255,252,241,0.5209,0.53096,0.53594
1,2.468e+05,1.884,13.96,195,800,1.8064,13.793,153.44,635.25,0.30903,0.11171,0.024704,0.24455,0.10714,0.017856,0.15923,0.1063,0.012736,245,249,250,237,233,226,170,167,167,195,203,211,106,114,122,250,242,233,0.54465,0.5369,0.53741
1,2.4982e+05,1.791,13.96,195,800,1.7236,13.747,0.49555,543.87,0,0,0,0,0,0,0,0,0,252,250,249,235,230,222,161,164,167,204,207,213,106,112,119,237,236,232,0.54252,0.53763,0.53919
1,2.4992e+05,1.791,13.88,195,800,1.7225,13.674,186.4,836.94,0.1893,0.13067,0.018816,0.17774,0.12639,0.01728,0.17023,0.11998,0.01536,249,247,246,211,214,213,159,164,166,216,217,219,115,111,109,251,249,241,0.54143,0.53562,0.53645
1,2.5002e+05,1.791,13.8,195,800,1.7119,13.621,185.69,647.76,0.22013,0.13622,0.023552,0.21013,0.12886,0.021312,0.20321,0.12268,0.019328,234,239,242,184,189,198,168,168,168,251,246,239,93,97,103,239,229,219,0.53864,0.53846,0.53686
1,2.5012e+05,1.791,13.72,195,800,1.7119,13.55,185.38,874.42,0.29585,0.14751,0.033536,0.27846,0.1405,0.030272,0.26358,0.13115,0.027008,240,240,240,203,202,199,177,175,174,255,255,253,101,107,112,159,163,170,0.53863,0.53778,0.53587
1,2.5022e+05,1.791,13.64,195,800,1.7109,13.454,186.41,881.63,0.37037,0.14111,0.040064,0.34157,0.12972,0.033152,0.31758,0.11811,0.027968,235,239,241,200,203,202,183,180,176,255,255,255,132,126,119,138,141,147,0.5238,0.5311,0.53394
1,2.5032e+05,1.791,13.56,195,800,1.7151,13.382,185.81,628.54,0.48995,0.1272,0.042624,0.32285,0.12098,0.029184,0.29291,0.11444,0.02496,241,242,242,182,189,197,177,177,177,255,255,255,130,129,124,127,128,129,0.52898,0.53362,0.53341
1,2.5042e+05,1.791,13.48,195,800,1.7034,13.316,187.24,724.24,0.42585,0.12715,0.039616,0.35317,0.11844,0.030464,0.31628,0.11293,0.025856,239,242,242,181,187,195,172,174,176,255,255,255,111,116,118,129,130,129,0.52958,0.53095,0.53204
1,2.5052e+05,1.791,13.4,195,800,1.7268,13.204,185.69,1256.5,0.34189,0.12323,0.03072,0.30629,0.11481,0.025856,0.28039,0.1051,0.021952,238,240,241,200,202,201,166,172,175,255,255,253,94,98,101,140,133,125,0.53748,0.53638,0.53463
1,2.5062e+05,1.791,13.32,195,800,1.7194,13.155,186.1,960.59,0.40088,0.10735,0.02784,0.29496,0.10261,0.02048,0.23478,0.10097,0.016704,241,241,240,222,211,200,176,175,175,249,242,238,80,86,93,111,113,112,0.52463,0.53251,0.53178
1,2.5072e+05,1.791,13.24,195,800,1.7342,13.068,185.59,1124.1,0.25907,0.1208,0.022336,0.21212,0.11736,0.019072,0.19742,0.11237,0.01696,243,241,239,200,198,194,174,174,176,229,227,227,83,89,92,103,102,104,0.52257,0.53049,0.5322
1,2.5082e+05,1.791,13.16,195,800,1.7278,12.974,185.67,739.06,0.38789,0.12066,0.032832,0.3128,0.11184,0.026112,0.27803,0.10506,0.021632,233,238,241,163,171,180,186,186,183,196,197,199,109,98,86,91,95,97,0.5295,0.53262,0.53214
1,2.5092e+05,1.791,13.08,195,800,1.7194,12.906,186.55,732.41,0.36237,0.13066,0.032704,0.28809,0.12372,0.025472,0.25113,0.11893,0.02176,236,240,243,161,170,179,199,192,184,184,185,185,87,87,83,97,98,98,0.52952,0.53389,0.53305
1,2.5102e+05,1.791,13,195,800,1.7321,12.81,186.09,889.43,0.3222,0.12786,0.030848,0.27603,0.121,0.025344,0.24685,0.11723,0.021824,246,248,248,188,188,189,178,184,187,158,158,160,67,69,71,104,104,101,0.53691,0.53329,0.53329
1,2.5112e+05,1.791,12.92,195,800,1.7077,12.758,185.77,932.89,0.36178,0.11398,0.02784,0.27237,0.1103,0.021568,0.23028,0.10688,0.017856,250,250,251,206,205,203,198,191,184,136,138,140,79,70,65,103,102,102,0.53329,0.53233,0.53329
1,2.5122e+05,1.791,12.84,195,800,1.7003,12.688,186.88,799.96,0.26295,0.13044,0.025984,0.24314,0.12164,0.02272,0.22791,0.117,0.020288,250,252,252,211,210,207,193,190,185,130,133,136,66,66,65,99,101,101,0.53748,0.53339,0.53433
1,2.5132e+05,1.791,12.76,195,800,1.731,12.604,186,850.44,0.3609,0.1332,0.031808,0.32148,0.12458,0.026368,0.28378,0.11913,0.022784,255,254,254,209,208,204,177,179,181,145,142,138,63,64,66,100,98,98,0.52629,0.53288,0.534
1,2.5142e+05,1.791,12.68,195,800,1.7141,12.517,184.42,599.74,0.29628,0.13674,0.02816,0.25627,0.12824,0.023296,0.23442,0.12408,0.020672,255,254,254,204,202,200,172,176,180,159,149,139,63,65,66,97,96,96,0.53936,0.53744,0.53509
1,2.5152e+05,1.791,12.6,195,800,1.73,12.426,187.48,795.38,0.23893,0.13026,0.02336,0.21475,0.1205,0.019776,0.19362,0.11776,0.017664,255,255,254,193,193,193,183,182,180,143,142,138,63,61,61,92,93,94,0.53849,0.53925,0.53674
1,2.5162e+05,1.791,12.52,195,800,1.7236,12.359,184.71,1077.5,0.35638,0.11414,0.028672,0.30022,0.11037,0.023552,0.2717,0.1031,0.019968,255,255,254,187,188,190,181,181,180,133,133,134,50,52,54,93,94,94,0.54153,0.5342,0.5362
1,2.5172e+05,1.791,12.44,195,800,1.7151,12.28,187.12,1002.4,0.25742,0.12606,0.024192,0.23513,0.12014,0.020992,0.21758,0.11375,0.018688,254,254,254,180,185,191,172,176,178,132,134,135,49,51,53,96,95,95,0.53159,0.53478,0.53645
1,2.5182e+05,1.791,12.36,195,800,1.7215,12.213,185.3,668.01,0.35282,0.11993,0.030208,0.29034,0.11265,0.024192,0.2545,0.10659,0.020416,255,254,253,193,193,196,171,175,177,134,136,142,60,53,51,97,101,103,0.53926,0.54013,0.53928
1,2.5192e+05,1.791,12.28,195,800,1.7268,12.124,186.79,735.22,0.33502,0.11563,0.026496,0.2577,0.11212,0.020608,0.21716,0.10725,0.016768,255,254,253,201,200,200,176,175,178,136,141,146,50,53,52,116,114,104,0.53725,0.53719,0.53841
1,2.5202e+05,1.791,12.2,195,800,1.7225,12.034,186.33,714.54,0.26109,0.1278,0.0256,0.25217,0.11951,0.022784,0.23237,0.11613,0.020608,249,249,249,208,207,206,175,178,182,150,153,153,51,53,55,118,111,99,0.53464,0.5372,0.53781
1,2.5212e+05,1.791,12.12,195,800,1.7353,11.936,186.36,868.6,0.3056,0.12787,0.028352,0.27426,0.11993,0.024256,0.24552,0.11501,0.021184,245,245,247,211,209,205,184,184,183,157,158,159,67,64,61,81,83,87,0.53475,0.538,0.53832
1,2.5222e+05,1.791,12.04,195,800,1.7247,11.872,186.6,924.07,0.28964,0.12618,0.027008,0.2528,0.11738,0.022528,0.23463,0.11374,0.020032,249,247,246,206,205,201,186,184,183,160,160,162,73,67,62,84,83,84,0.5261,0.53724,0.53933
1,2.5232e+05,1.791,11.96,195,800,1.7225,11.8,185.6,1064.3,0.29024,0.12083,0.026048,0.24571,0.11583,0.02144,0.21797,0.11223,0.01856,248,249,249,185,186,191,173,178,181,165,171,176,66,68,69,93,92,91,0.53207,0.53586,0.53747
1,2.5242e+05,1.791,11.88,195,800,1.7236,11.724,185.38,597.5,0.28977,0.12218,0.025088,0.23088,0.11887,0.020032,0.20419,0.11394,0.017152,253,252,251,174,182,194,170,175,180,182,181,183,75,75,75,98,98,96,0.54322,0.54055,0.53961
1,2.5252e+05,1.791,11.8,195,800,1.7151,11.655,186.95,883.17,0.30359,0.12627,0.028608,0.27036,0.12238,0.024576,0.24809,0.11255,0.0208,255,254,253,219,215,210,175,177,182,185,191,192,91,93,91,110,110,108,0.54434,0.54067,0.53968
1,2.5262e+05,1.791,11.72,195,800,1.7225,11.578,185.8,1061.1,0.27243,0.12575,0.025984,0.24568,0.12239,0.022976,0.232,0.11507,0.02016,255,254,253,231,225,216,180,184,185,175,176,177,107,103,98,121,118,115,0.53577,0.53642,0.53875
1,2.5272e+05,1.791,11.64,195,800,1.7194,11.499,185.43,736.16,0.2466,0.14273,0.027136,0.23475,0.133,0.024192,0.21725,0.12958,0.021824,254,254,253,208,208,208,191,188,185,155,160,165,105,102,97,114,116,117,0.53155,0.53583,0.53674
1,2.5282e+05,1.791,11.56,195,800,1.7225,11.409,185.97,716.93,0.34284,0.12544,0.030656,0.27543,0.11976,0.023872,0.22897,0.11212,0.018624,252,252,252,171,179,190,186,184,181,139,141,147,101,99,92,117,121,129,0.54927,0.54875,0.54555
1,2.5292e+05,1.791,11.48,195,800,1.7215,11.34,186.65,699.5,0.22072,0.13655,0.022336,0.19915,0.12662,0.019136,0.18389,0.12049,0.01696,251,250,250,176,182,189,176,178,178,137,140,141,112,95,87,131,134,143,0.54272,0.5475,0.54684
1,2.5302e+05,1.791,11.4,195,800,1.73,11.236,186.49,1239.7,0.22756,0.12365,0.021248,0.19853,0.119,0.018176,0.17883,0.11161,0.015616,244,246,248,224,206,194,171,171,171,136,135,133,76,75,77,186,186,190,0.54867,0.54999,0.5499
1,2.5312e+05,1.791,11.32,195,800,1.7141,11.177,185.95,875.59,0.28248,0.12613,0.026624,0.26313,0.11709,0.023104,0.24019,0.11402,0.020608,249,248,248,197,201,203,163,165,167,120,123,128,59,61,64,238,238,234,0.55779,0.55873,0.55661
1,2.5322e+05,1.791,11.24,195,800,1.7215,11.088,187.7,640.64,0.37398,0.12616,0.032768,0.32165,0.11917,0.026752,0.25613,0.11445,0.021888,249,249,249,204,203,203,161,164,167,122,125,132,56,56,60,252,250,247,0.55107,0.55916,0.55992
1,2.5332e+05,1.791,11.16,195,800,1.7353,11.011,185.97,757.39,0.29319,0.12073,0.025152,0.25352,0.11602,0.021376,0.22916,0.11292,0.0192,251,248,247,209,206,201,167,166,166,165,168,172,59,61,68,253,250,245,0.5698,0.56729,0.56758
1,2.5342e+05,1.791,11.08,195,800,1.7225,10.946,187.32,1045.4,0.3044,0.1293,0.02944,0.26306,0.12161,0.024384,0.22975,0.11858,0.020928,244,245,245,196,196,193,163,165,167,216,206,199,71,76,88,237,235,232,0.57624,0.58007,0.58247
1,2.5352e+05,1.791,11,195,800,1.7119,10.872,152.92,889.14,0.35175,0.12395,0.030656,0.30623,0.11737,0.025792,0.26003,0.11389,0.022144,243,238,239,167,171,176,171,166,167,255,253,242,148,132,127,192,197,206,0.51079,0.51975,0.52472
1,2.5654e+05,1.698,11,195,800,1.6249,10.929,0.62797,806.6,0,0,0,0,0,0,0,0,0,240,241,242,173,183,185,171,167,168,254,251,244,146,126,117,213,216,214,0.51897,0.52248,0.52599
1,2.5664e+05,1.698,11.08,195,800,1.6408,10.985,187.63,627.87,0.15211,0.12664,0.015232,0.14387,0.12069,0.013632,0.13575,0.11749,0.012544,246,247,246,218,212,201,165,166,168,201,204,202,71,76,84,252,246,236,0.57663,0.58201,0.58371
1,2.5674e+05,1.698,11.16,195,800,1.6387,11.059,186.41,755.03,0.23229,0.12208,0.02112,0.20069,0.11802,0.017856,0.18417,0.11297,0.015552,248,248,248,217,215,208,170,168,168,163,168,176,60,62,67,255,253,246,0.56716,0.56675,0.56691
1,2.5684e+05,1.698,11.24,195,800,1.6239,11.135,187.3,728.14,0.24453,0.13552,0.0256,0.22426,0.13085,0.022592,0.20589,0.12663,0.020544,248,250,250,205,203,204,167,168,169,123,127,135,54,57,62,255,253,250,0.56949,0.56137,0.55986
1,2.5694e+05,1.698,11.32,195,800,1.6302,11.217,185.5,752.02,0.35164,0.12543,0.032128,0.30713,0.11817,0.026112,0.25149,0.1168,0.021824,249,250,250,185,196,203,169,169,169,121,124,130,62,66,69,253,247,240,0.5584,0.55398,0.55477
1,2.5704e+05,1.698,11.4,195,800,1.6207,11.29,186.83,1150.4,0.28034,0.16504,0.029504,0.23635,0.15746,0.023104,0.22228,0.11015,0.018176,249,249,249,203,199,195,170,170,170,148,142,136,93,95,90,203,202,199,0.54586,0.55041,0.55142
1,2.5714e+05,1.698,11.48,195,800,1.6281,11.366,187.05,943.42,0.2647,0.11477,0.022464,0.23741,0.10918,0.01952,0.21924,0.10443,0.01696,249,249,250,178,185,193,166,173,176,150,148,145,102,101,96,141,143,150,0.5467,0.54794,0.54923
1,2.5724e+05,1.698,11.56,195,800,1.6249,11.442,186.53,874.82,0.25745,0.11694,0.022464,0.24148,0.11164,0.01984,0.22784,0.10302,0.017536,251,251,251,178,185,193,183,178,178,145,147,149,86,91,95,126,128,133,0.5376,0.54494,0.54615
1,2.5734e+05,1.698,11.64,195,800,1.6249,11.524,186.11,686.22,0.27629,0.11878,0.024256,0.22505,0.11596,0.019776,0.21191,0.11104,0.017856,254,253,252,210,208,207,189,187,183,165,163,161,95,95,94,121,120,119,0.53685,0.53724,0.54008
1,2.5744e+05,1.698,11.72,195,800,1.6408,11.597,186.58,652.74,0.29441,0.11429,0.024704,0.22718,0.11159,0.01824,0.16997,0.1117,0.014912,251,252,253,219,219,214,198,187,182,178,173,168,115,104,94,120,119,116,0.53762,0.53916,0.53993
1,2.5754e+05,1.698,11.8,195,800,1.6355,11.69,185.92,1178,0.25131,0.12259,0.022976,0.22229,0.11607,0.019072,0.19458,0.11056,0.016768,253,251,252,226,211,207,175,184,185,184,184,180,75,85,86,111,116,116,0.53858,0.53692,0.53814
1,2.5764e+05,1.698,11.88,195,800,1.6271,11.76,186.98,1009.3,0.37828,0.12427,0.03424,0.33169,0.11978,0.028928,0.28447,0.11244,0.023808,249,248,249,165,177,190,223,199,186,201,184,174,58,61,68,104,109,106,0.54554,0.54251,0.54017
1,2.5774e+05,1.698,11.96,195,800,1.6324,11.834,185.35,856.95,0.26594,0.1276,0.025344,0.2323,0.11903,0.020992,0.20412,0.11674,0.018432,244,247,247,162,175,186,205,196,187,178,172,169,53,58,64,87,97,101,0.54412,0.53956,0.54011
1,2.5784e+05,1.698,12.04,195,800,1.6196,11.914,187.4,926.7,0.32354,0.12255,0.02656,0.21173,0.12404,0.02016,0.19066,0.11865,0.0176,246,245,244,204,196,195,181,183,183,152,151,154,57,61,60,77,82,88,0.54729,0.54422,0.54147
1,2.5794e+05,1.698,12.12,195,800,1.6419,11.986,186.86,755.72,0.26462,0.12441,0.023616,0.24561,0.11974,0.0208,0.2234,0.11569,0.01824,240,243,244,203,202,200,188,184,181,148,147,149,58,59,59,81,83,88,0.54299,0.54231,0.5399
1,2.5804e+05,1.698,12.2,195,800,1.5942,12.108,186.89,892.55,0.2784,0.14422,0.026112,0.25431,0.13181,0.021888,0.21589,0.12142,0.017664,249,247,247,206,208,209,179,181,180,138,140,143,51,51,53,104,105,99,0.54808,0.53938,0.53833
1,2.5814e+05,1.698,12.28,195,800,1.6271,12.161,187.19,1101,0.27388,0.11659,0.022912,0.23705,0.11166,0.017728,0.15115,0.11055,0.013056,253,252,250,217,214,208,186,182,180,138,139,140,49,50,51,107,109,104,0.54341,0.54438,0.54171
1,2.5824e+05,1.698,12.36,195,800,1.6355,12.22,185.61,887.5,0.28533,0.12654,0.027136,0.26801,0.11621,0.02336,0.24028,0.11206,0.02016,248,250,252,202,206,204,187,184,180,139,138,138,49,50,51,97,102,103,0.53848,0.53941,0.53956
1,2.5834e+05,1.698,12.44,195,800,1.6536,12.297,185.97,1047.5,0.28015,0.12722,0.026816,0.24634,0.11821,0.022144,0.2208,0.11524,0.019584,254,253,252,184,187,191,178,180,180,131,133,135,49,51,53,101,99,96,0.52955,0.53655,0.53781
1,2.5844e+05,1.698,12.52,195,800,1.6334,12.377,186.64,758.19,0.24074,0.12234,0.02272,0.22202,0.1167,0.019776,0.19551,0.11399,0.017152,255,254,253,184,184,186,176,179,180,129,131,134,53,54,56,96,96,96,0.54318,0.54058,0.53887
1,2.5854e+05,1.698,12.6,195,800,1.6334,12.474,184.94,786.17,0.23606,0.12253,0.021568,0.21681,0.11666,0.018624,0.20093,0.10916,0.016384,254,254,253,188,186,187,184,181,179,132,135,137,72,72,68,94,95,96,0.54763,0.54009,0.53794
1,2.5864e+05,1.698,12.68,195,800,1.6281,12.548,187.05,730.2,0.28854,0.12944,0.028032,0.24815,0.12322,0.023232,0.21897,0.11536,0.019392,252,253,253,188,193,198,178,179,179,142,140,138,100,86,73,98,99,100,0.5381,0.53746,0.53694
1,2.5874e+05,1.698,12.76,195,800,1.6345,12.615,186.22,824.98,0.31913,0.12338,0.029312,0.27835,0.11733,0.024192,0.24348,0.11275,0.020416,252,253,253,196,202,204,181,180,179,135,136,137,84,77,70,104,102,101,0.5375,0.53674,0.53648
1,2.5884e+05,1.698,12.84,195,800,1.6239,12.705,186.99,1053.4,0.29399,0.12134,0.02624,0.25631,0.11613,0.022016,0.23153,0.10943,0.01856,254,253,253,231,220,211,184,181,179,128,131,137,55,58,63,102,102,101,0.5381,0.54149,0.53728
1,2.5894e+05,1.698,12.92,195,800,1.6292,12.779,186.77,797.99,0.26478,0.13154,0.02624,0.22999,0.1259,0.022016,0.20245,0.11936,0.018944,251,252,252,226,218,210,179,179,178,136,137,142,57,58,62,100,100,100,0.54003,0.5355,0.53502
1,2.5904e+05,1.698,13,195,800,1.6408,12.854,186.7,934.4,0.2383,0.11855,0.021504,0.22227,0.11239,0.018496,0.2077,0.1047,0.015808,254,252,250,201,201,200,175,178,181,159,160,162,59,62,67,97,97,97,0.53115,0.536,0.53519
1,2.5914e+05,1.698,13.08,195,800,1.6122,12.95,185.42,1102.9,0.30682,0.12564,0.028928,0.27901,0.11722,0.024768,0.26404,0.11197,0.02208,244,244,245,186,187,189,196,186,181,188,187,186,68,70,74,92,93,96,0.54369,0.53982,0.53569
1,2.5924e+05,1.698,13.16,195,800,1.6292,13.017,186.01,1035,0.31627,0.12726,0.029312,0.2917,0.12081,0.025536,0.26645,0.11568,0.022592,235,239,243,177,181,189,181,181,181,198,197,199,70,73,76,94,96,97,0.53469,0.53575,0.53386
1,2.5934e+05,1.698,13.24,195,800,1.6334,13.086,186,912.98,0.28763,0.12325,0.026176,0.25108,0.11469,0.02144,0.24146,0.10926,0.019328,241,242,243,190,197,201,171,172,175,223,224,225,74,78,83,106,107,106,0.53907,0.53172,0.53252
1,2.5944e+05,1.698,13.32,195,800,1.6302,13.183,187.07,942.86,0.27082,0.12558,0.025536,0.2511,0.11945,0.02272,0.23676,0.11378,0.020416,245,246,245,221,214,207,174,173,173,240,239,236,87,86,87,115,116,115,0.52637,0.53371,0.53507
1,2.5954e+05,1.698,13.4,195,800,1.6398,13.242,187.07,1021.2,0.27651,0.12165,0.025024,0.24135,0.11739,0.020672,0.2186,0.1095,0.017408,250,247,246,220,217,212,175,172,172,255,253,252,110,103,99,139,132,124,0.54028,0.53254,0.53275
1,2.5964e+05,1.698,13.48,195,800,1.6419,13.327,187.16,872.56,0.22802,0.12205,0.020672,0.21231,0.1144,0.018368,0.20336,0.10869,0.01664,245,243,244,206,204,203,168,169,170,255,255,255,117,119,118,123,125,127,0.5415,0.53543,0.53493
1,2.5974e+05,1.698,13.56,195,800,1.6334,13.406,187.33,840.98,0.28579,0.12321,0.025472,0.23975,0.12088,0.021056,0.21117,0.11357,0.018176,245,243,243,202,199,199,167,169,172,255,255,255,141,135,126,122,124,129,0.53296,0.53677,0.53696
1,2.5984e+05,1.698,13.64,195,800,1.6302,13.49,187.05,725.83,0.19877,0.12183,0.018304,0.17286,0.11525,0.015424,0.16218,0.10967,0.013952,240,241,241,188,191,194,180,177,174,255,255,255,152,137,122,138,144,155,0.52235,0.53331,0.53839
1,2.5994e+05,1.698,13.72,195,800,1.6207,13.586,186.46,928.87,0.32668,0.13051,0.031552,0.30511,0.12421,0.027648,0.2818,0.11637,0.02432,240,238,239,194,190,189,183,177,174,255,255,254,115,115,114,165,172,179,0.53736,0.54239,0.54151
1,2.6004e+05,1.698,13.8,195,800,1.6164,13.666,186.66,750.97,0.3118,0.14649,0.030336,0.28563,0.14135,0.026176,0.26394,0.13825,0.023424,233,236,239,179,185,193,169,170,170,248,244,240,93,97,102,243,236,225,0.54196,0.53968,0.53942
1,2.6014e+05,1.698,13.88,195,800,1.6217,13.729,187.09,838.81,0.28775,0.126,0.027328,0.26251,0.11767,0.023104,0.24107,0.11152,0.020544,249,247,245,217,214,213,162,164,167,208,215,222,121,111,107,251,245,236,0.54972,0.54394,0.54148
1,2.6024e+05,1.698,13.96,195,800,1.6387,13.79,153.61,780.42,0.28166,0.11029,0.020288,0.20706,0.11256,0.01312,0.1226,0.099665,0.0096,253,252,249,241,233,223,162,164,168,210,211,215,107,113,118,236,229,223,0.54066,0.54285,0.54433
1,2.6326e+05,1.605,13.96,195,800,1.5475,13.738,0.22741,771.5,0,0,0,0,0,0,0,0,0,252,250,247,242,233,224,168,170,171,209,210,214,109,115,120,215,218,219,0.53871,0.54573,0.54641
1,2.6336e+05,1.605,13.88,195,800,1.5549,13.664,186.39,908.97,0.42641,0.12269,0.03136,0.39987,0.11508,0.025536,0.26646,0.1135,0.020544,244,243,244,212,214,214,170,171,170,208,214,219,105,106,109,241,239,234,0.54983,0.54601,0.54452
1,2.6346e+05,1.605,13.8,195,800,1.5443,13.592,187.14,827.74,0.21989,0.15162,0.02624,0.21694,0.14048,0.023808,0.20614,0.13666,0.022208,232,235,238,178,184,193,176,173,171,246,242,237,86,92,101,251,242,229,0.54896,0.54412,0.5415
1,2.6356e+05,1.605,13.72,195,800,1.5347,13.532,187.8,709.8,0.29873,0.15015,0.035072,0.28437,0.13865,0.03104,0.26821,0.13402,0.028224,246,243,240,191,190,191,169,170,170,255,255,253,104,106,109,185,185,186,0.54317,0.54402,0.54161
1,2.6366e+05,1.605,13.64,195,800,1.5432,13.441,187.97,1177.2,0.4156,0.14049,0.044352,0.40138,0.12358,0.036928,0.35305,0.11634,0.029952,247,245,243,193,197,199,170,169,169,255,255,255,118,119,116,154,156,162,0.53742,0.54105,0.5404
1,2.6376e+05,1.605,13.56,195,800,1.5337,13.373,186.61,831.77,0.36649,0.1483,0.042112,0.31174,0.13695,0.032448,0.27515,0.12731,0.026752,251,248,246,220,217,209,166,168,169,255,255,255,118,118,118,124,126,130,0.54607,0.53695,0.53911
1,2.6386e+05,1.605,13.48,195,800,1.5507,13.277,187.18,785.38,0.39429,0.13817,0.040768,0.31798,0.13283,0.032128,0.27875,0.12462,0.026688,249,248,247,225,220,212,168,168,169,255,255,254,106,108,112,117,120,124,0.53685,0.53719,0.53518
1,2.6396e+05,1.605,13.4,195,800,1.5464,13.217,187.92,563.37,0.39038,0.15891,0.043712,0.34031,0.13248,0.033792,0.31427,0.1237,0.02912,250,249,248,215,210,208,171,173,172,255,252,249,93,95,96,114,114,116,0.52918,0.53407,0.53598
1,2.6406e+05,1.605,13.32,195,800,1.5496,13.145,187.23,852.24,0.35084,0.12713,0.029696,0.25153,0.11943,0.022656,0.22222,0.1186,0.019968,253,249,246,202,202,200,181,176,173,239,235,232,83,83,84,99,105,109,0.54479,0.53578,0.53481
1,2.6416e+05,1.605,13.24,195,800,1.5602,13.046,187.74,1198,0.33282,0.12356,0.02848,0.27505,0.11348,0.022592,0.23872,0.10915,0.018688,247,246,245,211,202,199,174,174,174,226,222,221,73,76,78,104,103,103,0.52616,0.53239,0.53611
1,2.6426e+05,1.605,13.16,195,800,1.5475,12.986,186.87,657.97,0.34011,0.12214,0.029824,0.29155,0.11352,0.023808,0.24759,0.10881,0.019648,250,247,247,206,205,201,182,180,178,195,197,198,76,74,74,94,95,96,0.5327,0.5326,0.53444
1,2.6436e+05,1.605,13.08,195,800,1.5411,12.911,187.75,1086.2,0.30462,0.12833,0.029568,0.25382,0.12322,0.023936,0.2286,0.11587,0.02048,254,252,249,215,209,204,186,182,178,193,189,186,77,77,74,90,91,93,0.53339,0.53567,0.5361
1,2.6446e+05,1.605,13,195,800,1.5454,12.82,186.11,955.29,0.30966,0.11556,0.025024,0.25332,0.10809,0.020032,0.21851,0.10629,0.017216,254,254,253,207,209,207,165,170,175,169,167,166,78,74,71,94,94,94,0.53295,0.53558,0.53577
1,2.6456e+05,1.605,12.92,195,800,1.539,12.76,186.87,856.04,0.27628,0.12509,0.025536,0.25158,0.11831,0.022272,0.23008,0.11446,0.019584,255,254,254,202,205,208,167,167,171,146,146,147,55,58,62,98,98,99,0.54682,0.53746,0.53744
1,2.6466e+05,1.605,12.84,195,800,1.5369,12.679,185.85,778.72,0.31023,0.12492,0.029376,0.27337,0.12064,0.025024,0.25514,0.11509,0.022208,255,255,253,204,207,209,170,170,172,140,139,140,52,54,60,100,101,103,0.54641,0.5415,0.53885
1,2.6476e+05,1.605,12.76,195,800,1.5485,12.591,186.98,863.91,0.34247,0.11199,0.025408,0.22417,0.11378,0.019328,0.20757,0.10569,0.017024,252,251,251,218,210,205,181,177,174,133,133,135,67,67,66,106,107,105,0.5396,0.53718,0.53699
1,2.6486e+05,1.605,12.68,195,800,1.5581,12.492,185.86,907.19,0.28634,0.13857,0.030016,0.265,0.13102,0.025728,0.24606,0.12308,0.022848,248,249,250,202,201,200,180,176,174,134,133,134,77,74,69,107,106,104,0.52905,0.53569,0.53787
1,2.6496e+05,1.605,12.6,195,800,1.5475,12.431,186.74,1119.2,0.29905,0.13103,0.029696,0.27005,0.12303,0.025728,0.24827,0.1184,0.022464,250,250,250,174,178,187,172,172,173,135,135,137,65,66,67,99,98,98,0.53699,0.54134,0.54112
1,2.6506e+05,1.605,12.52,195,800,1.5507,12.352,186.81,936.58,0.28625,0.12678,0.02688,0.25794,0.11637,0.022272,0.23708,0.11382,0.019776,252,251,250,172,180,190,175,175,175,135,137,139,55,55,57,92,93,93,0.54312,0.53953,0.53883
1,2.6516e+05,1.605,12.44,195,800,1.5432,12.286,185.66,721.87,0.33079,0.11495,0.027584,0.28731,0.10593,0.022272,0.25531,0.10334,0.019136,248,249,250,188,195,198,179,177,177,139,140,142,53,53,55,92,92,92,0.53467,0.53993,0.53942
1,2.6526e+05,1.605,12.36,195,800,1.5379,12.199,187.24,905.76,0.35198,0.12675,0.02784,0.23898,0.12217,0.021568,0.21503,0.11704,0.019008,250,249,249,231,224,214,178,181,180,150,147,145,54,53,53,91,90,89,0.54394,0.54169,0.54129
1,2.6536e+05,1.605,12.28,195,800,1.5592,12.116,185.85,680.29,0.31639,0.12274,0.028096,0.27282,0.1148,0.022976,0.24992,0.10983,0.019392,250,249,248,229,222,215,183,182,181,145,147,147,54,53,53,87,86,87,0.5464,0.53995,0.53942
1,2.6546e+05,1.605,12.2,195,800,1.5464,12.043,184.81,754.78,0.27742,0.12093,0.024192,0.24398,0.11592,0.020352,0.22134,0.10819,0.017728,242,244,245,193,205,211,178,179,180,144,146,148,49,51,54,76,80,84,0.54133,0.53877,0.53914
1,2.6556e+05,1.605,12.12,195,800,1.5475,11.974,186.5,856.41,0.36364,0.12587,0.034048,0.33049,0.11736,0.028928,0.2928,0.11412,0.024832,242,242,243,211,202,200,172,175,178,145,148,152,58,58,57,89,86,84,0.539,0.54156,0.54074
1,2.6566e+05,1.605,12.04,195,800,1.5443,11.882,185.92,489.98,0.27971,0.12534,0.026304,0.24173,0.1222,0.022144,0.21436,0.11869,0.019264,242,242,243,191,194,196,175,177,180,149,152,156,66,61,58,92,90,89,0.53688,0.53805,0.54097
1,2.6576e+05,1.605,11.96,195,800,1.5369,11.798,187.3,970.43,0.28027,0.12379,0.025984,0.25229,0.11332,0.021504,0.23445,0.10945,0.018944,244,244,246,196,192,194,184,186,185,158,163,166,55,58,61,121,112,102,0.54739,0.54218,0.54093
1,2.6586e+05,1.605,11.88,195,800,1.5698,11.704,187.27,731.78,0.24698,0.13379,0.024384,0.21657,0.12643,0.020608,0.19015,0.12197,0.017984,247,247,248,209,200,197,185,189,185,162,170,170,57,61,65,139,122,107,0.52886,0.54036,0.54117
1,2.6596e+05,1.605,11.8,195,800,1.5443,11.66,185.63,705.91,0.25657,0.11993,0.021952,0.21758,0.11482,0.018048,0.19411,0.11156,0.015552,254,252,251,207,207,208,182,183,183,169,172,172,92,86,80,107,114,114,0.5371,0.53728,0.54022
1,2.6606e+05,1.605,11.72,195,800,1.5432,11.572,185.99,852.41,0.25939,0.13783,0.027456,0.23264,0.12815,0.022912,0.21038,0.12057,0.019392,253,252,252,216,214,211,170,174,176,163,165,164,92,90,86,115,114,115,0.54239,0.53874,0.53906
1,2.6616e+05,1.605,11.64,195,800,1.5538,11.485,185.86,824.47,0.28806,0.12353,0.026112,0.23412,0.12178,0.021312,0.20568,0.11426,0.018112,252,251,251,219,214,208,165,172,177,162,161,159,75,81,86,116,117,119,0.53927,0.54168,0.54243
1,2.6626e+05,1.605,11.56,195,800,1.5719,11.389,186.79,771.23,0.2662,0.12348,0.024512,0.24233,0.11696,0.020992,0.22243,0.11371,0.018752,249,250,251,199,202,203,181,177,175,146,148,150,79,84,90,130,133,139,0.55005,0.54833,0.54626
1,2.6636e+05,1.605,11.48,195,800,1.5517,11.323,185.33,853.62,0.26727,0.13076,0.02624,0.25054,0.12151,0.022528,0.22857,0.11728,0.019968,252,250,251,197,197,199,177,176,175,140,144,146,101,100,94,144,152,161,0.54932,0.55141,0.54986
1,2.6646e+05,1.605,11.4,195,800,1.5284,11.273,186.37,899.78,0.23325,0.11709,0.020608,0.21007,0.11282,0.017856,0.19977,0.10359,0.015808,251,250,251,196,193,194,171,173,173,134,136,136,114,105,91,231,220,211,0.56316,0.55573,0.55408
1,2.6656e+05,1.605,11.32,195,800,1.5422,11.177,185.54,797.46,0.22224,0.15888,0.026304,0.19799,0.14754,0.022016,0.18569,0.1328,0.018944,251,250,250,190,193,194,175,174,172,120,125,132,66,68,71,255,254,247,0.55319,0.55413,0.55467
1,2.6666e+05,1.605,11.24,195,800,1.557,11.084,186.64,783.04,0.27633,0.13702,0.029056,0.249,0.12821,0.024448,0.23174,0.11958,0.021376,251,250,249,203,198,197,175,173,172,126,130,137,54,57,62,255,255,254,0.56761,0.56171,0.5602
1,2.6676e+05,1.605,11.16,195,800,1.5379,11.031,187.02,701.53,0.26058,0.12317,0.02368,0.22959,0.11452,0.019264,0.20139,0.10869,0.016384,248,249,248,207,207,204,174,174,173,166,171,175,56,61,69,254,251,246,0.57207,0.56883,0.56869
1,2.6686e+05,1.605,11.08,195,800,1.5517,10.94,186.89,803.9,0.3142,0.13418,0.032576,0.29484,0.12484,0.028352,0.2778,0.11846,0.025408,248,248,247,208,205,199,177,175,172,208,205,201,72,77,87,242,238,233,0.57298,0.58024,0.58239
1,2.6696e+05,1.605,11,195,800,1.5379,10.873,151.78,647.74,0.28737,0.12889,0.027008,0.24698,0.12209,0.021952,0.20113,0.11933,0.018496,239,243,244,175,182,186,168,171,172,255,251,241,130,126,122,188,199,209,0.50947,0.51393,0.51931
1,2.6998e+05,1.512,11,195,800,1.4371,10.922,0.75045,925.57,0,0,0,0,0,0,0,0,0,242,243,244,171,179,186,171,172,173,252,244,235,164,140,124,182,190,200,0.53027,0.52496,0.52585
1,2.7008e+05,1.512,11.08,195,800,1.4435,10.985,187.08,798.31,0.24366,0.13029,0.02144,0.22059,0.12404,0.018624,0.1979,0.1205,0.016384,249,248,247,212,201,193,185,178,174,194,196,198,78,84,90,240,234,228,0.59238,0.58537,0.58385
1,2.7018e+05,1.512,11.16,195,800,1.4403,11.07,186.69,868.81,0.25353,0.12095,0.022272,0.23034,0.11409,0.018688,0.18133,0.11315,0.015552,248,248,248,203,200,195,177,176,174,167,169,174,64,66,72,254,250,243,0.57085,0.5702,0.56927
1,2.7028e+05,1.512,11.24,195,800,1.4244,11.161,187.34,933.85,0.23118,0.13348,0.023552,0.20717,0.12621,0.02016,0.19193,0.11981,0.017856,246,246,248,179,183,189,169,168,171,132,136,141,55,57,62,255,255,254,0.55536,0.56099,0.56063
1,2.7038e+05,1.512,11.32,195,800,1.4456,11.203,186.5,885.81,0.32894,0.12449,0.029888,0.26212,0.1197,0.02368,0.23817,0.1141,0.020736,244,247,249,183,183,187,168,170,170,129,132,136,58,62,68,255,254,249,0.5554,0.55652,0.55409
1,2.7048e+05,1.512,11.4,195,800,1.4435,11.289,186.42,755.89,0.30529,0.12767,0.028224,0.26975,0.12173,0.02432,0.24781,0.1162,0.02112,255,253,252,193,195,197,179,175,173,142,137,136,88,86,84,229,222,215,0.54761,0.55458,0.55363
1,2.7058e+05,1.512,11.48,195,800,1.4552,11.357,186.18,696.6,0.27461,0.12538,0.0256,0.24728,0.11771,0.021952,0.22867,0.11289,0.019072,255,254,253,220,208,203,183,177,173,143,141,143,92,91,89,160,163,169,0.55896,0.55061,0.54865
1,2.7068e+05,1.512,11.56,195,800,1.4446,11.442,187.1,1011.4,0.35458,0.12593,0.027776,0.23381,0.12145,0.020288,0.19847,0.11992,0.017664,255,253,253,204,208,207,176,175,171,145,145,147,89,87,85,143,144,147,0.54337,0.54423,0.54633
1,2.7078e+05,1.512,11.64,195,800,1.4658,11.5,187.02,762.82,0.22484,0.12715,0.02176,0.20292,0.12372,0.019264,0.1876,0.1185,0.017024,253,252,252,216,208,207,162,166,169,157,155,156,76,76,79,112,118,124,0.54464,0.54464,0.5443
1,2.7088e+05,1.512,11.72,195,800,1.4541,11.569,186.56,911.04,0.36331,0.12557,0.032128,0.32846,0.11539,0.026368,0.27873,0.11147,0.022208,253,252,252,202,205,210,166,167,168,162,158,159,69,75,80,110,113,117,0.5399,0.54133,0.54162
1,2.7098e+05,1.512,11.8,195,800,1.4658,11.669,187.06,1014,0.27419,0.12357,0.024384,0.23643,0.11518,0.019968,0.20584,0.1136,0.017664,254,253,252,212,212,212,165,172,173,160,162,163,77,78,76,109,109,109,0.54052,0.5406,0.54104
1,2.7108e+05,1.512,11.88,195,800,1.4541,11.753,186.56,907.05,0.28039,0.12981,0.026176,0.24955,0.11853,0.021824,0.22195,0.11479,0.019008,254,251,250,215,212,207,178,177,176,168,166,162,63,65,69,95,98,100,0.54225,0.5413,0.54017
1,2.7118e+05,1.512,11.96,195,800,1.4668,11.814,185.48,944.99,0.26092,0.12506,0.023616,0.22747,0.12158,0.019264,0.19313,0.1156,0.016448,249,248,248,198,202,205,180,177,177,171,164,161,60,61,64,90,92,95,0.539,0.54081,0.5401
1,2.7128e+05,1.512,12.04,195,800,1.4499,11.914,187.24,1144.4,0.27031,0.13296,0.026816,0.24463,0.12402,0.022912,0.23317,0.11878,0.020672,244,244,245,202,205,207,174,175,176,158,159,160,59,61,61,82,83,84,0.53708,0.53996,0.54015
1,2.7138e+05,1.512,12.12,195,800,1.4531,12.006,186.73,1302.3,0.30282,0.11912,0.0272,0.26181,0.11445,0.022272,0.23263,0.10961,0.018816,247,245,244,212,213,210,175,175,176,162,160,160,61,61,61,80,80,80,0.53626,0.53945,0.54005
1,2.7148e+05,1.512,12.2,195,800,1.4531,12.073,185.82,461.21,0.29659,0.11748,0.026304,0.26617,0.11271,0.02272,0.25252,0.1039,0.019904,243,244,245,221,219,217,179,179,178,166,162,159,59,58,58,69,73,77,0.5433,0.54252,0.54141
1,2.7158e+05,1.512,12.28,195,800,1.4573,12.134,185.94,618.28,0.30872,0.12107,0.027136,0.28718,0.11193,0.023232,0.24603,0.11004,0.019712,248,248,248,215,218,217,181,179,177,155,156,156,56,57,56,77,76,77,0.53851,0.54127,0.54123
1,2.7168e+05,1.512,12.36,195,800,1.434,12.23,185.41,1201.1,0.29299,0.11792,0.0256,0.26851,0.11194,0.021824,0.24355,0.10694,0.01888,252,251,249,219,220,216,177,176,176,158,155,154,59,56,56,76,78,79,0.54631,0.53879,0.54006
1,2.7178e+05,1.512,12.44,195,800,1.4456,12.302,186.88,804.78,0.44672,0.12108,0.029888,0.21552,0.1185,0.0192,0.19765,0.11323,0.017152,245,249,250,218,210,205,169,171,173,153,153,152,53,56,60,83,84,84,0.54982,0.54337,0.53993
1,2.7188e+05,1.512,12.52,195,800,1.4477,12.382,185.51,704.87,0.3222,0.13863,0.031232,0.27003,0.12907,0.024832,0.22667,0.12524,0.021056,247,248,250,193,196,199,169,170,172,155,152,149,58,61,62,89,88,88,0.53447,0.53789,0.53795
1,2.7198e+05,1.512,12.6,195,800,1.4435,12.485,186.54,1060.1,0.32035,0.13544,0.032832,0.29924,0.12601,0.02848,0.27056,0.12193,0.025088,248,249,250,189,193,198,165,167,170,144,143,142,66,65,64,94,95,96,0.53927,0.53981,0.54035
1,2.7208e+05,1.512,12.68,195,800,1.4509,12.547,186.82,1118.6,0.242,0.12358,0.022848,0.22164,0.1164,0.019392,0.20298,0.10979,0.016512,247,248,250,225,218,209,166,168,170,132,134,137,54,57,61,114,111,104,0.53246,0.53892,0.5404
1,2.7218e+05,1.512,12.76,195,800,1.4573,12.612,186.54,521.45,0.33457,0.12449,0.030464,0.29737,0.11593,0.025344,0.26581,0.11233,0.021952,248,250,250,223,218,212,171,170,170,132,134,137,55,55,57,126,115,105,0.53298,0.5374,0.53883
1,2.7228e+05,1.512,12.84,195,800,1.4626,12.686,186.15,577.38,0.26166,0.12411,0.02368,0.2283,0.11968,0.020032,0.19383,0.11853,0.01728,255,254,253,194,201,210,166,168,170,144,145,145,52,55,58,99,101,100,0.53886,0.54088,0.53929
1,2.7238e+05,1.512,12.92,195,800,1.452,12.778,185.89,744.22,0.32581,0.14332,0.035072,0.30026,0.1358,0.030528,0.27678,0.12666,0.027008,255,255,254,193,200,208,167,168,169,153,152,151,61,62,62,93,94,96,0.53951,0.54176,0.53998
1,2.7248e+05,1.512,13,195,800,1.4488,12.858,186.72,592.08,0.29424,0.14091,0.030848,0.26733,0.13501,0.02688,0.24383,0.12825,0.023744,255,255,254,215,211,210,172,173,173,164,166,167,90,81,71,90,90,90,0.55283,0.53819,0.5371
1,2.7258e+05,1.512,13.08,195,800,1.4414,12.946,186.48,786.65,0.3855,0.13229,0.037504,0.3428,0.1232,0.031296,0.30526,0.11801,0.026752,254,253,252,214,211,207,182,181,177,181,184,186,79,77,74,85,88,92,0.53746,0.53802,0.53746
1,2.7268e+05,1.512,13.16,195,800,1.4435,13.022,185.98,757.31,0.28138,0.12928,0.027072,0.24704,0.12465,0.022912,0.22783,0.1202,0.020416,249,249,249,208,206,202,178,178,177,191,194,198,67,71,73,88,91,94,0.54483,0.53886,0.53628
1,2.7278e+05,1.512,13.24,195,800,1.4637,13.089,186.91,565.91,0.32806,0.13183,0.032832,0.3086,0.12552,0.029184,0.28782,0.11913,0.025728,239,242,245,181,188,192,164,170,173,216,220,223,73,74,76,105,102,100,0.53288,0.53703,0.53649
1,2.7288e+05,1.512,13.32,195,800,1.4424,13.193,187.27,1127.6,0.25105,0.11816,0.022528,0.23005,0.11511,0.019968,0.21552,0.10805,0.01728,241,242,244,177,183,190,168,170,171,230,234,235,81,80,80,106,104,103,0.52735,0.53358,0.53534
1,2.7298e+05,1.512,13.4,195,800,1.4509,13.249,185.73,543.56,0.28976,0.12098,0.025728,0.26088,0.11629,0.02176,0.21647,0.11359,0.01824,241,244,246,182,190,196,168,169,170,249,250,250,92,91,91,108,108,110,0.54047,0.53494,0.53699
1,2.7308e+05,1.512,13.48,195,800,1.4477,13.333,187.22,753.36,0.25486,0.13041,0.025024,0.23197,0.12588,0.021568,0.20835,0.11618,0.018432,249,248,246,214,212,208,169,168,168,254,254,254,97,100,102,124,124,124,0.52901,0.53858,0.53957
1,2.7318e+05,1.512,13.56,195,800,1.4424,13.412,185.38,906.04,0.26193,0.1294,0.024448,0.21401,0.12048,0.019904,0.19313,0.11865,0.01792,244,245,244,233,219,207,172,169,166,255,255,255,107,108,107,132,133,135,0.53163,0.53576,0.53843
1,2.7328e+05,1.512,13.64,195,800,1.4286,13.512,186.01,779.28,0.30049,0.13307,0.030592,0.26411,0.12745,0.025664,0.2338,0.12291,0.022208,236,239,240,194,198,199,157,163,166,255,255,254,119,113,108,160,165,170,0.5331,0.53794,0.53932
1,2.7338e+05,1.512,13.72,195,800,1.4329,13.574,185.32,485.42,0.27283,0.12792,0.026368,0.24776,0.11977,0.022912,0.22879,0.11415,0.020032,237,237,237,180,188,193,159,163,165,255,254,251,104,104,105,186,192,194,0.53676,0.5397,0.54121
1,2.7348e+05,1.512,13.8,195,800,1.4456,13.659,185.41,986.73,0.29423,0.12835,0.02784,0.25132,0.12382,0.02336,0.22394,0.12137,0.02048,232,234,238,191,192,194,169,169,167,240,237,233,91,97,103,251,244,234,0.54083,0.53848,0.54043
1,2.7358e+05,1.512,13.88,195,800,1.434,13.731,185.87,1050.3,0.30809,0.13017,0.0304,0.28262,0.1265,0.026688,0.26748,0.11872,0.023296,243,243,243,218,216,212,172,171,169,203,208,215,119,115,114,249,244,236,0.53447,0.53901,0.54217
1,2.7368e+05,1.512,13.96,195,800,1.4637,13.786,153.56,718.62,0.30061,0.12303,0.027328,0.26209,0.11787,0.022656,0.23415,0.11221,0.018624,250,249,247,234,228,219,173,172,170,205,206,211,121,123,125,229,225,220,0.52543,0.54208,0.54429
1,2.767e+05,1.419,13.96,195,800,1.3544,13.736,0.40617,984.4,0,0,0,0,0,0,0,0,0,250,249,247,219,216,213,165,166,166,197,201,206,126,130,133,240,235,228,0.54535,0.54653,0.54227
1,2.768e+05,1.419,13.88,195,800,1.3607,13.685,187.36,692.6,0.23214,0.12455,0.0208,0.20757,0.12202,0.01792,0.16834,0.11768,0.015168,248,245,243,203,205,207,161,163,165,188,196,208,122,120,120,252,249,242,0.53386,0.5396,0.54362
1,2.769e+05,1.419,13.8,195,800,1.3279,13.636,189.17,606.82,0.21506,0.1458,0.024768,0.20478,0.138,0.022144,0.19735,0.13269,0.020608,233,234,237,193,191,191,159,161,163,231,227,225,106,105,105,252,247,237,0.54478,0.54199,0.54365
1,2.77e+05,1.419,13.72,195,800,1.366,13.511,187.35,904,0.30857,0.14765,0.035648,0.29553,0.14033,0.032512,0.28369,0.13406,0.029696,234,233,235,186,185,187,163,162,164,255,253,248,104,104,102,198,197,197,0.54183,0.54295,0.54349
1,2.771e+05,1.419,13.64,195,800,1.3512,13.456,186.55,731.21,0.39257,0.14285,0.042944,0.36412,0.13078,0.03584,0.29826,0.12241,0.027264,236,235,237,185,188,191,162,163,165,255,255,253,108,107,103,166,168,173,0.54853,0.54215,0.54018
1,2.772e+05,1.419,13.56,195,800,1.3523,13.389,185.77,783.06,0.45043,0.1377,0.03616,0.24519,0.12212,0.02304,0.23229,0.11577,0.020608,243,241,241,199,201,199,166,166,167,255,255,255,104,102,101,136,135,136,0.54653,0.5382,0.53755
1,2.773e+05,1.419,13.48,195,800,1.3745,13.265,187.21,733,0.35647,0.16418,0.03904,0.32111,0.15177,0.032256,0.28487,0.14078,0.027136,246,243,242,199,201,200,165,166,168,255,255,254,96,96,97,125,124,126,0.54399,0.54024,0.54108
1,2.774e+05,1.419,13.4,195,800,1.3565,13.228,185.66,802.67,0.26534,0.12608,0.024768,0.22163,0.118,0.01952,0.19406,0.11632,0.017088,243,242,242,192,189,190,166,167,169,255,253,250,87,88,89,105,108,112,0.54225,0.53951,0.53891
1,2.775e+05,1.419,13.32,195,800,1.3809,13.132,185.5,815.14,0.27199,0.1307,0.027136,0.24053,0.12831,0.023552,0.22107,0.12161,0.020736,239,239,241,172,177,185,170,170,171,252,244,236,82,82,81,101,103,104,0.53805,0.53456,0.53701
1,2.776e+05,1.419,13.24,195,800,1.3682,13.056,185.86,675.95,0.37934,0.13944,0.039104,0.31981,0.13707,0.033472,0.29715,0.12986,0.029376,238,240,243,175,180,188,170,171,172,240,232,225,75,76,76,101,101,100,0.54264,0.53883,0.53898
1,2.777e+05,1.419,13.16,195,800,1.3586,12.992,186.35,743.44,0.3729,0.14142,0.037696,0.34516,0.13444,0.032832,0.30437,0.12466,0.02752,252,249,248,197,198,201,178,176,175,196,197,198,65,65,68,95,94,95,0.53933,0.54173,0.5394
1,2.778e+05,1.419,13.08,195,800,1.348,12.92,186.51,961.23,0.35989,0.12539,0.03136,0.28672,0.12,0.025408,0.25381,0.11415,0.021696,254,253,251,200,204,208,179,178,176,183,184,186,61,63,66,92,92,92,0.54146,0.54145,0.53816
1,2.779e+05,1.419,13,195,800,1.3597,12.83,186.13,677.15,0.33792,0.13507,0.033984,0.29166,0.12867,0.028864,0.26529,0.12241,0.024832,254,254,254,217,216,216,176,174,173,162,164,167,56,60,63,87,88,90,0.53008,0.53629,0.53743
1,2.78e+05,1.419,12.92,195,800,1.3724,12.738,185.08,918.37,0.36257,0.1205,0.030336,0.27815,0.11486,0.023616,0.23693,0.1079,0.019264,254,254,254,221,221,218,169,170,171,155,153,153,57,57,58,86,88,92,0.54125,0.53984,0.53939
1,2.781e+05,1.419,12.84,195,800,1.3523,12.677,186.84,776.67,0.26609,0.12902,0.025536,0.2347,0.12418,0.02176,0.20887,0.1217,0.019008,251,252,253,218,219,218,173,172,171,148,148,148,55,55,57,89,93,96,0.5504,0.54174,0.53919
1,2.782e+05,1.419,12.76,195,800,1.3533,12.61,186.89,888.8,0.25902,0.12941,0.025024,0.23742,0.11827,0.020608,0.21103,0.11601,0.018368,249,250,251,221,221,219,170,172,172,137,138,140,56,55,57,102,101,99,0.54087,0.5421,0.54031
1,2.783e+05,1.419,12.68,195,800,1.3406,12.526,187.25,992.38,0.31499,0.12609,0.029696,0.27546,0.12191,0.025152,0.25584,0.11267,0.021568,250,251,251,225,222,216,167,170,171,139,137,138,53,57,61,97,98,98,0.54255,0.53879,0.53924
1,2.784e+05,1.419,12.6,195,800,1.3459,12.45,185.29,607.2,0.36229,0.12319,0.031616,0.32659,0.11694,0.025088,0.24264,0.10959,0.019648,255,253,252,205,208,209,171,170,169,143,144,144,79,73,68,87,88,90,0.53725,0.53968,0.53975
1,2.785e+05,1.419,12.52,195,800,1.3576,12.366,187.41,810.46,0.26805,0.1272,0.0256,0.23924,0.1212,0.022016,0.22237,0.11398,0.019264,253,253,253,211,210,207,173,170,169,159,157,153,75,73,68,82,82,82,0.54078,0.54164,0.54177
1,2.786e+05,1.419,12.44,195,800,1.347,12.271,187,974.09,0.33163,0.12458,0.029312,0.28633,0.11846,0.024192,0.25365,0.11352,0.020864,253,253,252,222,214,207,170,170,171,160,158,156,63,65,66,78,78,79,0.53007,0.53456,0.5401
1,2.787e+05,1.419,12.36,195,800,1.3279,12.233,187.99,1004.4,0.28969,0.12067,0.02592,0.25507,0.11309,0.021504,0.22119,0.10925,0.018368,251,251,250,201,205,212,175,175,174,157,157,158,62,60,60,72,74,76,0.53177,0.53773,0.54046
1,2.788e+05,1.419,12.28,195,800,1.3671,12.104,186.74,721.35,0.31043,0.1356,0.030144,0.29296,0.1276,0.026176,0.25971,0.12318,0.023168,250,249,249,207,209,213,176,176,175,156,159,164,59,60,61,74,73,74,0.54872,0.54365,0.54233
1,2.789e+05,1.419,12.2,195,800,1.3618,12.022,184.8,1102.8,0.43532,0.1254,0.033984,0.31002,0.12032,0.023552,0.19012,0.12117,0.01792,247,247,246,228,226,220,175,176,176,182,180,174,60,62,63,72,73,74,0.54161,0.54132,0.54163
1,2.79e+05,1.419,12.12,195,800,1.3682,11.947,187.85,1016.9,0.24896,0.13023,0.024256,0.2217,0.12121,0.020672,0.2002,0.11923,0.018176,243,245,246,232,224,217,178,178,176,171,175,172,68,66,64,76,75,75,0.53445,0.53925,0.54047
1,2.791e+05,1.419,12.04,195,800,1.3501,11.903,185.31,603.07,0.2136,0.12447,0.019648,0.1908,0.11743,0.017088,0.17303,0.1128,0.015168,245,246,246,222,215,212,177,177,176,156,163,167,66,65,65,77,76,77,0.53861,0.54027,0.54233
1,2.792e+05,1.419,11.96,195,800,1.3724,11.775,186.56,757.07,0.30182,0.12872,0.029376,0.27862,0.12099,0.024704,0.25781,0.11517,0.021632,249,250,249,201,204,206,166,173,175,151,156,159,65,67,69,72,77,83,0.54188,0.54361,0.5421
1,2.793e+05,1.419,11.88,195,800,1.3682,11.729,185.58,801.72,0.19874,0.12558,0.018816,0.17511,0.11905,0.016256,0.16075,0.11523,0.014336,253,252,251,207,207,208,173,174,173,156,160,159,71,73,73,80,84,89,0.53029,0.54299,0.54184
1,2.794e+05,1.419,11.8,195,800,1.3523,11.655,185.46,851.4,0.3164,0.12076,0.025728,0.22284,0.11959,0.019904,0.19693,0.11301,0.017024,253,253,251,234,221,215,166,170,170,158,162,161,85,81,78,112,106,103,0.54228,0.53796,0.5406
1,2.795e+05,1.419,11.72,195,800,1.348,11.574,185.68,648.02,0.21309,0.14046,0.022016,0.1934,0.13064,0.018816,0.17698,0.12765,0.017024,250,250,251,217,219,215,167,166,167,161,163,161,75,78,83,116,119,120,0.54311,0.54197,0.54092
1,2.796e+05,1.419,11.64,195,800,1.3533,11.499,186.15,725.48,0.25285,0.13137,0.024768,0.22113,0.126,0.020992,0.1971,0.12286,0.018624,250,250,251,209,211,212,165,165,168,160,163,160,74,80,84,134,131,129,0.54856,0.54664,0.54502
1,2.797e+05,1.419,11.56,195,800,1.3703,11.403,185.33,1027.3,0.23768,0.12224,0.02208,0.21336,0.11861,0.0192,0.19285,0.11127,0.016448,254,254,253,202,209,211,163,167,169,151,153,152,80,83,87,158,156,153,0.55672,0.54832,0.5472
1,2.798e+05,1.419,11.48,195,800,1.3586,11.33,184.48,915.41,0.26172,0.11596,0.022208,0.23423,0.11209,0.019072,0.20423,0.1075,0.016256,255,255,254,220,213,208,170,168,170,141,145,148,79,82,87,166,168,172,0.55629,0.55147,0.55022
1,2.799e+05,1.419,11.4,195,800,1.3533,11.251,185.59,864.87,0.27824,0.1267,0.026496,0.23861,0.12045,0.021952,0.21169,0.114,0.018624,254,254,253,199,204,203,165,168,170,137,140,141,82,78,78,220,217,214,0.54957,0.54776,0.54992
1,2.8e+05,1.419,11.32,195,800,1.3491,11.188,185.81,746.13,0.22267,0.12601,0.020608,0.19357,0.12076,0.017472,0.18101,0.11461,0.015232,250,249,250,179,182,187,166,167,168,136,139,142,59,64,69,254,252,246,0.55706,0.55761,0.55856
1,2.801e+05,1.419,11.24,195,800,1.3533,11.09,186.42,908.84,0.26567,0.13418,0.027392,0.2439,0.12543,0.022976,0.22488,0.12048,0.020544,245,248,249,168,176,185,164,166,170,138,143,148,56,60,66,255,255,253,0.55789,0.56295,0.56379
1,2.802e+05,1.419,11.16,195,800,1.3607,10.998,186.35,927.68,0.28098,0.12255,0.025152,0.24813,0.11808,0.02144,0.20878,0.11249,0.017984,251,250,249,194,191,188,178,175,172,170,169,172,67,69,74,254,251,244,0.56341,0.56611,0.56823
1,2.803e+05,1.419,11.08,195,800,1.3639,10.934,185.2,1020.2,0.27179,0.14227,0.02976,0.25532,0.13186,0.02592,0.24281,0.12785,0.023808,253,251,248,206,197,188,182,175,172,185,188,193,79,83,89,242,236,230,0.59565,0.58896,0.58626
1,2.804e+05,1.419,11,195,800,1.3629,10.856,153.96,714.21,0.24816,0.12231,0.02272,0.21423,0.1171,0.019392,0.19664,0.11575,0.017408,243,245,245,183,186,186,172,169,171,246,232,225,134,125,118,181,191,200,0.53054,0.53244,0.5291
1,2.8342e+05,1.326,11,195,800,1.2759,10.93,0.028786,743.73,0,0,0,0,0,0,0,0,0,245,246,246,182,185,185,170,167,170,233,224,223,118,112,111,181,193,203,0.55292,0.54211,0.53086
1,2.8352e+05,1.326,11.08,195,800,1.2706,10.987,187.06,513.61,0.22197,0.1254,0.018816,0.20649,0.11781,0.016512,0.18925,0.11398,0.014336,252,251,248,193,190,188,171,170,171,182,186,194,75,78,87,244,239,232,0.58817,0.58576,0.58522
1,2.8362e+05,1.326,11.16,195,800,1.2578,11.07,186.77,710.38,0.24488,0.12066,0.020416,0.1741,0.11721,0.015872,0.16302,0.1102,0.014016,251,250,249,183,186,188,175,173,171,170,171,175,64,68,76,254,252,246,0.57473,0.56897,0.57052
1,2.8372e+05,1.326,11.24,195,800,1.2589,11.152,187.41,1063.8,0.25418,0.13641,0.026816,0.22758,0.12923,0.02304,0.21178,0.12546,0.020736,250,249,250,172,179,189,172,169,171,146,148,151,63,66,71,255,255,253,0.5699,0.56273,0.56303
1,2.8382e+05,1.326,11.32,195,800,1.2706,11.199,186.43,678.77,0.34419,0.11718,0.027712,0.27085,0.11421,0.022976,0.24975,0.10888,0.02016,252,251,251,184,188,192,166,167,169,142,143,144,67,70,74,254,251,245,0.56227,0.55675,0.55711
1,2.8392e+05,1.326,11.4,195,800,1.2706,11.283,187.72,778.7,0.35362,0.1209,0.031168,0.32294,0.1099,0.0256,0.29418,0.10587,0.021696,255,255,253,221,210,203,167,167,169,145,142,141,76,78,80,221,216,212,0.54502,0.55169,0.5533
1,2.8402e+05,1.326,11.48,195,800,1.2642,11.356,186.68,622.01,0.24537,0.12709,0.023808,0.21282,0.11854,0.019392,0.19702,0.11535,0.0176,255,254,253,231,214,206,169,168,170,152,148,147,79,84,89,170,168,171,0.54836,0.55121,0.5514
1,2.8412e+05,1.326,11.56,195,800,1.2812,11.421,185.85,640.92,0.33077,0.1195,0.02432,0.18011,0.12112,0.017344,0.168,0.1167,0.015488,254,253,252,214,210,208,165,168,170,162,157,152,85,89,91,161,155,154,0.55311,0.54912,0.54871
1,2.8422e+05,1.326,11.64,195,800,1.2578,11.535,187.22,661.73,0.2382,0.13292,0.024768,0.21547,0.12467,0.020928,0.20378,0.11532,0.018304,245,247,249,228,218,212,165,167,169,179,167,158,92,91,90,136,132,130,0.53686,0.54621,0.54602
1,2.8432e+05,1.326,11.72,195,800,1.279,11.597,187.29,726.43,0.27858,0.12173,0.024704,0.24505,0.11392,0.020672,0.22387,0.10817,0.017856,245,248,249,248,228,216,163,166,168,168,164,160,82,84,88,118,119,121,0.53749,0.53917,0.5408
1,2.8442e+05,1.326,11.8,195,800,1.2674,11.674,187.21,906.94,0.23948,0.12945,0.022464,0.20854,0.12139,0.01888,0.18918,0.11623,0.01664,251,251,250,230,219,213,167,169,170,161,161,158,80,83,81,103,102,103,0.53726,0.5402,0.54101
1,2.8452e+05,1.326,11.88,195,800,1.2546,11.764,186.75,818.95,0.28434,0.11466,0.022208,0.22875,0.11019,0.017024,0.18006,0.10488,0.014144,251,250,250,204,202,205,173,173,173,159,157,156,77,77,76,83,85,89,0.53892,0.53999,0.54067
1,2.8462e+05,1.326,11.96,195,800,1.2504,11.843,186.24,641.37,0.27551,0.11782,0.023552,0.25114,0.10983,0.020288,0.22089,0.10478,0.01696,251,250,248,210,204,203,172,173,175,153,152,156,71,71,71,77,78,83,0.55006,0.54388,0.54083
1,2.8472e+05,1.326,12.04,195,800,1.2578,11.913,186.79,784.07,0.32057,0.13138,0.030208,0.28207,0.12348,0.025472,0.25126,0.11975,0.022336,244,245,246,210,213,213,180,177,176,163,165,166,63,66,67,76,76,76,0.54803,0.5465,0.54368
1,2.8482e+05,1.326,12.12,195,800,1.2727,11.992,185.46,883.73,0.39108,0.12735,0.033216,0.34743,0.11958,0.027456,0.29981,0.1144,0.022784,245,245,245,223,221,219,179,176,175,191,182,173,65,66,66,74,75,75,0.53905,0.54139,0.54145
1,2.8492e+05,1.326,12.2,195,800,1.2801,12.081,186.74,848.93,0.2609,0.15486,0.030656,0.23068,0.14978,0.026496,0.20917,0.13946,0.0224,248,247,246,225,225,221,170,172,174,201,187,176,62,64,64,73,73,75,0.529,0.53703,0.54278
1,2.8502e+05,1.326,12.28,195,800,1.2674,12.147,185.86,1089.8,0.35026,0.12725,0.03264,0.24875,0.12453,0.024064,0.2263,0.11722,0.020736,249,249,249,204,204,211,174,174,173,156,160,165,64,63,62,74,74,75,0.54824,0.54505,0.54438
1,2.8512e+05,1.326,12.36,195,800,1.279,12.228,185.88,468.34,0.23974,0.16266,0.02944,0.21992,0.14948,0.024576,0.20267,0.13792,0.02144,252,251,251,191,199,210,177,174,172,156,157,159,66,63,62,74,75,76,0.54516,0.54379,0.54333
1,2.8522e+05,1.326,12.44,195,800,1.2737,12.299,186.7,652.56,0.35059,0.12666,0.032448,0.29759,0.11676,0.025152,0.25507,0.1119,0.0208,254,254,253,218,211,206,168,170,171,157,156,155,67,67,67,77,77,79,0.54197,0.53923,0.54067
1,2.8532e+05,1.326,12.52,195,800,1.2589,12.414,185.13,919.3,0.18979,0.12661,0.018304,0.1711,0.12101,0.015808,0.16074,0.11452,0.01408,254,254,254,214,212,208,167,168,168,155,154,151,79,74,69,78,79,81,0.53522,0.5433,0.54255
1,2.8542e+05,1.326,12.6,195,800,1.2886,12.461,185.26,960.74,0.30282,0.12764,0.029184,0.27513,0.12005,0.024384,0.24911,0.11167,0.020928,255,254,253,211,210,209,164,167,168,142,142,144,77,74,68,84,86,88,0.5413,0.53951,0.54024
1,2.8552e+05,1.326,12.68,195,800,1.2748,12.552,186,954.52,0.30066,0.1187,0.027008,0.27527,0.1115,0.022848,0.24843,0.10497,0.0192,250,252,252,217,219,215,174,174,171,138,138,139,60,61,61,90,94,96,0.53618,0.53851,0.53948
1,2.8562e+05,1.326,12.76,195,800,1.2716,12.611,186.08,542.35,0.27735,0.12898,0.027392,0.26016,0.12078,0.024064,0.24521,0.11594,0.021824,250,251,252,217,220,218,177,177,173,140,140,141,59,57,58,92,95,97,0.5505,0.54498,0.54145
1,2.8572e+05,1.326,12.84,195,800,1.2663,12.715,186.69,838.82,0.32811,0.11918,0.02656,0.26765,0.11559,0.020992,0.22976,0.10936,0.017472,251,253,252,234,228,221,173,173,172,151,151,150,53,55,56,90,91,94,0.53956,0.53786,0.53894
1,2.8582e+05,1.326,12.92,195,800,1.2684,12.784,187.65,1177,0.27277,0.13556,0.026176,0.24159,0.12706,0.02208,0.21404,0.11766,0.019264,254,254,253,236,229,220,166,170,172,157,156,156,55,55,56,87,88,91,0.53978,0.54025,0.53952
1,2.8592e+05,1.326,13,195,800,1.2769,12.869,185.99,838.16,0.32,0.12742,0.0304,0.29655,0.11698,0.025664,0.26875,0.11367,0.022272,254,254,254,222,220,217,172,172,173,166,167,170,52,55,58,89,90,90,0.54094,0.54219,0.54108
1,2.8602e+05,1.326,13.08,195,800,1.278,12.927,186.61,793.27,0.22446,0.13815,0.023168,0.20559,0.12623,0.02016,0.19509,0.12087,0.018112,252,252,251,210,210,209,175,176,175,187,187,190,57,59,62,93,94,92,0.53576,0.54073,0.54018
1,2.8612e+05,1.326,13.16,195,800,1.2674,13.027,187.06,964.67,0.36739,0.13071,0.033856,0.31982,0.12208,0.027904,0.27145,0.11631,0.023616,248,249,248,200,203,202,175,175,175,202,201,203,62,64,66,92,94,94,0.54006,0.53925,0.54027
1,2.8622e+05,1.326,13.24,195,800,1.2716,13.106,188.45,1104.1,0.25107,0.12487,0.02336,0.2202,0.11638,0.019712,0.20745,0.11259,0.01792,239,241,243,183,186,191,168,173,174,237,232,229,81,79,77,98,100,100,0.53589,0.54139,0.54077
1,2.8632e+05,1.326,13.32,195,800,1.2737,13.159,186.38,674.79,0.35663,0.13558,0.036992,0.33952,0.1275,0.032896,0.31522,0.12061,0.029184,238,240,241,179,183,189,171,173,173,250,244,240,89,85,82,101,103,104,0.53977,0.53576,0.53655
1,2.8642e+05,1.326,13.4,195,800,1.2663,13.241,185.82,674.63,0.2546,0.13034,0.025216,0.22421,0.12256,0.021056,0.19471,0.11796,0.017856,241,242,242,188,192,194,172,172,172,254,254,252,86,88,89,109,112,113,0.54769,0.54193,0.54031
1,2.8652e+05,1.326,13.48,195,800,1.2557,13.346,187.46,1027.4,0.32415,0.1248,0.028736,0.27141,0.11764,0.02208,0.19252,0.11736,0.017216,239,241,242,201,201,200,166,168,169,255,255,254,90,93,95,121,125,126,0.53498,0.53588,0.54
1,2.8662e+05,1.326,13.56,195,800,1.2939,13.398,186.99,843.99,0.30261,0.12468,0.028032,0.24628,0.12094,0.022464,0.21172,0.11744,0.019136,237,240,241,198,198,198,167,167,168,255,255,255,96,98,98,129,133,137,0.54105,0.54338,0.54268
1,2.8672e+05,1.326,13.64,195,800,1.2854,13.475,186.76,621.38,0.29973,0.13036,0.029696,0.27145,0.12328,0.025216,0.24794,0.11569,0.02176,235,236,238,177,182,187,167,167,167,255,255,253,100,101,100,160,167,174,0.52645,0.53643,0.54008
1,2.8682e+05,1.326,13.72,195,800,1.2674,13.557,185.95,564.54,0.31523,0.12989,0.03072,0.28648,0.12108,0.02624,0.26228,0.11508,0.022784,232,234,236,178,179,183,166,166,165,255,251,246,103,101,100,196,199,199,0.54288,0.54642,0.54289
1,2.8692e+05,1.326,13.8,195,800,1.2737,13.645,186.42,1137,0.29145,0.12284,0.026112,0.2512,0.1204,0.02272,0.23469,0.11573,0.020224,231,235,237,185,186,189,158,160,163,223,222,222,99,101,104,255,249,239,0.5357,0.538,0.54105
1,2.8702e+05,1.326,13.88,195,800,1.2748,13.709,185.51,875.43,0.26663,0.12899,0.02592,0.24576,0.12237,0.022656,0.22783,0.11521,0.019712,244,244,243,198,203,207,158,161,164,186,194,204,113,119,123,254,251,244,0.54152,0.54953,0.54655
1,2.8712e+05,1.326,13.96,195,800,1.2759,13.775,152.74,379.02,0.32634,0.11688,0.028096,0.26335,0.11036,0.022016,0.23701,0.106,0.018624,247,247,246,212,213,213,164,165,166,198,201,204,135,137,137,245,239,230,0.53364,0.54232,0.54184
1,2.9014e+05,1.233,13.96,195,800,1.1772,13.759,-0.12018,570.72,0,0,0,0,0,0,0,0,0,246,245,245,237,230,222,168,166,166,196,196,199,145,141,138,244,240,230,0.56256,0.55104,0.54667
1,2.9024e+05,1.233,13.88,195,800,1.1846,13.669,185.08,817.99,0.33516,0.1213,0.024384,0.30724,0.11397,0.02048,0.27622,0.1079,0.017344,241,241,243,228,223,216,163,164,165,187,191,199,119,118,120,254,251,244,0.55668,0.54551,0.54474
1,2.9034e+05,1.233,13.8,195,800,1.1634,13.595,187.3,1011.6,0.22145,0.12963,0.022336,0.21189,0.12152,0.019904,0.20345,0.11661,0.018368,240,239,239,178,182,190,166,167,167,211,214,217,90,93,98,255,249,238,0.53559,0.54054,0.54064
1,2.9044e+05,1.233,13.72,195,800,1.1719,13.522,187.36,687.04,0.26397,0.14976,0.03104,0.24966,0.14449,0.02848,0.23784,0.13401,0.025088,242,241,241,159,168,182,177,174,171,252,248,243,89,90,93,200,199,196,0.54642,0.53956,0.53936
1,2.9054e+05,1.233,13.64,195,800,1.1825,13.463,186.47,757.1,0.37395,0.15573,0.044608,0.35767,0.14444,0.039296,0.34253,0.13587,0.035392,243,243,242,181,183,188,176,174,172,255,254,251,91,92,94,163,167,171,0.54564,0.54615,0.54288
1,2.9064e+05,1.233,13.56,195,800,1.1666,13.365,188.66,626,0.4467,0.1452,0.045888,0.42913,0.13281,0.037888,0.40515,0.12287,0.029504,246,245,245,210,209,207,170,171,171,255,255,255,97,96,94,131,131,133,0.54054,0.54006,0.5411
1,2.9074e+05,1.233,13.48,195,800,1.1804,13.29,186.97,860.31,0.50153,0.11296,0.03872,0.32059,0.1071,0.024512,0.24772,0.10355,0.018816,245,245,245,213,213,211,174,173,172,255,255,255,94,93,93,125,124,124,0.53854,0.54207,0.54131
1,2.9084e+05,1.233,13.4,195,800,1.1729,13.215,186.95,1144.6,0.26853,0.13599,0.02688,0.21775,0.13008,0.021632,0.19862,0.12424,0.018944,242,242,243,208,209,208,182,180,177,253,253,252,84,86,88,118,116,112,0.53976,0.54136,0.54143
1,2.9094e+05,1.233,13.32,195,800,1.1878,13.145,187.56,932.07,0.38481,0.12575,0.030336,0.26377,0.11245,0.021824,0.23057,0.10988,0.018688,237,240,242,196,199,202,180,181,180,246,244,242,88,86,83,104,103,101,0.53655,0.53715,0.53794
1,2.9104e+05,1.233,13.24,195,800,1.1761,13.067,188.62,788.18,0.26091,0.12444,0.024896,0.24132,0.11968,0.02208,0.21993,0.11692,0.019584,241,242,244,194,199,202,179,179,179,234,235,235,86,81,78,97,97,96,0.55194,0.54226,0.54215
1,2.9114e+05,1.233,13.16,195,800,1.1634,12.996,186.43,553.27,0.3321,0.1106,0.025728,0.28053,0.10617,0.020672,0.23719,0.099777,0.016704,251,250,249,214,213,207,168,173,176,221,216,214,61,64,67,87,89,90,0.53843,0.53816,0.54011
1,2.9124e+05,1.233,13.08,195,800,1.1729,12.903,187.01,496.19,0.30156,0.13596,0.031168,0.27208,0.12956,0.026944,0.25122,0.12299,0.02368,253,253,251,220,217,211,170,172,174,206,204,202,56,58,61,89,88,88,0.5483,0.54104,0.54003
1,2.9134e+05,1.233,13,195,800,1.191,12.819,185.91,802.39,0.31452,0.13617,0.02816,0.24915,0.13309,0.023872,0.22423,0.12936,0.021056,254,254,253,210,215,218,170,172,172,177,180,182,55,55,56,88,89,88,0.5373,0.54057,0.54088
1,2.9144e+05,1.233,12.92,195,800,1.191,12.748,187.47,810.72,0.33661,0.14037,0.029824,0.28364,0.13623,0.024256,0.24116,0.1265,0.021056,253,252,252,219,221,221,172,171,171,163,166,166,55,54,55,93,91,91,0.52671,0.53528,0.53927
1,2.9154e+05,1.233,12.84,195,800,1.1751,12.683,186.8,909.93,0.27189,0.11902,0.021952,0.20933,0.11249,0.016448,0.16672,0.10999,0.013504,252,252,252,222,222,220,173,172,171,158,158,159,53,54,56,97,95,93,0.53348,0.53788,0.54006
1,2.9164e+05,1.233,12.76,195,800,1.1602,12.615,186.82,694.57,0.27325,0.12737,0.026432,0.25599,0.11892,0.022848,0.2408,0.11146,0.020032,251,251,251,208,211,213,174,172,170,143,144,147,58,59,59,98,98,96,0.53327,0.54074,0.54175
1,2.9174e+05,1.233,12.68,195,800,1.1772,12.505,187.96,847.26,0.31732,0.11585,0.02624,0.28113,0.10489,0.020992,0.23662,0.10079,0.017344,252,252,252,201,205,207,171,169,168,137,140,143,65,63,62,100,97,95,0.54057,0.54053,0.54111
1,2.9184e+05,1.233,12.6,195,800,1.1698,12.438,186.45,923.63,0.28388,0.11625,0.023936,0.24439,0.11334,0.019968,0.20743,0.10657,0.01696,254,254,253,194,198,201,158,162,165,138,140,143,63,64,65,90,90,89,0.53917,0.53944,0.54194
1,2.9194e+05,1.233,12.52,195,800,1.1708,12.352,187.12,1044.9,0.32335,0.13265,0.031808,0.28561,0.12384,0.026368,0.24789,0.11721,0.022016,254,254,253,210,206,202,169,165,165,147,147,148,61,63,64,78,80,82,0.53651,0.54135,0.54166
1,2.9204e+05,1.233,12.44,195,800,1.1687,12.28,186.65,1027.4,0.32217,0.13257,0.029248,0.26159,0.1212,0.021888,0.19902,0.1192,0.017984,254,254,253,216,209,203,168,169,167,148,150,151,62,62,64,78,79,80,0.52897,0.53825,0.54063
1,2.9214e+05,1.233,12.36,195,800,1.1592,12.213,187.1,872.84,0.34462,0.13911,0.036096,0.29919,0.13399,0.030464,0.27444,0.12828,0.026432,251,252,251,199,204,208,175,170,168,158,158,159,63,62,62,78,78,79,0.53662,0.54247,0.54232
1,2.9224e+05,1.233,12.28,195,800,1.1729,12.138,185.63,900.66,0.33553,0.12131,0.028096,0.25079,0.11608,0.02176,0.21123,0.11599,0.01856,250,250,250,208,210,211,164,168,169,166,164,166,62,63,63,77,79,79,0.55155,0.54461,0.54376
1,2.9234e+05,1.233,12.2,195,800,1.1814,12.046,185.59,702.39,0.26299,0.11908,0.023104,0.23105,0.11457,0.019904,0.21056,0.11313,0.017472,243,245,246,234,227,219,168,168,169,178,179,178,72,69,68,81,79,78,0.54736,0.53852,0.54091
1,2.9244e+05,1.233,12.12,195,800,1.1846,11.952,186.52,980.31,0.31577,0.1182,0.027648,0.27726,0.10928,0.022784,0.2422,0.10546,0.018752,240,244,246,214,217,215,172,173,173,172,175,173,68,70,71,77,77,77,0.54319,0.54069,0.54166
1,2.9254e+05,1.233,12.04,195,800,1.1878,11.879,185.91,958.96,0.31611,0.12173,0.026944,0.26971,0.11291,0.021248,0.22531,0.11026,0.017536,244,246,247,205,207,209,176,177,175,158,162,165,66,68,71,75,77,79,0.54484,0.5418,0.54298
1,2.9264e+05,1.233,11.96,195,800,1.1846,11.801,188.2,1157.9,0.26388,0.14617,0.028288,0.23941,0.13812,0.024512,0.21789,0.1351,0.021632,250,249,248,192,192,195,181,177,173,140,145,152,71,71,73,87,88,89,0.55005,0.54633,0.54381
1,2.9274e+05,1.233,11.88,195,800,1.1729,11.737,186.47,1115.6,0.21996,0.13157,0.021632,0.19792,0.12062,0.018368,0.18042,0.11783,0.016384,247,247,248,178,186,196,170,171,171,143,148,152,75,76,76,98,97,95,0.53972,0.54315,0.54228
1,2.9284e+05,1.233,11.8,195,800,1.1836,11.641,184.96,917.52,0.25942,0.13072,0.025984,0.23228,0.12199,0.021952,0.21045,0.11743,0.018688,245,246,246,205,205,206,165,165,167,155,155,155,92,85,82,101,107,109,0.53621,0.54062,0.54003
1,2.9294e+05,1.233,11.72,195,800,1.1761,11.572,186.42,705.8,0.22781,0.11569,0.019904,0.19952,0.1106,0.01696,0.17568,0.10772,0.014464,246,246,247,214,215,212,175,173,171,148,153,158,93,94,92,122,123,125,0.54886,0.54671,0.54419
1,2.9304e+05,1.233,11.64,195,800,1.1687,11.493,186.07,741.83,0.24145,0.12965,0.023872,0.22038,0.12129,0.020672,0.20311,0.11834,0.018368,243,245,247,202,207,210,182,178,173,154,155,155,120,107,93,137,136,134,0.54116,0.55028,0.54934
1,2.9314e+05,1.233,11.56,195,800,1.1804,11.405,186.32,1214.6,0.26333,0.11442,0.022208,0.22591,0.10618,0.018048,0.19882,0.10203,0.015296,250,250,250,197,199,202,174,175,174,143,147,150,107,101,93,143,150,154,0.54005,0.54635,0.5494
1,2.9324e+05,1.233,11.48,195,800,1.1783,11.335,185.64,936.41,0.27784,0.12274,0.025664,0.24851,0.11292,0.021376,0.23026,0.10759,0.018688,253,252,252,193,199,202,171,173,173,138,141,145,91,92,90,154,161,170,0.55331,0.55258,0.55293
1,2.9334e+05,1.233,11.4,195,800,1.1719,11.242,184.97,934.59,0.25215,0.12334,0.0224,0.21529,0.11555,0.018304,0.19356,0.1132,0.015744,254,254,252,202,202,202,174,174,172,135,138,141,93,88,82,213,213,210,0.54681,0.55183,0.55545
1,2.9344e+05,1.233,11.32,195,800,1.1751,11.177,186.27,691.63,0.27278,0.13339,0.028288,0.24882,0.12425,0.024064,0.23088,0.11949,0.02144,252,252,252,202,202,200,179,177,174,145,145,148,92,88,81,253,251,244,0.55424,0.55431,0.55667
1,2.9354e+05,1.233,11.24,195,800,1.1708,11.102,186.08,569.09,0.32959,0.12651,0.030208,0.2761,0.11877,0.024128,0.24432,0.1131,0.020544,249,251,251,207,204,199,180,177,175,150,152,159,98,87,78,255,255,252,0.55919,0.56266,0.56187
1,2.9364e+05,1.233,11.16,195,800,1.2101,10.992,186.74,919.75,0.29491,0.12242,0.025408,0.24628,0.1145,0.020672,0.21455,0.11267,0.017856,251,250,250,199,195,192,173,173,174,186,186,188,72,76,79,255,254,249,0.56518,0.56275,0.56791
1,2.9374e+05,1.233,11.08,195,800,1.1655,10.959,185.72,904.26,0.26018,0.12936,0.025536,0.23801,0.12039,0.021568,0.21827,0.11858,0.019712,248,248,249,176,184,188,170,171,173,206,205,206,73,77,85,253,246,236,0.59104,0.58477,0.58375
1,2.9384e+05,1.233,11,195,800,1.192,10.868,152.03,773.19,0.28435,0.1327,0.028736,0.25638,0.1273,0.024768,0.2289,0.12033,0.021312,246,244,245,184,179,179,170,170,172,237,230,229,114,103,102,193,205,209,0.53312,0.5238,0.5197
1,2.9686e+05,1.14,11,195,800,1.0828,10.925,-0.14335,760.41,0,0,0,0,0,0,0,0,0,240,244,245,166,171,176,176,179,179,246,247,245,118,116,117,194,205,208,0.51762,0.5267,0.52678
1,2.9696e+05,1.14,11.08,195,800,1.0987,10.974,186.12,580.69,0.1962,0.12142,0.017152,0.15526,0.11784,0.014592,0.15041,0.11327,0.013504,251,250,248,192,193,191,181,181,180,250,239,228,81,86,95,250,243,233,0.58205,0.58488,0.58297
1,2.9706e+05,1.14,11.16,195,800,1.0764,11.064,185.77,938.16,0.20739,0.12564,0.02048,0.19665,0.11928,0.018304,0.18367,0.11297,0.016256,253,252,250,210,206,197,176,179,181,226,219,210,79,80,85,255,252,245,0.57284,0.56935,0.56972
1,2.9716e+05,1.14,11.24,195,800,1.0849,11.127,186.29,795.1,0.25165,0.12434,0.02368,0.22639,0.12126,0.020736,0.19811,0.11625,0.017536,252,252,251,204,204,201,176,180,180,152,162,170,74,79,79,254,251,246,0.56585,0.56355,0.56148
1,2.9726e+05,1.14,11.32,195,800,1.0732,11.222,184.88,1007,0.35714,0.11616,0.02944,0.33827,0.10903,0.024576,0.30271,0.10034,0.019072,251,251,251,194,196,198,184,182,179,145,147,152,74,80,80,250,244,236,0.55954,0.55697,0.55566
1,2.9736e+05,1.14,11.4,195,800,1.0732,11.303,186.69,877.24,0.26576,0.12913,0.02496,0.2057,0.12507,0.019456,0.17695,0.12188,0.01696,249,251,251,194,192,192,169,174,175,141,137,136,75,83,84,213,204,200,0.55503,0.55579,0.55383
1,2.9746e+05,1.14,11.48,195,800,1.105,11.343,185.42,709.64,0.37718,0.12268,0.031168,0.3156,0.11423,0.025216,0.2751,0.10944,0.020352,245,250,251,190,190,190,166,171,174,136,135,136,75,86,89,150,158,164,0.55533,0.55397,0.55291
1,2.9756e+05,1.14,11.56,195,800,1.0891,11.446,186.81,857.45,0.25909,0.12314,0.022528,0.21213,0.11458,0.018176,0.19016,0.1101,0.015744,251,250,250,187,188,192,181,178,177,140,140,139,76,87,91,145,149,152,0.53661,0.54729,0.55032
1,2.9766e+05,1.14,11.64,195,800,1.0796,11.535,184.8,1159.5,0.32713,0.14055,0.028672,0.25121,0.12975,0.022144,0.22434,0.12713,0.01984,250,248,247,194,198,202,181,182,176,155,149,146,77,85,89,137,140,136,0.55103,0.55193,0.55054
1,2.9776e+05,1.14,11.72,195,800,1.0785,11.607,185.68,953.63,0.33506,0.15657,0.031296,0.2782,0.14794,0.024448,0.21693,0.13966,0.018368,243,245,247,206,207,206,165,173,174,153,151,149,76,83,88,131,132,129,0.53959,0.54331,0.54542
1,2.9786e+05,1.14,11.8,195,800,1.0881,11.666,185.02,653.56,0.20055,0.16972,0.023552,0.18619,0.14758,0.019392,0.17533,0.12287,0.01632,245,245,246,202,206,206,158,161,167,159,154,150,87,84,81,114,118,118,0.53892,0.54158,0.54141
1,2.9796e+05,1.14,11.88,195,800,1.0828,11.77,185.62,655.28,0.31084,0.12304,0.02624,0.25504,0.11927,0.02208,0.23687,0.10937,0.018752,247,247,247,183,191,199,166,167,169,143,146,149,64,70,76,105,108,103,0.53364,0.53835,0.5408
1,2.9806e+05,1.14,11.96,195,800,1.0753,11.844,187.08,957.83,0.29674,0.12902,0.029312,0.28074,0.11648,0.025408,0.26335,0.1136,0.022912,246,248,248,184,192,198,170,171,172,139,145,151,63,68,74,91,96,96,0.5471,0.54526,0.54328
1,2.9816e+05,1.14,12.04,195,800,1.0722,11.922,186.54,1006.7,0.43469,0.11531,0.033408,0.35116,0.11291,0.025344,0.26802,0.10938,0.0208,252,250,248,201,202,205,169,173,174,163,161,160,84,82,78,78,79,82,0.53551,0.54225,0.54225
1,2.9826e+05,1.14,12.12,195,800,1.0775,11.981,185.77,782.66,0.24339,0.12547,0.021248,0.20378,0.11614,0.017728,0.19343,0.11416,0.016256,251,249,248,212,210,209,169,172,173,174,169,165,88,85,79,77,77,79,0.53341,0.53908,0.54253
1,2.9836e+05,1.14,12.2,195,800,1.0955,12.062,186.1,901.84,0.24958,0.12889,0.02272,0.20388,0.12204,0.018816,0.18206,0.1169,0.016448,246,246,247,214,214,211,167,169,170,174,173,172,74,72,72,82,82,81,0.53549,0.5445,0.54319
1,2.9846e+05,1.14,12.28,195,800,1.0722,12.158,185.48,870.48,0.25064,0.12361,0.023808,0.22736,0.11568,0.019968,0.20269,0.11085,0.01696,252,251,250,204,206,205,165,166,168,174,169,166,57,59,64,83,83,82,0.54418,0.54299,0.54357
1,2.9856e+05,1.14,12.36,195,800,1.0806,12.228,186.66,806.21,0.26473,0.13799,0.027904,0.23602,0.13073,0.024,0.21934,0.1251,0.02112,255,253,251,213,204,201,163,166,167,163,162,161,57,58,61,84,82,82,0.54116,0.54146,0.54285
1,2.9866e+05,1.14,12.44,195,800,1.0806,12.314,186.68,1122.2,0.33887,0.12881,0.027008,0.22829,0.12575,0.021568,0.19523,0.12137,0.018496,250,250,250,196,195,194,158,162,166,145,147,151,58,59,61,81,82,83,0.53438,0.53942,0.54338
1,2.9876e+05,1.14,12.52,195,800,1.0913,12.38,186.88,877.45,0.32059,0.12159,0.027904,0.279,0.11767,0.021952,0.22286,0.11217,0.017152,247,249,250,185,189,192,158,163,165,146,146,148,57,59,62,84,85,85,0.53692,0.53846,0.54255
1,2.9886e+05,1.14,12.6,195,800,1.0881,12.464,185.6,680.3,0.27067,0.12357,0.024896,0.23947,0.11853,0.021504,0.22041,0.11032,0.018816,249,249,249,187,189,192,170,166,165,148,147,146,57,61,65,95,93,91,0.54129,0.54377,0.54147
1,2.9896e+05,1.14,12.68,195,800,1.0711,12.56,185.46,1087.8,0.28127,0.13178,0.028096,0.25117,0.12532,0.023872,0.22952,0.12032,0.021056,251,250,250,200,198,199,156,160,165,149,149,148,63,64,66,98,97,96,0.54696,0.54281,0.54033
1,2.9906e+05,1.14,12.76,195,800,1.0849,12.621,187.72,1198.4,0.28119,0.12489,0.025472,0.25008,0.11978,0.021504,0.21629,0.11421,0.018432,250,251,250,204,203,204,155,160,166,150,150,152,64,64,64,98,97,96,0.53957,0.54052,0.54166
1,2.9916e+05,1.14,12.84,195,800,1.0934,12.696,186.42,1109.2,0.28268,0.12712,0.025984,0.25045,0.12362,0.022784,0.23094,0.11546,0.019712,250,251,251,219,215,210,168,168,169,168,164,162,60,60,60,92,94,94,0.5447,0.54348,0.54135
1,2.9926e+05,1.14,12.92,195,800,1.0976,12.765,185.65,918.94,0.28994,0.12203,0.02624,0.25247,0.11302,0.021504,0.22494,0.10802,0.017856,250,251,252,222,216,210,170,170,170,180,172,168,55,57,58,89,91,91,0.53958,0.53847,0.54018
1,2.9936e+05,1.14,13,195,800,1.0923,12.853,185.38,660.99,0.25689,0.11702,0.022656,0.22021,0.11329,0.019072,0.19253,0.11019,0.01632,254,253,253,209,205,206,176,172,174,193,186,184,57,58,59,83,84,87,0.54774,0.5451,0.54221
1,2.9946e+05,1.14,13.08,195,800,1.0732,12.945,186.36,408.5,0.2563,0.12704,0.0224,0.22249,0.12187,0.019392,0.18138,0.11815,0.016576,253,253,251,208,206,206,181,176,177,215,208,205,66,66,66,79,81,84,0.54612,0.54334,0.5408
1,2.9956e+05,1.14,13.16,195,800,1.0764,13.016,185.67,816,0.30491,0.12948,0.030016,0.28987,0.12329,0.026752,0.27606,0.11719,0.024,252,250,249,215,208,206,177,178,180,224,219,216,71,70,70,80,83,86,0.53714,0.53966,0.53981
1,2.9966e+05,1.14,13.24,195,800,1.0817,13.098,186.55,1015.8,0.32245,0.11695,0.027328,0.28638,0.10787,0.022272,0.2491,0.10363,0.018432,243,244,245,204,206,208,195,186,184,236,234,235,76,78,79,90,91,93,0.53558,0.53754,0.53917
1,2.9976e+05,1.14,13.32,195,800,1.0647,13.187,187.68,693.58,0.23564,0.12368,0.022528,0.21699,0.11768,0.019648,0.2,0.10937,0.017216,245,244,245,219,211,208,195,189,184,245,242,241,78,82,83,96,97,98,0.53163,0.53812,0.5406
1,2.9986e+05,1.14,13.4,195,800,1.0849,13.26,186.77,819.68,0.30688,0.12397,0.027712,0.26116,0.12028,0.023168,0.24258,0.1171,0.020672,250,249,248,234,222,213,180,180,180,255,252,251,90,90,90,104,106,108,0.52833,0.53784,0.54215
1,2.9996e+05,1.14,13.48,195,800,1.0732,13.339,186.75,801.85,0.31456,0.1589,0.030912,0.30045,0.1192,0.025152,0.26369,0.11072,0.02112,254,253,251,226,224,219,167,169,173,255,255,255,101,98,96,115,117,121,0.5345,0.54199,0.54195
1,3.0006e+05,1.14,13.56,195,800,1.087,13.418,187.11,763.03,0.30962,0.12274,0.02784,0.2699,0.11553,0.02304,0.23921,0.11277,0.019776,254,253,251,228,226,217,167,169,172,255,255,255,107,100,96,123,126,131,0.52985,0.53707,0.5419
1,3.0016e+05,1.14,13.64,195,800,1.0711,13.495,186.04,1012.9,0.2936,0.12434,0.027648,0.2549,0.11924,0.023296,0.2264,0.11402,0.019968,250,249,248,212,204,199,177,175,173,255,254,251,86,89,92,154,159,167,0.52235,0.53695,0.54081
1,3.0026e+05,1.14,13.72,195,800,1.0743,13.565,186.91,865.31,0.25471,0.12293,0.023808,0.23158,0.11724,0.020864,0.21708,0.10887,0.018368,244,245,246,174,182,192,179,177,174,251,248,243,81,85,90,184,188,192,0.53437,0.54063,0.54276
1,3.0036e+05,1.14,13.8,195,800,1.0849,13.632,185.62,782.36,0.31358,0.13711,0.033216,0.28296,0.12841,0.027968,0.25908,0.1244,0.02528,243,242,243,192,194,199,178,174,170,213,215,217,91,94,97,248,243,233,0.54746,0.54408,0.54243
1,3.0046e+05,1.14,13.88,195,800,1.0902,13.722,184.92,604.7,0.31345,0.12626,0.029504,0.2742,0.11774,0.023744,0.23906,0.11335,0.019776,244,246,246,250,241,228,165,166,167,185,189,196,110,112,116,252,245,236,0.54826,0.54649,0.54736
1,3.0056e+05,1.14,13.96,195,800,1.0817,13.802,153.16,689.23,0.32674,0.12177,0.02816,0.27061,0.11561,0.021376,0.15452,0.1118,0.012992,249,248,247,253,246,235,164,166,168,182,188,194,114,123,132,233,227,222,0.54917,0.54949,0.5508
1,3.0358e+05,1.047,13.96,195,800,0.99152,13.74,0.64121,736.25,0,0,0,0,0,0,0,0,0,254,253,251,244,242,234,166,168,171,188,189,192,114,121,128,204,209,212,0.55414,0.55156,0.55126
1,3.0368e+05,1.047,13.88,195,800,0.97136,13.684,186.22,664.19,0.20123,0.13075,0.020032,0.18782,0.1248,0.018048,0.17495,0.11904,0.016192,253,252,250,238,234,228,161,166,170,193,192,196,121,118,117,233,233,228,0.54484,0.53848,0.54458
1,3.0378e+05,1.047,13.8,195,800,0.98727,13.59,185.36,907.14,0.22026,0.14413,0.024576,0.20974,0.13469,0.022144,0.19862,0.12717,0.01984,244,245,247,193,199,205,164,170,172,216,220,220,102,102,101,249,240,230,0.5613,0.55059,0.54555
1,3.0388e+05,1.047,13.72,195,800,0.9894,13.531,187.35,794.82,0.2654,0.14727,0.030592,0.2529,0.1389,0.027392,0.24311,0.13105,0.025088,247,247,248,196,197,201,172,173,175,255,250,245,88,90,94,182,186,190,0.54378,0.54281,0.54269
1,3.0398e+05,1.047,13.64,195,800,0.98621,13.449,187.47,590.43,0.35527,0.15805,0.04352,0.33885,0.1488,0.038912,0.31698,0.14025,0.034624,253,251,250,215,213,207,172,174,175,255,255,252,95,95,95,157,160,166,0.53482,0.54297,0.54383
1,3.0408e+05,1.047,13.56,195,800,0.99258,13.37,187.2,1253.1,0.40125,0.13072,0.039104,0.30665,0.12488,0.02912,0.26501,0.11855,0.02336,254,254,253,234,226,217,174,173,174,255,255,255,100,101,99,128,128,129,0.55604,0.54595,0.54361
1,3.0418e+05,1.047,13.48,195,800,0.99682,13.297,187.87,868.55,0.51498,0.13874,0.048768,0.36053,0.13321,0.033728,0.30158,0.1303,0.028544,254,254,253,213,215,215,170,172,175,255,255,255,98,99,100,116,117,118,0.54867,0.54154,0.5416
1,3.0428e+05,1.047,13.4,195,800,0.98621,13.223,186.56,1013.9,0.50135,0.12766,0.045888,0.42536,0.10901,0.031936,0.30556,0.10623,0.022336,251,251,251,184,196,206,181,181,181,252,250,251,96,96,94,103,103,104,0.54548,0.54289,0.54329
1,3.0438e+05,1.047,13.32,195,800,0.98303,13.158,187.14,593.53,0.37798,0.13172,0.036736,0.32512,0.12415,0.030016,0.27713,0.11934,0.025216,247,247,248,207,207,207,188,188,186,241,241,242,83,84,85,98,96,95,0.54465,0.54339,0.54318
1,3.0448e+05,1.047,13.24,195,800,0.98727,13.077,186.52,822.64,0.31115,0.12328,0.027968,0.26469,0.1145,0.021952,0.22785,0.10916,0.018496,245,246,247,214,212,209,184,187,188,240,235,234,76,78,80,93,92,91,0.54488,0.54238,0.54095
1,3.0458e+05,1.047,13.16,195,800,0.98727,12.997,185.89,1075,0.29275,0.1297,0.027904,0.25219,0.11895,0.022912,0.22827,0.11546,0.020288,243,246,248,209,206,205,192,188,187,218,214,214,76,74,72,84,85,86,0.56042,0.54356,0.54013
1,3.0468e+05,1.047,13.08,195,800,0.99788,12.905,187.99,1143.5,0.33991,0.1394,0.034752,0.28689,0.13297,0.0288,0.2576,0.12691,0.024768,247,249,250,195,198,201,190,187,186,203,199,201,74,71,68,83,83,84,0.53323,0.53918,0.54051
1,3.0478e+05,1.047,13,195,800,0.98833,12.848,187.52,546.49,0.41489,0.11868,0.031616,0.29076,0.11622,0.024704,0.24845,0.11159,0.01984,254,253,253,187,190,197,176,178,181,166,171,180,60,61,61,87,86,86,0.53951,0.54116,0.54214
1,3.0488e+05,1.047,12.92,195,800,0.99682,12.76,187.94,731.36,0.27029,0.12602,0.0256,0.24124,0.12108,0.021888,0.22447,0.11559,0.01952,255,253,253,202,202,200,173,173,174,163,163,165,59,59,60,94,91,89,0.54692,0.54043,0.54153
1,3.0498e+05,1.047,12.84,195,800,1.0074,12.659,184.88,1092.2,0.30437,0.15027,0.033088,0.2853,0.13897,0.028864,0.26858,0.13053,0.025408,254,253,252,208,204,201,172,172,172,166,160,159,63,63,61,94,92,91,0.55602,0.54587,0.54338
1,3.0508e+05,1.047,12.76,195,800,0.99576,12.593,187.64,1140.8,0.35567,0.14346,0.037952,0.32047,0.13136,0.031552,0.30756,0.11768,0.027328,250,250,250,188,194,199,170,170,170,152,151,150,70,70,68,96,94,92,0.54044,0.54334,0.54316
1,3.0518e+05,1.047,12.68,195,800,0.98515,12.516,185.37,903.59,0.28506,0.11668,0.024256,0.25411,0.10971,0.020352,0.23114,0.10377,0.018112,247,247,249,193,195,197,168,169,171,151,149,147,77,74,71,95,93,91,0.5458,0.54028,0.54039
1,3.0528e+05,1.047,12.6,195,800,1.0117,12.423,187.39,874.96,0.32675,0.12025,0.02624,0.2418,0.11696,0.0208,0.19841,0.11686,0.0176,244,245,247,197,194,191,170,171,170,147,148,148,87,78,72,86,87,88,0.54134,0.54342,0.54286
1,3.0538e+05,1.047,12.52,195,800,0.99258,12.357,188.12,820.07,0.27154,0.1288,0.02656,0.24315,0.11848,0.021888,0.22036,0.11703,0.019456,244,245,247,175,180,185,168,168,169,148,151,154,69,69,70,84,84,84,0.53432,0.54198,0.54233
1,3.0548e+05,1.047,12.44,195,800,0.98515,12.276,187.24,900.39,0.3165,0.13223,0.03072,0.28185,0.12648,0.025984,0.24489,0.11811,0.02208,247,247,248,180,180,183,164,166,169,156,157,159,63,64,69,82,83,83,0.54299,0.54689,0.54571
1,3.0558e+05,1.047,12.36,195,800,0.98515,12.204,187.27,949.95,0.31442,0.12648,0.02656,0.24053,0.11723,0.019008,0.17681,0.1198,0.015744,250,251,249,183,184,187,179,173,170,172,170,168,67,67,68,84,83,83,0.53421,0.53934,0.54246
1,3.0568e+05,1.047,12.28,195,800,0.96605,12.152,186.9,608.82,0.28811,0.1247,0.026432,0.25794,0.11835,0.022848,0.23712,0.1125,0.019904,251,251,249,189,189,192,174,173,172,170,171,171,69,69,70,87,84,82,0.54533,0.54346,0.54502
1,3.0578e+05,1.047,12.2,195,800,1.0021,12.017,187.87,906.23,0.23352,0.12406,0.021312,0.20702,0.12006,0.018624,0.18915,0.11513,0.016384,247,247,248,202,200,200,171,173,175,166,169,170,72,74,76,82,81,81,0.53099,0.53876,0.54364
1,3.0588e+05,1.047,12.12,195,800,1.0191,11.965,187.1,904.77,0.2585,0.14133,0.027584,0.23581,0.12927,0.023104,0.21213,0.12699,0.020416,250,249,249,200,201,203,184,179,177,166,166,165,92,87,81,74,77,81,0.53305,0.5379,0.54194
1,3.0598e+05,1.047,12.04,195,800,1.0011,11.872,187.53,718.11,0.29801,0.12861,0.027456,0.25856,0.12247,0.023104,0.22946,0.11765,0.019712,252,251,250,198,202,205,178,178,177,159,161,162,92,86,80,77,81,84,0.52599,0.54326,0.54405
1,3.0608e+05,1.047,11.96,195,800,0.99682,11.807,187.02,890.39,0.24676,0.1327,0.025344,0.22559,0.12725,0.02208,0.2099,0.11804,0.019392,250,250,250,222,215,207,177,175,174,153,154,157,67,72,78,106,102,97,0.54014,0.54483,0.54351
1,3.0618e+05,1.047,11.88,195,800,1.0106,11.695,186.68,1047.5,0.21104,0.12564,0.019072,0.18494,0.11701,0.015552,0.16148,0.11491,0.013888,248,248,249,228,218,210,177,174,171,155,154,155,70,74,79,118,110,104,0.52962,0.53889,0.54235
1,3.0628e+05,1.047,11.8,195,800,0.99364,11.661,187.39,497.68,0.25005,0.11638,0.021504,0.23066,0.11123,0.018816,0.21984,0.10535,0.01632,249,248,248,221,219,215,165,166,168,147,150,152,89,85,81,115,118,117,0.54097,0.54088,0.54154
1,3.0638e+05,1.047,11.72,195,800,0.9894,11.561,186.12,658.02,0.27568,0.13921,0.029312,0.26029,0.12814,0.025152,0.23725,0.12448,0.02272,247,247,248,218,215,208,180,176,173,141,143,146,74,78,83,135,130,126,0.53392,0.54063,0.54332
1,3.0648e+05,1.047,11.64,195,800,0.98621,11.49,187.97,887.9,0.3609,0.12486,0.031872,0.26392,0.12022,0.02304,0.20566,0.11874,0.018752,246,247,248,206,204,203,190,181,175,137,140,143,75,79,83,136,135,132,0.55929,0.55223,0.55009
1,3.0658e+05,1.047,11.56,195,800,0.99894,11.388,185.84,844.75,0.3022,0.12704,0.028992,0.27277,0.11982,0.024512,0.24325,0.11557,0.021184,249,248,249,181,188,195,169,173,175,132,134,137,93,90,85,150,149,147,0.54601,0.5536,0.55291
1,3.0668e+05,1.047,11.48,195,800,0.99046,11.33,185.9,644.85,0.29015,0.11814,0.024896,0.23355,0.11463,0.019712,0.1951,0.1112,0.016704,247,249,250,182,188,193,168,169,174,125,130,135,98,88,84,164,158,158,0.55537,0.554,0.55357
1,3.0678e+05,1.047,11.4,195,800,0.99576,11.264,186.02,554.55,0.233,0.13543,0.023936,0.21218,0.12921,0.020864,0.1937,0.12007,0.018112,252,251,250,184,189,194,175,174,175,127,130,135,77,78,77,176,183,190,0.55387,0.55222,0.55384
1,3.0688e+05,1.047,11.32,195,800,0.99576,11.185,187.33,790.24,0.31301,0.13057,0.029696,0.27261,0.11906,0.02432,0.24709,0.11211,0.0208,247,248,250,187,189,193,177,181,182,142,149,155,71,70,71,224,225,225,0.56206,0.55715,0.55746
1,3.0698e+05,1.047,11.24,195,800,0.99576,11.101,185.62,681.15,0.28913,0.12609,0.027776,0.2639,0.12093,0.02432,0.23443,0.11833,0.021312,246,248,250,189,191,195,185,184,185,169,173,176,62,67,72,245,242,237,0.55399,0.56042,0.56186
1,3.0708e+05,1.047,11.16,195,800,0.98515,11.011,187.51,651.73,0.31636,0.13008,0.030528,0.28025,0.11938,0.025088,0.24437,0.11613,0.021504,253,251,250,197,197,194,195,193,190,245,234,219,79,83,91,245,243,237,0.56319,0.56828,0.56919
1,3.0718e+05,1.047,11.08,195,800,0.98621,10.942,187.15,557.47,0.2998,0.13115,0.02848,0.25557,0.12481,0.023872,0.22742,0.12162,0.0208,252,250,249,197,192,189,198,195,190,255,250,237,104,107,113,224,226,223,0.58389,0.58622,0.58562
1,3.0728e+05,1.047,11,195,800,0.9947,10.872,153.1,582.68,0.28729,0.13354,0.027968,0.25097,0.12546,0.023808,0.23134,0.12118,0.021248,241,244,246,168,173,179,182,188,188,255,254,251,170,161,151,179,188,196,0.50503,0.5123,0.52234
1,3.103e+05,0.954,11,195,800,0.89815,10.926,0.49886,778.67,0,0,0,0,0,0,0,0,0,249,247,247,182,182,183,196,194,193,247,244,239,228,204,182,167,172,177,0.50167,0.50672,0.5159
1,3.104e+05,0.954,11.08,195,800,0.90452,10.983,188.06,727.43,0.20844,0.12065,0.017792,0.18051,0.11624,0.015488,0.16073,0.11363,0.013888,250,249,248,204,194,189,202,200,195,237,227,219,120,125,129,221,206,198,0.58533,0.58499,0.58395
1,3.105e+05,0.954,11.16,195,800,0.90982,11.054,186.22,721.01,0.21465,0.12851,0.021248,0.20319,0.12073,0.019008,0.18828,0.11512,0.016512,248,249,249,196,194,193,198,197,194,211,208,202,89,93,100,240,221,209,0.57561,0.57132,0.5698
1,3.106e+05,0.954,11.24,195,800,0.90664,11.127,186,650.44,0.27679,0.12287,0.023616,0.23568,0.11484,0.019712,0.21402,0.10818,0.017408,248,247,249,197,196,199,188,186,187,170,164,165,65,68,71,238,222,213,0.55929,0.56504,0.56349
1,3.107e+05,0.954,11.32,195,800,0.90133,11.218,185.3,654.05,0.33606,0.13145,0.033024,0.31349,0.12431,0.028992,0.29488,0.11646,0.025728,248,248,249,203,202,203,186,183,182,151,147,148,63,65,68,221,209,205,0.56193,0.56137,0.55862
1,3.108e+05,0.954,11.4,195,800,0.87799,11.297,186.22,1060.7,0.31577,0.12444,0.027072,0.26774,0.11765,0.02144,0.22196,0.10998,0.017088,254,251,250,208,213,211,184,177,176,128,128,131,71,73,76,177,175,179,0.5562,0.55345,0.55398
1,3.109e+05,0.954,11.48,195,800,0.90876,11.355,185.82,706.91,0.34769,0.1281,0.033536,0.3163,0.11948,0.027968,0.2853,0.11169,0.023104,250,249,249,225,210,205,177,173,174,145,134,130,90,93,90,149,149,153,0.55934,0.55326,0.55295
1,3.11e+05,0.954,11.56,195,800,0.91619,11.441,185.49,735.14,0.26615,0.14311,0.0256,0.24014,0.13067,0.02208,0.22063,0.12107,0.018752,249,248,249,198,201,202,176,174,174,148,137,132,99,101,93,135,139,142,0.54539,0.55263,0.55201
1,3.111e+05,0.954,11.64,195,800,0.91194,11.522,186.43,1201.2,0.26848,0.12352,0.023232,0.24383,0.1132,0.019456,0.22285,0.11149,0.016896,253,250,249,200,200,202,176,175,174,142,138,137,97,92,89,118,122,126,0.55248,0.55188,0.55059
1,3.112e+05,0.954,11.72,195,800,0.90133,11.597,185.65,799.66,0.3258,0.12012,0.026752,0.28444,0.11184,0.021376,0.23311,0.1096,0.017344,253,250,249,216,209,206,176,173,173,146,141,140,79,82,86,113,116,120,0.55339,0.54808,0.54812
1,3.113e+05,0.954,11.8,195,800,0.90452,11.674,185.07,855.43,0.30372,0.12417,0.027648,0.26666,0.11492,0.022848,0.2408,0.11213,0.019904,250,249,249,219,215,213,165,167,169,158,154,151,89,84,83,108,110,112,0.55697,0.5462,0.54587
1,3.114e+05,0.954,11.88,195,800,0.89391,11.766,185.57,1351.6,0.40883,0.12284,0.035136,0.36586,0.11332,0.028864,0.3371,0.10809,0.02464,253,251,250,217,216,213,171,172,172,166,162,158,89,85,82,100,103,104,0.55133,0.54373,0.54194
1,3.115e+05,0.954,11.96,195,800,0.9077,11.832,186.3,816.4,0.21729,0.13134,0.021248,0.19235,0.12516,0.01824,0.17423,0.12176,0.016192,253,252,250,219,214,209,180,177,175,164,161,160,80,80,82,93,97,99,0.53776,0.54313,0.54198
1,3.116e+05,0.954,12.04,195,800,0.90664,11.909,187.33,574.04,0.32388,0.12624,0.029696,0.30898,0.11574,0.025856,0.28768,0.11148,0.02272,253,250,249,200,202,202,186,184,181,168,165,163,80,79,78,88,89,90,0.54577,0.5461,0.54511
1,3.117e+05,0.954,12.12,195,800,0.90664,11.982,186.16,470.07,0.23749,0.13841,0.024832,0.21875,0.12846,0.02144,0.20519,0.12461,0.01952,248,248,248,203,200,198,189,185,181,166,166,165,76,76,77,87,87,87,0.54996,0.54198,0.54381
1,3.118e+05,0.954,12.2,195,800,0.91194,12.061,187.36,1021,0.35172,0.12519,0.032,0.30579,0.1177,0.02624,0.26699,0.11126,0.021376,246,246,247,196,195,192,178,179,180,169,168,168,70,72,75,82,83,84,0.53177,0.5422,0.5432
1,3.119e+05,0.954,12.28,195,800,0.91513,12.132,187.54,733.51,0.30334,0.11459,0.025664,0.2733,0.10985,0.021888,0.25058,0.10603,0.019072,250,248,247,180,181,183,180,179,178,180,176,171,89,82,76,81,81,81,0.53776,0.54544,0.54421
1,3.12e+05,0.954,12.36,195,800,0.89497,12.23,186.83,647.79,0.21202,0.12306,0.019392,0.19736,0.11263,0.016768,0.17738,0.10928,0.014784,248,247,246,172,175,179,182,180,177,187,180,170,88,83,78,78,80,82,0.53671,0.54345,0.54488
1,3.121e+05,0.954,12.44,195,800,0.89921,12.302,187.43,917.96,0.2452,0.12317,0.022528,0.21659,0.11672,0.018944,0.19986,0.10885,0.016704,243,244,245,172,174,176,175,175,174,170,167,161,80,83,82,84,84,84,0.53838,0.54694,0.54475
1,3.122e+05,0.954,12.52,195,800,0.9077,12.373,187.24,609.89,0.3528,0.1209,0.028352,0.24264,0.12072,0.0208,0.19731,0.11589,0.0176,245,245,245,184,179,179,173,174,173,157,156,154,84,86,83,85,85,85,0.52423,0.54079,0.54324
1,3.123e+05,0.954,12.6,195,800,0.91194,12.458,186.19,774.88,0.22297,0.1293,0.021376,0.18909,0.12215,0.017856,0.16931,0.11749,0.015616,249,247,247,198,194,191,178,176,174,144,142,142,81,82,79,80,84,88,0.54419,0.54265,0.54422
1,3.124e+05,0.954,12.68,195,800,0.90452,12.535,186.29,594.99,0.26634,0.12037,0.023232,0.24476,0.11129,0.01984,0.23025,0.1071,0.018112,248,249,250,195,198,200,184,180,178,132,135,141,65,68,70,87,87,89,0.55408,0.54308,0.54355
1,3.125e+05,0.954,12.76,195,800,0.89815,12.615,186.58,795.78,0.23882,0.12583,0.022848,0.21429,0.12147,0.019456,0.19326,0.11654,0.017152,252,251,250,190,196,201,184,181,179,133,138,144,65,65,65,88,89,89,0.54299,0.54106,0.54173
1,3.126e+05,0.954,12.84,195,800,0.89391,12.71,186.25,981.68,0.31036,0.13667,0.031552,0.28414,0.12725,0.02688,0.25658,0.12325,0.023808,253,254,251,196,194,196,175,180,179,151,154,156,60,60,61,83,87,88,0.53691,0.53898,0.54133
1,3.127e+05,0.954,12.92,195,800,0.90558,12.774,185.44,1029.9,0.29101,0.1267,0.027008,0.25073,0.11916,0.022912,0.22984,0.11472,0.02016,254,254,251,190,191,196,177,180,179,161,163,163,54,57,60,81,85,87,0.53674,0.54283,0.54185
1,3.128e+05,0.954,13,195,800,0.89285,12.865,185.99,884.74,0.31655,0.12857,0.029504,0.24805,0.12378,0.023104,0.20866,0.11877,0.019328,254,254,251,189,194,196,196,191,185,175,178,181,57,60,63,85,87,87,0.53674,0.54247,0.54127
1,3.129e+05,0.954,13.08,195,800,0.9077,12.939,186.7,575.73,0.29803,0.12018,0.025344,0.22786,0.11767,0.019456,0.18803,0.11205,0.016384,252,251,249,195,201,203,198,197,191,198,202,205,70,71,71,86,88,88,0.5367,0.5421,0.54222
1,3.13e+05,0.954,13.16,195,800,0.89921,13.02,186.1,912.94,0.24494,0.1177,0.021696,0.21281,0.10932,0.0176,0.18551,0.10695,0.01536,248,249,248,202,205,206,191,194,191,212,217,218,74,75,76,86,89,89,0.53585,0.54032,0.54194
1,3.131e+05,0.954,13.24,195,800,0.90982,13.102,186.06,889.48,0.24915,0.12431,0.023872,0.22459,0.12071,0.020928,0.21018,0.11652,0.019008,249,248,248,212,208,203,188,188,187,240,242,239,80,83,87,90,91,92,0.52471,0.53689,0.5402
1,3.132e+05,0.954,13.32,195,800,0.913,13.154,186.19,599.38,0.31225,0.12294,0.028608,0.27108,0.11641,0.023424,0.23754,0.10918,0.019392,250,249,249,203,200,199,188,186,184,246,247,246,91,90,92,88,92,95,0.54194,0.54458,0.54427
1,3.133e+05,0.954,13.4,195,800,0.90133,13.26,185.47,965.46,0.33003,0.11766,0.028672,0.29669,0.11155,0.024128,0.26709,0.10702,0.020352,251,251,251,188,189,193,177,178,180,254,253,252,102,100,99,98,101,104,0.53469,0.54186,0.54355
1,3.134e+05,0.954,13.48,195,800,0.89815,13.328,185.15,879.96,0.21683,0.12308,0.02016,0.19673,0.11536,0.017216,0.17399,0.11102,0.015104,252,252,252,205,203,199,183,181,181,255,255,255,99,101,103,117,119,121,0.5356,0.54285,0.54287
1,3.135e+05,0.954,13.56,195,800,0.89497,13.419,186.12,1022.3,0.3124,0.12275,0.0288,0.28742,0.11758,0.02528,0.25513,0.11181,0.02144,251,252,252,215,208,202,185,183,182,255,255,255,101,103,103,127,130,134,0.54786,0.54316,0.54201
1,3.136e+05,0.954,13.64,195,800,0.89497,13.498,184.94,872.83,0.28764,0.11977,0.024576,0.24672,0.11693,0.020416,0.21039,0.11131,0.017472,253,252,251,197,200,200,173,178,183,255,255,253,103,101,99,162,168,173,0.52075,0.53814,0.54348
1,3.137e+05,0.954,13.72,195,800,0.90558,13.571,186.34,758.15,0.33396,0.12815,0.030848,0.30142,0.1224,0.026048,0.27366,0.11744,0.022208,250,250,250,193,196,198,173,177,181,255,252,246,95,96,98,194,198,198,0.55024,0.54405,0.54335
1,3.138e+05,0.954,13.8,195,800,0.89179,13.655,186.23,855.59,0.29426,0.12781,0.028928,0.27298,0.11879,0.025216,0.2551,0.11475,0.022592,250,250,250,199,203,208,181,178,175,225,222,220,102,102,103,253,246,234,0.53923,0.54168,0.54243
1,3.139e+05,0.954,13.88,195,800,0.89815,13.741,187.07,1063.4,0.32822,0.11974,0.029184,0.28547,0.11104,0.024,0.25336,0.10624,0.02016,255,254,252,237,231,225,171,171,173,178,187,198,121,121,120,233,229,224,0.54965,0.54427,0.54534
1,3.14e+05,0.954,13.96,195,800,0.89603,13.805,154.56,1230,0.29888,0.11677,0.024832,0.22142,0.11057,0.018048,0.1794,0.10871,0.014656,255,254,252,242,235,229,172,174,174,184,189,194,129,131,132,199,203,207,0.56317,0.55382,0.55245
1,3.1702e+05,0.861,13.96,195,800,0.80797,13.751,0.66769,698.1,0,0,0,0,0,0,0,0,0,250,251,251,240,236,229,165,167,171,196,194,195,135,135,135,207,208,211,0.5445,0.55038,0.55022
1,3.1712e+05,0.861,13.88,195,800,0.81645,13.685,185.04,902.53,0.34951,0.12487,0.023872,0.21658,0.12431,0.018432,0.17157,0.11708,0.015488,252,251,251,238,235,228,164,168,173,185,189,197,108,115,120,239,233,229,0.55419,0.54219,0.54469
1,3.1722e+05,0.861,13.8,195,800,0.80478,13.609,185.54,886.54,0.23532,0.14523,0.02688,0.22368,0.13726,0.024384,0.22101,0.13011,0.022464,251,250,250,209,211,211,191,185,181,220,217,218,92,96,102,255,250,238,0.53983,0.54067,0.54176
1,3.1732e+05,0.861,13.72,195,800,0.81221,13.523,184.82,873.77,0.30516,0.15713,0.037504,0.299,0.14536,0.034048,0.28435,0.13988,0.030912,252,250,249,184,187,193,193,194,192,255,251,245,99,101,102,212,207,203,0.52756,0.53734,0.54059
1,3.1742e+05,0.861,13.64,195,800,0.81751,13.455,185.44,845.78,0.34844,0.13421,0.03552,0.2982,0.12446,0.028416,0.2692,0.11492,0.023936,252,251,249,177,181,189,201,199,196,255,255,252,109,108,104,175,176,179,0.55297,0.54768,0.54664
1,3.1752e+05,0.861,13.56,195,800,0.80372,13.37,185.47,715.81,0.36234,0.13717,0.037824,0.33802,0.12419,0.030976,0.30758,0.11204,0.024704,251,251,251,177,184,189,211,202,192,255,255,255,111,109,107,134,135,139,0.55222,0.5432,0.54396
1,3.1762e+05,0.861,13.48,195,800,0.81221,13.294,185.65,975.09,0.33004,0.13456,0.034368,0.30011,0.12516,0.028544,0.2668,0.11729,0.023872,250,251,251,187,189,190,188,189,187,255,255,255,105,107,109,124,125,126,0.53917,0.54527,0.54207
1,3.1772e+05,0.861,13.4,195,800,0.82282,13.201,186.95,987.23,0.30516,0.13763,0.031232,0.27544,0.12667,0.02624,0.25098,0.11653,0.022272,252,252,252,185,187,191,168,172,178,255,255,254,110,113,115,108,107,107,0.5396,0.54214,0.54242
1,3.1782e+05,0.861,13.32,195,800,0.80372,13.156,185.72,677.13,0.31112,0.12588,0.027584,0.23862,0.1159,0.021056,0.20574,0.11289,0.017792,251,251,250,188,194,199,180,180,180,253,250,246,112,114,111,91,93,95,0.53244,0.53891,0.54258
1,3.1792e+05,0.861,13.24,195,800,0.81009,13.073,184.57,855.88,0.31425,0.12371,0.028672,0.28213,0.112,0.02336,0.2525,0.10668,0.019904,248,249,249,209,205,203,184,183,183,250,243,238,100,105,105,89,91,92,0.55091,0.5437,0.54386
1,3.1802e+05,0.861,13.16,195,800,0.80372,12.998,186.01,425.46,0.33493,0.13726,0.033728,0.28478,0.13076,0.027648,0.24947,0.124,0.023744,245,247,249,206,210,210,192,190,187,224,221,218,85,84,85,93,92,90,0.55132,0.54476,0.54232
1,3.1812e+05,0.861,13.08,195,800,0.82812,12.903,187.69,684.68,0.38011,0.14305,0.038336,0.3205,0.13169,0.03104,0.28191,0.12362,0.025792,250,249,249,209,210,209,194,190,186,211,209,207,74,77,79,93,92,89,0.55535,0.54108,0.54248
1,3.1822e+05,0.861,13,195,800,0.81751,12.821,185.6,1008.8,0.39772,0.1201,0.0336,0.33984,0.11032,0.026176,0.27179,0.10581,0.020352,246,248,249,212,208,203,167,175,181,195,191,187,69,69,69,88,87,86,0.5538,0.54402,0.54362
1,3.1832e+05,0.861,12.92,195,800,0.81221,12.749,185.99,728.85,0.30161,0.11739,0.023168,0.23041,0.11325,0.019008,0.21201,0.10898,0.017216,236,243,247,193,198,202,176,175,175,166,168,167,61,62,63,82,85,86,0.54262,0.54404,0.5443
1,3.1842e+05,0.861,12.84,195,800,0.81221,12.683,185.55,576.54,0.30337,0.12754,0.028992,0.27317,0.11991,0.024896,0.25586,0.11525,0.022272,239,244,248,196,201,203,186,180,175,155,156,158,58,60,61,83,87,87,0.55907,0.54596,0.54347
1,3.1852e+05,0.861,12.76,195,800,0.81009,12.587,186.23,766.87,0.32253,0.129,0.03168,0.29835,0.12191,0.027456,0.27766,0.116,0.024064,252,251,250,224,215,207,180,181,179,136,141,145,55,58,61,94,92,91,0.53752,0.54095,0.5444
1,3.1862e+05,0.861,12.68,195,800,0.81327,12.519,185.7,870.07,0.35567,0.1266,0.029312,0.25812,0.12269,0.022208,0.21744,0.11843,0.01856,255,252,251,224,213,205,181,181,180,132,138,142,55,59,63,94,93,92,0.53093,0.5389,0.54236
1,3.1872e+05,0.861,12.6,195,800,0.8016,12.458,186.57,628.31,0.37622,0.13488,0.036608,0.32638,0.12788,0.030528,0.2943,0.12025,0.026112,251,250,249,184,189,193,174,177,178,134,138,142,74,74,73,97,95,92,0.55346,0.54511,0.54368
1,3.1882e+05,0.861,12.52,195,800,0.80903,12.347,187.33,851.89,0.27721,0.12945,0.025216,0.22433,0.12311,0.020608,0.19915,0.11872,0.018048,244,245,246,165,173,181,169,172,175,141,144,148,99,89,80,98,93,89,0.54413,0.5471,0.54543
1,3.1892e+05,0.861,12.44,195,800,0.81751,12.267,187.43,1141.9,0.30858,0.12134,0.027328,0.25012,0.11774,0.021632,0.20996,0.10976,0.017664,239,242,245,171,174,178,173,174,175,147,150,153,94,88,80,85,87,87,0.56132,0.55138,0.54621
1,3.1902e+05,0.861,12.36,195,800,0.81009,12.18,187.01,757.97,0.33043,0.12359,0.029568,0.28524,0.11587,0.024576,0.24706,0.11398,0.0208,244,244,245,179,178,177,179,180,178,158,162,163,77,77,76,78,81,82,0.54044,0.54523,0.54489
1,3.1912e+05,0.861,12.28,195,800,0.8069,12.135,188.72,622.15,0.27478,0.13167,0.02528,0.22854,0.12233,0.02048,0.20404,0.11898,0.017728,246,246,246,178,178,179,181,181,180,161,165,166,71,73,73,79,81,82,0.54173,0.54513,0.54499
1,3.1922e+05,0.861,12.2,195,800,0.81539,12.038,187.69,817.89,0.2618,0.13407,0.025792,0.24441,0.12776,0.022528,0.22625,0.11934,0.019904,247,247,247,185,184,183,181,182,183,166,168,168,66,68,72,85,86,86,0.54604,0.54296,0.54249
1,3.1932e+05,0.861,12.12,195,800,0.80478,11.96,185.43,882.19,0.32296,0.12459,0.027904,0.26982,0.11825,0.023104,0.22798,0.11553,0.019584,247,247,247,184,187,190,184,185,183,167,168,168,73,75,77,100,96,91,0.54392,0.54467,0.54459
1,3.1942e+05,0.861,12.04,195,800,0.80266,11.886,187.27,973.34,0.23441,0.12554,0.021248,0.19392,0.12289,0.017728,0.17297,0.11582,0.01568,246,248,248,186,191,195,181,182,182,164,166,167,80,80,81,99,98,95,0.54055,0.54627,0.54594
1,3.1952e+05,0.861,11.96,195,800,0.80903,11.813,185.96,656.14,0.25607,0.12424,0.024064,0.23921,0.11188,0.020224,0.22054,0.10973,0.018432,249,250,250,205,205,206,167,170,173,157,162,165,82,84,87,102,102,102,0.53841,0.53962,0.54229
1,3.1962e+05,0.861,11.88,195,800,0.826,11.694,186.4,870.08,0.26292,0.13076,0.025664,0.23825,0.12639,0.022592,0.21914,0.12131,0.020032,250,250,250,208,209,209,160,165,169,156,160,162,81,86,89,107,106,105,0.54425,0.54305,0.54243
1,3.1972e+05,0.861,11.8,195,800,0.81115,11.652,185.16,627.97,0.33497,0.12476,0.027776,0.30817,0.11804,0.023296,0.23399,0.11807,0.01888,247,248,250,202,205,209,169,167,167,149,151,152,84,86,87,110,109,110,0.54796,0.54556,0.54679
1,3.1982e+05,0.861,11.72,195,800,0.79948,11.584,184.98,1006.4,0.24859,0.12574,0.024,0.22892,0.11979,0.020992,0.21777,0.11577,0.019136,249,250,250,191,196,200,173,171,169,131,134,138,87,85,86,113,113,116,0.55099,0.54838,0.54904
1,3.1992e+05,0.861,11.64,195,800,0.80584,11.489,186.27,649.36,0.20427,0.12418,0.018944,0.19179,0.11285,0.016512,0.18472,0.11051,0.015104,250,250,250,194,193,197,169,171,172,124,129,133,90,89,87,119,120,121,0.56303,0.55446,0.55318
1,3.2002e+05,0.861,11.56,195,800,0.8069,11.414,187,872.56,0.29454,0.12572,0.026752,0.25841,0.11751,0.0224,0.22472,0.11063,0.018816,250,250,250,201,204,205,182,178,175,123,127,130,106,98,88,140,137,138,0.55442,0.55043,0.5522
1,3.2012e+05,0.861,11.48,195,800,0.80903,11.351,186.34,960.11,0.32088,0.11572,0.025984,0.26964,0.11096,0.02048,0.20869,0.10216,0.015424,250,250,250,220,217,211,181,178,176,126,127,129,102,94,84,147,149,150,0.56004,0.55399,0.55319
1,3.2022e+05,0.861,11.4,195,800,0.81327,11.263,184.78,833.14,0.25239,0.12489,0.023616,0.22971,0.11366,0.019968,0.21697,0.11152,0.01824,250,251,251,239,233,224,165,171,176,122,125,129,66,69,71,188,179,174,0.54789,0.55093,0.55378
1,3.2032e+05,0.861,11.32,195,800,0.8016,11.173,186.46,726.73,0.27747,0.13315,0.0288,0.26697,0.1267,0.025792,0.25082,0.1202,0.023104,251,250,250,236,225,214,180,179,178,131,133,137,57,60,63,189,190,190,0.56908,0.56091,0.55836
1,3.2042e+05,0.861,11.24,195,800,0.81645,11.099,185.32,861.68,0.32057,0.12067,0.026048,0.23726,0.11539,0.019776,0.21828,0.11178,0.017664,250,249,249,208,208,207,185,183,183,141,142,147,65,65,66,182,186,192,0.55977,0.55916,0.56141
1,3.2052e+05,0.861,11.16,195,800,0.81433,11.017,186.33,920.18,0.25611,0.13742,0.025792,0.23725,0.12949,0.022528,0.22568,0.12072,0.020544,249,249,248,188,191,195,196,193,188,166,169,176,86,88,95,165,172,184,0.56606,0.56978,0.5702
1,3.2062e+05,0.861,11.08,195,800,0.80478,10.959,185.72,830.63,0.27008,0.13411,0.027904,0.25695,0.12084,0.023616,0.243,0.11788,0.021888,249,249,248,193,191,190,198,193,190,184,187,193,110,117,125,157,166,178,0.58107,0.58786,0.58753
1,3.2072e+05,0.861,11,195,800,0.81115,10.872,153.03,906.16,0.29784,0.11623,0.02496,0.23748,0.1091,0.018688,0.19122,0.10552,0.015232,248,247,246,180,184,188,188,189,190,232,223,220,226,200,181,162,163,170,0.50295,0.51148,0.52331
1,3.2374e+05,0.768,11,195,800,0.71884,10.925,-0.3486,531.88,0,0,0,0,0,0,0,0,0,237,244,247,194,196,197,186,184,183,221,220,218,180,164,157,180,189,193,0.507,0.51507,0.52566
1,3.2384e+05,0.768,11.08,195,800,0.71566,10.982,186.96,847.35,0.31504,0.11609,0.02176,0.30264,0.10925,0.019456,0.27398,0.10592,0.016576,249,250,249,192,199,199,177,181,181,171,177,183,85,93,108,170,182,190,0.58312,0.58543,0.5862
1,3.2394e+05,0.768,11.16,195,800,0.7199,11.061,186.97,625.01,0.20603,0.12505,0.019648,0.1842,0.11972,0.016832,0.16912,0.11218,0.014784,250,250,250,195,199,201,181,179,178,149,155,163,66,72,82,170,179,190,0.56615,0.5695,0.57091
1,3.2404e+05,0.768,11.24,195,800,0.73051,11.128,186.95,668.44,0.29785,0.12432,0.027456,0.27911,0.11761,0.023936,0.24494,0.11232,0.020352,245,250,251,207,209,209,169,173,175,129,131,135,55,57,61,182,182,186,0.5523,0.56087,0.56186
1,3.2414e+05,0.768,11.32,195,800,0.71142,11.231,186.71,1084.5,0.38131,0.12334,0.034304,0.36626,0.11339,0.029568,0.34482,0.10523,0.025344,251,252,251,223,218,213,167,170,173,126,126,130,56,57,61,181,182,183,0.55977,0.55966,0.55972
1,3.2424e+05,0.768,11.4,195,800,0.72203,11.287,187.77,560.76,0.34681,0.1367,0.030592,0.29997,0.13078,0.02464,0.25522,0.12702,0.020224,253,252,251,212,221,221,170,172,174,127,127,127,63,63,67,166,168,168,0.55588,0.55641,0.55578
1,3.2434e+05,0.768,11.48,195,800,0.72627,11.362,185.35,885.24,0.24849,0.12206,0.02304,0.21872,0.11667,0.019328,0.19293,0.11465,0.017088,250,250,250,213,210,209,182,180,176,127,127,126,70,70,73,140,147,153,0.55559,0.55715,0.55366
1,3.2444e+05,0.768,11.56,195,800,0.74006,11.422,185.76,922.2,0.35184,0.12409,0.030464,0.26719,0.11873,0.023552,0.25101,0.11397,0.02112,250,249,249,189,198,204,184,179,174,126,125,126,66,70,74,135,142,145,0.55198,0.55284,0.55165
1,3.2454e+05,0.768,11.64,195,800,0.72733,11.497,186.02,673.76,0.25218,0.12384,0.022784,0.19246,0.11601,0.017408,0.16755,0.11538,0.015168,251,251,250,193,193,195,160,165,169,129,127,127,69,71,75,124,129,131,0.56081,0.55039,0.54915
1,3.2464e+05,0.768,11.72,195,800,0.73582,11.586,185.93,577,0.34149,0.12092,0.029824,0.31081,0.11137,0.02432,0.27062,0.10758,0.018688,254,252,250,199,199,198,159,162,166,130,130,133,75,77,80,112,119,125,0.55242,0.54809,0.5471
1,3.2474e+05,0.768,11.8,195,800,0.71778,11.694,186.98,651.88,0.2874,0.12928,0.027776,0.2649,0.12365,0.024832,0.24893,0.11837,0.022208,252,252,251,216,213,207,164,166,166,157,152,148,104,96,88,112,113,114,0.54113,0.54516,0.54596
1,3.2484e+05,0.768,11.88,195,800,0.72627,11.753,185.94,832.09,0.32203,0.1192,0.027776,0.27377,0.11356,0.02272,0.24415,0.10959,0.019584,252,251,250,224,216,210,171,170,170,172,167,160,93,94,92,114,112,109,0.54484,0.54522,0.54331
1,3.2494e+05,0.768,11.96,195,800,0.73476,11.827,186.13,825.63,0.22943,0.13815,0.023872,0.20884,0.13061,0.02048,0.19324,0.12383,0.018176,248,249,249,205,208,208,173,172,172,170,167,163,91,91,90,108,107,106,0.54284,0.54143,0.54288
1,3.2504e+05,0.768,12.04,195,800,0.72733,11.913,186.11,608.47,0.2152,0.12649,0.020608,0.18472,0.11883,0.01696,0.16879,0.11196,0.01504,245,246,247,194,193,196,182,182,181,170,168,165,93,90,87,94,96,97,0.54511,0.54205,0.5436
1,3.2514e+05,0.768,12.12,195,800,0.72839,11.992,186.22,755.58,0.26727,0.11211,0.021824,0.22461,0.10626,0.017984,0.20156,0.10172,0.015296,248,247,246,186,187,190,192,188,183,170,169,165,88,86,85,89,91,92,0.53976,0.54471,0.54474
1,3.2524e+05,0.768,12.2,195,800,0.73476,12.061,186.22,710.11,0.315,0.13067,0.031296,0.28502,0.1251,0.0272,0.26216,0.11847,0.023872,245,246,248,170,174,180,185,185,184,171,166,163,73,74,76,81,83,86,0.54865,0.54305,0.54406
1,3.2534e+05,0.768,12.28,195,800,0.71248,12.148,186.5,984.01,0.27177,0.12324,0.024576,0.24262,0.11818,0.021184,0.22173,0.11017,0.01856,251,249,247,166,171,177,179,179,179,158,157,157,63,65,69,88,85,83,0.54008,0.54382,0.54528
1,3.2544e+05,0.768,12.36,195,800,0.71354,12.232,185.76,904.86,0.30342,0.12243,0.025536,0.2685,0.11664,0.021056,0.20033,0.1134,0.016512,248,248,247,176,177,179,180,178,176,153,152,153,61,63,68,90,85,83,0.54875,0.54615,0.54512
1,3.2554e+05,0.768,12.44,195,800,0.71778,12.321,187.73,856.8,0.23915,0.13389,0.024576,0.22749,0.12226,0.021504,0.21357,0.11665,0.019072,244,245,247,190,185,183,171,172,174,141,143,146,62,65,69,85,86,88,0.54309,0.54359,0.54388
1,3.2564e+05,0.768,12.52,195,800,0.73476,12.386,187.43,1011.7,0.27496,0.1285,0.027328,0.23719,0.12252,0.022336,0.21113,0.11692,0.019392,248,247,247,182,187,188,171,173,176,140,141,143,62,66,70,89,91,91,0.55706,0.54702,0.54473
1,3.2574e+05,0.768,12.6,195,800,0.739,12.449,186.24,963.16,0.36963,0.13103,0.034688,0.33133,0.12438,0.030144,0.29847,0.11814,0.025984,252,251,249,206,200,195,188,183,178,145,144,142,62,65,68,98,98,96,0.54559,0.5437,0.54361
1,3.2584e+05,0.768,12.68,195,800,0.72839,12.545,186.76,587.5,0.30805,0.14172,0.028544,0.24957,0.12507,0.022336,0.21747,0.12369,0.019584,249,249,249,206,207,203,176,176,177,162,153,146,63,64,66,98,97,95,0.54338,0.54333,0.54455
1,3.2594e+05,0.768,12.76,195,800,0.72309,12.619,186.52,630.47,0.27333,0.11647,0.023616,0.24249,0.11014,0.02016,0.22516,0.10335,0.017792,250,249,248,212,209,203,168,171,174,161,155,150,63,63,65,94,94,92,0.54157,0.54422,0.54425
1,3.2604e+05,0.768,12.84,195,800,0.70081,12.721,186.02,1071.4,0.26753,0.12131,0.023104,0.24242,0.11742,0.02016,0.2287,0.11,0.01792,248,247,246,211,205,200,162,166,170,158,159,160,59,61,65,90,88,87,0.55237,0.54149,0.54321
1,3.2614e+05,0.768,12.92,195,800,0.72839,12.783,187.65,1161.6,0.25939,0.11877,0.0224,0.2258,0.11477,0.019392,0.20143,0.11186,0.017088,247,245,246,209,204,201,164,166,170,168,166,167,62,65,68,84,84,85,0.55349,0.5465,0.5448
1,3.2624e+05,0.768,13,195,800,0.71566,12.867,186.9,1128.7,0.27346,0.11965,0.023488,0.23964,0.11201,0.020352,0.21583,0.10855,0.017984,251,249,247,212,210,207,173,173,175,186,187,186,89,81,74,80,81,84,0.53797,0.54212,0.54228
1,3.2634e+05,0.768,13.08,195,800,0.7199,12.939,187.61,880.9,0.33997,0.12939,0.032448,0.29878,0.12091,0.026752,0.25924,0.11678,0.022656,246,248,249,203,210,213,182,179,179,205,205,206,82,84,83,87,87,87,0.54395,0.54246,0.54122
1,3.2644e+05,0.768,13.16,195,800,0.72415,13.021,184.97,953.13,0.2801,0.12871,0.027008,0.25057,0.11906,0.022912,0.23154,0.11562,0.020416,244,247,249,214,214,213,177,178,179,212,213,216,93,89,90,91,89,88,0.53462,0.54159,0.54157
1,3.2654e+05,0.768,13.24,195,800,0.72839,13.086,187.08,1099.4,0.30774,0.1262,0.028736,0.2676,0.11724,0.023872,0.24439,0.11511,0.021376,252,252,250,218,212,205,174,177,179,232,236,237,132,124,115,87,90,93,0.54558,0.54407,0.54362
1,3.2664e+05,0.768,13.32,195,800,0.73264,13.164,185.42,886.98,0.23197,0.11276,0.018112,0.18611,0.1098,0.015168,0.16151,0.10436,0.013056,254,253,251,200,201,200,182,178,177,248,247,245,169,143,123,92,94,97,0.53929,0.54163,0.54378
1,3.2674e+05,0.768,13.4,195,800,0.7199,13.252,185.14,790.53,0.21733,0.13349,0.022336,0.20335,0.12769,0.020096,0.19389,0.1197,0.017984,253,253,252,194,191,190,172,174,177,255,255,254,135,134,127,114,113,112,0.5372,0.54559,0.54419
1,3.2684e+05,0.768,13.48,195,800,0.71035,13.33,186.51,1128.3,0.33645,0.12546,0.031872,0.29571,0.1227,0.027328,0.26291,0.11718,0.023808,252,251,249,193,189,186,190,188,185,255,255,255,110,111,112,133,133,133,0.53746,0.54313,0.54196
1,3.2694e+05,0.768,13.56,195,800,0.71566,13.413,185.72,816.54,0.30292,0.1339,0.030464,0.26233,0.12992,0.025984,0.23392,0.12691,0.022848,249,248,248,185,184,185,207,199,190,255,255,255,108,108,107,145,144,146,0.54185,0.54026,0.54193
1,3.2704e+05,0.768,13.64,195,800,0.71354,13.487,186.17,601.58,0.38912,0.13128,0.03552,0.30655,0.12878,0.028608,0.25668,0.1246,0.024256,242,243,246,174,181,190,200,200,197,255,253,250,106,104,101,173,179,185,0.54099,0.54279,0.54335
1,3.2714e+05,0.768,13.72,195,800,0.72309,13.569,186.55,709.87,0.31825,0.12643,0.0304,0.28956,0.12328,0.026816,0.26292,0.11456,0.022976,241,243,246,188,192,195,196,196,195,249,246,241,104,103,100,203,206,208,0.54169,0.5382,0.54085
1,3.2724e+05,0.768,13.8,195,800,0.7337,13.632,188.62,633.44,0.33465,0.12272,0.030272,0.28182,0.1168,0.02432,0.23736,0.11451,0.020736,248,248,249,221,216,213,191,188,185,209,211,214,99,102,104,253,249,242,0.54627,0.54481,0.54219
1,3.2734e+05,0.768,13.88,195,800,0.70929,13.723,186.95,893.85,0.32283,0.12619,0.030336,0.29193,0.12029,0.025984,0.26841,0.11358,0.021952,250,250,250,235,231,226,163,167,174,188,190,194,121,119,120,254,248,240,0.54737,0.53981,0.54387
1,3.2744e+05,0.768,13.96,195,800,0.74006,13.784,154.21,810.47,0.31672,0.10825,0.025088,0.26826,0.098718,0.019072,0.22229,0.091029,0.013888,250,250,251,241,236,227,159,164,171,191,191,193,134,132,133,239,231,224,0.55126,0.55153,0.55017
1,3.3046e+05,0.675,13.96,195,800,0.61699,13.753,0.32672,726.8,0,0,0,0,0,0,0,0,0,250,251,251,237,231,224,167,170,174,182,185,190,128,128,129,251,241,230,0.55249,0.54676,0.5489
1,3.3056e+05,0.675,13.88,195,800,0.62972,13.693,185.63,660.95,0.19322,0.12875,0.018944,0.18547,0.11908,0.016832,0.17411,0.11576,0.015552,253,251,250,226,225,223,171,173,176,184,185,190,127,120,118,255,253,244,0.56277,0.54859,0.54853
1,3.3066e+05,0.675,13.8,195,800,0.61805,13.609,186.73,779.89,0.29258,0.13933,0.0288,0.21236,0.13392,0.022336,0.20309,0.12935,0.020736,249,248,249,218,215,214,197,191,186,207,208,210,103,105,105,255,250,242,0.55521,0.54971,0.54722
1,3.3076e+05,0.675,13.72,195,800,0.63396,13.533,185.63,805.16,0.27722,0.14591,0.031808,0.26351,0.14219,0.029312,0.25517,0.13281,0.026624,244,243,246,202,202,199,191,192,192,246,244,239,94,96,99,212,210,208,0.53683,0.5461,0.54441
1,3.3086e+05,0.675,13.64,195,800,0.61486,13.471,186.04,746.04,0.4333,0.14663,0.046016,0.38609,0.13872,0.039808,0.32871,0.13174,0.03296,241,242,245,182,189,194,185,189,192,254,252,249,94,95,98,181,184,186,0.56172,0.55167,0.54537
1,3.3096e+05,0.675,13.56,195,800,0.63502,13.365,186.94,750.95,0.44165,0.14884,0.04928,0.40743,0.14063,0.041408,0.33727,0.12932,0.033088,246,246,247,189,187,187,188,187,185,255,255,255,99,102,106,150,148,148,0.54631,0.54343,0.54333
1,3.3106e+05,0.675,13.48,195,800,0.63927,13.283,188.23,901.6,0.39246,0.12619,0.035328,0.31153,0.12008,0.027264,0.27442,0.11523,0.022976,251,249,249,189,189,188,180,180,182,255,255,255,111,111,113,136,135,135,0.54368,0.54081,0.541
1,3.3116e+05,0.675,13.4,195,800,0.61911,13.221,186.97,963.28,0.34623,0.14079,0.036416,0.30947,0.13239,0.030592,0.27695,0.12792,0.026816,251,252,252,192,191,190,170,173,176,255,255,254,136,135,130,117,116,115,0.5428,0.54308,0.5449
1,3.3126e+05,0.675,13.32,195,800,0.62548,13.15,187.32,948.25,0.35395,0.14317,0.03808,0.30282,0.1337,0.0304,0.26765,0.12598,0.026176,255,253,251,200,199,199,182,178,176,251,247,243,147,137,125,96,97,99,0.55728,0.54926,0.54551
1,3.3136e+05,0.675,13.24,195,800,0.63184,13.068,186.73,690.66,0.34073,0.1334,0.033792,0.30339,0.12353,0.028288,0.27742,0.11912,0.024896,254,252,250,209,208,204,175,176,178,237,235,234,117,118,116,89,91,93,0.53719,0.54249,0.54337
1,3.3146e+05,0.675,13.16,195,800,0.61911,12.983,186.22,744.45,0.36974,0.12402,0.033472,0.30875,0.11774,0.026688,0.27507,0.11024,0.022528,251,249,249,213,214,213,170,175,178,207,209,212,85,85,90,89,87,87,0.55062,0.54495,0.54373
1,3.3156e+05,0.675,13.08,195,800,0.63502,12.892,185.41,1161.3,0.25711,0.13963,0.025472,0.21077,0.13447,0.021952,0.19452,0.12997,0.019584,250,250,249,206,214,214,174,177,178,203,201,201,80,82,83,86,86,86,0.54149,0.544,0.54382
1,3.3166e+05,0.675,13,195,800,0.63184,12.83,187.43,700.43,0.36796,0.12718,0.032576,0.33855,0.12059,0.027392,0.30561,0.11276,0.023104,252,251,247,214,211,206,180,178,176,183,183,183,88,80,74,80,82,84,0.55193,0.54499,0.54378
1,3.3176e+05,0.675,12.92,195,800,0.62229,12.752,186.48,901.21,0.30131,0.13281,0.028928,0.26909,0.12167,0.024064,0.24252,0.11355,0.020672,250,249,246,194,194,197,165,168,171,161,164,166,60,65,69,84,84,86,0.53423,0.54491,0.54543
1,3.3186e+05,0.675,12.84,195,800,0.62866,12.69,187.81,667.64,0.28931,0.12693,0.027008,0.26049,0.1163,0.022592,0.23109,0.11423,0.01952,253,250,246,192,192,195,162,166,169,155,158,160,59,64,68,91,88,87,0.53761,0.54342,0.54417
1,3.3196e+05,0.675,12.76,195,800,0.61486,12.59,187.3,842.79,0.30172,0.13088,0.030144,0.27097,0.12591,0.026176,0.25893,0.11754,0.023296,247,247,246,199,197,196,167,168,172,154,153,151,71,72,70,91,92,92,0.54477,0.54079,0.54323
1,3.3206e+05,0.675,12.68,195,800,0.61805,12.52,188.42,913.19,0.29114,0.13254,0.029248,0.26279,0.12421,0.024704,0.24132,0.11464,0.020992,242,246,247,198,198,196,167,173,176,152,150,147,71,73,71,95,95,94,0.54375,0.54455,0.54528
1,3.3216e+05,0.675,12.6,195,800,0.6276,12.44,187.66,953.13,0.35028,0.13738,0.034688,0.29489,0.12968,0.02848,0.26262,0.12309,0.024768,253,250,248,206,199,195,188,184,180,141,142,143,70,67,67,101,98,95,0.54725,0.548,0.54769
1,3.3226e+05,0.675,12.52,195,800,0.62441,12.361,187.42,1022.7,0.40198,0.17456,0.042944,0.3179,0.16979,0.032832,0.2309,0.16615,0.025984,247,248,248,189,193,193,172,175,177,141,143,144,59,61,65,89,90,90,0.53774,0.54191,0.54499
1,3.3236e+05,0.675,12.44,195,800,0.62017,12.282,185.78,719.32,0.3068,0.19727,0.039616,0.27603,0.19051,0.034624,0.25603,0.18403,0.030784,243,246,248,184,189,190,165,171,174,143,145,146,59,61,64,83,85,87,0.55412,0.55037,0.54735
1,3.3246e+05,0.675,12.36,195,800,0.60638,12.213,187.36,840.5,0.25862,0.24602,0.036416,0.24102,0.23067,0.02976,0.2187,0.10649,0.01696,253,251,248,169,176,183,179,176,175,153,152,152,61,63,66,84,84,83,0.53545,0.54312,0.54586
1,3.3256e+05,0.675,12.28,195,800,0.62972,12.113,187.34,892.84,0.21915,0.12728,0.021184,0.20145,0.12492,0.018624,0.18582,0.11899,0.016512,254,251,249,167,173,180,179,178,178,153,155,156,62,66,70,86,84,83,0.55171,0.54744,0.54533
1,3.3266e+05,0.675,12.2,195,800,0.62866,12.038,186.03,875.12,0.25274,0.12933,0.023872,0.19851,0.12509,0.018944,0.17902,0.12153,0.016832,242,246,248,175,179,183,185,185,184,162,162,162,83,82,80,81,83,86,0.54862,0.54622,0.54456
1,3.3276e+05,0.675,12.12,195,800,0.63184,11.979,187.94,885.05,0.29202,0.13516,0.02944,0.27474,0.12663,0.02528,0.25129,0.12195,0.022272,246,246,247,193,194,195,191,187,183,166,165,164,97,93,89,88,90,92,0.55086,0.54714,0.54676
1,3.3286e+05,0.675,12.04,195,800,0.60319,11.894,187.77,931.81,0.31847,0.12508,0.03008,0.28986,0.11656,0.025408,0.26661,0.1111,0.022336,245,246,247,201,202,202,180,181,180,163,163,163,98,94,89,96,96,97,0.54385,0.54621,0.54625
1,3.3296e+05,0.675,11.96,195,800,0.64351,11.805,187.1,824.03,0.28306,0.12296,0.02528,0.25349,0.11429,0.021056,0.22025,0.10966,0.017856,249,249,249,213,213,211,173,173,173,162,162,161,88,91,90,106,106,106,0.52831,0.53988,0.54419
1,3.3306e+05,0.675,11.88,195,800,0.6276,11.719,187.23,1126.5,0.28818,0.12863,0.02752,0.25401,0.12505,0.023616,0.22817,0.11851,0.020224,253,252,251,222,217,211,176,172,170,166,163,158,98,95,91,112,111,109,0.53808,0.54098,0.54356
1,3.3316e+05,0.675,11.8,195,800,0.64457,11.626,186.46,1045.8,0.22454,0.12947,0.022464,0.21085,0.1212,0.020032,0.20155,0.11542,0.017728,255,253,252,216,211,206,167,166,166,145,147,147,104,95,86,119,116,114,0.54521,0.54706,0.54645
1,3.3326e+05,0.675,11.72,195,800,0.62017,11.569,187.16,970.02,0.29663,0.12215,0.025792,0.23271,0.12089,0.020928,0.20976,0.11298,0.018112,254,251,250,199,198,197,157,160,164,128,130,133,71,72,76,122,126,127,0.54671,0.54702,0.54799
1,3.3336e+05,0.675,11.64,195,800,0.62548,11.495,186.89,625.55,0.32514,0.12664,0.0304,0.29411,0.11903,0.026176,0.26402,0.11076,0.021824,250,250,249,194,193,195,163,164,166,128,127,128,68,67,70,144,139,134,0.55179,0.55,0.54921
1,3.3346e+05,0.675,11.56,195,800,0.62654,11.404,187.5,717.59,0.27908,0.12263,0.025152,0.24233,0.11574,0.020864,0.21076,0.1125,0.017856,246,247,249,193,199,202,179,176,173,122,124,126,64,65,69,149,148,147,0.54384,0.54804,0.55117
1,3.3356e+05,0.675,11.48,195,800,0.62972,11.34,187.33,816.72,0.27171,0.10984,0.022272,0.23306,0.10481,0.01824,0.20022,0.10153,0.015168,246,248,250,216,210,205,178,178,176,124,126,126,68,68,71,140,146,153,0.55534,0.55591,0.55598
1,3.3366e+05,0.675,11.4,195,800,0.62229,11.259,187.04,776.69,0.289,0.13128,0.02912,0.27744,0.11823,0.02496,0.25687,0.11464,0.022528,252,253,252,222,216,213,174,175,176,131,129,128,63,69,69,150,159,167,0.55463,0.55352,0.55401
1,3.3376e+05,0.675,11.32,195,800,0.61274,11.188,186.58,788.68,0.24365,0.13396,0.025216,0.21794,0.12678,0.021248,0.20292,0.12031,0.019072,253,252,251,202,205,208,167,171,173,125,127,129,58,58,62,171,182,188,0.55239,0.5558,0.55752
1,3.3386e+05,0.675,11.24,195,800,0.61274,11.097,186.64,616.09,0.2773,0.17849,0.033216,0.26147,0.16601,0.02816,0.24289,0.15035,0.024704,252,250,250,199,203,207,166,169,172,130,130,134,56,56,60,184,191,195,0.56184,0.56401,0.56166
1,3.3396e+05,0.675,11.16,195,800,0.61699,11.042,187.07,561.64,0.27388,0.12642,0.025792,0.24282,0.12172,0.022272,0.22373,0.11117,0.019072,253,251,250,219,209,204,171,171,172,154,156,163,64,68,77,197,203,206,0.55988,0.56473,0.56915
1,3.3406e+05,0.675,11.08,195,800,0.64351,10.918,186.07,707.47,0.268,0.12348,0.02432,0.23071,0.12088,0.020928,0.2163,0.11167,0.018496,252,252,249,212,211,203,175,174,174,184,182,185,81,88,102,217,211,207,0.58583,0.58419,0.58557
1,3.3416e+05,0.675,11,195,800,0.64033,10.858,153.42,790.36,0.32502,0.12701,0.030976,0.29885,0.11744,0.026816,0.26608,0.11314,0.022976,247,246,247,207,205,200,184,181,178,237,229,222,168,152,148,220,215,208,0.52125,0.51948,0.52222
1,3.3718e+05,0.582,11,195,800,0.54908,10.902,-0.10694,772.13,0,0,0,0,0,0,0,0,0,248,249,249,185,194,195,169,168,169,255,249,238,173,158,150,226,227,218,0.52426,0.52322,0.52215
1,3.3728e+05,0.582,11.08,195,800,0.52574,10.999,183.75,845.83,0.15256,0.14093,0.016768,0.13966,0.13052,0.014464,0.13226,0.12715,0.013184,254,252,250,221,212,204,158,161,165,196,199,197,84,90,102,255,244,225,0.59324,0.58765,0.58534
1,3.3738e+05,0.582,11.16,195,800,0.53953,11.055,186.33,866.21,0.28704,0.12488,0.024768,0.21522,0.11731,0.018752,0.18674,0.11315,0.015616,250,250,250,209,211,207,153,159,164,155,164,172,65,69,78,254,245,226,0.56545,0.56878,0.56938
1,3.3748e+05,0.582,11.24,195,800,0.53529,11.15,186.58,979.13,0.27481,0.12392,0.025344,0.25302,0.1144,0.021504,0.22918,0.11088,0.01888,242,247,250,194,201,206,171,169,169,122,127,134,54,57,63,239,225,208,0.56385,0.5644,0.56336
1,3.3758e+05,0.582,11.32,195,800,0.5459,11.207,185.77,798.96,0.31018,0.12946,0.030464,0.27614,0.12232,0.025984,0.2448,0.11758,0.022272,250,250,250,195,200,204,181,178,174,125,126,128,58,64,67,212,203,194,0.55002,0.55559,0.55765
1,3.3768e+05,0.582,11.4,195,800,0.5215,11.289,185.32,820.8,0.35228,0.1284,0.034752,0.32096,0.12041,0.029632,0.30362,0.11318,0.0256,252,252,251,194,199,201,192,186,179,136,131,125,102,85,73,166,163,162,0.5554,0.55614,0.55603
1,3.3778e+05,0.582,11.48,195,800,0.53847,11.373,186.57,955.87,0.37985,0.12697,0.036416,0.33623,0.11832,0.029824,0.29363,0.11253,0.024256,250,249,250,204,198,195,171,173,174,123,123,123,66,72,72,144,146,147,0.56026,0.55535,0.55521
1,3.3788e+05,0.582,11.56,195,800,0.52999,11.469,187.87,1038.3,0.40326,0.12394,0.035648,0.34662,0.11649,0.027328,0.24864,0.11595,0.02112,248,249,249,200,198,194,164,167,169,118,121,124,61,65,69,150,148,143,0.55861,0.55445,0.55292
1,3.3798e+05,0.582,11.64,195,800,0.53423,11.518,186.82,605.52,0.30586,0.13486,0.031232,0.2643,0.12685,0.025408,0.23439,0.12311,0.022336,246,247,249,196,193,194,160,161,163,134,131,129,65,67,68,144,139,131,0.55422,0.55565,0.55313
1,3.3808e+05,0.582,11.72,195,800,0.53211,11.605,186.46,530.13,0.20188,0.13068,0.02048,0.18314,0.12266,0.017216,0.16893,0.11672,0.015296,244,247,249,188,192,196,158,160,163,139,136,135,63,67,71,124,126,125,0.55579,0.55064,0.55019
1,3.3818e+05,0.582,11.8,195,800,0.53105,11.684,186.42,1018.4,0.26417,0.13616,0.026304,0.21948,0.1305,0.021376,0.19126,0.12558,0.01856,251,251,251,188,196,205,169,168,167,142,144,145,75,76,77,113,111,112,0.54487,0.54254,0.54529
1,3.3828e+05,0.582,11.88,195,800,0.54908,11.737,185.82,841.27,0.31132,0.13221,0.027712,0.25484,0.12623,0.022656,0.2227,0.12317,0.019776,253,252,251,210,213,215,171,172,171,151,152,153,77,79,81,103,107,109,0.54039,0.54307,0.54291
1,3.3838e+05,0.582,11.96,195,800,0.53847,11.841,185.75,968.37,0.31016,0.12807,0.028928,0.28146,0.12168,0.024512,0.25252,0.11778,0.021056,252,251,250,224,221,218,168,170,172,150,153,157,77,79,83,105,106,108,0.55,0.54527,0.5434
1,3.3848e+05,0.582,12.04,195,800,0.53211,11.913,187.69,864.87,0.255,0.12409,0.024064,0.23692,0.11629,0.020992,0.22005,0.10967,0.018368,245,247,248,224,222,216,173,175,177,158,159,160,91,91,89,101,101,101,0.54801,0.548,0.54672
1,3.3858e+05,0.582,12.12,195,800,0.51725,12.001,186.94,976.82,0.3435,0.14196,0.034752,0.32163,0.13696,0.030784,0.29709,0.1266,0.026816,246,247,247,216,214,209,182,181,180,162,162,161,102,98,92,96,96,96,0.54754,0.54551,0.54775
1,3.3868e+05,0.582,12.2,195,800,0.51938,12.085,187.62,1481.3,0.25963,0.11841,0.023168,0.23635,0.10522,0.018688,0.20236,0.1021,0.015808,250,249,248,192,193,193,185,184,182,160,159,158,92,90,87,84,86,88,0.55175,0.54609,0.54709
1,3.3878e+05,0.582,12.28,195,800,0.54378,12.152,186.78,802.9,0.26565,0.12371,0.023552,0.2166,0.12068,0.019264,0.19445,0.11517,0.016768,251,251,250,184,187,190,176,175,176,157,155,153,68,72,74,81,81,83,0.54148,0.54524,0.54715
1,3.3888e+05,0.582,12.36,195,800,0.53847,12.211,187.58,700.23,0.30623,0.1194,0.025472,0.25653,0.11304,0.020672,0.23048,0.1077,0.018112,251,251,250,193,194,194,166,170,173,154,153,151,71,68,68,79,80,82,0.54174,0.54388,0.54509
1,3.3898e+05,0.582,12.44,195,800,0.54696,12.304,185.82,907.34,0.27731,0.13135,0.026176,0.23685,0.12101,0.021888,0.2151,0.11785,0.019456,249,249,249,216,210,203,165,169,174,153,150,147,65,62,61,81,82,84,0.5606,0.55368,0.54896
1,3.3908e+05,0.582,12.52,195,800,0.53317,12.396,187.64,849.44,0.37424,0.12448,0.027456,0.29778,0.124,0.021888,0.25073,0.11687,0.018112,247,247,248,216,207,201,178,177,177,149,147,144,58,60,61,88,87,87,0.53338,0.54056,0.54343
1,3.3918e+05,0.582,12.6,195,800,0.53635,12.458,187.52,1043.2,0.20531,0.12631,0.020032,0.18683,0.11764,0.017024,0.17147,0.11368,0.01536,241,244,245,176,185,190,188,184,179,137,138,139,64,66,66,91,93,93,0.55673,0.5484,0.54577
1,3.3928e+05,0.582,12.68,195,800,0.53105,12.547,186.78,1006.9,0.27188,0.12232,0.024896,0.24611,0.11727,0.022144,0.23514,0.10956,0.019712,242,242,242,179,178,182,172,174,176,135,137,141,90,83,76,90,93,96,0.53357,0.54558,0.54456
1,3.3938e+05,0.582,12.76,195,800,0.55545,12.605,187.02,721.4,0.28024,0.11546,0.023936,0.22605,0.11324,0.018304,0.17076,0.10941,0.014528,243,242,241,180,180,182,170,171,173,143,144,146,96,86,77,89,92,96,0.53329,0.54331,0.54462
1,3.3948e+05,0.582,12.84,195,800,0.54484,12.688,186.98,894.63,0.2683,0.13352,0.027264,0.24663,0.12623,0.023744,0.22654,0.12249,0.021184,235,238,241,173,178,185,170,172,174,159,158,159,71,72,74,88,89,91,0.55294,0.54572,0.54488
1,3.3958e+05,0.582,12.92,195,800,0.5268,12.783,187.23,939,0.29314,0.12588,0.02528,0.24117,0.12118,0.021248,0.21595,0.1145,0.018624,235,239,243,170,180,191,177,176,176,163,164,165,64,67,71,86,87,90,0.53452,0.54097,0.54335
1,3.3968e+05,0.582,13,195,800,0.53423,12.865,185.8,1087.1,0.3279,0.12301,0.029184,0.26998,0.11462,0.022784,0.23459,0.11263,0.019456,246,246,246,211,207,204,184,183,180,173,175,178,67,69,72,91,89,87,0.5438,0.5447,0.54433
1,3.3978e+05,0.582,13.08,195,800,0.53635,12.941,186.96,822.39,0.24513,0.14256,0.02624,0.2084,0.13717,0.022016,0.1902,0.13131,0.01952,245,249,250,221,219,216,182,181,180,189,192,195,74,76,80,88,88,87,0.5448,0.54581,0.54473
1,3.3988e+05,0.582,13.16,195,800,0.54166,13.032,187.37,655.94,0.31815,0.1295,0.028416,0.24317,0.12154,0.02176,0.21407,0.11798,0.018944,247,248,249,213,214,215,180,179,179,203,204,207,78,81,88,85,86,88,0.54786,0.5456,0.54508
1,3.3998e+05,0.582,13.24,195,800,0.53529,13.101,187.44,855.23,0.35187,0.13888,0.036864,0.32701,0.13191,0.032768,0.31411,0.12459,0.029504,245,248,250,193,198,201,180,180,179,233,233,231,104,105,109,88,92,96,0.53813,0.54201,0.54499
1,3.4008e+05,0.582,13.32,195,800,0.53953,13.182,186.5,909.43,0.32689,0.11934,0.02784,0.24315,0.11647,0.021376,0.21368,0.11392,0.01856,249,249,250,181,188,194,181,180,178,246,244,241,124,119,117,102,103,103,0.55248,0.54772,0.54469
1,3.4018e+05,0.582,13.4,195,800,0.54166,13.264,187.13,1094.6,0.28402,0.12727,0.026176,0.24324,0.12292,0.022336,0.21325,0.11714,0.0192,252,251,251,182,181,184,172,173,176,255,254,252,131,128,125,124,122,119,0.55622,0.54682,0.5453
1,3.4028e+05,0.582,13.48,195,800,0.5459,13.336,185.78,719.01,0.28402,0.13722,0.028736,0.25446,0.12396,0.024256,0.23393,0.11822,0.021312,248,249,249,188,187,188,171,173,176,255,255,255,114,114,113,128,133,138,0.55505,0.54765,0.54613
1,3.4038e+05,0.582,13.56,195,800,0.54272,13.411,187.26,715.44,0.24463,0.12484,0.02368,0.22762,0.11914,0.021056,0.21547,0.11212,0.018816,247,247,248,193,192,191,174,175,178,255,255,255,99,102,105,143,147,150,0.54468,0.54406,0.54392
1,3.4048e+05,0.582,13.64,195,800,0.54166,13.487,185.66,718.13,0.3698,0.12572,0.032064,0.31715,0.11898,0.02496,0.1934,0.1217,0.018176,248,248,248,210,204,200,180,181,185,255,251,245,85,88,93,186,186,187,0.53197,0.53995,0.54287
1,3.4058e+05,0.582,13.72,195,800,0.53317,13.574,187.95,764.32,0.30753,0.12946,0.0304,0.27814,0.12649,0.026752,0.25694,0.11737,0.02304,252,249,248,217,208,202,185,185,186,246,240,233,86,88,92,207,208,208,0.54495,0.5432,0.54551
1,3.4068e+05,0.582,13.8,195,800,0.53423,13.651,187.03,832.74,0.35107,0.12845,0.033088,0.29151,0.12588,0.027584,0.25841,0.12472,0.024576,250,251,250,201,206,211,193,188,185,195,197,200,109,103,100,252,247,239,0.54898,0.54935,0.54795
1,3.4078e+05,0.582,13.88,195,800,0.54908,13.728,187.11,526.71,0.35234,0.12347,0.031424,0.31891,0.11602,0.026688,0.2872,0.10784,0.022144,253,252,251,226,222,219,178,179,180,172,175,181,110,111,112,253,250,244,0.54601,0.55175,0.55042
1,3.4088e+05,0.582,13.96,195,800,0.53847,13.783,153.51,569.49,0.36432,0.10245,0.026752,0.22112,0.096701,0.014656,0.14713,0.099588,0.011264,252,252,251,225,224,219,175,178,179,178,179,183,105,113,122,245,241,232,0.54861,0.54837,0.5506
1,3.439e+05,0.489,13.96,195,800,0.44511,13.748,0.071822,902.66,0,0,0,0,0,0,0,0,0,251,250,251,246,234,222,174,174,175,174,173,176,120,119,119,229,227,224,0.56261,0.55537,0.55336
1,3.44e+05,0.489,13.88,195,800,0.43237,13.685,186.6,842.24,0.17865,0.12837,0.017856,0.1636,0.12378,0.015744,0.15379,0.11738,0.013952,251,251,251,241,231,219,173,174,176,159,165,173,109,108,108,238,239,237,0.55875,0.55026,0.54855
1,3.441e+05,0.489,13.8,195,800,0.43131,13.613,188,650.75,0.24381,0.14341,0.027136,0.23608,0.13472,0.024512,0.22396,0.12708,0.022272,250,250,250,195,198,204,174,180,183,178,183,190,79,85,91,248,241,233,0.55108,0.55119,0.54883
1,3.442e+05,0.489,13.72,195,800,0.44723,13.519,187.71,780.39,0.28021,0.1648,0.035776,0.26762,0.1581,0.033024,0.25518,0.15156,0.03008,250,250,249,185,194,200,195,191,187,234,231,226,83,84,88,196,199,202,0.54584,0.54562,0.54647
1,3.443e+05,0.489,13.64,195,800,0.43662,13.461,188.25,900.24,0.38238,0.1671,0.049536,0.36755,0.15362,0.043904,0.35289,0.14305,0.0384,252,251,250,200,201,201,193,191,187,253,247,241,91,91,92,178,179,182,0.53228,0.5429,0.54441
1,3.444e+05,0.489,13.56,195,800,0.44192,13.383,186.77,955.43,0.46856,0.15643,0.054336,0.44796,0.13059,0.04288,0.31702,0.12355,0.029568,252,252,251,197,199,200,185,184,182,255,255,254,117,112,107,148,149,151,0.54095,0.54429,0.54722
1,3.445e+05,0.489,13.48,195,800,0.4589,13.282,187.13,751.15,0.47768,0.14291,0.049728,0.37887,0.13476,0.038144,0.32929,0.12822,0.032448,253,252,251,187,190,193,181,180,179,255,255,254,124,119,113,136,137,139,0.5479,0.5487,0.54637
1,3.446e+05,0.489,13.4,195,800,0.44723,13.222,185.99,789,0.45126,0.13798,0.0448,0.34203,0.12956,0.033664,0.30537,0.12142,0.028288,252,250,249,167,175,185,174,177,179,254,252,249,115,118,121,124,122,119,0.54209,0.5452,0.54642
1,3.447e+05,0.489,13.32,195,800,0.43556,13.144,185.77,1281.4,0.407,0.12639,0.036864,0.34723,0.11942,0.02944,0.30071,0.11242,0.023936,244,246,248,199,197,197,187,182,178,239,239,237,114,118,118,105,103,101,0.55086,0.54748,0.54651
1,3.448e+05,0.489,13.24,195,800,0.44617,13.058,186.53,790.76,0.32376,0.12519,0.028224,0.26896,0.12083,0.024,0.24304,0.11362,0.020416,247,247,248,221,213,206,184,181,178,232,230,226,114,115,113,90,92,94,0.53259,0.54194,0.54307
1,3.449e+05,0.489,13.16,195,800,0.45041,12.981,186.07,1110.4,0.36513,0.11897,0.03104,0.2931,0.11085,0.023488,0.24285,0.10835,0.01984,251,251,250,224,223,218,177,178,180,201,202,202,99,94,92,86,86,87,0.55264,0.54406,0.54367
1,3.45e+05,0.489,13.08,195,800,0.44723,12.916,185.96,972.48,0.41448,0.12857,0.038528,0.36844,0.11601,0.030336,0.3005,0.11501,0.02432,253,252,250,222,220,216,185,183,181,187,189,192,78,81,83,89,88,87,0.54987,0.54424,0.54466
1,3.451e+05,0.489,13,195,800,0.43025,12.838,185.95,946.94,0.2823,0.11574,0.024,0.24428,0.11205,0.019456,0.215,0.10422,0.01664,249,247,246,201,200,202,185,185,183,181,179,179,67,70,75,90,89,89,0.53762,0.54313,0.54472
1,3.452e+05,0.489,12.92,195,800,0.45465,12.758,186.49,787.64,0.29203,0.13242,0.02976,0.26323,0.12729,0.026112,0.24769,0.11961,0.023232,236,237,239,196,193,190,180,180,180,177,174,169,81,81,81,94,94,94,0.53316,0.54162,0.54385
1,3.453e+05,0.489,12.84,195,800,0.43237,12.7,186,776.87,0.33967,0.13248,0.034432,0.29964,0.12702,0.028928,0.27459,0.11667,0.024704,235,235,237,206,193,185,181,180,178,167,165,161,82,84,84,104,101,97,0.54727,0.54694,0.54549
1,3.454e+05,0.489,12.76,195,800,0.44192,12.6,186.99,751.29,0.32265,0.12019,0.028608,0.2724,0.11332,0.023424,0.23742,0.10737,0.0192,235,235,236,167,174,180,180,177,175,137,139,143,78,78,80,113,108,101,0.53937,0.53901,0.54189
1,3.455e+05,0.489,12.68,195,800,0.44405,12.533,187.28,481.2,0.33894,0.12994,0.033024,0.32306,0.11807,0.028544,0.30309,0.11211,0.02464,238,236,237,165,170,178,176,175,175,128,131,136,72,72,74,112,105,99,0.54521,0.54588,0.54613
1,3.456e+05,0.489,12.6,195,800,0.43344,12.453,187.17,763.42,0.33347,0.1391,0.034944,0.31036,0.12745,0.029632,0.2871,0.12243,0.026304,241,241,242,183,184,187,177,176,176,135,133,133,58,59,62,90,92,92,0.55342,0.54795,0.54557
1,3.457e+05,0.489,12.52,195,800,0.46739,12.338,188.42,1148.4,0.28636,0.12638,0.0272,0.2612,0.12167,0.023424,0.23965,0.11474,0.019968,250,248,247,208,208,205,178,179,178,140,140,138,54,56,57,84,84,86,0.541,0.54305,0.54475
1,3.458e+05,0.489,12.44,195,800,0.44829,12.28,187.27,636.58,0.25853,0.13557,0.02656,0.22848,0.12803,0.022336,0.20836,0.1234,0.019904,251,250,249,220,218,209,179,179,178,141,141,140,54,56,58,82,82,84,0.55228,0.5502,0.54634
1,3.459e+05,0.489,12.36,195,800,0.44617,12.192,188.29,702.26,0.31203,0.12249,0.027392,0.25915,0.11556,0.022144,0.21423,0.11218,0.01856,252,251,250,220,210,203,180,177,176,142,144,145,62,65,66,80,82,85,0.54879,0.54855,0.54657
1,3.46e+05,0.489,12.28,195,800,0.45253,12.113,186.87,636.12,0.29271,0.11617,0.024256,0.22665,0.11286,0.01856,0.17859,0.10856,0.014528,249,250,250,193,196,198,174,176,177,148,147,146,79,74,71,87,86,87,0.55265,0.54551,0.54722
1,3.461e+05,0.489,12.2,195,800,0.46208,12.01,187.57,958.11,0.3233,0.11836,0.024896,0.26237,0.11292,0.019776,0.19069,0.11067,0.015744,247,247,248,192,196,200,181,179,178,152,152,152,90,88,82,97,95,93,0.52946,0.54135,0.54646
1,3.462e+05,0.489,12.12,195,800,0.44617,11.963,186.54,741,0.27999,0.11963,0.024256,0.2305,0.1166,0.01952,0.17868,0.11521,0.015616,246,247,247,232,224,215,177,175,174,163,161,158,95,90,84,99,101,101,0.55811,0.55014,0.54741
1,3.463e+05,0.489,12.04,195,800,0.44723,11.884,187.04,668.03,0.30158,0.12864,0.027456,0.24688,0.1233,0.022464,0.21031,0.12149,0.0192,247,248,248,230,227,221,170,171,172,171,165,159,84,83,82,108,107,105,0.55582,0.54768,0.546
1,3.464e+05,0.489,11.96,195,800,0.44935,11.805,186.25,804.9,0.27204,0.12346,0.024832,0.2388,0.11695,0.020544,0.21097,0.11531,0.01824,250,250,250,222,222,221,170,169,169,159,158,156,65,69,74,121,117,110,0.53081,0.5398,0.54282
1,3.465e+05,0.489,11.88,195,800,0.45572,11.717,185.63,862.54,0.2566,0.12019,0.021888,0.2134,0.11628,0.018112,0.18892,0.11043,0.015232,252,252,251,224,221,220,173,171,169,149,152,154,66,68,72,120,113,108,0.53375,0.54533,0.54598
1,3.466e+05,0.489,11.8,195,800,0.44723,11.631,187,908.79,0.29108,0.1237,0.027328,0.25777,0.11807,0.022784,0.23778,0.11005,0.019968,250,250,250,218,217,215,168,169,168,150,148,147,66,68,70,93,99,104,0.55305,0.54611,0.54727
1,3.467e+05,0.489,11.72,195,800,0.45678,11.561,186.48,569.25,0.27216,0.11957,0.022848,0.20763,0.11726,0.018112,0.17276,0.1149,0.015168,247,247,248,202,200,202,162,162,164,139,139,138,73,71,69,104,106,110,0.54698,0.55056,0.55028
1,3.468e+05,0.489,11.64,195,800,0.45041,11.488,187.73,873.57,0.2704,0.1186,0.022464,0.2367,0.10925,0.01824,0.17724,0.11004,0.014592,250,249,248,183,190,196,157,160,162,132,132,131,78,72,68,113,114,117,0.55416,0.55123,0.55178
1,3.469e+05,0.489,11.56,195,800,0.45465,11.407,187.77,788.19,0.26385,0.12584,0.023616,0.23859,0.11685,0.019968,0.20472,0.11361,0.01696,254,252,250,181,181,185,163,164,167,116,118,121,63,64,67,125,128,133,0.55777,0.5564,0.55338
1,3.47e+05,0.489,11.48,195,800,0.4207,11.349,185.72,765.97,0.26797,0.12633,0.025536,0.2488,0.11861,0.022016,0.21938,0.11369,0.019072,255,252,251,175,178,184,167,170,172,114,115,118,60,64,68,133,136,142,0.55686,0.55622,0.55505
1,3.471e+05,0.489,11.4,195,800,0.45041,11.247,184.75,768.29,0.23797,0.1287,0.022592,0.22058,0.12259,0.020224,0.19904,0.11964,0.017728,249,251,251,182,186,192,184,183,180,115,115,116,78,76,70,155,162,170,0.54964,0.55831,0.55656
1,3.472e+05,0.489,11.32,195,800,0.4345,11.192,185.99,778.96,0.26939,0.12478,0.024576,0.24339,0.11644,0.020736,0.2108,0.11498,0.01792,252,250,249,219,211,202,174,175,174,114,117,121,70,69,68,196,203,205,0.56169,0.56214,0.55952
1,3.473e+05,0.489,11.24,195,800,0.44511,11.085,185.97,840.78,0.27877,0.12916,0.02752,0.25724,0.12166,0.023616,0.23705,0.11632,0.0208,250,249,249,219,213,205,164,166,169,121,124,131,63,64,66,219,220,217,0.55885,0.56314,0.56365
1,3.474e+05,0.489,11.16,195,800,0.45465,10.999,185.83,930.66,0.32047,0.12636,0.03072,0.27309,0.11701,0.02432,0.24459,0.11202,0.020928,248,250,248,205,202,199,160,160,162,174,174,175,68,75,88,212,217,218,0.56906,0.5695,0.57022
1,3.475e+05,0.489,11.08,195,800,0.4398,10.951,184.83,696.87,0.28567,0.11922,0.02624,0.26199,0.11465,0.022848,0.24266,0.10975,0.020096,251,250,247,190,190,192,162,161,161,223,211,202,91,102,117,197,202,208,0.57775,0.58093,0.58241
1,3.476e+05,0.489,11,195,800,0.44617,10.869,152.73,604.07,0.27989,0.13211,0.027136,0.23769,0.12326,0.021504,0.2081,0.11793,0.01856,240,244,244,168,173,182,160,162,164,255,253,243,205,185,174,172,180,189,0.50498,0.51148,0.52037
1,3.5062e+05,0.396,11,195,800,0.34325,10.903,0.58493,748.01,0,0,0,0,0,0,0,0,0,236,236,239,183,174,175,171,172,172,255,248,239,244,222,196,153,153,159,0.55868,0.54714,0.53333
1,3.5072e+05,0.396,11.08,195,800,0.33794,11.007,187.27,759.69,0.25323,0.12633,0.021056,0.17117,0.12262,0.016576,0.16487,0.1191,0.01536,245,243,242,179,180,185,168,167,166,196,199,197,125,129,132,180,177,184,0.58548,0.5869,0.58648
1,3.5082e+05,0.396,11.16,195,800,0.34962,11.058,185.85,581.61,0.28224,0.13433,0.027776,0.26049,0.12346,0.022848,0.19763,0.12279,0.018432,249,245,244,190,190,191,158,161,165,160,165,171,80,87,98,205,200,199,0.56426,0.5702,0.57155
1,3.5092e+05,0.396,11.24,195,800,0.33901,11.144,186.66,630.71,0.28193,0.12333,0.025792,0.25182,0.11451,0.021504,0.2255,0.10953,0.018752,246,246,247,205,202,198,165,166,169,118,120,126,59,62,64,238,225,213,0.56406,0.5654,0.5638
1,3.5102e+05,0.396,11.32,195,800,0.3528,11.199,186.95,685.06,0.30432,0.12194,0.028032,0.26927,0.11702,0.023936,0.24632,0.11149,0.020992,247,248,248,206,199,196,178,175,172,106,110,115,60,60,61,229,215,205,0.55607,0.55775,0.55849
1,3.5112e+05,0.396,11.4,195,800,0.35598,11.282,187.37,872.67,0.33113,0.12137,0.02976,0.27447,0.11366,0.02304,0.23524,0.10851,0.0192,251,250,250,184,186,190,181,180,178,104,105,107,56,58,61,177,173,171,0.56147,0.55899,0.55619
1,3.5122e+05,0.396,11.48,195,800,0.3528,11.37,187.33,913.38,0.32479,0.12869,0.030016,0.28183,0.12036,0.023936,0.24156,0.11557,0.020032,247,249,250,193,190,187,178,174,172,114,111,111,60,61,62,138,136,138,0.54664,0.55378,0.55484
1,3.5132e+05,0.396,11.56,195,800,0.34325,11.45,186.24,726.86,0.34169,0.18024,0.033664,0.32089,0.11511,0.0256,0.28785,0.10708,0.0208,246,248,250,187,188,190,168,168,168,120,116,115,64,63,64,120,123,126,0.54286,0.54961,0.55184
1,3.5142e+05,0.396,11.64,195,800,0.3528,11.528,186.8,844.74,0.34234,0.12878,0.03296,0.31502,0.12291,0.028928,0.29223,0.11102,0.024192,248,248,249,190,198,205,157,162,166,127,128,128,65,67,69,105,105,108,0.55203,0.55377,0.55339
1,3.5152e+05,0.396,11.72,195,800,0.34537,11.597,188.15,767,0.32462,0.12772,0.031168,0.30077,0.12262,0.027712,0.28688,0.11188,0.024128,247,248,249,227,220,215,169,166,167,140,138,136,73,71,71,99,99,101,0.54604,0.5482,0.55064
1,3.5162e+05,0.396,11.8,195,800,0.36129,11.674,187.32,708.99,0.33313,0.12154,0.028992,0.25508,0.11459,0.021568,0.2125,0.11313,0.018048,252,252,250,253,243,231,177,173,170,159,152,147,77,74,72,88,93,98,0.54677,0.55115,0.5492
1,3.5172e+05,0.396,11.88,195,800,0.34962,11.756,185.75,757.47,0.24142,0.13395,0.024832,0.22358,0.1249,0.02176,0.21121,0.11987,0.019584,251,251,250,219,225,228,165,166,168,149,152,154,72,73,73,107,105,102,0.55115,0.54663,0.54665
1,3.5182e+05,0.396,11.96,195,800,0.35386,11.829,186.45,824.95,0.30164,0.1272,0.027328,0.21726,0.11585,0.019136,0.1875,0.11038,0.015872,247,249,249,216,220,224,163,165,167,156,155,155,75,74,74,110,108,105,0.54655,0.5448,0.54405
1,3.5192e+05,0.396,12.04,195,800,0.35704,11.908,186.56,1062,0.27067,0.12385,0.02432,0.24071,0.11479,0.020224,0.20609,0.10926,0.016704,250,248,247,225,222,217,169,170,171,157,157,155,78,77,75,107,105,103,0.54771,0.54335,0.54548
1,3.5202e+05,0.396,12.12,195,800,0.36659,11.981,186.26,551.2,0.31279,0.12627,0.029056,0.28506,0.11786,0.024768,0.26159,0.11187,0.022016,248,247,246,220,216,212,173,173,174,150,151,152,72,73,74,102,102,101,0.55085,0.5481,0.54659
1,3.5212e+05,0.396,12.2,195,800,0.35917,12.085,185.31,1091.7,0.22217,0.12649,0.021312,0.20122,0.12055,0.018496,0.18002,0.11682,0.016256,242,245,247,188,195,202,170,174,176,140,142,144,63,66,69,100,99,97,0.54505,0.54594,0.54606
1,3.5222e+05,0.396,12.28,195,800,0.35598,12.157,186.59,900.99,0.19448,0.14678,0.020352,0.1703,0.13891,0.0176,0.16116,0.12911,0.015808,253,250,249,194,197,202,176,176,176,136,136,137,60,61,62,89,91,92,0.54709,0.5455,0.54713
1,3.5232e+05,0.396,12.36,195,800,0.34962,12.232,185.62,583.51,0.25722,0.12365,0.024,0.23897,0.11614,0.020608,0.21361,0.11237,0.017728,251,250,249,202,205,205,179,178,178,131,133,135,56,57,59,86,88,90,0.55962,0.54845,0.54603
1,3.5242e+05,0.396,12.44,195,800,0.33158,12.325,185.39,991.34,0.27641,0.12615,0.024256,0.23226,0.12,0.019776,0.18198,0.11835,0.016512,248,249,249,213,210,207,187,182,179,133,131,131,55,54,55,88,87,87,0.55939,0.54971,0.54567
1,3.5252e+05,0.396,12.52,195,800,0.34749,12.394,186.06,914.19,0.2424,0.13253,0.024192,0.21341,0.12674,0.020544,0.19683,0.11959,0.01824,249,248,248,205,204,204,183,180,178,131,129,129,54,55,55,89,87,87,0.53233,0.54553,0.54466
1,3.5262e+05,0.396,12.6,195,800,0.3528,12.481,186.8,645.07,0.32103,0.12582,0.028032,0.25641,0.12119,0.02272,0.2288,0.11529,0.019456,242,243,244,193,192,193,167,172,176,121,124,128,55,57,60,89,91,93,0.54769,0.54388,0.54524
1,3.5272e+05,0.396,12.68,195,800,0.3772,12.526,186.63,732.11,0.24477,0.13117,0.024704,0.22406,0.12192,0.021056,0.20968,0.11857,0.019072,228,235,239,178,182,186,169,173,175,126,130,135,63,69,75,98,101,101,0.5358,0.54519,0.5458
1,3.5282e+05,0.396,12.76,195,800,0.35068,12.635,186.13,960.01,0.31236,0.12676,0.029056,0.27294,0.11892,0.024256,0.24264,0.11423,0.020544,226,234,239,176,181,187,174,175,175,137,141,144,78,84,86,105,106,104,0.54105,0.54422,0.54495
1,3.5292e+05,0.396,12.84,195,800,0.34856,12.7,186.91,920.63,0.22381,0.13806,0.023104,0.20671,0.12767,0.019776,0.18631,0.12439,0.017728,242,240,240,195,193,192,173,175,175,171,166,162,123,111,97,103,101,100,0.53727,0.54182,0.54478
1,3.5302e+05,0.396,12.92,195,800,0.36235,12.777,187.6,848.17,0.29039,0.12194,0.025856,0.23914,0.11762,0.020608,0.20938,0.11232,0.017408,240,242,243,195,196,195,174,175,176,175,173,170,115,106,95,93,94,95,0.54042,0.54492,0.544
1,3.5312e+05,0.396,13,195,800,0.34749,12.865,187.7,674.8,0.23832,0.1318,0.024256,0.21939,0.12655,0.021312,0.206,0.11797,0.018816,249,249,248,189,196,201,186,182,177,179,179,178,73,77,82,82,85,89,0.54285,0.5465,0.54534
1,3.5322e+05,0.396,13.08,195,800,0.34219,12.946,186.84,569.63,0.2075,0.1202,0.018752,0.18711,0.11365,0.016,0.17009,0.10755,0.014016,255,254,252,213,214,212,178,176,175,182,185,188,78,82,86,87,86,87,0.54281,0.53993,0.54367
1,3.5332e+05,0.396,13.16,195,800,0.34007,13.029,186.84,978.07,0.26043,0.12154,0.022784,0.22741,0.12036,0.020352,0.20782,0.11336,0.01792,254,254,252,228,222,215,168,171,174,189,193,196,100,96,96,82,85,88,0.54576,0.54461,0.54485
1,3.5342e+05,0.396,13.24,195,800,0.34962,13.113,188.38,923.92,0.28366,0.12391,0.026048,0.24648,0.12047,0.0224,0.23183,0.11245,0.01984,250,250,250,218,215,207,175,175,175,220,219,217,134,128,118,86,87,92,0.54014,0.5447,0.54537
1,3.5352e+05,0.396,13.32,195,800,0.34856,13.177,187.46,612.44,0.3275,0.1238,0.029056,0.26841,0.11906,0.023616,0.24133,0.1148,0.020608,248,248,249,206,201,198,183,179,177,232,231,228,144,132,122,88,93,98,0.53783,0.54234,0.54433
1,3.5362e+05,0.396,13.4,195,800,0.35068,13.265,187.89,1120.5,0.35296,0.12059,0.031232,0.31599,0.11337,0.026176,0.28557,0.10831,0.0224,246,248,250,182,185,189,178,180,180,247,246,243,115,118,121,113,114,115,0.54375,0.54309,0.54339
1,3.5372e+05,0.396,13.48,195,800,0.36129,13.32,187.22,1073.4,0.2424,0.13463,0.023936,0.20724,0.12588,0.019712,0.19073,0.12305,0.018048,254,253,253,209,207,204,187,184,182,253,251,248,113,112,111,145,141,139,0.54327,0.54557,0.54388
1,3.5382e+05,0.396,13.56,195,800,0.35174,13.407,186.53,743.67,0.27942,0.1275,0.026368,0.23051,0.12045,0.020352,0.17586,0.11689,0.016128,255,254,253,223,220,211,185,184,184,255,252,246,112,109,106,157,153,151,0.53866,0.54852,0.5464
1,3.5392e+05,0.396,13.64,195,800,0.35598,13.488,187.29,563.78,0.28113,0.13233,0.02848,0.2518,0.12693,0.024512,0.22548,0.12339,0.02144,248,248,249,218,211,206,191,190,187,243,237,230,89,90,91,165,173,181,0.54992,0.54739,0.54515
1,3.5402e+05,0.396,13.72,195,800,0.35492,13.565,187.31,883.05,0.37011,0.12848,0.034688,0.2923,0.12438,0.026816,0.25861,0.11779,0.022528,242,244,247,190,194,199,201,192,186,222,219,215,79,81,84,185,194,201,0.54787,0.54531,0.54666
1,3.5412e+05,0.396,13.8,195,800,0.34537,13.652,187.12,745.72,0.37668,0.13207,0.037504,0.3401,0.12315,0.031296,0.3186,0.11626,0.02752,244,245,247,181,186,195,180,181,180,176,176,182,75,77,84,251,241,231,0.55002,0.54712,0.5494
1,3.5422e+05,0.396,13.88,195,800,0.37402,13.704,186.32,799.99,0.3149,0.12283,0.02944,0.28292,0.1154,0.024896,0.26363,0.11008,0.02176,254,252,251,224,220,216,167,170,173,154,160,169,108,105,102,236,237,237,0.54346,0.55062,0.55019
1,3.5432e+05,0.396,13.96,195,800,0.35704,13.802,153.41,840.6,0.31386,0.11954,0.02816,0.27227,0.10935,0.022528,0.24015,0.10497,0.01888,255,254,252,240,232,224,161,168,173,167,168,173,135,123,114,220,223,224,0.55182,0.55279,0.55315
1,3.5734e+05,0.303,13.96,195,800,0.252,13.764,0.29362,352.79,0,0,0,0,0,0,0,0,0,255,254,253,227,224,221,175,172,172,175,174,176,105,106,108,249,241,233,0.54634,0.54734,0.54866
1,3.5744e+05,0.303,13.88,195,800,0.26792,13.686,187.17,434.23,0.40182,0.13564,0.024512,0.17997,0.13021,0.018112,0.17252,0.11993,0.016192,253,253,251,206,206,209,173,169,171,172,166,168,90,94,97,253,249,243,0.55176,0.54805,0.54572
1,3.5754e+05,0.303,13.8,195,800,0.25307,13.608,185.05,672.6,0.24916,0.1281,0.025024,0.24406,0.12223,0.02304,0.23604,0.1168,0.02112,248,246,247,185,181,191,177,174,175,174,170,172,74,78,84,250,239,230,0.55403,0.54434,0.54427
1,3.5764e+05,0.303,13.72,195,800,0.25625,13.537,186.64,912.07,0.30533,0.14481,0.034432,0.28594,0.14,0.030976,0.26455,0.13434,0.02784,241,245,247,192,201,205,178,180,182,195,195,195,85,84,85,193,196,198,0.55428,0.54168,0.54215
1,3.5774e+05,0.303,13.64,195,800,0.26049,13.449,186.85,993.11,0.37859,0.14899,0.043072,0.34221,0.14367,0.036928,0.28814,0.13518,0.030528,251,249,249,222,220,215,182,182,183,210,210,209,89,90,91,188,180,178,0.56279,0.54361,0.54211
1,3.5784e+05,0.303,13.56,195,800,0.25413,13.376,186.49,989.47,0.45526,0.14117,0.046464,0.36575,0.12801,0.033856,0.30219,0.11978,0.025408,255,255,253,237,231,221,181,180,181,239,234,228,102,104,103,145,147,148,0.54558,0.5365,0.53858
1,3.5794e+05,0.303,13.48,195,800,0.26686,13.302,185.4,554.95,0.40658,0.13373,0.038528,0.33459,0.12342,0.028608,0.25942,0.1179,0.023168,255,254,254,221,217,212,178,178,179,238,237,232,110,110,108,126,130,134,0.54306,0.54476,0.54132
1,3.5804e+05,0.303,13.4,195,800,0.27216,13.206,187.14,825.67,0.3772,0.1262,0.034368,0.32133,0.11915,0.027392,0.28256,0.11231,0.022464,254,252,251,178,182,190,180,178,177,235,231,227,121,120,119,109,110,112,0.55147,0.54273,0.54023
1,3.5814e+05,0.303,13.32,195,800,0.2658,13.141,183.64,786.06,0.32483,0.12913,0.030592,0.2921,0.11918,0.023872,0.25596,0.11132,0.0176,249,249,250,173,185,193,177,175,173,219,215,212,132,130,121,94,96,100,0.55186,0.54168,0.54105
1,3.5824e+05,0.303,13.24,195,800,0.28808,13.034,186.35,1202.9,0.33401,0.13965,0.035776,0.30935,0.129,0.030336,0.28576,0.12219,0.026496,250,250,251,203,201,199,170,170,171,204,203,204,128,123,117,94,94,96,0.53696,0.53648,0.53872
1,3.5834e+05,0.303,13.16,195,800,0.26474,12.989,186.16,694.38,0.27659,0.11892,0.02304,0.21848,0.1109,0.017664,0.19236,0.10745,0.014848,253,253,252,205,207,206,163,165,168,182,186,189,84,91,98,94,93,92,0.53735,0.5365,0.53812
1,3.5844e+05,0.303,13.08,195,800,0.27216,12.902,186.01,934.39,0.32339,0.11872,0.027136,0.28649,0.11109,0.022592,0.25755,0.10641,0.019008,252,252,252,195,198,204,167,167,168,184,183,184,77,81,88,93,91,91,0.54141,0.5418,0.5403
1,3.5854e+05,0.303,13,195,800,0.2658,12.825,186.87,515.5,0.26132,0.13748,0.026496,0.22671,0.13122,0.022272,0.2035,0.12644,0.019648,247,249,250,201,200,202,165,167,168,174,174,175,79,81,86,88,89,92,0.54473,0.54388,0.54115
1,3.5864e+05,0.303,12.92,195,800,0.24776,12.764,185.05,566.47,0.22678,0.1246,0.020864,0.19861,0.11487,0.017664,0.17831,0.11332,0.015616,248,247,247,211,206,201,161,163,166,160,163,165,102,103,99,95,95,96,0.54663,0.54222,0.5395
1,3.5874e+05,0.303,12.84,195,800,0.26898,12.657,188.73,704.99,0.23427,0.12026,0.020416,0.20216,0.11575,0.016896,0.17855,0.10883,0.014464,244,245,246,196,199,200,162,165,167,159,159,158,118,113,102,99,99,99,0.53726,0.53752,0.53956
1,3.5884e+05,0.303,12.76,195,800,0.27004,12.598,185.21,811.39,0.26303,0.10913,0.021184,0.22764,0.10603,0.017856,0.20062,0.10108,0.015296,246,245,244,195,197,198,178,174,171,147,145,142,103,100,95,104,102,100,0.54397,0.54331,0.54405
1,3.5894e+05,0.303,12.68,195,800,0.26686,12.502,186.05,957.26,0.263,0.12529,0.022784,0.21588,0.11811,0.01856,0.18914,0.11378,0.01632,249,247,245,201,201,197,180,177,173,138,136,135,83,84,83,103,100,98,0.54106,0.54366,0.54316
1,3.5904e+05,0.303,12.6,195,800,0.2658,12.431,186.05,775.18,0.30169,0.13456,0.030592,0.27872,0.12461,0.026304,0.23631,0.12014,0.021696,251,249,248,200,198,197,179,178,176,121,124,126,55,60,63,93,92,93,0.54123,0.54216,0.54293
1,3.5914e+05,0.303,12.52,195,800,0.24882,12.377,186.3,737.78,0.33455,0.11668,0.02784,0.29207,0.11132,0.022976,0.24557,0.10474,0.018688,251,250,249,205,200,196,180,177,176,122,123,124,54,54,54,88,89,90,0.54992,0.54375,0.54172
1,3.5924e+05,0.303,12.44,195,800,0.2849,12.263,187.11,850.89,0.32857,0.12592,0.030784,0.2935,0.1181,0.025792,0.26185,0.11542,0.022848,250,249,249,203,201,198,174,174,175,123,124,124,57,55,53,89,91,91,0.53586,0.54061,0.54071
1,3.5934e+05,0.303,12.36,195,800,0.26474,12.202,187.47,1151.6,0.42063,0.1235,0.036288,0.36218,0.11353,0.02976,0.30527,0.10745,0.023232,248,248,249,203,204,203,172,172,174,127,127,127,53,53,53,99,96,93,0.55041,0.54526,0.54416
1,3.5944e+05,0.303,12.28,195,800,0.27747,12.116,186.53,894.34,0.2535,0.1231,0.022912,0.23023,0.11515,0.019264,0.20772,0.10896,0.016576,248,249,249,212,208,205,176,174,174,132,130,129,51,52,53,100,96,94,0.54331,0.54648,0.54489
1,3.5954e+05,0.303,12.2,195,800,0.26792,12.035,186.15,376.32,0.2807,0.13607,0.029056,0.25296,0.12863,0.025152,0.23526,0.12012,0.021888,252,249,247,210,205,202,178,179,179,135,136,138,53,54,56,96,96,95,0.54418,0.54212,0.5411
1,3.5964e+05,0.303,12.12,195,800,0.27216,11.962,186.15,892.96,0.39388,0.12301,0.033664,0.30094,0.11373,0.025024,0.26023,0.1117,0.020992,241,244,245,194,198,202,185,181,176,143,147,150,63,64,65,96,96,96,0.55186,0.54818,0.54315
1,3.5974e+05,0.303,12.04,195,800,0.27429,11.884,185.7,785.22,0.25021,0.11531,0.021568,0.21438,0.11204,0.01792,0.1943,0.10436,0.015424,241,244,245,205,205,206,177,175,173,151,154,155,72,71,70,92,95,96,0.53951,0.54009,0.5412
1,3.5984e+05,0.303,11.96,195,800,0.25413,11.815,186.69,766.39,0.25051,0.11999,0.022592,0.21758,0.11767,0.019392,0.20385,0.11128,0.01728,248,248,248,220,224,222,158,162,167,157,157,157,77,75,75,90,93,97,0.53009,0.5366,0.53984
1,3.5994e+05,0.303,11.88,195,800,0.26261,11.726,187.04,1076.1,0.24822,0.13057,0.021184,0.16928,0.1299,0.016576,0.15478,0.12568,0.014912,250,250,249,230,233,230,158,163,168,149,153,155,70,74,76,94,94,96,0.52992,0.53907,0.54276
1,3.6004e+05,0.303,11.8,195,800,0.26368,11.647,187.54,1055.2,0.23661,0.12506,0.021248,0.20663,0.12033,0.018048,0.1902,0.11117,0.015808,249,250,250,246,241,234,177,175,172,149,147,146,80,78,75,92,94,97,0.54964,0.55022,0.54976
1,3.6014e+05,0.303,11.72,195,800,0.26261,11.569,185.31,1089.8,0.2344,0.12808,0.022144,0.21051,0.12347,0.019392,0.19792,0.11752,0.017664,249,250,249,223,220,219,168,169,171,126,131,133,71,71,70,104,103,103,0.54898,0.55031,0.54936
1,3.6024e+05,0.303,11.64,195,800,0.26049,11.484,187.28,785.97,0.26131,0.12599,0.025088,0.23689,0.11802,0.02176,0.2162,0.11502,0.019392,250,249,249,204,208,211,162,166,170,118,121,125,61,65,67,109,109,110,0.55973,0.55524,0.55234
1,3.6034e+05,0.303,11.56,195,800,0.26686,11.402,186.49,1031.7,0.26772,0.14216,0.029056,0.25488,0.13039,0.025024,0.24273,0.12335,0.022528,248,248,249,214,206,198,178,174,171,106,109,112,70,65,60,129,129,129,0.5415,0.55018,0.54989
1,3.6044e+05,0.303,11.48,195,800,0.27641,11.331,187.13,1169.6,0.32369,0.13135,0.031488,0.28025,0.1238,0.025856,0.23914,0.11809,0.021312,250,249,249,216,204,194,179,176,173,102,105,109,68,62,58,142,141,141,0.55436,0.55217,0.55173
1,3.6054e+05,0.303,11.4,195,800,0.25943,11.252,186.74,841.18,0.28045,0.12012,0.025536,0.25286,0.11643,0.022144,0.23262,0.10982,0.019008,251,250,249,178,182,186,172,175,176,105,105,106,47,50,54,163,170,177,0.54372,0.5511,0.55485
1,3.6064e+05,0.303,11.32,195,800,0.28065,11.161,187.36,863.78,0.25988,0.13014,0.026112,0.23759,0.12231,0.022528,0.21899,0.11764,0.020096,246,246,247,179,183,187,179,176,173,108,111,114,50,51,54,217,219,214,0.5687,0.55802,0.55893
1,3.6074e+05,0.303,11.24,195,800,0.27535,11.088,186.61,1106.6,0.27123,0.12815,0.025664,0.23517,0.123,0.021632,0.21594,0.1167,0.019136,242,243,246,190,191,192,173,172,172,119,120,124,54,56,60,237,233,222,0.56245,0.56356,0.5638
1,3.6084e+05,0.303,11.16,195,800,0.26368,11.02,185.73,1053.9,0.25205,0.12148,0.023552,0.22639,0.1165,0.020224,0.20943,0.10834,0.017664,238,241,244,193,194,192,165,169,173,154,157,163,81,86,94,204,203,200,0.55727,0.57188,0.57259
1,3.6094e+05,0.303,11.08,195,800,0.25519,10.937,186.24,670.93,0.30534,0.13671,0.030464,0.25082,0.13293,0.024768,0.22187,0.12953,0.021184,240,241,243,187,187,189,178,176,174,184,186,188,117,123,126,164,173,180,0.58678,0.58748,0.58533
1,3.6104e+05,0.303,11,195,800,0.26686,10.867,153.14,828.76,0.2559,0.12504,0.023168,0.20738,0.11827,0.018624,0.17645,0.11687,0.015936,236,239,241,171,175,179,186,184,180,245,236,228,233,208,182,139,142,148,0.50435,0.51149,0.51576
1,3.6406e+05,0.21,11,195,800,0.17455,10.913,0.64121,781.7,0,0,0,0,0,0,0,0,0,245,244,242,177,176,178,177,182,183,232,228,222,139,137,139,135,137,143,0.50328,0.51882,0.52194
1,3.6416e+05,0.21,11.08,195,800,0.18304,10.987,186.84,838.78,0.23321,0.11704,0.018176,0.17573,0.11463,0.015232,0.15769,0.11026,0.013376,251,249,244,199,195,189,182,185,182,182,186,186,86,91,102,166,170,176,0.58318,0.58374,0.58354
1,3.6426e+05,0.21,11.16,195,800,0.17667,11.06,188.44,661.4,0.22914,0.12209,0.020992,0.20952,0.11392,0.018368,0.19614,0.1104,0.016512,251,249,245,222,205,193,178,181,181,151,158,163,70,74,81,211,203,199,0.57422,0.57164,0.57232
1,3.6436e+05,0.21,11.24,195,800,0.17137,11.131,187.31,601.22,0.26708,0.13349,0.026944,0.24755,0.12524,0.02336,0.23143,0.1152,0.020544,245,246,246,188,191,191,178,178,177,117,121,126,52,56,59,255,243,224,0.56213,0.56247,0.56528
1,3.6446e+05,0.21,11.32,195,800,0.16076,11.227,187.45,722.21,0.33039,0.13525,0.032576,0.29291,0.12492,0.026816,0.26296,0.12014,0.022784,249,248,247,168,179,187,174,176,176,108,113,117,51,53,55,237,229,216,0.55575,0.55593,0.55842
1,3.6456e+05,0.21,11.4,195,800,0.17774,11.293,187.73,1111.2,0.41257,0.14461,0.040256,0.34855,0.13154,0.03264,0.31734,0.12253,0.027648,252,251,250,174,178,185,172,173,174,110,109,109,50,51,53,165,170,176,0.55015,0.55539,0.55621
1,3.6466e+05,0.21,11.48,195,800,0.18198,11.369,187.48,964.23,0.35101,0.13033,0.034176,0.30586,0.1206,0.02784,0.25266,0.11669,0.0224,249,250,250,190,193,195,166,170,173,110,110,112,51,53,55,139,140,141,0.55295,0.55177,0.55341
1,3.6476e+05,0.21,11.56,195,800,0.16925,11.447,187.88,632.5,0.34453,0.12196,0.029056,0.28651,0.12019,0.023488,0.2512,0.11197,0.019392,250,250,250,204,201,200,170,172,173,113,113,115,52,54,56,131,131,130,0.55919,0.5556,0.55192
1,3.6486e+05,0.21,11.64,195,800,0.18622,11.498,187.24,580.59,0.2614,0.1141,0.021568,0.2115,0.11074,0.017856,0.19657,0.10478,0.015616,250,250,250,206,209,211,172,174,175,125,125,126,56,59,63,110,113,114,0.54389,0.54867,0.54883
1,3.6496e+05,0.21,11.72,195,800,0.17986,11.59,185.77,560.33,0.27106,0.12664,0.025088,0.24083,0.12399,0.021952,0.22184,0.1168,0.018944,249,249,249,211,213,216,173,175,177,131,131,132,65,67,67,106,105,106,0.54644,0.54582,0.54724
1,3.6506e+05,0.21,11.8,195,800,0.17137,11.676,187.65,1153.1,0.33307,0.11916,0.029248,0.28885,0.11378,0.024064,0.24771,0.11313,0.020416,250,249,249,218,226,230,180,179,176,146,145,145,81,77,74,95,96,96,0.54226,0.55117,0.54826
1,3.6516e+05,0.21,11.88,195,800,0.17455,11.75,186.85,779.47,0.2561,0.13034,0.02432,0.22376,0.12161,0.02048,0.20045,0.11887,0.017984,249,248,248,250,237,227,176,173,173,160,158,157,75,77,79,93,93,93,0.54431,0.54504,0.54454
1,3.6526e+05,0.21,11.96,195,800,0.18092,11.824,186.89,781.59,0.28401,0.12482,0.024256,0.24647,0.11506,0.01984,0.21514,0.11452,0.01728,245,246,247,233,224,217,165,169,172,169,165,160,79,79,78,95,93,92,0.55012,0.54163,0.54077
1,3.6536e+05,0.21,12.04,195,800,0.15651,11.923,186.44,556.35,0.2911,0.13886,0.031552,0.26864,0.13043,0.027584,0.25647,0.12419,0.02496,244,243,245,171,181,195,173,175,176,172,165,159,67,70,72,95,93,92,0.54455,0.54171,0.54048
1,3.6546e+05,0.21,12.12,195,800,0.16606,12.001,186.67,1094.8,0.30028,0.11854,0.025856,0.25412,0.11015,0.020992,0.22511,0.10616,0.017664,243,244,246,165,177,193,185,182,178,160,157,152,57,61,66,89,91,91,0.52285,0.53339,0.53778
1,3.6556e+05,0.21,12.2,195,800,0.17031,12.084,187.48,1292.7,0.31617,0.12351,0.0288,0.27417,0.11663,0.023552,0.24653,0.11069,0.020544,248,248,248,219,210,203,181,179,180,135,135,136,49,50,53,90,89,90,0.54127,0.53908,0.53914
1,3.6566e+05,0.21,12.28,195,800,0.17561,12.161,188.61,887.31,0.3322,0.11092,0.02496,0.28477,0.10709,0.019712,0.19318,0.10639,0.01504,252,250,250,213,211,208,178,174,176,120,121,124,49,48,49,92,91,91,0.55412,0.54676,0.54332
1,3.6576e+05,0.21,12.36,195,800,0.17137,12.229,187.8,1149.9,0.28769,0.1177,0.024832,0.26404,0.1088,0.02112,0.24138,0.10401,0.01824,247,249,250,198,198,201,170,173,176,114,118,121,47,49,50,92,92,92,0.53333,0.53976,0.54004
1,3.6586e+05,0.21,12.44,195,800,0.17667,12.321,186.6,1018.3,0.1994,0.12469,0.019264,0.18172,0.11442,0.016192,0.16667,0.11237,0.014592,252,251,250,173,179,186,167,173,178,117,118,119,51,51,51,96,92,92,0.55441,0.544,0.54106
1,3.6596e+05,0.21,12.52,195,800,0.17243,12.4,186.97,858.34,0.27347,0.12515,0.025856,0.23984,0.12249,0.022016,0.19517,0.12024,0.018112,255,252,250,175,177,184,174,177,178,123,121,120,49,51,53,91,91,92,0.54455,0.53679,0.53696
1,3.6606e+05,0.21,12.6,195,800,0.18728,12.463,187.37,1125.6,0.30182,0.12432,0.027392,0.26118,0.11549,0.022272,0.22843,0.11349,0.019008,245,248,250,185,191,194,177,178,177,130,126,123,61,63,64,90,91,92,0.54821,0.54175,0.53888
1,3.6616e+05,0.21,12.68,195,800,0.17561,12.533,188.3,775.4,0.24532,0.11616,0.020992,0.21207,0.10945,0.017728,0.19803,0.10354,0.015424,252,250,250,227,211,202,170,170,171,124,127,129,97,88,80,96,96,95,0.54619,0.54149,0.53902
1,3.6626e+05,0.21,12.76,195,800,0.18198,12.625,186.74,806.83,0.25969,0.13723,0.027392,0.24079,0.12866,0.023872,0.22636,0.12168,0.021312,252,252,251,214,208,206,164,165,167,132,133,135,98,94,88,99,98,97,0.55824,0.54393,0.53937
1,3.6636e+05,0.21,12.84,195,800,0.17774,12.71,187.11,650.84,0.29453,0.13055,0.028608,0.26934,0.12263,0.02432,0.24854,0.11661,0.02176,254,253,252,211,210,210,155,157,162,154,152,151,96,94,93,100,101,100,0.54343,0.5364,0.53701
1,3.6646e+05,0.21,12.92,195,800,0.17774,12.791,185.91,769.22,0.27939,0.13048,0.026368,0.19817,0.13104,0.020288,0.18219,0.12695,0.018112,255,254,252,221,216,212,156,158,161,165,161,158,87,89,92,103,102,100,0.53516,0.5369,0.53692
1,3.6656e+05,0.21,13,195,800,0.165,12.876,186.48,1053.6,0.21605,0.13294,0.021888,0.19311,0.12517,0.018816,0.18085,0.11725,0.01632,254,254,253,206,209,209,162,162,163,173,172,170,83,86,91,98,98,97,0.54543,0.53743,0.53569
1,3.6666e+05,0.21,13.08,195,800,0.16182,12.945,185.92,569.98,0.27053,0.12563,0.026304,0.25263,0.11543,0.0224,0.22989,0.11034,0.019392,254,253,253,195,197,203,162,164,165,187,182,177,101,98,98,95,94,95,0.54372,0.53785,0.53509
1,3.6676e+05,0.21,13.16,195,800,0.17667,13.025,186.81,912.8,0.23446,0.12787,0.022592,0.20142,0.12433,0.019456,0.19052,0.11534,0.017344,255,254,253,194,200,201,166,165,166,192,185,180,103,105,104,97,97,96,0.51851,0.52855,0.53245
1,3.6686e+05,0.21,13.24,195,800,0.165,13.099,186.83,878.92,0.32856,0.12991,0.030208,0.23957,0.12472,0.022976,0.20652,0.12169,0.01952,249,250,251,210,199,193,167,169,169,187,187,186,116,113,110,105,104,102,0.54027,0.54031,0.53599
1,3.6696e+05,0.21,13.32,195,800,0.16819,13.177,186.55,763.41,0.2913,0.12304,0.026048,0.24532,0.11695,0.021504,0.21849,0.11361,0.018624,246,249,251,189,188,189,173,171,170,187,189,190,118,113,109,108,107,106,0.53646,0.53509,0.53484
1,3.6706e+05,0.21,13.4,195,800,0.15651,13.265,185.8,1108.1,0.24131,0.12311,0.020736,0.19795,0.12002,0.017856,0.1838,0.11343,0.015616,253,252,252,177,182,189,170,170,171,208,204,199,99,103,105,116,115,114,0.54286,0.53537,0.53517
1,3.6716e+05,0.21,13.48,195,800,0.16925,13.351,185.48,831.37,0.28754,0.13328,0.028736,0.26153,0.12694,0.025024,0.2424,0.12096,0.022144,255,255,254,213,210,209,169,172,175,216,209,200,113,105,98,119,123,128,0.52586,0.53236,0.53572
1,3.6726e+05,0.21,13.56,195,800,0.18516,13.402,187.15,1062.4,0.29309,0.12521,0.027776,0.26208,0.11684,0.023296,0.23859,0.11049,0.020032,255,254,254,224,222,218,177,178,178,205,201,195,108,101,94,133,136,139,0.53529,0.53585,0.53693
1,3.6736e+05,0.21,13.64,195,800,0.16394,13.506,186.69,1179.6,0.30401,0.12995,0.029376,0.27598,0.11862,0.024384,0.248,0.11432,0.02112,250,251,252,239,225,215,193,186,181,176,177,179,85,86,85,175,171,168,0.53177,0.53495,0.53572
1,3.6746e+05,0.21,13.72,195,800,0.18516,13.562,185.95,663.99,0.29181,0.12486,0.026816,0.24504,0.1235,0.02304,0.23201,0.11436,0.020288,251,250,250,214,211,209,181,182,181,168,168,170,86,83,80,182,187,187,0.53481,0.53611,0.53502
1,3.6756e+05,0.21,13.8,195,800,0.16712,13.656,186.34,716.05,0.27476,0.13008,0.026304,0.25328,0.11737,0.022528,0.23818,0.11065,0.01984,246,249,250,186,189,198,173,173,175,150,154,158,82,81,80,238,232,221,0.53747,0.5365,0.53664
1,3.6766e+05,0.21,13.88,195,800,0.17349,13.722,186.84,873.17,0.26145,0.12182,0.024128,0.23193,0.11285,0.019968,0.20271,0.10923,0.017024,251,252,252,205,210,213,162,167,172,156,160,162,95,91,87,255,253,242,0.54367,0.54007,0.53724
1,3.6776e+05,0.21,13.96,195,800,0.17243,13.789,154.26,882.71,0.21015,0.13194,0.02144,0.19082,0.12682,0.018944,0.17822,0.1224,0.017024,254,253,253,233,228,221,165,169,173,177,174,171,97,96,95,255,251,235,0.52539,0.53605,0.53864
1,3.7078e+05,0.117,13.96,195,800,0.084368,13.748,-0.27577,751.58,0,0,0,0,0,0,0,0,0,255,255,253,231,229,221,170,171,173,147,154,158,76,78,83,226,222,210,0.52831,0.52648,0.52883
1,3.7088e+05,0.117,13.88,195,800,0.082246,13.665,185.38,892.4,0.19924,0.12956,0.018432,0.18404,0.12129,0.016128,0.15367,0.11833,0.01408,254,253,253,229,226,220,178,176,174,138,145,151,69,73,78,224,226,216,0.53485,0.53226,0.53146
1,3.7098e+05,0.117,13.8,195,800,0.084368,13.612,186.3,550.32,0.21811,0.13605,0.022912,0.21293,0.1265,0.020544,0.19853,0.12327,0.01888,254,253,252,200,204,207,175,182,180,140,143,145,63,70,75,195,201,196,0.52278,0.52551,0.52702
1,3.7108e+05,0.117,13.72,195,800,0.072697,13.512,186.13,829.31,0.29896,0.14658,0.033536,0.28802,0.13694,0.02976,0.27206,0.12648,0.026304,255,254,252,203,207,209,183,185,183,144,148,151,70,71,74,158,159,161,0.5311,0.53151,0.53088
1,3.7118e+05,0.117,13.64,195,800,0.079063,13.451,185.58,804.3,0.35919,0.19651,0.043456,0.32168,0.18816,0.035648,0.25418,0.16004,0.029056,255,254,253,219,216,212,179,183,183,145,150,155,69,72,75,138,142,145,0.5298,0.53254,0.53274
1,3.7128e+05,0.117,13.56,195,800,0.083307,13.375,185.79,845.69,0.25517,0.1367,0.026624,0.22202,0.13206,0.02272,0.20593,0.12501,0.020096,255,254,254,204,213,217,176,177,178,154,159,164,76,78,80,119,123,127,0.5213,0.52874,0.53153
1,3.7138e+05,0.117,13.48,195,800,0.070575,13.303,186.83,1033.3,0.3138,0.12835,0.029888,0.28448,0.12184,0.02528,0.25281,0.11615,0.021504,254,254,253,200,207,211,174,174,174,158,164,167,80,81,82,120,121,122,0.53486,0.53255,0.53081
1,3.7148e+05,0.117,13.4,195,800,0.079063,13.23,186.31,396.15,0.43396,0.11947,0.03712,0.38574,0.10795,0.028352,0.31219,0.10117,0.020352,247,251,252,194,196,198,159,165,168,156,164,168,81,82,86,118,118,116,0.53296,0.52714,0.52957
1,3.7158e+05,0.117,13.32,195,800,0.069514,13.147,185.89,762.11,0.32367,0.13196,0.03264,0.29262,0.12386,0.027392,0.26715,0.11914,0.024,253,252,252,182,187,191,166,165,166,159,163,168,91,92,94,110,109,108,0.52021,0.52962,0.52987
1,3.7168e+05,0.117,13.24,195,800,0.070575,13.061,187.01,803.84,0.31405,0.12291,0.0272,0.27151,0.11287,0.021568,0.22355,0.1107,0.018112,253,253,252,184,190,191,167,166,166,168,167,167,102,102,100,102,103,104,0.53359,0.53223,0.53142
1,3.7178e+05,0.117,13.16,195,800,0.079063,13.001,185.75,708.25,0.32337,0.1211,0.02976,0.28205,0.11195,0.02368,0.23747,0.10941,0.020032,253,254,253,200,198,197,169,167,165,163,164,164,132,116,104,93,95,99,0.51607,0.52631,0.53108
1,3.7188e+05,0.117,13.08,195,800,0.078002,12.924,187.76,671.83,0.19235,0.13267,0.019456,0.17531,0.12135,0.016576,0.16213,0.11773,0.014976,255,254,254,203,202,201,166,166,165,155,159,162,119,111,105,94,97,99,0.53616,0.53214,0.53261
1,3.7198e+05,0.117,13,195,800,0.074819,12.832,186.01,868.85,0.31931,0.1315,0.031104,0.28212,0.12234,0.026048,0.26787,0.11658,0.02304,255,255,255,225,217,211,168,165,164,164,161,158,105,104,101,103,103,102,0.52484,0.53159,0.53394
1,3.7208e+05,0.117,12.92,195,800,0.067392,12.758,187.45,666.29,0.32451,0.12697,0.030592,0.28737,0.11482,0.024448,0.25442,0.11105,0.020928,255,255,255,228,224,215,160,162,164,153,152,150,92,93,92,109,107,105,0.54714,0.53723,0.53358
1,3.7218e+05,0.117,12.84,195,800,0.085429,12.671,186.24,891.38,0.17842,0.13049,0.018048,0.15918,0.12882,0.016128,0.15322,0.11913,0.014336,255,255,254,227,217,213,159,163,165,137,141,143,73,79,86,106,105,103,0.54258,0.534,0.53547
1,3.7228e+05,0.117,12.76,195,800,0.079063,12.59,186.64,1133.6,0.28093,0.12965,0.027776,0.26775,0.12207,0.024768,0.25452,0.11657,0.022336,251,253,253,193,203,208,166,166,167,121,124,129,65,68,72,90,94,98,0.53746,0.53659,0.53671
1,3.7238e+05,0.117,12.68,195,800,0.05466,12.523,185.97,1083.3,0.25349,0.11311,0.02048,0.20977,0.10632,0.016576,0.19512,0.10318,0.014656,252,252,252,207,206,202,166,168,170,114,119,125,65,66,68,89,91,95,0.52903,0.53982,0.53881
1,3.7248e+05,0.117,12.6,195,800,0.080124,12.437,187.9,734.25,0.27423,0.14015,0.029376,0.25284,0.12977,0.02528,0.2392,0.12575,0.022912,251,250,250,194,190,190,178,178,177,117,118,120,58,59,61,92,91,94,0.55122,0.53903,0.53552
1,3.7258e+05,0.117,12.52,195,800,0.085429,12.357,186.93,715.41,0.23724,0.12031,0.02144,0.21149,0.11312,0.018176,0.20141,0.10457,0.016128,242,247,249,157,168,179,190,186,182,114,116,119,55,54,53,99,97,96,0.52995,0.53374,0.5358
1,3.7268e+05,0.117,12.44,195,800,0.084368,12.287,186.8,945.96,0.27673,0.12797,0.026752,0.24816,0.12351,0.023168,0.2209,0.11817,0.019712,247,249,250,173,175,181,193,187,183,114,116,119,50,50,51,100,97,95,0.54121,0.54192,0.54006
1,3.7278e+05,0.117,12.36,195,800,0.089673,12.195,185.83,1105.1,0.21844,0.12344,0.020416,0.20137,0.11641,0.017664,0.17974,0.11469,0.015616,253,253,251,207,204,199,194,185,181,118,121,122,47,46,48,88,89,91,0.53338,0.53698,0.53882
1,3.7288e+05,0.117,12.28,195,800,0.063148,12.14,186.71,944.11,0.29844,0.13094,0.029952,0.27494,0.12382,0.025728,0.25923,0.11657,0.023168,253,252,251,228,212,205,184,182,180,121,122,125,46,46,49,86,85,88,0.53839,0.54168,0.54044
1,3.7298e+05,0.117,12.2,195,800,0.072697,12.039,185.58,875.02,0.25842,0.11884,0.020736,0.19318,0.11225,0.01632,0.17654,0.11084,0.014912,250,249,248,212,205,201,177,177,180,131,134,136,51,52,55,80,83,85,0.53977,0.53946,0.53852
1,3.7308e+05,0.117,12.12,195,800,0.081185,11.966,184.59,707.81,0.31279,0.12524,0.027072,0.27673,0.11766,0.02272,0.25091,0.11469,0.020096,247,246,246,177,183,192,183,182,181,155,154,154,80,75,70,95,90,88,0.53448,0.53916,0.54082
1,3.7318e+05,0.117,12.04,195,800,0.07588,11.887,186.63,1139.1,0.30723,0.13194,0.030848,0.26749,0.12322,0.024768,0.23189,0.1181,0.020992,248,246,246,180,184,193,186,183,181,163,163,162,98,86,76,96,91,88,0.5437,0.54222,0.53981
1,3.7328e+05,0.117,11.96,195,800,0.073758,11.801,186.95,1174.8,0.27694,0.12502,0.02592,0.24088,0.12236,0.0224,0.21844,0.11904,0.0192,249,247,247,217,214,212,180,179,179,167,167,163,90,86,81,83,86,89,0.55859,0.54573,0.53988
1,3.7338e+05,0.117,11.88,195,800,0.068453,11.729,186.8,1011.2,0.30439,0.12125,0.025472,0.22756,0.11783,0.019712,0.20156,0.11547,0.017152,247,248,248,235,227,221,180,179,179,159,159,159,79,80,78,86,87,90,0.54545,0.5466,0.544
1,3.7348e+05,0.117,11.8,195,800,0.072697,11.67,186.99,672.86,0.23722,0.12577,0.022144,0.20366,0.12,0.018368,0.18269,0.11602,0.015872,251,250,249,234,229,225,187,181,179,145,144,146,74,71,72,98,96,94,0.55812,0.55128,0.54929
1,3.7358e+05,0.117,11.72,195,800,0.080124,11.571,185.1,702.26,0.23707,0.13168,0.023808,0.21084,0.12339,0.020096,0.193,0.11761,0.017728,249,249,250,217,217,216,183,180,178,141,139,137,63,65,67,100,103,104,0.55681,0.55292,0.54979
1,3.7368e+05,0.117,11.64,195,800,0.074819,11.504,186.88,641.83,0.2284,0.12577,0.021952,0.20304,0.1221,0.019136,0.18634,0.1163,0.016832,250,249,250,214,210,209,186,180,177,133,134,132,60,62,64,113,111,110,0.5474,0.55325,0.55142
1,3.7378e+05,0.117,11.56,195,800,0.071636,11.4,183.95,923.52,0.23899,0.14023,0.025152,0.2247,0.1311,0.021952,0.20336,0.12811,0.019648,253,252,251,195,197,199,176,176,175,122,121,123,56,57,59,132,128,126,0.54935,0.54924,0.55028
1,3.7388e+05,0.117,11.48,195,800,0.076941,11.337,186.1,984.4,0.28355,0.13016,0.027904,0.24901,0.12178,0.023296,0.22741,0.11474,0.019776,253,251,251,194,194,195,174,175,175,115,117,119,53,54,57,131,135,139,0.56076,0.55942,0.554
1,3.7398e+05,0.117,11.4,195,800,0.07588,11.254,187.25,769.95,0.25785,0.12617,0.02432,0.22719,0.12338,0.020928,0.20411,0.11636,0.017856,250,249,250,197,195,193,179,177,175,112,114,115,59,56,56,170,172,175,0.55011,0.55154,0.55373
1,3.7408e+05,0.117,11.32,195,800,0.061026,11.185,186.81,804.36,0.28665,0.12499,0.027136,0.2496,0.12032,0.022592,0.22523,0.11423,0.019712,243,245,248,202,197,193,180,179,177,117,117,119,55,56,57,237,228,215,0.56086,0.55837,0.55819
1,3.7418e+05,0.117,11.24,195,800,0.07588,11.094,185.58,782.55,0.21658,0.1337,0.02208,0.19594,0.12726,0.019328,0.18704,0.12267,0.017408,241,244,247,197,194,193,179,179,178,120,122,127,59,59,60,252,239,221,0.55483,0.55882,0.56243
1,3.7428e+05,0.117,11.16,195,800,0.088612,11.006,186.55,998.71,0.26891,0.12628,0.024768,0.24728,0.12201,0.021504,0.22026,0.11405,0.018816,248,247,246,180,186,190,183,183,181,157,160,164,69,72,78,194,198,198,0.5718,0.56754,0.56844
1,3.7438e+05,0.117,11.08,195,800,0.076941,10.955,185.01,817.82,0.23423,0.1315,0.022592,0.20716,0.1279,0.019712,0.19179,0.12199,0.017472,246,245,245,183,184,187,193,186,181,193,190,187,80,86,97,161,168,178,0.58774,0.58564,0.58388
1,3.7448e+05,0.117,11,195,800,0.074819,10.879,152.96,666.07,0.32252,0.13055,0.031744,0.29399,0.12216,0.027072,0.26819,0.11748,0.024064,232,236,241,171,176,182,176,181,180,229,228,224,121,124,131,139,142,149,0.51778,0.51996,0.5224
1,3.775e+05,0.024,11,195,800,-0.015366,10.916,0.40617,787.61,0,0,0,0,0,0,0,0,0,239,241,242,191,192,189,178,179,179,248,241,232,214,173,147,160,158,159,0.50174,0.50778,0.51263
1,3.776e+05,0.024,11.08,195,800,-0.018549,11.007,186.37,885.89,0.22075,0.18405,0.021376,0.20255,0.16231,0.018688,0.19243,0.15096,0.016064,248,247,246,192,188,186,175,178,179,198,195,192,98,101,104,181,178,180,0.5835,0.58385,0.58209
1,3.777e+05,0.024,11.16,195,800,0.007976,11.049,186.36,732.75,0.41627,0.11864,0.029888,0.21511,0.11517,0.018368,0.19661,0.11159,0.016384,245,247,247,174,182,187,168,175,179,156,161,167,68,73,81,197,196,195,0.57379,0.57042,0.57043
1,3.778e+05,0.024,11.24,195,800,-0.038708,11.152,185.95,994.49,0.26535,0.12886,0.026112,0.23728,0.12158,0.022464,0.21787,0.1151,0.019456,250,248,248,195,194,193,179,176,176,118,122,128,59,59,62,224,222,216,0.56137,0.56407,0.56375
1,3.779e+05,0.024,11.32,195,800,-0.011122,11.204,187.66,641.22,0.35386,0.12661,0.031872,0.28059,0.12092,0.0256,0.26354,0.11406,0.022528,251,249,249,211,203,197,180,177,176,119,118,120,61,60,61,217,217,212,0.56392,0.56069,0.55992
1,3.78e+05,0.024,11.4,195,800,-0.011122,11.278,185.33,618.05,0.36923,0.1212,0.031232,0.30029,0.11729,0.024768,0.23696,0.11113,0.019008,253,252,252,201,201,199,170,174,176,123,121,120,62,62,62,171,175,178,0.54816,0.55644,0.55813
1,3.781e+05,0.024,11.48,195,800,-0.002634,11.368,187.8,430.16,0.31676,0.11661,0.02688,0.23613,0.11196,0.01952,0.1847,0.10774,0.015296,254,253,253,194,194,195,179,179,177,128,126,126,62,62,65,128,132,139,0.55629,0.55258,0.55319
1,3.782e+05,0.024,11.56,195,800,-0.012183,11.438,187.01,927.06,0.29439,0.14516,0.031296,0.2662,0.12763,0.025664,0.25171,0.11835,0.022976,253,253,253,191,194,198,187,180,176,129,129,130,63,66,67,114,119,124,0.54681,0.5501,0.55021
1,3.783e+05,0.024,11.64,195,800,-0.025976,11.533,187.34,1241.4,0.26165,0.12546,0.024256,0.22765,0.11984,0.020416,0.20546,0.11151,0.017472,251,251,252,210,211,210,165,173,176,139,139,138,87,77,70,98,101,105,0.54669,0.54886,0.55037
1,3.784e+05,0.024,11.72,195,800,-0.006878,11.603,186.44,769.86,0.30968,0.13461,0.03104,0.28445,0.12351,0.026624,0.26882,0.11828,0.023872,247,250,252,223,220,218,173,173,176,145,142,141,77,74,70,91,96,99,0.54335,0.55261,0.55065
1,3.785e+05,0.024,11.8,195,800,-0.012183,11.672,186.91,745.97,0.31293,0.12889,0.03104,0.27236,0.1222,0.025728,0.25222,0.11437,0.022336,251,251,250,230,227,223,179,177,178,142,142,147,61,65,68,93,92,90,0.54978,0.54606,0.54621
1,3.786e+05,0.024,11.88,195,800,-0.013244,11.756,187.33,763.16,0.30861,0.13154,0.030656,0.28495,0.11968,0.025664,0.26074,0.11628,0.022976,246,248,249,203,212,215,181,180,180,162,159,158,75,74,74,83,85,86,0.5364,0.54413,0.54407
1,3.787e+05,0.024,11.96,195,800,-0.021732,11.836,187.17,696.95,0.30359,0.12954,0.0288,0.2568,0.11928,0.02304,0.23655,0.11521,0.019456,247,247,247,201,206,209,184,183,180,183,170,161,76,78,78,79,82,86,0.53561,0.53906,0.54138
1,3.788e+05,0.024,12.04,195,800,-0.021732,11.91,186.25,861.84,0.29034,0.1228,0.02464,0.22583,0.12017,0.01984,0.19991,0.11354,0.017088,243,246,247,202,200,199,192,187,182,159,160,159,78,79,77,84,85,86,0.53217,0.53859,0.53946
1,3.789e+05,0.024,12.12,195,800,-0.012183,11.989,187.62,555.71,0.31361,0.11996,0.027776,0.27374,0.11184,0.02272,0.24213,0.10537,0.018944,242,246,247,198,196,199,189,186,182,146,150,152,70,72,72,83,86,86,0.53759,0.54023,0.54095
1,3.79e+05,0.024,12.2,195,800,0.006915,12.054,187.29,876.54,0.32213,0.12701,0.030272,0.29763,0.12028,0.026816,0.27757,0.11455,0.023552,248,250,250,192,202,205,178,184,183,141,138,138,57,57,59,82,81,84,0.54295,0.53894,0.53806
1,3.791e+05,0.024,12.28,195,800,-0.012183,12.143,186.64,886.97,0.30614,0.11631,0.025792,0.2537,0.11292,0.020736,0.22139,0.10895,0.017536,255,253,251,197,205,204,180,186,185,130,131,129,50,54,55,83,85,87,0.55021,0.54161,0.53894
1,3.792e+05,0.024,12.36,195,800,-0.002634,12.224,187.4,750.14,0.30347,0.11673,0.026176,0.27097,0.1122,0.022016,0.25179,0.10429,0.019136,253,252,251,197,198,199,181,186,187,139,131,126,53,55,54,93,92,92,0.54578,0.5439,0.54077
1,3.793e+05,0.024,12.44,195,800,-0.015366,12.314,185.91,800.38,0.24019,0.11896,0.021568,0.20585,0.11432,0.017664,0.18446,0.11236,0.015744,248,248,248,189,184,185,181,185,184,120,122,122,50,54,56,103,103,100,0.54233,0.53873,0.53507
1,3.794e+05,0.024,12.52,195,800,-0.014305,12.385,184.89,882.39,0.28783,0.11023,0.02272,0.23284,0.10692,0.017536,0.19047,0.10487,0.015104,249,248,248,182,181,184,181,182,182,118,119,120,55,55,56,104,103,101,0.53681,0.53501,0.53576
1,3.795e+05,0.024,12.6,195,800,-0.013244,12.454,185.99,533.84,0.22575,0.11755,0.0192,0.19971,0.10934,0.01568,0.18201,0.10385,0.013824,254,253,251,190,193,193,178,175,174,116,119,122,55,56,57,96,98,99,0.55059,0.53965,0.53776
1,3.796e+05,0.024,12.68,195,800,-0.002634,12.535,186.68,831.02,0.28491,0.14028,0.029504,0.26494,0.13123,0.025856,0.24746,0.12391,0.023104,254,254,253,206,205,203,168,170,171,132,130,127,58,58,58,99,98,98,0.53545,0.53681,0.53609
1,3.797e+05,0.024,12.76,195,800,-0.012183,12.615,186.39,665.3,0.35357,0.12544,0.031424,0.28831,0.1189,0.024832,0.25119,0.115,0.021376,253,253,254,202,204,207,174,172,170,134,133,130,60,59,61,104,102,100,0.53404,0.53477,0.53711
1,3.798e+05,0.024,12.84,195,800,-0.024915,12.71,186.21,983.63,0.26961,0.1236,0.02464,0.24269,0.11966,0.021568,0.22828,0.10968,0.018624,255,255,254,212,212,210,180,175,170,134,135,137,70,76,79,115,109,106,0.52249,0.53421,0.5364
1,3.799e+05,0.024,12.92,195,800,-0.015366,12.778,186.12,673.46,0.26486,0.13611,0.027776,0.25166,0.12558,0.024576,0.23463,0.11449,0.020992,255,255,254,219,215,213,172,171,169,139,139,139,104,99,89,109,110,108,0.54512,0.53465,0.53338
1,3.8e+05,0.024,13,195,800,-0.014305,12.85,186.29,1173.4,0.31133,0.1259,0.028608,0.26734,0.12231,0.02432,0.23465,0.11749,0.020992,254,255,254,202,206,210,162,165,168,144,143,142,123,113,101,109,108,107,0.53133,0.52885,0.531
1,3.801e+05,0.024,13.08,195,800,-0.012183,12.937,186.73,458.59,0.2835,0.13264,0.027136,0.24761,0.12461,0.022976,0.223,0.12106,0.02016,254,253,253,188,194,201,165,168,170,131,139,146,86,93,101,103,103,103,0.53523,0.53344,0.5337
1,3.802e+05,0.024,13.16,195,800,-0.020671,13.024,185.82,832.73,0.25411,0.11637,0.019712,0.15103,0.11605,0.013696,0.14128,0.1107,0.012224,250,252,252,189,191,194,167,168,169,141,145,149,92,95,97,100,100,102,0.52961,0.53393,0.53263
1,3.803e+05,0.024,13.24,195,800,-0.012183,13.108,187.09,702,0.2561,0.15242,0.02624,0.23277,0.13853,0.022528,0.2174,0.12694,0.019904,254,253,252,179,181,186,157,161,166,160,156,152,87,89,91,103,103,103,0.51952,0.52604,0.52958
1,3.804e+05,0.024,13.32,195,800,-0.011122,13.166,187.5,787.9,0.2582,0.13319,0.025792,0.23726,0.1215,0.021696,0.20564,0.11907,0.018752,254,254,253,174,182,190,157,160,165,153,151,151,75,80,85,107,106,105,0.52906,0.52983,0.53015
1,3.805e+05,0.024,13.4,195,800,-0.010061,13.24,186.44,670.96,0.26453,0.12523,0.024,0.23463,0.1173,0.019712,0.20613,0.1133,0.017472,255,254,253,221,212,203,171,168,167,144,144,146,70,72,76,113,112,110,0.54076,0.532,0.52986
1,3.806e+05,0.024,13.48,195,800,-0.013244,13.341,186.52,693.67,0.22543,0.13446,0.022656,0.20806,0.12444,0.019392,0.18814,0.12106,0.0176,255,255,254,235,225,214,174,174,174,148,145,144,66,69,72,117,114,111,0.51402,0.52672,0.52729
1,3.807e+05,0.024,13.56,195,800,0.006915,13.403,186.35,755.54,0.24386,0.12747,0.020608,0.18172,0.12009,0.016832,0.16735,0.12016,0.015616,255,254,254,223,219,214,176,177,178,141,142,144,62,65,70,112,112,112,0.52947,0.53331,0.52989
1,3.808e+05,0.024,13.64,195,800,-0.025976,13.513,186.31,688.29,0.25558,0.11878,0.02272,0.22032,0.11384,0.019392,0.20424,0.1058,0.01664,251,252,253,210,207,205,188,185,184,140,140,141,65,68,72,113,116,120,0.52315,0.52306,0.52824
1,3.809e+05,0.024,13.72,195,800,-0.010061,13.566,187.36,931.66,0.3026,0.11417,0.023168,0.24098,0.10974,0.018176,0.20554,0.10508,0.015232,251,252,253,200,201,203,187,187,185,142,141,140,73,73,73,126,126,129,0.54422,0.52824,0.52694
1,3.81e+05,0.024,13.8,195,800,-0.012183,13.665,185.79,926.27,0.29417,0.13693,0.030144,0.26311,0.12973,0.025728,0.24912,0.12557,0.023552,253,252,253,211,207,208,187,183,181,139,138,138,78,76,75,156,156,155,0.5391,0.52959,0.52891
1,3.811e+05,0.024,13.88,195,800,0.000549,13.697,187.06,494.44,0.3827,0.11662,0.030976,0.32645,0.10778,0.024,0.25213,0.10692,0.018944,252,253,253,231,229,221,180,177,175,138,138,141,70,71,73,191,182,169,0.51156,0.52389,0.52526
1,3.812e+05,0.024,13.96,195,800,-0.011122,13.808,153.29,699.23,0.30893,0.11587,0.02592,0.2634,0.11119,0.02144,0.23348,0.10181,0.018048,254,253,253,239,228,220,174,173,172,148,145,143,67,70,73,182,175,165,0.52918,0.52795,0.52686
1,3.8696e+05,-0.069,16,195,800,-0.096001,15.761,-0.40488,857.42,0,0,0,0,0,0,0,0,0,248,244,241,183,173,163,204,198,192,255,255,255,140,138,133,183,180,178,0.55371,0.54501,0.52694
1,3.8706e+05,-0.069,15.92,195,800,-0.093879,15.692,185.77,1099.4,0.26174,0.10988,0.017472,0.20615,0.10562,0.014528,0.17152,0.10259,0.012736,240,239,238,148,151,156,190,188,187,255,255,255,128,127,125,163,165,165,0.57757,0.58013,0.57863
1,3.8716e+05,-0.069,15.84,195,800,-0.10873,15.631,185.55,932.01,0.19359,0.11112,0.01664,0.1829,0.10717,0.01504,0.17057,0.10235,0.013504,239,237,236,148,152,158,187,185,185,255,255,255,116,117,119,150,155,159,0.57425,0.57133,0.56924
1,3.8726e+05,-0.069,15.76,195,800,-0.11085,15.551,185.25,568.69,0.25529,0.12766,0.025344,0.24062,0.12127,0.02272,0.2298,0.11692,0.020864,239,237,236,183,179,176,196,189,184,255,255,254,104,106,109,162,157,152,0.55976,0.55947,0.55947
1,3.8736e+05,-0.069,15.68,195,800,-0.10979,15.487,186.92,950.06,0.34185,0.11452,0.026624,0.26508,0.11054,0.021184,0.22617,0.10784,0.018496,240,238,235,195,189,183,194,188,184,255,254,252,103,104,106,170,161,151,0.54748,0.55396,0.55366
1,3.8746e+05,-0.069,15.6,195,800,-0.11085,15.398,185.93,763.53,0.28738,0.12203,0.025344,0.25679,0.11741,0.021888,0.22555,0.11265,0.019264,235,233,232,175,178,182,180,182,184,248,244,241,95,97,99,156,151,147,0.54964,0.54912,0.54817
1,3.8756e+05,-0.069,15.52,195,800,-0.091757,15.334,186.48,982.36,0.28825,0.11654,0.025408,0.2593,0.11282,0.022144,0.24693,0.10419,0.019904,233,233,233,171,175,183,180,183,185,219,219,220,91,94,97,143,142,140,0.54847,0.54685,0.54466
1,3.8766e+05,-0.069,15.44,195,800,-0.11298,15.245,185.75,830.14,0.27175,0.11641,0.022976,0.23365,0.11029,0.01952,0.20978,0.10758,0.017152,244,239,236,188,189,188,187,185,184,206,207,208,101,98,96,144,139,135,0.53951,0.54171,0.54044
1,3.8776e+05,-0.069,15.36,195,800,-0.10873,15.17,186.75,892.98,0.27662,0.11668,0.023936,0.25117,0.11165,0.020736,0.23524,0.10471,0.018432,248,246,242,225,214,203,180,180,180,185,186,185,95,96,97,123,128,131,0.53881,0.53529,0.53578
1,3.8786e+05,-0.069,15.28,195,800,-0.10661,15.098,186.4,1106,0.27035,0.11593,0.023552,0.24201,0.11177,0.020352,0.22458,0.105,0.017984,249,246,245,222,215,207,174,174,176,177,175,173,90,91,94,126,127,128,0.54046,0.53597,0.53684
1,3.8796e+05,-0.069,15.2,195,800,-0.10131,15.005,186.33,1064.5,0.27386,0.11992,0.025024,0.24955,0.11604,0.021888,0.23623,0.10656,0.019456,251,250,248,216,210,209,164,170,173,150,149,149,77,79,84,130,131,128,0.5357,0.53747,0.53598
1,3.8806e+05,-0.069,15.12,195,800,-0.10025,14.933,186.07,922.72,0.3132,0.11798,0.027008,0.28202,0.10988,0.023168,0.25746,0.10749,0.02048,247,249,249,209,212,212,182,176,172,122,126,130,79,78,78,133,132,132,0.53691,0.53676,0.53384
1,3.8816e+05,-0.069,15.04,195,800,-0.11192,14.864,187.85,1014.6,0.29219,0.11655,0.025472,0.27351,0.11229,0.022784,0.25445,0.10385,0.019904,245,247,249,217,214,211,177,175,174,117,120,123,87,80,75,131,133,134,0.52354,0.53218,0.53135
1,3.8826e+05,-0.069,14.96,195,800,-0.11085,14.782,186.36,718.77,0.31318,0.11956,0.028096,0.29281,0.11367,0.024768,0.27884,0.10679,0.022272,250,247,247,204,203,202,181,179,178,110,112,117,67,69,70,139,139,139,0.53569,0.52988,0.53179
1,3.8836e+05,-0.069,14.88,195,800,-0.10131,14.685,186.69,1069.5,0.28608,0.12313,0.02656,0.27524,0.11526,0.023744,0.26536,0.10864,0.021504,246,247,248,194,195,197,185,182,179,110,113,117,61,63,67,146,144,141,0.53869,0.53164,0.53261
1,3.8846e+05,-0.069,14.8,195,800,-0.10661,14.621,185.81,651.37,0.3056,0.11649,0.026624,0.27681,0.11371,0.02368,0.25624,0.11055,0.021312,248,248,248,197,193,191,175,177,178,127,125,123,64,65,68,157,147,138,0.53473,0.53204,0.53296
1,3.8856e+05,-0.069,14.72,195,800,-0.10449,14.556,187,720.68,0.24568,0.11419,0.020992,0.22753,0.10658,0.01824,0.20936,0.10384,0.016704,251,248,246,185,190,190,169,172,172,131,128,126,64,70,72,126,131,131,0.53777,0.53421,0.53179
1,3.8866e+05,-0.069,14.64,195,800,-0.10767,14.456,187.1,874.3,0.29043,0.11803,0.0256,0.26238,0.11362,0.022144,0.23587,0.10954,0.019456,244,244,244,184,185,190,170,169,170,122,123,124,69,69,72,125,126,127,0.5431,0.53374,0.5319
1,3.8876e+05,-0.069,14.56,195,800,-0.10237,14.371,186.99,777.34,0.28035,0.12184,0.025472,0.25966,0.11515,0.022528,0.24248,0.11188,0.020288,241,240,241,189,192,192,162,165,169,116,115,117,64,65,67,127,127,126,0.53111,0.52997,0.531
1,3.8886e+05,-0.069,14.48,195,800,-0.093879,14.3,186.54,833.85,0.30081,0.11879,0.02656,0.27703,0.11209,0.02304,0.26003,0.10632,0.020352,239,239,239,204,197,189,168,168,170,112,113,115,62,62,64,134,130,126,0.52872,0.52875,0.52876
1,3.8896e+05,-0.069,14.4,195,800,-0.11722,14.237,187.15,1007.8,0.31167,0.11748,0.026688,0.26768,0.10906,0.022016,0.23722,0.10734,0.019328,230,232,234,177,183,189,176,176,175,113,115,118,58,61,63,128,128,125,0.52713,0.53107,0.53051
1,3.8906e+05,-0.069,14.32,195,800,-0.11828,14.156,186.76,839.44,0.29574,0.12632,0.027584,0.26964,0.11974,0.023808,0.24985,0.11402,0.020928,228,232,235,197,194,189,178,177,176,123,125,127,64,65,67,123,123,121,0.52719,0.53068,0.5328
1,3.8916e+05,-0.069,14.24,195,800,-0.10767,14.082,187.97,596.97,0.27521,0.12538,0.026432,0.25609,0.11845,0.02304,0.23758,0.11475,0.020736,232,237,239,208,199,191,174,176,175,131,131,131,68,68,68,127,122,117,0.53158,0.53169,0.53213
1,3.8926e+05,-0.069,14.16,195,800,-0.10343,13.981,186.19,884.39,0.25937,0.121,0.023808,0.23657,0.11593,0.020928,0.2215,0.10984,0.018688,254,250,248,180,186,194,170,171,171,136,138,139,69,71,71,108,110,113,0.52561,0.5354,0.5332
1,3.8936e+05,-0.069,14.08,195,800,-0.10979,13.905,186.64,911.81,0.29475,0.13094,0.028096,0.26787,0.12298,0.024704,0.25478,0.11719,0.021888,254,252,251,182,188,197,161,168,170,139,140,143,70,71,72,102,108,115,0.52518,0.52981,0.52879
1,3.8946e+05,-0.069,14,195,800,-0.10555,13.824,186.08,1094.5,0.30411,0.12558,0.028032,0.278,0.1185,0.024256,0.2599,0.11404,0.021248,252,253,253,223,219,214,175,170,169,149,145,143,69,71,72,129,132,133,0.52257,0.5301,0.53044
1,3.8956e+05,-0.069,13.92,195,800,-0.091757,13.741,187.54,672.39,0.30961,0.1188,0.026624,0.26896,0.11453,0.02272,0.24406,0.11185,0.019904,250,253,253,214,225,220,169,173,175,132,137,140,69,72,74,164,155,146,0.52529,0.52802,0.52744
1,3.8966e+05,-0.069,13.84,195,800,-0.10873,13.674,186.34,793.53,0.31821,0.13067,0.0304,0.28058,0.12391,0.026304,0.25358,0.12121,0.02368,253,252,253,211,213,214,173,176,179,135,135,138,75,75,77,157,149,144,0.52729,0.53597,0.53214
1,3.8976e+05,-0.069,13.76,195,800,-0.093879,13.585,186.71,766.28,0.28182,0.12522,0.027072,0.26061,0.11857,0.02336,0.24101,0.11135,0.020736,251,251,252,192,198,203,180,185,186,137,137,137,91,85,79,117,121,125,0.52041,0.52671,0.5292
1,3.8986e+05,-0.069,13.68,195,800,-0.11616,13.526,186.97,893.73,0.36499,0.12353,0.033216,0.32779,0.11535,0.027584,0.29407,0.10889,0.02304,251,251,252,206,200,199,183,188,187,138,138,139,85,81,77,112,112,115,0.54272,0.52769,0.52713
1,3.8996e+05,-0.069,13.6,195,800,-0.090696,13.414,187.68,1113.7,0.32165,0.13305,0.032832,0.2992,0.12253,0.027776,0.27339,0.11716,0.02432,254,254,253,200,206,205,188,185,182,137,139,140,60,65,71,103,104,106,0.52418,0.52785,0.5299
1,3.9006e+05,-0.069,13.52,195,800,-0.11192,13.356,186.77,704.95,0.34977,0.12579,0.02976,0.26423,0.11704,0.02208,0.20133,0.11806,0.018112,255,255,254,230,222,212,168,173,175,142,140,141,71,71,71,105,105,104,0.5321,0.53416,0.53309
1,3.9016e+05,-0.069,13.44,195,800,-0.10025,13.282,187.62,835.14,0.29541,0.126,0.02752,0.27618,0.11589,0.023808,0.24782,0.11094,0.02048,255,255,254,238,224,210,171,171,171,141,140,140,76,74,72,106,106,105,0.52055,0.52957,0.53189
1,3.9026e+05,-0.069,13.36,195,800,-0.10555,13.194,186.16,871.83,0.37714,0.12704,0.035648,0.35273,0.11729,0.03072,0.3279,0.11432,0.02752,253,254,253,189,193,197,161,164,166,137,141,144,67,72,78,105,106,104,0.53992,0.53481,0.53206
1,3.9036e+05,-0.069,13.28,195,800,-0.10237,13.11,184.62,875.88,0.28434,0.11852,0.02528,0.2557,0.11297,0.02176,0.23127,0.10571,0.018496,254,253,252,169,181,190,159,162,166,147,146,146,74,79,83,106,104,103,0.53152,0.52938,0.53113
1,3.9046e+05,-0.069,13.2,195,800,-0.092818,13.021,186.32,918.17,0.25005,0.12469,0.023808,0.2427,0.11175,0.02048,0.22864,0.1085,0.018752,249,251,251,187,187,189,169,170,171,153,150,146,97,95,92,103,103,102,0.51918,0.53122,0.53114
1,3.9056e+05,-0.069,13.12,195,800,-0.099184,12.968,186.12,702.68,0.2638,0.14281,0.027136,0.22066,0.13554,0.02208,0.19634,0.12675,0.018816,251,252,253,196,198,202,176,175,173,131,136,140,79,87,96,104,106,106,0.53586,0.53341,0.53267
1,3.9066e+05,-0.069,13.04,195,800,-0.099184,12.877,186.12,856.11,0.25528,0.1269,0.023808,0.22235,0.12204,0.020352,0.20508,0.11663,0.01792,254,253,253,201,204,206,171,171,172,132,133,137,84,91,97,108,109,108,0.53234,0.53105,0.53201
1,3.9076e+05,-0.069,12.96,195,800,-0.093879,12.778,187.29,802.3,0.36074,0.11478,0.02784,0.28649,0.1116,0.021888,0.2339,0.10688,0.017728,255,255,254,211,210,211,168,168,168,134,135,135,116,104,90,114,112,110,0.541,0.54208,0.5374
1,3.9086e+05,-0.069,12.88,195,800,-0.091757,12.714,186.58,835.97,0.34183,0.11576,0.02752,0.26593,0.10925,0.021504,0.22527,0.10703,0.018112,255,255,254,212,210,210,174,170,168,133,134,135,92,90,84,108,109,109,0.52304,0.5317,0.53454
1,3.9096e+05,-0.069,12.8,195,800,-0.10025,12.633,186.17,893.05,0.19759,0.12352,0.018432,0.17961,0.1139,0.015616,0.15928,0.11186,0.013824,255,254,254,205,206,207,175,172,169,135,134,134,58,61,65,107,105,102,0.52997,0.53616,0.53649
1,3.9106e+05,-0.069,12.72,195,800,-0.085391,12.562,184.44,1246.4,0.29919,0.1297,0.027264,0.26166,0.11908,0.021952,0.23216,0.11198,0.018432,255,254,253,210,206,203,165,168,171,142,135,130,57,56,56,102,100,99,0.5391,0.54079,0.53908
1,3.9116e+05,-0.069,12.64,195,800,-0.11085,12.496,186.65,908.91,0.28431,0.13556,0.0272,0.25867,0.1272,0.023488,0.23765,0.12226,0.020672,255,254,253,207,203,200,168,170,172,131,129,128,54,54,57,98,99,99,0.52917,0.53447,0.53728
1,3.9126e+05,-0.069,12.56,195,800,-0.11085,12.419,185.83,843.68,0.29505,0.14285,0.027968,0.26403,0.12838,0.023616,0.24919,0.11939,0.020288,252,250,249,189,189,192,171,174,176,122,121,122,54,56,57,104,103,101,0.53695,0.54083,0.53723
1,3.9136e+05,-0.069,12.48,195,800,-0.11404,12.337,185.01,693.18,0.29699,0.14069,0.031168,0.27331,0.1335,0.027072,0.26077,0.12386,0.024064,248,248,248,184,185,189,173,177,179,126,122,122,55,57,58,106,105,102,0.54732,0.54097,0.54074
1,3.9146e+05,-0.069,12.4,195,800,-0.098123,12.234,186.7,990.37,0.29258,0.12221,0.025216,0.23256,0.11681,0.019712,0.19547,0.11352,0.01664,249,248,248,187,188,191,189,183,182,129,127,125,64,61,60,103,100,97,0.52683,0.53774,0.53934
1,3.9156e+05,-0.069,12.32,195,800,-0.099184,12.168,186.47,1036.5,0.27155,0.12298,0.022976,0.20312,0.11805,0.017856,0.17857,0.11257,0.015424,255,253,251,203,203,201,187,185,184,138,132,131,65,60,57,83,85,88,0.53708,0.53673,0.54009
1,3.9166e+05,-0.069,12.24,195,800,-0.10237,12.079,186.13,764.54,0.27228,0.11192,0.02272,0.23925,0.10644,0.019008,0.21288,0.099846,0.016064,255,252,251,221,208,205,194,186,183,134,136,135,55,57,58,74,80,84,0.55162,0.54016,0.53972
1,3.9176e+05,-0.069,12.16,195,800,-0.10449,12.022,185.01,960.82,0.29572,0.1256,0.027584,0.26404,0.11773,0.023424,0.25043,0.11105,0.020736,249,248,249,193,202,207,186,182,182,149,146,145,61,62,65,82,83,84,0.53557,0.54097,0.53908
1,3.9186e+05,-0.069,12.08,195,800,-0.10343,11.929,186.52,868.58,0.26845,0.13469,0.027584,0.24342,0.12764,0.023424,0.22353,0.1194,0.020288,249,247,247,196,201,205,186,182,181,151,151,154,66,69,70,88,87,85,0.5478,0.54369,0.53981
1,3.9196e+05,-0.069,12,195,800,-0.10025,11.851,186.45,756.34,0.30585,0.12335,0.02784,0.27343,0.11482,0.022848,0.23572,0.11136,0.01984,247,245,246,209,204,205,180,180,181,168,167,164,81,78,76,85,85,85,0.54068,0.54489,0.54191
1,3.9206e+05,-0.069,11.92,195,800,-0.099184,11.772,187.05,905.91,0.28673,0.12408,0.025728,0.25203,0.11897,0.021632,0.23005,0.11096,0.018944,247,247,248,208,210,212,184,179,179,157,158,161,70,70,71,85,84,84,0.55745,0.54929,0.54443
1,3.9216e+05,-0.069,11.84,195,800,-0.10449,11.68,187.75,1100.9,0.27512,0.1371,0.025856,0.24677,0.12734,0.021888,0.20767,0.12732,0.018496,251,250,250,220,216,217,175,178,178,143,149,156,65,65,67,87,86,86,0.55473,0.54743,0.54666
1,3.9226e+05,-0.069,11.76,195,800,-0.10237,11.621,185.95,1021.6,0.34199,0.1262,0.030592,0.28576,0.11807,0.023616,0.23873,0.11357,0.019136,255,253,252,221,225,223,175,175,174,140,144,146,65,67,70,86,89,92,0.55184,0.54963,0.54985
1,3.9236e+05,-0.069,11.68,195,800,-0.10555,11.545,185.45,917.63,0.27344,0.12547,0.025216,0.23873,0.11759,0.021248,0.20899,0.11506,0.018176,253,253,253,226,222,219,177,171,173,142,143,145,81,76,72,91,93,97,0.54087,0.54844,0.54823
1,3.9246e+05,-0.069,11.6,195,800,-0.10449,11.464,186.56,1034,0.2827,0.11559,0.024256,0.25598,0.11214,0.02144,0.23841,0.10164,0.018304,253,253,253,202,200,202,175,173,174,136,137,138,77,76,74,105,107,111,0.54553,0.55379,0.55344
1,3.9256e+05,-0.069,11.52,195,800,-0.10767,11.37,185.71,1064.1,0.27621,0.1128,0.022464,0.2375,0.11113,0.01952,0.21743,0.10547,0.016832,255,254,254,187,190,194,176,178,176,133,131,129,64,67,71,128,133,140,0.55481,0.55399,0.55263
1,3.9266e+05,-0.069,11.44,195,800,-0.10131,11.289,186.11,1041.7,0.28123,0.12098,0.025664,0.25319,0.11551,0.022144,0.23118,0.11166,0.019456,255,254,253,197,195,195,172,175,176,127,126,124,69,68,68,150,155,161,0.56061,0.5574,0.55476
1,3.9276e+05,-0.069,11.36,195,800,-0.11722,11.233,186.48,463.05,0.26393,0.12115,0.023808,0.23872,0.11481,0.020224,0.21757,0.11196,0.018112,253,253,252,198,201,200,175,174,174,118,118,118,66,66,65,200,202,202,0.56491,0.55878,0.55573
1,3.9286e+05,-0.069,11.28,195,800,-0.11404,11.151,186.81,956.24,0.20724,0.13017,0.020096,0.18512,0.12094,0.017088,0.16788,0.11936,0.015424,253,252,251,198,197,197,174,175,175,116,117,120,64,63,63,216,217,215,0.56478,0.5618,0.56086
1,3.9296e+05,-0.069,11.2,195,800,-0.092818,11.051,186.75,1026.1,0.24798,0.11893,0.022016,0.21902,0.114,0.019072,0.20058,0.1096,0.016576,249,249,249,178,185,191,175,175,175,133,137,143,58,61,67,203,208,211,0.56003,0.56349,0.56576
1,3.9306e+05,-0.069,11.12,195,800,-0.098123,10.991,187.11,473.33,0.29343,0.12326,0.026816,0.26208,0.11856,0.023104,0.23808,0.11221,0.020288,253,250,247,196,191,189,178,177,178,206,200,193,91,100,107,171,177,184,0.57936,0.57403,0.57559
1,3.9316e+05,-0.069,11.04,195,800,-0.087513,10.929,187.44,371.49,0.24015,0.13123,0.024576,0.21555,0.12774,0.021248,0.2037,0.11929,0.019136,251,248,247,197,194,191,183,179,178,241,231,217,142,143,132,162,167,172,0.57723,0.57547,0.56796
1,3.9623e+05,-0.162,11,195,800,-0.18937,10.916,0.12148,780.68,0,0,0,0,0,0,0,0,0,253,252,251,197,192,196,180,183,180,254,246,237,177,153,143,169,169,176,0.5046,0.51493,0.52382
1,3.9633e+05,-0.162,11.08,195,800,-0.19786,11.008,185.24,721.62,0.20209,0.117,0.017024,0.1756,0.11334,0.015168,0.16355,0.10691,0.01344,252,252,251,188,191,195,180,180,177,190,193,194,85,91,102,185,188,195,0.5763,0.57966,0.5823
1,3.9643e+05,-0.162,11.16,195,800,-0.19467,11.084,186.4,861.57,0.2669,0.11402,0.020544,0.19535,0.11418,0.016448,0.17532,0.10778,0.0144,248,250,252,199,195,193,175,176,175,155,161,167,65,70,80,212,209,209,0.55945,0.56884,0.57056
1,3.9653e+05,-0.162,11.24,195,800,-0.16815,11.135,185.11,855.22,0.2499,0.13333,0.025344,0.22574,0.12803,0.021568,0.19686,0.12178,0.018624,253,252,251,191,191,196,174,170,169,118,120,127,59,59,63,247,240,230,0.56251,0.55898,0.56234
1,3.9663e+05,-0.162,11.32,195,800,-0.19786,11.221,186.14,921.87,0.35117,0.13729,0.034688,0.30445,0.12615,0.028096,0.25971,0.11676,0.023168,254,253,252,187,193,197,163,167,170,110,112,119,61,63,65,249,240,226,0.57223,0.55962,0.55779
1,3.9673e+05,-0.162,11.4,195,800,-0.20635,11.303,187,802.06,0.32731,0.11664,0.026624,0.24192,0.11269,0.019776,0.19086,0.1112,0.01568,253,253,253,215,201,194,174,172,171,115,116,119,87,81,76,203,199,193,0.55547,0.5561,0.55542
1,3.9683e+05,-0.162,11.48,195,800,-0.19149,11.356,186.96,825.33,0.29525,0.12966,0.028288,0.24833,0.1196,0.0224,0.20272,0.12004,0.018752,254,254,254,171,181,191,179,174,172,132,131,130,84,86,85,142,143,146,0.55701,0.55157,0.55268
1,3.9693e+05,-0.162,11.56,195,800,-0.21059,11.456,186.67,930.25,0.3104,0.11621,0.0256,0.25673,0.11341,0.020224,0.20156,0.11082,0.016192,255,254,254,172,182,195,173,171,171,142,139,136,87,85,86,123,124,128,0.54924,0.5499,0.55369
1,3.9703e+05,-0.162,11.64,195,800,-0.18937,11.521,186.53,816.33,0.2837,0.12836,0.027008,0.24837,0.12096,0.022592,0.22067,0.1143,0.019264,255,254,254,221,220,215,165,167,169,153,150,145,86,86,83,102,103,104,0.54754,0.55021,0.55095
1,3.9713e+05,-0.162,11.72,195,800,-0.20953,11.617,186.01,939.97,0.30294,0.12462,0.028416,0.26573,0.11851,0.023616,0.23762,0.11268,0.020288,255,254,254,238,233,222,170,169,170,157,153,150,83,80,79,96,95,96,0.53945,0.54925,0.55004
1,3.9723e+05,-0.162,11.8,195,800,-0.19786,11.68,187.07,825.82,0.30469,0.1375,0.03072,0.27596,0.12804,0.026368,0.23865,0.12521,0.023104,255,254,253,210,217,220,173,174,174,165,158,156,60,64,70,83,84,86,0.56574,0.55128,0.5493
1,3.9733e+05,-0.162,11.88,195,800,-0.20528,11.774,186.86,1015.8,0.3207,0.12259,0.028352,0.28787,0.11516,0.023808,0.26002,0.11037,0.02016,249,248,248,209,207,209,181,178,177,170,168,164,64,68,74,79,80,81,0.54618,0.54744,0.5462
1,3.9743e+05,-0.162,11.96,195,800,-0.18406,11.842,187.38,521.12,0.24006,0.11536,0.02048,0.19566,0.10766,0.015872,0.16094,0.10517,0.013312,240,244,247,211,209,210,178,178,177,181,172,164,72,76,79,79,79,81,0.55157,0.54563,0.54354
1,3.9753e+05,-0.162,12.04,195,800,-0.19043,11.908,186.04,890.77,0.23828,0.11377,0.019328,0.18384,0.11065,0.015936,0.1707,0.10407,0.014144,246,247,247,216,217,214,171,173,177,163,161,159,81,82,81,86,84,81,0.52783,0.53285,0.537
1,3.9763e+05,-0.162,12.12,195,800,-0.20741,12.011,186.92,973.93,0.31581,0.12119,0.027456,0.28379,0.11425,0.02336,0.26756,0.10698,0.020096,252,250,248,222,220,216,171,174,177,152,153,154,71,74,77,87,84,81,0.5332,0.53946,0.53979
1,3.9773e+05,-0.162,12.2,195,800,-0.20847,12.086,187.39,1048,0.2672,0.1383,0.028096,0.24334,0.1324,0.024512,0.22676,0.12535,0.02176,247,250,251,224,221,214,181,180,180,145,142,140,55,59,65,79,80,82,0.53967,0.54079,0.53959
1,3.9783e+05,-0.162,12.28,195,800,-0.19255,12.146,187.59,998.52,0.26505,0.12007,0.024,0.23303,0.11108,0.01984,0.21231,0.10717,0.017408,252,252,250,198,201,199,179,180,182,125,127,131,62,63,62,90,88,88,0.53701,0.54274,0.54114
1,3.9793e+05,-0.162,12.36,195,800,-0.21696,12.254,187.04,1163.2,0.2715,0.12952,0.025664,0.25591,0.12194,0.021952,0.23158,0.1183,0.019136,250,249,249,179,187,194,176,180,180,119,123,127,70,65,63,93,94,94,0.53681,0.53814,0.53848
1,3.9803e+05,-0.162,12.44,195,800,-0.183,12.304,185.75,801.02,0.33046,0.11643,0.02336,0.19199,0.11277,0.016,0.15914,0.11166,0.013888,241,243,247,191,189,190,178,176,175,123,124,126,71,69,67,100,102,103,0.54577,0.53955,0.53997
1,3.9813e+05,-0.162,12.52,195,800,-0.20741,12.411,188.15,1338.1,0.24512,0.1253,0.022848,0.22134,0.11759,0.01984,0.20316,0.11355,0.0176,243,244,247,204,199,196,168,171,174,127,126,127,77,69,66,103,105,105,0.5417,0.54327,0.54092
1,3.9823e+05,-0.162,12.6,195,800,-0.20422,12.467,187.74,906.41,0.26541,0.11975,0.023872,0.24593,0.11269,0.020672,0.22405,0.10731,0.017984,251,251,251,207,208,205,179,174,171,132,133,133,54,61,66,103,102,102,0.54646,0.53909,0.539
1,3.9833e+05,-0.162,12.68,195,800,-0.1968,12.543,187.99,828.63,0.28349,0.11415,0.022784,0.24772,0.11083,0.019392,0.22784,0.10585,0.016832,255,254,253,203,204,205,168,171,171,140,138,134,58,59,61,94,96,98,0.55084,0.54095,0.53942
1,3.9843e+05,-0.162,12.76,195,800,-0.19255,12.631,186.12,767.88,0.26301,0.12931,0.02592,0.24846,0.12036,0.022976,0.23411,0.11566,0.020736,253,253,253,202,203,203,167,168,169,138,136,133,57,57,60,96,96,97,0.53816,0.53443,0.53591
1,3.9853e+05,-0.162,12.84,195,800,-0.19149,12.7,186.27,830.01,0.27176,0.13103,0.026496,0.23736,0.1212,0.022016,0.20356,0.1199,0.019072,253,253,254,204,201,202,158,163,167,127,128,129,56,59,64,92,96,101,0.53242,0.53679,0.53777
1,3.9863e+05,-0.162,12.92,195,800,-0.18513,12.777,186.68,864.74,0.30518,0.1234,0.024832,0.24544,0.12337,0.02016,0.21674,0.1137,0.016832,253,254,254,192,201,206,157,162,167,128,127,127,62,65,68,98,103,106,0.54152,0.53858,0.53722
1,3.9873e+05,-0.162,13,195,800,-0.19255,12.862,187.9,911.18,0.27327,0.131,0.027392,0.25161,0.12433,0.023616,0.23279,0.11974,0.021248,255,254,253,228,218,212,169,170,172,124,124,125,75,75,77,127,118,110,0.52052,0.5338,0.53333
1,3.9883e+05,-0.162,13.08,195,800,-0.17982,12.935,187.91,796.73,0.25609,0.12342,0.022592,0.18098,0.1228,0.017216,0.16716,0.12154,0.015744,251,251,250,221,218,211,193,188,180,126,129,130,84,90,90,101,106,108,0.53625,0.53305,0.53477
1,3.9893e+05,-0.162,13.16,195,800,-0.19573,13.041,187.22,940.99,0.26057,0.12332,0.024448,0.23965,0.11613,0.021056,0.22314,0.10861,0.018624,252,250,249,207,207,203,197,190,180,142,137,134,113,103,92,104,102,103,0.54456,0.53543,0.53451
1,3.9903e+05,-0.162,13.24,195,800,-0.2021,13.108,186.22,1068.4,0.24426,0.13702,0.02496,0.21913,0.13014,0.021504,0.19627,0.12565,0.019072,247,248,248,183,186,193,174,175,176,140,141,139,92,94,89,99,100,100,0.54185,0.53275,0.53216
1,3.9913e+05,-0.162,13.32,195,800,-0.19786,13.189,185.96,958.65,0.28218,0.13364,0.02816,0.24355,0.12296,0.023424,0.21738,0.12123,0.020672,247,248,249,175,187,195,168,171,174,138,138,137,74,79,82,98,97,98,0.53075,0.53416,0.53319
1,3.9923e+05,-0.162,13.4,195,800,-0.19149,13.259,187.64,910.1,0.32743,0.12118,0.028864,0.27824,0.11253,0.02272,0.23725,0.11047,0.018944,252,252,252,216,207,204,168,173,172,132,132,134,72,73,73,91,92,95,0.52468,0.53314,0.5324
1,3.9933e+05,-0.162,13.48,195,800,-0.19998,13.33,186.92,993.92,0.2613,0.13324,0.026176,0.24168,0.1231,0.022528,0.21892,0.12164,0.02016,255,254,252,190,201,207,172,172,175,137,137,137,75,77,77,84,88,92,0.53501,0.53124,0.53198
1,3.9943e+05,-0.162,13.56,195,800,-0.18513,13.393,186.64,497.57,0.23021,0.12547,0.021504,0.21729,0.11699,0.018944,0.20509,0.11126,0.017152,255,252,250,183,194,202,174,175,176,145,142,138,70,77,78,86,88,91,0.53013,0.53457,0.53383
1,3.9953e+05,-0.162,13.64,195,800,-0.19149,13.494,187.03,542.76,0.23152,0.12503,0.021376,0.20752,0.11747,0.01824,0.19352,0.11208,0.016448,244,246,248,182,190,197,183,184,183,136,138,138,81,84,85,88,90,93,0.51979,0.52889,0.53105
1,3.9963e+05,-0.162,13.72,195,800,-0.20635,13.589,187.89,732.84,0.25179,0.12485,0.024064,0.23392,0.11861,0.021248,0.21661,0.11434,0.019136,246,247,249,187,191,198,189,190,187,129,134,138,99,91,86,90,92,95,0.52557,0.52587,0.52934
1,3.9973e+05,-0.162,13.8,195,800,-0.20635,13.66,186.03,978.17,0.27533,0.12596,0.024832,0.2394,0.11978,0.021056,0.2263,0.11283,0.018496,255,253,250,200,205,209,199,189,183,138,138,137,84,87,83,98,100,105,0.53291,0.53196,0.53043
1,3.9983e+05,-0.162,13.88,195,800,-0.20422,13.756,186.72,1238.8,0.29555,0.12689,0.027456,0.27437,0.12142,0.02432,0.2551,0.115,0.020736,248,251,252,210,220,220,164,169,173,136,139,141,73,77,78,105,105,107,0.54495,0.535,0.52988
1,3.9993e+05,-0.162,13.96,195,800,-0.20847,13.829,184.98,756.44,0.28951,0.11965,0.025536,0.26249,0.11509,0.02176,0.23895,0.11106,0.01856,253,252,252,223,223,221,165,165,167,140,141,142,81,76,75,98,101,104,0.52397,0.52919,0.52976
1,4.0003e+05,-0.162,14.04,195,800,-0.19149,13.877,186.24,722.06,0.29989,0.1371,0.031232,0.26636,0.13076,0.026752,0.25091,0.12523,0.02432,250,251,252,223,217,211,162,163,165,145,144,142,63,68,73,87,88,92,0.53451,0.52789,0.52664
1,4.0013e+05,-0.162,14.12,195,800,-0.18088,13.97,186.41,728.48,0.30988,0.13082,0.0304,0.28483,0.11775,0.02528,0.25453,0.11668,0.0224,249,250,250,207,204,204,166,165,166,138,140,141,62,66,73,83,84,89,0.52889,0.52999,0.53002
1,4.0023e+05,-0.162,14.2,195,800,-0.19786,14.067,184.48,729.32,0.29959,0.12551,0.02784,0.26583,0.11735,0.02336,0.23919,0.11196,0.020224,244,243,243,186,194,198,171,173,173,135,134,133,72,72,71,82,86,90,0.5221,0.52773,0.52777
1,4.0033e+05,-0.162,14.28,195,800,-0.18513,14.139,186.83,643.68,0.29078,0.12133,0.02624,0.25488,0.11493,0.022144,0.23187,0.10835,0.01888,227,230,235,205,198,192,184,180,177,120,123,125,62,65,67,92,92,96,0.54114,0.52978,0.52679
1,4.0043e+05,-0.162,14.36,195,800,-0.20635,14.214,185.38,1212.5,0.27365,0.11826,0.023616,0.24603,0.11356,0.020672,0.23448,0.10764,0.018112,228,230,233,183,187,191,177,178,177,118,118,120,62,61,62,95,96,99,0.54617,0.52957,0.52856
1,4.0053e+05,-0.162,14.44,195,800,-0.19255,14.309,187.13,789.87,0.31594,0.12307,0.02848,0.27831,0.11514,0.023744,0.23786,0.11228,0.01984,240,239,238,181,183,186,176,175,173,112,113,115,54,56,58,99,102,103,0.5258,0.52974,0.52877
1,4.0063e+05,-0.162,14.52,195,800,-0.19892,14.378,185.16,762.99,0.2795,0.12317,0.026368,0.24718,0.11787,0.02208,0.2242,0.1137,0.019392,245,242,240,196,191,189,177,173,170,112,113,115,56,57,60,101,103,105,0.5348,0.52671,0.52823
1,4.0073e+05,-0.162,14.6,195,800,-0.20104,14.456,184.87,674.78,0.25427,0.12126,0.022656,0.20878,0.11601,0.018496,0.1885,0.11108,0.016064,240,243,245,200,197,194,159,163,165,118,120,120,70,72,71,104,106,107,0.5181,0.52413,0.52838
1,4.0083e+05,-0.162,14.68,195,800,-0.19255,14.531,185.3,752.13,0.29821,0.12216,0.027136,0.27934,0.115,0.02368,0.25682,0.11053,0.0208,245,247,247,194,193,193,161,164,166,127,126,124,97,87,77,108,110,112,0.5299,0.53018,0.5279
1,4.0093e+05,-0.162,14.76,195,800,-0.19255,14.611,186.13,721.22,0.28488,0.12846,0.026944,0.25915,0.12038,0.02272,0.21259,0.11777,0.019328,251,249,248,189,189,192,173,169,169,124,125,123,91,83,76,112,114,115,0.52738,0.53149,0.53089
1,4.0103e+05,-0.162,14.84,195,800,-0.19573,14.69,186.69,845.4,0.30741,0.12217,0.028288,0.27945,0.1174,0.025088,0.25722,0.11085,0.021824,249,248,248,180,189,196,184,178,174,112,113,115,64,66,68,112,116,119,0.53024,0.52936,0.52916
1,4.0113e+05,-0.162,14.92,195,800,-0.19573,14.769,187.29,932.09,0.26372,0.13204,0.02624,0.2444,0.12189,0.022528,0.22049,0.12058,0.020416,244,246,248,196,196,202,183,177,173,106,108,112,60,63,67,111,116,121,0.52291,0.52915,0.52974
1,4.0123e+05,-0.162,15,195,800,-0.18831,14.839,187.74,1041,0.29515,0.1229,0.026496,0.25092,0.11795,0.022464,0.22689,0.11515,0.020032,249,249,249,223,221,215,162,166,170,117,114,114,71,69,70,135,125,123,0.53109,0.53443,0.53232
1,4.0133e+05,-0.162,15.08,195,800,-0.18937,14.916,187.26,731.69,0.2515,0.12658,0.024256,0.23524,0.12051,0.021248,0.21902,0.11219,0.018944,254,252,250,234,223,216,167,166,167,130,128,128,72,75,79,117,121,122,0.5245,0.53186,0.53223
1,4.0143e+05,-0.162,15.16,195,800,-0.19255,14.993,185.26,688.1,0.27837,0.1197,0.025344,0.25245,0.11654,0.022336,0.23137,0.11216,0.019776,250,251,250,212,215,210,167,167,168,139,137,138,81,84,86,113,116,120,0.53529,0.53463,0.53358
1,4.0153e+05,-0.162,15.24,195,800,-0.20635,15.107,186.81,939.75,0.27522,0.12857,0.026944,0.24871,0.12487,0.023616,0.22819,0.11712,0.020672,245,246,247,193,198,200,177,173,173,160,163,164,123,109,98,108,110,114,0.52984,0.53519,0.53406
1,4.0163e+05,-0.162,15.32,195,800,-0.19149,15.145,186.94,993.79,0.26718,0.12688,0.024512,0.21705,0.12368,0.020224,0.1883,0.11936,0.017792,243,244,245,194,195,199,180,179,176,179,179,179,114,109,101,103,108,114,0.54411,0.538,0.53635
1,4.0173e+05,-0.162,15.4,195,800,-0.18513,15.241,186.16,733.17,0.24728,0.12221,0.02272,0.20294,0.12197,0.019328,0.18664,0.11818,0.017408,237,239,240,194,193,193,192,188,184,208,207,205,88,91,97,110,113,116,0.54072,0.53576,0.53816
1,4.0183e+05,-0.162,15.48,195,800,-0.19998,15.335,186.44,992.89,0.28058,0.14253,0.027136,0.23399,0.13723,0.023424,0.20827,0.13341,0.020608,234,234,236,184,184,187,195,192,187,227,229,230,88,90,95,115,117,121,0.53956,0.54131,0.54202
1,4.0193e+05,-0.162,15.56,195,800,-0.19361,15.403,186.44,905.49,0.27519,0.12883,0.02624,0.23864,0.1247,0.022336,0.21109,0.12148,0.01984,234,234,236,184,185,186,202,192,186,245,242,239,102,97,99,111,118,124,0.54539,0.54588,0.54702
1,4.0203e+05,-0.162,15.64,195,800,-0.19361,15.464,186.08,995.93,0.24204,0.12893,0.02304,0.21514,0.12052,0.01984,0.2,0.11716,0.017664,238,238,238,193,189,185,181,183,183,255,255,252,119,115,112,127,128,128,0.5586,0.55952,0.55729
1,4.0213e+05,-0.162,15.72,195,800,-0.18831,15.561,186.77,716.21,0.25145,0.12991,0.024832,0.2188,0.12574,0.021248,0.20033,0.11839,0.018624,242,240,238,182,184,181,176,179,181,255,255,255,127,121,117,127,128,128,0.56291,0.55925,0.55985
1,4.0223e+05,-0.162,15.8,195,800,-0.19361,15.632,186.27,707.71,0.26883,0.11782,0.023552,0.23998,0.11471,0.020672,0.22015,0.10968,0.018048,237,237,237,164,163,164,178,178,180,255,255,255,124,121,119,118,121,129,0.56483,0.56467,0.56442
1,4.0233e+05,-0.162,15.88,195,800,-0.21696,15.713,186.48,1256.9,0.22875,0.13207,0.022784,0.20321,0.12762,0.019584,0.18472,0.12147,0.017088,239,238,237,142,147,154,171,176,181,255,255,255,115,118,121,145,144,147,0.58014,0.57349,0.57424
1,4.0243e+05,-0.162,15.96,195,800,-0.19786,15.788,187.33,977.36,0.31343,0.12411,0.028352,0.27651,0.11749,0.023616,0.24015,0.11439,0.02016,243,242,239,148,153,155,176,181,183,255,255,255,119,121,123,171,168,160,0.58913,0.59343,0.59315
1,4.055e+05,-0.255,16,195,800,-0.26788,15.76,0.42603,1089.3,0,0,0,0,0,0,0,0,0,231,230,230,141,140,144,166,170,175,255,255,255,127,122,120,178,162,152,0.60003,0.59414,0.56967
1,4.056e+05,-0.255,15.92,195,800,-0.27531,15.699,185.65,952.67,0.18558,0.11506,0.015552,0.17397,0.11096,0.013504,0.15408,0.10344,0.011968,229,229,230,146,146,150,176,175,175,255,255,255,107,110,116,104,114,125,0.57296,0.56838,0.57336
1,4.057e+05,-0.255,15.84,195,800,-0.28698,15.625,186.41,552.59,0.3257,0.12753,0.02496,0.20207,0.11638,0.017536,0.184,0.11052,0.015552,225,228,231,157,154,155,180,177,175,255,255,255,113,114,118,96,102,113,0.57145,0.56325,0.56409
1,4.058e+05,-0.255,15.76,195,800,-0.28592,15.544,186.64,615.76,0.25597,0.11962,0.022592,0.23224,0.10991,0.0192,0.20874,0.10687,0.016256,233,235,236,163,172,175,173,174,176,255,255,255,131,133,130,104,105,107,0.54943,0.55383,0.55706
1,4.059e+05,-0.255,15.68,195,800,-0.29759,15.468,187.69,725.36,0.27692,0.11843,0.024256,0.22958,0.11376,0.019456,0.20765,0.10751,0.01664,242,240,238,187,185,184,174,175,176,255,255,255,136,136,130,108,108,109,0.55427,0.55313,0.55293
1,4.06e+05,-0.255,15.6,195,800,-0.26894,15.398,187.94,1125.6,0.34402,0.13083,0.033472,0.31273,0.12271,0.0288,0.29182,0.1139,0.025152,240,240,240,198,197,192,175,178,180,255,253,250,110,114,116,106,107,109,0.53879,0.54355,0.54847
1,4.061e+05,-0.255,15.52,195,800,-0.27531,15.327,187.16,810.7,0.33114,0.12942,0.032384,0.3096,0.11755,0.027456,0.28482,0.11485,0.024576,236,236,237,183,187,191,180,183,184,237,239,237,88,93,99,108,108,110,0.52896,0.53758,0.54123
1,4.062e+05,-0.255,15.44,195,800,-0.29971,15.263,185.82,765.69,0.30784,0.13124,0.030912,0.28185,0.12274,0.026624,0.26856,0.11748,0.024064,236,236,238,185,189,192,184,184,184,228,227,226,92,95,99,111,110,110,0.52446,0.53578,0.5386
1,4.063e+05,-0.255,15.36,195,800,-0.28486,15.159,185.67,667.7,0.32351,0.13307,0.032768,0.29545,0.12209,0.02752,0.26896,0.1187,0.02432,240,239,239,194,192,190,175,178,179,203,201,198,118,114,107,111,110,111,0.53694,0.54026,0.53861
1,4.064e+05,-0.255,15.28,195,800,-0.2891,15.106,187.79,473.27,0.26501,0.12567,0.024064,0.22158,0.11832,0.019456,0.20469,0.11433,0.017216,242,241,241,179,185,191,171,173,176,188,184,182,123,116,106,108,109,110,0.53699,0.53596,0.53511
1,4.065e+05,-0.255,15.2,195,800,-0.27425,15.008,187.94,666.26,0.30027,0.12448,0.025088,0.20364,0.12019,0.018304,0.18285,0.11715,0.01632,247,247,245,182,186,194,170,170,169,146,148,151,86,92,94,110,108,109,0.5577,0.53838,0.53555
1,4.066e+05,-0.255,15.12,195,800,-0.28698,14.927,188.19,952.49,0.32138,0.12213,0.028288,0.25834,0.11763,0.023232,0.22665,0.11282,0.019264,254,252,248,213,213,209,161,164,164,125,126,127,80,78,77,116,115,113,0.53605,0.52843,0.53198
1,4.067e+05,-0.255,15.04,195,800,-0.29335,14.852,186.56,1049.7,0.28275,0.12427,0.025024,0.2432,0.1157,0.0208,0.21405,0.11208,0.017856,251,250,249,224,221,213,158,161,164,114,117,119,76,74,72,121,118,113,0.52835,0.53302,0.53538
1,4.068e+05,-0.255,14.96,195,800,-0.28698,14.767,186.18,613.36,0.35733,0.12618,0.032704,0.32699,0.11923,0.027904,0.29648,0.11445,0.024832,248,248,248,212,212,209,167,166,167,105,107,111,67,66,65,107,108,109,0.53122,0.53468,0.53265
1,4.069e+05,-0.255,14.88,195,800,-0.27,14.685,186.19,817.19,0.32302,0.13102,0.032128,0.30403,0.12115,0.028224,0.28546,0.11824,0.025728,249,249,249,205,204,202,170,170,169,108,109,111,62,63,65,101,102,105,0.5358,0.53046,0.53134
1,4.07e+05,-0.255,14.8,195,800,-0.27955,14.607,187.43,922.06,0.2554,0.13259,0.025216,0.22284,0.12429,0.021632,0.2123,0.1212,0.01984,252,251,249,205,198,195,167,169,170,120,118,117,69,69,70,95,96,98,0.52457,0.53128,0.53181
1,4.071e+05,-0.255,14.72,195,800,-0.29229,14.545,187.56,845.45,0.36692,0.12393,0.030528,0.26958,0.11907,0.023296,0.23062,0.11538,0.019712,246,247,249,197,196,195,161,163,165,125,125,122,88,83,77,94,95,96,0.52981,0.53311,0.53171
1,4.072e+05,-0.255,14.64,195,800,-0.28486,14.467,186.83,764.13,0.26888,0.12573,0.025152,0.22651,0.11665,0.019968,0.19705,0.11513,0.017088,245,247,248,193,197,197,164,162,164,132,126,122,82,81,76,95,93,93,0.53585,0.53118,0.53018
1,4.073e+05,-0.255,14.56,195,800,-0.29971,14.406,186.07,483.75,0.33315,0.12842,0.031936,0.30945,0.1216,0.027392,0.27229,0.11506,0.022912,252,249,246,193,194,193,167,167,168,119,119,119,61,62,64,87,87,88,0.53768,0.5292,0.52956
1,4.074e+05,-0.255,14.48,195,800,-0.28274,14.3,186.6,661.57,0.31462,0.12003,0.027072,0.26933,0.11429,0.02208,0.23546,0.11265,0.019264,246,246,244,184,188,190,172,170,169,114,115,117,53,55,58,84,84,86,0.52623,0.52691,0.52921
1,4.075e+05,-0.255,14.4,195,800,-0.27531,14.224,185.56,785.28,0.24558,0.13769,0.02624,0.23031,0.1261,0.022784,0.21431,0.12305,0.020608,236,237,238,181,184,189,168,171,175,117,117,119,53,54,57,80,81,83,0.53389,0.53351,0.53097
1,4.076e+05,-0.255,14.32,195,800,-0.28168,14.144,187.87,976.28,0.29394,0.11527,0.025024,0.25194,0.10966,0.0208,0.22962,0.10308,0.017984,238,239,240,205,200,196,181,178,176,129,128,128,69,70,68,77,78,80,0.51895,0.5297,0.52904
1,4.077e+05,-0.255,14.24,195,800,-0.28168,14.065,186.11,659.02,0.23888,0.13781,0.024704,0.21351,0.12921,0.021056,0.19258,0.12507,0.01856,246,244,242,208,204,201,182,179,176,136,134,132,85,81,73,75,76,78,0.5271,0.52957,0.52912
1,4.078e+05,-0.255,14.16,195,800,-0.28061,13.99,185.55,1039.7,0.32361,0.12621,0.027904,0.27188,0.12124,0.023296,0.23731,0.11808,0.019584,251,250,249,201,204,209,170,170,170,139,139,139,89,82,76,74,73,75,0.53103,0.53363,0.52927
1,4.079e+05,-0.255,14.08,195,800,-0.29547,13.919,186.43,948.78,0.29255,0.12881,0.028608,0.26461,0.12252,0.024832,0.23507,0.11374,0.020608,251,251,251,209,209,211,165,165,165,138,141,142,74,76,76,73,73,75,0.52302,0.5255,0.52753
1,4.08e+05,-0.255,14,195,800,-0.28698,13.839,186.54,1010,0.28888,0.13411,0.029184,0.25615,0.12629,0.024384,0.22813,0.12126,0.021184,253,253,252,213,216,219,155,158,162,151,147,143,86,79,73,73,77,80,0.51415,0.52955,0.53013
1,4.081e+05,-0.255,13.92,195,800,-0.30077,13.765,186.28,767.9,0.31635,0.12301,0.027776,0.25656,0.11732,0.02176,0.21841,0.11414,0.017792,250,251,252,236,231,223,170,169,172,140,142,144,74,77,78,85,86,87,0.52973,0.5266,0.53006
1,4.082e+05,-0.255,13.84,195,800,-0.26682,13.662,187.34,787.21,0.26182,0.13243,0.026048,0.24336,0.12313,0.022464,0.21975,0.1185,0.020096,253,252,251,247,231,221,181,182,180,146,143,142,82,80,79,88,89,89,0.54182,0.52647,0.52799
1,4.083e+05,-0.255,13.76,195,800,-0.28061,13.574,186.04,1020.7,0.29561,0.12717,0.027648,0.25247,0.12122,0.022912,0.21819,0.11665,0.019584,247,249,249,211,211,209,198,192,186,140,140,140,85,83,82,86,87,88,0.53233,0.531,0.53176
1,4.084e+05,-0.255,13.68,195,800,-0.27531,13.506,187.44,869.14,0.26897,0.12873,0.024256,0.1985,0.12113,0.018432,0.18198,0.11555,0.015936,242,244,248,208,201,200,181,184,185,136,138,140,72,83,87,84,85,87,0.53548,0.52853,0.52909
1,4.085e+05,-0.255,13.6,195,800,-0.27849,13.441,184.77,929.74,0.22353,0.12944,0.02176,0.21461,0.11944,0.019328,0.20178,0.11417,0.017408,237,243,248,201,197,195,174,173,176,143,141,138,117,99,86,81,85,88,0.51379,0.52763,0.5301
1,4.086e+05,-0.255,13.52,195,800,-0.28592,13.364,185.52,651.23,0.20515,0.1388,0.021056,0.17915,0.13416,0.01792,0.16805,0.12445,0.01568,253,252,251,211,204,198,170,175,177,134,134,134,80,81,79,94,93,91,0.54502,0.5294,0.53192
1,4.087e+05,-0.255,13.44,195,800,-0.28486,13.266,186.62,791.18,0.26672,0.14661,0.028736,0.24464,0.13767,0.024896,0.23274,0.12732,0.022016,252,252,252,202,206,202,185,181,177,124,127,131,64,69,73,95,93,91,0.53286,0.5324,0.53144
1,4.088e+05,-0.255,13.36,195,800,-0.27213,13.189,185.72,731.71,0.225,0.17398,0.02912,0.21357,0.15854,0.025216,0.19839,0.14827,0.022592,246,248,249,218,208,199,187,180,174,122,125,129,73,69,70,87,92,95,0.52718,0.53166,0.53287
1,4.089e+05,-0.255,13.28,195,800,-0.29229,13.125,186.35,1045,0.3555,0.13396,0.03424,0.31298,0.12338,0.028032,0.27838,0.1188,0.024,246,245,246,204,197,196,167,172,175,127,129,131,76,74,77,99,97,97,0.53671,0.53002,0.5311
1,4.09e+05,-0.255,13.2,195,800,-0.27849,13.027,185.3,873.43,0.27875,0.12961,0.027328,0.25428,0.12042,0.022912,0.23607,0.11432,0.020672,238,241,243,191,193,196,180,178,176,131,130,129,99,94,86,101,102,102,0.54053,0.53985,0.53375
1,4.091e+05,-0.255,13.12,195,800,-0.29653,12.986,186.49,838.53,0.32651,0.12285,0.029632,0.28836,0.11665,0.025024,0.25348,0.1147,0.021632,244,244,246,215,219,213,177,179,178,113,118,122,81,83,81,96,102,107,0.53552,0.53515,0.53253
1,4.092e+05,-0.255,13.04,195,800,-0.27743,12.878,185.54,1079.1,0.32706,0.13142,0.032128,0.28911,0.12545,0.027392,0.26506,0.11989,0.023872,248,248,248,230,226,217,171,172,176,112,114,119,65,68,73,109,108,107,0.54166,0.53909,0.53484
1,4.093e+05,-0.255,12.96,195,800,-0.28168,12.815,186.52,775.72,0.33391,0.13021,0.030208,0.2742,0.12364,0.023936,0.23546,0.11726,0.020352,254,254,252,210,210,209,170,170,170,117,117,118,58,58,58,109,106,104,0.52823,0.53315,0.53249
1,4.094e+05,-0.255,12.88,195,800,-0.27743,12.711,186.68,862.77,0.27308,0.1343,0.025088,0.23685,0.11813,0.020416,0.22355,0.11467,0.017984,255,254,252,191,197,203,173,170,169,119,119,120,56,56,56,93,97,100,0.53472,0.53417,0.53514
1,4.095e+05,-0.255,12.8,195,800,-0.28274,12.647,188.16,948.7,0.31517,0.14209,0.031424,0.28914,0.12867,0.026496,0.2637,0.11833,0.023104,251,252,251,195,194,196,169,169,169,122,123,124,51,53,55,91,91,93,0.54156,0.53656,0.53674
1,4.096e+05,-0.255,12.72,195,800,-0.28592,12.571,186.94,856.46,0.32736,0.14625,0.031744,0.26962,0.1341,0.025536,0.24112,0.12483,0.021696,248,250,251,199,203,206,173,173,171,129,130,130,72,71,68,92,94,98,0.54179,0.53725,0.53664
1,4.097e+05,-0.255,12.64,195,800,-0.28061,12.483,187.3,965.08,0.29753,0.16583,0.03328,0.26452,0.13855,0.026112,0.24058,0.12884,0.02304,248,251,251,211,212,212,178,175,172,141,136,131,97,85,74,98,100,102,0.54951,0.53741,0.53684
1,4.098e+05,-0.255,12.56,195,800,-0.27213,12.407,186.42,778.37,0.29236,0.17511,0.029568,0.23105,0.13047,0.021184,0.20652,0.12037,0.01792,253,251,249,225,217,208,167,171,173,136,135,132,83,85,79,109,111,111,0.54067,0.53891,0.53972
1,4.099e+05,-0.255,12.48,195,800,-0.29653,12.324,187.09,826.05,0.30595,0.17558,0.031552,0.2768,0.12679,0.02304,0.24119,0.11907,0.019648,250,249,248,197,202,202,166,170,174,127,130,131,75,77,76,111,114,113,0.54531,0.53675,0.53613
1,4.1e+05,-0.255,12.4,195,800,-0.28592,12.268,187.04,851.15,0.28901,0.17069,0.030272,0.24893,0.13186,0.022336,0.22954,0.12098,0.019328,245,246,248,169,178,191,174,176,175,128,129,129,61,64,66,113,108,105,0.54879,0.54371,0.54222
1,4.101e+05,-0.255,12.32,195,800,-0.30502,12.184,187.79,779.04,0.33638,0.20174,0.036288,0.3448,0.11608,0.027584,0.31586,0.10848,0.023424,255,252,250,213,200,197,178,176,176,122,131,134,55,57,61,91,90,91,0.54454,0.54317,0.54026
1,4.102e+05,-0.255,12.24,195,800,-0.27743,12.079,187.68,654.47,0.24807,0.13981,0.026816,0.22665,0.13304,0.023296,0.2135,0.12379,0.020352,254,253,251,211,207,204,175,176,175,136,136,138,57,60,63,85,84,84,0.54489,0.542,0.54161
1,4.103e+05,-0.255,12.16,195,800,-0.29335,12.011,187.78,840.91,0.28803,0.13085,0.027712,0.25174,0.12618,0.023424,0.22429,0.11854,0.01984,250,250,250,219,218,217,175,174,172,143,145,147,89,80,74,71,75,79,0.53754,0.53704,0.53808
1,4.104e+05,-0.255,12.08,195,800,-0.27637,11.918,184.77,807.32,0.28331,0.1258,0.025216,0.23125,0.12115,0.020288,0.19598,0.1147,0.016576,250,249,247,246,229,216,168,171,173,142,148,152,100,90,81,75,76,77,0.54704,0.54009,0.53955
1,4.105e+05,-0.255,12,195,800,-0.28486,11.852,186.15,538.36,0.29943,0.12843,0.027648,0.26972,0.11815,0.02336,0.25565,0.11439,0.020864,245,244,246,211,212,210,180,176,174,158,163,163,107,95,85,72,74,77,0.53686,0.54196,0.54337
1,4.106e+05,-0.255,11.92,195,800,-0.29547,11.791,186.37,671.06,0.3257,0.12765,0.02944,0.28328,0.12432,0.025024,0.25239,0.11667,0.021312,250,250,248,199,198,201,177,178,175,168,169,167,82,81,79,75,76,78,0.54983,0.54442,0.54716
1,4.107e+05,-0.255,11.84,195,800,-0.27425,11.686,186.41,1053.6,0.29067,0.13824,0.028992,0.25485,0.12818,0.024128,0.22579,0.12357,0.020992,253,252,251,208,204,207,175,175,174,162,165,164,74,74,75,79,80,81,0.53298,0.54506,0.54768
1,4.108e+05,-0.255,11.76,195,800,-0.29971,11.629,186.54,1068.6,0.28482,0.13219,0.0288,0.2587,0.12632,0.025088,0.234,0.11905,0.021248,254,253,254,238,230,222,165,166,169,151,155,156,76,78,77,91,94,94,0.55771,0.55245,0.5497
1,4.109e+05,-0.255,11.68,195,800,-0.29547,11.538,185.58,792.44,0.26381,0.12756,0.024064,0.23406,0.12227,0.020416,0.22123,0.11391,0.01824,252,254,254,250,238,222,158,165,168,151,150,152,91,85,81,110,103,102,0.55099,0.54944,0.55009
1,4.11e+05,-0.255,11.6,195,800,-0.29016,11.47,187.43,822.53,0.28125,0.12769,0.026624,0.25498,0.11994,0.022976,0.24,0.11422,0.020352,255,255,254,206,207,206,169,168,168,138,141,143,97,92,89,113,118,122,0.55957,0.5534,0.55116
1,4.111e+05,-0.255,11.52,195,800,-0.28592,11.368,185.66,752.25,0.29226,0.13301,0.029376,0.2675,0.12219,0.024896,0.24456,0.11814,0.021632,254,253,254,179,184,194,163,168,171,125,129,133,98,98,91,149,150,154,0.55735,0.55284,0.5531
1,4.112e+05,-0.255,11.44,195,800,-0.2891,11.316,187.37,793.39,0.23606,0.1387,0.025472,0.22144,0.1291,0.022016,0.20338,0.12493,0.019968,251,253,253,186,191,194,169,169,170,122,124,128,112,96,87,174,175,178,0.56308,0.55212,0.55299
1,4.113e+05,-0.255,11.36,195,800,-0.28804,11.226,187.07,834.29,0.26596,0.12577,0.024512,0.23941,0.11708,0.020992,0.20936,0.11429,0.017792,253,253,253,207,204,202,165,165,167,118,119,121,60,68,73,237,231,224,0.5726,0.55893,0.55677
1,4.114e+05,-0.255,11.28,195,800,-0.2838,11.132,187.08,905.3,0.23695,0.13729,0.024256,0.20808,0.13196,0.020736,0.18888,0.12397,0.01824,253,253,253,204,204,205,162,163,166,116,118,121,54,58,66,255,249,239,0.55937,0.56109,0.56089
1,4.115e+05,-0.255,11.2,195,800,-0.29547,11.077,186.6,906.4,0.26478,0.1327,0.02592,0.22377,0.12281,0.02048,0.19023,0.12049,0.017408,249,251,253,205,208,207,160,163,167,133,134,140,64,67,70,254,249,241,0.56828,0.5672,0.56754
1,4.116e+05,-0.255,11.12,195,800,-0.27849,10.965,187.3,912.86,0.26721,0.13057,0.025536,0.23902,0.12465,0.02176,0.21467,0.11883,0.019008,255,253,253,203,206,210,174,174,173,185,186,187,100,98,99,217,215,214,0.57902,0.57404,0.57598
1,4.117e+05,-0.255,11.04,195,800,-0.28592,10.897,187.47,761.66,0.29343,0.13183,0.028032,0.25591,0.12473,0.023936,0.24399,0.11942,0.021248,254,254,253,197,206,211,182,179,176,222,218,211,112,117,116,193,198,201,0.58651,0.58199,0.56996
1,4.1477e+05,-0.348,11,195,800,-0.36443,10.894,-0.17646,772.77,0,0,0,0,0,0,0,0,0,253,253,253,241,227,216,171,171,172,250,239,228,134,125,120,191,198,203,0.49393,0.50466,0.51516
1,4.1487e+05,-0.348,11.08,195,800,-0.36549,10.977,185.45,1220.3,0.1793,0.1194,0.015808,0.16319,0.11569,0.014016,0.14684,0.11225,0.01248,255,255,254,226,224,219,170,168,166,169,178,184,95,95,96,232,230,226,0.58832,0.58804,0.58727
1,4.1497e+05,-0.348,11.16,195,800,-0.39096,11.07,186.42,908.99,0.20883,0.12842,0.021248,0.19692,0.122,0.019072,0.18881,0.11809,0.017664,255,254,254,237,227,218,165,164,163,139,147,158,84,81,81,250,245,238,0.56865,0.56618,0.56951
1,4.1507e+05,-0.348,11.24,195,800,-0.38459,11.137,186.62,1107,0.29585,0.1385,0.031744,0.2788,0.12728,0.027776,0.26403,0.12126,0.02496,254,254,253,217,219,216,157,160,163,119,123,128,60,66,70,255,255,251,0.56858,0.56458,0.56368
1,4.1517e+05,-0.348,11.32,195,800,-0.38035,11.223,184.49,823.64,0.39863,0.11201,0.031296,0.26491,0.11206,0.021376,0.20485,0.10538,0.016384,255,254,253,213,213,211,165,165,165,129,126,125,70,67,71,255,251,245,0.54985,0.55881,0.55973
1,4.1527e+05,-0.348,11.4,195,800,-0.36549,11.29,186.61,965.92,0.30138,0.12448,0.028224,0.24269,0.11981,0.02208,0.21544,0.11528,0.019136,253,254,253,205,205,202,174,173,170,133,133,130,76,83,86,208,210,209,0.55343,0.55425,0.55507
1,4.1537e+05,-0.348,11.48,195,800,-0.37504,11.356,186.75,686.63,0.3209,0.13588,0.032384,0.26242,0.13005,0.02624,0.23529,0.1238,0.022592,254,254,254,201,200,199,172,172,172,138,137,136,97,95,92,153,155,161,0.55424,0.55282,0.55135
1,4.1547e+05,-0.348,11.56,195,800,-0.38035,11.446,185.18,937.47,0.37465,0.12728,0.031488,0.28691,0.12211,0.024256,0.26044,0.11888,0.019712,255,255,254,200,201,202,176,174,171,143,141,140,88,89,91,137,138,141,0.54999,0.55078,0.55069
1,4.1557e+05,-0.348,11.64,195,800,-0.36125,11.512,185.45,641.36,0.2645,0.13525,0.026176,0.22835,0.12865,0.021824,0.20067,0.12271,0.018368,255,255,255,211,211,212,173,171,170,149,150,148,71,75,78,120,119,116,0.54455,0.55269,0.5515
1,4.1567e+05,-0.348,11.72,195,800,-0.37186,11.579,186.03,817.39,0.24943,0.11373,0.020736,0.20067,0.10583,0.016384,0.17641,0.10296,0.014016,255,255,254,209,216,215,162,168,170,157,152,151,72,72,76,115,110,106,0.54706,0.55026,0.54979
1,4.1577e+05,-0.348,11.8,195,800,-0.38035,11.681,186.33,842.2,0.30796,0.12373,0.02816,0.28112,0.11584,0.024064,0.24893,0.1111,0.020736,255,255,253,216,212,209,170,169,169,155,155,157,85,78,76,83,86,89,0.55112,0.54858,0.54842
1,4.1587e+05,-0.348,11.88,195,800,-0.36656,11.745,185.85,815.88,0.24537,0.14323,0.024,0.20655,0.13472,0.020224,0.1912,0.1268,0.01728,249,247,247,177,183,195,172,173,173,172,165,159,81,80,80,77,77,78,0.55061,0.54996,0.54855
1,4.1597e+05,-0.348,11.96,195,800,-0.37504,11.822,185.94,753.37,0.3414,0.12178,0.030784,0.32281,0.11332,0.026688,0.29947,0.10925,0.023744,236,241,246,165,180,198,175,175,174,170,163,158,77,80,83,77,77,80,0.54184,0.54524,0.54518
1,4.1607e+05,-0.348,12.04,195,800,-0.3761,11.903,185.55,672.92,0.31723,0.12491,0.029056,0.29136,0.1197,0.02496,0.27042,0.11299,0.02208,244,244,245,218,213,208,169,172,175,154,153,153,77,84,88,79,82,83,0.54471,0.54527,0.5431
1,4.1617e+05,-0.348,12.12,195,800,-0.38141,12.006,186.1,791.36,0.24169,0.11551,0.020736,0.20314,0.11304,0.01728,0.19082,0.1045,0.015104,251,249,247,218,217,210,168,171,173,155,150,149,79,85,85,79,82,83,0.53321,0.5386,0.5376
1,4.1627e+05,-0.348,12.2,195,800,-0.39414,12.076,186.61,887.62,0.22775,0.12527,0.021568,0.20197,0.11745,0.018176,0.19252,0.11089,0.01632,252,251,250,194,196,204,168,168,170,146,147,144,67,69,73,74,78,83,0.54539,0.53642,0.53733
1,4.1637e+05,-0.348,12.28,195,800,-0.36656,12.14,186.99,1158.7,0.26527,0.11838,0.023744,0.23763,0.10996,0.019648,0.21571,0.10591,0.017216,248,249,249,200,199,192,169,168,170,144,142,139,55,58,63,89,87,91,0.539,0.54137,0.53981
1,4.1647e+05,-0.348,12.36,195,800,-0.37504,12.238,187.99,787.41,0.34192,0.12567,0.029056,0.21746,0.12495,0.02048,0.19259,0.11918,0.017792,244,247,248,201,197,193,166,171,170,138,139,137,59,62,64,94,100,99,0.54929,0.54526,0.53981
1,4.1657e+05,-0.348,12.44,195,800,-0.36656,12.301,188.32,690.04,0.30962,0.1288,0.029696,0.2745,0.12035,0.02464,0.24011,0.11473,0.02112,248,248,249,189,194,198,180,175,172,136,134,132,67,70,73,128,123,115,0.53261,0.53967,0.53932
1,4.1667e+05,-0.348,12.52,195,800,-0.3761,12.396,186.54,574.47,0.26443,0.12349,0.024704,0.2369,0.11794,0.020992,0.21744,0.11177,0.01824,250,251,250,204,205,205,176,174,172,128,130,131,76,78,79,128,126,119,0.53979,0.53859,0.53877
1,4.1677e+05,-0.348,12.6,195,800,-0.39732,12.478,186.54,782.59,0.24357,0.13481,0.025152,0.22335,0.1279,0.021824,0.20435,0.1242,0.019392,252,252,251,227,222,212,167,168,170,125,126,125,98,90,78,120,118,115,0.52696,0.53404,0.53734
1,4.1687e+05,-0.348,12.68,195,800,-0.38141,12.555,188.03,886.11,0.2877,0.12855,0.027136,0.25277,0.12263,0.022976,0.2354,0.1147,0.020032,251,250,251,211,207,205,169,168,168,112,116,121,58,63,65,97,101,103,0.52952,0.53464,0.53889
1,4.1697e+05,-0.348,12.76,195,800,-0.37292,12.625,186.5,704.83,0.31088,0.12709,0.029056,0.27055,0.1201,0.024192,0.23906,0.11308,0.020032,253,251,250,203,198,197,172,169,168,117,117,119,48,51,56,93,95,98,0.53359,0.54071,0.53977
1,4.1707e+05,-0.348,12.84,195,800,-0.36974,12.697,186.09,604.99,0.26272,0.11391,0.022144,0.22979,0.10888,0.018688,0.20997,0.10709,0.016128,244,248,250,179,185,191,170,171,171,119,119,118,46,47,49,91,92,94,0.53505,0.53436,0.53561
1,4.1717e+05,-0.348,12.92,195,800,-0.38035,12.773,187.45,853.99,0.27264,0.12414,0.024576,0.24869,0.11535,0.021056,0.23244,0.11121,0.018624,247,248,250,184,189,195,177,174,171,115,116,117,47,48,49,93,94,96,0.53812,0.53552,0.53537
1,4.1727e+05,-0.348,13,195,800,-0.38459,12.877,186.91,824.82,0.26435,0.12077,0.02336,0.23709,0.11465,0.02016,0.2142,0.11075,0.0176,253,250,248,225,216,205,173,173,173,109,112,115,50,51,54,103,103,102,0.52844,0.53149,0.53317
1,4.1737e+05,-0.348,13.08,195,800,-0.35807,12.925,185.72,718.21,0.27408,0.11959,0.025216,0.24948,0.11471,0.02176,0.23567,0.10755,0.019136,235,239,243,208,207,204,171,172,173,119,118,119,64,69,69,107,106,105,0.54488,0.53717,0.53458
1,4.1747e+05,-0.348,13.16,195,800,-0.38141,13.027,185.41,829.03,0.29541,0.12941,0.028672,0.26275,0.12463,0.024832,0.24413,0.11909,0.021824,233,235,240,187,191,198,177,173,172,126,123,122,92,80,72,110,107,105,0.53248,0.53591,0.53518
1,4.1757e+05,-0.348,13.24,195,800,-0.38035,13.117,186.98,981.28,0.31012,0.12387,0.025536,0.23256,0.12045,0.020288,0.19299,0.11567,0.01696,239,241,242,181,186,194,162,167,172,132,129,126,67,72,73,112,107,101,0.54549,0.53091,0.53138
1,4.1767e+05,-0.348,13.32,195,800,-0.39308,13.193,184.04,1080.7,0.25579,0.12891,0.025792,0.24015,0.12031,0.022272,0.21488,0.11658,0.019648,250,247,246,199,195,194,162,166,173,128,127,126,62,63,68,101,100,99,0.54138,0.53435,0.53389
1,4.1777e+05,-0.348,13.4,195,800,-0.37292,13.277,186.07,799.91,0.24914,0.12349,0.022784,0.22387,0.11743,0.019456,0.20755,0.10974,0.017152,253,253,251,198,196,197,177,178,176,127,125,126,59,61,64,89,92,93,0.54432,0.53608,0.53368
1,4.1787e+05,-0.348,13.48,195,800,-0.38035,13.332,187.31,563.66,0.30595,0.13457,0.030464,0.28133,0.12472,0.02624,0.26132,0.12291,0.024064,255,253,251,182,187,191,177,178,179,130,129,129,74,75,75,101,97,93,0.52848,0.53312,0.53268
1,4.1797e+05,-0.348,13.56,195,800,-0.38671,13.433,185.55,978.74,0.41249,0.13462,0.037568,0.3149,0.13376,0.029888,0.26742,0.12854,0.024832,255,253,250,176,184,189,177,177,178,131,131,131,86,85,80,99,97,93,0.52247,0.53045,0.53079
1,4.1807e+05,-0.348,13.64,195,800,-0.39308,13.518,186.35,1223.8,0.25108,0.12243,0.022912,0.22662,0.1154,0.019648,0.20669,0.11078,0.017088,253,251,249,190,193,196,176,178,181,136,135,135,80,82,83,91,90,88,0.53806,0.53275,0.53177
1,4.1817e+05,-0.348,13.72,195,800,-0.38671,13.571,185.61,728.49,0.28573,0.12408,0.026304,0.26073,0.11666,0.02272,0.24544,0.11243,0.020672,251,250,250,217,205,200,180,182,184,142,139,137,70,76,81,80,85,87,0.52954,0.53357,0.53171
1,4.1827e+05,-0.348,13.8,195,800,-0.37398,13.646,187.58,563.14,0.28826,0.12655,0.027008,0.25525,0.12357,0.023424,0.23436,0.12054,0.020992,251,252,251,211,219,217,187,186,182,149,145,140,77,76,74,87,84,83,0.52958,0.53484,0.53245
1,4.1837e+05,-0.348,13.88,195,800,-0.39202,13.731,186.68,884.51,0.32173,0.12664,0.029504,0.28012,0.12242,0.024768,0.23604,0.11536,0.020032,252,253,253,236,228,221,168,168,171,140,141,142,65,68,73,81,82,81,0.53785,0.53312,0.53044
1,4.1847e+05,-0.348,13.96,195,800,-0.3761,13.808,187.13,943.34,0.22858,0.1265,0.022272,0.20016,0.11953,0.018624,0.18934,0.11417,0.01664,252,253,253,222,223,223,156,161,165,142,141,142,66,68,71,78,78,79,0.52517,0.52868,0.53078
1,4.1857e+05,-0.348,14.04,195,800,-0.38353,13.883,187.23,871.2,0.21037,0.12938,0.020928,0.19238,0.12055,0.018048,0.1783,0.11636,0.016192,255,253,252,219,219,220,163,162,164,143,142,141,68,71,72,70,72,74,0.54106,0.53372,0.53116
1,4.1867e+05,-0.348,14.12,195,800,-0.36549,13.957,187.04,669.93,0.25171,0.12012,0.022912,0.23013,0.11337,0.019392,0.20176,0.11087,0.016832,251,252,252,225,222,220,168,167,166,140,140,141,70,72,74,66,70,74,0.54547,0.53441,0.53074
1,4.1877e+05,-0.348,14.2,195,800,-0.38565,14.047,187.11,602.05,0.28688,0.12603,0.027008,0.25365,0.11789,0.023168,0.23637,0.11405,0.020608,252,251,249,222,220,215,174,174,175,140,140,140,78,77,73,74,75,77,0.54952,0.53751,0.53413
1,4.1887e+05,-0.348,14.28,195,800,-0.38459,14.132,187.09,940.91,0.24474,0.12538,0.022912,0.21758,0.11807,0.019264,0.1967,0.11178,0.016768,242,244,245,201,202,203,179,180,179,133,134,134,68,67,65,80,80,80,0.52375,0.52746,0.52827
1,4.1897e+05,-0.348,14.36,195,800,-0.37716,14.209,187.88,726.54,0.23229,0.13156,0.022976,0.19929,0.12815,0.01984,0.18722,0.12104,0.017664,237,240,243,190,195,199,178,180,179,124,127,130,56,58,59,77,78,80,0.53288,0.53142,0.53228
1,4.1907e+05,-0.348,14.44,195,800,-0.38247,14.285,187.38,930.14,0.27911,0.1261,0.023872,0.21755,0.1217,0.01888,0.18238,0.11753,0.016512,243,242,242,191,195,196,175,174,174,117,119,122,48,50,53,71,73,77,0.54371,0.53566,0.53222
1,4.1917e+05,-0.348,14.52,195,800,-0.37716,14.37,187.43,860.79,0.29951,0.12421,0.025664,0.24135,0.11928,0.020736,0.21035,0.11431,0.017728,244,245,244,200,199,195,169,169,171,117,119,121,51,53,56,73,74,77,0.5379,0.53056,0.52984
1,4.1927e+05,-0.348,14.6,195,800,-0.37823,14.435,187.73,523.13,0.30363,0.1454,0.029056,0.25892,0.13332,0.02368,0.22655,0.12614,0.020096,250,248,246,191,191,192,164,166,168,121,122,121,73,69,65,76,79,83,0.53925,0.52861,0.52787
1,4.1937e+05,-0.348,14.68,195,800,-0.37716,14.514,186,1077.9,0.28224,0.12076,0.023616,0.22147,0.11776,0.01952,0.19786,0.11157,0.016896,248,248,247,207,191,189,167,170,170,117,119,120,72,70,67,91,89,89,0.53761,0.53436,0.53135
1,4.1947e+05,-0.348,14.76,195,800,-0.37504,14.59,186.25,772.78,0.24936,0.13118,0.024448,0.22056,0.12478,0.020928,0.20352,0.12043,0.018496,251,250,248,192,193,190,169,171,171,116,117,118,62,64,65,92,92,91,0.52727,0.52898,0.53194
1,4.1957e+05,-0.348,14.84,195,800,-0.38565,14.681,186.64,921.71,0.2594,0.12782,0.025088,0.22953,0.12081,0.021376,0.20229,0.11666,0.018112,251,250,248,186,190,193,172,171,170,115,113,111,54,56,59,88,91,93,0.52985,0.53291,0.53309
1,4.1967e+05,-0.348,14.92,195,800,-0.38353,14.76,186.33,1115.3,0.28241,0.12729,0.027136,0.24765,0.1209,0.022656,0.22476,0.11645,0.020032,249,248,248,189,194,196,165,167,168,105,108,109,55,57,60,88,92,96,0.53344,0.52887,0.53195
1,4.1977e+05,-0.348,15,195,800,-0.36549,14.822,187.11,837.05,0.2419,0.12424,0.022208,0.21906,0.11865,0.01952,0.20413,0.11221,0.017344,246,246,246,206,205,201,157,161,164,105,107,112,66,66,65,102,101,102,0.53486,0.53302,0.5335
1,4.1987e+05,-0.348,15.08,195,800,-0.37292,14.908,185.75,878.89,0.29397,0.12467,0.027008,0.26853,0.11624,0.023168,0.24778,0.11339,0.020544,241,244,245,199,198,195,163,163,165,122,124,127,70,72,74,101,105,108,0.53838,0.53563,0.53481
1,4.1997e+05,-0.348,15.16,195,800,-0.37823,14.992,186.11,763.39,0.25226,0.12585,0.02368,0.22224,0.11736,0.01952,0.19364,0.11504,0.01696,241,243,244,182,187,190,167,167,166,132,136,138,71,75,81,101,105,109,0.53077,0.53224,0.53486
1,4.2007e+05,-0.348,15.24,195,800,-0.3708,15.074,184.47,979.94,0.23392,0.13328,0.023232,0.2023,0.12635,0.020032,0.18739,0.125,0.01824,236,239,241,178,183,187,165,170,171,166,167,167,92,97,99,112,112,112,0.54229,0.53576,0.5354
1,4.2017e+05,-0.348,15.32,195,800,-0.38353,15.158,186.39,732.08,0.2286,0.12163,0.020992,0.19427,0.11653,0.017344,0.1735,0.11438,0.015488,236,238,240,198,193,188,171,173,174,188,184,184,114,112,105,113,116,115,0.52159,0.53423,0.53648
1,4.2027e+05,-0.348,15.4,195,800,-0.36125,15.226,186.78,620.1,0.24601,0.12072,0.022208,0.21689,0.11711,0.019072,0.19488,0.11323,0.016768,237,239,239,198,193,189,185,183,179,219,220,218,114,110,105,123,119,115,0.54022,0.53566,0.53862
1,4.2037e+05,-0.348,15.48,195,800,-0.37398,15.315,186.53,849.12,0.23029,0.12064,0.02112,0.20119,0.11899,0.018176,0.17563,0.11359,0.01536,244,241,239,185,188,190,180,179,179,248,246,242,92,95,101,103,106,110,0.54521,0.54665,0.54486
1,4.2047e+05,-0.348,15.56,195,800,-0.37292,15.404,186.76,797.05,0.23708,0.12361,0.021056,0.19518,0.12044,0.018304,0.18359,0.11546,0.016384,242,242,240,198,194,191,173,175,178,253,252,249,100,104,109,102,103,107,0.55475,0.54559,0.54729
1,4.2057e+05,-0.348,15.64,195,800,-0.39202,15.493,185.96,1205.8,0.25781,0.13703,0.026624,0.23501,0.12635,0.022528,0.2177,0.12332,0.020288,245,243,240,199,198,194,177,176,175,255,255,255,158,144,131,103,105,105,0.54795,0.54941,0.55088
1,4.2067e+05,-0.348,15.72,195,800,-0.3899,15.571,186.36,1243.8,0.23245,0.12352,0.021056,0.19833,0.11877,0.017536,0.16853,0.11305,0.015168,244,241,239,198,193,189,175,175,175,255,255,255,168,152,136,106,105,103,0.55312,0.55567,0.55444
1,4.2077e+05,-0.348,15.8,195,800,-0.37398,15.626,186.15,769.29,0.22575,0.12553,0.021248,0.20348,0.11514,0.017984,0.19275,0.11237,0.01664,230,232,233,165,170,171,172,174,175,255,255,255,120,125,127,97,97,99,0.55439,0.55863,0.56026
1,4.2087e+05,-0.348,15.88,195,800,-0.37292,15.719,185.37,689.52,0.26123,0.13289,0.026496,0.24312,0.1252,0.023488,0.2265,0.12064,0.021056,226,224,224,152,149,150,179,178,176,255,255,255,99,105,117,96,100,109,0.57965,0.57302,0.56978
1,4.2097e+05,-0.348,15.96,195,800,-0.3899,15.798,185.92,800.71,0.30197,0.12339,0.027904,0.26476,0.11608,0.022976,0.2419,0.11054,0.02048,212,218,221,140,140,143,180,177,176,255,255,255,105,113,118,111,114,119,0.58003,0.58148,0.58257
1,4.2404e+05,-0.441,16,195,800,-0.46947,15.773,0.15458,523.68,0,0,0,0,0,0,0,0,0,215,213,214,140,138,141,183,181,178,255,255,255,145,137,133,136,130,127,0.54631,0.54133,0.5403
1,4.2414e+05,-0.441,15.92,195,800,-0.44188,15.674,187.75,878.01,0.2607,0.113,0.01888,0.23083,0.11032,0.016448,0.18204,0.10901,0.014208,218,220,222,145,152,158,173,176,176,255,255,255,111,119,126,97,101,109,0.56606,0.57487,0.57598
1,4.2424e+05,-0.441,15.84,195,800,-0.46629,15.616,186.82,1025.1,0.22191,0.11838,0.020032,0.20225,0.11389,0.016896,0.18314,0.10939,0.015104,230,228,227,172,170,169,173,173,175,255,255,255,121,123,126,89,94,102,0.57063,0.56488,0.56308
1,4.2434e+05,-0.441,15.76,195,800,-0.46947,15.551,187.99,1048.4,0.24649,0.1857,0.031936,0.22504,0.17333,0.02624,0.2165,0.12937,0.02144,242,240,238,201,194,187,177,175,174,255,255,255,145,141,136,101,103,104,0.55817,0.55116,0.55431
1,4.2444e+05,-0.441,15.68,195,800,-0.4631,15.478,186.88,870.69,0.37136,0.11038,0.029376,0.3377,0.10186,0.023296,0.27125,0.098703,0.018112,243,242,239,198,194,190,181,177,174,255,255,255,140,142,138,106,108,107,0.56066,0.5513,0.54997
1,4.2454e+05,-0.441,15.6,195,800,-0.47584,15.404,187.39,956.14,0.29343,0.1372,0.029824,0.25563,0.13473,0.025536,0.22424,0.13082,0.022016,236,238,240,193,192,189,178,177,175,255,255,254,120,121,123,109,108,109,0.55243,0.5493,0.54933
1,4.2464e+05,-0.441,15.52,195,800,-0.47371,15.326,187.92,573.49,0.30848,0.14823,0.031552,0.27947,0.14068,0.026176,0.24898,0.13443,0.022912,242,239,237,190,185,183,175,176,176,251,250,245,90,95,103,107,111,112,0.55098,0.55,0.54753
1,4.2474e+05,-0.441,15.44,195,800,-0.46204,15.242,186.57,640.3,0.27903,0.15066,0.028544,0.25364,0.13534,0.023616,0.2308,0.11817,0.019968,240,239,237,170,177,184,178,177,175,245,240,234,90,93,98,119,118,115,0.54538,0.54191,0.54275
1,4.2484e+05,-0.441,15.36,195,800,-0.46098,15.16,188.07,961.95,0.25276,0.1334,0.025856,0.21901,0.12594,0.02112,0.19987,0.11711,0.01792,240,238,238,185,188,188,175,173,171,197,199,201,103,102,98,126,122,119,0.53872,0.53813,0.53702
1,4.2494e+05,-0.441,15.28,195,800,-0.46204,15.093,186.03,854.55,0.28052,0.12373,0.025984,0.26305,0.11648,0.022848,0.24946,0.11298,0.02048,239,239,238,201,195,189,170,170,169,175,178,182,109,103,96,114,118,119,0.54125,0.53629,0.53498
1,4.2504e+05,-0.441,15.2,195,800,-0.46947,15.017,187.64,1151.9,0.26265,0.12447,0.024832,0.2363,0.11913,0.02112,0.21273,0.11663,0.018944,243,241,239,176,182,188,169,168,167,151,150,152,91,88,85,113,114,114,0.53291,0.53494,0.53535
1,4.2514e+05,-0.441,15.12,195,800,-0.48008,14.941,186.19,1276.1,0.35164,0.12361,0.031552,0.31204,0.11561,0.0256,0.24221,0.11511,0.020992,243,241,239,188,185,185,164,166,167,132,131,131,69,71,72,110,109,109,0.52735,0.53436,0.53475
1,4.2524e+05,-0.441,15.04,195,800,-0.47371,14.873,186.74,759.14,0.30568,0.12477,0.025728,0.24499,0.1164,0.020288,0.21633,0.11399,0.018176,246,242,239,193,189,185,164,166,167,123,122,122,66,66,67,104,104,104,0.54008,0.53839,0.53681
1,4.2534e+05,-0.441,14.96,195,800,-0.46204,14.767,186.7,1079.3,0.31521,0.12726,0.029824,0.27851,0.1223,0.025792,0.25909,0.11753,0.02304,239,241,241,178,181,185,170,169,170,106,108,111,54,55,58,93,94,96,0.53327,0.53447,0.5342
1,4.2544e+05,-0.441,14.88,195,800,-0.46523,14.687,186.87,1238.3,0.32895,0.13124,0.031744,0.30689,0.1215,0.02752,0.28997,0.11584,0.024384,240,241,241,182,180,183,174,173,172,104,106,109,49,51,54,89,90,94,0.53378,0.53355,0.53434
1,4.2554e+05,-0.441,14.8,195,800,-0.48008,14.631,187.09,1010.2,0.26987,0.13242,0.027456,0.23926,0.12469,0.022912,0.22407,0.1199,0.02048,243,242,241,187,186,185,177,176,174,110,111,112,52,51,52,92,92,92,0.53117,0.5366,0.53527
1,4.2564e+05,-0.441,14.72,195,800,-0.45674,14.509,186.08,792.43,0.29583,0.12346,0.02752,0.26679,0.11838,0.023936,0.24034,0.11373,0.0208,238,240,242,173,180,187,179,177,173,114,117,118,54,56,57,93,92,90,0.5311,0.53021,0.53335
1,4.2574e+05,-0.441,14.64,195,800,-0.46098,14.475,186.75,841.77,0.31277,0.11961,0.027328,0.26522,0.1128,0.022144,0.22229,0.11004,0.018304,241,240,242,163,177,190,182,175,171,121,120,120,58,58,57,86,87,86,0.53553,0.53198,0.52975
1,4.2584e+05,-0.441,14.56,195,800,-0.46204,14.38,187.6,899.42,0.33607,0.12068,0.030336,0.30255,0.11334,0.025408,0.26867,0.11,0.021824,241,243,244,201,197,197,163,167,171,124,124,126,55,55,56,74,76,78,0.53884,0.52955,0.52864
1,4.2594e+05,-0.441,14.48,195,800,-0.47159,14.309,185.42,795.6,0.30255,0.12351,0.026752,0.26435,0.11708,0.022208,0.23252,0.11282,0.018816,246,245,244,213,207,203,168,171,174,127,128,130,53,52,54,72,73,76,0.53258,0.53468,0.53239
1,4.2604e+05,-0.441,14.4,195,800,-0.46523,14.213,185.34,1003.1,0.30193,0.13258,0.029248,0.27058,0.12245,0.024704,0.2529,0.11648,0.02176,241,242,243,208,205,204,194,188,181,136,139,142,51,51,54,77,78,79,0.53622,0.5355,0.53305
1,4.2614e+05,-0.441,14.32,195,800,-0.46735,14.162,185.09,1047.1,0.3121,0.12783,0.029376,0.27812,0.12252,0.02464,0.24904,0.11858,0.02144,247,246,245,195,202,208,188,185,182,150,150,148,56,57,58,99,92,84,0.53734,0.53401,0.53212
1,4.2624e+05,-0.441,14.24,195,800,-0.46417,14.072,186.12,788.81,0.27029,0.11781,0.023872,0.24041,0.11483,0.020608,0.21245,0.11096,0.0176,253,250,248,213,212,211,179,179,179,151,148,147,58,59,60,98,91,83,0.52044,0.5295,0.53046
1,4.2634e+05,-0.441,14.16,195,800,-0.46204,13.999,186.23,834.74,0.35782,0.12719,0.033216,0.32122,0.12119,0.02848,0.29698,0.11547,0.024768,251,252,252,233,228,220,170,173,173,139,141,143,62,64,65,73,76,78,0.52985,0.52564,0.52935
1,4.2644e+05,-0.441,14.08,195,800,-0.45143,13.89,186.92,864.65,0.33146,0.1252,0.030016,0.29018,0.11823,0.025152,0.25486,0.1132,0.020992,253,253,253,228,227,222,173,171,170,141,141,141,72,68,66,75,75,76,0.52244,0.52868,0.53022
1,4.2654e+05,-0.441,14,195,800,-0.47159,13.838,185.87,777.42,0.29544,0.12286,0.026816,0.25904,0.11915,0.022848,0.23964,0.11337,0.019904,254,254,253,223,221,221,161,164,167,136,139,140,64,64,65,84,80,76,0.53013,0.53025,0.52897
1,4.2664e+05,-0.441,13.92,195,800,-0.45886,13.746,186.4,668.36,0.31152,0.1262,0.028736,0.27416,0.11805,0.024192,0.24849,0.11564,0.0208,254,253,253,211,214,214,172,171,172,134,137,139,64,65,65,75,78,79,0.52999,0.53293,0.53171
1,4.2674e+05,-0.441,13.84,195,800,-0.4578,13.662,187.04,1067.2,0.2906,0.13187,0.028928,0.25791,0.12383,0.024128,0.22563,0.12121,0.020736,253,253,252,206,208,208,176,180,177,136,138,138,75,69,66,79,78,79,0.52903,0.52987,0.52842
1,4.2684e+05,-0.441,13.76,195,800,-0.47371,13.59,186.82,1056,0.25481,0.13864,0.027072,0.2326,0.13016,0.023232,0.21002,0.12465,0.02048,254,252,251,194,193,192,190,188,185,133,135,135,66,71,70,77,82,85,0.53669,0.53223,0.53046
1,4.2694e+05,-0.441,13.68,195,800,-0.47053,13.519,187.17,871.36,0.32506,0.1301,0.031232,0.29612,0.12189,0.02688,0.26575,0.11644,0.02336,250,251,251,184,185,185,181,187,187,126,130,132,76,73,71,89,89,88,0.53073,0.53379,0.53436
1,4.2704e+05,-0.441,13.6,195,800,-0.46629,13.419,187.05,845.72,0.27556,0.14965,0.029504,0.2451,0.1405,0.025216,0.22512,0.13228,0.022016,251,251,251,177,180,182,189,187,184,122,124,127,73,72,69,98,94,91,0.53841,0.53669,0.53295
1,4.2714e+05,-0.441,13.52,195,800,-0.45886,13.354,186.99,778.53,0.42595,0.12415,0.03552,0.35196,0.11869,0.027712,0.2856,0.1153,0.02304,249,251,252,191,186,185,180,180,179,128,128,128,60,63,65,79,84,90,0.53162,0.53147,0.53132
1,4.2724e+05,-0.441,13.44,195,800,-0.46629,13.289,187.01,819.44,0.25367,0.13258,0.025664,0.22897,0.12446,0.02176,0.20959,0.11467,0.018432,252,252,251,179,185,189,179,177,175,130,130,127,60,61,63,85,86,90,0.5396,0.52909,0.53058
1,4.2734e+05,-0.441,13.36,195,800,-0.46629,13.201,186.57,949.36,0.25935,0.12868,0.024,0.22769,0.12164,0.019968,0.19809,0.11701,0.017408,250,249,248,195,195,194,171,171,171,122,124,126,57,57,59,96,95,95,0.54708,0.53914,0.53329
1,4.2744e+05,-0.441,13.28,195,800,-0.44401,13.103,185.91,893.62,0.2723,0.13008,0.027264,0.23968,0.12595,0.023424,0.22151,0.12123,0.0208,245,247,246,203,199,194,169,169,170,119,123,126,53,56,60,97,98,98,0.52602,0.53167,0.53311
1,4.2754e+05,-0.441,13.2,195,800,-0.45462,13.026,185.31,854.21,0.2774,0.1359,0.028608,0.23675,0.13142,0.023936,0.2133,0.12627,0.020736,242,241,242,193,192,193,174,171,170,123,125,126,66,65,62,100,102,102,0.52482,0.53186,0.53345
1,4.2764e+05,-0.441,13.12,195,800,-0.44825,12.945,185.47,768.42,0.33854,0.12507,0.031616,0.28789,0.12156,0.02656,0.25715,0.11489,0.022336,246,244,243,193,193,193,167,171,173,121,122,123,54,57,59,105,104,103,0.53904,0.53682,0.53576
1,4.2774e+05,-0.441,13.04,195,800,-0.46417,12.873,185.15,892.54,0.29689,0.13789,0.030464,0.26151,0.13149,0.026048,0.23774,0.12177,0.02208,252,248,245,190,192,193,171,173,174,118,119,120,48,50,54,104,104,102,0.53129,0.53233,0.53465
1,4.2784e+05,-0.441,12.96,195,800,-0.45992,12.789,185.99,714.03,0.25242,0.12692,0.023744,0.22189,0.12078,0.020224,0.20776,0.11262,0.017728,244,247,248,180,186,191,176,174,172,117,117,118,45,46,47,99,97,97,0.54113,0.53853,0.53749
1,4.2794e+05,-0.441,12.88,195,800,-0.45037,12.705,187.18,870.88,0.30814,0.12963,0.029376,0.29282,0.12446,0.026432,0.27394,0.11775,0.022656,241,246,248,185,186,188,171,170,170,120,119,118,45,46,46,91,92,94,0.52802,0.53106,0.53246
1,4.2804e+05,-0.441,12.8,195,800,-0.46947,12.662,186.12,762.88,0.35195,0.14641,0.032704,0.31214,0.13987,0.02752,0.25514,0.11963,0.022144,252,251,250,185,186,188,159,164,166,116,116,115,44,45,47,89,91,95,0.53845,0.53456,0.53447
1,4.2814e+05,-0.441,12.72,195,800,-0.43976,12.545,186.15,799.96,0.2801,0.13306,0.026496,0.25723,0.12701,0.022656,0.21451,0.12307,0.0192,252,252,251,191,194,197,165,163,165,110,112,117,46,50,55,118,113,109,0.53945,0.53875,0.53824
1,4.2824e+05,-0.441,12.64,195,800,-0.46417,12.486,185.88,685.06,0.24797,0.13662,0.024192,0.22714,0.13021,0.021504,0.20751,0.12396,0.019072,251,252,252,208,205,202,159,165,167,115,117,120,56,59,61,128,122,116,0.54525,0.54359,0.53962
1,4.2834e+05,-0.441,12.56,195,800,-0.46098,12.409,186.82,787.46,0.28355,0.13804,0.029632,0.25566,0.13006,0.025472,0.2369,0.12433,0.022144,254,253,251,210,209,204,178,173,170,127,128,129,74,71,69,123,123,122,0.54464,0.53838,0.53865
1,4.2844e+05,-0.441,12.48,195,800,-0.4769,12.35,185.94,927.95,0.36977,0.1287,0.031744,0.22748,0.1274,0.021888,0.20666,0.12141,0.01952,251,251,250,202,203,202,171,172,172,126,130,133,67,71,73,123,120,118,0.5416,0.54137,0.54083
1,4.2854e+05,-0.441,12.4,195,800,-0.47159,12.257,186.8,861.79,0.29327,0.12814,0.029056,0.27609,0.11961,0.02528,0.2575,0.11542,0.02272,249,248,248,197,194,192,163,165,169,134,133,136,88,76,70,105,103,103,0.52682,0.53583,0.53629
1,4.2864e+05,-0.441,12.32,195,800,-0.46841,12.162,187.6,889.29,0.25229,0.12994,0.02528,0.23099,0.12515,0.022272,0.22216,0.11725,0.020352,247,247,247,180,184,186,165,163,164,142,140,141,62,65,68,81,83,88,0.54529,0.53724,0.53789
1,4.2874e+05,-0.441,12.24,195,800,-0.46204,12.082,186.08,886.61,0.32004,0.12834,0.030336,0.28405,0.12212,0.025536,0.25062,0.11608,0.022144,248,247,247,175,178,188,162,162,164,143,143,143,61,63,70,80,82,85,0.55699,0.53812,0.5381
1,4.2884e+05,-0.441,12.16,195,800,-0.45249,11.982,186.1,1119.5,0.28883,0.12017,0.025664,0.24105,0.11631,0.021248,0.21428,0.11292,0.01856,247,247,247,202,203,205,172,170,168,146,147,149,98,87,78,96,94,90,0.5393,0.54272,0.5393
1,4.2894e+05,-0.441,12.08,195,800,-0.47478,11.951,186,639.51,0.27666,0.13221,0.025344,0.23576,0.12412,0.021184,0.20858,0.12013,0.01824,247,247,246,242,224,209,184,177,171,147,150,151,113,95,80,114,102,90,0.54386,0.53495,0.53791
1,4.2904e+05,-0.441,12,195,800,-0.45992,11.855,186.49,731.38,0.27722,0.12856,0.027136,0.24597,0.12322,0.023232,0.22692,0.11751,0.020352,245,244,245,198,205,207,184,178,172,150,153,156,75,77,78,95,91,85,0.54209,0.54234,0.54405
1,4.2914e+05,-0.441,11.92,195,800,-0.46735,11.772,187.52,973.91,0.21842,0.13397,0.022208,0.19779,0.12664,0.019392,0.18156,0.12049,0.017152,248,247,248,190,189,197,169,168,169,152,155,155,71,71,73,73,73,77,0.55507,0.55019,0.54835
1,4.2924e+05,-0.441,11.84,195,800,-0.4578,11.695,188.03,1043.7,0.28834,0.13334,0.0288,0.2649,0.12081,0.023872,0.236,0.11738,0.020928,252,252,251,198,199,199,162,166,168,153,152,155,75,74,73,74,75,79,0.54921,0.54606,0.54768
1,4.2934e+05,-0.441,11.76,195,800,-0.47796,11.634,186.42,1235.8,0.29113,0.12936,0.028416,0.2674,0.123,0.02464,0.24362,0.1199,0.02176,255,255,255,214,212,207,172,171,169,157,156,155,66,70,73,95,93,93,0.54629,0.54753,0.5491
1,4.2944e+05,-0.441,11.68,195,800,-0.4631,11.551,188.22,582.03,0.21469,0.13397,0.022656,0.19733,0.1275,0.019648,0.18734,0.12115,0.017856,255,255,255,213,206,208,176,172,171,165,158,152,63,66,72,107,104,103,0.55216,0.54897,0.54977
1,4.2954e+05,-0.441,11.6,195,800,-0.47265,11.45,187.63,830.21,0.2662,0.11921,0.022656,0.22767,0.11159,0.018752,0.19864,0.10864,0.016128,255,255,255,202,201,202,172,173,171,140,143,145,74,76,81,130,127,126,0.56249,0.55321,0.55179
1,4.2964e+05,-0.441,11.52,195,800,-0.46523,11.37,187.09,1013.4,0.2479,0.11857,0.021888,0.21322,0.11409,0.018432,0.18308,0.1087,0.015744,255,254,254,198,201,198,170,170,170,139,138,136,109,104,94,154,159,164,0.54421,0.54874,0.55219
1,4.2974e+05,-0.441,11.44,195,800,-0.4769,11.306,188.16,919.5,0.24717,0.12135,0.022272,0.20994,0.11598,0.018304,0.18198,0.11053,0.015488,254,254,254,201,196,197,166,170,170,143,136,133,118,105,95,189,189,188,0.55665,0.55415,0.55503
1,4.2984e+05,-0.441,11.36,195,800,-0.45992,11.225,186.87,1056.2,0.21387,0.12557,0.020736,0.18681,0.12152,0.017728,0.17857,0.11579,0.015872,252,252,252,191,198,203,180,172,165,121,125,126,84,85,85,255,247,233,0.5637,0.5592,0.55733
1,4.2994e+05,-0.441,11.28,195,800,-0.46735,11.146,187.4,765.46,0.25092,0.12671,0.02464,0.23033,0.11824,0.02112,0.21914,0.11147,0.019072,250,251,253,206,207,211,168,166,162,118,120,125,80,76,76,255,254,248,0.55584,0.55806,0.55923
1,4.3004e+05,-0.441,11.2,195,800,-0.47159,11.073,186.49,574.46,0.23837,0.13134,0.023232,0.22642,0.12356,0.020864,0.21789,0.11844,0.019008,255,254,253,233,229,222,153,153,155,130,132,141,73,69,72,255,253,249,0.56593,0.56516,0.56594
1,4.3014e+05,-0.441,11.12,195,800,-0.47584,10.996,187.42,1148.9,0.21777,0.12423,0.02048,0.19709,0.11839,0.017984,0.188,0.11176,0.01632,255,255,254,213,214,215,157,157,157,182,185,187,74,82,92,233,230,226,0.57575,0.57504,0.57576
1,4.3024e+05,-0.441,11.04,195,800,-0.45143,10.892,187.16,720.42,0.29788,0.12656,0.027712,0.27021,0.1202,0.023616,0.25007,0.1138,0.0208,254,254,254,199,201,206,163,163,161,220,216,210,98,104,105,210,212,214,0.58537,0.58796,0.57669
1,4.3331e+05,-0.534,11,195,800,-0.55647,10.907,0.62797,668.38,0,0,0,0,0,0,0,0,0,251,252,252,152,165,178,158,156,157,244,242,237,139,128,125,182,188,193,0.49789,0.50328,0.5091
1,4.3341e+05,-0.534,11.08,195,800,-0.55647,10.98,187.01,937.11,0.24279,0.10615,0.016576,0.20481,0.1036,0.014272,0.16472,0.10175,0.012544,255,255,254,210,207,204,142,144,149,212,207,200,79,84,94,227,223,221,0.58237,0.58646,0.58327
1,4.3351e+05,-0.534,11.16,195,800,-0.55329,11.07,185.77,629.59,0.31164,0.1161,0.025728,0.2941,0.1086,0.021952,0.16764,0.1109,0.014272,255,255,254,236,226,215,135,139,146,169,173,175,64,69,77,246,242,235,0.56663,0.56893,0.57115
1,4.3361e+05,-0.534,11.24,195,800,-0.583,11.155,187.1,988.72,0.24345,0.1289,0.024128,0.21197,0.12077,0.019968,0.19345,0.11626,0.0176,251,251,252,221,221,217,143,146,150,120,125,133,59,64,70,255,254,250,0.55926,0.56185,0.56389
1,4.3371e+05,-0.534,11.32,195,800,-0.56178,11.211,187.46,990.83,0.30445,0.12848,0.029504,0.26009,0.12199,0.024576,0.24512,0.11568,0.022016,246,250,252,202,207,210,157,156,155,116,119,124,69,72,77,255,251,244,0.55663,0.56006,0.55876
1,4.3381e+05,-0.534,11.4,195,800,-0.56708,11.304,187.65,925.27,0.24184,0.12179,0.021376,0.1986,0.11704,0.017792,0.18221,0.11382,0.016064,255,253,252,186,187,192,161,163,163,124,124,124,108,104,93,216,212,207,0.54671,0.55574,0.5556
1,4.3391e+05,-0.534,11.48,195,800,-0.55753,11.361,187.55,651.69,0.28312,0.13221,0.026624,0.23215,0.12237,0.02144,0.20711,0.11555,0.018304,254,254,253,173,184,190,163,164,165,127,127,128,98,98,92,144,152,161,0.55203,0.556,0.55323
1,4.3401e+05,-0.534,11.56,195,800,-0.57981,11.475,185.98,834.55,0.28696,0.12912,0.027904,0.25517,0.12183,0.02336,0.22857,0.11611,0.020288,254,254,254,196,190,191,166,165,166,126,130,133,73,81,87,133,135,139,0.5402,0.55138,0.55186
1,4.3411e+05,-0.534,11.64,195,800,-0.54692,11.507,186.95,843.05,0.29555,0.12703,0.028416,0.27157,0.1176,0.024256,0.25344,0.11065,0.021312,254,254,254,198,207,205,169,169,171,154,148,143,82,81,77,100,106,111,0.54452,0.54967,0.54997
1,4.3421e+05,-0.534,11.72,195,800,-0.56178,11.599,185.94,803.2,0.28617,0.12203,0.0256,0.26284,0.11706,0.022464,0.24298,0.11224,0.019392,254,254,254,225,213,208,170,171,171,159,154,147,94,84,76,90,94,100,0.53762,0.54551,0.54811
1,4.3431e+05,-0.534,11.8,195,800,-0.55011,11.68,186.11,861.95,0.24371,0.12189,0.0224,0.20576,0.11841,0.018624,0.18193,0.11066,0.01568,255,254,253,203,208,210,166,168,169,145,150,152,69,72,74,77,80,83,0.53846,0.54002,0.54414
1,4.3441e+05,-0.534,11.88,195,800,-0.55223,11.77,186.48,1132.2,0.28309,0.12781,0.026624,0.25364,0.11998,0.022656,0.23785,0.11238,0.020032,250,250,249,202,205,206,160,163,167,158,154,152,71,70,71,68,70,75,0.55323,0.55095,0.54707
1,4.3451e+05,-0.534,11.96,195,800,-0.55966,11.839,185.96,751.12,0.28625,0.12689,0.026304,0.23352,0.1225,0.021632,0.20887,0.11575,0.01824,246,246,247,210,210,209,159,164,167,161,157,153,70,70,72,67,72,78,0.54357,0.54304,0.54552
1,4.3461e+05,-0.534,12.04,195,800,-0.55859,11.913,186.58,633.5,0.28316,0.12581,0.022976,0.20722,0.11946,0.018496,0.18843,0.1139,0.015936,244,243,243,234,225,213,164,168,169,161,157,152,70,76,78,88,89,87,0.54827,0.54345,0.54231
1,4.3471e+05,-0.534,12.12,195,800,-0.56178,11.995,185.55,809.31,0.33484,0.13524,0.034752,0.31357,0.12873,0.030464,0.29618,0.11971,0.026816,243,243,243,227,220,209,168,167,167,161,155,150,79,80,78,93,93,90,0.52463,0.53435,0.53658
1,4.3481e+05,-0.534,12.2,195,800,-0.57451,12.075,185.19,840.03,0.28091,0.13392,0.024704,0.20406,0.1306,0.019648,0.19152,0.12166,0.017472,238,241,243,185,189,193,150,158,165,144,145,145,68,73,78,86,86,87,0.54715,0.54157,0.54005
1,4.3491e+05,-0.534,12.28,195,800,-0.5639,12.156,185.62,1093.8,0.25982,0.15169,0.030272,0.24104,0.14613,0.027008,0.22998,0.13756,0.024576,246,246,244,178,176,180,165,164,166,143,140,139,75,75,76,80,83,87,0.52927,0.53658,0.53931
1,4.3501e+05,-0.534,12.36,195,800,-0.56496,12.235,186.3,578.72,0.32381,0.13951,0.033472,0.2923,0.13677,0.029888,0.2642,0.12689,0.025472,250,247,245,170,179,182,167,168,168,136,138,138,73,79,77,86,88,92,0.52928,0.53538,0.53779
1,4.3511e+05,-0.534,12.44,195,800,-0.56708,12.323,186.5,760.81,0.35359,0.14334,0.03776,0.30833,0.1365,0.032064,0.29235,0.12728,0.028224,245,247,248,191,192,189,173,172,172,137,138,137,71,72,73,105,106,106,0.54482,0.54142,0.53885
1,4.3521e+05,-0.534,12.52,195,800,-0.57663,12.396,187.49,935.36,0.30508,0.13687,0.032,0.28094,0.12624,0.027392,0.25364,0.12363,0.024128,249,249,249,191,194,194,175,174,172,145,141,136,60,66,70,109,112,114,0.53389,0.53612,0.53823
1,4.3531e+05,-0.534,12.6,195,800,-0.56496,12.468,186.41,862.8,0.29646,0.12964,0.028736,0.25892,0.12292,0.024448,0.24171,0.11545,0.021504,252,251,250,190,193,194,171,169,168,137,132,127,55,56,57,129,124,119,0.54043,0.54278,0.54053
1,4.3541e+05,-0.534,12.68,195,800,-0.56814,12.553,186.61,813,0.36785,0.1186,0.030272,0.29845,0.11443,0.023552,0.22642,0.10955,0.018304,247,249,250,185,186,189,157,161,165,109,113,117,47,48,50,112,112,109,0.51719,0.53487,0.53533
1,4.3551e+05,-0.534,12.76,195,800,-0.55011,12.634,187.5,837.87,0.32678,0.12495,0.028608,0.27666,0.1139,0.022336,0.19793,0.11751,0.017792,252,250,249,177,183,189,161,163,164,110,112,115,48,47,48,96,99,101,0.53454,0.54046,0.53603
1,4.3561e+05,-0.534,12.84,195,800,-0.54586,12.683,186.34,1238,0.29375,0.13715,0.029888,0.26793,0.13023,0.02592,0.24202,0.12625,0.022656,252,251,250,192,189,187,163,163,166,118,117,116,48,48,47,88,89,92,0.53747,0.53407,0.53597
1,4.3571e+05,-0.534,12.92,195,800,-0.55541,12.777,188.09,992.85,0.252,0.13026,0.024512,0.21836,0.12352,0.020288,0.2017,0.11763,0.017856,253,251,249,192,191,189,160,165,168,117,118,118,47,47,48,89,92,93,0.52737,0.53458,0.53486
1,4.3581e+05,-0.534,13,195,800,-0.55859,12.846,186.85,592.26,0.316,0.12634,0.0288,0.27768,0.11852,0.024448,0.24305,0.11473,0.020928,245,246,247,183,185,187,178,175,172,124,122,120,49,49,50,102,99,98,0.53911,0.5343,0.53556
1,4.3591e+05,-0.534,13.08,195,800,-0.56708,12.944,187.18,601.86,0.29481,0.12662,0.026944,0.25199,0.12186,0.02304,0.23309,0.11395,0.019968,238,242,244,181,184,188,177,175,173,127,129,125,52,55,56,95,98,100,0.51752,0.52645,0.53272
1,4.3601e+05,-0.534,13.16,195,800,-0.54692,13.03,186.63,1299.1,0.30877,0.13196,0.030272,0.2782,0.12143,0.025216,0.24334,0.11704,0.02144,243,242,243,191,189,190,170,170,171,143,133,125,57,56,56,95,98,101,0.52947,0.53451,0.53523
1,4.3611e+05,-0.534,13.24,195,800,-0.56072,13.113,187.37,984.17,0.25554,0.12236,0.02336,0.2294,0.11638,0.020416,0.19921,0.1146,0.017728,246,245,244,194,198,198,167,167,169,121,124,124,50,52,56,102,101,101,0.53855,0.5398,0.53657
1,4.3621e+05,-0.534,13.32,195,800,-0.55859,13.189,185.53,982.98,0.23031,0.12883,0.022464,0.20795,0.11915,0.019072,0.19404,0.116,0.017344,245,246,246,200,201,199,167,167,169,117,120,124,50,52,57,98,100,100,0.5453,0.53567,0.5347
1,4.3631e+05,-0.534,13.4,195,800,-0.5639,13.249,185.81,822.93,0.28317,0.13127,0.027392,0.24139,0.12279,0.0224,0.2103,0.11995,0.0192,245,248,250,197,195,197,165,168,171,130,127,126,66,63,60,94,94,93,0.53259,0.53361,0.53308
1,4.3641e+05,-0.534,13.48,195,800,-0.57663,13.352,186.93,939.87,0.26241,0.11907,0.023104,0.22454,0.11473,0.019072,0.21027,0.11052,0.016768,254,252,251,187,190,190,174,174,175,128,127,126,60,61,62,83,85,88,0.53158,0.53479,0.5342
1,4.3651e+05,-0.534,13.56,195,800,-0.55647,13.397,187.55,893.32,0.26139,0.12848,0.02496,0.23897,0.11864,0.021184,0.22363,0.11399,0.0192,252,252,251,187,187,184,180,180,180,123,124,125,55,58,62,84,86,88,0.53295,0.5317,0.53114
1,4.3661e+05,-0.534,13.64,195,800,-0.5639,13.481,186.63,833.68,0.25926,0.13343,0.026112,0.23732,0.12616,0.022656,0.21434,0.12204,0.019776,250,250,250,166,168,174,200,191,185,124,125,126,57,59,61,94,92,88,0.53203,0.52952,0.53134
1,4.3671e+05,-0.534,13.72,195,800,-0.55329,13.569,187.73,542.12,0.2002,0.12637,0.019328,0.17406,0.11775,0.015936,0.16248,0.11352,0.014144,250,250,250,158,163,170,194,190,185,129,128,129,61,61,61,91,89,87,0.53636,0.5323,0.53097
1,4.3681e+05,-0.534,13.8,195,800,-0.55753,13.651,186.64,864.22,0.23661,0.12248,0.022272,0.22708,0.11457,0.019456,0.21107,0.1094,0.017152,248,249,250,171,177,184,181,178,178,137,134,133,58,60,62,81,80,80,0.5387,0.52943,0.52992
1,4.3691e+05,-0.534,13.88,195,800,-0.54905,13.743,186.04,1011.1,0.26861,0.12166,0.02272,0.22355,0.12002,0.019392,0.20503,0.11064,0.016768,253,252,251,227,214,205,169,168,170,136,136,136,59,59,60,74,75,76,0.52027,0.52814,0.53012
1,4.3701e+05,-0.534,13.96,195,800,-0.55223,13.809,186.8,698.14,0.26694,0.12359,0.025024,0.24629,0.11928,0.022208,0.23442,0.11075,0.01952,253,252,251,225,221,214,165,165,168,140,138,137,56,59,62,73,75,76,0.51736,0.53177,0.53219
1,4.3711e+05,-0.534,14.04,195,800,-0.56072,13.886,186.96,860.43,0.28444,0.12797,0.026496,0.25324,0.12156,0.022784,0.23473,0.11596,0.020544,250,250,250,211,214,216,170,171,171,142,140,139,69,66,63,77,77,76,0.52292,0.5352,0.53356
1,4.3721e+05,-0.534,14.12,195,800,-0.56708,13.975,186.1,544.42,0.27088,0.13265,0.027264,0.24144,0.12612,0.023232,0.22246,0.12211,0.020608,251,250,250,208,211,214,180,176,173,141,140,140,68,66,63,76,77,77,0.51948,0.53195,0.53203
1,4.3731e+05,-0.534,14.2,195,800,-0.54056,14.027,185.27,974.12,0.25449,0.12452,0.023488,0.22875,0.11731,0.020288,0.21347,0.11374,0.018432,254,252,249,205,207,208,179,177,176,143,145,147,54,56,61,79,79,80,0.53572,0.53105,0.53274
1,4.3741e+05,-0.534,14.28,195,800,-0.55859,14.128,186.86,1035.6,0.27963,0.12009,0.02464,0.22885,0.11759,0.020736,0.20131,0.11526,0.017792,240,243,244,209,207,207,176,178,179,177,168,157,57,59,61,86,83,80,0.52042,0.52949,0.53126
1,4.3751e+05,-0.534,14.36,195,800,-0.54799,14.194,185.68,669.59,0.22354,0.12522,0.020672,0.18416,0.12324,0.017472,0.16729,0.11604,0.014912,236,239,242,211,210,208,183,182,180,194,175,158,59,60,62,83,81,79,0.53822,0.53401,0.53052
1,4.3761e+05,-0.534,14.44,195,800,-0.56708,14.306,186.26,834.34,0.25947,0.12312,0.023424,0.23594,0.11527,0.02016,0.20887,0.11302,0.017216,245,243,242,211,213,211,180,179,177,155,154,149,53,57,59,73,74,76,0.5405,0.53064,0.52966
1,4.3771e+05,-0.534,14.52,195,800,-0.57557,14.375,184.19,859.54,0.22331,0.13223,0.022208,0.20243,0.1274,0.0192,0.18314,0.12169,0.016704,248,246,244,206,212,211,173,173,174,140,140,140,51,53,57,76,76,77,0.52882,0.52806,0.53072
1,4.3781e+05,-0.534,14.6,195,800,-0.56602,14.456,185.89,1197.6,0.2281,0.12754,0.021376,0.19366,0.12046,0.017728,0.17093,0.11518,0.015232,247,243,242,216,207,201,170,170,171,125,127,127,49,51,53,88,86,84,0.53944,0.53514,0.53393
1,4.3791e+05,-0.534,14.68,195,800,-0.56284,14.53,186.39,872.22,0.28005,0.12916,0.02592,0.24314,0.12002,0.021952,0.22143,0.1177,0.019712,231,234,238,190,194,192,170,172,174,124,122,120,48,49,50,96,94,92,0.53457,0.52956,0.53288
1,4.3801e+05,-0.534,14.76,195,800,-0.56496,14.616,186.67,889.33,0.29625,0.13022,0.02912,0.27444,0.12109,0.025216,0.24991,0.11515,0.021888,236,234,236,195,190,187,172,174,176,118,117,117,47,47,50,93,95,95,0.53007,0.53564,0.53663
1,4.3811e+05,-0.534,14.84,195,800,-0.56496,14.686,186.61,782.64,0.28626,0.12618,0.02688,0.25464,0.1173,0.022272,0.22692,0.1151,0.01984,233,234,236,174,177,181,181,178,177,105,108,113,46,49,53,94,96,98,0.53621,0.53423,0.53658
1,4.3821e+05,-0.534,14.92,195,800,-0.56602,14.771,185.43,565.69,0.26961,0.12488,0.024704,0.23566,0.11619,0.02048,0.21237,0.11159,0.018048,231,233,235,167,172,179,178,178,176,108,110,114,50,53,57,94,97,100,0.53974,0.53969,0.53764
1,4.3831e+05,-0.534,15,195,800,-0.55541,14.85,186.52,797.27,0.29448,0.13342,0.028672,0.26291,0.12539,0.024704,0.23961,0.12322,0.022208,234,233,234,177,179,181,175,175,174,120,121,122,66,66,67,106,105,104,0.53235,0.53445,0.53453
1,4.3841e+05,-0.534,15.08,195,800,-0.55541,14.929,186.43,899.97,0.24872,0.12223,0.023168,0.21756,0.11429,0.019072,0.18851,0.11313,0.016704,226,230,235,182,182,184,179,175,171,138,136,136,78,76,74,111,112,112,0.53222,0.53384,0.53534
1,4.3851e+05,-0.534,15.16,195,800,-0.55117,14.992,185.92,618.67,0.26584,0.12233,0.024256,0.23762,0.11503,0.020352,0.20574,0.11096,0.01728,229,232,236,175,182,185,175,171,168,143,144,144,77,78,77,119,118,116,0.53113,0.53598,0.5357
1,4.3861e+05,-0.534,15.24,195,800,-0.55647,15.075,184.77,529.68,0.28386,0.11991,0.023744,0.23739,0.11744,0.01984,0.21514,0.10919,0.016768,241,240,239,203,194,186,155,159,164,163,164,167,70,76,80,130,124,120,0.54357,0.54049,0.53776
1,4.3871e+05,-0.534,15.32,195,800,-0.54905,15.15,185.77,844.07,0.27824,0.11782,0.024128,0.23538,0.1145,0.020032,0.20183,0.11154,0.017152,240,239,238,204,195,186,153,157,163,179,179,183,72,77,83,120,122,120,0.53598,0.53194,0.53498
1,4.3881e+05,-0.534,15.4,195,800,-0.55753,15.236,185.7,1132.6,0.2401,0.11418,0.020608,0.22018,0.10766,0.017856,0.2012,0.10367,0.015616,230,233,235,180,181,181,162,165,167,223,223,221,87,87,90,114,115,114,0.53099,0.5426,0.54219
1,4.3891e+05,-0.534,15.48,195,800,-0.55647,15.321,186.06,918.31,0.24238,0.12273,0.021568,0.22973,0.11767,0.018752,0.21163,0.11074,0.016448,231,231,233,173,174,174,171,172,172,254,252,247,103,104,106,111,109,109,0.5589,0.54861,0.5467
1,4.3901e+05,-0.534,15.56,195,800,-0.53631,15.385,185.74,633.61,0.2675,0.12778,0.02592,0.24117,0.12524,0.022976,0.22326,0.11727,0.01984,230,233,235,171,171,173,173,173,173,255,255,253,113,116,117,108,108,109,0.55274,0.54955,0.54903
1,4.3911e+05,-0.534,15.64,195,800,-0.56496,15.479,184.56,889.55,0.27139,0.11943,0.022272,0.22761,0.11676,0.017664,0.18667,0.11258,0.01504,244,242,239,167,173,180,167,169,172,255,255,255,141,138,135,122,116,110,0.55005,0.55039,0.54998
1,4.3921e+05,-0.534,15.72,195,800,-0.56072,15.561,186.67,995.51,0.26262,0.12426,0.025024,0.23414,0.11728,0.02112,0.20951,0.11152,0.018176,246,243,240,179,183,186,164,168,171,255,255,255,142,139,137,127,118,109,0.55058,0.55313,0.55348
1,4.3931e+05,-0.534,15.8,195,800,-0.5639,15.623,186.76,888.05,0.31816,0.13262,0.030912,0.27781,0.12469,0.025664,0.25113,0.12205,0.023104,232,233,233,203,197,186,172,171,173,255,255,255,124,128,131,102,104,107,0.55555,0.55903,0.56065
1,4.3941e+05,-0.534,15.88,195,800,-0.56814,15.711,187.56,895.84,0.27837,0.12268,0.024512,0.24863,0.11716,0.020864,0.2167,0.11351,0.017984,218,219,222,162,166,167,176,176,176,255,255,255,140,135,133,106,112,119,0.57463,0.56868,0.57016
1,4.3951e+05,-0.534,15.96,195,800,-0.55647,15.77,187.31,537.02,0.29066,0.12381,0.027584,0.2672,0.11716,0.023808,0.24286,0.10878,0.020416,212,215,218,148,151,156,179,177,176,255,255,255,157,144,137,126,131,130,0.59642,0.58664,0.57723
1,4.4258e+05,-0.627,16,195,800,-0.65408,15.775,0.051959,778.75,0,0,0,0,0,0,0,0,0,220,222,223,152,152,152,167,174,176,255,255,255,158,153,150,166,165,167,0.53736,0.53881,0.5357
1,4.4268e+05,-0.627,15.92,195,800,-0.65939,15.7,186.79,985.05,0.22795,0.12671,0.019584,0.16083,0.11542,0.014464,0.15202,0.10684,0.012864,223,226,228,158,165,170,181,181,179,255,255,255,118,125,134,134,137,142,0.57715,0.57562,0.57683
1,4.4278e+05,-0.627,15.84,195,800,-0.64453,15.614,187.64,908.12,0.25755,0.11116,0.021504,0.2314,0.10556,0.017984,0.19528,0.10323,0.015296,229,230,233,183,184,181,176,178,179,255,255,255,111,119,131,117,121,128,0.55786,0.56032,0.56311
1,4.4288e+05,-0.627,15.76,195,800,-0.63817,15.557,186.59,761.99,0.28162,0.12813,0.027392,0.2569,0.12147,0.023104,0.22231,0.12052,0.020224,239,241,240,212,200,189,171,172,175,255,255,255,138,138,139,106,108,111,0.55463,0.55675,0.55653
1,4.4298e+05,-0.627,15.68,195,800,-0.65196,15.475,186.93,829.43,0.36103,0.12262,0.032448,0.3172,0.11403,0.025664,0.26062,0.11085,0.019776,245,243,242,184,185,184,169,171,173,255,255,255,148,149,144,109,109,108,0.55761,0.55646,0.55373
1,4.4308e+05,-0.627,15.6,195,800,-0.66894,15.437,187.37,521.93,0.31329,0.1291,0.028672,0.23413,0.11983,0.02144,0.20936,0.11447,0.018304,236,236,237,151,157,166,169,170,171,255,255,255,156,146,136,100,103,105,0.54326,0.54561,0.54867
1,4.4318e+05,-0.627,15.52,195,800,-0.64878,15.335,186.88,466.73,0.33611,0.12953,0.032832,0.31832,0.11901,0.027968,0.29752,0.11015,0.02432,227,229,232,159,163,168,176,172,170,254,252,248,107,112,112,99,100,103,0.54728,0.54673,0.54833
1,4.4328e+05,-0.627,15.44,195,800,-0.65302,15.251,185.98,1090.6,0.30396,0.1308,0.028032,0.25651,0.12711,0.023232,0.23874,0.11787,0.01984,232,231,232,174,174,173,172,172,170,249,243,237,94,96,99,102,104,106,0.53263,0.54296,0.54413
1,4.4338e+05,-0.627,15.36,195,800,-0.65833,15.184,185.12,729.59,0.34809,0.12893,0.032,0.29379,0.12173,0.025664,0.23297,0.1167,0.020096,237,237,235,181,180,180,165,165,166,201,204,206,78,79,81,114,115,115,0.54618,0.54081,0.54035
1,4.4348e+05,-0.627,15.28,195,800,-0.65514,15.092,185.67,785.94,0.31313,0.1334,0.031104,0.29219,0.12328,0.02688,0.28526,0.11149,0.023488,242,240,237,166,174,180,159,161,165,184,185,187,74,73,76,122,122,119,0.53747,0.53906,0.53887
1,4.4358e+05,-0.627,15.2,195,800,-0.64347,15.002,186.63,822.48,0.29866,0.12179,0.026176,0.25858,0.11503,0.021888,0.23517,0.11214,0.019008,241,240,237,180,178,179,161,164,168,156,157,159,69,70,72,122,123,120,0.53038,0.53626,0.53748
1,4.4368e+05,-0.627,15.12,195,800,-0.64984,14.931,185.55,1125.6,0.27508,0.11769,0.023744,0.25276,0.11102,0.02048,0.23363,0.10466,0.017984,232,233,235,190,187,183,174,175,173,136,140,142,79,75,74,110,112,115,0.52855,0.53739,0.53945
1,4.4378e+05,-0.627,15.04,195,800,-0.64241,14.852,186.39,934.37,0.25776,0.12405,0.02368,0.2309,0.11883,0.020672,0.21043,0.11462,0.018496,229,232,234,194,188,184,174,175,176,133,136,136,75,77,76,112,110,111,0.54696,0.54131,0.53899
1,4.4388e+05,-0.627,14.96,195,800,-0.65196,14.771,188.07,925.6,0.30223,0.12893,0.029824,0.28204,0.11981,0.025728,0.26148,0.11404,0.022848,233,234,235,178,181,183,178,178,177,126,127,127,81,76,71,106,110,111,0.52611,0.53698,0.53642
1,4.4398e+05,-0.627,14.88,195,800,-0.66257,14.717,186.2,640.1,0.28217,0.12259,0.026112,0.26647,0.11662,0.023168,0.25072,0.10892,0.020608,235,236,237,171,177,185,183,180,177,121,123,123,72,68,67,114,113,109,0.53493,0.53585,0.5345
1,4.4408e+05,-0.627,14.8,195,800,-0.6753,14.644,186.74,790.03,0.29856,0.12245,0.026048,0.23768,0.11902,0.020352,0.20452,0.11167,0.017088,236,237,239,186,188,192,177,176,176,124,122,120,49,53,56,110,107,103,0.54015,0.53644,0.5342
1,4.4418e+05,-0.627,14.72,195,800,-0.65727,14.553,185.98,944.94,0.31072,0.13645,0.032384,0.28557,0.13029,0.028288,0.2629,0.12507,0.024896,237,240,241,197,200,203,172,171,172,121,124,125,52,52,53,90,90,92,0.53497,0.53248,0.53397
1,4.4428e+05,-0.627,14.64,195,800,-0.65833,14.461,188.37,693.43,0.27961,0.13473,0.02784,0.24106,0.12751,0.023296,0.22043,0.1219,0.020608,241,243,243,200,204,206,170,170,171,125,127,128,55,53,52,84,86,87,0.53001,0.53242,0.53362
1,4.4438e+05,-0.627,14.56,195,800,-0.65196,14.391,188,1061.6,0.28815,0.12309,0.025664,0.22983,0.12011,0.020928,0.20893,0.11682,0.018432,247,247,246,219,213,209,165,168,171,129,133,137,53,56,59,79,80,82,0.53001,0.5385,0.53562
1,4.4448e+05,-0.627,14.48,195,800,-0.65621,14.299,187.17,927.66,0.29942,0.11721,0.023936,0.27311,0.11134,0.020736,0.24594,0.10479,0.0176,244,245,245,221,216,210,167,170,172,139,141,143,64,65,65,79,78,79,0.52335,0.53398,0.53418
1,4.4458e+05,-0.627,14.4,195,800,-0.6456,14.243,186.33,609.78,0.30771,0.12304,0.025984,0.23861,0.11485,0.020608,0.21579,0.10838,0.01792,235,238,240,212,210,206,177,175,173,157,158,155,91,84,74,70,72,75,0.53406,0.53328,0.5336
1,4.4468e+05,-0.627,14.32,195,800,-0.65302,14.133,186.64,826.69,0.27877,0.12332,0.02496,0.2435,0.1173,0.021376,0.22618,0.11187,0.019136,241,241,242,196,198,200,166,169,172,154,156,155,71,71,70,67,70,74,0.53625,0.53503,0.53404
1,4.4478e+05,-0.627,14.24,195,800,-0.65302,14.068,186.81,876.87,0.333,0.12667,0.028544,0.24796,0.12568,0.023616,0.22665,0.11777,0.020224,249,246,244,195,196,197,164,168,173,145,148,151,61,63,65,69,72,75,0.52272,0.53041,0.53331
1,4.4488e+05,-0.627,14.16,195,800,-0.66682,13.991,185.51,1011.4,0.30919,0.12793,0.02848,0.26491,0.11973,0.023488,0.23499,0.11657,0.020352,249,248,247,193,198,203,178,178,175,136,138,142,62,61,61,79,78,76,0.54892,0.54122,0.53335
1,4.4498e+05,-0.627,14.08,195,800,-0.64772,13.89,187.87,493.46,0.24289,0.12155,0.022272,0.21337,0.11568,0.018816,0.19529,0.10919,0.016384,244,245,246,205,207,208,182,178,175,133,137,141,67,63,61,80,78,76,0.52385,0.54038,0.53665
1,4.4508e+05,-0.627,14,195,800,-0.64029,13.812,187.18,744.35,0.2849,0.12224,0.025664,0.26194,0.11653,0.022592,0.23208,0.11481,0.020032,244,245,246,225,221,214,167,169,172,137,138,140,59,60,61,72,73,73,0.5177,0.52664,0.53194
1,4.4518e+05,-0.627,13.92,195,800,-0.65833,13.745,187.07,899.16,0.31924,0.1185,0.026496,0.25011,0.11488,0.020928,0.21208,0.11303,0.017792,250,248,247,206,201,198,167,169,171,137,137,139,57,57,59,74,72,71,0.52717,0.52702,0.53069
1,4.4528e+05,-0.627,13.84,195,800,-0.66045,13.686,186.4,777.28,0.27536,0.12211,0.024512,0.2383,0.11564,0.020736,0.20985,0.11318,0.018048,247,247,247,180,183,186,170,172,174,136,137,138,56,57,58,74,73,73,0.52946,0.52781,0.52999
1,4.4538e+05,-0.627,13.76,195,800,-0.65196,13.611,186.27,743.42,0.30638,0.12292,0.027328,0.27817,0.11554,0.023424,0.2411,0.11372,0.020416,248,247,246,161,160,164,173,178,182,132,133,134,57,56,57,79,78,78,0.5371,0.53164,0.53163
1,4.4548e+05,-0.627,13.68,195,800,-0.66045,13.536,186.59,657.92,0.36161,0.12144,0.02944,0.26548,0.12108,0.02208,0.20464,0.11536,0.01792,249,247,246,160,159,163,183,183,183,129,130,132,55,55,56,83,82,81,0.53391,0.53386,0.53272
1,4.4558e+05,-0.627,13.6,195,800,-0.64666,13.432,186.33,884.63,0.26323,0.12998,0.025024,0.23104,0.12009,0.021056,0.21054,0.1181,0.01888,250,249,248,176,179,180,176,177,179,124,125,128,52,54,56,88,86,84,0.54656,0.5302,0.52918
1,4.4568e+05,-0.627,13.52,195,800,-0.6509,13.37,186.86,789.76,0.34085,0.12202,0.030656,0.28439,0.1175,0.025152,0.25114,0.11001,0.020864,254,252,249,214,204,198,164,166,171,124,129,133,67,64,60,88,87,87,0.52121,0.52836,0.53058
1,4.4578e+05,-0.627,13.44,195,800,-0.65196,13.29,187.15,879.57,0.27776,0.12514,0.026176,0.25637,0.12124,0.023424,0.23769,0.11479,0.02048,253,250,249,201,204,205,167,168,170,131,134,134,73,67,61,92,91,90,0.55735,0.54704,0.53572
1,4.4588e+05,-0.627,13.36,195,800,-0.65727,13.202,185.8,572.18,0.25591,0.12502,0.023808,0.233,0.11664,0.020416,0.21132,0.11311,0.01792,253,249,246,216,207,203,178,173,171,128,129,129,56,56,57,103,101,99,0.5249,0.53552,0.53247
1,4.4598e+05,-0.627,13.28,195,800,-0.63605,13.112,185.98,951.64,0.26837,0.12771,0.025792,0.24929,0.11808,0.0224,0.23257,0.11457,0.020224,253,247,244,213,204,201,171,171,171,118,121,125,45,50,54,111,106,102,0.53533,0.53186,0.53337
1,4.4608e+05,-0.627,13.2,195,800,-0.65408,13.045,187.35,1228.7,0.26883,0.12805,0.024256,0.22998,0.12215,0.020032,0.203,0.11745,0.017216,234,238,241,196,191,192,165,167,170,117,119,120,64,56,52,108,105,101,0.54353,0.53534,0.53577
1,4.4618e+05,-0.627,13.12,195,800,-0.66575,12.96,185.01,823.35,0.27145,0.14515,0.02816,0.24624,0.14033,0.02464,0.22968,0.13331,0.021824,243,242,242,180,186,188,173,174,174,123,121,120,57,58,54,96,97,99,0.54274,0.53639,0.53636
1,4.4628e+05,-0.627,13.04,195,800,-0.6509,12.891,186.25,614.31,0.24241,0.16332,0.027456,0.21856,0.15454,0.024,0.20362,0.14595,0.0208,247,245,245,191,188,188,179,176,174,119,118,118,60,55,52,100,98,97,0.53942,0.53903,0.53565
1,4.4638e+05,-0.627,12.96,195,800,-0.63286,12.802,185.31,791.66,0.26949,0.14333,0.02848,0.25536,0.12613,0.024384,0.2407,0.11707,0.021376,253,252,250,198,196,191,167,169,171,113,115,116,50,50,49,97,96,95,0.55446,0.54109,0.53736
1,4.4648e+05,-0.627,12.88,195,800,-0.66363,12.736,185.46,835.29,0.3093,0.12143,0.028096,0.28224,0.11581,0.024384,0.25336,0.11239,0.021312,252,252,251,196,194,190,163,164,168,116,116,117,46,48,49,95,93,93,0.54037,0.53785,0.535
1,4.4658e+05,-0.627,12.8,195,800,-0.65514,12.645,186.79,1032.8,0.32489,0.12262,0.030336,0.29154,0.11724,0.025664,0.25641,0.11097,0.021312,248,248,248,185,186,188,170,168,166,118,117,116,51,49,48,88,89,92,0.53328,0.54057,0.538
1,4.4668e+05,-0.627,12.72,195,800,-0.65727,12.591,185.24,692.25,0.25788,0.12832,0.024064,0.23692,0.11831,0.0208,0.20967,0.11706,0.018368,246,246,247,200,191,185,172,168,166,114,115,118,45,47,50,99,100,103,0.51081,0.53165,0.53646
1,4.4678e+05,-0.627,12.64,195,800,-0.64241,12.488,185.06,643.55,0.26776,0.11749,0.023552,0.24539,0.10895,0.01984,0.22421,0.1046,0.017472,248,248,247,192,188,186,163,165,166,117,118,121,48,49,52,112,110,108,0.55129,0.54024,0.53685
1,4.4688e+05,-0.627,12.56,195,800,-0.65196,12.411,187.28,880.06,0.3142,0.12018,0.027904,0.28005,0.11293,0.023296,0.25189,0.10857,0.01984,252,251,248,184,184,186,170,169,169,132,133,132,66,63,64,116,116,113,0.52643,0.53805,0.53957
1,4.4698e+05,-0.627,12.48,195,800,-0.64241,12.328,184.29,756.52,0.32776,0.11863,0.028224,0.28578,0.1083,0.022656,0.25244,0.10587,0.019776,248,248,247,192,187,184,175,174,172,141,139,136,72,73,72,116,113,110,0.53958,0.54195,0.54085
1,4.4708e+05,-0.627,12.4,195,800,-0.67,12.273,187.18,724.02,0.29922,0.12318,0.02624,0.24844,0.11511,0.02144,0.21702,0.1114,0.018176,241,242,244,181,178,181,180,178,175,140,139,138,86,83,82,98,97,96,0.5368,0.53759,0.53945
1,4.4718e+05,-0.627,12.32,195,800,-0.66151,12.176,186.51,724.35,0.26563,0.11542,0.022528,0.22782,0.11361,0.019072,0.20852,0.10557,0.016384,241,241,241,173,177,181,177,175,172,141,139,139,94,84,81,80,82,85,0.5313,0.53634,0.53888
1,4.4728e+05,-0.627,12.24,195,800,-0.66257,12.111,186.92,568.99,0.28628,0.12193,0.025728,0.23737,0.1219,0.021952,0.21043,0.11708,0.018752,240,240,240,187,185,182,176,172,169,140,141,141,84,82,78,81,81,83,0.54824,0.54306,0.53881
1,4.4738e+05,-0.627,12.16,195,800,-0.65514,12.018,185.39,874.11,0.31856,0.12652,0.028928,0.26753,0.12253,0.024,0.23657,0.11775,0.020352,235,238,240,195,191,192,161,163,165,136,142,147,72,71,73,85,83,82,0.5454,0.53593,0.53591
1,4.4748e+05,-0.627,12.08,195,800,-0.66575,11.943,185.2,828.46,0.30742,0.12321,0.027008,0.25957,0.11847,0.022272,0.23097,0.11171,0.018752,240,240,240,195,195,196,159,162,164,141,146,150,71,70,72,86,82,80,0.53931,0.5414,0.54007
1,4.4758e+05,-0.627,12,195,800,-0.65727,11.857,186.21,792.45,0.22842,0.13435,0.022912,0.20548,0.12603,0.019648,0.19448,0.12163,0.017792,239,241,243,207,206,204,168,167,166,154,154,153,74,73,73,71,73,76,0.54106,0.54388,0.54696
1,4.4768e+05,-0.627,11.92,195,800,-0.65727,11.784,187.18,685.4,0.32148,0.12169,0.02784,0.28535,0.11705,0.024,0.26066,0.10958,0.020608,248,248,247,209,209,209,165,166,167,140,148,153,74,73,71,73,72,74,0.53331,0.54657,0.54723
1,4.4778e+05,-0.627,11.84,195,800,-0.6456,11.694,187.54,800.9,0.23876,0.16063,0.025664,0.20849,0.15639,0.021888,0.1919,0.14928,0.019072,254,252,250,211,210,209,164,167,170,148,149,152,65,69,72,77,78,78,0.57663,0.55094,0.54561
1,4.4788e+05,-0.627,11.76,195,800,-0.65302,11.622,186.54,772.75,0.24917,0.12891,0.021184,0.19639,0.12101,0.017088,0.17763,0.11607,0.014912,253,253,253,226,215,207,188,177,172,149,150,147,80,77,73,91,91,90,0.55907,0.5504,0.54807
1,4.4798e+05,-0.627,11.68,195,800,-0.63923,11.518,187.36,1217.7,0.2839,0.12813,0.026496,0.26752,0.12101,0.023296,0.23469,0.11747,0.02048,254,253,253,219,209,202,174,175,173,140,141,141,83,81,74,99,98,99,0.54134,0.54914,0.55033
1,4.4808e+05,-0.627,11.6,195,800,-0.65939,11.466,184.85,1125.6,0.27321,0.12823,0.02624,0.24831,0.11997,0.022528,0.22566,0.11634,0.020032,254,253,252,181,184,189,164,167,169,116,123,131,73,73,76,129,125,123,0.54188,0.54646,0.54932
1,4.4818e+05,-0.627,11.52,195,800,-0.65727,11.389,187.14,863.27,0.27422,0.11855,0.02272,0.2391,0.11076,0.018496,0.19333,0.10954,0.015296,250,250,251,179,184,188,163,164,165,125,124,125,75,78,81,152,152,154,0.55693,0.55386,0.55256
1,4.4828e+05,-0.627,11.44,195,800,-0.65302,11.306,185.63,575.36,0.2543,0.12583,0.024064,0.23373,0.12106,0.02112,0.21674,0.11376,0.01856,246,250,252,194,191,192,159,161,164,118,122,125,84,86,84,160,167,174,0.55222,0.55765,0.55554
1,4.4838e+05,-0.627,11.36,195,800,-0.65514,11.212,186.54,717.39,0.27559,0.12361,0.025792,0.23915,0.11625,0.020992,0.20987,0.11423,0.018432,255,253,252,205,205,205,159,158,158,117,120,124,86,81,80,224,221,216,0.55437,0.5569,0.55723
1,4.4848e+05,-0.627,11.28,195,800,-0.65514,11.14,185.23,1031.8,0.25077,0.12527,0.023808,0.21048,0.12119,0.019584,0.19262,0.114,0.017088,253,253,253,216,212,210,155,153,153,119,123,128,68,71,74,246,243,235,0.55154,0.55947,0.56113
1,4.4858e+05,-0.627,11.2,195,800,-0.67424,11.072,185.54,666.63,0.26223,0.11977,0.022592,0.23346,0.11371,0.019328,0.21507,0.1067,0.016832,255,254,253,222,220,213,134,139,148,150,153,158,64,68,75,255,252,244,0.5673,0.5671,0.56746
1,4.4868e+05,-0.627,11.12,195,800,-0.66363,10.998,184.93,733.46,0.27301,0.12883,0.026368,0.24608,0.12545,0.02304,0.2215,0.12078,0.02048,255,254,253,204,201,195,154,153,153,233,220,208,97,104,113,212,213,213,0.58006,0.57436,0.57527
1,4.4878e+05,-0.627,11.04,195,800,-0.65302,10.907,187,621.01,0.3009,0.128,0.027392,0.24831,0.12126,0.022912,0.21887,0.11761,0.019648,254,253,253,182,184,184,162,159,158,254,244,229,133,138,137,175,187,196,0.57023,0.56902,0.56135
1,4.5185e+05,-0.72,11,195,800,-0.72835,10.911,0.085063,777.01,0,0,0,0,0,0,0,0,0,253,252,250,176,173,171,169,170,167,254,251,245,226,194,169,159,164,174,0.52042,0.52625,0.52464
1,4.5195e+05,-0.72,11.08,195,800,-0.74321,10.994,186.39,772.8,0.17012,0.12004,0.014912,0.14314,0.11226,0.012608,0.13597,0.10999,0.011776,254,253,251,195,190,187,168,162,158,217,214,208,112,118,121,216,210,208,0.59067,0.58425,0.58447
1,4.5205e+05,-0.72,11.16,195,800,-0.74851,11.079,186.46,1075,0.22838,0.12151,0.020032,0.18013,0.11695,0.015552,0.15498,0.11283,0.013248,254,253,252,205,201,198,149,152,154,179,182,184,95,91,94,249,239,227,0.57706,0.57166,0.572
1,4.5215e+05,-0.72,11.24,195,800,-0.73154,11.126,185.9,715.23,0.28228,0.13038,0.028096,0.266,0.11898,0.024256,0.254,0.11127,0.021312,255,254,253,215,214,209,148,151,153,131,135,142,61,68,76,255,251,241,0.55479,0.56356,0.56545
1,4.5225e+05,-0.72,11.32,195,800,-0.76018,11.244,186.37,905,0.35539,0.12123,0.02976,0.25201,0.11874,0.022848,0.22364,0.11171,0.019136,255,254,254,219,212,209,162,158,155,126,127,131,66,71,76,247,238,228,0.55358,0.55912,0.56062
1,4.5235e+05,-0.72,11.4,195,800,-0.73896,11.297,186.92,870.97,0.23047,0.12725,0.02272,0.21273,0.11916,0.019712,0.19196,0.11323,0.016832,253,252,252,199,206,204,159,162,162,123,126,127,78,79,81,184,185,188,0.55587,0.55333,0.5568
1,4.5245e+05,-0.72,11.48,195,800,-0.75382,11.379,185.45,1042.7,0.29315,0.12635,0.027008,0.26277,0.11666,0.022656,0.23542,0.11355,0.020032,246,248,251,193,193,191,170,168,166,135,129,126,71,73,77,156,153,150,0.56017,0.5559,0.55426
1,4.5255e+05,-0.72,11.56,195,800,-0.75594,11.47,187.37,1023.9,0.37968,0.1227,0.034496,0.32101,0.11551,0.027584,0.28499,0.10855,0.023232,251,250,250,168,178,188,175,171,168,124,125,126,66,70,74,149,142,135,0.54497,0.55039,0.55164
1,4.5265e+05,-0.72,11.64,195,800,-0.74215,11.521,186.46,730.3,0.28791,0.1159,0.024064,0.23359,0.11399,0.019392,0.20405,0.10921,0.016128,252,252,251,185,186,189,166,171,175,118,125,132,67,69,71,108,110,112,0.55503,0.55182,0.54881
1,4.5275e+05,-0.72,11.72,195,800,-0.73366,11.603,187.2,1020.6,0.20454,0.13537,0.021184,0.18694,0.12649,0.018176,0.17352,0.12306,0.016448,254,253,252,201,197,197,177,177,175,137,138,137,66,71,70,99,99,100,0.55124,0.5533,0.55169
1,4.5285e+05,-0.72,11.8,195,800,-0.75912,11.689,187.74,1247.5,0.26051,0.13094,0.025856,0.24078,0.12248,0.022464,0.22482,0.11335,0.019392,253,252,251,217,213,207,176,176,175,159,154,147,64,66,71,85,85,85,0.56622,0.54799,0.54576
1,4.5295e+05,-0.72,11.88,195,800,-0.73366,11.751,187.12,784.68,0.2705,0.11693,0.022016,0.21158,0.11211,0.017088,0.1886,0.10608,0.014656,246,246,247,202,207,209,166,168,170,142,148,152,71,72,72,71,73,76,0.5536,0.54588,0.54566
1,4.5305e+05,-0.72,11.96,195,800,-0.74533,11.833,186.15,761.73,0.33018,0.13327,0.033344,0.30603,0.12217,0.02848,0.27985,0.11854,0.024896,241,243,245,201,203,204,170,169,168,150,151,152,79,77,73,70,72,74,0.55482,0.55246,0.54801
1,4.5315e+05,-0.72,12.04,195,800,-0.74215,11.909,185.98,476.09,0.34952,0.12438,0.03104,0.29251,0.11215,0.023424,0.24917,0.1075,0.019392,243,241,240,185,190,194,165,165,166,151,151,152,69,71,74,79,78,76,0.55625,0.54482,0.54472
1,4.5325e+05,-0.72,12.12,195,800,-0.74639,12.011,187.52,955.76,0.25149,0.12646,0.024,0.23344,0.11855,0.020672,0.21352,0.11399,0.018368,241,239,239,173,181,190,162,164,166,143,146,150,66,69,73,83,80,78,0.52923,0.53411,0.53856
1,4.5335e+05,-0.72,12.2,195,800,-0.74427,12.079,187.63,820.44,0.21906,0.12631,0.020864,0.19164,0.11548,0.017152,0.17413,0.11328,0.015232,235,237,238,182,184,185,173,171,168,138,140,144,74,77,78,79,80,81,0.52074,0.53456,0.53638
1,4.5345e+05,-0.72,12.28,195,800,-0.72093,12.142,186.68,759.26,0.22853,0.12892,0.022592,0.20883,0.12376,0.019712,0.19612,0.11638,0.017664,238,239,240,179,182,184,174,176,173,140,138,139,84,84,83,80,83,85,0.52786,0.53633,0.538
1,4.5355e+05,-0.72,12.36,195,800,-0.74427,12.23,186.49,749.96,0.26775,0.13275,0.027136,0.2515,0.12516,0.023936,0.23576,0.11846,0.021376,240,240,242,169,177,184,180,177,175,136,137,137,75,85,86,85,87,90,0.5302,0.53402,0.53596
1,4.5365e+05,-0.72,12.44,195,800,-0.74215,12.319,186.72,763.01,0.28845,0.12198,0.023936,0.22761,0.11732,0.020032,0.20836,0.11156,0.017792,243,244,245,177,181,182,180,177,174,139,137,135,96,88,79,110,106,102,0.5278,0.5366,0.53796
1,4.5375e+05,-0.72,12.52,195,800,-0.73684,12.391,186.15,1062.5,0.29208,0.12284,0.024576,0.25678,0.11624,0.020992,0.22878,0.11132,0.017408,248,247,246,179,182,183,175,173,171,138,135,133,79,79,75,118,112,108,0.5371,0.54144,0.54034
1,4.5385e+05,-0.72,12.6,195,800,-0.72835,12.449,187.89,616.84,0.25864,0.12201,0.023872,0.23732,0.11537,0.02048,0.21517,0.11324,0.018048,251,249,246,177,183,186,160,163,166,119,122,125,52,55,58,112,111,110,0.53251,0.53705,0.53753
1,4.5395e+05,-0.72,12.68,195,800,-0.75064,12.552,186.7,863.62,0.27901,0.13069,0.027136,0.25148,0.11887,0.022656,0.23263,0.11607,0.02048,240,243,245,192,189,185,173,169,166,114,115,118,46,48,51,96,98,101,0.53219,0.5366,0.53782
1,4.5405e+05,-0.72,12.76,195,800,-0.74321,12.636,186.45,775.19,0.28522,0.13203,0.027072,0.23319,0.12568,0.020672,0.17475,0.12082,0.016448,242,243,245,183,185,186,176,171,167,116,117,117,50,50,50,88,91,95,0.51912,0.53401,0.53559
1,4.5415e+05,-0.72,12.84,195,800,-0.73578,12.705,187.36,693.56,0.37915,0.1218,0.031872,0.30764,0.11283,0.024832,0.26748,0.11081,0.021056,251,250,250,188,187,187,163,166,169,119,118,117,48,49,49,90,90,91,0.53046,0.5331,0.53627
1,4.5425e+05,-0.72,12.92,195,800,-0.75064,12.807,186.39,1136.1,0.23505,0.13607,0.024512,0.21883,0.12763,0.021056,0.204,0.12253,0.019264,254,253,251,201,193,188,168,168,170,114,115,116,45,47,49,93,93,93,0.5513,0.5383,0.53601
1,4.5435e+05,-0.72,13,195,800,-0.73896,12.869,187.2,798.72,0.24893,0.13063,0.02464,0.22033,0.12168,0.020736,0.20403,0.11507,0.018112,253,251,249,192,192,190,177,176,174,110,112,115,51,50,49,101,99,97,0.54398,0.5323,0.53477
1,4.5445e+05,-0.72,13.08,195,800,-0.73048,12.946,186.11,833.87,0.32953,0.12547,0.028608,0.29762,0.11579,0.023168,0.21221,0.11548,0.017984,242,242,243,180,186,189,172,174,174,113,114,116,51,52,52,94,97,99,0.53211,0.53315,0.53682
1,4.5455e+05,-0.72,13.16,195,800,-0.74427,13.017,187.72,737.24,0.26513,0.13061,0.026048,0.24012,0.12316,0.022464,0.22177,0.11909,0.020224,233,237,241,185,187,189,171,171,172,111,114,116,54,53,51,95,98,101,0.53785,0.53593,0.53497
1,4.5465e+05,-0.72,13.24,195,800,-0.74639,13.102,187.4,802.22,0.35928,0.11582,0.030656,0.32393,0.11143,0.026112,0.29155,0.10507,0.022144,238,240,242,188,196,199,168,171,173,113,115,119,47,50,52,110,106,102,0.54156,0.53098,0.53204
1,4.5475e+05,-0.72,13.32,195,800,-0.72942,13.168,188.46,690.13,0.25961,0.12512,0.02432,0.24007,0.11998,0.021248,0.2221,0.11304,0.018624,248,245,243,202,205,204,174,175,174,118,122,124,47,50,54,107,105,102,0.53308,0.54073,0.53553
1,4.5485e+05,-0.72,13.4,195,800,-0.74745,13.259,187.53,794.65,0.29419,0.12209,0.025856,0.23689,0.11636,0.0208,0.2026,0.11166,0.017344,245,247,247,208,212,211,174,174,174,158,145,133,60,60,59,95,94,94,0.52885,0.53442,0.53296
1,4.5495e+05,-0.72,13.48,195,800,-0.74321,13.335,186.75,727.59,0.28643,0.12766,0.02688,0.25282,0.12347,0.023104,0.22818,0.11931,0.020352,252,249,247,217,211,204,164,167,172,135,136,135,60,60,59,83,85,87,0.51663,0.53606,0.53595
1,4.5505e+05,-0.72,13.56,195,800,-0.74639,13.421,186.75,1028.4,0.28613,0.13075,0.026432,0.23635,0.12705,0.022592,0.21885,0.1207,0.01984,249,248,247,210,201,193,167,170,175,124,129,132,57,56,57,81,83,84,0.52178,0.52731,0.53173
1,4.5515e+05,-0.72,13.64,195,800,-0.73896,13.499,187.59,603.74,0.32583,0.12463,0.028864,0.2775,0.12094,0.024768,0.24914,0.11343,0.020992,240,243,245,157,164,172,189,184,180,128,130,132,51,54,56,82,81,80,0.55016,0.53495,0.53303
1,4.5525e+05,-0.72,13.72,195,800,-0.74639,13.579,187.79,1034.3,0.27598,0.13251,0.02752,0.24811,0.12182,0.023104,0.22695,0.11822,0.020416,243,244,244,159,158,163,188,185,181,132,134,135,54,56,56,79,78,77,0.52921,0.53325,0.53354
1,4.5535e+05,-0.72,13.8,195,800,-0.74427,13.654,187.5,865.28,0.25265,0.13078,0.025344,0.23639,0.11984,0.02176,0.21184,0.11848,0.019328,243,245,245,164,166,170,178,178,177,139,139,138,57,58,59,68,70,71,0.51875,0.52919,0.53261
1,4.5545e+05,-0.72,13.88,195,800,-0.74321,13.727,186.6,780.13,0.27244,0.12405,0.025408,0.24947,0.11543,0.02176,0.22133,0.1089,0.018496,247,246,245,190,193,194,178,174,172,139,139,140,60,60,60,70,68,68,0.52719,0.53447,0.53327
1,4.5555e+05,-0.72,13.96,195,800,-0.74851,13.815,186.58,891.26,0.32868,0.12255,0.028288,0.29324,0.11492,0.023488,0.24665,0.11382,0.019648,247,246,245,207,210,206,170,170,172,136,139,140,62,61,61,70,69,69,0.51927,0.53132,0.53333
1,4.5565e+05,-0.72,14.04,195,800,-0.74533,13.895,186.29,488.8,0.26484,0.12915,0.025152,0.22702,0.12049,0.0208,0.1969,0.11825,0.017856,241,242,244,227,217,209,173,174,174,141,140,141,58,60,61,76,75,74,0.53592,0.53222,0.53423
1,4.5575e+05,-0.72,14.12,195,800,-0.7517,13.98,186.1,802.06,0.28564,0.12258,0.025984,0.25557,0.11711,0.0224,0.2407,0.11171,0.019904,242,243,245,203,206,205,182,178,175,142,141,141,59,60,60,82,78,75,0.5289,0.53364,0.5333
1,4.5585e+05,-0.72,14.2,195,800,-0.74321,14.07,186.69,1152.8,0.27479,0.12652,0.025536,0.24004,0.11908,0.021696,0.22326,0.11642,0.019648,249,247,244,194,192,194,171,172,174,139,142,145,61,61,64,77,76,75,0.53759,0.53086,0.53232
1,4.5595e+05,-0.72,14.28,195,800,-0.74003,14.12,186.23,833.13,0.26906,0.12211,0.023872,0.24284,0.11871,0.021056,0.22271,0.11052,0.018176,238,240,241,184,189,194,165,167,171,146,148,150,75,76,74,70,71,74,0.51242,0.53034,0.53494
1,4.5605e+05,-0.72,14.36,195,800,-0.74003,14.223,186.82,1050.9,0.27934,0.11611,0.024128,0.23837,0.11215,0.02016,0.21025,0.10969,0.017472,237,237,240,187,194,197,173,171,172,144,149,151,91,87,78,70,72,75,0.53632,0.53895,0.53667
1,4.5615e+05,-0.72,14.44,195,800,-0.74109,14.285,185.6,689.44,0.29837,0.12578,0.027648,0.27015,0.12055,0.024128,0.25204,0.11375,0.021376,246,243,243,220,211,203,173,172,172,143,145,146,94,84,74,78,78,79,0.53986,0.53522,0.53478
1,4.5625e+05,-0.72,14.52,195,800,-0.74427,14.376,185.58,661.51,0.27882,0.11126,0.020352,0.19271,0.10896,0.016128,0.17925,0.1029,0.014208,247,246,245,215,209,205,167,169,172,138,140,142,68,69,68,82,81,81,0.51911,0.53346,0.53455
1,4.5635e+05,-0.72,14.6,195,800,-0.74003,14.435,186.59,855.1,0.33436,0.11767,0.029056,0.30156,0.11377,0.02528,0.27164,0.10669,0.021504,247,247,246,195,202,207,172,171,171,134,134,132,52,52,55,80,82,85,0.55472,0.53593,0.53392
1,4.5645e+05,-0.72,14.68,195,800,-0.77928,14.567,186.01,1243.8,0.28981,0.12092,0.024768,0.25971,0.1168,0.021184,0.23234,0.11187,0.018112,244,244,244,207,210,208,170,172,173,124,126,125,54,55,56,90,90,92,0.54508,0.53618,0.53607
1,4.5655e+05,-0.72,14.76,195,800,-0.7379,14.616,186.69,1184.7,0.26862,0.13471,0.026496,0.24384,0.12384,0.022464,0.21847,0.12149,0.019968,242,242,243,212,208,205,172,173,174,124,123,123,57,58,58,95,98,98,0.53855,0.53578,0.53797
1,4.5665e+05,-0.72,14.84,195,800,-0.7326,14.669,185.5,811.39,0.30986,0.12639,0.028672,0.26753,0.11967,0.023488,0.2326,0.11301,0.020032,241,241,241,184,190,196,180,178,176,131,126,122,61,65,67,130,118,108,0.53301,0.53491,0.53543
1,4.5675e+05,-0.72,14.92,195,800,-0.7379,14.76,186.17,684.92,0.28042,0.13645,0.027264,0.24376,0.12642,0.022144,0.21338,0.12476,0.01952,242,240,239,183,187,192,182,179,176,131,128,125,72,73,72,126,119,112,0.5456,0.53474,0.53475
1,4.5685e+05,-0.72,15,195,800,-0.74851,14.863,186.29,964.86,0.29662,0.1299,0.029504,0.27747,0.12219,0.025408,0.25028,0.11743,0.021888,236,236,237,193,190,189,173,175,177,142,137,133,94,85,77,110,112,113,0.54449,0.5376,0.53739
1,4.5695e+05,-0.72,15.08,195,800,-0.7326,14.917,185.13,783.62,0.23622,0.12234,0.021568,0.21243,0.11845,0.01856,0.18819,0.11236,0.015936,240,238,237,177,182,184,178,175,176,142,143,143,69,72,74,112,113,116,0.54051,0.53359,0.53569
1,4.5705e+05,-0.72,15.16,195,800,-0.73684,14.996,186.98,970.6,0.24003,0.12005,0.021568,0.22519,0.10836,0.018112,0.19891,0.10537,0.015616,246,241,237,182,179,179,173,173,175,148,149,151,70,69,71,115,117,119,0.53609,0.5373,0.5392
1,4.5715e+05,-0.72,15.24,195,800,-0.73154,15.086,186.22,1083.8,0.30713,0.1218,0.026496,0.25779,0.12012,0.022336,0.23127,0.11423,0.019456,239,239,237,159,169,177,164,168,172,173,172,173,70,71,72,125,123,120,0.54025,0.53792,0.5366
1,4.5725e+05,-0.72,15.32,195,800,-0.70607,15.111,185.53,1188,0.24461,0.12465,0.022592,0.20835,0.12261,0.0192,0.18919,0.11489,0.016896,234,235,236,166,171,178,168,170,172,188,187,189,77,76,76,118,119,118,0.52484,0.53305,0.53742
1,4.5735e+05,-0.72,15.4,195,800,-0.73154,15.239,186.35,976.13,0.27771,0.11977,0.024256,0.24493,0.11524,0.020672,0.21578,0.11012,0.01792,235,234,233,179,179,178,177,173,171,227,226,224,90,89,88,105,106,108,0.53807,0.54471,0.54435
1,4.5745e+05,-0.72,15.48,195,800,-0.73896,15.307,185.34,675.62,0.24482,0.11592,0.020736,0.21089,0.11219,0.017344,0.17294,0.11073,0.014976,229,231,233,162,163,168,173,170,170,254,252,248,106,111,111,98,99,101,0.54616,0.54838,0.54697
1,4.5755e+05,-0.72,15.56,195,800,-0.74745,15.389,186.21,828.44,0.19673,0.12178,0.018304,0.1723,0.11713,0.015744,0.16041,0.11349,0.014208,229,232,235,156,157,164,168,169,170,255,255,253,136,129,124,96,98,101,0.54502,0.54892,0.54947
1,4.5765e+05,-0.72,15.64,195,800,-0.7517,15.487,186.58,1193.9,0.24571,0.12639,0.023552,0.22885,0.11648,0.020288,0.2114,0.11329,0.018048,241,242,241,163,170,175,178,175,172,255,255,255,164,157,145,99,101,103,0.549,0.54885,0.55165
1,4.5775e+05,-0.72,15.72,195,800,-0.73684,15.549,186.32,863.21,0.26113,0.1241,0.024448,0.24026,0.1174,0.021248,0.22396,0.11084,0.018624,244,245,244,190,188,184,183,178,174,255,255,255,158,156,146,98,102,105,0.55027,0.5611,0.55732
1,4.5785e+05,-0.72,15.8,195,800,-0.74639,15.642,187.2,1077.2,0.22505,0.1292,0.022016,0.19993,0.12325,0.018816,0.18742,0.11846,0.017216,242,241,240,206,198,188,179,179,179,255,255,255,126,132,136,112,115,123,0.56421,0.56356,0.56138
1,4.5795e+05,-0.72,15.88,195,800,-0.7379,15.695,187.24,730.26,0.28244,0.13812,0.03008,0.25665,0.12873,0.025664,0.2339,0.12192,0.022208,229,232,233,153,162,170,189,186,181,255,255,255,114,123,137,160,160,157,0.57118,0.56998,0.57158
1,4.5805e+05,-0.72,15.96,195,800,-0.73048,15.778,189.04,1044.1,0.27971,0.12261,0.024,0.25548,0.11366,0.02016,0.23411,0.10982,0.017792,231,229,230,145,153,159,186,182,180,255,255,255,134,141,144,176,179,174,0.58553,0.57961,0.57182
1,4.6112e+05,-0.813,16,195,800,-0.83339,15.774,-0.02087,874.94,0,0,0,0,0,0,0,0,0,241,240,239,147,151,157,183,183,183,255,255,255,191,170,161,243,229,202,0.52756,0.53397,0.53194
1,4.6122e+05,-0.813,15.92,195,800,-0.84825,15.709,186.56,879.22,0.43584,0.11938,0.028608,0.3875,0.11187,0.023744,0.26832,0.1108,0.018688,241,241,241,169,167,171,190,189,185,255,255,255,131,134,143,210,192,170,0.57938,0.57965,0.57847
1,4.6132e+05,-0.813,15.84,195,800,-0.83233,15.637,185.73,725.1,0.20961,0.12167,0.01952,0.20099,0.11157,0.017088,0.18557,0.10936,0.01568,243,244,244,181,181,181,186,186,186,255,255,255,134,136,137,150,152,149,0.57777,0.56569,0.56631
1,4.6142e+05,-0.813,15.76,195,800,-0.84294,15.57,186.26,625.14,0.32466,0.12832,0.031296,0.30994,0.1196,0.027904,0.29455,0.11436,0.02496,253,250,246,202,199,190,178,181,182,255,255,255,159,149,142,102,105,110,0.55259,0.55819,0.55828
1,4.6152e+05,-0.813,15.68,195,800,-0.84931,15.493,186.06,1026.5,0.35172,0.12771,0.030464,0.2974,0.11963,0.023424,0.23079,0.11335,0.018304,251,249,245,195,192,187,181,180,178,255,255,255,156,149,143,98,99,102,0.55001,0.55224,0.5547
1,4.6162e+05,-0.813,15.6,195,800,-0.83657,15.407,186.57,844.04,0.28789,0.13683,0.028416,0.25473,0.12982,0.023744,0.2295,0.11896,0.01952,244,241,239,157,164,173,165,169,173,255,255,255,125,130,129,100,98,98,0.53822,0.54513,0.55009
1,4.6172e+05,-0.813,15.52,195,800,-0.82278,15.307,187.88,926.24,0.34649,0.13955,0.036928,0.30886,0.13392,0.031872,0.29014,0.12412,0.027584,231,234,234,173,172,173,168,168,171,255,252,247,94,102,108,97,98,101,0.55448,0.54646,0.54775
1,4.6182e+05,-0.813,15.44,195,800,-0.82596,15.225,187.1,899.51,0.36388,0.11778,0.02944,0.31472,0.10646,0.022912,0.26165,0.10491,0.018112,233,232,233,187,183,180,169,172,174,249,243,236,91,93,97,99,102,104,0.54282,0.54803,0.54635
1,4.6192e+05,-0.813,15.36,195,800,-0.8196,15.165,187.61,972.46,0.34304,0.11904,0.029952,0.30028,0.11309,0.024128,0.25418,0.10719,0.019584,227,230,234,197,192,186,182,184,182,203,207,207,81,83,83,109,111,114,0.55753,0.54525,0.54349
1,4.6202e+05,-0.813,15.28,195,800,-0.82915,15.089,185.73,1226.7,0.25197,0.113,0.019904,0.21087,0.1103,0.017216,0.19831,0.10693,0.015104,227,231,234,191,188,183,193,191,185,190,189,189,80,78,78,115,117,119,0.55272,0.53813,0.53908
1,4.6212e+05,-0.813,15.2,195,800,-0.83764,15.031,185.91,632.7,0.27918,0.12488,0.02528,0.25415,0.11963,0.021952,0.24238,0.11343,0.018752,236,235,237,163,171,177,196,193,187,158,160,161,66,67,69,130,127,123,0.53521,0.53582,0.53552
1,4.6222e+05,-0.813,15.12,195,800,-0.83764,14.931,185.84,865.6,0.29547,0.11886,0.027008,0.26512,0.114,0.023424,0.24909,0.10569,0.020032,237,239,241,184,181,183,181,184,185,143,142,142,62,68,72,117,119,121,0.54285,0.53784,0.539
1,4.6232e+05,-0.813,15.04,195,800,-0.83127,14.841,186.78,1287.8,0.29647,0.12111,0.025792,0.24313,0.11348,0.020672,0.21796,0.11101,0.01824,241,242,242,190,191,191,178,182,183,136,137,137,79,78,76,116,116,117,0.54309,0.53669,0.53686
1,4.6242e+05,-0.813,14.96,195,800,-0.83127,14.79,186.13,930.05,0.29279,0.11793,0.024192,0.25456,0.11196,0.020288,0.2266,0.10543,0.017216,244,246,246,219,213,205,179,179,179,126,128,129,87,84,78,116,115,114,0.54891,0.54381,0.53936
1,4.6252e+05,-0.813,14.88,195,800,-0.83976,14.711,185.77,803.04,0.30685,0.12279,0.026816,0.25851,0.11882,0.022656,0.2298,0.11418,0.0192,247,248,247,223,217,208,172,174,177,122,123,125,75,77,76,116,114,112,0.53133,0.53587,0.53602
1,4.6262e+05,-0.813,14.8,195,800,-0.83021,14.621,186.3,946.6,0.35197,0.12798,0.031616,0.30211,0.11979,0.026304,0.26749,0.11664,0.022976,252,251,250,215,215,213,168,170,173,111,115,119,77,71,65,99,102,103,0.5178,0.53364,0.53556
1,4.6272e+05,-0.813,14.72,195,800,-0.81854,14.539,185.37,938.83,0.31371,0.1232,0.026624,0.29775,0.11359,0.023168,0.22135,0.11105,0.01824,253,252,250,239,223,208,176,175,174,118,120,122,59,60,58,88,91,92,0.53754,0.53378,0.53576
1,4.6282e+05,-0.813,14.64,195,800,-0.82172,14.458,186.78,1048,0.31637,0.11768,0.026816,0.25184,0.11254,0.021248,0.21591,0.10899,0.017856,251,251,250,224,214,205,179,177,174,133,128,125,52,54,56,88,88,89,0.53549,0.53207,0.53305
1,4.6292e+05,-0.813,14.56,195,800,-0.83764,14.399,186.22,972.68,0.31588,0.12561,0.0288,0.27188,0.11915,0.024064,0.2501,0.11485,0.021312,250,249,248,187,192,196,173,174,174,137,136,133,54,57,61,86,88,90,0.54324,0.53809,0.53649
1,4.6302e+05,-0.813,14.48,195,800,-0.82703,14.308,185.41,650.3,0.28848,0.12487,0.026944,0.24503,0.12262,0.022464,0.2229,0.11673,0.019776,250,248,246,192,192,192,172,173,175,142,139,136,65,67,67,89,90,89,0.52098,0.53559,0.53682
1,4.6312e+05,-0.813,14.4,195,800,-0.84188,14.233,185.91,506.9,0.3431,0.12861,0.03136,0.28354,0.11923,0.023424,0.19905,0.11516,0.017792,240,241,241,182,186,189,174,177,177,144,142,139,83,81,76,88,87,87,0.53565,0.53123,0.53496
1,4.6322e+05,-0.813,14.32,195,800,-0.83976,14.168,186.24,781.22,0.27985,0.12313,0.024512,0.24744,0.11699,0.0208,0.21571,0.1131,0.017664,237,238,240,181,183,187,176,176,177,145,143,140,75,73,72,77,78,80,0.53065,0.53226,0.53444
1,4.6332e+05,-0.813,14.24,195,800,-0.83551,14.07,186.2,993.53,0.26814,0.1241,0.02464,0.23853,0.11794,0.021184,0.2191,0.11578,0.019328,242,241,241,182,185,187,172,174,176,147,143,140,68,67,67,76,76,78,0.54999,0.53733,0.53656
1,4.6342e+05,-0.813,14.16,195,800,-0.83551,13.993,185.89,882.15,0.27118,0.12118,0.024448,0.23785,0.11764,0.020928,0.21385,0.11448,0.018176,242,244,244,190,189,191,181,178,176,145,143,141,58,59,61,76,77,76,0.54103,0.53538,0.53437
1,4.6352e+05,-0.813,14.08,195,800,-0.82703,13.908,185.56,788.41,0.27932,0.12277,0.0256,0.261,0.11775,0.022656,0.24427,0.10959,0.019648,243,244,244,193,194,195,183,179,176,147,144,140,59,59,60,76,75,74,0.5423,0.53792,0.53122
1,4.6362e+05,-0.813,14,195,800,-0.83339,13.833,186.88,614.32,0.32813,0.13165,0.030336,0.30436,0.1252,0.026112,0.25669,0.11915,0.022848,243,242,243,208,204,200,173,172,173,144,142,140,61,62,62,67,67,69,0.52675,0.52777,0.53132
1,4.6372e+05,-0.813,13.92,195,800,-0.82915,13.746,186.75,895.92,0.25839,0.12929,0.02496,0.23653,0.11929,0.021312,0.21711,0.11617,0.019136,242,241,241,193,191,190,173,173,170,143,142,141,76,68,63,59,62,65,0.54696,0.53441,0.53468
1,4.6382e+05,-0.813,13.84,195,800,-0.83233,13.676,186.63,1076,0.30979,0.12885,0.028352,0.26156,0.12342,0.022656,0.20945,0.1221,0.0192,242,240,240,179,177,177,178,174,171,144,143,141,68,65,63,59,61,65,0.52902,0.53308,0.53218
1,4.6392e+05,-0.813,13.76,195,800,-0.84612,13.611,185.75,1041.6,0.33024,0.13228,0.02976,0.27157,0.1252,0.024512,0.23495,0.12132,0.0208,242,239,238,145,150,160,175,178,178,146,144,142,63,61,60,66,67,70,0.53357,0.53409,0.53416
1,4.6402e+05,-0.813,13.68,195,800,-0.83339,13.516,186.41,649.97,0.30558,0.13205,0.030016,0.26929,0.12719,0.025984,0.2495,0.12329,0.023168,239,238,239,143,152,164,183,183,180,143,142,140,64,60,58,71,72,74,0.53931,0.53464,0.53203
1,4.6412e+05,-0.813,13.6,195,800,-0.83127,13.427,186.4,787.8,0.29865,0.12198,0.0272,0.25189,0.11522,0.02208,0.22433,0.11141,0.019264,241,241,243,195,193,189,184,182,180,138,136,137,54,54,56,79,79,80,0.52084,0.53609,0.53309
1,4.6422e+05,-0.813,13.52,195,800,-0.83445,13.355,185.59,875.81,0.25667,0.12784,0.023488,0.21571,0.12463,0.020288,0.19869,0.11691,0.017792,245,246,246,221,217,211,175,176,180,136,137,137,51,53,56,84,85,86,0.5145,0.53563,0.53531
1,4.6432e+05,-0.813,13.44,195,800,-0.81429,13.273,186.76,785.23,0.24999,0.13214,0.024832,0.22736,0.12387,0.021632,0.21389,0.12001,0.019584,242,245,247,219,218,214,180,180,181,144,141,135,56,56,56,89,89,89,0.52698,0.5322,0.53354
1,4.6442e+05,-0.813,13.36,195,800,-0.8387,13.208,185.45,934.84,0.31415,0.12566,0.02912,0.28159,0.11677,0.024384,0.24952,0.11492,0.021696,242,242,244,229,215,207,192,189,183,127,128,127,60,57,54,94,96,99,0.54,0.53418,0.53339
1,4.6452e+05,-0.813,13.28,195,800,-0.83021,13.123,185.89,736.78,0.31794,0.1215,0.0288,0.28703,0.11602,0.024768,0.26477,0.11145,0.021824,240,241,242,217,206,203,192,186,181,114,117,121,55,53,51,100,103,102,0.52746,0.53876,0.53532
1,4.6462e+05,-0.813,13.2,195,800,-0.84188,13.053,185.99,761.48,0.25237,0.1206,0.022528,0.21856,0.11638,0.0192,0.20366,0.10907,0.01696,242,240,241,188,190,195,170,171,172,111,110,112,43,44,46,106,106,104,0.54024,0.53261,0.53355
1,4.6472e+05,-0.813,13.12,195,800,-0.82915,12.959,186.68,902.02,0.2345,0.13026,0.022976,0.20934,0.12406,0.020032,0.19045,0.12028,0.017728,241,244,245,192,190,191,169,172,173,109,110,112,39,41,44,102,102,101,0.53164,0.53433,0.53326
1,4.6482e+05,-0.813,13.04,195,800,-0.84612,12.889,186.68,1399.1,0.2684,0.12847,0.02464,0.22435,0.12342,0.020096,0.19202,0.11813,0.017088,248,248,248,193,189,191,181,178,175,112,112,113,41,42,45,106,102,98,0.53909,0.5363,0.53633
1,4.6492e+05,-0.813,12.96,195,800,-0.82066,12.792,185.85,933.79,0.32221,0.1216,0.029376,0.29348,0.11577,0.024896,0.25915,0.11158,0.021504,253,253,251,185,188,189,181,179,176,116,116,116,45,45,47,92,93,94,0.53817,0.53825,0.53589
1,4.6502e+05,-0.813,12.88,195,800,-0.82809,12.716,185.41,834.23,0.26103,0.125,0.025088,0.23913,0.12078,0.02208,0.22683,0.11373,0.019776,252,252,251,185,185,187,175,174,174,117,117,118,48,48,49,90,89,91,0.53087,0.53506,0.53473
1,4.6512e+05,-0.813,12.8,195,800,-0.84082,12.639,186.09,670.53,0.24735,0.1248,0.021248,0.20638,0.11808,0.017664,0.19353,0.11581,0.016128,249,247,246,173,179,186,170,169,169,123,120,120,56,53,52,90,91,92,0.54238,0.53858,0.53791
1,4.6522e+05,-0.813,12.72,195,800,-0.84082,12.569,185.02,708.65,0.3326,0.12489,0.030656,0.29763,0.1164,0.025664,0.26646,0.11352,0.022336,236,240,243,188,185,185,164,165,166,116,119,121,50,53,55,102,102,100,0.5282,0.53596,0.53475
1,4.6532e+05,-0.813,12.64,195,800,-0.8249,12.469,185.51,818.22,0.36268,0.12731,0.033472,0.31765,0.12263,0.027776,0.27255,0.11539,0.022976,239,239,242,185,185,186,159,162,166,118,120,123,52,53,57,107,107,104,0.53502,0.54097,0.53904
1,4.6542e+05,-0.813,12.56,195,800,-0.82596,12.394,186.26,995.1,0.2699,0.12855,0.025472,0.23666,0.12176,0.021568,0.21044,0.11739,0.018688,242,243,243,189,184,185,162,164,167,131,129,128,65,68,70,110,110,108,0.54135,0.53723,0.53717
1,4.6552e+05,-0.813,12.48,195,800,-0.83127,12.328,187.65,1002.5,0.25507,0.12303,0.022528,0.21566,0.11918,0.018944,0.19392,0.11615,0.016576,244,244,244,185,185,185,168,169,170,130,130,130,85,81,76,104,106,107,0.54422,0.54038,0.53734
1,4.6562e+05,-0.813,12.4,195,800,-0.8387,12.254,186.2,453.13,0.27672,0.13041,0.026816,0.24752,0.12177,0.02272,0.21968,0.11745,0.019712,247,245,244,192,189,190,171,172,173,125,128,131,85,84,81,93,96,98,0.54024,0.53607,0.53669
1,4.6572e+05,-0.813,12.32,195,800,-0.84082,12.165,186.94,940.58,0.25722,0.12627,0.024448,0.23066,0.11817,0.020864,0.20927,0.1151,0.018368,237,239,240,205,196,192,167,171,173,132,134,137,84,79,80,89,89,89,0.53743,0.53744,0.537
1,4.6582e+05,-0.813,12.24,195,800,-0.8196,12.076,185.42,1077.8,0.27337,0.1263,0.024448,0.24011,0.11499,0.01984,0.20684,0.11364,0.017152,237,238,239,194,193,189,173,172,173,142,143,143,84,83,80,85,85,85,0.52698,0.53505,0.53542
1,4.6592e+05,-0.813,12.16,195,800,-0.82809,12.004,185.72,941.31,0.2579,0.13057,0.023616,0.22963,0.12123,0.020352,0.20682,0.11917,0.0176,235,237,238,167,175,184,169,171,172,159,158,154,76,77,79,74,77,80,0.5372,0.53711,0.53654
1,4.6602e+05,-0.813,12.08,195,800,-0.83339,11.927,184.79,1063.3,0.35332,0.12418,0.030208,0.30513,0.11464,0.024448,0.25698,0.11463,0.019712,236,238,239,168,177,185,166,169,171,152,157,158,71,74,79,74,76,78,0.54308,0.54161,0.54293
1,4.6612e+05,-0.813,12,195,800,-0.81642,11.824,185.57,863.87,0.30772,0.13549,0.03072,0.2869,0.12818,0.026944,0.25836,0.12129,0.023424,245,242,241,205,193,189,163,167,170,157,157,156,88,83,80,77,76,76,0.54257,0.54176,0.54582
1,4.6622e+05,-0.813,11.92,195,800,-0.83764,11.79,186.72,879.13,0.31027,0.13128,0.02976,0.26768,0.12736,0.025088,0.23843,0.12267,0.021952,242,245,246,193,200,202,179,176,174,151,153,153,74,76,78,73,77,79,0.55866,0.54722,0.54699
1,4.6632e+05,-0.813,11.84,195,800,-0.8249,11.679,186.58,1028.1,0.26941,0.12164,0.024192,0.23288,0.11615,0.02048,0.21345,0.11017,0.017984,252,250,249,218,210,203,180,178,177,148,150,150,63,68,74,79,82,83,0.55457,0.55155,0.54838
1,4.6642e+05,-0.813,11.76,195,800,-0.8387,11.626,185.76,867.44,0.24325,0.12449,0.022528,0.22199,0.1168,0.019456,0.20517,0.11327,0.017472,252,251,252,189,198,201,186,182,179,135,138,138,70,65,65,98,96,93,0.55223,0.55198,0.55014
1,4.6652e+05,-0.813,11.68,195,800,-0.8387,11.533,187.82,1320.2,0.26044,0.11999,0.022848,0.22693,0.11553,0.01952,0.21343,0.10813,0.017344,241,249,252,171,184,195,182,179,178,120,129,133,63,62,64,98,99,101,0.54399,0.54695,0.54877
1,4.6662e+05,-0.813,11.6,195,800,-0.83445,11.462,186.08,1031,0.27475,0.12434,0.024192,0.24047,0.11376,0.019712,0.20458,0.11322,0.01696,247,249,250,177,179,186,173,174,174,124,125,126,56,63,68,113,120,122,0.55288,0.54956,0.55017
1,4.6672e+05,-0.813,11.52,195,800,-0.84506,11.387,185.46,704.11,0.25131,0.12135,0.021568,0.19423,0.11829,0.017024,0.16552,0.11675,0.01504,251,250,251,202,200,194,168,170,169,137,135,130,92,78,72,151,148,145,0.54641,0.55123,0.55198
1,4.6682e+05,-0.813,11.44,195,800,-0.81429,11.283,185.07,936.48,0.24096,0.12101,0.020736,0.18049,0.11411,0.015616,0.1604,0.11266,0.013888,255,253,252,225,210,200,160,164,168,137,136,132,77,77,76,147,155,161,0.55268,0.55729,0.55466
1,4.6692e+05,-0.813,11.36,195,800,-0.83233,11.218,185.55,811.45,0.29067,0.13335,0.02816,0.26601,0.1242,0.023872,0.24136,0.11934,0.020928,255,255,254,202,213,214,167,165,164,135,133,132,89,82,77,183,194,198,0.55304,0.55599,0.55685
1,4.6702e+05,-0.813,11.28,195,800,-0.8387,11.146,184.63,1101.9,0.2788,0.13212,0.028096,0.24976,0.12672,0.024192,0.23206,0.11991,0.021504,255,255,253,219,216,211,167,165,162,133,133,135,93,84,78,225,225,215,0.56431,0.55959,0.56039
1,4.6712e+05,-0.813,11.2,195,800,-0.8387,11.072,185.22,759.06,0.26811,0.1149,0.023552,0.24814,0.10935,0.0208,0.22996,0.10223,0.01792,249,248,248,184,192,197,157,159,162,148,152,161,77,82,86,251,241,225,0.5628,0.56554,0.56682
1,4.6722e+05,-0.813,11.12,195,800,-0.84082,11.011,186.25,571.85,0.30003,0.12686,0.026432,0.23751,0.12599,0.021952,0.21193,0.12148,0.019264,239,241,244,159,164,173,170,170,168,204,207,208,108,117,126,193,194,194,0.57818,0.574,0.57454
1,4.6732e+05,-0.813,11.04,195,800,-0.84718,10.927,184.06,1031.1,0.25837,0.13451,0.026432,0.23915,0.12399,0.022912,0.2219,0.12091,0.0208,243,243,244,158,160,165,178,176,172,237,234,229,152,157,152,162,171,177,0.59692,0.59574,0.5849
1,4.7039e+05,-0.906,11,195,800,-0.92146,10.913,-0.044042,809.58,0,0,0,0,0,0,0,0,0,244,241,242,148,156,162,177,176,176,252,253,248,171,168,171,150,155,160,0.523,0.53232,0.52952
1,4.7049e+05,-0.906,11.08,195,800,-0.91615,10.982,186.98,672.37,0.20414,0.11654,0.015424,0.15487,0.11336,0.01344,0.14278,0.11038,0.012224,232,236,241,165,167,173,172,172,172,235,227,218,100,108,123,165,169,179,0.58363,0.58301,0.58412
1,4.7059e+05,-0.906,11.16,195,800,-0.91933,11.061,186.62,392.67,0.23493,0.12444,0.022016,0.22175,0.11914,0.019968,0.21073,0.11372,0.018112,232,237,243,173,180,186,164,167,170,191,195,195,78,85,99,176,185,193,0.57573,0.57226,0.57099
1,4.7069e+05,-0.906,11.24,195,800,-0.91297,11.139,186.1,741.21,0.34064,0.11842,0.02752,0.27702,0.11686,0.02176,0.23153,0.11419,0.017664,252,250,249,228,217,205,169,168,170,136,142,150,79,78,79,222,211,202,0.56861,0.56601,0.56369
1,4.7079e+05,-0.906,11.32,195,800,-0.93207,11.211,185.71,879.49,0.30532,0.11872,0.0272,0.28817,0.11117,0.023488,0.2614,0.1017,0.019584,255,254,252,228,221,211,171,171,171,127,131,138,86,81,77,206,202,195,0.55107,0.55699,0.5596
1,4.7089e+05,-0.906,11.4,195,800,-0.92464,11.313,185.97,1138.5,0.27862,0.12133,0.025024,0.22557,0.11638,0.0192,0.17218,0.11494,0.014976,254,254,253,203,202,202,168,170,173,130,130,129,67,73,77,162,160,164,0.55448,0.55521,0.55606
1,4.7099e+05,-0.906,11.48,195,800,-0.92039,11.359,186.03,618.94,0.35551,0.12813,0.032896,0.30426,0.12106,0.027136,0.26988,0.11326,0.022848,254,252,251,178,184,192,169,170,172,127,128,127,72,75,73,141,138,136,0.54907,0.55107,0.55219
1,4.7109e+05,-0.906,11.56,195,800,-0.93419,11.454,185.87,677.13,0.41041,0.11825,0.032512,0.31788,0.11196,0.024704,0.2381,0.10897,0.019328,251,251,251,183,186,191,173,171,172,125,125,125,80,75,70,133,128,125,0.5586,0.55489,0.55222
1,4.7119e+05,-0.906,11.64,195,800,-0.93525,11.535,185.76,899.28,0.27807,0.13232,0.028096,0.25675,0.12549,0.024384,0.236,0.11653,0.02112,255,252,250,210,204,198,170,176,178,123,123,124,58,62,66,99,102,106,0.55522,0.55181,0.55091
1,4.7129e+05,-0.906,11.72,195,800,-0.93419,11.613,185.49,1006.7,0.2558,0.13201,0.025856,0.23208,0.12318,0.02208,0.21449,0.11839,0.019456,254,252,252,215,207,204,189,182,180,125,125,128,58,61,68,95,95,97,0.56168,0.5493,0.54869
1,4.7139e+05,-0.906,11.8,195,800,-0.90872,11.657,185.84,886.48,0.29898,0.12523,0.026624,0.26126,0.1157,0.022144,0.23842,0.11286,0.019712,255,254,251,212,207,205,183,186,186,149,143,142,81,78,80,93,88,87,0.54352,0.54777,0.54762
1,4.7149e+05,-0.906,11.88,195,800,-0.89599,11.747,187.31,835.54,0.30135,0.12526,0.02848,0.28917,0.11521,0.025024,0.27218,0.1103,0.022464,246,245,246,193,194,198,179,180,180,159,157,155,95,95,94,81,80,81,0.54712,0.54655,0.54652
1,4.7159e+05,-0.906,11.96,195,800,-0.92676,11.833,185.98,718.01,0.30296,0.12373,0.02784,0.2662,0.11906,0.02368,0.24847,0.11194,0.020992,235,240,243,175,185,193,169,173,177,158,159,159,104,99,93,79,78,79,0.53893,0.54313,0.54628
1,4.7169e+05,-0.906,12.04,195,800,-0.92464,11.919,185.66,705.24,0.30831,0.12193,0.027776,0.26913,0.11455,0.023168,0.25133,0.11026,0.020736,241,239,239,189,188,191,174,173,173,170,167,165,80,86,92,78,79,80,0.54299,0.54558,0.54549
1,4.7179e+05,-0.906,12.12,195,800,-0.92782,11.996,186.92,906.68,0.21837,0.12542,0.019392,0.18673,0.12125,0.01728,0.16963,0.11783,0.015232,238,239,239,199,196,192,186,180,174,181,173,164,80,87,90,79,79,81,0.53606,0.54063,0.5409
1,4.7189e+05,-0.906,12.2,195,800,-0.93525,12.09,188.86,989.16,0.3209,0.12916,0.030208,0.28154,0.12084,0.025408,0.25803,0.11642,0.022208,239,239,240,203,195,193,182,180,176,163,156,151,107,93,83,85,85,85,0.53428,0.53573,0.5365
1,4.7199e+05,-0.906,12.28,195,800,-0.91615,12.139,186.27,791.86,0.27413,0.15311,0.028608,0.25338,0.1448,0.02432,0.21424,0.12384,0.020672,244,242,243,205,197,195,171,170,171,125,128,133,64,69,76,101,96,93,0.54564,0.53669,0.53668
1,4.7209e+05,-0.906,12.36,195,800,-0.93313,12.238,186.28,899.64,0.31738,0.12703,0.02912,0.27933,0.11726,0.024128,0.22996,0.11407,0.020096,245,245,244,207,204,195,167,168,171,125,125,128,62,67,75,100,99,98,0.5474,0.54056,0.53824
1,4.7219e+05,-0.906,12.44,195,800,-0.94268,12.32,185.49,797.28,0.30412,0.12857,0.0288,0.26995,0.12017,0.024128,0.24655,0.11601,0.021248,245,245,245,202,198,194,177,174,172,133,131,129,80,81,79,109,107,105,0.5316,0.53609,0.53758
1,4.7229e+05,-0.906,12.52,195,800,-0.91615,12.382,186.9,1007.5,0.21982,0.13432,0.022336,0.19774,0.13133,0.019712,0.18512,0.12467,0.017408,245,244,243,191,191,190,179,176,171,137,133,130,83,82,79,109,110,107,0.54608,0.54114,0.53826
1,4.7239e+05,-0.906,12.6,195,800,-0.931,12.471,186.6,1043.5,0.27591,0.1348,0.028352,0.24953,0.12588,0.024192,0.237,0.11777,0.021568,238,240,242,181,185,188,168,168,169,130,129,128,64,68,74,107,106,106,0.53196,0.53887,0.53718
1,4.7249e+05,-0.906,12.68,195,800,-0.92358,12.549,187.6,1057.7,0.25022,0.12179,0.022144,0.21231,0.11686,0.018816,0.19258,0.11007,0.01632,248,245,244,200,195,190,171,167,166,130,127,124,68,67,66,98,99,98,0.52851,0.53567,0.53638
1,4.7259e+05,-0.906,12.76,195,800,-0.91297,12.625,186.78,870.22,0.26727,0.12575,0.02432,0.2344,0.11859,0.020352,0.19796,0.11243,0.016128,251,248,246,197,194,190,169,167,166,130,126,122,62,64,64,97,95,93,0.54196,0.53858,0.53793
1,4.7269e+05,-0.906,12.84,195,800,-0.93631,12.7,187.29,862.44,0.28091,0.12644,0.025472,0.25107,0.11793,0.02144,0.23146,0.11219,0.018944,245,248,249,185,187,190,167,168,170,117,120,120,51,55,61,83,85,87,0.55184,0.53893,0.53574
1,4.7279e+05,-0.906,12.92,195,800,-0.92358,12.798,187.41,731.45,0.2822,0.1299,0.028096,0.27101,0.11989,0.024512,0.24928,0.11636,0.02208,248,249,250,190,189,189,174,173,173,122,120,119,52,56,59,82,84,87,0.51892,0.53417,0.53389
1,4.7289e+05,-0.906,13,195,800,-0.90978,12.85,187.43,825.98,0.35112,0.12438,0.031296,0.31392,0.11684,0.026176,0.27453,0.11238,0.02272,254,252,250,197,195,195,183,180,175,124,120,116,49,53,55,93,93,91,0.55645,0.54066,0.53653
1,4.7299e+05,-0.906,13.08,195,800,-0.92358,12.948,186.55,1096.4,0.22981,0.14043,0.02496,0.21075,0.13075,0.021568,0.19642,0.12834,0.019776,245,247,248,197,202,201,167,168,171,113,114,114,44,44,47,100,99,96,0.53389,0.53288,0.53484
1,4.7309e+05,-0.906,13.16,195,800,-0.92039,13.011,187.85,757.33,0.30372,0.12522,0.028928,0.27692,0.11887,0.024832,0.25891,0.1096,0.021312,245,246,246,212,206,203,159,164,170,113,113,114,40,42,45,98,100,98,0.53325,0.52954,0.53227
1,4.7319e+05,-0.906,13.24,195,800,-0.92782,13.097,186.05,933.53,0.26201,0.13928,0.024896,0.22861,0.13203,0.020416,0.19797,0.12632,0.0176,245,244,244,208,203,203,173,174,176,115,115,115,44,45,47,111,104,97,0.53377,0.53325,0.53291
1,4.7329e+05,-0.906,13.32,195,800,-0.91933,13.155,187.04,652.09,0.26894,0.14392,0.028864,0.23168,0.1363,0.024384,0.21967,0.12767,0.021824,241,242,243,198,199,203,183,184,182,116,116,118,48,49,50,103,101,98,0.51505,0.53343,0.53503
1,4.7339e+05,-0.906,13.4,195,800,-0.91615,13.254,187.65,859.89,0.26976,0.12865,0.02592,0.23194,0.12307,0.021696,0.20398,0.11766,0.018624,248,246,245,193,201,209,202,195,189,118,121,124,55,54,54,92,93,94,0.54768,0.54052,0.53593
1,4.7349e+05,-0.906,13.48,195,800,-0.92358,13.347,187.9,852.94,0.31534,0.11696,0.025344,0.22422,0.11398,0.018304,0.1909,0.10976,0.015616,254,251,247,217,215,209,188,188,187,132,132,133,55,57,58,87,89,90,0.51855,0.52719,0.53354
1,4.7359e+05,-0.906,13.56,195,800,-0.92782,13.417,187.69,1124.8,0.25475,0.13317,0.0256,0.22871,0.12658,0.021568,0.19855,0.12103,0.018496,253,249,246,219,212,201,182,184,186,139,137,137,56,59,60,87,87,87,0.54432,0.53661,0.53426
1,4.7369e+05,-0.906,13.64,195,800,-0.92888,13.494,186.89,1064.5,0.2847,0.13139,0.026304,0.23286,0.12372,0.020608,0.18506,0.11697,0.016512,238,239,241,180,176,174,185,183,181,148,145,143,65,64,62,82,81,80,0.5298,0.53272,0.53248
1,4.7379e+05,-0.906,13.72,195,800,-0.92039,13.58,187.45,1378.6,0.28169,0.12796,0.026944,0.25308,0.11945,0.023168,0.23428,0.11631,0.020736,232,235,238,150,157,165,177,177,177,146,146,144,63,62,62,76,76,76,0.54172,0.53346,0.53424
1,4.7389e+05,-0.906,13.8,195,800,-0.93525,13.678,186.93,1087.9,0.32451,0.12462,0.028928,0.29792,0.11807,0.024704,0.27967,0.11197,0.021056,230,234,238,157,164,171,155,160,167,144,144,144,57,59,62,67,68,69,0.53763,0.53756,0.53424
1,4.7399e+05,-0.906,13.88,195,800,-0.92464,13.729,186.31,859.47,0.24815,0.1265,0.02304,0.22852,0.12154,0.020352,0.2165,0.11359,0.01856,238,239,241,203,199,195,155,159,164,135,138,140,66,65,62,66,66,67,0.53833,0.53831,0.53418
1,4.7409e+05,-0.906,13.96,195,800,-0.93737,13.824,186.93,807.79,0.23248,0.13801,0.023616,0.20389,0.12761,0.019904,0.19021,0.12463,0.017856,240,241,242,206,205,200,165,164,167,133,136,138,63,64,63,68,67,67,0.54584,0.53181,0.53366
1,4.7419e+05,-0.906,14.04,195,800,-0.9257,13.907,186.33,824.25,0.27855,0.13603,0.026944,0.23425,0.13224,0.023424,0.21516,0.12474,0.0208,244,245,244,181,187,194,170,174,174,133,135,137,58,60,61,69,71,72,0.5346,0.53669,0.53519
1,4.7429e+05,-0.906,14.12,195,800,-0.92146,13.974,186.57,718.57,0.29284,0.13111,0.027712,0.27109,0.12243,0.023616,0.24034,0.11878,0.020352,251,247,245,168,178,189,178,178,176,134,136,137,60,60,60,74,74,74,0.5162,0.52988,0.53129
1,4.7439e+05,-0.906,14.2,195,800,-0.91721,14.062,185.63,1111.2,0.27688,0.12278,0.02432,0.24754,0.11383,0.019968,0.2085,0.10869,0.015936,244,244,243,190,188,186,177,178,179,130,134,137,65,63,62,78,78,79,0.54815,0.53224,0.53148
1,4.7449e+05,-0.906,14.28,195,800,-0.91509,14.11,186.29,811.69,0.28741,0.13596,0.027968,0.24449,0.12912,0.02304,0.21867,0.12662,0.020352,233,238,241,200,191,187,185,185,181,130,133,135,61,62,64,82,84,85,0.53687,0.54004,0.53575
1,4.7459e+05,-0.906,14.36,195,800,-0.92994,14.211,186.13,757.63,0.33394,0.11986,0.026176,0.28176,0.1115,0.02048,0.20618,0.11083,0.01664,236,239,241,181,183,187,195,190,182,129,132,134,58,62,66,90,91,90,0.52805,0.53566,0.53598
1,4.7469e+05,-0.906,14.44,195,800,-0.9257,14.271,185.96,659.18,0.26801,0.12818,0.025344,0.23247,0.12471,0.021568,0.21533,0.11558,0.019072,243,244,244,178,182,185,188,184,181,130,130,131,67,65,63,116,104,95,0.52786,0.53157,0.53495
1,4.7479e+05,-0.906,14.52,195,800,-0.93419,14.362,187.33,753.18,0.22695,0.12514,0.020928,0.197,0.11662,0.017344,0.17895,0.11247,0.015104,242,246,246,183,185,186,175,178,178,125,127,128,67,63,61,108,101,95,0.55236,0.54095,0.53805
1,4.7489e+05,-0.906,14.6,195,800,-0.92888,14.447,185.53,586.24,0.37099,0.1255,0.03296,0.31763,0.12105,0.027776,0.27694,0.11458,0.023104,247,249,249,178,187,194,171,175,176,116,119,122,52,53,55,88,91,93,0.53439,0.53285,0.53527
1,4.7499e+05,-0.906,14.68,195,800,-0.91085,14.505,184.79,606.11,0.21321,0.13767,0.02304,0.19717,0.12971,0.020288,0.19025,0.12518,0.018688,255,253,251,202,199,199,176,176,177,114,115,117,50,53,55,97,96,95,0.5336,0.53649,0.53708
1,4.7509e+05,-0.906,14.76,195,800,-0.931,14.614,186.05,996.89,0.26128,0.11598,0.022208,0.21952,0.11417,0.018432,0.18625,0.10986,0.015552,255,254,252,194,200,204,171,174,176,112,114,117,52,56,58,95,97,99,0.52955,0.53311,0.53495
1,4.7519e+05,-0.906,14.84,195,800,-0.93737,14.7,187.51,1056.6,0.24678,0.13165,0.023872,0.20707,0.12607,0.019456,0.18548,0.1242,0.017472,252,253,251,220,214,209,171,174,177,115,118,122,61,63,66,103,105,106,0.52482,0.53662,0.53576
1,4.7529e+05,-0.906,14.92,195,800,-0.91933,14.754,186.34,652.88,0.30225,0.13435,0.028288,0.26018,0.12707,0.023872,0.24397,0.11915,0.02112,253,253,251,229,220,209,179,179,179,123,125,125,67,68,69,105,109,111,0.54439,0.54034,0.53755
1,4.7539e+05,-0.906,15,195,800,-0.90872,14.838,187.69,689.83,0.30352,0.14672,0.030784,0.2657,0.13095,0.02496,0.23473,0.12387,0.021312,255,252,247,205,205,201,198,192,187,132,130,129,72,73,70,113,116,119,0.54734,0.53591,0.53675
1,4.7549e+05,-0.906,15.08,195,800,-0.91933,14.922,186.9,980.14,0.30386,0.14516,0.029696,0.25515,0.13129,0.024064,0.23002,0.12207,0.020736,240,241,241,183,182,182,192,194,192,129,133,137,65,65,66,126,127,127,0.54595,0.5376,0.53845
1,4.7559e+05,-0.906,15.16,195,800,-0.92464,15,187.01,990.01,0.27371,0.14042,0.028864,0.26095,0.12948,0.025536,0.24656,0.12096,0.022656,233,236,238,171,174,178,192,194,193,141,141,145,63,63,65,136,132,128,0.52934,0.539,0.53839
1,4.7569e+05,-0.906,15.24,195,800,-0.91615,15.07,187.72,651.36,0.31654,0.12699,0.028992,0.29428,0.11709,0.024512,0.26556,0.11534,0.021632,240,237,235,188,185,182,199,196,191,170,170,170,75,72,70,126,127,126,0.52772,0.53529,0.53789
1,4.7579e+05,-0.906,15.32,195,800,-0.92146,15.163,185.89,1142.9,0.25979,0.13328,0.025856,0.24307,0.12369,0.022528,0.2247,0.1151,0.01952,240,238,235,205,197,187,195,192,188,186,186,186,80,77,74,119,122,124,0.53225,0.54267,0.54108
1,4.7589e+05,-0.906,15.4,195,800,-0.91297,15.223,187.13,807.4,0.28589,0.1199,0.02464,0.22972,0.11753,0.019328,0.18179,0.11536,0.016256,235,236,235,192,195,190,181,180,180,220,220,219,86,84,83,129,119,113,0.55188,0.54832,0.54586
1,4.7599e+05,-0.906,15.48,195,800,-0.90872,15.297,187.36,532.67,0.28381,0.12611,0.026368,0.24827,0.11827,0.022336,0.23216,0.11425,0.020096,237,235,235,187,182,178,177,175,175,248,247,244,96,99,99,101,102,104,0.5323,0.54752,0.54844
1,4.7609e+05,-0.906,15.56,195,800,-0.92464,15.392,186.16,669.85,0.25065,0.13294,0.024192,0.22766,0.12542,0.021312,0.20933,0.12206,0.019072,231,234,238,175,174,175,174,174,174,254,253,250,117,111,108,94,97,99,0.54405,0.54532,0.54885
1,4.7619e+05,-0.906,15.64,195,800,-0.93419,15.47,185.53,873.32,0.23536,0.12741,0.022848,0.20756,0.12372,0.019776,0.19499,0.1169,0.017664,242,242,243,178,180,179,175,174,175,255,255,255,129,127,126,102,100,99,0.54988,0.55305,0.55311
1,4.7629e+05,-0.906,15.72,195,800,-0.93207,15.573,186.11,885.23,0.30566,0.12704,0.029056,0.27449,0.12011,0.024576,0.24874,0.11624,0.02176,248,247,246,197,190,184,178,177,177,255,255,255,121,127,132,104,103,102,0.56847,0.55783,0.55629
1,4.7639e+05,-0.906,15.8,195,800,-0.94904,15.664,184.71,778.96,0.19385,0.12956,0.019392,0.17694,0.12226,0.01696,0.16832,0.11256,0.014912,248,247,247,195,191,186,189,185,183,255,255,255,139,138,137,109,112,120,0.56751,0.56179,0.56142
1,4.7649e+05,-0.906,15.88,195,800,-0.94161,15.721,185.79,927.72,0.3016,0.12676,0.028608,0.2728,0.11888,0.024832,0.25457,0.11546,0.022592,246,245,245,176,175,177,190,190,186,255,255,255,139,141,148,149,153,155,0.57128,0.57287,0.57193
1,4.7659e+05,-0.906,15.96,195,800,-0.92039,15.79,186.22,1008.9,0.26986,0.12402,0.024896,0.24679,0.12158,0.022656,0.23481,0.11236,0.020032,248,245,243,179,172,173,191,188,186,255,255,255,138,153,157,182,171,172,0.58106,0.58613,0.57897
1,4.7966e+05,-0.999,16,195,800,-1.035,15.783,0.48562,757.65,0,0,0,0,0,0,0,0,0,237,239,240,200,191,185,177,180,179,255,255,255,190,174,166,192,177,171,0.52973,0.52888,0.53031
1,4.7976e+05,-0.999,15.92,195,800,-1.0085,15.695,186.78,692.5,0.25798,0.11888,0.019584,0.23019,0.11083,0.016576,0.18485,0.10936,0.014784,243,242,242,172,177,182,192,186,180,255,255,255,127,132,144,123,130,139,0.57167,0.57684,0.57825
1,4.7986e+05,-0.999,15.84,195,800,-1.0169,15.616,185.57,787.51,0.2202,0.12113,0.020416,0.2132,0.11069,0.018368,0.20299,0.10649,0.01664,246,245,244,182,179,182,180,181,180,255,255,255,130,131,134,108,113,123,0.56422,0.56409,0.56627
1,4.7996e+05,-0.999,15.76,195,800,-1.0191,15.554,186.03,729.78,0.31156,0.1151,0.026048,0.30047,0.10455,0.021888,0.27125,0.102,0.0176,250,249,248,175,183,186,173,173,175,255,255,255,135,134,131,102,104,106,0.55046,0.55866,0.56079
1,4.8006e+05,-0.999,15.68,195,800,-1.0116,15.468,185.54,918.52,0.33606,0.12533,0.03168,0.29503,0.11726,0.026624,0.27221,0.11226,0.022848,250,249,246,175,181,184,173,173,175,255,255,255,130,129,127,102,102,102,0.54985,0.55466,0.5549
1,4.8016e+05,-0.999,15.6,195,800,-1.0467,15.415,185.39,723.98,0.39889,0.13573,0.036864,0.34675,0.12419,0.030016,0.30734,0.11459,0.02528,244,239,238,174,172,176,182,180,178,255,255,253,109,109,109,90,93,98,0.54773,0.55351,0.55316
1,4.8026e+05,-0.999,15.52,195,800,-1.0169,15.323,186.95,582.1,0.42472,0.1318,0.032448,0.25542,0.1262,0.023488,0.21408,0.11961,0.01952,232,232,233,166,171,174,182,181,180,247,244,241,83,86,91,100,101,103,0.54817,0.54775,0.54873
1,4.8036e+05,-0.999,15.44,195,800,-1.0222,15.249,186.11,763.68,0.26557,0.14493,0.02368,0.22256,0.12295,0.01888,0.20232,0.11312,0.016192,237,234,234,179,178,178,178,178,181,233,232,229,75,79,84,109,112,109,0.54314,0.54865,0.54819
1,4.8046e+05,-0.999,15.36,195,800,-1.0329,15.174,186.9,829.85,0.30073,0.16928,0.032192,0.26259,0.13597,0.026304,0.23283,0.12666,0.02272,241,240,238,190,188,185,177,179,181,198,197,196,72,73,74,123,123,121,0.54885,0.54127,0.54213
1,4.8056e+05,-0.999,15.28,195,800,-1.0074,15.087,186.38,926.2,0.32517,0.12629,0.029504,0.26771,0.12326,0.024192,0.22596,0.11705,0.020352,241,240,238,188,185,183,179,180,182,181,179,179,69,69,69,124,125,125,0.54331,0.5402,0.53824
1,4.8066e+05,-0.999,15.2,195,800,-1.0339,15.035,186.45,1026.6,0.30966,0.14135,0.033344,0.27223,0.13757,0.0288,0.24769,0.12999,0.025216,233,235,237,165,170,177,184,184,186,151,151,151,55,58,61,133,130,129,0.54763,0.5381,0.53642
1,4.8076e+05,-0.999,15.12,195,800,-1.018,14.931,185.3,818.39,0.29892,0.1253,0.028096,0.25877,0.11851,0.023168,0.23153,0.11652,0.020352,241,240,239,170,173,178,200,193,188,123,128,133,55,56,59,134,132,130,0.54774,0.53966,0.53794
1,4.8086e+05,-0.999,15.04,195,800,-1.0265,14.876,187.43,467.29,0.29573,0.12636,0.027648,0.25153,0.11996,0.022656,0.2132,0.11718,0.0192,247,244,242,182,182,184,197,192,188,118,124,130,59,60,62,137,132,127,0.52502,0.53474,0.53753
1,4.8096e+05,-0.999,14.96,195,800,-1.0148,14.774,185.33,624.13,0.28036,0.1332,0.027648,0.25326,0.12422,0.023424,0.23342,0.11967,0.020928,245,246,246,194,195,197,176,180,183,138,132,126,71,68,65,124,122,119,0.53406,0.53696,0.53907
1,4.8106e+05,-0.999,14.88,195,800,-0.98299,14.667,186.6,1280.5,0.29906,0.15051,0.031296,0.24712,0.14783,0.026368,0.22225,0.13917,0.022592,246,246,246,193,196,199,175,178,182,135,131,127,66,66,65,120,116,113,0.54246,0.53943,0.53851
1,4.8116e+05,-0.999,14.8,195,800,-1.0265,14.63,186.03,844.16,0.35055,0.12622,0.030336,0.31254,0.11666,0.025344,0.26307,0.11534,0.022016,250,248,248,189,192,197,189,185,182,125,125,124,56,57,59,105,104,104,0.558,0.54023,0.53825
1,4.8126e+05,-0.999,14.72,195,800,-1.0095,14.554,186.76,631.05,0.32196,0.1227,0.028672,0.28126,0.11592,0.02368,0.24686,0.11258,0.020672,247,248,248,193,189,189,183,181,178,117,119,120,56,53,52,97,97,96,0.53736,0.5358,0.53556
1,4.8136e+05,-0.999,14.64,195,800,-1.0032,14.447,186.03,785.07,0.26674,0.16114,0.028224,0.22037,0.15211,0.02304,0.20155,0.14156,0.019584,247,247,248,183,184,189,173,175,175,111,114,118,50,50,51,97,94,93,0.55178,0.53769,0.53482
1,4.8146e+05,-0.999,14.56,195,800,-1.0095,14.387,186.23,1025.2,0.29426,0.12805,0.02784,0.26756,0.12163,0.024,0.23643,0.11486,0.020864,247,246,247,186,188,192,177,172,171,117,116,117,49,51,53,86,90,93,0.5348,0.53415,0.53328
1,4.8156e+05,-0.999,14.48,195,800,-1.0127,14.296,186.7,779.45,0.25885,0.12816,0.024896,0.23423,0.11955,0.021248,0.21071,0.11473,0.018432,249,246,245,206,197,192,174,174,173,121,120,120,55,56,55,91,92,93,0.54543,0.54224,0.53843
1,4.8166e+05,-0.999,14.4,195,800,-1.0191,14.239,185.14,937.26,0.31495,0.12026,0.027456,0.27245,0.11428,0.022848,0.2451,0.11112,0.019968,239,241,243,191,193,195,183,180,177,126,127,128,62,59,59,92,94,93,0.54722,0.53697,0.53455
1,4.8176e+05,-0.999,14.32,195,800,-1.0169,14.152,185.02,921.86,0.30677,0.13412,0.031232,0.28006,0.12798,0.027072,0.257,0.12054,0.02368,245,242,241,187,193,195,176,176,177,136,135,134,59,60,63,88,86,86,0.53934,0.5399,0.53604
1,4.8186e+05,-0.999,14.24,195,800,-1.0085,14.052,186.36,938.52,0.28993,0.12086,0.026368,0.24451,0.11653,0.021568,0.21313,0.1149,0.018432,247,243,242,194,194,193,174,174,176,137,137,137,61,63,66,83,83,83,0.53951,0.53123,0.53181
1,4.8196e+05,-0.999,14.16,195,800,-1.0244,13.993,185.54,718.4,0.24981,0.12376,0.023104,0.22271,0.1176,0.019776,0.20982,0.109,0.017088,240,242,243,179,183,190,178,177,175,141,137,136,62,66,69,80,79,79,0.53525,0.53333,0.53222
1,4.8206e+05,-0.999,14.08,195,800,-1.0106,13.898,186.08,807,0.30505,0.12451,0.027328,0.25918,0.11738,0.02272,0.22712,0.11028,0.019008,241,243,244,180,186,193,180,177,175,137,135,134,61,65,67,78,77,77,0.53615,0.53908,0.53552
1,4.8216e+05,-0.999,14,195,800,-1.0095,13.814,186.07,802.06,0.28389,0.12396,0.025984,0.2538,0.11439,0.021504,0.23273,0.11204,0.019136,247,245,244,225,215,206,171,170,169,129,130,132,59,60,64,72,72,73,0.53229,0.53145,0.53392
1,4.8226e+05,-0.999,13.92,195,800,-1.0021,13.728,186.53,1220.6,0.25448,0.12061,0.022784,0.22694,0.11637,0.01952,0.20489,0.11204,0.01728,248,245,243,211,212,207,158,160,161,141,139,138,62,63,62,72,71,71,0.53615,0.53678,0.53484
1,4.8236e+05,-0.999,13.84,195,800,-1.0159,13.674,185.99,919.07,0.29576,0.12868,0.029056,0.27119,0.12193,0.025344,0.25336,0.11516,0.022272,246,243,241,197,199,196,162,160,161,146,145,143,60,61,62,70,71,72,0.50975,0.52651,0.53269
1,4.8246e+05,-0.999,13.76,195,800,-1.0095,13.593,184.96,768.47,0.29705,0.12095,0.025152,0.25956,0.11663,0.020928,0.20887,0.11461,0.01728,236,238,239,170,168,170,173,172,169,145,149,147,55,59,62,79,77,76,0.51395,0.53115,0.53324
1,4.8256e+05,-0.999,13.68,195,800,-1.0159,13.523,186.41,791.46,0.3155,0.12068,0.027712,0.27486,0.11696,0.02304,0.23261,0.11051,0.019136,238,239,240,155,159,165,183,179,174,145,146,146,65,64,63,82,81,80,0.51246,0.52826,0.53232
1,4.8266e+05,-0.999,13.6,195,800,-1.0159,13.427,185.96,769.01,0.30587,0.12806,0.027776,0.26391,0.12267,0.022528,0.20757,0.12347,0.019136,247,246,244,165,174,180,185,186,184,141,141,139,75,71,65,84,87,88,0.52352,0.53669,0.53513
1,4.8276e+05,-0.999,13.52,195,800,-1.0127,13.354,186.97,746.52,0.2754,0.12919,0.02688,0.25452,0.11934,0.02304,0.23093,0.1167,0.020608,246,248,248,220,212,202,194,193,190,130,131,130,68,64,62,104,98,93,0.52504,0.53331,0.53413
1,4.8286e+05,-0.999,13.44,195,800,-1.0138,13.273,186.11,1170.9,0.26508,0.12895,0.02496,0.2352,0.12255,0.021184,0.20859,0.11963,0.018624,246,247,248,225,215,205,193,194,191,124,125,125,57,59,59,107,100,94,0.55134,0.53301,0.53487
1,4.8296e+05,-0.999,13.36,195,800,-1.0233,13.203,187.35,770.61,0.32754,0.12005,0.025792,0.25348,0.11511,0.020928,0.21617,0.11455,0.01824,240,244,246,193,199,204,180,185,186,119,118,118,48,51,54,87,91,93,0.53525,0.53389,0.53443
1,4.8306e+05,-0.999,13.28,195,800,-1.0254,13.126,187.13,668.16,0.25595,0.11374,0.020096,0.19913,0.1111,0.015936,0.18128,0.10325,0.013632,241,244,246,198,201,203,179,180,181,115,117,116,48,50,51,87,88,91,0.54476,0.53578,0.53422
1,4.8316e+05,-0.999,13.2,195,800,-1.001,13.012,186.26,956.62,0.29259,0.13534,0.0272,0.26014,0.12988,0.023488,0.2353,0.12193,0.02016,249,248,247,206,216,212,173,172,172,120,117,116,47,47,48,81,85,90,0.54003,0.53703,0.53646
1,4.8326e+05,-0.999,13.12,195,800,-1.0169,12.964,185.6,1190.5,0.28984,0.12444,0.026816,0.25782,0.11864,0.022656,0.23367,0.11175,0.019712,248,248,249,230,218,210,165,168,170,113,115,116,48,51,52,85,85,88,0.52488,0.52822,0.53403
1,4.8336e+05,-0.999,13.04,195,800,-1.0265,12.893,185.67,998.55,0.25768,0.11873,0.023232,0.23285,0.11229,0.01952,0.20544,0.10597,0.016704,247,249,250,206,208,206,166,169,171,115,114,115,61,60,57,84,85,87,0.53335,0.53541,0.53549
1,4.8346e+05,-0.999,12.96,195,800,-1.0233,12.81,186.79,750.98,0.26053,0.13981,0.028416,0.23952,0.13034,0.024576,0.22525,0.12499,0.02176,252,252,250,196,195,196,172,171,171,109,113,114,94,78,64,82,83,84,0.52497,0.53249,0.53577
1,4.8356e+05,-0.999,12.88,195,800,-1.0095,12.71,185.28,1008.4,0.26446,0.13043,0.025216,0.23925,0.12377,0.022016,0.22249,0.11707,0.019392,251,251,251,189,193,196,166,169,170,112,113,115,88,75,64,82,82,83,0.53457,0.53622,0.53587
1,4.8366e+05,-0.999,12.8,195,800,-1.0392,12.673,186.42,735.8,0.2664,0.12111,0.02336,0.22613,0.11682,0.020032,0.21384,0.10916,0.017792,250,251,250,201,201,197,170,170,169,118,119,118,63,68,68,82,83,86,0.53272,0.53807,0.53611
1,4.8376e+05,-0.999,12.72,195,800,-1.0286,12.595,186.7,724.67,0.27968,0.12252,0.025472,0.24475,0.11774,0.021376,0.22203,0.11371,0.018944,248,248,248,202,199,194,161,166,169,122,123,122,98,85,73,91,92,94,0.52914,0.534,0.53529
1,4.8386e+05,-0.999,12.64,195,800,-1.0085,12.476,187.68,1213.9,0.26875,0.12282,0.023936,0.22317,0.12172,0.02016,0.20028,0.11329,0.017408,242,246,247,188,191,191,161,166,170,122,123,125,86,84,77,98,98,99,0.53672,0.53586,0.53642
1,4.8396e+05,-0.999,12.56,195,800,-1.0159,12.412,186.53,1218.6,0.32016,0.12009,0.025792,0.25373,0.11365,0.020288,0.20367,0.1114,0.017024,245,245,245,184,184,187,180,177,174,128,130,129,87,87,83,114,111,106,0.53753,0.53782,0.53788
1,4.8406e+05,-0.999,12.48,195,800,-1.0318,12.343,186.03,639.02,0.28475,0.12597,0.026432,0.24868,0.11972,0.022336,0.22796,0.11436,0.019648,246,245,245,187,186,188,185,179,173,134,133,130,101,93,82,118,112,106,0.52957,0.53681,0.53814
1,4.8416e+05,-0.999,12.4,195,800,-1.0276,12.261,185.94,523.06,0.28164,0.12587,0.026624,0.24353,0.12294,0.022976,0.22043,0.11782,0.019648,244,244,245,193,194,192,164,170,173,125,128,129,72,75,74,99,99,99,0.53442,0.53622,0.53803
1,4.8426e+05,-0.999,12.32,195,800,-1.0254,12.176,187.5,559.2,0.28425,0.11955,0.024768,0.24447,0.11295,0.020032,0.21388,0.1117,0.0176,245,245,245,183,186,191,174,172,174,124,125,129,57,61,69,92,90,91,0.52893,0.53287,0.53561
1,4.8436e+05,-0.999,12.24,195,800,-1.0159,12.099,187.2,932.23,0.24184,0.13276,0.024448,0.22336,0.12601,0.021248,0.20867,0.12015,0.019328,249,246,244,177,185,192,170,176,178,125,131,136,68,73,72,88,89,89,0.53566,0.53003,0.5354
1,4.8446e+05,-0.999,12.16,195,800,-1.0159,12.011,187.99,687.71,0.29515,0.12229,0.026112,0.24404,0.1164,0.020672,0.20455,0.11566,0.017728,244,244,243,209,201,193,181,180,178,160,156,151,99,92,82,84,85,87,0.52756,0.53687,0.54004
1,4.8456e+05,-0.999,12.08,195,800,-1.0318,11.937,188.11,920.26,0.29045,0.13013,0.027648,0.25017,0.12509,0.023424,0.22717,0.11642,0.019776,242,242,241,205,200,195,173,175,177,167,163,158,90,90,88,88,86,87,0.53328,0.54038,0.54403
1,4.8466e+05,-0.999,12,195,800,-1.0053,11.848,187.41,844.31,0.23664,0.14035,0.025216,0.2094,0.13373,0.021568,0.1932,0.12889,0.019392,236,239,241,189,191,191,168,172,178,165,169,169,106,99,94,91,87,85,0.55381,0.54802,0.54661
1,4.8476e+05,-0.999,11.92,195,800,-0.9936,11.753,188.35,981.53,0.27123,0.13808,0.026112,0.24044,0.12906,0.022016,0.1998,0.12791,0.018368,249,247,246,201,196,192,202,193,187,171,170,164,117,111,102,77,79,83,0.53029,0.54418,0.5465
1,4.8486e+05,-0.999,11.84,195,800,-1.0148,11.689,185.71,970.04,0.27412,0.12342,0.0256,0.25402,0.1132,0.021568,0.23218,0.11013,0.018816,254,251,249,199,199,197,207,197,189,153,158,157,119,113,98,76,79,82,0.54168,0.5466,0.54515
1,4.8496e+05,-0.999,11.76,195,800,-1.018,11.617,186.73,685,0.30439,0.14724,0.031808,0.27512,0.1366,0.026368,0.24696,0.12192,0.021632,252,253,253,208,214,211,187,185,184,125,131,135,81,84,79,86,87,90,0.5472,0.54654,0.54843
1,4.8506e+05,-0.999,11.68,195,800,-1.0148,11.528,186.53,519.64,0.24099,0.12001,0.0208,0.21557,0.11646,0.018048,0.18976,0.10925,0.015168,254,253,253,234,221,213,182,180,178,125,125,128,63,64,71,94,94,97,0.54799,0.55209,0.55019
1,4.8516e+05,-0.999,11.6,195,800,-1.0201,11.461,187.35,709.39,0.24001,0.13962,0.025536,0.22122,0.12905,0.021696,0.21,0.12099,0.019328,249,251,252,202,203,203,176,173,173,117,119,122,65,66,65,111,114,116,0.54689,0.54651,0.55037
1,4.8526e+05,-0.999,11.52,195,800,-1.0116,11.379,186.45,972.38,0.27977,0.12447,0.024768,0.21871,0.12538,0.020736,0.20601,0.11427,0.017984,249,250,251,168,177,188,176,176,174,118,121,123,76,72,70,130,133,137,0.54777,0.55242,0.55329
1,4.8536e+05,-0.999,11.44,195,800,-1.0276,11.306,186.78,792.76,0.24067,0.12847,0.023488,0.22364,0.12135,0.020736,0.21207,0.11152,0.01824,251,249,250,182,184,188,188,180,177,124,123,124,73,71,71,140,143,148,0.5521,0.55202,0.55451
1,4.8546e+05,-0.999,11.36,195,800,-1.0222,11.235,186.48,609.69,0.31416,0.12638,0.029632,0.28616,0.11629,0.024576,0.25309,0.11324,0.020928,247,249,251,207,204,200,194,186,179,123,127,131,73,70,70,164,168,175,0.5707,0.5609,0.55808
1,4.8556e+05,-0.999,11.28,195,800,-1.0222,11.117,186.91,1010.3,0.27257,0.14536,0.029056,0.24743,0.13628,0.024768,0.22791,0.13193,0.02208,252,251,250,207,206,204,190,183,178,135,135,140,66,68,72,180,184,188,0.56856,0.56429,0.56346
1,4.8566e+05,-0.999,11.2,195,800,-1.0074,11.05,184.92,1145,0.35302,0.13065,0.034048,0.3165,0.12253,0.028992,0.29082,0.11681,0.024768,251,250,249,207,203,201,171,174,177,176,178,181,72,76,87,202,198,195,0.57976,0.56776,0.56678
1,4.8576e+05,-0.999,11.12,195,800,-1.0276,10.983,184.89,953.81,0.26458,0.13583,0.026624,0.23521,0.12704,0.022528,0.21253,0.12358,0.01952,249,247,246,187,190,188,185,182,178,250,239,227,126,133,140,170,176,180,0.58355,0.57884,0.57803
1,4.8586e+05,-0.999,11.04,195,800,-1.0371,10.912,186.77,701.68,0.29704,0.12761,0.02752,0.26801,0.12108,0.022848,0.22729,0.11747,0.019392,247,246,246,182,182,182,183,181,179,255,252,243,183,178,169,167,167,169,0.5928,0.59468,0.58003
1,4.8893e+05,-1.092,11,195,800,-1.1283,10.953,-0.14004,876.37,0,0,0,0,0,0,0,0,0,253,252,250,175,187,192,178,181,180,253,254,253,254,246,227,159,163,163,0.51164,0.52008,0.52183
1,4.8903e+05,-1.092,11.08,195,800,-1.0965,10.98,186.37,972.59,0.20555,0.11767,0.01632,0.15559,0.11625,0.014144,0.14759,0.1107,0.012928,253,253,251,226,213,202,190,185,179,247,241,230,168,169,166,193,187,181,0.56621,0.581,0.58388
1,4.8913e+05,-1.092,11.16,195,800,-1.1199,11.078,184.87,1123.7,0.22107,0.127,0.021632,0.20617,0.1225,0.019392,0.1984,0.11376,0.0176,254,253,251,220,211,205,183,182,179,217,215,209,106,120,131,214,204,190,0.57952,0.57151,0.56933
1,4.8923e+05,-1.092,11.24,195,800,-1.123,11.15,187.03,1280.3,0.30325,0.13667,0.03104,0.28426,0.12746,0.026496,0.25852,0.12102,0.022592,251,250,250,189,196,204,177,179,181,151,154,159,75,75,80,217,209,198,0.55832,0.56455,0.56391
1,4.8933e+05,-1.092,11.32,195,800,-1.0912,11.199,187.17,736.19,0.29965,0.13191,0.0288,0.27088,0.11902,0.023488,0.24743,0.11443,0.020608,247,249,250,196,198,200,182,183,182,136,137,139,65,69,73,192,195,194,0.56917,0.56025,0.55859
1,4.8943e+05,-1.092,11.4,195,800,-1.1093,11.289,186.79,808.05,0.3738,0.12346,0.032512,0.26255,0.12085,0.02336,0.21972,0.11054,0.018048,250,249,250,189,189,193,181,182,183,122,122,122,73,71,69,167,168,170,0.54998,0.55307,0.55333
1,4.8953e+05,-1.092,11.48,195,800,-1.1135,11.37,185.46,908.78,0.35082,0.12393,0.031168,0.31495,0.11695,0.026432,0.28201,0.11141,0.02272,253,252,251,177,183,193,169,173,177,126,121,118,61,66,67,144,144,144,0.56166,0.55278,0.55168
1,4.8963e+05,-1.092,11.56,195,800,-1.1103,11.437,186.6,1002.3,0.32155,0.12321,0.029504,0.28242,0.11513,0.024384,0.2547,0.1073,0.020544,255,253,252,191,197,200,171,172,174,123,121,119,60,62,64,132,132,131,0.54691,0.54931,0.55066
1,4.8973e+05,-1.092,11.64,195,800,-1.1146,11.541,186.68,1159.3,0.28718,0.1297,0.028224,0.25462,0.12172,0.023808,0.22773,0.11687,0.02048,255,254,252,241,226,214,163,170,176,124,122,122,56,58,62,113,111,109,0.54419,0.54811,0.5493
1,4.8983e+05,-1.092,11.72,195,800,-1.1029,11.58,187.41,988.5,0.30111,0.11939,0.027136,0.22288,0.11716,0.020416,0.19176,0.10976,0.016512,255,253,251,233,223,214,164,172,179,126,126,127,57,62,69,98,99,99,0.54375,0.54559,0.54819
1,4.8993e+05,-1.092,11.8,195,800,-1.1061,11.684,187.93,1173.2,0.20332,0.12339,0.0192,0.18288,0.11514,0.016256,0.16919,0.11049,0.0144,248,251,251,193,195,200,190,191,189,137,141,146,92,89,86,78,84,88,0.54608,0.54295,0.54712
1,4.9003e+05,-1.092,11.88,195,800,-1.0912,11.742,187.44,890.03,0.28135,0.12285,0.025088,0.24652,0.1198,0.021376,0.21703,0.11588,0.018496,252,250,247,176,181,188,198,197,191,205,180,163,100,99,95,84,86,88,0.53719,0.54357,0.54673
1,4.9013e+05,-1.092,11.96,195,800,-1.1029,11.846,187.46,787.1,0.26355,0.12196,0.023744,0.22518,0.11601,0.01984,0.20087,0.10957,0.016768,249,247,246,185,185,188,189,189,187,204,183,164,87,91,92,90,91,91,0.5344,0.5432,0.54599
1,4.9023e+05,-1.092,12.04,195,800,-1.1029,11.918,186.14,743.78,0.30053,0.1293,0.029568,0.27775,0.12277,0.025856,0.25896,0.11476,0.022784,239,242,244,193,195,196,174,175,178,141,148,154,73,76,80,95,95,93,0.55179,0.551,0.54834
1,4.9033e+05,-1.092,12.12,195,800,-1.1135,12,187.11,886.46,0.30608,0.13196,0.028416,0.27222,0.12526,0.024192,0.24335,0.12181,0.020992,242,243,244,193,196,196,171,176,179,135,139,144,70,71,74,89,92,95,0.54277,0.54266,0.543
1,4.9043e+05,-1.092,12.2,195,800,-1.1061,12.073,187.13,922.71,0.24715,0.13984,0.026688,0.21558,0.13433,0.022656,0.1992,0.12545,0.019648,247,246,245,179,185,191,193,186,180,130,131,132,58,61,64,96,96,94,0.5458,0.54075,0.54106
1,4.9053e+05,-1.092,12.28,195,800,-1.1018,12.142,187.5,638.69,0.30791,0.13139,0.030528,0.28915,0.12054,0.026176,0.27012,0.11564,0.023168,242,244,245,177,183,189,180,179,177,125,126,127,52,54,60,86,89,92,0.53246,0.53286,0.53379
1,4.9063e+05,-1.092,12.36,195,800,-1.1039,12.238,186.48,708.54,0.34755,0.13107,0.028224,0.26604,0.12765,0.019776,0.17253,0.12766,0.016832,244,244,245,191,190,191,172,173,174,124,126,127,56,59,64,79,84,91,0.52882,0.53408,0.53613
1,4.9073e+05,-1.092,12.44,195,800,-1.1167,12.304,186.65,762.52,0.30098,0.11844,0.02464,0.26628,0.11509,0.020736,0.23203,0.10569,0.016896,246,245,245,190,193,194,172,172,172,132,131,129,89,81,73,92,93,95,0.53316,0.53451,0.5362
1,4.9083e+05,-1.092,12.52,195,800,-1.1082,12.388,186.46,579.27,0.2841,0.11905,0.025024,0.24755,0.11602,0.02144,0.22152,0.1082,0.017344,248,247,246,183,188,192,173,173,172,131,130,128,87,83,76,101,101,99,0.54248,0.53572,0.53592
1,4.9093e+05,-1.092,12.6,195,800,-1.1029,12.472,187.35,919.94,0.34211,0.12378,0.03072,0.29112,0.11899,0.025728,0.25427,0.11385,0.021696,250,249,247,186,186,188,168,171,172,123,122,123,71,72,74,102,102,100,0.53249,0.53629,0.53675
1,4.9103e+05,-1.092,12.68,195,800,-1.105,12.552,186.9,730.2,0.21831,0.12368,0.020736,0.1904,0.12018,0.017664,0.17508,0.11234,0.01536,252,251,249,181,186,188,172,171,170,115,116,117,64,67,67,91,92,92,0.53406,0.53675,0.53725
1,4.9113e+05,-1.092,12.76,195,800,-1.0955,12.606,186.42,442.3,0.18859,0.126,0.017984,0.17376,0.11782,0.015936,0.16526,0.11214,0.014272,255,252,250,189,190,190,173,172,170,113,114,115,60,62,64,86,86,88,0.54128,0.53656,0.53822
1,4.9123e+05,-1.092,12.84,195,800,-1.0955,12.702,186.74,702.73,0.2092,0.1255,0.020352,0.19187,0.11843,0.017792,0.17862,0.11409,0.016,250,251,251,203,199,196,168,169,170,110,110,111,54,57,62,80,81,84,0.53304,0.53569,0.53574
1,4.9133e+05,-1.092,12.92,195,800,-1.1146,12.791,187.3,743.46,0.23718,0.12792,0.022272,0.21202,0.12183,0.019456,0.18778,0.11683,0.016832,245,250,251,198,200,198,164,168,171,109,108,109,55,59,61,81,82,84,0.53376,0.53713,0.53514
1,4.9143e+05,-1.092,13,195,800,-1.0986,12.858,186.52,872.8,0.33575,0.11333,0.026112,0.2813,0.11041,0.020992,0.2346,0.10462,0.01696,254,252,250,198,201,206,171,173,173,108,109,110,59,60,60,85,87,87,0.53806,0.53478,0.53597
1,4.9153e+05,-1.092,13.08,195,800,-1.1071,12.943,186.24,799.54,0.29088,0.12204,0.02688,0.27045,0.11473,0.02304,0.25307,0.11152,0.020864,249,248,248,212,214,212,173,172,173,121,117,114,52,53,54,84,86,87,0.55772,0.53773,0.53487
1,4.9163e+05,-1.092,13.16,195,800,-1.0955,13.011,186.58,866.48,0.30685,0.13178,0.030528,0.28455,0.12608,0.027072,0.26989,0.1222,0.024128,245,247,247,219,218,213,169,172,173,119,117,115,49,50,51,85,85,86,0.5445,0.53628,0.53651
1,4.9173e+05,-1.092,13.24,195,800,-1.1114,13.089,186.69,816.21,0.26622,0.15512,0.031296,0.24317,0.14637,0.0272,0.22392,0.14479,0.024896,249,248,247,209,205,203,177,175,175,110,112,114,52,52,51,87,85,84,0.53792,0.5317,0.53275
1,4.9183e+05,-1.092,13.32,195,800,-1.1061,13.182,186.15,991.49,0.36079,0.14346,0.036096,0.29991,0.13965,0.030528,0.27371,0.12674,0.025472,252,249,247,192,195,199,175,178,178,110,112,114,57,56,53,86,85,85,0.54314,0.53212,0.53299
1,4.9193e+05,-1.092,13.4,195,800,-1.1103,13.269,186.3,740.36,0.34733,0.14456,0.031104,0.27556,0.1165,0.023488,0.25009,0.11127,0.020288,250,249,247,204,203,200,194,188,184,117,116,117,69,62,57,91,91,90,0.53961,0.53525,0.53419
1,4.9203e+05,-1.092,13.48,195,800,-1.1071,13.328,185.28,754.35,0.28885,0.11859,0.025216,0.25287,0.11458,0.020992,0.22624,0.10842,0.017792,249,247,245,214,205,193,191,188,185,126,126,126,58,60,60,97,95,92,0.54707,0.5413,0.53654
1,4.9213e+05,-1.092,13.56,195,800,-1.1061,13.418,185.04,1139.2,0.24711,0.11896,0.021632,0.21809,0.11484,0.018752,0.19773,0.11047,0.016384,246,244,243,187,185,181,183,183,183,134,131,130,59,61,61,92,92,92,0.53194,0.53725,0.53434
1,4.9223e+05,-1.092,13.64,195,800,-1.087,13.492,186.66,850.93,0.36205,0.12871,0.0336,0.32391,0.12396,0.029056,0.3008,0.11947,0.0256,237,238,239,136,144,158,174,174,174,134,137,138,64,63,62,85,85,86,0.53397,0.53747,0.53718
1,4.9233e+05,-1.092,13.72,195,800,-1.1071,13.588,186.67,940.39,0.25932,0.13864,0.0272,0.22509,0.13159,0.02304,0.20183,0.12811,0.020224,235,237,239,137,147,161,170,169,169,144,143,141,62,61,61,82,82,82,0.52908,0.52974,0.53149
1,4.9243e+05,-1.092,13.8,195,800,-1.1167,13.669,186.54,973.21,0.25708,0.13439,0.02656,0.23481,0.13021,0.023488,0.22358,0.12374,0.021184,243,242,241,199,196,192,153,158,162,160,149,141,63,64,62,74,75,76,0.53061,0.53059,0.53176
1,4.9253e+05,-1.092,13.88,195,800,-1.0997,13.755,188.26,899.41,0.35452,0.12408,0.032576,0.31671,0.11834,0.027648,0.28792,0.1116,0.023872,243,244,244,233,227,220,160,160,161,133,132,133,76,68,62,75,74,74,0.54957,0.53617,0.53629
1,4.9263e+05,-1.092,13.96,195,800,-1.1124,13.821,186.84,848.12,0.29877,0.12945,0.02816,0.25042,0.12082,0.0224,0.19824,0.11798,0.017984,242,244,244,224,225,222,167,165,164,125,127,129,62,63,64,74,75,75,0.52709,0.53441,0.53381
1,4.9273e+05,-1.092,14.04,195,800,-1.1093,13.9,185.46,687.38,0.24057,0.13219,0.024384,0.21902,0.12769,0.02144,0.2058,0.12081,0.018944,244,242,242,207,208,208,173,172,171,130,128,129,69,73,74,79,79,79,0.54334,0.53552,0.53183
1,4.9283e+05,-1.092,14.12,195,800,-1.1082,13.957,188.39,846.8,0.34937,0.12205,0.031424,0.31173,0.11376,0.026688,0.28639,0.10982,0.023616,241,241,241,194,197,203,172,173,173,133,133,132,98,88,80,84,82,80,0.54038,0.53621,0.53359
1,4.9293e+05,-1.092,14.2,195,800,-1.1018,14.039,186.58,686.37,0.31775,0.12805,0.02944,0.28522,0.12232,0.025088,0.26059,0.11583,0.021504,243,242,241,199,199,200,172,171,172,146,143,139,91,89,84,81,81,82,0.53652,0.53262,0.53264
1,4.9303e+05,-1.092,14.28,195,800,-1.0976,14.118,187.26,904.65,0.25851,0.12436,0.024,0.22763,0.11738,0.02016,0.20467,0.11149,0.017536,242,242,242,216,208,202,164,166,171,147,142,136,66,67,70,87,85,83,0.52843,0.5342,0.53402
1,4.9313e+05,-1.092,14.36,195,800,-1.1114,14.21,187.92,995.45,0.29637,0.12347,0.026816,0.25944,0.12103,0.023488,0.24486,0.11439,0.02048,243,242,243,211,204,202,164,167,171,137,134,132,58,61,63,88,85,84,0.53711,0.53427,0.53658
1,4.9323e+05,-1.092,14.44,195,800,-1.0986,14.273,187.02,819.74,0.29647,0.13116,0.028928,0.27769,0.12269,0.025792,0.26209,0.11591,0.02272,250,247,245,200,203,200,169,168,168,116,120,122,54,54,54,86,86,86,0.54247,0.53926,0.53728
1,4.9333e+05,-1.092,14.52,195,800,-1.0923,14.352,185.09,761.59,0.28317,0.12595,0.027008,0.24587,0.12161,0.023168,0.22453,0.11656,0.020288,250,248,246,212,206,199,161,163,167,115,117,119,50,50,51,88,86,86,0.53356,0.53543,0.53593
1,4.9343e+05,-1.092,14.6,195,800,-1.1103,14.466,185.43,946.4,0.24327,0.12726,0.023488,0.22403,0.12408,0.020608,0.20582,0.1155,0.018368,249,248,248,211,200,196,155,159,167,116,118,120,46,48,51,87,89,90,0.53389,0.53177,0.5356
1,4.9353e+05,-1.092,14.68,195,800,-1.1146,14.544,186.52,1126,0.22335,0.12947,0.022272,0.20217,0.12296,0.019264,0.18805,0.12048,0.017408,250,246,245,185,189,191,185,181,177,136,130,125,55,56,56,92,94,97,0.53632,0.53496,0.53601
1,4.9363e+05,-1.092,14.76,195,800,-1.1103,14.618,186.46,958.57,0.25364,0.12745,0.024576,0.23449,0.11888,0.021184,0.21171,0.11671,0.019136,239,242,244,185,189,193,196,189,182,143,133,126,57,59,60,96,98,102,0.53491,0.5358,0.53693
1,4.9373e+05,-1.092,14.84,195,800,-1.1029,14.68,186.8,672.69,0.2637,0.12424,0.025152,0.23731,0.11906,0.021568,0.21549,0.11342,0.019136,237,239,242,208,201,197,187,184,183,123,125,126,70,67,64,110,111,112,0.52645,0.53876,0.53876
1,4.9383e+05,-1.092,14.92,195,800,-1.123,14.772,185,998.68,0.23594,0.12765,0.022656,0.20553,0.12262,0.019264,0.19183,0.11751,0.01728,243,241,242,209,202,197,177,179,182,122,122,124,75,69,64,115,116,117,0.53644,0.53872,0.53794
1,4.9393e+05,-1.092,15,195,800,-1.123,14.848,186.75,1132.3,0.30144,0.1289,0.028544,0.26711,0.12191,0.023744,0.23701,0.11602,0.020224,237,239,241,183,186,190,181,182,183,119,122,125,57,60,61,122,124,125,0.54538,0.53779,0.53789
1,4.9403e+05,-1.092,15.08,195,800,-1.1124,14.921,185.61,866.96,0.29439,0.11956,0.0256,0.25473,0.11202,0.020864,0.2236,0.10855,0.017344,232,235,237,175,177,179,184,183,182,134,133,134,51,52,56,130,129,127,0.54194,0.53583,0.53629
1,4.9413e+05,-1.092,15.16,195,800,-1.0955,15.001,186.48,903.73,0.25113,0.12786,0.024448,0.23023,0.11937,0.021376,0.21343,0.11609,0.019264,237,234,236,176,176,179,174,177,180,141,141,140,52,53,56,128,128,127,0.5469,0.54087,0.53835
1,4.9423e+05,-1.092,15.24,195,800,-1.0986,15.078,186.16,763.07,0.22284,0.13092,0.021504,0.18288,0.12439,0.017728,0.17719,0.11768,0.01632,232,236,238,181,182,183,171,174,178,150,153,159,58,59,61,126,125,123,0.54249,0.54189,0.53993
1,4.9433e+05,-1.092,15.32,195,800,-1.1029,15.169,187.02,1111.7,0.30656,0.12691,0.028416,0.27886,0.11971,0.024,0.24502,0.11395,0.019968,242,241,239,185,185,183,183,180,178,161,166,173,65,65,65,121,121,120,0.55147,0.54614,0.54305
1,4.9443e+05,-1.092,15.4,195,800,-1.0891,15.221,187.22,606.73,0.29259,0.12023,0.0256,0.27499,0.10817,0.021824,0.25503,0.10347,0.018304,239,239,237,167,173,179,183,181,180,210,210,210,77,74,73,114,111,110,0.5365,0.54547,0.54755
1,4.9453e+05,-1.092,15.48,195,800,-1.1093,15.32,187.52,951.79,0.30722,0.12206,0.026752,0.26173,0.11731,0.02208,0.2247,0.11052,0.018176,220,225,232,173,168,171,180,182,181,248,246,242,79,82,85,100,97,99,0.55269,0.55053,0.55011
1,4.9463e+05,-1.092,15.56,195,800,-1.1199,15.408,188.17,830.65,0.24574,0.12294,0.022272,0.20529,0.11909,0.018496,0.1849,0.11382,0.01632,219,227,234,164,169,174,186,185,182,254,253,250,89,89,93,91,93,97,0.54664,0.5498,0.55216
1,4.9473e+05,-1.092,15.64,195,800,-1.1103,15.464,187.44,959.24,0.27168,0.12427,0.0256,0.24049,0.11844,0.021888,0.21802,0.11328,0.0192,247,245,243,187,188,187,177,179,178,255,255,255,111,115,118,105,103,101,0.55979,0.55274,0.5529
1,4.9483e+05,-1.092,15.72,195,800,-1.1103,15.549,187.43,608.31,0.25801,0.12149,0.023552,0.23773,0.11677,0.020736,0.22382,0.10677,0.017856,253,250,246,211,201,192,167,171,174,255,255,255,140,134,128,118,111,104,0.55245,0.55598,0.55791
1,4.9493e+05,-1.092,15.8,195,800,-1.1082,15.627,187.18,630.82,0.24967,0.12541,0.022784,0.22455,0.1175,0.019584,0.20804,0.11375,0.01792,245,246,244,188,192,190,162,166,172,255,255,255,141,137,132,106,110,113,0.5713,0.5628,0.56197
1,4.9503e+05,-1.092,15.88,195,800,-1.0923,15.702,187.16,789.3,0.26798,0.1326,0.027392,0.25267,0.1254,0.024704,0.23922,0.12073,0.022336,233,235,239,174,177,187,177,173,172,255,255,255,111,122,139,131,130,137,0.5779,0.57458,0.5722
1,4.9513e+05,-1.092,15.96,195,800,-1.0965,15.792,187.89,929.54,0.34778,0.1292,0.030976,0.27637,0.1271,0.025152,0.24665,0.11928,0.02144,224,235,238,175,186,190,166,170,171,255,255,255,134,146,148,149,162,155,0.5792,0.57911,0.57181
1,4.982e+05,-1.185,16,195,800,-1.2132,15.789,-0.16653,630.48,0,0,0,0,0,0,0,0,0,249,243,241,227,214,207,160,164,166,255,255,255,160,157,157,164,166,174,0.5191,0.52185,0.52679
1,4.983e+05,-1.185,15.92,195,800,-1.2111,15.705,185.88,779.02,0.23155,0.12081,0.018688,0.20416,0.11276,0.01632,0.17965,0.11001,0.014528,228,231,237,172,183,194,169,173,172,255,255,255,120,124,136,122,126,140,0.58345,0.58175,0.57899
1,4.984e+05,-1.185,15.84,195,800,-1.1772,15.602,185.5,1175.9,0.21735,0.12066,0.020416,0.2045,0.11259,0.017344,0.1817,0.10746,0.015296,229,234,237,175,185,192,174,173,174,255,255,255,121,124,131,109,114,124,0.56856,0.5644,0.56612
1,4.985e+05,-1.185,15.76,195,800,-1.1994,15.556,186.08,782.06,0.298,0.1321,0.030592,0.27797,0.12363,0.026368,0.25485,0.11909,0.023488,249,247,244,225,211,197,171,173,174,255,255,255,146,142,133,112,112,110,0.56319,0.56081,0.56015
1,4.986e+05,-1.185,15.68,195,800,-1.1941,15.482,187.12,1063.6,0.33326,0.13328,0.032448,0.28802,0.12246,0.026368,0.25606,0.11699,0.022016,250,248,245,217,208,197,177,176,175,255,255,255,142,138,131,111,110,106,0.55491,0.55756,0.55689
1,4.987e+05,-1.185,15.6,195,800,-1.2111,15.409,186.39,629.95,0.38277,0.12905,0.03008,0.26262,0.12707,0.024128,0.22395,0.12319,0.020352,238,238,240,178,183,187,185,182,176,255,255,254,102,106,109,94,96,98,0.55438,0.55556,0.55371
1,4.988e+05,-1.185,15.52,195,800,-1.2111,15.334,186.02,918.42,0.33636,0.12123,0.030848,0.31547,0.11181,0.02624,0.29631,0.10414,0.022272,234,233,235,181,176,175,177,177,178,252,250,243,82,84,89,90,94,97,0.5688,0.55471,0.55184
1,4.989e+05,-1.185,15.44,195,800,-1.2005,15.259,186.93,763.98,0.30042,0.12369,0.026752,0.26689,0.11448,0.022464,0.23473,0.11086,0.018944,236,236,237,168,173,177,175,177,179,243,237,229,78,81,83,97,99,102,0.55393,0.552,0.55023
1,4.99e+05,-1.185,15.36,195,800,-1.1984,15.18,187.04,812.66,0.27875,0.13255,0.028608,0.25585,0.12635,0.024896,0.24183,0.12145,0.022592,243,243,241,199,190,186,180,181,180,183,186,189,66,70,73,111,111,111,0.54812,0.54745,0.54603
1,4.991e+05,-1.185,15.28,195,800,-1.1973,15.091,187.14,930.14,0.36575,0.12497,0.030336,0.29003,0.11838,0.023616,0.2538,0.11544,0.020288,245,243,241,208,199,189,179,180,179,159,162,169,60,64,68,111,114,115,0.5495,0.54243,0.54041
1,4.992e+05,-1.185,15.2,195,800,-1.2037,15.016,187.1,583.09,0.2429,0.13062,0.024,0.21002,0.12176,0.01984,0.19055,0.1192,0.017792,233,237,239,185,189,191,167,171,176,143,145,146,59,61,65,117,117,118,0.54037,0.53813,0.54028
1,4.993e+05,-1.185,15.12,195,800,-1.2153,14.963,187.31,774.99,0.3066,0.13062,0.030272,0.277,0.12151,0.025728,0.25497,0.11813,0.022656,238,238,238,189,186,186,177,178,177,149,141,135,69,69,67,120,121,122,0.53406,0.53228,0.53689
1,4.994e+05,-1.185,15.04,195,800,-1.2016,14.854,187.08,962.88,0.33478,0.12349,0.030592,0.29776,0.11277,0.02464,0.26377,0.10971,0.021248,242,241,240,187,187,189,183,181,179,133,132,129,63,67,68,126,123,122,0.53553,0.54199,0.53939
1,4.995e+05,-1.185,14.96,195,800,-1.2026,14.776,188.33,918.52,0.31337,0.13123,0.03168,0.28539,0.12248,0.026816,0.26087,0.11764,0.023744,250,247,243,203,202,197,182,182,181,113,116,120,58,61,65,121,122,121,0.53057,0.53542,0.53542
1,4.996e+05,-1.185,14.88,195,800,-1.1878,14.693,186.5,1102.4,0.34194,0.12081,0.030784,0.27883,0.11709,0.024896,0.25343,0.11165,0.021504,246,245,242,216,207,197,183,182,181,112,116,120,60,61,64,121,120,119,0.53644,0.53928,0.53694
1,4.997e+05,-1.185,14.8,195,800,-1.1909,14.604,185.8,1064.6,0.36096,0.12454,0.033472,0.3212,0.11721,0.02816,0.279,0.1132,0.023936,239,240,243,188,191,193,179,181,180,125,126,125,67,65,64,115,112,110,0.53178,0.53306,0.5365
1,4.998e+05,-1.185,14.72,195,800,-1.2069,14.54,186.25,922.35,0.34763,0.12744,0.033088,0.31107,0.12,0.027968,0.28024,0.11497,0.024256,247,247,245,196,192,191,170,172,173,128,129,127,67,62,58,100,100,100,0.53215,0.53556,0.53788
1,4.999e+05,-1.185,14.64,195,800,-1.1941,14.456,185.16,1294.2,0.33452,0.12904,0.032,0.31038,0.11764,0.026496,0.27672,0.11554,0.02304,248,249,247,200,197,194,166,166,168,125,126,125,54,55,55,98,95,94,0.52945,0.5363,0.53732
1,5e+05,-1.185,14.56,195,800,-1.2026,14.416,186.07,712.02,0.3123,0.12572,0.028736,0.27555,0.11774,0.024512,0.25206,0.11413,0.02144,248,248,247,194,198,200,157,160,164,122,122,121,47,48,50,84,86,86,0.53403,0.53672,0.53476
1,5.001e+05,-1.185,14.48,195,800,-1.2079,14.32,186.6,726.71,0.27304,0.13227,0.026496,0.24017,0.12825,0.023168,0.22316,0.12251,0.020928,247,246,246,195,198,200,165,164,165,120,121,122,48,49,50,80,82,83,0.53522,0.53624,0.53681
1,5.002e+05,-1.185,14.4,195,800,-1.1941,14.233,187.19,879.99,0.3124,0.12798,0.028416,0.27681,0.12009,0.024448,0.25326,0.11609,0.021184,236,241,243,191,197,202,175,172,168,121,123,127,51,54,57,78,79,81,0.53831,0.53622,0.53662
1,5.003e+05,-1.185,14.32,195,800,-1.1952,14.149,187.2,902.8,0.29238,0.12978,0.028352,0.26092,0.12435,0.024064,0.23211,0.11884,0.0208,242,242,243,207,209,208,166,168,170,131,134,134,80,77,74,78,80,82,0.5525,0.54048,0.5345
1,5.004e+05,-1.185,14.24,195,800,-1.2016,14.08,186.57,623.92,0.28147,0.1273,0.027392,0.2526,0.12076,0.023168,0.22309,0.11702,0.019968,243,243,243,225,216,207,170,170,170,139,137,135,99,93,84,80,81,82,0.52495,0.53086,0.53179
1,5.005e+05,-1.185,14.16,195,800,-1.2153,13.993,188.47,696.3,0.27431,0.12944,0.026624,0.2357,0.11977,0.021888,0.21558,0.11685,0.019456,240,241,242,200,205,208,177,174,170,130,130,131,113,104,90,79,82,83,0.55288,0.54062,0.53611
1,5.006e+05,-1.185,14.08,195,800,-1.2207,13.937,186.95,923.26,0.2702,0.1276,0.026048,0.24719,0.11843,0.0224,0.231,0.11555,0.020416,237,240,242,204,205,207,174,171,169,126,126,126,97,93,85,86,84,83,0.52521,0.52971,0.53292
1,5.007e+05,-1.185,14,195,800,-1.2153,13.85,186.42,826.05,0.27326,0.12234,0.024192,0.21843,0.11804,0.019904,0.19926,0.1136,0.0176,242,242,243,225,221,219,160,161,163,119,120,122,62,64,68,84,83,81,0.52432,0.52931,0.53321
1,5.008e+05,-1.185,13.92,195,800,-1.2058,13.759,187.74,693.23,0.30286,0.12522,0.027968,0.26875,0.11586,0.02336,0.24381,0.11247,0.020352,244,244,245,241,237,228,156,156,157,120,123,126,56,59,60,73,75,77,0.53994,0.53565,0.53467
1,5.009e+05,-1.185,13.84,195,800,-1.2005,13.69,188.05,787.14,0.28316,0.12395,0.026432,0.25611,0.11792,0.022464,0.22774,0.11502,0.019904,244,244,244,241,232,219,155,155,156,126,128,130,58,60,60,70,72,76,0.5291,0.53451,0.53471
1,5.01e+05,-1.185,13.76,195,800,-1.1952,13.589,185.7,939.03,0.28172,0.12697,0.026624,0.24588,0.12043,0.022528,0.22243,0.11783,0.01984,240,240,239,171,175,180,159,159,160,128,132,134,61,59,59,78,79,79,0.5394,0.53474,0.53471
1,5.011e+05,-1.185,13.68,195,800,-1.1994,13.521,189.1,653.18,0.27414,0.12329,0.025152,0.23976,0.11565,0.020736,0.20507,0.11341,0.017664,233,234,237,141,148,161,162,163,165,127,131,134,56,57,58,89,85,82,0.5254,0.53329,0.53524
1,5.012e+05,-1.185,13.6,195,800,-1.21,13.451,186.69,789.92,0.2733,0.11936,0.024448,0.24604,0.11051,0.020416,0.21606,0.10716,0.017408,229,232,237,149,151,157,174,175,176,130,130,130,55,55,57,92,90,87,0.53248,0.53502,0.53574
1,5.013e+05,-1.185,13.52,195,800,-1.1867,13.36,186.3,667.36,0.28416,0.12855,0.02688,0.25019,0.12286,0.022912,0.23381,0.11575,0.020096,247,245,244,190,185,181,178,179,181,122,122,122,53,54,56,88,87,88,0.51685,0.53217,0.53456
1,5.014e+05,-1.185,13.44,195,800,-1.2175,13.313,187.09,673.74,0.26215,0.12558,0.02432,0.244,0.11826,0.02112,0.22541,0.11109,0.01888,251,249,247,192,192,189,175,178,181,114,115,118,52,54,55,84,85,87,0.54531,0.53876,0.53439
1,5.015e+05,-1.185,13.36,195,800,-1.2079,13.212,186.06,957.03,0.30732,0.13289,0.030464,0.26538,0.1264,0.025728,0.23886,0.12066,0.022464,244,246,248,179,183,191,175,175,177,107,109,111,51,52,53,80,81,84,0.53563,0.53445,0.53431
1,5.016e+05,-1.185,13.28,195,800,-1.21,13.117,184.84,769.22,0.3367,0.12788,0.031424,0.28927,0.12033,0.0256,0.24604,0.1167,0.02112,244,246,247,174,183,194,173,174,175,110,110,111,49,51,52,79,80,83,0.55117,0.53793,0.53177
1,5.017e+05,-1.185,13.2,195,800,-1.2069,13.044,185.61,790.62,0.25829,0.12806,0.02464,0.2253,0.12045,0.020672,0.20571,0.11681,0.01824,249,246,245,217,209,203,175,173,174,116,114,113,47,50,51,83,83,84,0.53877,0.53598,0.53401
1,5.018e+05,-1.185,13.12,195,800,-1.2069,12.959,186.12,1014.8,0.25794,0.13163,0.025216,0.21583,0.13014,0.021504,0.19906,0.12266,0.018944,240,244,246,215,212,209,175,176,177,113,114,113,55,53,52,92,92,90,0.53973,0.53389,0.53475
1,5.019e+05,-1.185,13.04,195,800,-1.2175,12.897,186.77,869.02,0.24991,0.1195,0.02112,0.21948,0.11636,0.01824,0.19518,0.10837,0.015424,245,247,248,210,208,209,183,180,177,109,110,111,58,54,52,102,97,91,0.53124,0.53277,0.53656
1,5.02e+05,-1.185,12.96,195,800,-1.1994,12.822,185.45,829.82,0.27982,0.13046,0.026368,0.2476,0.1266,0.022272,0.20284,0.11953,0.01856,252,251,251,216,213,206,183,178,175,105,106,108,47,49,52,95,91,88,0.52231,0.53141,0.53621
1,5.021e+05,-1.185,12.88,195,800,-1.2047,12.716,186.91,864.69,0.296,0.12799,0.027392,0.26051,0.12155,0.023296,0.22861,0.11837,0.020352,253,252,251,217,209,201,176,173,173,106,106,107,49,50,52,83,85,86,0.54003,0.53814,0.53723
1,5.022e+05,-1.185,12.8,195,800,-1.192,12.629,185.09,859.96,0.33867,0.12189,0.029312,0.29614,0.11424,0.023936,0.25773,0.1127,0.019584,253,251,250,166,175,185,165,167,171,109,109,110,53,53,54,85,85,86,0.56067,0.53811,0.5363
1,5.023e+05,-1.185,12.72,195,800,-1.1994,12.545,186.12,1401.9,0.2919,0.12373,0.02688,0.26231,0.11663,0.023104,0.23266,0.11282,0.019648,244,246,248,174,173,177,173,173,173,115,115,116,53,54,56,94,93,92,0.52386,0.53483,0.53581
1,5.024e+05,-1.185,12.64,195,800,-1.209,12.493,186.26,654.44,0.31533,0.12431,0.029248,0.27835,0.12014,0.024768,0.25957,0.11493,0.02176,245,245,247,188,182,182,178,175,174,117,118,120,54,54,58,96,96,95,0.53608,0.53591,0.53527
1,5.025e+05,-1.185,12.56,195,800,-1.1994,12.401,187.43,754.42,0.23945,0.13134,0.023296,0.20525,0.12377,0.019456,0.19465,0.11887,0.017472,246,245,246,198,198,198,174,173,172,125,127,129,56,59,63,99,97,95,0.53429,0.53693,0.5367
1,5.026e+05,-1.185,12.48,195,800,-1.1994,12.324,186.5,702.11,0.2795,0.11881,0.023744,0.23294,0.116,0.019584,0.19712,0.11152,0.016256,244,244,245,210,206,203,172,171,170,131,132,132,62,63,65,94,93,92,0.53289,0.53765,0.53546
1,5.027e+05,-1.185,12.4,195,800,-1.1803,12.242,184.81,1234.6,0.27203,0.1271,0.025408,0.25188,0.12028,0.022208,0.22416,0.11769,0.019392,241,243,245,209,208,204,165,167,169,134,132,131,62,61,62,78,82,87,0.54051,0.54126,0.53717
1,5.028e+05,-1.185,12.32,195,800,-1.2196,12.189,186.31,811.8,0.32428,0.13919,0.031552,0.26991,0.13345,0.027136,0.25085,0.12619,0.023616,248,246,246,191,195,199,177,176,175,123,125,127,48,50,54,95,96,93,0.5189,0.53154,0.53466
1,5.029e+05,-1.185,12.24,195,800,-1.2111,12.101,185.53,541.82,0.27539,0.12878,0.02592,0.23521,0.12339,0.021888,0.21255,0.12081,0.019392,245,246,247,194,194,199,186,182,178,120,123,127,48,50,53,119,107,96,0.54353,0.53355,0.53466
1,5.03e+05,-1.185,12.16,195,800,-1.1952,11.996,186.57,977.52,0.24926,0.1268,0.023488,0.20047,0.12457,0.019136,0.1811,0.12034,0.016704,245,246,247,212,209,204,180,180,180,127,129,132,55,56,57,102,101,97,0.53521,0.54229,0.54276
1,5.031e+05,-1.185,12.08,195,800,-1.1888,11.91,185.97,1034.6,0.30954,0.1273,0.029376,0.27945,0.12292,0.025408,0.24824,0.11326,0.0208,247,247,247,218,211,204,176,178,180,132,133,137,59,60,61,89,93,95,0.54807,0.54522,0.54376
1,5.032e+05,-1.185,12,195,800,-1.1963,11.833,186.52,779.01,0.22285,0.13542,0.022976,0.20497,0.12826,0.020288,0.18453,0.12352,0.017856,248,247,247,193,192,193,183,182,181,145,147,150,72,73,73,102,98,94,0.53677,0.54573,0.5449
1,5.033e+05,-1.185,11.92,195,800,-1.2143,11.789,187.16,801.31,0.28091,0.12548,0.025216,0.26213,0.11601,0.021632,0.24919,0.11307,0.019392,241,245,247,163,176,189,181,185,185,146,152,156,91,84,81,100,98,94,0.54412,0.54247,0.54574
1,5.034e+05,-1.185,11.84,195,800,-1.2026,11.7,187.21,583.13,0.19592,0.12254,0.018496,0.18273,0.11869,0.016448,0.17198,0.11181,0.014592,246,245,247,180,187,193,183,185,185,144,151,154,74,79,80,98,94,92,0.54187,0.54536,0.54666
1,5.035e+05,-1.185,11.76,195,800,-1.2058,11.605,187.51,797.28,0.20242,0.13592,0.02144,0.1883,0.13016,0.018816,0.17675,0.12493,0.017088,251,248,249,211,211,209,189,187,182,135,141,140,63,66,72,96,94,95,0.54509,0.54893,0.5476
1,5.036e+05,-1.185,11.68,195,800,-1.2037,11.528,188.29,1015,0.28131,0.12291,0.025664,0.24338,0.11626,0.021376,0.20375,0.11292,0.017536,245,249,250,201,211,214,194,185,180,125,130,134,62,63,68,102,100,100,0.54066,0.54872,0.54715
1,5.037e+05,-1.185,11.6,195,800,-1.2079,11.47,186.31,655.16,0.27397,0.11422,0.02336,0.24992,0.10811,0.020032,0.23112,0.10285,0.017664,251,251,252,215,214,212,176,178,177,114,117,122,57,60,62,119,119,121,0.55789,0.55108,0.54938
1,5.038e+05,-1.185,11.52,195,800,-1.2005,11.378,185.21,829.14,0.21218,0.13324,0.020992,0.19357,0.12713,0.018176,0.18489,0.12255,0.016448,254,254,253,216,204,200,183,177,177,111,114,116,63,64,63,151,151,151,0.55119,0.55087,0.55297
1,5.039e+05,-1.185,11.44,195,800,-1.1909,11.292,186.23,790.44,0.31625,0.12543,0.028672,0.27785,0.12163,0.024384,0.24098,0.11433,0.020288,254,254,253,185,194,200,174,180,180,108,113,117,74,67,63,171,172,169,0.55377,0.55181,0.55236
1,5.04e+05,-1.185,11.36,195,800,-1.1835,11.201,187.89,1176.9,0.23081,0.13584,0.02368,0.2112,0.12584,0.020096,0.19299,0.12044,0.017792,253,253,252,215,206,200,195,188,182,116,119,123,63,66,67,215,209,200,0.54896,0.55911,0.5574
1,5.041e+05,-1.185,11.28,195,800,-1.209,11.146,185.99,870.87,0.25452,0.12445,0.023552,0.21265,0.12055,0.019328,0.19196,0.11368,0.016832,253,251,251,219,211,204,184,185,182,125,128,133,67,69,71,213,213,209,0.55066,0.5594,0.56049
1,5.042e+05,-1.185,11.2,195,800,-1.2016,11.072,186.86,1000,0.19179,0.14666,0.02208,0.17726,0.14006,0.019584,0.1705,0.13444,0.017984,244,249,251,203,209,211,169,172,176,169,174,175,95,100,108,185,194,199,0.56941,0.56756,0.56626
1,5.043e+05,-1.185,11.12,195,800,-1.2196,10.998,186.65,810.25,0.34187,0.13847,0.035264,0.3177,0.12815,0.029696,0.28836,0.12011,0.025024,254,253,252,225,218,209,171,173,174,248,237,222,198,190,180,154,163,174,0.58421,0.57833,0.57608
1,5.044e+05,-1.185,11.04,195,800,-1.2132,10.916,187.38,810.43,0.30029,0.1249,0.027968,0.27243,0.11714,0.02368,0.25196,0.11427,0.021376,254,253,252,213,209,206,176,175,174,255,251,239,251,233,213,146,155,163,0.5829,0.57745,0.56958
1,5.0747e+05,-1.278,11,195,800,-1.2854,10.912,0.32672,626.34,0,0,0,0,0,0,0,0,0,249,251,252,211,214,213,164,167,169,245,240,235,253,246,228,154,153,156,0.49627,0.50236,0.51241
1,5.0757e+05,-1.278,11.08,195,800,-1.3002,10.989,186.53,513.74,0.25165,0.11589,0.019392,0.2044,0.11048,0.016256,0.18607,0.10766,0.01472,255,254,252,212,214,211,167,167,168,203,205,206,188,180,170,160,163,172,0.59699,0.58887,0.58519
1,5.0767e+05,-1.278,11.16,195,800,-1.297,11.079,187.11,894.37,0.34582,0.11708,0.024192,0.1784,0.11496,0.015488,0.16335,0.10746,0.013568,254,253,252,210,210,210,170,169,169,173,179,184,121,129,136,184,184,187,0.57038,0.57058,0.57055
1,5.0777e+05,-1.278,11.24,195,800,-1.2896,11.123,187.38,743.09,0.26945,0.13224,0.026688,0.23852,0.12289,0.021824,0.20402,0.1167,0.017792,250,251,251,206,210,209,180,177,175,134,137,144,67,70,78,243,233,220,0.57337,0.56508,0.56316
1,5.0787e+05,-1.278,11.32,195,800,-1.2981,11.231,185.84,701.35,0.31871,0.12241,0.029376,0.29792,0.11459,0.0256,0.28565,0.10791,0.022784,251,251,251,215,212,207,182,180,177,120,124,130,57,60,65,252,239,225,0.56341,0.56064,0.55862
1,5.0797e+05,-1.278,11.4,195,800,-1.2949,11.29,187.96,730.31,0.31889,0.12209,0.025344,0.27254,0.11069,0.02016,0.23877,0.10808,0.017728,254,253,252,197,202,205,179,178,178,111,113,118,50,54,58,193,199,200,0.55727,0.5483,0.55147
1,5.0807e+05,-1.278,11.48,195,800,-1.296,11.364,187.5,806.82,0.23242,0.13622,0.023552,0.20412,0.12948,0.020288,0.18491,0.12428,0.0176,254,253,252,205,202,202,172,175,175,119,118,119,59,60,61,146,150,155,0.56219,0.55151,0.55115
1,5.0817e+05,-1.278,11.56,195,800,-1.2917,11.456,187.62,806.79,0.31277,0.13498,0.031488,0.28178,0.12441,0.026496,0.25713,0.12089,0.023104,253,252,251,206,205,205,174,176,175,120,120,122,67,65,64,130,132,135,0.54103,0.54597,0.5467
1,5.0827e+05,-1.278,11.64,195,800,-1.2907,11.531,187.06,701.25,0.27459,0.15455,0.027584,0.20859,0.15073,0.02144,0.17913,0.15008,0.018432,248,248,250,208,212,215,179,179,177,130,130,132,74,72,71,100,104,107,0.55023,0.54873,0.55059
1,5.0837e+05,-1.278,11.72,195,800,-1.2854,11.598,186.9,879.65,0.21127,0.1717,0.02592,0.19767,0.16043,0.021632,0.18554,0.11934,0.017472,248,248,249,229,220,217,178,178,177,143,140,140,75,77,78,96,96,98,0.54444,0.54911,0.55037
1,5.0847e+05,-1.278,11.8,195,800,-1.2769,11.669,185.87,716.62,0.31324,0.12897,0.02944,0.28062,0.11758,0.02432,0.25604,0.11445,0.021184,248,247,247,223,215,209,173,174,176,180,158,149,100,87,81,88,89,90,0.54035,0.54071,0.54492
1,5.0857e+05,-1.278,11.88,195,800,-1.2928,11.761,186.1,427.95,0.24008,0.12913,0.02176,0.20612,0.12262,0.018304,0.1836,0.11602,0.015936,243,245,246,191,194,197,180,177,177,140,146,151,67,74,78,94,93,91,0.55393,0.54648,0.54611
1,5.0867e+05,-1.278,11.96,195,800,-1.2917,11.834,187.7,850.35,0.29665,0.12787,0.0272,0.26707,0.12102,0.02336,0.24062,0.11468,0.01984,250,248,247,196,193,194,185,180,177,145,145,147,66,68,72,97,95,92,0.54629,0.54478,0.5453
1,5.0877e+05,-1.278,12.04,195,800,-1.297,11.929,185.55,1119.9,0.33445,0.11212,0.02592,0.27296,0.10502,0.020608,0.23538,0.1013,0.016896,252,251,249,201,205,204,176,176,177,145,144,144,62,62,63,85,87,89,0.55213,0.54476,0.5447
1,5.0887e+05,-1.278,12.12,195,800,-1.2907,11.989,185.63,677.86,0.25026,0.12172,0.021632,0.22664,0.11949,0.019008,0.20432,0.11137,0.016384,251,251,250,219,215,209,173,174,177,141,141,141,58,58,59,79,84,89,0.55223,0.54288,0.5421
1,5.0897e+05,-1.278,12.2,195,800,-1.2864,12.065,186.73,991.03,0.25089,0.12727,0.024256,0.23035,0.11953,0.020672,0.20738,0.11609,0.017984,252,251,250,222,219,213,175,175,175,136,134,133,49,51,53,92,91,89,0.54041,0.53788,0.53809
1,5.0907e+05,-1.278,12.28,195,800,-1.2992,12.168,186.31,871.93,0.27482,0.13837,0.02912,0.25143,0.1296,0.02528,0.23944,0.12462,0.023168,252,251,249,204,206,209,172,170,170,124,126,130,52,52,54,88,89,89,0.54464,0.5386,0.5361
1,5.0917e+05,-1.278,12.36,195,800,-1.2886,12.221,187.39,785.83,0.32423,0.12577,0.028864,0.27618,0.12144,0.022912,0.19288,0.11833,0.017728,251,248,248,206,208,209,162,164,167,126,128,130,57,57,57,85,85,88,0.53758,0.53336,0.53352
1,5.0927e+05,-1.278,12.44,195,800,-1.2928,12.301,185.92,607.55,0.26602,0.1339,0.026496,0.23814,0.12684,0.022656,0.21746,0.12325,0.020352,245,245,246,231,222,213,160,163,167,144,139,132,64,64,62,86,88,90,0.54292,0.54049,0.53445
1,5.0937e+05,-1.278,12.52,195,800,-1.2854,12.386,186.55,647.69,0.27211,0.11967,0.022976,0.23827,0.11218,0.019264,0.20466,0.11026,0.016704,247,246,245,226,220,211,168,169,170,147,139,132,62,62,62,95,93,91,0.54073,0.53607,0.53644
1,5.0947e+05,-1.278,12.6,195,800,-1.2939,12.476,185.74,1351.4,0.23217,0.12404,0.02112,0.21217,0.11828,0.018432,0.19532,0.11572,0.016576,246,246,246,195,194,194,178,178,177,130,128,125,54,56,57,95,94,93,0.52309,0.53081,0.5349
1,5.0957e+05,-1.278,12.68,195,800,-1.3024,12.552,186.68,1005.7,0.25844,0.12895,0.02464,0.23274,0.11735,0.020736,0.21468,0.1153,0.01856,249,247,247,161,167,177,178,179,177,115,115,115,55,55,54,92,91,89,0.53132,0.5326,0.53411
1,5.0967e+05,-1.278,12.76,195,800,-1.2992,12.638,187.02,613.41,0.2785,0.11443,0.024192,0.24019,0.10715,0.019904,0.21595,0.10367,0.017152,250,249,248,161,167,178,180,178,176,109,110,111,55,55,54,90,89,87,0.53649,0.53193,0.53378
1,5.0977e+05,-1.278,12.84,195,800,-1.2992,12.711,187.62,753.1,0.28067,0.12806,0.024064,0.22006,0.12223,0.020224,0.18983,0.11853,0.017472,249,251,251,201,201,197,173,173,174,105,106,108,54,53,52,81,82,84,0.55058,0.5346,0.53469
1,5.0987e+05,-1.278,12.92,195,800,-1.2695,12.757,186.59,809.97,0.29972,0.12055,0.025984,0.24409,0.11611,0.021056,0.20756,0.11409,0.017664,253,252,251,228,216,203,172,173,175,106,107,108,54,51,50,81,83,86,0.53905,0.53417,0.53683
1,5.0997e+05,-1.278,13,195,800,-1.2801,12.85,185.94,693.65,0.28781,0.12477,0.02624,0.24905,0.11754,0.021888,0.21741,0.11367,0.018688,250,250,249,200,200,202,180,179,179,111,110,110,46,48,49,93,92,90,0.51756,0.52906,0.53363
1,5.1007e+05,-1.278,13.08,195,800,-1.2992,12.943,185.77,678.87,0.28505,0.13207,0.027712,0.23679,0.13146,0.023936,0.21816,0.1232,0.020928,243,243,244,194,195,196,184,182,179,113,112,112,48,49,49,91,91,90,0.53546,0.53451,0.53327
1,5.1017e+05,-1.278,13.16,195,800,-1.3034,13.006,186.8,937.4,0.31149,0.12581,0.029184,0.27612,0.12009,0.024832,0.24444,0.11584,0.021248,240,241,243,214,203,195,182,179,177,114,112,112,51,50,49,87,87,86,0.53572,0.53562,0.53254
1,5.1027e+05,-1.278,13.24,195,800,-1.279,13.093,186.83,986.53,0.27516,0.13067,0.026624,0.25512,0.1239,0.02336,0.22456,0.12235,0.02048,246,244,244,185,191,195,171,172,173,112,111,111,51,49,48,77,78,80,0.52829,0.52537,0.53073
1,5.1037e+05,-1.278,13.32,195,800,-1.2811,13.15,185.84,919.68,0.26008,0.13215,0.023936,0.23239,0.12257,0.020736,0.20552,0.11788,0.018112,248,247,246,184,188,192,175,172,171,109,109,111,45,46,47,77,78,80,0.53219,0.53975,0.53713
1,5.1047e+05,-1.278,13.4,195,800,-1.2917,13.26,185.51,714.75,0.26596,0.12992,0.026048,0.24397,0.12467,0.022592,0.21991,0.11878,0.019584,251,250,248,204,196,187,171,173,174,108,110,113,46,47,49,89,85,82,0.51849,0.52833,0.53435
1,5.1057e+05,-1.278,13.48,195,800,-1.3045,13.349,186.11,889.52,0.31411,0.12327,0.028096,0.27648,0.11572,0.02336,0.23666,0.11525,0.02016,249,246,243,169,172,172,187,184,180,122,121,119,55,55,55,84,85,84,0.56114,0.54293,0.53567
1,5.1067e+05,-1.278,13.56,195,800,-1.3045,13.426,187.06,1058,0.29797,0.13063,0.027776,0.25762,0.12233,0.023616,0.23014,0.11996,0.020608,239,239,240,148,154,159,193,187,180,128,126,123,58,58,57,81,83,84,0.52039,0.52842,0.53419
1,5.1077e+05,-1.278,13.64,195,800,-1.2939,13.481,185.71,608.35,0.2844,0.13201,0.026752,0.24508,0.1225,0.021888,0.21148,0.11967,0.018496,231,233,236,135,139,149,171,173,172,133,129,125,57,58,58,82,83,82,0.54586,0.53412,0.53352
1,5.1087e+05,-1.278,13.72,195,800,-1.3225,13.604,185.82,960.28,0.24667,0.12636,0.022592,0.22353,0.11568,0.019328,0.19928,0.11402,0.017088,236,237,238,146,153,162,164,165,166,129,127,124,55,56,58,83,82,81,0.53178,0.53172,0.53376
1,5.1097e+05,-1.278,13.8,195,800,-1.2992,13.67,186.04,1010.3,0.24381,0.12413,0.022848,0.22855,0.11913,0.020416,0.2175,0.11258,0.018368,250,248,245,228,219,206,155,156,156,126,123,121,56,56,56,76,79,81,0.54544,0.53864,0.53543
1,5.1107e+05,-1.278,13.88,195,800,-1.2992,13.746,185.79,922.5,0.27589,0.12055,0.024256,0.23451,0.11649,0.020672,0.21316,0.10925,0.01792,249,249,248,249,244,233,152,154,155,122,121,120,54,55,58,85,84,82,0.51618,0.52886,0.53227
1,5.1117e+05,-1.278,13.96,195,800,-1.2854,13.815,185.79,971.15,0.28251,0.12972,0.027328,0.25241,0.12245,0.023104,0.23254,0.11707,0.0208,249,247,246,230,232,230,153,156,157,120,120,119,56,57,59,86,86,84,0.53096,0.53387,0.53478
1,5.1127e+05,-1.278,14.04,195,800,-1.2854,13.879,187.31,583.78,0.2765,0.12871,0.026752,0.24397,0.12188,0.022592,0.21903,0.11634,0.019712,240,242,243,199,204,209,159,162,163,114,116,119,64,66,68,84,85,85,0.54524,0.53549,0.53638
1,5.1137e+05,-1.278,14.12,195,800,-1.3055,13.981,186.96,1002,0.26856,0.12835,0.026048,0.2426,0.121,0.022016,0.22233,0.11514,0.019456,240,242,243,195,199,204,164,165,165,114,117,121,71,73,73,83,84,85,0.50897,0.52869,0.53363
1,5.1147e+05,-1.278,14.2,195,800,-1.3161,14.076,186.98,875.91,0.26066,0.13134,0.026176,0.23704,0.12209,0.022336,0.22262,0.11749,0.019904,248,247,244,213,208,202,167,168,168,125,127,128,82,81,78,88,88,87,0.5439,0.53625,0.53447
1,5.1157e+05,-1.278,14.28,195,800,-1.2907,14.124,187.89,987.3,0.2667,0.1288,0.025856,0.24582,0.11809,0.021888,0.2242,0.11455,0.01952,246,245,243,205,204,200,168,171,170,138,136,133,67,68,69,87,86,85,0.52951,0.53315,0.53349
1,5.1167e+05,-1.278,14.36,195,800,-1.2811,14.192,185.71,571.62,0.45015,0.12757,0.037952,0.39367,0.12354,0.028928,0.22473,0.12502,0.021504,242,242,242,199,199,198,172,172,171,134,134,132,58,59,63,80,81,82,0.53414,0.53425,0.53619
1,5.1177e+05,-1.278,14.44,195,800,-1.3045,14.291,187.25,833.71,0.29018,0.12702,0.026688,0.24203,0.12155,0.022016,0.20691,0.11738,0.018752,242,242,243,211,201,194,168,169,170,129,128,127,50,52,55,76,76,78,0.53869,0.53654,0.53697
1,5.1187e+05,-1.278,14.52,195,800,-1.3034,14.372,186.92,914.68,0.3385,0.12446,0.029952,0.28291,0.12083,0.02432,0.23436,0.11952,0.020608,244,245,244,199,197,194,164,167,169,127,126,125,51,52,54,76,78,80,0.54257,0.53748,0.53545
1,5.1197e+05,-1.278,14.6,195,800,-1.3108,14.458,188.01,945.04,0.30754,0.12474,0.027584,0.26616,0.12076,0.02272,0.20986,0.1173,0.018816,246,248,248,188,193,196,169,169,169,122,122,122,53,55,57,85,87,88,0.52743,0.53455,0.53479
1,5.1207e+05,-1.278,14.68,195,800,-1.2886,14.528,187.7,711.94,0.254,0.13335,0.026432,0.23281,0.12666,0.023104,0.21996,0.11988,0.020736,248,247,245,194,190,189,170,171,172,122,122,122,57,61,64,101,102,104,0.53965,0.53559,0.53656
1,5.1217e+05,-1.278,14.76,195,800,-1.3098,14.607,186.26,702.69,0.28808,0.12026,0.025536,0.24646,0.11564,0.021952,0.23528,0.10928,0.0192,243,244,244,171,179,187,170,172,174,124,123,121,63,66,68,111,113,116,0.53151,0.53381,0.53633
1,5.1227e+05,-1.278,14.84,195,800,-1.3002,14.693,187.41,806.29,0.2929,0.12632,0.027072,0.24671,0.12132,0.022336,0.21539,0.11637,0.019264,242,243,244,176,181,189,183,180,178,122,119,118,63,68,69,125,130,130,0.53062,0.53993,0.53669
1,5.1237e+05,-1.278,14.92,195,800,-1.2886,14.764,186.12,711.74,0.27114,0.13042,0.027008,0.2368,0.12658,0.023168,0.21286,0.12064,0.020032,247,246,244,196,194,193,182,180,178,115,115,117,61,65,70,125,130,132,0.54308,0.53653,0.53691
1,5.1247e+05,-1.278,15,195,800,-1.2928,14.844,187.35,833.68,0.25802,0.1301,0.025472,0.2343,0.12307,0.022016,0.21547,0.12028,0.019712,239,242,243,200,198,197,173,175,176,118,118,119,79,79,75,123,122,124,0.5304,0.53788,0.53641
1,5.1257e+05,-1.278,15.08,195,800,-1.2864,14.917,186.66,699.67,0.2665,0.1209,0.022656,0.23739,0.11283,0.019328,0.21113,0.10889,0.01696,237,239,241,182,188,195,176,174,175,129,130,130,111,92,76,115,116,117,0.54262,0.54013,0.5377
1,5.1267e+05,-1.278,15.16,195,800,-1.2992,15.008,186.31,796.96,0.25272,0.12217,0.022528,0.23519,0.11561,0.019712,0.22343,0.10753,0.017024,241,241,241,191,193,198,173,176,177,136,136,135,83,81,74,114,115,116,0.53477,0.53314,0.53581
1,5.1277e+05,-1.278,15.24,195,800,-1.2949,15.079,186.3,839.42,0.28005,0.12437,0.025536,0.25283,0.11772,0.022016,0.23963,0.11182,0.019584,248,246,245,216,210,202,184,183,181,143,147,153,61,65,71,112,113,113,0.55968,0.54555,0.54006
1,5.1287e+05,-1.278,15.32,195,800,-1.2907,15.158,187.35,876.24,0.2772,0.13052,0.02656,0.21725,0.12671,0.021184,0.20194,0.12121,0.019136,251,248,245,210,204,198,188,185,182,157,162,170,70,73,77,113,112,111,0.53885,0.54468,0.54415
1,5.1297e+05,-1.278,15.4,195,800,-1.2886,15.225,185.91,586.77,0.23346,0.13206,0.023936,0.2154,0.12498,0.020864,0.2018,0.11884,0.018752,242,244,245,168,179,190,178,179,179,217,214,211,106,97,90,109,106,104,0.53888,0.54604,0.54715
1,5.1307e+05,-1.278,15.48,195,800,-1.3151,15.347,186.4,915.02,0.32414,0.13453,0.0304,0.29677,0.13019,0.02656,0.27892,0.12481,0.023424,241,244,244,185,186,186,169,171,172,253,250,245,89,94,100,93,95,96,0.55812,0.54966,0.54752
1,5.1317e+05,-1.278,15.56,195,800,-1.3055,15.406,186.81,899.94,0.26731,0.1345,0.02528,0.24233,0.12888,0.021888,0.22281,0.12065,0.019072,246,245,245,187,188,192,168,168,170,255,254,252,95,99,106,93,93,95,0.55301,0.55025,0.55088
1,5.1327e+05,-1.278,15.64,195,800,-1.2939,15.478,187.16,980.5,0.27762,0.16369,0.029632,0.24869,0.14843,0.025024,0.22932,0.13181,0.020992,249,248,246,191,192,196,161,165,168,255,255,255,134,131,128,96,98,101,0.54418,0.55042,0.55187
1,5.1337e+05,-1.278,15.72,195,800,-1.2843,15.555,187.51,1112.1,0.28328,0.14849,0.031552,0.2596,0.14024,0.027264,0.24692,0.12404,0.023552,247,246,245,191,193,196,165,167,170,255,255,255,148,141,134,107,105,105,0.56396,0.55891,0.55663
1,5.1347e+05,-1.278,15.8,195,800,-1.2875,15.63,186.08,469.43,0.30154,0.12995,0.0288,0.24669,0.12443,0.02304,0.21014,0.12028,0.019712,241,239,240,189,190,193,187,181,175,255,255,255,127,127,131,115,114,120,0.56455,0.56376,0.5644
1,5.1357e+05,-1.278,15.88,195,800,-1.296,15.718,185.93,797.93,0.22437,0.12897,0.02176,0.19756,0.12563,0.018816,0.18885,0.11812,0.017088,230,235,240,197,194,197,183,181,176,255,255,255,117,124,135,138,151,158,0.57306,0.57306,0.57247
1,5.1367e+05,-1.278,15.96,195,800,-1.314,15.797,186.55,1066.7,0.24037,0.1396,0.025792,0.2274,0.12823,0.02272,0.21922,0.12028,0.020416,244,240,242,213,208,204,183,174,172,255,255,255,142,147,145,193,187,180,0.57583,0.57391,0.56926
1,5.1674e+05,-1.371,16,195,800,-1.3851,15.77,0.27045,1104,0,0,0,0,0,0,0,0,0,251,248,247,219,211,209,162,167,169,255,255,255,190,169,158,253,240,218,0.52847,0.52539,0.52742
1,5.1684e+05,-1.371,15.92,195,800,-1.3798,15.711,185.97,880.35,0.27007,0.12243,0.020864,0.25488,0.11363,0.017856,0.23529,0.11102,0.016064,241,241,243,191,193,197,186,183,176,255,255,255,116,122,134,170,171,170,0.58299,0.58334,0.5794
1,5.1694e+05,-1.371,15.84,195,800,-1.3819,15.616,186.48,935.72,0.25627,0.1294,0.024768,0.23097,0.12076,0.020992,0.20768,0.11543,0.01856,239,241,241,189,190,191,192,184,177,255,255,255,114,118,127,123,134,146,0.55872,0.56147,0.56571
1,5.1704e+05,-1.371,15.76,195,800,-1.3915,15.569,186.81,756.54,0.3248,0.12651,0.031296,0.31167,0.11886,0.027712,0.29519,0.11192,0.023424,242,243,244,183,189,194,165,169,172,255,255,255,139,141,139,113,112,111,0.55324,0.55733,0.55823
1,5.1714e+05,-1.371,15.68,195,800,-1.3745,15.475,186.7,935.5,0.3406,0.13378,0.034752,0.30565,0.12423,0.0288,0.28204,0.11169,0.023872,243,246,246,189,194,196,155,162,168,255,255,255,144,147,140,105,106,105,0.56652,0.5551,0.55394
1,5.1724e+05,-1.371,15.6,195,800,-1.3724,15.408,185.73,887.6,0.3008,0.12723,0.028608,0.2669,0.11999,0.024128,0.24916,0.11487,0.02112,253,251,248,201,202,201,158,161,165,255,255,254,113,119,125,94,94,97,0.54497,0.5469,0.5502
1,5.1734e+05,-1.371,15.52,195,800,-1.3904,15.327,187.04,809.6,0.45784,0.12416,0.033216,0.27386,0.11743,0.02336,0.23317,0.11246,0.019456,248,248,247,204,198,194,171,170,170,251,249,245,94,100,107,96,96,97,0.54632,0.55037,0.55041
1,5.1744e+05,-1.371,15.44,195,800,-1.3957,15.264,185.57,1161.7,0.34782,0.11814,0.029952,0.30225,0.11291,0.024512,0.26341,0.10874,0.020608,247,246,246,186,187,192,175,174,174,237,236,231,107,107,103,100,100,100,0.54714,0.5491,0.54819
1,5.1754e+05,-1.371,15.36,195,800,-1.3936,15.172,187.37,512.94,0.44634,0.12071,0.039488,0.38395,0.11339,0.031232,0.30709,0.10694,0.02368,250,248,247,177,188,197,186,184,181,183,188,191,99,97,92,110,109,107,0.56087,0.5473,0.54575
1,5.1764e+05,-1.371,15.28,195,800,-1.3947,15.098,185.8,702.91,0.30898,0.12394,0.026816,0.26078,0.11951,0.0224,0.24133,0.1124,0.019584,253,250,247,211,208,202,189,187,183,158,163,171,73,79,83,115,112,110,0.54098,0.54009,0.543
1,5.1774e+05,-1.371,15.2,195,800,-1.3872,15.02,187.8,817.5,0.32303,0.12116,0.029184,0.27918,0.11614,0.024512,0.25515,0.10756,0.020992,243,246,246,218,213,207,188,184,181,137,138,141,61,67,72,115,115,114,0.53283,0.53757,0.53865
1,5.1784e+05,-1.371,15.12,195,800,-1.3766,14.933,185.17,927.64,0.308,0.13599,0.0288,0.24979,0.12655,0.02272,0.21628,0.1229,0.01952,239,241,242,188,193,200,172,172,174,122,124,127,93,86,76,114,115,117,0.53749,0.53538,0.53622
1,5.1794e+05,-1.371,15.04,195,800,-1.401,14.887,186.31,656.74,0.36086,0.14142,0.037184,0.32968,0.13054,0.031552,0.31037,0.12144,0.027968,236,239,243,191,196,199,168,170,172,114,118,122,97,87,76,113,116,119,0.5436,0.54103,0.53712
1,5.1804e+05,-1.371,14.96,195,800,-1.3883,14.786,188.16,945.93,0.25743,0.13395,0.02592,0.23133,0.13012,0.022912,0.21039,0.12226,0.019968,244,244,244,211,203,196,176,174,174,111,113,116,66,71,74,129,132,134,0.54021,0.53408,0.53637
1,5.1814e+05,-1.371,14.88,195,800,-1.3851,14.695,187.1,709.33,0.35318,0.12588,0.032704,0.33037,0.11382,0.027328,0.30419,0.10972,0.023616,248,245,244,190,192,191,180,178,175,111,114,117,70,72,72,147,145,138,0.5274,0.53733,0.53717
1,5.1824e+05,-1.371,14.8,195,800,-1.384,14.614,187.2,951.12,0.3235,0.12382,0.028864,0.29804,0.11468,0.024384,0.27267,0.11134,0.021056,237,241,244,164,174,186,178,177,175,122,120,120,83,78,72,141,137,130,0.52369,0.53057,0.53392
1,5.1834e+05,-1.371,14.72,195,800,-1.3734,14.518,187.39,1023.7,0.33407,0.11432,0.0272,0.29613,0.11019,0.022784,0.27175,0.10328,0.01984,249,247,245,197,193,191,173,172,172,121,121,121,64,64,66,97,100,105,0.5177,0.53461,0.53693
1,5.1844e+05,-1.371,14.64,195,800,-1.3872,14.464,186.78,549.18,0.29488,0.12666,0.028544,0.27716,0.11981,0.024896,0.25736,0.11465,0.022144,252,249,247,193,196,196,173,172,171,119,120,121,58,60,61,90,91,93,0.54816,0.54124,0.5372
1,5.1854e+05,-1.371,14.56,195,800,-1.3798,14.389,186.83,488.35,0.28447,0.14433,0.028416,0.24225,0.13438,0.023168,0.20947,0.1278,0.01984,248,247,246,194,194,195,172,171,170,125,124,122,61,58,56,79,80,82,0.55204,0.5366,0.53584
1,5.1864e+05,-1.371,14.48,195,800,-1.3724,14.297,187.5,820.42,0.29361,0.12514,0.027968,0.26775,0.11792,0.023872,0.24076,0.1145,0.02112,246,245,244,197,194,192,167,169,170,130,126,124,56,56,56,75,77,79,0.53099,0.53526,0.53592
1,5.1874e+05,-1.371,14.4,195,800,-1.383,14.234,187.09,733.87,0.26413,0.1342,0.027008,0.22744,0.12648,0.0224,0.20626,0.12087,0.019328,243,241,241,190,190,191,171,171,171,138,134,130,54,56,59,75,78,80,0.5199,0.53184,0.53443
1,5.1884e+05,-1.371,14.32,195,800,-1.4021,14.167,188.28,850.93,0.30271,0.11946,0.027328,0.27599,0.11461,0.023552,0.25494,0.1096,0.0208,245,244,242,199,197,194,174,171,169,144,139,132,60,63,66,92,90,87,0.54751,0.53632,0.53599
1,5.1894e+05,-1.371,14.24,195,800,-1.3894,14.075,187.56,949.78,0.26915,0.13522,0.028032,0.2489,0.12881,0.024768,0.23175,0.1256,0.022656,248,246,243,204,200,195,169,167,167,138,135,130,63,67,70,99,95,90,0.53473,0.53451,0.53358
1,5.1904e+05,-1.371,14.16,195,800,-1.3787,13.98,185.61,920.08,0.32514,0.1256,0.029312,0.28426,0.11643,0.024192,0.25097,0.11428,0.02112,245,244,244,188,192,197,162,162,163,120,121,123,65,66,69,85,88,89,0.54418,0.53861,0.5355
1,5.1914e+05,-1.371,14.08,195,800,-1.4031,13.931,187.02,904.51,0.28633,0.12826,0.02592,0.25473,0.12049,0.021568,0.21876,0.11588,0.018688,241,243,244,188,193,199,164,162,162,114,117,120,61,63,67,80,83,87,0.52198,0.53116,0.53482
1,5.1924e+05,-1.371,14,195,800,-1.3894,13.823,186.78,845.21,0.28946,0.12278,0.026688,0.26249,0.11834,0.023616,0.23728,0.11512,0.020864,245,245,245,216,217,217,164,161,159,119,119,118,60,60,62,85,85,85,0.53588,0.53649,0.53688
1,5.1934e+05,-1.371,13.92,195,800,-1.3883,13.756,187.63,604.1,0.3175,0.11906,0.027136,0.26132,0.11554,0.02272,0.24153,0.10863,0.019968,248,249,249,248,242,231,153,154,154,119,119,118,57,57,59,94,88,84,0.5366,0.5335,0.53446
1,5.1944e+05,-1.371,13.84,195,800,-1.3756,13.662,187.18,818.11,0.29284,0.12524,0.02752,0.26471,0.11917,0.023808,0.24033,0.11558,0.021056,252,250,248,250,239,223,150,151,153,118,118,117,57,56,58,88,85,83,0.54157,0.53475,0.53543
1,5.1954e+05,-1.371,13.76,195,800,-1.3734,13.603,185.48,640.73,0.30362,0.12867,0.028864,0.27318,0.1224,0.02496,0.25099,0.11794,0.022144,244,244,243,177,180,182,157,156,158,118,119,119,53,55,56,80,80,80,0.51844,0.53133,0.53414
1,5.1964e+05,-1.371,13.68,195,800,-1.384,13.513,186.06,1102.8,0.31582,0.13032,0.030272,0.27647,0.12631,0.025344,0.22982,0.12179,0.02112,236,238,239,141,149,160,164,164,165,123,122,120,57,58,57,79,80,80,0.55079,0.53384,0.53452
1,5.1974e+05,-1.371,13.6,195,800,-1.3872,13.438,186.03,848.44,0.27375,0.12588,0.025728,0.24567,0.11837,0.021952,0.22507,0.11518,0.019456,235,235,237,134,137,146,186,183,178,124,124,122,67,63,59,77,79,80,0.52534,0.53433,0.53475
1,5.1984e+05,-1.371,13.52,195,800,-1.3936,13.37,186.8,841.04,0.30962,0.12358,0.028224,0.27328,0.11807,0.024192,0.25613,0.11371,0.021376,246,245,243,170,170,169,187,183,179,120,119,119,57,57,56,84,83,81,0.53722,0.53741,0.53555
1,5.1994e+05,-1.371,13.44,195,800,-1.3851,13.275,185.08,692.13,0.32109,0.13284,0.032576,0.28993,0.12254,0.027328,0.26541,0.12045,0.024768,252,249,246,195,187,181,176,176,177,117,116,116,51,52,53,88,85,81,0.52238,0.53512,0.53577
1,5.2004e+05,-1.371,13.36,195,800,-1.3957,13.22,187.13,687.08,0.29844,0.12542,0.026176,0.21613,0.12457,0.02016,0.19286,0.11783,0.017536,249,249,248,199,194,191,167,168,170,108,110,112,43,45,48,81,80,79,0.51659,0.5342,0.53473
1,5.2014e+05,-1.371,13.28,195,800,-1.3671,13.113,185.55,1246.7,0.29719,0.12748,0.027968,0.25947,0.12153,0.023232,0.22782,0.11862,0.020096,247,246,246,186,189,193,168,168,169,108,110,112,44,45,47,75,77,78,0.5267,0.53137,0.53168
1,5.2024e+05,-1.371,13.2,195,800,-1.3862,13.044,186.6,853.5,0.27878,0.12351,0.025856,0.24007,0.11936,0.021824,0.21513,0.11594,0.01888,238,240,243,196,194,191,173,173,173,112,111,112,47,48,47,81,80,81,0.52701,0.5328,0.53146
1,5.2034e+05,-1.371,13.12,195,800,-1.3936,12.973,186.86,625.17,0.28474,0.12262,0.026112,0.25388,0.11725,0.02272,0.23515,0.11288,0.019904,243,243,244,182,184,189,189,183,178,109,111,113,45,46,48,90,90,88,0.52321,0.53725,0.53547
1,5.2044e+05,-1.371,13.04,195,800,-1.3798,12.876,186.53,813.56,0.25497,0.1191,0.022144,0.22351,0.11554,0.019072,0.19611,0.10859,0.016,247,247,246,165,179,192,184,182,180,110,112,113,45,46,48,93,91,89,0.53963,0.53369,0.53409
1,5.2054e+05,-1.371,12.96,195,800,-1.401,12.832,186.29,769.89,0.25623,0.12988,0.025152,0.23316,0.12173,0.021696,0.21739,0.11715,0.01952,254,252,250,216,208,202,176,176,177,113,111,110,48,49,50,83,85,86,0.52632,0.53453,0.53551
1,5.2064e+05,-1.371,12.88,195,800,-1.3798,12.725,186.82,813.2,0.30328,0.12921,0.028352,0.25504,0.12397,0.024192,0.2371,0.11817,0.021504,250,251,251,225,216,205,171,173,176,109,109,109,50,50,51,80,82,85,0.54911,0.53472,0.53462
1,5.2074e+05,-1.371,12.8,195,800,-1.383,12.647,187.64,919.36,0.31431,0.12934,0.029952,0.2659,0.12547,0.025344,0.24104,0.11994,0.022016,249,250,250,186,189,193,179,177,176,107,107,110,53,53,53,82,83,84,0.53475,0.53875,0.53579
1,5.2084e+05,-1.371,12.72,195,800,-1.4053,12.583,187.63,881.07,0.28869,0.13397,0.02784,0.26213,0.1256,0.024192,0.23261,0.12254,0.020864,249,248,248,159,169,181,186,182,178,114,115,115,54,55,55,86,86,87,0.53343,0.5375,0.53488
1,5.2094e+05,-1.371,12.64,195,800,-1.3872,12.492,187.82,721.91,0.31767,0.11549,0.02496,0.21144,0.11674,0.017856,0.18585,0.11047,0.015104,247,247,247,172,178,186,182,181,179,118,119,119,53,55,56,86,88,89,0.53106,0.52758,0.53125
1,5.2104e+05,-1.371,12.56,195,800,-1.3851,12.401,186.98,860.21,0.26891,0.12588,0.025472,0.23377,0.11759,0.021056,0.20841,0.11558,0.018688,248,247,246,220,213,206,178,176,175,133,130,127,64,62,60,96,93,91,0.53888,0.53624,0.53504
1,5.2114e+05,-1.371,12.48,195,800,-1.3766,12.32,186.29,939.95,0.26831,0.12536,0.024448,0.24864,0.11559,0.021184,0.2301,0.1127,0.018752,248,247,246,230,221,213,171,170,171,139,135,130,71,67,62,98,94,91,0.52865,0.53245,0.53384
1,5.2124e+05,-1.371,12.4,195,800,-1.3734,12.254,188.05,818.27,0.27227,0.1225,0.024576,0.25664,0.11513,0.021568,0.23784,0.11096,0.019456,248,248,248,213,212,212,158,162,167,130,131,132,72,65,60,89,89,88,0.52981,0.5326,0.53344
1,5.2134e+05,-1.371,12.32,195,800,-1.3734,12.159,186.3,1073.7,0.30341,0.12371,0.027264,0.26648,0.11757,0.022912,0.23218,0.11403,0.019648,254,252,250,208,209,212,170,169,169,126,130,133,53,54,55,83,84,86,0.54156,0.53686,0.53561
1,5.2144e+05,-1.371,12.24,195,800,-1.3957,12.1,186.32,741.69,0.25381,0.12809,0.025152,0.22578,0.12474,0.021888,0.21601,0.11356,0.019136,254,253,251,215,216,214,172,173,172,138,136,134,50,52,54,80,83,84,0.54528,0.53639,0.53811
1,5.2154e+05,-1.371,12.16,195,800,-1.383,12.011,186.86,652.93,0.27434,0.13074,0.027456,0.24763,0.12536,0.02368,0.23246,0.11716,0.020736,253,252,251,222,218,213,176,175,175,144,142,140,55,56,57,75,79,84,0.54004,0.54096,0.54087
1,5.2164e+05,-1.371,12.08,195,800,-1.3894,11.918,187.01,940.45,0.23069,0.13601,0.022528,0.20472,0.12526,0.018752,0.17556,0.12491,0.016704,252,251,250,208,209,209,175,175,176,141,143,144,60,59,60,77,80,85,0.55925,0.54488,0.54239
1,5.2174e+05,-1.371,12,195,800,-1.401,11.876,187.91,866.04,0.24667,0.12307,0.018304,0.15668,0.12071,0.014464,0.14581,0.11753,0.012928,251,249,247,194,196,198,178,177,176,150,150,149,65,65,66,93,90,87,0.54578,0.53849,0.54158
1,5.2184e+05,-1.371,11.92,195,800,-1.3872,11.775,185.68,787.45,0.26721,0.13853,0.02688,0.24593,0.129,0.022976,0.22388,0.12414,0.01984,245,246,246,196,199,202,174,174,174,143,149,156,67,74,79,81,85,87,0.56351,0.55237,0.54559
1,5.2194e+05,-1.371,11.84,195,800,-1.3936,11.695,186.94,977.91,0.26741,0.14014,0.028224,0.23669,0.13114,0.023936,0.21569,0.12671,0.020928,248,247,246,202,207,209,168,172,173,149,154,155,90,89,82,79,82,86,0.54885,0.54927,0.54713
1,5.2204e+05,-1.371,11.76,195,800,-1.3872,11.623,187.01,703.46,0.20681,0.13011,0.020672,0.19049,0.12558,0.018176,0.17413,0.11935,0.016128,251,250,248,233,228,220,166,169,172,149,153,150,96,95,84,84,86,89,0.53915,0.54567,0.54589
1,5.2214e+05,-1.371,11.68,195,800,-1.4031,11.542,188.07,518.38,0.31171,0.12953,0.028736,0.2884,0.12054,0.024896,0.25273,0.11731,0.021696,248,250,250,234,227,221,163,170,173,138,142,145,85,84,82,91,92,95,0.54469,0.54666,0.54683
1,5.2224e+05,-1.371,11.6,195,800,-1.3925,11.452,187.01,893.13,0.19025,0.12888,0.019328,0.17341,0.12256,0.016896,0.16256,0.1171,0.01504,251,251,251,202,208,214,175,173,173,128,130,132,74,72,70,112,114,117,0.54125,0.54825,0.54846
1,5.2234e+05,-1.371,11.52,195,800,-1.3819,11.38,187.15,835.28,0.19963,0.12788,0.019712,0.18282,0.12004,0.017216,0.17124,0.11568,0.015552,253,253,252,191,197,204,171,171,173,124,125,124,59,61,62,148,151,156,0.54224,0.55098,0.55038
1,5.2244e+05,-1.371,11.44,195,800,-1.3862,11.295,186.49,924.22,0.26919,0.13383,0.02784,0.24345,0.12578,0.023616,0.22646,0.11816,0.020736,250,252,253,187,195,204,169,171,174,118,120,122,54,56,59,166,175,181,0.54562,0.55026,0.55256
1,5.2254e+05,-1.371,11.36,195,800,-1.3947,11.227,185.69,698.05,0.2579,0.1296,0.02592,0.23153,0.12188,0.021888,0.21553,0.11463,0.0192,250,251,252,207,207,205,172,174,176,113,120,126,52,53,59,230,231,224,0.55942,0.5578,0.55769
1,5.2264e+05,-1.371,11.28,195,800,-1.3766,11.145,186.9,591.17,0.31584,0.13571,0.032256,0.28717,0.12562,0.027456,0.26513,0.1198,0.024,250,251,252,211,209,207,173,175,175,125,128,132,56,58,64,255,246,234,0.55671,0.55971,0.56085
1,5.2274e+05,-1.371,11.2,195,800,-1.3947,11.072,185.2,712.98,0.31127,0.12533,0.028032,0.27054,0.11676,0.023296,0.23199,0.11444,0.019776,252,253,253,195,202,208,173,170,170,149,152,160,78,85,96,221,221,215,0.5648,0.56309,0.56342
1,5.2284e+05,-1.371,11.12,195,800,-1.3968,11.004,187.67,690.03,0.26153,0.13747,0.02784,0.24233,0.13088,0.024576,0.22704,0.12417,0.021824,255,255,253,211,212,211,165,166,167,186,193,200,161,161,159,161,168,179,0.56979,0.57517,0.57667
1,5.2294e+05,-1.371,11.04,195,800,-1.3862,10.921,185.54,862.05,0.32025,0.13883,0.033152,0.28116,0.13187,0.028224,0.26582,0.12197,0.024256,255,254,253,229,219,212,167,166,167,214,217,217,220,205,188,153,159,167,0.5905,0.58228,0.56444
1,5.2601e+05,-1.464,11,195,800,-1.4838,10.927,-0.057284,1092.2,0,0,0,0,0,0,0,0,0,253,254,254,206,207,208,181,177,173,242,240,233,190,179,173,173,171,175,0.5007,0.50057,0.51169
1,5.2611e+05,-1.464,11.08,195,800,-1.4647,10.987,186.2,721.43,0.16423,0.1222,0.015168,0.14939,0.11327,0.013312,0.13753,0.11109,0.012032,255,255,254,206,209,209,160,164,168,204,201,200,112,122,132,180,188,197,0.59364,0.58982,0.58216
1,5.2621e+05,-1.464,11.16,195,800,-1.4742,11.072,185.85,840.63,0.22564,0.12038,0.020288,0.19991,0.11176,0.016704,0.17907,0.10921,0.014912,255,255,254,210,209,208,156,161,167,165,174,181,92,99,110,219,214,213,0.5735,0.57068,0.57021
1,5.2631e+05,-1.464,11.24,195,800,-1.4562,11.112,187.31,1286.2,0.26072,0.13336,0.026368,0.23248,0.12423,0.02176,0.21009,0.11766,0.018752,253,253,253,202,204,204,166,171,172,156,150,146,76,77,78,255,251,240,0.55692,0.56104,0.56071
1,5.2641e+05,-1.464,11.32,195,800,-1.4721,11.209,186.84,897.26,0.3573,0.12985,0.030272,0.2225,0.12818,0.021312,0.20709,0.12179,0.019008,253,252,252,203,203,203,181,176,174,147,141,137,64,67,70,255,252,239,0.56478,0.55774,0.55752
1,5.2651e+05,-1.464,11.4,195,800,-1.4806,11.293,188.12,798.45,0.29303,0.12555,0.026624,0.23822,0.12324,0.021632,0.19953,0.11966,0.018368,251,252,253,207,206,205,169,173,175,126,127,129,57,60,63,231,216,204,0.54847,0.55396,0.55463
1,5.2661e+05,-1.464,11.48,195,800,-1.4838,11.38,186.37,644.06,0.29417,0.11817,0.024256,0.23885,0.11282,0.019584,0.21558,0.10976,0.016768,255,254,253,211,212,212,173,171,172,136,135,132,74,69,67,147,151,153,0.55712,0.55086,0.55138
1,5.2671e+05,-1.464,11.56,195,800,-1.4795,11.454,186.3,1110.4,0.35834,0.13043,0.034944,0.34144,0.11991,0.029888,0.32059,0.11308,0.026112,255,254,253,218,218,217,169,170,172,143,140,136,67,70,71,126,128,131,0.54689,0.5521,0.55097
1,5.2681e+05,-1.464,11.64,195,800,-1.4689,11.529,187.4,970.37,0.29287,0.1256,0.026304,0.25205,0.12133,0.021888,0.22715,0.11464,0.019136,253,252,251,237,230,224,167,168,169,148,147,145,74,76,78,97,100,102,0.55434,0.55141,0.54826
1,5.2691e+05,-1.464,11.72,195,800,-1.4817,11.61,186.83,748.9,0.23937,0.1363,0.025088,0.22049,0.12769,0.021824,0.20474,0.12271,0.019456,254,252,250,230,229,226,165,167,169,153,151,150,78,81,84,89,90,93,0.55327,0.54801,0.54662
1,5.2701e+05,-1.464,11.8,195,800,-1.4838,11.683,187.6,773.09,0.32499,0.13054,0.031872,0.30013,0.12254,0.027712,0.27498,0.11728,0.024448,246,247,246,225,221,221,170,168,168,164,159,156,99,89,84,78,80,84,0.54315,0.54544,0.54649
1,5.2711e+05,-1.464,11.88,195,800,-1.4785,11.762,187.18,912.8,0.3264,0.12237,0.028864,0.2668,0.1174,0.023168,0.23174,0.11017,0.019072,240,241,243,210,210,212,169,169,170,169,166,162,75,78,81,75,79,83,0.54179,0.54128,0.54341
1,5.2721e+05,-1.464,11.96,195,800,-1.4466,11.828,186.86,1280.8,0.25112,0.13128,0.024384,0.22475,0.12217,0.020544,0.20674,0.11856,0.018496,239,240,243,204,204,206,167,170,172,179,169,159,79,76,75,81,82,84,0.55028,0.54683,0.5457
1,5.2731e+05,-1.464,12.04,195,800,-1.4764,11.93,186.95,954.92,0.29521,0.12285,0.026752,0.26481,0.11639,0.022848,0.24043,0.11338,0.020096,241,243,246,188,196,205,178,176,176,154,154,152,64,67,68,84,82,82,0.5592,0.5434,0.54262
1,5.2741e+05,-1.464,12.12,195,800,-1.471,11.991,186.44,847.64,0.30762,0.13204,0.029056,0.26764,0.12516,0.024704,0.24857,0.11841,0.021696,247,247,248,196,202,208,178,178,176,142,145,147,60,62,64,77,78,80,0.53582,0.54296,0.54277
1,5.2751e+05,-1.464,12.2,195,800,-1.4785,12.08,185.87,1259.2,0.2712,0.13473,0.02624,0.23416,0.12949,0.022784,0.21204,0.12392,0.019968,254,253,251,229,221,215,173,173,174,142,141,139,65,61,58,74,74,76,0.54414,0.53926,0.53823
1,5.2761e+05,-1.464,12.28,195,800,-1.4615,12.151,187.21,1021.4,0.27652,0.13169,0.026816,0.23064,0.12497,0.021568,0.20665,0.11889,0.01856,249,249,250,214,212,212,170,170,171,143,138,134,52,55,56,76,78,80,0.5288,0.53483,0.53519
1,5.2771e+05,-1.464,12.36,195,800,-1.4742,12.237,186.94,930.6,0.30834,0.13665,0.029184,0.24541,0.13053,0.023424,0.21208,0.12799,0.019968,245,248,249,200,205,210,172,172,171,137,134,131,52,54,57,82,83,84,0.54098,0.52958,0.53131
1,5.2781e+05,-1.464,12.44,195,800,-1.4912,12.31,186.91,730.14,0.27944,0.11527,0.023808,0.2502,0.10924,0.02048,0.22471,0.10576,0.0176,250,248,248,205,208,209,176,176,175,124,125,126,61,62,60,93,92,90,0.53782,0.53271,0.53188
1,5.2791e+05,-1.464,12.52,195,800,-1.4732,12.385,185.32,788.03,0.28012,0.1307,0.027456,0.25589,0.12295,0.023616,0.23161,0.11896,0.020992,249,249,248,214,214,210,178,177,176,121,122,123,64,63,61,90,90,90,0.53211,0.53245,0.53309
1,5.2801e+05,-1.464,12.6,195,800,-1.4827,12.483,187.27,932.15,0.28364,0.12048,0.021312,0.17614,0.11921,0.016704,0.16666,0.11347,0.014912,246,246,247,207,204,200,179,178,177,111,115,118,58,60,63,82,84,87,0.55297,0.54074,0.53509
1,5.2811e+05,-1.464,12.68,195,800,-1.4668,12.542,185.55,1122.3,0.28417,0.1345,0.027904,0.24668,0.12707,0.023424,0.22621,0.12388,0.020352,248,248,248,184,187,194,176,177,177,122,117,112,60,61,62,84,84,85,0.5411,0.53585,0.53489
1,5.2821e+05,-1.464,12.76,195,800,-1.4806,12.638,186.19,928.54,0.30477,0.12496,0.027584,0.26405,0.11702,0.0224,0.22433,0.11509,0.019136,251,251,249,197,196,199,173,176,177,118,114,110,58,59,60,86,85,85,0.537,0.53477,0.53413
1,5.2831e+05,-1.464,12.84,195,800,-1.4785,12.716,186.76,676.74,0.28672,0.13116,0.027456,0.2619,0.12513,0.023552,0.23749,0.1193,0.020608,253,252,251,232,224,214,176,175,176,103,106,108,49,52,56,82,84,85,0.53224,0.534,0.5337
1,5.2841e+05,-1.464,12.92,195,800,-1.4721,12.796,186.26,800.02,0.31436,0.11939,0.027328,0.28734,0.11103,0.023168,0.26363,0.10672,0.020352,250,250,251,226,222,214,179,177,177,111,110,108,53,54,55,84,83,85,0.54447,0.53251,0.53197
1,5.2851e+05,-1.464,13,195,800,-1.4827,12.868,185.97,892.93,0.2629,0.12293,0.02432,0.2392,0.11693,0.020672,0.21883,0.10931,0.018112,249,249,248,181,187,196,183,181,179,119,116,112,54,54,53,84,86,86,0.54324,0.54271,0.53643
1,5.2861e+05,-1.464,13.08,195,800,-1.4636,12.936,186.56,828.28,0.29493,0.12713,0.027968,0.26316,0.12184,0.02368,0.2383,0.11763,0.02048,245,244,244,166,172,182,178,178,178,116,114,113,43,46,49,87,85,84,0.5455,0.53434,0.53414
1,5.2871e+05,-1.464,13.16,195,800,-1.4657,13.025,184.86,899.85,0.29609,0.13017,0.02848,0.26226,0.12283,0.024,0.23307,0.12198,0.021376,239,240,243,177,178,181,171,174,175,116,114,113,45,45,47,81,81,81,0.54369,0.53558,0.5355
1,5.2881e+05,-1.464,13.24,195,800,-1.4657,13.084,185.05,611.35,0.26176,0.13448,0.026944,0.2401,0.12807,0.023488,0.2245,0.12066,0.020928,243,244,244,195,191,189,162,165,169,116,115,114,46,46,46,75,74,75,0.55111,0.53951,0.53689
1,5.2891e+05,-1.464,13.32,195,800,-1.4806,13.18,188.02,974.23,0.2369,0.12218,0.021888,0.21162,0.11716,0.018752,0.19434,0.1149,0.01664,250,248,246,198,194,193,163,165,168,117,116,114,46,46,47,73,73,74,0.53643,0.53142,0.53082
1,5.2901e+05,-1.464,13.4,195,800,-1.4541,13.254,186.06,769.14,0.29421,0.12543,0.02752,0.26784,0.11769,0.024064,0.25365,0.1122,0.02144,248,248,247,188,193,192,170,170,171,120,118,116,53,54,54,72,73,75,0.53201,0.53818,0.53578
1,5.2911e+05,-1.464,13.48,195,800,-1.4583,13.316,187.18,851.52,0.32353,0.1337,0.031808,0.29966,0.12409,0.027712,0.27799,0.12052,0.024768,239,240,241,174,172,170,174,176,177,118,118,118,65,63,61,73,74,76,0.53553,0.54142,0.53763
1,5.2921e+05,-1.464,13.56,195,800,-1.4774,13.414,185.36,693.86,0.26946,0.13658,0.028288,0.24254,0.13424,0.02528,0.22622,0.12817,0.022656,232,236,239,149,151,155,179,178,177,117,118,118,62,63,62,74,75,76,0.53741,0.53313,0.5349
1,5.2931e+05,-1.464,13.64,195,800,-1.47,13.494,186.04,586,0.28213,0.12976,0.026496,0.22853,0.12563,0.021952,0.20451,0.12393,0.019456,238,237,238,121,129,142,173,170,168,114,114,115,59,59,58,78,77,77,0.54452,0.5383,0.53733
1,5.2941e+05,-1.464,13.72,195,800,-1.4647,13.564,187.1,981.74,0.28642,0.13222,0.027968,0.25658,0.12513,0.024192,0.23931,0.12196,0.021824,239,240,241,136,143,154,160,159,161,110,111,112,54,55,56,76,77,78,0.54368,0.53842,0.53605
1,5.2951e+05,-1.464,13.8,195,800,-1.4817,13.659,185.78,857.34,0.26559,0.13155,0.025472,0.2346,0.12436,0.021632,0.21344,0.12003,0.0192,248,247,246,203,201,197,139,145,152,101,105,109,56,56,59,80,80,81,0.54374,0.53671,0.53466
1,5.2961e+05,-1.464,13.88,195,800,-1.4689,13.71,187.16,844.47,0.32509,0.1206,0.02784,0.26794,0.11538,0.021376,0.20408,0.11477,0.017792,250,249,249,234,232,224,155,155,156,110,111,113,72,72,69,85,85,83,0.54206,0.53859,0.53526
1,5.2971e+05,-1.464,13.96,195,800,-1.4594,13.805,186.08,857.34,0.28161,0.12143,0.026176,0.26207,0.11638,0.022976,0.24492,0.11201,0.020608,249,249,247,235,228,221,163,161,159,122,118,115,78,76,70,84,84,83,0.54487,0.53568,0.53534
1,5.2981e+05,-1.464,14.04,195,800,-1.5029,13.941,186.21,1225.9,0.28799,0.12994,0.02816,0.25927,0.1209,0.023872,0.23641,0.11664,0.020864,247,245,245,195,199,202,160,161,162,120,120,118,59,63,67,81,82,85,0.53612,0.53172,0.53308
1,5.2991e+05,-1.464,14.12,195,800,-1.4689,13.979,186.86,1217.1,0.28708,0.13089,0.028864,0.26481,0.1238,0.02496,0.24544,0.11826,0.022464,243,244,244,183,188,193,155,158,161,118,118,119,55,58,63,87,87,87,0.54001,0.53683,0.53487
1,5.3001e+05,-1.464,14.2,195,800,-1.4806,14.058,186.15,949.28,0.24508,0.12545,0.023424,0.21972,0.11772,0.020032,0.20236,0.1142,0.017472,241,242,241,176,183,185,151,158,163,122,123,123,62,62,62,103,99,92,0.54513,0.53464,0.53517
1,5.3011e+05,-1.464,14.28,195,800,-1.452,14.109,185.64,767.08,0.29532,0.11687,0.025216,0.25224,0.11242,0.020928,0.22115,0.1087,0.0176,234,236,238,181,178,180,171,169,168,128,129,128,73,68,64,93,91,88,0.54545,0.53634,0.53839
1,5.3021e+05,-1.464,14.36,195,800,-1.4764,14.204,185.83,922.62,0.23756,0.129,0.023552,0.22096,0.12232,0.020672,0.20698,0.11734,0.01888,230,234,238,169,172,179,172,171,169,127,129,129,69,66,64,82,83,84,0.53904,0.53131,0.53271
1,5.3031e+05,-1.464,14.44,195,800,-1.4668,14.278,187.89,755.93,0.33123,0.1249,0.030848,0.30034,0.11732,0.026176,0.26015,0.11408,0.021888,239,240,240,175,178,183,171,171,171,120,123,126,60,60,60,77,77,78,0.53247,0.53113,0.53322
1,5.3041e+05,-1.464,14.52,195,800,-1.4806,14.375,185.93,972.96,0.26914,0.11846,0.024192,0.23862,0.11268,0.02048,0.21394,0.10535,0.017408,243,243,242,185,187,189,172,172,171,116,120,124,59,59,59,79,78,79,0.51894,0.53197,0.53408
1,5.3051e+05,-1.464,14.6,195,800,-1.4753,14.463,186.97,729.01,0.2948,0.12554,0.028352,0.27704,0.11824,0.025024,0.25806,0.11441,0.0224,243,247,247,207,205,202,170,171,172,115,119,124,61,60,61,83,84,84,0.52658,0.53317,0.53579
1,5.3061e+05,-1.464,14.68,195,800,-1.4583,14.51,186.92,1066.3,0.27406,0.11931,0.024832,0.24844,0.11412,0.021504,0.22575,0.10754,0.018496,249,247,245,220,210,200,169,171,173,127,128,126,65,66,68,91,95,102,0.5465,0.54201,0.53822
1,5.3071e+05,-1.464,14.76,195,800,-1.4615,14.606,186.3,769.53,0.24055,0.12786,0.02336,0.21994,0.12261,0.02016,0.19072,0.11645,0.017088,241,242,244,203,200,195,173,174,174,125,127,126,73,74,72,106,116,118,0.53946,0.53819,0.53522
1,5.3081e+05,-1.464,14.84,195,800,-1.4774,14.687,186.96,820.91,0.27603,0.13081,0.026496,0.24258,0.12426,0.022528,0.21598,0.1184,0.0192,241,242,243,176,183,192,171,173,175,117,119,121,90,83,75,190,165,139,0.53117,0.53278,0.53533
1,5.3091e+05,-1.464,14.92,195,800,-1.4689,14.741,187.43,586.2,0.30532,0.12369,0.02816,0.27487,0.11894,0.024384,0.2493,0.11477,0.021248,247,246,244,190,193,195,169,171,174,118,117,117,74,76,74,173,159,141,0.55124,0.5348,0.53591
1,5.3101e+05,-1.464,15,195,800,-1.4795,14.835,187.17,766.69,0.23072,0.11878,0.0208,0.20981,0.11362,0.01824,0.19315,0.10903,0.015936,248,247,247,213,208,203,162,165,169,114,115,116,60,63,68,115,120,126,0.53235,0.53598,0.53457
1,5.3111e+05,-1.464,15.08,195,800,-1.4785,14.929,188.06,917.37,0.30033,0.12883,0.028224,0.25905,0.12525,0.023744,0.2332,0.11865,0.020608,248,247,247,201,204,209,163,168,173,119,120,123,60,63,65,117,117,117,0.53849,0.53488,0.53536
1,5.3121e+05,-1.464,15.16,195,800,-1.4753,14.997,187.05,1057.5,0.28715,0.1229,0.025728,0.24742,0.1174,0.021568,0.21117,0.11594,0.018816,249,249,248,209,212,211,181,178,176,130,129,130,63,63,66,122,119,116,0.54964,0.53792,0.53741
1,5.3131e+05,-1.464,15.24,195,800,-1.4594,15.057,187.87,680.88,0.29375,0.12408,0.026816,0.26028,0.11914,0.022784,0.22496,0.11368,0.019584,253,251,250,226,221,211,188,186,182,151,152,155,71,71,75,114,114,113,0.55193,0.54613,0.54322
1,5.3141e+05,-1.464,15.32,195,800,-1.4679,15.15,187.29,642.04,0.24864,0.12661,0.0224,0.21243,0.12218,0.018432,0.16837,0.11808,0.015424,251,250,249,215,211,207,183,182,182,168,170,173,83,85,88,106,108,110,0.54887,0.54478,0.54525
1,5.3151e+05,-1.464,15.4,195,800,-1.4657,15.235,186.62,751.57,0.3009,0.13143,0.029824,0.26398,0.12561,0.025024,0.23741,0.12328,0.022656,245,246,247,189,195,199,172,176,178,224,218,214,135,120,108,100,104,105,0.5277,0.5408,0.54407
1,5.3161e+05,-1.464,15.48,195,800,-1.4764,15.33,187.19,675.98,0.2927,0.12293,0.026496,0.2508,0.11816,0.022336,0.23199,0.11159,0.019712,250,248,248,228,214,203,172,170,171,252,248,244,110,115,121,96,99,100,0.53978,0.54799,0.54789
1,5.3171e+05,-1.464,15.56,195,800,-1.4764,15.394,187.56,1161.2,0.24451,0.11374,0.020224,0.2003,0.10504,0.016128,0.17878,0.10207,0.014016,252,251,249,232,219,207,160,165,170,255,254,251,106,117,128,93,95,99,0.54123,0.54933,0.55035
1,5.3181e+05,-1.464,15.64,195,800,-1.4594,15.484,188.29,1099.5,0.23001,0.12062,0.02048,0.19589,0.11591,0.017344,0.17774,0.10874,0.01504,253,251,249,214,209,203,169,167,167,255,255,255,184,162,145,100,100,101,0.56386,0.55695,0.55332
1,5.3191e+05,-1.464,15.72,195,800,-1.4657,15.535,186.83,744.91,0.2336,0.12788,0.022848,0.1979,0.12407,0.019136,0.18267,0.11971,0.017152,248,248,248,204,200,199,170,169,170,255,255,255,198,169,146,111,107,105,0.54591,0.55356,0.55566
1,5.3201e+05,-1.464,15.8,195,800,-1.4721,15.636,185.67,705.27,0.26813,0.12066,0.024832,0.25105,0.11561,0.021888,0.23507,0.11013,0.019584,245,246,245,195,191,188,168,171,175,255,255,255,120,128,133,118,120,129,0.56441,0.56089,0.5635
1,5.3211e+05,-1.464,15.88,195,800,-1.47,15.719,186.75,736.72,0.26639,0.12783,0.026048,0.25118,0.12041,0.023104,0.23983,0.11171,0.020736,252,248,246,180,182,189,176,176,176,255,255,255,111,117,130,185,191,185,0.56426,0.5701,0.5712
1,5.3221e+05,-1.464,15.96,195,800,-1.4986,15.804,185.49,1023,0.27445,0.13434,0.028288,0.2509,0.12936,0.025408,0.24103,0.12107,0.022464,248,249,248,182,189,193,172,174,176,255,255,255,128,137,140,255,232,213,0.57303,0.57778,0.56809
1,5.3528e+05,-1.557,16,195,800,-1.5771,15.784,0.25058,568.03,0,0,0,0,0,0,0,0,0,245,246,247,206,194,191,177,184,184,255,255,255,158,147,143,248,244,226,0.51835,0.5281,0.52906
1,5.3538e+05,-1.557,15.92,195,800,-1.5623,15.699,185.07,803.14,0.267,0.11875,0.020864,0.21014,0.11466,0.01728,0.19236,0.10789,0.015168,242,245,245,149,166,183,186,183,181,255,255,255,114,119,128,182,182,177,0.58439,0.58493,0.58127
1,5.3548e+05,-1.557,15.84,195,800,-1.5443,15.613,186.77,822.17,0.28833,0.12398,0.026688,0.27798,0.11285,0.02304,0.26532,0.10823,0.020352,244,244,244,174,175,183,171,176,180,255,255,255,115,118,126,128,138,151,0.56891,0.56786,0.56522
1,5.3558e+05,-1.557,15.76,195,800,-1.5623,15.541,186.85,940.16,0.27335,0.12731,0.026688,0.25573,0.11745,0.02304,0.24298,0.11222,0.0208,245,245,246,195,198,198,181,179,178,255,255,255,142,142,141,103,107,111,0.55895,0.55846,0.56007
1,5.3568e+05,-1.557,15.68,195,800,-1.5761,15.485,186.79,756.71,0.31855,0.12594,0.025024,0.2287,0.11967,0.020352,0.21273,0.11303,0.017984,249,248,247,195,199,203,186,184,179,255,255,255,155,152,147,102,103,105,0.55001,0.5548,0.55567
1,5.3578e+05,-1.557,15.6,195,800,-1.5602,15.392,186.29,826.98,0.32418,0.12982,0.031488,0.29229,0.12179,0.026816,0.26383,0.11706,0.023296,251,250,247,203,202,203,180,179,179,255,255,255,152,152,148,97,99,103,0.54004,0.54996,0.55071
1,5.3588e+05,-1.557,15.52,195,800,-1.5665,15.317,187.29,801.61,0.37147,0.12464,0.032384,0.31166,0.11405,0.02656,0.28215,0.10898,0.022592,239,243,245,186,199,206,180,179,178,253,250,248,125,134,131,108,110,109,0.55267,0.54979,0.55012
1,5.3598e+05,-1.557,15.44,195,800,-1.5644,15.242,187.99,739.03,0.35347,0.13705,0.035648,0.30111,0.13193,0.029824,0.27354,0.12735,0.02592,244,242,243,202,201,205,190,182,178,242,241,237,122,122,122,121,114,111,0.55432,0.54612,0.54666
1,5.3608e+05,-1.557,15.36,195,800,-1.5623,15.164,187.68,1062.4,0.31341,0.12884,0.028544,0.23241,0.12519,0.022016,0.20852,0.12149,0.0192,246,246,246,201,204,206,171,175,179,197,200,201,99,98,97,107,108,111,0.54669,0.54341,0.54494
1,5.3618e+05,-1.557,15.28,195,800,-1.557,15.075,187.44,953.71,0.37439,0.12903,0.035072,0.32704,0.12013,0.029376,0.30442,0.11394,0.026368,249,249,249,197,203,207,169,175,180,171,175,180,79,81,85,106,107,110,0.54079,0.5409,0.54404
1,5.3628e+05,-1.557,15.2,195,800,-1.5697,15.012,186.95,657.86,0.33062,0.12697,0.031808,0.29734,0.11914,0.026624,0.26438,0.1095,0.0224,253,253,251,220,212,207,186,181,178,139,141,144,62,62,64,121,116,112,0.52786,0.53537,0.53988
1,5.3638e+05,-1.557,15.12,195,800,-1.5464,14.914,187.28,782.78,0.33345,0.13652,0.03456,0.3026,0.1273,0.02976,0.27425,0.12367,0.026304,252,252,251,206,208,208,160,168,176,121,123,125,53,54,57,115,115,114,0.53472,0.53537,0.53752
1,5.3648e+05,-1.557,15.04,195,800,-1.5581,14.838,187.26,841.43,0.32895,0.12993,0.030656,0.27666,0.12345,0.025856,0.25397,0.11904,0.022208,253,252,251,203,207,209,167,170,175,117,119,120,51,55,59,111,113,116,0.52781,0.53224,0.53503
1,5.3658e+05,-1.557,14.96,195,800,-1.5655,14.769,186.79,1081.5,0.37828,0.12129,0.032128,0.31796,0.11232,0.025152,0.2632,0.11168,0.021056,249,249,248,213,209,204,186,181,176,116,116,117,76,71,67,123,124,125,0.54154,0.53714,0.5361
1,5.3668e+05,-1.557,14.88,195,800,-1.5793,14.7,187.09,831.16,0.34394,0.12442,0.030272,0.28346,0.12198,0.025984,0.25629,0.1144,0.021824,245,245,245,203,202,201,175,177,179,116,117,119,83,76,70,130,130,128,0.53513,0.53719,0.53603
1,5.3678e+05,-1.557,14.8,195,800,-1.5782,14.63,187.1,795.34,0.33777,0.13822,0.035712,0.31321,0.12772,0.030784,0.29028,0.12228,0.0272,236,239,243,189,193,198,180,179,179,131,132,129,62,67,71,115,117,119,0.52273,0.52909,0.53404
1,5.3688e+05,-1.557,14.72,195,800,-1.5697,14.539,187.77,773.7,0.30142,0.11997,0.025728,0.26595,0.1138,0.021888,0.23435,0.11014,0.018944,249,247,246,213,207,201,180,178,178,156,141,131,66,66,66,90,93,98,0.53538,0.53521,0.53658
1,5.3698e+05,-1.557,14.64,195,800,-1.5612,14.464,186.84,865.26,0.27511,0.12522,0.025024,0.24549,0.11798,0.021632,0.22294,0.11525,0.019392,253,250,247,211,209,201,166,173,177,127,131,130,68,65,64,89,89,90,0.5418,0.5362,0.5347
1,5.3708e+05,-1.557,14.56,195,800,-1.5612,14.377,186.98,1127.9,0.34923,0.13462,0.0352,0.31186,0.12697,0.0304,0.28532,0.12441,0.027136,242,245,246,192,197,197,175,172,172,125,124,126,57,60,66,81,82,82,0.53571,0.53812,0.53509
1,5.3718e+05,-1.557,14.48,195,800,-1.5432,14.286,188.08,1431.3,0.31976,0.12237,0.02816,0.25923,0.11488,0.022016,0.23001,0.1081,0.018752,241,241,242,197,193,191,169,171,172,132,130,128,60,62,67,76,77,79,0.52475,0.53098,0.53395
1,5.3728e+05,-1.557,14.4,195,800,-1.5708,14.235,186.32,829.44,0.33362,0.12105,0.029696,0.29523,0.1164,0.025216,0.26193,0.10942,0.021248,233,234,237,171,175,178,166,167,170,129,129,129,65,67,71,73,75,79,0.54184,0.54205,0.53896
1,5.3738e+05,-1.557,14.32,195,800,-1.5708,14.161,188.46,589.9,0.32363,0.13563,0.031424,0.28931,0.12844,0.0272,0.26272,0.12146,0.02368,231,233,236,161,167,173,167,168,169,120,121,124,67,67,68,81,83,85,0.5196,0.5321,0.53579
1,5.3748e+05,-1.557,14.24,195,800,-1.5697,14.063,188.01,1033.3,0.30236,0.12696,0.027584,0.27068,0.11647,0.022592,0.23467,0.11458,0.019648,237,236,237,179,177,175,172,169,167,120,119,120,65,65,65,87,88,87,0.53552,0.53762,0.53585
1,5.3758e+05,-1.557,14.16,195,800,-1.5718,13.991,186.98,1113.1,0.30851,0.13097,0.029376,0.28173,0.12222,0.024832,0.25619,0.11669,0.0208,241,241,240,192,187,183,166,166,165,111,114,117,59,60,63,90,88,87,0.53914,0.53863,0.53631
1,5.3768e+05,-1.557,14.08,195,800,-1.5665,13.914,185.45,1130.6,0.31673,0.13532,0.031616,0.2838,0.12979,0.027456,0.26716,0.12133,0.024064,241,241,242,184,186,189,168,165,164,113,115,117,62,63,67,84,84,85,0.5416,0.53565,0.53375
1,5.3778e+05,-1.557,14,195,800,-1.5729,13.842,186.92,1035.5,0.43944,0.11809,0.033152,0.34113,0.11179,0.025792,0.27921,0.11055,0.021632,245,245,245,201,203,205,162,165,164,119,117,115,95,88,77,78,79,82,0.53677,0.53696,0.53444
1,5.3788e+05,-1.557,13.92,195,800,-1.5708,13.766,186.97,507.93,0.2944,0.13364,0.030144,0.26988,0.12946,0.026752,0.25333,0.12091,0.023488,248,248,247,229,225,217,165,161,158,106,109,111,92,83,74,81,81,81,0.54157,0.53443,0.53502
1,5.3798e+05,-1.557,13.84,195,800,-1.5634,13.675,187.43,648.84,0.32028,0.12869,0.030144,0.2669,0.12811,0.025664,0.23748,0.12131,0.02208,248,248,247,225,219,209,156,156,155,105,107,109,61,66,67,82,81,81,0.52309,0.53351,0.5344
1,5.3808e+05,-1.557,13.76,195,800,-1.5676,13.598,185.93,789.22,0.34333,0.12691,0.027712,0.24271,0.12245,0.02112,0.19685,0.12073,0.01792,247,245,243,166,167,171,148,151,155,106,107,109,49,51,54,78,79,80,0.53763,0.53374,0.53434
1,5.3818e+05,-1.557,13.68,195,800,-1.5708,13.521,187.22,790.79,0.32646,0.12691,0.030016,0.27552,0.12082,0.024448,0.24076,0.1163,0.020544,241,240,239,135,141,152,154,157,160,103,107,111,50,52,55,79,79,79,0.52869,0.53525,0.53353
1,5.3828e+05,-1.557,13.6,195,800,-1.5644,13.438,186.4,1019.9,0.31118,0.1309,0.029312,0.27529,0.12162,0.024576,0.24407,0.11791,0.021312,230,232,235,132,138,147,173,173,172,118,116,114,60,60,60,76,76,76,0.53425,0.53626,0.53582
1,5.3838e+05,-1.557,13.52,195,800,-1.5655,13.351,186.56,1056,0.30367,0.13742,0.030336,0.27712,0.12217,0.025344,0.25417,0.1165,0.022144,243,241,239,189,184,175,176,176,177,118,118,117,68,66,63,69,71,73,0.53294,0.53477,0.5329
1,5.3848e+05,-1.557,13.44,195,800,-1.5708,13.285,185.82,770.1,0.30861,0.12091,0.027264,0.26856,0.11532,0.02272,0.23316,0.10945,0.019328,245,245,243,212,200,186,176,176,175,115,116,117,70,65,61,70,71,72,0.51181,0.52652,0.53043
1,5.3858e+05,-1.557,13.36,195,800,-1.5687,13.201,187.13,649.34,0.31462,0.12572,0.029056,0.27199,0.11865,0.024704,0.24854,0.11404,0.021504,247,247,246,196,196,193,169,171,171,114,115,116,51,53,53,69,70,71,0.51903,0.52569,0.53143
1,5.3868e+05,-1.557,13.28,195,800,-1.5655,13.113,186.09,782.99,0.40374,0.11802,0.028672,0.23127,0.11755,0.020352,0.20672,0.11484,0.01792,249,247,245,188,190,191,167,170,170,113,114,115,46,48,49,69,70,72,0.53934,0.53438,0.53184
1,5.3878e+05,-1.557,13.2,195,800,-1.557,13.039,187.07,852.11,0.32478,0.12511,0.029376,0.28567,0.11716,0.024896,0.24961,0.11411,0.021184,243,243,243,184,184,183,175,173,172,112,113,113,45,46,47,73,74,76,0.53987,0.53656,0.53536
1,5.3888e+05,-1.557,13.12,195,800,-1.5634,12.943,186.35,1025.9,0.24064,0.11168,0.019968,0.20804,0.10898,0.016704,0.18656,0.10655,0.014528,242,245,245,178,182,185,178,177,176,108,110,112,52,52,51,81,82,82,0.51906,0.53179,0.53602
1,5.3898e+05,-1.557,13.04,195,800,-1.5687,12.877,185.94,912.58,0.21415,0.12449,0.019904,0.19823,0.11709,0.017344,0.18076,0.11105,0.015424,248,247,247,198,192,190,181,179,177,106,109,110,62,58,53,87,86,85,0.53286,0.5377,0.53758
1,5.3908e+05,-1.557,12.96,195,800,-1.5729,12.812,184.2,800.89,0.28991,0.12089,0.0256,0.26416,0.11125,0.021568,0.22717,0.11022,0.019072,249,249,250,221,220,213,175,177,177,105,105,107,68,61,55,87,87,88,0.53582,0.53318,0.53372
1,5.3918e+05,-1.557,12.88,195,800,-1.5655,12.715,185.79,538.31,0.28898,0.12066,0.024,0.23654,0.11669,0.019648,0.19879,0.1118,0.016448,248,250,251,241,232,220,172,175,177,101,103,105,57,56,55,86,87,88,0.54334,0.53599,0.53359
1,5.3928e+05,-1.557,12.8,195,800,-1.5697,12.657,185.64,720.6,0.29667,0.11913,0.025664,0.25143,0.1156,0.021632,0.22688,0.1114,0.018688,255,252,250,225,222,218,176,176,176,102,104,105,60,65,64,91,90,88,0.53513,0.53377,0.53317
1,5.3938e+05,-1.557,12.72,195,800,-1.5527,12.558,187.2,895.13,0.29584,0.12515,0.027072,0.2604,0.12189,0.023616,0.23538,0.11721,0.0208,244,246,248,190,197,205,175,176,176,109,108,107,99,87,70,88,87,86,0.54053,0.53657,0.5353
1,5.3948e+05,-1.557,12.64,195,800,-1.5581,12.49,186.34,749.49,0.28324,0.13349,0.028224,0.25503,0.12527,0.024384,0.23701,0.12007,0.021888,239,244,247,199,199,202,170,174,176,105,107,109,83,79,70,82,84,86,0.52037,0.52997,0.53487
1,5.3958e+05,-1.557,12.56,195,800,-1.5665,12.406,185.59,967.13,0.31003,0.12864,0.02944,0.26412,0.12228,0.024064,0.22133,0.11996,0.020224,249,248,247,203,206,205,173,175,177,117,115,113,60,59,59,92,91,88,0.53752,0.53404,0.53529
1,5.3968e+05,-1.557,12.48,195,800,-1.575,12.328,187.46,844.94,0.28936,0.12645,0.026048,0.24694,0.11781,0.021632,0.22181,0.11569,0.0192,249,249,247,210,208,207,184,181,177,123,120,117,56,55,55,98,94,89,0.52914,0.53798,0.53739
1,5.3978e+05,-1.557,12.4,195,800,-1.5814,12.253,185.66,621.36,0.22713,0.12197,0.020096,0.19855,0.11832,0.017408,0.1834,0.11191,0.015488,246,247,248,197,204,211,183,180,175,124,125,124,49,50,52,86,86,86,0.53568,0.53258,0.53261
1,5.3988e+05,-1.557,12.32,195,800,-1.5665,12.184,187.78,521.12,0.30648,0.12174,0.027776,0.27416,0.11583,0.023552,0.23863,0.11411,0.02048,247,248,249,218,216,217,166,168,171,132,130,129,52,53,54,75,76,79,0.53893,0.53822,0.53581
1,5.3998e+05,-1.557,12.24,195,800,-1.5591,12.087,188.22,624.72,0.25548,0.12863,0.024384,0.22356,0.11905,0.019904,0.19827,0.11702,0.0176,249,250,251,222,221,218,166,169,171,129,131,132,56,57,56,75,76,77,0.53762,0.53658,0.5373
1,5.4008e+05,-1.557,12.16,195,800,-1.5602,12.014,186.85,655.58,0.27807,0.12637,0.026048,0.24797,0.11977,0.022336,0.2245,0.11616,0.019648,254,251,250,212,214,216,182,179,176,137,136,137,59,60,60,80,79,79,0.55628,0.5457,0.54185
1,5.4018e+05,-1.557,12.08,195,800,-1.5634,11.929,187.63,939.45,0.20395,0.12642,0.019648,0.17753,0.12326,0.01696,0.16612,0.11917,0.015296,249,248,248,215,212,213,182,181,178,139,141,143,59,62,65,81,80,80,0.52944,0.54217,0.5419
1,5.4028e+05,-1.557,12,195,800,-1.5676,11.852,186.71,764.33,0.34063,0.12277,0.029312,0.30588,0.11432,0.024832,0.26939,0.11147,0.020864,243,243,244,214,216,215,176,175,175,158,157,153,89,80,71,81,83,84,0.54222,0.54395,0.54424
1,5.4038e+05,-1.557,11.92,195,800,-1.5665,11.785,187.92,661.69,0.2497,0.12873,0.02464,0.22358,0.12593,0.021568,0.2074,0.11899,0.019008,242,243,244,230,225,221,167,168,170,159,161,160,77,77,76,94,90,87,0.53385,0.53932,0.54302
1,5.4048e+05,-1.557,11.84,195,800,-1.5835,11.718,187.23,484.37,0.23912,0.13334,0.024,0.21926,0.12501,0.020672,0.19888,0.11961,0.01824,242,243,245,229,228,222,165,166,168,159,160,159,69,74,76,98,92,88,0.55655,0.55009,0.54775
1,5.4058e+05,-1.557,11.76,195,800,-1.5665,11.624,187,1019.2,0.28092,0.1247,0.025984,0.24648,0.119,0.02176,0.21552,0.1172,0.018752,243,247,248,225,222,220,168,169,169,155,157,156,76,78,78,88,90,92,0.54557,0.54507,0.54641
1,5.4068e+05,-1.557,11.68,195,800,-1.5782,11.543,187.63,859.38,0.26767,0.12435,0.024448,0.23292,0.11629,0.02016,0.19888,0.11597,0.01728,249,249,249,213,217,221,178,172,170,151,153,155,80,80,82,94,93,96,0.54023,0.54608,0.54628
1,5.4078e+05,-1.557,11.6,195,800,-1.5697,11.455,186.35,753.58,0.26458,0.11957,0.023552,0.23675,0.11344,0.020096,0.21526,0.10782,0.017536,251,251,251,234,228,222,177,174,172,148,148,147,84,82,81,111,111,115,0.53938,0.54788,0.54819
1,5.4088e+05,-1.557,11.52,195,800,-1.5602,11.369,185.07,989.11,0.31051,0.15571,0.033088,0.2853,0.14601,0.028096,0.2627,0.14123,0.025088,254,253,252,223,225,221,175,174,172,130,134,137,74,74,74,139,144,151,0.57099,0.55548,0.55304
1,5.4098e+05,-1.557,11.44,195,800,-1.5687,11.3,185.69,1075.5,0.26193,0.12316,0.023872,0.22701,0.11799,0.019712,0.20152,0.11528,0.017344,255,254,253,218,218,215,181,174,173,125,128,133,66,67,69,164,169,176,0.55138,0.55282,0.55242
1,5.4108e+05,-1.557,11.36,195,800,-1.5782,11.22,185.59,1083.7,0.26965,0.12656,0.024064,0.24887,0.12205,0.020608,0.22574,0.11472,0.017216,254,253,253,199,198,201,178,178,175,130,131,133,65,68,71,225,226,222,0.55063,0.54958,0.55367
1,5.4118e+05,-1.557,11.28,195,800,-1.5835,11.135,186.75,741.14,0.2881,0.13056,0.027456,0.25921,0.12274,0.023808,0.24424,0.11925,0.02144,253,252,252,187,191,200,183,179,174,137,137,137,86,80,76,249,245,238,0.5599,0.56209,0.55916
1,5.4128e+05,-1.557,11.2,195,800,-1.5612,11.06,186.05,905.49,0.23462,0.13858,0.024576,0.21892,0.12938,0.021696,0.20634,0.12311,0.019456,253,253,253,215,209,205,178,174,171,152,155,161,106,95,89,249,246,241,0.56563,0.56836,0.56699
1,5.4138e+05,-1.557,11.12,195,800,-1.5591,10.987,186.01,1272.1,0.28179,0.12974,0.025152,0.2335,0.12026,0.02016,0.19545,0.11673,0.017344,255,255,254,221,214,206,165,167,169,220,212,203,98,105,117,217,221,220,0.59117,0.58159,0.57782
1,5.4148e+05,-1.557,11.04,195,800,-1.5761,10.935,185.84,974.46,0.26509,0.12842,0.026048,0.24125,0.12031,0.022272,0.22437,0.11391,0.019584,255,255,254,202,200,202,170,171,171,250,239,223,123,128,133,209,205,207,0.58835,0.56829,0.55941
1,5.4455e+05,-1.65,11,195,800,-1.6535,10.918,-0.75247,634.45,0,0,0,0,0,0,0,0,0,255,255,254,178,186,191,168,169,170,239,237,232,185,171,162,207,212,209,0.50738,0.50713,0.51489
1,5.4465e+05,-1.65,11.08,195,800,-1.6493,10.98,184.87,742.75,0.20009,0.11668,0.016064,0.15842,0.11145,0.013632,0.14141,0.10921,0.012224,254,254,253,215,210,203,167,167,169,197,196,195,97,107,120,254,243,230,0.58571,0.58586,0.58426
1,5.4475e+05,-1.65,11.16,195,800,-1.6567,11.065,186.86,701.67,0.1975,0.13472,0.020032,0.18308,0.12628,0.017408,0.16492,0.12071,0.01504,252,253,253,216,212,205,169,169,170,157,165,172,76,86,99,255,250,241,0.56002,0.56733,0.57017
1,5.4485e+05,-1.65,11.24,195,800,-1.6588,11.154,186.31,897.68,0.2898,0.12571,0.0256,0.2519,0.11598,0.020544,0.2071,0.11201,0.016768,250,251,252,183,191,199,174,173,172,130,133,139,78,79,79,249,248,241,0.56076,0.56172,0.56289
1,5.4495e+05,-1.65,11.32,195,800,-1.6376,11.183,187.03,657.57,0.30988,0.12937,0.029056,0.27778,0.1237,0.025088,0.25225,0.11494,0.021312,250,251,252,177,187,197,171,172,172,130,131,132,74,75,76,240,236,229,0.55681,0.55775,0.55737
1,5.4505e+05,-1.65,11.4,195,800,-1.6642,11.293,185.93,842.14,0.35561,0.11846,0.027008,0.25316,0.11529,0.020352,0.20973,0.11131,0.01696,253,252,253,215,208,204,165,168,171,129,129,132,65,68,76,195,192,191,0.54969,0.55148,0.55377
1,5.4515e+05,-1.65,11.48,195,800,-1.6663,11.366,185.08,570.56,0.23079,0.12189,0.021056,0.18715,0.12191,0.01728,0.16382,0.11436,0.014848,249,250,252,219,221,220,167,171,174,141,142,142,85,87,89,151,150,150,0.55738,0.55394,0.55212
1,5.4525e+05,-1.65,11.56,195,800,-1.6578,11.456,186.08,813.63,0.25823,0.13004,0.0256,0.23673,0.12532,0.022784,0.22505,0.1161,0.019776,246,249,251,222,222,221,174,175,176,158,152,148,99,99,96,132,133,134,0.54689,0.55014,0.54978
1,5.4535e+05,-1.65,11.64,195,800,-1.6546,11.521,186.67,785.33,0.29908,0.12547,0.027904,0.26866,0.11634,0.023424,0.24241,0.10855,0.01952,251,250,250,205,212,219,171,174,175,157,158,157,98,97,94,104,107,110,0.56131,0.55201,0.54912
1,5.4545e+05,-1.65,11.72,195,800,-1.6557,11.602,186.62,656.63,0.28787,0.1222,0.025728,0.26121,0.11633,0.022336,0.2404,0.10849,0.019008,250,250,249,199,208,217,165,170,174,153,156,158,80,85,87,96,99,102,0.54626,0.54572,0.54627
1,5.4555e+05,-1.65,11.8,195,800,-1.6578,11.689,186.17,943.77,0.23155,0.12937,0.022528,0.20524,0.12592,0.019456,0.18441,0.12233,0.017216,250,249,248,217,215,215,171,168,168,155,154,155,69,68,70,94,93,92,0.55118,0.54543,0.5459
1,5.4565e+05,-1.65,11.88,195,800,-1.6663,11.769,186.13,743.06,0.32191,0.12562,0.02816,0.28418,0.11659,0.022912,0.23432,0.11341,0.018368,247,248,247,216,219,220,165,168,170,147,148,151,60,63,65,90,91,90,0.53258,0.5453,0.54793
1,5.4575e+05,-1.65,11.96,195,800,-1.6642,11.844,185.5,947.51,0.30778,0.11861,0.026752,0.24779,0.11235,0.02112,0.20014,0.10919,0.017088,246,247,247,229,225,221,173,171,172,144,145,148,63,64,63,91,91,90,0.55138,0.5465,0.54598
1,5.4585e+05,-1.65,12.04,195,800,-1.6535,11.915,185.51,588.33,0.27671,0.11652,0.023616,0.24642,0.11144,0.020288,0.22477,0.10626,0.0176,247,248,248,226,225,221,180,180,177,142,141,141,59,60,61,86,87,87,0.5288,0.54056,0.54348
1,5.4595e+05,-1.65,12.12,195,800,-1.6588,12,186.05,693.93,0.32332,0.12379,0.029312,0.2904,0.12089,0.025344,0.26456,0.11519,0.022016,249,250,250,215,219,220,180,180,178,136,136,136,59,58,58,81,83,85,0.54849,0.54655,0.5421
1,5.4605e+05,-1.65,12.2,195,800,-1.6557,12.087,184.69,762.92,0.35965,0.12658,0.032448,0.30901,0.11935,0.02688,0.26626,0.11639,0.022976,254,253,252,219,220,222,171,173,173,126,126,128,56,55,54,81,80,80,0.54274,0.54232,0.54029
1,5.4615e+05,-1.65,12.28,195,800,-1.661,12.163,185.84,894.43,0.30268,0.12993,0.028608,0.26278,0.12429,0.024128,0.23499,0.11863,0.021376,254,251,250,242,233,224,165,166,168,119,120,121,53,52,52,77,79,79,0.53854,0.53854,0.53903
1,5.4625e+05,-1.65,12.36,195,800,-1.6514,12.233,186.44,940.05,0.31864,0.11883,0.027392,0.28122,0.11161,0.022208,0.24468,0.10928,0.018624,248,249,249,234,230,225,163,166,169,116,118,119,50,51,50,76,79,81,0.53389,0.53519,0.53442
1,5.4635e+05,-1.65,12.44,195,800,-1.6504,12.307,186.44,1034.9,0.31071,0.11668,0.025344,0.26399,0.10875,0.0208,0.23585,0.10624,0.018176,247,247,248,209,211,213,173,172,171,113,115,115,46,49,50,89,87,85,0.53448,0.53076,0.53224
1,5.4645e+05,-1.65,12.52,195,800,-1.6504,12.382,185.52,654.7,0.25034,0.12393,0.023808,0.22433,0.12032,0.020736,0.20531,0.11223,0.017728,248,248,248,197,203,208,171,172,172,113,113,112,52,50,50,91,89,86,0.52292,0.53465,0.53314
1,5.4655e+05,-1.65,12.6,195,800,-1.6535,12.466,185.38,936.84,0.31136,0.13195,0.030528,0.28509,0.12691,0.026944,0.25955,0.12309,0.023872,247,247,247,205,202,201,173,174,174,104,104,106,50,56,59,80,83,85,0.543,0.53548,0.53196
1,5.4665e+05,-1.65,12.68,195,800,-1.6642,12.564,185.84,843.24,0.26945,0.12891,0.024704,0.21481,0.12298,0.01984,0.19597,0.11867,0.01792,247,247,248,214,209,207,185,181,177,95,99,102,82,73,63,82,84,86,0.53713,0.53562,0.53531
1,5.4675e+05,-1.65,12.76,195,800,-1.6695,12.648,185.58,1118.9,0.26838,0.12561,0.023872,0.23958,0.11957,0.02048,0.21484,0.11227,0.0176,249,249,249,220,215,212,180,180,178,97,100,102,74,69,62,88,89,88,0.53417,0.53274,0.53383
1,5.4685e+05,-1.65,12.84,195,800,-1.6567,12.695,186.4,807.53,0.29681,0.12643,0.027136,0.26415,0.12417,0.022912,0.24251,0.11899,0.019904,252,252,251,223,222,216,175,174,175,104,103,102,44,48,53,93,92,92,0.54047,0.53537,0.53329
1,5.4695e+05,-1.65,12.92,195,800,-1.6525,12.796,186.37,702.59,0.24484,0.14996,0.025344,0.21876,0.13959,0.021888,0.20245,0.13033,0.019008,250,251,252,214,215,213,172,173,175,102,102,103,44,46,50,93,93,92,0.52702,0.53231,0.5336
1,5.4705e+05,-1.65,13,195,800,-1.6578,12.865,185.97,960.46,0.33026,0.12733,0.030912,0.29826,0.12029,0.02624,0.26311,0.11619,0.022592,251,251,249,195,196,197,177,176,176,104,105,105,48,50,50,93,93,91,0.54253,0.54013,0.53723
1,5.4715e+05,-1.65,13.08,195,800,-1.662,12.94,185.57,589.07,0.27946,0.12101,0.02528,0.25187,0.11593,0.021952,0.23261,0.11062,0.019136,246,245,245,179,184,187,174,175,176,111,110,109,48,48,49,84,84,84,0.53705,0.53814,0.53586
1,5.4725e+05,-1.65,13.16,195,800,-1.6652,13.036,185.66,1030.5,0.29252,0.1232,0.026368,0.25041,0.11767,0.021952,0.22711,0.11121,0.019008,241,242,243,183,184,185,170,173,175,112,112,112,46,47,48,78,79,80,0.54798,0.54228,0.53539
1,5.4735e+05,-1.65,13.24,195,800,-1.6514,13.092,187.12,1131.8,0.28029,0.1272,0.025664,0.2504,0.11748,0.021632,0.22689,0.11487,0.01888,239,240,241,182,182,183,173,171,171,114,115,115,48,47,47,71,72,74,0.54762,0.53413,0.53359
1,5.4745e+05,-1.65,13.32,195,800,-1.644,13.177,186.06,856.05,0.30031,0.11948,0.026752,0.26223,0.11548,0.022656,0.23527,0.10737,0.019328,238,239,241,173,179,185,170,171,171,114,116,117,50,49,49,71,71,73,0.53823,0.53719,0.53254
1,5.4755e+05,-1.65,13.4,195,800,-1.6599,13.265,185.98,876.92,0.29669,0.11568,0.024384,0.25468,0.11461,0.021056,0.22692,0.10704,0.017984,246,244,242,191,189,186,175,174,173,117,116,117,53,54,55,73,73,73,0.54492,0.53339,0.53434
1,5.4765e+05,-1.65,13.48,195,800,-1.6546,13.322,186.09,670.41,0.27406,0.11217,0.023232,0.25455,0.10548,0.019648,0.22555,0.099268,0.016896,245,241,238,186,181,174,180,180,178,115,116,117,65,64,62,73,74,75,0.53475,0.53677,0.53542
1,5.4775e+05,-1.65,13.56,195,800,-1.6504,13.408,186.57,690.13,0.29208,0.12757,0.027072,0.24894,0.12278,0.022272,0.20848,0.11847,0.018432,232,234,235,167,164,162,187,182,177,116,117,117,71,66,62,75,75,76,0.52269,0.52806,0.53057
1,5.4785e+05,-1.65,13.64,195,800,-1.6705,13.499,185.15,1009,0.26063,0.13376,0.026752,0.24436,0.12755,0.024128,0.23172,0.11973,0.021312,225,230,235,130,136,147,174,171,168,115,114,114,56,58,58,81,79,78,0.53636,0.52663,0.53015
1,5.4795e+05,-1.65,13.72,195,800,-1.6482,13.55,185.54,924.2,0.3053,0.12955,0.02912,0.28142,0.12182,0.025216,0.26418,0.11442,0.021888,237,237,238,131,142,158,160,161,162,112,112,113,52,54,56,82,80,78,0.53901,0.52995,0.53008
1,5.4805e+05,-1.65,13.8,195,800,-1.6567,13.65,185.97,953.83,0.26451,0.11901,0.021888,0.21688,0.11584,0.01824,0.19217,0.1151,0.016192,248,247,245,210,204,196,155,155,156,118,114,110,52,54,57,81,80,80,0.53738,0.5387,0.53398
1,5.4815e+05,-1.65,13.88,195,800,-1.661,13.732,186.02,529.14,0.24961,0.1285,0.02496,0.23272,0.1205,0.021504,0.21358,0.11666,0.019328,244,245,246,225,225,220,162,161,160,111,110,110,62,67,68,84,84,83,0.54674,0.53597,0.53329
1,5.4825e+05,-1.65,13.96,195,800,-1.6578,13.8,186.96,801.34,0.28389,0.12192,0.024512,0.24312,0.11495,0.020288,0.21067,0.11259,0.017536,244,244,244,214,214,215,165,164,162,108,110,111,78,76,72,87,86,84,0.5187,0.53129,0.53279
1,5.4835e+05,-1.65,14.04,195,800,-1.6504,13.898,187.25,931.9,0.24788,0.12703,0.023552,0.22833,0.12155,0.020416,0.20671,0.11566,0.018432,239,240,241,184,188,194,169,166,166,115,113,112,77,74,71,79,82,85,0.53116,0.53773,0.53685
1,5.4845e+05,-1.65,14.12,195,800,-1.661,13.962,186.67,919.35,0.31768,0.13442,0.031104,0.27181,0.12586,0.025344,0.23779,0.11933,0.021696,240,238,239,175,180,186,164,167,168,114,114,114,63,66,67,79,81,85,0.52462,0.52949,0.53207
1,5.4855e+05,-1.65,14.2,195,800,-1.6514,14.036,187.53,1063.9,0.3008,0.12503,0.027008,0.26396,0.12087,0.022208,0.22868,0.11415,0.019008,238,237,237,179,176,175,175,174,172,118,116,116,62,61,63,82,83,84,0.54878,0.53601,0.53467
1,5.4865e+05,-1.65,14.28,195,800,-1.662,14.123,186.48,993.45,0.31725,0.12068,0.028416,0.27919,0.11551,0.024448,0.25268,0.11087,0.020864,239,238,238,163,169,174,175,174,173,120,122,124,68,72,76,86,83,82,0.54471,0.54126,0.53992
1,5.4875e+05,-1.65,14.36,195,800,-1.6588,14.209,188.1,698.64,0.27887,0.12633,0.026688,0.25623,0.11713,0.023232,0.24012,0.11206,0.0208,241,239,239,170,174,178,171,172,173,130,130,129,81,84,85,84,81,80,0.54499,0.54017,0.53677
1,5.4885e+05,-1.65,14.44,195,800,-1.6514,14.282,186.79,777.98,0.32084,0.11958,0.026048,0.26462,0.11508,0.021312,0.22364,0.11237,0.018368,242,243,242,207,198,188,173,173,174,152,143,134,105,99,90,77,77,79,0.51989,0.53047,0.53401
1,5.4895e+05,-1.65,14.52,195,800,-1.6578,14.37,186.31,727.98,0.29859,0.12331,0.027136,0.27241,0.11669,0.023808,0.25888,0.11037,0.021184,246,245,245,205,197,191,177,176,175,144,138,133,92,88,85,79,79,80,0.53997,0.53799,0.53481
1,5.4905e+05,-1.65,14.6,195,800,-1.6652,14.454,187.1,928.81,0.29621,0.12115,0.02688,0.26689,0.11464,0.023104,0.24571,0.11049,0.020608,254,251,248,182,187,193,181,179,178,123,126,132,60,65,70,89,87,86,0.53588,0.53385,0.53368
1,5.4915e+05,-1.65,14.68,195,800,-1.661,14.53,186.75,686.15,0.25546,0.12667,0.024064,0.2268,0.12142,0.0208,0.2062,0.11613,0.018496,250,250,248,193,192,194,190,186,183,139,136,133,73,68,65,94,94,94,0.52872,0.53409,0.53428
1,5.4925e+05,-1.65,14.76,195,800,-1.662,14.614,186.74,1133.5,0.28332,0.12541,0.026688,0.24842,0.11779,0.022272,0.22449,0.11368,0.019456,248,247,247,188,192,197,193,188,184,134,137,133,66,66,66,101,99,99,0.54618,0.53572,0.53607
1,5.4935e+05,-1.65,14.84,195,800,-1.6642,14.695,186.32,1118.1,0.26493,0.13016,0.02496,0.2239,0.12182,0.021056,0.20469,0.12007,0.0192,245,246,246,203,202,202,183,185,186,122,122,124,63,65,66,111,109,108,0.52861,0.53521,0.53508
1,5.4945e+05,-1.65,14.92,195,800,-1.662,14.757,187.03,823.14,0.31789,0.12499,0.028288,0.25502,0.11773,0.022592,0.22473,0.11567,0.019712,250,248,248,214,209,204,186,187,186,112,116,119,71,67,64,115,112,111,0.53345,0.53531,0.53617
1,5.4955e+05,-1.65,15,195,800,-1.6652,14.859,184.55,752.14,0.30159,0.12969,0.027776,0.26377,0.12391,0.023296,0.22298,0.11747,0.01952,252,252,251,210,208,207,193,188,182,117,116,118,59,60,59,108,109,110,0.54096,0.5369,0.53498
1,5.4965e+05,-1.65,15.08,195,800,-1.6451,14.917,184.84,840.54,0.27226,0.12243,0.024256,0.24096,0.11513,0.020544,0.22199,0.11102,0.01792,249,251,251,207,205,204,174,178,181,127,128,130,50,51,54,104,106,107,0.53642,0.53406,0.53636
1,5.4975e+05,-1.65,15.16,195,800,-1.662,15.007,185.99,940.05,0.1928,0.13122,0.019328,0.16618,0.12736,0.016896,0.15801,0.12271,0.015424,249,250,251,195,200,203,183,182,179,137,137,139,52,53,55,106,107,106,0.54068,0.53975,0.54043
1,5.4985e+05,-1.65,15.24,195,800,-1.6525,15.084,186.49,627.33,0.26826,0.13376,0.025792,0.23717,0.12678,0.022016,0.21391,0.11769,0.01856,252,250,249,196,197,201,183,182,178,164,164,168,62,66,71,102,106,108,0.52987,0.54044,0.54292
1,5.4995e+05,-1.65,15.32,195,800,-1.6705,15.184,186.5,1124.8,0.26171,0.15364,0.027392,0.24316,0.14366,0.023872,0.21174,0.14067,0.020608,243,247,248,202,203,203,172,176,179,182,185,188,77,79,82,107,108,110,0.54373,0.5409,0.54442
1,5.5005e+05,-1.65,15.4,195,800,-1.6684,15.254,185.58,835.01,0.24937,0.15852,0.028672,0.22961,0.15344,0.025152,0.20388,0.14465,0.021888,244,243,243,231,218,210,188,183,179,244,235,227,107,108,110,122,124,118,0.54187,0.54158,0.54435
1,5.5015e+05,-1.65,15.48,195,800,-1.6546,15.317,187.07,911.25,0.29376,0.13767,0.029696,0.27017,0.12492,0.02464,0.2382,0.12345,0.021504,233,237,243,200,208,211,184,184,183,255,254,251,138,137,134,132,126,116,0.55383,0.5476,0.54741
1,5.5025e+05,-1.65,15.56,195,800,-1.661,15.399,187.17,603.31,0.28413,0.11942,0.025088,0.2477,0.11226,0.020096,0.19946,0.10693,0.01664,237,239,243,194,203,208,184,185,184,255,255,254,153,147,141,113,114,113,0.56113,0.55574,0.55287
1,5.5035e+05,-1.65,15.64,195,800,-1.6652,15.466,187.82,683.75,0.24234,0.12775,0.02304,0.20464,0.11979,0.019072,0.18975,0.11716,0.017472,250,248,245,198,204,206,191,190,186,255,255,255,150,149,146,99,102,105,0.55686,0.55396,0.55276
1,5.5045e+05,-1.65,15.72,195,800,-1.6588,15.537,186.73,997.04,0.27622,0.11838,0.023488,0.2357,0.11614,0.020032,0.20182,0.11213,0.017088,247,245,245,209,211,206,187,189,186,255,255,255,145,144,141,108,106,106,0.55576,0.55584,0.55594
1,5.5055e+05,-1.65,15.8,195,800,-1.6482,15.628,186.82,944.54,0.25936,0.12997,0.025664,0.23019,0.12399,0.022016,0.21444,0.11637,0.019392,234,239,242,215,202,191,181,182,186,255,255,255,124,131,137,114,114,118,0.56468,0.56141,0.56101
1,5.5065e+05,-1.65,15.88,195,800,-1.6535,15.714,186.73,855.11,0.28329,0.12463,0.026432,0.25225,0.11776,0.022464,0.23232,0.11253,0.019904,243,241,242,151,167,184,190,192,188,255,255,255,133,134,139,140,150,159,0.56226,0.56661,0.57072
1,5.5075e+05,-1.65,15.96,195,800,-1.662,15.793,187.68,673.5,0.28161,0.12779,0.027072,0.2528,0.12508,0.024,0.2356,0.11823,0.021504,237,242,243,169,178,185,208,196,190,255,255,255,133,139,143,181,185,181,0.58118,0.57919,0.5713
1,5.5382e+05,-1.743,16,195,800,-1.7575,15.778,0.45914,978.74,0,0,0,0,0,0,0,0,0,243,245,244,208,200,192,190,193,194,255,255,255,149,162,157,206,182,170,0.53822,0.536,0.53235
1,5.5392e+05,-1.743,15.92,195,800,-1.7554,15.713,186.63,825.6,0.16947,0.11391,0.013888,0.14408,0.11187,0.012224,0.13065,0.11114,0.011392,244,244,243,178,185,189,195,195,194,255,255,255,180,171,155,118,125,136,0.5784,0.57687,0.57746
1,5.5402e+05,-1.743,15.84,195,800,-1.7618,15.64,186.87,1053.7,0.21312,0.12437,0.020544,0.19534,0.11708,0.017984,0.1744,0.11391,0.015616,241,241,242,182,187,193,196,193,194,255,255,255,154,154,153,107,112,121,0.56007,0.56484,0.56585
1,5.5412e+05,-1.743,15.76,195,800,-1.7649,15.571,187.13,767.72,0.28289,0.12548,0.02656,0.26341,0.11699,0.022784,0.24845,0.10931,0.020288,241,242,244,208,207,203,191,192,190,255,255,255,133,138,141,111,112,110,0.56924,0.56148,0.55918
1,5.5422e+05,-1.743,15.68,195,800,-1.7607,15.482,186.76,683.39,0.20306,0.11713,0.01824,0.17688,0.10917,0.015104,0.16109,0.10657,0.013312,246,245,245,210,208,207,199,192,188,255,255,255,140,139,139,107,109,109,0.54936,0.55461,0.55479
1,5.5432e+05,-1.743,15.6,195,800,-1.749,15.411,187.97,606.2,0.28222,0.13188,0.027392,0.25955,0.12241,0.024128,0.23709,0.11829,0.021312,248,247,246,204,209,211,177,183,184,255,255,255,135,141,146,106,107,109,0.54867,0.55112,0.55165
1,5.5442e+05,-1.743,15.52,195,800,-1.7469,15.339,186.2,799.28,0.35726,0.12931,0.033984,0.32412,0.12221,0.029056,0.30384,0.11504,0.025024,235,242,245,246,231,216,181,180,179,255,255,253,149,143,138,121,117,114,0.53667,0.54594,0.54801
1,5.5452e+05,-1.743,15.44,195,800,-1.7405,15.242,187.07,896.49,0.27868,0.12789,0.026688,0.2486,0.12068,0.0224,0.23334,0.11162,0.019584,248,244,244,240,227,215,177,178,178,254,251,245,128,131,129,117,118,115,0.55741,0.54826,0.54714
1,5.5462e+05,-1.743,15.36,195,800,-1.7671,15.189,187.06,531.36,0.35868,0.13356,0.035776,0.31332,0.12222,0.028736,0.27588,0.11893,0.025088,252,250,247,190,200,207,170,173,176,215,216,215,105,98,96,117,112,111,0.55149,0.54646,0.5447
1,5.5472e+05,-1.743,15.28,195,800,-1.7427,15.092,186.69,1019.6,0.31242,0.13077,0.031296,0.28493,0.1212,0.0256,0.25312,0.11842,0.022656,253,250,248,196,196,199,169,173,176,190,193,196,85,83,81,109,107,107,0.55326,0.54343,0.54427
1,5.5482e+05,-1.743,15.2,195,800,-1.7437,15.015,187.37,833.31,0.29446,0.13829,0.030592,0.25568,0.12864,0.025344,0.22232,0.12663,0.021696,241,246,248,191,198,200,175,176,178,158,158,158,54,57,61,94,96,100,0.55824,0.54759,0.54313
1,5.5492e+05,-1.743,15.12,195,800,-1.7575,14.931,186.65,1049.2,0.30785,0.13847,0.032512,0.26651,0.13104,0.02688,0.23516,0.1239,0.022656,253,251,250,209,205,199,185,183,182,132,131,132,50,51,53,95,98,102,0.53387,0.53895,0.53882
1,5.5502e+05,-1.743,15.04,195,800,-1.7671,14.85,185.9,815.61,0.27012,0.12836,0.02592,0.21848,0.12592,0.02112,0.19459,0.12138,0.018304,254,252,250,193,198,201,186,186,183,121,122,124,51,52,53,103,104,104,0.53012,0.5323,0.53347
1,5.5512e+05,-1.743,14.96,195,800,-1.7607,14.811,185.22,387.56,0.28834,0.12356,0.026944,0.26011,0.11793,0.02304,0.23728,0.11455,0.020544,249,250,250,197,199,203,182,184,186,111,114,117,53,53,55,108,108,106,0.51903,0.5305,0.53442
1,5.5522e+05,-1.743,14.88,195,800,-1.7533,14.714,186.55,640.21,0.28664,0.12722,0.02752,0.25374,0.12432,0.024128,0.23572,0.11804,0.020864,250,249,249,219,208,203,184,186,187,115,117,120,51,55,58,101,103,105,0.54366,0.54086,0.53869
1,5.5532e+05,-1.743,14.8,195,800,-1.7522,14.61,186.35,666.94,0.28337,0.13244,0.02816,0.25233,0.12297,0.023616,0.22872,0.1192,0.020608,249,249,249,201,205,206,192,189,187,133,132,129,67,65,65,93,97,100,0.53008,0.53603,0.53566
1,5.5542e+05,-1.743,14.72,195,800,-1.7575,14.537,186.85,870.2,0.26325,0.12812,0.025152,0.22295,0.12081,0.020928,0.20227,0.11655,0.018048,249,249,249,197,197,196,180,184,184,140,136,133,68,67,66,96,94,94,0.52983,0.53823,0.53638
1,5.5552e+05,-1.743,14.64,195,800,-1.7607,14.477,186.29,809.26,0.32464,0.12809,0.027392,0.25314,0.11958,0.022016,0.21244,0.11559,0.018432,248,247,248,185,189,192,183,180,181,131,132,133,61,64,67,86,89,91,0.5367,0.53515,0.53562
1,5.5562e+05,-1.743,14.56,195,800,-1.766,14.396,186.79,806.86,0.28219,0.13932,0.030784,0.26204,0.13151,0.02656,0.24582,0.12697,0.024,246,246,247,179,183,187,179,178,177,127,129,132,69,81,86,82,83,85,0.52266,0.53106,0.53404
1,5.5572e+05,-1.743,14.48,195,800,-1.7628,14.309,185.78,933.41,0.34299,0.12324,0.03104,0.29009,0.11876,0.025728,0.25794,0.11409,0.02176,247,247,247,189,187,185,181,179,176,127,132,134,120,109,97,79,81,83,0.53032,0.53749,0.53704
1,5.5582e+05,-1.743,14.4,195,800,-1.7681,14.223,186.89,597.03,0.28458,0.13409,0.028096,0.26211,0.12495,0.024384,0.23885,0.12247,0.02176,248,246,244,188,186,184,175,174,174,133,133,132,141,126,105,77,80,82,0.53538,0.53621,0.53612
1,5.5592e+05,-1.743,14.32,195,800,-1.7522,14.149,185.79,1051.6,0.30079,0.13514,0.030336,0.27779,0.12934,0.026496,0.25818,0.12033,0.022848,240,241,240,174,175,178,178,176,175,119,123,125,78,81,83,84,84,83,0.51641,0.52495,0.53385
1,5.5602e+05,-1.743,14.24,195,800,-1.7628,14.07,186.01,778.02,0.26647,0.13105,0.025856,0.22706,0.1245,0.02144,0.20079,0.11971,0.01856,238,238,238,167,171,176,180,178,175,120,120,121,62,66,70,84,85,84,0.5416,0.54101,0.53818
1,5.5612e+05,-1.743,14.16,195,800,-1.748,13.982,185.99,1115.3,0.27833,0.1245,0.025344,0.2464,0.11791,0.02144,0.22126,0.11421,0.01856,232,235,237,172,175,181,175,172,171,114,114,115,57,60,62,92,90,87,0.53399,0.53446,0.53448
1,5.5622e+05,-1.743,14.08,195,800,-1.7628,13.908,186.69,763.04,0.31294,0.1299,0.03008,0.28232,0.12099,0.025664,0.2555,0.11568,0.022016,231,235,239,184,186,189,164,166,169,108,111,113,62,62,62,92,92,89,0.52251,0.53075,0.53391
1,5.5632e+05,-1.743,14,195,800,-1.7512,13.833,185.68,731.65,0.30348,0.12595,0.028928,0.26215,0.11984,0.023936,0.23371,0.11387,0.020352,245,244,244,215,216,212,163,164,164,110,110,111,62,62,61,103,95,88,0.52391,0.53009,0.53339
1,5.5642e+05,-1.743,13.92,195,800,-1.7607,13.765,185.57,630.4,0.30144,0.12511,0.027456,0.26502,0.1185,0.02336,0.23444,0.11595,0.020288,248,248,248,239,237,229,157,159,161,104,107,110,54,55,59,80,82,83,0.51904,0.52691,0.5309
1,5.5652e+05,-1.743,13.84,195,800,-1.749,13.681,186.9,721.81,0.25069,0.12653,0.024512,0.23364,0.1178,0.021248,0.21611,0.11285,0.018752,247,248,248,247,238,222,151,155,159,103,106,109,57,57,57,76,77,79,0.5235,0.52976,0.53043
1,5.5662e+05,-1.743,13.76,195,800,-1.749,13.58,186.59,1007.1,0.27882,0.12809,0.025664,0.23657,0.12451,0.021248,0.20488,0.12219,0.017728,247,244,241,183,183,183,154,156,160,108,109,111,60,59,58,73,75,76,0.52957,0.53437,0.53311
1,5.5672e+05,-1.743,13.68,195,800,-1.7586,13.516,186.11,944.84,0.23381,0.13377,0.024256,0.2168,0.12587,0.021056,0.19613,0.12168,0.018688,236,237,238,139,151,165,157,161,165,114,113,112,56,58,60,73,75,76,0.53636,0.53437,0.53404
1,5.5682e+05,-1.743,13.6,195,800,-1.7596,13.454,186.25,786.87,0.30738,0.12289,0.0272,0.262,0.12057,0.022784,0.23519,0.11654,0.019648,231,231,233,150,148,151,178,175,173,120,118,115,62,63,62,77,77,77,0.52904,0.52942,0.53034
1,5.5692e+05,-1.743,13.52,195,800,-1.7575,13.379,186.57,456.42,0.31231,0.13179,0.030784,0.27582,0.12414,0.025664,0.24412,0.11881,0.02208,237,236,235,164,169,170,174,176,176,117,117,117,58,59,60,79,78,78,0.52747,0.52858,0.53126
1,5.5702e+05,-1.743,13.44,195,800,-1.7628,13.289,186.78,845.83,0.28276,0.13322,0.028352,0.25583,0.12415,0.023616,0.2273,0.11984,0.020352,236,237,237,170,175,177,174,174,174,118,118,118,53,54,56,79,78,77,0.52672,0.53614,0.53719
1,5.5712e+05,-1.743,13.36,195,800,-1.7384,13.175,185.54,1218.6,0.29852,0.12348,0.02688,0.25425,0.12124,0.0224,0.22225,0.11468,0.01888,236,236,238,180,179,181,172,170,170,127,123,119,49,49,50,76,75,75,0.52133,0.52951,0.53127
1,5.5722e+05,-1.743,13.28,195,800,-1.7565,13.122,186.26,817.56,0.25081,0.1347,0.025728,0.23118,0.12977,0.022848,0.2112,0.12526,0.020352,235,237,239,176,178,182,165,167,169,128,123,118,47,48,49,74,74,75,0.55086,0.53795,0.53419
1,5.5732e+05,-1.743,13.2,195,800,-1.7649,13.079,185.77,753.1,0.27041,0.12755,0.026112,0.24222,0.12395,0.023168,0.22726,0.11752,0.020544,243,241,241,186,185,184,171,170,171,116,116,114,48,47,47,77,77,77,0.52126,0.52937,0.53098
1,5.5742e+05,-1.743,13.12,195,800,-1.7618,12.974,187.22,808.84,0.30465,0.12043,0.027008,0.25325,0.11748,0.022336,0.2228,0.1137,0.019072,241,243,246,191,186,185,182,179,176,110,109,109,48,47,46,88,86,84,0.5414,0.53725,0.53314
1,5.5752e+05,-1.743,13.04,195,800,-1.7628,12.888,186.56,773.17,0.27935,0.1279,0.026496,0.25169,0.12086,0.022528,0.22419,0.11688,0.019648,245,247,248,181,182,185,181,179,176,107,107,107,46,46,46,94,91,88,0.53635,0.5337,0.53397
1,5.5762e+05,-1.743,12.96,195,800,-1.7649,12.808,186.11,636.72,0.32645,0.12727,0.031552,0.30124,0.12105,0.02752,0.28778,0.11218,0.024384,254,252,250,185,187,191,172,173,175,103,104,105,41,42,43,98,95,91,0.53137,0.53618,0.53379
1,5.5772e+05,-1.743,12.88,195,800,-1.7596,12.715,186.57,882.61,0.29053,0.12458,0.026944,0.25203,0.12097,0.022912,0.23163,0.11242,0.019712,252,251,251,200,197,198,174,174,175,104,104,104,41,42,43,93,93,92,0.51548,0.53132,0.53228
1,5.5782e+05,-1.743,12.8,195,800,-1.7469,12.629,187.45,1272.7,0.28486,0.12987,0.028096,0.25851,0.12702,0.025024,0.23854,0.12134,0.02208,253,252,250,211,210,206,180,179,178,102,103,102,43,43,46,93,91,89,0.52887,0.52907,0.53067
1,5.5792e+05,-1.743,12.72,195,800,-1.7405,12.557,186.88,791.11,0.26829,0.13252,0.026432,0.24166,0.12874,0.022976,0.21567,0.12369,0.020096,248,249,249,196,202,203,178,178,177,104,102,101,42,43,47,85,85,86,0.54021,0.53428,0.53384
1,5.5802e+05,-1.743,12.64,195,800,-1.7405,12.468,186.5,962.8,0.28393,0.13052,0.027392,0.26035,0.12397,0.023872,0.24347,0.1205,0.021568,248,247,248,190,196,199,176,175,174,102,101,101,42,43,47,81,83,85,0.52521,0.53122,0.53334
1,5.5812e+05,-1.743,12.56,195,800,-1.7586,12.402,186.05,900.98,0.31653,0.12946,0.02912,0.25822,0.12371,0.02368,0.22577,0.1182,0.02048,248,249,249,189,196,203,165,168,169,102,103,104,44,44,45,83,83,83,0.53219,0.53149,0.53211
1,5.5822e+05,-1.743,12.48,195,800,-1.7628,12.333,186.87,1201.3,0.28196,0.12327,0.025152,0.24699,0.1195,0.02144,0.21962,0.11605,0.018816,253,251,249,209,210,210,165,166,167,105,105,106,45,45,45,80,81,82,0.5305,0.53642,0.53386
1,5.5832e+05,-1.743,12.4,195,800,-1.7586,12.259,185.5,441.26,0.25025,0.1284,0.023744,0.21738,0.12116,0.01984,0.19576,0.1184,0.017472,252,251,250,245,235,225,160,164,167,111,111,112,49,47,46,76,76,79,0.54039,0.53361,0.53448
1,5.5842e+05,-1.743,12.32,195,800,-1.748,12.176,186,962.99,0.28358,0.13234,0.023552,0.20954,0.12092,0.019008,0.19408,0.11528,0.017024,250,250,251,231,227,225,167,166,167,119,118,117,51,50,48,82,81,79,0.52723,0.5377,0.5389
1,5.5852e+05,-1.743,12.24,195,800,-1.7512,12.1,185.26,992.28,0.2394,0.13208,0.023808,0.21874,0.12479,0.020992,0.19972,0.12085,0.018752,252,252,251,222,221,221,167,167,168,119,120,121,49,49,49,85,82,80,0.53955,0.5418,0.5421
1,5.5862e+05,-1.743,12.16,195,800,-1.749,12.023,185.88,780.52,0.25496,0.13213,0.024448,0.21719,0.12674,0.020544,0.19375,0.12226,0.018048,254,252,250,218,216,216,169,171,172,126,128,130,47,49,50,79,84,85,0.53764,0.54075,0.54205
1,5.5872e+05,-1.743,12.08,195,800,-1.7522,11.952,185.43,696.56,0.25457,0.12648,0.023808,0.22278,0.12349,0.02048,0.19612,0.11946,0.017536,250,250,249,223,219,216,178,176,173,136,135,134,47,49,51,92,90,87,0.5449,0.54174,0.54242
1,5.5882e+05,-1.743,12,195,800,-1.7395,11.836,186.59,879.78,0.25123,0.12822,0.024128,0.22094,0.12105,0.020352,0.20032,0.1185,0.018304,246,246,247,222,220,217,177,175,173,140,142,143,49,50,53,105,96,88,0.53665,0.54557,0.54462
1,5.5892e+05,-1.743,11.92,195,800,-1.7649,11.774,186.81,1057.9,0.27843,0.12218,0.02496,0.24122,0.11797,0.021184,0.21984,0.11574,0.018432,250,248,248,204,208,212,164,167,170,146,149,151,53,53,56,78,82,85,0.52636,0.54368,0.54558
1,5.5902e+05,-1.743,11.84,195,800,-1.7596,11.705,187.05,702.28,0.26132,0.13216,0.025344,0.24332,0.126,0.022656,0.23005,0.12216,0.0208,252,250,248,201,204,210,169,169,169,153,154,155,56,57,59,80,82,85,0.53873,0.54458,0.54712
1,5.5912e+05,-1.743,11.76,195,800,-1.7607,11.61,187.59,1009.7,0.26004,0.13651,0.026048,0.22858,0.1335,0.022656,0.20389,0.12658,0.019648,251,250,249,216,213,212,171,173,173,163,164,164,68,73,77,92,96,97,0.55596,0.55268,0.54871
1,5.5922e+05,-1.743,11.68,195,800,-1.749,11.532,187.97,933.02,0.22803,0.12061,0.02048,0.20927,0.11272,0.017728,0.19473,0.1084,0.01568,250,250,250,221,219,217,175,176,176,172,168,166,92,90,90,113,108,105,0.5517,0.5449,0.54666
1,5.5932e+05,-1.743,11.6,195,800,-1.7607,11.474,187.23,644.31,0.23579,0.13217,0.022592,0.21428,0.12547,0.01984,0.1966,0.11911,0.017536,252,251,250,237,229,221,188,183,177,166,166,163,134,127,111,131,130,127,0.55302,0.54926,0.54755
1,5.5942e+05,-1.743,11.52,195,800,-1.7586,11.397,187.12,601.96,0.25335,0.14446,0.025728,0.2146,0.14186,0.021184,0.19216,0.1346,0.018304,253,253,252,213,216,217,175,174,174,150,149,148,118,114,105,148,148,150,0.54591,0.54963,0.54913
1,5.5952e+05,-1.743,11.44,195,800,-1.7384,11.278,187.28,932.65,0.27765,0.14458,0.027776,0.24221,0.13325,0.023488,0.22189,0.12536,0.020544,254,253,252,198,207,212,169,171,173,139,139,140,88,93,95,154,160,167,0.5585,0.55289,0.55344
1,5.5962e+05,-1.743,11.36,195,800,-1.7416,11.185,187.38,1031.4,0.28632,0.1341,0.028224,0.23283,0.12926,0.022464,0.2119,0.12327,0.019648,255,254,253,196,199,202,170,172,173,128,128,128,75,76,79,202,205,207,0.55319,0.55521,0.55493
1,5.5972e+05,-1.743,11.28,195,800,-1.7512,11.127,186.67,820.92,0.27567,0.13256,0.027456,0.21569,0.12643,0.020288,0.19029,0.12083,0.017856,255,254,253,199,199,202,172,173,173,127,126,128,75,76,76,230,229,226,0.56561,0.56178,0.56039
1,5.5982e+05,-1.743,11.2,195,800,-1.749,11.06,186.93,956.55,0.28497,0.13845,0.028224,0.25027,0.12816,0.022848,0.21194,0.12746,0.020224,251,253,253,203,206,204,165,168,170,132,136,143,69,75,84,254,250,244,0.57014,0.56642,0.56646
1,5.5992e+05,-1.743,11.12,195,800,-1.7448,10.973,186.76,793.66,0.22898,0.12888,0.021632,0.20855,0.11987,0.018688,0.198,0.11755,0.016896,253,253,253,200,201,199,165,166,167,180,181,182,112,121,130,224,227,229,0.582,0.57882,0.5787
1,5.6002e+05,-1.743,11.04,195,800,-1.7607,10.91,186.11,747.3,0.28466,0.13112,0.0272,0.24274,0.12312,0.022464,0.20575,0.11972,0.01888,254,253,252,188,190,192,166,168,167,217,209,201,176,170,159,198,209,218,0.57105,0.5679,0.56311
1,5.6309e+05,-1.836,11,195,800,-1.8382,10.908,-0.4777,652.33,0,0,0,0,0,0,0,0,0,249,250,250,161,172,182,170,168,169,213,210,207,234,210,188,201,200,204,0.55278,0.52818,0.51702
1,5.6319e+05,-1.836,11.08,195,800,-1.8498,10.997,186.66,789.91,0.19308,0.11356,0.01504,0.15233,0.11353,0.013568,0.14444,0.10945,0.012288,253,252,252,203,200,196,161,164,168,169,172,174,115,124,132,222,222,225,0.5818,0.58331,0.58301
1,5.6329e+05,-1.836,11.16,195,800,-1.8424,11.068,186.21,751.29,0.32393,0.11598,0.023552,0.24864,0.11283,0.019136,0.19759,0.10768,0.015616,254,253,253,225,211,202,163,166,171,147,149,154,88,94,103,241,239,236,0.56855,0.56876,0.57025
1,5.6339e+05,-1.836,11.24,195,800,-1.8328,11.144,186.67,759.59,0.26682,0.1223,0.023936,0.21578,0.11595,0.019328,0.1998,0.11491,0.017728,253,252,253,200,207,209,184,183,179,117,122,128,86,81,79,255,250,242,0.55134,0.55942,0.56098
1,5.6349e+05,-1.836,11.32,195,800,-1.8456,11.211,186.32,817.68,0.3467,0.13098,0.033536,0.31875,0.12343,0.028352,0.26957,0.11598,0.022976,250,251,253,206,209,210,195,188,181,117,120,125,88,82,78,245,237,231,0.54872,0.55563,0.55978
1,5.6359e+05,-1.836,11.4,195,800,-1.8318,11.275,185.79,499.34,0.30135,0.11671,0.025024,0.2572,0.10862,0.01952,0.21612,0.10419,0.015936,252,252,252,221,215,213,178,178,179,128,130,133,83,86,88,176,185,193,0.55508,0.55396,0.55442
1,5.6369e+05,-1.836,11.48,195,800,-1.853,11.375,186.98,898.03,0.27738,0.13614,0.027648,0.25326,0.12638,0.023744,0.23165,0.12157,0.020736,251,251,252,214,215,217,172,174,176,150,151,152,120,113,105,144,148,155,0.55141,0.55166,0.54997
1,5.6379e+05,-1.836,11.56,195,800,-1.8562,11.47,185.78,780.01,0.34872,0.12656,0.032384,0.29966,0.11748,0.026112,0.268,0.11169,0.022016,250,250,251,217,219,220,176,178,178,162,163,163,138,122,109,136,138,142,0.53884,0.54749,0.54824
1,5.6389e+05,-1.836,11.64,195,800,-1.8498,11.555,186.8,1267.4,0.28195,0.14256,0.02848,0.23727,0.13485,0.023104,0.2013,0.13113,0.019328,248,248,248,230,225,220,179,179,178,181,178,175,97,100,99,118,118,119,0.5569,0.55177,0.54927
1,5.6399e+05,-1.836,11.72,195,800,-1.8519,11.61,185.71,934.59,0.26989,0.17784,0.03168,0.26826,0.12538,0.025344,0.24449,0.11674,0.02176,245,246,247,227,220,215,173,176,177,177,177,175,81,82,87,104,106,107,0.54881,0.5477,0.54699
1,5.6409e+05,-1.836,11.8,195,800,-1.8328,11.671,186.69,677.36,0.31895,0.1305,0.030784,0.28422,0.12597,0.026368,0.26082,0.1198,0.02336,247,246,245,195,200,205,173,170,171,170,166,166,61,63,65,81,82,86,0.53657,0.53805,0.54413
1,5.6419e+05,-1.836,11.88,195,800,-1.8339,11.757,185.52,767.91,0.29712,0.12327,0.027328,0.26223,0.11839,0.02336,0.23847,0.11075,0.01984,244,244,245,213,208,205,163,166,170,159,155,154,51,53,56,72,74,78,0.54356,0.54431,0.54609
1,5.6429e+05,-1.836,11.96,195,800,-1.8318,11.81,185.93,954.48,0.27664,0.1269,0.025472,0.25356,0.11812,0.021696,0.22876,0.11522,0.01952,245,245,245,217,213,208,169,169,171,151,149,149,49,51,54,72,76,79,0.55313,0.54685,0.54453
1,5.6439e+05,-1.836,12.04,195,800,-1.8413,11.906,186.3,761.06,0.30044,0.12701,0.026944,0.23647,0.12612,0.022912,0.21456,0.12066,0.02016,246,247,247,205,208,210,170,171,171,144,141,139,54,53,52,82,84,82,0.53739,0.54513,0.54492
1,5.6449e+05,-1.836,12.12,195,800,-1.8445,12.006,186.84,1110.7,0.28331,0.13014,0.025984,0.21333,0.12688,0.020736,0.19822,0.12122,0.018752,248,248,248,201,205,209,165,168,171,138,135,134,51,51,51,85,84,83,0.53218,0.54112,0.54171
1,5.6459e+05,-1.836,12.2,195,800,-1.8392,12.07,186.46,987.46,0.30526,0.1241,0.026816,0.2611,0.11562,0.022208,0.2293,0.11241,0.018432,250,250,250,206,208,209,167,168,170,122,123,124,45,45,46,83,82,80,0.54613,0.54135,0.54108
1,5.6469e+05,-1.836,12.28,195,800,-1.8435,12.152,186.36,859.73,0.21595,0.12641,0.021248,0.19726,0.12249,0.018624,0.17767,0.11451,0.015936,249,249,250,213,213,214,176,173,170,119,117,117,41,43,44,80,78,77,0.52568,0.53629,0.53928
1,5.6479e+05,-1.836,12.36,195,800,-1.8286,12.224,187.07,743.63,0.29859,0.12097,0.02496,0.27399,0.1158,0.020608,0.24555,0.11269,0.017792,250,250,250,216,218,216,175,173,170,114,113,114,41,42,43,75,76,77,0.54285,0.54002,0.53707
1,5.6489e+05,-1.836,12.44,195,800,-1.8339,12.305,186.46,742.35,0.29352,0.12808,0.02752,0.24918,0.12262,0.022976,0.22395,0.11818,0.019648,251,251,250,227,217,207,169,169,169,105,105,107,39,41,43,79,79,80,0.51952,0.52842,0.52991
1,5.6499e+05,-1.836,12.52,195,800,-1.8413,12.388,187.34,731.21,0.29555,0.12941,0.028096,0.27296,0.12003,0.023872,0.24596,0.11508,0.020992,251,250,249,205,203,201,170,168,168,103,103,104,40,41,42,87,84,82,0.54516,0.53308,0.53142
1,5.6509e+05,-1.836,12.6,195,800,-1.8392,12.474,188.35,1063.8,0.28105,0.11966,0.024064,0.23519,0.11075,0.019264,0.20227,0.10816,0.015936,245,246,248,187,187,190,163,165,169,97,99,101,42,41,42,91,88,86,0.53789,0.53052,0.53093
1,5.6519e+05,-1.836,12.68,195,800,-1.8233,12.542,186.55,723.92,0.25514,0.13983,0.027456,0.24194,0.13254,0.024704,0.22568,0.12818,0.022336,251,250,249,195,194,194,174,174,174,104,102,101,41,41,42,80,85,87,0.51331,0.52505,0.53038
1,5.6529e+05,-1.836,12.76,195,800,-1.8392,12.62,186.15,791.78,0.38208,0.13265,0.038208,0.34722,0.12578,0.032832,0.31747,0.11805,0.028224,252,251,250,197,197,196,187,181,176,104,103,102,42,42,41,84,86,87,0.53304,0.53586,0.53376
1,5.6539e+05,-1.836,12.84,195,800,-1.8318,12.707,186.55,684.07,0.28547,0.12678,0.027072,0.25408,0.11777,0.02272,0.23082,0.10953,0.019008,246,247,249,194,192,192,176,177,176,100,102,103,40,41,42,86,86,87,0.53279,0.52803,0.5331
1,5.6549e+05,-1.836,12.92,195,800,-1.8519,12.805,185.85,1041.6,0.24561,0.13508,0.024448,0.22312,0.12654,0.021056,0.2078,0.12221,0.019008,242,246,249,181,185,190,170,173,176,103,104,104,41,41,43,85,86,87,0.53455,0.53647,0.53412
1,5.6559e+05,-1.836,13,195,800,-1.8042,12.835,187.51,1025.4,0.28345,0.11778,0.024128,0.24369,0.11281,0.020224,0.20596,0.11098,0.01696,251,250,248,183,184,186,178,178,177,109,108,108,44,44,45,83,85,86,0.53901,0.533,0.53248
1,5.6569e+05,-1.836,13.08,195,800,-1.8318,12.948,184.67,784.97,0.26138,0.12556,0.025024,0.2414,0.12014,0.02176,0.2256,0.11283,0.019264,248,247,246,184,186,185,179,179,178,103,107,109,46,46,46,78,80,82,0.52871,0.52884,0.53225
1,5.6579e+05,-1.836,13.16,195,800,-1.8477,13.042,186.26,771.45,0.31902,0.12868,0.0304,0.28782,0.12329,0.026176,0.25488,0.11962,0.022464,245,245,244,187,185,185,174,175,177,104,107,111,46,46,46,76,77,79,0.54122,0.53533,0.53349
1,5.6589e+05,-1.836,13.24,195,800,-1.8445,13.113,184.42,1098,0.28669,0.1326,0.028992,0.25561,0.12562,0.024512,0.23611,0.11941,0.021568,244,243,241,184,186,184,165,168,172,113,113,115,46,47,48,72,73,75,0.53348,0.53368,0.53365
1,5.6599e+05,-1.836,13.32,195,800,-1.8286,13.164,186.49,649.09,0.29783,0.12935,0.028864,0.27317,0.11724,0.024384,0.24825,0.11528,0.021568,242,241,240,185,187,184,165,167,171,115,116,117,49,50,49,72,73,75,0.53742,0.53127,0.53088
1,5.6609e+05,-1.836,13.4,195,800,-1.8466,13.271,186.42,922.83,0.33582,0.12823,0.031872,0.30128,0.12157,0.02688,0.26527,0.11399,0.02208,232,235,237,189,184,179,167,170,171,118,119,120,55,54,53,80,79,77,0.54162,0.53415,0.53101
1,5.6619e+05,-1.836,13.48,195,800,-1.853,13.354,187.61,855.25,0.33603,0.12367,0.030208,0.26717,0.12114,0.023616,0.21796,0.11513,0.01952,234,235,235,175,171,166,173,173,174,119,119,118,55,57,58,82,81,80,0.51681,0.52841,0.53024
1,5.6629e+05,-1.836,13.56,195,800,-1.8275,13.399,187.95,897.98,0.3055,0.13386,0.030592,0.28571,0.12409,0.026688,0.26672,0.11738,0.024,236,235,235,168,161,156,175,174,174,114,115,117,64,63,61,78,79,80,0.52077,0.52968,0.53029
1,5.6639e+05,-1.836,13.64,195,800,-1.8519,13.512,187.03,708.66,0.40695,0.11805,0.034688,0.34936,0.11209,0.02752,0.28882,0.10953,0.0224,227,232,237,132,143,156,168,169,170,108,110,112,76,69,63,75,77,79,0.53346,0.5312,0.52894
1,5.6649e+05,-1.836,13.72,195,800,-1.836,13.575,187.29,702.58,0.30872,0.11644,0.026304,0.26565,0.11182,0.021248,0.22554,0.10916,0.017984,233,236,240,146,158,170,164,166,168,105,108,110,63,64,62,75,77,78,0.54072,0.53557,0.53278
1,5.6659e+05,-1.836,13.8,195,800,-1.8318,13.65,188.28,861.75,0.29007,0.12853,0.027776,0.27545,0.11822,0.02432,0.25903,0.11568,0.021888,251,250,248,227,220,210,164,164,163,107,107,108,61,58,56,75,75,77,0.55009,0.53558,0.53074
1,5.6669e+05,-1.836,13.88,195,800,-1.8445,13.743,187.95,975.53,0.277,0.12536,0.025472,0.23801,0.12073,0.021312,0.21481,0.11413,0.018432,252,253,251,240,238,231,160,163,164,114,113,111,50,52,54,69,75,80,0.5425,0.53428,0.5299
1,5.6679e+05,-1.836,13.96,195,800,-1.8413,13.8,187.83,744.69,0.27255,0.12702,0.025984,0.23798,0.11836,0.021184,0.20997,0.11552,0.018176,255,252,250,240,233,226,164,165,165,118,115,112,50,51,53,80,82,83,0.52271,0.53261,0.53237
1,5.6689e+05,-1.836,14.04,195,800,-1.8509,13.899,188.25,697.97,0.26397,0.13024,0.02496,0.2195,0.12482,0.02112,0.19918,0.11933,0.018496,244,245,244,208,208,205,167,168,168,113,113,113,53,54,55,94,92,88,0.53367,0.52889,0.5346
1,5.6699e+05,-1.836,14.12,195,800,-1.8477,13.979,187.83,937.47,0.30625,0.13249,0.028864,0.27177,0.12583,0.024512,0.2464,0.11944,0.021504,238,241,242,188,192,195,164,168,171,111,112,113,55,56,58,89,90,88,0.55722,0.54288,0.53638
1,5.6709e+05,-1.836,14.2,195,800,-1.8392,14.057,187.72,992.75,0.31667,0.1253,0.028608,0.278,0.1203,0.023808,0.24037,0.11371,0.02048,239,238,238,179,181,184,176,176,175,113,116,118,66,65,65,82,83,83,0.51897,0.52122,0.53157
1,5.6719e+05,-1.836,14.28,195,800,-1.8519,14.138,187.07,916.32,0.25711,0.12324,0.023552,0.2333,0.11603,0.020032,0.19332,0.11374,0.01696,231,236,240,194,188,184,174,175,177,129,127,126,69,77,81,77,79,81,0.52111,0.53363,0.53414
1,5.6729e+05,-1.836,14.36,195,800,-1.8435,14.204,185.93,938.38,0.2765,0.13667,0.028736,0.26614,0.12748,0.025344,0.25046,0.12138,0.023232,235,239,242,184,185,184,167,173,178,134,132,129,85,89,90,78,80,83,0.5333,0.53673,0.53553
1,5.6739e+05,-1.836,14.44,195,800,-1.8466,14.29,186.99,936.07,0.32258,0.13393,0.031232,0.28341,0.12619,0.026752,0.26714,0.1229,0.024384,248,247,246,168,175,182,169,174,178,134,134,134,111,105,96,91,93,92,0.53322,0.53249,0.53499
1,5.6749e+05,-1.836,14.52,195,800,-1.8265,14.356,186.48,1245.2,0.32506,0.12489,0.0304,0.29085,0.11928,0.0256,0.25788,0.11368,0.021952,246,247,247,176,178,183,170,175,180,135,135,134,94,95,92,97,96,93,0.52633,0.53165,0.53546
1,5.6759e+05,-1.836,14.6,195,800,-1.8169,14.428,185.73,816.74,0.28123,0.12444,0.025984,0.25407,0.11577,0.021888,0.23891,0.10964,0.019328,249,247,247,190,192,195,175,179,182,132,132,133,66,69,75,89,90,94,0.5412,0.53276,0.5342
1,5.6769e+05,-1.836,14.68,195,800,-1.8456,14.533,186.02,979.66,0.24132,0.12416,0.022144,0.209,0.11733,0.018688,0.17299,0.11713,0.015872,247,248,249,221,212,207,183,184,186,136,134,133,75,69,67,99,94,92,0.5333,0.53522,0.53498
1,5.6779e+05,-1.836,14.76,195,800,-1.836,14.601,185.85,1139.7,0.28557,0.12124,0.025664,0.25353,0.1151,0.022016,0.23101,0.10848,0.019136,249,249,249,215,215,210,185,186,187,138,136,132,71,71,68,102,98,93,0.5409,0.53696,0.53538
1,5.6789e+05,-1.836,14.84,195,800,-1.8371,14.688,187.82,1162.7,0.30442,0.12379,0.027136,0.25196,0.12026,0.022208,0.22477,0.11719,0.0192,250,249,250,210,209,208,191,189,187,126,125,125,64,63,62,96,97,99,0.5374,0.5377,0.53713
1,5.6799e+05,-1.836,14.92,195,800,-1.8424,14.767,186.16,863.43,0.26173,0.12957,0.025024,0.22653,0.12569,0.021248,0.2111,0.11957,0.01888,250,249,250,205,204,202,186,186,186,116,118,121,53,56,58,99,101,101,0.53127,0.53138,0.53565
1,5.6809e+05,-1.836,15,195,800,-1.8498,14.86,187.11,1108.6,0.26906,0.12436,0.024704,0.23441,0.11629,0.020672,0.20995,0.11304,0.01792,250,249,250,189,192,197,183,182,182,115,116,120,48,49,51,114,108,103,0.54152,0.53256,0.53342
1,5.6819e+05,-1.836,15.08,195,800,-1.8519,14.933,185.31,832.88,0.31351,0.13154,0.030528,0.27992,0.1265,0.026368,0.24588,0.12283,0.022912,248,249,249,208,198,194,185,179,178,126,131,135,52,52,53,97,97,99,0.53693,0.54206,0.54028
1,5.6829e+05,-1.836,15.16,195,800,-1.8466,15.003,186.82,1008,0.26638,0.12286,0.024512,0.23816,0.11631,0.021056,0.21773,0.11169,0.018368,249,248,249,202,197,195,169,174,177,141,143,148,57,56,57,94,96,97,0.53631,0.53888,0.5412
1,5.6839e+05,-1.836,15.24,195,800,-1.8435,15.086,186.13,868.29,0.29457,0.13139,0.0288,0.26668,0.12246,0.024512,0.2394,0.11699,0.0208,247,247,247,198,196,196,173,174,175,181,180,183,70,71,74,100,100,101,0.54679,0.54414,0.54387
1,5.6849e+05,-1.836,15.32,195,800,-1.8339,15.173,186.09,732.78,0.30258,0.1265,0.02848,0.28625,0.1199,0.025088,0.2632,0.11671,0.022208,247,247,247,204,197,196,181,177,175,196,201,204,82,81,84,103,105,105,0.56302,0.54581,0.54514
1,5.6859e+05,-1.836,15.4,195,800,-1.8328,15.248,185.33,883.46,0.26386,0.13489,0.027072,0.24649,0.12267,0.023168,0.22723,0.11825,0.020672,245,247,247,191,201,204,170,174,176,249,243,237,98,110,119,109,108,108,0.52738,0.54896,0.5472
1,5.6869e+05,-1.836,15.48,195,800,-1.8318,15.307,186.27,948.79,0.2966,0.12384,0.02688,0.2602,0.11733,0.023104,0.24175,0.10815,0.01984,246,248,248,210,212,209,177,175,175,255,255,254,194,163,137,96,102,108,0.54159,0.55021,0.54835
1,5.6879e+05,-1.836,15.56,195,800,-1.8244,15.393,187.05,1216.4,0.2884,0.11991,0.025664,0.23588,0.11623,0.020544,0.19537,0.11473,0.01728,249,249,248,215,210,211,173,174,176,255,255,255,176,160,139,106,104,107,0.5553,0.54971,0.5494
1,5.6889e+05,-1.836,15.64,195,800,-1.8318,15.446,186.52,451.46,0.23921,0.12765,0.023168,0.21224,0.1174,0.019264,0.18953,0.11537,0.017152,254,252,249,208,211,210,175,179,184,255,255,255,117,125,132,109,110,110,0.55578,0.55498,0.55535
1,5.6899e+05,-1.836,15.72,195,800,-1.8445,15.557,186.71,874.44,0.28501,0.11601,0.023808,0.24553,0.11068,0.01952,0.21593,0.1066,0.017152,251,250,248,218,213,207,189,189,188,255,255,255,129,130,133,118,113,109,0.54169,0.55442,0.55764
1,5.6909e+05,-1.836,15.8,195,800,-1.8519,15.646,186.5,1254.8,0.24453,0.12545,0.02336,0.22404,0.12156,0.02048,0.19933,0.11488,0.01792,244,244,246,199,199,197,198,197,196,255,255,255,163,154,148,108,107,107,0.56534,0.56324,0.56208
1,5.6919e+05,-1.836,15.88,195,800,-1.8318,15.697,186.09,942.87,0.25175,0.13416,0.025984,0.23665,0.12615,0.023104,0.2257,0.12119,0.021248,246,246,245,198,186,185,204,200,195,255,255,255,166,169,159,104,110,123,0.56973,0.56972,0.57063
1,5.6929e+05,-1.836,15.96,195,800,-1.8392,15.788,186.15,1055.9,0.26095,0.1238,0.024448,0.23281,0.12019,0.021504,0.21307,0.11451,0.019008,248,246,246,178,182,183,208,197,193,255,255,255,181,168,159,125,131,136,0.58762,0.58396,0.57169
1,5.7236e+05,-1.929,16,195,800,-1.9336,15.773,0.45252,735.52,0,0,0,0,0,0,0,0,0,250,248,247,183,172,173,188,192,189,255,255,255,144,142,147,175,155,144,0.52674,0.53078,0.53099
1,5.7246e+05,-1.929,15.92,195,800,-1.9347,15.698,187.09,680.08,0.1738,0.11904,0.015488,0.15644,0.11158,0.01344,0.14538,0.10976,0.01248,246,246,247,161,168,176,192,194,192,255,255,255,132,137,146,101,107,116,0.58694,0.57682,0.57572
1,5.7256e+05,-1.929,15.84,195,800,-1.9368,15.626,185.44,780.28,0.23142,0.11089,0.019008,0.20833,0.10658,0.01632,0.18241,0.10357,0.014208,245,246,247,175,178,180,189,194,194,255,255,255,145,144,144,90,95,104,0.56986,0.56349,0.56554
1,5.7266e+05,-1.929,15.76,195,800,-1.9421,15.565,186.46,848.69,0.25549,0.12805,0.025344,0.24375,0.12049,0.022336,0.22883,0.11381,0.02016,250,250,249,200,199,198,206,197,189,255,255,255,136,136,134,100,103,103,0.56754,0.55748,0.55636
1,5.7276e+05,-1.929,15.68,195,800,-1.9347,15.465,184.35,1221,0.26661,0.12543,0.025024,0.22542,0.11818,0.020416,0.19892,0.11212,0.017088,252,251,250,208,209,205,191,188,185,255,255,255,114,120,127,113,111,108,0.5604,0.55407,0.55548
1,5.7286e+05,-1.929,15.6,195,800,-1.9496,15.411,187.14,947.76,0.26327,0.11859,0.021888,0.19246,0.11806,0.017728,0.17063,0.11485,0.015296,246,248,249,218,211,207,172,174,176,255,255,255,96,109,122,113,115,112,0.54297,0.54974,0.55184
1,5.7296e+05,-1.929,15.52,195,800,-1.9411,15.34,185.34,1070.5,0.25223,0.13643,0.02624,0.23701,0.12623,0.022784,0.21968,0.12226,0.020416,248,248,248,186,192,198,172,175,174,255,255,254,140,128,124,104,108,110,0.54865,0.54949,0.54878
1,5.7306e+05,-1.929,15.44,195,800,-1.9294,15.255,186.35,539.66,0.27378,0.13162,0.027328,0.24544,0.12251,0.022464,0.22549,0.11701,0.019968,249,248,246,186,189,193,177,174,175,255,255,249,123,127,121,108,108,108,0.52897,0.5453,0.54845
1,5.7316e+05,-1.929,15.36,195,800,-1.9315,15.174,186.46,634.19,0.27386,0.12682,0.025216,0.24291,0.12319,0.021888,0.2185,0.11541,0.018368,243,245,246,199,193,192,174,177,177,240,233,225,109,106,103,112,108,104,0.552,0.54546,0.54706
1,5.7326e+05,-1.929,15.28,195,800,-1.9135,15.086,185.92,957.72,0.33425,0.12939,0.031744,0.31282,0.11997,0.027584,0.28375,0.11132,0.023296,245,246,247,195,194,191,183,180,176,218,213,207,98,95,91,102,102,102,0.54506,0.54258,0.54313
1,5.7336e+05,-1.929,15.2,195,800,-1.9432,15.016,185.47,1038.7,0.28747,0.12069,0.025984,0.25864,0.11555,0.0224,0.23346,0.10729,0.019136,251,251,249,194,187,189,176,177,177,168,169,167,64,68,69,93,94,96,0.53598,0.54091,0.54059
1,5.7346e+05,-1.929,15.12,195,800,-1.9262,14.939,185.84,1084.1,0.32372,0.12982,0.031552,0.27704,0.12576,0.026176,0.23494,0.12318,0.022144,248,250,250,173,184,192,173,175,177,138,137,139,49,51,54,93,94,97,0.54389,0.5418,0.54073
1,5.7356e+05,-1.929,15.04,195,800,-1.9379,14.854,185.35,629.87,0.38984,0.12005,0.032448,0.33019,0.11332,0.025792,0.26732,0.10974,0.020928,251,250,250,191,192,194,172,176,179,127,128,130,47,49,51,95,98,99,0.54603,0.53755,0.53738
1,5.7366e+05,-1.929,14.96,195,800,-1.9273,14.774,185.68,835.18,0.30329,0.13685,0.03136,0.28834,0.12644,0.02752,0.26718,0.12447,0.025216,249,250,250,200,201,203,182,180,181,121,121,122,47,50,53,105,102,100,0.53748,0.53298,0.53336
1,5.7376e+05,-1.929,14.88,195,800,-1.9326,14.701,186.32,1125.2,0.28274,0.13491,0.028352,0.24975,0.12871,0.023552,0.22944,0.12175,0.02048,248,249,251,203,202,206,185,184,182,121,121,122,57,57,57,97,98,99,0.53558,0.53405,0.53438
1,5.7386e+05,-1.929,14.8,195,800,-1.9294,14.629,186.35,976.79,0.31665,0.12719,0.029504,0.27801,0.11648,0.023552,0.23777,0.11343,0.018816,253,251,250,213,216,217,187,185,184,129,128,127,74,67,62,92,92,94,0.55312,0.53927,0.53517
1,5.7396e+05,-1.929,14.72,195,800,-1.94,14.545,186.71,776.22,0.29767,0.12777,0.027584,0.27004,0.11749,0.023232,0.24523,0.11398,0.0208,250,250,250,236,223,216,190,190,188,133,131,132,63,63,64,86,89,93,0.53495,0.5354,0.53674
1,5.7406e+05,-1.929,14.64,195,800,-1.9432,14.461,187.61,1423,0.27197,0.13594,0.0272,0.24542,0.13033,0.023488,0.21513,0.12143,0.01984,251,250,249,212,215,209,205,194,187,128,132,133,60,64,67,86,90,95,0.54299,0.5357,0.53553
1,5.7416e+05,-1.929,14.56,195,800,-1.9389,14.385,186.55,1104,0.30618,0.12678,0.029248,0.27586,0.11711,0.024512,0.25443,0.11262,0.02176,248,248,248,188,189,191,180,187,187,137,136,135,85,77,74,115,110,102,0.53207,0.53648,0.53289
1,5.7426e+05,-1.929,14.48,195,800,-1.9506,14.309,188.18,883.2,0.30625,0.1226,0.026496,0.23402,0.12049,0.021568,0.21791,0.11694,0.019392,248,247,247,180,183,187,191,187,186,137,136,135,82,79,76,128,115,102,0.53615,0.5421,0.53739
1,5.7436e+05,-1.929,14.4,195,800,-1.94,14.225,185.98,820.48,0.29694,0.13877,0.029824,0.25693,0.13143,0.024448,0.21127,0.1283,0.020352,245,243,242,191,187,184,199,190,183,134,133,132,67,72,75,96,94,92,0.53109,0.53488,0.53404
1,5.7446e+05,-1.929,14.32,195,800,-1.9389,14.155,186.28,1040.4,0.32762,0.11828,0.025536,0.241,0.11419,0.019392,0.20758,0.10808,0.016256,240,238,240,191,190,188,179,181,180,125,125,125,80,74,71,73,75,79,0.55073,0.536,0.5345
1,5.7456e+05,-1.929,14.24,195,800,-1.9294,14.062,186.76,714.98,0.28716,0.11644,0.024064,0.25409,0.11267,0.0208,0.226,0.10827,0.017984,243,239,239,195,192,189,179,178,177,120,120,122,85,74,67,73,74,77,0.53743,0.53427,0.53218
1,5.7466e+05,-1.929,14.16,195,800,-1.9209,13.99,186.55,824.43,0.28841,0.13157,0.028352,0.26869,0.12035,0.02432,0.24514,0.12003,0.022272,236,241,243,189,193,194,172,171,173,116,117,118,56,59,59,82,79,79,0.53633,0.53186,0.53335
1,5.7476e+05,-1.929,14.08,195,800,-1.9209,13.903,186.25,1079.2,0.28441,0.13486,0.02944,0.24609,0.13148,0.02496,0.22753,0.12423,0.021696,245,244,245,200,196,199,173,171,171,117,117,118,51,53,55,87,81,79,0.53539,0.53486,0.53071
1,5.7486e+05,-1.929,14,195,800,-1.9273,13.828,186.73,1189.3,0.31747,0.14447,0.03488,0.28589,0.1369,0.03008,0.26424,0.13339,0.026944,251,251,249,208,210,214,174,172,170,112,115,117,48,50,51,76,77,78,0.53817,0.52665,0.52891
1,5.7496e+05,-1.929,13.92,195,800,-1.9432,13.77,185.76,601.36,0.36686,0.15969,0.034176,0.28685,0.12568,0.026368,0.26141,0.12059,0.022528,253,252,252,223,227,228,168,167,166,114,114,114,51,50,51,79,77,78,0.53704,0.53081,0.53357
1,5.7506e+05,-1.929,13.84,195,800,-1.9305,13.676,187.1,842.97,0.31435,0.12205,0.027776,0.27288,0.11419,0.022784,0.25282,0.1111,0.020544,255,254,252,237,231,226,168,166,165,111,112,112,50,51,51,81,79,79,0.55112,0.53469,0.53136
1,5.7516e+05,-1.929,13.76,195,800,-1.9167,13.576,187.29,1071.3,0.30869,0.12877,0.028672,0.26331,0.12295,0.024192,0.23176,0.1187,0.020928,252,249,246,200,197,194,173,170,167,110,109,110,52,54,56,85,85,84,0.5416,0.5337,0.53013
1,5.7526e+05,-1.929,13.68,195,800,-1.9389,13.517,186.38,651.67,0.30081,0.1189,0.025024,0.25693,0.11196,0.02112,0.2294,0.10955,0.018624,244,243,242,163,166,173,172,172,171,109,110,111,58,58,58,90,88,86,0.54091,0.53179,0.53112
1,5.7536e+05,-1.929,13.6,195,800,-1.923,13.426,185.94,757.68,0.30961,0.12695,0.02816,0.2668,0.12127,0.023424,0.23253,0.1182,0.019776,239,237,236,133,139,148,179,177,175,115,115,116,60,60,58,85,86,85,0.54928,0.53667,0.53216
1,5.7546e+05,-1.929,13.52,195,800,-1.9485,13.374,186.02,606.22,0.27547,0.13083,0.027648,0.25122,0.12549,0.023744,0.22676,0.11898,0.020352,240,239,237,157,160,163,171,173,175,122,122,122,49,51,55,81,81,81,0.50783,0.52739,0.52978
1,5.7556e+05,-1.929,13.44,195,800,-1.9082,13.263,186.97,1086.2,0.29435,0.12743,0.02784,0.26985,0.1215,0.024192,0.24134,0.11492,0.0208,240,239,238,169,173,175,173,172,173,124,124,123,51,52,53,80,79,78,0.52965,0.533,0.52953
1,5.7566e+05,-1.929,13.36,195,800,-1.9496,13.207,185.14,759.99,0.26439,0.11988,0.023936,0.22468,0.11677,0.020352,0.20514,0.10768,0.017024,241,241,240,188,188,187,174,174,174,120,120,121,54,53,51,72,74,76,0.52833,0.52773,0.52942
1,5.7576e+05,-1.929,13.28,195,800,-1.9326,13.123,187.26,756.64,0.3359,0.12,0.028928,0.29427,0.11439,0.023936,0.25938,0.10719,0.019456,245,243,240,193,189,186,180,178,176,114,116,119,51,50,50,72,73,76,0.49757,0.52358,0.5285
1,5.7586e+05,-1.929,13.2,195,800,-1.9177,13.03,187.12,980.21,0.25451,0.12456,0.023616,0.2267,0.11772,0.020096,0.20856,0.11434,0.01792,239,239,240,168,173,179,185,183,180,111,112,115,44,45,47,77,76,77,0.53774,0.52777,0.52945
1,5.7596e+05,-1.929,13.12,195,800,-1.9262,12.958,187.37,809.59,0.24925,0.12782,0.023232,0.22326,0.12085,0.020224,0.21252,0.11158,0.017984,240,242,243,183,182,182,182,182,181,114,115,114,46,48,50,76,79,80,0.52897,0.53447,0.53375
1,5.7606e+05,-1.929,13.04,195,800,-1.9379,12.901,185.48,653.84,0.29045,0.12738,0.027328,0.25462,0.12247,0.022784,0.22352,0.11928,0.019584,251,248,245,207,196,186,182,181,179,118,116,113,49,51,51,83,82,82,0.52321,0.53277,0.53158
1,5.7616e+05,-1.929,12.96,195,800,-1.9676,12.831,186.84,777.23,0.30004,0.12189,0.026752,0.26551,0.11549,0.022848,0.24586,0.11134,0.019776,249,248,247,185,191,193,176,174,174,108,109,110,50,50,49,85,85,84,0.53125,0.52738,0.53009
1,5.7626e+05,-1.929,12.88,195,800,-1.9443,12.736,188.33,862.05,0.26023,0.13508,0.026304,0.21912,0.12909,0.020736,0.16645,0.12779,0.01696,246,247,247,173,185,194,173,172,173,105,105,107,44,45,47,83,83,84,0.53434,0.5313,0.53173
1,5.7636e+05,-1.929,12.8,195,800,-1.9326,12.643,186.38,907.35,0.26355,0.13127,0.026304,0.24395,0.12369,0.022848,0.22578,0.11854,0.020416,251,249,247,196,195,196,172,173,173,102,103,103,40,41,42,81,84,86,0.52535,0.53163,0.53352
1,5.7646e+05,-1.929,12.72,195,800,-1.9421,12.577,187,720.22,0.26984,0.12526,0.025024,0.24582,0.11777,0.021952,0.23193,0.11328,0.019648,250,249,248,195,195,196,171,171,173,101,102,102,41,41,41,100,92,88,0.525,0.5313,0.53296
1,5.7656e+05,-1.929,12.64,195,800,-1.9305,12.495,186.99,789.54,0.28224,0.12144,0.025536,0.25177,0.1168,0.021888,0.23497,0.1126,0.019776,246,248,247,188,190,193,170,170,172,99,101,102,41,41,42,98,92,88,0.54437,0.53445,0.53362
1,5.7666e+05,-1.929,12.56,195,800,-1.9379,12.412,187.22,781.3,0.33492,0.12873,0.032256,0.31215,0.12019,0.027392,0.28346,0.11413,0.023488,246,246,246,179,183,187,172,172,170,104,104,105,44,44,42,82,84,84,0.52965,0.53018,0.52964
1,5.7676e+05,-1.929,12.48,195,800,-1.9411,12.33,185.16,870.58,0.29761,0.12617,0.02784,0.26338,0.11813,0.02336,0.23335,0.11455,0.020416,244,246,246,171,181,188,172,172,170,105,107,108,47,44,42,80,81,81,0.5338,0.5286,0.52928
1,5.7686e+05,-1.929,12.4,195,800,-1.9432,12.252,186.29,588.5,0.29389,0.1331,0.029376,0.27283,0.12374,0.02528,0.25206,0.11803,0.022208,251,248,246,188,191,194,169,171,173,112,115,118,39,40,41,76,76,76,0.5255,0.52939,0.53282
1,5.7696e+05,-1.929,12.32,195,800,-1.9273,12.185,186.49,655.76,0.28928,0.16101,0.029504,0.23837,0.14972,0.024128,0.21142,0.13776,0.020544,250,249,247,195,201,203,177,176,174,119,122,125,40,40,42,71,73,74,0.5329,0.54116,0.54045
1,5.7706e+05,-1.929,12.24,195,800,-1.9411,12.075,187.32,1228.5,0.26265,0.14136,0.028288,0.23682,0.13012,0.023872,0.21925,0.12671,0.021376,250,249,247,199,204,204,172,174,176,120,124,128,40,42,44,71,73,74,0.55274,0.54188,0.53855
1,5.7716e+05,-1.929,12.16,195,800,-1.9464,12.018,186.32,692.7,0.28638,0.12723,0.02656,0.24179,0.12186,0.021696,0.20527,0.11935,0.018496,247,248,248,205,203,201,172,174,176,126,130,133,49,50,50,73,74,74,0.5465,0.5366,0.5405
1,5.7726e+05,-1.929,12.08,195,800,-1.9421,11.934,185.27,835.14,0.28034,0.12594,0.025216,0.23129,0.12402,0.020864,0.20277,0.12069,0.017856,247,248,247,198,200,200,177,176,176,133,136,137,57,56,54,74,73,74,0.53449,0.54303,0.54398
1,5.7736e+05,-1.929,12,195,800,-1.923,11.837,186.04,746.26,0.28832,0.12511,0.026752,0.25827,0.12223,0.023232,0.23701,0.11507,0.020032,246,244,244,204,202,201,174,175,175,145,147,147,62,60,57,71,70,72,0.53136,0.53839,0.54406
1,5.7746e+05,-1.929,11.92,195,800,-1.9273,11.766,185.61,774.41,0.26133,0.12818,0.024576,0.22656,0.1222,0.020288,0.19419,0.11865,0.017408,238,240,242,200,201,200,173,172,173,153,157,159,57,59,61,69,71,74,0.54366,0.54344,0.54476
1,5.7756e+05,-1.929,11.84,195,800,-1.94,11.699,185.02,871.68,0.27051,0.12812,0.025536,0.22775,0.12239,0.02112,0.19688,0.1187,0.018048,240,241,242,191,194,199,175,172,173,164,165,166,65,65,65,73,76,80,0.55193,0.54574,0.54416
1,5.7766e+05,-1.929,11.76,195,800,-1.9379,11.609,186.73,891.82,0.24569,0.12281,0.021632,0.2048,0.11737,0.017984,0.17761,0.11723,0.01568,243,243,245,190,196,205,172,172,175,178,181,181,73,75,78,98,98,99,0.54425,0.54408,0.54713
1,5.7776e+05,-1.929,11.68,195,800,-1.9336,11.542,185.85,669.52,0.2416,0.12828,0.023744,0.20833,0.12664,0.020352,0.18875,0.12109,0.017856,241,245,247,214,209,208,174,175,177,191,189,186,77,82,87,110,110,110,0.55444,0.54984,0.54864
1,5.7786e+05,-1.929,11.6,195,800,-1.9443,11.474,185.65,556.22,0.27454,0.12774,0.024448,0.22719,0.12459,0.020672,0.20877,0.1165,0.01792,251,250,250,217,219,220,185,182,179,192,188,181,98,98,98,133,133,135,0.55887,0.54828,0.54852
1,5.7796e+05,-1.929,11.52,195,800,-1.9326,11.379,186.89,989.57,0.24769,0.12748,0.023744,0.22183,0.1181,0.020352,0.20165,0.11467,0.018176,249,250,252,221,221,221,176,176,178,155,157,158,90,92,95,163,165,168,0.5514,0.55305,0.55053
1,5.7806e+05,-1.929,11.44,195,800,-1.9199,11.303,187.02,1061.8,0.2504,0.12938,0.024,0.2307,0.11934,0.020544,0.21012,0.11757,0.018624,250,251,252,229,223,220,171,174,178,142,142,145,88,86,88,195,190,189,0.55119,0.55301,0.55225
1,5.7816e+05,-1.929,11.36,195,800,-1.9368,11.225,186.24,966.31,0.21039,0.12549,0.019904,0.19218,0.1207,0.017536,0.17961,0.11748,0.015936,253,252,252,220,219,215,189,187,184,125,125,128,74,75,76,245,238,229,0.55813,0.55468,0.55434
1,5.7826e+05,-1.929,11.28,195,800,-1.9389,11.146,185.6,595.68,0.211,0.13156,0.02112,0.19406,0.12562,0.018688,0.18485,0.11898,0.016704,251,252,253,216,212,211,199,193,185,121,122,126,67,70,74,253,250,242,0.5515,0.5602,0.55949
1,5.7836e+05,-1.929,11.2,195,800,-1.94,11.064,187.25,953.12,0.32224,0.12382,0.029376,0.27475,0.11244,0.02336,0.24222,0.10958,0.019776,254,253,253,203,202,201,184,182,181,129,132,140,75,76,82,253,252,248,0.57182,0.56253,0.56526
1,5.7846e+05,-1.929,11.12,195,800,-1.9358,11.003,186.48,700.75,0.27111,0.13703,0.027328,0.2466,0.1277,0.023808,0.22861,0.11849,0.020928,254,253,252,196,194,191,175,172,173,170,173,177,104,112,123,239,234,230,0.57898,0.57695,0.57727
1,5.7856e+05,-1.929,11.04,195,800,-1.9326,10.915,186.97,1031.1,0.31476,0.12162,0.027712,0.25201,0.11599,0.0224,0.22228,0.11262,0.019264,251,251,251,195,188,187,174,172,172,198,196,195,143,146,147,223,218,220,0.57768,0.57335,0.5646
1,5.8163e+05,-2.022,11,195,800,-2.0355,10.92,0.18769,906.28,0,0,0,0,0,0,0,0,0,249,251,251,186,186,185,177,176,174,230,224,216,166,164,164,200,208,212,0.50883,0.52171,0.52506
1,5.8173e+05,-2.022,11.08,195,800,-2.009,10.982,185.72,836.53,0.20485,0.12054,0.017472,0.17662,0.11626,0.014976,0.15425,0.11075,0.013184,255,253,252,188,187,188,176,175,175,180,183,183,101,109,121,245,239,232,0.58223,0.5864,0.5856
1,5.8183e+05,-2.022,11.16,195,800,-2.0196,11.06,185.3,602.23,0.18999,0.12292,0.017408,0.16073,0.1187,0.014592,0.14757,0.11099,0.0128,253,253,252,190,190,192,177,178,178,150,156,162,78,85,97,252,249,243,0.56665,0.57007,0.56938
1,5.8193e+05,-2.022,11.24,195,800,-2.027,11.13,186.01,583.27,0.25935,0.13304,0.026304,0.24107,0.12555,0.022976,0.22126,0.12206,0.020672,254,253,252,205,204,204,194,189,184,123,127,134,61,64,71,255,254,252,0.56743,0.56174,0.56171
1,5.8203e+05,-2.022,11.32,195,800,-2.0132,11.212,184.11,758.76,0.39726,0.11819,0.031616,0.2822,0.11628,0.023232,0.23676,0.11059,0.019392,255,254,253,212,210,209,193,189,185,124,125,130,60,64,70,255,253,247,0.55083,0.55517,0.55631
1,5.8213e+05,-2.022,11.4,195,800,-2.027,11.294,186.99,600.34,0.28826,0.12233,0.026816,0.2618,0.11691,0.023232,0.24084,0.11001,0.020416,254,254,253,221,220,219,174,178,182,135,136,139,75,75,76,239,229,219,0.55559,0.55545,0.55451
1,5.8223e+05,-2.022,11.48,195,800,-2.0164,11.359,185.72,774.55,0.29431,0.12409,0.02528,0.24464,0.11939,0.022336,0.23095,0.11258,0.019776,252,252,252,227,226,222,176,177,179,159,161,162,86,88,89,172,174,175,0.531,0.54613,0.55068
1,5.8233e+05,-2.022,11.56,195,800,-2.0238,11.46,186.24,1024.3,0.31968,0.12924,0.03136,0.30215,0.12078,0.027392,0.2838,0.11221,0.023872,254,253,251,225,223,222,183,181,180,180,178,175,95,95,94,149,151,155,0.54896,0.55005,0.5506
1,5.8243e+05,-2.022,11.64,195,800,-2.0323,11.531,187.34,707.46,0.3182,0.11803,0.026176,0.27346,0.11554,0.021696,0.23705,0.10606,0.017856,253,250,248,221,217,215,182,182,180,211,199,189,101,97,93,127,127,126,0.53968,0.54846,0.5491
1,5.8253e+05,-2.022,11.72,195,800,-2.0206,11.591,186.99,696.24,0.24093,0.12471,0.022528,0.21069,0.12264,0.019776,0.19905,0.11644,0.017728,246,247,247,208,208,209,178,178,178,201,195,188,88,89,89,120,117,114,0.55545,0.54968,0.54721
1,5.8263e+05,-2.022,11.8,195,800,-2.0026,11.658,187.62,945.09,0.30687,0.12874,0.028672,0.27792,0.11697,0.023744,0.24641,0.11502,0.0208,245,243,242,187,194,203,175,175,176,181,177,175,76,75,74,87,89,92,0.5446,0.5476,0.54665
1,5.8273e+05,-2.022,11.88,195,800,-2.0376,11.76,186.11,810.34,0.27207,0.12619,0.024,0.23631,0.11851,0.019648,0.21028,0.11367,0.016576,237,238,241,201,201,200,178,177,176,160,160,160,60,62,64,71,72,75,0.55308,0.54797,0.54608
1,5.8283e+05,-2.022,11.96,195,800,-2.0302,11.842,187.82,1022.6,0.23239,0.14285,0.023872,0.1958,0.13519,0.019968,0.17599,0.13021,0.01792,236,239,241,196,199,200,176,177,178,154,153,154,59,60,61,70,70,71,0.53734,0.54089,0.54352
1,5.8293e+05,-2.022,12.04,195,800,-2.0291,11.925,186.89,857.11,0.26698,0.13249,0.02656,0.24086,0.12765,0.023104,0.22367,0.12199,0.020544,248,246,245,192,192,195,187,182,180,145,143,143,63,60,56,69,69,70,0.5316,0.54096,0.5427
1,5.8303e+05,-2.022,12.12,195,800,-2.0122,11.986,187.8,782,0.23454,0.13525,0.024192,0.21228,0.12793,0.020992,0.19573,0.12257,0.018688,250,248,247,195,195,196,186,182,180,137,138,139,56,56,54,70,70,70,0.54187,0.5412,0.54247
1,5.8313e+05,-2.022,12.2,195,800,-2.0323,12.096,187.19,847.78,0.2802,0.13717,0.028416,0.26424,0.12927,0.024768,0.25292,0.12208,0.022208,247,247,246,212,204,200,174,178,181,132,132,135,46,46,47,71,70,71,0.56389,0.54165,0.54207
1,5.8323e+05,-2.022,12.28,195,800,-2.027,12.161,188.19,858.24,0.28761,0.12923,0.02816,0.26134,0.12024,0.024128,0.23965,0.11679,0.021504,246,245,245,195,197,198,178,178,178,131,133,133,41,41,43,71,71,71,0.52556,0.53781,0.53936
1,5.8333e+05,-2.022,12.36,195,800,-2.0228,12.237,186.48,847.47,0.34047,0.12791,0.031296,0.31297,0.11813,0.026368,0.27992,0.11599,0.023296,248,245,244,191,190,193,171,174,176,130,130,130,40,41,42,72,72,73,0.54,0.54076,0.53824
1,5.8343e+05,-2.022,12.44,195,800,-1.9994,12.286,187.46,844.65,0.32253,0.12531,0.03104,0.29971,0.11811,0.026688,0.27331,0.10995,0.023168,239,243,244,167,175,184,169,170,171,115,115,119,44,43,42,78,77,77,0.53669,0.53147,0.53205
1,5.8353e+05,-2.022,12.52,195,800,-2.0249,12.4,185.36,741.15,0.30544,0.12971,0.029248,0.27604,0.12187,0.024704,0.2358,0.11874,0.021248,243,243,244,176,177,182,175,172,171,109,110,112,46,44,42,80,79,79,0.53813,0.53264,0.53017
1,5.8363e+05,-2.022,12.6,195,800,-2.0238,12.467,186.2,750.36,0.26982,0.13337,0.025984,0.23037,0.1237,0.021376,0.20366,0.1201,0.018624,248,246,246,193,188,188,180,175,172,105,104,105,43,43,42,85,86,86,0.53601,0.53217,0.53136
1,5.8373e+05,-2.022,12.68,195,800,-2.0005,12.535,185.38,857.86,0.32343,0.12561,0.029952,0.30067,0.1174,0.026048,0.27659,0.11285,0.022848,248,247,247,198,200,199,172,173,172,101,101,103,41,41,41,96,92,88,0.54334,0.53465,0.53415
1,5.8383e+05,-2.022,12.76,195,800,-2.0366,12.655,187,1157.5,0.22555,0.12742,0.02144,0.20236,0.11802,0.018368,0.19137,0.11495,0.016704,248,247,246,210,205,201,169,171,171,104,103,104,42,41,41,89,89,87,0.51647,0.5285,0.5294
1,5.8393e+05,-2.022,12.84,195,800,-2.0291,12.693,185.06,731.5,0.26076,0.11979,0.023424,0.24027,0.11191,0.020288,0.22285,0.10728,0.018368,243,245,246,192,196,201,168,168,170,103,105,107,42,42,44,83,83,84,0.53149,0.52997,0.53181
1,5.8403e+05,-2.022,12.92,195,800,-2.0206,12.788,186.76,771.01,0.2235,0.11923,0.020352,0.20343,0.11399,0.017536,0.18999,0.10932,0.01568,247,246,247,187,194,199,167,169,172,103,106,110,45,47,49,86,85,84,0.53542,0.53288,0.53062
1,5.8413e+05,-2.022,13,195,800,-2.0334,12.884,186.13,1178.5,0.27551,0.12672,0.024704,0.23568,0.11857,0.020864,0.21004,0.11539,0.017984,251,249,246,214,202,192,172,175,177,117,116,116,68,60,54,91,87,84,0.5248,0.52787,0.53023
1,5.8423e+05,-2.022,13.08,195,800,-2.0153,12.922,185.83,721.79,0.30327,0.12322,0.026432,0.26292,0.11552,0.022144,0.23539,0.11145,0.01888,237,238,240,178,177,179,188,184,182,119,119,119,49,52,53,79,81,82,0.52517,0.52987,0.52977
1,5.8433e+05,-2.022,13.16,195,800,-2.0408,13.026,186.15,705.78,0.28871,0.12452,0.027264,0.26234,0.1194,0.02336,0.24094,0.11385,0.020416,227,232,238,154,165,176,186,186,183,116,118,120,45,47,50,80,80,80,0.5443,0.53275,0.53175
1,5.8443e+05,-2.022,13.24,195,800,-2.0355,13.117,186.5,822.62,0.25956,0.12582,0.023744,0.20772,0.11901,0.019392,0.18903,0.11356,0.01696,240,238,238,181,180,182,190,185,180,115,118,122,46,47,49,79,78,77,0.52367,0.53229,0.53148
1,5.8453e+05,-2.022,13.32,195,800,-2.0419,13.192,185.69,1102.1,0.25628,0.1203,0.023552,0.22877,0.11317,0.020288,0.20911,0.10988,0.01792,242,241,239,189,190,189,182,181,179,120,122,124,49,50,51,74,75,76,0.5184,0.52752,0.53107
1,5.8463e+05,-2.022,13.4,195,800,-2.0206,13.256,185.68,738.08,0.26985,0.12597,0.025408,0.25838,0.11643,0.022144,0.24271,0.11392,0.020288,238,240,241,185,187,187,173,174,174,128,128,127,52,52,52,76,75,76,0.53403,0.52829,0.52894
1,5.8473e+05,-2.022,13.48,195,800,-2.0419,13.354,185.49,570.94,0.24828,0.12752,0.022976,0.20221,0.1215,0.018688,0.18166,0.11526,0.016384,236,238,237,158,160,162,171,175,177,125,125,125,47,50,53,80,81,81,0.53181,0.52617,0.528
1,5.8483e+05,-2.022,13.56,195,800,-2.0355,13.422,186.51,905.43,0.25642,0.13545,0.025984,0.24295,0.12451,0.022784,0.22469,0.12193,0.020352,236,236,236,135,142,150,177,178,178,125,123,122,48,51,54,85,85,85,0.5367,0.53167,0.5308
1,5.8493e+05,-2.022,13.64,195,800,-2.0302,13.494,185.83,916.54,0.29252,0.12969,0.028672,0.2595,0.12324,0.023936,0.23326,0.12038,0.020864,238,239,239,130,141,156,179,178,176,115,115,114,51,54,56,101,95,89,0.5281,0.52871,0.53168
1,5.8503e+05,-2.022,13.72,195,800,-2.0259,13.561,187.36,759.76,0.28436,0.12944,0.027456,0.25824,0.12228,0.023424,0.23634,0.11586,0.020608,245,244,243,160,169,175,172,172,172,111,111,112,51,53,55,98,94,89,0.52451,0.53361,0.53106
1,5.8513e+05,-2.022,13.8,195,800,-2.0069,13.64,186.19,842.25,0.31477,0.13502,0.028928,0.27393,0.12531,0.024,0.24508,0.123,0.02112,255,254,250,235,229,218,161,162,164,108,110,112,47,49,52,84,84,84,0.53169,0.52809,0.52944
1,5.8523e+05,-2.022,13.88,195,800,-2.0323,13.745,185.24,703.24,0.2964,0.14069,0.029248,0.2606,0.13718,0.025088,0.23585,0.13015,0.021824,252,251,252,229,231,229,168,167,166,114,115,115,50,50,51,77,78,78,0.53008,0.52899,0.52974
1,5.8533e+05,-2.022,13.96,195,800,-2.0323,13.818,186.58,857.04,0.21446,0.13574,0.022912,0.19079,0.13165,0.01984,0.17903,0.12393,0.017792,247,249,251,217,219,222,175,172,168,116,117,118,50,51,51,74,75,77,0.51827,0.52732,0.52958
1,5.8543e+05,-2.022,14.04,195,800,-2.0302,13.89,187.44,763.36,0.24083,0.13363,0.024448,0.21312,0.12604,0.020544,0.19434,0.12384,0.018176,246,247,248,197,201,205,177,174,171,120,120,121,51,51,53,73,75,76,0.53474,0.53319,0.5331
1,5.8553e+05,-2.022,14.12,195,800,-2.0175,13.974,187.66,1127.2,0.2691,0.13435,0.026944,0.24359,0.12306,0.022656,0.21881,0.12168,0.020352,240,245,247,196,199,199,170,171,171,119,121,121,50,52,55,74,76,76,0.52596,0.53077,0.5334
1,5.8563e+05,-2.022,14.2,195,800,-2.0334,14.049,186.03,708.45,0.25981,0.13656,0.027136,0.23716,0.12899,0.023744,0.21355,0.12414,0.020608,246,244,241,200,195,192,170,173,175,119,120,122,60,62,61,75,76,76,0.55042,0.53825,0.53314
1,5.8573e+05,-2.022,14.28,195,800,-2.0408,14.13,185.85,880.34,0.24156,0.13345,0.024512,0.20496,0.13008,0.020672,0.1873,0.12612,0.01824,237,239,240,179,184,188,184,184,181,120,123,126,70,67,65,76,76,79,0.54163,0.53291,0.531
1,5.8583e+05,-2.022,14.36,195,800,-2.0281,14.21,185.68,1179.5,0.29535,0.13396,0.029632,0.27391,0.12513,0.025664,0.24926,0.12293,0.022912,236,240,241,181,185,186,186,188,185,124,127,129,63,65,67,78,81,85,0.53842,0.5302,0.53247
1,5.8593e+05,-2.022,14.44,195,800,-2.0185,14.268,185.93,1013.4,0.26825,0.13124,0.026624,0.23995,0.12133,0.022208,0.22551,0.11702,0.01984,246,246,245,192,189,188,200,193,186,134,134,134,67,69,70,110,106,98,0.54617,0.54228,0.53759
1,5.8603e+05,-2.022,14.52,195,800,-2.0419,14.375,185.85,735.52,0.28483,0.12658,0.02368,0.2075,0.12455,0.01888,0.18596,0.11689,0.01632,247,247,247,186,188,191,190,190,189,138,137,136,76,73,70,123,113,103,0.54523,0.53598,0.53309
1,5.8613e+05,-2.022,14.6,195,800,-2.0238,14.434,186.98,634.48,0.29149,0.13245,0.029312,0.26414,0.12818,0.025984,0.24457,0.12008,0.022592,248,249,248,193,198,203,197,194,190,134,135,135,64,67,67,98,101,101,0.53467,0.53805,0.53503
1,5.8623e+05,-2.022,14.68,195,800,-2.0259,14.534,187.43,879.82,0.27121,0.12847,0.02592,0.24611,0.12142,0.022336,0.22576,0.11542,0.019648,249,251,251,228,225,219,185,189,189,128,130,132,57,59,61,88,90,94,0.54366,0.53467,0.53539
1,5.8633e+05,-2.022,14.76,195,800,-2.0419,14.61,186.89,785.59,0.26083,0.13166,0.025472,0.23876,0.12494,0.022336,0.22346,0.11857,0.01984,251,251,251,237,230,221,182,183,186,127,128,129,58,60,60,90,90,92,0.52966,0.5328,0.53506
1,5.8643e+05,-2.022,14.84,195,800,-2.0344,14.683,186.29,788.41,0.26549,0.12561,0.02432,0.24396,0.11999,0.021056,0.2232,0.11806,0.018176,249,251,251,209,212,214,181,181,181,119,121,123,64,60,57,93,94,95,0.53517,0.53688,0.53632
1,5.8653e+05,-2.022,14.92,195,800,-2.027,14.764,186.45,611.85,0.25363,0.12667,0.02368,0.22525,0.11771,0.019904,0.19707,0.11594,0.017472,248,250,252,200,203,209,179,179,180,119,120,122,55,56,56,97,97,97,0.54038,0.53452,0.53394
1,5.8663e+05,-2.022,15,195,800,-2.0153,14.843,186.13,619.7,0.22113,0.12996,0.02144,0.20578,0.12065,0.018752,0.19132,0.11655,0.01664,255,252,250,211,206,201,175,178,181,129,126,125,49,50,53,101,99,97,0.53141,0.53302,0.53466
1,5.8673e+05,-2.022,15.08,195,800,-2.0355,14.927,186.47,877.99,0.2184,0.13394,0.022592,0.20651,0.12718,0.020288,0.19188,0.12126,0.01792,247,250,251,174,186,194,181,179,179,137,139,140,49,52,56,91,92,95,0.5402,0.54177,0.54142
1,5.8683e+05,-2.022,15.16,195,800,-2.0366,14.998,186.67,793.52,0.30915,0.13789,0.032704,0.27614,0.13215,0.02816,0.25263,0.12662,0.024384,255,251,250,175,179,189,175,176,178,154,151,152,54,57,62,87,91,94,0.54403,0.53992,0.54133
1,5.8693e+05,-2.022,15.24,195,800,-2.0196,15.074,184.67,862.7,0.24846,0.12554,0.022784,0.21517,0.11715,0.01888,0.18364,0.11377,0.015872,249,249,248,192,188,187,179,178,176,190,186,186,94,85,79,89,94,97,0.55298,0.54252,0.54405
1,5.8703e+05,-2.022,15.32,195,800,-2.0334,15.163,186.53,822.09,0.2792,0.12635,0.025024,0.24728,0.12,0.021312,0.21961,0.11505,0.018624,246,246,247,190,189,188,183,178,176,207,208,206,110,100,91,97,99,100,0.55194,0.54163,0.5438
1,5.8713e+05,-2.022,15.4,195,800,-2.045,15.249,186.34,693.89,0.29641,0.13389,0.029056,0.25403,0.12615,0.024576,0.23613,0.11929,0.021504,249,245,245,175,183,189,171,175,176,255,246,238,129,115,110,103,106,104,0.5462,0.5469,0.54589
1,5.8723e+05,-2.022,15.48,195,800,-2.045,15.332,187.4,751.15,0.312,0.1282,0.028544,0.25347,0.12188,0.022912,0.22466,0.11903,0.020032,245,248,247,185,191,195,170,175,174,255,255,254,95,108,116,107,111,111,0.54872,0.54768,0.54831
1,5.8733e+05,-2.022,15.56,195,800,-2.0387,15.404,185.39,1089.1,0.27696,0.13067,0.026688,0.25071,0.12462,0.023488,0.23707,0.11772,0.020736,250,248,248,208,201,202,177,174,174,255,255,255,97,106,115,127,117,112,0.54964,0.55393,0.55172
1,5.8743e+05,-2.022,15.64,195,800,-2.0419,15.483,186.75,577.38,0.26997,0.12749,0.025024,0.23293,0.11836,0.02048,0.21039,0.11608,0.018112,247,249,250,207,211,206,175,177,180,255,255,255,102,109,118,123,117,110,0.54725,0.55237,0.55396
1,5.8753e+05,-2.022,15.72,195,800,-2.0249,15.546,186,832.33,0.26241,0.13085,0.026432,0.23696,0.12439,0.022528,0.2143,0.11757,0.019456,251,250,250,193,202,202,186,185,184,255,255,255,111,118,124,113,107,104,0.53821,0.55495,0.55697
1,5.8763e+05,-2.022,15.8,195,800,-1.9984,15.614,186.57,868.43,0.27139,0.12299,0.025472,0.25205,0.11392,0.02208,0.23524,0.11021,0.01984,249,248,248,183,180,183,199,192,188,255,255,255,144,138,133,87,90,96,0.57638,0.56504,0.5627
1,5.8773e+05,-2.022,15.88,195,800,-2.0249,15.709,185.96,590.21,0.27803,0.13629,0.028608,0.26134,0.12796,0.025344,0.24572,0.12158,0.02304,242,246,248,158,164,171,180,186,187,255,255,255,120,131,140,103,107,114,0.56332,0.56874,0.5702
1,5.8783e+05,-2.022,15.96,195,800,-2.0281,15.788,185.4,659.68,0.29888,0.1393,0.032064,0.27955,0.13231,0.02848,0.26495,0.12794,0.026112,249,247,248,159,165,171,193,187,185,255,255,255,129,135,141,132,133,130,0.58478,0.58135,0.57174
1,5.909e+05,-2.115,16,195,800,-2.1225,15.788,0.55514,986.31,0,0,0,0,0,0,0,0,0,252,251,250,176,178,178,179,174,174,255,255,255,162,150,143,163,150,142,0.5129,0.51782,0.52123
1,5.91e+05,-2.115,15.92,195,800,-2.1267,15.718,187.11,668.57,0.21787,0.11794,0.016896,0.18442,0.11045,0.0144,0.15961,0.10994,0.013056,250,250,250,164,167,170,164,169,175,255,255,255,121,126,132,101,104,111,0.57458,0.57547,0.57705
1,5.911e+05,-2.115,15.84,195,800,-2.1087,15.63,186.93,1003.4,0.2031,0.11597,0.01792,0.18886,0.10641,0.015296,0.17115,0.10298,0.013696,252,250,250,156,161,168,176,175,177,255,255,255,125,125,126,85,89,96,0.56424,0.56666,0.56664
1,5.912e+05,-2.115,15.76,195,800,-2.114,15.557,186.64,1183.2,0.27709,0.12517,0.025792,0.25974,0.11564,0.02208,0.24809,0.10904,0.020096,249,250,250,175,181,185,182,182,181,255,255,255,124,125,125,80,84,90,0.55737,0.56266,0.56224
1,5.913e+05,-2.115,15.68,195,800,-2.131,15.511,188.28,899.53,0.27283,0.12093,0.024384,0.25399,0.11039,0.020608,0.23034,0.10857,0.018368,250,251,251,215,203,194,178,179,180,255,255,255,120,124,125,87,91,95,0.56079,0.55501,0.55481
1,5.914e+05,-2.115,15.6,195,800,-2.1108,15.413,187.66,622.14,0.31278,0.14643,0.030784,0.26231,0.13687,0.02624,0.23771,0.12981,0.023296,253,251,250,202,210,208,173,173,174,255,255,255,132,120,114,118,112,105,0.54534,0.55062,0.55144
1,5.915e+05,-2.115,15.52,195,800,-2.1055,15.318,186.67,839.3,0.39774,0.12811,0.03776,0.35365,0.11572,0.029888,0.30905,0.11263,0.024448,245,247,247,202,199,201,172,173,173,255,254,253,98,105,110,102,108,107,0.55192,0.54789,0.54938
1,5.916e+05,-2.115,15.44,195,800,-2.0949,15.221,186.99,1222.9,0.32264,0.12477,0.030144,0.30352,0.11382,0.0256,0.28332,0.1092,0.022912,247,244,245,187,193,195,176,174,173,254,251,246,118,108,105,102,101,104,0.53717,0.54598,0.5478
1,5.917e+05,-2.115,15.36,195,800,-2.1098,15.175,186.85,791.66,0.29485,0.12371,0.026816,0.25698,0.11572,0.02208,0.22992,0.11175,0.019264,238,243,246,187,183,185,178,176,176,216,217,219,91,95,96,100,99,98,0.55576,0.54697,0.54594
1,5.918e+05,-2.115,15.28,195,800,-2.1193,15.097,186.73,759.27,0.33464,0.12629,0.030592,0.29534,0.11832,0.025472,0.27089,0.11165,0.02176,248,247,248,183,180,183,175,176,176,191,194,200,77,82,87,98,96,96,0.54658,0.54296,0.54359
1,5.919e+05,-2.115,15.2,195,800,-2.0992,15.007,186.18,947.2,0.28677,0.12129,0.026112,0.25461,0.11553,0.021952,0.22682,0.11249,0.018944,254,252,250,182,183,186,174,174,177,160,162,164,68,66,67,94,91,92,0.54046,0.5423,0.54511
1,5.92e+05,-2.115,15.12,195,800,-2.114,14.951,185.8,633.28,0.2333,0.1233,0.02144,0.20685,0.11511,0.018112,0.19046,0.11402,0.016384,248,250,251,207,206,203,194,185,180,138,138,140,60,60,59,94,92,92,0.5403,0.54156,0.54082
1,5.921e+05,-2.115,15.04,195,800,-2.1087,14.86,185.54,858.71,0.30399,0.12348,0.026816,0.24412,0.11863,0.021632,0.21796,0.11565,0.018752,252,250,251,231,219,208,199,189,180,127,130,132,71,62,56,92,93,93,0.55293,0.54446,0.53979
1,5.922e+05,-2.115,14.96,195,800,-2.1151,14.777,185.66,905.68,0.30246,0.12507,0.027712,0.25723,0.12232,0.023488,0.23044,0.11651,0.02016,254,254,252,208,212,213,175,177,180,118,120,122,54,55,55,94,94,95,0.52821,0.53348,0.53434
1,5.923e+05,-2.115,14.88,195,800,-2.1108,14.705,185.62,644.3,0.27816,0.12654,0.027008,0.25345,0.12096,0.023488,0.24009,0.11258,0.0208,254,253,253,202,207,213,168,173,178,113,117,121,52,52,53,95,95,95,0.52796,0.53219,0.53362
1,5.924e+05,-2.115,14.8,195,800,-2.1225,14.623,185.6,1036.2,0.31077,0.12675,0.029632,0.2837,0.11795,0.025024,0.26071,0.1137,0.0224,254,252,251,236,226,218,178,178,181,126,124,124,50,51,52,92,92,94,0.53413,0.53432,0.53446
1,5.925e+05,-2.115,14.72,195,800,-2.1214,14.559,185.53,566.02,0.31584,0.13528,0.032128,0.27666,0.12787,0.026688,0.25062,0.12162,0.023424,251,251,250,224,224,221,189,190,189,136,132,132,52,53,55,98,96,97,0.51559,0.53118,0.53382
1,5.926e+05,-2.115,14.64,195,800,-2.113,14.461,186.99,630.08,0.38751,0.12862,0.034816,0.34187,0.12214,0.02816,0.27356,0.11703,0.023104,249,248,248,211,215,218,201,195,190,135,136,136,57,56,57,104,103,99,0.52387,0.53263,0.53412
1,5.927e+05,-2.115,14.56,195,800,-2.1055,14.367,186.17,795.11,0.26012,0.12037,0.023424,0.22505,0.11218,0.019392,0.21105,0.10799,0.017216,243,246,248,203,205,206,188,189,190,138,141,141,64,62,62,97,101,100,0.53764,0.52962,0.53175
1,5.928e+05,-2.115,14.48,195,800,-2.1034,14.3,186.29,981.82,0.2533,0.13128,0.024704,0.23163,0.12002,0.02112,0.21827,0.11745,0.019456,248,248,247,200,201,202,181,183,187,139,140,141,66,63,61,91,94,97,0.52405,0.53214,0.53373
1,5.929e+05,-2.115,14.4,195,800,-2.1257,14.232,186.62,757.32,0.30406,0.13081,0.02656,0.25254,0.12351,0.021056,0.20594,0.11759,0.017984,249,246,243,189,188,190,178,181,184,131,134,136,54,56,58,83,85,88,0.52874,0.53389,0.53369
1,5.93e+05,-2.115,14.32,195,800,-2.1087,14.136,186.95,764.31,0.29585,0.13361,0.02944,0.26919,0.1254,0.025216,0.24153,0.12039,0.021888,230,235,240,169,179,189,187,183,179,129,130,132,50,52,55,82,81,80,0.53358,0.5302,0.53172
1,5.931e+05,-2.115,14.24,195,800,-2.1045,14.058,186.48,954.61,0.32481,0.12607,0.030336,0.28829,0.11522,0.02528,0.25858,0.11357,0.022336,233,237,241,180,186,192,181,177,175,128,130,132,51,53,56,78,78,77,0.5353,0.53712,0.53401
1,5.932e+05,-2.115,14.16,195,800,-2.1278,14.004,186.54,690.35,0.29002,0.12341,0.026944,0.25679,0.11736,0.023104,0.23829,0.11018,0.02048,255,250,246,197,200,198,159,166,171,133,133,133,57,58,61,70,72,74,0.54037,0.52977,0.5318
1,5.933e+05,-2.115,14.08,195,800,-2.1214,13.928,187.53,901.66,0.27307,0.12848,0.026816,0.23262,0.12689,0.022464,0.21379,0.11932,0.019648,252,250,248,200,199,201,171,168,170,135,134,133,58,60,62,68,70,74,0.54118,0.53782,0.53377
1,5.934e+05,-2.115,14,195,800,-2.1257,13.857,188.07,695.25,0.27953,0.12031,0.025536,0.23861,0.11379,0.020928,0.2147,0.10733,0.017984,251,250,250,207,212,215,170,173,172,128,129,130,59,58,59,77,75,74,0.51595,0.52772,0.52855
1,5.935e+05,-2.115,13.92,195,800,-2.1183,13.753,186.88,850.56,0.25748,0.12133,0.022336,0.21814,0.11633,0.01856,0.20013,0.11193,0.016576,249,251,252,252,245,236,161,163,165,120,120,121,50,51,53,77,77,78,0.52301,0.52819,0.528
1,5.936e+05,-2.115,13.84,195,800,-2.1055,13.662,186.34,1387.5,0.24347,0.1338,0.024512,0.22207,0.1222,0.020608,0.20011,0.11992,0.018432,250,252,252,255,250,238,146,155,162,114,115,118,49,49,51,79,79,80,0.53616,0.53426,0.52935
1,5.937e+05,-2.115,13.76,195,800,-2.1119,13.593,186.99,608.21,0.29036,0.13511,0.029888,0.26401,0.12972,0.026304,0.24682,0.12084,0.022784,250,249,248,223,215,204,156,161,167,110,111,114,51,52,52,88,90,90,0.53707,0.5295,0.52832
1,5.938e+05,-2.115,13.68,195,800,-2.1098,13.516,187.54,973.86,0.30045,0.13456,0.030272,0.2759,0.12703,0.026368,0.26031,0.12319,0.024192,242,243,243,174,176,179,171,173,174,108,112,116,57,54,52,99,97,94,0.5178,0.52929,0.52762
1,5.939e+05,-2.115,13.6,195,800,-2.1151,13.45,187.43,558.16,0.26947,0.12232,0.025088,0.22895,0.11934,0.021184,0.20671,0.11447,0.018304,224,229,235,123,132,146,193,189,184,121,122,123,55,54,52,94,94,92,0.52155,0.52766,0.52934
1,5.94e+05,-2.115,13.52,195,800,-2.0885,13.313,186.8,1141.1,0.29512,0.12853,0.02848,0.26778,0.12159,0.024256,0.24561,0.11798,0.02144,236,236,237,169,165,162,178,180,182,133,132,132,51,51,52,76,79,82,0.52829,0.53106,0.53071
1,5.941e+05,-2.115,13.44,195,800,-2.1172,13.274,186.54,951.23,0.251,0.13087,0.023552,0.2215,0.12503,0.019968,0.20252,0.11736,0.017408,246,243,240,194,188,179,175,176,177,135,135,135,51,52,52,74,76,78,0.52564,0.53397,0.53126
1,5.942e+05,-2.115,13.36,195,800,-2.1119,13.206,185.04,843.54,0.29849,0.12256,0.027456,0.27634,0.115,0.023488,0.24968,0.10774,0.020416,244,244,243,221,210,196,173,174,176,139,138,137,55,54,53,76,77,77,0.55147,0.53289,0.52984
1,5.943e+05,-2.115,13.28,195,800,-2.1204,13.127,187.42,758.8,0.23796,0.12278,0.021824,0.19823,0.12031,0.01824,0.18383,0.11168,0.015744,241,241,240,208,203,194,175,177,177,138,138,138,54,54,54,80,79,78,0.5284,0.52756,0.52964
1,5.944e+05,-2.115,13.2,195,800,-2.1023,13.039,186.8,686.37,0.34541,0.12603,0.032256,0.30607,0.11736,0.026432,0.25744,0.11417,0.021376,223,230,235,172,173,176,185,183,179,138,137,135,49,51,54,83,83,82,0.51867,0.5269,0.52988
1,5.945e+05,-2.115,13.12,195,800,-2.1193,12.97,186.86,1076.3,0.33489,0.11428,0.026752,0.27617,0.10795,0.021312,0.24014,0.10287,0.017728,235,235,237,161,165,175,177,179,179,130,131,133,59,59,60,84,85,85,0.53165,0.52829,0.53117
1,5.946e+05,-2.115,13.04,195,800,-2.1076,12.876,186.54,726.41,0.2171,0.12006,0.0192,0.1889,0.11146,0.016,0.16369,0.11118,0.01408,241,242,241,167,177,183,177,179,177,129,130,130,73,66,61,86,86,86,0.52587,0.53461,0.5338
1,5.947e+05,-2.115,12.96,195,800,-2.1204,12.805,186.23,894.74,0.23322,0.12404,0.021888,0.21661,0.11645,0.01888,0.19536,0.11194,0.01664,249,248,247,211,209,203,180,176,174,123,125,125,57,59,57,85,87,87,0.5247,0.52721,0.52874
1,5.948e+05,-2.115,12.88,195,800,-2.097,12.715,187.66,843.82,0.29181,0.1181,0.025472,0.25894,0.11322,0.021312,0.22006,0.10995,0.018048,244,246,248,220,215,211,171,171,171,120,121,121,46,49,52,85,86,86,0.53302,0.53086,0.5313
1,5.949e+05,-2.115,12.8,195,800,-2.1098,12.649,186.62,653.66,0.2733,0.12568,0.025728,0.24521,0.11343,0.021056,0.21818,0.11156,0.01824,245,245,247,218,220,216,159,164,168,111,112,113,40,41,42,86,86,87,0.51958,0.53251,0.53015
1,5.95e+05,-2.115,12.72,195,800,-2.1225,12.569,185.62,884.47,0.26601,0.12299,0.024448,0.23553,0.11744,0.020864,0.20827,0.114,0.017792,244,246,246,218,212,208,177,174,172,104,106,109,41,40,41,87,87,87,0.52123,0.52781,0.52993
1,5.951e+05,-2.115,12.64,195,800,-2.1204,12.492,186.68,904.37,0.25593,0.11344,0.020992,0.21832,0.11,0.017664,0.18746,0.10591,0.015104,244,245,246,197,199,202,180,177,174,107,108,109,40,40,41,85,86,87,0.53498,0.53218,0.53122
1,5.952e+05,-2.115,12.56,195,800,-2.1183,12.41,186.03,792.59,0.24146,0.12765,0.023232,0.22759,0.11876,0.02048,0.2141,0.11588,0.01856,245,244,243,178,183,186,169,172,173,116,117,119,40,41,41,78,82,84,0.52851,0.53283,0.53237
1,5.953e+05,-2.115,12.48,195,800,-2.1087,12.316,186.92,802.56,0.25928,0.12268,0.024064,0.22746,0.11567,0.020288,0.20977,0.11161,0.018304,243,242,243,177,181,185,165,168,172,124,124,126,40,41,42,76,79,81,0.5283,0.52454,0.52822
1,5.954e+05,-2.115,12.4,195,800,-2.1013,12.22,188.19,924.26,0.25368,0.12616,0.024256,0.22483,0.11957,0.020864,0.20597,0.11447,0.018432,234,238,241,180,185,188,172,173,174,141,147,146,44,45,46,72,73,74,0.53421,0.53302,0.53321
1,5.955e+05,-2.115,12.32,195,800,-2.1098,12.18,186.68,1094.9,0.27193,0.12357,0.024832,0.24097,0.11724,0.020544,0.21176,0.10957,0.016896,235,240,243,205,199,195,194,188,182,178,164,152,47,48,48,66,67,68,0.53916,0.53843,0.53895
1,5.956e+05,-2.115,12.24,195,800,-2.113,12.091,186.11,1082.2,0.31839,0.12325,0.028352,0.27326,0.11941,0.023232,0.22435,0.11178,0.018944,242,243,244,206,200,195,195,191,186,155,156,152,46,48,49,65,66,67,0.55447,0.54326,0.54073
1,5.957e+05,-2.115,12.16,195,800,-2.1087,12.009,187.97,682.01,0.27302,0.1263,0.024896,0.23705,0.11896,0.021184,0.21815,0.11691,0.019008,247,246,245,180,183,188,195,193,188,138,142,145,48,49,50,65,66,68,0.53848,0.53743,0.54038
1,5.958e+05,-2.115,12.08,195,800,-2.1108,11.932,185.64,936.16,0.26518,0.12012,0.022592,0.21146,0.11698,0.01824,0.19259,0.11007,0.015936,244,244,245,173,178,186,193,191,187,142,144,147,51,52,52,65,67,69,0.54062,0.54086,0.54299
1,5.959e+05,-2.115,12,195,800,-2.1023,11.848,187.18,765.94,0.27972,0.11929,0.025216,0.25544,0.11438,0.021632,0.24035,0.10606,0.019264,241,241,241,188,191,194,186,186,185,152,154,156,57,56,56,69,70,71,0.54462,0.54457,0.54307
1,5.96e+05,-2.115,11.92,195,800,-2.1214,11.774,187.17,807.39,0.26968,0.12354,0.024384,0.22772,0.12108,0.020864,0.20537,0.11186,0.01728,238,239,241,220,212,206,187,184,181,159,164,169,60,63,66,74,76,79,0.54552,0.54308,0.54269
1,5.961e+05,-2.115,11.84,195,800,-2.1267,11.698,186.96,975.19,0.25843,0.12124,0.023552,0.22089,0.11634,0.019456,0.19753,0.11229,0.017088,242,241,241,219,213,210,182,181,180,168,171,175,75,73,71,83,84,87,0.55286,0.54912,0.54712
1,5.962e+05,-2.115,11.76,195,800,-2.1119,11.617,186.31,647.53,0.25945,0.13777,0.026112,0.22672,0.12616,0.021312,0.20228,0.11798,0.018304,244,245,245,218,217,215,179,180,180,185,187,189,91,89,87,116,113,110,0.54303,0.54278,0.54495
1,5.963e+05,-2.115,11.68,195,800,-2.1151,11.548,186.39,708.22,0.32718,0.12288,0.02752,0.25221,0.11459,0.01952,0.18008,0.11727,0.01632,247,247,247,231,220,216,187,182,180,191,193,194,97,96,94,129,126,122,0.53658,0.54377,0.54503
1,5.964e+05,-2.115,11.6,195,800,-2.113,11.46,187.94,580.11,0.24515,0.12101,0.0224,0.22393,0.11622,0.0192,0.20584,0.10778,0.016896,250,252,252,215,219,220,176,180,181,194,193,192,103,103,99,139,143,147,0.54507,0.5473,0.54904
1,5.965e+05,-2.115,11.52,195,800,-2.1045,11.385,186.75,750.71,0.27412,0.13929,0.027264,0.24532,0.13574,0.02336,0.2282,0.1277,0.0208,255,254,253,233,225,220,184,183,183,171,173,173,83,86,91,183,182,183,0.54816,0.55206,0.55022
1,5.966e+05,-2.115,11.44,195,800,-2.1183,11.326,187.6,852.51,0.34038,0.12439,0.028032,0.29457,0.11999,0.022912,0.2153,0.11597,0.018496,254,254,253,224,221,219,189,186,184,158,159,162,76,77,82,214,209,206,0.53885,0.5467,0.55075
1,5.967e+05,-2.115,11.36,195,800,-2.1087,11.223,186.54,685.28,0.25764,0.12922,0.025088,0.23248,0.12033,0.021504,0.21408,0.11327,0.018752,253,252,252,209,212,215,181,183,185,137,139,143,63,64,69,254,249,241,0.54351,0.55746,0.55708
1,5.968e+05,-2.115,11.28,195,800,-2.1257,11.164,186.47,598.67,0.29183,0.12533,0.027456,0.24962,0.11482,0.02176,0.22324,0.11038,0.018688,252,251,252,214,211,210,180,182,184,134,136,139,61,62,68,255,254,251,0.55975,0.55977,0.55866
1,5.969e+05,-2.115,11.2,195,800,-2.1161,11.09,186.79,567.41,0.28648,0.13119,0.02784,0.25583,0.12115,0.022592,0.22424,0.11498,0.019712,252,251,252,191,194,196,181,180,180,149,147,152,70,74,83,255,254,252,0.56055,0.56379,0.56513
1,5.97e+05,-2.115,11.12,195,800,-2.1204,10.988,186.28,696.19,0.31787,0.11922,0.027712,0.26768,0.11463,0.022592,0.2305,0.11105,0.018944,250,251,252,170,176,183,173,175,177,202,197,192,129,128,129,239,237,235,0.57324,0.57464,0.57464
1,5.971e+05,-2.115,11.04,195,800,-2.1066,10.923,186.69,619.15,0.28238,0.12953,0.027584,0.25937,0.1197,0.023872,0.23689,0.11641,0.021056,251,252,252,179,177,180,178,176,176,236,223,212,176,162,153,218,220,224,0.60081,0.58688,0.57083
1,6.0017e+05,-2.208,11,195,800,-2.2116,10.92,0.31017,842.91,0,0,0,0,0,0,0,0,0,254,253,252,173,173,176,179,177,177,244,240,234,222,212,200,207,213,221,0.52875,0.53253,0.52816
1,6.0027e+05,-2.208,11.08,195,800,-2.2042,10.999,186.26,624.1,0.26387,0.11673,0.021056,0.2457,0.10776,0.018304,0.20743,0.10488,0.015424,253,252,251,172,177,185,171,174,176,188,194,198,136,142,146,243,239,238,0.58158,0.58262,0.58536
1,6.0037e+05,-2.208,11.16,195,800,-2.2148,11.078,185.55,750.45,0.25111,0.11402,0.019904,0.17551,0.11441,0.015488,0.15952,0.10923,0.013376,251,252,251,189,191,194,175,175,176,156,165,177,103,107,116,253,250,246,0.56437,0.56472,0.56795
1,6.0047e+05,-2.208,11.24,195,800,-2.2191,11.147,186.08,661.1,0.26822,0.13938,0.028224,0.24375,0.13009,0.024384,0.22146,0.12366,0.021248,248,250,250,226,220,211,181,180,180,141,144,149,75,77,80,255,255,254,0.54975,0.55843,0.56008
1,6.0057e+05,-2.208,11.32,195,800,-2.2106,11.225,187.2,1056.9,0.30711,0.12262,0.027264,0.24158,0.11816,0.021632,0.21801,0.11387,0.018816,248,249,251,226,221,215,183,183,184,146,145,148,73,75,76,255,253,249,0.56872,0.56032,0.55649
1,6.0067e+05,-2.208,11.4,195,800,-2.2042,11.303,186.87,730.7,0.21484,0.133,0.02208,0.19235,0.12794,0.019456,0.18399,0.12185,0.017536,252,251,251,215,213,213,197,194,189,160,161,161,83,83,84,225,226,224,0.54131,0.55219,0.5545
1,6.0077e+05,-2.208,11.48,195,800,-2.2095,11.36,187.4,588.53,0.32252,0.12657,0.029376,0.27115,0.11965,0.02368,0.23453,0.11479,0.019648,253,253,252,205,210,214,191,189,187,196,188,183,107,106,101,178,180,183,0.55097,0.5496,0.55072
1,6.0087e+05,-2.208,11.56,195,800,-2.2053,11.45,186.4,750.68,0.33917,0.12456,0.031744,0.31487,0.11656,0.027328,0.28888,0.11341,0.024,254,253,252,205,211,216,179,182,185,203,197,193,125,115,105,162,162,165,0.5596,0.54879,0.54853
1,6.0097e+05,-2.208,11.64,195,800,-2.2106,11.541,186.16,901.27,0.32122,0.12917,0.030144,0.28906,0.12022,0.024512,0.24088,0.11595,0.019712,248,250,250,217,223,225,179,180,180,202,203,204,102,103,100,142,140,139,0.54373,0.54331,0.54529
1,6.0107e+05,-2.208,11.72,195,800,-2.218,11.614,187.64,1053.5,0.29944,0.11591,0.02528,0.25093,0.11499,0.021632,0.23562,0.10581,0.018944,250,248,249,231,230,227,181,181,179,203,204,205,88,90,94,132,131,128,0.55701,0.55253,0.5491
1,6.0117e+05,-2.208,11.8,195,800,-2.201,11.694,186.85,718.03,0.35013,0.11181,0.027456,0.3045,0.10439,0.021568,0.23289,0.10285,0.016448,240,244,246,225,227,227,177,178,179,199,198,198,79,80,79,100,103,105,0.557,0.54953,0.5487
1,6.0127e+05,-2.208,11.88,195,800,-2.2148,11.764,186.76,805.46,0.29008,0.12069,0.025728,0.27182,0.11287,0.022528,0.24886,0.10544,0.019264,242,244,244,211,215,216,180,179,177,184,184,185,64,66,67,78,81,85,0.54799,0.54242,0.54364
1,6.0137e+05,-2.208,11.96,195,800,-2.2127,11.848,186.89,998.73,0.24659,0.12444,0.022592,0.22299,0.11787,0.019392,0.19889,0.11289,0.016384,245,244,244,216,212,209,178,179,178,177,177,178,55,58,61,76,77,79,0.5447,0.53987,0.54004
1,6.0147e+05,-2.208,12.04,195,800,-2.2042,11.903,187.21,915.89,0.31134,0.12761,0.028928,0.28312,0.11558,0.023744,0.25132,0.11462,0.020032,240,241,243,188,189,190,179,181,182,162,163,164,48,50,52,78,74,72,0.5336,0.54063,0.54213
1,6.0157e+05,-2.208,12.12,195,800,-2.2191,11.99,186.73,727.33,0.36137,0.12848,0.032192,0.28315,0.11945,0.02464,0.23778,0.11779,0.021312,237,241,244,163,174,184,188,187,184,154,156,159,48,49,51,72,71,70,0.53084,0.54049,0.54119
1,6.0167e+05,-2.208,12.2,195,800,-2.1893,12.054,185.57,1074.1,0.20478,0.12038,0.018688,0.18396,0.11334,0.016192,0.17548,0.10729,0.014592,248,246,244,179,181,185,186,187,187,150,154,159,51,53,54,65,66,67,0.53853,0.5441,0.54177
1,6.0177e+05,-2.208,12.28,195,800,-2.1904,12.123,185.28,650.03,0.30822,0.12561,0.02816,0.27861,0.11715,0.024128,0.25801,0.11361,0.021312,246,246,245,200,200,196,182,182,182,178,171,164,70,60,55,65,67,69,0.52422,0.53609,0.53857
1,6.0187e+05,-2.208,12.36,195,800,-2.201,12.221,186.35,903.33,0.33639,0.12561,0.030848,0.28612,0.11802,0.02496,0.25718,0.111,0.020544,248,246,245,203,201,198,177,178,179,176,172,164,64,58,53,67,69,72,0.54155,0.54156,0.53885
1,6.0197e+05,-2.208,12.44,195,800,-2.2021,12.305,186.67,899.78,0.23565,0.14053,0.02496,0.2117,0.13003,0.020928,0.1989,0.12186,0.018496,246,245,244,191,193,192,168,172,175,164,155,149,43,44,46,81,82,82,0.53574,0.53445,0.53371
1,6.0207e+05,-2.208,12.52,195,800,-2.2031,12.377,184.86,695.99,0.3298,0.13608,0.0336,0.29821,0.12798,0.028672,0.26686,0.11853,0.02368,242,244,244,190,190,190,173,174,175,148,142,137,41,41,42,94,91,86,0.51584,0.5253,0.52801
1,6.0217e+05,-2.208,12.6,195,800,-2.2021,12.466,185.18,874.02,0.27448,0.1298,0.02496,0.20217,0.12337,0.019584,0.18659,0.1189,0.017536,241,244,245,194,193,195,175,177,176,113,118,121,39,39,40,92,92,89,0.5361,0.53158,0.5299
1,6.0227e+05,-2.208,12.68,195,800,-2.2,12.54,186.38,1151.6,0.26934,0.13912,0.027776,0.24836,0.13157,0.024256,0.22765,0.12296,0.02112,251,250,249,221,218,214,167,170,172,114,116,117,39,39,40,85,86,87,0.52557,0.52988,0.53021
1,6.0237e+05,-2.208,12.76,195,800,-2.2084,12.633,186.59,1168.1,0.28479,0.12565,0.025024,0.20424,0.12469,0.01984,0.18786,0.11957,0.017536,253,252,250,242,231,221,166,168,171,117,119,121,40,41,41,87,87,86,0.52205,0.53048,0.53074
1,6.0247e+05,-2.208,12.84,195,800,-2.1755,12.691,186.67,1006.4,0.27428,0.11847,0.022656,0.24472,0.11282,0.019136,0.21513,0.10757,0.016128,254,252,251,224,226,222,172,171,171,131,132,132,44,46,49,88,88,86,0.52903,0.5325,0.53084
1,6.0257e+05,-2.208,12.92,195,800,-2.2031,12.777,185.4,588.13,0.27372,0.11833,0.022592,0.24123,0.11227,0.018496,0.17215,0.10939,0.014784,254,253,251,216,217,214,176,175,172,141,140,139,52,53,55,87,87,87,0.52132,0.52751,0.53056
1,6.0267e+05,-2.208,13,195,800,-2.2127,12.867,185.89,673.07,0.24012,0.12517,0.022592,0.21206,0.11825,0.019008,0.18938,0.11255,0.016256,248,247,246,199,194,192,178,175,173,149,149,147,69,66,63,88,88,88,0.53872,0.53154,0.52806
1,6.0277e+05,-2.208,13.08,195,800,-2.2116,12.959,186.86,1197.8,0.24793,0.12799,0.023872,0.23139,0.12126,0.020736,0.21715,0.1134,0.018496,236,236,239,163,170,177,165,169,174,145,149,153,57,62,66,89,88,86,0.5313,0.53232,0.53122
1,6.0287e+05,-2.208,13.16,195,800,-2.2318,13.055,186.86,964.93,0.25801,0.11505,0.021248,0.20211,0.11202,0.01728,0.17741,0.10679,0.01472,234,235,237,166,170,177,168,171,174,150,153,154,67,65,65,85,84,85,0.54167,0.53217,0.53004
1,6.0297e+05,-2.208,13.24,195,800,-2.1915,13.083,185.97,671.28,0.21962,0.12022,0.019008,0.18468,0.11338,0.015872,0.16004,0.11038,0.013824,246,243,241,183,188,190,173,172,173,160,157,155,68,66,61,79,79,80,0.52647,0.52922,0.53107
1,6.0307e+05,-2.208,13.32,195,800,-2.2095,13.17,185.8,692.03,0.18826,0.12996,0.01888,0.16999,0.11981,0.016192,0.16011,0.11677,0.014848,249,247,244,197,199,197,166,170,173,152,154,155,57,59,60,78,78,79,0.52259,0.53024,0.532
1,6.0317e+05,-2.208,13.4,195,800,-2.2106,13.279,184.9,759.5,0.28127,0.1348,0.029696,0.25668,0.12873,0.025664,0.23617,0.12128,0.022656,253,249,245,202,196,188,172,173,176,146,147,149,54,53,54,77,77,78,0.52955,0.52963,0.52977
1,6.0327e+05,-2.208,13.48,195,800,-2.2053,13.336,185.24,1074.3,0.24766,0.13132,0.025344,0.23223,0.12203,0.0224,0.22046,0.11897,0.020544,239,238,238,149,154,158,187,187,187,142,142,143,52,52,52,80,82,84,0.51987,0.5239,0.52778
1,6.0337e+05,-2.208,13.56,195,800,-2.201,13.427,186.15,784.63,0.30626,0.12043,0.026816,0.27579,0.11267,0.022784,0.23868,0.10811,0.019008,230,232,235,134,138,146,197,194,191,138,137,138,50,51,52,90,90,90,0.5238,0.52789,0.52855
1,6.0347e+05,-2.208,13.64,195,800,-2.2,13.493,185.64,493.41,0.25016,0.12269,0.022848,0.2333,0.11463,0.019712,0.20538,0.10978,0.01728,239,237,237,141,148,160,200,192,184,122,123,127,51,54,55,105,102,97,0.5192,0.52801,0.5285
1,6.0357e+05,-2.208,13.72,195,800,-2.2148,13.575,185.33,724.66,0.31175,0.12529,0.028736,0.27471,0.11714,0.024,0.24754,0.11321,0.020736,246,244,242,182,181,183,183,179,176,121,120,122,56,57,56,98,98,96,0.52372,0.52838,0.53049
1,6.0367e+05,-2.208,13.8,195,800,-2.2,13.657,184.82,786.6,0.30084,0.1235,0.02624,0.24504,0.11759,0.021248,0.21048,0.11385,0.018112,254,252,250,248,243,231,159,159,164,117,118,120,52,53,55,79,81,84,0.51987,0.52851,0.52947
1,6.0377e+05,-2.208,13.88,195,800,-2.1925,13.71,185,1084.5,0.25343,0.12153,0.022848,0.21891,0.11734,0.019072,0.19763,0.11381,0.016576,255,253,252,254,247,238,170,168,166,129,128,128,51,53,57,72,75,77,0.52412,0.53265,0.52985
1,6.0387e+05,-2.208,13.96,195,800,-2.2053,13.817,185.86,1115.9,0.23876,0.12531,0.022464,0.22416,0.11704,0.020032,0.21543,0.11366,0.01824,253,252,251,239,231,225,178,173,169,142,136,133,60,61,63,77,76,75,0.54897,0.53412,0.53003
1,6.0397e+05,-2.208,14.04,195,800,-2.201,13.893,188.2,766.8,0.30947,0.12475,0.027648,0.24779,0.12233,0.02208,0.20767,0.11663,0.018496,249,250,250,182,190,200,176,175,173,148,145,143,89,85,77,76,75,75,0.52433,0.53275,0.53027
1,6.0407e+05,-2.208,14.12,195,800,-2.2095,13.966,186.48,673.61,0.29401,0.13061,0.02912,0.25332,0.12381,0.024128,0.21976,0.12118,0.020736,251,250,249,188,191,194,178,173,173,159,149,144,100,88,77,76,74,75,0.52586,0.52734,0.53142
1,6.0417e+05,-2.208,14.2,195,800,-2.2201,14.061,186.04,641.9,0.2274,0.12523,0.021376,0.20148,0.11881,0.018496,0.18404,0.11392,0.01632,247,244,243,227,207,192,169,171,175,149,147,145,57,63,68,77,76,76,0.5322,0.53279,0.5324
1,6.0427e+05,-2.208,14.28,195,800,-2.2074,14.139,186.16,977.25,0.25295,0.12573,0.023808,0.22741,0.12237,0.020608,0.20451,0.11494,0.018176,232,235,239,192,192,193,177,177,177,145,144,144,48,50,54,80,80,79,0.53844,0.53752,0.53427
1,6.0437e+05,-2.208,14.36,195,800,-2.2191,14.224,187.27,978.23,0.29612,0.12392,0.025856,0.26283,0.114,0.020928,0.22513,0.11154,0.01792,237,237,240,187,190,192,180,179,179,147,145,145,50,50,52,83,82,82,0.53016,0.53076,0.53399
1,6.0447e+05,-2.208,14.44,195,800,-2.2042,14.29,187.55,937.09,0.29633,0.12209,0.027072,0.26317,0.11716,0.022784,0.23231,0.11409,0.019968,249,248,245,207,204,202,181,181,181,154,150,148,54,55,57,88,87,88,0.52796,0.53053,0.5334
1,6.0457e+05,-2.208,14.52,195,800,-2.2074,14.362,186.61,1012.6,0.22714,0.13204,0.02272,0.20283,0.12261,0.019136,0.18498,0.12113,0.017344,251,248,247,216,215,211,185,182,182,156,152,150,57,59,62,93,92,93,0.52506,0.53145,0.53204
1,6.0467e+05,-2.208,14.6,195,800,-2.2,14.445,187.02,860.36,0.28944,0.11606,0.024256,0.25818,0.113,0.02048,0.22544,0.10919,0.017472,245,248,249,240,228,219,183,187,186,165,149,145,64,63,61,106,101,98,0.53584,0.53044,0.53158
1,6.0477e+05,-2.208,14.68,195,800,-2.1946,14.52,187.63,460.68,0.27673,0.13139,0.027072,0.25347,0.12494,0.023616,0.24061,0.12009,0.02112,250,250,249,224,220,218,193,190,185,130,132,136,48,51,55,95,95,97,0.54401,0.53457,0.53436
1,6.0487e+05,-2.208,14.76,195,800,-2.2244,14.615,186.51,977.85,0.27391,0.13089,0.026048,0.24418,0.12589,0.02272,0.21902,0.12198,0.020096,246,249,250,214,214,212,190,186,184,126,128,130,47,48,50,90,93,95,0.5255,0.53091,0.5335
1,6.0497e+05,-2.208,14.84,195,800,-2.201,14.678,187.22,1058.7,0.23148,0.12907,0.02272,0.20573,0.12168,0.01952,0.18865,0.11802,0.017408,253,251,250,196,200,206,182,181,180,119,121,125,49,49,49,101,97,95,0.52937,0.53145,0.5342
1,6.0507e+05,-2.208,14.92,195,800,-2.2042,14.758,187.45,820.41,0.24186,0.13027,0.02304,0.21041,0.12577,0.019776,0.1902,0.11991,0.01728,253,252,251,199,202,207,182,181,181,118,120,125,47,49,51,101,98,95,0.53957,0.53217,0.53165
1,6.0517e+05,-2.208,15,195,800,-2.2222,14.849,187.68,1066.6,0.24402,0.12506,0.02144,0.21395,0.11858,0.01856,0.19817,0.11291,0.016,253,252,251,232,222,211,179,181,182,128,128,129,53,54,54,91,94,96,0.53316,0.53726,0.53841
1,6.0527e+05,-2.208,15.08,195,800,-2.2031,14.93,186.05,827.99,0.24774,0.12508,0.023232,0.22337,0.12178,0.020416,0.20507,0.11334,0.017664,245,248,250,200,211,211,171,175,180,134,138,141,57,58,59,94,94,95,0.54418,0.5425,0.54213
1,6.0537e+05,-2.208,15.16,195,800,-2.2031,14.986,187.33,647.57,0.28121,0.12611,0.02624,0.26196,0.12019,0.022976,0.23832,0.11525,0.020224,244,246,250,201,202,202,170,176,178,145,146,150,58,59,61,92,94,96,0.53599,0.54382,0.54309
1,6.0547e+05,-2.208,15.24,195,800,-2.1946,15.065,186.27,1012.2,0.27459,0.14621,0.027584,0.24518,0.13495,0.02272,0.21727,0.12843,0.020096,252,251,249,176,183,188,182,178,174,176,176,180,61,65,71,95,97,97,0.54235,0.5419,0.54354
1,6.0557e+05,-2.208,15.32,195,800,-2.2031,15.165,187.28,1223.2,0.23551,0.14173,0.025536,0.20939,0.13366,0.02176,0.19486,0.12535,0.019008,252,250,247,166,177,188,174,174,174,192,198,200,68,73,81,98,99,98,0.54966,0.54559,0.54538
1,6.0567e+05,-2.208,15.4,195,800,-2.2095,15.248,186.04,875.24,0.30173,0.12412,0.027392,0.25679,0.11996,0.023232,0.2349,0.115,0.020288,242,242,244,208,204,198,169,172,173,250,241,235,100,98,95,100,100,100,0.54628,0.54531,0.5479
1,6.0577e+05,-2.208,15.48,195,800,-2.1766,15.291,186.83,1061.8,0.23505,0.12403,0.02144,0.20119,0.11722,0.018048,0.18301,0.11555,0.016512,249,246,245,220,217,209,169,171,172,253,253,253,101,105,109,99,100,100,0.5507,0.5493,0.54894
1,6.0587e+05,-2.208,15.56,195,800,-2.2169,15.407,186.33,885.7,0.27433,0.12453,0.025152,0.23944,0.11857,0.021184,0.20915,0.11237,0.018304,251,250,248,210,212,211,163,168,173,255,255,254,110,113,116,93,96,98,0.55017,0.54628,0.54889
1,6.0597e+05,-2.208,15.64,195,800,-2.2106,15.47,185.01,503.48,0.31758,0.11755,0.026944,0.263,0.11531,0.022144,0.22309,0.1108,0.018176,255,253,251,220,209,199,180,176,174,255,255,255,137,134,128,84,87,92,0.54466,0.54952,0.55074
1,6.0607e+05,-2.208,15.72,195,800,-2.2307,15.569,187.33,996.32,0.24749,0.12231,0.022656,0.21942,0.11555,0.018944,0.19646,0.10912,0.016384,253,252,251,203,194,187,185,181,176,255,255,255,130,132,132,80,83,88,0.55608,0.55612,0.55779
1,6.0617e+05,-2.208,15.8,195,800,-2.2084,15.628,187.5,858.7,0.26128,0.13004,0.025152,0.23457,0.12263,0.021952,0.21782,0.11862,0.01952,248,250,251,148,159,171,176,176,174,255,255,255,116,119,126,85,85,88,0.55937,0.55902,0.56187
1,6.0627e+05,-2.208,15.88,195,800,-2.2137,15.716,186.94,822.49,0.32053,0.12748,0.0304,0.26697,0.11865,0.024256,0.23121,0.11799,0.02112,255,253,252,185,179,176,156,162,168,255,255,255,118,124,131,96,102,109,0.57772,0.57381,0.57233
1,6.0637e+05,-2.208,15.96,195,800,-2.1978,15.789,186.51,659.94,0.25934,0.12968,0.0256,0.23808,0.12594,0.023104,0.22529,0.11814,0.020352,253,253,253,190,190,185,156,161,167,255,255,255,133,135,138,116,124,123,0.57954,0.57845,0.56896
1,6.0944e+05,-2.301,16,195,800,-2.3188,15.794,-0.057284,588.09,0,0,0,0,0,0,0,0,0,254,254,254,213,210,207,169,169,169,255,255,255,159,155,148,149,138,132,0.51715,0.5221,0.52305
1,6.0954e+05,-2.301,15.92,195,800,-2.3029,15.708,186.93,653.66,0.19661,0.12058,0.017536,0.1819,0.11683,0.015616,0.17371,0.11138,0.013952,254,254,254,186,185,185,169,170,170,255,255,255,132,136,141,97,102,108,0.5739,0.57589,0.57642
1,6.0964e+05,-2.301,15.84,195,800,-2.3145,15.649,187.71,674.68,0.22052,0.12009,0.02016,0.20329,0.10974,0.01664,0.1699,0.10779,0.014016,255,253,253,167,169,174,174,172,171,255,255,255,121,130,140,91,92,95,0.56341,0.56583,0.56656
1,6.0974e+05,-2.301,15.76,195,800,-2.2976,15.55,186.18,1089.6,0.26328,0.1382,0.027904,0.24033,0.12981,0.023872,0.22285,0.12341,0.02112,250,251,252,158,162,172,173,174,174,255,255,255,148,148,145,86,88,89,0.56969,0.56136,0.55944
1,6.0984e+05,-2.301,15.68,195,800,-2.3029,15.466,185.26,875.05,0.33071,0.12756,0.030464,0.26603,0.12272,0.022912,0.20336,0.11517,0.017536,251,251,251,170,176,181,174,174,174,255,255,255,159,153,144,92,91,90,0.56117,0.55988,0.55748
1,6.0994e+05,-2.301,15.6,195,800,-2.2986,15.399,185.95,711.48,0.35124,0.13887,0.035456,0.3096,0.13422,0.0304,0.24717,0.1309,0.024256,250,249,248,208,206,203,164,170,174,255,255,255,126,126,125,95,95,95,0.55008,0.54835,0.55068
1,6.1004e+05,-2.301,15.52,195,800,-2.2795,15.315,184.63,1115.7,0.41925,0.14867,0.040256,0.35386,0.11393,0.02912,0.30504,0.10714,0.023872,242,242,243,207,213,210,182,177,173,255,255,254,87,96,104,96,98,99,0.54549,0.54725,0.54881
1,6.1014e+05,-2.301,15.44,195,800,-2.3071,15.251,185.82,881.59,0.33405,0.12585,0.029824,0.24647,0.12185,0.022144,0.21816,0.11283,0.018752,237,240,242,214,210,206,184,178,173,255,254,248,95,96,98,100,100,99,0.5509,0.54656,0.54664
1,6.1024e+05,-2.301,15.36,195,800,-2.3135,15.177,185.34,618.23,0.2984,0.12939,0.02784,0.26103,0.12085,0.02272,0.2302,0.11442,0.01888,243,243,245,195,193,193,165,169,174,232,230,223,99,98,94,96,99,101,0.55781,0.55022,0.54768
1,6.1034e+05,-2.301,15.28,195,800,-2.2944,15.094,186.2,799.48,0.30462,0.13264,0.030464,0.28019,0.12177,0.025856,0.25986,0.11739,0.022912,249,248,247,180,185,190,165,171,174,206,207,205,90,90,87,105,102,101,0.53752,0.54221,0.54558
1,6.1044e+05,-2.301,15.2,195,800,-2.2848,14.996,185.77,738.43,0.30754,0.13342,0.030592,0.27397,0.12512,0.025472,0.23883,0.11911,0.021888,249,249,250,211,203,194,178,176,176,159,164,167,66,69,70,101,103,101,0.52803,0.54028,0.54219
1,6.1054e+05,-2.301,15.12,195,800,-2.3103,14.948,187.32,998.13,0.30419,0.13598,0.0304,0.26545,0.12824,0.025344,0.22143,0.12689,0.021824,251,250,249,210,208,205,173,176,178,139,143,146,52,53,56,104,100,98,0.5381,0.54107,0.54266
1,6.1064e+05,-2.301,15.04,195,800,-2.3156,14.878,184.12,580.83,0.28568,0.12771,0.026944,0.25907,0.11814,0.022784,0.23726,0.11323,0.02016,254,251,249,200,203,205,181,180,179,141,141,141,50,51,52,99,98,96,0.54332,0.53787,0.54037
1,6.1074e+05,-2.301,14.96,195,800,-2.2933,14.771,187.27,674.17,0.31832,0.1259,0.029632,0.28228,0.11879,0.02496,0.25247,0.11268,0.02112,245,248,248,200,199,198,187,185,182,136,136,135,49,49,50,98,97,95,0.52873,0.53551,0.53804
1,6.1084e+05,-2.301,14.88,195,800,-2.3167,14.71,186.12,680.57,0.34859,0.12884,0.032704,0.29624,0.11824,0.02624,0.25887,0.11551,0.022528,247,247,247,191,192,195,185,184,182,132,133,134,51,49,49,98,96,95,0.53949,0.5345,0.53371
1,6.1094e+05,-2.301,14.8,195,800,-2.2944,14.621,187.36,1231.6,0.26929,0.13353,0.027008,0.23746,0.1276,0.02304,0.21292,0.12256,0.02016,245,245,246,185,192,197,178,178,178,133,134,134,46,47,48,93,95,96,0.54126,0.53559,0.53272
1,6.1104e+05,-2.301,14.72,195,800,-2.3082,14.568,186.06,808.16,0.40192,0.13157,0.034432,0.32741,0.1258,0.026688,0.24035,0.11788,0.02016,248,248,247,214,210,207,167,175,179,140,140,143,49,51,55,96,97,97,0.51625,0.53054,0.53373
1,6.1114e+05,-2.301,14.64,195,800,-2.3092,14.48,187.87,774.93,0.36953,0.12774,0.03232,0.30499,0.1211,0.024832,0.21077,0.11854,0.019008,252,251,248,210,216,211,174,178,181,143,147,148,58,65,60,94,97,98,0.54127,0.53385,0.53351
1,6.1124e+05,-2.301,14.56,195,800,-2.288,14.373,185.96,896.69,0.32111,0.12888,0.030528,0.28302,0.12226,0.0256,0.26334,0.11799,0.022592,250,250,249,215,214,207,180,183,183,152,158,158,84,75,63,101,97,94,0.53089,0.53206,0.53456
1,6.1134e+05,-2.301,14.48,195,800,-2.2923,14.299,186.05,1135.4,0.28457,0.12527,0.026368,0.25586,0.11685,0.0224,0.24479,0.10985,0.019776,250,248,247,205,205,205,181,181,182,157,159,162,60,64,63,92,92,90,0.52043,0.52687,0.53027
1,6.1144e+05,-2.301,14.4,195,800,-2.2954,14.223,185.04,1006.3,0.27861,0.12733,0.02592,0.25028,0.12068,0.022464,0.23251,0.11651,0.02016,238,241,242,199,199,197,177,176,177,159,161,162,51,53,55,80,81,83,0.52186,0.52925,0.52975
1,6.1154e+05,-2.301,14.32,195,800,-2.3124,14.157,186.8,884.41,0.28511,0.14048,0.029376,0.26019,0.13299,0.025024,0.23415,0.12665,0.021888,241,239,238,190,192,193,175,177,176,156,158,160,54,57,60,78,78,79,0.52389,0.53339,0.5333
1,6.1164e+05,-2.301,14.24,195,800,-2.3039,14.074,186.34,788.28,0.31495,0.12638,0.025984,0.22444,0.11954,0.019648,0.19309,0.11793,0.017024,245,240,238,184,188,190,184,181,176,155,156,158,66,67,67,77,78,79,0.53409,0.53221,0.53102
1,6.1174e+05,-2.301,14.16,195,800,-2.2965,13.988,187.02,1000.8,0.28797,0.13524,0.029888,0.27035,0.12737,0.026048,0.25871,0.1179,0.022912,243,243,242,170,178,186,181,180,177,151,153,155,106,96,82,75,77,79,0.51667,0.52621,0.5295
1,6.1184e+05,-2.301,14.08,195,800,-2.2965,13.909,187.03,1154.6,0.27873,0.13083,0.027008,0.23966,0.12582,0.022464,0.20685,0.12176,0.0192,247,246,244,167,177,189,175,175,175,150,152,153,115,98,84,76,77,79,0.52128,0.52751,0.53009
1,6.1194e+05,-2.301,14,195,800,-2.3061,13.831,186.79,998.32,0.32037,0.12585,0.029312,0.27955,0.11691,0.024192,0.2498,0.11447,0.02112,248,249,249,198,203,208,174,173,172,149,149,150,75,76,75,76,76,78,0.51581,0.52355,0.52714
1,6.1204e+05,-2.301,13.92,195,800,-2.3124,13.77,187.33,583.25,0.24748,0.1188,0.022016,0.22476,0.11304,0.019072,0.21567,0.1059,0.017024,252,252,252,242,239,235,168,169,169,138,139,141,56,58,61,74,76,79,0.53092,0.53004,0.52858
1,6.1214e+05,-2.301,13.84,195,800,-2.3114,13.689,186.76,716.36,0.24926,0.13524,0.024192,0.22032,0.12761,0.02112,0.20157,0.12261,0.01856,252,253,252,253,248,238,169,166,166,128,132,138,51,55,59,76,78,82,0.53079,0.52619,0.52644
1,6.1224e+05,-2.301,13.76,195,800,-2.288,13.571,187.26,1134.2,0.22067,0.12329,0.020352,0.1926,0.11814,0.017344,0.17374,0.11378,0.015424,249,248,246,225,215,204,159,165,171,126,129,133,72,65,59,91,92,92,0.52287,0.52473,0.52706
1,6.1234e+05,-2.301,13.68,195,800,-2.2976,13.516,186.32,963.33,0.33613,0.1195,0.027328,0.26868,0.11433,0.021632,0.21026,0.11256,0.016832,240,240,241,172,176,179,174,174,176,129,132,137,72,64,58,101,101,97,0.53529,0.53007,0.52884
1,6.1244e+05,-2.301,13.6,195,800,-2.3188,13.449,185.81,955.78,0.25816,0.12747,0.024704,0.2259,0.12247,0.0208,0.20994,0.11368,0.018048,229,230,234,127,131,140,194,194,190,149,150,151,47,50,54,110,102,95,0.53114,0.52704,0.52594
1,6.1254e+05,-2.301,13.52,195,800,-2.3007,13.357,186.97,719.91,0.31126,0.13141,0.029632,0.28468,0.12054,0.025344,0.2662,0.116,0.02272,239,237,236,142,145,150,200,193,187,165,165,164,53,53,53,80,83,85,0.52803,0.53173,0.52901
1,6.1264e+05,-2.301,13.44,195,800,-2.3061,13.284,186.54,726.54,0.27939,0.12369,0.026304,0.24256,0.12013,0.021952,0.21772,0.11164,0.018688,243,241,239,160,162,165,188,184,182,168,167,168,54,54,54,81,80,80,0.53657,0.52974,0.52857
1,6.1274e+05,-2.301,13.36,195,800,-2.2965,13.189,187.22,991.02,0.29478,0.13456,0.02752,0.22276,0.13074,0.022656,0.20815,0.12845,0.020928,246,245,243,196,193,191,169,170,173,168,169,171,52,54,58,78,79,79,0.52119,0.52657,0.52654
1,6.1284e+05,-2.301,13.28,195,800,-2.3071,13.135,186.72,840.81,0.26924,0.123,0.022848,0.1855,0.12266,0.017472,0.16502,0.11718,0.014976,244,244,243,196,200,198,170,171,172,170,172,173,57,60,62,78,79,79,0.54397,0.52999,0.52642
1,6.1294e+05,-2.301,13.2,195,800,-2.3251,13.075,186.08,851.44,0.32736,0.12838,0.029184,0.18932,0.12955,0.01888,0.17603,0.12276,0.017088,241,240,241,200,192,190,179,177,176,182,178,175,79,71,65,78,80,83,0.52382,0.52707,0.52912
1,6.1304e+05,-2.301,13.12,195,800,-2.322,12.967,187.1,572.02,0.28138,0.12623,0.02688,0.2551,0.11992,0.022976,0.23827,0.10982,0.019776,240,240,242,180,180,184,178,175,174,174,175,175,60,67,71,93,89,87,0.53286,0.52798,0.52781
1,6.1314e+05,-2.301,13.04,195,800,-2.2912,12.874,186.75,921.53,0.31086,0.11012,0.02272,0.26288,0.10453,0.018176,0.19643,0.10393,0.013888,245,245,245,187,183,183,167,170,172,178,175,173,74,73,70,95,91,88,0.53719,0.52901,0.52894
1,6.1324e+05,-2.301,12.96,195,800,-2.2986,12.812,185.25,852.77,0.25677,0.11887,0.022912,0.23264,0.11535,0.020352,0.21622,0.11059,0.018048,254,253,251,188,194,199,162,166,170,167,168,166,70,69,65,82,85,88,0.5338,0.53098,0.52819
1,6.1334e+05,-2.301,12.88,195,800,-2.3082,12.73,187.77,722.86,0.30535,0.1302,0.028736,0.26284,0.12554,0.024128,0.23934,0.11807,0.020608,255,254,253,209,207,208,167,169,172,157,158,158,55,57,59,86,85,86,0.51459,0.52328,0.5278
1,6.1344e+05,-2.301,12.8,195,800,-2.3061,12.664,187.97,872.81,0.34415,0.12899,0.031104,0.28068,0.12247,0.024448,0.22405,0.11873,0.019776,255,255,254,235,231,221,179,177,176,138,139,140,45,45,46,86,86,86,0.53059,0.53123,0.53161
1,6.1354e+05,-2.301,12.72,195,800,-2.3114,12.606,185.48,491.18,0.30279,0.11937,0.025536,0.27251,0.11069,0.020992,0.22665,0.10985,0.017728,254,253,251,217,215,211,172,175,177,126,126,128,41,41,42,82,84,88,0.52172,0.52613,0.52959
1,6.1364e+05,-2.301,12.64,195,800,-2.3103,12.505,186.44,495.95,0.26129,0.12829,0.025792,0.24211,0.1227,0.022528,0.22859,0.11463,0.019776,250,249,249,195,199,202,175,176,178,121,123,127,40,40,41,85,88,91,0.52277,0.52486,0.5265
1,6.1374e+05,-2.301,12.56,195,800,-2.2965,12.386,187.43,929.76,0.2466,0.12626,0.023616,0.22535,0.1209,0.0208,0.208,0.11235,0.018048,243,245,246,182,186,190,186,183,178,129,133,137,39,40,42,100,98,95,0.53097,0.52874,0.52814
1,6.1384e+05,-2.301,12.48,195,800,-2.3092,12.342,186.21,810.04,0.23676,0.12196,0.021376,0.21921,0.11501,0.018432,0.19751,0.1088,0.016192,247,246,246,189,189,192,189,182,177,139,143,147,41,42,44,99,96,94,0.52389,0.52805,0.53085
1,6.1394e+05,-2.301,12.4,195,800,-2.3156,12.273,186.1,887.27,0.2492,0.12736,0.022912,0.20854,0.12433,0.019136,0.19788,0.11448,0.017024,249,248,247,208,205,202,170,174,177,160,164,167,50,51,54,81,83,86,0.53988,0.53418,0.53736
1,6.1404e+05,-2.301,12.32,195,800,-2.3135,12.189,185.67,727.03,0.22653,0.12733,0.021056,0.20342,0.12263,0.018752,0.19362,0.11794,0.017216,247,247,248,204,205,202,185,180,179,173,173,174,64,65,62,73,74,76,0.5472,0.54285,0.53957
1,6.1414e+05,-2.301,12.24,195,800,-2.305,12.095,186.54,713.78,0.30609,0.12105,0.026112,0.26639,0.11841,0.022464,0.22579,0.11451,0.018816,245,246,247,196,194,197,183,182,182,169,171,174,66,65,62,70,71,73,0.53929,0.54201,0.54048
1,6.1424e+05,-2.301,12.16,195,800,-2.2976,12.019,186.93,832.28,0.24058,0.12843,0.02304,0.22349,0.11689,0.01952,0.21217,0.11341,0.017408,247,246,245,179,186,193,179,181,183,163,168,176,54,55,56,68,69,71,0.5401,0.54341,0.54112
1,6.1434e+05,-2.301,12.08,195,800,-2.2891,11.909,187.37,1045.6,0.25071,0.13353,0.026112,0.22947,0.12295,0.02208,0.21098,0.11795,0.019392,245,245,246,192,193,196,177,178,180,172,175,181,51,52,54,70,70,71,0.53335,0.54046,0.54055
1,6.1444e+05,-2.301,12,195,800,-2.3177,11.857,185.99,799.93,0.31993,0.12289,0.028672,0.30167,0.11477,0.024896,0.27577,0.10986,0.021952,249,247,246,211,210,208,165,169,175,193,195,197,55,55,57,76,76,76,0.53253,0.53839,0.54018
1,6.1454e+05,-2.301,11.92,195,800,-2.3007,11.765,187.52,583.52,0.24754,0.12537,0.023232,0.22427,0.1201,0.020096,0.20539,0.11327,0.017408,250,249,248,222,221,220,169,170,173,209,211,213,69,69,68,89,87,87,0.53781,0.54412,0.5441
1,6.1464e+05,-2.301,11.84,195,800,-2.3029,11.705,187.29,825.88,0.24243,0.12053,0.021312,0.21215,0.11751,0.018176,0.20125,0.10815,0.016064,253,251,249,237,230,226,170,171,174,218,219,219,83,78,73,99,97,96,0.55042,0.54665,0.54554
1,6.1474e+05,-2.301,11.76,195,800,-2.2859,11.615,186.56,841.86,0.25438,0.12809,0.024,0.22248,0.12109,0.02048,0.20413,0.11591,0.01792,255,253,251,246,239,231,176,178,178,231,230,227,76,81,86,126,122,117,0.5642,0.55133,0.5462
1,6.1484e+05,-2.301,11.68,195,800,-2.3092,11.531,186.63,968.97,0.32068,0.12504,0.02976,0.28252,0.12052,0.02528,0.26035,0.11077,0.02144,254,253,252,235,235,231,181,181,179,234,230,227,81,87,94,135,131,127,0.54493,0.54871,0.54913
1,6.1494e+05,-2.301,11.6,195,800,-2.3007,11.465,186.61,795.85,0.2553,0.1171,0.021952,0.21596,0.11293,0.018176,0.18868,0.10967,0.015616,253,253,252,231,224,220,182,183,184,215,218,220,115,113,106,143,146,150,0.54621,0.54647,0.54658
1,6.1504e+05,-2.301,11.52,195,800,-2.2944,11.384,186.13,734.8,0.2574,0.12522,0.022272,0.22324,0.11233,0.017984,0.19412,0.10884,0.01536,252,252,252,203,207,211,188,190,189,192,196,199,112,109,103,178,180,184,0.55267,0.55229,0.54841
1,6.1514e+05,-2.301,11.44,195,800,-2.2976,11.298,186.88,950.14,0.31134,0.13431,0.032,0.28566,0.12639,0.027328,0.26028,0.11846,0.023808,248,250,252,203,204,209,191,194,191,177,182,186,98,98,96,201,204,206,0.55993,0.55311,0.55147
1,6.1524e+05,-2.301,11.36,195,800,-2.2976,11.213,185.14,900.1,0.25636,0.13647,0.026304,0.23564,0.12709,0.022656,0.21733,0.12454,0.02048,250,251,251,203,213,217,192,190,187,153,158,164,84,82,81,250,245,240,0.56135,0.55472,0.55511
1,6.1534e+05,-2.301,11.28,195,800,-2.3145,11.151,187.19,596.98,0.24753,0.14688,0.024576,0.21535,0.1398,0.020928,0.19099,0.13096,0.018496,252,251,251,220,222,220,183,183,183,151,154,159,80,79,79,255,254,250,0.56461,0.56138,0.55964
1,6.1544e+05,-2.301,11.2,195,800,-2.2647,11.037,186.22,1222.7,0.26605,0.12736,0.024768,0.23923,0.11693,0.020992,0.22393,0.10891,0.018176,249,251,251,230,221,213,173,176,177,158,161,166,82,86,93,255,255,254,0.56855,0.56462,0.56519
1,6.1554e+05,-2.301,11.12,195,800,-2.2912,10.987,187.1,915.33,0.32193,0.13275,0.031104,0.2835,0.125,0.026176,0.25503,0.12081,0.022976,251,251,251,186,189,192,178,178,178,203,202,200,145,151,151,250,248,245,0.56877,0.57589,0.57782
1,6.1564e+05,-2.301,11.04,195,800,-2.2901,10.917,186.89,948.02,0.28467,0.12137,0.024832,0.25565,0.11611,0.021376,0.23172,0.11055,0.018688,251,252,251,173,179,183,176,179,179,241,230,218,218,200,183,239,239,240,0.59229,0.5874,0.57394
1,6.1871e+05,-2.394,11,195,800,-2.4291,10.958,0.58824,1575.8,0,0,0,0,0,0,0,0,0,248,247,247,175,181,185,182,180,178,240,232,226,233,214,194,248,249,248,0.50574,0.50699,0.51434
1,6.1881e+05,-2.394,11.08,195,800,-2.4047,10.988,184.57,918.71,0.20728,0.11995,0.016832,0.16278,0.11695,0.0144,0.14966,0.11419,0.012992,247,248,249,205,202,200,179,178,176,188,193,199,125,132,138,255,254,252,0.58359,0.58398,0.58488
1,6.1891e+05,-2.394,11.16,195,800,-2.4111,11.079,185.83,1100.8,0.2422,0.12213,0.02208,0.21136,0.11611,0.018816,0.1966,0.11296,0.016768,252,251,250,207,210,209,180,178,175,174,178,185,89,96,107,255,255,254,0.5723,0.56655,0.56939
1,6.1901e+05,-2.394,11.24,195,800,-2.3984,11.137,185.3,607.14,0.25481,0.1151,0.020416,0.23036,0.10837,0.017536,0.19824,0.10287,0.014784,254,253,252,221,220,217,172,174,176,170,170,170,67,69,74,255,255,255,0.54513,0.55825,0.56086
1,6.1911e+05,-2.394,11.32,195,800,-2.3782,11.197,186.98,584.08,0.2775,0.12669,0.026496,0.25285,0.12094,0.022912,0.23818,0.1128,0.02048,253,253,252,228,222,217,171,174,177,171,170,171,63,67,72,255,255,252,0.5449,0.55656,0.55752
1,6.1921e+05,-2.394,11.4,195,800,-2.3984,11.297,186.33,836.4,0.30713,0.12032,0.026496,0.25291,0.11654,0.021312,0.22232,0.10832,0.017728,252,252,252,215,211,211,189,186,183,183,186,189,79,79,80,247,239,231,0.54565,0.54999,0.55339
1,6.1931e+05,-2.394,11.48,195,800,-2.3931,11.381,187.46,864.42,0.26368,0.1273,0.023488,0.18585,0.12252,0.017728,0.16841,0.11969,0.015808,253,252,252,208,210,212,197,191,185,234,225,217,92,93,95,187,191,193,0.53884,0.54971,0.5499
1,6.1941e+05,-2.394,11.56,195,800,-2.3931,11.441,185.56,754.85,0.30629,0.12507,0.027648,0.28162,0.11594,0.023488,0.25968,0.11119,0.020416,252,252,251,223,219,216,187,186,185,246,238,230,95,99,100,160,166,171,0.55647,0.55026,0.54892
1,6.1951e+05,-2.394,11.64,195,800,-2.4015,11.531,184.49,770.97,0.2848,0.1329,0.028736,0.26404,0.12714,0.025216,0.25413,0.12006,0.022592,250,251,252,223,224,224,181,181,182,251,248,243,118,105,98,129,132,137,0.54026,0.55065,0.548
1,6.1961e+05,-2.394,11.72,195,800,-2.4164,11.626,186.11,784.76,0.28698,0.12897,0.026816,0.21809,0.12466,0.020032,0.18149,0.11695,0.016448,252,252,252,222,226,225,185,183,181,253,249,245,96,97,95,120,122,124,0.54335,0.54469,0.54373
1,6.1971e+05,-2.394,11.8,195,800,-2.4058,11.698,186.89,758.99,0.20956,0.13507,0.021824,0.17801,0.13049,0.018048,0.16145,0.12546,0.016192,255,253,251,226,224,222,177,178,179,251,247,244,83,82,82,103,104,104,0.54056,0.54677,0.54487
1,6.1981e+05,-2.394,11.88,195,800,-2.3899,11.756,186.27,763.91,0.27808,0.12891,0.026752,0.24162,0.12148,0.022208,0.22456,0.11813,0.019328,247,247,249,212,215,217,175,176,176,245,242,236,67,69,72,79,84,88,0.54147,0.54559,0.54516
1,6.1991e+05,-2.394,11.96,195,800,-2.4026,11.853,186.44,966.32,0.28931,0.12928,0.027712,0.2597,0.12213,0.023744,0.23486,0.11628,0.020672,248,248,248,215,214,214,176,176,177,243,237,230,61,62,65,75,77,81,0.5484,0.54489,0.54287
1,6.2001e+05,-2.394,12.04,195,800,-2.3814,11.923,186.82,972.79,0.33962,0.12356,0.028992,0.28728,0.11485,0.02304,0.23418,0.11066,0.018496,247,248,248,218,214,210,182,183,182,224,219,213,55,56,58,70,72,74,0.54267,0.53968,0.54024
1,6.2011e+05,-2.394,12.12,195,800,-2.3877,12.008,185.55,751.82,0.2427,0.12769,0.02368,0.22045,0.1225,0.020672,0.20609,0.11556,0.01856,245,247,248,224,214,208,194,188,184,212,209,204,54,55,58,71,72,74,0.54124,0.54408,0.54454
1,6.2021e+05,-2.394,12.2,195,800,-2.4026,12.087,185.85,800.29,0.29556,0.1357,0.026816,0.24355,0.12734,0.021568,0.21284,0.12329,0.01856,250,248,248,204,208,208,190,189,185,196,193,190,64,65,63,74,75,76,0.53852,0.54011,0.53972
1,6.2031e+05,-2.394,12.28,195,800,-2.3962,12.165,186.2,912.04,0.31331,0.12503,0.02848,0.28391,0.11582,0.024128,0.25144,0.11359,0.020928,251,249,249,211,213,210,178,180,179,195,191,183,78,71,64,83,86,85,0.53953,0.53693,0.53819
1,6.2041e+05,-2.394,12.36,195,800,-2.4122,12.253,188.04,991.7,0.31078,0.1221,0.026432,0.25794,0.1179,0.021184,0.22408,0.11563,0.017664,252,250,248,222,215,210,177,176,178,198,187,179,65,64,61,106,95,90,0.53874,0.53528,0.53663
1,6.2051e+05,-2.394,12.44,195,800,-2.3984,12.319,186.2,630.22,0.27964,0.12446,0.025408,0.2408,0.11745,0.021184,0.21724,0.11403,0.018752,243,245,247,199,200,201,178,178,177,168,166,164,49,49,50,103,103,101,0.52539,0.53107,0.5353
1,6.2061e+05,-2.394,12.52,195,800,-2.3899,12.391,186.3,551.76,0.31726,0.13014,0.030976,0.29062,0.12303,0.026624,0.26557,0.11681,0.023296,246,246,247,187,190,194,180,179,178,157,155,154,46,45,47,103,104,102,0.54642,0.53942,0.53257
1,6.2071e+05,-2.394,12.6,195,800,-2.4015,12.487,185.93,726.89,0.25763,0.12107,0.022528,0.20098,0.11882,0.01824,0.17979,0.11311,0.015616,249,248,247,178,184,191,177,177,179,142,139,139,44,44,44,102,101,101,0.52788,0.52677,0.52854
1,6.2081e+05,-2.394,12.68,195,800,-2.4302,12.587,185.23,1141.2,0.26593,0.12625,0.024448,0.23722,0.11802,0.020992,0.21801,0.11455,0.018624,251,250,249,201,200,200,190,186,182,133,134,137,46,46,46,93,93,95,0.52995,0.52694,0.52698
1,6.2091e+05,-2.394,12.76,195,800,-2.4037,12.641,185.16,1028.4,0.22833,0.13156,0.022912,0.20968,0.12328,0.019712,0.19006,0.11944,0.017344,252,251,249,209,208,205,196,189,182,138,140,142,47,47,47,91,91,93,0.53111,0.52536,0.5257
1,6.2101e+05,-2.394,12.84,195,800,-2.3973,12.71,186.7,803.93,0.27819,0.14497,0.029184,0.24294,0.13915,0.024896,0.21876,0.136,0.021952,252,250,250,209,207,206,181,181,179,170,166,162,49,51,54,86,88,90,0.51888,0.52813,0.52768
1,6.2111e+05,-2.394,12.92,195,800,-2.3909,12.776,186.43,553.22,0.28354,0.1333,0.0272,0.24073,0.12352,0.022016,0.21124,0.12103,0.019328,249,249,250,193,198,203,173,173,174,186,180,173,55,59,61,86,87,89,0.51744,0.52809,0.52865
1,6.2121e+05,-2.394,13,195,800,-2.4037,12.91,185.8,1230.6,0.307,0.13607,0.030208,0.26981,0.12557,0.025152,0.23246,0.12313,0.021248,250,249,247,192,191,193,167,170,173,202,197,189,87,79,71,90,90,90,0.52393,0.5274,0.52644
1,6.2131e+05,-2.394,13.08,195,800,-2.4132,12.959,185.37,748.72,0.27839,0.14573,0.028096,0.24434,0.13468,0.023936,0.21807,0.12548,0.020608,245,243,243,176,184,193,188,183,179,196,195,192,70,70,71,91,90,89,0.535,0.5278,0.52726
1,6.2141e+05,-2.394,13.16,195,800,-2.3877,13.029,185.58,994.9,0.31023,0.12691,0.027648,0.25141,0.11887,0.022208,0.20955,0.11722,0.018688,241,241,242,182,191,197,185,185,181,195,194,191,59,64,68,83,86,89,0.54136,0.52862,0.52548
1,6.2151e+05,-2.394,13.24,195,800,-2.3984,13.103,185.8,900.81,0.24664,0.14066,0.026816,0.22943,0.12545,0.022272,0.20824,0.1215,0.019712,242,241,240,222,215,204,179,178,177,194,192,188,61,61,62,84,84,84,0.52362,0.52198,0.52155
1,6.2161e+05,-2.394,13.32,195,800,-2.374,13.154,187.31,595.71,0.26264,0.13166,0.026048,0.23992,0.12349,0.022272,0.21832,0.11861,0.019712,239,240,240,212,210,203,173,174,174,191,190,188,56,59,61,83,83,83,0.53809,0.53442,0.52754
1,6.2171e+05,-2.394,13.4,195,800,-2.4005,13.271,185.75,729.75,0.26179,0.12908,0.024896,0.23661,0.12129,0.021504,0.21349,0.11733,0.019072,230,234,237,179,178,178,167,171,176,192,190,185,61,60,60,78,79,80,0.53427,0.53358,0.52931
1,6.2181e+05,-2.394,13.48,195,800,-2.392,13.335,186.66,648.55,0.26902,0.11566,0.02304,0.23333,0.11015,0.019072,0.21089,0.10494,0.016704,231,232,231,141,142,145,184,185,183,197,191,181,61,61,59,76,78,82,0.52586,0.5278,0.52563
1,6.2191e+05,-2.394,13.56,195,800,-2.4026,13.414,186.96,1132.2,0.19888,0.13431,0.020992,0.183,0.12692,0.018368,0.17011,0.12192,0.01632,228,228,229,128,129,134,194,189,185,200,186,174,58,58,58,77,82,86,0.51918,0.52875,0.52729
1,6.2201e+05,-2.394,13.64,195,800,-2.4037,13.518,186.67,1092.2,0.28974,0.13078,0.027968,0.25977,0.1251,0.024128,0.24134,0.11808,0.021184,224,229,234,120,129,146,178,177,177,156,159,159,52,56,60,95,96,95,0.52257,0.52446,0.52575
1,6.2211e+05,-2.394,13.72,195,800,-2.4026,13.588,186.49,1122.2,0.26104,0.12207,0.02368,0.23777,0.11609,0.020416,0.219,0.11218,0.018112,241,239,239,146,158,169,167,169,171,149,151,152,57,60,61,100,99,97,0.52333,0.52356,0.52446
1,6.2221e+05,-2.394,13.8,195,800,-2.3973,13.66,186.63,1074,0.24893,0.13162,0.024384,0.22662,0.12567,0.021184,0.21471,0.12215,0.019328,255,254,250,245,231,218,165,165,167,155,152,150,69,65,63,93,93,92,0.52521,0.53187,0.52956
1,6.2231e+05,-2.394,13.88,195,800,-2.3941,13.723,186.92,985.6,0.25472,0.11883,0.020288,0.22309,0.1129,0.016832,0.18768,0.10953,0.014272,253,252,252,233,235,235,168,170,170,165,159,154,56,60,62,83,83,85,0.5198,0.52725,0.52629
1,6.2241e+05,-2.394,13.96,195,800,-2.3867,13.808,186.8,785.72,0.26735,0.12231,0.02432,0.24719,0.11499,0.020992,0.23051,0.10809,0.01824,247,250,251,227,226,227,172,172,171,164,159,155,60,62,63,84,82,83,0.53453,0.52582,0.5257
1,6.2251e+05,-2.394,14.04,195,800,-2.3877,13.889,186.91,723.99,0.25235,0.11888,0.022528,0.21963,0.11609,0.01888,0.19341,0.10966,0.01632,245,245,245,204,205,204,168,169,171,155,157,158,67,70,72,81,83,84,0.52225,0.52489,0.5263
1,6.2261e+05,-2.394,14.12,195,800,-2.4122,13.996,186.3,1035.4,0.24323,0.13378,0.025216,0.21457,0.12844,0.021632,0.20099,0.1199,0.019008,236,240,242,188,190,194,165,169,172,161,159,160,70,73,74,88,86,86,0.52196,0.52346,0.52763
1,6.2271e+05,-2.394,14.2,195,800,-2.3856,14.046,187.42,1120.8,0.25976,0.12781,0.024512,0.21128,0.12388,0.019904,0.19177,0.11739,0.0176,224,229,234,168,174,183,181,178,174,168,168,168,76,75,74,88,89,87,0.53773,0.5287,0.52906
1,6.2281e+05,-2.394,14.28,195,800,-2.3941,14.13,186.65,986.11,0.25878,0.11802,0.022656,0.22645,0.1113,0.019072,0.20538,0.10775,0.01664,229,232,235,190,189,190,167,170,172,183,179,174,64,65,65,82,84,85,0.54111,0.53326,0.53004
1,6.2291e+05,-2.394,14.36,195,800,-2.3973,14.203,188.11,752.6,0.22401,0.12535,0.020608,0.1978,0.12006,0.018176,0.17741,0.11526,0.015872,240,238,238,200,198,194,160,166,172,181,180,176,60,60,61,78,81,83,0.5281,0.52852,0.52714
1,6.2301e+05,-2.394,14.44,195,800,-2.4005,14.286,186,977.4,0.28782,0.12781,0.0272,0.23617,0.12611,0.023232,0.20674,0.12272,0.01984,248,247,245,187,192,196,178,176,175,180,178,173,55,56,59,80,81,84,0.5635,0.53423,0.53234
1,6.2311e+05,-2.394,14.52,195,800,-2.392,14.358,187.75,978.97,0.23407,0.13583,0.024512,0.21792,0.1278,0.02144,0.20457,0.12112,0.019136,247,248,247,178,187,194,184,182,180,178,174,170,57,58,61,85,86,88,0.53607,0.5318,0.53023
1,6.2321e+05,-2.394,14.6,195,800,-2.3814,14.445,185.27,778.54,0.32597,0.13237,0.032128,0.29926,0.12628,0.027648,0.27448,0.12044,0.024128,248,248,247,180,186,192,194,186,180,166,162,160,58,59,59,97,98,98,0.53717,0.53066,0.53182
1,6.2331e+05,-2.394,14.68,195,800,-2.4111,14.538,185.94,829.68,0.2718,0.12837,0.025728,0.24398,0.12296,0.021888,0.22713,0.1169,0.019712,245,243,243,199,195,194,168,171,177,147,149,150,47,49,53,102,102,101,0.53502,0.5366,0.53332
1,6.2341e+05,-2.394,14.76,195,800,-2.4026,14.612,186.18,1182.9,0.34051,0.11598,0.025472,0.26723,0.11327,0.019712,0.23106,0.11139,0.015168,236,239,241,197,194,192,165,169,174,145,145,145,47,48,50,103,100,100,0.54064,0.53368,0.53162
1,6.2351e+05,-2.394,14.84,195,800,-2.3846,14.661,186.88,735.73,0.25566,0.12718,0.024704,0.2342,0.12109,0.021376,0.21491,0.11678,0.01888,240,240,241,181,185,189,176,175,176,144,143,142,49,50,50,92,94,97,0.53404,0.53505,0.53239
1,6.2361e+05,-2.394,14.92,195,800,-2.409,14.777,186.66,743.79,0.31176,0.13074,0.03104,0.2832,0.12124,0.026176,0.25774,0.11887,0.023552,243,242,243,190,188,187,175,177,178,142,142,142,51,51,51,92,94,96,0.5284,0.53408,0.53356
1,6.2371e+05,-2.394,15,195,800,-2.4047,14.849,186.02,751.06,0.22602,0.12408,0.02112,0.19906,0.1186,0.017856,0.17213,0.11475,0.01536,244,245,246,189,188,189,185,182,179,145,145,147,52,52,52,92,94,96,0.5407,0.53972,0.53941
1,6.2381e+05,-2.394,15.08,195,800,-2.3888,14.919,185.92,1010.2,0.2547,0.12886,0.024576,0.23497,0.12225,0.021568,0.21372,0.1175,0.019008,251,250,249,189,193,195,183,180,179,152,154,158,54,54,56,95,96,98,0.5356,0.54044,0.54154
1,6.2391e+05,-2.394,15.16,195,800,-2.3846,14.992,187.23,588.44,0.28253,0.12539,0.022656,0.24403,0.11984,0.018944,0.17145,0.11942,0.01568,254,251,250,201,198,193,176,178,179,158,162,167,58,60,64,99,101,101,0.54146,0.54348,0.54289
1,6.2401e+05,-2.394,15.24,195,800,-2.3952,15.067,186.71,523.91,0.25656,0.13324,0.025664,0.24026,0.12372,0.022336,0.22454,0.11838,0.019648,251,251,249,169,183,193,179,179,180,187,188,192,101,89,80,108,106,104,0.54327,0.5445,0.54439
1,6.2411e+05,-2.394,15.32,195,800,-2.3856,15.175,186.74,1229.5,0.31098,0.13068,0.028736,0.2691,0.12718,0.024256,0.23014,0.11854,0.019776,252,249,247,182,183,190,180,180,181,202,206,209,105,99,89,102,103,105,0.53968,0.53962,0.54091
1,6.2421e+05,-2.394,15.4,195,800,-2.4005,15.242,186.56,885.04,0.24585,0.13227,0.023552,0.20821,0.12542,0.020096,0.19432,0.12092,0.018112,240,241,242,192,195,193,176,178,179,248,242,237,103,98,93,100,102,104,0.55368,0.54714,0.54618
1,6.2431e+05,-2.394,15.48,195,800,-2.3952,15.323,187.06,815.62,0.30716,0.1414,0.032192,0.27056,0.13367,0.026944,0.24793,0.12418,0.023104,237,240,241,199,199,202,171,174,176,255,254,253,89,94,100,110,104,102,0.54796,0.545,0.55025
1,6.2441e+05,-2.394,15.56,195,800,-2.4058,15.415,186.94,816.07,0.27702,0.13158,0.027136,0.2581,0.1236,0.02336,0.23762,0.11721,0.0208,243,242,244,207,205,201,179,175,175,255,255,254,98,101,109,103,102,101,0.55581,0.55359,0.55223
1,6.2451e+05,-2.394,15.64,195,800,-2.3973,15.468,186.61,712.23,0.2224,0.12424,0.02144,0.20343,0.11811,0.01856,0.18595,0.11427,0.016704,249,250,249,201,192,188,177,175,174,255,255,255,148,145,140,103,99,96,0.54562,0.55308,0.5532
1,6.2461e+05,-2.394,15.72,195,800,-2.3909,15.555,185.91,1021.6,0.27857,0.13244,0.027648,0.24783,0.12478,0.023296,0.22238,0.1226,0.0208,253,252,251,175,175,180,172,173,173,255,255,255,181,166,152,92,94,95,0.55082,0.55675,0.55662
1,6.2471e+05,-2.394,15.8,195,800,-2.3931,15.647,185.99,725.45,0.20695,0.14888,0.023232,0.18354,0.13889,0.019776,0.17075,0.13097,0.017536,255,255,254,158,166,175,170,170,172,255,255,255,175,168,158,86,89,94,0.56164,0.55993,0.56161
1,6.2481e+05,-2.394,15.88,195,800,-2.3909,15.704,185.69,1048.1,0.25795,0.13605,0.027264,0.24165,0.12639,0.023552,0.23011,0.11978,0.021376,255,255,254,195,197,196,176,175,173,255,255,255,151,152,150,101,104,111,0.55248,0.56849,0.57055
1,6.2491e+05,-2.394,15.96,195,800,-2.3877,15.781,185.57,975.86,0.28202,0.12909,0.027776,0.25483,0.12152,0.023424,0.23651,0.11554,0.021056,255,254,253,223,214,207,181,176,174,255,255,255,154,150,148,120,123,123,0.59187,0.58167,0.57255
1,6.2798e+05,-2.487,16,195,800,-2.4748,15.76,0.008924,935.01,0,0,0,0,0,0,0,0,0,246,248,250,215,217,215,185,183,181,255,255,255,133,134,139,164,150,141,0.52074,0.52874,0.52956
1,6.2808e+05,-2.487,15.92,195,800,-2.4854,15.713,184.86,927.2,0.17645,0.12533,0.01664,0.16194,0.12011,0.014976,0.15231,0.11653,0.013504,255,253,252,210,210,205,172,173,174,255,255,255,150,146,146,101,109,118,0.57279,0.57738,0.5772
1,6.2818e+05,-2.487,15.84,195,800,-2.4588,15.623,185.52,938.6,0.19536,0.11727,0.017344,0.16527,0.11166,0.014336,0.14669,0.10796,0.012288,255,254,253,204,200,198,167,169,172,255,255,255,161,155,151,102,103,106,0.57207,0.56826,0.56571
1,6.2828e+05,-2.487,15.76,195,800,-2.4885,15.557,185.64,928.88,0.27089,0.12562,0.026048,0.25729,0.11774,0.022656,0.23698,0.11147,0.019584,252,252,251,174,180,188,175,174,173,255,255,255,151,157,157,106,103,100,0.56502,0.55855,0.55721
1,6.2838e+05,-2.487,15.68,195,800,-2.4822,15.483,185,756.51,0.23872,0.17271,0.025024,0.21412,0.14022,0.020736,0.1977,0.12359,0.018112,251,251,250,172,180,191,181,178,175,255,255,255,150,152,150,98,99,99,0.55009,0.55638,0.5554
1,6.2848e+05,-2.487,15.6,195,800,-2.4854,15.402,186.39,717.04,0.32168,0.12949,0.03136,0.2848,0.11898,0.025536,0.25156,0.11536,0.021952,248,247,246,203,204,203,172,176,176,255,255,255,126,125,124,93,95,99,0.5641,0.55619,0.55273
1,6.2858e+05,-2.487,15.52,195,800,-2.4854,15.334,185.86,915.23,0.3189,0.13498,0.031488,0.28311,0.12444,0.026176,0.258,0.12303,0.023552,242,241,242,200,203,205,172,176,178,254,253,252,91,93,96,104,107,107,0.54036,0.54798,0.54953
1,6.2868e+05,-2.487,15.44,195,800,-2.4684,15.231,185.79,1122,0.2507,0.12587,0.0224,0.2187,0.11663,0.0192,0.20257,0.11079,0.017024,238,240,242,183,193,200,183,181,181,250,249,246,82,84,88,122,114,111,0.53801,0.54671,0.54811
1,6.2878e+05,-2.487,15.36,195,800,-2.4917,15.184,185.9,1003.9,0.27236,0.13435,0.027392,0.23871,0.12882,0.023552,0.21628,0.12348,0.020544,246,245,244,182,182,186,199,193,187,227,226,225,76,78,81,110,115,118,0.54845,0.54472,0.54519
1,6.2888e+05,-2.487,15.28,195,800,-2.4875,15.081,186.88,1181.7,0.23498,0.13574,0.024256,0.21888,0.12484,0.020928,0.20172,0.12193,0.019136,251,248,246,178,182,188,198,193,187,212,212,213,74,76,78,113,114,117,0.5459,0.54468,0.54539
1,6.2898e+05,-2.487,15.2,195,800,-2.479,15.005,186.38,764.03,0.28667,0.12721,0.027328,0.24979,0.12167,0.023232,0.22827,0.11618,0.02016,249,249,248,217,198,189,188,184,182,197,192,190,65,66,68,105,107,109,0.53133,0.5442,0.54455
1,6.2908e+05,-2.487,15.12,195,800,-2.4917,14.939,185.83,868.83,0.33007,0.12236,0.02944,0.28084,0.11569,0.024064,0.24601,0.10897,0.019968,248,247,246,181,184,188,172,176,178,175,173,171,55,56,59,90,94,101,0.53642,0.53851,0.54193
1,6.2918e+05,-2.487,15.04,195,800,-2.4705,14.843,186.21,1126.2,0.34032,0.1231,0.031232,0.30355,0.11512,0.02624,0.2801,0.10943,0.023168,245,245,245,169,177,183,177,174,175,162,163,163,53,54,56,92,95,99,0.52794,0.54006,0.54309
1,6.2928e+05,-2.487,14.96,195,800,-2.4875,14.792,186.83,877.58,0.30215,0.12682,0.0288,0.26969,0.12287,0.025152,0.25487,0.11243,0.021824,245,243,241,183,179,179,167,171,176,150,150,152,55,54,54,109,104,100,0.53903,0.53863,0.53808
1,6.2938e+05,-2.487,14.88,195,800,-2.479,14.698,185.44,869.81,0.33785,0.12137,0.030016,0.3062,0.11375,0.024832,0.27764,0.10962,0.021568,242,241,240,179,181,183,175,175,177,147,148,149,54,53,53,106,103,101,0.53099,0.53092,0.53352
1,6.2948e+05,-2.487,14.8,195,800,-2.479,14.621,185.46,660.14,0.34244,0.11937,0.028416,0.28469,0.1153,0.02432,0.2567,0.11141,0.020928,233,234,236,192,190,191,185,183,180,143,145,149,51,51,52,94,98,102,0.53086,0.52928,0.52911
1,6.2958e+05,-2.487,14.72,195,800,-2.4992,14.575,186.53,612.36,0.27539,0.12474,0.023936,0.20559,0.11907,0.018368,0.187,0.11531,0.016384,236,237,239,190,193,191,174,178,183,153,154,155,53,52,53,112,111,106,0.53455,0.53354,0.53192
1,6.2968e+05,-2.487,14.64,195,800,-2.4981,14.463,186.14,550.45,0.33296,0.12253,0.029696,0.28806,0.11883,0.024512,0.23035,0.11431,0.019456,241,241,241,187,184,188,176,182,182,162,161,160,53,53,54,129,113,105,0.53167,0.53223,0.53205
1,6.2978e+05,-2.487,14.56,195,800,-2.4716,14.366,187.36,838.16,0.23109,0.12032,0.019776,0.2006,0.11585,0.016512,0.18385,0.10733,0.014336,246,246,246,181,179,185,181,183,181,170,171,170,56,57,57,88,92,96,0.52832,0.53027,0.53056
1,6.2988e+05,-2.487,14.48,195,800,-2.4694,14.3,186.7,969.78,0.27337,0.12397,0.025728,0.25032,0.11301,0.021568,0.22099,0.11109,0.018752,249,247,245,189,188,187,174,177,178,178,175,174,59,58,59,82,85,89,0.54412,0.52987,0.5314
1,6.2998e+05,-2.487,14.4,195,800,-2.4737,14.219,186.28,853.75,0.31239,0.12199,0.027776,0.27396,0.11399,0.02304,0.24384,0.11032,0.019392,242,241,239,210,202,194,167,167,169,183,182,179,59,61,63,85,85,87,0.54818,0.53385,0.52998
1,6.3008e+05,-2.487,14.32,195,800,-2.4938,14.148,186.83,863.95,0.31754,0.13107,0.030784,0.2945,0.12435,0.026176,0.26792,0.1166,0.022528,226,228,231,189,191,191,164,165,168,186,184,181,73,69,66,99,96,93,0.52327,0.52433,0.52632
1,6.3018e+05,-2.487,14.24,195,800,-2.4737,14.062,187.29,699.18,0.25079,0.12093,0.022464,0.22051,0.1166,0.0192,0.20056,0.11333,0.016576,222,226,231,182,185,190,169,168,168,183,181,179,71,68,67,105,101,96,0.53601,0.52762,0.52737
1,6.3028e+05,-2.487,14.16,195,800,-2.4822,13.982,186.5,802.04,0.24658,0.12014,0.022784,0.22675,0.11586,0.019968,0.20856,0.10906,0.0176,242,239,237,201,202,201,165,167,170,170,171,172,58,62,66,97,96,95,0.53786,0.52861,0.52568
1,6.3038e+05,-2.487,14.08,195,800,-2.4864,13.924,185.71,962.78,0.31978,0.12662,0.030016,0.28709,0.11856,0.025216,0.26387,0.11447,0.021952,247,245,243,228,218,210,168,168,171,167,166,168,61,62,64,89,92,92,0.51619,0.5242,0.52463
1,6.3048e+05,-2.487,14,195,800,-2.5119,13.855,188.56,811.13,0.29844,0.11857,0.026432,0.26482,0.11467,0.02272,0.23331,0.11093,0.019264,251,251,250,229,230,227,170,174,175,162,162,164,60,60,62,91,89,89,0.5176,0.52278,0.52585
1,6.3058e+05,-2.487,13.92,195,800,-2.479,13.761,186.49,898.8,0.2544,0.11955,0.022336,0.22133,0.11482,0.018944,0.19821,0.11097,0.016512,254,253,252,243,241,236,183,178,174,159,162,163,60,61,64,89,91,92,0.52555,0.52489,0.52505
1,6.3068e+05,-2.487,13.84,195,800,-2.4928,13.686,186.54,687.58,0.20179,0.12277,0.017792,0.17128,0.11804,0.015168,0.15471,0.11507,0.013504,253,253,252,253,245,232,177,174,172,161,162,162,65,65,65,97,96,95,0.52351,0.52425,0.52446
1,6.3078e+05,-2.487,13.76,195,800,-2.4896,13.612,188.74,658.7,0.27961,0.12689,0.02688,0.24389,0.11946,0.022272,0.22276,0.11415,0.019392,253,249,245,196,195,192,158,163,168,162,159,158,66,67,65,105,103,100,0.51256,0.52135,0.52284
1,6.3088e+05,-2.487,13.68,195,800,-2.4769,13.506,187.34,964.86,0.26608,0.12312,0.023744,0.22746,0.11916,0.019968,0.20072,0.11062,0.016704,241,241,239,141,153,166,160,164,171,154,156,160,65,64,64,103,101,100,0.52285,0.52115,0.52453
1,6.3098e+05,-2.487,13.6,195,800,-2.4631,13.411,187.17,1235,0.3075,0.13565,0.031424,0.27377,0.12825,0.027392,0.25494,0.12329,0.024128,222,224,228,115,119,131,175,178,179,165,167,169,62,62,62,86,89,93,0.51293,0.52376,0.52489
1,6.3108e+05,-2.487,13.52,195,800,-2.4705,13.355,186.82,861.83,0.29641,0.12781,0.027776,0.25983,0.1208,0.02368,0.23555,0.1164,0.020672,231,228,228,141,143,146,182,180,179,182,183,183,69,66,64,81,82,85,0.53389,0.52695,0.52683
1,6.3118e+05,-2.487,13.44,195,800,-2.4811,13.292,188.04,569.44,0.27176,0.12489,0.0256,0.23266,0.12174,0.021504,0.20874,0.11567,0.018688,235,232,231,163,162,164,178,175,175,186,188,189,67,66,64,81,82,84,0.52938,0.5262,0.52499
1,6.3128e+05,-2.487,13.36,195,800,-2.4801,13.189,186.03,807.2,0.2786,0.12306,0.024192,0.22529,0.11961,0.020352,0.20496,0.11626,0.01792,235,237,238,200,201,197,165,168,171,194,194,193,62,63,63,85,86,87,0.52382,0.52184,0.52342
1,6.3138e+05,-2.487,13.28,195,800,-2.4737,13.112,185.13,872.41,0.24394,0.13106,0.024,0.22027,0.12095,0.020352,0.19961,0.12,0.018496,242,241,240,223,215,206,171,172,172,191,194,194,63,63,63,93,91,88,0.51997,0.5242,0.52316
1,6.3148e+05,-2.487,13.2,195,800,-2.4663,13.02,186.08,972.73,0.23486,0.1235,0.020928,0.19787,0.11552,0.017344,0.17809,0.11236,0.01536,241,240,240,206,205,204,185,183,180,192,192,193,63,64,65,92,93,93,0.53398,0.5249,0.52352
1,6.3158e+05,-2.487,13.12,195,800,-2.4822,12.959,186.48,746.68,0.26889,0.13036,0.02624,0.23448,0.11968,0.021504,0.20604,0.11921,0.019072,231,237,241,189,195,200,184,182,180,196,195,194,70,69,70,96,95,94,0.52228,0.5205,0.52369
1,6.3168e+05,-2.487,13.04,195,800,-2.4631,12.86,186.3,832.23,0.23067,0.12771,0.021888,0.20076,0.12503,0.019008,0.18598,0.11951,0.017024,244,242,243,212,205,201,176,178,178,202,198,193,71,72,71,95,95,94,0.52995,0.53035,0.52781
1,6.3178e+05,-2.487,12.96,195,800,-2.4737,12.8,185.84,1018.7,0.26055,0.13226,0.026304,0.2422,0.12509,0.02336,0.2252,0.11929,0.020672,248,248,248,213,211,208,176,175,174,187,188,185,66,66,67,92,92,94,0.52886,0.52731,0.52784
1,6.3188e+05,-2.487,12.88,195,800,-2.4832,12.727,184.41,921.29,0.29536,0.12351,0.027456,0.26088,0.11756,0.023232,0.24045,0.11388,0.0208,245,247,249,202,205,207,178,177,176,175,177,177,61,62,63,94,94,95,0.52396,0.52486,0.52518
1,6.3198e+05,-2.487,12.8,195,800,-2.4843,12.648,186.82,494.56,0.32279,0.13525,0.030528,0.29202,0.13065,0.026816,0.26968,0.12217,0.022912,245,246,248,193,196,201,182,183,182,151,153,156,55,54,54,105,103,103,0.52655,0.52678,0.52595
1,6.3208e+05,-2.487,12.72,195,800,-2.4907,12.566,186.73,703.74,0.29342,0.12076,0.025856,0.25881,0.11249,0.021696,0.23069,0.10893,0.018944,240,244,247,183,189,196,184,183,182,134,138,144,47,49,50,110,110,109,0.52959,0.52662,0.52706
1,6.3218e+05,-2.487,12.64,195,800,-2.4779,12.49,186.91,1230.6,0.30563,0.12045,0.02592,0.25197,0.11358,0.021312,0.21721,0.11013,0.01824,242,244,246,185,190,195,175,179,180,135,139,145,48,48,49,109,110,111,0.5198,0.52426,0.52544
1,6.3228e+05,-2.487,12.56,195,800,-2.4843,12.424,185.28,799.96,0.327,0.11622,0.027072,0.28645,0.11002,0.022592,0.25963,0.10603,0.018944,245,245,246,205,201,198,176,175,175,151,154,157,48,49,50,118,114,111,0.53055,0.527,0.52882
1,6.3238e+05,-2.487,12.48,195,800,-2.4885,12.335,186.96,762.88,0.25897,0.12281,0.024,0.22904,0.11616,0.020672,0.21214,0.11303,0.018432,243,246,247,202,204,201,177,175,173,160,163,166,49,50,52,119,113,109,0.51816,0.532,0.53323
1,6.3248e+05,-2.487,12.4,195,800,-2.5034,12.278,186.12,755.15,0.27777,0.12759,0.0272,0.26492,0.11753,0.023808,0.24765,0.11248,0.021376,254,251,250,207,204,203,174,173,172,178,180,181,56,58,58,95,101,103,0.52778,0.53556,0.53622
1,6.3258e+05,-2.487,12.32,195,800,-2.4832,12.175,186.53,1110.2,0.28568,0.12927,0.02816,0.25782,0.12547,0.023936,0.22492,0.11584,0.02016,250,251,251,216,214,210,174,174,176,183,186,189,66,65,64,92,93,94,0.53672,0.53959,0.53857
1,6.3268e+05,-2.487,12.24,195,800,-2.4885,12.095,185.98,760.45,0.26853,0.12363,0.023808,0.23036,0.11812,0.019712,0.18961,0.11421,0.016192,247,250,251,237,220,211,179,179,180,183,187,192,63,65,64,88,88,89,0.53435,0.53849,0.53901
1,6.3278e+05,-2.487,12.16,195,800,-2.4737,12.014,187.76,987.8,0.291,0.12629,0.02656,0.25975,0.11977,0.022656,0.23661,0.11572,0.019712,247,249,249,210,212,213,187,189,188,203,202,203,62,61,62,81,81,82,0.54908,0.54296,0.54266
1,6.3288e+05,-2.487,12.08,195,800,-2.462,11.917,187.82,906.15,0.26894,0.13058,0.026304,0.24948,0.12246,0.022464,0.21783,0.1175,0.019712,249,249,249,203,208,211,189,191,191,216,214,213,60,61,62,79,80,80,0.53386,0.5361,0.54019
1,6.3298e+05,-2.487,12,195,800,-2.4758,11.839,186.24,1143.6,0.23649,0.12057,0.01952,0.17456,0.11469,0.015168,0.15013,0.11154,0.012928,249,247,246,212,213,212,191,190,189,238,237,233,64,64,66,80,80,81,0.54268,0.54114,0.54244
1,6.3308e+05,-2.487,11.92,195,800,-2.4981,11.79,187.57,1028.9,0.28303,0.12865,0.027072,0.25863,0.1204,0.023296,0.23606,0.11615,0.020416,236,243,247,215,212,211,186,184,184,252,251,248,76,76,76,89,89,90,0.54323,0.54358,0.5429
1,6.3318e+05,-2.487,11.84,195,800,-2.4875,11.702,187.47,838.43,0.29059,0.12601,0.027904,0.26781,0.11786,0.02368,0.24591,0.11111,0.020544,245,247,249,205,208,211,182,181,183,255,254,252,87,85,81,98,96,95,0.54489,0.54643,0.5448
1,6.3328e+05,-2.487,11.76,195,800,-2.4854,11.622,187.47,905.42,0.21436,0.14031,0.022208,0.19434,0.13169,0.018944,0.17487,0.12888,0.017088,253,253,251,205,205,208,185,184,184,255,255,254,92,92,92,105,108,111,0.54196,0.54394,0.54409
1,6.3338e+05,-2.487,11.68,195,800,-2.4811,11.547,187.03,1187.7,0.27972,0.13566,0.027328,0.25859,0.12643,0.023616,0.23925,0.12146,0.020992,251,251,251,201,208,210,184,185,184,254,255,254,93,96,95,111,117,122,0.55073,0.54348,0.54586
1,6.3348e+05,-2.487,11.6,195,800,-2.4843,11.483,185.58,579.69,0.29235,0.13504,0.030272,0.27,0.12501,0.025792,0.25191,0.11926,0.022976,246,248,250,222,218,212,181,182,183,255,254,252,97,97,95,160,158,153,0.54856,0.54646,0.54673
1,6.3358e+05,-2.487,11.52,195,800,-2.4917,11.392,187.14,571.12,0.24397,0.12739,0.023168,0.21194,0.11985,0.019584,0.18986,0.1173,0.017216,252,252,251,209,209,209,178,178,179,244,240,235,88,87,87,210,203,195,0.55406,0.55288,0.54991
1,6.3368e+05,-2.487,11.44,195,800,-2.4822,11.299,185.06,830.07,0.22628,0.12749,0.021696,0.19234,0.12511,0.018176,0.17361,0.11995,0.015936,255,253,252,199,203,207,172,174,177,222,222,222,83,81,79,222,222,216,0.55171,0.55666,0.55364
1,6.3378e+05,-2.487,11.36,195,800,-2.4896,11.227,186.52,1203,0.24852,0.12192,0.02304,0.22396,0.11705,0.020096,0.20549,0.11251,0.0176,254,254,253,211,209,208,168,170,173,183,189,195,62,65,68,255,251,245,0.55621,0.55475,0.55451
1,6.3388e+05,-2.487,11.28,195,800,-2.4652,11.122,187.82,1240.5,0.24202,0.13011,0.023616,0.21331,0.12215,0.020032,0.19229,0.11983,0.017984,254,253,253,211,213,212,172,171,172,181,182,186,60,62,65,255,255,252,0.5436,0.55391,0.55879
1,6.3398e+05,-2.487,11.2,195,800,-2.4864,11.077,185,793.3,0.28105,0.12174,0.024896,0.24698,0.11341,0.020416,0.2134,0.10991,0.01728,252,252,252,212,214,215,172,171,171,178,179,183,68,69,74,255,255,255,0.56873,0.5658,0.56414
1,6.3408e+05,-2.487,11.12,195,800,-2.4578,10.972,187.94,923.66,0.25588,0.1281,0.024896,0.23225,0.12174,0.021824,0.21588,0.11829,0.01984,247,247,247,220,210,204,164,167,170,187,193,200,93,102,114,255,255,255,0.57869,0.57836,0.57584
1,6.3418e+05,-2.487,11.04,195,800,-2.4716,10.898,187.59,863.99,0.31673,0.13124,0.030592,0.28431,0.1252,0.02688,0.26661,0.12041,0.023552,243,242,244,204,199,197,165,168,170,208,210,212,129,135,137,255,255,254,0.58983,0.57825,0.56679
1,6.3725e+05,-2.58,11,195,800,-2.5639,10.92,-0.070526,474.92,0,0,0,0,0,0,0,0,0,233,237,241,194,195,196,164,163,162,245,239,232,151,144,139,255,255,255,0.56758,0.53719,0.52119
1,6.3735e+05,-2.58,11.08,195,800,-2.5862,11.016,185.03,890.32,0.19451,0.12767,0.017984,0.17293,0.11859,0.015552,0.15586,0.11788,0.014016,247,246,246,206,209,208,160,162,163,208,209,211,91,96,103,255,255,255,0.5675,0.57952,0.58142
1,6.3745e+05,-2.58,11.16,195,800,-2.5745,11.07,186.36,806.1,0.33437,0.16338,0.031936,0.25607,0.14096,0.02368,0.21987,0.13059,0.019904,251,250,249,215,217,213,162,164,165,191,195,201,73,76,83,255,255,255,0.56354,0.56775,0.56723
1,6.3755e+05,-2.58,11.24,195,800,-2.5787,11.151,185.59,947.78,0.22709,0.12944,0.021952,0.20939,0.12018,0.019136,0.18983,0.11554,0.016896,252,253,252,227,216,206,173,173,171,190,193,197,59,60,64,255,255,255,0.55008,0.55828,0.56049
1,6.3765e+05,-2.58,11.32,195,800,-2.5862,11.227,185.46,1170.3,0.34043,0.11638,0.0272,0.30558,0.10942,0.020288,0.19436,0.11041,0.015936,252,252,252,203,202,201,177,174,172,198,201,204,59,59,63,255,255,252,0.55425,0.55781,0.5566
1,6.3775e+05,-2.58,11.4,195,800,-2.5808,11.306,185.87,1140.1,0.28615,0.11784,0.024576,0.25139,0.1094,0.020288,0.20897,0.10526,0.016832,250,251,251,185,188,193,167,171,175,228,228,226,63,66,71,235,232,228,0.54926,0.55186,0.55235
1,6.3785e+05,-2.58,11.48,195,800,-2.5618,11.346,186.62,634.53,0.36319,0.12518,0.031616,0.32885,0.11233,0.025536,0.27018,0.10912,0.02016,254,252,251,207,204,200,175,178,180,252,249,245,84,85,86,175,181,186,0.54344,0.54948,0.54832
1,6.3795e+05,-2.58,11.56,195,800,-2.5734,11.456,186.32,777.72,0.27689,0.12477,0.023488,0.19707,0.12628,0.019328,0.18486,0.11719,0.016896,252,251,251,214,209,203,181,183,184,255,254,251,91,92,92,155,159,164,0.55394,0.54773,0.54736
1,6.3805e+05,-2.58,11.64,195,800,-2.5586,11.523,185.82,570.85,0.28222,0.15858,0.032896,0.25542,0.14261,0.027584,0.23819,0.13064,0.024128,247,249,251,193,199,202,191,190,189,255,255,255,93,94,96,129,129,131,0.54962,0.54628,0.54381
1,6.3815e+05,-2.58,11.72,195,800,-2.5724,11.603,185.32,930.87,0.27826,0.12869,0.025216,0.23561,0.12198,0.021312,0.21408,0.11595,0.018496,251,251,251,193,193,200,192,192,190,255,255,255,89,92,95,120,118,120,0.54839,0.54448,0.54457
1,6.3825e+05,-2.58,11.8,195,800,-2.5777,11.696,185.61,891.9,0.29634,0.11534,0.023808,0.24823,0.11154,0.019904,0.21861,0.10708,0.016832,253,252,251,201,200,202,186,188,190,255,255,254,88,88,89,106,106,106,0.54393,0.54545,0.54536
1,6.3835e+05,-2.58,11.88,195,800,-2.5596,11.75,186.49,955.16,0.24229,0.13623,0.024768,0.19901,0.1335,0.0208,0.18332,0.1281,0.018496,250,248,248,211,210,209,183,189,195,252,250,248,80,81,82,91,94,96,0.54451,0.5458,0.54427
1,6.3845e+05,-2.58,11.96,195,800,-2.5851,11.839,187.18,855.53,0.31476,0.13047,0.029056,0.27428,0.12212,0.024448,0.24896,0.11684,0.021312,245,246,247,208,210,208,195,198,200,245,243,241,76,77,78,87,89,92,0.52282,0.53464,0.54112
1,6.3855e+05,-2.58,12.04,195,800,-2.5724,11.923,186.24,733.88,0.35005,0.11089,0.025344,0.24341,0.10565,0.018816,0.2179,0.1033,0.01664,246,247,248,210,204,204,208,205,201,214,216,220,69,69,70,86,86,88,0.55304,0.54689,0.54473
1,6.3865e+05,-2.58,12.12,195,800,-2.566,11.971,186.76,918.26,0.27003,0.13182,0.026816,0.25393,0.12404,0.023104,0.23958,0.11827,0.020864,249,249,250,204,201,205,199,197,197,198,203,209,66,66,67,84,87,90,0.53321,0.54211,0.54284
1,6.3875e+05,-2.58,12.2,195,800,-2.5586,12.06,186.88,877.11,0.26507,0.12774,0.025792,0.2318,0.12022,0.021376,0.20062,0.11206,0.017216,254,253,252,213,211,209,179,180,182,187,191,197,61,62,65,95,96,96,0.53497,0.5413,0.54075
1,6.3885e+05,-2.58,12.28,195,800,-2.5755,12.159,187.38,997.26,0.23322,0.13105,0.022912,0.2142,0.12442,0.02016,0.19428,0.12216,0.018112,255,253,252,192,203,207,164,168,172,193,192,193,60,62,64,104,104,104,0.53778,0.53941,0.53825
1,6.3895e+05,-2.58,12.36,195,800,-2.5819,12.234,188.39,1355.2,0.28381,0.13573,0.028736,0.25841,0.12845,0.024576,0.23527,0.12162,0.021376,250,252,251,183,192,203,165,166,169,196,194,193,61,62,63,105,105,107,0.53454,0.53975,0.53866
1,6.3905e+05,-2.58,12.44,195,800,-2.5755,12.311,186.63,833.02,0.31181,0.13094,0.03104,0.28645,0.12334,0.026496,0.26611,0.1169,0.023744,251,249,249,193,196,198,161,164,167,192,188,185,59,59,60,108,111,113,0.5421,0.5361,0.5354
1,6.3915e+05,-2.58,12.52,195,800,-2.5713,12.39,186.23,773.83,0.2835,0.12041,0.02368,0.2315,0.11561,0.019264,0.19823,0.10914,0.016064,248,248,248,207,203,200,162,165,168,185,181,178,57,57,58,116,116,116,0.52901,0.52949,0.53057
1,6.3925e+05,-2.58,12.6,195,800,-2.5766,12.467,187.91,937.1,0.28185,0.1347,0.028416,0.24841,0.12601,0.023296,0.22415,0.12078,0.02048,247,246,246,213,206,198,178,174,173,162,161,163,51,53,55,119,124,124,0.5245,0.5228,0.52541
1,6.3935e+05,-2.58,12.68,195,800,-2.5766,12.564,186.6,1003.5,0.30329,0.12665,0.026496,0.2473,0.12088,0.021376,0.21284,0.11908,0.01856,249,248,247,192,196,200,183,181,178,147,151,158,51,52,55,137,130,124,0.53954,0.52623,0.52516
1,6.3945e+05,-2.58,12.76,195,800,-2.5649,12.62,186.65,900.2,0.25076,0.13289,0.024768,0.22589,0.1283,0.02144,0.20294,0.12163,0.01888,252,250,248,204,201,202,182,180,178,155,156,160,54,55,57,124,124,122,0.53443,0.52774,0.52543
1,6.3955e+05,-2.58,12.84,195,800,-2.5777,12.715,186.17,842.1,0.24454,0.12342,0.021632,0.20895,0.11733,0.017792,0.18085,0.11296,0.01568,253,252,251,219,216,212,169,172,176,166,168,172,62,62,62,106,108,111,0.52501,0.52677,0.52666
1,6.3965e+05,-2.58,12.92,195,800,-2.5819,12.787,185.83,852.49,0.29366,0.13527,0.029696,0.27009,0.12252,0.02496,0.25225,0.11798,0.0224,253,252,250,224,219,216,168,171,174,171,174,180,64,64,66,101,103,105,0.51556,0.52494,0.52749
1,6.3975e+05,-2.58,13,195,800,-2.5883,12.878,187.41,1161.4,0.23586,0.11834,0.02016,0.20861,0.1089,0.017088,0.19121,0.1059,0.015296,246,246,245,219,220,214,173,173,175,187,188,191,68,69,71,96,99,102,0.5256,0.53033,0.52692
1,6.3985e+05,-2.58,13.08,195,800,-2.566,12.926,186.48,896.23,0.32484,0.12823,0.030464,0.29214,0.12126,0.026048,0.27284,0.11416,0.022848,234,237,240,200,202,206,178,178,178,184,189,196,74,73,73,111,105,101,0.52441,0.52935,0.52672
1,6.3995e+05,-2.58,13.16,195,800,-2.5819,13.041,186.76,890.48,0.31128,0.12775,0.027456,0.25524,0.12167,0.022144,0.22875,0.11771,0.019456,236,237,240,190,196,205,182,180,179,188,190,196,71,71,72,103,102,101,0.51459,0.5234,0.5224
1,6.4005e+05,-2.58,13.24,195,800,-2.5713,13.107,185.07,792.08,0.32517,0.12544,0.028608,0.28182,0.11692,0.023232,0.24179,0.11585,0.01984,244,243,242,210,211,207,174,173,173,198,198,200,65,67,70,95,95,97,0.52175,0.51849,0.52222
1,6.4015e+05,-2.58,13.32,195,800,-2.5798,13.169,186.18,897.58,0.25345,0.13758,0.024192,0.20916,0.1339,0.020032,0.18829,0.13002,0.017728,245,244,242,221,214,207,167,167,169,207,202,201,66,66,68,95,94,95,0.52135,0.52264,0.52056
1,6.4025e+05,-2.58,13.4,195,800,-2.5586,13.24,186.47,597.87,0.28498,0.13425,0.029312,0.2625,0.12463,0.025216,0.24241,0.12005,0.0224,239,239,239,187,189,191,161,163,168,195,195,195,67,67,69,90,91,93,0.50015,0.51703,0.52057
1,6.4035e+05,-2.58,13.48,195,800,-2.5883,13.373,186.61,1097.8,0.29444,0.12805,0.027968,0.27019,0.12069,0.024064,0.2493,0.11495,0.021248,228,228,230,154,156,160,181,179,176,180,179,183,65,66,68,96,97,99,0.51228,0.52251,0.52265
1,6.4045e+05,-2.58,13.56,195,800,-2.5883,13.437,187.52,748.36,0.28457,0.12495,0.026688,0.26282,0.1173,0.023296,0.24074,0.1142,0.020544,217,222,228,133,139,148,194,186,180,173,173,177,62,64,68,104,105,105,0.53065,0.5222,0.52224
1,6.4055e+05,-2.58,13.64,195,800,-2.5808,13.503,186.9,665.91,0.28457,0.12363,0.026752,0.26175,0.11767,0.023168,0.24098,0.11487,0.0208,229,228,231,124,135,151,182,180,178,161,162,168,63,66,69,113,114,112,0.52972,0.52492,0.52433
1,6.4065e+05,-2.58,13.72,195,800,-2.601,13.589,188.12,777.87,0.26202,0.1291,0.025408,0.22932,0.12224,0.021056,0.19619,0.11867,0.01792,239,237,236,157,163,170,174,173,174,154,159,167,69,70,70,107,111,113,0.53139,0.52314,0.52269
1,6.4075e+05,-2.58,13.8,195,800,-2.5766,13.666,185,756.57,0.27496,0.12006,0.024128,0.24625,0.11327,0.02048,0.22005,0.1086,0.017856,247,249,248,243,229,211,167,170,173,163,164,168,76,73,71,101,104,106,0.51959,0.51986,0.52346
1,6.4085e+05,-2.58,13.88,195,800,-2.5639,13.726,187.58,910.72,0.2781,0.13785,0.02784,0.24955,0.12424,0.02304,0.22084,0.12302,0.020096,254,252,251,233,230,228,182,181,178,168,169,172,67,67,69,98,98,99,0.53348,0.52574,0.52444
1,6.4095e+05,-2.58,13.96,195,800,-2.566,13.815,186.98,807.38,0.28126,0.12935,0.027264,0.25431,0.11895,0.02304,0.23064,0.11599,0.020416,254,253,251,219,223,226,188,184,179,171,171,173,67,66,68,94,95,96,0.51229,0.51934,0.52266
1,6.4105e+05,-2.58,14.04,195,800,-2.5702,13.89,185.91,689.74,0.33253,0.12563,0.0304,0.27469,0.12085,0.02464,0.23398,0.1188,0.02112,252,250,247,236,228,220,185,180,176,167,172,178,65,66,68,92,91,93,0.5224,0.52243,0.52449
1,6.4115e+05,-2.58,14.12,195,800,-2.5787,13.971,187.4,604.06,0.25373,0.11783,0.022016,0.21758,0.11304,0.018112,0.18836,0.10731,0.015232,248,246,244,236,225,214,178,175,173,175,177,182,65,66,69,89,92,95,0.52209,0.52571,0.52619
1,6.4125e+05,-2.58,14.2,195,800,-2.5745,14.066,186.15,1092.7,0.28984,0.12915,0.027264,0.25025,0.12567,0.02304,0.22391,0.11776,0.019776,238,236,235,192,195,198,167,169,170,190,189,188,67,68,71,105,102,100,0.51201,0.52017,0.52541
1,6.4135e+05,-2.58,14.28,195,800,-2.5798,14.142,186.68,843.7,0.26547,0.13552,0.026944,0.23821,0.12611,0.022912,0.21271,0.12394,0.020416,221,227,232,191,189,189,173,171,169,178,181,186,70,70,70,102,101,100,0.53502,0.53204,0.52837
1,6.4145e+05,-2.58,14.36,195,800,-2.583,14.213,184.6,642.19,0.27636,0.13074,0.026624,0.24309,0.12682,0.02304,0.2221,0.11857,0.020096,225,230,234,190,192,190,169,170,170,172,177,183,65,67,69,95,96,96,0.5327,0.52743,0.52919
1,6.4155e+05,-2.58,14.44,195,800,-2.5745,14.294,185.89,997.91,0.27963,0.13039,0.0272,0.25034,0.12073,0.022912,0.22273,0.11888,0.020352,247,244,241,193,192,189,169,170,172,170,173,179,66,65,66,86,88,91,0.55279,0.53255,0.53029
1,6.4165e+05,-2.58,14.52,195,800,-2.5777,14.368,186.36,809.54,0.27022,0.12653,0.02592,0.24452,0.1193,0.022336,0.2199,0.11674,0.019712,250,247,243,187,185,187,173,175,176,167,171,177,66,64,64,86,89,93,0.54164,0.53366,0.53085
1,6.4175e+05,-2.58,14.6,195,800,-2.5618,14.432,183.82,713.02,0.25151,0.11714,0.021312,0.20658,0.11075,0.01728,0.18288,0.10611,0.01504,240,242,242,179,184,188,191,186,181,166,168,174,59,60,63,106,107,105,0.53404,0.52411,0.5284
1,6.4185e+05,-2.58,14.68,195,800,-2.5893,14.533,186.13,865.6,0.21834,0.16366,0.024384,0.1929,0.15694,0.020928,0.17978,0.15183,0.018624,237,239,239,211,204,197,186,186,186,164,165,168,58,59,61,113,115,113,0.53649,0.5336,0.53239
1,6.4195e+05,-2.58,14.76,195,800,-2.5777,14.615,185.09,927.96,0.2798,0.12109,0.023296,0.2103,0.11832,0.019072,0.19691,0.11301,0.017216,238,238,238,206,207,199,191,191,185,157,160,164,59,59,60,110,111,113,0.54199,0.53281,0.53078
1,6.4205e+05,-2.58,14.84,195,800,-2.5936,14.711,185.6,1445.1,0.23743,0.12755,0.021824,0.20395,0.12229,0.018624,0.18461,0.11709,0.016256,233,236,237,193,191,189,192,187,180,153,155,160,55,56,59,107,108,109,0.53436,0.52984,0.52957
1,6.4215e+05,-2.58,14.92,195,800,-2.5724,14.763,184.92,821.93,0.24524,0.11815,0.021888,0.20636,0.11196,0.0176,0.18295,0.10849,0.015616,234,236,237,171,177,183,172,176,177,157,157,160,54,56,58,108,109,108,0.53966,0.53412,0.5355
1,6.4225e+05,-2.58,15,195,800,-2.5724,14.853,186.08,682.57,0.28192,0.12613,0.026432,0.25095,0.12227,0.02272,0.22936,0.11673,0.019712,241,239,239,168,170,175,169,169,171,162,165,170,56,58,60,106,106,105,0.54089,0.54627,0.54186
1,6.4235e+05,-2.58,15.08,195,800,-2.5798,14.917,186.39,753.54,0.28722,0.12681,0.028096,0.26437,0.12327,0.024704,0.24949,0.11593,0.02208,240,242,242,186,184,184,172,175,177,186,186,187,63,63,64,101,104,108,0.53962,0.54222,0.54267
1,6.4245e+05,-2.58,15.16,195,800,-2.5808,14.996,186.23,810.56,0.28331,0.12429,0.026048,0.25026,0.11903,0.022656,0.23505,0.11429,0.020224,243,244,244,195,194,187,178,178,180,193,195,195,65,65,65,112,113,115,0.53113,0.54359,0.5429
1,6.4255e+05,-2.58,15.24,195,800,-2.5819,15.079,185.66,719.11,0.32794,0.12977,0.031488,0.28685,0.12327,0.026944,0.26189,0.11982,0.023936,245,244,245,187,191,192,187,188,187,202,205,211,64,66,68,145,139,131,0.5521,0.54759,0.54516
1,6.4265e+05,-2.58,15.32,195,800,-2.5787,15.165,187,864.45,0.37403,0.14477,0.035264,0.28042,0.14013,0.026816,0.23198,0.13446,0.021568,241,243,244,176,185,192,190,191,189,207,214,220,64,66,70,151,143,134,0.53831,0.54417,0.54496
1,6.4275e+05,-2.58,15.4,195,800,-2.5808,15.253,188.07,1205.3,0.29798,0.12883,0.028288,0.27362,0.12171,0.024448,0.24598,0.1178,0.021888,241,241,242,199,199,199,187,188,186,245,242,239,71,73,76,133,131,126,0.54957,0.54922,0.54781
1,6.4285e+05,-2.58,15.48,195,800,-2.583,15.322,187.33,964.76,0.29377,0.12311,0.026496,0.24711,0.1178,0.021888,0.21488,0.11561,0.019008,241,243,244,234,223,211,179,179,179,254,254,252,82,87,92,107,109,109,0.54744,0.54565,0.5446
1,6.4295e+05,-2.58,15.56,195,800,-2.5713,15.402,187.57,803.7,0.26638,0.12056,0.023616,0.23683,0.11442,0.020032,0.20495,0.11323,0.017472,246,246,246,237,225,212,175,177,178,255,255,254,96,101,105,97,100,103,0.54964,0.5467,0.54875
1,6.4305e+05,-2.58,15.64,195,800,-2.5681,15.469,186.71,730.18,0.23712,0.13186,0.02336,0.21264,0.12402,0.020096,0.19147,0.11898,0.017728,245,248,249,206,208,206,182,180,177,255,255,255,152,140,129,96,98,100,0.56317,0.55576,0.55315
1,6.4315e+05,-2.58,15.72,195,800,-2.5819,15.56,186.2,813.37,0.30082,0.13512,0.029888,0.27199,0.12496,0.025408,0.24968,0.12139,0.02272,244,248,250,203,202,202,180,178,175,255,255,255,157,147,137,99,101,102,0.57211,0.56041,0.55561
1,6.4325e+05,-2.58,15.8,195,800,-2.5872,15.637,185.74,923.77,0.25398,0.13202,0.025216,0.2352,0.12665,0.022208,0.21643,0.12432,0.020224,247,250,251,205,205,201,167,168,170,255,255,255,144,142,140,116,109,104,0.56987,0.56393,0.56155
1,6.4335e+05,-2.58,15.88,195,800,-2.5883,15.714,186.27,822.49,0.23611,0.14417,0.023616,0.21315,0.12973,0.02048,0.1964,0.1216,0.017984,254,252,251,218,211,204,167,170,173,255,255,255,126,130,136,101,109,118,0.56117,0.56855,0.57087
1,6.4345e+05,-2.58,15.96,195,800,-2.5702,15.784,185.81,717.68,0.26787,0.19691,0.030336,0.22767,0.17881,0.0256,0.20767,0.17121,0.022208,250,250,251,215,208,204,179,179,177,255,255,255,123,130,135,121,128,129,0.57767,0.57918,0.57347
1,6.4652e+05,-2.673,16,195,800,-2.6519,15.752,0.27045,768.73,0,0,0,0,0,0,0,0,0,249,250,250,191,194,195,186,182,179,255,255,255,145,138,137,156,143,136,0.5544,0.53224,0.52266
1,6.4662e+05,-2.673,15.92,195,800,-2.6657,15.711,187.14,669.05,0.24586,0.11581,0.017792,0.20005,0.10797,0.014784,0.15684,0.10757,0.012672,254,252,252,211,204,198,165,168,171,255,255,255,123,126,131,100,106,115,0.57854,0.57759,0.5746
1,6.4672e+05,-2.673,15.84,195,800,-2.67,15.628,187.6,1180.1,0.19555,0.12116,0.018432,0.18434,0.11437,0.016256,0.17158,0.11014,0.014464,252,252,252,208,204,200,162,165,169,255,255,255,135,130,128,102,102,106,0.56145,0.56495,0.56479
1,6.4682e+05,-2.673,15.76,195,800,-2.6625,15.563,185.94,771.09,0.27576,0.13141,0.028096,0.26208,0.12192,0.024384,0.24368,0.11716,0.021504,249,249,251,209,205,202,169,171,173,255,255,255,143,138,133,103,105,105,0.55889,0.55711,0.55815
1,6.4692e+05,-2.673,15.68,195,800,-2.6774,15.485,186.52,775.93,0.37778,0.12357,0.034496,0.32353,0.11389,0.026496,0.25338,0.11138,0.020544,247,249,251,213,209,205,175,176,176,255,255,255,143,137,130,100,103,105,0.56281,0.55339,0.55353
1,6.4702e+05,-2.673,15.6,195,800,-2.6541,15.396,186.81,548.03,0.2985,0.12383,0.02688,0.26526,0.11544,0.0224,0.23464,0.11237,0.019392,251,249,248,218,216,212,181,179,178,255,255,255,109,113,115,101,100,103,0.54435,0.54823,0.54942
1,6.4712e+05,-2.673,15.52,195,800,-2.6689,15.328,188.5,686.82,0.27451,0.1332,0.027776,0.24344,0.12015,0.022144,0.22105,0.11764,0.019584,240,243,245,218,217,211,177,177,178,254,254,253,84,87,93,103,106,110,0.54714,0.54809,0.54731
1,6.4722e+05,-2.673,15.44,195,800,-2.6679,15.241,186.59,966.07,0.3209,0.13005,0.030912,0.29703,0.12257,0.027072,0.2838,0.11562,0.024064,241,241,243,222,214,206,177,179,180,252,252,249,80,80,85,114,115,118,0.54647,0.54519,0.54504
1,6.4732e+05,-2.673,15.36,195,800,-2.6572,15.165,186.97,1058.2,0.38558,0.12041,0.031552,0.30951,0.11279,0.024768,0.26342,0.11111,0.020352,240,242,243,204,200,195,190,186,185,230,231,234,70,71,76,149,144,137,0.55284,0.54896,0.54581
1,6.4742e+05,-2.673,15.28,195,800,-2.6827,15.101,185.69,920.45,0.32851,0.12359,0.029504,0.28975,0.1154,0.024896,0.27346,0.10884,0.022208,241,242,244,195,192,191,190,187,186,210,218,226,67,69,74,167,153,141,0.54507,0.54658,0.54548
1,6.4752e+05,-2.673,15.2,195,800,-2.6647,15.017,188.24,677.11,0.33434,0.12907,0.033088,0.31926,0.12095,0.028864,0.30837,0.11531,0.026368,244,243,244,187,188,187,183,183,183,200,206,211,70,70,72,142,137,132,0.54073,0.54338,0.54254
1,6.4762e+05,-2.673,15.12,195,800,-2.6636,14.949,187.32,552.57,0.32388,0.12558,0.030656,0.29042,0.11742,0.025856,0.26509,0.111,0.022528,242,240,241,184,183,183,181,178,177,195,194,196,68,68,71,106,109,114,0.54456,0.54363,0.54243
1,6.4772e+05,-2.673,15.04,195,800,-2.671,14.867,188.56,936.9,0.37676,0.13009,0.037184,0.32215,0.12201,0.030208,0.28879,0.11509,0.025536,236,237,239,175,176,179,176,174,173,180,184,188,65,66,69,106,106,109,0.53761,0.5433,0.54304
1,6.4782e+05,-2.673,14.96,195,800,-2.6742,14.8,185.95,736.67,0.36397,0.12111,0.03232,0.31623,0.11043,0.02592,0.28017,0.10671,0.022208,233,233,235,164,172,178,168,169,172,162,167,173,59,61,65,110,110,109,0.5429,0.53695,0.53923
1,6.4792e+05,-2.673,14.88,195,800,-2.6604,14.691,187.47,708.77,0.35341,0.13034,0.034112,0.30535,0.12179,0.028224,0.27285,0.11761,0.024512,231,233,235,176,181,183,173,174,175,160,164,171,60,61,65,111,111,111,0.53412,0.5368,0.53855
1,6.4802e+05,-2.673,14.8,195,800,-2.6541,14.597,187.55,887.85,0.3515,0.12415,0.032192,0.3159,0.11731,0.0272,0.29389,0.11087,0.023552,242,239,237,215,204,195,195,188,181,166,170,175,63,64,68,119,116,115,0.53061,0.52688,0.52824
1,6.4812e+05,-2.673,14.72,195,800,-2.6625,14.543,185.99,889.76,0.29169,0.13593,0.030336,0.26299,0.13018,0.026816,0.24891,0.12414,0.023808,244,242,239,217,205,198,188,185,184,178,178,181,65,66,70,117,117,116,0.52673,0.52606,0.52866
1,6.4822e+05,-2.673,14.64,195,800,-2.6795,14.477,186.41,827.63,0.33601,0.11887,0.028736,0.29128,0.11327,0.023424,0.24952,0.10854,0.01984,241,240,240,198,197,194,185,185,182,175,178,183,64,67,71,113,113,112,0.52745,0.53059,0.52937
1,6.4832e+05,-2.673,14.56,195,800,-2.6594,14.373,184.95,940.59,0.3346,0.12706,0.028544,0.25294,0.1274,0.023616,0.20955,0.12525,0.020352,244,242,242,174,180,188,181,179,177,177,180,185,65,68,71,97,98,101,0.53834,0.52936,0.52889
1,6.4842e+05,-2.673,14.48,195,800,-2.6583,14.295,184.79,1071.6,0.37504,0.12649,0.035584,0.33656,0.1195,0.029888,0.30651,0.11528,0.026112,248,245,242,180,183,186,173,174,174,179,181,185,69,69,71,91,93,96,0.53287,0.53389,0.53415
1,6.4852e+05,-2.673,14.4,195,800,-2.6594,14.228,186.42,805.27,0.32962,0.11908,0.0288,0.27744,0.11527,0.023872,0.25862,0.1119,0.021056,237,237,238,193,190,187,172,171,170,177,180,186,66,69,73,92,93,95,0.53861,0.5351,0.53322
1,6.4862e+05,-2.673,14.32,195,800,-2.6689,14.157,185.25,672.83,0.31684,0.13192,0.031744,0.2794,0.12857,0.027392,0.2567,0.12166,0.024,225,229,233,185,184,185,174,172,171,185,188,193,71,73,76,100,101,101,0.52349,0.52892,0.52831
1,6.4872e+05,-2.673,14.24,195,800,-2.653,14.056,186.82,895.09,0.44686,0.12903,0.041024,0.38749,0.12053,0.03264,0.33137,0.11459,0.025984,234,232,233,182,185,188,173,172,171,200,197,197,74,75,78,105,104,102,0.52117,0.52568,0.5274
1,6.4882e+05,-2.673,14.16,195,800,-2.6625,13.982,186.47,1060.9,0.29813,0.12637,0.027776,0.26617,0.12154,0.024064,0.24653,0.11546,0.020992,238,240,240,211,208,204,173,172,172,200,199,196,72,75,79,96,97,98,0.529,0.52779,0.52634
1,6.4892e+05,-2.673,14.08,195,800,-2.6668,13.912,187.1,811.54,0.28806,0.11986,0.025408,0.25217,0.11537,0.021056,0.21861,0.10836,0.017536,242,243,243,224,218,211,176,175,174,185,189,193,72,74,79,88,92,96,0.52997,0.52748,0.52452
1,6.4902e+05,-2.673,14,195,800,-2.67,13.827,187.59,980.8,0.27299,0.11846,0.023424,0.2239,0.11525,0.01888,0.1926,0.10923,0.016,251,250,248,212,216,219,183,182,180,180,180,185,72,73,77,92,93,95,0.5224,0.52504,0.52572
1,6.4912e+05,-2.673,13.92,195,800,-2.6594,13.752,187.97,1179.7,0.3168,0.12553,0.029696,0.27871,0.11778,0.02496,0.25639,0.11161,0.021632,252,251,250,215,218,222,180,180,179,177,180,184,69,72,77,103,102,102,0.51032,0.5165,0.5218
1,6.4922e+05,-2.673,13.84,195,800,-2.6679,13.689,187.29,797.53,0.3459,0.11757,0.028864,0.28158,0.11228,0.023168,0.24185,0.10919,0.019392,250,250,250,221,223,219,172,175,177,175,178,182,70,73,78,106,106,106,0.51751,0.51821,0.52037
1,6.4932e+05,-2.673,13.76,195,800,-2.6774,13.611,187.98,854.5,0.29167,0.1244,0.027072,0.2648,0.11911,0.023936,0.2458,0.11505,0.021376,245,242,242,204,198,190,175,174,176,165,171,178,79,77,77,109,113,116,0.51486,0.51776,0.52037
1,6.4942e+05,-2.673,13.68,195,800,-2.6488,13.511,186.63,926.74,0.30806,0.12036,0.027008,0.26342,0.11522,0.022848,0.23965,0.11168,0.019712,232,234,236,160,166,173,179,179,178,166,171,178,71,74,77,116,121,120,0.52315,0.51948,0.52033
1,6.4952e+05,-2.673,13.6,195,800,-2.6795,13.463,186.85,824.44,0.30871,0.12645,0.029568,0.28314,0.12045,0.026048,0.26024,0.1144,0.02272,217,222,229,133,142,153,193,188,182,181,179,181,66,68,73,137,127,117,0.52166,0.5198,0.52026
1,6.4962e+05,-2.673,13.52,195,800,-2.6519,13.366,187.02,588.45,0.38569,0.12416,0.032896,0.29888,0.12172,0.025536,0.23156,0.11887,0.021184,231,232,234,180,174,170,179,178,176,183,185,190,71,72,74,100,104,106,0.521,0.52033,0.52371
1,6.4972e+05,-2.673,13.44,195,800,-2.6806,13.284,187.03,825.96,0.29,0.12252,0.026368,0.25644,0.11785,0.02272,0.23693,0.11112,0.019584,240,239,238,190,187,184,165,168,171,191,192,196,72,72,74,95,98,100,0.51994,0.51657,0.52024
1,6.4982e+05,-2.673,13.36,195,800,-2.6445,13.175,187.62,1108.7,0.32739,0.12534,0.030656,0.28482,0.12177,0.025984,0.25819,0.11669,0.022592,247,246,244,197,203,205,156,161,166,212,209,206,70,71,74,94,96,98,0.5108,0.51861,0.51824
1,6.4992e+05,-2.673,13.28,195,800,-2.6572,13.117,185.8,968.08,0.28452,0.12615,0.025664,0.22977,0.12149,0.020992,0.19892,0.11769,0.018176,248,246,245,212,212,208,163,165,169,214,211,209,70,71,75,96,97,98,0.50779,0.51162,0.51765
1,6.5002e+05,-2.673,13.2,195,800,-2.6774,13.05,185.34,640.84,0.29529,0.12504,0.027264,0.26419,0.12121,0.024064,0.24294,0.11305,0.020928,241,242,242,205,203,206,177,177,176,199,202,206,71,75,79,100,102,102,0.52872,0.52396,0.52505
1,6.5012e+05,-2.673,13.12,195,800,-2.6625,12.953,184.81,634.35,0.27321,0.1217,0.02432,0.24731,0.11522,0.02048,0.2262,0.10813,0.018048,239,240,241,204,204,206,175,178,178,192,198,203,77,78,81,109,107,104,0.51203,0.5228,0.52551
1,6.5022e+05,-2.673,13.04,195,800,-2.6636,12.889,185.57,819.79,0.29734,0.13116,0.029568,0.27915,0.12229,0.02592,0.25956,0.11864,0.023296,241,242,243,225,214,209,173,175,177,195,197,201,74,76,80,105,105,104,0.52948,0.5252,0.5261
1,6.5032e+05,-2.673,12.96,195,800,-2.67,12.805,186.95,896.22,0.27279,0.13337,0.027904,0.24729,0.12804,0.024256,0.22561,0.12146,0.021248,250,250,249,220,220,218,172,172,173,190,191,193,67,70,74,104,104,106,0.5325,0.52986,0.52674
1,6.5042e+05,-2.673,12.88,195,800,-2.6572,12.721,186.13,903.16,0.32161,0.13553,0.03168,0.28408,0.12781,0.02624,0.25362,0.12348,0.022784,254,253,252,220,220,219,168,171,173,182,184,188,64,67,71,111,110,110,0.52184,0.52528,0.52593
1,6.5052e+05,-2.673,12.8,195,800,-2.6679,12.647,185.64,874.09,0.32462,0.13468,0.031808,0.26062,0.13198,0.026176,0.23,0.12609,0.022592,255,254,252,226,217,212,178,176,176,174,174,175,62,62,65,123,124,122,0.52789,0.52776,0.52789
1,6.5062e+05,-2.673,12.72,195,800,-2.67,12.582,185.99,695.69,0.27544,0.12037,0.02464,0.23989,0.1181,0.021248,0.2142,0.11581,0.018944,249,249,249,189,199,205,181,179,175,160,165,170,54,57,61,140,136,129,0.54122,0.52558,0.5236
1,6.5072e+05,-2.673,12.64,195,800,-2.67,12.496,184.38,989.87,0.22927,0.12045,0.021248,0.21405,0.11665,0.019072,0.19839,0.11055,0.01664,246,247,247,196,198,201,177,175,173,162,165,171,54,56,61,139,135,130,0.52139,0.5273,0.52561
1,6.5082e+05,-2.673,12.56,195,800,-2.6647,12.44,187.92,656.04,0.2807,0.13275,0.028224,0.2371,0.12823,0.023616,0.22166,0.12133,0.0208,250,248,246,202,199,198,164,165,167,182,181,181,59,60,63,126,125,124,0.54638,0.535,0.53113
1,6.5092e+05,-2.673,12.48,195,800,-2.6679,12.344,187.16,858.84,0.27249,0.12405,0.025344,0.23458,0.11934,0.021312,0.21549,0.11173,0.018688,248,248,247,188,194,197,160,162,166,193,190,187,61,63,65,121,121,120,0.52447,0.53314,0.53465
1,6.5102e+05,-2.673,12.4,195,800,-2.67,12.251,186.99,871.6,0.27267,0.1236,0.025728,0.25835,0.11185,0.02208,0.2406,0.10938,0.020224,247,249,249,187,191,198,163,164,166,204,201,198,63,65,68,117,116,114,0.5389,0.53845,0.53695
1,6.5112e+05,-2.673,12.32,195,800,-2.6689,12.171,188.06,818.65,0.26171,0.12473,0.02464,0.225,0.11943,0.0208,0.20503,0.11547,0.01824,254,253,252,207,206,207,166,168,171,208,203,200,65,66,69,111,112,110,0.53432,0.53815,0.5389
1,6.5122e+05,-2.673,12.24,195,800,-2.6583,12.085,187.8,769.58,0.29589,0.12132,0.026432,0.25611,0.11757,0.022144,0.23052,0.1121,0.019392,255,254,252,215,212,209,172,172,176,202,200,201,64,66,70,108,108,107,0.54301,0.54076,0.54147
1,6.5132e+05,-2.673,12.16,195,800,-2.6583,11.986,187.08,945.79,0.26011,0.12371,0.024256,0.22861,0.11888,0.020736,0.2112,0.11271,0.018304,250,251,251,190,201,206,189,191,194,197,199,205,65,67,71,93,97,99,0.53724,0.53976,0.54162
1,6.5142e+05,-2.673,12.08,195,800,-2.6689,11.944,187.58,686.3,0.28738,0.11051,0.02272,0.24916,0.10708,0.019456,0.21594,0.10436,0.016448,249,250,250,190,196,202,201,203,204,200,205,212,67,69,73,87,92,96,0.54416,0.54359,0.54436
1,6.5152e+05,-2.673,12,195,800,-2.6668,11.861,187.2,1057.2,0.25828,0.12165,0.022656,0.23879,0.11379,0.019904,0.21786,0.10928,0.017728,246,247,248,205,204,202,219,216,211,233,231,232,74,77,80,86,89,92,0.55049,0.54989,0.5467
1,6.5162e+05,-2.673,11.92,195,800,-2.6583,11.76,185.7,900.48,0.31581,0.12927,0.030016,0.27596,0.12596,0.025792,0.24704,0.12052,0.02208,251,250,249,209,209,207,196,199,202,253,251,248,83,85,88,94,97,98,0.53953,0.542,0.54445
1,6.5172e+05,-2.673,11.84,195,800,-2.6753,11.696,186.15,808.74,0.29986,0.12911,0.027136,0.24339,0.12407,0.022208,0.2112,0.11897,0.019008,250,251,250,203,207,206,194,194,197,255,254,252,85,88,91,107,104,102,0.55297,0.54312,0.5431
1,6.5182e+05,-2.673,11.76,195,800,-2.67,11.607,186.72,633.55,0.30318,0.12958,0.029312,0.2719,0.12265,0.025152,0.25084,0.1171,0.022272,254,253,251,188,193,199,199,195,193,255,255,255,88,92,97,110,113,112,0.55452,0.54686,0.54627
1,6.5192e+05,-2.673,11.68,195,800,-2.6615,11.529,188.23,827.28,0.23491,0.1304,0.023104,0.2025,0.12536,0.019712,0.18075,0.11965,0.016768,253,252,251,184,190,198,196,195,192,255,255,255,94,96,99,119,117,117,0.5526,0.5465,0.54602
1,6.5202e+05,-2.673,11.6,195,800,-2.6647,11.44,186.85,1178.6,0.31516,0.12994,0.030848,0.28995,0.12061,0.026432,0.265,0.11692,0.023296,252,251,251,205,202,198,191,191,189,255,255,255,104,101,99,127,132,138,0.54529,0.54785,0.54876
1,6.5212e+05,-2.673,11.52,195,800,-2.6891,11.394,186.38,877.9,0.25651,0.11677,0.021888,0.20646,0.11354,0.018368,0.19362,0.11259,0.016832,253,252,250,200,197,194,188,185,183,255,253,250,90,89,89,163,171,179,0.54423,0.54846,0.54853
1,6.5222e+05,-2.673,11.44,195,800,-2.6594,11.299,186.27,728.37,0.30724,0.12171,0.026624,0.25707,0.11603,0.02176,0.21177,0.11208,0.01792,251,250,250,186,187,188,178,179,180,251,248,244,78,78,80,202,203,204,0.54282,0.54937,0.54934
1,6.5232e+05,-2.673,11.36,195,800,-2.67,11.211,186.85,871.52,0.19097,0.12618,0.01856,0.17699,0.12019,0.016256,0.16773,0.11104,0.014336,249,249,250,177,182,188,175,175,176,230,227,225,61,63,67,255,250,242,0.54763,0.55378,0.5548
1,6.5242e+05,-2.673,11.28,195,800,-2.6541,11.128,185.72,993.54,0.307,0.12701,0.028416,0.24197,0.12046,0.022336,0.21923,0.11836,0.020032,251,251,250,191,193,194,178,176,174,211,213,214,61,61,63,255,255,252,0.5502,0.5577,0.55834
1,6.5252e+05,-2.673,11.2,195,800,-2.6668,11.072,187.31,441.61,0.27181,0.13141,0.026624,0.24367,0.12335,0.022784,0.22918,0.11821,0.020544,254,252,251,217,213,208,168,168,168,194,196,203,62,65,70,255,255,255,0.56508,0.56415,0.56206
1,6.5262e+05,-2.673,11.12,195,800,-2.6806,10.978,186.06,903.38,0.26713,0.12296,0.024192,0.22882,0.11676,0.01984,0.20429,0.11406,0.017408,246,247,247,215,211,207,161,159,161,215,216,217,94,97,102,255,255,255,0.57124,0.57232,0.5739
1,6.5272e+05,-2.673,11.04,195,800,-2.6625,10.917,187.39,671.09,0.29141,0.12219,0.026112,0.26298,0.11341,0.02176,0.23521,0.11104,0.018752,244,243,244,209,204,201,160,158,159,238,234,228,127,125,121,255,255,255,0.58113,0.57069,0.56133
1,6.5579e+05,-2.766,11,195,800,-2.7718,10.927,-0.18308,845.24,0,0,0,0,0,0,0,0,0,246,247,247,185,192,195,157,155,157,254,252,247,165,162,160,255,255,255,0.4959,0.50225,0.51063
1,6.5589e+05,-2.766,11.08,195,800,-2.7538,10.978,187.07,875.14,0.15622,0.13048,0.016,0.14661,0.12423,0.014272,0.13719,0.11555,0.012608,252,250,250,215,207,201,149,156,161,229,227,227,95,104,115,255,255,255,0.5805,0.57884,0.57902
1,6.5599e+05,-2.766,11.16,195,800,-2.7686,11.066,183.69,784.6,0.24696,0.12188,0.022528,0.20926,0.11564,0.01888,0.19978,0.1104,0.017024,250,251,251,203,205,203,158,162,166,204,212,220,73,79,92,255,255,255,0.55161,0.55901,0.56293
1,6.5609e+05,-2.766,11.24,195,800,-2.7686,11.154,185.67,907.81,0.31867,0.12473,0.0288,0.273,0.1171,0.023232,0.23751,0.11217,0.019328,250,251,251,189,190,192,176,176,175,218,219,221,66,68,72,255,255,255,0.54311,0.55487,0.5559
1,6.5619e+05,-2.766,11.32,195,800,-2.7474,11.201,187.29,1042.7,0.30637,0.1246,0.027456,0.26978,0.1153,0.022912,0.24128,0.11147,0.01984,250,249,249,179,181,184,178,179,179,239,234,230,68,70,73,255,255,251,0.55995,0.5539,0.55308
1,6.5629e+05,-2.766,11.4,195,800,-2.7665,11.297,186.22,883.97,0.31332,0.13068,0.03136,0.30052,0.12252,0.027776,0.27971,0.11422,0.02432,240,244,247,159,165,176,182,185,185,255,253,248,77,81,86,242,231,220,0.55337,0.55384,0.55036
1,6.5639e+05,-2.766,11.48,195,800,-2.7676,11.374,186.74,576.38,0.34603,0.12492,0.029888,0.29449,0.12086,0.02496,0.25974,0.11227,0.020736,247,248,249,178,180,183,198,194,190,255,255,254,102,102,103,156,161,168,0.54707,0.54908,0.54869
1,6.5649e+05,-2.766,11.56,195,800,-2.7538,11.447,186.53,1047.3,0.26673,0.12805,0.02656,0.25475,0.12224,0.023808,0.24071,0.11713,0.021568,251,251,250,191,190,189,195,194,192,255,255,255,112,112,112,129,134,143,0.54498,0.54794,0.54748
1,6.5659e+05,-2.766,11.64,195,800,-2.7517,11.535,187.19,912.15,0.33307,0.12615,0.031424,0.30589,0.12039,0.027328,0.2808,0.11443,0.02336,250,253,253,194,192,195,188,191,193,255,255,255,118,122,123,112,112,115,0.5565,0.54848,0.54734
1,6.5669e+05,-2.766,11.72,195,800,-2.7633,11.612,186.51,799.79,0.36877,0.12688,0.03424,0.33172,0.11968,0.02912,0.31609,0.1117,0.025024,254,252,253,184,195,198,191,192,195,255,255,255,121,121,123,107,108,109,0.54385,0.54601,0.54698
1,6.5679e+05,-2.766,11.8,195,800,-2.7962,11.724,186.64,1056.4,0.34088,0.11912,0.029568,0.31075,0.11171,0.02496,0.28864,0.10798,0.022656,252,251,252,220,211,202,202,202,203,255,255,255,107,116,124,106,105,103,0.54637,0.54918,0.5472
1,6.5689e+05,-2.766,11.88,195,800,-2.7347,11.756,186.12,896.05,0.31065,0.14639,0.030784,0.27516,0.13841,0.026176,0.24447,0.13613,0.023424,250,250,250,208,206,203,214,220,221,254,252,251,110,114,115,101,100,98,0.55197,0.54567,0.54511
1,6.5699e+05,-2.766,11.96,195,800,-2.7559,11.825,185.88,688.26,0.29174,0.14853,0.030464,0.26027,0.13577,0.025088,0.22995,0.13149,0.022144,248,249,250,196,198,200,233,233,229,247,247,247,101,106,112,100,98,97,0.55548,0.54996,0.54727
1,6.5709e+05,-2.766,12.04,195,800,-2.7708,11.929,185.54,1026,0.4002,0.12229,0.030144,0.26219,0.12311,0.023104,0.23554,0.11935,0.020224,250,250,250,178,189,196,248,239,229,235,235,235,90,94,100,106,102,98,0.54201,0.54441,0.54456
1,6.5719e+05,-2.766,12.12,195,800,-2.7771,12.008,187.09,1150.4,0.32645,0.13579,0.033856,0.2818,0.13376,0.029312,0.25985,0.12839,0.02592,249,250,250,194,196,198,228,225,220,230,229,228,87,92,97,109,106,102,0.54647,0.54742,0.54637
1,6.5729e+05,-2.766,12.2,195,800,-2.7612,12.087,185.52,685.16,0.38907,0.13644,0.04064,0.33718,0.12938,0.033536,0.30562,0.12312,0.0288,252,251,251,223,214,209,184,189,194,215,219,223,87,89,95,119,114,108,0.54012,0.54397,0.54566
1,6.5739e+05,-2.766,12.28,195,800,-2.7697,12.173,186.79,957.28,0.42492,0.12779,0.039744,0.3595,0.12192,0.032448,0.30222,0.11531,0.02592,252,252,252,221,219,215,173,175,177,224,222,221,92,91,92,118,117,113,0.53665,0.53784,0.54049
1,6.5749e+05,-2.766,12.36,195,800,-2.7686,12.261,187.67,1025.5,0.36064,0.12666,0.033408,0.31997,0.11985,0.02784,0.28393,0.11507,0.023488,252,251,250,218,216,213,170,173,175,218,220,221,87,90,92,121,118,115,0.54133,0.53853,0.53868
1,6.5759e+05,-2.766,12.44,195,800,-2.7644,12.323,186.58,750.91,0.29509,0.12729,0.027776,0.25943,0.12083,0.023168,0.23366,0.11415,0.019904,244,245,248,197,199,203,172,170,169,209,212,215,87,90,94,124,122,119,0.53927,0.53855,0.53777
1,6.5769e+05,-2.766,12.52,195,800,-2.7602,12.404,187.26,1021.7,0.35135,0.12654,0.032832,0.31145,0.1204,0.028416,0.28758,0.11481,0.024576,238,244,247,191,192,197,163,166,168,209,209,210,88,91,93,127,124,122,0.53784,0.5362,0.53461
1,6.5779e+05,-2.766,12.6,195,800,-2.7665,12.478,187.13,1044.3,0.29309,0.12968,0.02752,0.25813,0.12106,0.023104,0.23976,0.11683,0.020224,248,247,248,187,193,199,158,163,166,196,200,203,81,85,91,135,131,128,0.52645,0.53322,0.53238
1,6.5789e+05,-2.766,12.68,195,800,-2.7655,12.557,187.28,977.03,0.31668,0.13181,0.03072,0.28092,0.1222,0.025984,0.25983,0.1175,0.022976,247,249,250,215,215,213,170,170,170,202,201,200,77,81,87,133,132,129,0.52508,0.52974,0.52971
1,6.5799e+05,-2.766,12.76,195,800,-2.7559,12.609,186.54,595.51,0.30891,0.1281,0.029568,0.28552,0.12292,0.025856,0.26845,0.11263,0.02208,250,251,252,233,226,220,174,173,172,203,203,202,81,83,86,133,130,128,0.5321,0.52877,0.52822
1,6.5809e+05,-2.766,12.84,195,800,-2.7697,12.706,187.36,844.91,0.28796,0.12888,0.02784,0.26094,0.12145,0.023616,0.23325,0.1177,0.020608,255,255,253,220,226,225,175,176,176,206,208,209,82,85,91,127,123,119,0.52071,0.52771,0.52716
1,6.5819e+05,-2.766,12.92,195,800,-2.7602,12.792,185.43,751.39,0.35638,0.12386,0.033088,0.31519,0.11628,0.0272,0.27191,0.11381,0.022656,255,253,252,219,221,221,177,177,177,213,214,214,85,89,96,118,116,115,0.54131,0.53196,0.52827
1,6.5829e+05,-2.766,13,195,800,-2.7644,12.873,186.81,778.79,0.28152,0.13285,0.028032,0.24015,0.12914,0.02368,0.2222,0.12385,0.021056,247,247,247,213,212,213,177,178,178,232,228,223,102,105,108,106,107,109,0.53293,0.52872,0.52652
1,6.5839e+05,-2.766,13.08,195,800,-2.7676,12.945,185.33,884.07,0.27673,0.12613,0.026112,0.24877,0.12297,0.022784,0.23313,0.11511,0.020288,243,242,243,202,202,207,183,180,179,238,232,227,105,113,116,110,108,107,0.52283,0.52655,0.52694
1,6.5849e+05,-2.766,13.16,195,800,-2.7655,13.049,185.63,1114.3,0.28599,0.12876,0.02688,0.25134,0.12435,0.02336,0.22914,0.11891,0.020928,241,243,244,196,204,209,183,181,178,234,230,227,116,112,113,108,108,107,0.52892,0.52931,0.52799
1,6.5859e+05,-2.766,13.24,195,800,-2.7602,13.112,185.87,974.66,0.31619,0.13004,0.030464,0.28249,0.12227,0.025664,0.24998,0.11849,0.022848,252,248,245,223,216,208,174,174,174,227,228,229,91,98,105,106,104,103,0.51119,0.52108,0.52492
1,6.5869e+05,-2.766,13.32,195,800,-2.7527,13.172,186.9,770.27,0.31099,0.12894,0.029696,0.28205,0.12097,0.025088,0.25331,0.11657,0.02208,249,248,247,215,214,207,169,170,171,234,231,228,92,94,101,103,102,102,0.54159,0.52647,0.52274
1,6.5879e+05,-2.766,13.4,195,800,-2.7655,13.277,187.28,630.23,0.31574,0.1308,0.030656,0.28371,0.12217,0.026368,0.26025,0.11864,0.023488,252,249,246,208,203,201,168,169,172,228,224,222,92,96,100,109,105,103,0.5196,0.52422,0.52192
1,6.5889e+05,-2.766,13.48,195,800,-2.7761,13.355,186.64,1031.2,0.3356,0.13475,0.033344,0.28884,0.1301,0.027328,0.24909,0.12871,0.02432,248,245,242,209,200,186,175,177,179,205,207,213,95,96,101,111,112,113,0.52342,0.52287,0.52224
1,6.5899e+05,-2.766,13.56,195,800,-2.7686,13.421,186.36,708.37,0.35169,0.13049,0.033408,0.30728,0.1236,0.027712,0.2725,0.12123,0.024,244,240,238,194,186,176,176,181,184,208,208,211,94,95,101,120,121,120,0.51191,0.51721,0.52105
1,6.5909e+05,-2.766,13.64,195,800,-2.7771,13.511,185.57,795.56,0.32072,0.1254,0.029184,0.28029,0.12037,0.02464,0.25129,0.11643,0.021568,230,233,237,149,157,169,193,188,186,216,213,209,89,98,106,144,137,128,0.52329,0.51937,0.52192
1,6.5919e+05,-2.766,13.72,195,800,-2.7676,13.579,187.65,592.52,0.30272,0.12927,0.028992,0.27921,0.12217,0.02496,0.25602,0.1143,0.021568,235,237,239,160,169,176,188,186,184,210,211,209,99,104,108,139,134,128,0.53022,0.52303,0.52249
1,6.5929e+05,-2.766,13.8,195,800,-2.7602,13.654,185.36,1221.2,0.33684,0.1238,0.031232,0.30906,0.11772,0.027072,0.2895,0.11412,0.024192,248,248,246,214,206,199,178,177,179,221,213,209,98,103,108,121,120,118,0.51972,0.52381,0.52399
1,6.5939e+05,-2.766,13.88,195,800,-2.7485,13.721,186.68,868,0.3185,0.12632,0.029504,0.28639,0.12176,0.025664,0.26409,0.11626,0.022272,249,249,247,203,206,208,179,178,177,221,217,212,97,100,105,109,108,108,0.51051,0.51985,0.52466
1,6.5949e+05,-2.766,13.96,195,800,-2.7633,13.815,187.22,820.4,0.29228,0.12639,0.027584,0.25672,0.11921,0.023488,0.23945,0.11508,0.020864,248,246,246,211,206,206,184,179,176,218,214,212,101,104,104,104,102,103,0.52457,0.52315,0.52283
1,6.5959e+05,-2.766,14.04,195,800,-2.7527,13.899,186.05,786.73,0.28053,0.1331,0.02816,0.25477,0.13016,0.025152,0.24112,0.12287,0.022272,238,241,242,204,204,204,171,173,175,205,211,215,105,104,109,93,95,98,0.52528,0.5272,0.52376
1,6.5969e+05,-2.766,14.12,195,800,-2.7623,13.976,186.5,927.57,0.28055,0.12837,0.027264,0.25719,0.12029,0.023744,0.23897,0.11641,0.02112,242,239,240,202,201,200,172,172,174,220,220,220,103,108,112,96,96,98,0.52688,0.53081,0.52919
1,6.5979e+05,-2.766,14.2,195,800,-2.7464,14.043,186.99,808.61,0.29794,0.13103,0.029696,0.28039,0.1207,0.025856,0.25688,0.11839,0.023424,233,234,235,184,184,187,174,173,173,240,231,222,118,115,112,109,105,101,0.52602,0.52679,0.52854
1,6.5989e+05,-2.766,14.28,195,800,-2.758,14.132,185.08,670.25,0.31061,0.12688,0.02912,0.27128,0.11937,0.024384,0.24072,0.11518,0.0208,233,232,233,160,168,178,172,173,173,206,211,215,90,95,101,101,102,102,0.52084,0.52539,0.52578
1,6.5999e+05,-2.766,14.36,195,800,-2.7612,14.22,186.12,956.41,0.26465,0.12669,0.025024,0.23783,0.1178,0.020992,0.21191,0.11505,0.01856,238,235,234,168,173,179,173,172,172,204,207,211,87,89,95,99,100,101,0.51353,0.5286,0.52945
1,6.6009e+05,-2.766,14.44,195,800,-2.7559,14.285,186.76,1015.6,0.28223,0.12532,0.026176,0.25257,0.1232,0.023232,0.23579,0.11447,0.020352,243,241,239,192,189,185,167,169,171,214,213,211,89,92,94,100,100,100,0.52965,0.52659,0.52944
1,6.6019e+05,-2.766,14.52,195,800,-2.7761,14.378,186.5,884.3,0.28378,0.12928,0.027392,0.25646,0.12272,0.023744,0.23061,0.11766,0.020608,241,242,241,190,190,189,166,168,171,219,216,212,94,95,96,99,101,103,0.52828,0.53329,0.53305
1,6.6029e+05,-2.766,14.6,195,800,-2.7708,14.466,185.24,842.71,0.26825,0.12593,0.025728,0.23713,0.12234,0.022144,0.21908,0.11649,0.019648,235,238,241,195,194,196,170,172,172,216,214,213,93,97,102,110,111,112,0.53858,0.53198,0.53075
1,6.6039e+05,-2.766,14.68,195,800,-2.7485,14.505,186.43,684.71,0.28098,0.13517,0.029056,0.25301,0.13056,0.025792,0.23719,0.12478,0.023232,241,240,239,201,200,200,170,174,174,223,219,214,103,105,107,130,127,123,0.5199,0.52874,0.53044
1,6.6049e+05,-2.766,14.76,195,800,-2.7644,14.615,185.44,1311,0.29962,0.13133,0.029248,0.24749,0.12444,0.024,0.22899,0.11987,0.021376,240,240,238,192,196,199,172,174,174,229,221,211,106,107,106,134,130,125,0.53475,0.53437,0.53289
1,6.6059e+05,-2.766,14.84,195,800,-2.7782,14.702,186.79,1068,0.36216,0.12348,0.02944,0.25587,0.11937,0.022784,0.22033,0.1183,0.02016,235,235,236,178,187,194,167,171,172,200,202,202,84,90,97,119,122,122,0.54404,0.53783,0.53727
1,6.6069e+05,-2.766,14.92,195,800,-2.7686,14.787,185.75,921.82,0.28668,0.12643,0.027456,0.2478,0.12203,0.023104,0.22561,0.11792,0.020352,235,235,235,187,189,192,163,168,171,189,194,197,80,85,92,114,116,118,0.54263,0.54295,0.54212
1,6.6079e+05,-2.766,15,195,800,-2.7644,14.844,186.11,1053.4,0.30239,0.12547,0.027328,0.24013,0.12373,0.022464,0.21318,0.12063,0.019392,230,233,236,189,186,185,168,170,171,203,200,200,91,91,91,107,110,114,0.53496,0.53967,0.54187
1,6.6089e+05,-2.766,15.08,195,800,-2.7644,14.931,187.3,1039.7,0.29285,0.13171,0.029376,0.27467,0.12359,0.025664,0.25298,0.11912,0.023168,237,240,241,177,180,180,175,176,176,226,222,217,95,97,97,119,122,126,0.54821,0.54215,0.54256
1,6.6099e+05,-2.766,15.16,195,800,-2.7633,15.01,184.42,850.88,0.28984,0.12516,0.027136,0.25592,0.12191,0.023488,0.2365,0.11653,0.020672,249,245,242,187,179,177,182,180,178,238,231,225,95,97,98,136,136,137,0.54852,0.54671,0.54497
1,6.6109e+05,-2.766,15.24,195,800,-2.7633,15.086,186.07,706.91,0.27675,0.12085,0.024832,0.24648,0.11496,0.021184,0.21926,0.11159,0.018496,248,246,245,173,179,183,180,182,181,244,238,236,90,93,99,158,160,156,0.54865,0.54588,0.54617
1,6.6119e+05,-2.766,15.32,195,800,-2.7793,15.18,186.01,880.5,0.29154,0.12573,0.026624,0.25283,0.12066,0.022656,0.22826,0.11596,0.01984,247,245,244,189,187,185,178,180,181,242,242,240,88,93,100,155,159,156,0.53186,0.54095,0.54677
1,6.6129e+05,-2.766,15.4,195,800,-2.7623,15.251,186.69,984.52,0.30151,0.12322,0.027712,0.26334,0.11721,0.023232,0.2308,0.11581,0.020096,248,245,243,196,197,194,174,177,178,254,252,249,93,96,102,124,132,140,0.5638,0.54974,0.54833
1,6.6139e+05,-2.766,15.48,195,800,-2.7591,15.318,186.88,901.75,0.30277,0.12977,0.029312,0.27416,0.12212,0.025216,0.24936,0.11884,0.022464,243,245,246,191,194,199,173,175,177,255,255,254,98,103,108,105,111,118,0.55202,0.55015,0.5495
1,6.6149e+05,-2.766,15.56,195,800,-2.7538,15.398,186.24,933.55,0.24989,0.13243,0.02432,0.21905,0.12458,0.0208,0.20419,0.11874,0.018624,248,248,248,195,198,203,173,176,178,255,255,255,107,110,112,103,108,113,0.54629,0.54478,0.54708
1,6.6159e+05,-2.766,15.64,195,800,-2.7633,15.489,186.72,853.69,0.2581,0.13134,0.025408,0.23125,0.12188,0.021632,0.20904,0.11684,0.018752,255,254,252,219,211,206,183,181,178,255,255,255,114,116,116,116,115,113,0.55701,0.55323,0.54918
1,6.6169e+05,-2.766,15.72,195,800,-2.7655,15.573,186.88,1042.6,0.24865,0.1188,0.022848,0.20295,0.11672,0.018304,0.18547,0.10874,0.015616,255,254,253,209,206,204,180,180,178,255,255,255,105,112,116,123,117,111,0.55041,0.55383,0.55313
1,6.6179e+05,-2.766,15.8,195,800,-2.757,15.645,187.89,1010.3,0.27858,0.13383,0.02816,0.24856,0.1268,0.02464,0.23105,0.12034,0.021632,255,254,253,182,190,199,172,171,171,255,255,255,105,109,113,95,100,104,0.54736,0.55492,0.55823
1,6.6189e+05,-2.766,15.88,195,800,-2.7591,15.698,187.28,570.48,0.25864,0.12605,0.023872,0.22174,0.12034,0.020416,0.19522,0.11666,0.017792,253,253,253,184,188,191,161,164,170,255,255,255,113,116,124,94,99,109,0.57061,0.57023,0.56888
1,6.6199e+05,-2.766,15.96,195,800,-2.7782,15.793,186.81,865.95,0.27919,0.12328,0.02592,0.24382,0.1202,0.0224,0.22488,0.11413,0.019648,252,253,253,176,183,189,166,169,171,255,255,255,127,133,133,111,116,118,0.57703,0.57215,0.56149
1,6.6506e+05,-2.859,16,195,800,-2.862,15.775,-0.067215,926.4,0,0,0,0,0,0,0,0,0,255,255,254,185,187,193,178,173,171,255,255,255,162,144,136,142,137,136,0.50724,0.51387,0.52157
1,6.6516e+05,-2.859,15.92,195,800,-2.8472,15.717,187.26,813.35,0.28861,0.11935,0.021248,0.24891,0.11171,0.017856,0.2157,0.10824,0.015744,254,254,254,208,199,195,166,167,170,255,255,255,103,108,116,100,104,113,0.57866,0.57305,0.56987
1,6.6526e+05,-2.859,15.84,195,800,-2.8387,15.619,186.83,1004.8,0.20925,0.12888,0.020992,0.18788,0.1253,0.018304,0.17304,0.11914,0.016,255,255,254,206,200,195,172,171,171,255,255,255,99,100,105,90,96,105,0.54249,0.55017,0.55316
1,6.6536e+05,-2.859,15.76,195,800,-2.8323,15.54,186.82,903.14,0.22884,0.17445,0.028096,0.21619,0.12813,0.021568,0.20332,0.12558,0.01952,255,254,254,194,196,200,182,180,177,255,255,255,93,97,102,116,111,106,0.54754,0.54682,0.54754
1,6.6546e+05,-2.859,15.68,195,800,-2.8535,15.497,184.99,1050.7,0.35963,0.13498,0.031936,0.25683,0.12832,0.024832,0.22525,0.1241,0.02144,252,253,254,208,204,200,181,181,178,255,255,255,101,104,106,126,119,112,0.55064,0.54457,0.54359
1,6.6556e+05,-2.859,15.6,195,800,-2.8684,15.437,185.92,394.9,0.2959,0.11852,0.025536,0.24709,0.10947,0.019648,0.18565,0.10567,0.015168,253,252,250,201,201,198,178,176,175,255,255,255,135,123,116,121,121,121,0.54655,0.54091,0.54193
1,6.6566e+05,-2.859,15.52,195,800,-2.8472,15.315,185.92,1002.5,0.32674,0.12241,0.028928,0.29115,0.11758,0.024768,0.26002,0.11429,0.021696,242,244,245,184,184,187,176,175,174,255,255,255,124,130,135,134,134,133,0.54159,0.54593,0.54495
1,6.6576e+05,-2.859,15.44,195,800,-2.8556,15.255,187.74,1142,0.3353,0.13177,0.033472,0.29834,0.12658,0.028736,0.27729,0.12059,0.025344,237,240,242,183,181,182,181,177,173,255,255,255,142,143,143,148,148,144,0.54812,0.54838,0.54647
1,6.6586e+05,-2.859,15.36,195,800,-2.8482,15.173,185.76,793.59,0.3793,0.13444,0.039104,0.34975,0.12655,0.033664,0.33093,0.11637,0.029056,238,240,241,169,172,175,174,175,174,255,255,253,160,157,150,186,175,161,0.55316,0.55114,0.54911
1,6.6596e+05,-2.859,15.28,195,800,-2.8514,15.096,186.7,1124.3,0.33058,0.14183,0.035712,0.30205,0.1308,0.030272,0.27093,0.12655,0.026624,240,242,243,169,169,172,174,175,175,255,254,252,150,149,145,185,176,163,0.54936,0.55071,0.55029
1,6.6606e+05,-2.859,15.2,195,800,-2.8514,15.005,187.21,1151.3,0.37171,0.13264,0.036864,0.33817,0.12484,0.03168,0.31463,0.11625,0.027392,249,247,243,166,167,171,181,179,176,253,251,247,134,134,129,164,159,152,0.53644,0.54147,0.5454
1,6.6616e+05,-2.859,15.12,195,800,-2.8705,14.957,186.66,950.04,0.43995,0.12386,0.038336,0.31853,0.1206,0.027264,0.2567,0.11512,0.02208,239,241,242,168,176,181,172,174,176,238,236,233,136,129,119,133,133,134,0.55312,0.54744,0.54705
1,6.6626e+05,-2.859,15.04,195,800,-2.8588,14.878,186.54,654.5,0.37453,0.14108,0.040128,0.32647,0.13361,0.03296,0.29904,0.12773,0.02912,237,240,241,179,187,191,166,171,174,219,224,225,125,123,117,122,123,127,0.55204,0.54756,0.54784
1,6.6636e+05,-2.859,14.96,195,800,-2.8408,14.769,187.99,979.14,0.42597,0.1267,0.038528,0.34627,0.12011,0.03008,0.30617,0.11243,0.025024,248,243,239,218,211,202,170,169,169,215,214,215,115,116,118,118,120,123,0.53978,0.54354,0.54486
1,6.6646e+05,-2.859,14.88,195,800,-2.8376,14.69,187.63,794.88,0.40244,0.13295,0.040256,0.3491,0.12693,0.033408,0.30914,0.12181,0.02816,237,238,239,211,209,204,166,167,167,220,219,218,114,121,127,124,125,125,0.54259,0.54715,0.54633
1,6.6656e+05,-2.859,14.8,195,800,-2.8556,14.643,186.65,780.46,0.42332,0.13904,0.042944,0.38951,0.12926,0.036352,0.34929,0.11934,0.03072,226,232,237,200,199,200,161,162,164,239,237,231,168,161,147,132,132,130,0.54572,0.54395,0.54142
1,6.6666e+05,-2.859,14.72,195,800,-2.8599,14.559,187.34,609.95,0.37368,0.13375,0.03712,0.31291,0.12754,0.030336,0.27661,0.12235,0.025984,238,238,238,201,202,198,161,162,163,246,245,239,173,165,153,127,129,128,0.5345,0.53312,0.53592
1,6.6676e+05,-2.859,14.64,195,800,-2.8397,14.458,186.97,1096.3,0.36312,0.13636,0.037376,0.32447,0.12745,0.03168,0.30073,0.11933,0.027712,240,240,239,206,202,196,163,163,163,245,242,240,148,150,149,123,123,124,0.53863,0.53656,0.53501
1,6.6686e+05,-2.859,14.56,195,800,-2.8503,14.375,186.15,1024.3,0.40306,0.12863,0.037312,0.34103,0.12401,0.030848,0.29259,0.12128,0.026816,243,242,240,196,197,193,164,165,164,236,238,237,144,138,134,110,113,117,0.52763,0.52955,0.53106
1,6.6696e+05,-2.859,14.48,195,800,-2.8503,14.314,187.43,573.4,0.41448,0.13264,0.041024,0.33271,0.1273,0.032064,0.29062,0.12204,0.027264,243,242,239,194,192,189,170,167,165,238,238,236,135,133,129,110,111,114,0.52875,0.52944,0.53355
1,6.6706e+05,-2.859,14.4,195,800,-2.8556,14.23,186.81,761.8,0.37771,0.13889,0.040128,0.33373,0.12941,0.033344,0.30585,0.12328,0.0288,231,233,236,176,180,183,172,171,170,239,237,234,115,116,120,108,109,111,0.54721,0.5362,0.53415
1,6.6716e+05,-2.859,14.32,195,800,-2.844,14.147,186.81,1248.7,0.38011,0.13499,0.03776,0.31419,0.12766,0.029888,0.25941,0.12548,0.024768,225,229,233,172,175,181,177,175,172,236,237,237,122,129,135,103,105,109,0.52262,0.52875,0.53258
1,6.6726e+05,-2.859,14.24,195,800,-2.8482,14.08,185.21,612.18,0.43875,0.13738,0.045184,0.39073,0.1257,0.036672,0.34877,0.11974,0.031104,230,231,234,179,181,185,176,175,174,241,241,240,160,154,146,101,104,108,0.5342,0.53392,0.53308
1,6.6736e+05,-2.859,14.16,195,800,-2.8525,13.984,185.72,739.66,0.48755,0.12592,0.04096,0.36383,0.11903,0.030144,0.29678,0.11526,0.023872,239,239,238,193,197,195,174,173,173,249,246,242,183,171,157,100,104,109,0.52385,0.53036,0.53136
1,6.6746e+05,-2.859,14.08,195,800,-2.8556,13.917,185.73,767.72,0.34381,0.13052,0.032896,0.29768,0.1243,0.027328,0.26423,0.12104,0.024256,240,240,240,201,199,197,169,172,173,241,243,242,149,153,155,102,105,110,0.51768,0.52754,0.52982
1,6.6756e+05,-2.859,14,195,800,-2.8312,13.822,185.31,926.09,0.39077,0.12212,0.034432,0.32632,0.11754,0.028032,0.28101,0.11506,0.023744,240,241,243,188,194,201,172,172,173,241,240,238,142,142,142,108,110,113,0.52339,0.52916,0.53097
1,6.6766e+05,-2.859,13.92,195,800,-2.862,13.78,184.91,1023.7,0.39308,0.1294,0.03776,0.32843,0.12169,0.029888,0.28925,0.11566,0.025216,246,247,247,203,204,204,169,172,173,241,239,235,150,143,139,111,115,119,0.52229,0.52478,0.52869
1,6.6776e+05,-2.859,13.84,195,800,-2.861,13.686,187.65,581.5,0.38796,0.12377,0.036224,0.34216,0.11662,0.029504,0.30867,0.11099,0.025472,247,247,248,214,208,204,170,172,175,234,234,234,135,141,141,116,119,122,0.52007,0.52124,0.52685
1,6.6786e+05,-2.859,13.76,195,800,-2.8387,13.578,186.32,938.05,0.39492,0.12188,0.035136,0.32253,0.11853,0.027904,0.27735,0.11464,0.023488,244,247,247,197,191,188,188,184,180,229,234,235,175,158,148,129,129,129,0.52537,0.52807,0.52805
1,6.6796e+05,-2.859,13.68,195,800,-2.861,13.514,186.02,861.3,0.34214,0.12153,0.030912,0.29353,0.1175,0.025792,0.26079,0.11359,0.022144,249,247,246,176,173,179,196,190,184,247,241,236,170,164,151,127,129,130,0.54452,0.53037,0.52823
1,6.6806e+05,-2.859,13.6,195,800,-2.8535,13.436,187.43,784.05,0.31986,0.13478,0.032896,0.2853,0.13087,0.028736,0.25963,0.12509,0.025152,242,247,247,158,170,178,189,190,188,243,242,237,157,153,149,120,123,125,0.52259,0.52666,0.52455
1,6.6816e+05,-2.859,13.52,195,800,-2.8525,13.36,186.86,758.23,0.40774,0.12454,0.03584,0.34055,0.12045,0.029248,0.29327,0.11452,0.024704,249,249,248,204,195,188,197,191,187,237,237,236,142,143,143,109,112,116,0.52299,0.52682,0.52561
1,6.6826e+05,-2.859,13.44,195,800,-2.8493,13.28,186.38,811.8,0.33017,0.12528,0.030272,0.28144,0.12025,0.02528,0.24952,0.11423,0.021504,248,249,247,187,190,192,193,188,184,240,239,238,146,145,142,105,107,111,0.52322,0.52463,0.52606
1,6.6836e+05,-2.859,13.36,195,800,-2.8397,13.188,187.06,920.26,0.3226,0.12885,0.030656,0.28609,0.1229,0.026432,0.25407,0.11867,0.022912,243,244,246,186,191,196,175,176,179,247,246,242,147,142,138,99,102,108,0.53384,0.53088,0.52844
1,6.6846e+05,-2.859,13.28,195,800,-2.8482,13.116,187.56,922.87,0.31862,0.12458,0.029376,0.28332,0.11693,0.025024,0.26393,0.1095,0.021568,242,244,245,206,203,199,178,177,177,252,247,243,134,135,138,99,103,109,0.5346,0.531,0.52917
1,6.6856e+05,-2.859,13.2,195,800,-2.8567,13.064,187.66,713.6,0.31936,0.12076,0.028544,0.27106,0.11609,0.023808,0.24692,0.11245,0.02112,244,244,244,207,211,209,182,180,177,243,245,245,155,152,148,109,110,112,0.52926,0.52665,0.52775
1,6.6866e+05,-2.859,13.12,195,800,-2.8376,12.943,187.04,848.04,0.34351,0.13325,0.034688,0.31203,0.12323,0.029504,0.28645,0.11997,0.026176,242,241,244,227,210,204,175,176,179,253,250,246,183,177,164,112,113,115,0.53541,0.53022,0.52867
1,6.6876e+05,-2.859,13.04,195,800,-2.844,12.873,185.23,829.6,0.38268,0.13749,0.039296,0.32623,0.1331,0.032512,0.30079,0.12438,0.027712,242,244,245,195,204,206,176,178,180,253,251,246,182,176,164,111,113,115,0.5423,0.53471,0.53104
1,6.6886e+05,-2.859,12.96,195,800,-2.8419,12.8,188.4,701.36,0.33196,0.1344,0.033152,0.2882,0.12797,0.028096,0.26039,0.12311,0.023872,251,251,250,211,211,211,194,187,180,244,244,241,156,150,143,111,114,118,0.52946,0.53192,0.53103
1,6.6896e+05,-2.859,12.88,195,800,-2.8493,12.729,186.61,659.22,0.32263,0.11881,0.028288,0.27628,0.11211,0.022976,0.24096,0.10742,0.019584,253,253,253,231,223,218,190,184,179,241,239,237,126,129,131,113,116,121,0.52139,0.52817,0.53071
1,6.6906e+05,-2.859,12.8,195,800,-2.8397,12.633,186.25,784.05,0.33732,0.12989,0.033088,0.30646,0.12175,0.028224,0.28055,0.11885,0.025216,255,254,253,232,234,228,169,170,172,232,232,230,123,118,117,114,120,126,0.53692,0.53049,0.5311
1,6.6916e+05,-2.859,12.72,195,800,-2.8525,12.572,186.05,621.94,0.42796,0.12351,0.034944,0.32976,0.11978,0.026496,0.25375,0.11542,0.021248,252,252,251,237,226,217,165,166,167,235,231,226,129,127,122,123,126,130,0.5358,0.53181,0.53147
1,6.6926e+05,-2.859,12.64,195,800,-2.8408,12.48,185.96,1179.9,0.31626,0.12614,0.029888,0.26985,0.12172,0.025152,0.25171,0.1124,0.021504,251,251,249,211,209,209,164,165,166,233,229,226,131,130,126,125,127,129,0.53436,0.53253,0.53436
1,6.6936e+05,-2.859,12.56,195,800,-2.845,12.397,185.99,970.16,0.30692,0.12306,0.02816,0.27733,0.11578,0.023936,0.24942,0.11391,0.020992,252,249,248,194,193,199,169,167,168,232,231,229,152,139,128,112,118,124,0.55074,0.54429,0.53888
1,6.6946e+05,-2.859,12.48,195,800,-2.8535,12.34,186.96,840.92,0.29249,0.13514,0.027904,0.23985,0.13058,0.023104,0.21285,0.12728,0.020416,250,248,249,204,204,204,174,172,170,243,236,231,151,135,126,108,114,120,0.54095,0.54494,0.54223
1,6.6956e+05,-2.859,12.4,195,800,-2.8259,12.23,186.79,1065.8,0.31165,0.13817,0.030912,0.27361,0.12892,0.025536,0.24504,0.12517,0.022208,251,252,251,241,231,221,183,180,178,243,242,239,116,124,130,106,110,114,0.55703,0.54363,0.54112
1,6.6966e+05,-2.859,12.32,195,800,-2.8514,12.172,186.39,629.92,0.26576,0.13029,0.026304,0.24198,0.1225,0.022528,0.22683,0.11714,0.020416,255,253,251,231,227,221,187,188,186,247,246,240,144,134,129,106,108,112,0.54651,0.54368,0.54349
1,6.6976e+05,-2.859,12.24,195,800,-2.8503,12.1,185.09,878.21,0.30855,0.124,0.028544,0.26951,0.1168,0.024128,0.24931,0.11436,0.021632,252,251,250,219,214,215,198,193,194,251,244,241,126,131,132,103,107,111,0.53253,0.54378,0.54455
1,6.6986e+05,-2.859,12.16,195,800,-2.8461,12.011,184.96,745.33,0.32053,0.12437,0.029696,0.28462,0.12207,0.026432,0.26595,0.11547,0.02336,245,247,248,189,197,199,225,222,221,243,243,242,143,135,130,99,104,107,0.55197,0.54584,0.54676
1,6.6996e+05,-2.859,12.08,195,800,-2.8599,11.943,185.66,645.2,0.31443,0.1272,0.030656,0.29208,0.12102,0.026752,0.26647,0.1184,0.024192,250,248,248,196,195,194,250,242,233,251,247,244,146,138,132,99,103,105,0.55476,0.54974,0.54854
1,6.7006e+05,-2.859,12,195,800,-2.8419,11.847,186.01,1003.1,0.34159,0.12926,0.03328,0.30507,0.12406,0.0288,0.28525,0.11643,0.02496,253,250,248,199,191,191,255,254,247,255,253,251,136,139,142,95,98,100,0.54577,0.54823,0.54846
1,6.7016e+05,-2.859,11.92,195,800,-2.8567,11.769,186.4,1085.7,0.31487,0.12862,0.030336,0.27448,0.11783,0.024768,0.2517,0.11658,0.022528,250,249,249,193,195,197,246,238,230,255,255,254,187,169,153,90,93,97,0.55054,0.55243,0.55107
1,6.7026e+05,-2.859,11.84,195,800,-2.844,11.695,185.46,935.72,0.40311,0.11791,0.03424,0.33692,0.11315,0.02784,0.29727,0.10902,0.023232,252,251,250,199,198,200,226,220,218,255,255,255,192,171,159,90,92,97,0.55999,0.55314,0.55159
1,6.7036e+05,-2.859,11.76,195,800,-2.8397,11.603,184.35,704.13,0.31834,0.117,0.027968,0.25583,0.11643,0.022592,0.22447,0.11224,0.0192,255,255,253,209,199,199,194,194,198,255,255,255,175,170,161,96,97,102,0.54353,0.54865,0.55008
1,6.7046e+05,-2.859,11.68,195,800,-2.8482,11.555,186.34,717.48,0.38267,0.12847,0.036224,0.34388,0.11982,0.030336,0.30896,0.11475,0.025664,255,254,254,195,199,197,189,192,195,255,255,255,191,168,156,97,101,107,0.54446,0.55051,0.55114
1,6.7056e+05,-2.859,11.6,195,800,-2.8249,11.445,186.26,685.91,0.33005,0.12311,0.027968,0.26411,0.11505,0.02272,0.23846,0.1124,0.019776,255,254,253,192,196,195,200,196,194,255,255,255,137,146,153,114,117,124,0.5488,0.55053,0.54965
1,6.7066e+05,-2.859,11.52,195,800,-2.8408,11.374,185.11,1000.9,0.3257,0.12358,0.029184,0.28044,0.11924,0.024704,0.25314,0.11337,0.021312,249,249,250,187,186,185,186,189,191,255,255,255,137,135,135,150,156,166,0.5498,0.54968,0.54854
1,6.7076e+05,-2.859,11.44,195,800,-2.845,11.299,186.19,863.08,0.37255,0.12586,0.033664,0.3093,0.12004,0.027328,0.27593,0.11697,0.02368,244,246,249,167,174,181,188,188,189,255,255,255,116,121,126,185,190,193,0.54843,0.54669,0.54419
1,6.7086e+05,-2.859,11.36,195,800,-2.845,11.225,185.87,713.28,0.27967,0.1202,0.025216,0.24702,0.11443,0.021312,0.22612,0.10553,0.018112,250,249,249,178,175,178,192,190,186,254,251,247,101,98,98,253,247,238,0.54569,0.54261,0.54263
1,6.7096e+05,-2.859,11.28,195,800,-2.8461,11.141,185.57,888.31,0.27166,0.12371,0.025152,0.24589,0.11361,0.021056,0.22386,0.11135,0.018944,251,251,250,188,185,183,190,187,183,242,241,238,94,89,87,255,255,251,0.53946,0.54526,0.54594
1,6.7106e+05,-2.859,11.2,195,800,-2.8334,11.06,186.45,780.06,0.28844,0.12154,0.025984,0.26078,0.11476,0.022592,0.24016,0.1115,0.020032,254,253,253,195,197,196,175,175,174,216,220,227,75,78,86,255,255,255,0.54728,0.55039,0.54996
1,6.7116e+05,-2.859,11.12,195,800,-2.8461,10.991,184.66,944.24,0.26404,0.13396,0.026816,0.23785,0.12915,0.023552,0.22598,0.12108,0.020736,254,253,252,201,197,195,169,167,165,237,236,235,118,127,131,255,255,255,0.55689,0.5601,0.56246
1,6.7126e+05,-2.859,11.04,195,800,-2.844,10.921,185.64,780.27,0.27197,0.12774,0.02656,0.25096,0.11972,0.023168,0.23221,0.11494,0.020416,251,251,251,189,193,194,164,163,163,252,248,243,192,176,159,255,255,255,0.59614,0.582,0.56662
1,6.7433e+05,-2.952,11,195,800,-2.9426,10.931,0.59486,1014.8,0,0,0,0,0,0,0,0,0,251,251,252,189,186,189,168,168,167,255,255,253,220,203,188,255,255,255,0.54162,0.53165,0.51935
1,6.7443e+05,-2.952,11.08,195,800,-2.9554,11.018,185.37,930.84,0.20808,0.12477,0.017856,0.19165,0.11806,0.015616,0.16588,0.11265,0.013952,253,252,252,184,188,194,171,172,170,244,241,240,116,126,135,255,255,255,0.55859,0.55707,0.55995
1,6.7453e+05,-2.952,11.16,195,800,-2.949,11.073,185.6,795.94,0.36617,0.11645,0.026496,0.21267,0.11577,0.01888,0.19786,0.10966,0.016576,252,253,252,195,195,195,170,171,173,226,230,236,86,93,108,255,255,255,0.5367,0.53988,0.54219
1,6.7463e+05,-2.952,11.24,195,800,-2.9671,11.16,185.53,845.01,0.2569,0.13109,0.025024,0.22692,0.12523,0.021632,0.20502,0.11768,0.01856,254,253,253,204,197,193,181,178,178,234,234,236,80,85,90,255,255,255,0.52602,0.52884,0.53069
1,6.7473e+05,-2.952,11.32,195,800,-2.9448,11.228,187.7,885.95,0.31645,0.11315,0.024512,0.24665,0.1085,0.018368,0.19487,0.10007,0.013952,254,253,252,187,187,188,186,183,181,249,245,242,99,96,99,255,255,251,0.51146,0.52482,0.52631
1,6.7483e+05,-2.952,11.4,195,800,-2.9458,11.292,189,561.28,0.30992,0.11735,0.027264,0.25777,0.11376,0.021888,0.22597,0.11003,0.018752,252,252,252,175,178,184,189,184,181,255,255,253,134,140,143,238,227,218,0.51702,0.52036,0.52256
1,6.7493e+05,-2.952,11.48,195,800,-2.9405,11.37,187.6,663.84,0.26349,0.12701,0.025792,0.2464,0.12089,0.022976,0.23038,0.11621,0.02048,253,253,252,218,204,192,177,181,185,255,255,255,218,201,181,155,162,173,0.5257,0.52663,0.52694
1,6.7503e+05,-2.952,11.56,195,800,-2.9458,11.454,187.1,704.28,0.33528,0.12867,0.031744,0.2785,0.1224,0.026304,0.2602,0.11769,0.023488,255,254,253,221,209,196,194,190,187,255,255,255,220,205,188,138,143,152,0.53009,0.53384,0.53156
1,6.7513e+05,-2.952,11.64,195,800,-2.9363,11.526,186.73,783.52,0.34064,0.13027,0.032704,0.29255,0.1232,0.026624,0.25817,0.11721,0.023168,253,254,253,194,193,196,205,198,192,255,255,255,169,179,187,125,127,131,0.54677,0.53651,0.52535
1,6.7523e+05,-2.952,11.72,195,800,-2.9363,11.598,186.55,774.03,0.41675,0.12967,0.039872,0.36858,0.12281,0.033024,0.32396,0.12002,0.028224,255,253,252,181,191,193,196,193,192,255,255,255,182,183,184,117,120,124,0.54958,0.54043,0.52759
1,6.7533e+05,-2.952,11.8,195,800,-2.9289,11.669,186.61,937.21,0.35706,0.133,0.033408,0.29024,0.12704,0.02784,0.25875,0.12337,0.02464,251,251,249,191,198,196,186,196,202,255,255,254,192,197,188,100,105,112,0.54975,0.54404,0.53144
1,6.7543e+05,-2.952,11.88,195,800,-2.9448,11.758,185.99,702.66,0.33972,0.14858,0.038784,0.31009,0.14446,0.034688,0.28759,0.139,0.03104,237,241,244,201,198,193,241,232,226,255,254,254,184,181,176,101,103,108,0.55163,0.54401,0.53323
1,6.7553e+05,-2.952,11.96,195,800,-2.9108,11.804,185.58,789.66,0.3796,0.15348,0.044672,0.34637,0.14622,0.038912,0.33507,0.13633,0.034304,233,238,242,191,190,191,253,247,238,255,255,254,175,171,169,104,106,110,0.54564,0.54208,0.52995
1,6.7563e+05,-2.952,12.04,195,800,-2.9469,11.919,185.26,937.45,0.46082,0.14072,0.048192,0.40967,0.13343,0.039872,0.38372,0.11972,0.032512,247,243,242,179,181,184,255,251,240,254,253,252,162,162,158,104,109,115,0.53564,0.53601,0.52546
1,6.7573e+05,-2.952,12.12,195,800,-2.9257,11.991,185.41,879.9,0.38123,0.13607,0.0384,0.34136,0.12929,0.033088,0.32333,0.12043,0.028864,245,244,244,175,181,186,248,239,229,250,250,252,164,162,157,110,113,117,0.55529,0.53959,0.53042
1,6.7583e+05,-2.952,12.2,195,800,-2.9617,12.085,187.13,1176,0.40347,0.15041,0.045312,0.35523,0.14178,0.037504,0.30743,0.13753,0.032256,249,248,247,199,197,200,195,204,206,254,251,251,162,162,163,113,117,120,0.5454,0.54229,0.53354
1,6.7593e+05,-2.952,12.28,195,800,-2.9384,12.163,186.93,730.89,0.43891,0.1537,0.052352,0.4112,0.14365,0.045376,0.36469,0.13457,0.037568,249,251,251,225,224,218,198,191,187,254,254,252,189,175,164,116,117,122,0.54408,0.54151,0.53308
1,6.7603e+05,-2.952,12.36,195,800,-2.9511,12.252,186.07,912.64,0.48376,0.13788,0.048448,0.39069,0.12574,0.03648,0.34544,0.11667,0.030272,252,252,252,244,232,222,180,183,183,254,254,252,183,173,164,115,118,123,0.54822,0.54206,0.53159
1,6.7613e+05,-2.952,12.44,195,800,-2.9246,12.304,187.66,1109.8,0.46005,0.15106,0.052672,0.40162,0.13894,0.041984,0.34236,0.13221,0.033856,254,252,251,216,216,214,174,173,173,255,252,248,150,154,159,122,122,126,0.54236,0.53997,0.53415
1,6.7623e+05,-2.952,12.52,195,800,-2.9437,12.391,187.11,698.8,0.37833,0.14163,0.03904,0.3092,0.1336,0.031488,0.28635,0.12569,0.027072,250,250,250,205,204,206,169,169,170,248,246,245,150,153,156,123,125,130,0.54474,0.53695,0.52857
1,6.7633e+05,-2.952,12.6,195,800,-2.948,12.472,186.41,720.42,0.40446,0.15639,0.04768,0.3683,0.14264,0.040064,0.33439,0.13135,0.033472,246,247,249,185,197,205,166,166,167,234,237,240,158,159,155,140,138,138,0.53122,0.53373,0.52273
1,6.7643e+05,-2.952,12.68,195,800,-2.9448,12.553,186.69,910.79,0.32842,0.1558,0.039488,0.29603,0.14533,0.033152,0.26458,0.13696,0.028288,249,250,251,229,220,214,174,169,166,243,242,240,160,151,143,147,145,142,0.54344,0.53277,0.51853
1,6.7653e+05,-2.952,12.76,195,800,-2.9384,12.622,186.53,799.62,0.4183,0.15596,0.049152,0.37506,0.14018,0.040256,0.3372,0.13286,0.033792,254,253,252,225,224,220,166,167,167,243,243,242,133,137,139,145,143,142,0.52301,0.5257,0.51621
1,6.7663e+05,-2.952,12.84,195,800,-2.9469,12.721,187.11,992.61,0.39758,0.15573,0.04768,0.34415,0.14522,0.038016,0.28826,0.13922,0.031104,254,255,254,221,218,215,170,171,172,244,246,246,129,136,145,136,137,139,0.54704,0.53596,0.52463
1,6.7673e+05,-2.952,12.92,195,800,-2.9299,12.793,186.19,885.08,0.43471,0.14086,0.04512,0.35283,0.12666,0.033728,0.3067,0.12156,0.028032,255,254,254,206,210,210,177,177,176,249,249,248,156,157,159,137,135,136,0.53984,0.53774,0.5271
1,6.7683e+05,-2.952,13,195,800,-2.9448,12.877,187.24,881.17,0.36198,0.15347,0.043136,0.3029,0.14528,0.03456,0.27177,0.1396,0.029696,251,250,250,197,198,202,184,181,178,254,253,251,204,201,189,131,132,135,0.53314,0.53624,0.52882
1,6.7693e+05,-2.952,13.08,195,800,-2.9416,12.939,187.63,1166.6,0.43164,0.14962,0.046912,0.34828,0.13965,0.037248,0.32914,0.12789,0.031808,245,245,246,203,202,199,168,174,178,251,251,251,212,207,194,125,130,133,0.53517,0.53187,0.52297
1,6.7703e+05,-2.952,13.16,195,800,-2.9617,13.034,185.44,934.71,0.3796,0.1453,0.04096,0.34036,0.13372,0.033408,0.28257,0.13099,0.027776,246,244,245,204,201,200,175,176,177,251,250,250,199,192,184,129,129,132,0.5449,0.53898,0.52198
1,6.7713e+05,-2.952,13.24,195,800,-2.9416,13.108,185.92,1309.5,0.42596,0.14715,0.048,0.37036,0.13828,0.038912,0.31657,0.13284,0.032384,245,245,245,196,196,198,174,179,179,249,250,250,152,163,172,126,126,128,0.53312,0.53248,0.51998
1,6.7723e+05,-2.952,13.32,195,800,-2.9522,13.185,185.79,1074.8,0.47213,0.1364,0.04512,0.32733,0.1256,0.031168,0.28578,0.12131,0.026304,246,244,244,195,194,195,174,179,181,251,251,250,166,169,172,119,122,127,0.54128,0.53455,0.52157
1,6.7733e+05,-2.952,13.4,195,800,-2.9448,13.275,186.15,1293.4,0.42372,0.12981,0.037248,0.3534,0.12065,0.028928,0.2943,0.11421,0.023616,235,241,245,173,183,193,188,188,187,251,250,250,191,188,180,118,122,127,0.53646,0.52917,0.5195
1,6.7743e+05,-2.952,13.48,195,800,-2.9331,13.337,186.08,619.76,0.3284,0.14142,0.035392,0.30535,0.13541,0.030976,0.28774,0.12894,0.027968,253,250,247,185,189,188,201,195,190,249,249,247,181,180,177,122,127,131,0.54343,0.53486,0.52375
1,6.7753e+05,-2.952,13.56,195,800,-2.9416,13.433,186.55,1025.4,0.38777,0.16457,0.048896,0.35488,0.15478,0.042368,0.32749,0.14793,0.037568,254,252,248,193,188,184,193,191,190,249,249,247,170,177,176,127,130,132,0.54216,0.53854,0.52493
1,6.7763e+05,-2.952,13.64,195,800,-2.949,13.514,186.41,895.58,0.3927,0.15832,0.048064,0.34191,0.14905,0.038144,0.28566,0.13705,0.03008,253,251,248,179,178,181,176,181,184,251,252,248,215,192,178,134,134,135,0.53253,0.53349,0.52787
1,6.7773e+05,-2.952,13.72,195,800,-2.9501,13.588,186.67,833.97,0.44686,0.14448,0.047424,0.3813,0.13116,0.037824,0.3513,0.12005,0.031808,251,250,248,176,180,183,175,179,179,254,251,247,202,189,178,133,134,137,0.53691,0.5331,0.52016
1,6.7783e+05,-2.952,13.8,195,800,-2.9225,13.635,185.01,735.72,0.39423,0.13002,0.03648,0.33654,0.11959,0.028992,0.3046,0.11268,0.024832,252,251,250,200,202,202,165,169,173,242,243,245,160,167,175,136,137,138,0.52401,0.52508,0.51335
1,6.7793e+05,-2.952,13.88,195,800,-2.9416,13.726,186.91,676.4,0.34425,0.1426,0.038016,0.3031,0.13663,0.032128,0.27547,0.13081,0.028096,250,250,249,229,218,208,171,169,169,247,247,246,167,171,173,134,136,138,0.53521,0.52748,0.51491
1,6.7803e+05,-2.952,13.96,195,800,-2.9426,13.822,187.05,841.45,0.47594,0.14406,0.05056,0.42153,0.13222,0.041344,0.30886,0.12179,0.028032,247,247,247,206,206,206,171,171,170,254,251,248,171,175,174,134,136,137,0.53367,0.52813,0.51533
1,6.7813e+05,-2.952,14.04,195,800,-2.9405,13.891,186.86,848.11,0.37962,0.12874,0.036864,0.31344,0.12059,0.028224,0.27715,0.1147,0.023488,241,243,244,188,194,199,173,173,173,255,254,252,174,178,184,138,137,134,0.54265,0.53325,0.5185
1,6.7823e+05,-2.952,14.12,195,800,-2.9469,13.989,186.29,769.13,0.32675,0.14714,0.036736,0.2848,0.1424,0.031488,0.25643,0.13738,0.027456,242,243,243,209,202,198,173,174,173,255,254,252,184,190,188,136,133,131,0.53817,0.53273,0.52216
1,6.7833e+05,-2.952,14.2,195,800,-2.9331,14.068,185.99,902.5,0.36083,0.15146,0.042048,0.33693,0.13736,0.035264,0.30899,0.12939,0.030592,242,241,239,207,205,200,177,175,174,255,253,251,216,200,183,119,122,127,0.54874,0.53571,0.52326
1,6.7843e+05,-2.952,14.28,195,800,-2.9448,14.147,186.78,789.31,0.29551,0.14695,0.033728,0.27005,0.139,0.02912,0.25234,0.13331,0.026048,236,235,235,200,197,193,167,170,172,254,252,250,145,155,163,121,124,127,0.54002,0.54106,0.52963
1,6.7853e+05,-2.952,14.36,195,800,-2.9384,14.211,186.06,871.75,0.38749,0.16401,0.048512,0.35968,0.15128,0.0416,0.34096,0.13646,0.036224,235,234,235,195,193,190,165,168,171,254,251,248,136,144,153,125,127,131,0.54531,0.53498,0.5247
1,6.7863e+05,-2.952,14.44,195,800,-2.9363,14.291,186.42,836.21,0.52532,0.12662,0.046208,0.37295,0.11553,0.029184,0.29551,0.10995,0.022912,238,237,236,188,188,186,163,165,166,246,247,247,153,155,156,134,134,135,0.52907,0.5308,0.5224
1,6.7873e+05,-2.952,14.52,195,800,-2.9522,14.38,185.53,965.53,0.35516,0.13955,0.035584,0.30756,0.13483,0.030528,0.2716,0.12767,0.026176,240,237,236,186,184,184,160,162,164,248,247,246,168,165,161,136,135,137,0.53357,0.5336,0.52551
1,6.7883e+05,-2.952,14.6,195,800,-2.932,14.432,186.57,459.65,0.37103,0.1383,0.038272,0.3251,0.13039,0.032128,0.2998,0.12651,0.028608,233,235,237,175,179,184,152,157,161,253,250,247,168,172,174,130,133,137,0.54508,0.53199,0.52423
1,6.7893e+05,-2.952,14.68,195,800,-2.9543,14.535,186.35,955.09,0.45116,0.13941,0.045504,0.39009,0.13178,0.0384,0.3623,0.12076,0.032832,242,239,238,196,192,191,162,160,162,250,249,247,185,188,185,133,134,139,0.53802,0.53326,0.51752
1,6.7903e+05,-2.952,14.76,195,800,-2.9437,14.606,186.25,855.48,0.38065,0.12894,0.0368,0.33184,0.12172,0.029824,0.27187,0.11722,0.02432,242,241,240,201,200,196,159,160,162,249,245,243,199,197,184,133,136,142,0.53833,0.53485,0.52073
1,6.7913e+05,-2.952,14.84,195,800,-2.9363,14.677,187.56,603.9,0.3275,0.14256,0.034688,0.28524,0.13617,0.02944,0.25557,0.13069,0.025344,247,243,242,213,212,207,161,162,165,230,229,231,183,175,170,140,140,142,0.52949,0.53783,0.52868
1,6.7923e+05,-2.952,14.92,195,800,-2.9426,14.778,185.33,612.08,0.4611,0.13181,0.043456,0.4115,0.1231,0.035392,0.3521,0.11791,0.028992,246,244,243,222,217,210,168,167,167,219,221,225,154,155,155,134,137,142,0.54148,0.54198,0.53186
1,6.7933e+05,-2.952,15,195,800,-2.966,14.879,188.37,1086,0.35229,0.13616,0.034304,0.2885,0.12977,0.028288,0.26444,0.12137,0.023808,246,244,244,217,208,202,183,175,171,218,222,226,127,127,131,133,137,142,0.55027,0.53755,0.52212
1,6.7943e+05,-2.952,15.08,195,800,-2.9331,14.912,185.95,1028.5,0.34083,0.13913,0.035712,0.29799,0.13552,0.030208,0.26926,0.12773,0.02624,237,241,244,182,180,186,177,175,173,246,242,240,113,121,126,138,141,148,0.54374,0.53188,0.5154
1,6.7953e+05,-2.952,15.16,195,800,-2.9575,15.016,188.08,1247.7,0.37766,0.13827,0.03936,0.31431,0.12929,0.030784,0.28256,0.12081,0.026112,237,242,243,173,173,177,175,174,172,245,249,247,124,127,131,138,143,152,0.54297,0.52742,0.5157
1,6.7963e+05,-2.952,15.24,195,800,-2.9331,15.084,187.88,666.69,0.37302,0.14687,0.041216,0.32448,0.13792,0.033984,0.29032,0.13285,0.028864,240,241,240,158,166,170,165,168,170,255,254,254,157,158,161,149,155,161,0.53485,0.52891,0.51748
1,6.7973e+05,-2.952,15.32,195,800,-2.9395,15.172,186.53,884.2,0.43568,0.14298,0.047296,0.37594,0.13725,0.03968,0.34336,0.12788,0.033536,240,237,238,162,166,171,167,166,169,255,255,255,196,188,179,162,162,163,0.53739,0.53363,0.52603
1,6.7983e+05,-2.952,15.4,195,800,-2.9511,15.259,186.55,1010.5,0.44589,0.1292,0.043008,0.40116,0.1179,0.034752,0.37121,0.10716,0.0288,234,234,237,172,173,176,166,167,169,255,255,255,243,222,196,168,161,155,0.53547,0.52747,0.52628
1,6.7993e+05,-2.952,15.48,195,800,-2.9458,15.334,187.44,1245,0.35354,0.13105,0.034368,0.29482,0.12472,0.02848,0.27115,0.12013,0.025088,242,242,243,178,180,184,168,167,168,255,255,255,160,164,164,142,140,138,0.51724,0.52038,0.52682
1,6.8003e+05,-2.952,15.56,195,800,-2.9596,15.411,187.34,1188.3,0.32035,0.14277,0.035264,0.27986,0.13445,0.029376,0.2521,0.12832,0.025472,250,248,247,180,184,189,163,166,170,255,255,255,117,128,141,134,132,130,0.53104,0.5237,0.52317
1,6.8013e+05,-2.952,15.64,195,800,-2.9363,15.465,187.38,683.45,0.37671,0.1279,0.034624,0.2977,0.1219,0.027776,0.27447,0.11573,0.023936,253,253,252,200,195,193,174,173,174,255,255,255,100,102,108,115,116,117,0.51736,0.52002,0.52282
1,6.8023e+05,-2.952,15.72,195,800,-2.9554,15.563,186.61,677.13,0.3673,0.12396,0.031616,0.28828,0.12017,0.025536,0.25861,0.1145,0.021888,253,253,253,195,194,196,180,178,176,255,255,255,100,101,104,104,107,110,0.53621,0.52845,0.52844
1,6.8033e+05,-2.952,15.8,195,800,-2.9384,15.616,187.37,899.76,0.28654,0.12716,0.026304,0.24428,0.12207,0.022336,0.22372,0.11378,0.019264,253,253,253,197,200,205,174,174,174,255,255,255,99,101,103,89,95,103,0.53521,0.53602,0.53506
1,6.8043e+05,-2.952,15.88,195,800,-2.948,15.712,188.3,893.4,0.36329,0.14188,0.037696,0.33393,0.13261,0.03232,0.2955,0.12692,0.027648,254,254,253,216,214,212,163,166,171,255,255,255,107,109,114,116,121,127,0.54012,0.54523,0.54787
1,6.8053e+05,-2.952,15.96,195,800,-2.932,15.775,187.84,763.83,0.3,0.13137,0.029888,0.26875,0.12707,0.025984,0.24603,0.12093,0.02272,255,254,253,212,215,214,165,168,171,255,255,255,115,118,120,152,151,145,0.56386,0.56616,0.56135
1,6.836e+05,-3.045,16,195,803.6,-3.0434,15.79,-0.29894,720.43,0,0,0,0,0,0,0,0,0,249,252,252,229,231,230,178,175,173,255,255,255,127,125,123,215,199,180,0.48695,0.50174,0.50803
1,6.837e+05,-3.045,15.92,195,803.7,-3.0233,15.704,186.91,1052.2,0.26173,0.12354,0.022272,0.24057,0.11812,0.018432,0.20762,0.10557,0.015552,254,253,252,232,233,227,166,169,172,255,255,255,115,117,117,124,131,135,0.5559,0.55651,0.55576
1,6.838e+05,-3.045,15.839,195,803.6,-3.0445,15.643,186.74,567.11,0.26225,0.12678,0.025216,0.24185,0.11767,0.021632,0.22752,0.10511,0.018304,251,251,252,231,227,221,173,172,173,255,255,255,114,113,113,98,104,113,0.55107,0.54439,0.54297
1,6.839e+05,-3.045,15.759,195,803.6,-3.035,15.559,186.24,700.04,0.28471,0.13994,0.030848,0.26244,0.12872,0.025856,0.23385,0.12349,0.0224,249,250,251,200,202,205,180,179,176,255,255,255,110,109,107,103,101,102,0.54764,0.53614,0.53267
1,6.84e+05,-3.045,15.679,195,803.7,-3.0519,15.478,187.13,931.01,0.34535,0.12724,0.032512,0.27446,0.1194,0.025024,0.23824,0.11374,0.020224,253,252,252,189,193,198,179,178,175,255,255,255,109,106,104,111,109,108,0.52245,0.52715,0.52488
1,6.841e+05,-3.045,15.598,195,803.6,-3.0381,15.403,185.75,844.94,0.32467,0.12314,0.026368,0.24817,0.11884,0.020992,0.21682,0.11411,0.01792,253,252,250,191,193,193,168,168,169,255,255,255,98,108,122,125,123,121,0.52696,0.52322,0.5215
1,6.842e+05,-3.045,15.518,195,803.6,-3.036,15.336,187.3,523.45,0.27288,0.14377,0.0304,0.25385,0.13683,0.02688,0.23683,0.12957,0.024,242,243,243,195,195,192,163,164,165,255,255,255,197,187,177,124,127,133,0.52763,0.52623,0.52534
1,6.9076e+05,-3.045,11.555,195,803.6,-3.0286,11.383,-0.087078,655.64,0,0,0,0,0,0,0,0,0,253,252,251,194,197,196,176,180,183,255,255,255,252,233,205,165,166,171,0.5274,0.52121,0.51473
1,6.9086e+05,-3.045,11.474,195,803.7,-3.036,11.303,186.4,772.3,0.14889,0.1229,0.014144,0.13094,0.11715,0.012032,0.1277,0.10926,0.010944,255,253,252,180,183,187,171,174,177,255,255,255,226,204,181,192,198,201,0.52907,0.52576,0.52511
1,6.9096e+05,-3.045,11.394,195,803.6,-3.0424,11.237,187.3,1071.3,0.1998,0.12968,0.02016,0.18642,0.12245,0.017984,0.17657,0.11586,0.016064,254,253,252,180,179,184,172,173,177,255,255,254,158,159,155,239,230,222,0.5231,0.52796,0.52726
1,6.9106e+05,-3.045,11.313,195,803.6,-3.0403,11.193,186.01,570.7,0.26506,0.12246,0.025024,0.24006,0.11586,0.02112,0.21864,0.1057,0.017792,252,252,252,188,191,191,171,174,178,250,248,246,89,93,103,255,255,252,0.53503,0.53013,0.52897
1,6.9116e+05,-3.045,11.233,195,803.7,-3.0318,11.082,185.64,784.42,0.33044,0.11743,0.029376,0.28025,0.11298,0.023808,0.24982,0.10556,0.020096,252,251,251,207,202,194,177,177,176,238,239,241,82,86,93,255,255,255,0.53281,0.53621,0.53517
1,6.9126e+05,-3.045,11.153,195,803.6,-3.036,11.021,187.94,1061.2,0.29073,0.12918,0.028352,0.26166,0.11923,0.024,0.24001,0.11531,0.02144,251,251,252,198,198,196,172,174,176,237,237,240,94,100,114,255,255,255,0.54281,0.54836,0.54843
1,6.9136e+05,-3.045,11.072,195,803.6,-3.036,10.955,186.32,748.77,0.30011,0.13274,0.029056,0.26326,0.12303,0.024064,0.23315,0.12081,0.02112,253,253,253,196,192,192,175,172,170,255,253,249,159,162,164,255,255,255,0.56567,0.56763,0.56735
1,6.9447e+05,-3.138,11,195,803.6,-3.1357,10.94,-0.001007,757.81,0,0,0,0,0,0,0,0,0,255,254,254,208,203,196,165,169,169,255,255,253,243,228,206,255,255,255,0.53087,0.52616,0.51631
1,6.9457e+05,-3.138,11.08,195,803.7,-3.1304,10.997,185.03,615.79,0.20256,0.11396,0.016704,0.17848,0.10879,0.014656,0.15898,0.1064,0.013248,252,252,252,180,188,193,176,173,172,246,244,244,144,152,155,255,255,255,0.56681,0.56986,0.56979
1,6.9467e+05,-3.138,11.161,195,803.6,-3.14,11.096,185.68,968.71,0.19707,0.11947,0.017856,0.17722,0.11034,0.015104,0.16588,0.10584,0.01344,252,252,251,183,191,192,173,176,175,228,237,242,106,116,128,255,255,255,0.5481,0.54747,0.54937
1,6.9477e+05,-3.138,11.241,195,803.6,-3.123,11.137,186.95,763.7,0.23558,0.12496,0.022464,0.19849,0.11995,0.018304,0.1766,0.11753,0.01632,246,250,251,195,195,188,190,183,176,246,244,243,93,95,99,255,255,255,0.53513,0.54008,0.54022
1,6.9487e+05,-3.138,11.321,195,803.7,-3.1209,11.222,185.55,697.69,0.32146,0.12769,0.031616,0.29427,0.12224,0.02752,0.27292,0.11522,0.024128,248,250,251,187,186,185,181,179,176,252,251,248,91,97,106,255,255,253,0.53374,0.53323,0.53368
1,6.9497e+05,-3.138,11.402,195,803.6,-3.123,11.288,186.76,846.82,0.28707,0.12897,0.026816,0.23698,0.12402,0.022336,0.21413,0.11605,0.019136,253,252,251,166,176,182,175,176,176,255,255,254,141,142,142,246,236,225,0.52391,0.52761,0.52966
1,6.9507e+05,-3.138,11.482,195,803.6,-3.1156,11.368,185.84,676.94,0.25848,0.1247,0.024512,0.23471,0.1165,0.020864,0.21444,0.10785,0.018112,243,248,250,195,192,188,182,180,178,255,255,255,184,184,178,169,177,191,0.53227,0.52893,0.52868
1,7.0163e+05,-3.138,15.445,195,803.6,-3.1241,15.311,-0.69288,1088.5,0,0,0,0,0,0,0,0,0,236,238,237,207,198,190,171,170,168,255,255,255,231,214,194,131,136,143,0.52109,0.51936,0.51677
1,7.0173e+05,-3.138,15.526,195,803.7,-3.1188,15.373,186.44,565.03,0.14992,0.13402,0.015232,0.14848,0.1147,0.013312,0.14413,0.10671,0.012032,246,246,244,202,199,194,158,163,167,255,255,255,120,130,142,121,125,130,0.5405,0.53096,0.52896
1,7.0183e+05,-3.138,15.606,195,803.6,-3.1315,15.465,185.31,853.82,0.20546,0.13064,0.021184,0.19352,0.12389,0.018944,0.17917,0.12098,0.017216,249,249,247,200,197,195,157,164,168,255,255,255,96,105,119,124,127,127,0.52885,0.52583,0.52679
1,7.0193e+05,-3.138,15.687,195,803.6,-3.1209,15.544,186.83,853.44,0.32388,0.11607,0.027712,0.31301,0.10738,0.023872,0.28889,0.099912,0.019776,251,251,250,199,200,200,175,174,173,255,255,255,108,107,107,108,112,116,0.53108,0.53077,0.53053
1,7.0203e+05,-3.138,15.767,195,803.7,-3.1167,15.609,186.54,763.94,0.32802,0.12872,0.028224,0.27595,0.12535,0.022592,0.1992,0.12024,0.018112,250,250,250,208,207,207,178,177,175,255,255,255,113,113,113,96,101,108,0.53277,0.53692,0.53793
1,7.0213e+05,-3.138,15.847,195,803.6,-3.1145,15.678,186.3,732.9,0.24004,0.1371,0.025472,0.213,0.13168,0.021952,0.20024,0.12391,0.019456,250,251,251,239,233,226,178,175,173,255,255,255,122,123,126,94,99,110,0.56097,0.55114,0.54875
1,7.0223e+05,-3.138,15.928,195,803.6,-3.1167,15.755,186.03,727.75,0.31067,0.12837,0.0288,0.26818,0.11957,0.023808,0.23404,0.11417,0.020224,255,253,251,248,240,234,169,170,173,255,255,255,128,134,139,137,154,154,0.56477,0.56561,0.56433
1,7.0534e+05,-3.231,16,195,803.6,-3.2047,15.748,0.27376,971.06,0,0,0,0,0,0,0,0,0,249,248,248,225,231,230,177,174,172,255,255,255,204,183,165,202,176,166,0.53856,0.53588,0.52579
1,7.0544e+05,-3.231,15.92,195,803.7,-3.2164,15.695,186.82,657.32,0.28146,0.1174,0.021056,0.24402,0.10879,0.017088,0.21156,0.10779,0.014784,249,249,248,236,230,221,167,168,169,255,255,255,152,151,146,103,108,123,0.56058,0.5612,0.56229
1,7.0554e+05,-3.231,15.839,195,803.6,-3.2047,15.631,186.41,932.35,0.19686,0.12474,0.018944,0.18111,0.11599,0.016192,0.17127,0.11138,0.014848,246,247,248,209,211,214,170,168,168,255,255,255,138,135,134,94,97,104,0.55746,0.55144,0.55011
1,7.0564e+05,-3.231,15.759,195,803.6,-3.2249,15.557,186.1,902.5,0.23624,0.13827,0.025152,0.21453,0.13021,0.021824,0.19703,0.12135,0.018624,250,248,247,191,194,201,167,169,170,255,255,255,116,114,114,111,109,111,0.54013,0.5386,0.53925
1,7.0574e+05,-3.231,15.679,195,803.7,-3.2238,15.482,187.23,884.84,0.34554,0.1208,0.03104,0.29364,0.11253,0.024,0.24185,0.10627,0.019136,251,249,247,201,198,198,170,170,171,255,255,255,104,105,108,132,128,123,0.53346,0.53088,0.52979
1,7.0584e+05,-3.231,15.598,195,803.6,-3.209,15.401,186.26,678.92,0.23626,0.14322,0.026368,0.21891,0.13317,0.022592,0.20618,0.12666,0.020416,243,245,244,189,192,194,170,170,170,255,255,255,98,104,116,169,153,136,0.51873,0.52255,0.52413
1,7.0594e+05,-3.231,15.518,195,803.6,-3.2121,15.327,184.75,759.83,0.35479,0.12815,0.034496,0.32093,0.11738,0.028416,0.28167,0.11204,0.023936,234,235,237,176,181,188,169,170,172,255,255,255,143,153,163,122,132,141,0.52931,0.52981,0.52893
1,7.125e+05,-3.231,11.555,195,803.6,-3.2259,11.409,0.31679,861.68,0,0,0,0,0,0,0,0,0,246,246,246,190,188,188,179,177,177,255,255,255,147,151,160,155,164,177,0.50992,0.51052,0.50797
1,7.126e+05,-3.231,11.474,195,803.7,-3.2143,11.306,187.53,700.34,0.29863,0.115,0.023104,0.2688,0.11114,0.019904,0.22597,0.10871,0.016448,250,250,249,188,187,184,172,176,176,255,255,255,136,136,135,207,206,204,0.5296,0.53013,0.52843
1,7.127e+05,-3.231,11.394,195,803.6,-3.2111,11.236,186.65,610.18,0.16103,0.13224,0.01664,0.15149,0.12277,0.01472,0.14179,0.12056,0.013568,249,251,251,180,180,181,175,175,175,255,255,255,120,121,125,245,235,225,0.53196,0.5314,0.52956
1,7.128e+05,-3.231,11.313,195,803.6,-3.2365,11.194,186.47,620.09,0.21012,0.13502,0.021696,0.19988,0.1259,0.019136,0.189,0.11879,0.017152,254,252,251,166,172,179,173,174,174,253,252,248,98,103,108,255,255,253,0.53545,0.53284,0.53315
1,7.129e+05,-3.231,11.233,195,803.7,-3.2228,11.109,186.12,656.78,0.29781,0.12633,0.028224,0.2815,0.11893,0.025216,0.27086,0.10902,0.022208,253,252,251,167,174,179,173,174,172,247,244,242,108,104,105,255,255,255,0.53807,0.5395,0.54001
1,7.13e+05,-3.231,11.153,195,803.6,-3.2291,11.034,186.15,786.54,0.20325,0.1331,0.0208,0.19044,0.12216,0.018048,0.18135,0.1211,0.016768,246,250,251,177,179,182,162,166,169,224,233,238,112,124,138,255,255,255,0.54797,0.55005,0.5508
1,7.131e+05,-3.231,11.072,195,803.6,-3.2206,10.964,186.01,861.63,0.31819,0.13032,0.031936,0.29478,0.12236,0.02784,0.27314,0.11721,0.02464,254,253,253,190,186,186,167,167,167,254,249,244,222,208,194,255,255,255,0.57215,0.57105,0.57248
1,7.1621e+05,-3.324,11,195,803.6,-3.3055,10.92,-0.63329,769.94,0,0,0,0,0,0,0,0,0,255,255,254,178,183,186,171,170,169,255,252,248,253,237,215,255,255,255,0.5046,0.51491,0.52073
1,7.1631e+05,-3.324,11.08,195,803.7,-3.3119,11.017,186.4,916.84,0.23471,0.11909,0.018688,0.21354,0.11274,0.015872,0.19441,0.10951,0.013888,252,251,252,180,179,181,152,160,166,230,233,238,160,162,162,255,255,255,0.56752,0.56952,0.56965
1,7.1641e+05,-3.324,11.161,195,803.6,-3.314,11.08,186.46,940.19,0.21171,0.11868,0.0192,0.19125,0.11302,0.016384,0.17268,0.10929,0.014528,246,249,251,175,177,179,159,162,166,221,229,236,113,124,136,255,255,255,0.54666,0.5469,0.54866
1,7.1651e+05,-3.324,11.241,195,803.6,-3.3076,11.136,186.02,713,0.27304,0.12825,0.025728,0.24452,0.12221,0.022208,0.21783,0.11443,0.018432,251,251,251,165,173,178,167,169,169,246,243,242,109,106,106,255,255,255,0.54185,0.53873,0.53972
1,7.1661e+05,-3.324,11.321,195,803.7,-3.3087,11.222,185.97,649.99,0.37474,0.11644,0.028992,0.27101,0.11602,0.022592,0.23593,0.10977,0.019328,254,252,251,167,175,179,163,169,172,253,251,248,104,106,108,255,255,253,0.53455,0.53244,0.53152
1,7.1671e+05,-3.324,11.402,195,803.6,-3.3066,11.28,186.15,745.45,0.32953,0.11524,0.027072,0.28145,0.10801,0.021568,0.23697,0.10351,0.016896,248,250,251,186,183,182,174,173,174,255,255,254,117,119,121,243,233,224,0.51718,0.52411,0.52641
1,7.1681e+05,-3.324,11.482,195,803.6,-3.3087,11.361,186.63,953.02,0.26925,0.15071,0.03072,0.24145,0.14589,0.027072,0.23385,0.13704,0.024704,249,248,247,183,182,183,170,173,176,255,255,255,138,137,140,165,172,185,0.52437,0.52605,0.52539
1,7.2337e+05,-3.324,15.445,195,803.6,-3.2864,15.292,-0.18639,780.44,0,0,0,0,0,0,0,0,0,229,230,233,180,182,183,178,176,174,255,255,255,194,191,181,125,136,148,0.51917,0.51349,0.51107
1,7.2347e+05,-3.324,15.526,195,803.7,-3.3098,15.389,187.09,676.61,0.16994,0.11746,0.015232,0.15711,0.11464,0.01376,0.15057,0.11003,0.012544,240,240,240,178,184,189,174,174,174,255,255,255,117,125,138,154,146,140,0.5391,0.53113,0.52822
1,7.2357e+05,-3.324,15.606,195,803.6,-3.314,15.474,185.43,1111,0.25629,0.11473,0.021504,0.18071,0.11335,0.01568,0.1533,0.11086,0.013248,246,245,243,194,195,194,177,175,173,255,255,255,103,109,119,170,155,138,0.51768,0.52077,0.52199
1,7.2367e+05,-3.324,15.687,195,803.6,-3.3023,15.535,186.21,916.91,0.26018,0.12806,0.02464,0.24426,0.11733,0.021376,0.23071,0.11287,0.018944,247,246,245,208,201,196,168,171,171,255,255,255,96,104,111,126,127,125,0.53896,0.53153,0.52966
1,7.2377e+05,-3.324,15.767,195,803.7,-3.3129,15.609,185.02,618.9,0.30329,0.11189,0.022016,0.21779,0.10665,0.01696,0.18992,0.10335,0.014528,243,244,244,186,191,197,164,167,169,255,255,255,109,112,115,104,108,112,0.54136,0.53801,0.53865
1,7.2387e+05,-3.324,15.847,195,803.6,-3.3108,15.688,186.8,739.52,0.31087,0.13175,0.031232,0.28598,0.12522,0.027328,0.26876,0.11587,0.02368,246,244,245,196,199,208,161,162,164,255,255,255,135,136,137,93,96,104,0.55284,0.54723,0.54775
1,7.2397e+05,-3.324,15.928,195,803.6,-3.3204,15.761,186.25,965.13,0.29047,0.12788,0.02848,0.25939,0.12289,0.024768,0.24569,0.1172,0.022592,249,246,246,241,230,224,171,168,167,255,255,255,179,173,162,125,139,141,0.55538,0.5658,0.56649
1,7.2708e+05,-3.417,16,195,803.6,-3.3978,15.778,0.43597,845.48,0,0,0,0,0,0,0,0,0,245,243,242,231,226,223,163,161,162,255,255,255,163,169,169,179,159,152,0.55882,0.54385,0.5312
1,7.2718e+05,-3.417,15.92,195,803.7,-3.4105,15.711,186.17,809.96,0.33117,0.11456,0.019776,0.22184,0.11188,0.014976,0.13955,0.10817,0.011904,240,240,241,213,215,213,149,153,160,255,255,255,153,151,148,99,107,119,0.56755,0.56773,0.56661
1,7.2728e+05,-3.417,15.839,195,803.6,-3.4105,15.627,185.96,1016.1,0.22493,0.11534,0.018432,0.16641,0.11251,0.014144,0.14342,0.10497,0.011712,238,237,239,195,201,206,152,155,161,255,255,255,132,133,135,99,98,104,0.55182,0.54859,0.547
1,7.2738e+05,-3.417,15.759,195,803.6,-3.3989,15.556,188.17,529.67,0.24621,0.12841,0.024576,0.22305,0.12196,0.02144,0.21275,0.11359,0.018752,233,235,239,185,190,196,170,170,170,255,255,255,108,110,115,100,104,111,0.53126,0.53414,0.53602
1,7.2748e+05,-3.417,15.679,195,803.7,-3.4031,15.498,188.13,576.54,0.22765,0.13584,0.024064,0.20595,0.12799,0.020416,0.18915,0.12224,0.018048,236,238,240,202,198,195,176,176,175,255,255,255,108,110,113,116,117,120,0.52772,0.52926,0.52875
1,7.2758e+05,-3.417,15.598,195,803.6,-3.4063,15.399,187.13,852.88,0.34066,0.13091,0.033792,0.31315,0.11888,0.028224,0.28302,0.11158,0.023488,246,243,239,204,200,195,183,180,178,255,255,255,138,128,124,140,138,133,0.52008,0.52403,0.52464
1,7.2768e+05,-3.417,15.518,195,803.6,-3.4403,15.366,186.66,868.18,0.31936,0.13821,0.03392,0.29514,0.1273,0.028992,0.27176,0.12509,0.02624,232,233,234,175,180,186,174,177,178,255,255,255,154,163,168,126,131,140,0.53369,0.52819,0.52766
1,7.3424e+05,-3.417,11.555,195,803.6,-3.4074,11.398,0.40948,871.93,0,0,0,0,0,0,0,0,0,244,246,248,175,182,188,173,172,173,255,255,255,137,142,151,149,158,170,0.5283,0.52115,0.51798
1,7.3434e+05,-3.417,11.474,195,803.7,-3.3861,11.294,184.25,937.13,0.22616,0.11941,0.017792,0.19914,0.11559,0.014976,0.18792,0.10879,0.0128,251,250,250,181,181,183,178,177,174,255,255,255,125,124,124,199,201,205,0.52686,0.52622,0.52474
1,7.3444e+05,-3.417,11.394,195,803.6,-3.401,11.246,186.45,842.71,0.19096,0.12339,0.018048,0.17788,0.11544,0.016064,0.1706,0.11258,0.014912,250,251,251,180,185,184,179,175,172,255,255,253,122,118,116,241,231,224,0.52896,0.52634,0.52666
1,7.3454e+05,-3.417,11.313,195,803.6,-3.4074,11.18,184.86,823.1,0.25569,0.13273,0.02656,0.24245,0.12287,0.022912,0.22208,0.11628,0.020096,252,251,250,200,189,181,161,165,168,247,247,246,110,108,107,255,255,252,0.53544,0.53072,0.53128
1,7.3464e+05,-3.417,11.233,195,803.7,-3.4052,11.107,184.82,1122.5,0.34153,0.14274,0.033792,0.30039,0.1353,0.028352,0.27466,0.1257,0.025024,247,249,249,187,183,178,161,162,164,240,240,239,106,105,104,255,255,255,0.53818,0.53827,0.53976
1,7.3474e+05,-3.417,11.153,195,803.6,-3.4074,11.016,185.95,954.93,0.31591,0.12421,0.028288,0.26211,0.11994,0.023104,0.23433,0.11743,0.020096,249,249,250,172,172,174,157,159,162,222,227,233,103,112,125,255,255,255,0.55752,0.55232,0.55187
1,7.3484e+05,-3.417,11.072,195,803.6,-3.4042,10.937,186.92,617.71,0.33335,0.13428,0.032128,0.2921,0.12784,0.026688,0.26,0.1256,0.02304,255,254,253,180,182,181,167,167,167,238,239,240,176,174,168,255,255,255,0.57447,0.57286,0.57298
1,7.3795e+05,-3.51,11,195,803.6,-3.4975,10.934,0.4161,1094.4,0,0,0,0,0,0,0,0,0,255,254,253,198,187,179,174,171,167,254,252,249,182,165,158,255,255,255,0.56079,0.54644,0.53207
1,7.3805e+05,-3.51,11.08,195,803.7,-3.4859,11.001,185.71,782.41,0.15025,0.12435,0.014656,0.13968,0.1195,0.012992,0.12759,0.11703,0.01184,252,251,250,160,165,169,166,165,164,239,238,240,100,112,126,255,255,255,0.56369,0.56736,0.56898
1,7.3815e+05,-3.51,11.161,195,803.6,-3.4933,11.054,186.65,669.43,0.23932,0.11909,0.019904,0.17169,0.11374,0.015488,0.1566,0.11098,0.013696,248,248,249,162,162,167,163,162,163,226,231,237,100,102,109,255,255,255,0.55178,0.55256,0.55111
1,7.3825e+05,-3.51,11.241,195,803.6,-3.4742,11.127,186.71,780.9,0.25057,0.118,0.022848,0.23573,0.11141,0.020032,0.21562,0.10426,0.01728,248,248,250,174,176,176,163,164,167,234,236,240,101,99,98,255,255,255,0.53723,0.538,0.53912
1,7.3835e+05,-3.51,11.321,195,803.7,-3.4997,11.241,186.7,1070.8,0.30034,0.12672,0.028864,0.2692,0.11786,0.024,0.24938,0.11338,0.021312,252,251,251,183,183,181,169,170,171,244,244,245,90,95,100,255,255,252,0.53102,0.52705,0.52944
1,7.3845e+05,-3.51,11.402,195,803.6,-3.4848,11.289,187.42,942.69,0.3497,0.13027,0.034368,0.30225,0.12442,0.02848,0.27232,0.11985,0.024704,252,252,252,188,185,184,184,178,175,255,254,253,106,108,110,238,230,224,0.52423,0.52425,0.52335
1,7.3855e+05,-3.51,11.482,195,803.6,-3.4954,11.365,187.27,730.74,0.33049,0.13769,0.034752,0.29075,0.13205,0.02944,0.26614,0.12434,0.025856,252,251,251,184,186,185,169,171,173,255,255,255,130,133,138,183,188,194,0.52409,0.52457,0.5259
1,7.4511e+05,-3.51,15.445,195,803.6,-3.4774,15.312,0.21086,895.86,0,0,0,0,0,0,0,0,0,225,228,230,170,176,186,179,180,180,255,255,255,216,205,190,142,149,157,0.52971,0.52655,0.52297
1,7.4521e+05,-3.51,15.526,195,803.7,-3.4975,15.396,185.47,1048.8,0.17742,0.11554,0.014912,0.16441,0.10646,0.0128,0.15906,0.10294,0.011776,229,231,234,212,204,196,175,177,178,255,255,255,129,138,150,127,132,141,0.5222,0.52455,0.52672
1,7.4531e+05,-3.51,15.606,195,803.6,-3.4933,15.459,186.47,805.75,0.21363,0.1127,0.018496,0.20478,0.10707,0.016384,0.18909,0.10382,0.014848,234,235,236,205,203,198,179,179,179,255,255,255,118,122,128,133,133,135,0.52962,0.5275,0.52548
1,7.4541e+05,-3.51,15.687,195,803.6,-3.4975,15.522,187.23,788.91,0.27981,0.12532,0.026816,0.26265,0.11924,0.024256,0.24609,0.11255,0.021184,238,237,238,175,183,192,186,184,180,255,255,255,106,109,113,119,121,121,0.52747,0.52988,0.52962
1,7.4551e+05,-3.51,15.767,195,803.7,-3.4891,15.603,187.21,777.29,0.2417,0.12932,0.023488,0.21582,0.12112,0.01984,0.19733,0.1156,0.0176,237,236,238,179,185,193,184,180,176,255,255,255,107,110,114,104,109,114,0.53521,0.53758,0.53794
1,7.4561e+05,-3.51,15.847,195,803.6,-3.5018,15.69,187.97,647.97,0.2944,0.12744,0.027648,0.25224,0.12107,0.022592,0.22438,0.11472,0.019264,236,239,241,233,219,207,160,162,165,255,255,255,122,125,128,100,101,106,0.54724,0.54709,0.54753
1,7.4571e+05,-3.51,15.928,195,803.6,-3.4997,15.762,186.62,939.4,0.31914,0.13293,0.032448,0.29741,0.1232,0.028096,0.27956,0.11779,0.025216,244,243,242,231,224,219,158,156,158,255,255,255,160,155,150,121,131,133,0.56643,0.56618,0.56607
1,7.4882e+05,-3.603,16,195,803.6,-3.5665,15.764,0.4161,714.29,0,0,0,0,0,0,0,0,0,236,244,246,215,217,218,160,162,164,255,255,255,157,153,149,166,154,152,0.55115,0.52921,0.52211
1,7.4892e+05,-3.603,15.92,195,803.7,-3.5739,15.693,187.36,752.02,0.19903,0.11036,0.015552,0.17783,0.10684,0.013568,0.15956,0.10446,0.01216,255,251,246,218,216,211,163,167,169,255,255,255,120,126,131,100,107,121,0.56879,0.56603,0.56465
1,7.4902e+05,-3.603,15.839,195,803.6,-3.5718,15.608,186.83,819.43,0.22558,0.11944,0.020224,0.19428,0.11583,0.016576,0.16864,0.1105,0.014336,249,247,246,201,203,202,176,174,173,255,255,255,116,118,121,97,100,108,0.53707,0.54445,0.54674
1,7.4912e+05,-3.603,15.759,195,803.6,-3.5899,15.56,187.31,821.37,0.2342,0.12617,0.022784,0.21268,0.11517,0.019136,0.19106,0.11161,0.016896,240,242,243,168,176,186,186,185,180,255,255,255,112,110,109,119,117,116,0.53517,0.53833,0.53745
1,7.4922e+05,-3.603,15.679,195,803.7,-3.5824,15.482,186.67,786.31,0.26323,0.13917,0.028224,0.23005,0.13135,0.023232,0.20721,0.12291,0.01984,242,242,242,181,181,185,185,184,181,255,255,255,103,105,107,141,132,125,0.52957,0.52704,0.52856
1,7.4932e+05,-3.603,15.598,195,803.6,-3.5792,15.409,185.72,699.22,0.31531,0.12498,0.028928,0.26659,0.11471,0.023232,0.22803,0.11372,0.020096,240,240,240,213,207,196,178,178,178,255,255,255,112,113,120,146,147,144,0.52953,0.52735,0.52738
1,7.4942e+05,-3.603,15.518,195,803.6,-3.5909,15.345,186.49,663.21,0.29526,0.12802,0.028032,0.26423,0.12195,0.023808,0.24386,0.1155,0.02112,231,234,235,203,198,193,176,177,179,255,255,255,177,175,167,177,171,163,0.53123,0.53078,0.52806
1,7.5598e+05,-3.603,11.555,195,803.6,-3.6068,11.408,0.24727,664.82,0,0,0,0,0,0,0,0,0,255,254,252,181,184,189,166,167,169,255,255,255,157,161,162,188,186,182,0.53017,0.52747,0.52582
1,7.5608e+05,-3.603,11.474,195,803.7,-3.5835,11.337,185.9,659.86,0.17477,0.11182,0.013568,0.11936,0.1091,0.010432,0.11569,0.10533,0.009664,255,255,254,181,184,188,175,174,174,255,255,255,116,117,121,195,200,207,0.52458,0.5247,0.52623
1,7.5618e+05,-3.603,11.394,195,803.6,-3.5899,11.265,185.53,824.6,0.16191,0.11768,0.01472,0.15142,0.11394,0.013376,0.1405,0.10711,0.011968,255,255,254,180,183,187,182,181,177,255,255,254,104,103,106,239,228,221,0.52513,0.52449,0.52487
1,7.5628e+05,-3.603,11.313,195,803.6,-3.5899,11.187,186.22,842.23,0.26489,0.12188,0.025088,0.23784,0.11538,0.02112,0.22275,0.10814,0.01856,253,253,252,179,180,181,178,179,177,251,249,248,85,89,96,255,255,251,0.52832,0.53224,0.53135
1,7.5638e+05,-3.603,11.233,195,803.7,-3.5888,11.097,185.69,619.2,0.27214,0.11677,0.023808,0.24471,0.11368,0.02048,0.22135,0.10667,0.017728,252,252,250,180,175,174,170,173,174,243,243,244,90,92,95,255,255,255,0.53479,0.53987,0.54084
1,7.5648e+05,-3.603,11.153,195,803.6,-3.5824,11.023,185.71,925.81,0.29068,0.13239,0.029824,0.26799,0.12418,0.02592,0.2524,0.12156,0.023744,246,246,246,149,154,163,165,165,166,238,241,244,93,99,107,255,255,255,0.55212,0.55305,0.55254
1,7.5658e+05,-3.603,11.072,195,803.6,-3.5835,10.942,186.38,1019.1,0.36106,0.13414,0.036608,0.32911,0.12584,0.031168,0.31014,0.11816,0.027712,246,247,247,152,158,164,153,158,162,255,253,250,125,129,135,255,255,255,0.57644,0.57523,0.57513
1,7.5969e+05,-3.696,11,195,803.6,-3.6907,10.929,0.39955,633.28,0,0,0,0,0,0,0,0,0,245,244,245,169,166,166,155,157,158,255,255,254,187,181,175,255,255,255,0.57156,0.55304,0.53743
1,7.5979e+05,-3.696,11.08,195,803.7,-3.6917,11.026,186.21,1139.2,0.16285,0.11644,0.0144,0.14516,0.1125,0.012736,0.13173,0.10884,0.011392,232,238,245,154,161,168,163,163,165,251,251,251,118,129,138,255,255,255,0.57133,0.56769,0.56942
1,7.5989e+05,-3.696,11.161,195,803.6,-3.68,11.068,186.32,988.78,0.23294,0.10957,0.018624,0.19587,0.10657,0.015232,0.16749,0.10363,0.0128,237,242,246,163,167,172,167,170,170,247,249,250,105,110,119,255,255,255,0.54896,0.54876,0.54851
1,7.5999e+05,-3.696,11.241,195,803.6,-3.6737,11.146,187.14,688.35,0.27328,0.13237,0.028096,0.25494,0.12671,0.025024,0.23732,0.11955,0.022144,253,253,252,187,184,183,184,184,179,252,251,250,101,98,97,255,255,254,0.54054,0.53805,0.5378
1,7.6009e+05,-3.696,11.321,195,803.7,-3.6779,11.233,185.56,701.03,0.38972,0.1386,0.035072,0.32597,0.11511,0.026688,0.28787,0.10852,0.021696,254,254,254,184,188,190,187,185,181,254,253,252,91,94,98,255,255,249,0.53236,0.52909,0.52969
1,7.6019e+05,-3.696,11.402,195,803.6,-3.6822,11.299,187.02,736.43,0.31805,0.12689,0.02976,0.25681,0.12351,0.024256,0.23114,0.11719,0.020928,255,255,254,210,203,199,172,175,175,255,255,255,103,106,112,230,221,213,0.5246,0.52513,0.52461
1,7.6029e+05,-3.696,11.482,195,803.6,-3.6779,11.354,187.76,764.44,0.33592,0.13018,0.03232,0.31082,0.12004,0.027456,0.28735,0.11313,0.024064,253,254,254,206,205,203,164,167,170,255,255,255,141,143,144,151,164,182,0.51927,0.52571,0.5251
1,7.6685e+05,-3.696,15.445,195,803.6,-3.696,15.323,0.21417,950.99,0,0,0,0,0,0,0,0,0,237,235,235,188,188,191,177,176,175,255,255,255,181,173,163,181,179,178,0.52618,0.5254,0.52332
1,7.6695e+05,-3.696,15.526,195,803.7,-3.68,15.396,186.25,1270.6,0.17677,0.11959,0.015808,0.16152,0.11228,0.013504,0.14988,0.10886,0.011904,247,245,243,195,194,191,173,172,173,255,255,255,109,119,134,152,157,162,0.52509,0.5254,0.52591
1,7.6705e+05,-3.696,15.606,195,803.6,-3.6684,15.451,187.53,809.43,0.21517,0.11465,0.018496,0.19091,0.1075,0.01568,0.17004,0.10556,0.013824,252,249,246,190,191,188,171,173,174,255,255,255,102,106,117,143,149,154,0.52511,0.52604,0.52493
1,7.6715e+05,-3.696,15.687,195,803.6,-3.6822,15.538,187.63,700.4,0.25849,0.12814,0.02528,0.23764,0.12036,0.022144,0.22198,0.11412,0.01952,250,249,248,166,171,178,180,178,177,255,255,255,95,101,109,124,129,134,0.52144,0.52404,0.52715
1,7.6725e+05,-3.696,15.767,195,803.7,-3.6694,15.6,187.46,688.14,0.39229,0.11813,0.033408,0.32762,0.11306,0.026944,0.28167,0.10757,0.022016,248,247,248,161,168,179,183,180,177,255,255,255,101,104,110,106,114,123,0.53173,0.53567,0.5361
1,7.6735e+05,-3.696,15.847,195,803.6,-3.6652,15.668,186.81,692.07,0.33403,0.1346,0.034624,0.31114,0.12373,0.029248,0.28497,0.11705,0.025728,247,249,249,197,195,197,174,175,175,255,255,255,113,116,118,100,104,116,0.5427,0.54653,0.54751
1,7.6745e+05,-3.696,15.928,195,803.6,-3.6705,15.754,186.94,891.55,0.29472,0.13301,0.029376,0.2625,0.12845,0.025408,0.24168,0.12265,0.022528,253,252,250,231,222,219,182,173,170,255,255,255,136,131,132,147,154,154,0.56139,0.56249,0.56222
1,7.7056e+05,-3.789,16,195,803.6,-3.7702,15.769,0.13803,1032.7,0,0,0,0,0,0,0,0,0,254,253,253,247,233,225,175,168,168,255,255,255,144,136,138,246,215,192,0.50018,0.51577,0.52146
1,7.7066e+05,-3.789,15.92,195,803.7,-3.7702,15.707,186.18,1079.1,0.29442,0.10991,0.020992,0.20737,0.10965,0.015616,0.18588,0.098559,0.012736,253,252,252,223,217,209,171,168,170,255,255,255,118,123,130,125,133,145,0.56262,0.56366,0.56383
1,7.7076e+05,-3.789,15.839,195,803.6,-3.7713,15.633,185.37,914.88,0.18073,0.12724,0.017792,0.16643,0.11936,0.015104,0.1491,0.11297,0.013056,252,251,251,206,200,195,161,168,173,255,255,255,130,122,123,112,115,123,0.54667,0.54616,0.54667
1,7.7086e+05,-3.789,15.759,195,803.6,-3.7777,15.561,186.9,765.65,0.27961,0.13497,0.028736,0.26092,0.12704,0.024768,0.22818,0.11679,0.019776,252,251,251,166,169,176,176,173,174,255,255,255,109,116,123,127,128,134,0.53988,0.53583,0.53491
1,7.7096e+05,-3.789,15.679,195,803.7,-3.7639,15.484,186.42,881.83,0.31233,0.12044,0.026944,0.25157,0.11277,0.020288,0.19715,0.11012,0.015808,254,252,251,162,167,174,174,173,173,255,255,255,118,120,122,156,152,149,0.52073,0.52564,0.52704
1,7.7106e+05,-3.789,15.598,195,803.6,-3.7702,15.42,185.83,957.55,0.25697,0.12606,0.02432,0.20532,0.12069,0.018304,0.17351,0.1154,0.015616,254,251,248,188,183,180,168,168,170,255,255,255,123,120,123,191,180,168,0.52078,0.52367,0.5244
1,7.7116e+05,-3.789,15.518,195,803.6,-3.7787,15.334,186.12,686.52,0.30294,0.1308,0.029888,0.26863,0.12316,0.024576,0.23335,0.11675,0.020544,237,237,239,182,182,180,166,166,169,255,255,255,129,136,147,148,154,168,0.53064,0.52954,0.5284
1,7.7772e+05,-3.789,11.555,195,803.6,-3.7702,11.395,-0.14004,338.21,0,0,0,0,0,0,0,0,0,253,252,252,240,225,214,175,172,171,255,255,255,164,163,160,167,160,161,0.5173,0.51374,0.51146
1,7.7782e+05,-3.789,11.474,195,803.7,-3.7681,11.311,187.3,622.95,0.14876,0.11332,0.0128,0.13741,0.10965,0.011456,0.12788,0.10656,0.010752,255,254,253,230,226,214,166,168,171,255,255,255,136,136,136,159,170,182,0.52606,0.52559,0.52534
1,7.7792e+05,-3.789,11.394,195,803.6,-3.7628,11.241,186.65,609.14,0.20018,0.12562,0.019392,0.18947,0.11885,0.017152,0.17545,0.11519,0.015488,252,253,253,212,210,208,168,169,173,255,255,255,115,118,124,205,201,201,0.51654,0.52095,0.52468
1,7.7802e+05,-3.789,11.313,195,803.6,-3.7723,11.179,186.11,708.54,0.23658,0.12133,0.02176,0.20536,0.11464,0.01824,0.19025,0.10801,0.015936,254,253,253,193,195,197,185,182,178,255,255,254,98,103,108,255,250,241,0.52918,0.5281,0.52999
1,7.7812e+05,-3.789,11.233,195,803.7,-3.7755,11.096,185.63,693.34,0.29556,0.11823,0.024832,0.25079,0.11186,0.020608,0.214,0.108,0.017152,254,254,252,207,198,193,194,185,178,255,254,253,102,103,106,255,255,252,0.53603,0.53905,0.53995
1,7.7822e+05,-3.789,11.153,195,803.6,-3.7543,11.004,187.89,981.68,0.29549,0.12779,0.028864,0.25949,0.12444,0.024768,0.24001,0.11854,0.021824,254,250,249,195,193,190,171,171,171,249,251,252,107,123,138,255,255,255,0.55542,0.5516,0.55141
1,7.7832e+05,-3.789,11.072,195,803.6,-3.7511,10.945,186.65,759.94,0.33056,0.11719,0.028608,0.30509,0.11314,0.025152,0.28259,0.10659,0.022336,246,247,248,176,180,183,160,161,162,255,254,253,229,206,187,255,255,255,0.5739,0.57386,0.57346
1,7.8143e+05,-3.882,11,195,803.6,-3.8392,10.902,-0.40157,648.02,0,0,0,0,0,0,0,0,0,255,255,254,207,201,198,167,164,165,255,255,254,244,240,224,255,255,255,0.54632,0.52887,0.5221
1,7.8153e+05,-3.882,11.08,195,803.7,-3.8562,10.991,185.66,684.85,0.21998,0.11284,0.015552,0.15445,0.11293,0.012992,0.13737,0.10819,0.011712,255,254,254,210,209,203,155,160,165,252,250,251,178,174,171,255,255,255,0.56741,0.56892,0.57009
1,7.8163e+05,-3.882,11.161,195,803.6,-3.853,11.063,186.46,751.39,0.2242,0.12365,0.02112,0.20595,0.11668,0.018304,0.19275,0.11013,0.016192,254,254,254,210,208,204,165,164,167,249,249,251,119,133,146,255,255,255,0.55017,0.54803,0.54983
1,7.8173e+05,-3.882,11.241,195,803.6,-3.8551,11.139,185.13,1060.9,0.26544,0.13287,0.027392,0.24088,0.12603,0.023616,0.2181,0.12353,0.0208,254,254,253,200,199,201,180,174,170,254,254,252,129,118,116,255,254,248,0.53735,0.53883,0.53952
1,7.8183e+05,-3.882,11.321,195,803.7,-3.8615,11.226,184.95,741.85,0.31961,0.12338,0.029824,0.28172,0.11662,0.02496,0.2493,0.11075,0.020672,251,252,253,194,196,199,177,172,170,255,255,254,126,122,121,251,242,232,0.52711,0.52943,0.53034
1,7.8193e+05,-3.882,11.402,195,803.6,-3.871,11.306,185.99,975.22,0.24659,0.12527,0.022976,0.2127,0.12136,0.01952,0.19906,0.11251,0.017216,253,252,253,197,202,209,169,167,168,255,255,255,138,140,141,175,180,188,0.51952,0.5219,0.52222
1,7.8203e+05,-3.882,11.482,195,803.6,-3.8625,11.387,185.35,1120.9,0.32025,0.12194,0.028928,0.28652,0.11102,0.02368,0.25512,0.10823,0.020224,255,255,253,230,224,218,181,174,169,255,255,255,167,161,158,138,147,161,0.52148,0.52317,0.52448
1,7.8859e+05,-3.882,15.445,195,803.6,-3.8593,15.322,0.54852,979.08,0,0,0,0,0,0,0,0,0,225,231,235,155,164,172,173,170,171,255,255,255,195,184,166,154,161,167,0.5291,0.52552,0.52033
1,7.8869e+05,-3.882,15.526,195,803.7,-3.8678,15.392,187.86,866.93,0.22471,0.13353,0.021952,0.21911,0.12648,0.019968,0.21491,0.12097,0.018496,249,245,240,180,179,176,166,168,172,255,255,255,110,129,144,185,183,172,0.51715,0.52259,0.52467
1,7.8879e+05,-3.882,15.606,195,803.6,-3.854,15.444,186.3,743.88,0.29047,0.11135,0.022528,0.27323,0.10311,0.01952,0.25114,0.10077,0.01664,254,250,244,186,181,176,168,170,172,255,255,255,144,136,132,226,200,174,0.52758,0.52229,0.52251
1,7.8889e+05,-3.882,15.687,195,803.6,-3.8434,15.516,187.21,605.19,0.2528,0.12196,0.023232,0.2218,0.11605,0.019712,0.19734,0.11055,0.016832,249,249,248,167,169,172,179,177,175,255,255,255,147,144,135,162,164,159,0.5261,0.52726,0.52854
1,7.8899e+05,-3.882,15.767,195,803.7,-3.8551,15.602,186.84,938.04,0.25959,0.13724,0.026176,0.22838,0.12691,0.02176,0.20597,0.12327,0.0192,250,250,249,158,166,175,181,179,176,255,255,255,133,138,138,122,133,142,0.53597,0.53432,0.53468
1,7.8909e+05,-3.882,15.847,195,803.6,-3.8456,15.669,186.32,645.26,0.39837,0.11742,0.033664,0.33833,0.1105,0.026432,0.21433,0.11035,0.018112,253,252,251,196,194,190,180,178,175,255,255,255,145,140,142,116,117,126,0.54183,0.54841,0.54786
1,7.8919e+05,-3.882,15.928,195,803.6,-3.8657,15.756,185.56,799.29,0.31287,0.12852,0.028608,0.29045,0.12101,0.025088,0.27692,0.11254,0.021824,255,252,250,195,213,212,159,168,170,255,255,255,145,151,155,147,162,164,0.56452,0.56675,0.56386
1,7.923e+05,-3.975,16,195,803.6,-3.957,15.789,0.36645,810,0,0,0,0,0,0,0,0,0,229,242,246,191,204,205,155,170,171,255,255,255,179,191,180,181,175,176,0.49628,0.50879,0.5112
1,7.924e+05,-3.975,15.92,195,803.7,-3.9548,15.714,186.01,762.25,0.26157,0.11274,0.019904,0.23191,0.10977,0.01664,0.17119,0.10604,0.01344,243,247,248,194,196,194,178,182,177,255,255,255,172,177,168,115,125,142,0.56133,0.56173,0.56178
1,7.925e+05,-3.975,15.839,195,803.6,-3.957,15.651,186.08,743.36,0.19767,0.11822,0.018176,0.18149,0.10907,0.01536,0.16688,0.10685,0.013888,249,248,248,182,182,186,184,184,181,255,255,255,155,157,158,118,118,128,0.5491,0.54785,0.54514
1,7.926e+05,-3.975,15.759,195,803.6,-3.9548,15.564,186.16,882.32,0.25753,0.12396,0.024256,0.229,0.11651,0.020288,0.21103,0.10912,0.017408,242,243,244,159,167,175,178,183,180,255,255,255,127,135,139,132,138,145,0.5386,0.53446,0.53453
1,7.927e+05,-3.975,15.679,195,803.7,-3.9326,15.465,187.63,749.39,0.25324,0.12791,0.023936,0.22595,0.12103,0.020544,0.20754,0.1167,0.01824,233,239,242,176,171,175,173,179,179,255,255,255,126,131,132,155,156,156,0.52578,0.52687,0.52728
1,7.928e+05,-3.975,15.598,195,803.6,-3.9527,15.412,186.97,719.77,0.32328,0.12794,0.030592,0.2884,0.11786,0.025088,0.25408,0.11308,0.020864,234,237,238,172,178,178,178,176,176,255,255,255,115,124,132,152,161,164,0.51772,0.52327,0.52328
1,7.929e+05,-3.975,15.518,195,803.6,-3.9485,15.332,187.29,843.86,0.25495,0.13085,0.025664,0.23442,0.12111,0.02176,0.21129,0.11935,0.019264,227,233,235,168,170,170,182,182,178,255,255,255,155,166,172,134,146,161,0.52757,0.52671,0.52584
1,7.9946e+05,-3.975,11.555,195,803.6,-3.9654,11.403,0.36976,716.13,0,0,0,0,0,0,0,0,0,253,254,253,226,222,216,163,167,168,255,255,255,164,174,175,159,159,165,0.52013,0.52334,0.52389
1,7.9956e+05,-3.975,11.474,195,803.7,-3.9591,11.335,184.49,551.38,0.12024,0.11324,0.010688,0.1123,0.11143,0.009984,0.10843,0.10336,0.009024,252,253,253,206,209,210,161,163,165,255,255,255,179,166,156,143,150,168,0.52109,0.5249,0.52493
1,7.9966e+05,-3.975,11.394,195,803.6,-3.9601,11.25,186.07,826.79,0.17046,0.10803,0.014144,0.15681,0.10345,0.012544,0.14714,0.10102,0.011264,249,252,252,201,203,205,152,160,165,255,255,255,162,157,151,162,174,184,0.51827,0.52026,0.52238
1,7.9976e+05,-3.975,11.313,195,803.6,-3.9548,11.173,187.25,796.48,0.26946,0.11542,0.023424,0.25123,0.10709,0.020096,0.23068,0.10386,0.017856,254,254,253,213,204,196,161,162,163,255,254,253,137,138,133,245,238,228,0.53351,0.53077,0.53041
1,7.9986e+05,-3.975,11.233,195,803.7,-3.9591,11.089,186.6,1229.6,0.27749,0.12512,0.026432,0.25054,0.11824,0.022528,0.22551,0.11228,0.019584,255,254,253,193,198,198,159,163,165,253,252,251,122,128,125,255,252,245,0.54336,0.54265,0.54145
1,7.9996e+05,-3.975,11.153,195,803.6,-3.9708,11.039,187.11,473.68,0.27969,0.13119,0.027968,0.24483,0.12606,0.023232,0.21844,0.11608,0.019648,252,254,254,222,209,204,164,165,165,241,246,249,110,123,140,255,255,255,0.55386,0.55261,0.55257
1,8.0006e+05,-3.975,11.072,195,803.6,-3.9517,10.956,187.07,680.14,0.29593,0.11897,0.026624,0.26636,0.1165,0.023104,0.23851,0.11258,0.02016,255,254,254,214,213,207,171,171,169,254,253,251,207,195,184,255,255,255,0.5707,0.57274,0.57374
1,8.0317e+05,-4.068,11,195,803.6,-4.0355,10.934,-0.02087,842.66,0,0,0,0,0,0,0,0,0,254,255,255,205,203,204,185,177,173,255,255,253,223,210,193,255,255,255,0.49931,0.52129,0.52183
1,8.0327e+05,-4.068,11.08,195,803.7,-4.0429,11.003,183.99,926.9,0.15967,0.12044,0.015232,0.15282,0.11708,0.014208,0.14752,0.11079,0.012672,255,254,254,218,209,202,176,171,168,251,248,250,128,141,149,255,255,255,0.56846,0.56965,0.57083
1,8.0337e+05,-4.068,11.161,195,803.6,-4.0408,11.065,184.67,592.39,0.20251,0.12276,0.018944,0.18776,0.11054,0.015808,0.16847,0.10838,0.013952,255,254,254,198,199,201,173,166,165,246,245,249,104,115,131,255,255,255,0.55489,0.55122,0.55052
1,8.0347e+05,-4.068,11.241,195,803.6,-4.0514,11.15,184.64,959.78,0.25135,0.12271,0.023296,0.20049,0.11984,0.018432,0.17063,0.11647,0.015488,255,254,253,197,194,197,161,161,164,251,251,251,145,129,123,255,252,244,0.53772,0.5391,0.53822
1,8.0357e+05,-4.068,11.321,195,803.7,-4.0334,11.213,186.94,909.34,0.2439,0.13931,0.026048,0.22754,0.12952,0.022528,0.20874,0.12689,0.020288,255,253,252,213,200,196,167,161,162,255,254,253,157,141,132,248,238,227,0.52994,0.5278,0.52832
1,8.0367e+05,-4.068,11.402,195,803.6,-4.0355,11.284,185.84,854.9,0.27698,0.14408,0.030784,0.2501,0.13413,0.025664,0.22706,0.12856,0.022464,251,250,251,193,200,203,157,159,164,255,255,255,149,151,149,173,176,186,0.52288,0.52418,0.52331
1,8.0377e+05,-4.068,11.482,195,803.6,-4.0482,11.374,186.07,808.29,0.33601,0.14213,0.03712,0.31023,0.13376,0.031936,0.28655,0.12993,0.028608,254,254,253,229,217,209,167,164,164,255,255,255,176,165,163,144,157,170,0.52495,0.52474,0.52492
1,8.1033e+05,-4.068,15.445,195,803.6,-4.0493,15.315,0.20093,655.84,0,0,0,0,0,0,0,0,0,228,231,232,160,163,169,190,184,178,255,255,255,247,216,193,149,157,167,0.52815,0.52496,0.52473
1,8.1043e+05,-4.068,15.526,195,803.7,-4.0524,15.378,185.37,658.05,0.20603,0.11523,0.016064,0.15919,0.11121,0.013568,0.14196,0.10954,0.012224,232,234,235,178,179,176,179,178,177,255,255,255,120,134,153,133,142,160,0.53245,0.52614,0.52537
1,8.1053e+05,-4.068,15.606,195,803.6,-4.045,15.458,185.22,788.58,0.19321,0.11638,0.017536,0.18124,0.1108,0.015552,0.17327,0.1039,0.014272,231,233,236,184,181,178,176,176,176,255,255,255,116,117,129,145,152,163,0.52607,0.5248,0.52363
1,8.1063e+05,-4.068,15.687,195,803.6,-4.0302,15.532,185.92,978,0.27795,0.11944,0.025472,0.26231,0.11041,0.021952,0.24324,0.1035,0.019328,238,237,240,178,177,177,179,179,178,255,255,255,118,119,126,168,161,158,0.53015,0.5254,0.52754
1,8.1073e+05,-4.068,15.767,195,803.7,-4.0418,15.613,185.61,907.9,0.30043,0.12298,0.027136,0.25744,0.11565,0.022656,0.23654,0.10892,0.0192,244,241,242,174,173,178,190,182,179,255,255,255,125,127,136,150,147,149,0.53242,0.53545,0.5365
1,8.1083e+05,-4.068,15.847,195,803.6,-4.0514,15.694,186.1,626.78,0.27894,0.1237,0.024832,0.23294,0.11982,0.020544,0.20087,0.11147,0.017152,240,245,247,173,182,190,175,181,181,255,255,255,159,163,168,120,123,132,0.54621,0.549,0.5471
1,8.1093e+05,-4.068,15.928,195,803.6,-4.0567,15.769,185.88,877.41,0.29313,0.11879,0.025856,0.2632,0.11532,0.022272,0.23862,0.10668,0.019008,243,244,246,207,201,201,177,175,176,255,255,255,199,193,187,137,156,163,0.56766,0.564,0.56252
1,8.1404e+05,-4.161,16,195,803.6,-4.1384,15.799,-0.49426,747.83,0,0,0,0,0,0,0,0,0,243,249,246,194,210,213,169,174,174,255,255,255,181,201,195,251,212,187,0.49306,0.49359,0.50221
1,8.1414e+05,-4.161,15.92,195,803.7,-4.1395,15.708,184.78,731.76,0.16914,0.12179,0.015168,0.15397,0.11682,0.013248,0.13789,0.11064,0.01184,246,250,247,218,219,211,186,180,176,255,255,255,238,215,185,129,136,149,0.56749,0.56072,0.55994
1,8.1424e+05,-4.161,15.839,195,803.6,-4.1363,15.636,186.76,591.93,0.19551,0.11734,0.017408,0.16761,0.11319,0.014656,0.15832,0.10274,0.012736,251,247,246,219,212,205,181,177,177,255,255,255,191,185,172,126,127,137,0.55785,0.54514,0.54379
1,8.1434e+05,-4.161,15.759,195,803.6,-4.131,15.551,185.89,708.36,0.24306,0.1227,0.022592,0.21723,0.11759,0.019584,0.19681,0.1114,0.016832,238,241,242,176,182,185,168,174,175,255,255,255,114,122,131,161,163,164,0.52764,0.53452,0.53413
1,8.1444e+05,-4.161,15.679,195,803.7,-4.1532,15.499,185.24,881.61,0.27886,0.13207,0.026688,0.24773,0.12383,0.022528,0.22346,0.11952,0.019648,234,239,241,169,174,178,177,176,176,255,255,255,102,111,119,198,189,178,0.52082,0.52562,0.52647
1,8.1454e+05,-4.161,15.598,195,803.6,-4.1405,15.406,185.02,737.16,0.27699,0.1329,0.02816,0.24909,0.12618,0.024384,0.23308,0.11814,0.021312,241,240,238,185,178,174,175,174,174,255,255,255,109,117,130,182,186,186,0.53118,0.52201,0.52245
1,8.1464e+05,-4.161,15.518,195,803.6,-4.1384,15.334,186.78,545.48,0.32351,0.1235,0.029632,0.29211,0.11695,0.025216,0.27451,0.10979,0.022144,233,234,233,182,175,171,159,170,175,255,255,255,184,188,185,160,167,177,0.52635,0.52761,0.52577
1,8.212e+05,-4.161,11.555,195,803.6,-4.1235,11.378,0.54852,1072.7,0,0,0,0,0,0,0,0,0,255,253,252,202,203,203,168,166,165,255,255,255,158,166,177,223,206,188,0.52806,0.52394,0.52545
1,8.213e+05,-4.161,11.474,195,803.7,-4.1469,11.331,186.6,610.62,0.29976,0.11246,0.019968,0.24182,0.10562,0.015424,0.16269,0.10181,0.011712,251,251,250,190,192,195,163,165,165,255,255,255,139,142,148,163,172,182,0.52374,0.52345,0.52283
1,8.214e+05,-4.161,11.394,195,803.6,-4.1363,11.241,186.76,753.65,0.23019,0.11226,0.018432,0.17994,0.10825,0.014528,0.14923,0.10664,0.012352,247,247,249,186,187,193,168,166,165,255,255,255,130,136,142,176,183,192,0.5217,0.52175,0.52303
1,8.215e+05,-4.161,11.313,195,803.6,-4.1225,11.161,186.4,969.98,0.24031,0.12901,0.023808,0.21277,0.1214,0.020352,0.19827,0.11641,0.01792,245,247,249,194,194,194,170,167,163,255,255,254,128,126,126,239,236,229,0.53068,0.5333,0.531
1,8.216e+05,-4.161,11.233,195,803.7,-4.1161,11.064,188.07,848.91,0.26972,0.13689,0.027904,0.23286,0.13272,0.023936,0.21285,0.1243,0.020736,252,250,250,200,195,195,163,164,164,255,254,252,113,115,117,254,250,245,0.54007,0.54101,0.53993
1,8.217e+05,-4.161,11.153,195,803.6,-4.1161,10.999,185.84,729.7,0.27773,0.12751,0.026048,0.20092,0.12335,0.019136,0.17957,0.11961,0.016832,255,254,253,189,191,196,167,165,165,246,249,251,92,100,116,255,255,255,0.5586,0.55422,0.55216
1,8.218e+05,-4.161,11.072,195,803.6,-4.1288,10.926,187.01,907.25,0.31831,0.12211,0.029696,0.2886,0.1104,0.02432,0.26084,0.10842,0.02144,255,254,254,202,198,196,170,171,171,254,253,252,143,144,145,255,255,255,0.57352,0.57356,0.57295
1,8.2491e+05,-4.254,11,195,803.6,-4.2275,10.923,0.58824,743.82,0,0,0,0,0,0,0,0,0,252,253,253,183,183,185,172,172,169,255,255,254,161,156,159,255,254,253,0.49597,0.50713,0.51171
1,8.2501e+05,-4.254,11.08,195,803.7,-4.218,11.003,186.5,839.61,0.17832,0.12607,0.016192,0.1543,0.11763,0.013888,0.14207,0.11055,0.012416,251,252,252,180,186,192,161,163,164,250,252,252,107,117,129,255,255,254,0.56959,0.56684,0.56731
1,8.2511e+05,-4.254,11.161,195,803.6,-4.2169,11.069,186.03,486.18,0.18126,0.12022,0.01664,0.1592,0.11251,0.014016,0.14495,0.10929,0.01248,249,251,252,195,198,199,152,159,162,249,251,252,96,104,116,255,255,254,0.55415,0.54924,0.54859
1,8.2521e+05,-4.254,11.241,195,803.6,-4.2434,11.155,186.26,912.26,0.22902,0.12137,0.021376,0.21299,0.11028,0.018112,0.19657,0.10824,0.01632,242,247,249,216,215,208,157,161,162,255,254,253,105,111,113,255,252,245,0.53878,0.53783,0.53841
1,8.2531e+05,-4.254,11.321,195,803.7,-4.2233,11.202,186.54,550.46,0.31229,0.12857,0.030528,0.28707,0.12307,0.025984,0.23384,0.11924,0.02176,242,245,248,204,209,206,167,166,163,255,255,254,124,121,119,249,240,229,0.53203,0.52738,0.52816
1,8.2541e+05,-4.254,11.402,195,803.6,-4.218,11.299,187.82,870.08,0.39928,0.11959,0.03392,0.26827,0.11792,0.022144,0.20412,0.11302,0.017728,245,249,249,181,186,194,159,165,165,255,255,255,136,137,138,180,187,193,0.5204,0.51996,0.52126
1,8.2551e+05,-4.254,11.482,195,803.6,-4.2137,11.354,185.97,775.78,0.30811,0.12355,0.028032,0.28102,0.1173,0.024064,0.24428,0.11354,0.0208,253,252,251,177,186,190,165,165,166,255,255,255,152,158,161,165,172,181,0.52498,0.52336,0.5226
1,8.3207e+05,-4.254,15.445,195,803.6,-4.2201,15.31,-0.27246,820.79,0,0,0,0,0,0,0,0,0,225,229,231,152,164,171,164,164,167,255,255,255,250,230,209,190,198,206,0.5199,0.52785,0.52711
1,8.3217e+05,-4.254,15.526,195,803.7,-4.2031,15.37,185.62,812.71,0.20487,0.11667,0.018112,0.18929,0.10749,0.015104,0.17857,0.10315,0.013312,245,242,238,168,168,167,181,174,173,255,255,255,133,147,163,225,221,216,0.52588,0.52497,0.52438
1,8.3227e+05,-4.254,15.606,195,803.6,-4.2275,15.471,187.81,806.66,0.2126,0.11942,0.019008,0.19811,0.10967,0.01664,0.18969,0.10402,0.014848,247,244,241,155,162,167,184,179,174,255,255,255,122,128,137,249,237,222,0.5215,0.52387,0.52366
1,8.3237e+05,-4.254,15.687,195,803.6,-4.2349,15.536,187.72,703.44,0.31388,0.12292,0.028416,0.29716,0.11208,0.024384,0.26871,0.10605,0.020288,240,243,244,158,164,177,169,171,174,255,255,255,118,120,123,226,217,202,0.53428,0.52987,0.52842
1,8.3247e+05,-4.254,15.767,195,803.7,-4.218,15.614,188.95,1040.1,0.29239,0.11995,0.026432,0.26275,0.10917,0.021696,0.23786,0.10566,0.019008,241,244,245,174,183,191,165,168,173,255,255,255,113,121,131,175,179,180,0.53231,0.53376,0.53429
1,8.3257e+05,-4.254,15.847,195,803.6,-4.2254,15.692,186.94,914.99,0.32117,0.1165,0.02656,0.2533,0.1097,0.0208,0.21813,0.10729,0.01792,246,248,248,239,233,221,170,173,175,255,255,255,161,163,159,117,124,142,0.54556,0.54652,0.54577
1,8.3267e+05,-4.254,15.928,195,803.6,-4.2158,15.746,186.25,797.07,0.29905,0.12328,0.02656,0.23003,0.1205,0.021248,0.20168,0.11761,0.01856,251,246,247,242,236,231,178,176,176,255,255,255,191,189,179,137,157,168,0.56216,0.56496,0.56399
1,8.3578e+05,-4.347,16,195,803.6,-4.3166,15.781,-0.11025,686.87,0,0,0,0,0,0,0,0,0,247,246,245,235,226,226,173,174,175,255,255,255,157,151,156,230,193,176,0.4865,0.49748,0.50297
1,8.3588e+05,-4.347,15.92,195,803.7,-4.3145,15.699,186.14,882.48,0.13331,0.12582,0.013248,0.12562,0.1159,0.011648,0.1225,0.11175,0.010816,251,251,248,247,239,226,194,183,178,255,255,255,143,139,144,131,136,150,0.56252,0.56301,0.56174
1,8.3598e+05,-4.347,15.839,195,803.6,-4.306,15.618,186.71,866.57,0.16308,0.12783,0.016384,0.15454,0.12122,0.014784,0.14757,0.11815,0.013504,254,251,249,250,232,217,186,182,178,255,255,255,132,131,137,126,134,149,0.54574,0.54608,0.54538
1,8.3608e+05,-4.347,15.759,195,803.6,-4.3251,15.56,187.75,875.4,0.22455,0.13895,0.024064,0.20265,0.13386,0.02112,0.19333,0.12486,0.018752,248,248,248,180,183,189,170,173,177,255,255,255,119,127,135,199,194,192,0.5427,0.53759,0.53479
1,8.3618e+05,-4.347,15.679,195,803.7,-4.3198,15.492,187.32,726.03,0.28036,0.12301,0.025536,0.26231,0.11317,0.021376,0.23893,0.10898,0.0176,246,247,247,161,169,175,172,176,178,255,255,255,139,137,134,241,230,218,0.53284,0.52762,0.52554
1,8.3628e+05,-4.347,15.598,195,803.6,-4.3326,15.403,188.23,640.77,0.30578,0.13599,0.031168,0.27771,0.12602,0.026624,0.2585,0.12103,0.023424,245,243,242,171,166,165,189,182,177,255,255,255,145,140,145,255,254,245,0.52221,0.52357,0.52232
1,8.3638e+05,-4.347,15.518,195,803.6,-4.3113,15.318,186.21,733.27,0.29888,0.11846,0.026368,0.27903,0.11166,0.022976,0.26278,0.10311,0.019712,239,234,235,168,163,163,162,165,172,255,255,255,168,181,187,243,233,231,0.51628,0.52634,0.52612
1,8.4294e+05,-4.347,11.555,195,803.6,-4.3103,11.393,-0.33867,719.56,0,0,0,0,0,0,0,0,0,251,250,249,200,194,188,166,170,171,255,255,255,189,184,178,167,169,172,0.52986,0.53065,0.53029
1,8.4304e+05,-4.347,11.474,195,803.7,-4.3209,11.328,186.34,729.63,0.24613,0.1175,0.01824,0.22641,0.11507,0.014912,0.18338,0.11079,0.012608,253,252,250,188,192,194,161,162,164,255,255,255,152,150,149,147,155,171,0.51631,0.52362,0.52399
1,8.4314e+05,-4.347,11.394,195,803.6,-4.3209,11.242,185.27,588.59,0.23905,0.11473,0.018816,0.14064,0.11558,0.012544,0.12552,0.11356,0.011328,250,251,250,190,197,198,159,160,162,255,255,255,128,134,138,168,178,187,0.52646,0.52417,0.52363
1,8.4324e+05,-4.347,11.313,195,803.6,-4.3156,11.18,186.36,613.42,0.23895,0.11774,0.02144,0.2204,0.1091,0.018624,0.20772,0.10562,0.016704,251,251,250,237,225,211,160,159,159,254,254,253,119,120,120,246,239,229,0.53307,0.53034,0.52809
1,8.4334e+05,-4.347,11.233,195,803.7,-4.3177,11.09,186.51,697.38,0.26332,0.13144,0.026432,0.23828,0.12436,0.022848,0.22466,0.11682,0.020416,255,252,250,243,230,213,158,157,158,253,252,251,117,115,115,255,252,246,0.53365,0.53856,0.54041
1,8.4344e+05,-4.347,11.153,195,803.6,-4.323,10.991,185.6,1181.7,0.29107,0.12931,0.028096,0.25184,0.12039,0.02272,0.2249,0.117,0.019904,250,251,251,206,204,199,157,159,161,248,249,249,113,118,126,255,254,253,0.54353,0.54945,0.55137
1,8.4354e+05,-4.347,11.072,195,803.6,-4.3103,10.934,185.58,806.39,0.38249,0.13287,0.038656,0.34041,0.12799,0.033728,0.32301,0.11535,0.02848,253,251,251,172,175,180,166,166,166,254,253,251,187,175,163,248,249,250,0.57363,0.56996,0.56667
1,8.4665e+05,-4.44,11,195,803.6,-4.4174,10.923,-0.63329,641.75,0,0,0,0,0,0,0,0,0,250,248,247,167,169,173,170,166,164,253,250,247,222,208,191,245,242,244,0.48224,0.48926,0.50052
1,8.4675e+05,-4.44,11.08,195,803.7,-4.4185,11.007,186.57,684.69,0.19731,0.11183,0.015936,0.17565,0.10651,0.013568,0.14805,0.1068,0.012224,245,245,247,182,182,184,168,165,164,241,239,241,139,146,150,247,248,249,0.55877,0.56184,0.56547
1,8.4685e+05,-4.44,11.161,195,803.6,-4.4365,11.098,186.65,1005,0.21837,0.1145,0.018816,0.1955,0.1076,0.015744,0.18141,0.1022,0.013888,250,248,247,195,193,191,167,164,164,237,237,240,111,119,130,254,253,252,0.54874,0.5483,0.54895
1,8.4695e+05,-4.44,11.241,195,803.6,-4.4079,11.13,186.47,542.16,0.26184,0.12637,0.02496,0.24107,0.11786,0.021504,0.2158,0.10994,0.01824,254,251,249,201,204,205,161,162,163,249,246,244,116,115,117,255,252,244,0.5303,0.53555,0.53694
1,8.4705e+05,-4.44,11.321,195,803.7,-4.4058,11.216,186.04,843.16,0.31461,0.12684,0.029824,0.27905,0.11801,0.024576,0.24551,0.11177,0.020608,253,250,249,195,203,206,156,160,163,255,251,249,126,122,121,249,239,227,0.53099,0.53001,0.52881
1,8.4715e+05,-4.44,11.402,195,803.6,-4.4068,11.289,185.1,814.38,0.28486,0.13558,0.028032,0.24595,0.1281,0.02368,0.22411,0.12341,0.020672,251,249,249,202,200,202,160,161,165,255,255,254,136,135,137,173,175,181,0.52866,0.52493,0.52361
1,8.4725e+05,-4.44,11.482,195,803.6,-4.4089,11.354,186.43,872.18,0.27152,0.13184,0.026752,0.2457,0.1261,0.02336,0.22934,0.11651,0.020224,250,250,250,196,194,193,174,172,171,255,255,255,155,154,156,134,142,155,0.52399,0.52469,0.52447
1,8.5381e+05,-4.44,15.445,195,803.6,-4.4185,15.312,0.30024,510.71,0,0,0,0,0,0,0,0,0,232,233,234,164,167,166,166,169,169,255,255,255,236,217,207,236,235,237,0.53452,0.53155,0.53141
1,8.5391e+05,-4.44,15.526,195,803.7,-4.4164,15.384,186.84,836.25,0.22779,0.10451,0.016064,0.21025,0.10028,0.013568,0.19365,0.095807,0.012288,232,236,240,162,164,164,179,176,173,255,255,255,133,149,174,255,254,248,0.51987,0.52373,0.5247
1,8.5401e+05,-4.44,15.606,195,803.6,-4.4227,15.471,187.04,806.09,0.23331,0.12044,0.020992,0.22102,0.11431,0.018688,0.20541,0.10877,0.01664,242,243,244,165,165,165,186,182,177,255,255,255,141,150,157,255,255,252,0.52077,0.52083,0.52101
1,8.5411e+05,-4.44,15.687,195,803.6,-4.4132,15.52,186.11,912.46,0.25486,0.11353,0.020992,0.2209,0.10546,0.01696,0.19101,0.10199,0.01408,251,250,249,174,173,175,187,183,180,255,255,255,170,154,144,245,236,225,0.53233,0.52942,0.52826
1,8.5421e+05,-4.44,15.767,195,803.7,-4.4036,15.593,187.29,948.2,0.28787,0.13034,0.027648,0.2508,0.12346,0.023744,0.24078,0.11459,0.021056,249,250,251,179,181,186,182,180,181,255,255,255,146,139,137,212,206,201,0.53736,0.53567,0.53583
1,8.5431e+05,-4.44,15.847,195,803.6,-4.4058,15.673,186.1,778.09,0.22877,0.11874,0.020416,0.19563,0.1157,0.017472,0.18668,0.10801,0.015552,250,250,251,210,212,208,188,185,181,255,255,255,124,124,128,132,143,158,0.5426,0.54518,0.54688
1,8.5441e+05,-4.44,15.928,195,803.6,-4.4164,15.76,184.81,645.53,0.28914,0.12921,0.028096,0.26634,0.12363,0.024832,0.25041,0.11548,0.021952,246,249,250,197,215,219,176,179,179,255,255,255,139,144,145,149,155,159,0.55981,0.565,0.56078
1,8.5752e+05,-4.533,16,195,803.6,-4.5087,15.779,-0.1566,1200.4,0,0,0,0,0,0,0,0,0,254,253,252,213,212,212,176,177,179,255,255,255,172,164,162,171,169,171,0.47385,0.48049,0.49299
1,8.5762e+05,-4.533,15.92,195,803.7,-4.4853,15.689,187.59,722.3,0.21018,0.11368,0.014976,0.17896,0.1096,0.01248,0.12586,0.10376,0.01024,254,253,252,212,208,206,184,181,180,255,255,255,125,130,140,131,140,158,0.56281,0.56086,0.56066
1,8.5772e+05,-4.533,15.839,195,803.6,-4.497,15.635,187.68,575.1,0.165,0.13444,0.017472,0.15146,0.12853,0.015232,0.14094,0.11918,0.013376,254,253,252,207,205,200,184,182,180,255,255,255,116,122,131,140,150,165,0.54706,0.54498,0.54601
1,8.5782e+05,-4.533,15.759,195,803.6,-4.497,15.547,186.98,745.83,0.22506,0.1185,0.020608,0.19936,0.11349,0.017728,0.18288,0.10829,0.015552,249,251,252,184,183,181,175,179,181,255,255,255,118,128,140,221,216,208,0.53341,0.53452,0.53429
1,8.5792e+05,-4.533,15.679,195,803.7,-4.4928,15.475,189.04,803.24,0.31162,0.12872,0.029248,0.2778,0.11828,0.023744,0.24479,0.1104,0.019328,252,252,251,166,168,170,180,180,179,255,255,255,131,146,154,247,242,231,0.52846,0.52692,0.5266
1,8.5802e+05,-4.533,15.598,195,803.6,-4.5034,15.416,186.28,683.41,0.29632,0.13308,0.030016,0.27908,0.12304,0.02592,0.25411,0.11768,0.022464,252,250,248,149,156,161,171,175,174,255,255,255,204,188,173,255,255,253,0.50885,0.51926,0.51979
1,8.5812e+05,-4.533,15.518,195,803.6,-4.5002,15.33,186.76,810.61,0.32738,0.12463,0.03008,0.2789,0.11799,0.025088,0.25767,0.11214,0.021824,238,240,241,165,165,164,155,162,167,255,255,255,171,194,201,251,247,245,0.52806,0.52763,0.52566
1,8.6468e+05,-4.533,11.555,195,803.6,-4.5002,11.403,-0.4446,723.97,0,0,0,0,0,0,0,0,0,251,251,250,185,187,187,179,179,176,255,255,255,139,147,157,131,141,152,0.52874,0.52907,0.529
1,8.6478e+05,-4.533,11.474,195,803.7,-4.497,11.317,186.67,715.84,0.14862,0.10858,0.012224,0.13338,0.10462,0.010624,0.12002,0.10333,0.009664,253,251,250,206,205,202,181,178,174,255,255,253,146,145,143,140,146,157,0.52848,0.52442,0.52382
1,8.6488e+05,-4.533,11.394,195,803.6,-4.5087,11.247,185.71,769.25,0.21039,0.11083,0.016704,0.14817,0.10744,0.01248,0.13062,0.10198,0.010688,245,248,249,208,208,204,175,175,173,255,253,251,149,146,138,166,171,176,0.50879,0.5192,0.52282
1,8.6498e+05,-4.533,11.313,195,803.6,-4.5087,11.182,185.53,1242.5,0.20871,0.13418,0.021952,0.18865,0.12736,0.01888,0.17458,0.12185,0.016704,244,245,247,207,201,197,176,172,169,240,241,241,125,124,123,237,231,223,0.53163,0.52992,0.52941
1,8.6508e+05,-4.533,11.233,195,803.7,-4.5129,11.103,186.26,614.47,0.27817,0.12797,0.02752,0.25417,0.1233,0.02432,0.23981,0.11723,0.021824,245,245,245,187,190,192,178,172,168,229,233,236,108,111,114,253,248,241,0.53565,0.53705,0.53749
1,8.6518e+05,-4.533,11.153,195,803.6,-4.4906,10.997,186.54,922.91,0.2692,0.13225,0.0272,0.24421,0.12034,0.022912,0.2264,0.11522,0.02016,239,240,242,176,175,180,166,165,164,220,223,229,111,111,118,255,254,252,0.55198,0.55033,0.55006
1,8.6528e+05,-4.533,11.072,195,803.6,-4.5002,10.942,186.25,798.06,0.30575,0.1161,0.026112,0.25784,0.10763,0.021184,0.23128,0.10343,0.018112,239,240,243,171,175,177,155,160,163,230,234,236,159,158,153,246,246,247,0.57145,0.57412,0.57251
1,8.6839e+05,-4.626,11,195,803.6,-4.5946,10.929,-0.33205,846.25,0,0,0,0,0,0,0,0,0,246,244,244,192,191,187,168,167,167,247,243,241,157,152,148,243,247,248,0.48629,0.5018,0.50576
1,8.6849e+05,-4.626,11.08,195,803.7,-4.602,11.02,187.37,989.92,0.16164,0.12348,0.01536,0.15129,0.11411,0.013696,0.14507,0.10976,0.012416,234,238,242,171,175,181,154,161,165,221,226,230,97,109,122,255,254,252,0.56743,0.5679,0.56845
1,8.6859e+05,-4.626,11.161,195,803.6,-4.5999,11.087,187.69,964.04,0.24898,0.10945,0.020032,0.21079,0.10518,0.015552,0.16049,0.10438,0.012288,236,238,241,168,173,181,156,160,165,218,221,226,89,97,109,255,255,253,0.55144,0.54927,0.54769
1,8.6869e+05,-4.626,11.241,195,803.6,-4.5936,11.152,186.66,1321.7,0.23597,0.13828,0.025344,0.217,0.12974,0.02176,0.20524,0.12462,0.019968,242,243,244,189,189,190,163,168,171,227,228,230,95,101,109,250,242,235,0.53387,0.5348,0.53624
1,8.6879e+05,-4.626,11.321,195,803.7,-4.5914,11.214,188.28,764.44,0.28623,0.12203,0.025024,0.23107,0.11622,0.02016,0.19219,0.11267,0.016512,246,245,245,199,197,196,172,174,175,235,235,236,109,113,117,223,220,217,0.51826,0.52387,0.52675
1,8.6889e+05,-4.626,11.402,195,803.6,-4.5925,11.287,186.85,717.24,0.35375,0.12458,0.030656,0.31608,0.11563,0.024256,0.23582,0.11305,0.01952,248,249,248,197,204,205,179,180,179,246,248,248,148,140,130,164,166,172,0.52169,0.5201,0.52037
1,8.6899e+05,-4.626,11.482,195,803.6,-4.5989,11.361,186.52,595.45,0.36732,0.1265,0.033408,0.33123,0.12203,0.028544,0.2857,0.11571,0.023872,252,251,250,215,207,199,173,175,177,255,255,254,133,138,143,133,140,151,0.51861,0.52027,0.52134
1,8.7555e+05,-4.626,15.445,195,803.6,-4.6137,15.341,0.045338,766.55,0,0,0,0,0,0,0,0,0,231,238,238,159,168,168,155,160,167,255,255,255,191,203,201,232,238,241,0.53362,0.53046,0.52987
1,8.7565e+05,-4.626,15.526,195,803.7,-4.602,15.397,187.27,862.36,0.14559,0.11312,0.013056,0.13447,0.10941,0.011456,0.12654,0.1067,0.01056,252,248,244,162,161,162,164,165,165,255,255,255,197,185,182,255,253,249,0.52566,0.5233,0.524
1,8.7575e+05,-4.626,15.606,195,803.6,-4.5925,15.456,187.49,811.6,0.21484,0.10651,0.016768,0.18601,0.10262,0.013376,0.14085,0.10215,0.0112,255,253,249,143,154,163,180,172,168,255,255,255,213,191,171,255,255,253,0.52078,0.5192,0.52064
1,8.7585e+05,-4.626,15.687,195,803.6,-4.5989,15.541,187.04,792.2,0.27727,0.11648,0.024192,0.26017,0.10737,0.020608,0.24414,0.099695,0.017792,254,253,252,164,165,169,173,172,172,255,255,255,163,161,157,251,244,234,0.52907,0.52686,0.52708
1,8.7595e+05,-4.626,15.767,195,803.7,-4.5989,15.626,187.71,1140.8,0.20099,0.11243,0.016896,0.17242,0.10892,0.014656,0.1542,0.101,0.01216,252,252,252,184,180,179,172,172,174,255,255,255,143,143,145,228,220,212,0.53637,0.53676,0.53677
1,8.7605e+05,-4.626,15.847,195,803.6,-4.5946,15.68,186.81,849.97,0.22284,0.12607,0.021504,0.20804,0.11905,0.0192,0.19659,0.11192,0.017088,254,253,252,194,198,200,183,179,176,255,255,255,127,134,141,146,158,173,0.54968,0.54947,0.548
1,8.7615e+05,-4.626,15.928,195,803.6,-4.6031,15.775,185.26,993.12,0.29874,0.12908,0.02752,0.28459,0.12156,0.024256,0.26536,0.11009,0.021248,254,252,252,204,206,208,172,179,180,255,255,255,174,167,159,169,174,172,0.56897,0.56601,0.55952
1,8.7926e+05,-4.719,16,195,803.6,-4.688,15.774,0.44921,982.85,0,0,0,0,0,0,0,0,0,250,250,250,202,208,211,178,180,182,255,255,255,185,180,168,204,200,194,0.46919,0.48028,0.48795
1,8.7936e+05,-4.719,15.92,195,803.7,-4.6922,15.711,186.16,1216.4,0.15869,0.11948,0.014592,0.15078,0.11088,0.012864,0.13936,0.10921,0.011904,251,251,251,200,209,207,178,177,179,255,255,255,159,155,151,147,157,175,0.5662,0.56217,0.55984
1,8.7946e+05,-4.719,15.839,195,803.6,-4.7007,15.632,186.96,647.11,0.18847,0.13366,0.019584,0.17559,0.1296,0.0176,0.16653,0.122,0.015936,252,251,251,198,202,201,178,177,175,255,255,255,133,141,145,154,162,177,0.54886,0.54583,0.5451
1,8.7956e+05,-4.719,15.759,195,803.6,-4.6827,15.545,188.49,988.71,0.3095,0.12859,0.029504,0.28546,0.1214,0.025024,0.26431,0.11307,0.021824,249,251,251,179,179,180,160,167,172,255,255,255,159,153,148,225,222,213,0.53838,0.53268,0.53341
1,8.7966e+05,-4.719,15.679,195,803.7,-4.6954,15.477,186.89,897.68,0.31291,0.12394,0.027904,0.26481,0.11663,0.022336,0.228,0.11286,0.018048,252,252,251,165,167,171,162,167,170,255,255,255,175,165,156,248,244,234,0.52726,0.52526,0.52534
1,8.7976e+05,-4.719,15.598,195,803.6,-4.6986,15.412,187.17,1084.1,0.24976,0.13814,0.026752,0.22721,0.12652,0.022336,0.20787,0.12357,0.02016,253,251,247,156,164,167,173,170,166,255,255,255,159,164,162,255,255,253,0.5127,0.52025,0.5212
1,8.7986e+05,-4.719,15.518,195,803.6,-4.689,15.334,184.34,665.49,0.32564,0.13607,0.03328,0.30108,0.12777,0.02912,0.28233,0.11571,0.024768,233,236,239,168,168,168,154,160,166,255,255,255,151,172,186,250,244,243,0.52104,0.52011,0.5217
1,8.8642e+05,-4.719,11.555,195,803.6,-4.705,11.395,0.24727,1014.4,0,0,0,0,0,0,0,0,0,248,248,248,200,198,194,167,171,174,255,255,255,143,146,151,146,152,155,0.52294,0.5239,0.52502
1,8.8652e+05,-4.719,11.474,195,803.7,-4.6922,11.325,187.15,779.88,0.3201,0.11447,0.01792,0.16247,0.10783,0.0128,0.12999,0.10328,0.010432,251,250,249,208,208,205,177,178,178,253,252,251,127,128,131,149,152,158,0.52654,0.52123,0.52183
1,8.8662e+05,-4.719,11.394,195,803.6,-4.6806,11.232,187.33,1126.5,0.21921,0.12757,0.020224,0.1745,0.12144,0.016512,0.15929,0.1187,0.014912,247,248,248,194,201,205,182,182,179,246,248,247,121,124,126,163,168,173,0.51968,0.52083,0.52014
1,8.8672e+05,-4.719,11.313,195,803.6,-4.6912,11.175,186.18,782.18,0.22369,0.12954,0.020928,0.21132,0.11961,0.018304,0.19526,0.11436,0.01632,244,245,246,190,193,197,178,177,175,238,235,233,101,109,114,218,217,215,0.52801,0.52846,0.5273
1,8.8682e+05,-4.719,11.233,195,803.7,-4.689,11.112,186.71,829.64,0.26387,0.12637,0.0256,0.2506,0.11848,0.022336,0.23261,0.11314,0.019904,244,245,244,194,192,193,167,170,171,228,227,228,96,102,108,247,240,233,0.53703,0.53761,0.53792
1,8.8692e+05,-4.719,11.153,195,803.6,-4.6806,11.012,186.42,1102,0.28954,0.14031,0.030592,0.27363,0.12754,0.026368,0.25749,0.11689,0.022912,242,241,242,176,182,187,161,163,166,216,221,227,103,101,107,255,255,253,0.54841,0.54761,0.54974
1,8.8702e+05,-4.719,11.072,195,803.6,-4.6859,10.942,187.19,742.41,0.32957,0.11752,0.027776,0.27328,0.11055,0.02272,0.24246,0.10776,0.019712,241,243,244,190,187,187,173,170,168,243,240,238,120,126,131,251,252,252,0.57914,0.57358,0.5717
1,8.9013e+05,-4.812,11,195,803.6,-4.7707,10.926,0.05527,749.96,0,0,0,0,0,0,0,0,0,254,251,247,185,186,187,174,177,175,255,253,250,169,166,162,253,253,251,0.47256,0.47705,0.48703
1,8.9023e+05,-4.812,11.08,195,803.7,-4.7782,11.001,187.31,707,0.15583,0.12194,0.014656,0.14606,0.11389,0.013056,0.13725,0.10979,0.01184,238,245,245,195,193,193,173,172,170,242,240,236,106,118,129,255,255,253,0.56672,0.56898,0.56793
1,8.9033e+05,-4.812,11.161,195,803.6,-4.7739,11.07,185.47,1010.6,0.21512,0.11514,0.018944,0.18969,0.10779,0.015488,0.15805,0.10486,0.012864,241,245,245,212,203,197,164,168,170,226,227,230,95,103,114,255,255,252,0.555,0.55235,0.55042
1,8.9043e+05,-4.812,11.241,195,803.6,-4.776,11.15,187.12,705.34,0.28912,0.11618,0.024704,0.25155,0.10949,0.019456,0.19513,0.10766,0.015232,248,247,246,209,206,201,175,173,171,217,221,225,115,111,108,244,237,231,0.54366,0.53984,0.53733
1,8.9053e+05,-4.812,11.321,195,803.7,-4.7771,11.211,186.91,929.45,0.2643,0.13427,0.027776,0.23998,0.12643,0.02368,0.22129,0.11733,0.020288,247,247,247,193,199,201,181,177,174,229,229,230,129,118,111,214,215,214,0.52333,0.5278,0.52708
1,8.9063e+05,-4.812,11.402,195,803.6,-4.7973,11.316,187.12,1060.6,0.28775,0.13064,0.027328,0.23606,0.1279,0.022144,0.20228,0.12141,0.018688,248,249,248,206,203,201,180,179,177,246,247,245,107,114,120,180,175,174,0.52349,0.51958,0.51904
1,8.9073e+05,-4.812,11.482,195,803.6,-4.7739,11.35,186.23,551.57,0.27678,0.12269,0.023168,0.19886,0.12019,0.018624,0.17905,0.11883,0.016512,247,247,247,213,209,202,175,176,175,255,255,253,125,130,138,148,150,155,0.51496,0.51926,0.52104
1,8.9729e+05,-4.812,15.445,195,803.6,-4.7814,15.32,-0.5075,880.58,0,0,0,0,0,0,0,0,0,214,222,231,171,171,168,169,173,176,255,255,255,210,190,174,224,232,237,0.52704,0.5253,0.52541
1,8.9739e+05,-4.812,15.526,195,803.7,-4.7729,15.38,185.73,853.4,0.18654,0.11804,0.015872,0.16571,0.11126,0.013248,0.14677,0.10606,0.011584,240,237,237,187,181,173,161,165,168,255,255,255,103,119,142,255,253,247,0.51944,0.51972,0.51962
1,8.9749e+05,-4.812,15.606,195,803.6,-4.7569,15.44,185.8,928.74,0.16886,0.11257,0.014784,0.15276,0.11072,0.013184,0.14552,0.10505,0.011904,243,244,244,179,180,176,163,166,167,255,255,255,110,119,133,255,254,251,0.5269,0.52025,0.51923
1,8.9759e+05,-4.812,15.687,195,803.6,-4.7814,15.54,184.95,798.73,0.31759,0.11301,0.025344,0.3009,0.10289,0.0208,0.25741,0.10099,0.017216,246,247,248,180,177,177,160,164,169,255,255,255,156,149,141,243,239,232,0.52092,0.52291,0.52456
1,8.9769e+05,-4.812,15.767,195,803.7,-4.7835,15.621,185.21,874.94,0.23561,0.13869,0.022656,0.20822,0.12946,0.019328,0.1932,0.12822,0.017536,246,248,249,171,177,183,165,168,171,255,255,255,152,149,143,219,218,213,0.53195,0.53158,0.5329
1,8.9779e+05,-4.812,15.847,195,803.6,-4.7739,15.671,186.96,1060.5,0.33205,0.15422,0.033152,0.29772,0.15259,0.028416,0.2523,0.15164,0.024704,249,248,249,209,206,201,179,177,175,255,255,255,133,138,145,157,166,181,0.54645,0.54601,0.5464
1,8.9789e+05,-4.812,15.928,195,803.6,-4.7676,15.748,187.05,634.24,0.2452,0.12338,0.02304,0.22115,0.11817,0.020288,0.20303,0.11357,0.017856,248,248,249,236,224,214,178,179,179,255,255,255,151,153,154,195,193,190,0.55916,0.55744,0.55463
1,9.01e+05,-4.905,16,195,803.6,-4.8684,15.785,0.53197,992.84,0,0,0,0,0,0,0,0,0,249,250,250,226,219,214,176,176,176,255,255,255,161,157,156,236,212,197,0.46672,0.47594,0.48138
1,9.011e+05,-4.905,15.92,195,803.7,-4.879,15.705,185.98,890.13,0.16032,0.11811,0.014272,0.14527,0.11042,0.012416,0.13279,0.10851,0.011328,254,252,249,210,209,205,179,178,177,255,255,255,137,138,142,150,162,177,0.55958,0.56004,0.5571
1,9.012e+05,-4.905,15.839,195,803.6,-4.8684,15.625,187.16,987.07,0.1819,0.11758,0.016832,0.17011,0.11051,0.014784,0.15713,0.10674,0.013184,249,250,249,196,196,199,181,179,176,255,255,255,125,130,136,160,165,176,0.54842,0.54444,0.54531
1,9.013e+05,-4.905,15.759,195,803.6,-4.8768,15.58,186.25,664.24,0.23805,0.1271,0.023296,0.22035,0.11419,0.019456,0.20104,0.11287,0.0176,248,246,247,181,181,185,181,177,175,255,255,255,140,132,130,221,213,207,0.53676,0.53503,0.53472
1,9.014e+05,-4.905,15.679,195,803.7,-4.8747,15.495,186.73,533.81,0.25295,0.12859,0.025088,0.21786,0.12483,0.020992,0.20257,0.11535,0.01824,252,246,245,187,181,179,174,173,174,255,255,255,138,130,126,237,232,227,0.51825,0.5245,0.52469
1,9.015e+05,-4.905,15.598,195,803.6,-4.8758,15.418,187.12,1037.7,0.28586,0.1278,0.028288,0.26113,0.1211,0.02432,0.24359,0.11456,0.021248,247,244,242,173,175,176,181,173,173,255,255,255,103,107,120,253,252,248,0.5187,0.5183,0.51861
1,9.016e+05,-4.905,15.518,195,803.6,-4.8588,15.321,186.53,1046.9,0.28094,0.12317,0.026368,0.24156,0.11861,0.022144,0.21723,0.1153,0.019456,237,229,231,174,168,169,176,174,178,255,255,255,121,134,146,248,243,241,0.51156,0.51885,0.52157
1,9.0816e+05,-4.905,11.555,195,803.6,-4.8684,11.402,0.30355,715.68,0,0,0,0,0,0,0,0,0,246,246,246,204,204,203,174,173,173,255,255,255,157,154,151,139,146,154,0.5273,0.52582,0.52454
1,9.0826e+05,-4.905,11.474,195,803.7,-4.8684,11.319,185.95,739.29,0.15191,0.11635,0.01376,0.14043,0.10708,0.011904,0.12927,0.10434,0.010624,250,248,246,194,196,198,170,171,174,255,252,250,123,126,127,145,149,158,0.51932,0.51901,0.51951
1,9.0836e+05,-4.905,11.394,195,803.6,-4.8524,11.223,186.98,603.16,0.19137,0.11563,0.017216,0.17937,0.1092,0.01504,0.16891,0.10564,0.013888,250,247,247,187,191,197,168,171,175,248,245,243,130,125,120,165,167,174,0.51911,0.5212,0.52094
1,9.0846e+05,-4.905,11.313,195,803.6,-4.8747,11.169,186.45,1072.2,0.24842,0.11829,0.02272,0.22348,0.11395,0.019648,0.21073,0.10489,0.017152,244,246,247,206,203,203,169,172,174,216,221,226,117,114,109,214,217,217,0.5259,0.52614,0.52767
1,9.0856e+05,-4.905,11.233,195,803.7,-4.8705,11.092,186.73,926.05,0.33997,0.12288,0.0304,0.30962,0.11365,0.025088,0.26841,0.10819,0.021376,247,247,247,219,213,206,171,172,173,210,214,220,100,102,103,243,239,234,0.54238,0.5384,0.53758
1,9.0866e+05,-4.905,11.153,195,803.6,-4.8609,11.001,186.78,805.36,0.41917,0.1021,0.02688,0.28553,0.10276,0.020224,0.22995,0.098851,0.016384,246,245,245,206,204,203,165,167,170,227,226,227,91,104,117,253,253,252,0.54906,0.54924,0.54967
1,9.0876e+05,-4.905,11.072,195,803.6,-4.8811,10.98,186.77,689.26,0.28555,0.12998,0.028544,0.26721,0.12104,0.025024,0.2498,0.11707,0.022656,239,241,244,168,181,192,171,171,172,252,249,244,207,182,160,249,248,249,0.57811,0.57361,0.56442
1,9.1187e+05,-4.998,11,195,803.6,-4.9596,10.926,-0.047353,834.27,0,0,0,0,0,0,0,0,0,244,241,242,206,197,197,179,173,172,253,252,248,182,181,174,247,245,246,0.49762,0.49584,0.49061
1,9.1197e+05,-4.998,11.08,195,803.7,-4.9511,10.992,186.23,709.53,0.21776,0.11398,0.017728,0.18732,0.11219,0.015552,0.16223,0.10921,0.01376,243,242,244,203,202,205,170,169,172,228,228,231,124,131,133,252,251,251,0.57144,0.57101,0.56705
1,9.1207e+05,-4.998,11.161,195,803.6,-4.9564,11.07,185.66,719.4,0.21344,0.1179,0.018688,0.19681,0.10795,0.01568,0.17252,0.1069,0.013568,247,245,245,214,213,209,172,172,172,208,215,222,94,102,113,254,253,252,0.54854,0.54932,0.54962
1,9.1217e+05,-4.998,11.241,195,803.6,-4.9469,11.14,186.8,938.27,0.2507,0.12341,0.022272,0.18805,0.12074,0.017472,0.15846,0.11632,0.0144,251,249,247,217,212,209,178,178,175,210,213,220,86,89,95,253,248,239,0.53846,0.53646,0.53599
1,9.1227e+05,-4.998,11.321,195,803.7,-4.966,11.218,186.35,761.17,0.3415,0.11606,0.02848,0.2896,0.10953,0.023104,0.23545,0.10725,0.018944,251,247,246,198,198,203,182,179,176,224,224,227,91,96,100,242,231,222,0.52376,0.52635,0.52618
1,9.1237e+05,-4.998,11.402,195,803.6,-4.9585,11.307,186.06,771.68,0.34076,0.13071,0.032192,0.28638,0.12205,0.025792,0.24763,0.1201,0.022592,239,243,246,180,187,195,182,178,174,251,248,245,109,113,116,168,168,175,0.51488,0.51774,0.51801
1,9.1247e+05,-4.998,11.482,195,803.6,-4.9649,11.378,187.72,895.8,0.41643,0.11872,0.03456,0.3541,0.10984,0.026496,0.27195,0.10714,0.020224,248,248,248,203,203,205,173,173,173,255,255,254,127,132,138,128,138,151,0.51459,0.51701,0.51797
1,9.1903e+05,-4.998,15.445,195,803.6,-4.9649,15.321,0.10824,960.09,0,0,0,0,0,0,0,0,0,229,230,233,170,161,159,189,189,189,255,255,255,176,171,160,227,231,235,0.52555,0.52878,0.53087
1,9.1913e+05,-4.998,15.526,195,803.7,-4.966,15.385,186.01,549.69,0.18532,0.11483,0.014656,0.15341,0.10656,0.011968,0.12626,0.10535,0.010432,245,241,239,164,166,167,185,183,184,255,255,255,106,115,128,255,250,240,0.52865,0.52539,0.52451
1,9.1923e+05,-4.998,15.606,195,803.6,-4.9851,15.488,186.78,879.76,0.25452,0.10284,0.018688,0.21681,0.097963,0.01408,0.14431,0.096442,0.010688,246,244,243,166,167,170,186,182,182,255,255,255,122,116,117,251,247,240,0.51678,0.51865,0.5196
1,9.1933e+05,-4.998,15.687,195,803.6,-4.9755,15.545,186.2,964.13,0.26166,0.1209,0.023808,0.24231,0.11186,0.020096,0.22346,0.10535,0.017216,244,245,246,181,180,181,177,177,178,255,255,255,124,120,118,218,218,217,0.522,0.52464,0.52574
1,9.1943e+05,-4.998,15.767,195,803.7,-4.9681,15.607,186.49,785.25,0.328,0.11428,0.026432,0.29453,0.10862,0.0208,0.20439,0.10457,0.015296,245,246,248,190,190,189,173,175,176,255,255,255,112,116,120,201,199,197,0.54141,0.53616,0.53554
1,9.1953e+05,-4.998,15.847,195,803.6,-4.9585,15.676,187.2,550.35,0.33002,0.11803,0.029312,0.28798,0.11316,0.024512,0.24874,0.10658,0.01984,252,250,250,196,200,202,175,173,174,255,255,255,126,127,132,151,154,163,0.54857,0.54794,0.54783
1,9.1963e+05,-4.998,15.928,195,803.6,-4.9713,15.776,186.24,930.66,0.28074,0.12358,0.02624,0.25801,0.1198,0.02336,0.24311,0.11019,0.020416,248,251,252,197,202,208,168,170,172,255,255,255,167,162,156,146,156,165,0.56743,0.56814,0.56229
1,9.2274e+05,-5.091,16,195,803.6,-5.0646,15.781,-0.02749,1080.2,0,0,0,0,0,0,0,0,0,255,254,253,214,217,218,171,171,171,255,255,255,185,175,165,169,159,155,0.47436,0.4769,0.48336
1,9.2284e+05,-5.091,15.92,195,803.7,-5.0636,15.718,186.25,734.27,0.14034,0.11544,0.012672,0.12755,0.11151,0.011264,0.12013,0.10424,0.009856,253,252,252,223,221,219,168,169,170,255,255,255,137,141,141,124,133,147,0.56986,0.56645,0.56285
1,9.2294e+05,-5.091,15.839,195,803.6,-5.0689,15.633,185.94,793.52,0.17563,0.12655,0.01728,0.16603,0.1182,0.01536,0.15176,0.11555,0.013696,253,252,251,226,222,215,165,168,170,255,255,255,119,123,127,136,141,150,0.55036,0.54756,0.54632
1,9.2304e+05,-5.091,15.759,195,803.6,-5.0551,15.556,184.88,877.1,0.21968,0.13401,0.022784,0.20323,0.12265,0.019392,0.18376,0.11808,0.01696,251,250,248,205,198,194,174,174,176,255,255,255,102,107,114,180,182,185,0.53051,0.53252,0.53341
1,9.2314e+05,-5.091,15.679,195,803.7,-5.0646,15.477,186.12,900.66,0.2957,0.12347,0.027776,0.26327,0.11549,0.023104,0.23932,0.10607,0.019392,250,247,246,174,178,183,179,181,180,255,255,255,107,111,113,198,202,207,0.5279,0.52525,0.52556
1,9.2324e+05,-5.091,15.598,195,803.6,-5.0615,15.418,186.63,693.11,0.37028,0.13991,0.03616,0.3286,0.13094,0.030208,0.29962,0.12299,0.025984,237,241,242,158,166,171,187,191,190,255,255,255,117,117,118,245,240,235,0.51348,0.51703,0.51965
1,9.2334e+05,-5.091,15.518,195,803.6,-5.0859,15.358,186.71,785.87,0.30214,0.12711,0.028672,0.28664,0.11443,0.024576,0.2606,0.10885,0.021248,235,240,238,171,173,166,194,197,193,255,255,255,124,139,152,225,233,236,0.52249,0.52323,0.52344
1,9.299e+05,-5.091,11.555,195,803.6,-5.0657,11.395,0.18107,610.52,0,0,0,0,0,0,0,0,0,252,252,251,225,223,218,173,174,174,255,255,255,171,159,151,134,148,160,0.51908,0.52107,0.52343
1,9.3e+05,-5.091,11.474,195,803.7,-5.0593,11.33,185.56,598.6,0.14532,0.10821,0.012288,0.13132,0.10569,0.011008,0.12745,0.10021,0.009856,250,249,248,208,207,205,175,175,176,255,255,254,121,124,125,147,151,162,0.51428,0.51503,0.51652
1,9.301e+05,-5.091,11.394,195,803.6,-5.071,11.255,188.32,1000.8,0.24402,0.10396,0.018048,0.19592,0.1002,0.014144,0.16414,0.095939,0.012096,248,247,247,207,201,201,174,175,176,254,253,250,110,111,113,177,180,182,0.51946,0.5175,0.51751
1,9.302e+05,-5.091,11.313,195,803.6,-5.0561,11.168,185.53,854.89,0.25198,0.1233,0.023808,0.23817,0.11184,0.020416,0.21628,0.10926,0.018048,244,245,246,199,204,205,168,173,178,241,237,235,93,93,95,248,240,230,0.52618,0.52424,0.52569
1,9.303e+05,-5.091,11.233,195,803.7,-5.0699,11.116,187.04,662.32,0.37558,0.11795,0.032128,0.34345,0.10905,0.02592,0.31328,0.10192,0.019648,245,246,246,219,216,210,173,176,179,222,223,226,82,86,91,255,253,246,0.53634,0.53555,0.53641
1,9.304e+05,-5.091,11.153,195,803.6,-5.053,11.02,188.15,617.23,0.30083,0.12462,0.028416,0.27495,0.11959,0.024896,0.25814,0.11205,0.021632,245,246,246,224,222,215,180,179,178,210,215,223,90,94,103,255,255,254,0.55669,0.55081,0.55013
1,9.305e+05,-5.091,11.072,195,803.6,-5.0625,10.946,186.86,814.66,0.34467,0.11012,0.027584,0.31118,0.10274,0.023488,0.29561,0.097547,0.020672,248,247,247,208,210,211,167,171,176,248,243,239,143,140,138,253,252,252,0.56353,0.5627,0.5528
1,9.3361e+05,-5.184,11,195,803.6,-5.1421,10.915,0.075132,604.24,0,0,0,0,0,0,0,0,0,255,252,251,216,215,213,183,179,176,255,253,250,176,168,158,254,254,253,0.46709,0.47778,0.49011
1,9.3371e+05,-5.184,11.08,195,803.7,-5.1432,10.999,185.07,1066.7,0.19647,0.11021,0.015744,0.17252,0.10767,0.01376,0.16627,0.10414,0.01248,244,247,248,211,213,214,184,182,179,227,234,236,104,114,122,255,255,254,0.56792,0.57104,0.56834
1,9.3381e+05,-5.184,11.161,195,803.6,-5.1421,11.056,185.52,553.73,0.20766,0.1109,0.017536,0.18201,0.10377,0.014336,0.16461,0.098494,0.012224,246,246,247,209,213,213,196,185,179,219,224,232,86,92,105,255,255,255,0.55053,0.54879,0.5479
1,9.3391e+05,-5.184,11.241,195,803.6,-5.1453,11.144,185.6,463.32,0.27025,0.12442,0.02592,0.23531,0.11936,0.02176,0.21103,0.11336,0.018432,246,246,246,210,209,209,184,180,178,233,235,236,93,93,95,255,253,246,0.5398,0.53872,0.537
1,9.3401e+05,-5.184,11.321,195,803.7,-5.1527,11.221,185.73,975.37,0.20053,0.124,0.018944,0.17877,0.11806,0.016192,0.16126,0.11292,0.014208,244,246,247,205,203,206,178,176,177,249,246,243,106,103,99,248,242,230,0.5225,0.5241,0.52563
1,9.3411e+05,-5.184,11.402,195,803.6,-5.1453,11.307,185.97,733.89,0.29126,0.12443,0.026688,0.24785,0.1153,0.021632,0.21643,0.11224,0.018368,249,249,249,191,201,208,175,176,178,255,255,254,114,114,114,177,180,183,0.51151,0.51679,0.51653
1,9.3421e+05,-5.184,11.482,195,803.6,-5.1633,11.378,187.96,936.5,0.32935,0.13068,0.033024,0.2954,0.12163,0.027712,0.26741,0.11446,0.023424,253,252,252,228,223,219,183,180,179,255,255,255,130,131,134,128,140,155,0.51321,0.51597,0.51596
1,9.4077e+05,-5.184,15.445,195,803.6,-5.1389,15.303,-0.060594,941.91,0,0,0,0,0,0,0,0,0,236,237,236,157,162,162,188,191,191,255,255,255,204,192,178,221,228,235,0.52993,0.52937,0.53022
1,9.4087e+05,-5.184,15.526,195,803.7,-5.1569,15.408,185.93,905.82,0.19783,0.13566,0.020608,0.18623,0.1264,0.017728,0.17829,0.11597,0.015424,235,238,238,186,181,169,191,194,193,255,255,255,110,120,134,251,247,240,0.52789,0.52435,0.52408
1,9.4097e+05,-5.184,15.606,195,803.6,-5.1368,15.456,185.12,744.25,0.20798,0.12014,0.01824,0.17851,0.11305,0.014976,0.15765,0.10892,0.013248,229,237,241,174,174,172,190,193,192,255,255,255,116,112,115,251,246,239,0.51849,0.51755,0.51964
1,9.4107e+05,-5.184,15.687,195,803.6,-5.1495,15.53,186.8,485.46,0.23343,0.1193,0.020992,0.21266,0.11176,0.017856,0.19077,0.10829,0.015936,246,245,245,168,176,184,189,185,181,255,255,255,108,106,107,216,212,210,0.52611,0.52836,0.5266
1,9.4117e+05,-5.184,15.767,195,803.7,-5.1665,15.631,186.08,802.76,0.28257,0.12314,0.025024,0.24986,0.11616,0.021056,0.22969,0.1074,0.017984,251,250,248,193,195,197,174,175,176,255,255,255,98,104,109,183,184,186,0.53776,0.53463,0.53542
1,9.4127e+05,-5.184,15.847,195,803.6,-5.1368,15.685,186.46,747.69,0.34479,0.12026,0.029632,0.29685,0.1156,0.024576,0.27211,0.10763,0.020992,253,253,252,242,235,224,163,166,168,255,255,255,130,122,119,129,135,148,0.55036,0.54813,0.54647
1,9.4137e+05,-5.184,15.928,195,803.6,-5.1495,15.766,186.19,815.21,0.25757,0.11984,0.023296,0.23577,0.11198,0.020032,0.21708,0.10987,0.018112,252,252,252,243,237,229,171,171,168,255,255,255,134,143,144,132,140,146,0.56575,0.5646,0.55333
1,9.4448e+05,-5.277,16,195,803.6,-5.228,15.774,0.008924,838.07,0,0,0,0,0,0,0,0,0,248,248,249,217,223,230,163,166,168,255,255,255,155,146,145,187,171,165,0.46358,0.46088,0.4685
1,9.4458e+05,-5.277,15.92,195,803.7,-5.2248,15.702,187.25,763.64,0.21123,0.11441,0.016128,0.16586,0.11134,0.013248,0.13487,0.11022,0.01152,248,249,250,233,232,229,171,168,167,255,255,255,116,120,126,132,140,155,0.55964,0.56273,0.55541
1,9.4468e+05,-5.277,15.839,195,803.6,-5.2429,15.636,187.04,799.69,0.19078,0.1234,0.01792,0.17689,0.11442,0.015424,0.16444,0.10979,0.013888,251,250,250,232,226,221,163,165,169,255,255,255,111,112,114,136,145,160,0.54201,0.54238,0.54451
1,9.4478e+05,-5.277,15.759,195,803.6,-5.2376,15.557,187.18,627.55,0.25969,0.11381,0.022144,0.22436,0.10829,0.018496,0.1972,0.10328,0.015488,250,248,248,189,189,192,173,173,175,255,255,255,98,100,106,208,204,200,0.52909,0.53124,0.53225
1,9.4488e+05,-5.277,15.679,195,803.7,-5.2259,15.466,186.5,1117.4,0.28967,0.12942,0.0288,0.25762,0.12161,0.024128,0.23472,0.11737,0.02112,245,245,246,176,174,178,185,182,180,255,255,255,96,100,105,243,234,223,0.52933,0.5219,0.52095
1,9.4498e+05,-5.277,15.598,195,803.6,-5.2376,15.416,185.5,898,0.30678,0.13094,0.030848,0.27276,0.12198,0.025856,0.25535,0.11392,0.022528,245,242,242,168,165,166,189,190,194,255,255,255,101,107,116,255,254,249,0.52196,0.52197,0.52065
1,9.4508e+05,-5.277,15.518,195,803.6,-5.228,15.34,186.34,806.94,0.32706,0.13567,0.034368,0.29775,0.12835,0.029632,0.26936,0.12361,0.025664,242,237,237,163,161,164,200,198,196,255,255,255,150,158,164,250,247,246,0.52607,0.52475,0.5247
1,9.5164e+05,-5.277,11.555,195,803.6,-5.2397,11.384,-0.33536,872.72,0,0,0,0,0,0,0,0,0,254,253,253,232,226,220,185,186,184,255,255,255,127,133,143,140,150,161,0.5231,0.52106,0.52101
1,9.5174e+05,-5.277,11.474,195,803.7,-5.2206,11.312,186.07,1092.6,0.16626,0.11015,0.014208,0.15534,0.1,0.01216,0.13994,0.099068,0.010624,252,252,252,212,214,215,191,188,184,255,255,255,110,111,117,137,145,160,0.50531,0.51386,0.5156
1,9.5184e+05,-5.277,11.394,195,803.6,-5.2524,11.261,184.85,625.29,0.19756,0.1223,0.01888,0.18599,0.11771,0.017024,0.17322,0.11082,0.015104,251,251,251,199,205,213,182,184,183,255,255,255,106,108,112,167,173,180,0.5123,0.51311,0.51555
1,9.5194e+05,-5.277,11.313,195,803.6,-5.2174,11.16,185.88,753.35,0.24714,0.12674,0.02432,0.23265,0.11597,0.020928,0.21387,0.113,0.018816,249,249,249,215,212,210,177,178,179,255,253,250,108,106,104,245,237,228,0.52296,0.52373,0.52395
1,9.5204e+05,-5.277,11.233,195,803.7,-5.2588,11.122,186.52,719.17,0.27293,0.12048,0.02464,0.23822,0.11597,0.021376,0.2181,0.10867,0.01856,248,248,249,209,212,213,176,177,178,252,248,245,101,101,102,255,252,245,0.53441,0.53568,0.53498
1,9.5214e+05,-5.277,11.153,195,803.6,-5.2291,11.002,185.2,862.02,0.34099,0.13188,0.030336,0.29434,0.12167,0.024896,0.26221,0.1113,0.020608,249,250,249,213,212,211,168,173,177,236,240,242,96,103,118,255,255,255,0.54635,0.54786,0.54819
1,9.5224e+05,-5.277,11.072,195,803.6,-5.245,10.955,185.09,831.32,0.37743,0.12937,0.035776,0.35552,0.11888,0.029952,0.32352,0.10812,0.024384,252,252,251,205,210,208,172,175,177,253,250,247,165,160,157,255,255,255,0.57288,0.5741,0.56596
1,9.5535e+05,-5.37,11,195,803.6,-5.3352,10.945,0.42934,697.43,0,0,0,0,0,0,0,0,0,254,252,251,198,198,200,179,179,177,255,254,252,199,199,191,255,255,255,0.46074,0.46587,0.47021
1,9.5545e+05,-5.37,11.08,195,803.7,-5.3437,11.013,187.2,1097.6,0.15575,0.12043,0.014592,0.14357,0.11623,0.012992,0.13419,0.11228,0.011904,253,252,250,211,207,205,168,171,175,245,246,246,133,141,146,255,255,255,0.55992,0.5612,0.55435
1,9.5555e+05,-5.37,11.161,195,803.6,-5.3235,11.066,187.09,640.6,0.18472,0.10954,0.015232,0.16869,0.10376,0.013312,0.15317,0.10215,0.01184,253,251,250,210,211,210,164,169,175,241,244,245,102,111,126,255,255,255,0.54321,0.53936,0.54162
1,9.5565e+05,-5.37,11.241,195,803.6,-5.3246,11.136,187.38,410.51,0.26123,0.12897,0.025024,0.24307,0.12214,0.0224,0.22694,0.11688,0.019968,246,249,250,226,222,216,178,176,177,254,251,248,109,107,107,255,252,245,0.52767,0.5291,0.52948
1,9.5575e+05,-5.37,11.321,195,803.7,-5.3373,11.222,188.16,627.68,0.28577,0.12581,0.026112,0.23816,0.12224,0.021888,0.21103,0.11747,0.019008,247,249,251,233,223,214,178,179,179,255,254,252,109,109,108,243,237,228,0.51151,0.51748,0.51986
1,9.5585e+05,-5.37,11.402,195,803.6,-5.3235,11.285,187.72,596.95,0.26377,0.1283,0.025408,0.24597,0.12241,0.0224,0.22643,0.11628,0.019584,252,252,252,207,212,217,189,186,184,255,255,255,104,107,113,169,174,180,0.51441,0.51402,0.51438
1,9.5595e+05,-5.37,11.482,195,803.6,-5.3299,11.365,186.98,1105.2,0.30853,0.13996,0.032064,0.29073,0.1167,0.025792,0.26443,0.11247,0.02272,253,253,253,229,222,217,190,189,186,255,255,255,118,122,128,129,137,153,0.51595,0.5154,0.51543
1,9.6251e+05,-5.37,15.445,195,803.6,-5.3585,15.35,0.34327,940.43,0,0,0,0,0,0,0,0,0,230,234,237,158,164,166,208,203,198,255,255,255,212,202,189,251,248,248,0.52341,0.52549,0.52797
1,9.6261e+05,-5.37,15.526,195,803.7,-5.3405,15.393,185.91,1220.3,0.13372,0.11921,0.012608,0.12951,0.10742,0.011136,0.12822,0.10579,0.010496,243,243,241,151,160,162,203,204,200,255,255,255,116,124,137,255,254,252,0.52246,0.52111,0.52132
1,9.6271e+05,-5.37,15.606,195,803.6,-5.3331,15.468,186.64,849.52,0.18083,0.12721,0.018112,0.17309,0.12131,0.016448,0.1614,0.11685,0.014656,247,245,243,150,159,164,186,193,196,255,255,255,107,110,117,255,255,252,0.52129,0.52074,0.51872
1,9.6281e+05,-5.37,15.687,195,803.6,-5.3235,15.542,186.34,620.25,0.26888,0.12272,0.025088,0.24817,0.11232,0.021248,0.21708,0.10946,0.0176,245,246,246,167,169,177,180,181,181,255,255,255,95,101,106,248,240,228,0.53047,0.52494,0.5239
1,9.6291e+05,-5.37,15.767,195,803.7,-5.332,15.599,187.44,512.72,0.3524,0.11507,0.026496,0.27394,0.11296,0.020544,0.20127,0.10597,0.015936,246,248,248,177,184,191,172,174,176,255,255,255,97,100,106,219,212,207,0.53451,0.53251,0.53194
1,9.6301e+05,-5.37,15.847,195,803.6,-5.3256,15.674,185.26,1191.4,0.25433,0.1291,0.023488,0.21402,0.12659,0.019904,0.19461,0.11803,0.01728,250,250,249,228,224,219,166,169,171,255,255,255,107,109,113,146,156,168,0.53547,0.5416,0.54297
1,9.6311e+05,-5.37,15.928,195,803.6,-5.3299,15.765,185.74,1144.6,0.29864,0.11823,0.027264,0.27107,0.11017,0.023168,0.24662,0.106,0.020032,245,247,249,231,231,231,170,170,169,255,255,255,127,134,136,157,165,166,0.54889,0.5496,0.54253
1,9.6622e+05,-5.463,16,195,803.6,-5.4158,15.79,-0.55715,691.64,0,0,0,0,0,0,0,0,0,251,251,251,238,234,232,170,172,171,255,255,255,171,159,153,201,188,180,0.45559,0.45555,0.45957
1,9.6632e+05,-5.463,15.92,195,803.7,-5.4328,15.694,187.19,1008.1,0.16197,0.11497,0.014272,0.14541,0.11172,0.012608,0.1341,0.10966,0.011456,250,250,250,233,235,232,181,176,172,255,255,255,119,122,129,168,165,172,0.54941,0.54554,0.53862
1,9.6642e+05,-5.463,15.839,195,803.6,-5.4254,15.635,186.43,613.41,0.19067,0.11974,0.017856,0.17642,0.11263,0.015552,0.15965,0.10743,0.01344,249,249,249,243,234,224,174,174,174,255,255,255,111,113,118,166,172,179,0.54272,0.54106,0.54058
1,9.6652e+05,-5.463,15.759,195,803.6,-5.4063,15.544,186.1,721.64,0.21335,0.13677,0.019584,0.18879,0.12607,0.016384,0.173,0.12018,0.014336,248,248,249,191,194,198,181,178,178,255,255,255,110,111,113,227,223,217,0.53083,0.53149,0.5299
1,9.6662e+05,-5.463,15.679,195,803.7,-5.4116,15.468,186.48,902.39,0.29381,0.10979,0.023296,0.23417,0.10746,0.01856,0.19379,0.10549,0.015168,248,248,248,159,170,181,185,183,182,255,255,255,116,116,116,251,244,235,0.5303,0.52161,0.52079
1,9.6672e+05,-5.463,15.598,195,803.6,-5.4264,15.411,186.47,949.19,0.22207,0.12982,0.022272,0.19702,0.12357,0.018688,0.17735,0.11684,0.016256,246,246,246,157,158,161,201,200,198,255,255,255,125,123,123,255,255,254,0.5155,0.51491,0.51562
1,9.6682e+05,-5.463,15.518,195,803.6,-5.4169,15.334,186.07,916.66,0.25866,0.12412,0.02464,0.23894,0.11301,0.0208,0.21173,0.11145,0.018176,242,241,241,173,166,161,225,214,201,254,254,255,135,147,158,255,255,254,0.52022,0.52199,0.52092
1,9.7338e+05,-5.463,11.555,195,803.6,-5.437,11.405,0.39293,731.56,0,0,0,0,0,0,0,0,0,254,254,254,210,212,212,184,185,185,255,255,255,145,146,150,147,155,163,0.52576,0.5214,0.52153
1,9.7348e+05,-5.463,11.474,195,803.7,-5.4381,11.319,186.5,756.77,0.21202,0.11282,0.017088,0.20291,0.10797,0.015552,0.192,0.10066,0.013632,255,254,253,222,220,218,186,186,185,255,255,255,121,121,123,145,150,163,0.51749,0.51916,0.51802
1,9.7358e+05,-5.463,11.394,195,803.6,-5.4179,11.241,185.98,990.31,0.20665,0.11501,0.017472,0.18102,0.11235,0.015808,0.16771,0.10716,0.014016,255,254,253,215,218,219,179,183,184,255,255,255,117,117,119,174,178,183,0.51276,0.51432,0.51511
1,9.7368e+05,-5.463,11.313,195,803.6,-5.4307,11.169,185.83,818.12,0.20635,0.12626,0.019904,0.18727,0.11767,0.017152,0.17517,0.11238,0.01536,254,253,252,225,221,216,182,181,181,255,254,253,126,121,115,249,240,230,0.52552,0.52363,0.52318
1,9.7378e+05,-5.463,11.233,195,803.7,-5.4317,11.101,185.88,681.9,0.30947,0.10959,0.023424,0.25147,0.10633,0.019392,0.19207,0.10659,0.015552,253,252,251,220,221,214,184,182,179,252,251,251,129,119,113,255,253,246,0.53168,0.53113,0.53259
1,9.7388e+05,-5.463,11.153,195,803.6,-5.4286,11.028,185.76,697.47,0.35122,0.12499,0.029248,0.24983,0.11816,0.02176,0.21111,0.11326,0.018432,251,248,248,211,207,203,175,176,176,237,243,248,110,121,135,255,255,255,0.53908,0.54508,0.54603
1,9.7398e+05,-5.463,11.072,195,803.6,-5.4105,10.939,187.03,771.35,0.31019,0.12459,0.028288,0.27447,0.11772,0.024256,0.24676,0.11355,0.021376,244,245,247,176,184,188,176,176,175,251,250,250,224,201,181,255,255,255,0.57171,0.56937,0.55957
1,9.7709e+05,-5.556,11,195,803.6,-5.506,10.93,0.49224,735.86,0,0,0,0,0,0,0,0,0,242,242,245,177,173,175,179,174,174,255,254,253,217,205,195,255,255,255,0.52784,0.52688,0.52156
1,9.7719e+05,-5.556,11.08,195,803.7,-5.5028,10.997,187.75,623.68,0.189,0.12162,0.016128,0.14934,0.11953,0.01408,0.14167,0.11246,0.012672,241,241,245,178,180,187,171,170,174,250,250,251,133,143,154,255,255,255,0.56972,0.57167,0.57155
1,9.7729e+05,-5.556,11.161,195,803.6,-5.5039,11.069,186.27,734.32,0.19848,0.12998,0.019648,0.17455,0.12262,0.016832,0.1633,0.11995,0.015424,243,244,246,185,194,193,173,176,174,250,249,251,108,118,135,255,255,255,0.54502,0.54785,0.54775
1,9.7739e+05,-5.556,11.241,195,803.6,-5.5177,11.154,187.42,802.18,0.23087,0.12104,0.02048,0.20767,0.11159,0.01728,0.19119,0.10648,0.014976,253,252,251,201,203,203,181,181,178,254,253,252,113,115,121,255,255,249,0.53989,0.53692,0.53606
1,9.7749e+05,-5.556,11.321,195,803.7,-5.5124,11.23,186.19,779.46,0.26869,0.13962,0.027392,0.24326,0.13048,0.023616,0.21905,0.12591,0.020992,255,253,252,189,200,209,177,179,180,255,255,254,122,122,124,255,246,234,0.52269,0.52437,0.52575
1,9.7759e+05,-5.556,11.402,195,803.6,-5.5039,11.273,186.13,661.03,0.26314,0.11405,0.02176,0.22146,0.10916,0.018048,0.20102,0.10152,0.015488,248,252,253,219,219,216,183,181,181,255,255,255,128,128,129,175,182,188,0.51432,0.51509,0.51738
1,9.7769e+05,-5.556,11.482,195,803.6,-5.5187,11.374,186.07,1014.1,0.24307,0.12739,0.023296,0.22017,0.11835,0.020032,0.20096,0.11597,0.017792,255,254,254,224,220,217,184,183,180,255,255,255,125,129,138,133,145,164,0.51795,0.51896,0.51964
1,9.8425e+05,-5.556,15.445,195,803.6,-5.5103,15.307,0.18107,772.39,0,0,0,0,0,0,0,0,0,241,243,244,146,147,152,182,184,189,254,254,255,156,157,159,255,254,252,0.52734,0.52715,0.5287
1,9.8435e+05,-5.556,15.526,195,803.7,-5.5198,15.403,185.61,928.31,0.24398,0.10638,0.01536,0.19861,0.10327,0.012352,0.1228,0.10386,0.009792,250,249,248,153,154,156,197,195,192,255,254,255,126,127,134,255,255,255,0.5207,0.52078,0.52048
1,9.8445e+05,-5.556,15.606,195,803.6,-5.5209,15.46,184.28,974.81,0.15004,0.11769,0.013824,0.13589,0.11238,0.012096,0.12788,0.10948,0.011136,250,250,250,159,161,164,199,194,191,255,255,255,140,130,127,255,255,254,0.51406,0.51554,0.51569
1,9.8455e+05,-5.556,15.687,195,803.6,-5.523,15.53,186.28,810.45,0.21501,0.12154,0.020288,0.20287,0.11612,0.017984,0.1868,0.10551,0.015296,252,251,251,198,195,193,181,181,182,255,255,255,126,126,126,252,247,239,0.52258,0.5226,0.52209
1,9.8465e+05,-5.556,15.767,195,803.7,-5.4933,15.583,185.2,548.41,0.28938,0.1213,0.02656,0.24889,0.11391,0.021184,0.20983,0.10785,0.017536,252,252,251,226,218,209,175,176,178,255,255,255,123,122,123,235,229,221,0.53637,0.53534,0.53317
1,9.8475e+05,-5.556,15.847,195,803.6,-5.5145,15.685,185.98,780.01,0.32852,0.13245,0.028416,0.26296,0.12519,0.0224,0.22748,0.12154,0.0192,250,252,252,247,239,228,175,174,174,255,255,255,123,121,124,167,170,181,0.54386,0.54228,0.54364
1,9.8485e+05,-5.556,15.928,195,803.6,-5.523,15.767,185.62,846.96,0.28332,0.16346,0.028672,0.24748,0.15055,0.022784,0.19838,0.13393,0.018112,255,254,253,220,226,228,169,171,172,255,255,255,142,147,147,150,164,172,0.54531,0.54038,0.53518
1,9.8796e+05,-5.649,16,195,803.6,-5.6004,15.767,-0.19963,715.03,0,0,0,0,0,0,0,0,0,255,255,255,217,210,212,166,167,169,253,253,254,185,165,156,190,182,180,0.44975,0.45204,0.45909
1,9.8806e+05,-5.649,15.92,195,803.7,-5.5962,15.687,186.29,778.68,0.24668,0.1139,0.017984,0.2227,0.10681,0.015744,0.19046,0.10423,0.013504,255,255,254,213,214,220,173,172,172,255,254,254,116,125,138,142,156,175,0.56203,0.55794,0.55074
1,9.8816e+05,-5.649,15.839,195,803.6,-5.5941,15.614,186.27,783.37,0.19433,0.12134,0.018112,0.17496,0.11287,0.015296,0.15745,0.11062,0.013504,254,254,254,226,226,223,177,174,173,255,255,254,118,123,133,162,170,183,0.53984,0.54411,0.54601
1,9.8826e+05,-5.649,15.759,195,803.6,-5.6142,15.566,185.68,698.68,0.26227,0.12487,0.024704,0.2404,0.118,0.02144,0.22184,0.1094,0.018368,254,254,254,224,223,216,170,174,178,255,255,255,132,139,145,237,230,222,0.53453,0.53393,0.53496
1,9.8836e+05,-5.649,15.679,195,803.7,-5.5973,15.473,186.33,821.38,0.30172,0.11684,0.026304,0.2551,0.10906,0.020928,0.21921,0.10214,0.01696,254,254,254,203,205,202,172,177,181,255,255,255,138,145,150,252,248,239,0.53549,0.52827,0.52637
1,9.8846e+05,-5.649,15.598,195,803.6,-5.6153,15.413,186.23,703.7,0.31359,0.13141,0.032064,0.28357,0.12442,0.027456,0.26233,0.1148,0.023168,253,254,253,163,163,166,186,186,186,255,255,255,129,138,148,255,255,254,0.52037,0.51953,0.52032
1,9.8856e+05,-5.649,15.518,195,803.6,-5.592,15.321,186.09,1085.4,0.31957,0.13012,0.030912,0.28245,0.12605,0.026624,0.25611,0.11648,0.022208,255,254,252,135,138,144,178,180,183,255,255,255,126,135,149,255,254,253,0.51933,0.52149,0.52209
1,9.9512e+05,-5.649,11.555,195,803.6,-5.6079,11.407,0.6379,567.9,0,0,0,0,0,0,0,0,0,255,255,255,211,216,216,174,175,176,255,255,255,145,153,162,163,174,183,0.53249,0.52926,0.5307
1,9.9522e+05,-5.649,11.474,195,803.7,-5.6153,11.331,185.34,754.78,0.19058,0.1146,0.015488,0.16781,0.11231,0.01344,0.16092,0.10277,0.01152,254,254,254,228,222,216,179,179,178,255,255,255,137,140,146,151,159,174,0.52539,0.52575,0.52339
1,9.9532e+05,-5.649,11.394,195,803.6,-5.61,11.25,187.02,1185.4,0.17002,0.11548,0.01536,0.16003,0.11026,0.013888,0.1522,0.10123,0.012096,254,253,253,225,219,214,176,178,177,255,255,255,151,150,149,189,190,191,0.52345,0.52275,0.52227
1,9.9542e+05,-5.649,11.313,195,803.6,-5.6079,11.175,186.37,782.54,0.27619,0.1116,0.023552,0.26023,0.10676,0.020608,0.24361,0.10263,0.018112,252,252,252,196,202,209,176,175,175,255,255,255,141,148,154,255,248,234,0.52604,0.52906,0.53071
1,9.9552e+05,-5.649,11.233,195,803.7,-5.6089,11.092,187.09,711.17,0.25092,0.11569,0.021568,0.21821,0.11049,0.017984,0.20155,0.10417,0.015808,250,250,250,198,201,203,176,174,173,255,255,255,126,139,153,255,255,249,0.54924,0.54347,0.54216
1,9.9562e+05,-5.649,11.153,195,803.6,-5.611,11.018,186.48,934.31,0.32667,0.12708,0.031552,0.3068,0.11835,0.027584,0.29483,0.11281,0.024768,243,246,247,182,191,193,166,168,170,255,255,254,136,143,154,255,255,255,0.55072,0.55162,0.55193
1,9.9572e+05,-5.649,11.072,195,803.6,-5.5898,10.927,187.23,1258.8,0.30817,0.11181,0.022144,0.22876,0.11084,0.018752,0.20483,0.10262,0.015808,251,248,247,174,176,177,165,169,170,255,255,255,159,166,170,255,254,253,0.56916,0.57471,0.57596
1,9.9883e+05,-5.742,11,195,803.6,-5.7108,10.931,0.29031,566.59,0,0,0,0,0,0,0,0,0,251,252,251,164,169,174,176,177,177,255,255,255,168,179,184,239,243,243,0.60806,0.60566,0.58504
1,9.9893e+05,-5.742,11.08,195,803.7,-5.7002,11.01,185.6,668.13,0.13944,0.11473,0.012544,0.12743,0.11037,0.011136,0.11846,0.10777,0.010176,245,249,251,195,192,191,163,167,171,255,255,255,205,196,188,255,252,248,0.5712,0.57333,0.57438
1,9.9903e+05,-5.742,11.161,195,803.6,-5.7044,11.082,187.1,671.65,0.1639,0.13494,0.017344,0.15236,0.12775,0.015488,0.14729,0.12214,0.014208,248,249,251,207,207,201,164,166,168,255,255,255,204,200,191,255,254,251,0.55606,0.55615,0.55611
1,9.9913e+05,-5.742,11.241,195,803.6,-5.7044,11.142,186.92,588.47,0.20485,0.12443,0.019072,0.17757,0.11715,0.016064,0.16372,0.1082,0.013952,252,252,252,225,220,212,167,167,168,255,255,255,219,210,197,255,250,241,0.54837,0.54906,0.54842
1,9.9923e+05,-5.742,11.321,195,803.7,-5.6874,11.213,186.27,1008.2,0.27434,0.12276,0.023872,0.23502,0.11717,0.019264,0.17384,0.11512,0.01568,252,253,253,215,217,215,164,168,170,255,255,255,234,215,193,242,236,226,0.54206,0.53971,0.53933
1,9.9933e+05,-5.742,11.402,195,803.6,-5.7002,11.306,187.7,762.89,0.31369,0.12445,0.028544,0.26975,0.11653,0.023616,0.24492,0.1109,0.019904,255,255,254,213,214,214,177,175,174,255,255,255,180,179,173,176,182,189,0.53202,0.5322,0.53119
1,9.9943e+05,-5.742,11.482,195,803.6,-5.7087,11.371,186.48,728.51,0.27147,0.13604,0.028288,0.24034,0.12982,0.024128,0.21892,0.12775,0.021952,255,255,255,210,212,214,175,176,175,255,255,255,137,146,160,154,164,180,0.53432,0.53322,0.53264
1,1.006e+06,-5.742,15.445,195,803.6,-5.6991,15.325,0.49555,868.51,0,0,0,0,0,0,0,0,0,255,255,253,129,138,146,175,178,180,255,255,255,162,162,164,251,251,250,0.538,0.53965,0.53967
1,1.0061e+06,-5.742,15.526,195,803.7,-5.7023,15.394,186.33,731.74,0.23726,0.10792,0.01728,0.20999,0.10224,0.014784,0.19142,0.0995,0.012864,255,255,255,147,148,152,186,185,183,255,255,255,172,172,171,254,254,250,0.5266,0.531,0.53177
1,1.0062e+06,-5.742,15.606,195,803.6,-5.7065,15.475,186.01,1202.2,0.25858,0.11085,0.019712,0.24157,0.10654,0.016,0.12718,0.1043,0.010624,255,255,255,157,161,163,188,188,186,255,255,255,192,189,180,254,252,247,0.5355,0.53254,0.53253
1,1.0063e+06,-5.742,15.687,195,803.6,-5.6991,15.55,186.41,873.98,0.23923,0.12171,0.021824,0.22526,0.11076,0.019008,0.20958,0.10736,0.016896,255,255,255,202,200,196,190,187,183,255,255,255,221,203,183,242,238,230,0.54195,0.53847,0.53824
1,1.0064e+06,-5.742,15.767,195,803.7,-5.697,15.609,186.8,654.26,0.3033,0.11102,0.020096,0.15171,0.11205,0.012928,0.13389,0.10446,0.011008,255,255,255,231,221,209,180,181,182,255,255,255,194,185,174,228,222,216,0.54919,0.54759,0.54797
1,1.0065e+06,-5.742,15.847,195,803.6,-5.6843,15.684,186.4,823.93,0.26841,0.11987,0.023424,0.21647,0.11655,0.019712,0.19458,0.11358,0.017216,255,255,255,225,220,214,176,177,180,255,255,254,135,139,149,174,182,194,0.55336,0.55484,0.55674
1,1.0066e+06,-5.742,15.928,195,803.6,-5.7012,15.761,185.89,1006.8,0.29332,0.12146,0.027072,0.26425,0.11722,0.023488,0.24141,0.11083,0.020288,255,255,255,183,197,208,174,176,179,251,253,253,135,141,148,187,189,194,0.57859,0.56703,0.5509
1,1.0097e+06,-5.835,16,195,803.6,-5.8052,15.789,0.048649,885,0,0,0,0,0,0,0,0,0,255,255,255,216,213,213,179,184,187,254,253,253,163,163,162,230,232,228,0.44391,0.44633,0.45552
1,1.0098e+06,-5.835,15.92,195,803.7,-5.7829,15.714,186.75,652.43,0.34389,0.11552,0.021632,0.31053,0.10722,0.017856,0.16937,0.10842,0.01312,255,255,255,210,213,213,227,204,188,255,254,254,153,156,160,231,222,218,0.57294,0.57498,0.56729
1,1.0099e+06,-5.835,15.839,195,803.6,-5.7808,15.623,187.21,724.27,0.20885,0.13506,0.022336,0.19625,0.12871,0.019776,0.18512,0.12347,0.018112,255,255,255,220,215,208,199,196,188,255,255,254,163,162,167,210,211,212,0.56847,0.57003,0.57066
1,1.01e+06,-5.835,15.759,195,803.6,-5.802,15.566,186.13,1180.3,0.31234,0.12848,0.031232,0.28951,0.12039,0.02688,0.26254,0.11219,0.022848,255,255,255,193,193,192,180,180,183,255,255,255,202,202,199,193,200,208,0.56104,0.56097,0.562
1,1.0101e+06,-5.835,15.679,195,803.7,-5.7882,15.483,186.81,608.45,0.25218,0.13871,0.027136,0.22093,0.13155,0.022592,0.19924,0.1272,0.019968,255,255,255,172,175,179,199,187,181,255,255,255,225,222,211,203,206,212,0.55389,0.55507,0.5542
1,1.0102e+06,-5.835,15.598,195,803.6,-5.7872,15.413,185.49,917.66,0.28502,0.14521,0.032448,0.26939,0.13291,0.027584,0.24549,0.12908,0.024832,255,255,255,162,159,160,183,184,184,255,255,255,223,216,207,235,229,227,0.55053,0.54801,0.54854
1,1.0103e+06,-5.835,15.518,195,803.6,-5.7978,15.345,186.7,1051.3,0.32864,0.13764,0.035072,0.28793,0.12848,0.028736,0.25882,0.12351,0.025024,254,253,253,147,153,158,182,179,179,255,255,255,163,172,180,249,242,239,0.5496,0.54665,0.54814
1,1.0169e+06,-5.835,11.555,195,803.6,-5.7957,11.388,0.48562,809.27,0,0,0,0,0,0,0,0,0,253,254,254,203,208,209,169,171,171,255,255,255,155,162,175,217,218,215,0.54355,0.54747,0.54672
1,1.017e+06,-5.835,11.474,195,803.7,-5.7851,11.311,186.09,730.31,0.24433,0.11136,0.017536,0.23415,0.1026,0.015424,0.22392,0.10048,0.013696,255,255,254,217,211,208,181,175,172,255,255,255,153,162,175,170,178,190,0.54377,0.54316,0.54337
1,1.0171e+06,-5.835,11.394,195,803.6,-5.801,11.265,186.07,813.14,0.20588,0.11403,0.017856,0.18853,0.10797,0.015552,0.17043,0.10261,0.013568,255,255,254,209,210,208,174,174,172,255,255,255,176,183,187,169,177,189,0.5472,0.5448,0.54555
1,1.0172e+06,-5.835,11.313,195,803.6,-5.7967,11.178,185.95,868.74,0.28137,0.11351,0.02464,0.25789,0.10669,0.020288,0.23422,0.10018,0.017664,255,255,254,220,215,212,170,168,170,255,255,255,230,223,212,214,210,209,0.54867,0.55317,0.55269
1,1.0173e+06,-5.835,11.233,195,803.7,-5.7957,11.106,186.54,469.41,0.27731,0.13243,0.027136,0.23289,0.12641,0.022272,0.21094,0.12011,0.019136,255,255,254,227,219,210,165,166,168,255,255,255,225,227,218,234,229,223,0.55512,0.55829,0.55985
1,1.0174e+06,-5.835,11.153,195,803.6,-5.7914,11.031,185.87,848.42,0.2797,0.13089,0.028416,0.25577,0.12443,0.024704,0.2381,0.11931,0.021888,255,254,252,201,205,202,161,167,170,255,255,255,219,218,213,250,244,237,0.56055,0.56662,0.56717
1,1.0175e+06,-5.835,11.072,195,803.6,-5.7702,10.915,186.22,1305.9,0.3327,0.12602,0.030336,0.3024,0.11546,0.025024,0.26949,0.11247,0.021376,254,252,251,183,183,183,187,182,177,255,255,255,210,206,202,227,231,233,0.58688,0.58205,0.58099
1,1.0206e+06,-5.928,11,195,803.6,-5.8795,10.931,0.11817,864.3,0,0,0,0,0,0,0,0,0,245,246,247,182,181,179,177,177,178,255,255,255,206,203,203,208,207,212,0.41191,0.42207,0.439
1,1.0207e+06,-5.928,11.08,195,803.7,-5.8763,10.987,187.39,1013.1,0.15764,0.13855,0.01664,0.14325,0.132,0.014784,0.13694,0.1271,0.013568,252,249,249,187,186,188,180,174,175,255,255,255,204,203,206,227,222,220,0.57424,0.57515,0.56463
1,1.0208e+06,-5.928,11.161,195,803.6,-5.8784,11.06,185.18,798.58,0.20207,0.14872,0.023168,0.18682,0.13827,0.020096,0.17743,0.13187,0.01824,251,251,250,179,189,194,172,173,173,255,255,255,202,208,209,235,225,219,0.57861,0.57713,0.57573
1,1.0209e+06,-5.928,11.241,195,803.6,-5.8869,11.158,187.04,784.09,0.27043,0.13453,0.027584,0.25375,0.12581,0.024128,0.24166,0.11348,0.020928,255,253,252,200,200,201,173,172,171,255,255,255,211,211,210,198,201,204,0.56865,0.57028,0.56945
1,1.021e+06,-5.928,11.321,195,803.7,-5.8805,11.236,186.48,1113.6,0.29608,0.15171,0.034752,0.26958,0.14458,0.030336,0.24267,0.14172,0.026752,255,253,252,197,200,203,170,172,172,255,255,255,201,206,206,179,184,193,0.56178,0.56646,0.56602
1,1.0211e+06,-5.928,11.402,195,803.6,-5.8721,11.278,185.57,733.35,0.30711,0.13431,0.03104,0.2707,0.12441,0.025472,0.24528,0.11884,0.022144,253,253,253,198,198,200,175,171,169,255,255,255,186,189,191,183,189,196,0.55711,0.56219,0.56181
1,1.0212e+06,-5.928,11.482,195,803.6,-5.889,11.37,186.09,589.07,0.30006,0.1292,0.028224,0.25287,0.12307,0.022912,0.21662,0.11687,0.019328,254,254,254,200,202,206,157,161,166,255,255,255,187,185,184,246,235,224,0.56009,0.56193,0.56032
1,1.0277e+06,-5.928,15.445,195,803.6,-5.888,15.327,-0.2228,853.23,0,0,0,0,0,0,0,0,0,247,249,251,193,188,186,181,178,178,255,255,255,172,172,178,227,230,233,0.56454,0.56452,0.5538
1,1.0278e+06,-5.928,15.526,195,803.7,-5.8593,15.372,185.32,779.95,0.1771,0.12628,0.016,0.14666,0.12112,0.013632,0.13533,0.11369,0.012032,254,254,253,165,165,166,176,178,180,255,255,255,198,200,200,215,216,219,0.56293,0.56272,0.55603
1,1.0279e+06,-5.928,15.606,195,803.6,-5.8752,15.458,185.95,1028.3,0.22493,0.14027,0.024064,0.2023,0.13203,0.020736,0.19135,0.12565,0.018688,255,255,254,155,157,159,179,179,180,255,255,255,223,219,213,201,205,211,0.56522,0.56417,0.56029
1,1.028e+06,-5.928,15.687,195,803.6,-5.8795,15.522,184.63,671.61,0.27709,0.11991,0.025344,0.25913,0.11293,0.02176,0.24485,0.10922,0.019776,255,255,255,146,151,160,172,175,177,255,255,255,237,227,218,184,190,200,0.56718,0.56785,0.56509
1,1.0281e+06,-5.928,15.767,195,803.7,-5.8933,15.611,187.18,1332.4,0.26912,0.13745,0.027968,0.25038,0.12901,0.024576,0.22995,0.12593,0.021888,255,255,255,154,160,170,164,171,180,255,255,255,215,211,207,191,196,205,0.56969,0.57043,0.56856
1,1.0282e+06,-5.928,15.847,195,803.6,-5.8837,15.671,187.54,672.83,0.32607,0.14039,0.035008,0.30367,0.13229,0.03008,0.2753,0.12593,0.026112,255,255,255,213,203,198,198,194,188,255,255,255,166,173,180,243,234,226,0.57377,0.57347,0.5696
1,1.0283e+06,-5.928,15.928,195,803.6,-5.8699,15.745,186.83,949.4,0.32791,0.12043,0.027712,0.27434,0.11177,0.0224,0.24485,0.10717,0.019584,255,255,255,225,222,217,190,196,191,253,255,255,166,173,173,255,250,243,0.55024,0.54109,0.53099
