1,66380,-6,11,100,5,-5.8837,10.854,0.37307,592.58,0,0,0,0,0,0,0,0,0,241,244,244,167,175,178,166,165,165,255,255,255,208,209,214,219,218,217,0.34151,0.34626,0.35763
1,66480,-5.995,11,100,105,-5.8402,10.813,94.782,485.21,0.11303,0.10386,0.009408,0.10587,0.099262,0.00832,0.10349,0.090574,0.007296,241,244,244,167,175,178,166,165,165,255,255,255,208,209,214,219,218,217,0.34151,0.34626,0.35763
1,66580,-5.98,11,100,205,-5.8286,10.846,95.021,482.75,0.15173,0.11824,0.014272,0.14313,0.11145,0.012672,0.13605,0.1069,0.011584,241,244,244,167,175,178,166,165,165,255,255,255,208,209,214,219,218,217,0.35453,0.35721,0.37077
1,66680,-5.955,11,100,305,-5.7723,10.831,95.739,316.87,0.16729,0.12779,0.016704,0.15775,0.11813,0.014784,0.15126,0.11385,0.013568,244,244,245,178,179,181,162,165,167,255,255,255,216,213,218,219,213,212,0.37345,0.37867,0.39289
1,66780,-5.92,11,100,405,-5.7309,10.839,94.769,516.56,0.16565,0.13616,0.017536,0.16135,0.12559,0.015552,0.15205,0.12304,0.014592,243,247,247,179,185,186,170,168,168,255,255,255,218,220,222,207,205,207,0.4451,0.45315,0.46236
1,66880,-5.875,11,100,505,-5.7012,10.83,93.716,721.04,0.23061,0.1302,0.023488,0.21208,0.12662,0.020672,0.18921,0.11582,0.016896,248,249,249,190,190,191,178,173,169,255,255,255,226,225,225,199,197,202,0.583,0.55959,0.53248
1,66980,-5.82,11,100,605,-5.6556,10.861,94.428,408.39,0.23549,0.12048,0.021952,0.21288,0.11031,0.01824,0.18929,0.10401,0.014528,253,252,250,205,198,194,178,175,172,255,255,255,232,227,225,195,194,199,0.61343,0.60893,0.59156
1,67080,-5.755,11,100,705,-5.5951,10.851,95.421,687.25,0.185,0.14012,0.017984,0.16543,0.12537,0.01408,0.12926,0.11727,0.011328,253,252,251,212,202,196,177,176,174,255,255,255,230,224,222,192,195,200,0.61826,0.61137,0.59835
1,67180,-5.68,11,100,805,-5.5103,10.82,95.1,853.23,0.15776,0.11687,0.014528,0.12898,0.11238,0.0112,0.12147,0.10705,0.010176,252,252,251,205,201,201,182,176,174,255,255,255,226,220,220,193,197,202,0.60243,0.58516,0.56026
1,67280,-5.595,11,100,900,-5.4678,10.854,94.812,1023.9,0.21365,0.10926,0.016192,0.18126,0.095399,0.013056,0.17225,0.090509,0.011584,252,250,249,211,216,214,174,174,173,255,255,255,236,227,220,198,199,201,0.56365,0.54706,0.53045
1,67380,-5.505,11,100,900,-5.3798,10.834,94.551,964.89,0.19601,0.12731,0.018944,0.17955,0.11742,0.015936,0.16666,0.11028,0.01376,241,246,248,236,228,219,169,171,173,255,255,255,255,240,221,186,190,194,0.51537,0.49927,0.49857
1,67480,-5.415,11,100,900,-5.3076,10.844,94.822,809.6,0.24681,0.099417,0.016832,0.16832,0.094966,0.012544,0.15319,0.091455,0.010944,251,250,249,202,206,211,180,173,172,255,255,255,234,225,216,197,188,186,0.45436,0.46026,0.46973
1,67580,-5.325,11,100,900,-5.2429,10.84,92.813,727.58,0.1916,0.10711,0.016064,0.17785,0.098177,0.013824,0.16257,0.09623,0.01248,250,251,251,199,202,205,170,173,174,255,255,255,222,221,214,191,186,186,0.46374,0.46819,0.47844
1,67680,-5.235,11,100,900,-5.1485,10.83,94.974,1158.1,0.17132,0.10357,0.013952,0.16076,0.0966,0.012224,0.15016,0.090622,0.010816,253,252,252,200,197,200,188,184,180,255,255,255,234,215,199,184,186,193,0.50791,0.50438,0.49856
1,67780,-5.145,11,100,900,-5.0848,10.854,94.296,808.39,0.15464,0.11465,0.014016,0.14556,0.10691,0.012352,0.14001,0.10488,0.01152,252,251,250,205,196,197,195,189,182,255,255,254,196,192,195,200,204,210,0.46724,0.46978,0.47776
1,67880,-5.055,11,100,900,-5.0073,10.859,94.405,959.57,0.19802,0.10612,0.016384,0.18988,0.10066,0.014976,0.17707,0.094128,0.01312,246,247,248,191,202,203,175,176,177,254,253,251,226,220,209,220,226,227,0.4675,0.47253,0.48012
1,67980,-4.965,11,100,900,-4.9193,10.85,94.498,884.35,0.17802,0.095279,0.012992,0.15419,0.091406,0.011072,0.13866,0.081952,0.009088,245,246,246,205,210,204,173,175,174,255,253,251,255,247,231,228,233,232,0.46642,0.47542,0.48738
1,68080,-4.875,11,100,900,-4.8079,10.829,94.68,1398.4,0.18793,0.093663,0.013696,0.16808,0.088438,0.01152,0.16014,0.085755,0.010624,245,244,246,195,196,201,183,178,175,255,255,252,249,247,236,218,218,225,0.47185,0.47051,0.47803
1,68180,-4.785,11,100,900,-4.7379,10.853,94.107,1312.2,0.17618,0.088803,0.01184,0.16447,0.085409,0.010432,0.14984,0.082548,0.009344,239,244,246,182,194,201,173,177,175,255,255,253,247,242,227,208,216,223,0.46244,0.48263,0.49252
1,68280,-4.695,11,100,900,-4.654,10.846,94.064,962.68,0.1635,0.10287,0.013312,0.15215,0.097068,0.01184,0.14365,0.094839,0.01088,245,246,246,199,203,206,176,174,173,255,255,252,209,204,198,219,222,221,0.48676,0.49065,0.49803
1,68380,-4.605,11,100,900,-4.5702,10.843,95.007,754.44,0.17453,0.11102,0.0144,0.15545,0.10205,0.012352,0.14751,0.0975,0.011008,248,245,245,221,215,213,178,173,172,251,249,247,175,167,168,207,211,213,0.49871,0.50618,0.50854
1,68480,-4.515,11,100,900,-4.4758,10.843,93.154,1031.6,0.17301,0.10972,0.014976,0.16217,0.10144,0.0128,0.1533,0.097078,0.011648,239,243,246,203,209,212,167,166,168,249,244,242,177,172,171,196,194,198,0.48671,0.49843,0.5063
1,68580,-4.425,11,100,900,-4.3952,10.856,93.985,907.99,0.16486,0.10294,0.013248,0.15251,0.095786,0.011456,0.14164,0.090461,0.01024,253,252,250,205,212,215,165,164,165,252,249,245,221,207,187,188,185,189,0.49987,0.51129,0.51193
1,68680,-4.335,11,100,900,-4.2975,10.848,94.345,1060.4,0.19262,0.10787,0.016384,0.17544,0.10217,0.014272,0.17305,0.093307,0.012864,254,253,252,219,220,217,169,166,165,255,253,248,226,212,192,186,186,190,0.48965,0.49998,0.50509
1,68780,-4.245,11,100,900,-4.2211,10.846,92.912,707.98,0.17416,0.10168,0.013824,0.15976,0.097249,0.012032,0.15042,0.095255,0.011008,253,252,252,215,223,220,167,173,174,255,255,253,201,199,195,195,195,195,0.50685,0.51416,0.5154
1,68880,-4.155,11,100,900,-4.1331,10.855,94.915,755.3,0.20017,0.11418,0.017536,0.18982,0.10506,0.015296,0.17732,0.10388,0.014272,246,248,249,220,213,210,193,186,179,255,255,254,235,213,197,184,195,202,0.55353,0.53955,0.52861
1,68980,-4.065,11,100,900,-4.0291,10.849,93.604,1086.2,0.16872,0.10072,0.01312,0.15133,0.097819,0.011648,0.14294,0.093663,0.010368,246,247,248,195,197,204,182,179,182,255,255,255,239,223,209,198,199,198,0.49702,0.51717,0.51945
1,69080,-3.975,11,100,900,-3.94,10.83,94.885,961.77,0.1778,0.1038,0.014336,0.16447,0.10137,0.012736,0.15511,0.096456,0.011392,248,249,248,192,197,203,178,179,181,255,255,255,246,229,213,192,194,193,0.58345,0.55859,0.53849
1,69180,-3.885,11,100,900,-3.8498,10.83,94.22,1093.3,0.20618,0.094077,0.014592,0.18911,0.088083,0.012736,0.1746,0.085971,0.011456,248,250,251,204,206,206,186,182,182,255,255,255,244,226,208,173,174,179,0.52085,0.52202,0.52107
1,69280,-3.795,11,100,900,-3.767,10.853,95.302,925.95,0.1612,0.099126,0.012672,0.14767,0.095084,0.0112,0.14631,0.087049,0.010048,252,252,251,204,206,206,183,181,180,255,255,255,198,192,188,172,170,173,0.49832,0.50911,0.5167
1,69380,-3.705,11,100,900,-3.6673,10.839,93.514,869.09,0.18395,0.10185,0.01472,0.17019,0.095364,0.012736,0.167,0.09054,0.011776,247,249,249,192,194,195,171,174,176,255,255,254,176,173,171,170,175,180,0.53833,0.54642,0.53647
1,69480,-3.615,11,100,900,-3.5952,10.853,93.902,943.58,0.17571,0.10553,0.014784,0.16524,0.10054,0.012992,0.15686,0.095668,0.011904,240,243,245,167,174,183,173,171,172,253,252,251,192,182,177,177,180,183,0.59697,0.57443,0.54976
1,69580,-3.525,11,100,900,-3.4986,10.839,94.203,992.97,0.19435,0.10348,0.015552,0.17644,0.096979,0.013248,0.1657,0.089519,0.01152,244,245,247,176,184,191,170,170,170,252,250,250,235,216,197,175,177,182,0.54724,0.54162,0.53154
1,69680,-3.435,11,100,900,-3.4233,10.849,94.478,747.4,0.13986,0.094368,0.010304,0.128,0.088638,0.00896,0.12632,0.079288,0.007808,252,250,247,202,204,201,172,170,168,255,252,250,253,229,201,178,178,182,0.59857,0.57086,0.54351
1,69780,-3.345,11,100,900,-3.3267,10.845,93.62,1030.1,0.16013,0.11319,0.01408,0.14753,0.10712,0.01248,0.13821,0.099282,0.010816,243,245,245,225,221,213,166,162,162,255,255,253,216,204,193,182,184,188,0.50344,0.51196,0.51864
1,69880,-3.255,11,100,900,-3.2302,10.85,95.077,824.37,0.21798,0.086909,0.014656,0.19399,0.078355,0.011968,0.17457,0.074086,0.00992,230,237,242,194,202,202,154,158,162,255,253,251,201,195,188,187,195,199,0.51688,0.52832,0.52644
1,69980,-3.165,11,100,900,-3.1442,10.853,94.22,1086.2,0.18318,0.099752,0.014144,0.16828,0.095179,0.012544,0.15576,0.092283,0.011264,244,245,244,175,184,191,170,166,163,255,252,248,235,216,195,200,201,202,0.51648,0.51946,0.51773
1,70080,-3.075,11,100,900,-3.0594,10.845,94.66,1025.2,0.17009,0.10166,0.01344,0.15512,0.096304,0.011648,0.14656,0.093776,0.010688,245,246,245,180,186,190,164,163,164,255,252,247,223,213,201,200,197,199,0.49431,0.49814,0.50563
1,70180,-2.985,11,100,900,-2.9649,10.854,92.932,865.98,0.25189,0.090833,0.014848,0.23722,0.08562,0.012096,0.12587,0.088534,0.008832,242,244,245,202,200,196,162,162,165,251,251,249,227,215,203,186,188,195,0.50503,0.51354,0.51518
1,70280,-2.895,11,100,900,-2.8779,10.836,94.451,1065.7,0.14851,0.098968,0.01152,0.13907,0.090879,0.009792,0.12924,0.088146,0.00896,244,246,246,202,198,195,167,170,171,254,254,252,214,214,211,191,196,201,0.52593,0.52859,0.5265
1,70380,-2.805,11,100,900,-2.7782,10.839,94.17,772.16,0.19193,0.11436,0.016512,0.18251,0.10792,0.014912,0.16918,0.099399,0.0128,245,247,248,182,184,189,177,175,176,255,253,252,210,218,219,205,206,209,0.49399,0.50932,0.51785
1,70480,-2.715,11,100,900,-2.6795,10.83,95.127,776.08,0.17465,0.098302,0.013568,0.16983,0.089905,0.011904,0.15788,0.087836,0.011008,248,247,246,182,183,185,182,181,180,247,249,251,253,238,218,202,207,213,0.51456,0.50642,0.50676
1,70580,-2.625,11,100,900,-2.6116,10.843,94.776,956.36,0.18848,0.10191,0.014464,0.16944,0.096906,0.012544,0.16522,0.092373,0.011712,240,241,242,188,183,183,182,182,181,254,253,249,222,210,196,210,211,213,0.50878,0.51434,0.51364
1,70680,-2.535,11,100,900,-2.5257,10.834,95.286,973.02,0.18003,0.097772,0.01312,0.16296,0.087054,0.010944,0.1458,0.085538,0.009856,238,239,242,183,181,184,178,180,180,255,251,244,192,185,179,206,210,212,0.53903,0.52972,0.52075
1,70780,-2.445,11,100,900,-2.4387,10.837,95.339,1028.7,0.1803,0.091804,0.012608,0.16796,0.082264,0.01024,0.14309,0.079628,0.00864,245,245,244,194,192,192,179,180,178,231,230,228,163,155,153,195,202,208,0.49665,0.50339,0.50975
1,70880,-2.355,11,100,900,-2.3389,10.83,93.981,949.09,0.16599,0.092705,0.01184,0.15446,0.087851,0.01056,0.14481,0.085392,0.009536,248,249,249,212,210,207,176,177,176,219,216,215,160,153,147,197,199,201,0.52925,0.52947,0.5228
1,70980,-2.265,11,100,900,-2.2679,10.844,93.66,904.73,0.15718,0.098594,0.012416,0.1481,0.092043,0.010816,0.14061,0.090569,0.010048,249,250,250,224,222,218,176,176,175,218,214,210,166,156,148,179,185,190,0.53979,0.53402,0.52714
1,71080,-2.175,11,100,900,-2.1755,10.835,93.604,873.69,0.17413,0.10391,0.013888,0.15499,0.099327,0.011968,0.14123,0.094387,0.010432,247,248,249,224,224,220,170,175,176,206,208,208,168,157,151,170,174,178,0.52827,0.53171,0.52815
1,71180,-2.085,11,100,900,-2.0652,10.813,95.044,1200.4,0.18569,0.10754,0.015552,0.17236,0.10358,0.013696,0.16111,0.099338,0.01248,244,248,249,218,216,216,174,175,176,210,208,207,176,163,159,174,173,175,0.55172,0.53892,0.52597
1,71280,-1.995,11,100,900,-1.9824,10.836,94.054,958.01,0.16431,0.1021,0.012672,0.15091,0.093051,0.010816,0.1383,0.087969,0.009728,249,248,247,201,206,209,176,177,178,214,209,208,215,203,191,168,174,180,0.53195,0.51984,0.52013
1,71380,-1.905,11,100,900,-1.9262,10.845,93.759,879.11,0.19718,0.096888,0.014656,0.1807,0.092042,0.0128,0.16468,0.085575,0.010752,244,243,243,206,207,203,181,182,181,220,218,216,255,243,215,185,185,186,0.49923,0.5046,0.51154
1,71480,-1.815,11,100,900,-1.8233,10.836,94.64,796.85,0.16983,0.098938,0.0128,0.156,0.09299,0.011136,0.14639,0.088659,0.010048,238,240,241,206,197,191,187,187,186,236,230,218,234,218,201,178,188,194,0.50309,0.51415,0.51469
1,71580,-1.725,11,100,900,-1.7321,10.863,93.942,913,0.16422,0.091292,0.011904,0.15159,0.087802,0.010368,0.14261,0.079036,0.00896,241,242,243,168,175,179,192,188,185,218,213,208,192,180,175,180,189,195,0.49442,0.50349,0.51144
1,71680,-1.635,11,100,900,-1.626,10.829,94.892,948.11,0.18586,0.090195,0.012928,0.16746,0.08499,0.01088,0.15766,0.076105,0.009408,245,245,245,164,171,175,183,182,181,212,205,202,191,177,170,180,189,196,0.51532,0.51563,0.51624
1,71780,-1.545,11,100,900,-1.5697,10.85,94.19,782.09,0.18315,0.095285,0.013696,0.17418,0.092218,0.012288,0.16274,0.085612,0.010816,250,249,249,169,173,176,161,167,171,209,203,198,213,191,173,190,190,195,0.49616,0.50715,0.51289
1,71880,-1.455,11,100,900,-1.4435,10.812,95.593,1496,0.18716,0.091063,0.0128,0.17366,0.084414,0.0112,0.15574,0.07915,0.009536,250,250,250,174,176,181,167,166,166,218,207,199,206,189,174,185,188,194,0.50251,0.50897,0.51467
1,71980,-1.365,11,100,900,-1.366,10.853,92.72,949.32,0.18175,0.095737,0.01344,0.16536,0.092389,0.01184,0.15515,0.083791,0.01024,243,245,247,176,183,185,172,172,171,216,206,199,198,180,169,183,190,196,0.49147,0.50547,0.5139
1,72080,-1.275,11,100,900,-1.2769,10.846,94.554,932.52,0.20028,0.088901,0.013184,0.17147,0.080077,0.010688,0.15418,0.077808,0.009536,238,242,245,180,183,184,178,177,174,214,205,199,193,179,172,184,193,200,0.5217,0.51412,0.5159
1,72180,-1.185,11,100,900,-1.21,10.858,93.223,1055.9,0.16949,0.10023,0.01312,0.15524,0.092024,0.0112,0.14407,0.086838,0.009984,240,242,243,169,174,180,183,179,176,219,208,203,215,203,195,194,203,208,0.51525,0.5208,0.52192
1,72280,-1.095,11,100,900,-1.1209,10.851,94.882,967.44,0.16647,0.095973,0.01216,0.14823,0.091832,0.010368,0.13753,0.086062,0.009344,241,243,245,179,178,179,175,171,171,231,226,220,253,244,228,203,205,206,0.52513,0.52268,0.52281
1,72380,-1.005,11,100,900,-1.0191,10.843,95.302,1009.9,0.17044,0.091932,0.012288,0.15912,0.086918,0.010816,0.15276,0.077502,0.00928,249,248,247,186,186,183,166,168,172,254,249,239,255,255,246,186,186,190,0.5518,0.54213,0.53111
1,72480,-0.915,11,100,900,-0.92782,10.849,94.187,1254.3,0.16581,0.095141,0.012352,0.15198,0.090311,0.010752,0.13909,0.0876,0.009728,248,247,247,184,183,181,183,181,179,252,253,251,255,255,248,170,167,171,0.53836,0.5356,0.53056
1,72580,-0.825,11,100,900,-0.85567,10.843,94.392,1163.1,0.14749,0.1013,0.011776,0.14459,0.091217,0.010496,0.13261,0.089109,0.009472,242,245,246,177,179,182,188,186,183,254,254,251,255,254,244,163,162,166,0.56105,0.55118,0.5394
1,72680,-0.735,11,100,900,-0.74003,10.829,94.726,988.13,0.1556,0.10457,0.012928,0.14746,0.097068,0.011456,0.14398,0.09265,0.01056,242,243,244,177,186,189,191,189,186,244,246,242,230,229,218,166,163,167,0.52256,0.53619,0.53183
1,72780,-0.645,11,100,900,-0.66788,10.845,96.193,964.42,0.18082,0.1035,0.014784,0.17075,0.097497,0.013056,0.15858,0.093627,0.01184,246,245,246,205,204,198,186,183,181,225,227,226,190,186,185,169,174,183,0.50474,0.50367,0.51007
1,72880,-0.555,11,100,900,-0.57981,10.845,95.024,1109.4,0.19646,0.092564,0.012992,0.1716,0.08079,0.010624,0.15819,0.076676,0.009216,248,247,245,191,200,204,169,170,174,221,215,214,190,174,167,192,203,206,0.50319,0.50322,0.51204
1,72980,-0.465,11,100,900,-0.49069,10.851,95.775,939.02,0.17315,0.10281,0.013888,0.16612,0.093226,0.011968,0.15367,0.084696,0.010112,237,239,240,220,211,205,175,174,174,232,223,219,196,184,178,207,215,216,0.54168,0.54082,0.52983
1,73080,-0.375,11,100,900,-0.40475,10.845,93.799,683.04,0.17338,0.09905,0.013376,0.15535,0.093687,0.011456,0.1434,0.090345,0.010368,233,233,236,206,202,198,187,183,179,251,243,235,247,224,205,200,207,215,0.51393,0.51982,0.5217
1,73180,-0.285,11,100,900,-0.30926,10.844,95.623,960.35,0.17789,0.094922,0.013312,0.15627,0.090238,0.0112,0.14535,0.088114,0.010112,233,234,236,188,189,193,182,182,181,255,251,243,255,239,217,205,209,212,0.51463,0.51735,0.52099
1,73280,-0.195,11,100,900,-0.21589,10.836,93.733,958.97,0.17148,0.098175,0.013248,0.15323,0.096529,0.011648,0.14033,0.092456,0.01024,232,234,236,179,181,187,184,181,181,255,255,252,243,233,211,209,204,203,0.52326,0.53049,0.52824
1,73380,-0.105,11,100,900,-0.15223,10.849,94.084,832.51,0.16743,0.09765,0.012608,0.15178,0.094648,0.011264,0.13969,0.089863,0.009984,231,234,238,184,194,201,179,181,180,255,254,251,189,183,177,182,181,187,0.49556,0.50561,0.51536
1,73480,-0.015,11,100,900,-0.051439,10.837,94.263,993.09,0.18944,0.091656,0.012992,0.17194,0.080423,0.010688,0.15688,0.07678,0.00928,245,244,243,224,213,205,180,179,179,244,245,241,154,147,145,167,176,188,0.53575,0.52209,0.51768
1,73580,0.075,11,100,900,0.052538,10.824,94.488,1054.1,0.17973,0.097846,0.012992,0.16246,0.093423,0.011456,0.1512,0.089873,0.01056,244,245,245,194,195,199,177,179,180,227,226,223,152,139,132,203,207,207,0.52281,0.51571,0.52023
1,73680,0.165,11,100,900,0.12044,10.861,94.067,976.16,0.1755,0.1004,0.01376,0.16158,0.09881,0.01248,0.15217,0.096147,0.011584,244,244,245,187,188,192,179,180,180,218,217,215,148,136,132,214,219,218,0.52718,0.52541,0.5261
1,73780,0.255,11,100,900,0.19365,10.85,94.243,714.95,0.18228,0.097053,0.013504,0.15849,0.093558,0.011456,0.1424,0.089796,0.010176,243,244,246,201,187,183,178,180,180,215,205,202,164,143,136,223,223,222,0.51215,0.51872,0.52007
1,73880,0.345,11,100,900,0.29338,10.846,94.713,959.66,0.1709,0.09718,0.012864,0.15487,0.09223,0.011328,0.14509,0.090147,0.01024,254,252,250,164,169,175,181,182,182,213,210,208,163,153,147,201,209,216,0.53042,0.52091,0.5248
1,73980,0.435,11,100,900,0.38675,10.849,95.246,1125,0.13562,0.096467,0.010304,0.12499,0.091417,0.009024,0.11582,0.085793,0.008,255,255,254,159,169,178,180,182,180,229,225,217,167,162,151,200,205,210,0.5427,0.53037,0.52674
1,74080,0.525,11,100,900,0.46526,10.854,94.147,663.15,0.18369,0.10116,0.014656,0.17137,0.097404,0.013184,0.16161,0.090302,0.011392,255,255,254,200,197,197,170,169,172,214,217,218,160,155,148,202,212,221,0.53394,0.53014,0.52395
1,74180,0.615,11,100,900,0.57561,10.835,96.448,1042.9,0.2232,0.099328,0.01632,0.19074,0.095534,0.014272,0.1751,0.090772,0.01248,255,254,253,209,209,206,164,166,171,207,212,214,161,150,143,219,226,230,0.51483,0.51618,0.52103
1,74280,0.705,11,100,900,0.65412,10.844,95.547,887.36,0.19342,0.091746,0.013952,0.17452,0.089233,0.012288,0.15988,0.086577,0.010944,249,250,251,217,209,204,179,175,173,214,210,208,153,147,142,253,251,247,0.5218,0.52875,0.52716
1,74380,0.795,11,100,900,0.74855,10.832,96.352,1033.1,0.19067,0.093342,0.013824,0.16806,0.089475,0.011712,0.14919,0.088377,0.010368,249,249,249,184,185,190,184,180,178,218,214,212,183,169,160,251,248,244,0.51098,0.52506,0.52859
1,74480,0.885,11,100,900,0.83343,10.825,94.352,626.87,0.16737,0.10113,0.013056,0.15837,0.092321,0.011136,0.14257,0.089047,0.00992,245,248,249,173,182,184,178,178,179,238,234,226,224,206,190,214,221,227,0.50018,0.51064,0.51889
1,74580,0.975,11,100,900,0.9321,10.835,95.984,958.4,0.15597,0.088565,0.010752,0.1474,0.083733,0.009344,0.13537,0.078302,0.00832,248,247,248,188,185,185,182,179,179,248,242,233,239,222,199,208,210,217,0.51712,0.51295,0.51587
1,74680,1.065,11,100,900,1.0117,10.832,94.167,921.26,0.16101,0.10139,0.012928,0.15349,0.0915,0.011008,0.14115,0.089412,0.010112,243,246,248,181,193,196,184,183,182,240,244,237,223,207,185,187,195,203,0.51008,0.52757,0.52881
1,74780,1.155,11,100,900,1.0828,10.845,95.898,876.18,0.16754,0.090927,0.011968,0.15452,0.08886,0.010688,0.14175,0.085637,0.009664,247,247,247,198,208,205,185,180,177,223,225,220,153,152,151,187,190,194,0.52611,0.52431,0.52348
1,74880,1.245,11,100,900,1.1857,10.839,93.382,783.56,0.17319,0.095812,0.013056,0.15922,0.089116,0.011136,0.14479,0.087251,0.010112,250,248,248,218,213,209,162,165,170,211,203,200,137,129,123,173,181,189,0.53589,0.52818,0.52276
1,74980,1.335,11,100,900,1.2812,10.835,94.885,1028.6,0.18744,0.094445,0.013568,0.16685,0.089438,0.011456,0.14924,0.087575,0.01024,250,248,248,198,206,208,165,164,168,204,194,189,121,116,115,170,177,186,0.54535,0.53832,0.53246
1,75080,1.425,11,100,900,1.3544,10.861,94.13,1045.5,0.17647,0.10452,0.014336,0.16147,0.10028,0.012544,0.15085,0.094047,0.011264,242,244,245,211,210,207,168,171,173,192,188,185,133,123,118,176,184,192,0.52553,0.53272,0.52994
1,75180,1.515,11,100,900,1.4446,10.84,94.382,1010.3,0.1664,0.10168,0.013248,0.1543,0.095316,0.01152,0.14111,0.091543,0.010432,243,242,243,216,211,206,174,175,175,192,188,186,143,129,125,182,188,197,0.52299,0.53,0.52866
1,75280,1.605,11,100,900,1.5358,10.829,95.54,812.18,0.17785,0.10165,0.01408,0.16666,0.093611,0.012032,0.16126,0.086486,0.010752,232,237,238,200,202,199,178,180,179,197,197,195,174,163,157,197,200,202,0.54151,0.52602,0.52456
1,75380,1.695,11,100,900,1.6281,10.831,93.852,822.78,0.18097,0.10189,0.013824,0.16584,0.093276,0.011712,0.15488,0.086994,0.01056,231,229,232,185,183,182,181,180,178,223,215,211,255,216,186,187,190,198,0.52198,0.53013,0.52936
1,75480,1.785,11,100,900,1.7225,10.839,94.749,1114.3,0.17409,0.1015,0.013696,0.16835,0.093517,0.012224,0.15769,0.084114,0.010688,232,226,230,175,166,167,173,173,176,245,235,228,219,196,176,175,180,192,0.51922,0.52702,0.52835
1,75580,1.875,11,100,900,1.8032,10.846,93.167,877.15,0.17997,0.097348,0.013632,0.16371,0.090309,0.011776,0.14755,0.087533,0.010304,232,235,234,167,166,169,175,181,181,238,239,227,140,142,142,182,189,194,0.54272,0.53258,0.52812
1,75680,1.965,11,100,900,1.8934,10.85,93.422,928.04,0.18008,0.10937,0.015296,0.16878,0.10464,0.013568,0.15618,0.097785,0.011712,247,237,236,182,175,178,194,189,185,231,225,219,136,129,131,192,188,193,0.5356,0.53563,0.52988
1,75780,2.055,11,100,900,1.9719,10.836,94.723,912.03,0.16617,0.091007,0.011584,0.13727,0.088377,0.009536,0.12041,0.087251,0.00832,243,238,238,210,204,194,197,192,187,206,202,205,152,145,144,182,183,193,0.50618,0.51108,0.52059
1,75880,2.145,11,100,900,2.078,10.836,92.786,1199.9,0.20267,0.094125,0.014272,0.17716,0.089277,0.011904,0.16248,0.082662,0.010368,226,236,239,194,198,201,175,181,182,222,221,216,231,200,176,173,186,195,0.54672,0.53914,0.53124
1,75980,2.235,11,100,900,2.1639,10.845,95.706,1077.6,0.18303,0.09214,0.012736,0.16646,0.086905,0.011008,0.14354,0.084461,0.009408,241,240,237,195,200,205,177,176,173,255,249,235,220,208,190,184,188,190,0.502,0.51075,0.51834
1,76080,2.325,11,100,900,2.2414,10.854,93.253,1019.8,0.16105,0.092984,0.011648,0.14212,0.088087,0.009792,0.13055,0.085176,0.008832,231,230,233,216,214,211,162,166,169,248,241,232,192,177,163,157,162,172,0.50907,0.51335,0.5185
1,76180,2.415,11,100,900,2.3613,10.811,95.064,1133,0.15431,0.099289,0.01216,0.13956,0.09663,0.010688,0.13307,0.090157,0.0096,219,225,230,202,209,208,164,167,168,220,226,224,154,154,148,142,150,162,0.51177,0.52228,0.52631
1,76280,2.505,11,100,900,2.4207,10.848,96.05,1017,0.18448,0.097097,0.014016,0.16724,0.092526,0.012288,0.15478,0.088356,0.01088,230,229,232,173,180,190,163,166,166,209,208,207,130,120,121,148,146,149,0.52027,0.52379,0.52557
1,76380,2.595,11,100,900,2.5172,10.837,94.445,1110.4,0.20095,0.098202,0.01504,0.18702,0.093631,0.013312,0.16612,0.091022,0.01184,246,242,241,157,165,177,155,158,165,198,198,197,127,119,118,148,147,146,0.52302,0.52325,0.52388
1,76480,2.685,11,100,900,2.6032,10.84,95.55,805.01,0.16287,0.1003,0.012928,0.14997,0.095876,0.011264,0.14473,0.089121,0.01024,247,247,246,172,177,183,172,180,180,195,194,196,150,135,131,141,146,149,0.51993,0.52508,0.52614
1,76580,2.775,11,100,900,2.6965,10.832,95.464,868.77,0.21372,0.09617,0.015872,0.19067,0.091622,0.01344,0.18137,0.082187,0.011584,249,247,247,198,198,198,198,196,186,217,209,206,174,165,165,144,149,153,0.51897,0.52587,0.5272
1,76680,2.865,11,100,900,2.7772,10.839,94.998,1072.2,0.18416,0.10509,0.014976,0.16783,0.10056,0.013184,0.16122,0.092789,0.01184,246,248,248,205,207,204,176,185,187,225,219,217,207,195,186,141,150,158,0.55499,0.54864,0.53799
1,76780,2.955,11,100,900,2.8589,10.83,94.68,899.42,0.1772,0.098148,0.013376,0.16365,0.091349,0.011584,0.1479,0.087631,0.010176,252,252,251,211,212,211,173,174,174,251,244,237,255,243,225,159,164,168,0.45181,0.44939,0.45253
1,81410,3,11,100,899.1,2.8907,10.915,-0.067215,998.26,0,0,0,0,0,0,0,0,0,253,253,252,214,211,212,169,172,173,255,252,245,255,249,237,171,172,173,0.33616,0.35715,0.37872
1,81510,3,11.09,100,899.1,2.9151,10.979,93.895,994.66,0.13892,0.11383,0.012544,0.13215,0.10878,0.011328,0.12738,0.10282,0.010432,252,252,251,216,216,216,175,175,174,243,235,229,209,198,191,195,193,191,0.55597,0.54771,0.51668
1,81610,3,11.18,100,899,2.9215,11.041,93.985,671.87,0.17744,0.12191,0.016896,0.16317,0.11219,0.014528,0.15745,0.10779,0.013504,251,249,249,221,219,214,172,172,173,210,205,202,132,132,136,230,226,221,0.52964,0.51854,0.51086
1,81710,3,11.27,100,899.1,2.9162,11.16,94.739,1021.6,0.17673,0.11488,0.015936,0.16523,0.10853,0.01408,0.15405,0.099972,0.012224,249,248,249,204,210,212,168,171,174,190,189,189,113,113,118,248,243,233,0.4791,0.49078,0.4943
1,81810,3,11.36,100,899.1,2.9119,11.226,94.435,776.25,0.19765,0.10898,0.015104,0.16127,0.10568,0.012672,0.14592,0.098422,0.010944,251,251,250,204,207,212,183,177,174,169,169,173,101,102,106,255,254,250,0.48042,0.48762,0.49035
1,81910,3,11.45,100,899.1,2.896,11.352,95.15,1140.9,0.18142,0.10827,0.014912,0.16227,0.098752,0.012416,0.15124,0.088386,0.010624,250,250,250,235,222,209,175,171,172,173,176,180,105,109,115,255,255,252,0.48324,0.49566,0.49339
1,82010,3,11.539,100,899,2.9172,11.417,93.508,858.61,0.18643,0.10766,0.015232,0.17786,0.10082,0.013248,0.15872,0.09749,0.011648,243,246,249,187,191,198,166,170,173,210,200,192,125,123,123,254,253,250,0.45771,0.4754,0.4871
1,82110,3,11.629,100,899.1,2.9077,11.5,94.574,730.45,0.19578,0.098354,0.01376,0.17172,0.092618,0.011712,0.14984,0.085851,0.009664,250,251,250,185,189,196,196,185,177,192,195,198,120,120,123,236,237,230,0.55004,0.52028,0.50314
1,82210,3,11.719,100,899.1,2.9024,11.599,94.077,969.99,0.14057,0.096323,0.010688,0.12698,0.094394,0.009408,0.11864,0.088539,0.008192,252,253,252,203,204,203,189,183,179,192,194,196,115,117,119,211,216,215,0.48565,0.50003,0.50024
1,82310,3,11.809,100,899.1,2.8918,11.708,95.789,1042.3,0.14503,0.095843,0.010944,0.13132,0.093763,0.009472,0.12364,0.089379,0.008448,255,254,254,217,217,213,175,177,181,191,194,196,111,116,119,183,190,203,0.45583,0.48021,0.49294
1,82410,3,11.899,100,899,2.9045,11.77,94.127,972.12,0.16126,0.097256,0.012096,0.15121,0.089479,0.010368,0.14035,0.084764,0.009088,255,254,254,208,203,203,189,189,185,193,194,195,124,123,121,241,231,221,0.47038,0.47268,0.48019
1,82510,3,11.989,100,899.1,2.9151,11.863,95.335,745.76,0.17936,0.10451,0.014848,0.1697,0.099038,0.013056,0.15752,0.093837,0.01152,252,252,253,194,200,204,183,182,182,193,192,194,120,122,125,250,246,235,0.54031,0.51711,0.49933
1,82610,3,12.079,100,899.1,2.8992,11.953,95.097,1041.2,0.184,0.10792,0.013568,0.15321,0.10143,0.01088,0.1298,0.095018,0.009536,252,251,251,227,220,213,171,171,173,194,192,191,138,128,124,205,209,216,0.46265,0.47407,0.48468
1,82710,3,12.169,100,899.1,2.8875,12.047,94.458,1181.9,0.14734,0.092759,0.010368,0.13756,0.086058,0.009088,0.12798,0.078939,0.007744,250,250,250,223,221,219,173,170,169,194,192,190,136,127,124,187,197,209,0.45418,0.46228,0.47448
1,82810,3,12.259,100,899,2.9002,12.123,95.878,1273.7,0.12052,0.094373,0.008896,0.10785,0.08438,0.007104,0.097549,0.080303,0.006144,248,247,248,227,221,215,171,169,169,196,194,192,115,117,119,213,204,196,0.45849,0.46495,0.47652
1,82910,3,12.349,100,899.1,2.9098,12.211,94.276,903.1,0.1568,0.10616,0.0128,0.1461,0.096497,0.011072,0.13958,0.091738,0.00992,251,250,250,211,209,208,176,171,168,198,194,190,111,115,119,190,202,207,0.50937,0.51023,0.49758
1,83010,3,12.439,100,899.1,2.9151,12.296,95.226,859.91,0.16232,0.11292,0.014208,0.14895,0.10514,0.012224,0.13982,0.10188,0.011136,255,255,253,204,204,202,167,164,163,189,186,185,131,125,118,222,213,200,0.49382,0.49793,0.49313
1,83110,3,12.528,100,899.1,2.9066,12.386,95.292,1210.8,0.17261,0.10596,0.013568,0.15444,0.099643,0.011392,0.13781,0.093246,0.010112,254,254,254,198,198,197,146,152,157,177,176,175,111,112,114,184,190,194,0.48256,0.49138,0.48805
1,83210,3,12.618,100,899,2.9098,12.483,96.58,1108.2,0.13651,0.10511,0.011456,0.12882,0.097426,0.00992,0.12249,0.095171,0.00928,253,253,253,191,192,194,154,154,157,164,168,172,103,105,109,189,185,181,0.46378,0.48134,0.48357
1,83310,3,12.708,100,899.1,2.9257,12.553,94.868,823,0.14508,0.098876,0.011072,0.12796,0.095435,0.009472,0.11838,0.091642,0.008384,255,253,252,204,194,188,169,166,164,171,167,166,111,105,105,161,166,173,0.4432,0.45531,0.4704
1,83410,3,12.798,100,899.1,2.9225,12.645,95.517,819.46,0.17561,0.096917,0.012736,0.15621,0.090755,0.010688,0.13355,0.087805,0.009216,250,250,251,190,193,192,177,174,171,174,172,170,105,107,106,184,175,166,0.44256,0.45895,0.47004
1,83510,3,12.888,100,899.1,2.8896,12.763,94.524,1133.1,0.16301,0.10897,0.013824,0.14977,0.10332,0.012224,0.14403,0.095705,0.01088,254,252,249,206,198,190,176,177,176,174,170,167,104,102,103,174,179,180,0.43138,0.44016,0.45655
1,83610,3,12.978,100,899,2.9215,12.831,95.908,997.34,0.15896,0.10418,0.012864,0.14302,0.10146,0.011264,0.13262,0.09366,0.009856,244,245,246,186,185,185,182,178,176,160,163,167,99,100,102,213,204,189,0.48507,0.46937,0.46787
1,83710,3,13.068,100,899.1,2.9098,12.926,95.633,1004.6,0.1687,0.11375,0.015168,0.15907,0.10615,0.013376,0.14815,0.10009,0.011776,242,243,245,175,178,185,175,176,176,168,167,167,104,103,103,210,205,195,0.42178,0.43322,0.45302
1,83810,3,13.158,100,899.1,2.9077,13.005,94.183,775.56,0.16516,0.10566,0.013248,0.14636,0.099703,0.011392,0.13995,0.090953,0.009984,252,248,245,203,197,191,168,173,175,174,177,179,105,109,113,195,201,199,0.40679,0.42351,0.44391
1,83910,3,13.248,100,899.1,2.9172,13.075,95.739,922.32,0.14443,0.10245,0.011712,0.13442,0.097101,0.01024,0.12977,0.090321,0.00928,238,243,244,185,190,189,175,176,176,188,190,192,126,131,140,202,204,199,0.41166,0.43583,0.45205
1,84010,3,13.338,100,899.1,2.9183,13.172,95.133,1131.5,0.16897,0.10101,0.013248,0.15623,0.092754,0.011328,0.14586,0.0885,0.010176,238,237,237,170,175,181,181,179,177,209,210,210,177,179,166,194,194,192,0.42852,0.43632,0.44294
1,84110,3,13.428,100,899.1,2.9109,13.278,95.411,1064.9,0.14631,0.10265,0.011456,0.13316,0.095904,0.009984,0.12709,0.090162,0.00896,231,234,236,184,182,178,180,181,183,224,221,215,144,154,155,185,184,187,0.38194,0.39472,0.41127
1,84210,3,13.517,100,899.1,2.9162,13.359,95.739,1145.1,0.15511,0.09535,0.010496,0.12186,0.090912,0.008384,0.11056,0.087826,0.007488,239,237,237,175,178,179,187,187,189,213,213,212,116,124,135,186,185,190,0.40131,0.40465,0.4128
1,84310,3,13.607,100,899.1,2.9204,13.428,94.028,872.11,0.13467,0.097924,0.010624,0.12957,0.094157,0.009664,0.12294,0.086942,0.008576,241,242,241,176,174,170,210,213,210,197,196,197,99,99,102,217,216,212,0.39572,0.39775,0.41333
1,84410,3,13.697,100,899.1,2.879,13.562,96.759,1143.6,0.20026,0.11294,0.016064,0.18193,0.10329,0.013696,0.16939,0.098769,0.012416,247,246,244,168,167,168,250,241,232,187,187,187,97,98,100,251,248,241,0.38899,0.3932,0.4047
1,84510,3,13.787,100,899.1,2.9119,13.622,95.266,1031.2,0.19222,0.10627,0.014976,0.16766,0.10049,0.012608,0.15075,0.095808,0.011136,249,248,245,176,170,165,251,247,233,183,184,187,104,110,121,255,255,253,0.43854,0.4112,0.39568
1,84610,3,13.877,100,899.1,2.9236,13.705,95.742,1091.5,0.12933,0.11204,0.011584,0.12148,0.10908,0.010496,0.11686,0.10295,0.009408,247,244,243,160,164,170,203,205,204,198,200,203,164,165,164,249,249,250,0.39503,0.39974,0.39467
1,89260,3,13.94,100,900.9,2.8886,13.752,-0.10694,874.61,0,0,0,0,0,0,0,0,0,239,242,243,160,167,172,170,180,186,214,216,215,208,195,182,239,245,246,0.36174,0.36567,0.37296
1,89360,2.9099,13.94,100,900.9,2.791,13.764,93.988,889.38,0.12221,0.10487,0.010176,0.11701,0.10088,0.009216,0.11149,0.093551,0.008064,236,236,240,177,177,179,178,178,183,223,221,219,193,191,184,255,252,247,0.52437,0.51728,0.50247
1,89460,2.8198,13.94,100,900.9,2.705,13.772,93.697,815.82,0.17323,0.10529,0.014336,0.15896,0.099935,0.01248,0.15046,0.092836,0.010944,244,240,240,198,196,194,182,173,175,239,231,226,186,191,188,251,245,241,0.54205,0.5409,0.5342
1,89560,2.7297,13.94,100,900.9,2.6191,13.779,94.428,1162.8,0.18696,0.11,0.014976,0.16477,0.10233,0.0128,0.15205,0.099702,0.011584,244,243,241,210,208,201,170,171,173,241,236,229,192,196,192,236,236,235,0.53943,0.53433,0.52818
1,89660,2.6396,13.94,100,900.9,2.5363,13.764,94.266,974.19,0.21935,0.094659,0.015488,0.19271,0.090265,0.0128,0.16539,0.085827,0.010688,246,245,243,235,219,203,168,168,171,246,241,234,224,210,199,220,220,222,0.52224,0.52686,0.52475
1,89760,2.5495,13.94,100,900.9,2.4674,13.76,95.537,766.06,0.11837,0.088404,0.008384,0.11231,0.084171,0.007552,0.10919,0.079282,0.00672,253,248,243,190,193,193,171,171,172,247,241,235,215,212,205,215,213,217,0.51882,0.52546,0.52517
1,89860,2.4595,13.94,100,900.9,2.357,13.771,94.435,1347.7,0.15925,0.098776,0.012096,0.14055,0.092613,0.010176,0.12874,0.088813,0.009088,235,243,245,188,191,190,167,168,170,228,235,233,221,213,206,217,221,222,0.53687,0.53261,0.52956
1,89960,2.3694,13.94,100,900.9,2.2817,13.748,95.441,1272.8,0.13809,0.087081,0.009408,0.1274,0.082365,0.008384,0.12138,0.074443,0.007168,254,251,248,223,210,198,155,157,162,235,232,231,212,212,206,226,225,226,0.52766,0.52894,0.53009
1,90060,2.2793,13.94,100,900.9,2.1979,13.767,95.077,872.17,0.1328,0.093598,0.009792,0.12778,0.083086,0.00832,0.11897,0.080766,0.007552,255,253,250,220,212,201,147,153,160,234,234,230,213,215,207,215,223,227,0.53399,0.53489,0.53174
1,90160,2.1892,13.94,100,900.9,2.1066,13.76,95.057,828.97,0.15465,0.096123,0.011328,0.13915,0.090401,0.00992,0.13157,0.083644,0.00864,254,253,251,215,205,196,155,156,158,241,236,230,232,222,205,219,222,226,0.53208,0.53672,0.53441
1,90260,2.0991,13.94,100,900.9,2.0111,13.775,93.65,1198.5,0.13716,0.10514,0.011328,0.12792,0.09825,0.009984,0.11918,0.094768,0.00896,253,251,249,183,184,186,158,156,158,236,229,226,216,206,193,224,226,230,0.53854,0.54335,0.54053
1,90360,2.009,13.94,100,900.9,1.9241,13.764,95.13,867.12,0.12751,0.095271,0.009408,0.11736,0.088984,0.008192,0.10784,0.086612,0.007296,246,247,249,181,181,184,150,154,160,228,225,223,171,176,176,239,237,236,0.54945,0.54556,0.53973
1,90460,1.9189,13.94,100,900.9,1.8233,13.79,95.388,887.63,0.15671,0.10232,0.012864,0.14222,0.096279,0.010752,0.13655,0.089502,0.0096,250,250,249,199,196,192,164,167,168,233,229,222,165,170,172,234,240,241,0.52173,0.53261,0.53763
1,90560,1.8288,13.94,100,900.9,1.73,13.793,95.342,1009.8,0.13082,0.091071,0.009408,0.11795,0.085338,0.008,0.10768,0.080642,0.006912,251,251,251,209,202,197,174,172,170,233,227,221,179,179,177,238,239,241,0.52916,0.53906,0.54074
1,90660,1.7387,13.94,100,900.9,1.6302,13.783,94.696,1073.1,0.14799,0.087973,0.010368,0.1356,0.079793,0.00864,0.12502,0.078661,0.007744,255,254,252,209,210,206,164,167,171,222,221,217,218,202,186,237,239,240,0.54259,0.53762,0.54092
1,90760,1.6486,13.94,100,900.9,1.5666,13.769,95.17,913.43,0.1473,0.10192,0.011584,0.13136,0.098069,0.009984,0.12578,0.094197,0.009088,248,250,251,221,220,214,163,168,171,216,215,214,195,190,180,234,235,236,0.55223,0.55124,0.54857
1,90860,1.5586,13.94,100,900.9,1.4817,13.762,93.948,891.71,0.23311,0.10194,0.015168,0.20548,0.094464,0.012928,0.19231,0.087592,0.010816,250,250,250,226,222,217,189,180,174,213,214,215,157,162,167,222,226,229,0.53912,0.54451,0.54642
1,90960,1.4685,13.94,100,900.9,1.3926,13.759,92.998,869.53,0.1232,0.096587,0.009344,0.11474,0.095305,0.008512,0.10521,0.087142,0.007488,251,251,250,227,221,213,178,176,173,222,220,218,159,164,169,215,220,224,0.5549,0.54574,0.54695
1,91060,1.3784,13.94,100,900.9,1.3162,13.762,94.441,838.79,0.14923,0.096029,0.010816,0.13463,0.089434,0.00928,0.12457,0.08572,0.008256,251,251,250,223,215,209,173,171,171,226,222,219,178,178,176,219,220,222,0.54081,0.5439,0.54604
1,91160,1.2883,13.94,100,900.9,1.2292,13.746,94.68,995.63,0.13499,0.12084,0.012992,0.12926,0.10777,0.011008,0.12525,0.094912,0.009472,248,249,249,195,202,206,162,165,168,224,224,222,199,193,187,222,221,219,0.56116,0.55164,0.54847
1,91260,1.1982,13.94,100,900.9,1.1273,13.769,94.981,822.79,0.14985,0.10422,0.01216,0.13469,0.096228,0.010176,0.12175,0.089515,0.008576,252,252,250,212,211,206,167,167,169,235,231,225,180,187,188,212,216,219,0.55565,0.5522,0.55142
1,91360,1.1081,13.94,100,900.9,1.0403,13.769,93.584,815.82,0.13995,0.099647,0.010944,0.12804,0.090982,0.009408,0.12129,0.085712,0.008256,253,252,251,222,213,206,167,167,169,240,233,227,203,191,183,218,221,222,0.5489,0.55505,0.5537
1,91460,1.018,13.94,100,900.9,0.94483,13.769,95.243,840.82,0.1478,0.10234,0.011776,0.136,0.09773,0.010368,0.12878,0.086557,0.008832,251,251,251,227,215,204,173,169,167,239,234,230,178,179,176,222,224,226,0.55252,0.55611,0.55189
1,91560,0.92793,13.94,100,900.9,0.85041,13.781,94.809,1043.8,0.18095,0.11609,0.015168,0.16074,0.10866,0.012544,0.14658,0.10334,0.010944,253,252,251,220,214,202,168,168,168,241,238,231,174,173,172,215,222,226,0.54615,0.55245,0.5512
1,91660,0.83784,13.94,100,900.9,0.76659,13.789,93.799,993.67,0.1033,0.083495,0.006848,0.095891,0.081389,0.006208,0.091598,0.076965,0.005632,252,254,253,212,206,198,175,169,166,244,236,229,159,168,170,216,220,225,0.54784,0.54847,0.54956
1,91760,0.74775,13.94,100,900.9,0.67853,13.784,95.196,894.37,0.13251,0.098057,0.01024,0.127,0.08766,0.008896,0.11953,0.0851,0.007936,255,253,252,207,201,194,165,165,166,226,225,223,186,178,172,216,222,226,0.54206,0.54771,0.54837
1,91860,0.65766,13.94,100,900.9,0.5894,13.79,94.223,1087.9,0.16439,0.086638,0.011136,0.15139,0.07883,0.009344,0.14061,0.072886,0.007936,247,249,250,200,196,193,157,160,165,225,225,221,172,176,177,221,224,226,0.5515,0.5507,0.55011
1,91960,0.56757,13.94,100,900.9,0.51195,13.769,94.104,1216.9,0.15355,0.10258,0.012032,0.13849,0.093665,0.010176,0.12985,0.087794,0.00896,251,250,249,195,201,202,160,163,166,235,230,223,178,177,170,212,217,223,0.54871,0.54914,0.54991
1,92060,0.47748,13.94,100,900.9,0.42601,13.772,93.773,796.38,0.17839,0.11362,0.01504,0.15636,0.10631,0.012544,0.15196,0.093714,0.01088,248,249,248,219,214,206,163,165,168,235,231,224,174,170,165,206,216,225,0.5476,0.55416,0.55393
1,92160,0.38739,13.94,100,900.9,0.33264,13.788,94.948,954.79,0.14567,0.10324,0.011712,0.13285,0.090929,0.009728,0.12856,0.089052,0.009088,244,244,246,243,231,218,170,170,169,237,231,225,147,150,154,231,228,227,0.53991,0.54732,0.55314
1,92260,0.2973,13.94,100,900.9,0.23821,13.796,93.448,929.9,0.13663,0.10221,0.011008,0.12806,0.095545,0.0096,0.1223,0.088759,0.008576,243,244,245,251,239,227,170,170,169,240,233,228,162,154,151,220,226,230,0.52338,0.54472,0.54745
1,92360,0.20721,13.94,100,900.9,0.15651,13.783,95.782,891.51,0.15892,0.088934,0.010688,0.14443,0.083392,0.009024,0.1339,0.076721,0.007744,248,247,247,234,233,227,166,167,168,242,237,230,181,174,159,232,235,236,0.54056,0.54069,0.53847
1,92460,0.11712,13.94,100,900.9,0.056782,13.783,94.633,913.21,0.13951,0.10019,0.010752,0.12577,0.092439,0.009216,0.12381,0.086495,0.008384,251,249,246,206,210,211,166,170,170,237,231,225,213,180,151,254,252,246,0.52638,0.52856,0.52917
1,92560,0.027027,13.94,100,900.9,-0.012183,13.769,94.425,836.54,0.13958,0.093664,0.010304,0.13138,0.085567,0.008832,0.12152,0.082493,0.007936,246,246,244,192,198,201,173,173,171,228,225,221,172,160,145,255,253,250,0.53949,0.52837,0.52453
1,97200,0,13.94,100,899.6,-0.039769,13.823,-0.50088,965.79,0,0,0,0,0,0,0,0,0,234,239,242,180,186,192,175,174,170,221,220,218,147,144,137,254,253,249,0.53766,0.5288,0.52568
1,97300,0,14.03,100,899.6,-0.051439,13.907,94.061,924.21,0.12546,0.10794,0.01056,0.11265,0.098113,0.00896,0.1093,0.092291,0.008,239,238,239,206,198,194,182,178,175,237,237,234,126,133,142,249,249,246,0.52386,0.52643,0.52567
1,97400,0,14.12,100,899.5,-0.04083,13.991,95.037,1022.9,0.15942,0.11372,0.014208,0.14884,0.10402,0.012032,0.14122,0.096239,0.010752,232,238,240,190,195,196,176,177,176,224,231,234,112,121,132,252,247,242,0.51614,0.52028,0.52057
1,97500,0,14.21,100,899.6,-0.044012,14.068,94.713,957.16,0.17305,0.11071,0.01472,0.1557,0.10706,0.012992,0.14516,0.09896,0.011072,244,242,240,184,190,196,176,175,173,224,223,223,109,112,118,237,242,243,0.51599,0.50191,0.49841
1,97600,0,14.3,100,899.6,-0.064171,14.171,94.643,957.91,0.17616,0.1035,0.01376,0.14348,0.10199,0.011328,0.12589,0.096795,0.0096,241,240,238,197,195,196,166,169,172,206,210,216,108,111,115,255,250,244,0.50923,0.4995,0.4906
1,97700,0,14.39,100,899.5,-0.034464,14.238,94.617,1070.3,0.17916,0.10334,0.014336,0.15555,0.097528,0.01184,0.14109,0.093784,0.010304,235,234,234,188,191,196,179,174,172,206,205,207,101,104,109,246,246,247,0.48437,0.48915,0.48861
1,97800,0,14.48,100,899.6,-0.031281,14.332,95.478,770.09,0.19294,0.10686,0.015232,0.16764,0.10197,0.0128,0.15382,0.092011,0.010752,236,235,234,197,197,197,171,173,174,195,198,202,95,95,97,246,247,247,0.48113,0.4907,0.48946
1,97900,0,14.57,100,899.6,-0.029159,14.411,95.362,817.65,0.15154,0.098681,0.01184,0.1401,0.09527,0.010368,0.13227,0.087071,0.009216,240,236,236,209,201,196,172,172,175,193,194,200,96,93,95,253,251,249,0.5077,0.49981,0.49224
1,98000,0,14.66,100,899.5,-0.053561,14.511,94.183,638.5,0.16718,0.11729,0.014848,0.15445,0.10977,0.012864,0.13834,0.10674,0.011328,246,244,242,197,196,196,188,181,181,192,194,202,88,94,101,255,255,253,0.50108,0.50119,0.49491
1,98100,0,14.75,100,899.6,-0.047195,14.611,94.71,890.88,0.12832,0.098705,0.010048,0.11623,0.093775,0.008576,0.11146,0.085636,0.00768,245,246,244,200,199,197,192,190,187,206,203,204,106,106,110,253,253,252,0.5284,0.51163,0.5
1,98200,0,14.84,100,899.6,-0.039769,14.676,95.435,732.04,0.15061,0.10629,0.01184,0.13356,0.095874,0.00992,0.1233,0.094078,0.009024,239,241,243,218,209,201,187,186,187,193,198,204,120,117,114,252,252,251,0.53409,0.51564,0.5024
1,98300,0,14.93,100,899.5,-0.047195,14.769,95.656,709.86,0.12833,0.11309,0.011456,0.11704,0.10351,0.009664,0.1147,0.098091,0.009088,250,247,245,210,206,202,175,180,182,195,196,199,103,104,105,253,252,250,0.52757,0.5135,0.50106
1,98400,0,15.019,100,899.6,-0.048256,14.877,95.663,919.52,0.15956,0.11145,0.013696,0.14827,0.10344,0.011904,0.14037,0.09919,0.010688,250,248,247,206,205,205,176,178,180,190,193,199,84,90,99,253,252,249,0.51414,0.50738,0.5001
1,98500,0,15.109,100,899.6,-0.023854,14.953,95.209,1221.7,0.13826,0.099169,0.010432,0.12413,0.092687,0.00896,0.11573,0.088512,0.007936,252,248,246,227,222,209,183,177,174,184,192,201,89,88,90,250,248,248,0.48895,0.49291,0.49019
1,98600,0,15.199,100,899.5,-0.014305,15.005,95.342,865.42,0.15799,0.10508,0.012608,0.14582,0.094827,0.010624,0.1317,0.091217,0.009408,242,244,244,204,204,198,171,173,172,202,207,211,91,95,98,255,250,247,0.48797,0.49005,0.48935
1,98700,0,15.289,100,899.6,-0.029159,15.126,94.435,862.04,0.1438,0.11259,0.012608,0.13144,0.10803,0.010944,0.12466,0.10053,0.009728,246,242,242,163,169,178,171,174,174,219,219,222,107,109,114,252,248,244,0.48989,0.49327,0.49129
1,98800,0,15.379,100,899.6,-0.034464,15.226,94.653,1194.5,0.16904,0.13941,0.015872,0.15587,0.12742,0.013312,0.13551,0.097056,0.01024,237,240,241,172,172,174,183,179,176,228,232,234,134,139,143,238,235,229,0.47989,0.48723,0.48845
1,98900,0,15.469,100,899.5,-0.042951,15.304,94.044,1019.5,0.15194,0.10723,0.012736,0.13919,0.099961,0.011072,0.12599,0.097936,0.009856,240,240,240,179,175,177,175,177,175,244,240,238,153,153,150,227,220,218,0.4971,0.48877,0.4884
1,99000,0,15.559,100,899.6,-0.028098,15.382,93.918,832.51,0.14419,0.09939,0.010944,0.12985,0.093538,0.009344,0.12518,0.083899,0.00832,240,240,241,172,181,187,167,168,170,245,245,246,133,141,150,189,196,201,0.48132,0.48772,0.49085
1,99100,0,15.649,100,899.6,-0.044012,15.475,92.919,794.11,0.14176,0.10806,0.011264,0.12367,0.09787,0.009472,0.1136,0.093644,0.008256,251,248,244,203,200,195,168,167,167,250,248,247,121,123,130,203,202,202,0.49939,0.50019,0.4984
1,99200,0,15.739,100,899.5,-0.045073,15.561,93.584,918.02,0.15964,0.10996,0.01344,0.15095,0.10017,0.011968,0.14466,0.09665,0.010752,250,249,248,204,197,192,176,174,170,240,243,244,110,114,121,221,220,214,0.51812,0.51168,0.50696
1,99300,0,15.829,100,899.6,-0.04083,15.67,93.087,1028.4,0.16513,0.10446,0.013632,0.14951,0.1015,0.011776,0.14345,0.090334,0.010304,250,250,249,185,184,183,176,176,175,236,237,237,109,111,115,209,216,216,0.48983,0.49873,0.503
1,99400,0,15.919,100,899.6,-0.012183,15.723,94.865,1187.2,0.17937,0.1044,0.014592,0.16142,0.10192,0.0128,0.14995,0.097433,0.01152,252,252,250,187,183,180,178,178,177,234,234,234,109,111,117,198,206,211,0.53466,0.51569,0.50886
1,1.041e+05,0,16,100,899.6,-0.083269,15.821,-0.001007,1075,0,0,0,0,0,0,0,0,0,255,253,251,174,179,179,179,182,180,224,227,229,121,120,122,196,200,201,0.44735,0.45149,0.45878
1,1.042e+05,-0.089955,16,100,899.6,-0.15436,15.807,94.653,834.09,0.12858,0.1027,0.010432,0.12462,0.091908,0.009152,0.11945,0.089717,0.00864,244,247,248,178,181,182,168,169,170,215,217,220,122,120,122,193,195,193,0.58698,0.56986,0.54498
1,1.043e+05,-0.17991,16,100,899.6,-0.24348,15.835,94.041,1048.4,0.18579,0.11018,0.016,0.17283,0.10618,0.0144,0.16703,0.098542,0.013056,247,245,245,179,183,186,160,162,166,227,222,222,136,134,139,213,194,182,0.60433,0.5934,0.57305
1,1.044e+05,-0.26987,16,100,899.6,-0.34215,15.814,94.872,724.44,0.2252,0.10328,0.017856,0.20201,0.095769,0.015232,0.18383,0.094275,0.01376,247,246,245,189,186,186,165,165,168,233,227,226,156,153,153,197,184,176,0.59174,0.58407,0.56457
1,1.045e+05,-0.35982,16,100,899.6,-0.41218,15.798,93.13,848.21,0.18863,0.10302,0.014976,0.16677,0.10013,0.012992,0.15588,0.092938,0.01152,244,243,241,186,183,184,180,179,179,239,233,231,212,195,183,173,170,172,0.57584,0.56448,0.54974
1,1.046e+05,-0.44977,16,100,899.6,-0.50661,15.823,94.392,968.34,0.19165,0.096611,0.013504,0.15773,0.09244,0.011008,0.13561,0.090666,0.0096,232,235,236,182,186,188,196,192,189,243,236,234,224,208,201,204,202,194,0.54178,0.54226,0.53824
1,1.047e+05,-0.53973,16,100,899.6,-0.58618,15.827,93.283,1012.8,0.17694,0.1073,0.014464,0.16206,0.095306,0.012032,0.15175,0.090658,0.010624,237,237,236,202,200,196,187,191,191,242,237,235,233,217,206,237,234,221,0.53146,0.53755,0.53581
1,1.048e+05,-0.62969,16,100,899.6,-0.66682,15.819,94.405,1080.2,0.17329,0.099262,0.01344,0.1591,0.097437,0.012352,0.15454,0.093976,0.011456,240,241,241,182,194,201,184,182,182,237,231,231,221,209,201,244,244,236,0.53056,0.53158,0.53305
1,1.049e+05,-0.71964,16,100,899.6,-0.75276,15.808,94.478,911.49,0.20008,0.10448,0.016192,0.18187,0.10109,0.014464,0.17041,0.095743,0.012864,243,243,244,185,197,203,174,176,179,227,226,229,203,199,195,249,246,239,0.53122,0.52992,0.5289
1,1.05e+05,-0.80959,16,100,899.6,-0.84931,15.821,93.829,780.75,0.21985,0.092916,0.015104,0.20679,0.088019,0.013184,0.18818,0.080035,0.011264,251,251,250,208,211,205,173,175,177,226,226,230,189,177,173,243,248,246,0.54162,0.53502,0.5313
1,1.051e+05,-0.89955,16,100,899.6,-0.94798,15.829,93.776,1121.6,0.15476,0.089037,0.010624,0.14299,0.082128,0.009216,0.12485,0.080774,0.008064,255,255,254,198,200,198,185,183,180,238,237,235,163,158,161,255,255,251,0.54088,0.54703,0.5417
1,1.052e+05,-0.9895,16,100,899.6,-1.0233,15.807,96.067,894.84,0.16174,0.099799,0.01248,0.14842,0.091822,0.010688,0.14105,0.087529,0.0096,255,254,252,184,183,184,188,185,183,231,233,233,170,158,153,255,255,252,0.53671,0.53494,0.53398
1,1.053e+05,-1.0795,16,100,899.6,-1.1262,15.816,94.511,904.41,0.15928,0.099214,0.012288,0.14598,0.091828,0.010688,0.14028,0.088822,0.009664,250,248,250,185,178,175,199,185,179,222,223,227,152,151,153,255,254,248,0.50834,0.52354,0.52869
1,1.054e+05,-1.1694,16,100,899.6,-1.2207,15.827,94.69,988.79,0.17276,0.09929,0.013248,0.15844,0.093862,0.011648,0.14539,0.089459,0.01024,247,248,249,176,173,172,181,179,177,224,224,225,154,153,154,255,253,245,0.53742,0.53391,0.53175
1,1.055e+05,-1.2594,16,100,899.6,-1.2769,15.813,96.093,1029.8,0.15948,0.10222,0.012672,0.14371,0.096927,0.0112,0.14069,0.094487,0.010496,249,249,249,163,170,176,170,168,167,237,232,230,171,169,163,255,251,237,0.52572,0.52479,0.52557
1,1.056e+05,-1.3493,16,100,899.6,-1.3681,15.802,96.103,837.51,0.18095,0.10812,0.014912,0.16426,0.10332,0.013184,0.15422,0.099761,0.01184,247,247,247,186,183,179,169,165,163,242,239,238,184,177,166,250,242,227,0.50318,0.52224,0.5268
1,1.057e+05,-1.4393,16,100,899.6,-1.4657,15.822,95.319,872.2,0.18645,0.08631,0.012288,0.16445,0.083118,0.010368,0.14931,0.077679,0.009088,238,242,244,164,174,175,169,167,167,240,244,246,180,166,159,230,228,221,0.53704,0.52402,0.52413
1,1.058e+05,-1.5292,16,100,899.6,-1.5708,15.826,94.58,1058.5,0.18426,0.096997,0.013824,0.16683,0.090766,0.012032,0.15901,0.086164,0.010496,247,244,243,164,170,173,176,175,175,250,249,249,153,150,146,242,239,227,0.53238,0.52924,0.52825
1,1.059e+05,-1.6192,16,100,899.6,-1.6323,15.795,94.809,988.58,0.16507,0.10037,0.01312,0.15558,0.094492,0.01152,0.14582,0.091865,0.010432,247,246,244,169,174,176,177,180,180,249,251,251,140,142,140,253,249,233,0.53217,0.53171,0.53054
1,1.06e+05,-1.7091,16,100,899.6,-1.7183,15.798,94.561,828.67,0.15659,0.10223,0.01248,0.14188,0.097917,0.011008,0.13228,0.096183,0.010176,245,246,247,185,180,183,181,186,185,255,254,253,132,129,130,255,252,237,0.54251,0.53871,0.53239
1,1.061e+05,-1.7991,16,100,899.6,-1.8148,15.79,94.372,1140.1,0.17074,0.10716,0.014272,0.15708,0.10011,0.01248,0.15375,0.095066,0.011456,254,251,251,165,177,185,177,181,180,254,255,254,128,124,127,255,246,234,0.5475,0.53589,0.53134
1,1.062e+05,-1.8891,16,100,899.6,-1.9167,15.805,94.18,1145.7,0.16284,0.10088,0.012928,0.15702,0.092797,0.011584,0.14696,0.088371,0.01024,255,255,254,168,179,185,163,167,169,253,253,253,122,127,132,255,249,236,0.53316,0.54083,0.53619
1,1.063e+05,-1.979,16,100,899.6,-1.9803,15.794,94.064,988.89,0.17982,0.10851,0.014976,0.16139,0.10104,0.012928,0.15978,0.091925,0.011712,255,255,255,186,186,186,166,161,160,249,249,249,138,141,141,255,253,238,0.51943,0.52643,0.5276
1,1.064e+05,-2.069,16,100,899.5,-2.1034,15.828,94.398,1118.3,0.15805,0.10043,0.012288,0.13834,0.095231,0.010624,0.13552,0.08997,0.009728,254,255,255,191,188,186,158,159,160,249,246,248,147,146,143,255,250,233,0.53275,0.53613,0.5311
1,1.065e+05,-2.1589,16,100,899.5,-2.1745,15.822,95.259,956.36,0.17253,0.1031,0.01376,0.15861,0.098875,0.012352,0.15395,0.090642,0.011072,254,254,254,183,186,187,164,165,164,244,247,249,148,143,142,236,222,209,0.52154,0.51488,0.51824
1,1.066e+05,-2.2489,16,100,899.5,-2.2636,15.81,95.001,1096.6,0.17058,0.095408,0.012288,0.15043,0.09019,0.010368,0.14099,0.084824,0.009152,254,255,255,186,193,195,178,173,169,255,254,253,144,137,141,195,187,187,0.54543,0.53609,0.52876
1,1.067e+05,-2.3388,16,100,899.5,-2.3464,15.821,94.941,728.93,0.16169,0.10277,0.013056,0.14201,0.097703,0.011136,0.13016,0.09308,0.009664,255,255,255,207,208,206,171,172,171,255,255,255,146,146,154,206,200,196,0.51493,0.52174,0.52366
1,1.068e+05,-2.4288,16,100,899.5,-2.4355,15.824,94.107,969.86,0.20279,0.10347,0.015936,0.18032,0.09489,0.01344,0.16928,0.090196,0.011648,254,255,254,205,208,208,177,175,172,255,255,255,176,176,174,253,240,220,0.52928,0.52762,0.52715
1,1.069e+05,-2.5187,16,100,899.5,-2.5342,15.805,95.845,1353.9,0.15271,0.095226,0.01152,0.14217,0.089816,0.010048,0.13673,0.082623,0.00896,254,254,254,193,204,210,180,177,175,255,255,254,191,187,180,255,246,227,0.56929,0.54245,0.53132
1,1.07e+05,-2.6087,16,100,899.5,-2.6084,15.804,95.977,767.67,0.16171,0.091041,0.011584,0.15118,0.087909,0.010496,0.14186,0.081787,0.009088,250,252,253,207,215,214,187,182,179,254,253,253,186,178,173,241,226,209,0.52478,0.53175,0.5303
1,1.071e+05,-2.6987,16,100,899.5,-2.6976,15.808,93.812,786.81,0.16701,0.10156,0.013184,0.15955,0.093858,0.011776,0.15044,0.091654,0.010752,251,251,251,206,211,211,184,180,178,253,252,252,158,155,156,180,177,180,0.52036,0.5154,0.51599
1,1.072e+05,-2.7886,16,100,899.5,-2.7909,15.819,95.216,994.69,0.19606,0.11205,0.017024,0.18201,0.10459,0.014912,0.16986,0.10009,0.01344,245,247,248,178,196,206,169,174,176,254,253,252,153,153,155,190,184,181,0.51248,0.51806,0.52241
1,1.073e+05,-2.8786,16,100,899.5,-2.8599,15.799,94.064,899.4,0.27328,0.092269,0.017472,0.24982,0.084534,0.014016,0.18636,0.081962,0.010816,243,244,244,208,211,208,174,176,175,255,255,254,190,183,175,229,214,193,0.50899,0.51327,0.52022
1,1.074e+05,-2.9685,16,100,899.5,-2.9554,15.814,94.908,1113.4,0.13699,0.092034,0.00992,0.12571,0.088438,0.008704,0.12189,0.0809,0.007872,242,241,241,216,213,210,177,175,176,255,255,254,209,197,182,214,205,193,0.4969,0.51008,0.51433
1,1.075e+05,-3.0585,16,100,899.5,-3.0604,15.817,93.385,787.15,0.18244,0.096913,0.01312,0.15901,0.090465,0.0112,0.14902,0.086762,0.010048,233,237,240,210,210,208,174,175,176,255,255,255,190,187,181,190,187,186,0.48071,0.49366,0.50315
1,1.076e+05,-3.1484,16,100,899.5,-3.14,15.832,94.554,782.33,0.15823,0.10036,0.012096,0.14692,0.09358,0.010624,0.13548,0.09156,0.0096,244,242,242,203,203,203,178,176,175,255,255,255,166,163,169,202,198,194,0.4985,0.51544,0.51667
1,1.077e+05,-3.2384,16,100,899.5,-3.2503,15.851,93.849,1176.8,0.15715,0.095956,0.011712,0.14293,0.092086,0.010368,0.13854,0.083296,0.00928,247,245,245,198,194,193,178,173,174,255,255,255,175,175,178,241,227,214,0.55595,0.53901,0.52326
1,1.078e+05,-3.3283,16,100,899.5,-3.3416,15.827,94.905,915.62,0.15657,0.093426,0.011264,0.14491,0.084766,0.009728,0.1347,0.078184,0.008256,246,244,241,172,177,181,171,172,174,255,255,255,192,200,194,250,237,219,0.54327,0.53552,0.52504
1,1.079e+05,-3.4183,16,100,899.5,-3.4254,15.822,92.71,770.26,0.18383,0.094779,0.013504,0.16234,0.090793,0.011648,0.15547,0.085667,0.010368,239,238,239,162,170,176,167,172,176,255,255,255,196,203,196,237,225,212,0.53539,0.53363,0.52776
1,1.08e+05,-3.5082,16,100,899.5,-3.5007,15.818,95.064,752.65,0.16093,0.099824,0.012672,0.14688,0.095416,0.011008,0.1417,0.089085,0.010112,234,235,239,182,174,175,182,180,179,254,252,252,177,186,181,207,193,189,0.53458,0.53092,0.52532
1,1.081e+05,-3.5982,16,100,899.5,-3.5941,15.826,94.723,939.54,0.16645,0.10903,0.014016,0.15334,0.10182,0.012288,0.14314,0.097479,0.01088,249,245,243,177,176,181,181,183,182,249,246,249,143,150,155,191,182,178,0.51584,0.52395,0.51969
1,1.082e+05,-3.6882,16,100,899.5,-3.6853,15.835,95.822,984.27,0.17801,0.10271,0.014144,0.16632,0.097501,0.012736,0.15518,0.093385,0.011392,248,245,246,190,185,188,183,181,180,253,249,250,147,140,141,201,181,172,0.51268,0.50853,0.50782
1,1.083e+05,-3.7781,16,100,899.5,-3.7554,15.826,94.673,699.01,0.18923,0.096022,0.014144,0.16752,0.093005,0.01216,0.15568,0.083847,0.01056,250,247,246,200,197,198,191,180,180,255,255,254,170,150,144,185,171,169,0.52927,0.52526,0.51801
1,1.084e+05,-3.8681,16,100,899.5,-3.8551,15.809,95.06,739.27,0.18639,0.096546,0.013952,0.16597,0.093836,0.01216,0.15876,0.090277,0.011008,244,247,247,193,201,202,187,183,182,255,255,255,165,151,146,178,174,174,0.50529,0.50565,0.50947
1,1.085e+05,-3.958,16,100,899.5,-3.9368,15.823,93.564,1052.3,0.17038,0.096525,0.0128,0.15544,0.0929,0.0112,0.14569,0.085636,0.009984,253,248,247,193,186,189,198,182,178,255,255,255,161,153,158,226,209,199,0.5104,0.51049,0.5096
1,1.086e+05,-4.048,16,100,899.6,-4.0259,15.827,94.59,763.62,0.18523,0.099913,0.014144,0.16707,0.093372,0.012096,0.15417,0.087563,0.01056,249,245,245,162,157,169,164,167,172,255,255,255,196,183,177,249,242,223,0.49154,0.4953,0.50159
1,1.087e+05,-4.1379,16,100,899.6,-4.1278,15.827,93.822,1011.8,0.16193,0.10346,0.013184,0.14955,0.096413,0.011456,0.13881,0.093425,0.010368,238,241,242,148,154,160,172,172,169,255,255,255,185,190,182,253,236,220,0.50615,0.51336,0.51018
1,1.088e+05,-4.2279,16,100,899.6,-4.2042,15.822,95.292,1279.7,0.18478,0.10266,0.014848,0.16551,0.099536,0.012864,0.15427,0.092071,0.011328,231,237,239,152,162,168,161,168,169,254,254,254,154,160,164,226,213,205,0.49486,0.50236,0.50446
1,1.089e+05,-4.3178,16,100,899.6,-4.288,15.813,95.517,934.26,0.17104,0.10382,0.013888,0.15725,0.098602,0.012352,0.15018,0.09638,0.011392,233,236,240,168,172,175,160,165,167,254,253,254,149,151,156,222,204,195,0.55427,0.52885,0.5106
1,1.09e+05,-4.4078,16,100,899.6,-4.3814,15.822,95.176,940.35,0.19212,0.10306,0.015424,0.18071,0.097455,0.013824,0.16875,0.093433,0.01248,241,244,244,186,188,183,159,161,162,255,254,254,159,155,154,193,183,178,0.48267,0.48565,0.49502
1,1.091e+05,-4.4978,16,100,899.6,-4.4503,15.799,96.312,794.62,0.19803,0.11051,0.017152,0.18096,0.10531,0.01504,0.1685,0.10144,0.01344,250,249,248,182,181,185,159,161,165,255,255,255,184,167,160,179,169,167,0.47858,0.48923,0.49783
1,1.092e+05,-4.5877,16,100,899.6,-4.5596,15.822,95.497,932.55,0.22975,0.095784,0.015872,0.18915,0.091005,0.01248,0.14281,0.090661,0.01024,246,244,244,198,192,192,180,176,171,255,255,255,171,167,168,182,178,178,0.47703,0.48754,0.49928
1,1.093e+05,-4.6777,16,100,899.6,-4.6604,15.818,95.689,1136.5,0.14803,0.11171,0.01312,0.1396,0.10505,0.011648,0.13239,0.098501,0.010112,232,237,241,205,203,201,167,170,173,255,255,255,176,174,171,225,212,200,0.48972,0.48583,0.49285
1,1.094e+05,-4.7676,16,100,899.6,-4.7315,15.823,95.709,676.49,0.16209,0.094286,0.011968,0.14449,0.083962,0.009664,0.13499,0.082909,0.00896,242,240,241,196,199,203,167,167,173,255,255,255,178,173,170,237,225,209,0.46892,0.47509,0.4854
1,1.095e+05,-4.8576,16,100,899.6,-4.827,15.824,94.991,792.68,0.17717,0.10654,0.014592,0.16483,0.099099,0.0128,0.15613,0.092603,0.011264,249,249,247,203,204,203,179,178,177,255,255,255,164,164,166,244,224,209,0.47523,0.47855,0.48566
1,1.096e+05,-4.9475,16,100,899.6,-4.9267,15.832,96.06,893.78,0.15984,0.10581,0.01344,0.14754,0.10165,0.011776,0.14136,0.093526,0.010624,248,248,248,214,206,199,178,181,179,255,255,255,168,162,160,205,199,194,0.46804,0.47082,0.48227
1,1.097e+05,-5.0375,16,100,899.6,-5.0116,15.817,94.653,1070.9,0.1835,0.10287,0.014592,0.1724,0.096549,0.012928,0.15888,0.094344,0.01184,252,250,249,199,195,193,172,169,172,255,255,255,170,166,165,199,185,179,0.47045,0.47924,0.48618
1,1.098e+05,-5.1274,16,100,899.6,-5.0816,15.812,95.683,1077.4,0.18512,0.1015,0.01408,0.16184,0.098652,0.012416,0.15086,0.094597,0.011328,255,253,251,216,199,191,164,167,172,255,255,255,201,183,173,184,177,177,0.46409,0.47107,0.47983
1,1.099e+05,-5.2174,16,100,899.6,-5.1739,15.81,95.113,832.45,0.18724,0.10952,0.016128,0.17391,0.10252,0.014016,0.16307,0.097727,0.01248,251,252,251,213,198,189,177,174,172,255,255,255,196,186,178,188,181,180,0.46344,0.4627,0.47009
1,1.1e+05,-5.3073,16,100,899.6,-5.2577,15.797,95.871,928.84,0.18284,0.10461,0.014656,0.16108,0.096389,0.012288,0.14784,0.095284,0.011072,252,249,248,191,184,184,171,172,173,255,255,255,191,185,178,208,200,196,0.47001,0.47166,0.47237
1,1.101e+05,-5.3973,16,100,899.6,-5.3585,15.829,94.365,1108.6,0.21078,0.10164,0.016128,0.18636,0.097789,0.013888,0.16907,0.092018,0.011968,244,244,245,189,179,177,165,169,175,255,255,255,180,173,169,234,224,213,0.45925,0.46061,0.46848
1,1.102e+05,-5.4873,16,100,899.6,-5.4742,15.835,96.295,1290.3,0.22154,0.10141,0.01632,0.20482,0.092508,0.013696,0.16585,0.089356,0.011712,243,242,243,176,176,175,189,192,191,255,255,255,160,156,156,234,223,214,0.45044,0.45297,0.45827
1,1.103e+05,-5.5772,16,100,899.6,-5.5272,15.807,95.335,1115.4,0.17681,0.098343,0.013696,0.16237,0.09411,0.01216,0.15396,0.08589,0.01056,246,245,244,186,180,174,221,208,195,255,255,255,145,145,147,218,214,214,0.45753,0.46215,0.46284
1,1.104e+05,-5.6672,16,100,899.6,-5.5941,15.795,94.729,889.34,0.17145,0.10107,0.013248,0.1557,0.094544,0.011648,0.14765,0.091324,0.01056,250,248,246,190,178,171,204,196,189,255,255,255,141,141,145,231,223,219,0.4521,0.45356,0.45952
1,1.105e+05,-5.7571,16,100,899.6,-5.7087,15.802,94.12,831.41,0.2049,0.09154,0.014528,0.18258,0.088549,0.012544,0.16752,0.084722,0.011008,252,248,246,155,159,162,165,168,172,255,255,255,146,148,156,254,248,238,0.45498,0.45472,0.46404
1,1.106e+05,-5.8471,16,100,899.6,-5.8084,15.822,94.686,981.73,0.16957,0.096423,0.012544,0.15269,0.093985,0.0112,0.14009,0.088343,0.009664,245,245,246,145,148,156,168,165,162,255,255,255,184,187,185,255,254,251,0.44364,0.44673,0.45769
1,1.107e+05,-5.937,16,100,899.6,-5.871,15.808,94.69,881.26,0.16068,0.10774,0.013184,0.14883,0.099443,0.011456,0.13745,0.096179,0.010304,251,248,248,163,168,170,163,164,163,255,255,255,231,224,213,255,255,255,0.4108,0.41225,0.41734
1,1.1537e+05,-6,16,100,901.1,-5.94,15.769,-0.14004,746.21,0,0,0,0,0,0,0,0,0,254,251,249,185,182,178,167,166,164,255,255,255,245,231,221,255,255,255,0.35319,0.36101,0.37399
1,1.1547e+05,-6,15.91,100,901.1,-5.9506,15.688,94.839,887.45,0.13008,0.12334,0.012544,0.12313,0.11387,0.011072,0.11989,0.10824,0.010368,249,247,247,189,192,189,163,161,160,255,255,255,176,194,203,255,253,249,0.49833,0.47791,0.46145
1,1.1557e+05,-6,15.82,100,901.1,-5.9559,15.612,94.299,1085.2,0.1834,0.11916,0.016832,0.1725,0.11103,0.014976,0.16407,0.1054,0.01344,250,249,248,204,203,199,160,158,159,255,255,255,191,192,193,233,240,243,0.44317,0.4536,0.46347
1,1.1567e+05,-6,15.73,100,901.2,-5.9315,15.507,93.703,750.49,0.23429,0.12132,0.021952,0.20747,0.11699,0.018816,0.18807,0.1116,0.016384,251,250,248,206,205,201,164,161,160,255,255,255,200,197,200,238,237,238,0.44999,0.46976,0.47006
1,1.1577e+05,-6,15.64,100,901.1,-5.9516,15.432,94.921,1093.7,0.22719,0.11618,0.019456,0.20349,0.10483,0.015936,0.1758,0.10303,0.014144,243,244,245,196,198,199,165,164,164,255,255,255,216,220,222,224,226,228,0.4324,0.44856,0.46232
1,1.1587e+05,-6,15.549,100,901.1,-5.9484,15.344,93.793,1318.7,0.225,0.10536,0.017152,0.19089,0.096654,0.013888,0.16434,0.096274,0.012288,241,242,244,201,194,191,161,162,164,255,255,255,250,242,235,216,217,220,0.4195,0.43257,0.44947
1,1.1597e+05,-6,15.459,100,901.1,-5.9612,15.282,93.134,770.67,0.16044,0.10197,0.012672,0.14656,0.094459,0.010816,0.13815,0.08863,0.009664,249,249,248,191,190,194,165,165,167,255,255,255,226,229,232,228,224,222,0.4048,0.42001,0.43718
1,1.2056e+05,-6,15.45,100,900.9,-5.9049,15.267,-0.13673,963.54,0,0,0,0,0,0,0,0,0,249,249,248,191,190,194,165,165,167,255,255,255,226,229,232,228,224,222,0.40393,0.42024,0.438
1,1.2066e+05,-5.9099,15.45,100,900.9,-5.8264,15.256,94.004,1140.9,0.1195,0.11086,0.010496,0.11361,0.10055,0.009088,0.10681,0.096451,0.008192,255,249,245,175,184,187,164,164,167,255,255,255,222,228,230,190,205,212,0.56009,0.56233,0.56018
1,1.2076e+05,-5.8198,15.45,100,900.9,-5.7416,15.291,94.239,1059.6,0.1965,0.10925,0.01664,0.18246,0.10307,0.014528,0.16978,0.095021,0.012672,233,237,239,182,179,177,164,167,170,255,255,255,225,222,222,186,196,208,0.5466,0.55029,0.55043
1,1.2086e+05,-5.7297,15.45,100,900.9,-5.679,15.279,93.087,828.14,0.15917,0.11037,0.013696,0.14601,0.10533,0.012032,0.13922,0.097597,0.010816,230,233,237,172,173,173,172,173,172,255,255,255,214,213,213,198,204,211,0.53298,0.53365,0.53535
1,1.2096e+05,-5.6396,15.45,100,900.9,-5.5729,15.278,93.925,657.36,0.19256,0.1107,0.01664,0.1723,0.10463,0.014272,0.16175,0.099103,0.012608,235,234,234,173,171,168,172,174,173,255,255,255,172,184,195,232,225,222,0.53955,0.53168,0.52852
1,1.2106e+05,-5.5495,15.45,100,900.9,-5.4922,15.265,94.107,899.32,0.26594,0.096981,0.019072,0.23507,0.090667,0.015808,0.19463,0.085522,0.012608,231,231,233,181,172,168,162,167,174,255,255,255,179,186,194,241,238,234,0.51829,0.52443,0.5244
1,1.2116e+05,-5.4595,15.45,100,900.9,-5.4105,15.275,94.057,1018.8,0.2282,0.10265,0.0176,0.19578,0.09475,0.014336,0.17931,0.091837,0.012864,233,236,237,179,174,170,174,178,179,255,255,255,223,216,208,253,248,242,0.52329,0.52651,0.52641
1,1.2126e+05,-5.3694,15.45,100,900.9,-5.3246,15.278,94.405,837.7,0.19014,0.1033,0.015424,0.17865,0.095539,0.013248,0.16692,0.092095,0.012032,245,243,240,174,179,178,180,185,184,255,255,255,236,232,223,253,249,246,0.53012,0.52479,0.52592
1,1.2136e+05,-5.2793,15.45,100,900.9,-5.2397,15.265,93.832,676.19,0.16443,0.10292,0.013376,0.1526,0.098686,0.011968,0.1417,0.091062,0.010304,242,242,241,194,186,182,184,186,187,255,255,255,246,236,226,250,248,246,0.53167,0.52997,0.53043
1,1.2146e+05,-5.1892,15.45,100,900.9,-5.1463,15.285,94.637,839.93,0.19719,0.099187,0.01472,0.17732,0.093989,0.01248,0.1601,0.090862,0.011072,239,240,240,194,194,190,199,199,192,255,255,255,245,238,226,244,243,241,0.52729,0.52824,0.52817
1,1.2156e+05,-5.0991,15.45,100,900.9,-5.0466,15.265,94.683,1001.4,0.16113,0.09637,0.01216,0.14726,0.089929,0.01056,0.13582,0.083015,0.009088,234,237,239,202,202,196,182,192,191,255,255,255,230,220,210,217,225,230,0.52727,0.5313,0.53038
1,1.2166e+05,-5.009,15.45,100,900.9,-4.9734,15.277,93.799,1015.6,0.15892,0.097149,0.012032,0.14834,0.092625,0.010752,0.13883,0.086002,0.009472,232,233,236,206,198,193,186,183,185,255,255,255,179,184,188,207,213,220,0.52474,0.52694,0.52965
1,1.2176e+05,-4.9189,15.45,100,900.9,-4.8662,15.279,94.375,947.42,0.15069,0.10484,0.01248,0.13877,0.096555,0.010624,0.13717,0.090921,0.009792,228,228,232,182,180,187,184,186,190,255,254,253,164,168,172,201,205,213,0.52504,0.52529,0.52667
1,1.2186e+05,-4.8288,15.45,100,900.9,-4.775,15.275,94.974,850.86,0.18835,0.097786,0.013504,0.16847,0.092879,0.011456,0.14967,0.090708,0.010048,219,225,231,171,178,183,187,190,190,254,253,251,164,167,169,188,198,208,0.5313,0.52602,0.52455
1,1.2196e+05,-4.7387,15.45,100,900.9,-4.6848,15.279,94.527,1157.1,0.15933,0.10234,0.012992,0.14915,0.096905,0.011328,0.14231,0.089404,0.010112,225,227,231,166,174,180,179,185,187,253,249,246,163,171,172,176,190,201,0.52035,0.52263,0.52303
1,1.2206e+05,-4.6486,15.45,100,900.9,-4.6201,15.302,95.057,1044.1,0.18391,0.10285,0.014848,0.16753,0.097302,0.012992,0.16261,0.093508,0.011712,235,233,233,171,173,178,181,178,179,252,247,245,193,189,180,197,202,205,0.52875,0.52915,0.5273
1,1.2216e+05,-4.5586,15.45,100,900.9,-4.5119,15.277,95.547,866.49,0.19661,0.10879,0.016512,0.18223,0.1016,0.0144,0.16663,0.098196,0.012928,230,230,233,196,184,178,169,168,172,253,250,246,195,193,186,214,213,212,0.52835,0.5264,0.52717
1,1.2226e+05,-4.4685,15.45,100,900.9,-4.4079,15.26,95.031,984.98,0.21536,0.096568,0.016064,0.19878,0.08956,0.013824,0.18222,0.086834,0.012352,232,232,233,185,184,179,155,163,170,253,249,246,204,201,194,198,210,218,0.52403,0.527,0.52901
1,1.2236e+05,-4.3784,15.45,100,900.9,-4.3357,15.261,95.885,1222.9,0.15521,0.096959,0.011776,0.13817,0.096395,0.010496,0.132,0.091491,0.009472,236,234,233,184,182,180,170,168,170,253,249,247,236,214,201,202,210,218,0.53391,0.53106,0.53015
1,1.2246e+05,-4.2883,15.45,100,900.9,-4.2731,15.291,95.147,917.96,0.17013,0.10283,0.01344,0.15809,0.096513,0.01152,0.14353,0.087833,0.00992,227,231,234,205,190,184,174,173,174,255,254,251,251,232,217,196,206,214,0.52176,0.52539,0.52665
1,1.2256e+05,-4.1982,15.45,100,900.9,-4.1554,15.277,94.418,978.95,0.16323,0.098643,0.012352,0.15464,0.087805,0.010432,0.13857,0.085276,0.009344,231,237,238,191,195,186,176,172,173,255,255,254,254,245,232,189,198,207,0.50423,0.51838,0.52377
1,1.2266e+05,-4.1081,15.45,100,900.9,-4.0843,15.288,94.676,968.13,0.17225,0.096648,0.013056,0.16121,0.088779,0.01088,0.1457,0.083543,0.009664,240,240,239,179,185,183,165,169,173,255,255,255,255,254,241,199,198,201,0.5188,0.52497,0.52608
1,1.2276e+05,-4.018,15.45,100,900.9,-3.9845,15.277,96.838,963.52,0.18103,0.1046,0.014592,0.15948,0.10271,0.012736,0.14989,0.095765,0.011392,227,234,237,170,174,173,173,175,178,255,255,255,255,254,240,205,196,202,0.52127,0.52452,0.5244
1,1.2286e+05,-3.9279,15.45,100,900.9,-3.8975,15.278,95.14,785.77,0.20997,0.10405,0.01696,0.19424,0.093942,0.014336,0.18302,0.091473,0.013056,233,236,237,163,167,168,181,181,180,255,255,255,255,250,233,196,196,205,0.52254,0.52466,0.5224
1,1.2296e+05,-3.8378,15.45,100,900.9,-3.7861,15.261,93.806,903.05,0.20269,0.10674,0.016768,0.18503,0.09697,0.014144,0.17851,0.094839,0.01312,243,240,237,172,167,162,181,182,181,255,255,255,237,224,214,199,204,212,0.5274,0.5263,0.52355
1,1.2306e+05,-3.7477,15.45,100,900.9,-3.7023,15.264,96.057,1508.1,0.19471,0.097633,0.01472,0.17196,0.09501,0.0128,0.16249,0.087765,0.011264,229,232,233,166,163,162,166,172,179,255,254,253,185,192,193,202,209,215,0.52524,0.5237,0.52227
1,1.2316e+05,-3.6577,15.45,100,900.9,-3.6249,15.27,93.716,921.88,0.21126,0.098239,0.015616,0.19012,0.090792,0.013312,0.18183,0.086567,0.012096,218,223,227,157,165,166,177,178,180,255,253,251,178,185,184,198,208,216,0.52721,0.52392,0.52233
1,1.2326e+05,-3.5676,15.45,100,900.9,-3.5421,15.274,94.786,1005.7,0.17133,0.10522,0.013952,0.15955,0.10036,0.012416,0.15174,0.093188,0.011072,217,223,228,158,166,169,178,180,179,251,250,247,195,194,186,200,212,219,0.53289,0.52491,0.52175
1,1.2336e+05,-3.4775,15.45,100,900.9,-3.4625,15.283,95.054,845.25,0.19157,0.10375,0.015424,0.17662,0.094691,0.012992,0.16267,0.089081,0.011136,224,229,230,159,166,172,172,175,176,249,248,246,207,199,188,204,214,220,0.52467,0.52463,0.52037
1,1.2346e+05,-3.3874,15.45,100,900.9,-3.3639,15.284,95.037,1504.8,0.17722,0.10787,0.015232,0.168,0.10182,0.013312,0.16351,0.091265,0.011904,242,240,236,182,186,184,162,165,169,250,247,243,212,208,196,198,212,222,0.52722,0.52548,0.52174
1,1.2356e+05,-3.2973,15.45,100,900.9,-3.2981,15.284,94.769,893.12,0.19748,0.088877,0.013568,0.17793,0.084931,0.01152,0.16472,0.078294,0.00992,244,241,238,206,208,200,167,170,171,253,249,244,235,219,199,203,216,227,0.52029,0.5184,0.5161
1,1.2366e+05,-3.2072,15.45,100,900.9,-3.2015,15.293,94.845,1022.8,0.17195,0.098204,0.013184,0.15516,0.095374,0.011584,0.1439,0.091786,0.010368,238,236,236,220,214,205,194,183,175,255,251,246,217,211,197,229,236,240,0.5142,0.52348,0.52037
1,1.2376e+05,-3.1171,15.45,100,900.9,-3.1029,15.261,94.878,1055.2,0.18195,0.095952,0.01344,0.17139,0.084853,0.011264,0.15935,0.08277,0.010112,232,232,234,214,207,201,182,181,178,255,252,249,221,205,189,252,252,251,0.52044,0.52336,0.52038
1,1.2386e+05,-3.027,15.45,100,900.9,-3.019,15.265,95.054,1257.3,0.16636,0.10331,0.013312,0.15474,0.099471,0.011648,0.14049,0.089663,0.01024,233,233,234,206,202,200,189,183,178,255,254,250,219,200,183,255,254,254,0.52387,0.52425,0.51825
1,1.2847e+05,-3,15.45,100,900.8,-3.0084,15.234,0.287,1032.7,0,0,0,0,0,0,0,0,0,231,233,235,202,202,200,192,184,177,255,254,252,199,187,172,255,255,255,0.51822,0.51798,0.5174
1,1.2857e+05,-3,15.36,100,900.8,-2.9957,15.14,94.551,1275.1,0.15032,0.10529,0.012288,0.13738,0.10108,0.011008,0.13276,0.097166,0.009984,236,238,238,175,186,194,170,174,176,255,255,255,195,193,189,255,255,255,0.4465,0.47021,0.48213
1,1.2867e+05,-3,15.27,100,900.9,-3.0042,15.074,94.322,846.93,0.16012,0.11515,0.0144,0.1502,0.10425,0.012288,0.14035,0.10132,0.011136,241,243,242,179,185,192,183,179,175,255,255,255,186,195,196,255,255,255,0.44523,0.45194,0.45989
1,1.2877e+05,-3,15.18,100,900.9,-3.0052,14.982,94.759,686.31,0.17563,0.11953,0.015872,0.16014,0.10965,0.013312,0.14871,0.10248,0.01184,247,247,245,191,195,199,181,180,176,255,255,255,208,207,200,255,255,255,0.42803,0.43878,0.44917
1,1.2887e+05,-3,15.09,100,900.8,-2.9925,14.886,96.448,621.5,0.15599,0.10728,0.012672,0.14026,0.10158,0.011136,0.13323,0.094158,0.009984,245,247,246,234,222,211,171,174,174,255,255,255,202,205,202,252,253,254,0.42154,0.42654,0.44685
1,1.2897e+05,-3,15,100,900.8,-3.001,14.81,95.968,844.78,0.20719,0.10615,0.016,0.18666,0.096686,0.01344,0.16019,0.094116,0.011392,238,242,245,202,208,205,162,167,171,255,255,255,184,186,191,252,253,254,0.43087,0.44052,0.45378
1,1.2907e+05,-3,14.91,100,900.8,-2.9851,14.702,94.849,1244.9,0.1685,0.10966,0.013888,0.15239,0.10219,0.012032,0.1417,0.098871,0.010816,243,243,244,183,187,194,165,167,170,255,255,255,197,193,189,252,254,252,0.44422,0.45929,0.46839
1,1.2917e+05,-3,14.82,100,900.8,-2.9946,14.634,96.044,1223.9,0.16797,0.107,0.013888,0.151,0.1001,0.012032,0.14274,0.09489,0.010624,240,244,245,203,204,201,162,169,172,255,255,255,198,193,185,251,248,246,0.43745,0.4528,0.46418
1,1.2927e+05,-3,14.73,100,900.8,-2.9946,14.538,94.991,790.49,0.15301,0.10764,0.012736,0.14174,0.10102,0.011392,0.13052,0.095607,0.009728,243,245,245,217,214,206,171,172,172,255,255,255,176,181,182,241,241,243,0.4256,0.44123,0.4564
1,1.2937e+05,-3,14.64,100,900.9,-2.9872,14.454,94.991,1123.4,0.16604,0.10909,0.013952,0.15565,0.10161,0.01248,0.14786,0.091196,0.010752,244,247,247,212,212,212,177,175,173,255,255,255,168,174,178,235,239,243,0.42893,0.44532,0.45859
1,1.2947e+05,-3,14.549,100,900.9,-2.9946,14.352,94.845,1012.2,0.15579,0.11534,0.013952,0.14527,0.10727,0.012224,0.13688,0.10433,0.011264,248,246,245,210,207,204,168,171,171,255,255,255,177,181,184,254,252,250,0.49351,0.48007,0.47193
1,1.2957e+05,-3,14.459,100,900.8,-2.9989,14.277,94.1,932.8,0.22202,0.10095,0.015552,0.19965,0.096691,0.01312,0.17156,0.088039,0.010688,238,240,242,194,197,201,163,166,168,255,255,255,191,198,201,255,255,254,0.44674,0.44804,0.45872
1,1.2967e+05,-3,14.369,100,900.8,-2.9925,14.191,95.133,1080.7,0.18293,0.10716,0.01504,0.16458,0.1039,0.013056,0.15025,0.095363,0.011264,234,236,238,202,199,197,162,165,168,255,255,255,240,234,227,255,255,254,0.4377,0.4491,0.45865
1,1.2977e+05,-3,14.279,100,900.8,-2.9925,14.093,95.828,865.78,0.18173,0.11528,0.016128,0.17147,0.10933,0.014272,0.16278,0.10037,0.012416,233,236,239,195,195,197,166,168,169,255,255,255,251,246,238,255,254,253,0.44372,0.457,0.46682
1,1.2987e+05,-3,14.189,100,900.8,-3.0021,14.006,96.295,987.6,0.20593,0.11389,0.017408,0.18626,0.10585,0.014976,0.17062,0.10046,0.013184,244,243,242,182,192,200,173,173,172,255,255,255,246,247,244,251,250,250,0.43838,0.45123,0.46204
1,1.2997e+05,-3,14.099,100,900.8,-2.9925,13.914,95.815,1461.4,0.15456,0.10476,0.012288,0.14177,0.094846,0.01056,0.13457,0.091152,0.009536,249,248,247,219,212,206,177,174,174,255,255,255,233,229,226,248,248,249,0.44174,0.45255,0.45907
1,1.3007e+05,-3,14.009,100,900.9,-3.0042,13.842,94.6,885.52,0.15755,0.1112,0.013248,0.14016,0.10702,0.01152,0.12918,0.098703,0.010176,249,247,246,204,205,205,179,180,180,255,255,255,197,204,211,253,252,250,0.44243,0.44374,0.45411
1,1.3017e+05,-3,13.919,100,900.9,-2.9745,13.738,95.766,587.53,0.16441,0.095831,0.012288,0.15311,0.088986,0.010816,0.14587,0.082529,0.009344,243,243,245,187,192,200,192,188,183,255,255,255,213,209,209,255,253,252,0.44081,0.44576,0.45383
1,1.3027e+05,-3,13.829,100,900.8,-2.9872,13.652,93.654,926.74,0.1778,0.10968,0.014272,0.15416,0.10446,0.012288,0.14466,0.095001,0.010816,242,243,245,192,197,202,185,185,184,255,255,255,211,214,215,254,254,252,0.43149,0.43705,0.45276
1,1.3037e+05,-3,13.739,100,900.8,-3.0021,13.579,95.974,1157.4,0.1589,0.10578,0.013056,0.14719,0.098024,0.011072,0.13905,0.091588,0.009984,251,247,244,234,220,208,185,183,182,255,255,255,238,227,220,255,254,253,0.44792,0.45159,0.45902
1,1.3047e+05,-3,13.649,100,900.8,-2.9915,13.484,93.372,742.4,0.15407,0.10157,0.01184,0.14092,0.095183,0.010368,0.13498,0.089953,0.009536,238,239,240,207,209,210,182,180,179,255,255,255,214,218,219,255,253,252,0.47432,0.4731,0.47216
1,1.3057e+05,-3,13.559,100,900.8,-2.9925,13.374,94.435,911.8,0.17759,0.10261,0.013952,0.16069,0.097409,0.012032,0.15413,0.088941,0.010496,231,232,234,206,201,199,178,177,177,255,255,255,213,212,210,243,247,249,0.43026,0.45289,0.46549
1,1.3067e+05,-3,13.468,100,900.8,-2.9787,13.277,95.54,1173.2,0.16078,0.11056,0.01376,0.14771,0.10523,0.01216,0.1384,0.097617,0.010688,231,231,234,187,191,195,175,177,176,255,255,255,205,202,200,246,246,248,0.45042,0.45684,0.46465
1,1.3077e+05,-3,13.378,100,900.9,-2.9999,13.211,94.309,798.04,0.14675,0.11513,0.012864,0.13613,0.10609,0.01088,0.12802,0.09766,0.009536,233,232,233,192,189,191,174,175,176,255,255,255,192,193,193,245,248,249,0.46825,0.45188,0.45817
1,1.3087e+05,-3,13.288,100,900.9,-2.9946,13.129,93.64,715.45,0.16862,0.10688,0.013888,0.15254,0.096879,0.011712,0.14488,0.093742,0.010688,230,229,232,186,191,198,174,172,171,255,255,255,176,178,179,255,253,252,0.44332,0.45405,0.45997
1,1.3097e+05,-3,13.198,100,900.8,-3.0063,13.04,94.945,1084.6,0.15803,0.10678,0.012864,0.14441,0.098422,0.0112,0.13474,0.090695,0.009664,231,231,234,219,218,212,164,165,166,255,255,255,154,161,172,255,254,252,0.44026,0.45275,0.46161
1,1.3107e+05,-3,13.108,100,900.8,-2.9904,12.927,94.147,782.42,0.14804,0.10207,0.011776,0.14109,0.093306,0.010304,0.12987,0.089493,0.00928,248,245,243,229,218,211,161,160,163,255,255,255,174,174,179,244,240,240,0.44386,0.45218,0.46393
1,1.3117e+05,-3,13.018,100,900.8,-2.9989,12.859,94.59,799.04,0.21751,0.1228,0.015744,0.15874,0.094382,0.011648,0.14453,0.090414,0.01024,250,250,248,181,190,197,160,164,166,255,255,255,212,205,198,213,222,229,0.45582,0.46642,0.47057
1,1.3127e+05,-3,12.928,100,900.8,-2.9957,12.763,94.859,952.89,0.16337,0.107,0.013696,0.15339,0.09711,0.011712,0.14224,0.089446,0.010048,248,247,248,191,189,192,168,168,167,255,255,255,229,213,204,226,222,223,0.45402,0.46224,0.46737
1,1.3137e+05,-3,12.838,100,900.8,-3.001,12.667,95.07,981.23,0.15848,0.10594,0.012672,0.14139,0.096297,0.010624,0.13423,0.088507,0.00928,244,244,245,199,198,195,172,168,167,255,255,255,205,211,212,213,221,227,0.43659,0.45536,0.46605
1,1.3147e+05,-3,12.748,100,900.9,-3.0021,12.592,93.932,941.27,0.15919,0.096824,0.012096,0.13969,0.092579,0.00992,0.13556,0.085739,0.009024,243,244,244,199,197,196,172,169,168,255,255,255,211,210,209,239,236,235,0.43505,0.44921,0.46147
1,1.3157e+05,-3,12.658,100,900.9,-3.001,12.492,94.2,987.26,0.16958,0.095258,0.012352,0.15331,0.089623,0.010432,0.14055,0.081532,0.008896,245,243,241,187,191,195,166,170,171,255,255,255,218,209,202,249,250,247,0.45173,0.45512,0.46491
1,1.3167e+05,-3,12.568,100,900.8,-2.9819,12.404,94.746,650,0.16885,0.1091,0.014272,0.15871,0.10048,0.012608,0.14825,0.095446,0.011072,237,238,241,194,199,201,167,166,167,255,255,255,195,197,193,251,248,247,0.4443,0.46226,0.47044
1,1.3177e+05,-3,12.478,100,900.8,-3.0031,12.311,94.918,993.71,0.17412,0.1115,0.015168,0.15537,0.10351,0.012864,0.14895,0.097259,0.011328,239,240,241,210,208,205,161,161,165,255,255,255,184,188,191,239,242,246,0.4796,0.4788,0.47821
1,1.3187e+05,-3,12.387,100,900.8,-2.9978,12.228,95.051,1200.1,0.17234,0.10601,0.014464,0.15952,0.10438,0.013056,0.15234,0.09393,0.011328,242,242,243,212,208,203,159,160,162,255,255,255,194,193,192,242,245,248,0.44291,0.45939,0.47055
1,1.3197e+05,-3,12.297,100,900.8,-2.9946,12.139,95.153,1011.2,0.16671,0.1124,0.014464,0.15587,0.10512,0.012736,0.14015,0.1024,0.011328,245,243,246,188,193,198,156,160,162,255,255,255,216,202,193,255,255,253,0.45481,0.45786,0.47024
1,1.3207e+05,-3,12.207,100,900.8,-2.9968,12.056,95.636,846.57,0.20184,0.099655,0.014592,0.17495,0.09605,0.01216,0.15418,0.090938,0.01056,247,249,249,212,208,207,163,163,162,255,255,255,177,189,195,255,255,255,0.44889,0.46549,0.47381
1,1.3217e+05,-3,12.117,100,900.9,-2.9968,11.966,93.769,941.56,0.15088,0.099403,0.011584,0.14152,0.094242,0.009984,0.13216,0.085872,0.00896,253,252,252,239,231,222,175,170,165,255,255,255,202,201,201,255,255,255,0.44549,0.4526,0.46743
1,1.3227e+05,-3,12.027,100,900.9,-2.9957,11.898,94.918,1015.6,0.16526,0.099354,0.0128,0.15462,0.091542,0.010816,0.1435,0.087471,0.009792,255,254,253,245,236,224,170,168,163,255,255,255,210,210,211,255,255,255,0.43848,0.44627,0.46026
1,1.3237e+05,-3,11.937,100,900.9,-2.9915,11.776,95.1,966.77,0.15381,0.10287,0.01216,0.13749,0.095663,0.01024,0.1331,0.090334,0.009536,254,254,253,223,218,212,148,151,154,255,255,255,233,230,228,255,255,255,0.50067,0.47491,0.47222
1,1.3247e+05,-3,11.847,100,900.8,-2.9989,11.698,94.845,726.53,0.15753,0.10239,0.012544,0.14043,0.0972,0.010816,0.13097,0.094883,0.009728,252,254,253,181,183,185,138,142,149,255,255,255,242,242,233,255,255,255,0.45077,0.46203,0.46857
1,1.3257e+05,-3,11.757,100,900.8,-2.9808,11.602,95.577,1027.6,0.16295,0.10267,0.01248,0.13968,0.095245,0.010432,0.12973,0.091255,0.009408,255,253,252,162,168,178,155,159,161,255,255,255,221,218,221,255,255,255,0.43014,0.44719,0.46009
1,1.3267e+05,-3,11.667,100,900.8,-3.0137,11.542,94.422,719.1,0.17279,0.098219,0.012416,0.14674,0.093719,0.010624,0.12929,0.089768,0.009216,249,251,252,198,196,195,180,177,171,255,255,255,192,204,213,255,253,250,0.44196,0.45057,0.45941
1,1.3277e+05,-3,11.577,100,900.8,-3.0042,11.433,93.783,1227.7,0.19219,0.10779,0.015488,0.17225,0.10122,0.013056,0.16659,0.096942,0.011968,252,252,253,209,207,199,174,172,170,255,255,255,215,212,210,250,247,243,0.51669,0.50864,0.50316
1,1.374e+05,-3,11.55,100,900.9,-3.0403,11.419,-0.19632,930.62,0,0,0,0,0,0,0,0,0,255,254,253,209,204,195,164,165,167,255,255,255,212,211,207,237,237,239,0.514,0.51662,0.5163
1,1.375e+05,-3.0901,11.55,100,900.9,-3.1124,11.405,95.021,885.1,0.14149,0.097359,0.010816,0.12755,0.091669,0.009152,0.12429,0.086857,0.008576,255,254,252,200,194,186,163,164,166,255,255,255,199,198,199,236,234,235,0.52208,0.52523,0.52134
1,1.376e+05,-3.1802,11.55,100,900.9,-3.1952,11.412,95.441,820.82,0.14875,0.10024,0.011648,0.13037,0.095918,0.010048,0.12168,0.093129,0.008896,250,250,249,180,185,182,158,163,168,255,255,255,185,191,195,205,213,223,0.51543,0.51784,0.51186
1,1.377e+05,-3.2703,11.55,100,900.9,-3.2832,11.404,94.845,964.38,0.1874,0.11165,0.01536,0.17456,0.10427,0.013376,0.16171,0.096651,0.011648,246,247,248,180,183,181,166,168,169,255,255,255,177,183,192,192,204,218,0.52427,0.51931,0.51194
1,1.378e+05,-3.3604,11.55,100,900.9,-3.367,11.408,95.395,1135.5,0.16882,0.10552,0.01344,0.14978,0.097796,0.011264,0.13759,0.090778,0.009664,251,249,248,199,186,179,171,171,171,255,255,254,164,174,184,202,204,209,0.52098,0.5173,0.51213
1,1.379e+05,-3.4505,11.55,100,900.9,-3.4487,11.399,95.491,1098.4,0.20466,0.095853,0.014464,0.18346,0.089896,0.012096,0.16032,0.083447,0.010112,249,249,249,193,193,189,169,169,170,255,255,254,167,173,180,201,202,203,0.51842,0.52315,0.5183
1,1.38e+05,-3.5405,11.55,100,900.9,-3.541,11.408,95.219,670.41,0.16031,0.11901,0.015168,0.15306,0.11027,0.01344,0.14517,0.10675,0.012288,249,249,250,218,210,198,167,171,173,255,255,255,155,165,176,197,195,194,0.52961,0.53188,0.52892
1,1.381e+05,-3.6306,11.55,100,900.9,-3.6312,11.408,94.319,1132,0.15068,0.10555,0.012544,0.13954,0.096493,0.01088,0.13267,0.094209,0.009984,250,251,250,214,205,199,182,180,179,255,255,255,161,168,177,180,184,186,0.53175,0.52877,0.52483
1,1.382e+05,-3.7207,11.55,100,900.9,-3.7204,11.411,94.488,1212.4,0.20984,0.097296,0.01568,0.18832,0.092832,0.013632,0.17049,0.086167,0.0112,251,251,249,200,203,199,188,185,182,255,255,255,170,175,183,181,181,183,0.52472,0.52098,0.51819
1,1.383e+05,-3.8108,11.55,100,900.9,-3.8021,11.39,93.948,1237.8,0.15969,0.10449,0.013184,0.14816,0.0962,0.011328,0.1359,0.092946,0.010112,249,249,249,224,208,194,184,186,185,255,255,255,192,198,199,179,179,178,0.52364,0.5234,0.51808
1,1.384e+05,-3.9009,11.55,100,900.9,-3.9028,11.416,93.164,957.83,0.17272,0.095463,0.012928,0.16107,0.087702,0.011136,0.14972,0.083116,0.00992,251,251,249,189,189,186,180,182,183,255,255,255,235,219,204,177,177,178,0.53136,0.52452,0.5218
1,1.385e+05,-3.991,11.55,100,900.9,-3.9952,11.403,93.716,1110.8,0.17628,0.099498,0.013632,0.16251,0.090604,0.011776,0.1533,0.086783,0.010496,248,249,249,182,180,181,172,177,179,255,255,255,200,201,196,189,180,174,0.51603,0.52459,0.52564
1,1.386e+05,-4.0811,11.55,100,900.9,-4.0715,11.413,94.213,848.73,0.19107,0.10482,0.015424,0.17475,0.098041,0.013632,0.16853,0.094137,0.01248,247,248,249,208,199,193,169,173,174,255,255,254,178,183,188,163,164,166,0.51789,0.52167,0.52377
1,1.387e+05,-4.1712,11.55,100,900.9,-4.1596,11.397,94.193,720.96,0.17519,0.1101,0.014912,0.16596,0.10257,0.013312,0.15423,0.097006,0.01184,247,248,249,219,209,197,169,170,173,255,255,254,178,186,192,153,157,162,0.51696,0.52193,0.52402
1,1.388e+05,-4.2613,11.55,100,900.9,-4.2604,11.414,94.696,1236.3,0.17737,0.097603,0.013312,0.15796,0.09462,0.011648,0.14502,0.086703,0.010112,251,250,251,201,203,201,163,170,175,255,254,251,217,214,206,148,155,165,0.5301,0.52712,0.52849
1,1.389e+05,-4.3514,11.55,100,900.9,-4.3474,11.411,95.507,867.29,0.15697,0.10059,0.012288,0.14362,0.094752,0.010624,0.13401,0.087238,0.009344,250,250,250,190,191,190,183,181,180,255,253,248,234,224,211,179,180,182,0.52589,0.52802,0.52831
1,1.39e+05,-4.4414,11.55,100,900.9,-4.4238,11.39,94.458,866.65,0.15755,0.10505,0.013248,0.15097,0.097505,0.01152,0.14377,0.090922,0.010496,250,250,250,180,183,189,182,182,181,252,249,244,199,201,199,198,197,193,0.5235,0.52702,0.52817
1,1.391e+05,-4.5315,11.55,100,900.9,-4.5119,11.404,96.265,936.6,0.17419,0.10697,0.014272,0.16584,0.099404,0.012608,0.15241,0.096664,0.011264,252,251,250,210,206,200,172,174,175,249,247,243,184,185,184,176,180,184,0.52901,0.52872,0.52706
1,1.392e+05,-4.6216,11.55,100,900.9,-4.5914,11.389,94.143,1265.1,0.17269,0.10439,0.0144,0.16383,0.098874,0.012672,0.15492,0.093489,0.01152,254,251,250,228,215,204,169,171,173,253,249,245,182,182,180,160,167,175,0.52608,0.52467,0.52357
1,1.393e+05,-4.7117,11.55,100,900.9,-4.6806,11.388,95.954,854.55,0.20093,0.10527,0.016256,0.18919,0.097213,0.014144,0.17358,0.093421,0.01248,250,250,249,212,208,201,172,173,173,254,252,247,197,190,180,145,152,162,0.51559,0.52117,0.52227
1,1.394e+05,-4.8018,11.55,100,900.9,-4.7962,11.416,94.193,891.24,0.16458,0.12497,0.015168,0.1582,0.1089,0.012864,0.15155,0.095638,0.011264,247,247,247,189,190,192,180,178,175,251,251,248,187,188,179,148,154,161,0.52018,0.52119,0.52199
1,1.395e+05,-4.8919,11.55,100,900.9,-4.8662,11.411,94.388,1002.6,0.18571,0.11517,0.01632,0.17138,0.10553,0.014208,0.16629,0.097004,0.012544,246,246,247,192,192,191,173,172,173,254,251,249,173,173,172,159,160,166,0.52661,0.52332,0.52205
1,1.396e+05,-4.982,11.55,100,900.9,-4.966,11.417,94.772,906.92,0.17372,0.091605,0.01248,0.15598,0.089994,0.011072,0.13919,0.08732,0.009728,247,248,249,184,187,191,168,172,174,254,253,252,167,166,166,170,168,170,0.52521,0.52226,0.52201
1,1.397e+05,-5.0721,11.55,100,900.9,-5.0424,11.4,94.292,762.8,0.17102,0.1052,0.01408,0.15721,0.097873,0.012224,0.14756,0.094236,0.010944,251,251,250,171,182,191,177,177,176,255,255,253,163,166,166,165,167,170,0.51849,0.51796,0.52026
1,1.398e+05,-5.1622,11.55,100,900.9,-5.1336,11.417,93.71,820.57,0.1743,0.12319,0.01664,0.1613,0.11499,0.01472,0.15645,0.10961,0.013312,253,252,251,184,185,187,176,177,178,255,255,255,171,170,171,156,160,167,0.51829,0.51768,0.5193
1,1.399e+05,-5.2523,11.55,100,900.9,-5.2185,11.4,94.359,874.3,0.16189,0.10119,0.012736,0.14753,0.094971,0.011072,0.13967,0.091577,0.009984,247,248,248,178,181,188,174,174,175,255,255,255,193,187,180,155,159,166,0.51892,0.51697,0.51821
1,1.4e+05,-5.3423,11.55,100,900.9,-5.3161,11.418,94.67,1121.2,0.16733,0.10655,0.014016,0.15888,0.1011,0.012416,0.14619,0.09608,0.0112,243,243,247,172,182,195,171,174,175,255,255,255,221,202,186,161,167,174,0.5276,0.51923,0.51861
1,1.401e+05,-5.4324,11.55,100,900.9,-5.3893,11.388,94.488,767.87,0.17963,0.10492,0.014144,0.16411,0.098658,0.012224,0.15059,0.092562,0.010944,246,248,249,203,206,209,181,178,177,255,255,255,193,185,178,177,182,185,0.51543,0.51825,0.51904
1,1.402e+05,-5.5225,11.55,100,900.9,-5.4922,11.405,94.627,1207.3,0.1724,0.1027,0.013696,0.1594,0.096421,0.01216,0.15155,0.093159,0.011008,252,251,250,215,215,213,187,181,178,255,255,255,166,168,173,178,186,190,0.52186,0.5224,0.52281
1,1.403e+05,-5.6126,11.55,100,900.9,-5.5739,11.405,94.921,970.47,0.19495,0.10356,0.015744,0.18171,0.096331,0.013632,0.16085,0.095299,0.01216,253,253,252,213,213,211,178,178,177,255,255,255,144,153,170,185,191,195,0.52221,0.52384,0.52546
1,1.404e+05,-5.7027,11.55,100,900.9,-5.6779,11.407,96.669,1270.7,0.18591,0.10329,0.015104,0.17212,0.098295,0.01344,0.16072,0.095379,0.012096,254,253,252,202,200,200,174,175,175,255,255,255,153,164,179,171,182,190,0.53813,0.53477,0.53354
1,1.405e+05,-5.7928,11.55,100,900.9,-5.7437,11.411,94.084,730.81,0.1913,0.10345,0.015552,0.17776,0.096411,0.013312,0.16199,0.094392,0.012032,254,253,252,187,188,194,177,174,174,255,255,255,167,180,194,163,178,194,0.54353,0.5419,0.54077
1,1.406e+05,-5.8829,11.55,100,900.9,-5.854,11.423,94.637,895.18,0.15632,0.10144,0.01248,0.14749,0.094258,0.011136,0.14176,0.089269,0.00992,254,253,252,190,193,198,169,173,176,255,255,255,200,203,209,220,221,213,0.55368,0.55224,0.5509
1,1.407e+05,-5.973,11.55,100,900.9,-5.9304,11.421,95.295,911.18,0.19117,0.099399,0.014592,0.16854,0.094803,0.012608,0.15606,0.091474,0.011264,253,252,252,199,199,202,169,174,177,255,255,255,209,212,216,247,238,225,0.51995,0.51254,0.50118
1,1.4533e+05,-6,11.55,100,901.1,-5.94,11.341,-0.25591,1123,0,0,0,0,0,0,0,0,0,250,251,252,202,203,205,174,177,179,255,255,255,214,217,220,250,246,233,0.41698,0.42928,0.44716
1,1.4543e+05,-6,11.46,100,901.1,-5.9538,11.288,93.958,831.54,0.12753,0.1054,0.010496,0.12072,0.097723,0.009152,0.11057,0.09536,0.008384,253,251,251,202,200,199,179,176,175,255,255,255,226,224,222,224,225,226,0.46524,0.47783,0.47912
1,1.4553e+05,-6,11.369,100,901.1,-5.958,11.183,93.422,1105.8,0.1621,0.14407,0.016704,0.1578,0.11585,0.014208,0.1504,0.10655,0.012736,252,251,250,202,202,199,178,175,174,255,255,255,213,218,226,209,217,222,0.56748,0.54003,0.51032
1,1.4563e+05,-6,11.279,100,901.2,-5.9474,11.099,94.352,892.65,0.22287,0.11587,0.019712,0.20772,0.10615,0.016768,0.18816,0.10257,0.014912,247,248,249,201,200,198,175,172,172,255,255,255,218,222,230,232,224,219,0.59179,0.58551,0.55338
1,1.4573e+05,-6,11.189,100,901.1,-5.9357,11.023,92.445,958.26,0.18871,0.11346,0.015936,0.17099,0.10351,0.01344,0.15993,0.10154,0.012288,247,245,246,193,190,192,171,166,166,255,255,255,250,244,237,209,221,225,0.58558,0.57921,0.54881
1,1.4583e+05,-6,11.099,100,901.1,-5.94,10.941,93.968,812.11,0.18035,0.10853,0.014464,0.16694,0.099368,0.012416,0.14453,0.09768,0.010816,246,245,245,185,186,184,163,163,165,255,255,255,226,227,230,233,225,218,0.46749,0.47613,0.47196
1,1.4593e+05,-6,11.009,100,901.1,-5.9495,10.85,92.737,735.06,0.16124,0.10451,0.012608,0.14072,0.098027,0.010688,0.13282,0.093604,0.009664,241,244,244,167,175,178,166,165,165,255,255,255,208,209,214,219,218,217,0.34024,0.34729,0.36198
1,1.6414e+05,3,11.093,195,800,2.8684,10.95,0.50548,581.47,0,0,0,0,0,0,0,0,0,252,252,251,216,216,216,175,175,174,243,235,229,209,198,191,195,193,191,0.55597,0.54771,0.51668
1,1.6424e+05,2.92,11.093,195,800,2.8016,10.946,186.48,670.29,0.31261,0.10204,0.019584,0.23796,0.10241,0.01632,0.199,0.099645,0.01472,250,249,249,206,208,208,176,176,178,201,207,213,155,161,166,190,183,179,0.5945,0.59683,0.59658
1,1.6434e+05,2.84,11.093,195,800,2.7284,10.936,186.33,810.92,0.26809,0.10426,0.0208,0.25414,0.095767,0.017792,0.20493,0.095946,0.015104,249,248,248,203,204,204,176,182,183,190,196,205,134,141,149,191,178,171,0.58252,0.5831,0.58501
1,1.6444e+05,2.76,11.093,195,800,2.6488,10.953,186.9,737.12,0.24828,0.12645,0.024576,0.234,0.12256,0.0224,0.2216,0.11733,0.020224,244,246,247,203,197,193,200,190,181,180,187,194,105,109,120,164,161,158,0.56956,0.57326,0.57581
1,1.6454e+05,2.68,11.093,195,800,2.5607,10.944,186.89,758.76,0.32888,0.11277,0.028032,0.29553,0.10913,0.023936,0.26611,0.1047,0.020928,246,244,246,196,196,192,175,180,179,176,184,192,92,99,110,152,153,153,0.56106,0.56992,0.5728
1,1.6464e+05,2.6,11.093,195,800,2.4875,10.958,186.49,946.01,0.27822,0.11129,0.022016,0.24523,0.10698,0.019264,0.22926,0.10218,0.017216,242,242,243,209,202,196,170,167,168,194,193,195,84,88,99,143,145,150,0.57734,0.57689,0.57453
1,1.6474e+05,2.52,11.093,195,800,2.4069,10.972,187.71,1097.5,0.26727,0.10987,0.022528,0.24237,0.10391,0.019008,0.23155,0.098601,0.017152,238,238,239,226,218,208,183,175,169,198,205,205,89,92,100,151,153,160,0.58107,0.57625,0.57627
1,1.6484e+05,2.44,11.093,195,800,2.339,10.951,186.79,681.9,0.26831,0.1075,0.02112,0.24176,0.10304,0.018304,0.2239,0.10034,0.016256,233,236,239,233,225,214,180,175,169,200,208,208,98,102,108,168,166,170,0.58202,0.57885,0.57869
1,1.6494e+05,2.36,11.093,195,800,2.2583,10.95,185.74,918.66,0.26276,0.11049,0.02112,0.24811,0.10745,0.01888,0.20486,0.106,0.016256,243,242,240,238,229,218,163,166,169,212,212,210,126,126,124,214,203,196,0.58812,0.58091,0.57961
1,1.6504e+05,2.28,11.093,195,800,2.1735,10.949,187.64,848.58,0.25344,0.11276,0.021824,0.23314,0.10483,0.01888,0.2231,0.10187,0.017536,246,245,242,234,224,215,164,167,170,213,211,207,129,130,132,235,220,208,0.57632,0.57629,0.57689
1,1.6514e+05,2.2,11.093,195,800,2.1183,10.939,186.59,622.36,0.268,0.11159,0.022592,0.24455,0.10832,0.020096,0.22531,0.10482,0.018112,244,241,242,203,202,206,181,175,173,196,195,195,113,122,131,234,230,221,0.5758,0.5759,0.57748
1,1.6524e+05,2.12,11.093,195,800,2.0217,10.948,185.76,1091,0.27623,0.10872,0.02176,0.227,0.10413,0.018048,0.20139,0.10142,0.015808,238,239,241,187,195,200,177,176,177,169,174,181,93,102,116,228,222,218,0.57307,0.57695,0.57912
1,1.6534e+05,2.04,11.093,195,800,1.9581,10.946,186.23,643.92,0.29716,0.10592,0.022848,0.27551,0.10156,0.020096,0.25259,0.097464,0.017408,237,239,242,196,197,197,180,179,177,165,171,179,87,94,106,218,216,217,0.58408,0.58005,0.57979
1,1.6544e+05,1.96,11.093,195,800,1.8721,10.963,184.36,698,0.28739,0.11238,0.024128,0.26614,0.10452,0.020736,0.25274,0.097561,0.018176,243,240,241,172,179,184,180,180,178,203,196,190,90,92,100,227,221,218,0.5732,0.57547,0.57778
1,1.6554e+05,1.88,11.093,195,800,1.8085,10.93,186.47,814.37,0.27591,0.11228,0.023744,0.25821,0.10379,0.020224,0.24112,0.10156,0.018368,236,239,240,148,162,177,179,178,177,231,212,195,91,98,106,234,226,220,0.58115,0.58076,0.58091
1,1.6564e+05,1.8,11.093,195,800,1.7194,10.945,186.44,643.85,0.2801,0.1226,0.024192,0.25579,0.11411,0.021056,0.24371,0.11196,0.01888,236,235,238,145,154,170,181,177,176,203,199,194,114,117,122,233,227,222,0.57741,0.57821,0.58074
1,1.6574e+05,1.72,11.093,195,800,1.6462,10.935,185.97,740.2,0.37295,0.12027,0.029632,0.34422,0.1138,0.025856,0.32109,0.10695,0.021888,236,238,240,178,179,181,180,180,180,182,181,181,104,115,124,232,228,225,0.5815,0.57851,0.58099
1,1.6584e+05,1.64,11.093,195,800,1.5507,10.955,185.41,895.64,0.28188,0.11197,0.022336,0.2582,0.10667,0.01952,0.23352,0.098284,0.01696,245,243,242,193,190,188,183,181,181,186,178,175,93,104,117,235,231,226,0.57533,0.57939,0.5809
1,1.6594e+05,1.56,11.093,195,800,1.4785,10.954,186.88,869.76,0.27016,0.10508,0.021312,0.25671,0.099394,0.019008,0.23413,0.093414,0.016448,250,249,246,200,198,197,179,180,181,168,168,167,84,88,100,238,231,226,0.58007,0.58116,0.58079
1,1.6604e+05,1.48,11.093,195,800,1.4064,10.94,184.71,911.52,0.23484,0.10117,0.01728,0.21179,0.096176,0.014784,0.18937,0.092569,0.012736,248,249,248,199,199,199,180,179,180,163,163,164,85,86,94,229,226,224,0.58126,0.5846,0.58294
1,1.6614e+05,1.4,11.093,195,800,1.3077,10.959,184.89,822.33,0.25025,0.11521,0.022208,0.22611,0.10949,0.019264,0.20926,0.10261,0.01632,250,250,249,207,205,201,178,178,177,159,159,163,86,86,91,225,222,218,0.58801,0.58461,0.58371
1,1.6624e+05,1.32,11.093,195,800,1.2419,10.935,185.83,1046.9,0.28555,0.10656,0.02208,0.25834,0.10369,0.019136,0.23443,0.099058,0.016704,249,250,250,203,205,204,181,177,175,161,164,169,89,90,94,224,220,217,0.58465,0.58467,0.58306
1,1.6634e+05,1.24,11.093,195,800,1.1517,10.949,186.18,1100.1,0.2826,0.11689,0.025088,0.26801,0.11148,0.022656,0.25697,0.10551,0.020416,248,249,250,197,205,207,180,175,175,168,170,176,93,94,97,221,219,217,0.58168,0.58291,0.58247
1,1.6644e+05,1.16,11.093,195,800,1.0913,10.95,187.36,917.93,0.26746,0.10835,0.021888,0.25457,0.10519,0.019584,0.24131,0.10249,0.017664,250,250,250,218,214,208,171,174,175,202,200,195,99,105,112,217,220,220,0.59316,0.58558,0.58247
1,1.6654e+05,1.08,11.093,195,800,1.0106,10.948,184.13,679.3,0.27155,0.10632,0.021504,0.23541,0.10489,0.01856,0.22331,0.10227,0.01696,252,251,251,215,211,207,175,175,176,231,215,203,114,118,122,226,223,223,0.5862,0.58424,0.58276
1,1.6664e+05,1,11.093,195,800,0.91831,10.953,185.39,851.21,0.28358,0.10934,0.023744,0.24988,0.1071,0.020544,0.23588,0.097764,0.018048,254,252,251,195,199,198,182,178,177,235,224,208,141,140,136,236,232,230,0.57296,0.58069,0.58253
1,1.6674e+05,0.92,11.093,195,800,0.86632,10.949,185.23,763.19,0.28551,0.10716,0.022976,0.27058,0.09984,0.020416,0.25541,0.097178,0.018368,253,252,251,185,187,189,170,173,175,195,199,197,116,122,130,239,240,240,0.58293,0.58179,0.58293
1,1.6684e+05,0.84,11.093,195,800,0.7772,10.961,185.45,1006.3,0.28297,0.11219,0.024384,0.25832,0.10767,0.021504,0.23893,0.10063,0.018496,252,252,251,180,183,189,165,170,175,181,186,190,103,111,120,248,246,245,0.59554,0.58582,0.5848
1,1.6694e+05,0.76,11.093,195,800,0.69974,10.942,185.39,876.24,0.29898,0.10676,0.024192,0.26762,0.10405,0.02112,0.25034,0.098021,0.018624,253,252,251,199,200,198,175,174,174,186,183,183,93,97,105,255,255,252,0.57376,0.5796,0.58357
1,1.6704e+05,0.68,11.093,195,800,0.60319,10.948,186.11,757.88,0.25918,0.11158,0.022208,0.23949,0.10679,0.019648,0.22045,0.10443,0.01792,252,252,252,211,208,205,174,173,172,191,188,186,90,95,102,255,255,252,0.57927,0.57994,0.58322
1,1.6714e+05,0.6,11.093,195,800,0.52362,10.961,186.77,841.96,0.27152,0.10779,0.022144,0.24713,0.10485,0.01984,0.23246,0.10071,0.018048,255,254,253,211,212,209,163,167,173,223,207,194,96,100,105,252,248,243,0.58259,0.58469,0.58288
1,1.6724e+05,0.52,11.093,195,800,0.45678,10.95,186.07,946.9,0.29465,0.11119,0.024768,0.2704,0.1077,0.021568,0.25625,0.097537,0.018432,252,253,253,203,200,196,183,179,177,224,211,196,125,120,113,232,233,233,0.58489,0.58143,0.58157
1,1.6734e+05,0.44,11.093,195,800,0.38675,10.958,186.95,912.46,0.32653,0.10261,0.024576,0.30101,0.096352,0.020736,0.25804,0.093592,0.017344,252,252,252,197,192,189,188,184,179,212,202,192,136,124,114,231,231,230,0.58458,0.58458,0.58324
1,1.6744e+05,0.36,11.093,195,800,0.31036,10.939,185.29,724.36,0.28212,0.11583,0.02464,0.2701,0.10775,0.021888,0.25563,0.10317,0.019456,248,249,250,186,183,183,180,181,180,174,176,180,101,104,110,223,230,233,0.58449,0.58401,0.58433
1,1.6754e+05,0.28,11.093,195,800,0.21593,10.956,186.3,643.77,0.3097,0.11329,0.02624,0.28141,0.10887,0.023232,0.2629,0.103,0.020416,248,248,249,179,181,184,180,180,180,164,169,176,91,96,104,232,235,235,0.58736,0.5854,0.58414
1,1.6764e+05,0.2,11.093,195,800,0.165,10.946,184.91,552.97,0.26352,0.10599,0.021312,0.24678,0.10172,0.018816,0.23786,0.092528,0.016768,242,246,248,177,181,186,182,182,179,179,178,180,81,90,100,242,246,239,0.57632,0.58067,0.58241
1,1.6774e+05,0.12,11.093,195,800,0.074819,10.936,185.48,864.4,0.28257,0.1153,0.02432,0.25445,0.11135,0.021248,0.23722,0.10392,0.019008,253,250,248,183,187,194,181,179,179,210,202,195,99,97,101,240,234,227,0.57845,0.58147,0.58204
1,1.6784e+05,0.04,11.093,195,800,-0.007939,10.948,184.96,870.3,0.31897,0.10452,0.02464,0.29334,0.09988,0.021184,0.28186,0.096035,0.019136,253,250,247,199,201,198,177,178,178,223,214,205,99,101,105,218,218,219,0.58066,0.58166,0.58081
1,1.6794e+05,-0.04,11.093,195,800,-0.10449,10.949,185.85,731.15,0.25889,0.10697,0.02048,0.24113,0.10345,0.018432,0.23003,0.10104,0.017088,244,243,244,224,215,204,176,178,179,245,234,221,111,113,119,192,197,206,0.57629,0.5808,0.58071
1,1.6804e+05,-0.12,11.093,195,800,-0.16815,10.959,186.64,753.52,0.30527,0.10381,0.023168,0.26219,0.10138,0.020224,0.23636,0.096586,0.017344,244,242,242,212,209,205,178,179,180,251,240,226,122,127,132,190,198,206,0.58416,0.58293,0.5816
1,1.6814e+05,-0.2,11.093,195,800,-0.26152,10.96,185.47,910.88,0.28648,0.10753,0.022848,0.26051,0.10525,0.01984,0.23669,0.10166,0.017408,248,246,242,208,201,195,182,181,180,246,237,225,179,164,153,211,215,218,0.57051,0.58012,0.5803
1,1.6824e+05,-0.28,11.093,195,800,-0.3273,10.935,184.92,907.59,0.27654,0.10745,0.021696,0.23632,0.10409,0.01856,0.21525,0.09969,0.016448,246,243,241,183,189,195,177,177,178,224,217,210,145,152,153,235,233,229,0.57099,0.57756,0.58128
1,1.6834e+05,-0.36,11.093,195,800,-0.42279,10.96,185.84,1334,0.24579,0.10636,0.019904,0.23744,0.10136,0.018304,0.22581,0.09808,0.01632,239,240,241,187,190,196,172,175,176,202,203,201,123,135,144,238,237,233,0.58581,0.58415,0.585
1,1.6844e+05,-0.44,11.093,195,800,-0.49706,10.958,185.97,791.08,0.26854,0.11578,0.02368,0.24753,0.11108,0.020928,0.22986,0.10823,0.01888,244,242,241,196,200,202,170,168,171,176,179,185,107,114,127,250,246,237,0.5832,0.58165,0.5819
1,1.6854e+05,-0.52,11.093,195,800,-0.56284,10.95,186.63,815.77,0.3048,0.11374,0.025344,0.27239,0.10635,0.021376,0.23505,0.10628,0.019008,246,244,243,201,203,205,165,166,171,170,175,182,106,111,122,254,248,236,0.58848,0.58512,0.58383
1,1.6864e+05,-0.6,11.093,195,800,-0.64029,10.959,185.37,725.86,0.29485,0.10993,0.023616,0.27148,0.1024,0.020352,0.25251,0.099581,0.017664,244,246,246,205,207,206,177,176,176,199,195,192,112,120,130,233,227,220,0.57733,0.57878,0.58116
1,1.6874e+05,-0.68,11.093,195,800,-0.72199,10.951,185.51,1029.1,0.31343,0.10518,0.023872,0.27193,0.10382,0.020928,0.25105,0.098027,0.018368,249,248,247,202,203,199,185,184,182,237,224,210,172,165,158,186,189,194,0.58612,0.58399,0.5829
1,1.6884e+05,-0.76,11.093,195,800,-0.78989,10.951,185.59,922.87,0.28711,0.10713,0.022592,0.25547,0.1043,0.0192,0.22441,0.10251,0.016704,250,248,246,200,196,193,177,181,183,244,232,218,210,191,173,167,174,185,0.57593,0.58007,0.58039
1,1.6894e+05,-0.84,11.093,195,800,-0.87053,10.95,185.58,668.23,0.24594,0.10701,0.019776,0.22538,0.10302,0.017472,0.20996,0.098925,0.015552,248,247,246,180,181,182,177,178,180,248,239,224,220,209,194,158,169,183,0.57059,0.57955,0.58236
1,1.6904e+05,-0.92,11.093,195,800,-0.93419,10.95,185.9,471.87,0.26616,0.11646,0.023296,0.24394,0.11172,0.020352,0.22383,0.10636,0.018112,249,248,247,179,179,179,178,178,177,250,237,221,219,210,197,165,179,191,0.58888,0.5793,0.58157
1,1.6914e+05,-1,11.093,195,800,-1.0318,10.954,186.27,874.63,0.31612,0.11332,0.026944,0.2781,0.10975,0.023296,0.22896,0.10686,0.019264,247,247,247,173,177,179,168,170,173,217,212,204,224,211,195,208,208,212,0.58051,0.58201,0.58312
1,1.6924e+05,-1.08,11.093,195,800,-1.1315,10.973,184.84,995.25,0.28045,0.10995,0.023296,0.2554,0.10535,0.020224,0.24146,0.1022,0.018496,244,246,246,183,180,179,164,166,171,176,178,181,193,185,175,239,234,228,0.57798,0.57751,0.58186
1,1.6934e+05,-1.16,11.093,195,800,-1.2005,10.955,186.22,916.61,0.28611,0.1144,0.024576,0.25741,0.10658,0.020992,0.23922,0.10311,0.019008,250,248,246,184,183,183,166,169,172,163,167,172,157,159,159,247,239,232,0.58186,0.57992,0.58169
1,1.6944e+05,-1.24,11.093,195,800,-1.2695,10.949,185.47,891.76,0.29121,0.11317,0.02496,0.26446,0.10831,0.02176,0.24755,0.10463,0.019648,254,251,248,197,198,193,174,172,171,158,159,163,107,117,130,244,237,230,0.57993,0.58008,0.58182
1,1.6954e+05,-1.32,11.093,195,800,-1.3363,10.935,185.52,600.55,0.27995,0.11472,0.023552,0.26053,0.10925,0.020608,0.23603,0.10363,0.01792,253,251,249,213,206,197,168,169,169,160,160,162,101,109,121,238,231,225,0.57947,0.58399,0.58323
1,1.6964e+05,-1.4,11.093,195,800,-1.4307,10.955,185.79,875.7,0.30904,0.10441,0.023296,0.26139,0.10099,0.019712,0.23743,0.098288,0.017408,254,253,251,207,203,199,160,162,165,160,161,163,101,107,117,210,215,217,0.56992,0.57919,0.58283
1,1.6974e+05,-1.48,11.093,195,800,-1.4997,10.946,185.74,736.59,0.27881,0.10964,0.022784,0.26275,0.10463,0.020288,0.24144,0.10239,0.018048,253,252,251,193,195,193,164,167,168,162,163,165,101,109,118,215,215,216,0.5899,0.58529,0.58266
1,1.6984e+05,-1.56,11.093,195,800,-1.5867,10.948,184.92,990.25,0.29164,0.10648,0.022976,0.25592,0.10256,0.019456,0.2282,0.096592,0.016576,250,250,250,196,194,189,172,172,173,166,164,166,102,109,117,218,219,218,0.58682,0.58224,0.58225
1,1.6994e+05,-1.64,11.093,195,800,-1.6673,10.956,186.04,874.28,0.25507,0.10711,0.020416,0.23596,0.10368,0.018304,0.22855,0.098314,0.016384,245,245,245,183,182,182,191,187,182,163,166,170,96,105,117,232,228,223,0.58083,0.58322,0.58353
1,1.7004e+05,-1.72,11.093,195,800,-1.714,10.934,184.61,551.95,0.2667,0.10876,0.021184,0.22667,0.10575,0.018048,0.21014,0.10002,0.015808,244,243,243,175,176,180,191,190,186,166,170,175,99,108,121,240,231,223,0.5968,0.58791,0.58385
1,1.7014e+05,-1.8,11.093,195,800,-1.8233,10.961,185.95,818.77,0.28625,0.11076,0.023488,0.263,0.10455,0.020608,0.25149,0.097423,0.01824,238,240,241,171,179,187,187,186,186,198,193,186,128,136,141,220,221,219,0.57984,0.58069,0.58137
1,1.7024e+05,-1.88,11.093,195,800,-1.8912,10.95,185.74,941.48,0.26499,0.11179,0.022016,0.237,0.1071,0.018944,0.21441,0.10542,0.016896,238,240,243,198,200,200,178,180,180,209,199,190,164,160,153,206,209,209,0.58277,0.58366,0.58064
1,1.7034e+05,-1.96,11.093,195,800,-1.9527,10.941,188.04,892.4,0.27566,0.10495,0.0208,0.23271,0.10256,0.018048,0.21426,0.098912,0.016128,240,243,245,210,207,205,180,178,178,195,192,188,150,151,149,202,202,203,0.57491,0.58075,0.58232
1,1.7044e+05,-2.04,11.093,195,800,-2.0631,10.974,187.33,757.2,0.27447,0.10473,0.02144,0.24884,0.10236,0.018496,0.22462,0.098063,0.01632,255,252,249,221,217,214,178,178,175,187,186,186,109,117,128,181,189,195,0.59098,0.58488,0.58234
1,1.7054e+05,-2.12,11.093,195,800,-2.113,10.939,187.97,883.03,0.26733,0.11972,0.024128,0.24869,0.11205,0.020864,0.23045,0.10903,0.019008,254,253,251,231,221,216,181,177,175,194,192,187,101,107,119,187,190,193,0.57957,0.58202,0.58322
1,1.7064e+05,-2.2,11.093,195,800,-2.2127,10.956,185.81,861.52,0.29822,0.10762,0.023168,0.25791,0.10331,0.019456,0.22873,0.10231,0.016768,253,252,251,212,214,214,179,176,174,211,199,191,104,107,114,195,201,203,0.57831,0.58218,0.58248
1,1.7074e+05,-2.28,11.093,195,800,-2.2891,10.955,184.69,683.1,0.2537,0.11867,0.022848,0.22484,0.11435,0.019456,0.19943,0.10802,0.01664,252,252,251,206,205,205,172,174,173,190,191,192,118,115,114,226,222,216,0.58624,0.5818,0.58147
1,1.7084e+05,-2.36,11.093,195,800,-2.3782,10.959,186.96,952.84,0.24826,0.11141,0.019968,0.20149,0.1096,0.017088,0.18383,0.10563,0.015168,253,251,250,203,202,201,171,172,173,191,191,194,116,113,114,224,225,222,0.57885,0.58396,0.58268
1,1.7094e+05,-2.44,11.093,195,800,-2.4578,10.964,185.04,1164.6,0.25278,0.11717,0.02272,0.23122,0.1105,0.019648,0.2128,0.10308,0.017024,246,246,246,186,189,194,173,174,174,209,209,209,107,111,118,231,229,228,0.58226,0.5838,0.58242
1,1.7104e+05,-2.52,11.093,195,800,-2.5246,10.95,186.18,1081,0.2351,0.11644,0.020416,0.21707,0.10799,0.017856,0.20053,0.10418,0.016,238,242,244,173,183,193,177,175,175,228,224,219,112,116,124,238,234,230,0.58307,0.58101,0.58045
1,1.7114e+05,-2.6,11.093,195,800,-2.6095,10.964,186.05,700.14,0.26179,0.1086,0.020928,0.2279,0.10085,0.017472,0.20777,0.098579,0.01568,241,242,245,180,187,194,175,178,179,248,242,235,139,143,147,232,232,231,0.58089,0.57967,0.57952
1,1.7124e+05,-2.68,11.093,195,800,-2.6848,10.959,185.36,906.68,0.27123,0.11279,0.02336,0.26015,0.10557,0.020992,0.24611,0.10023,0.01888,249,250,249,194,194,194,179,181,182,250,246,240,166,173,171,228,230,231,0.58654,0.58481,0.57991
1,1.7134e+05,-2.76,11.093,195,800,-2.7686,10.969,185.67,1182,0.28544,0.10556,0.0224,0.26429,0.10007,0.019904,0.25907,0.092658,0.017472,254,252,251,197,194,192,179,182,183,251,247,241,195,189,179,232,232,231,0.56472,0.57406,0.57672
1,1.7144e+05,-2.84,11.093,195,800,-2.8376,10.948,186.61,783.38,0.29082,0.10894,0.023936,0.27488,0.10596,0.02176,0.25834,0.097925,0.018816,253,252,250,192,190,188,182,182,180,252,249,241,226,200,180,240,233,227,0.57292,0.57,0.57179
1,1.7154e+05,-2.92,11.093,195,800,-2.9257,10.964,187.31,952.79,0.23079,0.11194,0.01952,0.21508,0.10429,0.016896,0.20195,0.10037,0.015168,251,250,249,191,189,188,179,178,178,253,247,238,198,187,176,228,225,223,0.56084,0.55725,0.56
1,1.7164e+05,-3,11.093,195,800,-2.9904,10.94,186.79,880.26,0.22255,0.12898,0.021952,0.20615,0.11904,0.019072,0.19676,0.1113,0.017024,247,247,248,194,193,188,168,169,171,235,234,230,148,155,159,196,205,214,0.54717,0.55655,0.55812
1,1.7174e+05,-3.08,11.093,195,800,-3.0721,10.937,187.24,868.5,0.27917,0.11459,0.022784,0.2254,0.10936,0.018816,0.20162,0.10743,0.01664,252,251,248,190,191,188,167,166,168,226,224,224,128,140,150,209,213,217,0.5709,0.56664,0.56622
1,1.7184e+05,-3.16,11.093,195,800,-3.1517,10.949,186.78,913.1,0.26565,0.11867,0.022144,0.24561,0.10977,0.019328,0.23179,0.10161,0.01664,252,251,248,192,191,190,170,168,168,224,224,225,127,138,145,226,223,220,0.56627,0.56355,0.56582
1,1.7194e+05,-3.24,11.093,195,800,-3.2408,10.968,186.6,1049.5,0.24894,0.1125,0.02112,0.22758,0.10549,0.01824,0.20999,0.10105,0.016128,251,249,248,208,204,200,165,166,166,238,237,232,117,128,139,232,225,219,0.5629,0.56429,0.56605
1,1.7204e+05,-3.32,11.093,195,800,-3.3119,10.959,188.08,985.21,0.33965,0.11496,0.02688,0.27979,0.1137,0.022784,0.23526,0.11083,0.019136,250,249,249,205,211,207,158,163,166,251,245,235,112,125,140,213,213,214,0.55906,0.56586,0.56673
1,1.7214e+05,-3.4,11.093,195,800,-3.4074,10.965,186.18,846.77,0.2833,0.10634,0.022016,0.26377,0.099618,0.019008,0.25427,0.095672,0.016896,252,252,250,214,217,210,159,163,166,249,244,236,128,139,145,187,194,205,0.56609,0.56543,0.5663
1,1.7224e+05,-3.48,11.093,195,800,-3.4763,10.961,186.42,1035.1,0.30879,0.1121,0.02528,0.28887,0.10461,0.0224,0.27091,0.1014,0.020032,249,250,250,199,200,200,167,167,168,230,234,234,125,135,145,194,201,207,0.56466,0.56621,0.56742
1,1.7234e+05,-3.56,11.093,195,800,-3.5442,10.948,186.6,892.62,0.25092,0.11774,0.022528,0.23283,0.11102,0.019968,0.21881,0.10587,0.01792,249,248,249,190,194,197,172,170,170,236,237,236,117,128,141,207,209,210,0.5613,0.56348,0.56582
1,1.7244e+05,-3.64,11.093,195,800,-3.6005,10.921,186.61,762.94,0.26039,0.11103,0.022208,0.24545,0.10475,0.01952,0.23106,0.10044,0.017856,249,251,250,206,204,201,176,176,175,255,250,244,131,133,138,219,214,210,0.56415,0.56805,0.5687
1,1.7254e+05,-3.72,11.093,195,800,-3.7023,10.956,185.98,858.32,0.2543,0.10575,0.02016,0.22764,0.10401,0.01792,0.21252,0.10043,0.016192,253,253,251,213,211,205,179,179,178,255,253,247,143,141,143,210,206,204,0.55914,0.56401,0.5661
1,1.7264e+05,-3.8,11.093,195,800,-3.7872,10.95,186.08,969.09,0.30484,0.11233,0.025344,0.27383,0.10675,0.021632,0.25021,0.099106,0.018624,255,254,252,216,212,209,181,183,182,254,252,247,150,153,155,168,178,190,0.56239,0.56526,0.5664
1,1.7274e+05,-3.88,11.093,195,800,-3.8731,10.951,185.88,1227.9,0.37272,0.10834,0.028352,0.32627,0.10484,0.02368,0.28036,0.098382,0.019776,251,251,251,221,214,208,186,184,184,254,250,245,156,160,162,180,185,194,0.56369,0.56475,0.56701
1,1.7284e+05,-3.96,11.093,195,800,-3.9421,10.94,186.55,807.07,0.27832,0.11309,0.024064,0.25022,0.10739,0.020736,0.23654,0.10301,0.018752,252,252,251,221,215,208,187,185,184,252,249,245,148,156,161,201,201,202,0.56739,0.56658,0.56799
1,1.7294e+05,-4.04,11.093,195,800,-4.0365,10.961,186.89,1165,0.33454,0.11094,0.028544,0.31588,0.10317,0.025088,0.29524,0.09975,0.021952,253,252,250,214,208,209,183,182,183,254,251,245,126,141,155,229,224,217,0.56383,0.5665,0.56758
1,1.7304e+05,-4.12,11.093,195,800,-4.1119,10.963,187.83,1125.2,0.29757,0.11638,0.025152,0.27684,0.10994,0.021504,0.17498,0.10882,0.014912,251,251,251,200,207,210,172,179,181,255,251,244,128,138,152,230,225,221,0.57165,0.56666,0.56677
1,1.7314e+05,-4.2,11.093,195,800,-4.183,10.96,187.96,1046.8,0.24862,0.12199,0.022976,0.23019,0.11096,0.019648,0.21198,0.10705,0.017536,251,251,251,208,210,213,170,171,174,246,242,238,126,136,149,223,220,217,0.56208,0.56255,0.5639
1,1.7324e+05,-4.28,11.093,195,800,-4.2646,10.945,186.76,785.57,0.2274,0.13056,0.022272,0.20325,0.12163,0.018752,0.18496,0.11349,0.016192,253,252,252,232,221,216,163,166,170,246,237,230,140,145,151,198,204,210,0.56831,0.5648,0.56534
1,1.7334e+05,-4.36,11.093,195,800,-4.3559,10.974,187.64,762.54,0.30048,0.10864,0.02464,0.27375,0.10394,0.020928,0.25475,0.099428,0.018432,255,253,251,227,223,215,164,167,169,240,233,226,148,149,149,189,197,207,0.56395,0.56566,0.56468
1,1.7344e+05,-4.44,11.093,195,800,-4.4238,10.954,186.06,866.05,0.32697,0.10963,0.02688,0.30413,0.10556,0.024,0.28946,0.10145,0.021504,250,249,249,213,213,213,163,167,172,216,218,219,127,134,141,185,196,208,0.56383,0.56183,0.56348
1,1.7354e+05,-4.52,11.093,195,800,-4.4991,10.941,186.22,723.6,0.32363,0.11691,0.026752,0.30297,0.10789,0.022144,0.2511,0.10713,0.019072,245,246,248,217,214,212,168,170,173,213,217,219,116,125,136,193,205,215,0.56278,0.56588,0.56638
1,1.7364e+05,-4.6,11.093,195,800,-4.5681,10.936,186.6,634.47,0.25092,0.11399,0.02208,0.22616,0.1071,0.018688,0.21123,0.099702,0.016384,249,248,248,221,218,214,173,172,173,237,231,226,129,130,138,242,234,229,0.57,0.56471,0.56531
1,1.7374e+05,-4.68,11.093,195,800,-4.654,10.94,187.06,929.25,0.2781,0.13174,0.026688,0.24961,0.12638,0.022336,0.21227,0.12238,0.01984,251,251,250,227,219,212,164,168,171,250,242,233,163,162,163,246,242,236,0.56297,0.5648,0.56545
1,1.7384e+05,-4.76,11.093,195,800,-4.7379,10.958,187.37,1072,0.25739,0.11525,0.022272,0.23759,0.10909,0.019328,0.22522,0.10131,0.017152,251,251,250,224,213,209,167,167,170,250,243,235,188,181,175,239,236,236,0.56316,0.56727,0.56714
1,1.7394e+05,-4.84,11.093,195,800,-4.8068,10.94,186.62,914.54,0.26543,0.12024,0.023424,0.24406,0.11596,0.020736,0.22318,0.11177,0.018432,249,250,250,213,206,206,169,170,172,248,240,233,207,197,190,232,234,238,0.56686,0.56744,0.56522
1,1.7404e+05,-4.92,11.093,195,800,-4.8864,10.946,187.57,699.4,0.25426,0.10553,0.020096,0.21409,0.10299,0.017216,0.19189,0.099374,0.01472,250,251,250,214,209,206,170,172,172,241,235,231,195,192,188,246,243,240,0.56459,0.56717,0.56554
1,1.7414e+05,-5,11.093,195,800,-4.9723,10.95,186.97,737.31,0.26723,0.10657,0.021568,0.23887,0.10507,0.019136,0.22375,0.098544,0.01664,248,249,249,208,208,208,169,168,171,236,232,232,178,173,173,254,250,243,0.56861,0.56886,0.5668
1,1.7424e+05,-5.08,11.093,195,800,-5.0678,10.975,186.78,1071.3,0.30112,0.11338,0.025856,0.28446,0.10254,0.022016,0.2697,0.099798,0.020032,248,248,250,201,203,208,166,168,171,248,244,240,140,147,157,244,239,236,0.56687,0.56173,0.55962
1,1.7434e+05,-5.16,11.093,195,800,-5.1304,10.95,186.55,813.41,0.25599,0.11184,0.021312,0.23013,0.10658,0.018944,0.21722,0.10199,0.017088,250,249,250,202,202,208,169,171,172,252,249,245,139,144,155,238,232,227,0.56912,0.56544,0.56382
1,1.7444e+05,-5.24,11.093,195,800,-5.1909,10.95,185.59,696.02,0.26712,0.11171,0.022144,0.22936,0.10647,0.018496,0.20943,0.10388,0.01664,251,252,252,206,206,210,174,171,172,255,254,252,161,160,160,208,205,207,0.57056,0.56871,0.56548
1,1.7454e+05,-5.32,11.093,195,800,-5.28,10.954,185.22,804.38,0.19887,0.13663,0.020864,0.18599,0.12919,0.018496,0.17347,0.12185,0.016448,254,253,253,209,211,209,171,170,172,255,255,254,163,165,164,183,187,198,0.56196,0.5632,0.56078
1,1.7464e+05,-5.4,11.093,195,800,-5.3585,10.935,186.34,1196.5,0.24482,0.11399,0.020288,0.20261,0.11029,0.017216,0.17905,0.10386,0.014592,255,254,252,220,210,207,169,171,173,255,255,255,154,163,173,177,177,190,0.55555,0.55768,0.55652
1,1.7474e+05,-5.48,11.093,195,800,-5.4413,10.961,186.17,736.47,0.22095,0.1095,0.018368,0.19722,0.10649,0.015936,0.17621,0.10229,0.013952,251,250,250,217,214,208,173,173,175,255,255,255,160,172,181,197,196,201,0.56181,0.56241,0.56205
1,1.7484e+05,-5.56,11.093,195,800,-5.5187,10.946,186.37,676.25,0.31302,0.11984,0.025728,0.27697,0.11059,0.021312,0.25334,0.10627,0.018624,249,248,249,222,215,206,172,172,174,255,255,255,165,176,186,220,210,209,0.57335,0.57047,0.56867
1,1.7494e+05,-5.64,11.093,195,800,-5.611,10.95,186.37,807.14,0.23103,0.11757,0.020672,0.20608,0.11424,0.018048,0.18834,0.10951,0.016,246,249,250,194,195,198,168,167,171,255,255,255,177,189,202,233,223,217,0.57299,0.56982,0.56906
1,1.7504e+05,-5.72,11.093,195,800,-5.6874,10.955,184.59,926.25,0.25843,0.11099,0.021248,0.2176,0.10835,0.018432,0.19911,0.10512,0.01632,251,251,251,184,186,193,166,165,169,255,255,255,201,204,213,231,219,215,0.5751,0.57399,0.57334
1,1.7514e+05,-5.8,11.093,195,800,-5.7925,10.985,186.9,1617.4,0.18157,0.11249,0.015744,0.16876,0.10369,0.013504,0.15383,0.10016,0.012032,253,253,251,179,187,189,164,163,166,255,255,255,236,233,231,205,201,207,0.5748,0.57631,0.57701
1,1.7524e+05,-5.88,11.093,195,800,-5.8222,10.946,186.24,1110.4,0.17988,0.10286,0.014656,0.16246,0.10034,0.012864,0.14707,0.095951,0.011328,248,249,248,197,193,188,158,161,165,255,255,255,234,234,234,199,205,209,0.58438,0.58438,0.58043
1,1.7534e+05,-5.96,11.093,195,800,-5.9166,10.969,186.34,795.5,0.18043,0.10839,0.015232,0.16653,0.10404,0.01344,0.15484,0.1007,0.01216,248,246,247,200,190,186,161,162,165,255,255,255,225,230,232,227,216,213,0.54576,0.5504,0.53815
1,1.7841e+05,-6,11.186,195,800,-5.9113,11.047,0.071822,854.59,0,0,0,0,0,0,0,0,0,247,245,246,193,190,192,171,166,166,255,255,255,250,244,237,209,221,225,0.58319,0.57464,0.54467
1,1.7851e+05,-5.92,11.186,195,800,-5.8254,11.03,185.41,795.13,0.22854,0.10845,0.01792,0.21049,0.10114,0.015104,0.18621,0.099395,0.013504,248,248,248,179,189,192,161,163,165,255,255,255,252,250,243,212,219,224,0.57629,0.57428,0.57302
1,1.7861e+05,-5.84,11.186,195,800,-5.7702,11.044,186.62,955.78,0.19499,0.11453,0.017472,0.17374,0.10946,0.014912,0.16333,0.10574,0.013568,251,250,249,192,191,189,161,162,164,255,255,255,253,252,244,218,220,225,0.56295,0.56468,0.56413
1,1.7871e+05,-5.76,11.186,195,800,-5.6959,11.051,186.61,671.4,0.27414,0.11723,0.024128,0.25426,0.11185,0.01984,0.1905,0.11189,0.016128,248,250,249,183,183,184,166,164,166,255,255,255,244,240,235,225,230,233,0.55325,0.55638,0.55687
1,1.7881e+05,-5.68,11.186,195,800,-5.6259,11.047,185.43,656.39,0.29427,0.12037,0.026496,0.27233,0.11588,0.023424,0.24597,0.1107,0.020224,251,250,249,177,180,184,172,167,168,255,255,255,223,224,222,241,238,236,0.5437,0.54797,0.54912
1,1.7891e+05,-5.6,11.186,195,800,-5.5431,11.051,186.76,671.51,0.36996,0.11658,0.029952,0.29624,0.11227,0.022656,0.22412,0.10807,0.017152,247,247,248,193,190,187,176,174,174,255,255,255,172,180,190,241,240,235,0.5479,0.54562,0.54534
1,1.7901e+05,-5.52,11.186,195,800,-5.4646,11.042,186.63,766.4,0.3341,0.12503,0.031872,0.2795,0.11824,0.025024,0.25415,0.11172,0.021248,249,249,249,178,185,190,189,183,176,255,255,255,137,148,162,220,221,220,0.53834,0.54283,0.54269
1,1.7911e+05,-5.44,11.186,195,800,-5.3882,11.054,186.81,626.81,0.29802,0.12947,0.029312,0.26949,0.12111,0.024832,0.24858,0.1155,0.021312,252,252,251,166,182,193,186,181,176,255,255,255,134,141,153,212,211,213,0.53722,0.54007,0.54021
1,1.7921e+05,-5.36,11.186,195,800,-5.2981,11.041,185.77,885.77,0.32229,0.128,0.03008,0.26344,0.12532,0.024832,0.22731,0.12034,0.020608,254,254,253,207,206,202,171,170,171,255,255,254,121,129,142,209,209,210,0.53875,0.53802,0.53791
1,1.7931e+05,-5.28,11.186,195,800,-5.2217,11.042,185.83,895.69,0.29827,0.12363,0.027136,0.26046,0.11706,0.022656,0.23409,0.11151,0.019776,253,254,253,232,220,210,165,166,167,254,253,253,114,123,137,220,218,217,0.5365,0.54235,0.54192
1,1.7941e+05,-5.2,11.186,195,800,-5.1516,11.047,187.48,893.22,0.28798,0.14178,0.030272,0.26664,0.13334,0.02624,0.24742,0.12759,0.023168,251,251,251,232,228,216,160,162,165,240,244,246,106,116,130,251,243,234,0.53951,0.54288,0.54352
1,1.7951e+05,-5.12,11.186,195,800,-5.0752,11.058,187.46,887.73,0.26955,0.13761,0.02624,0.24374,0.12955,0.022272,0.22218,0.11053,0.01856,253,251,249,226,218,210,164,164,166,217,223,231,115,117,125,247,250,247,0.54818,0.54473,0.54397
1,1.7961e+05,-5.04,11.186,195,800,-4.9861,11.055,187.65,661.71,0.2858,0.13454,0.028736,0.26129,0.12724,0.025088,0.24488,0.11981,0.022144,254,251,250,219,212,205,167,167,168,204,212,222,113,115,125,255,252,247,0.54267,0.54335,0.54429
1,1.7971e+05,-4.96,11.186,195,800,-4.9214,11.049,186.73,841.75,0.27709,0.12081,0.025408,0.24303,0.11662,0.021504,0.22199,0.10953,0.019008,252,252,251,209,204,198,172,171,171,190,199,210,113,117,130,255,253,246,0.54722,0.5453,0.5448
1,1.7981e+05,-4.88,11.186,195,800,-4.845,11.041,186.75,846.44,0.26233,0.12489,0.023936,0.23104,0.1172,0.020096,0.19774,0.11316,0.017088,254,253,252,202,201,198,175,171,171,193,198,207,119,124,134,255,252,244,0.54351,0.54465,0.54479
1,1.7991e+05,-4.8,11.186,195,800,-4.7654,11.055,185.98,609.74,0.27667,0.12967,0.0272,0.26315,0.12023,0.023744,0.23461,0.11846,0.021248,255,254,253,208,206,204,165,169,171,194,200,206,133,133,137,253,250,244,0.55567,0.54952,0.54706
1,1.8001e+05,-4.72,11.186,195,800,-4.6742,11.039,186.8,844.98,0.29529,0.13104,0.02848,0.26431,0.12094,0.024256,0.24389,0.11604,0.02144,255,255,254,211,214,210,173,173,173,195,200,204,112,118,125,254,252,246,0.5465,0.54541,0.5441
1,1.8011e+05,-4.64,11.186,195,800,-4.5893,11.04,186.37,824.27,0.25007,0.12509,0.022336,0.21136,0.12124,0.01888,0.19041,0.11239,0.016192,254,254,253,212,214,212,176,176,176,192,197,200,103,109,117,253,252,246,0.54054,0.5425,0.54408
1,1.8021e+05,-4.56,11.186,195,800,-4.5257,11.058,185.99,725.46,0.2922,0.1282,0.027968,0.26297,0.12331,0.02432,0.24118,0.1179,0.021184,252,251,251,207,209,210,184,183,180,179,184,192,96,101,107,247,245,239,0.54501,0.54524,0.54467
1,1.8031e+05,-4.48,11.186,195,800,-4.4376,11.056,186.23,656.89,0.27128,0.14634,0.030464,0.25019,0.13584,0.026304,0.23359,0.12913,0.023424,250,250,250,201,207,211,185,183,181,176,181,190,96,100,107,246,240,233,0.54237,0.5449,0.54537
1,1.8041e+05,-4.4,11.186,195,800,-4.3612,11.042,185.55,811.11,0.31745,0.11608,0.025728,0.27457,0.11081,0.021312,0.23016,0.10788,0.017664,250,250,250,213,213,212,184,184,182,179,186,194,99,106,115,243,234,223,0.54816,0.54632,0.54633
1,1.8051e+05,-4.32,11.186,195,800,-4.2763,11.034,186.16,949.23,0.2142,0.12362,0.020032,0.19804,0.11728,0.017664,0.18265,0.11235,0.015808,249,249,250,206,209,213,184,178,177,190,197,206,112,117,125,245,233,224,0.55284,0.54704,0.54604
1,1.8061e+05,-4.24,11.186,195,800,-4.2042,11.034,185.54,835.54,0.24707,0.12388,0.022464,0.21122,0.11828,0.01888,0.19272,0.11609,0.017216,250,250,249,200,209,212,164,174,177,193,204,214,112,119,127,244,237,226,0.54771,0.5438,0.54443
1,1.8071e+05,-4.16,11.186,195,800,-4.1363,11.039,186.11,815.81,0.2401,0.12599,0.02272,0.22318,0.11926,0.019776,0.19876,0.11367,0.017472,252,249,249,223,214,212,182,177,176,218,223,227,108,115,126,245,237,229,0.54105,0.545,0.54716
1,1.8081e+05,-4.08,11.186,195,800,-4.0408,11.041,186.45,912.69,0.21787,0.12634,0.021504,0.1925,0.12441,0.01856,0.17952,0.11818,0.016576,250,250,249,210,216,214,181,181,179,228,230,232,107,113,122,236,234,228,0.54927,0.54885,0.5469
1,1.8091e+05,-4,11.186,195,800,-3.9973,11.072,186.37,1110.7,0.24182,0.12248,0.022208,0.21071,0.1163,0.018688,0.20025,0.10678,0.016448,254,251,249,208,213,208,190,187,183,223,229,234,99,107,120,245,231,218,0.55636,0.54647,0.5469
1,1.8101e+05,-3.92,11.186,195,800,-3.8944,11.064,186.37,897.33,0.25744,0.11378,0.02176,0.22073,0.11035,0.018112,0.18574,0.10859,0.015488,244,248,250,195,196,200,179,185,185,216,225,232,109,117,126,218,210,206,0.54724,0.54793,0.54746
1,1.8111e+05,-3.84,11.186,195,800,-3.8158,11.047,186.65,682.46,0.25978,0.11146,0.020992,0.22047,0.10956,0.017792,0.19084,0.1073,0.015744,249,250,249,193,195,197,180,186,185,223,227,234,120,126,130,203,204,206,0.5464,0.54513,0.54636
1,1.8121e+05,-3.76,11.186,195,800,-3.7352,11.042,188.08,1006.3,0.20098,0.12564,0.019264,0.19311,0.11917,0.01728,0.17693,0.11218,0.015424,255,253,250,212,206,199,192,186,180,233,237,237,116,125,127,233,229,221,0.55234,0.54829,0.54581
1,1.8131e+05,-3.68,11.186,195,800,-3.6588,11.044,186.23,440.62,0.24704,0.12349,0.022528,0.21293,0.11831,0.018752,0.19562,0.11191,0.016832,253,252,250,224,211,202,180,179,177,233,236,235,107,115,120,249,243,231,0.55052,0.54631,0.54593
1,1.8141e+05,-3.6,11.186,195,800,-3.5846,11.055,187.44,813.73,0.27561,0.12042,0.024768,0.24448,0.11844,0.021952,0.21165,0.11276,0.018368,252,251,250,217,206,200,162,166,169,212,218,223,91,97,106,254,247,239,0.5482,0.5476,0.54738
1,1.8151e+05,-3.52,11.186,195,800,-3.4869,11.027,186.71,827.87,0.21523,0.11986,0.019968,0.19554,0.11636,0.017664,0.18367,0.11071,0.015872,255,253,251,192,197,200,169,167,165,196,204,212,92,96,103,253,240,231,0.54714,0.5453,0.54681
1,1.8161e+05,-3.44,11.186,195,800,-3.419,11.054,185.91,980.92,0.22314,0.12239,0.01984,0.1898,0.11807,0.01728,0.18004,0.11432,0.015872,255,254,252,197,201,200,172,169,165,198,205,211,96,99,104,249,235,229,0.55501,0.54587,0.54632
1,1.8171e+05,-3.36,11.186,195,800,-3.3469,11.04,187.01,641.67,0.29201,0.11049,0.023744,0.23295,0.10737,0.018432,0.19101,0.1017,0.015296,253,253,251,219,206,196,170,169,166,202,211,214,92,98,104,242,235,233,0.54384,0.54406,0.54563
1,1.8181e+05,-3.28,11.186,195,800,-3.2684,11.053,187.9,1003.6,0.27576,0.11637,0.022656,0.23837,0.1093,0.018176,0.18485,0.10632,0.014912,253,253,250,204,196,191,171,171,167,204,210,213,90,96,104,246,242,238,0.54291,0.54481,0.54647
1,1.8191e+05,-3.2,11.186,195,800,-3.175,11.023,188.26,937.65,0.2632,0.12107,0.023616,0.23827,0.11079,0.01952,0.20124,0.10901,0.016256,254,252,249,170,179,179,176,174,171,189,200,208,92,96,103,253,249,243,0.54341,0.54609,0.54592
1,1.8201e+05,-3.12,11.186,195,800,-3.0965,11.036,186.22,920.93,0.23694,0.13105,0.024192,0.21806,0.12287,0.020736,0.20494,0.11973,0.018752,247,249,247,186,177,171,171,173,174,185,194,204,95,98,107,237,240,239,0.54178,0.54506,0.54526
1,1.8211e+05,-3.04,11.186,195,800,-3.0286,11.065,187.32,1048.1,0.24028,0.11899,0.02144,0.21124,0.11213,0.018368,0.19554,0.10982,0.01664,246,248,247,176,172,167,177,176,176,187,195,206,97,100,110,235,238,237,0.53622,0.53968,0.54078
1,1.8221e+05,-2.96,11.186,195,800,-2.9331,11.037,186.02,829.56,0.24002,0.12315,0.022528,0.21102,0.11375,0.01856,0.19507,0.10686,0.016256,250,248,246,157,163,165,187,184,182,202,206,212,103,111,124,252,246,241,0.53296,0.53717,0.53735
1,1.8231e+05,-2.88,11.186,195,800,-2.8652,11.054,186.12,831.87,0.23002,0.11724,0.020032,0.2004,0.11005,0.01664,0.18134,0.10598,0.01504,251,249,248,166,166,168,190,187,184,207,212,217,112,120,131,255,251,245,0.55178,0.54961,0.54914
1,1.8241e+05,-2.8,11.186,195,800,-2.792,11.039,185.95,797.77,0.27998,0.11624,0.024128,0.25732,0.10972,0.020736,0.23261,0.1031,0.018112,254,252,250,187,187,183,194,190,187,214,220,223,117,125,132,255,253,249,0.55897,0.55624,0.55705
1,1.8251e+05,-2.72,11.186,195,800,-2.7018,11.041,185.46,933.75,0.23442,0.12628,0.021952,0.19934,0.12378,0.019136,0.18696,0.11956,0.017152,254,252,250,212,208,198,189,189,186,215,219,223,98,105,119,254,252,249,0.55809,0.56196,0.56468
1,1.8261e+05,-2.64,11.186,195,800,-2.6434,11.042,185.29,874.7,0.27125,0.12571,0.025728,0.24208,0.11797,0.022016,0.22807,0.11322,0.019776,254,251,249,225,214,202,186,185,184,210,215,220,94,97,109,254,252,249,0.5653,0.56485,0.56453
1,1.8271e+05,-2.56,11.186,195,800,-2.5554,11.053,186.33,810.71,0.30117,0.1294,0.027392,0.27128,0.12005,0.022976,0.23946,0.11473,0.019584,246,246,246,229,214,203,175,176,178,200,204,207,82,87,95,255,253,249,0.56215,0.56314,0.56443
1,1.8281e+05,-2.48,11.186,195,800,-2.4705,11.049,185.16,908.98,0.25745,0.12574,0.023296,0.22446,0.1185,0.01952,0.19911,0.11449,0.017088,245,246,247,214,208,202,170,172,175,190,194,199,79,82,90,254,253,249,0.5682,0.56761,0.56604
1,1.8291e+05,-2.4,11.186,195,800,-2.3888,11.046,186.3,954.48,0.27869,0.12397,0.025152,0.24984,0.11813,0.021632,0.22296,0.10798,0.018048,250,250,249,193,199,201,167,168,170,166,172,181,73,77,84,253,250,245,0.56145,0.56468,0.565
1,1.8301e+05,-2.32,11.186,195,800,-2.3209,11.046,186.3,953.71,0.25266,0.13453,0.025728,0.23449,0.12565,0.0224,0.21677,0.1205,0.020096,251,252,252,187,196,204,169,169,170,157,162,169,72,76,82,251,241,232,0.55896,0.56616,0.56825
1,1.8311e+05,-2.24,11.186,195,800,-2.2403,11.049,186.01,805.34,0.27622,0.12624,0.026752,0.25622,0.11537,0.022592,0.22886,0.11409,0.019968,253,252,252,194,201,207,168,170,171,156,160,167,71,75,81,238,230,224,0.57196,0.56816,0.56698
1,1.8321e+05,-2.16,11.186,195,800,-2.1586,11.049,187.45,689.14,0.26732,0.12257,0.024256,0.23304,0.11825,0.020608,0.20768,0.11298,0.018176,251,251,252,219,217,214,169,170,171,152,158,163,73,77,83,211,212,214,0.56289,0.5657,0.56691
1,1.8331e+05,-2.08,11.186,195,800,-2.0896,11.034,185.41,771.8,0.25475,0.11367,0.022272,0.23861,0.10964,0.019712,0.21216,0.10604,0.01728,250,251,251,223,218,213,169,169,171,152,154,160,78,80,84,219,214,213,0.57315,0.56553,0.56589
1,1.8341e+05,-2,11.186,195,800,-1.9909,11.042,186.06,1024.3,0.26966,0.11544,0.023552,0.24575,0.10972,0.02016,0.21881,0.10574,0.0176,252,249,247,200,205,209,170,171,173,141,149,156,79,82,89,230,228,225,0.56076,0.56484,0.56744
1,1.8351e+05,-1.92,11.186,195,800,-1.9389,11.059,184.36,663.12,0.27321,0.11674,0.024,0.23955,0.1117,0.020224,0.21091,0.10908,0.017728,241,243,244,207,205,202,178,180,178,145,149,153,76,81,89,247,242,235,0.56101,0.5666,0.56671
1,1.8361e+05,-1.84,11.186,195,800,-1.853,11.044,185.68,659.95,0.2888,0.11801,0.025664,0.25776,0.11471,0.022272,0.2322,0.10796,0.0192,243,242,244,208,202,199,183,182,182,142,145,150,73,77,86,248,245,241,0.57417,0.56784,0.56804
1,1.8371e+05,-1.76,11.186,195,800,-1.7713,11.046,185.86,748.72,0.29905,0.1223,0.027904,0.26776,0.11702,0.024,0.2486,0.11069,0.021184,244,244,245,180,186,191,187,187,184,126,133,143,64,68,77,255,252,247,0.57204,0.5718,0.56839
1,1.8381e+05,-1.68,11.186,195,800,-1.661,11.023,186.51,1124.2,0.26992,0.1104,0.02208,0.24167,0.10269,0.018752,0.2132,0.10063,0.016256,246,245,246,181,181,188,188,185,183,128,133,140,64,66,72,254,253,248,0.56887,0.56801,0.56787
1,1.8391e+05,-1.6,11.186,195,800,-1.6016,11.047,186.65,1034.9,0.24679,0.13406,0.024704,0.2254,0.12474,0.02112,0.20195,0.12252,0.019072,248,249,249,190,193,194,174,177,178,132,135,136,58,62,68,253,249,244,0.56364,0.56735,0.56749
1,1.8401e+05,-1.52,11.186,195,800,-1.5283,11.047,185.21,742.41,0.2433,0.12506,0.022336,0.22176,0.11985,0.019712,0.20359,0.11407,0.017472,254,253,252,216,210,204,173,171,169,117,123,130,56,60,69,242,239,237,0.57639,0.56824,0.56813
1,1.8411e+05,-1.44,11.186,195,800,-1.4498,11.031,184.73,675.29,0.2663,0.12054,0.0224,0.2382,0.1134,0.01856,0.20452,0.10767,0.016128,253,253,252,209,210,207,166,167,167,114,119,127,58,62,70,240,237,236,0.56543,0.56844,0.56775
1,1.8421e+05,-1.36,11.186,195,800,-1.3692,11.047,186.01,677.58,0.23057,0.11454,0.02016,0.19213,0.11457,0.017152,0.17714,0.10995,0.015296,250,252,252,208,208,205,157,162,166,114,118,124,63,66,73,251,246,242,0.55729,0.56475,0.5667
1,1.8431e+05,-1.28,11.186,195,800,-1.2939,11.051,185.87,956.87,0.26643,0.12477,0.024832,0.24297,0.11731,0.021312,0.21961,0.1123,0.018688,251,251,250,218,207,200,165,166,167,115,118,123,66,69,76,255,251,246,0.56435,0.56909,0.56786
1,1.8441e+05,-1.2,11.186,195,800,-1.21,11.042,186.55,996.14,0.25738,0.12312,0.024192,0.20915,0.11989,0.019648,0.19107,0.11726,0.017536,245,247,248,189,188,187,175,174,172,116,119,125,79,82,89,255,255,252,0.56714,0.57154,0.56891
1,1.8451e+05,-1.12,11.186,195,800,-1.1379,11.068,186.78,832.47,0.2871,0.11853,0.024896,0.26217,0.11414,0.02208,0.24851,0.10521,0.0192,246,245,246,175,173,174,173,175,175,125,127,134,95,100,109,255,254,249,0.55879,0.5683,0.56775
1,1.8461e+05,-1.04,11.186,195,800,-1.0594,11.045,185.68,810.06,0.23992,0.10863,0.019584,0.19489,0.1066,0.016128,0.17158,0.10131,0.013504,247,247,247,170,170,172,179,177,176,129,134,144,102,109,118,255,252,245,0.57201,0.57004,0.56795
1,1.8471e+05,-0.96,11.186,195,800,-0.9883,11.037,185.68,732.69,0.24289,0.12172,0.022528,0.21516,0.11665,0.019328,0.1997,0.11103,0.017344,248,248,248,178,172,172,181,180,178,154,161,166,106,114,125,249,242,231,0.56827,0.56958,0.56933
1,1.8481e+05,-0.88,11.186,195,800,-0.90872,11.047,184.97,785.47,0.23924,0.11184,0.019904,0.20068,0.10951,0.016448,0.18277,0.10293,0.014528,248,247,247,174,173,175,178,179,178,167,172,173,102,111,125,246,231,222,0.5701,0.56745,0.56814
1,1.8491e+05,-0.8,11.186,195,800,-0.83127,11.049,185.23,899.57,0.24262,0.12348,0.022336,0.2171,0.11729,0.018944,0.1979,0.1115,0.016704,239,244,247,180,181,184,178,180,179,160,169,175,94,105,117,202,206,211,0.57442,0.56894,0.56678
1,1.8501e+05,-0.72,11.186,195,800,-0.74851,11.05,186.87,695.75,0.2767,0.11823,0.024192,0.24877,0.1139,0.020864,0.20778,0.10939,0.017408,251,249,248,215,201,194,186,183,180,152,157,164,88,93,102,228,223,221,0.56364,0.5687,0.56974
1,1.8511e+05,-0.64,11.186,195,800,-0.67955,11.051,185.12,810.25,0.28136,0.10569,0.022592,0.24906,0.10162,0.0192,0.22503,0.098631,0.016704,255,251,248,220,206,200,181,181,179,147,153,157,81,84,94,247,240,232,0.55526,0.56628,0.56854
1,1.8521e+05,-0.56,11.186,195,800,-0.58618,11.041,187.06,697.06,0.27791,0.11459,0.023232,0.2501,0.10917,0.019712,0.21488,0.10262,0.016704,244,246,247,216,210,206,171,172,175,140,142,146,73,76,83,255,254,250,0.57318,0.5687,0.56751
1,1.8531e+05,-0.48,11.186,195,800,-0.50342,11.032,186.48,836.29,0.26662,0.12026,0.024256,0.23214,0.11597,0.02048,0.20892,0.11121,0.017856,240,245,246,212,210,206,165,168,173,135,139,144,73,76,83,255,255,253,0.56193,0.56616,0.56767
1,1.8541e+05,-0.4,11.186,195,800,-0.42279,11.041,186.05,1046.3,0.23131,0.11438,0.02048,0.20388,0.10684,0.017088,0.18457,0.1046,0.015296,241,244,245,199,200,202,171,170,172,141,144,149,72,76,86,255,253,251,0.5586,0.56342,0.56704
1,1.8551e+05,-0.32,11.186,195,800,-0.35488,11.053,184.99,810.23,0.25375,0.12439,0.023744,0.23608,0.11979,0.020928,0.21289,0.11451,0.018304,247,246,246,195,197,200,176,176,176,151,156,163,72,78,91,250,246,242,0.55947,0.56534,0.56726
1,1.8561e+05,-0.24,11.186,195,800,-0.26576,11.046,186.69,849.26,0.24297,0.12005,0.02208,0.20962,0.11524,0.018432,0.19462,0.10787,0.016384,249,248,246,204,202,200,176,178,178,159,164,170,73,80,92,243,240,236,0.57189,0.56869,0.56876
1,1.8571e+05,-0.16,11.186,195,800,-0.19255,11.039,185.64,751.35,0.27092,0.12193,0.024512,0.24169,0.11216,0.020352,0.21234,0.11067,0.017728,246,245,245,199,203,203,180,181,180,179,178,178,72,78,89,237,232,230,0.57098,0.57095,0.56969
1,1.8581e+05,-0.08,11.186,195,800,-0.11298,11.042,186.63,595.51,0.25402,0.12017,0.022336,0.21586,0.11388,0.019136,0.20189,0.10871,0.01696,241,244,245,193,201,203,183,181,179,175,176,176,69,74,84,245,236,229,0.55426,0.5665,0.56792
1,1.8591e+05,0,11.186,195,800,-0.020671,11.025,185.86,1116.7,0.28085,0.12054,0.025664,0.25367,0.11555,0.022208,0.23121,0.11089,0.019648,247,247,248,190,194,199,177,176,176,152,159,167,66,69,76,244,244,238,0.57652,0.57009,0.56865
1,1.8601e+05,0.08,11.186,195,800,0.049355,11.042,185.71,1071.4,0.28608,0.12085,0.026496,0.25392,0.1158,0.022464,0.23236,0.1106,0.019648,252,252,251,184,193,198,173,173,175,146,149,154,63,67,74,255,252,247,0.5612,0.56663,0.56679
1,1.8611e+05,0.16,11.186,195,800,0.11832,11.054,184.66,893.18,0.30729,0.11029,0.025408,0.27234,0.10598,0.02144,0.24256,0.10046,0.01824,255,253,251,196,199,196,179,175,175,140,143,150,64,69,74,255,253,250,0.56827,0.56873,0.56922
1,1.8621e+05,0.24,11.186,195,800,0.20002,11.036,185.83,722.06,0.2674,0.12647,0.025472,0.237,0.11939,0.021568,0.20888,0.11788,0.019136,253,250,249,202,198,194,175,174,175,141,141,145,74,73,75,254,252,250,0.56994,0.56742,0.56851
1,1.8631e+05,0.32,11.186,195,800,0.28277,11.041,187.24,983.6,0.26268,0.11913,0.023808,0.23666,0.11384,0.020864,0.21398,0.10568,0.0176,248,249,249,191,191,191,170,172,176,145,144,145,67,70,75,254,251,249,0.56814,0.56888,0.57028
1,1.8641e+05,0.4,11.186,195,800,0.36129,11.047,185.8,906.94,0.24801,0.11292,0.02112,0.2148,0.11095,0.018176,0.19575,0.10654,0.015936,250,250,250,187,186,187,175,176,179,135,143,151,60,66,74,254,251,248,0.56365,0.56802,0.56856
1,1.8651e+05,0.48,11.186,195,800,0.45147,11.031,186.03,1195.5,0.28918,0.1163,0.025088,0.25432,0.11136,0.021056,0.22838,0.10529,0.018368,253,253,252,199,197,194,180,180,180,146,150,156,60,64,71,254,253,250,0.56919,0.56788,0.56832
1,1.8661e+05,0.56,11.186,195,800,0.51619,11.042,187.14,849.82,0.2893,0.11656,0.024896,0.25912,0.10776,0.021056,0.23925,0.10525,0.0192,254,253,253,215,205,198,178,178,178,150,154,157,56,60,69,255,254,252,0.56647,0.56736,0.56785
1,1.8671e+05,0.64,11.186,195,800,0.61486,11.034,187.8,958.07,0.31413,0.11189,0.025984,0.28346,0.10771,0.02272,0.25642,0.10383,0.020096,253,253,253,210,208,202,176,175,175,143,148,154,53,57,64,255,255,254,0.5666,0.5647,0.56714
1,1.8681e+05,0.72,11.186,195,800,0.66367,11.049,186.77,864.36,0.31743,0.1162,0.027392,0.28269,0.11325,0.023488,0.26215,0.1051,0.02048,253,252,252,210,205,199,179,176,175,141,146,152,55,57,63,255,255,255,0.58048,0.56889,0.56785
1,1.8691e+05,0.8,11.186,195,800,0.74643,11.051,187.96,808.81,0.26725,0.11424,0.02336,0.23097,0.10888,0.01952,0.20259,0.10839,0.01728,251,252,252,192,189,189,172,173,175,148,148,150,57,59,66,255,255,254,0.56605,0.5704,0.56794
1,1.8701e+05,0.88,11.186,195,800,0.826,11.04,186.85,868.67,0.2981,0.10738,0.024,0.26126,0.10477,0.020992,0.24203,0.10153,0.018816,254,253,252,180,188,192,171,173,174,142,149,155,63,64,71,255,254,252,0.56846,0.57027,0.5679
1,1.8711e+05,0.96,11.186,195,800,0.91513,11.037,185.89,972.41,0.34268,0.11405,0.029312,0.30128,0.10971,0.025088,0.27308,0.102,0.021056,252,253,253,206,200,196,173,172,173,151,152,158,62,66,74,255,254,251,0.57248,0.56793,0.56741
1,1.8721e+05,1.04,11.186,195,800,0.99258,11.042,187.18,972.42,0.28933,0.11446,0.024832,0.24867,0.10763,0.020544,0.22485,0.10659,0.018688,255,254,253,221,216,208,168,171,174,148,157,164,61,66,75,255,253,248,0.56111,0.56411,0.56712
1,1.8731e+05,1.12,11.186,195,800,1.0446,11.063,186.6,804.12,0.30377,0.11844,0.026944,0.27084,0.11007,0.022336,0.2428,0.10694,0.019712,255,255,253,220,215,209,171,172,175,152,159,163,62,66,74,255,251,247,0.56905,0.56762,0.56653
1,1.8741e+05,1.2,11.186,195,800,1.1623,11.03,185.8,1039.4,0.30047,0.11838,0.026368,0.2555,0.11507,0.021888,0.22893,0.10997,0.018624,255,253,252,207,204,202,174,177,179,156,155,154,64,66,71,251,247,244,0.55663,0.56384,0.56601
1,1.8751e+05,1.28,11.186,195,800,1.2164,11.059,186.13,1086.5,0.25892,0.12454,0.02496,0.23979,0.11647,0.02176,0.22394,0.11373,0.019392,250,251,251,192,193,196,185,184,182,134,139,143,65,68,72,248,248,244,0.57081,0.56724,0.56709
1,1.8761e+05,1.36,11.186,195,800,1.2631,11.078,185.37,643.46,0.25715,0.12052,0.023488,0.23432,0.11276,0.02016,0.20984,0.11188,0.017984,252,251,251,191,191,192,188,185,182,134,136,139,67,69,72,252,249,245,0.56872,0.57032,0.56894
1,1.8771e+05,1.44,11.186,195,800,1.3788,11.041,185.9,982.03,0.27532,0.11815,0.024448,0.25098,0.10974,0.020672,0.23647,0.10525,0.018432,251,252,252,184,185,189,180,183,184,132,135,137,61,65,70,254,251,245,0.55762,0.56317,0.56705
1,1.8781e+05,1.52,11.186,195,800,1.4477,11.051,185.13,762.19,0.24833,0.11658,0.021824,0.22348,0.11025,0.018624,0.20165,0.10649,0.016256,253,253,252,180,183,190,186,186,185,132,134,138,59,62,67,253,250,245,0.56987,0.56776,0.56744
1,1.8791e+05,1.6,11.186,195,800,1.5103,11.08,186.82,787.25,0.25508,0.11722,0.022528,0.22593,0.11229,0.01952,0.20407,0.10732,0.017216,251,252,251,194,193,191,197,193,187,132,135,139,58,61,67,251,249,244,0.55821,0.56774,0.56709
1,1.8801e+05,1.68,11.186,195,800,1.609,11.045,186.74,806.3,0.31208,0.11852,0.0272,0.27724,0.11395,0.023104,0.2571,0.10524,0.020224,250,250,250,186,190,194,180,183,185,136,138,143,65,67,72,254,252,245,0.5704,0.56746,0.56506
1,1.8811e+05,1.76,11.186,195,800,1.7162,11.023,187.48,1091.2,0.24467,0.12485,0.023488,0.20811,0.12071,0.019584,0.19295,0.11523,0.017536,252,251,249,180,188,195,176,179,182,139,140,146,66,69,75,254,253,247,0.55844,0.56167,0.56453
1,1.8821e+05,1.84,11.186,195,800,1.7798,11.053,187.39,1000.3,0.26675,0.11741,0.023424,0.21188,0.11763,0.019264,0.19695,0.11025,0.01664,253,251,249,202,202,201,171,174,176,135,144,150,68,71,76,253,252,248,0.56363,0.566,0.56624
1,1.8831e+05,1.92,11.186,195,800,1.8488,11.058,186.76,760.69,0.27375,0.11634,0.023616,0.23635,0.11286,0.019712,0.2087,0.10592,0.016896,254,251,248,217,211,204,167,170,173,135,144,150,70,70,74,247,249,245,0.5671,0.56694,0.56521
1,1.8841e+05,2,11.186,195,800,1.9475,11.032,186.88,775.32,0.28132,0.11647,0.024192,0.24946,0.10697,0.01984,0.22011,0.10466,0.017472,250,249,247,209,208,203,164,166,169,141,144,148,63,67,72,238,241,243,0.56245,0.56228,0.56274
1,1.8851e+05,2.08,11.186,195,800,1.9995,11.053,187.04,907.52,0.24313,0.12561,0.021824,0.20037,0.11967,0.018112,0.18445,0.11916,0.016832,252,247,244,208,204,201,163,164,169,155,149,148,74,73,77,248,248,244,0.57083,0.56492,0.56432
1,1.8861e+05,2.16,11.186,195,800,2.0748,11.054,185.79,766.3,0.26076,0.12242,0.024576,0.23521,0.11761,0.021568,0.21739,0.1117,0.01888,245,245,244,219,209,201,160,166,170,149,150,151,79,79,81,252,250,246,0.56057,0.56305,0.56269
1,1.8871e+05,2.24,11.186,195,800,2.1586,11.051,187.36,763.95,0.2435,0.11435,0.021184,0.22198,0.10762,0.018496,0.20103,0.10482,0.016256,246,246,245,208,212,208,169,169,171,151,155,160,80,82,86,240,243,243,0.56391,0.56252,0.56168
1,1.8881e+05,2.32,11.186,195,800,2.2488,11.025,186.08,775.52,0.26361,0.12386,0.024448,0.23376,0.11806,0.021056,0.21048,0.11416,0.018688,250,248,245,210,213,209,168,169,172,156,161,167,73,78,87,231,237,236,0.55676,0.56106,0.56069
1,1.8891e+05,2.4,11.186,195,800,2.3262,11.039,187.78,877.71,0.29485,0.11464,0.023744,0.25201,0.11227,0.019712,0.19251,0.1108,0.016064,249,248,246,211,212,210,172,171,172,192,189,184,77,79,86,211,216,216,0.5538,0.55607,0.55742
1,1.8901e+05,2.48,11.186,195,800,2.3984,11.056,185.76,973.72,0.24995,0.11893,0.022336,0.21399,0.11431,0.018496,0.1929,0.10762,0.015936,254,250,246,218,212,206,164,168,173,224,204,191,81,84,87,177,188,192,0.55725,0.55497,0.55673
1,1.8911e+05,2.56,11.186,195,800,2.4684,11.039,186.12,702.9,0.24527,0.11453,0.021184,0.23119,0.10474,0.017856,0.20679,0.10314,0.016064,251,250,246,216,211,204,162,169,174,196,194,190,81,84,89,169,178,182,0.54739,0.55153,0.55448
1,1.8921e+05,2.64,11.186,195,800,2.5575,11.046,186.67,892.33,0.27168,0.11772,0.024,0.24123,0.11221,0.020736,0.21378,0.10506,0.01728,244,246,247,194,198,196,175,175,177,188,185,185,90,91,95,159,161,166,0.54774,0.55293,0.55505
1,1.8931e+05,2.72,11.186,195,800,2.6117,11.061,186.86,710.42,0.18931,0.11991,0.017728,0.17715,0.11131,0.015744,0.16578,0.10691,0.013952,249,247,247,192,192,193,173,177,180,198,191,186,97,98,99,149,155,163,0.55406,0.55602,0.55789
1,1.8941e+05,2.8,11.186,195,800,2.7156,11.053,186.44,965.63,0.20948,0.11175,0.017792,0.19488,0.10599,0.015616,0.17945,0.10219,0.014272,250,249,249,181,190,196,178,178,178,203,195,187,106,107,109,160,165,173,0.5643,0.56614,0.56482
1,1.8951e+05,2.88,11.186,195,800,2.7888,11.055,187.21,940.86,0.22098,0.11697,0.0192,0.20013,0.11356,0.017152,0.18962,0.10998,0.015488,246,248,249,218,210,206,170,173,176,187,191,194,114,116,123,187,199,200,0.57882,0.57539,0.57542
1,1.8961e+05,2.96,11.186,195,800,2.8684,11.03,188.26,669.16,0.29091,0.11954,0.026496,0.27086,0.11219,0.023232,0.24826,0.1072,0.020544,247,248,249,228,218,211,173,172,173,197,198,197,119,125,130,220,216,212,0.58311,0.57721,0.57171
1,1.9268e+05,3,11.279,195,800,2.8684,11.133,0.56838,917.01,0,0,0,0,0,0,0,0,0,248,249,250,199,203,210,173,173,175,174,176,179,101,104,109,255,252,243,0.4791,0.49078,0.4943
1,1.9278e+05,2.92,11.279,195,800,2.7867,11.12,186.62,725.81,0.18249,0.16484,0.02272,0.17592,0.15615,0.020352,0.17033,0.15092,0.019136,251,250,251,217,204,201,178,174,174,170,173,177,101,102,105,237,221,213,0.57417,0.57137,0.57026
1,1.9288e+05,2.84,11.279,195,800,2.7103,11.139,186.63,962.45,0.20802,0.11782,0.018944,0.18385,0.11297,0.016512,0.17793,0.10981,0.015296,254,251,250,199,197,195,176,177,175,174,175,178,97,101,104,187,193,195,0.56639,0.56086,0.56017
1,1.9298e+05,2.76,11.279,195,800,2.6499,11.132,186.18,905.43,0.24877,0.13719,0.026624,0.23576,0.12999,0.023872,0.22303,0.12537,0.021504,245,248,249,183,179,183,183,178,176,174,181,185,109,106,102,164,164,167,0.55235,0.54999,0.55184
1,1.9308e+05,2.68,11.279,195,800,2.5671,11.147,187.33,961.17,0.30347,0.11385,0.025472,0.22513,0.10965,0.019136,0.19838,0.10595,0.016512,248,247,248,173,178,182,178,181,178,173,184,188,113,106,101,169,168,168,0.5479,0.54577,0.54592
1,1.9318e+05,2.6,11.279,195,800,2.4928,11.141,186.98,695.33,0.25937,0.12792,0.025216,0.22163,0.119,0.020608,0.19178,0.11347,0.017088,247,247,247,183,181,185,195,184,175,174,183,189,102,101,97,210,196,183,0.53965,0.54115,0.54501
1,1.9328e+05,2.52,11.279,195,800,2.4196,11.125,185.84,867.19,0.33722,0.11796,0.030656,0.31377,0.1076,0.02592,0.29199,0.1009,0.022336,249,247,246,173,180,188,171,173,175,170,178,183,97,93,88,233,221,207,0.55242,0.55068,0.54971
1,1.9338e+05,2.44,11.279,195,800,2.3496,11.139,187.96,951.69,0.33508,0.11592,0.028672,0.30643,0.10974,0.024448,0.27746,0.10335,0.02048,244,245,246,172,180,189,175,174,174,162,171,176,84,84,83,239,231,218,0.55211,0.55133,0.55131
1,1.9348e+05,2.36,11.279,195,800,2.2668,11.13,187.19,840.13,0.25985,0.12111,0.023104,0.22599,0.1178,0.019456,0.21257,0.11053,0.017024,239,242,245,180,185,193,184,179,174,142,150,157,67,71,74,254,246,235,0.55099,0.55011,0.55135
1,1.9358e+05,2.28,11.279,195,800,2.1926,11.14,186.32,903.84,0.20527,0.14104,0.022208,0.18812,0.13061,0.01856,0.17337,0.11947,0.015744,241,243,245,188,191,196,179,177,174,136,141,147,69,71,73,254,248,242,0.54313,0.54871,0.55139
1,1.9368e+05,2.2,11.279,195,800,2.1024,11.122,187.79,914.13,0.30704,0.11224,0.025536,0.27218,0.10684,0.020928,0.23069,0.10355,0.01728,246,244,246,187,194,200,178,176,174,123,129,135,80,74,71,255,252,248,0.55442,0.55172,0.55276
1,1.9378e+05,2.12,11.279,195,800,2.0292,11.136,188.71,782.68,0.26867,0.11959,0.024,0.23759,0.11598,0.020672,0.2241,0.10785,0.01856,243,245,248,184,193,203,172,174,174,121,125,129,59,63,68,255,252,250,0.55529,0.55392,0.55578
1,1.9388e+05,2.04,11.279,195,800,1.9528,11.131,187.47,1029.9,0.25852,0.11641,0.022144,0.2309,0.11238,0.019328,0.21359,0.10613,0.016768,246,247,249,192,198,207,164,170,172,117,123,128,59,61,67,255,252,250,0.54605,0.55253,0.55513
1,1.9398e+05,1.96,11.279,195,800,1.8615,11.133,186.19,1086,0.23418,0.12973,0.023424,0.21681,0.12265,0.020928,0.20869,0.11282,0.018496,250,251,252,232,225,218,167,168,171,119,119,124,64,68,70,255,253,249,0.55615,0.55877,0.55668
1,1.9408e+05,1.88,11.279,195,800,1.7841,11.13,188.41,1180.6,0.35227,0.11585,0.02784,0.28903,0.10651,0.020864,0.2067,0.10881,0.01728,252,252,252,252,238,223,173,172,173,115,118,123,70,72,72,255,254,249,0.55148,0.55615,0.55591
1,1.9418e+05,1.8,11.279,195,800,1.7087,11.137,187.05,770.88,0.20578,0.12965,0.020352,0.18741,0.12358,0.017728,0.17417,0.11604,0.015744,255,254,253,254,238,220,185,182,179,113,117,123,70,73,73,255,252,244,0.55385,0.55686,0.55834
1,1.9428e+05,1.72,11.279,195,800,1.6345,11.118,188.13,833.45,0.27296,0.10888,0.022272,0.22741,0.10677,0.018048,0.19887,0.09915,0.014848,254,253,252,214,212,207,189,189,187,113,117,123,60,64,67,237,236,235,0.55219,0.55731,0.5591
1,1.9438e+05,1.64,11.279,195,800,1.5517,11.149,186.62,820.92,0.18686,0.1315,0.0192,0.17659,0.12082,0.016768,0.16543,0.11309,0.014912,253,253,253,206,203,199,193,192,188,112,116,124,54,58,64,224,229,232,0.55381,0.55391,0.55671
1,1.9448e+05,1.56,11.279,195,800,1.4721,11.14,187.07,892,0.28507,0.11646,0.025216,0.25043,0.11032,0.02112,0.22891,0.10793,0.018496,255,254,252,184,188,193,187,188,188,116,121,129,52,57,62,236,235,235,0.55172,0.55753,0.55724
1,1.9458e+05,1.48,11.279,195,800,1.3905,11.131,187.49,930.72,0.2702,0.11954,0.024768,0.24574,0.11413,0.021376,0.2268,0.10675,0.018752,253,253,252,174,187,194,180,184,187,121,125,130,58,62,65,246,243,239,0.56015,0.55833,0.55898
1,1.9468e+05,1.4,11.279,195,800,1.3353,11.116,186.62,622.06,0.23288,0.12661,0.022272,0.21478,0.11875,0.019456,0.19926,0.11437,0.017472,252,251,252,192,194,196,188,186,184,122,125,130,78,73,70,254,252,248,0.56155,0.56014,0.55984
1,1.9478e+05,1.32,11.279,195,800,1.2398,11.131,186.51,785.61,0.25761,0.10954,0.021568,0.22682,0.1014,0.017728,0.20185,0.097582,0.015488,251,251,252,183,191,198,179,182,183,121,123,128,67,69,69,250,250,250,0.55827,0.55844,0.55876
1,1.9488e+05,1.24,11.279,195,800,1.1623,11.142,186.5,844.47,0.23822,0.12073,0.022656,0.22175,0.11307,0.019712,0.20317,0.11036,0.0176,248,250,252,192,194,196,183,183,182,125,127,130,61,64,66,251,251,251,0.55096,0.55695,0.55827
1,1.9498e+05,1.16,11.279,195,800,1.0732,11.142,185.97,779.68,0.23406,0.11723,0.021184,0.20886,0.11349,0.018432,0.19444,0.10843,0.016448,252,252,252,190,196,199,185,183,179,129,131,131,56,58,60,255,254,253,0.55479,0.55733,0.55911
1,1.9508e+05,1.08,11.279,195,800,0.9894,11.17,187.72,935.34,0.22238,0.10706,0.0176,0.18832,0.10353,0.014784,0.16723,0.1001,0.012928,253,252,251,196,198,202,179,178,177,124,126,130,56,57,58,255,255,254,0.55805,0.55958,0.55978
1,1.9518e+05,1,11.279,195,800,0.93635,11.12,187.15,947.49,0.23785,0.10994,0.020032,0.21913,0.10613,0.017728,0.20914,0.10087,0.016064,249,250,250,204,204,200,167,171,175,113,118,126,52,53,56,255,255,254,0.56008,0.56101,0.56081
1,1.9528e+05,0.92,11.279,195,800,0.84086,11.132,186.41,1067.6,0.28127,0.11593,0.024576,0.25996,0.1113,0.021952,0.24422,0.10315,0.019264,249,250,250,180,188,195,175,177,177,120,124,130,49,51,53,255,255,255,0.56765,0.56147,0.56043
1,1.9538e+05,0.84,11.279,195,800,0.7825,11.125,185.78,666.29,0.27615,0.12027,0.0256,0.24987,0.11654,0.022528,0.23106,0.10991,0.019776,251,250,250,183,184,191,185,180,177,125,128,131,46,49,53,255,255,255,0.56101,0.5598,0.55978
1,1.9548e+05,0.76,11.279,195,800,0.6711,11.146,186.85,993.83,0.25481,0.11564,0.022464,0.22914,0.10832,0.0192,0.21411,0.10564,0.017536,253,252,252,175,186,192,177,178,177,123,125,130,50,52,55,255,255,255,0.55929,0.56116,0.56154
1,1.9558e+05,0.68,11.279,195,800,0.61699,11.14,187.05,823.45,0.25443,0.11759,0.02208,0.20722,0.11563,0.018432,0.18672,0.10979,0.016,253,253,252,180,186,194,176,176,176,116,121,128,56,55,56,255,255,255,0.56548,0.55938,0.56064
1,1.9568e+05,0.6,11.279,195,800,0.54484,11.116,188,683.25,0.28694,0.10752,0.022976,0.23157,0.10257,0.01824,0.21071,0.095607,0.015808,253,253,253,183,190,196,180,180,179,115,117,123,51,54,57,255,255,254,0.55495,0.56046,0.56035
1,1.9578e+05,0.52,11.279,195,800,0.46633,11.122,186.6,789.56,0.28715,0.11008,0.023232,0.25803,0.10345,0.019584,0.22935,0.10173,0.017088,253,253,253,176,184,193,190,187,183,113,118,125,52,53,56,255,254,254,0.55821,0.56147,0.56073
1,1.9588e+05,0.44,11.279,195,800,0.35917,11.151,187.54,879.47,0.27132,0.11276,0.023424,0.2461,0.10749,0.020416,0.23088,0.10065,0.017664,254,253,252,173,181,191,190,186,182,120,122,128,51,53,56,255,255,254,0.57029,0.56302,0.56232
1,1.9598e+05,0.36,11.279,195,800,0.30718,11.14,187.46,932.24,0.22156,0.12796,0.022144,0.2032,0.11936,0.019136,0.19207,0.11575,0.017472,247,248,249,182,185,191,172,174,177,135,133,132,58,61,62,255,255,255,0.56141,0.5614,0.56149
1,1.9608e+05,0.28,11.279,195,800,0.22018,11.132,187.16,761.69,0.28413,0.11129,0.023808,0.25713,0.10619,0.020032,0.21647,0.10316,0.017024,242,245,249,190,191,193,168,172,176,133,132,131,74,70,66,255,255,255,0.56332,0.56127,0.56256
1,1.9618e+05,0.2,11.279,195,800,0.15439,11.135,186.12,880.38,0.24518,0.11036,0.01984,0.21005,0.10483,0.016384,0.18159,0.10295,0.014016,247,249,250,211,205,198,170,172,175,114,119,127,79,74,68,255,255,255,0.56261,0.56029,0.5622
1,1.9628e+05,0.12,11.279,195,800,0.056782,11.13,186.96,981.56,0.23306,0.11667,0.021056,0.21105,0.10941,0.018176,0.20049,0.10333,0.016064,253,252,251,216,205,195,169,171,175,119,122,127,62,64,66,255,255,252,0.56273,0.56116,0.5627
1,1.9638e+05,0.04,11.279,195,800,0.013281,11.121,186.61,840.99,0.23244,0.11156,0.019328,0.19269,0.10734,0.015808,0.17336,0.10493,0.01408,252,251,250,199,197,194,170,172,175,122,124,130,61,63,66,255,254,249,0.55539,0.56132,0.56287
1,1.9648e+05,-0.04,11.279,195,800,-0.097062,11.144,186.54,764.47,0.23767,0.11683,0.021568,0.21868,0.11385,0.019392,0.20628,0.1104,0.0176,248,247,247,203,196,191,177,178,177,122,127,137,64,66,70,250,244,239,0.55971,0.56268,0.56254
1,1.9658e+05,-0.12,11.279,195,800,-0.17982,11.136,185.75,791.01,0.21985,0.10852,0.01856,0.19851,0.10688,0.016512,0.18326,0.10266,0.014784,244,245,246,204,197,192,180,179,177,123,129,139,64,67,73,236,237,236,0.56337,0.56317,0.56148
1,1.9668e+05,-0.2,11.279,195,800,-0.24348,11.141,186.05,769.07,0.27306,0.10458,0.020736,0.22304,0.099152,0.016384,0.18661,0.097089,0.013696,244,246,247,191,196,199,178,177,176,124,131,140,68,74,80,234,236,237,0.55204,0.5554,0.56083
1,1.9678e+05,-0.28,11.279,195,800,-0.33472,11.133,185.07,1037.8,0.2162,0.10753,0.017856,0.19584,0.098908,0.015232,0.18358,0.096802,0.01376,247,248,249,218,211,206,179,176,173,128,130,135,72,80,86,244,246,245,0.55663,0.55974,0.56191
1,1.9688e+05,-0.36,11.279,195,800,-0.40687,11.141,185.36,607.65,0.25454,0.10614,0.020032,0.21064,0.10429,0.016576,0.18851,0.10155,0.014528,252,250,249,218,215,209,174,174,172,125,127,132,77,82,86,250,250,249,0.5556,0.56166,0.56155
1,1.9698e+05,-0.44,11.279,195,800,-0.4769,11.141,186.33,957.58,0.24919,0.12297,0.022592,0.20629,0.11445,0.01824,0.18601,0.11101,0.015936,251,250,248,216,213,209,176,175,173,116,119,126,87,83,84,255,255,251,0.55899,0.55937,0.56012
1,1.9708e+05,-0.52,11.279,195,800,-0.54056,11.128,185.1,847.78,0.26029,0.12446,0.024768,0.23228,0.1177,0.021184,0.21378,0.11556,0.019264,246,248,248,211,207,205,187,180,174,114,117,123,77,79,82,255,253,249,0.56118,0.56204,0.56271
1,1.9718e+05,-0.6,11.279,195,800,-0.63711,11.145,186.48,779.19,0.23223,0.11986,0.021376,0.20444,0.11537,0.018368,0.18693,0.11232,0.016384,251,249,247,186,192,198,188,180,175,113,115,122,63,68,76,252,245,242,0.55983,0.56042,0.56185
1,1.9728e+05,-0.68,11.279,195,800,-0.7326,11.146,185.65,707.1,0.21654,0.12081,0.020096,0.19237,0.11339,0.016768,0.17155,0.11262,0.014912,250,248,247,180,187,193,170,172,174,113,115,124,59,65,73,239,238,235,0.5732,0.56636,0.56377
1,1.9738e+05,-0.76,11.279,195,800,-0.8249,11.18,186.89,1289.1,0.27588,0.11191,0.022656,0.25128,0.10604,0.019136,0.21481,0.105,0.016576,247,246,247,176,185,190,175,175,174,116,118,128,62,65,73,240,238,235,0.56534,0.56339,0.56297
1,1.9748e+05,-0.84,11.279,195,800,-0.88114,11.146,187.33,844.96,0.20478,0.11476,0.018112,0.17632,0.10889,0.015168,0.17125,0.10418,0.013888,246,248,248,177,179,183,186,181,176,140,133,134,67,69,75,243,244,240,0.56592,0.56485,0.5617
1,1.9758e+05,-0.92,11.279,195,800,-0.96283,11.146,187.21,965.13,0.23078,0.11761,0.020224,0.20726,0.11224,0.0176,0.19075,0.11029,0.016064,252,250,249,177,176,178,178,179,177,140,134,133,69,71,77,248,250,245,0.5605,0.56438,0.56288
1,1.9768e+05,-1,11.279,195,800,-1.0318,11.15,187.25,602.12,0.25546,0.12335,0.024256,0.22891,0.11448,0.02048,0.20907,0.11121,0.017984,252,251,249,169,168,171,180,179,178,114,117,123,73,74,78,255,255,252,0.56384,0.56287,0.56278
1,1.9778e+05,-1.08,11.279,195,800,-1.1008,11.131,188.14,905.01,0.30539,0.10774,0.02432,0.26604,0.10559,0.020352,0.22627,0.10245,0.016896,246,246,246,162,167,172,185,181,178,102,106,112,66,69,74,255,255,254,0.56376,0.5627,0.56269
1,1.9788e+05,-1.16,11.279,195,800,-1.1835,11.13,187.01,856.59,0.23826,0.10879,0.02016,0.21576,0.10348,0.01728,0.19363,0.099808,0.014912,243,244,245,170,170,175,182,178,178,101,103,110,65,66,70,255,255,254,0.55983,0.56187,0.56148
1,1.9798e+05,-1.24,11.279,195,800,-1.2525,11.123,185.94,785.09,0.28067,0.1094,0.023168,0.24729,0.10721,0.019968,0.22543,0.10443,0.017728,247,246,247,174,180,188,171,172,173,103,104,109,59,62,69,255,254,252,0.56202,0.56246,0.56151
1,1.9808e+05,-1.32,11.279,195,800,-1.349,11.132,187.99,1051.5,0.29465,0.11981,0.02528,0.26295,0.11686,0.021504,0.23154,0.11257,0.018048,251,250,249,180,189,196,173,170,169,105,106,110,60,64,71,251,251,249,0.54467,0.55786,0.56063
1,1.9818e+05,-1.4,11.279,195,800,-1.4222,11.156,186.63,923.11,0.22062,0.13578,0.023552,0.20326,0.13007,0.020672,0.18942,0.12087,0.018048,252,252,252,216,211,208,163,164,166,106,107,112,67,71,72,242,244,243,0.56232,0.55993,0.55975
1,1.9828e+05,-1.48,11.279,195,800,-1.4891,11.121,186.84,976.74,0.24392,0.11981,0.020608,0.20205,0.11479,0.016832,0.16633,0.11404,0.0144,253,253,252,210,211,208,170,169,167,109,111,116,58,61,66,247,246,243,0.55936,0.55937,0.55913
1,1.9838e+05,-1.56,11.279,195,800,-1.5729,11.123,185.09,846.77,0.26056,0.12506,0.024896,0.24521,0.11469,0.021696,0.22991,0.10645,0.019008,253,253,252,198,201,204,175,171,170,120,118,119,55,57,62,250,250,246,0.54716,0.5595,0.56043
1,1.9848e+05,-1.64,11.279,195,800,-1.661,11.136,185.54,827.66,0.25656,0.12663,0.023744,0.21777,0.11734,0.019456,0.20308,0.11547,0.017664,248,250,251,188,195,201,172,175,177,128,124,123,55,56,59,255,254,251,0.56711,0.56187,0.55941
1,1.9858e+05,-1.72,11.279,195,800,-1.7512,11.146,186.32,1268.7,0.28848,0.1285,0.025472,0.25179,0.12278,0.021504,0.23585,0.11685,0.01888,250,250,250,205,203,202,179,179,178,121,121,124,55,57,61,255,255,252,0.55524,0.56039,0.56102
1,1.9868e+05,-1.8,11.279,195,800,-1.8244,11.137,186.41,903.03,0.26631,0.12334,0.024832,0.23606,0.1178,0.021056,0.2158,0.1114,0.018496,250,250,248,230,219,207,180,180,180,120,121,125,59,62,67,255,255,253,0.55393,0.55698,0.55838
1,1.9878e+05,-1.88,11.279,195,800,-1.8954,11.123,185.28,842.15,0.27504,0.12934,0.02656,0.2434,0.12138,0.022208,0.2167,0.1165,0.019072,249,248,247,204,206,204,178,175,175,119,125,133,66,68,72,254,254,250,0.55563,0.55759,0.55887
1,1.9888e+05,-1.96,11.279,195,800,-1.9782,11.126,184.76,771.03,0.2243,0.11295,0.018944,0.20155,0.10853,0.016384,0.18506,0.1016,0.014528,247,247,247,194,200,203,172,171,172,128,131,138,65,68,73,252,251,247,0.56631,0.56333,0.5602
1,1.9898e+05,-2.04,11.279,195,800,-2.0769,11.144,185.39,809.94,0.21066,0.11286,0.017344,0.18659,0.10451,0.014464,0.15968,0.10224,0.012416,245,247,248,210,207,204,159,165,171,143,144,149,75,75,76,246,242,236,0.56046,0.55945,0.55929
1,1.9908e+05,-2.12,11.279,195,800,-2.131,11.13,185.31,1084.8,0.26275,0.12727,0.025024,0.22969,0.119,0.020864,0.21317,0.11287,0.01856,249,249,249,211,209,206,169,169,171,142,146,153,87,79,76,234,231,229,0.55372,0.55753,0.55917
1,1.9918e+05,-2.2,11.279,195,800,-2.2127,11.135,185.06,870.37,0.259,0.11079,0.020928,0.20536,0.10518,0.016512,0.17375,0.1022,0.01376,250,251,250,215,211,206,174,174,173,144,150,159,71,73,75,206,217,227,0.5649,0.55801,0.55852
1,1.9928e+05,-2.28,11.279,195,800,-2.2785,11.126,186.43,639.9,0.24379,0.12247,0.023168,0.21813,0.11639,0.019968,0.20229,0.10943,0.017472,254,251,250,214,210,204,168,168,169,160,162,168,65,69,74,231,237,238,0.55965,0.5648,0.56104
1,1.9938e+05,-2.36,11.279,195,800,-2.3633,11.123,186.09,735.1,0.3104,0.10441,0.021504,0.20365,0.10408,0.01568,0.16408,0.10357,0.013184,253,251,249,214,208,203,165,167,168,168,169,174,68,70,76,244,246,246,0.56479,0.56276,0.55982
1,1.9948e+05,-2.44,11.279,195,800,-2.4493,11.121,185.55,860.05,0.25898,0.12067,0.023424,0.22668,0.11258,0.01952,0.20437,0.11155,0.0176,248,247,247,216,210,206,178,174,172,184,186,191,78,79,84,255,255,253,0.558,0.55763,0.55887
1,1.9958e+05,-2.52,11.279,195,800,-2.5395,11.154,186.45,1110.1,0.2405,0.11936,0.0224,0.2222,0.11167,0.019328,0.20568,0.10652,0.017088,246,246,246,209,207,206,180,179,175,195,195,198,80,83,88,255,255,254,0.55819,0.56082,0.55994
1,1.9968e+05,-2.6,11.279,195,800,-2.6137,11.152,187.07,867.78,0.20261,0.11629,0.017984,0.17017,0.11189,0.015296,0.16093,0.10873,0.013888,248,247,247,186,197,202,190,185,179,201,205,210,90,91,96,255,255,254,0.56351,0.56207,0.55985
1,1.9978e+05,-2.68,11.279,195,800,-2.688,11.127,185.94,495.82,0.28039,0.11152,0.023296,0.24663,0.10493,0.01952,0.22101,0.10122,0.016896,251,250,249,190,186,186,187,184,181,210,212,216,95,96,102,254,254,255,0.56158,0.5579,0.55871
1,1.9988e+05,-2.76,11.279,195,800,-2.7527,11.137,186.02,714.56,0.23729,0.12048,0.022144,0.21742,0.11339,0.019264,0.20237,0.10725,0.017024,248,248,249,177,174,177,184,183,182,214,214,218,97,98,106,253,254,255,0.54545,0.54956,0.55418
1,1.9998e+05,-2.84,11.279,195,800,-2.8365,11.136,185.15,1106.5,0.26708,0.11954,0.024128,0.23438,0.11189,0.020096,0.21311,0.10733,0.017728,241,243,245,143,148,155,185,186,184,208,212,218,103,107,115,255,255,254,0.5459,0.54911,0.54818
1,2.0008e+05,-2.92,11.279,195,800,-2.9236,11.141,186.45,923.4,0.21049,0.11271,0.018176,0.19221,0.11056,0.016256,0.17737,0.1075,0.01472,237,240,244,134,138,146,189,187,184,203,209,216,107,112,118,255,255,253,0.52949,0.53162,0.53291
1,2.0018e+05,-3,11.279,195,800,-3.0021,11.132,186.58,825.12,0.21127,0.11741,0.018432,0.18513,0.11229,0.015744,0.16561,0.10622,0.01376,235,238,242,126,129,139,180,181,179,199,206,214,112,114,119,251,252,250,0.53492,0.52761,0.52605
1,2.0028e+05,-3.08,11.279,195,800,-3.0732,11.142,184.66,624.7,0.23397,0.12146,0.021568,0.19878,0.11385,0.01792,0.17812,0.11285,0.015552,241,242,243,132,137,144,180,176,173,209,211,213,99,108,117,255,251,248,0.5388,0.53773,0.53552
1,2.0038e+05,-3.16,11.279,195,800,-3.1506,11.125,186.45,745.38,0.22488,0.12302,0.021184,0.20367,0.11405,0.018048,0.18731,0.11023,0.015872,242,243,244,144,146,150,174,173,172,210,211,213,102,110,116,255,252,249,0.54083,0.53587,0.53629
1,2.0048e+05,-3.24,11.279,195,800,-3.2291,11.139,184.67,908.5,0.24241,0.11925,0.022016,0.21738,0.11472,0.019136,0.2006,0.10886,0.016704,239,242,245,153,157,164,164,167,169,202,205,211,103,109,114,255,255,251,0.54463,0.53677,0.53598
1,2.0058e+05,-3.32,11.279,195,800,-3.3172,11.133,186.3,1004.4,0.20203,0.13165,0.019392,0.17894,0.12476,0.01664,0.1659,0.12057,0.01472,241,243,246,150,163,172,160,164,168,198,201,208,104,107,114,255,254,249,0.54158,0.53646,0.53664
1,2.0068e+05,-3.4,11.279,195,800,-3.3872,11.136,186.54,957.34,0.22746,0.11383,0.018752,0.19676,0.10899,0.015168,0.14881,0.10954,0.012672,246,249,249,185,184,184,157,162,166,192,196,205,111,110,111,243,245,243,0.54222,0.53938,0.53623
1,2.0078e+05,-3.48,11.279,195,800,-3.4551,11.116,186.14,661.01,0.24844,0.12577,0.023808,0.22698,0.12151,0.02112,0.21206,0.1147,0.018944,254,252,251,201,194,192,161,160,161,193,198,207,97,102,108,238,238,236,0.53219,0.53524,0.53469
1,2.0088e+05,-3.56,11.279,195,800,-3.54,11.14,185.52,827.61,0.25164,0.11176,0.020864,0.21602,0.11114,0.018112,0.19062,0.10443,0.015488,250,249,250,195,193,193,155,158,161,198,203,213,95,99,107,239,238,235,0.53427,0.53587,0.53553
1,2.0098e+05,-3.64,11.279,195,800,-3.6259,11.133,186.32,816.99,0.30466,0.11589,0.025088,0.25977,0.10856,0.020544,0.22588,0.10519,0.017536,245,246,247,176,185,192,164,163,166,222,225,228,101,106,113,255,245,234,0.53094,0.53414,0.53621
1,2.0108e+05,-3.72,11.279,195,800,-3.7044,11.144,184.48,922.81,0.27294,0.11288,0.023296,0.23787,0.10942,0.01952,0.21206,0.10543,0.017216,243,244,247,170,181,190,172,172,171,235,234,233,112,116,121,255,246,229,0.5278,0.53341,0.53486
1,2.0118e+05,-3.8,11.279,195,800,-3.7692,11.137,185.01,605.39,0.31535,0.10468,0.023552,0.2569,0.10277,0.019264,0.20952,0.099715,0.015744,241,244,246,169,173,182,182,181,179,230,231,234,147,138,132,226,216,209,0.54034,0.53678,0.53475
1,2.0128e+05,-3.88,11.279,195,800,-3.8625,11.13,186.57,769.18,0.25869,0.12197,0.023232,0.23561,0.11653,0.02048,0.21873,0.11325,0.018432,244,246,247,166,173,184,189,182,181,219,224,231,125,127,132,188,191,195,0.53938,0.5366,0.53493
1,2.0138e+05,-3.96,11.279,195,800,-3.958,11.152,186.19,795.26,0.2806,0.10833,0.023168,0.25204,0.10447,0.020352,0.22603,0.098359,0.017216,245,246,247,186,186,189,183,181,180,230,229,232,116,121,130,194,195,194,0.52878,0.53552,0.53643
1,2.0148e+05,-4.04,11.279,195,800,-4.027,11.136,186.08,996.89,0.29991,0.12317,0.026944,0.26147,0.11631,0.022592,0.23918,0.11068,0.01984,247,246,246,222,207,203,173,176,180,237,236,234,138,134,135,199,201,200,0.53787,0.53566,0.53546
1,2.0158e+05,-4.12,11.279,195,800,-4.1023,11.135,185.6,1226.6,0.25806,0.1323,0.025088,0.21604,0.12423,0.020416,0.19624,0.11766,0.018048,241,244,247,200,209,209,178,178,179,233,232,231,152,145,143,204,206,204,0.52826,0.53317,0.53416
1,2.0168e+05,-4.2,11.279,195,800,-4.184,11.156,186.56,689.57,0.28894,0.11693,0.024896,0.25519,0.10987,0.020672,0.22242,0.10747,0.018048,242,246,247,218,213,209,180,180,181,219,216,216,164,160,152,220,215,208,0.5417,0.53672,0.5355
1,2.0178e+05,-4.28,11.279,195,800,-4.2572,11.122,185.92,921.1,0.27505,0.1226,0.021824,0.21116,0.1186,0.018176,0.18683,0.11469,0.015936,248,248,248,201,205,207,192,187,185,195,194,198,145,144,143,211,212,212,0.53413,0.53468,0.53467
1,2.0188e+05,-4.36,11.279,195,800,-4.3506,11.142,187.14,849.27,0.26263,0.12153,0.023168,0.22244,0.11828,0.019328,0.19652,0.11158,0.016704,244,246,249,208,206,203,193,192,188,186,186,190,122,127,135,207,213,215,0.53343,0.53588,0.53467
1,2.0198e+05,-4.44,11.279,195,800,-4.445,11.163,186.79,1001.4,0.23132,0.11779,0.020992,0.20263,0.11588,0.018368,0.18805,0.11257,0.016256,253,250,249,213,204,199,197,191,188,176,175,180,108,111,118,234,229,223,0.53677,0.53465,0.53407
1,2.0208e+05,-4.52,11.279,195,800,-4.4959,11.154,185.49,1047.2,0.2049,0.11624,0.018368,0.17627,0.1127,0.015552,0.1668,0.10375,0.013632,253,252,250,196,198,200,187,188,186,169,172,178,105,108,114,242,236,227,0.53151,0.53169,0.53237
1,2.0218e+05,-4.6,11.279,195,800,-4.5745,11.136,186.03,1176.8,0.24173,0.12748,0.022912,0.21448,0.11789,0.019008,0.18946,0.11466,0.01632,255,254,253,209,202,199,184,180,179,173,175,182,101,102,109,251,241,229,0.53639,0.53327,0.53313
1,2.0228e+05,-4.68,11.279,195,800,-4.6371,11.117,186.57,842.91,0.23965,0.11973,0.021632,0.22013,0.11425,0.019648,0.21072,0.10611,0.01728,255,255,254,199,197,197,180,178,176,183,185,189,104,106,111,238,233,225,0.5313,0.53272,0.53372
1,2.0238e+05,-4.76,11.279,195,800,-4.7198,11.146,185.73,808.48,0.24261,0.11449,0.021376,0.20657,0.11043,0.017664,0.19016,0.10471,0.015424,255,255,254,191,189,191,182,177,174,184,186,192,112,111,113,231,228,221,0.53174,0.53406,0.5336
1,2.0248e+05,-4.84,11.279,195,800,-4.8164,11.147,186.56,726.66,0.23779,0.11147,0.019904,0.21604,0.10401,0.017216,0.19929,0.09968,0.015232,250,251,251,173,176,182,171,172,175,185,188,196,109,111,114,224,221,215,0.52145,0.53112,0.53342
1,2.0258e+05,-4.92,11.279,195,800,-4.8694,11.122,186.24,981.54,0.31637,0.10732,0.025152,0.28654,0.10379,0.021568,0.26178,0.10025,0.018624,247,249,250,169,174,180,170,173,176,191,194,201,105,107,111,221,219,214,0.52347,0.53031,0.53165
1,2.0268e+05,-5,11.279,195,800,-4.9607,11.136,187.8,717.61,0.30383,0.11545,0.025024,0.26551,0.10874,0.021312,0.23154,0.10607,0.01856,246,248,249,169,177,186,185,179,176,216,215,217,101,107,112,227,222,217,0.52725,0.53137,0.53245
1,2.0278e+05,-5.08,11.279,195,800,-5.0413,11.117,186.56,935.96,0.24688,0.11424,0.021632,0.22849,0.10836,0.019264,0.21504,0.10426,0.017472,247,248,249,194,197,197,166,169,172,240,237,235,131,126,122,244,233,221,0.52737,0.52802,0.52978
1,2.0288e+05,-5.16,11.279,195,800,-5.1209,11.125,185.67,925.61,0.27366,0.12093,0.023936,0.24135,0.11558,0.020352,0.22023,0.11105,0.018048,245,248,249,210,205,201,164,165,170,249,245,242,142,135,130,247,234,219,0.53893,0.53401,0.53169
1,2.0298e+05,-5.24,11.279,195,800,-5.1941,11.123,185.97,840.61,0.23853,0.11231,0.020736,0.21729,0.10931,0.018368,0.19847,0.10723,0.016576,252,251,250,198,203,204,168,169,171,253,252,251,159,150,142,223,220,212,0.53227,0.53057,0.5298
1,2.0308e+05,-5.32,11.279,195,800,-5.2694,11.133,187.85,900.45,0.27787,0.1259,0.025792,0.23381,0.11662,0.020992,0.21395,0.11509,0.0192,254,252,251,192,198,201,171,172,172,255,254,253,161,154,147,221,216,208,0.52198,0.52564,0.52636
1,2.0318e+05,-5.4,11.279,195,800,-5.3638,11.155,187.17,994.12,0.32499,0.12393,0.029696,0.28831,0.1214,0.025728,0.26265,0.11809,0.022528,254,252,251,179,186,192,168,172,177,255,255,255,166,163,160,223,217,206,0.52579,0.52385,0.52443
1,2.0328e+05,-5.48,11.279,195,800,-5.4466,11.144,187.66,838.37,0.27376,0.10484,0.020288,0.2165,0.1033,0.016576,0.19286,0.096097,0.014272,243,246,249,178,177,182,176,179,180,255,255,255,195,190,184,234,225,214,0.52572,0.5282,0.52753
1,2.0338e+05,-5.56,11.279,195,800,-5.5262,11.145,187.43,976.32,0.27566,0.11394,0.023296,0.25649,0.10787,0.020352,0.23068,0.10386,0.01792,243,245,248,175,175,178,177,180,181,255,255,255,212,208,200,243,232,219,0.53222,0.53214,0.53182
1,2.0348e+05,-5.64,11.279,195,800,-5.5951,11.131,186.98,1159.7,0.2746,0.11272,0.022848,0.24587,0.11102,0.019776,0.21979,0.10645,0.016704,247,248,248,171,172,175,173,176,178,255,255,255,249,240,230,251,242,229,0.53916,0.53701,0.53647
1,2.0358e+05,-5.72,11.279,195,800,-5.6673,11.123,185.02,782.38,0.22418,0.11063,0.0192,0.20287,0.10805,0.017024,0.18696,0.10435,0.015296,246,247,248,176,174,175,171,173,175,255,255,255,255,250,241,255,244,231,0.54703,0.54251,0.54226
1,2.0368e+05,-5.8,11.279,195,800,-5.767,11.152,187.37,879.18,0.23282,0.1112,0.01984,0.20866,0.10833,0.01728,0.19391,0.10451,0.015488,245,246,248,189,187,183,170,171,171,255,255,255,254,253,249,255,244,231,0.55479,0.55224,0.55195
1,2.0378e+05,-5.88,11.279,195,800,-5.8116,11.115,187.51,667.72,0.23277,0.10742,0.019328,0.21261,0.10067,0.016768,0.19348,0.098265,0.014976,249,249,248,201,198,193,167,170,171,255,255,255,237,239,241,254,239,225,0.56645,0.56178,0.56166
1,2.0388e+05,-5.96,11.279,195,800,-5.9039,11.128,187.02,911.31,0.24314,0.10988,0.019648,0.19912,0.11015,0.017152,0.18779,0.10364,0.015104,246,249,249,199,199,197,169,170,171,255,255,255,225,229,235,241,231,222,0.57291,0.57409,0.57485
1,2.0695e+05,-6,11.372,195,800,-5.9081,11.226,-0.2526,683.71,0,0,0,0,0,0,0,0,0,252,251,250,202,202,199,178,175,174,255,255,255,213,218,226,209,217,222,0.55706,0.53035,0.50491
1,2.0705e+05,-5.92,11.372,195,800,-5.8317,11.201,187.01,910.86,0.42447,0.15,0.03456,0.40342,0.13947,0.029376,0.38519,0.1406,0.023552,249,249,248,205,199,191,171,173,173,255,255,255,233,238,238,235,230,225,0.56137,0.56051,0.56054
1,2.0715e+05,-5.84,11.372,195,800,-5.7649,11.223,186.01,899.1,0.18671,0.10721,0.015616,0.17174,0.10458,0.014016,0.1576,0.10194,0.012672,247,247,247,202,191,185,176,173,172,255,255,255,247,247,245,236,231,225,0.54865,0.54573,0.5455
1,2.0725e+05,-5.76,11.372,195,800,-5.6853,11.236,186.94,817.96,0.27689,0.11476,0.024384,0.25937,0.10828,0.021632,0.2467,0.10289,0.019072,244,246,248,169,172,176,173,175,175,255,255,255,255,254,247,231,227,221,0.53519,0.53536,0.53549
1,2.0735e+05,-5.68,11.372,195,800,-5.61,11.226,185.91,768.81,0.27769,0.13401,0.028672,0.25382,0.12965,0.025536,0.23622,0.12167,0.022592,249,248,248,167,169,173,180,178,177,255,255,255,255,253,242,230,224,218,0.52422,0.52424,0.52571
1,2.0745e+05,-5.6,11.372,195,800,-5.5506,11.223,186.72,838.05,0.2139,0.14191,0.023872,0.19288,0.13488,0.020224,0.1785,0.1271,0.01792,248,248,248,162,168,175,183,183,182,255,255,255,251,238,221,214,212,209,0.52396,0.52106,0.52034
1,2.0755e+05,-5.52,11.372,195,800,-5.4583,11.214,185.64,979.31,0.26606,0.13153,0.027456,0.24552,0.12512,0.023936,0.22377,0.11958,0.021184,246,248,249,181,182,184,180,181,182,255,255,255,212,203,192,198,200,199,0.51852,0.51744,0.51747
1,2.0765e+05,-5.44,11.372,195,800,-5.3893,11.225,187.9,733.41,0.29478,0.13244,0.030592,0.26969,0.12564,0.026496,0.24897,0.11888,0.023168,249,250,249,194,192,190,173,177,180,255,255,255,187,184,178,194,196,195,0.50965,0.51335,0.51472
1,2.0775e+05,-5.36,11.372,195,800,-5.3076,11.24,186.21,869.07,0.34507,0.11709,0.030464,0.28053,0.11271,0.024,0.24467,0.10796,0.020288,251,251,250,202,199,194,178,178,178,255,255,255,166,164,161,192,191,190,0.52034,0.51575,0.5151
1,2.0785e+05,-5.28,11.372,195,800,-5.2333,11.232,185.22,1080.1,0.30254,0.11889,0.028096,0.27064,0.11242,0.023552,0.24606,0.1057,0.02016,249,249,249,190,192,194,186,180,176,255,255,254,173,163,155,187,188,191,0.52363,0.51732,0.51633
1,2.0795e+05,-5.2,11.372,195,800,-5.1485,11.222,185.54,952.27,0.26502,0.12185,0.025344,0.22756,0.11785,0.02112,0.20041,0.11243,0.017664,246,247,249,180,186,190,167,172,175,255,254,251,158,152,143,195,197,196,0.52938,0.52016,0.51888
1,2.0805e+05,-5.12,11.372,195,800,-5.0816,11.232,186.1,949.83,0.26471,0.13073,0.026944,0.24008,0.12257,0.023232,0.22186,0.11887,0.020864,246,247,248,190,187,185,174,175,177,251,248,242,125,126,125,206,203,200,0.51368,0.51869,0.51917
1,2.0815e+05,-5.04,11.372,195,800,-4.9946,11.242,185.69,981.59,0.2814,0.12357,0.026752,0.24452,0.12005,0.02304,0.23049,0.11212,0.020224,246,247,248,179,179,181,181,181,179,245,240,235,108,114,118,192,197,199,0.51361,0.51476,0.51735
1,2.0825e+05,-4.96,11.372,195,800,-4.914,11.225,186.43,949.26,0.26846,0.12279,0.025472,0.23054,0.11917,0.021504,0.20976,0.11344,0.018688,244,246,247,156,164,173,183,182,180,208,214,217,103,105,111,183,188,194,0.51711,0.51989,0.52071
1,2.0835e+05,-4.88,11.372,195,800,-4.8408,11.24,186.69,806.35,0.32574,0.10634,0.026112,0.27714,0.10119,0.02112,0.23674,0.09886,0.017216,247,247,248,155,163,172,176,177,179,200,204,210,103,107,113,186,188,192,0.52192,0.5217,0.52133
1,2.0845e+05,-4.8,11.372,195,800,-4.7718,11.233,186.37,782.75,0.23768,0.12701,0.023488,0.21649,0.11672,0.019712,0.19424,0.11565,0.017792,253,253,252,163,172,181,176,177,177,189,196,202,107,112,117,190,193,195,0.52136,0.52108,0.5203
1,2.0855e+05,-4.72,11.372,195,800,-4.688,11.24,185.01,980.39,0.30495,0.12216,0.027264,0.26896,0.11268,0.022272,0.22888,0.10977,0.019072,255,255,254,187,191,195,174,175,176,194,194,196,102,108,117,208,206,203,0.52144,0.51924,0.5205
1,2.0865e+05,-4.64,11.372,195,800,-4.6084,11.23,186.57,600.78,0.24818,0.12106,0.02272,0.20287,0.11807,0.018752,0.1895,0.11421,0.017024,255,254,253,198,199,198,169,173,177,185,189,193,103,109,116,218,213,207,0.5193,0.52218,0.52094
1,2.0875e+05,-4.56,11.372,195,800,-4.5384,11.244,187.27,541.28,0.26803,0.11618,0.02272,0.22588,0.11112,0.018624,0.19417,0.10885,0.016064,248,251,252,189,193,197,177,181,182,174,178,187,113,118,124,224,219,212,0.52683,0.52279,0.52196
1,2.0885e+05,-4.48,11.372,195,800,-4.4238,11.214,185.82,1035.8,0.26339,0.13137,0.026944,0.23024,0.1283,0.023104,0.2073,0.12592,0.020352,249,250,250,184,190,196,192,188,185,177,179,186,117,124,130,222,217,210,0.52036,0.52188,0.52373
1,2.0895e+05,-4.4,11.372,195,800,-4.3591,11.241,186.34,935.46,0.29567,0.11574,0.026112,0.26059,0.11096,0.022144,0.23809,0.10318,0.018816,245,247,249,201,197,195,190,192,190,183,187,193,120,134,147,201,203,203,0.52303,0.52338,0.52396
1,2.0905e+05,-4.32,11.372,195,800,-4.2975,11.235,186.14,682.14,0.25331,0.11776,0.023168,0.23085,0.1128,0.020224,0.2072,0.10566,0.017344,249,248,248,197,200,203,195,188,185,197,201,206,154,162,166,193,191,193,0.52683,0.52378,0.52334
1,2.0915e+05,-4.24,11.372,195,800,-4.218,11.24,185.69,646.79,0.31583,0.11747,0.028608,0.27992,0.11297,0.024,0.25199,0.10853,0.020992,250,249,248,208,208,206,184,185,183,208,212,215,183,178,172,191,190,190,0.52423,0.5238,0.52332
1,2.0925e+05,-4.16,11.372,195,800,-4.1426,11.24,186.95,761.49,0.30688,0.11444,0.02688,0.27438,0.11001,0.022912,0.24912,0.10753,0.020096,240,243,247,210,209,208,180,179,179,239,236,232,174,173,169,185,184,184,0.51967,0.52171,0.52383
1,2.0935e+05,-4.08,11.372,195,800,-4.0461,11.223,186.85,1001.7,0.27877,0.11945,0.02592,0.25228,0.11634,0.022912,0.23238,0.11322,0.020672,241,243,246,194,203,207,176,179,179,247,242,238,153,159,161,182,180,182,0.52176,0.52345,0.52302
1,2.0945e+05,-4,11.372,195,800,-3.9814,11.222,185.91,637.65,0.28919,0.11856,0.025856,0.25044,0.11232,0.021376,0.2183,0.11113,0.018624,247,247,247,192,192,192,174,180,181,246,243,240,135,141,149,177,176,177,0.53146,0.5241,0.5218
1,2.0955e+05,-3.92,11.372,195,800,-3.8986,11.233,185.41,779.37,0.28615,0.11122,0.024128,0.24743,0.10792,0.020096,0.22174,0.10348,0.0176,243,246,247,163,172,184,178,178,180,236,236,237,137,142,150,166,172,179,0.51612,0.5218,0.52333
1,2.0965e+05,-3.84,11.372,195,800,-3.8233,11.238,184.64,575.91,0.30438,0.11473,0.02656,0.27021,0.1097,0.022592,0.24812,0.10393,0.019648,244,244,246,154,171,182,171,178,180,234,236,238,142,146,148,176,181,186,0.52324,0.52203,0.52429
1,2.0975e+05,-3.76,11.372,195,800,-3.7437,11.226,187,522.6,0.28182,0.10486,0.022272,0.23436,0.10191,0.017728,0.19544,0.10068,0.015168,238,241,245,176,178,184,180,176,173,244,243,240,127,135,139,225,216,204,0.51959,0.5254,0.52502
1,2.0985e+05,-3.68,11.372,195,800,-3.6461,11.22,186.25,931.29,0.28074,0.10943,0.023424,0.25087,0.10388,0.019776,0.23193,0.10033,0.017536,242,243,245,173,178,187,170,169,169,245,243,239,116,124,132,232,225,213,0.52546,0.52391,0.52446
1,2.0995e+05,-3.6,11.372,195,800,-3.5824,11.227,187.32,1009.3,0.34663,0.11808,0.030784,0.30451,0.11235,0.0256,0.27454,0.10658,0.022272,245,247,249,189,187,189,153,156,160,221,225,228,106,113,121,230,224,218,0.52095,0.525,0.5255
1,2.1005e+05,-3.52,11.372,195,800,-3.488,11.227,185.19,979.36,0.29634,0.11455,0.025152,0.25174,0.11005,0.02112,0.22557,0.10527,0.018048,253,251,251,197,190,189,153,157,161,206,211,217,110,116,122,232,227,223,0.52286,0.52467,0.52397
1,2.1015e+05,-3.44,11.372,195,800,-3.4275,11.233,187.19,899.26,0.29224,0.11734,0.025216,0.2536,0.10885,0.02112,0.2299,0.10645,0.018816,251,251,250,185,184,185,155,160,164,202,209,216,116,120,123,243,235,228,0.51988,0.52631,0.52553
1,2.1025e+05,-3.36,11.372,195,800,-3.332,11.22,185.72,723.81,0.26606,0.11369,0.023104,0.23536,0.11191,0.020224,0.20624,0.10945,0.017664,238,242,247,164,167,173,167,167,168,206,211,216,110,119,126,255,249,240,0.52403,0.52593,0.5268
1,2.1035e+05,-3.28,11.372,195,800,-3.2567,11.226,187.52,1114.1,0.29946,0.11618,0.025024,0.25359,0.10758,0.020608,0.22867,0.1041,0.017792,232,239,245,151,158,168,166,168,168,212,215,219,112,121,128,255,252,244,0.5264,0.52761,0.52867
1,2.1045e+05,-3.2,11.372,195,800,-3.1803,11.227,185.93,934.51,0.26565,0.11476,0.021632,0.20735,0.11054,0.01728,0.18363,0.10653,0.01504,236,240,244,130,143,154,168,168,169,225,226,224,134,133,131,253,249,246,0.52822,0.52889,0.52947
1,2.1055e+05,-3.12,11.372,195,800,-3.1145,11.233,186.17,777.12,0.27218,0.11925,0.02464,0.24664,0.11304,0.021504,0.23413,0.10629,0.018944,239,240,243,115,125,140,177,173,170,227,229,227,125,129,133,252,249,245,0.53043,0.52841,0.52986
1,2.1065e+05,-3.04,11.372,195,800,-3.0243,11.235,185.97,697.42,0.30313,0.11474,0.024704,0.25987,0.10614,0.020224,0.22058,0.10645,0.017792,233,238,243,112,120,136,177,174,172,227,227,226,128,130,133,255,251,246,0.52151,0.52716,0.52615
1,2.1075e+05,-2.96,11.372,195,800,-2.9458,11.23,186.31,762.23,0.30135,0.11139,0.024896,0.26254,0.10605,0.020416,0.23363,0.10291,0.017792,232,237,243,121,127,141,183,180,177,224,226,226,139,135,134,255,253,250,0.51532,0.51713,0.52169
1,2.1085e+05,-2.88,11.372,195,800,-2.8535,11.194,187.14,885.84,0.24256,0.11655,0.021568,0.22136,0.10922,0.018688,0.19704,0.10585,0.01632,240,241,244,126,135,149,188,184,179,230,227,226,130,130,132,255,254,251,0.53454,0.53946,0.54004
1,2.1095e+05,-2.8,11.372,195,800,-2.7803,11.221,186.32,861.99,0.31698,0.11973,0.0288,0.29168,0.11372,0.025152,0.26734,0.10828,0.021824,243,245,247,139,153,168,181,180,179,224,226,227,107,112,122,255,255,253,0.55013,0.54818,0.54769
1,2.1105e+05,-2.72,11.372,195,800,-2.6997,11.226,184.79,1107.4,0.23431,0.11893,0.02112,0.19801,0.11292,0.017472,0.17959,0.11032,0.015552,248,247,248,167,173,185,169,173,176,220,222,224,103,107,114,255,255,253,0.55923,0.55534,0.5524
1,2.1115e+05,-2.64,11.372,195,800,-2.635,11.227,186.83,756.57,0.31759,0.12404,0.030016,0.27913,0.11679,0.02528,0.24572,0.11315,0.021632,249,247,247,174,182,192,172,174,175,216,219,222,102,106,113,255,255,252,0.5492,0.55018,0.55119
1,2.1125e+05,-2.56,11.372,195,800,-2.5469,11.232,186.63,605.45,0.28118,0.11295,0.022528,0.20164,0.11065,0.017152,0.17755,0.10546,0.014848,243,244,246,194,198,202,184,179,175,211,213,215,94,101,108,255,254,251,0.56657,0.5514,0.55262
1,2.1135e+05,-2.48,11.372,195,800,-2.4811,11.231,186,739.79,0.19882,0.12872,0.019584,0.18154,0.12145,0.01728,0.17433,0.11454,0.015744,243,244,246,204,203,204,180,177,173,207,207,209,91,96,103,255,254,249,0.55477,0.55458,0.55393
1,2.1145e+05,-2.4,11.372,195,800,-2.3962,11.217,186.93,726.38,0.18605,0.11539,0.01664,0.16489,0.10677,0.013824,0.15385,0.1046,0.012608,248,247,247,205,205,204,164,166,169,187,191,195,77,82,89,255,251,245,0.55073,0.5556,0.55381
1,2.1155e+05,-2.32,11.372,195,800,-2.3082,11.227,186.81,872.95,0.24923,0.11294,0.0208,0.21661,0.10474,0.017152,0.18706,0.10423,0.01504,248,248,248,209,207,203,166,167,170,171,175,181,70,74,79,245,240,232,0.55218,0.55495,0.55449
1,2.1165e+05,-2.24,11.372,195,800,-2.2435,11.237,187.02,998.23,0.23481,0.11625,0.020736,0.20605,0.10809,0.017152,0.18644,0.10667,0.015552,248,249,249,208,205,202,173,173,172,165,168,176,74,75,77,234,230,225,0.54906,0.55011,0.55318
1,2.1175e+05,-2.16,11.372,195,800,-2.1405,11.217,186.28,1025.1,0.25469,0.11469,0.020928,0.22332,0.1072,0.017664,0.19975,0.10456,0.015424,250,250,249,195,200,202,182,179,175,160,163,168,80,79,77,227,226,223,0.55261,0.55428,0.55457
1,2.1185e+05,-2.08,11.372,195,800,-2.0811,11.216,185.8,832.19,0.25183,0.10539,0.0192,0.21023,0.10535,0.016768,0.18937,0.10194,0.014784,250,249,249,200,201,201,177,175,174,160,161,164,80,78,77,248,236,226,0.55458,0.5561,0.55512
1,2.1195e+05,-2,11.372,195,800,-1.9941,11.218,185.86,847.62,0.26258,0.11741,0.023616,0.24228,0.11046,0.020416,0.22113,0.10488,0.018048,245,245,246,206,201,197,161,167,173,145,147,151,68,73,77,253,250,242,0.55189,0.55364,0.55353
1,2.1205e+05,-1.92,11.372,195,800,-1.9241,11.231,187.13,1152.1,0.27565,0.12123,0.024704,0.24039,0.11522,0.020864,0.20908,0.10916,0.017408,246,246,247,196,199,201,168,173,175,122,129,137,70,74,76,254,253,248,0.54465,0.55261,0.55393
1,2.1215e+05,-1.84,11.372,195,800,-1.8583,11.228,186.09,873.21,0.27395,0.11783,0.02432,0.24162,0.11166,0.020672,0.21112,0.10782,0.017664,252,249,248,207,207,204,170,174,178,122,125,131,71,72,74,255,253,249,0.54893,0.55732,0.55675
1,2.1225e+05,-1.76,11.372,195,800,-1.7766,11.238,186.38,740.01,0.31269,0.11801,0.027456,0.2675,0.11565,0.023232,0.23358,0.11149,0.019712,253,253,251,219,216,209,182,180,178,116,120,125,60,63,67,254,252,247,0.55357,0.5555,0.55519
1,2.1235e+05,-1.68,11.372,195,800,-1.6801,11.221,186.21,720.8,0.29252,0.11978,0.026176,0.27577,0.11301,0.023232,0.24937,0.10972,0.020544,254,252,251,215,211,206,185,180,177,114,118,124,57,60,64,255,251,245,0.56149,0.5549,0.55482
1,2.1245e+05,-1.6,11.372,195,800,-1.6153,11.241,186.48,1250.7,0.24968,0.12596,0.023744,0.21488,0.11898,0.019776,0.19726,0.11377,0.017408,251,252,252,203,203,203,168,171,173,118,120,122,59,60,63,254,249,241,0.55749,0.55455,0.55478
1,2.1255e+05,-1.52,11.372,195,800,-1.5209,11.214,184.99,1152.7,0.28397,0.12034,0.026368,0.26605,0.11108,0.022784,0.24371,0.10506,0.019648,254,254,252,216,212,205,162,165,168,108,113,119,66,70,72,254,244,235,0.55679,0.55467,0.55483
1,2.1265e+05,-1.44,11.372,195,800,-1.4445,11.213,187.2,505.32,0.285,0.12865,0.0272,0.25719,0.12148,0.023232,0.23583,0.11538,0.020736,253,253,252,229,217,206,157,162,168,105,111,118,86,81,77,250,241,234,0.55299,0.55308,0.55435
1,2.1275e+05,-1.36,11.372,195,800,-1.3607,11.223,186.72,908.05,0.23687,0.1226,0.0224,0.20692,0.11699,0.018752,0.19401,0.11223,0.017024,252,251,251,202,204,201,164,167,171,109,113,116,84,83,79,246,243,239,0.55877,0.55647,0.55666
1,2.1285e+05,-1.28,11.372,195,800,-1.2992,11.223,186.9,949.7,0.20277,0.11439,0.017728,0.18001,0.11241,0.015552,0.15487,0.10932,0.013312,249,249,249,188,192,194,174,172,173,110,112,115,67,72,76,251,248,244,0.54329,0.55342,0.55323
1,2.1295e+05,-1.2,11.372,195,800,-1.2175,11.227,186.86,858.92,0.25264,0.11669,0.022208,0.22954,0.10971,0.0192,0.21006,0.10436,0.016832,241,245,246,177,178,179,171,177,178,102,106,112,61,63,68,255,255,251,0.55087,0.55789,0.55573
1,2.1305e+05,-1.12,11.372,195,800,-1.1337,11.217,184.51,843.64,0.27411,0.11547,0.023744,0.24419,0.11065,0.020608,0.23423,0.10602,0.01856,249,246,246,175,171,171,183,181,179,104,106,112,63,66,68,255,253,252,0.54914,0.55101,0.55439
1,2.1315e+05,-1.04,11.372,195,800,-1.0562,11.221,187.71,1000.3,0.23144,0.12795,0.022336,0.20412,0.11799,0.018496,0.19259,0.11417,0.017152,249,248,247,169,170,170,180,180,178,106,110,115,68,70,70,255,253,250,0.55399,0.55568,0.55606
1,2.1325e+05,-0.96,11.372,195,800,-0.99466,11.232,187.27,1207.4,0.26223,0.10742,0.020416,0.19335,0.10561,0.016,0.17416,0.1027,0.01408,253,252,249,172,173,175,169,173,176,116,121,125,73,71,70,254,251,245,0.54388,0.55734,0.55829
1,2.1335e+05,-0.88,11.372,195,800,-0.90236,11.227,186.37,570.73,0.23007,0.12493,0.021504,0.20645,0.11924,0.019136,0.19365,0.1117,0.016512,255,252,250,177,179,180,175,174,175,126,127,128,66,68,71,255,248,242,0.56394,0.55757,0.55731
1,2.1345e+05,-0.8,11.372,195,800,-0.81323,11.216,186.81,828.38,0.29085,0.11124,0.02432,0.26907,0.10667,0.021632,0.2611,0.099215,0.019008,247,249,248,202,195,188,172,172,172,113,121,127,64,66,70,255,246,235,0.5558,0.55556,0.55556
1,2.1355e+05,-0.72,11.372,195,800,-0.74639,11.221,184.84,894.93,0.30364,0.11193,0.025088,0.27496,0.10554,0.02176,0.25491,0.099892,0.018816,247,246,247,188,187,188,159,165,170,105,112,121,63,68,73,244,238,231,0.55752,0.55776,0.5569
1,2.1365e+05,-0.64,11.372,195,800,-0.66788,11.244,186.36,905.62,0.23222,0.11928,0.020928,0.1979,0.11345,0.01728,0.18197,0.10851,0.015488,247,246,246,183,184,189,168,169,171,106,112,120,68,72,77,228,232,233,0.55872,0.55982,0.55753
1,2.1375e+05,-0.56,11.372,195,800,-0.58936,11.217,184.91,762.31,0.28178,0.12639,0.027136,0.25459,0.12215,0.023808,0.23842,0.11545,0.021056,245,246,247,195,195,196,189,180,173,107,114,122,81,84,85,241,240,239,0.54355,0.55319,0.55544
1,2.1385e+05,-0.48,11.372,195,800,-0.51297,11.211,186.14,887.84,0.27759,0.11913,0.024064,0.2333,0.11588,0.02016,0.21138,0.10949,0.01792,246,248,248,199,203,202,184,178,173,110,116,124,88,89,88,253,248,242,0.55204,0.5589,0.55762
1,2.1395e+05,-0.4,11.372,195,800,-0.41642,11.223,186.66,953.82,0.24286,0.11383,0.020864,0.21234,0.11109,0.01824,0.19908,0.10265,0.015936,255,252,249,219,216,211,167,170,172,121,125,130,101,97,92,255,251,243,0.55066,0.55751,0.5563
1,2.1405e+05,-0.32,11.372,195,800,-0.34215,11.218,186.74,694.1,0.23892,0.11254,0.019264,0.17869,0.11309,0.01536,0.15891,0.10385,0.012736,253,251,249,225,214,205,176,173,172,132,132,135,102,98,93,254,246,238,0.5498,0.55754,0.55479
1,2.1415e+05,-0.24,11.372,195,800,-0.28486,11.247,185.65,667.6,0.24943,0.11805,0.022912,0.23552,0.11166,0.020224,0.21824,0.10728,0.018176,249,249,248,209,204,200,174,174,174,132,132,136,100,95,90,252,243,232,0.55835,0.5592,0.5562
1,2.1425e+05,-0.16,11.372,195,800,-0.18088,11.212,186.69,943.61,0.24345,0.11391,0.019712,0.20056,0.10541,0.01568,0.17864,0.10487,0.0144,250,247,247,190,191,191,174,174,175,129,131,136,78,81,82,231,228,226,0.554,0.55591,0.55673
1,2.1435e+05,-0.08,11.372,195,800,-0.11828,11.233,186.78,888.15,0.2544,0.12114,0.021824,0.19031,0.11706,0.017408,0.17325,0.11373,0.015552,247,247,247,191,190,188,174,175,176,127,130,135,75,76,78,225,226,227,0.55064,0.55366,0.55532
1,2.1445e+05,0,11.372,195,800,-0.037647,11.232,185.14,819.47,0.28029,0.11917,0.02528,0.25947,0.11151,0.021952,0.2456,0.10635,0.019584,250,249,248,190,190,191,178,176,177,127,128,132,71,70,69,247,242,236,0.55582,0.55347,0.55738
1,2.1455e+05,0.08,11.372,195,800,0.019647,11.257,186.44,597.19,0.22798,0.12284,0.021568,0.20224,0.11882,0.01888,0.18783,0.11172,0.016384,250,251,251,196,196,195,176,176,177,119,121,125,65,65,65,255,253,249,0.5627,0.55801,0.55649
1,2.1465e+05,0.16,11.372,195,800,0.11408,11.231,186.01,863.61,0.25695,0.11754,0.022976,0.23491,0.11105,0.01984,0.21547,0.10475,0.01728,249,250,250,188,195,197,173,176,177,112,117,124,68,67,66,255,255,251,0.55526,0.55792,0.55606
1,2.1475e+05,0.24,11.372,195,800,0.17774,11.241,185.96,837.83,0.29463,0.11608,0.025664,0.24863,0.11149,0.021248,0.22344,0.10588,0.018304,249,248,249,187,190,196,175,176,177,120,122,126,73,69,65,255,255,254,0.55173,0.55497,0.55692
1,2.1485e+05,0.32,11.372,195,800,0.2711,11.242,187.2,770.48,0.29263,0.12077,0.02656,0.25067,0.11658,0.021952,0.22377,0.11007,0.019072,245,247,249,192,192,195,173,176,177,128,129,129,68,66,63,255,255,254,0.55647,0.55727,0.55656
1,2.1495e+05,0.4,11.372,195,800,0.34007,11.246,186.99,645.57,0.30465,0.11068,0.024576,0.27336,0.10556,0.020736,0.24196,0.099395,0.017344,252,251,250,191,194,197,185,182,181,134,130,129,57,57,58,255,255,253,0.55239,0.55795,0.55717
1,2.1505e+05,0.48,11.372,195,800,0.4345,11.216,185.82,855.26,0.25439,0.122,0.02368,0.23171,0.11347,0.020352,0.21127,0.11151,0.018304,254,254,252,193,195,199,191,188,183,114,118,122,55,56,57,253,253,253,0.5704,0.55917,0.55787
1,2.1515e+05,0.56,11.372,195,800,0.51513,11.223,185.41,822.38,0.3132,0.12151,0.027776,0.28067,0.11584,0.02368,0.25786,0.10786,0.020096,254,253,252,193,195,199,188,185,182,111,114,120,59,59,58,252,253,253,0.55752,0.55881,0.55721
1,2.1525e+05,0.64,11.372,195,800,0.58622,11.236,186.95,689.71,0.27393,0.12674,0.025664,0.23573,0.1209,0.021568,0.21858,0.11259,0.018752,255,254,252,188,190,195,174,175,177,112,115,121,65,62,59,255,254,254,0.55344,0.55129,0.55343
1,2.1535e+05,0.72,11.372,195,800,0.67216,11.22,186.69,675.56,0.32287,0.11737,0.027904,0.28866,0.108,0.022912,0.25862,0.1048,0.019712,255,254,251,180,187,194,172,174,177,114,119,125,61,59,58,254,255,255,0.5631,0.55705,0.55554
1,2.1545e+05,0.8,11.372,195,800,0.76022,11.214,185.56,958.21,0.24033,0.11693,0.020864,0.19307,0.11217,0.01664,0.17059,0.10976,0.014464,251,251,250,197,189,191,184,180,178,126,130,131,49,51,54,255,255,255,0.56023,0.55797,0.55728
1,2.1555e+05,0.88,11.372,195,800,0.81964,11.232,186.39,752.95,0.24031,0.11708,0.021248,0.21044,0.11283,0.018112,0.19529,0.10845,0.016576,245,248,249,178,192,198,178,181,179,120,123,128,50,51,53,255,254,254,0.55502,0.55425,0.55561
1,2.1565e+05,0.96,11.372,195,800,0.89815,11.236,186.3,794.7,0.30975,0.12027,0.027712,0.27628,0.11331,0.02304,0.24038,0.10933,0.019712,248,247,249,193,195,199,183,177,177,110,116,124,51,52,54,253,254,254,0.55719,0.55221,0.55484
1,2.1575e+05,1.04,11.372,195,800,0.99152,11.221,187.95,620.65,0.25512,0.12056,0.023552,0.23254,0.11487,0.020608,0.2161,0.11017,0.018304,247,249,250,182,192,200,175,176,177,108,114,122,56,55,56,255,254,253,0.55303,0.55452,0.55402
1,2.1585e+05,1.12,11.372,195,800,1.0605,11.216,186.74,522.22,0.2259,0.11031,0.018944,0.20585,0.10581,0.016768,0.19136,0.10228,0.014912,252,250,250,177,187,199,185,180,177,113,118,124,58,57,57,255,255,253,0.55417,0.55525,0.55345
1,2.1595e+05,1.2,11.372,195,800,1.1485,11.221,188.27,863.07,0.25235,0.12006,0.02304,0.22136,0.11752,0.019904,0.20127,0.11277,0.0176,249,251,251,196,192,196,188,183,180,119,122,126,57,61,63,252,251,250,0.55592,0.55553,0.55444
1,2.1605e+05,1.28,11.372,195,800,1.2175,11.231,187.43,894.55,0.25755,0.11963,0.022464,0.2275,0.11144,0.018752,0.20866,0.10666,0.01664,254,253,252,189,197,201,178,182,183,111,118,126,76,74,70,254,250,248,0.55398,0.5546,0.55488
1,2.1615e+05,1.36,11.372,195,800,1.2886,11.226,186.89,844.26,0.22643,0.12397,0.021568,0.20961,0.11599,0.018688,0.19311,0.11202,0.01664,255,253,252,204,204,202,189,185,183,117,121,128,80,77,73,254,250,246,0.54667,0.54952,0.55266
1,2.1625e+05,1.44,11.372,195,800,1.3841,11.226,187.65,669.85,0.24773,0.12278,0.02304,0.20792,0.12019,0.019648,0.19723,0.11223,0.017536,251,252,253,218,208,200,186,185,185,132,136,136,74,73,73,251,243,237,0.55413,0.55165,0.55217
1,2.1635e+05,1.52,11.372,195,800,1.452,11.232,187.99,796.82,0.28817,0.11515,0.024,0.26568,0.10712,0.020416,0.23212,0.10461,0.017984,253,253,252,196,198,198,177,182,186,135,137,136,67,68,69,239,233,230,0.55672,0.55336,0.55276
1,2.1645e+05,1.6,11.372,195,800,1.5337,11.221,187.32,1174.6,0.20839,0.12521,0.020416,0.19349,0.12098,0.018176,0.18088,0.11327,0.016128,254,253,252,193,192,193,183,186,186,116,123,130,60,62,65,211,215,220,0.55824,0.55495,0.55381
1,2.1655e+05,1.68,11.372,195,800,1.6027,11.233,187.25,736.74,0.21124,0.10966,0.017024,0.1799,0.10835,0.01472,0.16154,0.10427,0.012544,251,252,252,214,210,206,185,186,185,117,120,123,70,70,69,221,223,223,0.55884,0.55303,0.55283
1,2.1665e+05,1.76,11.372,195,800,1.6907,11.232,186.26,781.53,0.28052,0.11979,0.02496,0.24979,0.11412,0.02144,0.21914,0.11064,0.01856,253,253,252,233,223,214,187,184,182,118,120,122,81,76,72,239,233,228,0.55419,0.55231,0.55217
1,2.1675e+05,1.84,11.372,195,800,1.7724,11.211,187.51,836.48,0.23915,0.12321,0.02208,0.21736,0.11738,0.018816,0.19917,0.10883,0.016512,253,253,253,235,233,224,176,178,176,115,118,122,78,78,76,253,247,239,0.54856,0.55048,0.5517
1,2.1685e+05,1.92,11.372,195,800,1.8477,11.22,186.63,817.65,0.22631,0.11289,0.019456,0.20059,0.10996,0.017024,0.18596,0.10487,0.015232,252,253,252,228,226,223,173,173,174,115,118,122,79,78,75,254,249,243,0.54519,0.55082,0.55162
1,2.1695e+05,2,11.372,195,800,1.9273,11.227,187.28,1074.8,0.30507,0.11643,0.025536,0.2784,0.10825,0.02112,0.23569,0.10399,0.017664,253,251,251,201,208,214,173,173,172,118,120,124,66,69,70,255,253,249,0.54731,0.54977,0.55097
1,2.1705e+05,2.08,11.372,195,800,2.0058,11.223,186.17,985.37,0.25795,0.12083,0.02336,0.224,0.11544,0.019776,0.19931,0.1129,0.017408,247,247,248,184,197,206,193,184,175,117,120,125,61,64,68,249,252,252,0.54834,0.5463,0.54925
1,2.1715e+05,2.16,11.372,195,800,2.0684,11.23,186.93,925.01,0.25685,0.12429,0.024704,0.23094,0.11943,0.021504,0.21076,0.11244,0.018752,247,247,247,182,195,204,192,184,176,118,121,126,65,67,69,248,251,252,0.54285,0.54679,0.54796
1,2.1725e+05,2.24,11.372,195,800,2.1576,11.218,187.58,659.47,0.28397,0.12606,0.026368,0.24898,0.12156,0.02208,0.21887,0.11642,0.019328,248,247,246,196,195,197,175,175,175,131,132,135,68,71,71,247,249,248,0.54596,0.54517,0.54702
1,2.1735e+05,2.32,11.372,195,800,2.2403,11.225,187.9,781.61,0.28514,0.11273,0.023552,0.20572,0.11285,0.01792,0.18561,0.10954,0.015744,245,245,245,185,188,194,174,174,175,141,141,141,66,69,73,248,247,245,0.56069,0.55069,0.54704
1,2.1745e+05,2.4,11.372,195,800,2.3209,11.221,188.05,1136.2,0.2445,0.11843,0.020864,0.20739,0.11169,0.017024,0.18012,0.10952,0.014848,238,242,245,169,180,190,181,177,174,153,157,160,78,77,79,237,234,231,0.54395,0.54252,0.54453
1,2.1755e+05,2.48,11.372,195,800,2.4079,11.223,186.62,1016.8,0.23802,0.12769,0.022912,0.20983,0.11664,0.018688,0.19146,0.11496,0.016832,246,245,245,181,182,187,173,175,176,173,175,176,96,94,91,205,210,210,0.5399,0.54551,0.5452
1,2.1765e+05,2.56,11.372,195,800,2.4631,11.24,185.56,844.15,0.26567,0.11666,0.023104,0.2343,0.11126,0.019776,0.20483,0.10834,0.017152,243,245,246,174,179,186,179,178,176,183,185,184,105,100,96,196,198,197,0.55144,0.54168,0.54141
1,2.1775e+05,2.64,11.372,195,800,2.5575,11.228,188.36,793.09,0.27138,0.12304,0.024384,0.23605,0.11373,0.020352,0.21311,0.11032,0.018048,249,247,247,174,176,182,182,179,177,207,195,186,108,104,102,171,173,175,0.54246,0.53732,0.53816
1,2.1785e+05,2.72,11.372,195,800,2.6329,11.221,187.68,646.01,0.2245,0.12507,0.020928,0.20306,0.11643,0.018176,0.19473,0.10899,0.016384,248,248,248,169,176,183,174,176,176,190,188,184,109,104,103,169,167,168,0.53849,0.5415,0.53974
1,2.1795e+05,2.8,11.372,195,800,2.7061,11.231,188.38,920.05,0.28631,0.12139,0.025344,0.25162,0.11216,0.0208,0.22428,0.11035,0.018368,250,250,251,181,184,190,173,174,174,168,171,174,101,101,105,171,175,183,0.55028,0.54696,0.54816
1,2.1805e+05,2.88,11.372,195,800,2.7888,11.22,185.11,970.59,0.24933,0.12103,0.021376,0.22481,0.11396,0.018368,0.19727,0.11015,0.016384,252,253,251,204,201,203,177,173,173,165,166,170,103,102,106,235,227,220,0.56164,0.56168,0.5621
1,2.1815e+05,2.96,11.372,195,800,2.8514,11.231,188.31,803.03,0.24021,0.11992,0.022464,0.21857,0.11163,0.019264,0.2069,0.10779,0.017408,252,251,251,201,206,208,174,176,174,164,168,171,101,103,106,252,248,237,0.56815,0.56701,0.555
1,2.2122e+05,3,11.465,195,800,2.8652,11.325,0.41279,945.83,0,0,0,0,0,0,0,0,0,250,250,250,235,222,209,175,171,172,173,176,180,105,109,115,255,255,252,0.51447,0.50255,0.4933
1,2.2132e+05,2.92,11.465,195,800,2.7941,11.33,186.08,836.01,0.3407,0.10128,0.02048,0.28758,0.095969,0.01632,0.26509,0.092908,0.014336,255,253,251,212,208,203,165,167,170,165,166,173,129,127,123,254,235,225,0.56583,0.56812,0.56663
1,2.2142e+05,2.84,11.465,195,800,2.7093,11.35,185.96,1018.3,0.22275,0.12304,0.021568,0.21178,0.11718,0.01952,0.20161,0.11083,0.017664,254,253,251,206,203,199,169,169,171,156,163,171,126,129,125,207,208,207,0.54959,0.54938,0.55045
1,2.2152e+05,2.76,11.465,195,800,2.6361,11.326,187.09,913.59,0.3116,0.11152,0.026688,0.29893,0.10142,0.022528,0.27268,0.094934,0.018624,249,249,249,197,194,194,168,170,173,165,173,180,102,113,123,156,164,174,0.53356,0.53773,0.53741
1,2.2162e+05,2.68,11.465,195,800,2.5735,11.326,186.23,932.9,0.29407,0.13241,0.030336,0.26447,0.12485,0.0256,0.24374,0.11855,0.02272,249,248,248,191,193,193,164,170,175,180,185,187,99,110,120,151,160,169,0.52691,0.53296,0.53194
1,2.2172e+05,2.6,11.465,195,800,2.5045,11.306,185.86,704.81,0.35395,0.11594,0.024064,0.18859,0.11381,0.016384,0.16703,0.1116,0.014528,246,246,247,196,196,194,170,173,176,187,192,193,104,111,116,170,174,179,0.53067,0.52891,0.53183
1,2.2182e+05,2.52,11.465,195,800,2.4217,11.323,185.52,799.75,0.24212,0.12866,0.023808,0.21135,0.12477,0.020672,0.19583,0.11733,0.01824,246,246,247,208,205,198,172,174,177,171,177,182,98,103,109,202,199,199,0.54749,0.53903,0.5363
1,2.2192e+05,2.44,11.465,195,800,2.3485,11.298,187.6,904.05,0.27217,0.11876,0.023616,0.2314,0.11302,0.019584,0.20899,0.10737,0.016704,246,246,247,217,208,197,171,174,176,161,167,174,93,98,103,209,211,211,0.54344,0.53999,0.53798
1,2.2202e+05,2.36,11.465,195,800,2.2859,11.299,186.44,765.61,0.29881,0.12358,0.028288,0.27098,0.11681,0.024384,0.25117,0.10905,0.021056,252,250,248,200,199,197,178,175,175,144,150,155,76,81,88,236,235,231,0.54444,0.54214,0.53998
1,2.2212e+05,2.28,11.465,195,800,2.1947,11.316,186.24,795.14,0.25424,0.11467,0.021184,0.21309,0.11356,0.018048,0.2017,0.10631,0.016064,253,251,248,196,199,197,173,173,176,140,142,145,69,74,81,247,244,240,0.53921,0.54255,0.54285
1,2.2222e+05,2.2,11.465,195,800,2.1024,11.325,185.08,756.17,0.27303,0.12855,0.027072,0.23663,0.12093,0.022144,0.20561,0.11623,0.018368,247,249,249,210,208,200,172,175,178,119,126,133,70,70,72,255,252,249,0.54445,0.54256,0.54275
1,2.2232e+05,2.12,11.465,195,800,2.0366,11.317,187.33,796.33,0.30725,0.11706,0.026688,0.23171,0.1155,0.020672,0.19616,0.11206,0.017152,252,249,249,232,214,204,172,179,180,129,130,130,66,68,72,255,252,250,0.5506,0.5448,0.54464
1,2.2242e+05,2.04,11.465,195,800,1.94,11.332,186.4,853.42,0.24651,0.11398,0.021184,0.22683,0.10791,0.018112,0.20482,0.10487,0.015744,254,251,250,231,215,204,167,176,179,134,133,130,71,73,74,253,250,247,0.54808,0.5453,0.5448
1,2.2252e+05,1.96,11.465,195,800,1.8594,11.327,186.28,739.52,0.23504,0.12105,0.022208,0.2128,0.1159,0.019328,0.20064,0.10714,0.017024,253,252,252,210,209,207,169,172,176,130,129,130,87,83,78,230,233,232,0.5511,0.54664,0.5455
1,2.2262e+05,1.88,11.465,195,800,1.783,11.333,185.33,861.7,0.29837,0.12114,0.02752,0.26752,0.11077,0.022464,0.23116,0.1091,0.019264,254,252,252,209,207,207,173,173,176,128,129,130,83,81,79,215,219,222,0.5583,0.54881,0.54728
1,2.2272e+05,1.8,11.465,195,800,1.7024,11.332,186.64,945.36,0.22487,0.11856,0.020672,0.19762,0.11333,0.01728,0.17932,0.10842,0.015232,253,251,252,202,203,202,175,175,177,137,135,133,75,79,81,191,199,206,0.54072,0.5456,0.54758
1,2.2282e+05,1.72,11.465,195,800,1.6249,11.335,185.21,718.13,0.26613,0.11301,0.022656,0.2414,0.10445,0.019392,0.22043,0.10148,0.017216,247,247,250,178,185,191,174,176,178,134,135,136,80,83,83,194,198,200,0.54697,0.54989,0.54991
1,2.2292e+05,1.64,11.465,195,800,1.5528,11.323,186.1,681.06,0.24209,0.13119,0.022656,0.2128,0.12062,0.019136,0.19559,0.11425,0.016896,241,246,250,175,180,187,180,178,177,132,137,140,74,81,87,198,199,199,0.5432,0.54933,0.54876
1,2.2302e+05,1.56,11.465,195,800,1.4732,11.332,186.14,948.91,0.22675,0.1168,0.020224,0.20876,0.10777,0.017152,0.19393,0.10491,0.015616,251,251,250,192,193,193,181,179,179,165,156,147,80,87,91,190,198,205,0.55536,0.54937,0.55024
1,2.2312e+05,1.48,11.465,195,800,1.3905,11.321,186.51,894.62,0.26376,0.11082,0.021376,0.2225,0.10664,0.017536,0.19734,0.10341,0.01504,254,252,251,204,206,200,181,180,180,181,162,148,91,91,91,198,206,210,0.55481,0.55113,0.5494
1,2.2322e+05,1.4,11.465,195,800,1.3289,11.307,185.9,803.58,0.27741,0.11472,0.023296,0.24717,0.10648,0.019264,0.21563,0.10525,0.01696,255,253,252,219,218,210,183,184,182,146,143,141,82,82,84,231,230,225,0.55426,0.55196,0.55107
1,2.2332e+05,1.32,11.465,195,800,1.2398,11.323,186.44,935.42,0.19675,0.11353,0.017536,0.1777,0.11027,0.015232,0.16817,0.10663,0.013888,252,253,252,212,208,207,180,180,181,119,123,129,73,72,72,245,241,234,0.54789,0.54974,0.55233
1,2.2342e+05,1.24,11.465,195,800,1.1687,11.318,187.14,885.34,0.26129,0.12139,0.023552,0.22858,0.11238,0.019584,0.20465,0.10921,0.017088,253,253,252,205,204,204,174,175,179,121,123,126,66,67,68,240,241,237,0.55938,0.55498,0.55282
1,2.2352e+05,1.16,11.465,195,800,1.087,11.311,186.48,887.85,0.25645,0.11433,0.022592,0.23007,0.10863,0.019328,0.21468,0.10164,0.016896,250,251,251,205,200,197,165,172,176,127,125,124,58,59,61,252,246,240,0.55557,0.55296,0.5523
1,2.2362e+05,1.08,11.465,195,800,1.0202,11.323,188.18,678.67,0.24331,0.12758,0.022912,0.21162,0.11821,0.019136,0.1959,0.11156,0.016768,250,250,250,198,197,196,175,174,176,127,124,124,57,57,59,253,248,241,0.55452,0.5531,0.55411
1,2.2372e+05,1,11.465,195,800,0.91725,11.327,186.54,1056.2,0.27387,0.12194,0.025088,0.23734,0.11592,0.020864,0.21791,0.1087,0.018112,248,249,249,208,203,199,178,180,179,123,125,128,54,58,60,247,246,244,0.54603,0.54996,0.55278
1,2.2382e+05,0.92,11.465,195,800,0.82919,11.362,187.27,1300.4,0.22382,0.11775,0.02016,0.20468,0.11293,0.017664,0.19014,0.10843,0.015616,247,247,247,219,212,205,185,184,181,140,139,139,59,61,64,253,251,245,0.55417,0.55237,0.55309
1,2.2392e+05,0.84,11.465,195,800,0.78144,11.317,187.08,744.9,0.2697,0.1097,0.021696,0.21178,0.10742,0.017088,0.18618,0.1016,0.014528,247,246,248,207,208,206,183,182,182,152,146,142,60,61,66,254,252,248,0.54769,0.55096,0.55371
1,2.2402e+05,0.76,11.465,195,800,0.69974,11.313,186.1,863.36,0.22919,0.12344,0.021504,0.2063,0.11704,0.018496,0.19024,0.11138,0.016448,245,248,249,197,201,204,182,178,177,141,138,138,61,63,68,255,253,250,0.5562,0.55436,0.55432
1,2.2412e+05,0.68,11.465,195,800,0.61805,11.325,186.38,892.43,0.2653,0.11278,0.021056,0.18896,0.10966,0.016256,0.1745,0.10485,0.014336,250,249,250,204,203,204,170,174,177,130,129,132,62,65,68,254,254,252,0.56202,0.5565,0.55567
1,2.2422e+05,0.6,11.465,195,800,0.54272,11.323,187.16,632.31,0.26782,0.1166,0.02368,0.25275,0.10883,0.020864,0.23546,0.10401,0.01856,246,250,251,213,212,207,177,177,178,119,122,124,72,67,64,254,252,250,0.5589,0.55531,0.55521
1,2.2432e+05,0.52,11.465,195,800,0.46633,11.318,186.78,816.08,0.25785,0.1157,0.020992,0.22286,0.10711,0.017088,0.18599,0.10541,0.014528,252,252,251,229,223,213,183,183,181,129,128,128,57,59,60,243,243,242,0.55206,0.55665,0.55519
1,2.2442e+05,0.44,11.465,195,800,0.38887,11.304,185.7,579.93,0.27088,0.11518,0.023104,0.23794,0.10706,0.019584,0.21933,0.10107,0.017024,251,251,251,239,227,212,180,181,181,132,132,131,59,59,59,242,240,239,0.56042,0.55575,0.55453
1,2.2452e+05,0.36,11.465,195,800,0.29763,11.322,186.27,668.75,0.26434,0.11516,0.021504,0.21595,0.11138,0.017088,0.16608,0.10816,0.014016,248,249,250,213,211,206,179,178,178,136,135,133,57,57,59,249,243,237,0.55029,0.55187,0.55313
1,2.2462e+05,0.28,11.465,195,800,0.21911,11.309,185.92,864.64,0.24218,0.11987,0.021888,0.20981,0.11162,0.018176,0.19393,0.10681,0.016064,249,250,250,196,199,200,182,180,178,134,132,132,52,55,60,250,244,238,0.55544,0.55114,0.55184
1,2.2472e+05,0.2,11.465,195,800,0.14803,11.319,187.02,851.18,0.29054,0.10816,0.021952,0.21216,0.10485,0.01696,0.18277,0.10368,0.014656,252,252,251,193,191,194,189,185,180,121,125,131,53,56,61,250,246,240,0.55518,0.55242,0.55433
1,2.2482e+05,0.12,11.465,195,800,0.070575,11.326,186.87,583.42,0.24208,0.10778,0.019456,0.18625,0.10589,0.015296,0.15269,0.10216,0.012544,251,251,251,197,193,193,191,185,181,139,137,137,60,62,66,235,234,232,0.55717,0.5562,0.55449
1,2.2492e+05,0.04,11.465,195,800,-0.012183,11.322,186.66,894.6,0.22562,0.11352,0.019776,0.19374,0.11162,0.017088,0.18322,0.10896,0.015488,250,250,249,185,188,192,181,182,179,146,144,141,66,68,71,219,223,224,0.55607,0.5538,0.55426
1,2.2502e+05,-0.04,11.465,195,800,-0.088574,11.304,186.54,730.81,0.23314,0.10782,0.019392,0.19873,0.10387,0.016,0.17927,0.096902,0.013632,243,245,248,172,178,186,175,175,174,148,149,148,83,86,85,191,197,206,0.558,0.55576,0.55392
1,2.2512e+05,-0.12,11.465,195,800,-0.17558,11.325,186.7,1101.7,0.28888,0.1093,0.023744,0.23862,0.10642,0.019392,0.20903,0.10339,0.016576,241,245,248,173,178,184,171,172,172,150,151,148,93,96,93,181,191,202,0.55052,0.54843,0.55309
1,2.2522e+05,-0.2,11.465,195,800,-0.20422,11.259,187.25,1141.8,0.26088,0.1278,0.022464,0.18529,0.12486,0.01728,0.1639,0.11875,0.015168,251,250,250,180,185,191,169,168,170,149,149,147,111,110,103,204,203,203,0.54153,0.5484,0.55345
1,2.2532e+05,-0.28,11.465,195,800,-0.33366,11.335,186.63,1014.3,0.31103,0.1117,0.025984,0.275,0.10869,0.021952,0.2242,0.10565,0.018176,250,251,251,199,204,207,171,170,170,152,148,145,110,110,104,210,214,215,0.55353,0.55205,0.55273
1,2.2542e+05,-0.36,11.465,195,800,-0.3952,11.3,186.6,655.69,0.21306,0.10954,0.015616,0.15115,0.10661,0.012416,0.13958,0.10176,0.0112,245,250,251,206,211,211,168,169,169,154,149,143,107,105,101,210,217,219,0.55211,0.55212,0.55117
1,2.2552e+05,-0.44,11.465,195,800,-0.4822,11.326,185.62,883.09,0.20595,0.11989,0.019136,0.17181,0.11288,0.014784,0.15196,0.10869,0.012928,248,249,250,205,205,208,164,166,169,150,144,137,99,98,97,224,223,223,0.54677,0.55686,0.55401
1,2.2562e+05,-0.52,11.465,195,800,-0.5692,11.341,187.31,1058.8,0.22028,0.10804,0.018304,0.18991,0.10462,0.01536,0.16351,0.10343,0.013312,244,248,248,201,197,201,166,165,167,141,137,133,104,100,95,224,222,222,0.55643,0.55214,0.55281
1,2.2572e+05,-0.6,11.465,195,800,-0.63923,11.304,184.48,713.82,0.2434,0.12023,0.022464,0.22498,0.11048,0.019136,0.2098,0.10857,0.01728,242,243,246,172,180,190,158,161,166,135,128,126,110,98,88,215,213,218,0.54601,0.55268,0.55387
1,2.2582e+05,-0.68,11.465,195,800,-0.7135,11.318,185.54,704.93,0.23801,0.11439,0.020096,0.21677,0.11108,0.017856,0.20494,0.10448,0.015744,242,246,247,185,189,192,163,163,164,134,128,126,82,81,80,212,213,219,0.54759,0.55739,0.55705
1,2.2592e+05,-0.76,11.465,195,800,-0.78034,11.304,187.33,877.17,0.25677,0.11458,0.021312,0.23074,0.1094,0.017856,0.17203,0.10507,0.014016,252,249,248,202,200,194,166,164,166,140,130,127,79,76,76,208,215,222,0.55577,0.55243,0.55378
1,2.2602e+05,-0.84,11.465,195,800,-0.87795,11.321,185.8,872.46,0.21711,0.11351,0.019008,0.19544,0.10943,0.016576,0.18014,0.10667,0.015104,250,250,249,199,197,193,165,169,169,142,131,127,72,70,70,211,222,232,0.56209,0.55575,0.55424
1,2.2612e+05,-0.92,11.465,195,800,-0.95222,11.322,186.87,924.53,0.23443,0.11659,0.02112,0.20489,0.11093,0.017664,0.18928,0.10501,0.015488,248,249,249,186,187,190,168,170,172,131,127,126,67,67,69,220,230,236,0.54835,0.55238,0.55285
1,2.2622e+05,-1,11.465,195,800,-1.0265,11.322,186.27,816.56,0.2138,0.11003,0.018432,0.19285,0.10391,0.015744,0.17632,0.097682,0.013568,248,246,247,176,179,184,177,175,174,128,123,123,63,65,65,240,242,244,0.56026,0.55453,0.55409
1,2.2632e+05,-1.08,11.465,195,800,-1.1146,11.323,186.59,882.71,0.22489,0.11665,0.020032,0.20435,0.11162,0.017408,0.18951,0.1072,0.015808,240,245,247,169,178,182,176,177,177,124,122,123,68,65,65,241,248,249,0.54646,0.55121,0.55237
1,2.2642e+05,-1.16,11.465,195,800,-1.1909,11.331,185.34,997.67,0.23704,0.11452,0.020736,0.20204,0.10917,0.017024,0.18272,0.10614,0.014848,249,246,246,171,177,182,181,180,180,120,122,125,69,65,65,253,251,249,0.5623,0.5519,0.55201
1,2.2652e+05,-1.24,11.465,195,800,-1.2705,11.328,185.52,1107.2,0.24104,0.1121,0.020352,0.21148,0.10791,0.017536,0.18706,0.10461,0.015296,249,249,248,200,191,185,193,188,182,140,135,130,73,77,80,243,243,245,0.5455,0.55137,0.55081
1,2.2662e+05,-1.32,11.465,195,800,-1.3501,11.331,186.74,763.61,0.26002,0.11354,0.020928,0.21123,0.11038,0.017216,0.19148,0.10457,0.01472,253,250,248,207,197,190,186,185,182,144,138,133,101,96,88,226,233,239,0.55991,0.55276,0.55094
1,2.2672e+05,-1.4,11.465,195,800,-1.4053,11.29,187.24,938.37,0.22156,0.12718,0.021504,0.20297,0.11719,0.018304,0.19127,0.11026,0.016192,249,249,250,198,198,196,179,176,176,142,136,133,108,107,93,204,213,224,0.54713,0.5495,0.55249
1,2.2682e+05,-1.48,11.465,195,800,-1.5071,11.321,185.49,1170.3,0.22171,0.1503,0.023232,0.18443,0.14113,0.019136,0.16969,0.12943,0.016384,253,252,251,183,193,197,170,172,172,137,134,131,81,81,82,196,208,221,0.54943,0.5517,0.5522
1,2.2692e+05,-1.56,11.465,195,800,-1.5888,11.326,185.23,850.37,0.19609,0.11402,0.017472,0.17269,0.10642,0.014336,0.15958,0.10267,0.012992,253,253,252,196,194,198,173,170,171,134,131,130,79,74,75,210,214,221,0.55771,0.5517,0.55262
1,2.2702e+05,-1.64,11.465,195,800,-1.6695,11.333,186.68,1143.7,0.26124,0.11789,0.022784,0.21707,0.11437,0.01856,0.18346,0.11019,0.015424,253,254,254,209,206,203,174,174,174,126,127,131,71,69,70,217,223,229,0.54806,0.55142,0.55193
1,2.2712e+05,-1.72,11.465,195,800,-1.7522,11.323,186.37,945.6,0.23221,0.11394,0.020608,0.2184,0.10873,0.018112,0.20257,0.10171,0.016064,255,254,253,215,209,205,181,176,175,131,131,134,70,70,72,222,224,231,0.55553,0.54956,0.5513
1,2.2722e+05,-1.8,11.465,195,800,-1.8042,11.292,187.26,1127.3,0.21427,0.11801,0.019136,0.19661,0.11252,0.016768,0.18393,0.10685,0.01504,251,251,251,193,198,202,172,175,178,147,144,143,90,85,80,225,231,236,0.55146,0.55131,0.55109
1,2.2732e+05,-1.88,11.465,195,800,-1.8923,11.319,186.45,875.83,0.22402,0.11207,0.018688,0.19807,0.10768,0.015808,0.17152,0.10311,0.013568,240,243,246,176,184,192,186,181,177,156,157,159,101,96,87,245,240,235,0.55128,0.54935,0.55027
1,2.2742e+05,-1.96,11.465,195,800,-1.9644,11.317,187.91,667.87,0.21313,0.11116,0.018624,0.1998,0.10409,0.016256,0.18708,0.1014,0.014848,239,241,244,178,182,188,188,182,178,170,167,169,96,92,88,237,234,232,0.54699,0.55261,0.55165
1,2.2752e+05,-2.04,11.465,195,800,-2.0397,11.304,187.17,1025.6,0.27103,0.11315,0.022464,0.24876,0.1041,0.01888,0.2167,0.10291,0.016256,247,246,246,187,187,187,181,180,178,194,196,192,81,83,85,213,215,217,0.5608,0.55159,0.54919
1,2.2762e+05,-2.12,11.465,195,800,-2.148,11.336,188.28,1073.4,0.21873,0.12827,0.021952,0.19085,0.12428,0.01856,0.17566,0.11669,0.016064,251,249,247,189,188,189,183,180,178,219,209,200,79,81,85,204,206,210,0.54618,0.54747,0.54853
1,2.2772e+05,-2.2,11.465,195,800,-2.2074,11.313,186.64,940.84,0.22367,0.11941,0.020224,0.19475,0.11479,0.017344,0.17624,0.1121,0.015552,250,250,249,185,188,193,184,181,177,215,213,211,83,85,88,200,204,208,0.55037,0.5503,0.55098
1,2.2782e+05,-2.28,11.465,195,800,-2.2827,11.306,187.67,953.94,0.22951,0.11683,0.020608,0.2046,0.11278,0.017856,0.19112,0.10477,0.015616,240,244,247,190,193,196,167,170,173,221,220,217,96,97,99,220,218,215,0.555,0.5525,0.55093
1,2.2792e+05,-2.36,11.465,195,800,-2.3697,11.322,187.07,850.55,0.21316,0.12256,0.019712,0.19127,0.11371,0.016896,0.1728,0.11082,0.014784,241,243,246,196,195,198,164,167,171,231,226,222,107,107,108,221,221,221,0.53843,0.54948,0.55239
1,2.2802e+05,-2.44,11.465,195,800,-2.4461,11.314,186.92,782.21,0.22587,0.12244,0.021056,0.19713,0.11647,0.017728,0.18321,0.11138,0.015936,247,247,247,196,199,200,168,169,171,240,237,232,139,137,134,226,226,229,0.55348,0.55196,0.55159
1,2.2812e+05,-2.52,11.465,195,800,-2.5278,11.35,188.17,994.52,0.2436,0.11925,0.022336,0.21923,0.11167,0.019264,0.20729,0.10857,0.017536,250,248,247,207,203,199,167,169,171,246,241,236,161,154,146,229,230,232,0.54262,0.54938,0.55136
1,2.2822e+05,-2.6,11.465,195,800,-2.6095,11.328,187.24,992.41,0.2815,0.12801,0.026368,0.24876,0.12383,0.0224,0.22942,0.11676,0.019456,245,246,247,210,203,198,157,161,167,249,246,241,171,166,159,243,239,239,0.55008,0.54793,0.54855
1,2.2832e+05,-2.68,11.465,195,800,-2.6657,11.317,184.7,790.38,0.31547,0.10859,0.024384,0.27227,0.10185,0.020096,0.21535,0.10225,0.01632,246,247,248,198,198,196,159,160,165,250,247,243,156,156,159,247,245,244,0.55075,0.5495,0.5486
1,2.2842e+05,-2.76,11.465,195,800,-2.7379,11.3,185.91,1147,0.26723,0.11595,0.023488,0.23463,0.11174,0.01984,0.21094,0.10921,0.017472,251,250,250,201,200,196,164,165,167,249,248,245,154,157,163,250,247,245,0.54135,0.5482,0.54828
1,2.2852e+05,-2.84,11.465,195,800,-2.8344,11.314,187.07,811.41,0.26556,0.11268,0.022912,0.23981,0.10825,0.01984,0.22042,0.10462,0.017408,253,252,250,202,194,188,176,174,171,255,252,247,180,180,177,247,243,243,0.54909,0.5464,0.54597
1,2.2862e+05,-2.92,11.465,195,800,-2.9267,11.325,187.75,1033.8,0.26226,0.11194,0.022592,0.23321,0.11026,0.02016,0.22202,0.10372,0.017984,252,251,249,183,182,179,169,170,171,255,253,248,191,189,181,237,238,242,0.5353,0.53659,0.5348
1,2.2872e+05,-3,11.465,195,800,-2.9808,11.316,186.17,790.21,0.23363,0.1092,0.019392,0.20533,0.10387,0.016512,0.19009,0.099172,0.014656,250,249,248,149,154,162,157,161,167,255,253,248,176,177,177,237,236,238,0.52225,0.51888,0.5189
1,2.2882e+05,-3.08,11.465,195,800,-3.0838,11.318,186.82,864.72,0.27535,0.11485,0.024384,0.24559,0.11024,0.020928,0.23218,0.10521,0.018688,253,250,247,145,151,156,158,160,163,255,254,248,168,168,168,223,228,233,0.52701,0.53059,0.52856
1,2.2892e+05,-3.16,11.465,195,800,-3.1517,11.323,185.45,725.81,0.26026,0.11978,0.024,0.22407,0.11782,0.020672,0.2053,0.11235,0.018176,250,249,246,168,160,159,162,160,164,255,254,248,175,171,165,224,223,230,0.53265,0.528,0.52769
1,2.2902e+05,-3.24,11.465,195,800,-3.2312,11.303,185.65,980.23,0.26085,0.1172,0.02208,0.21529,0.11516,0.01856,0.18459,0.11394,0.016064,246,245,245,181,176,171,168,168,168,252,249,245,170,165,157,226,223,224,0.52363,0.52676,0.52766
1,2.2912e+05,-3.32,11.465,195,800,-3.314,11.318,186.35,773.34,0.2875,0.11829,0.025344,0.25311,0.11114,0.02144,0.22153,0.10807,0.018368,247,245,245,179,180,175,180,175,170,251,248,242,163,157,154,227,221,222,0.52983,0.52725,0.52561
1,2.2922e+05,-3.4,11.465,195,800,-3.3999,11.333,185.14,838.06,0.31611,0.11303,0.02656,0.26475,0.10847,0.021632,0.21748,0.10826,0.018112,250,250,248,177,181,184,176,174,170,252,246,240,160,153,148,204,207,214,0.52696,0.52576,0.52411
1,2.2932e+05,-3.48,11.465,195,800,-3.4859,11.332,187.57,989.53,0.26032,0.11364,0.022848,0.22745,0.11092,0.019456,0.21012,0.10304,0.017024,255,252,250,189,192,194,168,164,164,253,247,241,163,154,146,182,189,201,0.51981,0.52197,0.5222
1,2.2942e+05,-3.56,11.465,195,800,-3.5336,11.319,186.71,683.26,0.27838,0.10834,0.022272,0.22684,0.10572,0.018496,0.21012,0.10202,0.016448,253,251,251,201,199,197,163,161,163,252,248,243,161,152,146,171,180,195,0.52149,0.52308,0.52356
1,2.2952e+05,-3.64,11.465,195,800,-3.6164,11.319,186.34,902.29,0.30316,0.10885,0.024896,0.26117,0.10621,0.0208,0.23118,0.098548,0.0176,254,250,248,193,198,198,157,162,167,255,253,249,157,150,146,165,172,186,0.52156,0.52255,0.52368
1,2.2962e+05,-3.72,11.465,195,800,-3.7119,11.317,186.83,739.48,0.27029,0.11036,0.023104,0.2347,0.10741,0.019584,0.22145,0.099397,0.017088,250,248,247,193,197,199,163,168,171,255,255,250,154,152,152,163,169,182,0.52317,0.52394,0.52312
1,2.2972e+05,-3.8,11.465,195,800,-3.7999,11.33,186.76,852.34,0.30521,0.10962,0.0256,0.2794,0.10301,0.021824,0.24103,0.1001,0.018752,241,246,247,212,205,194,178,176,177,255,253,251,181,176,171,150,158,171,0.52687,0.52517,0.5244
1,2.2982e+05,-3.88,11.465,195,800,-3.8721,11.325,186.13,908.28,0.28275,0.11454,0.024832,0.25554,0.10999,0.02176,0.23561,0.10477,0.01888,255,251,248,196,193,190,175,177,179,255,253,250,204,198,185,141,149,163,0.52306,0.52058,0.5222
1,2.2992e+05,-3.96,11.465,195,800,-3.9251,11.312,187.73,796.23,0.28883,0.1132,0.025024,0.25531,0.10769,0.020992,0.23156,0.10524,0.018496,253,250,249,188,187,187,187,184,180,254,253,251,205,196,185,141,149,161,0.5145,0.52134,0.52266
1,2.3002e+05,-4.04,11.465,195,800,-4.0238,11.326,187.15,794.7,0.25827,0.1148,0.022336,0.22877,0.10822,0.019072,0.21129,0.10666,0.017472,247,246,247,185,191,196,189,185,179,255,253,251,181,182,181,140,147,158,0.51726,0.52375,0.52346
1,2.3012e+05,-4.12,11.465,195,800,-4.1097,11.332,186.15,935.9,0.31509,0.11384,0.027648,0.27912,0.10863,0.023232,0.24777,0.10197,0.01952,247,247,247,206,204,202,177,179,178,255,253,250,185,184,184,132,142,156,0.52242,0.5231,0.52275
1,2.3022e+05,-4.2,11.465,195,800,-4.166,11.317,187.79,787.33,0.28487,0.11149,0.02368,0.24134,0.10587,0.019392,0.22496,0.1031,0.0176,253,250,248,213,212,208,174,175,177,246,244,242,221,209,197,134,142,155,0.52211,0.51931,0.51979
1,2.3032e+05,-4.28,11.465,195,800,-4.2509,11.327,186.95,720.62,0.30599,0.10951,0.02464,0.26134,0.10652,0.020672,0.23499,0.10426,0.018688,252,250,249,197,193,197,185,183,182,231,231,230,225,214,202,149,157,167,0.52183,0.52139,0.52053
1,2.3042e+05,-4.36,11.465,195,800,-4.3379,11.335,187.58,866.11,0.3153,0.11035,0.025472,0.26844,0.10648,0.02112,0.23327,0.10144,0.017856,250,249,249,183,185,190,186,186,184,229,227,225,218,209,197,168,170,175,0.52185,0.5213,0.52143
1,2.3052e+05,-4.44,11.465,195,800,-4.4132,11.313,185.19,951.4,0.30016,0.1065,0.024064,0.25616,0.1014,0.01984,0.21678,0.099475,0.016896,249,249,249,175,176,186,182,185,184,218,217,217,206,190,177,172,177,184,0.5244,0.52274,0.52281
1,2.3062e+05,-4.52,11.465,195,800,-4.4853,11.302,187.34,1054.9,0.25584,0.11572,0.022208,0.22388,0.11194,0.019008,0.20653,0.10506,0.016704,251,249,250,180,184,191,183,183,182,210,213,216,185,175,166,160,171,183,0.5189,0.52288,0.52281
1,2.3072e+05,-4.6,11.465,195,800,-4.5766,11.321,185.88,963.75,0.31052,0.10478,0.022912,0.2217,0.10409,0.01728,0.19684,0.10259,0.015232,251,251,252,212,207,202,173,174,175,219,218,218,146,146,150,150,158,172,0.51641,0.51783,0.51955
1,2.3082e+05,-4.68,11.465,195,800,-4.6487,11.322,186.49,911.21,0.29047,0.11233,0.024704,0.26101,0.10752,0.020928,0.23137,0.10209,0.018112,254,253,252,207,204,200,174,175,175,233,230,224,135,140,145,146,151,163,0.52444,0.52064,0.51919
1,2.3092e+05,-4.76,11.465,195,800,-4.7325,11.325,186.16,754.53,0.2839,0.11506,0.025216,0.25393,0.10888,0.021312,0.23741,0.10224,0.018944,253,252,251,198,193,191,183,180,177,234,230,226,142,143,143,144,149,159,0.51507,0.51816,0.51871
1,2.3102e+05,-4.84,11.465,195,800,-4.8174,11.335,186.52,935.05,0.26982,0.10741,0.021824,0.22665,0.10435,0.018112,0.20804,0.10089,0.016,247,247,247,167,171,176,183,182,180,232,230,229,136,135,137,139,146,157,0.51924,0.5188,0.5178
1,2.3112e+05,-4.92,11.465,195,800,-4.8864,11.321,185.82,631,0.27106,0.11017,0.022848,0.23842,0.10487,0.0192,0.21641,0.10145,0.017152,242,244,246,166,168,171,180,181,181,236,234,232,121,125,133,142,148,159,0.52035,0.51875,0.51736
1,2.3122e+05,-5,11.465,195,800,-4.9766,11.318,185.78,698.36,0.27895,0.11114,0.023552,0.24093,0.10484,0.0192,0.21485,0.10146,0.017024,246,245,247,166,168,171,193,187,182,249,246,243,116,119,128,154,155,163,0.51351,0.51379,0.51521
1,2.3132e+05,-5.08,11.465,195,800,-5.0445,11.33,185.28,887.93,0.30762,0.11624,0.027328,0.27548,0.10978,0.022912,0.24115,0.10748,0.01952,253,251,249,167,168,172,188,186,182,255,255,252,126,131,139,151,156,164,0.5125,0.51438,0.5146
1,2.3142e+05,-5.16,11.465,195,800,-5.1262,11.327,185.39,1076.2,0.31049,0.10438,0.02432,0.2399,0.10435,0.019392,0.21521,0.10156,0.016768,251,251,249,162,166,172,188,183,181,255,255,254,137,140,147,147,152,162,0.50736,0.51236,0.51327
1,2.3152e+05,-5.24,11.465,195,800,-5.1994,11.335,187.24,622.49,0.3091,0.11143,0.02656,0.2717,0.10762,0.022464,0.24047,0.10148,0.019008,246,245,247,163,169,178,187,184,180,255,255,255,151,160,167,137,144,158,0.51712,0.51434,0.51398
1,2.3162e+05,-5.32,11.465,195,800,-5.2747,11.309,185.5,977.92,0.27742,0.11012,0.023168,0.23433,0.10623,0.019392,0.22116,0.099181,0.01696,242,243,246,180,181,183,191,186,180,255,255,255,161,168,174,138,145,158,0.50588,0.51145,0.51306
1,2.3172e+05,-5.4,11.465,195,800,-5.3649,11.337,184.51,813.23,0.31291,0.10915,0.026048,0.27831,0.10146,0.021568,0.24242,0.10003,0.01856,246,246,247,216,204,194,187,185,183,255,255,255,170,177,182,145,150,162,0.51891,0.51436,0.51429
1,2.3182e+05,-5.48,11.465,195,800,-5.4381,11.341,185.91,862.53,0.27306,0.10605,0.021632,0.22713,0.10394,0.018048,0.20579,0.10108,0.016128,251,250,249,188,193,194,189,189,184,255,255,255,178,183,188,146,152,168,0.51404,0.51565,0.51489
1,2.3192e+05,-5.56,11.465,195,800,-5.5219,11.316,185.16,968.33,0.29243,0.1227,0.02784,0.27023,0.11406,0.023936,0.24755,0.10916,0.020864,250,250,250,182,185,190,190,189,185,255,255,255,187,190,193,147,155,172,0.51085,0.51566,0.51633
1,2.3202e+05,-5.64,11.465,195,800,-5.6089,11.327,186.84,901.14,0.24524,0.11408,0.021568,0.22737,0.10632,0.018688,0.20627,0.10237,0.01632,250,250,250,182,182,182,185,185,182,255,255,255,217,211,206,164,169,180,0.52587,0.51994,0.51974
1,2.3212e+05,-5.72,11.465,195,800,-5.6588,11.317,186.28,578.7,0.24137,0.12163,0.022848,0.21327,0.11786,0.019712,0.20091,0.11265,0.0176,251,251,250,178,177,179,184,182,179,255,255,255,228,219,212,175,175,184,0.52374,0.52538,0.52689
1,2.3222e+05,-5.8,11.465,195,800,-5.7564,11.331,186.21,854.94,0.27567,0.11754,0.025216,0.24743,0.11032,0.02112,0.22672,0.10431,0.018432,246,248,249,154,167,179,170,174,175,255,255,255,237,232,223,181,187,197,0.53778,0.53778,0.53728
1,2.3232e+05,-5.88,11.465,195,800,-5.8201,11.321,186.53,744.46,0.25992,0.10984,0.021824,0.23084,0.10222,0.018112,0.20626,0.10049,0.016064,246,248,249,179,183,188,176,175,174,255,255,255,247,237,225,217,214,214,0.54713,0.54735,0.54838
1,2.3242e+05,-5.96,11.465,195,800,-5.8965,11.316,186.14,844.05,0.26165,0.118,0.023936,0.23303,0.11359,0.020736,0.21689,0.11013,0.018688,248,250,250,193,194,194,179,176,175,255,255,255,236,231,225,229,222,221,0.57776,0.56804,0.54608
1,2.3943e+05,-3,11.558,195,800,-2.9639,11.403,0.24065,806.63,0,0,0,0,0,0,0,0,0,255,254,253,209,204,195,164,165,167,255,255,255,212,211,207,237,237,239,0.51375,0.51605,0.51354
1,2.3953e+05,-2.92,11.558,195,800,-2.8928,11.417,187.16,731.77,0.22038,0.10162,0.016384,0.20428,0.09775,0.014592,0.18303,0.093684,0.01248,255,255,253,236,224,208,166,166,166,255,255,255,251,239,216,225,233,241,0.54159,0.5477,0.54296
1,2.3963e+05,-2.84,11.558,195,800,-2.8217,11.417,185.76,702.37,0.18194,0.12334,0.017728,0.17171,0.12019,0.01632,0.15961,0.1139,0.0144,255,254,253,239,229,213,168,165,165,255,255,255,253,237,216,234,237,242,0.5554,0.55,0.54881
1,2.3973e+05,-2.76,11.558,195,800,-2.7453,11.4,187.18,740.71,0.28191,0.15776,0.028416,0.27289,0.1445,0.0256,0.27431,0.10617,0.021824,255,253,252,237,226,212,156,159,163,255,255,254,201,207,209,235,240,243,0.54184,0.54879,0.54765
1,2.3983e+05,-2.68,11.558,195,800,-2.6594,11.421,185.92,902.27,0.29716,0.11711,0.024704,0.24959,0.11011,0.020224,0.20866,0.1095,0.017472,254,252,250,226,217,207,158,160,162,255,255,254,199,204,207,231,236,242,0.54175,0.54798,0.54753
1,2.3993e+05,-2.6,11.558,195,800,-2.584,11.419,186.42,895.79,0.32102,0.13842,0.030784,0.28271,0.13104,0.025792,0.2481,0.11513,0.02176,247,248,249,184,192,197,165,167,168,255,255,254,227,220,207,222,229,236,0.54695,0.54961,0.54842
1,2.4003e+05,-2.52,11.558,195,800,-2.5331,11.416,186.19,814.49,0.2463,0.12311,0.022848,0.21394,0.11421,0.019072,0.19816,0.11054,0.016832,251,249,248,193,191,190,184,180,175,255,255,253,195,195,190,220,224,228,0.53706,0.5446,0.54823
1,2.4013e+05,-2.44,11.558,195,800,-2.4376,11.43,187.27,756.97,0.30032,0.1235,0.028096,0.26713,0.11813,0.023616,0.2368,0.11131,0.020288,251,249,248,198,194,191,187,182,177,255,254,252,171,174,175,211,217,223,0.54159,0.54737,0.54925
1,2.4023e+05,-2.36,11.558,195,800,-2.3474,11.399,186.46,730.43,0.28358,0.12069,0.025152,0.23523,0.11823,0.021184,0.20684,0.11088,0.017856,247,247,247,197,197,194,174,177,177,255,253,248,136,140,143,193,202,212,0.54738,0.54939,0.54917
1,2.4033e+05,-2.28,11.558,195,800,-2.3092,11.442,185.37,969.57,0.28185,0.12748,0.025664,0.2642,0.1207,0.021376,0.18957,0.11454,0.01696,249,248,247,202,199,193,177,177,176,254,251,246,119,126,130,189,196,204,0.54848,0.54919,0.54878
1,2.4043e+05,-2.2,11.558,195,800,-2.2127,11.423,185.12,923.97,0.35722,0.1242,0.0336,0.31608,0.11662,0.028096,0.29328,0.10758,0.024064,250,250,248,194,192,189,176,176,175,243,244,241,103,105,110,178,185,193,0.55607,0.55058,0.54945
1,2.4053e+05,-2.12,11.558,195,800,-2.1225,11.418,185.52,731.64,0.22115,0.12138,0.019584,0.19019,0.11688,0.016768,0.17505,0.11252,0.015296,245,245,245,184,181,180,172,174,176,244,238,230,98,99,99,189,187,189,0.54294,0.54851,0.55012
1,2.4063e+05,-2.04,11.558,195,800,-2.0397,11.407,184.9,719.68,0.26588,0.13282,0.0272,0.24763,0.12363,0.023616,0.22673,0.12052,0.02112,235,241,244,174,176,177,180,178,178,230,227,222,101,100,98,189,192,193,0.54746,0.5506,0.55079
1,2.4073e+05,-1.96,11.558,195,800,-1.9665,11.417,186.2,780.18,0.26817,0.10631,0.01984,0.19523,0.10714,0.015552,0.1751,0.10184,0.013312,246,244,245,178,179,182,184,184,181,205,203,199,95,97,97,207,210,208,0.55219,0.55175,0.55056
1,2.4083e+05,-1.88,11.558,195,800,-1.9029,11.427,185.41,848.46,0.2575,0.12327,0.024,0.2342,0.11553,0.020544,0.21521,0.10804,0.017856,252,249,246,197,191,187,181,182,181,189,190,187,90,94,95,225,223,214,0.54436,0.54871,0.54941
1,2.4093e+05,-1.8,11.558,195,800,-1.8084,11.402,185.86,864.27,0.24888,0.11615,0.021504,0.21001,0.11195,0.017984,0.19345,0.109,0.016064,251,252,250,212,206,198,178,178,181,162,164,166,85,89,90,233,228,220,0.53816,0.54923,0.54886
1,2.4103e+05,-1.72,11.558,195,800,-1.7342,11.436,186.14,776.67,0.23406,0.12427,0.022144,0.20415,0.11686,0.018752,0.19752,0.11118,0.017024,254,254,252,202,199,197,182,179,179,154,153,156,81,84,86,229,220,212,0.54021,0.54544,0.54735
1,2.4113e+05,-1.64,11.558,195,800,-1.6451,11.413,186.9,1201.5,0.25481,0.12953,0.024832,0.22131,0.12668,0.021504,0.20249,0.12046,0.018816,255,254,253,189,193,195,170,175,179,149,152,154,79,82,84,224,216,207,0.55017,0.54966,0.55036
1,2.4123e+05,-1.56,11.558,195,800,-1.5697,11.419,186.66,1200,0.21101,0.12816,0.0208,0.19364,0.12168,0.018304,0.18131,0.11517,0.01632,252,252,251,185,186,191,174,175,178,144,150,154,76,80,84,214,203,199,0.55511,0.55322,0.55138
1,2.4133e+05,-1.48,11.558,195,800,-1.4965,11.411,186.21,999.79,0.27267,0.12122,0.024704,0.23804,0.11414,0.020544,0.20482,0.11226,0.017664,246,248,249,191,188,189,182,180,179,144,151,155,77,81,86,196,201,203,0.55192,0.54983,0.55033
1,2.4143e+05,-1.4,11.558,195,800,-1.4191,11.413,186.38,759.46,0.23315,0.12173,0.021376,0.20293,0.11604,0.018368,0.19604,0.10879,0.016384,242,243,246,174,180,184,188,185,182,150,153,154,93,94,92,238,226,218,0.55427,0.55051,0.54987
1,2.4153e+05,-1.32,11.558,195,800,-1.3395,11.435,185.92,988.55,0.28554,0.11386,0.024768,0.2656,0.10663,0.02144,0.23762,0.1034,0.018688,248,246,246,172,175,180,193,189,183,149,152,153,93,93,88,245,242,237,0.55425,0.54892,0.54829
1,2.4163e+05,-1.24,11.558,195,800,-1.2525,11.416,186.78,958.92,0.28242,0.13591,0.0272,0.24961,0.1187,0.023104,0.23416,0.11262,0.020288,248,248,247,173,176,179,194,187,181,154,152,151,77,81,83,247,244,240,0.54594,0.54972,0.54983
1,2.4173e+05,-1.16,11.558,195,800,-1.1909,11.441,186.66,959.84,0.29722,0.11762,0.022336,0.22314,0.11425,0.018048,0.19955,0.1064,0.015808,250,249,247,191,188,184,168,170,174,144,148,146,62,65,69,249,243,236,0.54849,0.5524,0.55342
1,2.4183e+05,-1.08,11.558,195,800,-1.1018,11.431,185.99,787.22,0.29861,0.11041,0.024256,0.26693,0.10517,0.0208,0.24823,0.098488,0.01792,251,249,246,209,198,186,161,166,171,136,142,143,58,62,67,246,240,234,0.55761,0.55086,0.54888
1,2.4193e+05,-1,11.558,195,800,-1.0159,11.404,185.69,786.99,0.19974,0.12119,0.017984,0.1803,0.11598,0.015936,0.17049,0.10937,0.0144,248,245,245,217,202,190,177,171,170,130,132,136,61,62,66,247,236,224,0.55988,0.55306,0.55109
1,2.4203e+05,-0.92,11.558,195,800,-0.94055,11.419,186.91,915.01,0.25302,0.12091,0.023104,0.22599,0.11502,0.019904,0.20354,0.11117,0.0176,244,245,246,190,191,189,176,174,170,127,132,137,67,70,73,240,226,213,0.54831,0.55067,0.55163
1,2.4213e+05,-0.84,11.558,195,800,-0.85461,11.418,186.4,1075.7,0.31781,0.11383,0.024576,0.26585,0.10771,0.0192,0.17126,0.11074,0.014208,245,246,248,189,190,191,176,171,168,131,136,140,80,78,76,233,218,206,0.54419,0.548,0.55079
1,2.4223e+05,-0.76,11.558,195,800,-0.77292,11.423,185.91,1060.9,0.21329,0.11964,0.01952,0.1931,0.11035,0.016704,0.17822,0.10572,0.014784,251,251,249,194,196,195,163,164,165,141,144,145,85,84,81,218,205,196,0.54701,0.5566,0.55248
1,2.4233e+05,-0.68,11.558,195,800,-0.71562,11.422,185.74,907.62,0.24405,0.12652,0.02208,0.2055,0.12289,0.018496,0.17954,0.11709,0.016256,253,251,249,198,199,196,169,166,163,139,143,145,82,82,83,212,201,194,0.55122,0.55028,0.55059
1,2.4243e+05,-0.6,11.558,195,800,-0.62331,11.424,184.89,791.39,0.24623,0.12731,0.023552,0.21889,0.11986,0.019968,0.19782,0.11441,0.017536,248,249,249,204,198,197,167,164,164,131,136,141,80,82,84,204,199,195,0.55628,0.55308,0.55169
1,2.4253e+05,-0.52,11.558,195,800,-0.55435,11.416,186.39,939.97,0.27027,0.12372,0.025344,0.24391,0.11666,0.02144,0.22479,0.11094,0.018816,255,253,250,207,206,203,162,164,166,136,139,141,89,87,89,207,200,196,0.54693,0.55359,0.55195
1,2.4263e+05,-0.44,11.558,195,800,-0.46417,11.413,186.22,902.71,0.28344,0.11887,0.025152,0.26136,0.11375,0.021824,0.23276,0.10893,0.019328,255,254,251,225,216,207,167,168,168,146,145,144,88,89,92,204,199,195,0.55511,0.55047,0.55084
1,2.4273e+05,-0.36,11.558,195,800,-0.38671,11.413,185.6,869.38,0.30354,0.12584,0.028224,0.26233,0.12077,0.022912,0.22385,0.11627,0.018944,254,253,252,232,221,209,177,173,171,150,150,149,86,93,98,193,190,190,0.5394,0.55083,0.5508
1,2.4283e+05,-0.28,11.558,195,800,-0.31244,11.418,185.91,819.29,0.2592,0.11691,0.021824,0.20671,0.11121,0.017408,0.17978,0.10711,0.014912,252,252,251,219,212,205,173,172,170,147,149,151,93,98,101,183,184,185,0.55929,0.55131,0.54928
1,2.4293e+05,-0.2,11.558,195,800,-0.23711,11.412,185.96,759.64,0.21486,0.12683,0.021056,0.19936,0.11776,0.018112,0.18537,0.11313,0.016256,250,250,250,185,191,194,165,166,167,156,155,155,106,106,103,162,169,175,0.54359,0.54986,0.55211
1,2.4303e+05,-0.12,11.558,195,800,-0.15966,11.408,185.25,780.88,0.31256,0.11496,0.0256,0.26295,0.11154,0.020544,0.20913,0.10519,0.016192,250,248,248,186,189,191,166,167,170,165,162,158,113,104,96,174,174,176,0.54852,0.55442,0.55483
1,2.4313e+05,-0.04,11.558,195,800,-0.074781,11.413,185.67,824.14,0.25054,0.1212,0.022784,0.22503,0.11792,0.01984,0.20619,0.11061,0.017664,247,247,247,198,195,194,171,171,172,166,163,159,102,95,89,192,185,181,0.55963,0.55485,0.55325
1,2.4323e+05,0.04,11.558,195,800,0.000549,11.418,186.19,1118.7,0.26794,0.11064,0.022272,0.2341,0.1078,0.019008,0.20651,0.10327,0.01632,251,249,248,216,209,200,178,179,179,162,160,156,70,72,74,205,203,199,0.5548,0.54933,0.54906
1,2.4333e+05,0.12,11.558,195,800,0.092856,11.389,185.59,996.68,0.20234,0.12124,0.019072,0.18839,0.11358,0.016704,0.17602,0.10957,0.015104,253,252,250,217,210,202,178,179,180,160,155,152,64,66,69,217,211,206,0.5458,0.55196,0.55073
1,2.4343e+05,0.2,11.558,195,800,0.17243,11.402,185.47,784.7,0.30153,0.11759,0.02656,0.27323,0.10998,0.0224,0.2421,0.10619,0.019328,255,253,251,196,202,205,172,175,177,140,143,146,69,65,63,216,215,212,0.54835,0.5531,0.55191
1,2.4353e+05,0.28,11.558,195,800,0.23821,11.412,186.44,647.11,0.25109,0.11371,0.021568,0.21623,0.1101,0.018496,0.19959,0.1073,0.016512,248,248,249,206,207,207,169,169,172,140,141,142,64,63,62,201,206,211,0.54632,0.5511,0.55068
1,2.4363e+05,0.36,11.558,195,800,0.31885,11.412,185.89,691.32,0.2564,0.11454,0.022336,0.22949,0.11058,0.019264,0.20565,0.10682,0.016768,245,247,249,212,210,208,168,169,172,139,141,142,62,61,61,196,203,210,0.54615,0.54819,0.55071
1,2.4373e+05,0.44,11.558,195,800,0.3772,11.432,187.3,758.88,0.28515,0.11753,0.025472,0.25831,0.10716,0.021056,0.22969,0.10553,0.018752,250,250,249,205,206,207,179,177,175,145,141,139,59,59,60,203,211,219,0.54474,0.54984,0.55177
1,2.4383e+05,0.52,11.558,195,800,0.46845,11.417,187.11,723.8,0.29187,0.10822,0.023168,0.24741,0.10239,0.018688,0.22075,0.10017,0.016384,254,251,250,200,203,207,184,180,177,140,138,136,59,59,61,224,225,226,0.55577,0.55406,0.55337
1,2.4393e+05,0.6,11.558,195,800,0.55863,11.413,187.45,843.36,0.24262,0.11874,0.022208,0.21548,0.11196,0.018432,0.19235,0.10955,0.016576,252,251,250,216,211,210,174,177,178,131,132,134,62,64,67,254,248,239,0.56261,0.55504,0.55266
1,2.4403e+05,0.68,11.558,195,800,0.63502,11.414,186.25,755.62,0.19715,0.11964,0.017984,0.18186,0.11055,0.015744,0.17352,0.10753,0.014336,249,249,249,218,217,216,179,178,176,142,144,146,88,88,83,248,244,238,0.53723,0.54918,0.55095
1,2.4413e+05,0.76,11.558,195,800,0.70929,11.416,186.37,695.6,0.31671,0.12743,0.030784,0.30163,0.11802,0.026944,0.27691,0.11357,0.023936,249,248,249,218,219,218,180,178,177,157,159,157,108,100,87,237,236,234,0.5591,0.55328,0.5512
1,2.4423e+05,0.84,11.558,195,800,0.81327,11.393,184.78,1039.7,0.22107,0.11272,0.019072,0.17842,0.10832,0.014848,0.15586,0.10354,0.012672,247,247,249,225,223,217,174,179,181,183,178,166,92,93,91,226,227,227,0.56414,0.55274,0.55253
1,2.4433e+05,0.92,11.558,195,800,0.8642,11.4,186.63,835.36,0.25444,0.126,0.02432,0.23071,0.11796,0.020736,0.20563,0.11538,0.018048,248,248,249,224,218,212,180,181,181,171,169,163,81,87,86,231,226,224,0.55098,0.5532,0.55184
1,2.4443e+05,1,11.558,195,800,0.94165,11.409,185.23,1035,0.23568,0.11429,0.020032,0.19474,0.11047,0.016704,0.18316,0.105,0.014784,251,251,251,185,193,203,178,180,181,140,143,148,76,76,74,212,218,223,0.54601,0.55277,0.55304
1,2.4453e+05,1.08,11.558,195,800,1.0308,11.409,185.84,815.63,0.24488,0.12174,0.022528,0.21809,0.11765,0.019584,0.1985,0.11244,0.017216,254,252,251,207,205,201,177,177,177,137,137,137,60,64,69,217,219,222,0.55903,0.55012,0.5509
1,2.4463e+05,1.16,11.558,195,800,1.0902,11.432,186.47,773.15,0.23165,0.11927,0.020224,0.195,0.11171,0.016704,0.17439,0.10919,0.014784,251,252,251,229,212,204,180,177,177,130,135,137,65,68,70,214,219,221,0.53784,0.54877,0.55105
1,2.4473e+05,1.24,11.558,195,800,1.1878,11.397,185.78,1018.7,0.24888,0.12583,0.023296,0.21767,0.11814,0.019392,0.19739,0.11734,0.017728,251,250,250,203,204,206,182,179,179,137,139,142,77,77,76,207,211,212,0.54012,0.54411,0.54789
1,2.4483e+05,1.32,11.558,195,800,1.2451,11.419,186.59,891.62,0.25843,0.11519,0.022848,0.22469,0.11145,0.019264,0.20612,0.10819,0.01728,248,248,249,210,203,202,185,182,181,146,148,147,75,76,79,195,204,207,0.54679,0.54633,0.5476
1,2.4493e+05,1.4,11.558,195,800,1.3374,11.414,185,963.06,0.23694,0.12401,0.02176,0.20024,0.12212,0.01888,0.18909,0.11607,0.017088,249,248,248,200,198,198,180,183,183,150,154,157,85,86,89,195,195,194,0.5496,0.54744,0.54861
1,2.4503e+05,1.48,11.558,195,800,1.4318,11.403,186.56,834.49,0.234,0.1214,0.020928,0.20153,0.11488,0.017728,0.1867,0.11247,0.016192,248,250,249,189,189,189,178,179,182,153,155,158,139,120,101,183,184,183,0.54502,0.54449,0.54687
1,2.4513e+05,1.56,11.558,195,800,1.5072,11.409,186.92,859.4,0.22416,0.1252,0.020992,0.19839,0.11715,0.017984,0.18139,0.11224,0.016192,251,250,249,178,183,186,172,176,181,161,158,157,157,124,103,180,180,180,0.55755,0.54961,0.546
1,2.4523e+05,1.64,11.558,195,800,1.5857,11.404,185.83,1043.3,0.29954,0.12167,0.027904,0.27473,0.11068,0.023424,0.25114,0.1075,0.0208,248,248,249,169,177,183,169,175,179,157,154,152,105,103,96,184,181,176,0.53957,0.54503,0.54584
1,2.4533e+05,1.72,11.558,195,800,1.6387,11.427,185.73,857.66,0.20901,0.12831,0.020352,0.1847,0.12425,0.017664,0.17507,0.11425,0.015616,249,249,249,177,181,185,178,177,179,155,151,149,100,93,88,183,180,177,0.53642,0.54372,0.54475
1,2.4543e+05,1.8,11.558,195,800,1.7416,11.411,187.4,904.72,0.25186,0.12248,0.02272,0.21837,0.1201,0.019712,0.19698,0.11546,0.017088,254,251,250,180,188,191,176,178,179,150,146,142,75,77,81,169,176,182,0.5445,0.54817,0.54588
1,2.4553e+05,1.88,11.558,195,800,1.8106,11.422,185.88,815.95,0.44172,0.11547,0.032832,0.42662,0.10574,0.027328,0.37529,0.10547,0.022912,254,252,252,183,194,200,183,182,181,137,137,138,73,78,80,186,194,200,0.53421,0.53945,0.54328
1,2.4563e+05,1.96,11.558,195,800,1.8976,11.394,185.44,1107.8,0.27737,0.116,0.023872,0.24134,0.10708,0.019648,0.2124,0.10348,0.016896,254,252,252,195,201,203,187,183,181,132,136,139,81,83,80,210,211,213,0.54576,0.54601,0.54345
1,2.4573e+05,2.04,11.558,195,800,1.9602,11.419,185.3,1062.2,0.24339,0.11365,0.02112,0.21608,0.10962,0.01824,0.19326,0.10677,0.015936,247,249,251,187,200,207,180,180,181,148,146,141,78,79,79,248,239,236,0.53611,0.53714,0.54011
1,2.4583e+05,2.12,11.558,195,800,2.0546,11.409,186.17,974.3,0.20772,0.14072,0.02272,0.19909,0.13241,0.020544,0.19267,0.12708,0.019072,248,248,250,179,195,207,178,180,180,151,148,142,80,77,78,253,247,243,0.54564,0.53943,0.53878
1,2.4593e+05,2.2,11.558,195,800,2.1459,11.39,186,950.14,0.29142,0.12244,0.027072,0.26583,0.11721,0.023616,0.24487,0.10958,0.020608,246,249,250,199,198,203,181,179,177,139,141,145,82,84,84,248,246,243,0.52954,0.53643,0.5365
1,2.4603e+05,2.28,11.558,195,800,2.2042,11.418,185.44,747.8,0.27504,0.12475,0.024832,0.23383,0.11673,0.020032,0.19467,0.11345,0.017024,250,251,251,198,201,204,177,176,175,161,158,158,96,99,99,228,230,231,0.53591,0.5325,0.53384
1,2.4613e+05,2.36,11.558,195,800,2.2817,11.402,186.84,888.71,0.32695,0.11901,0.025344,0.24582,0.11048,0.019712,0.21081,0.10715,0.016832,249,251,252,195,201,205,178,177,174,177,172,169,113,111,108,214,220,223,0.52965,0.53307,0.53272
1,2.4623e+05,2.44,11.558,195,800,2.3528,11.436,186.71,899.02,0.25978,0.11734,0.022144,0.23704,0.10914,0.019072,0.20653,0.10568,0.016192,251,251,251,196,204,209,179,177,175,207,196,189,146,134,123,198,204,205,0.53358,0.52993,0.52921
1,2.4633e+05,2.52,11.558,195,800,2.4355,11.409,186.48,832.32,0.2481,0.12042,0.022912,0.22582,0.11295,0.01984,0.20814,0.11168,0.018176,251,251,250,200,207,211,179,178,177,219,205,195,146,137,128,191,195,195,0.53117,0.52831,0.52915
1,2.4643e+05,2.6,11.558,195,800,2.5194,11.409,186.69,739.38,0.30053,0.11907,0.025472,0.26602,0.11066,0.020544,0.2324,0.10967,0.017856,251,250,249,213,211,209,188,183,177,212,203,197,149,140,133,179,177,176,0.52371,0.52491,0.52689
1,2.4653e+05,2.68,11.558,195,800,2.5904,11.417,186.3,916.46,0.26637,0.13273,0.0272,0.24661,0.12537,0.023872,0.22516,0.12155,0.02112,243,246,248,202,204,206,182,180,175,199,191,188,158,149,141,176,169,168,0.53082,0.52932,0.53006
1,2.4663e+05,2.76,11.558,195,800,2.6753,11.416,187.89,758.71,0.25591,0.11751,0.023232,0.2275,0.11417,0.020096,0.1983,0.10979,0.017088,242,246,249,210,204,203,184,176,172,189,185,183,164,153,144,172,170,174,0.53455,0.53373,0.53432
1,2.4673e+05,2.84,11.558,195,800,2.7655,11.392,186.24,757.84,0.19528,0.11946,0.017728,0.18468,0.1097,0.015808,0.16736,0.1071,0.014144,253,251,251,193,197,200,166,168,168,183,183,182,162,153,141,198,206,209,0.55315,0.54851,0.54841
1,2.4683e+05,2.92,11.558,195,800,2.8366,11.397,187.23,1038.3,0.25134,0.11707,0.02272,0.23531,0.10854,0.01952,0.21111,0.10454,0.01728,250,251,251,183,190,199,166,166,169,194,188,185,152,143,135,235,232,226,0.56778,0.56877,0.56593
1,2.4693e+05,3,11.558,195,800,2.9002,11.407,153.12,658.05,0.28141,0.11179,0.023616,0.2355,0.1093,0.01952,0.20648,0.10622,0.017216,243,246,249,187,191,198,166,170,173,210,200,192,125,123,123,254,253,250,0.46023,0.47796,0.48792
1,2.4995e+05,3,11.651,195,800,2.8642,11.513,0.19431,667.33,0,0,0,0,0,0,0,0,0,250,251,250,185,189,196,196,185,177,192,195,198,120,120,123,236,237,230,0.54556,0.51853,0.50449
1,2.5005e+05,2.92,11.651,195,800,2.7814,11.521,186.02,715.72,0.29444,0.10757,0.02176,0.28682,0.10038,0.018816,0.24072,0.098922,0.01664,254,254,251,198,197,201,168,168,170,199,197,197,123,132,138,251,233,214,0.56238,0.56628,0.5658
1,2.5015e+05,2.84,11.651,195,800,2.7252,11.509,186.81,954.49,0.31158,0.11429,0.025472,0.29493,0.10793,0.02208,0.27074,0.10068,0.018304,254,253,251,197,202,206,158,163,168,197,197,195,148,149,147,213,210,202,0.54575,0.54832,0.54768
1,2.5025e+05,2.76,11.651,195,800,2.6541,11.502,187,792.52,0.25847,0.11506,0.0224,0.22543,0.10958,0.019008,0.21223,0.10277,0.016832,250,249,250,209,212,215,163,166,172,186,190,194,170,164,155,166,169,174,0.53121,0.53483,0.53485
1,2.5035e+05,2.68,11.651,195,800,2.5522,11.527,187.21,906.81,0.26103,0.12153,0.024512,0.24015,0.11524,0.02112,0.21844,0.11045,0.018752,249,250,250,208,216,220,166,173,177,183,191,196,153,156,153,157,163,168,0.53094,0.52801,0.52749
1,2.5045e+05,2.6,11.651,195,800,2.4992,11.505,185.96,577.88,0.3796,0.10955,0.02944,0.28311,0.10611,0.022016,0.23367,0.10387,0.018176,253,253,252,228,225,223,186,182,179,203,205,205,135,141,142,164,168,172,0.52361,0.52368,0.5238
1,2.5055e+05,2.52,11.651,195,800,2.4101,11.518,186.37,859.46,0.28997,0.11894,0.026688,0.26467,0.11054,0.022848,0.2429,0.10737,0.019904,253,253,253,228,222,219,168,172,176,205,211,210,140,142,140,196,192,190,0.52819,0.52759,0.52787
1,2.5065e+05,2.44,11.651,195,800,2.3262,11.517,187.73,1026.2,0.29659,0.11189,0.025024,0.26164,0.1039,0.020864,0.23856,0.09704,0.01792,254,254,253,215,215,216,167,170,173,199,206,206,143,142,136,212,205,199,0.52532,0.5268,0.52902
1,2.5075e+05,2.36,11.651,195,800,2.2605,11.524,187,1001.8,0.30572,0.11871,0.027712,0.26571,0.11354,0.023296,0.23456,0.10587,0.019264,255,254,253,222,215,210,170,171,172,191,189,188,123,126,125,223,218,213,0.51645,0.52828,0.53075
1,2.5085e+05,2.28,11.651,195,800,2.1788,11.517,186.64,1110.9,0.27369,0.1172,0.024512,0.23636,0.11006,0.02016,0.21069,0.10482,0.017216,254,253,252,220,213,208,170,172,174,176,176,176,117,117,116,216,218,219,0.52887,0.52929,0.53122
1,2.5095e+05,2.2,11.651,195,800,2.1024,11.532,187.17,958.36,0.2862,0.11348,0.02496,0.26556,0.10702,0.021632,0.23262,0.10335,0.018432,253,252,251,202,204,205,177,178,177,151,156,161,101,98,97,236,231,227,0.52866,0.53558,0.53385
1,2.5105e+05,2.12,11.651,195,800,2.0313,11.504,186.62,622.69,0.24966,0.12449,0.024,0.22657,0.1184,0.0208,0.20915,0.11316,0.018432,255,253,251,217,211,205,186,184,182,153,154,154,71,78,84,239,236,228,0.53733,0.53259,0.53296
1,2.5115e+05,2.04,11.651,195,800,1.9464,11.513,187.23,1229.5,0.33574,0.12877,0.033216,0.31185,0.11837,0.02816,0.29099,0.11031,0.024192,255,253,251,226,213,206,188,187,185,152,151,150,69,76,82,225,226,223,0.52833,0.53325,0.53419
1,2.5125e+05,1.96,11.651,195,800,1.8721,11.504,186.41,1167.4,0.20077,0.12435,0.019648,0.1788,0.12122,0.016832,0.17071,0.11406,0.015104,252,251,251,200,201,202,190,190,186,139,140,144,94,86,81,201,205,204,0.53513,0.53302,0.5346
1,2.5135e+05,1.88,11.651,195,800,1.7851,11.523,186.87,1062.3,0.30863,0.11865,0.027776,0.26147,0.11071,0.022016,0.21554,0.109,0.017984,248,250,250,191,194,200,188,187,186,135,139,143,96,86,81,195,194,192,0.53785,0.53428,0.53439
1,2.5145e+05,1.8,11.651,195,800,1.7077,11.512,186.36,1032.6,0.26702,0.12402,0.025664,0.2289,0.11536,0.020928,0.20871,0.11443,0.018752,249,249,249,202,198,196,184,184,184,142,145,146,77,80,83,176,171,172,0.53274,0.53368,0.53612
1,2.5155e+05,1.72,11.651,195,800,1.6366,11.504,186.08,860.95,0.28169,0.11584,0.024384,0.25874,0.10865,0.020544,0.22405,0.10644,0.018112,248,249,249,189,193,193,185,187,184,150,152,153,82,87,89,150,155,160,0.52792,0.53466,0.53785
1,2.5165e+05,1.64,11.651,195,800,1.5581,11.499,187.06,971.15,0.26368,0.11185,0.021184,0.21792,0.10937,0.017792,0.1935,0.10372,0.01536,246,249,250,188,188,189,195,189,185,159,156,155,88,90,94,152,153,157,0.53236,0.53783,0.53991
1,2.5175e+05,1.56,11.651,195,800,1.4721,11.499,185.34,909.61,0.32598,0.11536,0.028544,0.28602,0.10897,0.023744,0.25186,0.10229,0.01984,251,249,248,184,183,182,195,190,185,159,159,159,89,96,98,147,152,159,0.53988,0.54372,0.54336
1,2.5185e+05,1.48,11.651,195,800,1.4,11.508,187.5,1044.1,0.30389,0.11179,0.025856,0.26424,0.10508,0.021184,0.23945,0.098357,0.018048,245,246,246,180,179,181,188,187,185,159,159,163,91,95,96,149,154,161,0.55259,0.54822,0.5443
1,2.5195e+05,1.4,11.651,195,800,1.3034,11.518,185.85,1047.2,0.30183,0.11479,0.025408,0.2535,0.11083,0.02144,0.23251,0.10362,0.018688,238,240,243,173,181,190,185,185,185,182,177,168,78,83,88,159,163,168,0.55101,0.54442,0.54411
1,2.5205e+05,1.32,11.651,195,800,1.2653,11.505,186.94,955.06,0.26879,0.12662,0.023168,0.22072,0.11905,0.018944,0.19007,0.11542,0.015808,241,244,245,199,202,201,179,183,184,173,168,160,93,88,82,179,179,181,0.54905,0.54621,0.54711
1,2.5215e+05,1.24,11.651,195,800,1.1687,11.516,185.87,665.22,0.24843,0.15848,0.02784,0.21904,0.15007,0.02368,0.19704,0.13876,0.020288,248,248,247,206,207,207,182,183,183,148,151,153,99,90,80,193,190,189,0.552,0.55113,0.54917
1,2.5225e+05,1.16,11.651,195,800,1.0859,11.505,186.49,702.96,0.2541,0.14148,0.02528,0.21622,0.11653,0.01888,0.18992,0.10608,0.015744,250,251,250,209,207,205,184,184,181,137,144,148,77,76,74,210,210,208,0.53853,0.54817,0.54982
1,2.5235e+05,1.08,11.651,195,800,1.0032,11.51,185.42,749.02,0.28698,0.11342,0.023552,0.22839,0.10812,0.017664,0.17963,0.10711,0.014848,253,251,250,205,203,201,181,181,180,157,152,150,67,71,74,218,215,212,0.5532,0.55184,0.54974
1,2.5245e+05,1,11.651,195,800,0.9268,11.507,185.11,1126.9,0.28128,0.11674,0.024384,0.26155,0.10837,0.020992,0.24705,0.10446,0.018432,251,252,250,187,195,200,181,181,180,157,158,161,94,92,84,203,208,212,0.54901,0.54901,0.54914
1,2.5255e+05,0.92,11.651,195,800,0.85571,11.499,185.92,890.58,0.30594,0.10744,0.02368,0.27544,0.099889,0.019584,0.23618,0.096551,0.016512,252,252,251,216,211,207,186,183,179,195,181,171,101,102,96,193,197,205,0.5543,0.55188,0.54983
1,2.5265e+05,0.84,11.651,195,800,0.79311,11.479,186.69,810.8,0.23633,0.11174,0.020416,0.21042,0.10729,0.0176,0.19694,0.10234,0.015744,253,252,251,229,220,212,179,179,179,207,191,172,98,101,99,193,197,205,0.56479,0.55245,0.55196
1,2.5275e+05,0.76,11.651,195,800,0.69762,11.504,184.81,770.92,0.25366,0.12957,0.024192,0.22792,0.12417,0.02112,0.20929,0.1161,0.018304,251,251,251,232,227,217,170,174,177,164,166,165,112,103,91,206,207,209,0.56089,0.55157,0.54856
1,2.5285e+05,0.68,11.651,195,800,0.62017,11.507,185.88,819.65,0.22003,0.13643,0.023104,0.19577,0.1311,0.019904,0.1813,0.1251,0.0176,251,251,251,232,223,214,175,175,176,148,151,155,93,91,87,211,212,213,0.54847,0.54913,0.54927
1,2.5295e+05,0.6,11.651,195,800,0.53317,11.509,186,945.52,0.29036,0.11226,0.024832,0.25665,0.10718,0.020608,0.22878,0.10136,0.017344,251,250,250,197,202,203,177,177,177,135,139,147,62,66,73,222,219,215,0.56484,0.55801,0.55323
1,2.5305e+05,0.52,11.651,195,800,0.44935,11.512,185.92,934.49,0.22537,0.11455,0.019776,0.20076,0.10698,0.016704,0.1843,0.10084,0.0144,245,248,249,184,187,193,177,176,175,143,145,149,60,62,67,209,208,206,0.55351,0.55363,0.55166
1,2.5315e+05,0.44,11.651,195,800,0.39524,11.483,187.27,674.19,0.23046,0.11341,0.020032,0.21061,0.10768,0.017472,0.19652,0.10428,0.015488,248,248,248,180,187,193,172,171,173,143,147,152,59,62,66,195,198,200,0.55309,0.55087,0.55263
1,2.5325e+05,0.36,11.651,195,800,0.28277,11.527,184.21,1061.3,0.26287,0.11438,0.023168,0.24228,0.10582,0.019904,0.22287,0.10193,0.017536,249,249,248,199,202,202,157,163,171,150,152,156,60,63,67,188,186,190,0.55876,0.55186,0.55233
1,2.5335e+05,0.28,11.651,195,800,0.25094,11.486,185.64,707.57,0.31325,0.11517,0.026816,0.27429,0.10623,0.02176,0.23783,0.10186,0.018432,248,249,249,222,215,206,159,166,173,158,157,156,64,66,69,184,184,188,0.54508,0.54865,0.54969
1,2.5345e+05,0.2,11.651,195,800,0.14697,11.494,185.81,656.4,0.23657,0.13402,0.023872,0.21279,0.1286,0.020864,0.19885,0.12428,0.018688,250,250,250,212,211,206,176,177,179,161,160,159,68,71,71,178,181,184,0.54644,0.55003,0.54874
1,2.5355e+05,0.12,11.651,195,800,0.068453,11.504,186.68,718.64,0.24151,0.14414,0.025408,0.20739,0.14148,0.021888,0.18921,0.1322,0.019072,243,246,248,197,199,201,182,182,182,161,163,165,72,72,76,167,172,176,0.54563,0.55151,0.55108
1,2.5365e+05,0.04,11.651,195,800,-0.016427,11.517,185.55,812.8,0.23186,0.11613,0.018944,0.18019,0.11238,0.015872,0.17081,0.10902,0.014464,240,244,247,201,200,200,184,183,181,162,165,167,76,77,81,162,169,172,0.55134,0.55136,0.55133
1,2.5375e+05,-0.04,11.651,195,800,-0.09494,11.517,187.23,854.41,0.19557,0.11522,0.017216,0.16614,0.11183,0.0144,0.1502,0.11006,0.012992,245,247,247,198,200,203,175,174,174,159,163,166,85,90,96,159,160,160,0.53054,0.54399,0.5489
1,2.5385e+05,-0.12,11.651,195,800,-0.16497,11.493,187.63,827.89,0.22493,0.12724,0.021696,0.20664,0.11955,0.019072,0.19493,0.1115,0.01696,250,249,248,208,203,203,162,167,171,157,160,164,87,94,100,143,152,158,0.54331,0.54828,0.55021
1,2.5395e+05,-0.2,11.651,195,800,-0.25833,11.529,185.5,684.43,0.25504,0.12349,0.023168,0.21849,0.11701,0.01952,0.20476,0.11195,0.017152,250,250,249,210,203,199,164,164,167,157,158,158,92,95,102,163,160,160,0.55085,0.55124,0.55111
1,2.5405e+05,-0.28,11.651,195,800,-0.32624,11.514,186.85,783.19,0.27057,0.11579,0.023744,0.22474,0.11154,0.019648,0.20016,0.10904,0.017088,253,251,250,191,193,195,172,172,171,156,153,152,111,102,97,175,170,167,0.55754,0.551,0.54987
1,2.5415e+05,-0.36,11.651,195,800,-0.3899,11.489,187.59,987.45,0.25872,0.10809,0.021312,0.23264,0.1066,0.01888,0.21163,0.10313,0.01664,253,251,250,194,195,193,172,174,173,147,147,148,111,101,94,165,168,169,0.55924,0.55242,0.55228
1,2.5425e+05,-0.44,11.651,195,800,-0.4631,11.497,187.36,686.97,0.22326,0.11121,0.019136,0.20389,0.10824,0.016832,0.18542,0.10255,0.014784,252,250,249,199,197,191,177,174,172,138,138,142,83,84,86,164,169,170,0.54458,0.54886,0.54955
1,2.5435e+05,-0.52,11.651,195,800,-0.56178,11.507,187,553.6,0.28969,0.11355,0.024064,0.25468,0.10853,0.02016,0.21543,0.10319,0.017216,250,249,248,189,194,193,172,170,169,138,138,141,71,77,81,166,172,171,0.54017,0.54661,0.54964
1,2.5445e+05,-0.6,11.651,195,800,-0.65408,11.523,186.72,921.59,0.29462,0.11304,0.024384,0.25047,0.10831,0.01984,0.21148,0.10529,0.016384,252,249,248,205,202,193,157,162,165,152,148,146,69,71,77,161,169,170,0.55243,0.54914,0.54887
1,2.5455e+05,-0.68,11.651,195,800,-0.71987,11.527,186.37,745.95,0.22716,0.11127,0.0192,0.20409,0.10386,0.01632,0.18828,0.10174,0.014912,249,249,249,214,204,191,160,161,163,171,161,152,73,76,79,151,163,171,0.55947,0.55035,0.54972
1,2.5465e+05,-0.76,11.651,195,800,-0.79626,11.513,185.96,757.41,0.20669,0.12033,0.019136,0.18259,0.11356,0.016192,0.16674,0.10685,0.014208,252,250,249,200,193,187,157,160,165,169,161,152,84,81,80,151,164,174,0.5495,0.54956,0.54882
1,2.5475e+05,-0.84,11.651,195,800,-0.88326,11.529,186.2,604.51,0.23562,0.11153,0.020032,0.20712,0.10441,0.016768,0.18524,0.10146,0.014784,251,250,249,179,180,180,171,169,167,154,150,147,82,80,78,154,170,182,0.55417,0.55006,0.54936
1,2.5485e+05,-0.92,11.651,195,800,-0.9501,11.505,185.66,1011.6,0.31791,0.11783,0.028096,0.28289,0.11325,0.024256,0.26361,0.10468,0.020864,249,248,247,181,180,179,177,170,167,149,146,144,72,74,77,164,176,188,0.54842,0.55047,0.55103
1,2.5495e+05,-1,11.651,195,800,-1.0222,11.492,187.22,877.04,0.2711,0.12474,0.025472,0.25524,0.11712,0.022336,0.23557,0.11243,0.019712,236,242,246,171,178,177,159,161,165,148,144,143,74,72,71,193,195,199,0.54817,0.55062,0.55004
1,2.5505e+05,-1.08,11.651,195,800,-1.1103,11.499,186.26,818.59,0.22339,0.1202,0.020736,0.2073,0.11091,0.017664,0.1856,0.10654,0.015488,244,246,247,173,173,171,160,162,167,170,160,152,72,71,71,193,205,213,0.54147,0.54688,0.5483
1,2.5515e+05,-1.16,11.651,195,800,-1.1761,11.485,187.07,960.51,0.24679,0.11936,0.022848,0.22215,0.11494,0.01984,0.20815,0.1069,0.017408,251,249,248,173,169,166,164,167,170,187,167,155,75,73,72,207,214,221,0.55022,0.54708,0.54793
1,2.5525e+05,-1.24,11.651,195,800,-1.2631,11.5,185.21,904.03,0.28406,0.11459,0.02336,0.23403,0.11049,0.019136,0.20853,0.10504,0.016768,248,246,245,168,161,160,174,176,176,155,159,162,84,80,79,240,238,235,0.54611,0.54745,0.54892
1,2.5535e+05,-1.32,11.651,195,800,-1.348,11.508,186.44,898.18,0.22708,0.13035,0.022912,0.21388,0.12373,0.020608,0.19627,0.11808,0.018048,238,240,243,161,161,162,176,177,178,161,162,164,82,81,82,246,243,236,0.55518,0.55012,0.54883
1,2.5545e+05,-1.4,11.651,195,800,-1.4339,11.519,185.47,769.88,0.21509,0.11897,0.019904,0.19942,0.11386,0.017728,0.18465,0.11112,0.016192,238,240,243,191,181,174,174,177,179,185,175,171,85,84,88,224,222,220,0.56247,0.54687,0.54539
1,2.5555e+05,-1.48,11.651,195,800,-1.5071,11.522,187.26,626.67,0.3092,0.1221,0.027648,0.29164,0.11371,0.024064,0.26499,0.11042,0.021504,252,249,246,198,194,184,185,185,184,178,178,178,92,91,92,178,186,194,0.54935,0.54983,0.54785
1,2.5565e+05,-1.56,11.651,195,800,-1.5878,11.523,187.49,849.65,0.2142,0.12242,0.020224,0.19166,0.11628,0.017728,0.17863,0.11261,0.015808,252,250,248,200,193,184,191,189,186,192,183,179,93,92,94,163,174,184,0.54158,0.54491,0.54588
1,2.5575e+05,-1.64,11.651,195,800,-1.6652,11.51,187.29,678.65,0.19228,0.11364,0.017024,0.17197,0.11021,0.014912,0.16385,0.10507,0.01344,249,249,248,188,186,184,194,192,189,184,181,179,102,97,96,166,174,181,0.54405,0.54728,0.54749
1,2.5585e+05,-1.72,11.651,195,800,-1.7427,11.507,186.77,691.21,0.30969,0.12209,0.028992,0.27633,0.11431,0.024128,0.237,0.11123,0.02048,250,248,247,181,184,185,198,192,188,176,175,178,103,98,97,183,183,183,0.54889,0.54806,0.54771
1,2.5595e+05,-1.8,11.651,195,800,-1.7989,11.483,188.1,741.65,0.28217,0.10537,0.020352,0.21308,0.10175,0.016512,0.19411,0.098273,0.014272,244,246,248,193,191,185,180,183,184,177,180,185,97,97,100,195,193,188,0.54803,0.55404,0.54999
1,2.5605e+05,-1.88,11.651,195,800,-1.8954,11.508,185.78,983.98,0.27865,0.1116,0.023296,0.22836,0.10999,0.019584,0.20581,0.10531,0.01696,251,249,246,186,181,176,179,179,179,216,210,205,92,95,103,180,181,182,0.54651,0.54907,0.54743
1,2.5615e+05,-1.96,11.651,195,800,-1.9718,11.499,187.2,719.58,0.25041,0.10852,0.020672,0.2235,0.10137,0.017344,0.20279,0.099048,0.015616,249,247,244,173,171,170,181,178,177,226,221,216,99,99,104,172,174,177,0.55371,0.54969,0.54854
1,2.5625e+05,-2.04,11.651,195,800,-2.0419,11.473,185.82,667.77,0.25587,0.11014,0.020608,0.20573,0.10677,0.016768,0.18627,0.10041,0.014528,238,240,242,164,163,163,166,171,172,232,236,237,110,107,107,174,172,171,0.54871,0.54918,0.5484
1,2.5635e+05,-2.12,11.651,195,800,-2.1225,11.495,186.41,865.05,0.27949,0.11518,0.02464,0.24686,0.11189,0.02144,0.23168,0.10404,0.018752,242,241,242,163,165,166,164,168,171,245,244,243,110,110,111,175,173,171,0.55283,0.54921,0.54617
1,2.5645e+05,-2.2,11.651,195,800,-2.2159,11.498,185.84,830.59,0.3223,0.1221,0.028224,0.28908,0.11319,0.023808,0.23923,0.1088,0.019584,244,245,246,186,182,177,169,171,171,255,254,252,135,131,128,189,185,182,0.55267,0.54496,0.54615
1,2.5655e+05,-2.28,11.651,195,800,-2.2795,11.488,186.45,1032.6,0.253,0.12802,0.024704,0.23441,0.12183,0.021696,0.21277,0.11448,0.018688,252,249,247,201,191,181,176,176,176,255,255,254,185,166,152,223,209,198,0.54795,0.54792,0.54731
1,2.5665e+05,-2.36,11.651,195,800,-2.358,11.508,186.87,742.73,0.2345,0.12437,0.021632,0.21132,0.11715,0.018624,0.19016,0.11311,0.016768,252,249,247,182,182,181,179,179,179,255,255,255,187,176,166,228,217,208,0.54392,0.54603,0.54653
1,2.5675e+05,-2.44,11.651,195,800,-2.462,11.522,186.09,994.7,0.30635,0.1311,0.029824,0.28163,0.12381,0.025984,0.25499,0.11913,0.022912,244,246,247,167,172,177,188,185,181,255,255,255,194,197,198,243,234,224,0.55282,0.55039,0.54694
1,2.5685e+05,-2.52,11.651,195,800,-2.5352,11.514,186.17,902.23,0.21801,0.12929,0.020992,0.19268,0.11938,0.01792,0.17779,0.11028,0.015616,246,246,247,171,174,178,184,183,181,255,255,255,219,218,213,246,240,232,0.54481,0.54473,0.54411
1,2.5695e+05,-2.6,11.651,195,800,-2.601,11.49,185.91,918.26,0.23287,0.11366,0.019136,0.20603,0.10809,0.016064,0.18409,0.10502,0.014016,247,249,249,180,181,185,172,174,174,255,255,255,254,246,235,254,248,242,0.54969,0.5446,0.54499
1,2.5705e+05,-2.68,11.651,195,800,-2.6806,11.499,185.47,744.32,0.21014,0.11041,0.01792,0.18598,0.10565,0.015296,0.16621,0.1023,0.01312,249,251,251,195,193,194,165,164,166,255,255,255,234,235,235,253,251,248,0.54762,0.54481,0.54656
1,2.5715e+05,-2.76,11.651,195,800,-2.7485,11.486,184.83,904.94,0.25133,0.12601,0.023424,0.2175,0.11945,0.020224,0.20296,0.11583,0.01824,248,251,252,187,196,199,156,159,164,255,255,255,226,230,232,255,253,249,0.55055,0.54784,0.54762
1,2.5725e+05,-2.84,11.651,195,800,-2.8387,11.51,185.92,907.75,0.26383,0.11337,0.022016,0.2173,0.1105,0.018432,0.19862,0.10759,0.016576,254,253,252,195,205,204,164,163,164,255,255,255,234,228,228,255,253,249,0.54863,0.54859,0.55036
1,2.5735e+05,-2.92,11.651,195,800,-2.9055,11.494,186.66,797.7,0.23582,0.11719,0.020928,0.20714,0.11117,0.017856,0.19453,0.10787,0.016384,252,253,253,194,205,203,169,169,166,255,255,255,217,221,224,255,252,249,0.55933,0.55189,0.54825
1,2.5745e+05,-3,11.651,195,800,-2.9766,11.499,152.78,721.27,0.29448,0.10713,0.023488,0.25853,0.10183,0.019264,0.21797,0.098399,0.01632,249,251,252,198,196,195,180,177,171,255,255,255,192,204,213,255,253,250,0.43325,0.44549,0.46171
1,2.6047e+05,-3,11.744,195,800,-2.9278,11.578,-0.14666,921.88,0,0,0,0,0,0,0,0,0,255,253,252,162,168,178,155,159,161,255,255,255,221,218,221,255,255,255,0.43544,0.44752,0.4605
1,2.6057e+05,-2.92,11.744,195,800,-2.8917,11.621,187.07,910.01,0.34157,0.10035,0.021952,0.31246,0.097454,0.018944,0.27604,0.09609,0.016704,245,251,252,186,183,184,158,159,160,255,255,255,222,225,228,255,255,255,0.5544,0.55296,0.54852
1,2.6067e+05,-2.84,11.744,195,800,-2.8079,11.591,185.47,1081.2,0.21556,0.12993,0.021952,0.20379,0.12546,0.01984,0.19012,0.12165,0.017792,247,251,252,181,182,184,165,160,160,255,255,255,222,227,233,255,255,255,0.55338,0.55186,0.54975
1,2.6077e+05,-2.76,11.744,195,800,-2.7198,11.585,185.72,828.76,0.25725,0.132,0.026496,0.2262,0.12451,0.022016,0.21134,0.11772,0.019584,254,253,252,173,174,183,168,166,164,255,255,255,246,243,243,255,255,255,0.53806,0.54339,0.54676
1,2.6087e+05,-2.68,11.744,195,800,-2.6785,11.615,186.41,689.73,0.33742,0.12939,0.03296,0.26827,0.1254,0.026176,0.24119,0.11903,0.022464,253,253,252,179,175,182,175,169,166,255,255,255,253,251,247,255,255,254,0.55122,0.54849,0.54663
1,2.6097e+05,-2.6,11.744,195,800,-2.5734,11.597,187.57,1058.2,0.30283,0.12821,0.027584,0.26742,0.10387,0.02048,0.22789,0.10276,0.01728,253,252,251,181,181,185,176,174,172,255,255,255,255,254,249,253,251,249,0.54252,0.54671,0.54493
1,2.6107e+05,-2.52,11.744,195,800,-2.5045,11.597,186.71,831.57,0.2515,0.13301,0.025024,0.22131,0.12772,0.021312,0.20208,0.12484,0.019264,247,248,249,180,181,183,184,180,177,255,255,255,229,232,231,227,232,234,0.53696,0.54551,0.54407
1,2.6117e+05,-2.44,11.744,195,800,-2.4302,11.591,186.02,1121.1,0.29645,0.13628,0.031552,0.27303,0.13123,0.027904,0.25601,0.1237,0.024832,246,247,249,167,174,180,187,182,179,255,255,255,201,212,217,212,219,222,0.52893,0.54206,0.54305
1,2.6127e+05,-2.36,11.744,195,800,-2.3432,11.588,186.24,952.03,0.38911,0.11784,0.034176,0.34127,0.10848,0.0272,0.29946,0.1011,0.021632,244,247,248,154,163,175,175,177,176,255,255,255,167,178,185,189,194,198,0.55412,0.54567,0.54753
1,2.6137e+05,-2.28,11.744,195,800,-2.2848,11.612,186.68,832.81,0.28671,0.11246,0.024,0.1951,0.10847,0.016576,0.17391,0.10509,0.014464,244,246,247,152,161,172,170,172,172,255,255,255,153,163,168,184,185,186,0.55622,0.54862,0.54719
1,2.6147e+05,-2.2,11.744,195,800,-2.1904,11.59,185.35,915.99,0.32305,0.12363,0.029312,0.29692,0.11562,0.02464,0.26886,0.11029,0.02144,242,244,245,149,156,167,165,164,165,255,255,254,128,134,139,161,163,165,0.55051,0.54993,0.54907
1,2.6157e+05,-2.12,11.744,195,800,-2.1119,11.595,184.9,880.19,0.26692,0.12407,0.025728,0.22509,0.11892,0.020992,0.20349,0.11554,0.018496,240,242,244,143,148,161,169,164,163,255,252,249,122,118,117,145,145,150,0.54069,0.54374,0.54471
1,2.6167e+05,-2.04,11.744,195,800,-2.0599,11.624,185.08,1057.3,0.27174,0.13038,0.027008,0.23816,0.12656,0.023104,0.21685,0.11881,0.020096,240,242,244,140,146,160,167,165,165,251,246,242,114,111,111,144,143,145,0.53513,0.54292,0.54565
1,2.6177e+05,-1.96,11.744,195,800,-1.974,11.612,186.46,654.94,0.39285,0.12714,0.03712,0.34716,0.12024,0.030976,0.30137,0.11303,0.025664,243,244,244,138,148,161,169,171,170,225,224,223,109,111,112,144,141,145,0.55206,0.546,0.54594
1,2.6187e+05,-1.88,11.744,195,800,-1.8763,11.595,186.19,963.87,0.21119,0.12092,0.019776,0.18864,0.11506,0.01696,0.173,0.10779,0.014784,242,243,244,142,152,163,178,177,173,210,211,212,130,124,114,143,143,147,0.55519,0.54789,0.54715
1,2.6197e+05,-1.8,11.744,195,800,-1.7883,11.594,186.26,1080.9,0.26746,0.11661,0.022976,0.24003,0.10989,0.019712,0.22412,0.10476,0.0176,240,241,243,167,163,167,188,184,179,198,198,198,141,127,114,151,146,148,0.54632,0.55017,0.54738
1,2.6207e+05,-1.72,11.744,195,800,-1.7278,11.605,185.07,966.56,0.27567,0.11669,0.023872,0.23751,0.11004,0.019776,0.2162,0.1058,0.017408,246,243,243,164,166,172,194,190,184,198,200,200,101,105,110,137,140,147,0.54959,0.54909,0.5473
1,2.6217e+05,-1.64,11.744,195,800,-1.627,11.59,186.1,779.11,0.2603,0.10545,0.020672,0.2283,0.10339,0.017472,0.19182,0.10216,0.01504,239,242,245,163,166,173,197,193,186,202,206,204,107,109,109,139,141,147,0.54164,0.54567,0.54601
1,2.6227e+05,-1.56,11.744,195,800,-1.5687,11.595,187.12,1039.2,0.27111,0.11169,0.023232,0.25393,0.10442,0.019904,0.23248,0.1002,0.017792,244,245,246,154,166,176,196,191,185,212,214,208,120,116,108,170,162,159,0.55557,0.54429,0.54456
1,2.6237e+05,-1.48,11.744,195,800,-1.4827,11.603,185.47,1140.1,0.25338,0.1301,0.02368,0.22473,0.12816,0.020736,0.20618,0.11928,0.01792,246,246,247,155,167,176,185,185,182,206,210,207,116,110,104,193,177,170,0.55143,0.54805,0.54769
1,2.6247e+05,-1.4,11.744,195,800,-1.4222,11.636,186.28,888.97,0.27341,0.12816,0.027136,0.24776,0.11712,0.022592,0.22403,0.11187,0.019648,244,243,244,164,163,167,172,172,175,193,195,193,89,90,91,213,202,195,0.55517,0.54828,0.54538
1,2.6257e+05,-1.32,11.744,195,800,-1.3268,11.607,186.98,750.68,0.2975,0.117,0.026432,0.26882,0.11108,0.022592,0.24413,0.10314,0.01888,236,241,244,136,142,154,165,174,175,176,177,178,83,82,82,242,221,205,0.55455,0.55128,0.54927
1,2.6267e+05,-1.24,11.744,195,800,-1.2472,11.609,188.26,921.04,0.27531,0.12238,0.024704,0.24048,0.11655,0.0208,0.20459,0.11192,0.017664,239,244,245,126,135,147,178,179,175,165,170,174,79,80,80,235,217,203,0.54292,0.54453,0.54795
1,2.6277e+05,-1.16,11.744,195,800,-1.1687,11.593,188.2,975.61,0.24217,0.11698,0.02144,0.21112,0.11004,0.01792,0.1957,0.10518,0.015808,250,248,247,124,132,146,179,177,171,155,163,164,70,75,77,205,195,189,0.54363,0.5474,0.54776
1,2.6287e+05,-1.08,11.744,195,800,-1.1018,11.614,186.84,796.04,0.27155,0.11043,0.021312,0.21436,0.10833,0.016896,0.17306,0.10647,0.01376,248,246,247,130,136,149,169,170,167,147,156,160,71,75,76,201,187,181,0.54534,0.54726,0.54901
1,2.6297e+05,-1,11.744,195,800,-1.0074,11.595,187.47,760.66,0.27855,0.12178,0.025472,0.24563,0.11779,0.021952,0.226,0.11228,0.0192,252,249,247,149,152,160,152,159,162,138,145,151,86,81,77,163,168,169,0.54854,0.55097,0.54859
1,2.6307e+05,-0.92,11.744,195,800,-0.93525,11.598,185.93,744.53,0.26323,0.12907,0.026176,0.23018,0.12497,0.022016,0.19679,0.12094,0.018432,249,250,249,160,165,168,164,165,164,146,150,151,80,80,79,156,155,159,0.53912,0.54459,0.54703
1,2.6317e+05,-0.84,11.744,195,800,-0.85567,11.59,187.78,886.82,0.23484,0.11874,0.02048,0.1956,0.1147,0.017088,0.18262,0.10945,0.01536,248,249,250,162,165,169,179,170,166,152,154,153,79,79,79,167,155,154,0.54931,0.55045,0.5497
1,2.6327e+05,-0.76,11.744,195,800,-0.78883,11.61,186.19,706.93,0.26326,0.11391,0.02272,0.24259,0.10493,0.018624,0.20383,0.10392,0.016,250,248,248,152,162,172,165,168,166,154,156,158,78,78,79,155,147,145,0.55247,0.55305,0.55066
1,2.6337e+05,-0.68,11.744,195,800,-0.71774,11.605,187.53,758.87,0.27503,0.12353,0.024896,0.24424,0.11866,0.021248,0.21886,0.1123,0.017664,248,246,247,161,167,172,162,165,166,149,157,160,81,80,78,139,139,143,0.55628,0.55202,0.55024
1,2.6347e+05,-0.6,11.744,195,800,-0.61589,11.61,186.98,875.04,0.31452,0.1134,0.0256,0.23578,0.11171,0.019584,0.18209,0.11039,0.015744,242,242,243,168,168,169,164,167,168,151,162,159,86,81,76,136,140,141,0.55055,0.55192,0.54927
1,2.6357e+05,-0.52,11.744,195,800,-0.54692,11.608,185.98,892.88,0.21247,0.111,0.017792,0.18954,0.10366,0.014976,0.17532,0.10141,0.013568,238,239,243,156,156,163,173,176,173,150,153,153,78,78,78,144,143,145,0.54127,0.54796,0.5472
1,2.6367e+05,-0.44,11.744,195,800,-0.48433,11.636,186.28,782.71,0.25885,0.12113,0.024448,0.23715,0.11557,0.021312,0.21715,0.11233,0.018944,234,241,244,150,154,161,175,178,175,145,148,149,78,80,81,140,143,146,0.55244,0.54944,0.54792
1,2.6377e+05,-0.36,11.744,195,800,-0.38777,11.608,186.98,1006,0.26813,0.11622,0.022912,0.23465,0.10987,0.0192,0.20748,0.10708,0.016896,250,246,247,146,155,168,174,177,175,145,148,149,95,90,87,143,147,150,0.54647,0.54696,0.54984
1,2.6387e+05,-0.28,11.744,195,800,-0.29971,11.594,185.67,785.81,0.27635,0.12015,0.024704,0.23055,0.1122,0.01952,0.19098,0.11165,0.016512,246,246,247,148,161,177,173,176,174,156,155,151,93,91,90,154,151,151,0.55321,0.55162,0.55008
1,2.6397e+05,-0.2,11.744,195,800,-0.23393,11.591,185.87,814.76,0.27076,0.12561,0.024896,0.23808,0.11926,0.021248,0.21213,0.1127,0.018368,241,245,248,218,198,193,166,171,172,163,160,157,101,98,96,156,149,148,0.55133,0.54899,0.54901
1,2.6407e+05,-0.12,11.744,195,800,-0.14481,11.585,184.82,922.81,0.26705,0.12572,0.025344,0.24496,0.11877,0.021952,0.22315,0.11414,0.01952,252,249,247,222,206,198,179,178,176,168,168,168,149,117,99,135,142,147,0.54732,0.54877,0.54937
1,2.6417e+05,-0.04,11.744,195,800,-0.074781,11.604,185.94,700.68,0.29863,0.11454,0.024832,0.26262,0.10594,0.019904,0.2193,0.10255,0.016256,254,249,247,211,196,194,186,184,179,185,181,174,127,110,97,135,143,148,0.56017,0.55297,0.54967
1,2.6427e+05,0.04,11.744,195,800,0.005854,11.602,185.15,844.3,0.26695,0.11227,0.022528,0.24344,0.10961,0.020224,0.2255,0.1008,0.017088,244,245,246,181,181,186,185,190,188,194,190,179,89,86,84,139,148,156,0.53631,0.5494,0.54878
1,2.6437e+05,0.12,11.744,195,800,0.091795,11.574,186.86,906.66,0.28163,0.12695,0.02752,0.25837,0.11902,0.023744,0.23991,0.11411,0.02112,244,245,246,177,180,186,188,193,190,178,179,177,82,79,78,145,153,161,0.54393,0.54875,0.54919
1,2.6447e+05,0.2,11.744,195,800,0.1597,11.588,186.04,827.84,0.30496,0.11754,0.025472,0.25876,0.11406,0.021312,0.23024,0.10475,0.017472,249,249,249,204,196,190,198,196,190,166,166,167,82,76,73,169,172,175,0.53659,0.54439,0.54807
1,2.6457e+05,0.28,11.744,195,800,0.2467,11.594,186.24,690.39,0.23224,0.13343,0.023296,0.20491,0.12434,0.019648,0.19715,0.12042,0.018176,251,251,249,199,195,188,194,186,183,174,171,167,78,73,71,184,189,188,0.55632,0.55072,0.54895
1,2.6467e+05,0.36,11.744,195,800,0.32521,11.602,185.54,914.55,0.26355,0.12251,0.02304,0.21228,0.11511,0.018368,0.19549,0.10916,0.016256,248,248,248,190,187,185,183,180,181,178,174,169,75,73,71,186,193,192,0.55035,0.5498,0.55009
1,2.6477e+05,0.44,11.744,195,800,0.39842,11.598,185.89,927.74,0.27399,0.12895,0.027264,0.25121,0.12252,0.023808,0.23307,0.11645,0.020992,244,243,244,185,183,179,175,179,180,189,179,169,88,78,72,191,196,198,0.55858,0.55305,0.55113
1,2.6487e+05,0.52,11.744,195,800,0.47375,11.614,185.97,926.22,0.30242,0.11186,0.024704,0.24796,0.10967,0.020224,0.22273,0.10696,0.01792,245,243,243,190,185,180,175,180,182,184,175,166,90,81,73,198,198,199,0.54218,0.55019,0.54942
1,2.6497e+05,0.6,11.744,195,800,0.56181,11.593,186.04,915.34,0.23531,0.11412,0.02016,0.20044,0.10805,0.01696,0.18415,0.1027,0.014592,249,246,244,195,190,186,179,182,183,161,162,161,86,79,75,175,192,203,0.55321,0.55006,0.54882
1,2.6507e+05,0.68,11.744,195,800,0.6329,11.597,186.11,841.46,0.25084,0.11913,0.0224,0.22487,0.1133,0.019584,0.21566,0.10538,0.017216,248,248,247,196,195,192,177,179,180,169,163,160,75,76,77,189,197,204,0.53954,0.54875,0.54873
1,2.6517e+05,0.76,11.744,195,800,0.72096,11.594,185.65,862.07,0.2469,0.12815,0.024448,0.22287,0.12423,0.021376,0.20763,0.12081,0.0192,250,250,248,195,195,194,175,177,178,160,162,163,75,76,78,195,201,205,0.55971,0.54893,0.5471
1,2.6527e+05,0.84,11.744,195,800,0.79842,11.594,186.18,856.4,0.26642,0.12899,0.026304,0.24221,0.12057,0.022464,0.22346,0.1159,0.020032,255,252,248,186,191,194,186,180,178,158,162,164,77,79,84,192,200,205,0.54657,0.54804,0.54868
1,2.6537e+05,0.92,11.744,195,800,0.85359,11.618,186.66,961.19,0.23879,0.12897,0.023104,0.21269,0.1231,0.019584,0.19659,0.11739,0.0176,252,250,247,188,192,193,183,180,178,159,161,165,89,87,84,192,200,207,0.54715,0.55077,0.54807
1,2.6547e+05,1,11.744,195,800,0.94377,11.6,185.91,840.85,0.26644,0.12585,0.024768,0.22379,0.12176,0.020864,0.19931,0.11643,0.0176,243,244,245,207,198,190,171,176,178,166,168,166,82,84,80,222,219,216,0.54871,0.54646,0.54515
1,2.6557e+05,1.08,11.744,195,800,1.0308,11.591,186.91,669.97,0.25771,0.11947,0.022336,0.23208,0.11086,0.018752,0.20473,0.10776,0.01632,242,243,245,193,190,189,177,177,178,177,167,159,66,67,72,229,223,212,0.54219,0.54179,0.54293
1,2.6567e+05,1.16,11.744,195,800,1.0987,11.586,186.62,805.02,0.25826,0.12783,0.024448,0.23976,0.12061,0.021568,0.21356,0.11597,0.018752,240,245,246,186,190,193,175,179,180,146,155,156,63,68,72,203,207,203,0.54683,0.54175,0.54243
1,2.6577e+05,1.24,11.744,195,800,1.2027,11.578,185.23,1198.8,0.24476,0.12724,0.023808,0.22682,0.11795,0.020416,0.21379,0.11377,0.01888,245,246,244,229,214,196,181,183,183,144,151,156,71,75,78,172,173,176,0.54616,0.54271,0.54283
1,2.6587e+05,1.32,11.744,195,800,1.243,11.609,185.01,712.86,0.2766,0.11856,0.02432,0.24584,0.11422,0.020672,0.20971,0.10882,0.017088,242,243,244,230,212,192,184,184,185,158,164,164,78,80,82,161,162,166,0.52848,0.53577,0.5399
1,2.6597e+05,1.4,11.744,195,800,1.3353,11.6,186.71,897.81,0.27588,0.12916,0.027264,0.25138,0.12138,0.023552,0.22722,0.11837,0.020928,233,239,242,172,179,181,190,188,188,185,185,176,84,87,85,157,154,154,0.54773,0.53885,0.53984
1,2.6607e+05,1.48,11.744,195,800,1.4244,11.583,185.77,785.2,0.27046,0.11877,0.022912,0.23438,0.11771,0.019648,0.20879,0.10647,0.016256,250,245,245,180,177,177,184,188,191,171,173,170,83,82,82,152,148,149,0.5415,0.54286,0.54019
1,2.6617e+05,1.56,11.744,195,800,1.5029,11.6,186.25,1024.4,0.2707,0.12865,0.026752,0.2403,0.12245,0.022976,0.22231,0.11451,0.019968,251,248,247,177,181,183,180,191,192,156,163,164,72,76,81,142,146,149,0.54776,0.54519,0.54156
1,2.6627e+05,1.64,11.744,195,800,1.5878,11.581,187.11,974.43,0.32566,0.12433,0.030272,0.28029,0.11488,0.024128,0.241,0.11153,0.020224,250,248,248,207,198,193,190,189,190,148,152,155,81,79,80,145,149,151,0.53723,0.53664,0.53966
1,2.6637e+05,1.72,11.744,195,800,1.6546,11.604,187.15,951.16,0.30992,0.1149,0.026176,0.2732,0.11001,0.022016,0.24477,0.10317,0.018816,249,248,247,213,205,196,181,186,188,148,151,153,91,84,80,142,149,154,0.53208,0.53884,0.53937
1,2.6647e+05,1.8,11.744,195,800,1.7321,11.607,186.68,973.89,0.26706,0.1407,0.029056,0.2472,0.13209,0.025344,0.23311,0.12684,0.022848,245,248,248,215,205,198,184,181,184,156,150,148,83,81,80,152,158,165,0.54027,0.53788,0.53942
1,2.6657e+05,1.88,11.744,195,800,1.8308,11.597,187,832.96,0.34158,0.11172,0.027712,0.2878,0.10836,0.022464,0.24023,0.10644,0.018816,250,248,250,221,206,202,192,183,184,145,143,145,81,78,79,210,186,184,0.5405,0.54009,0.53953
1,2.6667e+05,1.96,11.744,195,800,1.8987,11.597,185.66,849.43,0.24695,0.12135,0.022784,0.22228,0.11429,0.019392,0.20459,0.1101,0.017152,249,250,251,219,210,204,185,184,183,142,144,146,74,79,80,202,196,195,0.5385,0.53994,0.53691
1,2.6677e+05,2.04,11.744,195,800,1.9751,11.584,185.32,1036.6,0.31566,0.12051,0.02656,0.28503,0.11437,0.02272,0.25975,0.10836,0.019456,252,252,252,212,208,205,185,180,181,167,158,153,90,81,83,201,207,212,0.53294,0.53242,0.5338
1,2.6687e+05,2.12,11.744,195,800,2.0451,11.612,187.02,833.68,0.29742,0.11835,0.0256,0.25574,0.11214,0.021056,0.2275,0.10698,0.018112,247,251,252,200,204,204,171,178,180,170,162,157,87,88,89,191,214,218,0.5282,0.53272,0.53314
1,2.6697e+05,2.2,11.744,195,800,2.1172,11.607,186.69,800.69,0.30709,0.11678,0.027328,0.26584,0.11117,0.022208,0.22837,0.10725,0.01856,251,251,251,205,202,203,178,176,177,173,168,167,114,111,104,202,217,222,0.54307,0.5363,0.53307
1,2.6707e+05,2.28,11.744,195,800,2.2053,11.597,185.86,808.77,0.2878,0.12614,0.027008,0.26351,0.11683,0.022912,0.23429,0.11442,0.02016,253,253,252,217,213,207,174,173,174,185,186,184,124,122,117,208,211,219,0.53998,0.53466,0.53309
1,2.6717e+05,2.36,11.744,195,800,2.2827,11.618,185.24,792.15,0.26565,0.12386,0.024192,0.23339,0.12003,0.020736,0.20709,0.11278,0.017664,253,254,253,223,217,209,168,171,173,199,198,194,130,125,121,209,210,213,0.52998,0.53092,0.53029
1,2.6727e+05,2.44,11.744,195,800,2.3453,11.629,185.83,756.8,0.26119,0.12398,0.023872,0.23784,0.11361,0.020224,0.20524,0.11281,0.017536,254,254,253,224,220,214,166,168,174,226,213,205,140,131,125,185,191,199,0.53004,0.52848,0.52788
1,2.6737e+05,2.52,11.744,195,800,2.4408,11.597,185.04,966.61,0.29802,0.12435,0.027712,0.25761,0.11629,0.022784,0.2221,0.1127,0.01952,255,255,254,228,226,218,169,172,177,221,211,206,129,129,128,173,180,189,0.52318,0.52786,0.52698
1,2.6747e+05,2.6,11.744,195,800,2.5098,11.599,186.64,833.64,0.25363,0.11635,0.02176,0.21262,0.11325,0.01824,0.1945,0.10922,0.016064,255,255,253,246,241,227,188,183,181,202,200,198,133,129,131,170,165,169,0.53852,0.5267,0.52639
1,2.6757e+05,2.68,11.744,195,800,2.5979,11.613,184.87,696.46,0.27051,0.11042,0.021696,0.23179,0.10415,0.01792,0.19582,0.10093,0.015104,254,253,252,251,241,226,182,179,179,195,193,193,133,139,143,152,157,162,0.51798,0.52161,0.52447
1,2.6767e+05,2.76,11.744,195,800,2.6658,11.608,186.42,689.49,0.257,0.11217,0.020736,0.23502,0.10761,0.017984,0.20665,0.10386,0.015872,251,251,251,242,233,223,175,173,175,201,194,194,147,148,146,159,160,165,0.52724,0.53193,0.53221
1,2.6777e+05,2.84,11.744,195,800,2.7591,11.607,185.71,811.99,0.28435,0.12497,0.026496,0.25403,0.12192,0.023296,0.23525,0.11856,0.021376,251,252,252,231,226,217,164,167,172,207,201,198,150,146,140,179,183,185,0.5454,0.54472,0.54535
1,2.6787e+05,2.92,11.744,195,800,2.8323,11.589,187.07,1052.7,0.27582,0.11826,0.024512,0.2502,0.1119,0.021312,0.23157,0.10682,0.01856,255,253,252,236,224,214,168,169,174,208,201,198,131,132,133,195,193,194,0.56482,0.56557,0.56339
1,2.6797e+05,3,11.744,195,800,2.8981,11.604,152.95,802.23,0.26709,0.1254,0.025856,0.24904,0.11349,0.021632,0.22711,0.11187,0.01984,253,254,253,218,214,211,176,178,180,197,194,195,116,115,118,187,195,206,0.50959,0.50887,0.50071
1,2.7099e+05,3,11.837,195,800,2.8652,11.684,-0.38501,1087.9,0,0,0,0,0,0,0,0,0,255,255,254,218,212,208,185,183,183,191,193,197,118,119,120,210,206,208,0.44902,0.47093,0.48757
1,2.7109e+05,2.92,11.837,195,800,2.7995,11.688,186.4,712.62,0.27621,0.10826,0.019904,0.25765,0.10563,0.017344,0.24234,0.10302,0.015744,253,252,252,209,206,204,187,183,182,207,203,200,122,126,128,173,180,189,0.56338,0.56443,0.56268
1,2.7119e+05,2.84,11.837,195,800,2.7114,11.689,185.34,1038.7,0.22151,0.12759,0.022016,0.21103,0.12097,0.020032,0.19815,0.11581,0.017984,247,250,251,205,204,203,185,183,182,205,204,201,131,132,132,160,167,178,0.54125,0.54097,0.54329
1,2.7129e+05,2.76,11.837,195,800,2.6414,11.689,185.51,813.68,0.2794,0.13331,0.0288,0.26708,0.12457,0.025664,0.24696,0.12055,0.023168,249,250,251,208,206,203,193,187,184,191,195,199,144,137,134,159,155,161,0.53651,0.53134,0.53102
1,2.7139e+05,2.68,11.837,195,800,2.5565,11.703,185.32,880.61,0.32719,0.12958,0.03168,0.27996,0.12216,0.026112,0.24409,0.11613,0.021824,253,253,252,211,208,203,190,189,184,188,193,197,137,133,133,159,156,160,0.51464,0.52398,0.52613
1,2.7149e+05,2.6,11.837,195,800,2.4865,11.694,185.13,898.36,0.37273,0.10922,0.030464,0.29266,0.10444,0.022592,0.23556,0.098196,0.01728,253,253,253,202,199,198,191,187,184,193,197,202,127,124,124,172,169,168,0.51935,0.52376,0.52503
1,2.7159e+05,2.52,11.837,195,800,2.4133,11.7,186.73,1028.5,0.30854,0.1155,0.026688,0.26913,0.1087,0.02208,0.2433,0.10363,0.019008,249,250,250,181,182,187,189,185,181,201,206,207,109,113,118,205,192,185,0.52851,0.52676,0.52772
1,2.7169e+05,2.44,11.837,195,800,2.3305,11.694,186.76,772.57,0.28342,0.14178,0.029888,0.25604,0.1371,0.026048,0.23455,0.12911,0.022976,253,249,249,176,177,184,189,183,179,209,208,206,104,109,114,224,203,193,0.52539,0.52618,0.52855
1,2.7179e+05,2.36,11.837,195,800,2.2477,11.702,187.36,957.7,0.30174,0.11348,0.025216,0.26943,0.10674,0.021248,0.23409,0.10427,0.018368,251,248,246,184,182,183,177,179,179,195,196,194,100,105,109,231,213,202,0.53367,0.53049,0.53098
1,2.7189e+05,2.28,11.837,195,800,2.1851,11.67,187.21,1030.4,0.27122,0.11911,0.02464,0.23282,0.11335,0.020416,0.20572,0.11214,0.017984,250,246,245,195,185,184,182,179,178,188,186,184,101,105,107,229,214,205,0.53066,0.52788,0.53055
1,2.7199e+05,2.2,11.837,195,800,2.1024,11.691,185.83,725.36,0.2843,0.11292,0.024448,0.25238,0.10695,0.020096,0.21005,0.10552,0.016192,248,242,243,194,185,184,181,180,177,164,165,168,101,102,97,248,222,203,0.52364,0.53019,0.53267
1,2.7209e+05,2.12,11.837,195,800,2.0515,11.674,186.26,624.79,0.24915,0.11137,0.020544,0.21141,0.11024,0.017984,0.20006,0.10254,0.016,242,244,245,182,186,187,171,175,174,148,154,157,85,88,89,213,209,199,0.53845,0.53406,0.53466
1,2.7219e+05,2.04,11.837,195,800,1.9634,11.683,186.05,622.64,0.2913,0.11578,0.025344,0.24948,0.10916,0.020096,0.20037,0.10797,0.016704,252,247,246,192,188,188,179,173,173,146,151,153,90,85,84,210,199,195,0.53043,0.53485,0.53646
1,2.7229e+05,1.96,11.837,195,800,1.8743,11.674,187.29,1073.4,0.26114,0.11652,0.022976,0.23241,0.10756,0.019328,0.21391,0.10491,0.017344,252,250,248,193,193,191,181,177,175,140,143,150,75,79,78,196,188,184,0.53657,0.53757,0.53873
1,2.7239e+05,1.88,11.837,195,800,1.8095,11.672,187.92,670.31,0.28033,0.10936,0.02304,0.23577,0.10648,0.019008,0.20377,0.10406,0.016384,254,250,249,203,190,189,190,180,176,143,144,151,76,73,75,184,176,176,0.54453,0.53892,0.5389
1,2.7249e+05,1.8,11.837,195,800,1.7119,11.699,187.53,840.92,0.29006,0.13005,0.028352,0.2535,0.12153,0.023744,0.23317,0.11701,0.021056,252,249,247,169,176,184,186,181,181,151,155,155,64,69,76,158,157,159,0.5339,0.53677,0.538
1,2.7259e+05,1.72,11.837,195,800,1.6281,11.693,186.07,1040.6,0.28618,0.13697,0.028928,0.26658,0.12664,0.025088,0.24091,0.12092,0.022016,234,243,246,172,180,181,185,187,184,161,158,156,77,78,78,160,158,150,0.54247,0.53951,0.53915
1,2.7269e+05,1.64,11.837,195,800,1.5645,11.674,186.37,961.59,0.37542,0.11076,0.028928,0.31487,0.10342,0.021504,0.20921,0.10315,0.016448,239,243,246,198,184,179,194,190,186,157,155,156,79,80,79,169,156,147,0.54185,0.54203,0.54057
1,2.7279e+05,1.56,11.837,195,800,1.4817,11.677,185.76,787.38,0.30359,0.13071,0.02976,0.27144,0.12345,0.0256,0.2493,0.1179,0.022592,250,248,247,180,174,172,202,194,189,164,164,164,72,75,79,142,142,142,0.55524,0.54445,0.54013
1,2.7289e+05,1.48,11.837,195,800,1.3841,11.703,186.04,831.82,0.284,0.11939,0.024832,0.23705,0.11309,0.020096,0.20905,0.11013,0.017536,250,249,247,172,164,165,208,194,189,183,175,168,75,78,79,142,139,140,0.53174,0.53706,0.53971
1,2.7299e+05,1.4,11.837,195,800,1.3119,11.7,186.31,1149.7,0.32485,0.11038,0.023616,0.20421,0.10617,0.015616,0.15535,0.10492,0.0128,250,244,243,140,153,165,188,191,189,172,177,171,92,87,83,148,145,143,0.54644,0.54215,0.54108
1,2.7309e+05,1.32,11.837,195,800,1.2281,11.708,187.14,1173.8,0.22222,0.11251,0.019264,0.20373,0.10444,0.016768,0.18557,0.10172,0.014784,240,240,241,175,174,174,189,186,184,153,158,161,77,80,81,146,148,149,0.54435,0.54008,0.54085
1,2.7319e+05,1.24,11.837,195,800,1.1793,11.67,185.63,1045.1,0.28506,0.1164,0.025152,0.25091,0.11174,0.021568,0.22468,0.10947,0.019008,241,241,241,180,179,179,182,181,180,147,153,158,71,76,78,146,152,156,0.54427,0.54099,0.54051
1,2.7329e+05,1.16,11.837,195,800,1.0891,11.7,184.61,1033.3,0.25278,0.11936,0.022592,0.22669,0.11091,0.019328,0.20623,0.11004,0.017408,238,241,241,157,168,182,177,173,173,153,161,162,68,71,74,194,183,178,0.54306,0.5411,0.54113
1,2.7339e+05,1.08,11.837,195,800,1.0127,11.698,185.41,685.12,0.23921,0.11677,0.020672,0.20653,0.11092,0.017344,0.18642,0.10937,0.015616,240,239,241,160,168,180,172,171,171,167,167,165,69,69,72,222,201,188,0.54157,0.54047,0.54087
1,2.7349e+05,1,11.837,195,800,0.92149,11.7,185.33,1149.9,0.23536,0.12019,0.021504,0.209,0.1158,0.018752,0.18857,0.11284,0.016576,235,239,242,165,175,183,176,173,170,154,164,166,61,67,72,219,209,199,0.53526,0.53812,0.54152
1,2.7359e+05,0.92,11.837,195,800,0.85465,11.688,185.63,888.36,0.2339,0.11228,0.019328,0.20342,0.1051,0.015808,0.17241,0.10125,0.013632,236,239,243,174,177,183,173,172,170,158,157,158,62,66,69,231,211,196,0.54472,0.54524,0.54568
1,2.7369e+05,0.84,11.837,195,800,0.78993,11.675,184.34,439.28,0.27625,0.11739,0.023808,0.25214,0.10979,0.02016,0.20019,0.10395,0.016384,237,240,244,170,175,182,166,170,171,154,156,157,59,64,68,232,212,195,0.54787,0.54206,0.54443
1,2.7379e+05,0.76,11.837,195,800,0.69232,11.685,186.41,818.01,0.26372,0.12331,0.024,0.24024,0.11879,0.02112,0.2182,0.11373,0.018496,240,243,245,161,167,179,178,178,178,157,159,160,65,66,67,220,207,193,0.54182,0.54614,0.54571
1,2.7389e+05,0.68,11.837,195,800,0.61168,11.689,185.56,1109.6,0.26559,0.11923,0.024128,0.23171,0.11215,0.02016,0.20838,0.10741,0.017408,241,243,244,154,164,178,191,186,181,163,163,162,68,68,68,222,206,192,0.54719,0.54655,0.54443
1,2.7399e+05,0.6,11.837,195,800,0.54272,11.688,187.18,908.16,0.22636,0.11737,0.02048,0.20401,0.11319,0.017664,0.18515,0.10906,0.015616,234,238,242,152,164,176,196,193,187,162,167,168,67,71,71,215,203,191,0.54368,0.54525,0.54335
1,2.7409e+05,0.52,11.837,195,800,0.45465,11.69,186.35,822.95,0.23538,0.12386,0.02208,0.20627,0.11593,0.018688,0.19109,0.11162,0.016704,235,238,242,160,166,175,202,194,186,178,177,174,68,72,73,196,194,189,0.54526,0.54524,0.54631
1,2.7419e+05,0.44,11.837,195,800,0.36978,11.708,185.3,911.52,0.25697,0.11274,0.0224,0.24328,0.10805,0.019776,0.22797,0.10153,0.0176,239,241,244,155,163,176,198,192,184,183,182,177,69,72,73,188,191,190,0.55018,0.54657,0.54767
1,2.7429e+05,0.36,11.837,195,800,0.30081,11.696,185.37,737.37,0.2539,0.11466,0.020864,0.20669,0.10927,0.01728,0.18858,0.10351,0.014912,252,250,249,149,163,178,185,187,187,175,176,175,68,70,73,208,198,188,0.54196,0.5494,0.54816
1,2.7439e+05,0.28,11.837,195,800,0.23185,11.686,186.22,912.45,0.23618,0.11564,0.020864,0.20839,0.11071,0.01792,0.19074,0.10917,0.016,254,253,251,149,164,181,188,190,189,166,169,172,68,71,73,204,196,185,0.5569,0.54799,0.54696
1,2.7449e+05,0.2,11.837,195,800,0.15121,11.699,187.21,768.95,0.24188,0.11363,0.020992,0.21794,0.10695,0.0176,0.19782,0.099264,0.014976,250,249,250,161,172,187,202,199,193,160,164,169,68,73,76,181,178,173,0.53795,0.5471,0.54743
1,2.7459e+05,0.12,11.837,195,800,0.070575,11.696,186.45,622.14,0.18759,0.13019,0.019008,0.17269,0.12167,0.016512,0.16225,0.11501,0.014784,248,247,247,184,184,191,196,192,187,185,183,179,72,78,82,169,165,160,0.5552,0.54995,0.5478
1,2.7469e+05,0.04,11.837,195,800,-0.007939,11.707,185.42,828.81,0.25097,0.11398,0.021312,0.22,0.10673,0.017856,0.19768,0.10292,0.015296,248,247,248,181,185,194,184,185,182,202,193,182,75,83,90,164,162,156,0.55143,0.5487,0.54593
1,2.7479e+05,-0.04,11.837,195,800,-0.088574,11.7,187.03,762.52,0.24633,0.11673,0.021888,0.2137,0.10952,0.018048,0.19013,0.10772,0.015872,247,248,248,172,184,198,174,174,174,177,178,175,89,97,100,157,154,148,0.54891,0.54274,0.54652
1,2.7489e+05,-0.12,11.837,195,800,-0.16284,11.702,185.55,885.46,0.26422,0.11385,0.022528,0.22487,0.10934,0.018688,0.19919,0.10432,0.016064,250,248,248,170,187,201,173,173,172,157,162,167,88,97,101,150,148,144,0.55387,0.54952,0.54927
1,2.7499e+05,-0.2,11.837,195,800,-0.25409,11.712,186.24,659.39,0.26798,0.11845,0.023424,0.22655,0.11457,0.019776,0.20204,0.11009,0.017152,249,248,248,193,193,199,174,174,170,145,148,153,77,84,93,131,135,138,0.54779,0.54988,0.54945
1,2.7509e+05,-0.28,11.837,195,800,-0.33472,11.695,186.44,618.3,0.25603,0.11567,0.02304,0.22329,0.11125,0.019584,0.20728,0.10588,0.01728,248,248,249,193,187,190,171,173,171,140,143,149,74,79,84,137,137,138,0.55998,0.54924,0.54858
1,2.7519e+05,-0.36,11.837,195,800,-0.41536,11.689,186.95,885.88,0.27178,0.1201,0.024704,0.23064,0.11358,0.019968,0.20399,0.11025,0.017344,250,248,248,177,178,180,171,172,171,142,144,149,73,78,82,148,141,138,0.54784,0.54593,0.54758
1,2.7529e+05,-0.44,11.837,195,800,-0.48008,11.696,186.04,885.81,0.27944,0.10685,0.02272,0.24756,0.099861,0.01888,0.2273,0.095094,0.016768,244,244,245,131,148,167,177,173,169,155,154,155,66,74,80,137,136,134,0.54436,0.54743,0.54862
1,2.7539e+05,-0.52,11.837,195,800,-0.55117,11.685,188.16,854.22,0.27445,0.1164,0.024448,0.24884,0.11047,0.020928,0.22824,0.10556,0.018304,239,240,244,131,144,165,175,172,169,164,163,160,65,74,80,126,128,131,0.54167,0.54436,0.54539
1,2.7549e+05,-0.6,11.837,195,800,-0.64347,11.691,187.4,704.94,0.30159,0.10508,0.024576,0.26325,0.10211,0.020608,0.23337,0.098279,0.017408,234,241,244,148,162,175,172,170,167,174,171,161,74,80,83,123,121,126,0.54736,0.54675,0.54628
1,2.7559e+05,-0.68,11.837,195,800,-0.71774,11.688,187.3,695.65,0.30154,0.10895,0.025024,0.25419,0.10659,0.0208,0.22675,0.10082,0.017792,248,248,248,163,175,184,172,170,166,151,154,157,77,82,84,126,127,131,0.54298,0.54484,0.54459
1,2.7569e+05,-0.76,11.837,195,800,-0.81111,11.696,186.81,1123.2,0.31207,0.11675,0.027328,0.27677,0.11082,0.023232,0.25389,0.10749,0.020608,248,248,249,161,174,185,171,167,164,148,151,153,76,82,84,131,135,137,0.54326,0.54853,0.54802
1,2.7579e+05,-0.84,11.837,195,800,-0.88644,11.709,187.31,960.26,0.26758,0.11849,0.02368,0.24579,0.114,0.020864,0.22678,0.10603,0.018304,249,249,250,176,180,185,153,157,160,155,152,150,83,84,83,141,149,149,0.55226,0.55278,0.54976
1,2.7589e+05,-0.92,11.837,195,800,-0.95222,11.685,186.96,787.24,0.29234,0.1395,0.0272,0.25465,0.1341,0.023424,0.23892,0.12491,0.020736,252,251,251,185,184,185,153,156,159,151,151,150,82,83,81,155,154,152,0.5506,0.5501,0.54766
1,2.7599e+05,-1,11.837,195,800,-1.0403,11.693,188.39,749.29,0.29029,0.17979,0.032896,0.26872,0.16766,0.02848,0.26112,0.15356,0.025088,255,251,250,177,176,180,164,161,159,151,150,152,70,75,78,163,158,155,0.55177,0.54745,0.54638
1,2.7609e+05,-1.08,11.837,195,800,-1.1082,11.679,185.89,634.64,0.26964,0.17609,0.029056,0.20326,0.12014,0.018944,0.18713,0.11205,0.01664,245,246,248,150,162,172,161,162,164,168,164,160,73,76,78,142,152,158,0.53433,0.54316,0.54516
1,2.7619e+05,-1.16,11.837,195,800,-1.2196,11.726,186.48,1099.3,0.23452,0.13069,0.023168,0.21042,0.11817,0.019328,0.19656,0.11443,0.017216,247,247,247,150,160,170,162,165,168,180,172,164,75,79,79,141,151,161,0.55251,0.54536,0.54464
1,2.7629e+05,-1.24,11.837,195,800,-1.2779,11.698,186.31,910.77,0.28163,0.12586,0.026432,0.23816,0.12154,0.021824,0.20966,0.11756,0.018944,249,249,248,156,165,173,179,177,174,177,177,175,83,83,82,149,159,168,0.54006,0.54518,0.54597
1,2.7639e+05,-1.32,11.837,195,800,-1.3437,11.684,186.39,869.34,0.27104,0.1368,0.028032,0.23986,0.12966,0.023872,0.21635,0.12279,0.020672,249,249,249,157,167,178,181,178,176,181,181,181,80,83,84,155,163,169,0.53788,0.54429,0.54565
1,2.7649e+05,-1.4,11.837,195,800,-1.4233,11.694,187.27,798.01,0.29164,0.10665,0.02176,0.21774,0.10575,0.017152,0.18518,0.10071,0.014144,253,251,250,180,180,184,173,174,176,208,204,198,85,88,92,149,157,164,0.54687,0.54858,0.54584
1,2.7659e+05,-1.48,11.837,195,800,-1.5082,11.7,186.77,949.7,0.18058,0.11286,0.015744,0.16488,0.10544,0.013632,0.15241,0.10305,0.012352,252,251,249,187,184,186,178,174,175,231,223,211,108,112,108,136,144,150,0.54033,0.54939,0.54504
1,2.7669e+05,-1.56,11.837,195,800,-1.5931,11.715,185.82,1047.8,0.26538,0.11442,0.023104,0.23816,0.10617,0.019264,0.21238,0.1028,0.016832,251,250,248,179,180,185,173,171,173,231,224,212,130,123,112,130,137,143,0.55834,0.54876,0.5472
1,2.7679e+05,-1.64,11.837,195,800,-1.6642,11.708,187.04,957.18,0.27089,0.1153,0.023808,0.24978,0.10797,0.020544,0.23089,0.10259,0.018112,244,245,247,182,182,182,159,166,170,218,213,206,110,113,112,126,130,134,0.54493,0.54527,0.54702
1,2.7689e+05,-1.72,11.837,195,800,-1.7395,11.699,185.92,1041.3,0.20428,0.11075,0.016768,0.17652,0.1056,0.014016,0.15852,0.10226,0.01248,244,245,246,179,179,180,162,164,167,208,206,202,96,105,113,123,128,132,0.54366,0.54391,0.54627
1,2.7699e+05,-1.8,11.837,195,800,-1.8159,11.705,186.08,988.01,0.22156,0.12787,0.021888,0.2043,0.12227,0.0192,0.1944,0.11311,0.017088,244,244,244,159,167,175,156,159,163,198,198,198,116,121,116,125,129,131,0.54273,0.54844,0.54496
1,2.7709e+05,-1.88,11.837,195,800,-1.8763,11.681,185.4,853.15,0.2125,0.1173,0.0192,0.19026,0.11262,0.016448,0.17102,0.10983,0.01472,237,241,245,169,171,177,166,160,158,204,207,212,107,114,114,120,124,129,0.54692,0.54528,0.54525
1,2.7719e+05,-1.96,11.837,195,800,-1.9782,11.672,185.56,771.24,0.21065,0.11439,0.017984,0.18393,0.10854,0.015424,0.1718,0.10424,0.01408,244,244,245,184,180,181,163,159,157,222,223,223,95,102,109,115,123,128,0.54841,0.54021,0.5439
1,2.7729e+05,-2.04,11.837,195,800,-2.0599,11.691,187.59,894.16,0.25656,0.12033,0.023296,0.21927,0.11587,0.019456,0.19963,0.10894,0.016832,252,251,247,190,190,189,156,155,155,253,250,245,104,106,106,125,127,130,0.55159,0.54831,0.5464
1,2.7739e+05,-2.12,11.837,195,800,-2.1342,11.686,185.65,926.72,0.26877,0.1003,0.019328,0.20357,0.10005,0.015488,0.16718,0.096347,0.01248,250,249,248,191,190,189,153,153,155,255,254,251,114,114,112,129,130,133,0.55797,0.55326,0.54768
1,2.7749e+05,-2.2,11.837,195,800,-2.2074,11.695,186.64,1103.7,0.24111,0.12905,0.023552,0.2121,0.11999,0.019712,0.19215,0.11932,0.017856,246,247,247,182,183,184,150,155,161,255,255,255,135,133,133,136,139,143,0.55339,0.55104,0.54714
1,2.7759e+05,-2.28,11.837,195,800,-2.2774,11.679,184.73,892.22,0.17473,0.11263,0.015552,0.15608,0.10897,0.013568,0.14924,0.10515,0.01248,247,248,248,178,181,185,167,169,170,255,255,255,179,173,168,155,158,162,0.54973,0.54772,0.54543
1,2.7769e+05,-2.36,11.837,195,800,-2.3718,11.68,186.03,695.84,0.26441,0.10845,0.020608,0.22247,0.10329,0.016896,0.20448,0.097903,0.014784,250,250,249,191,190,189,175,175,174,255,255,255,211,199,188,168,171,176,0.53922,0.54581,0.54503
1,2.7779e+05,-2.44,11.837,195,800,-2.4525,11.699,185.14,853.51,0.23291,0.13137,0.023424,0.21474,0.12152,0.020288,0.19898,0.11625,0.018176,254,253,252,214,208,201,176,177,176,255,255,255,249,237,225,214,213,211,0.53262,0.54281,0.54474
1,2.7789e+05,-2.52,11.837,195,800,-2.5405,11.707,185.4,1160.8,0.26265,0.10968,0.0224,0.22875,0.10578,0.018688,0.20394,0.10085,0.016064,254,254,253,207,210,207,169,172,174,255,255,255,253,247,238,237,234,228,0.55288,0.54779,0.54485
1,2.7799e+05,-2.6,11.837,195,800,-2.5968,11.681,185.72,964.03,0.2528,0.1149,0.022272,0.22829,0.11217,0.019456,0.20455,0.11016,0.01728,255,254,253,208,206,205,159,163,167,255,255,255,255,255,252,255,254,250,0.5466,0.54457,0.54426
1,2.7809e+05,-2.68,11.837,195,800,-2.6753,11.699,186.93,579.59,0.2585,0.11229,0.020928,0.21552,0.10436,0.01728,0.19543,0.10259,0.015552,254,254,254,185,190,199,162,161,162,255,255,255,255,254,250,255,255,255,0.54928,0.54518,0.54325
1,2.7819e+05,-2.76,11.837,195,800,-2.774,11.689,186.25,943.23,0.2218,0.11061,0.018944,0.19975,0.10461,0.016256,0.18098,0.10084,0.014336,253,254,253,185,188,197,156,159,161,255,255,255,254,250,246,255,255,255,0.5467,0.54819,0.54619
1,2.7829e+05,-2.84,11.837,195,800,-2.8143,11.669,186.67,823.62,0.29724,0.11107,0.024832,0.26351,0.10838,0.02176,0.24923,0.10521,0.019776,255,254,253,201,195,198,159,155,156,255,255,255,252,246,242,255,255,255,0.55117,0.55259,0.54996
1,2.7839e+05,-2.92,11.837,195,800,-2.8949,11.68,186.37,628.13,0.26053,0.1222,0.02496,0.23398,0.11773,0.021504,0.21753,0.11171,0.0192,255,254,253,186,192,197,151,151,153,255,255,255,254,248,239,255,255,255,0.55152,0.55203,0.54912
1,2.7849e+05,-3,11.837,195,800,-2.9787,11.686,152.57,695.22,0.26532,0.11516,0.022848,0.21958,0.11113,0.019008,0.20057,0.10922,0.017088,252,254,253,181,183,185,138,142,149,255,255,255,242,242,233,255,255,255,0.43872,0.45751,0.46609
1,2.8151e+05,-3,11.93,195,800,-2.9405,11.769,0.14465,786.91,0,0,0,0,0,0,0,0,0,254,254,253,223,218,212,148,151,154,255,255,255,233,230,228,255,255,255,0.50067,0.47491,0.47222
1,2.8161e+05,-2.92,11.93,195,800,-2.8747,11.779,187.12,952.61,0.17634,0.12037,0.016768,0.17112,0.11101,0.015168,0.16439,0.10693,0.01376,255,255,255,247,240,229,153,154,154,255,255,255,238,231,227,255,255,255,0.5529,0.54623,0.54646
1,2.8171e+05,-2.84,11.93,195,800,-2.8005,11.786,186.8,1292.6,0.28348,0.12169,0.026496,0.2819,0.11271,0.024448,0.27236,0.10915,0.022336,255,255,255,245,239,229,157,156,155,255,255,255,216,225,230,255,255,255,0.54537,0.55024,0.54917
1,2.8181e+05,-2.76,11.93,195,800,-2.7453,11.795,187.96,635.83,0.27793,0.13928,0.030144,0.25744,0.13364,0.026944,0.23809,0.12924,0.024128,253,253,253,225,226,224,156,157,158,255,255,255,243,240,238,255,255,255,0.53239,0.54475,0.5466
1,2.8191e+05,-2.68,11.93,195,800,-2.6689,11.789,186.22,858.11,0.37933,0.13029,0.037888,0.34071,0.12005,0.030784,0.3118,0.11587,0.026304,250,252,253,226,225,223,159,158,159,255,255,255,253,250,245,255,255,255,0.54356,0.54288,0.54533
1,2.8201e+05,-2.6,11.93,195,800,-2.566,11.779,185.58,1006.6,0.28142,0.13588,0.02944,0.2463,0.12856,0.024448,0.21969,0.12289,0.020992,253,253,253,247,235,222,162,163,163,255,255,255,255,254,251,255,254,250,0.53718,0.5412,0.54134
1,2.8211e+05,-2.52,11.93,195,800,-2.4938,11.766,187.39,860.82,0.29849,0.1307,0.029632,0.25113,0.12476,0.023744,0.22324,0.11619,0.019776,254,254,254,225,225,222,174,171,170,255,255,255,237,239,237,235,231,225,0.54738,0.5451,0.54291
1,2.8221e+05,-2.44,11.93,195,800,-2.4175,11.775,186.67,996.1,0.25616,0.12494,0.024256,0.22976,0.11763,0.0208,0.21592,0.10681,0.017664,254,254,253,218,220,217,177,175,172,255,255,255,223,226,224,206,205,205,0.54758,0.54521,0.54318
1,2.8231e+05,-2.36,11.93,195,800,-2.3474,11.796,185.95,886.18,0.30524,0.12277,0.027968,0.26756,0.11499,0.02304,0.24291,0.1092,0.019904,252,252,251,210,211,210,176,176,173,255,255,255,184,186,184,153,156,164,0.55923,0.54663,0.54371
1,2.8241e+05,-2.28,11.93,195,800,-2.287,11.801,186.42,799.48,0.29415,0.12671,0.028608,0.2691,0.11728,0.024384,0.25151,0.10859,0.021248,251,250,249,207,209,208,177,173,170,255,255,255,156,160,162,139,142,149,0.54812,0.54472,0.54277
1,2.8251e+05,-2.2,11.93,195,800,-2.1851,11.776,186.68,878.21,0.29472,0.12565,0.028224,0.26499,0.12043,0.024448,0.24748,0.11381,0.021568,248,248,248,224,219,211,162,162,163,255,255,255,115,119,123,129,129,132,0.54912,0.5422,0.54203
1,2.8261e+05,-2.12,11.93,195,800,-2.1055,11.789,185.29,1026,0.29017,0.12731,0.028288,0.25648,0.12249,0.024064,0.22465,0.1144,0.019904,251,250,248,242,233,219,150,152,155,255,254,251,96,97,100,126,125,125,0.54355,0.5376,0.54235
1,2.8271e+05,-2.04,11.93,195,800,-2.0387,11.779,186.12,966.33,0.31063,0.13519,0.029952,0.27649,0.12711,0.025408,0.26272,0.12041,0.022528,252,250,248,247,236,219,144,148,154,251,248,243,90,91,94,126,123,122,0.5371,0.54201,0.54332
1,2.8281e+05,-1.96,11.93,195,800,-1.9474,11.788,186.04,820.2,0.29929,0.11468,0.025408,0.2456,0.10883,0.019712,0.19658,0.10482,0.015808,246,247,248,225,220,209,138,143,150,218,219,220,89,90,94,120,119,118,0.56417,0.55105,0.54511
1,2.8291e+05,-1.88,11.93,195,800,-1.8795,11.788,185.97,899.83,0.27985,0.12651,0.026304,0.25379,0.12181,0.022912,0.23401,0.11075,0.019648,247,247,248,210,208,203,138,142,149,202,204,208,93,96,97,119,118,118,0.53286,0.54282,0.54417
1,2.8301e+05,-1.8,11.93,195,800,-1.7883,11.771,186.69,840.77,0.29059,0.12311,0.027136,0.24844,0.11605,0.021888,0.21835,0.11073,0.018624,255,251,248,203,199,196,135,142,151,186,188,191,122,110,101,124,123,122,0.55181,0.54666,0.54485
1,2.8311e+05,-1.72,11.93,195,800,-1.7183,11.779,186.95,1024.4,0.28987,0.11549,0.025152,0.2563,0.10587,0.02048,0.22373,0.10286,0.017536,248,249,249,205,203,199,156,155,156,181,185,190,102,101,103,132,128,125,0.54838,0.54414,0.5445
1,2.8321e+05,-1.64,11.93,195,800,-1.6504,11.779,187.43,1085.1,0.22786,0.12025,0.02048,0.19485,0.11303,0.017408,0.18018,0.11023,0.01568,249,249,249,210,207,202,158,158,160,182,187,192,94,99,104,128,126,126,0.54522,0.54731,0.54545
1,2.8331e+05,-1.56,11.93,195,800,-1.5623,11.799,185.93,953.82,0.29674,0.11461,0.025728,0.27526,0.10762,0.022528,0.25953,0.10282,0.019776,254,253,251,213,213,210,160,163,166,192,196,200,111,108,104,126,127,130,0.53794,0.54171,0.54377
1,2.8341e+05,-1.48,11.93,195,800,-1.4859,11.788,185.79,922.36,0.27496,0.11809,0.024064,0.24224,0.11051,0.019584,0.20763,0.10824,0.017088,254,254,252,220,218,213,165,169,169,196,199,201,107,104,101,131,132,134,0.54089,0.54588,0.54464
1,2.8351e+05,-1.4,11.93,195,800,-1.4,11.78,187.06,705.71,0.26837,0.12812,0.026304,0.23857,0.1207,0.022592,0.21199,0.11776,0.019776,254,254,253,235,227,217,186,181,176,192,193,193,89,86,87,135,138,141,0.54098,0.54957,0.54677
1,2.8361e+05,-1.32,11.93,195,800,-1.3193,11.779,186.64,945.96,0.25275,0.11904,0.022848,0.21036,0.11194,0.01856,0.19497,0.10724,0.016256,255,254,253,244,232,217,188,182,175,171,173,178,83,82,81,142,141,142,0.54216,0.54315,0.54542
1,2.8371e+05,-1.24,11.93,195,800,-1.244,11.774,187.15,855.15,0.24754,0.12707,0.024064,0.21834,0.11965,0.02048,0.19625,0.1173,0.018112,254,253,252,246,232,216,176,175,173,163,167,173,90,85,81,144,141,140,0.52512,0.54148,0.54519
1,2.8381e+05,-1.16,11.93,195,800,-1.1793,11.794,186.79,916.86,0.26828,0.1245,0.02528,0.24051,0.11528,0.021504,0.21958,0.11007,0.018944,248,248,249,232,224,214,158,161,166,166,165,167,86,83,79,137,135,135,0.53213,0.54352,0.5462
1,2.8391e+05,-1.08,11.93,195,800,-1.1082,11.798,186.2,798.33,0.35552,0.11773,0.030848,0.31491,0.11213,0.025984,0.28555,0.10463,0.021888,246,247,248,225,222,214,156,160,164,165,165,165,81,79,77,133,133,134,0.5434,0.54312,0.54515
1,2.8401e+05,-1,11.93,195,800,-1.0053,11.784,187.64,732.49,0.26471,0.12445,0.025472,0.235,0.11941,0.021824,0.21262,0.11363,0.01888,251,251,249,237,225,214,162,160,160,159,158,158,75,74,74,137,137,136,0.54077,0.54458,0.54649
1,2.8411e+05,-0.92,11.93,195,800,-0.93313,11.78,186.27,814.39,0.30495,0.11016,0.024768,0.26691,0.10229,0.02016,0.23375,0.1004,0.017408,251,251,250,221,220,215,148,151,157,144,147,151,86,81,76,139,138,137,0.5298,0.543,0.54561
1,2.8421e+05,-0.84,11.93,195,800,-0.85673,11.798,186.39,770.78,0.30034,0.10948,0.024384,0.24914,0.10688,0.019776,0.20684,0.1049,0.016512,250,250,251,221,220,215,144,149,156,143,145,149,90,84,79,137,135,136,0.55235,0.54624,0.5462
1,2.8431e+05,-0.76,11.93,195,800,-0.78353,11.788,187.74,776.9,0.27425,0.11912,0.024832,0.25311,0.11189,0.02144,0.23262,0.10807,0.019136,255,253,250,243,231,217,153,156,160,150,148,150,94,87,82,126,127,129,0.54226,0.5485,0.54845
1,2.8441e+05,-0.68,11.93,195,800,-0.69652,11.795,186.15,758.7,0.29868,0.1226,0.027008,0.26176,0.11407,0.02272,0.23495,0.11214,0.019968,255,253,250,252,237,216,157,160,162,151,152,154,92,87,83,119,121,126,0.54043,0.54586,0.54665
1,2.8451e+05,-0.6,11.93,195,800,-0.62225,11.796,187.5,760.71,0.28921,0.12264,0.025664,0.25553,0.11966,0.021696,0.21578,0.11284,0.01824,250,250,249,233,220,207,159,159,162,171,164,161,96,90,85,114,118,123,0.5482,0.54809,0.54651
1,2.8461e+05,-0.52,11.93,195,800,-0.55329,11.801,187.67,744.98,0.27746,0.11981,0.024896,0.24966,0.11181,0.02048,0.21342,0.10791,0.017728,253,251,248,199,201,201,154,157,162,167,166,164,93,89,84,130,127,127,0.55971,0.54818,0.54732
1,2.8471e+05,-0.44,11.93,195,800,-0.46204,11.791,188.27,741.55,0.24241,0.11216,0.019968,0.20769,0.10605,0.01664,0.18994,0.10416,0.014848,253,252,249,213,208,202,163,160,162,164,162,161,85,84,83,130,129,129,0.54301,0.54864,0.54859
1,2.8481e+05,-0.36,11.93,195,800,-0.3899,11.789,187.68,926.42,0.29027,0.12137,0.025728,0.25876,0.11252,0.021632,0.23536,0.11113,0.01952,254,253,252,240,227,213,157,162,165,151,152,154,90,86,82,124,128,130,0.53776,0.54525,0.54569
1,2.8491e+05,-0.28,11.93,195,800,-0.31244,11.786,187.7,795.15,0.30513,0.11488,0.026048,0.27301,0.11124,0.022464,0.24454,0.10749,0.01952,254,253,252,234,227,217,162,163,165,153,151,152,95,87,81,125,127,129,0.54469,0.54537,0.54584
1,2.8501e+05,-0.2,11.93,195,800,-0.25091,11.805,186.56,768.63,0.29538,0.11946,0.025536,0.26209,0.11386,0.021824,0.22964,0.10868,0.018816,254,252,251,220,219,218,163,163,165,154,153,152,85,84,86,124,125,129,0.54628,0.54669,0.54499
1,2.8511e+05,-0.12,11.93,195,800,-0.16709,11.799,186.77,639.97,0.24713,0.12076,0.022656,0.209,0.11807,0.019136,0.1904,0.11403,0.017024,247,249,250,222,221,218,154,158,164,158,158,161,108,102,94,137,137,136,0.54632,0.54412,0.54299
1,2.8521e+05,-0.04,11.93,195,800,-0.082208,11.805,187.71,833.3,0.28748,0.11733,0.025344,0.24933,0.11008,0.020608,0.20947,0.10878,0.0176,249,249,250,232,222,218,157,159,165,164,165,166,125,107,94,149,144,141,0.54467,0.54427,0.54368
1,2.8531e+05,0.04,11.93,195,800,0.014342,11.779,187.37,703.26,0.27476,0.12034,0.025088,0.24847,0.1138,0.021056,0.22509,0.1092,0.018688,248,249,250,225,224,220,167,168,172,174,174,172,93,90,88,150,149,148,0.55205,0.54231,0.54097
1,2.8541e+05,0.12,11.93,195,800,0.082246,11.776,186.27,892.81,0.28689,0.12356,0.025152,0.24304,0.11911,0.020736,0.2208,0.11282,0.017728,250,250,250,230,222,217,170,173,177,173,171,172,87,82,81,149,149,150,0.53589,0.54279,0.54313
1,2.8551e+05,0.2,11.93,195,800,0.18835,11.77,187.2,1292,0.23893,0.11965,0.021824,0.22196,0.11056,0.018816,0.20397,0.10756,0.01696,251,252,252,211,211,211,189,185,183,165,165,169,76,74,73,158,159,161,0.5404,0.54167,0.54203
1,2.8561e+05,0.28,11.93,195,800,0.22548,11.8,186.05,675.69,0.27424,0.11059,0.022336,0.23915,0.10262,0.01824,0.19417,0.10264,0.015488,255,254,253,216,209,204,181,180,180,177,175,173,73,71,69,170,174,174,0.55244,0.54088,0.54083
1,2.8571e+05,0.36,11.93,195,800,0.32309,11.789,186.25,921.77,0.26658,0.116,0.022528,0.23678,0.10887,0.0192,0.20456,0.10679,0.016576,254,253,252,219,207,201,170,174,177,180,177,174,69,68,68,179,178,176,0.55368,0.54331,0.54287
1,2.8581e+05,0.44,11.93,195,800,0.3963,11.807,186.73,864.61,0.27073,0.11893,0.024448,0.24029,0.11387,0.020992,0.21615,0.10869,0.01824,248,248,247,189,193,196,173,174,176,166,169,171,65,64,65,174,174,175,0.55187,0.54634,0.54408
1,2.8591e+05,0.52,11.93,195,800,0.48012,11.78,186.1,1191.3,0.29935,0.12392,0.027136,0.2616,0.11616,0.022592,0.2386,0.11045,0.019456,245,244,244,186,188,194,177,177,179,161,163,168,63,62,63,171,171,172,0.53618,0.53941,0.54155
1,2.8601e+05,0.6,11.93,195,800,0.56818,11.781,187.13,839.91,0.26878,0.12457,0.02528,0.23775,0.11743,0.02112,0.21688,0.11344,0.018624,241,242,243,196,194,194,184,184,183,162,162,163,61,60,61,161,165,169,0.53976,0.54373,0.54424
1,2.8611e+05,0.68,11.93,195,800,0.63184,11.789,185.92,618.46,0.3252,0.11625,0.027648,0.28433,0.11042,0.022464,0.25592,0.10792,0.019136,251,247,243,201,198,196,181,180,178,162,160,160,58,58,60,152,160,167,0.55251,0.54446,0.54339
1,2.8621e+05,0.76,11.93,195,800,0.7146,11.785,186.48,825.75,0.29397,0.12312,0.02592,0.24637,0.11937,0.021504,0.21065,0.11512,0.018304,249,246,243,197,197,198,169,171,173,156,157,157,57,57,59,149,159,168,0.54605,0.54267,0.54164
1,2.8631e+05,0.84,11.93,195,800,0.78568,11.789,187.07,771.86,0.26908,0.12094,0.024128,0.21807,0.11783,0.019712,0.20369,0.11096,0.017408,240,242,243,202,199,197,156,160,165,152,152,154,60,59,62,152,161,169,0.54752,0.54258,0.54171
1,2.8641e+05,0.92,11.93,195,800,0.87905,11.772,187.77,967.74,0.26833,0.12219,0.024832,0.23526,0.11812,0.021376,0.21255,0.11515,0.01888,243,243,243,199,195,195,158,160,162,155,155,155,62,63,65,152,161,170,0.54694,0.54015,0.54066
1,2.8651e+05,1,11.93,195,800,0.94483,11.781,187.43,728.66,0.21381,0.11978,0.02016,0.19469,0.11738,0.018048,0.18271,0.11162,0.016,247,247,245,182,189,194,156,159,162,169,165,162,73,74,76,154,159,167,0.53584,0.54174,0.54231
1,2.8661e+05,1.08,11.93,195,800,1.0191,11.784,187.06,707.98,0.26397,0.10281,0.02016,0.2135,0.096624,0.01568,0.19042,0.095212,0.013824,245,245,245,204,195,192,159,160,163,176,169,165,87,88,87,140,148,156,0.53799,0.54074,0.54179
1,2.8671e+05,1.16,11.93,195,800,1.1061,11.788,187.6,1035.5,0.24832,0.1111,0.020032,0.21527,0.10881,0.01728,0.19054,0.10645,0.015424,242,243,244,193,192,192,159,163,166,170,167,164,92,93,89,130,139,149,0.55189,0.54471,0.54222
1,2.8681e+05,1.24,11.93,195,800,1.1889,11.775,185.75,914.72,0.26458,0.1224,0.024256,0.24495,0.11542,0.021248,0.22907,0.10739,0.018752,235,239,243,173,179,185,170,173,175,159,159,161,90,88,87,131,134,139,0.53974,0.54288,0.54333
1,2.8691e+05,1.32,11.93,195,800,1.2525,11.786,186.47,799.61,0.28457,0.1182,0.023104,0.23321,0.11174,0.01888,0.1906,0.11189,0.016384,236,239,243,159,169,179,181,180,178,158,158,160,83,83,83,136,135,135,0.54192,0.54003,0.54035
1,2.8701e+05,1.4,11.93,195,800,1.347,11.771,185.56,822.77,0.26568,0.11564,0.023488,0.22857,0.11083,0.019328,0.19989,0.10637,0.016448,238,242,246,145,155,172,187,187,185,161,160,162,74,78,79,122,127,131,0.53606,0.54634,0.54212
1,2.8711e+05,1.48,11.93,195,800,1.4255,11.794,185.52,1036.1,0.28738,0.12329,0.026816,0.25919,0.11757,0.023296,0.2351,0.11284,0.020288,252,250,249,157,166,175,184,184,185,160,160,162,81,78,77,121,124,130,0.53919,0.54028,0.54094
1,2.8721e+05,1.56,11.93,195,800,1.5019,11.786,185.6,837.72,0.26664,0.11325,0.0224,0.22425,0.10652,0.01792,0.19261,0.10377,0.015488,254,251,249,160,170,179,177,181,184,157,159,161,77,77,77,122,128,133,0.5408,0.53849,0.54014
1,2.8731e+05,1.64,11.93,195,800,1.5857,11.788,186.41,733.06,0.25028,0.11437,0.02144,0.22601,0.11148,0.019264,0.20691,0.10794,0.017216,242,244,246,152,165,179,176,177,180,156,156,157,83,79,75,133,138,140,0.55058,0.54174,0.54116
1,2.8741e+05,1.72,11.93,195,800,1.6695,11.772,185.6,1248.2,0.2951,0.11653,0.0256,0.26107,0.10987,0.021312,0.23303,0.10647,0.018432,240,243,246,153,163,178,170,177,179,153,157,157,83,80,75,138,141,144,0.53799,0.53912,0.5386
1,2.8751e+05,1.8,11.93,195,800,1.7141,11.796,185.98,804.35,0.28989,0.12213,0.025856,0.26045,0.11548,0.021568,0.23601,0.11282,0.018752,251,250,247,162,173,183,174,175,176,175,165,156,76,73,72,144,149,153,0.53548,0.53524,0.5372
1,2.8761e+05,1.88,11.93,195,800,1.8233,11.786,188.01,903.11,0.28266,0.10904,0.021824,0.24575,0.10131,0.01728,0.19284,0.1025,0.014848,245,247,248,189,184,190,162,166,171,165,158,153,70,70,73,171,169,168,0.5381,0.53799,0.53735
1,2.8771e+05,1.96,11.93,195,800,1.8965,11.788,187.03,918.99,0.2547,0.11463,0.021952,0.20091,0.11408,0.01792,0.18779,0.10632,0.015552,239,244,247,169,181,191,150,161,169,155,152,150,73,74,76,177,178,174,0.53085,0.53688,0.53633
1,2.8781e+05,2.04,11.93,195,800,1.9634,11.795,187.35,995.95,0.28247,0.12114,0.025856,0.25737,0.11384,0.021824,0.23484,0.10412,0.018368,243,243,244,164,174,190,158,163,169,154,150,148,78,80,80,177,180,185,0.5304,0.53503,0.53583
1,2.8791e+05,2.12,11.93,195,800,2.0419,11.81,187.54,1068.9,0.27113,0.12695,0.025536,0.23654,0.12361,0.021888,0.21631,0.11359,0.018752,242,241,243,163,178,188,167,169,171,156,151,150,75,79,82,163,178,190,0.53203,0.53077,0.53364
1,2.8801e+05,2.2,11.93,195,800,2.1225,11.785,187.89,745.24,0.26685,0.12055,0.023808,0.23622,0.11633,0.02048,0.20908,0.10875,0.017536,229,234,241,162,171,182,178,177,175,154,157,160,79,81,85,158,178,193,0.54028,0.53317,0.53317
1,2.8811e+05,2.28,11.93,195,800,2.1894,11.788,186.22,712.32,0.28518,0.11914,0.025728,0.24998,0.1146,0.02208,0.22861,0.11038,0.019584,238,239,243,147,159,176,180,177,176,177,174,174,93,91,92,174,185,197,0.52736,0.53033,0.53123
1,2.8821e+05,2.36,11.93,195,800,2.2881,11.786,186.79,901.37,0.27705,0.11413,0.023744,0.24212,0.10674,0.01952,0.21386,0.10549,0.017088,242,243,245,154,161,173,180,179,176,183,182,183,97,96,96,177,189,196,0.54433,0.53121,0.52906
1,2.8831e+05,2.44,11.93,195,800,2.3581,11.78,186.4,755.44,0.26451,0.11172,0.02144,0.22783,0.10532,0.017152,0.18397,0.10069,0.013568,243,246,249,149,158,174,184,180,176,203,200,198,107,105,105,177,187,192,0.52524,0.52905,0.52844
1,2.8841e+05,2.52,11.93,195,800,2.444,11.769,187.11,740.56,0.25096,0.12716,0.023808,0.22404,0.11764,0.020096,0.20718,0.11045,0.017664,248,248,250,147,158,175,177,177,176,212,207,202,112,111,111,172,182,186,0.52464,0.52805,0.52779
1,2.8851e+05,2.6,11.93,195,800,2.5321,11.766,186.27,862.38,0.27993,0.12457,0.02624,0.25482,0.11974,0.023104,0.2314,0.11317,0.019904,253,253,253,156,164,177,173,175,177,208,204,201,125,123,121,162,168,172,0.51708,0.525,0.52574
1,2.8861e+05,2.68,11.93,195,800,2.6106,11.78,186.02,926.81,0.20883,0.12743,0.020992,0.19322,0.12343,0.018752,0.18179,0.11765,0.01696,255,254,253,155,164,178,183,182,180,205,198,195,128,129,128,156,162,168,0.53579,0.52826,0.52581
1,2.8871e+05,2.76,11.93,195,800,2.6817,11.801,185.77,885.03,0.24341,0.12431,0.022976,0.22201,0.11799,0.02016,0.20272,0.11104,0.017344,253,252,252,163,167,179,184,184,182,203,198,195,125,127,128,157,167,175,0.53835,0.53408,0.53164
1,2.8881e+05,2.84,11.93,195,800,2.7538,11.793,185.4,634.99,0.31279,0.12712,0.030784,0.29644,0.11982,0.0272,0.27731,0.11319,0.024128,252,252,252,163,174,187,191,189,185,205,201,196,122,124,125,200,203,201,0.54205,0.54528,0.54453
1,2.8891e+05,2.92,11.93,195,800,2.844,11.772,186.15,840.46,0.29905,0.11713,0.02688,0.25071,0.11169,0.021568,0.22343,0.10959,0.018944,254,253,252,173,182,193,199,192,185,206,200,196,126,124,124,231,225,215,0.55973,0.5613,0.56103
1,2.8901e+05,3,11.93,195,800,2.9002,11.785,153.41,783.37,0.30049,0.11114,0.024768,0.24631,0.10941,0.019648,0.20169,0.10827,0.016448,253,253,253,192,196,202,190,188,185,195,194,194,124,123,122,254,247,233,0.46143,0.47117,0.48362
1,2.9203e+05,3,12.023,195,800,2.878,11.882,-0.13342,713.82,0,0,0,0,0,0,0,0,0,252,252,253,194,200,204,183,182,182,193,192,194,120,122,125,250,246,235,0.49791,0.49905,0.49711
1,2.9213e+05,2.92,12.023,195,800,2.791,11.887,186.56,1165.4,0.16396,0.1144,0.014592,0.15066,0.11126,0.013184,0.14513,0.10838,0.012288,253,253,252,188,190,194,189,185,182,189,192,195,121,121,124,252,239,221,0.56046,0.56162,0.56189
1,2.9223e+05,2.84,12.023,195,800,2.7103,11.9,184.73,858.67,0.23589,0.12516,0.023104,0.22446,0.11987,0.021184,0.21467,0.11513,0.019328,254,253,252,172,180,188,187,184,182,189,192,194,118,121,124,229,221,208,0.54245,0.54195,0.54298
1,2.9233e+05,2.76,12.023,195,800,2.6562,11.865,185.99,880.8,0.2813,0.12001,0.026304,0.26214,0.11155,0.022464,0.24246,0.10803,0.020032,254,254,253,157,165,178,174,176,178,191,192,193,115,122,126,177,178,179,0.52716,0.52874,0.52899
1,2.9243e+05,2.68,12.023,195,800,2.5756,11.879,187.29,746.13,0.29905,0.12404,0.027712,0.24965,0.11831,0.022272,0.22329,0.11428,0.019968,255,254,253,155,165,178,170,173,175,193,193,194,119,123,126,163,165,170,0.53148,0.52659,0.52383
1,2.9253e+05,2.6,12.023,195,800,2.5013,11.872,186.55,592.46,0.32544,0.13361,0.034048,0.30191,0.12393,0.028672,0.27393,0.11874,0.024768,254,254,253,184,179,181,168,168,171,205,204,202,112,117,121,164,166,170,0.52846,0.5223,0.52207
1,2.9263e+05,2.52,12.023,195,800,2.4175,11.875,186.92,1139.1,0.33126,0.11059,0.027008,0.27816,0.10606,0.021888,0.24138,0.10151,0.018624,253,251,250,171,177,184,163,167,171,208,207,203,101,106,112,175,178,182,0.51844,0.5217,0.52275
1,2.9273e+05,2.44,12.023,195,800,2.3284,11.893,184.51,1118.2,0.29487,0.11579,0.026304,0.26786,0.10916,0.022336,0.24616,0.10517,0.019712,251,250,249,174,178,184,163,168,171,193,197,198,99,102,106,173,180,187,0.52206,0.52478,0.52638
1,2.9283e+05,2.36,12.023,195,800,2.2637,11.87,186.6,913.69,0.26801,0.11194,0.022912,0.24797,0.10558,0.01984,0.23469,0.098437,0.0176,251,248,246,187,180,182,167,170,173,173,176,180,88,92,95,179,182,189,0.52206,0.52902,0.52862
1,2.9293e+05,2.28,12.023,195,800,2.1809,11.88,187.79,808.07,0.27352,0.11711,0.023296,0.22955,0.11581,0.019968,0.20716,0.10693,0.017024,248,245,244,162,173,184,168,171,174,171,170,170,91,88,89,177,180,189,0.53391,0.53368,0.53284
1,2.9303e+05,2.2,12.023,195,800,2.1194,11.865,186.71,817.99,0.31451,0.14294,0.034112,0.2876,0.13152,0.02912,0.26589,0.1279,0.026048,240,240,242,180,183,189,171,173,174,154,155,158,79,80,81,176,180,186,0.53431,0.53241,0.53324
1,2.9313e+05,2.12,12.023,195,800,2.0281,11.881,186.77,828.66,0.28743,0.14684,0.028032,0.24192,0.13691,0.022912,0.21049,0.1301,0.019648,254,246,242,194,196,196,168,170,170,148,149,149,76,79,80,171,176,182,0.53585,0.53413,0.5343
1,2.9323e+05,2.04,12.023,195,800,1.9464,11.882,187.67,930.15,0.3031,0.12564,0.028288,0.26943,0.11644,0.023872,0.24854,0.11162,0.020928,251,247,243,190,194,199,161,164,168,147,148,148,79,79,80,174,172,177,0.53774,0.53538,0.53472
1,2.9333e+05,1.96,12.023,195,800,1.869,11.872,187.27,948.21,0.30761,0.1246,0.029312,0.27495,0.11741,0.02496,0.25358,0.1126,0.022144,242,244,246,203,201,199,157,161,167,155,152,150,67,73,77,159,163,168,0.53549,0.53684,0.53598
1,2.9343e+05,1.88,12.023,195,800,1.7904,11.875,187.68,1024.7,0.34447,0.11453,0.029632,0.31145,0.10698,0.024512,0.27491,0.10611,0.021504,248,247,246,207,201,198,163,165,169,166,158,152,64,69,74,151,158,163,0.54278,0.53475,0.53459
1,2.9353e+05,1.8,12.023,195,800,1.7183,11.872,185.88,809.54,0.29482,0.11148,0.024768,0.26338,0.10783,0.021056,0.2334,0.10514,0.018368,254,250,246,191,191,191,173,172,174,164,159,154,78,74,73,144,147,150,0.54032,0.53833,0.53885
1,2.9363e+05,1.72,12.023,195,800,1.6462,11.865,186.8,741.56,0.27405,0.12077,0.025472,0.24152,0.11713,0.022016,0.2261,0.11073,0.019648,242,245,246,177,180,187,162,172,177,143,153,156,73,75,74,129,134,139,0.53798,0.5438,0.54215
1,2.9373e+05,1.64,12.023,195,800,1.5507,11.894,187.66,836.15,0.35539,0.12056,0.02944,0.27727,0.11315,0.022528,0.2275,0.10848,0.01888,244,246,247,175,181,188,173,173,177,162,157,156,70,72,74,132,131,133,0.54705,0.54471,0.54285
1,2.9383e+05,1.56,12.023,195,800,1.4721,11.872,185.88,961.12,0.25885,0.11298,0.021888,0.21002,0.11093,0.018112,0.19344,0.10714,0.016192,254,252,249,196,191,189,179,178,180,164,162,160,75,76,76,131,127,126,0.54405,0.54061,0.54044
1,2.9393e+05,1.48,12.023,195,800,1.4074,11.863,187.71,1069.8,0.26641,0.11881,0.024576,0.24296,0.11067,0.020736,0.21782,0.10767,0.018176,254,252,249,194,189,187,182,180,181,161,160,160,84,79,76,126,123,124,0.54546,0.54206,0.5416
1,2.9403e+05,1.4,12.023,195,800,1.3257,11.871,186.89,806.72,0.26222,0.12175,0.023616,0.23053,0.1116,0.01952,0.21326,0.10979,0.017344,243,246,247,179,182,185,183,182,181,159,159,160,76,77,78,113,121,127,0.53646,0.53924,0.54223
1,2.9413e+05,1.32,12.023,195,800,1.2228,11.886,187.59,1078.1,0.27586,0.11652,0.024512,0.24256,0.10906,0.02048,0.21715,0.10666,0.017984,242,243,244,201,197,192,173,175,175,162,162,163,75,81,84,127,129,132,0.53392,0.54266,0.54461
1,2.9423e+05,1.24,12.023,195,800,1.1592,11.879,186.9,754.44,0.2837,0.10856,0.022016,0.24228,0.10396,0.017344,0.1655,0.10328,0.013376,243,244,245,209,204,198,166,169,171,165,165,164,91,92,89,127,130,134,0.53858,0.54256,0.54308
1,2.9433e+05,1.16,12.023,195,800,1.087,11.874,188.62,903.54,0.29568,0.11875,0.026688,0.27701,0.11141,0.022912,0.25028,0.10708,0.020096,249,248,247,211,209,204,163,162,162,170,170,167,117,107,94,122,129,138,0.54716,0.5418,0.54239
1,2.9443e+05,1.08,12.023,195,800,1.0096,11.87,185.8,1003.6,0.17926,0.11558,0.016192,0.16713,0.11001,0.014464,0.15899,0.10796,0.013056,250,249,248,216,210,205,159,159,160,175,171,166,106,101,93,128,133,142,0.54145,0.54554,0.5441
1,2.9453e+05,1,12.023,195,800,0.93741,11.863,186.98,711.42,0.25844,0.10738,0.020608,0.22036,0.10221,0.017152,0.19638,0.10122,0.015232,250,249,247,203,207,206,155,157,159,169,165,161,85,83,81,138,143,150,0.5531,0.5447,0.54358
1,2.9463e+05,0.92,12.023,195,800,0.85253,11.869,186.59,701.42,0.26161,0.12951,0.024512,0.23542,0.1167,0.020288,0.21571,0.10689,0.017472,248,246,243,218,213,207,155,158,160,152,154,154,64,67,68,137,144,153,0.55219,0.54667,0.54545
1,2.9473e+05,0.84,12.023,195,800,0.76553,11.894,185.49,928.86,0.20918,0.11756,0.01824,0.18282,0.11038,0.015424,0.17237,0.10377,0.01376,247,245,242,225,216,208,157,159,163,151,152,153,59,61,63,140,144,151,0.54426,0.54529,0.54574
1,2.9483e+05,0.76,12.023,195,800,0.69232,11.872,185.85,927.72,0.27583,0.11705,0.023488,0.2363,0.11168,0.01984,0.21301,0.10757,0.017536,250,247,242,223,219,210,169,169,170,161,159,157,57,57,59,139,141,148,0.53843,0.54182,0.54328
1,2.9493e+05,0.68,12.023,195,800,0.60744,11.895,186.52,749.48,0.24791,0.124,0.023552,0.21252,0.12043,0.020352,0.19929,0.11581,0.018112,252,248,243,234,223,210,175,175,175,165,163,160,58,58,59,136,140,148,0.5505,0.54795,0.54559
1,2.9503e+05,0.6,12.023,195,800,0.53105,11.877,187.23,784.8,0.28399,0.11098,0.023232,0.23637,0.10758,0.019264,0.20475,0.10232,0.016256,245,244,244,222,217,210,179,178,177,165,164,163,58,59,60,144,147,153,0.55132,0.54675,0.54611
1,2.9513e+05,0.52,12.023,195,800,0.45678,11.875,186.19,1045.4,0.29324,0.12015,0.026944,0.26505,0.11553,0.02304,0.23759,0.1124,0.020224,245,246,246,209,211,211,165,168,172,166,165,166,63,63,62,162,160,160,0.55075,0.54828,0.54593
1,2.9523e+05,0.44,12.023,195,800,0.36341,11.89,186.32,1027.9,0.23579,0.12674,0.022848,0.21274,0.1182,0.019648,0.20188,0.11241,0.017728,249,249,248,221,219,214,162,165,170,172,170,169,67,65,64,169,166,164,0.54553,0.54332,0.54487
1,2.9533e+05,0.36,12.023,195,800,0.29126,11.893,186.54,736.21,0.23096,0.1182,0.020608,0.20316,0.1123,0.017536,0.18892,0.10938,0.016064,253,253,253,242,232,220,165,168,172,188,181,174,69,69,67,177,171,164,0.53504,0.54553,0.54456
1,2.9543e+05,0.28,12.023,195,800,0.21275,11.895,185.76,1055.8,0.24061,0.11836,0.022016,0.21603,0.11364,0.019072,0.20288,0.10621,0.01696,255,254,254,240,233,223,171,174,175,187,180,175,71,70,69,169,166,162,0.54089,0.53662,0.54135
1,2.9553e+05,0.2,12.023,195,800,0.14485,11.889,186.48,924.16,0.26738,0.11264,0.0208,0.21483,0.10791,0.017024,0.19061,0.10322,0.014656,253,253,253,242,234,226,181,179,178,165,169,173,73,73,74,147,148,150,0.54912,0.54155,0.54026
1,2.9563e+05,0.12,12.023,195,800,0.06527,11.884,187.18,1001,0.30468,0.12226,0.026944,0.27628,0.11102,0.0224,0.24192,0.10768,0.019776,253,252,252,248,240,232,168,170,173,173,170,170,79,81,83,134,136,142,0.54821,0.54278,0.5393
1,2.9573e+05,0.04,12.023,195,800,-0.012183,11.88,186.34,654.51,0.32829,0.11929,0.028352,0.29137,0.11225,0.023808,0.26233,0.10916,0.0208,252,252,251,245,241,234,166,167,169,178,172,169,85,89,91,134,137,140,0.52156,0.53447,0.53864
1,2.9583e+05,-0.04,12.023,195,800,-0.1151,11.896,187.27,1165.8,0.2686,0.13032,0.024768,0.22665,0.12275,0.020992,0.20786,0.11628,0.018368,253,251,251,248,242,234,157,161,165,163,163,162,129,109,97,132,134,135,0.54804,0.54212,0.54155
1,2.9593e+05,-0.12,12.023,195,800,-0.1639,11.872,187.28,721.46,0.25359,0.10795,0.020224,0.21234,0.10544,0.016832,0.19538,0.1023,0.014976,251,251,251,246,240,233,156,160,164,160,159,158,111,104,96,127,129,132,0.53276,0.5351,0.53793
1,2.9603e+05,-0.2,12.023,195,800,-0.24348,11.876,185.97,579.15,0.24036,0.11842,0.02208,0.22324,0.11181,0.019392,0.21503,0.10814,0.01792,254,253,252,229,231,230,163,163,165,161,157,152,80,84,88,118,123,127,0.54137,0.53712,0.53957
1,2.9613e+05,-0.28,12.023,195,800,-0.33048,11.876,185.18,762.26,0.27138,0.11021,0.022976,0.24012,0.10721,0.019456,0.21397,0.10308,0.01664,255,254,253,228,230,227,160,163,165,161,156,152,93,87,82,129,128,128,0.53361,0.54208,0.54178
1,2.9623e+05,-0.36,12.023,195,800,-0.41006,11.887,187,893.38,0.2466,0.12324,0.023552,0.22779,0.11924,0.02112,0.21179,0.11492,0.018816,253,253,252,234,232,225,157,162,164,161,158,155,88,86,83,122,126,129,0.55108,0.54675,0.54373
1,2.9633e+05,-0.44,12.023,195,800,-0.48326,11.88,188.03,988.37,0.29719,0.11145,0.024256,0.25973,0.10226,0.019328,0.21769,0.10061,0.016448,253,252,251,241,231,217,163,159,160,181,170,160,92,89,85,121,125,129,0.53447,0.53968,0.54192
1,2.9643e+05,-0.52,12.023,195,800,-0.55011,11.867,186.31,712.71,0.28999,0.12384,0.025984,0.24429,0.11575,0.020928,0.20736,0.11237,0.017408,254,252,250,233,226,216,156,156,159,180,171,162,100,93,86,127,126,127,0.53823,0.54195,0.54321
1,2.9653e+05,-0.6,12.023,195,800,-0.63392,11.884,188.2,774.33,0.23349,0.1142,0.020672,0.20773,0.10967,0.017728,0.19108,0.10666,0.016064,251,251,250,242,233,219,159,159,160,174,165,158,94,91,85,117,121,126,0.54216,0.54412,0.5426
1,2.9663e+05,-0.68,12.023,195,800,-0.71987,11.875,187.28,1053.2,0.26899,0.11174,0.020864,0.19669,0.11021,0.01664,0.1722,0.1073,0.014272,254,253,250,244,239,227,156,160,162,155,153,151,88,84,81,119,124,129,0.55021,0.54816,0.54465
1,2.9673e+05,-0.76,12.023,195,800,-0.79307,11.881,187.28,911.14,0.27281,0.11418,0.024064,0.23846,0.11069,0.020288,0.21349,0.10745,0.017792,255,252,250,240,237,228,155,157,160,153,150,148,85,82,79,124,128,132,0.53663,0.54341,0.54504
1,2.9683e+05,-0.84,12.023,195,800,-0.88962,11.898,187.27,869.47,0.27607,0.11719,0.024832,0.24353,0.10607,0.020224,0.21513,0.10546,0.0176,246,249,250,230,229,225,149,153,157,148,148,148,77,77,75,121,129,135,0.54361,0.54305,0.54513
1,2.9693e+05,-0.92,12.023,195,800,-0.94798,11.882,186.37,665.42,0.26677,0.10614,0.020864,0.22454,0.099782,0.01696,0.19236,0.099024,0.0144,248,249,250,226,227,224,153,155,158,150,150,151,75,74,73,120,127,134,0.54718,0.54638,0.54701
1,2.9703e+05,-1,12.023,195,800,-1.0403,11.891,188.03,1124.3,0.30987,0.11684,0.027904,0.28148,0.11017,0.02368,0.26123,0.10501,0.02048,249,249,248,242,232,224,170,166,162,172,164,159,75,73,72,116,123,129,0.54489,0.54656,0.54691
1,2.9713e+05,-1.08,12.023,195,800,-1.123,11.884,187.7,1086.7,0.29061,0.11763,0.025856,0.2609,0.11204,0.0224,0.24325,0.10775,0.019584,244,246,248,235,236,228,170,168,165,172,168,165,81,79,76,123,125,128,0.55108,0.5475,0.54689
1,2.9723e+05,-1.16,12.023,195,800,-1.1803,11.875,187.12,981.99,0.25523,0.12307,0.023936,0.23495,0.11084,0.020288,0.21589,0.10838,0.017856,246,248,249,236,236,229,170,167,166,167,165,165,84,82,79,129,129,130,0.52456,0.54272,0.54726
1,2.9733e+05,-1.24,12.023,195,800,-1.2578,11.875,186.82,1002.6,0.27677,0.11324,0.024128,0.24127,0.10574,0.019776,0.21818,0.10258,0.017536,254,253,252,247,241,230,174,173,170,167,168,170,86,82,79,142,139,136,0.53987,0.54485,0.54489
1,2.9743e+05,-1.32,12.023,195,800,-1.348,11.898,186.45,834.74,0.21595,0.11894,0.019648,0.19213,0.1116,0.016832,0.17641,0.10622,0.014592,255,254,253,249,241,230,183,178,172,177,175,175,81,80,79,144,141,138,0.55262,0.54338,0.544
1,2.9753e+05,-1.4,12.023,195,800,-1.4318,11.886,185.67,725.82,0.25804,0.1133,0.021888,0.22022,0.11069,0.01824,0.19781,0.10615,0.016064,255,254,253,235,233,227,179,176,172,197,191,188,87,84,84,144,141,138,0.53967,0.5394,0.54245
1,2.9763e+05,-1.48,12.023,195,800,-1.5114,11.89,186.24,847.11,0.28078,0.11578,0.021312,0.20441,0.11023,0.016064,0.1666,0.10966,0.014336,252,252,252,223,223,222,167,166,166,197,195,193,105,101,96,137,135,132,0.53286,0.54076,0.54474
1,2.9773e+05,-1.56,12.023,195,800,-1.5708,11.853,185.71,966.78,0.24446,0.11536,0.021056,0.21655,0.1088,0.018112,0.20201,0.1046,0.016256,253,252,251,219,220,219,165,164,164,191,191,191,112,106,99,130,130,130,0.53835,0.54531,0.5443
1,2.9783e+05,-1.64,12.023,195,800,-1.661,11.881,187.84,786.19,0.29861,0.10912,0.023232,0.2551,0.10589,0.0192,0.21425,0.10409,0.016448,249,249,249,207,211,212,165,162,160,180,180,183,92,97,99,125,126,127,0.54082,0.54221,0.54324
1,2.9793e+05,-1.72,12.023,195,800,-1.7395,11.863,185.71,484.56,0.23553,0.11332,0.020544,0.20874,0.10956,0.017664,0.18563,0.10326,0.015232,248,248,248,203,206,209,161,158,156,179,180,182,98,98,97,129,128,126,0.55169,0.54521,0.54415
1,2.9803e+05,-1.8,12.023,195,800,-1.8318,11.882,186.37,1050.3,0.22233,0.11624,0.019392,0.19989,0.11204,0.017088,0.18332,0.10735,0.01504,254,252,248,205,206,205,145,147,151,187,186,187,114,104,94,121,122,122,0.55222,0.54719,0.54444
1,2.9813e+05,-1.88,12.023,195,800,-1.8891,11.874,185.33,742.59,0.27238,0.12219,0.024192,0.23617,0.1168,0.020288,0.2098,0.11288,0.017728,249,249,249,214,213,211,145,146,150,201,202,204,95,93,90,116,116,117,0.54193,0.54453,0.54435
1,2.9823e+05,-1.96,12.023,195,800,-1.9538,11.853,185.67,820.62,0.24621,0.12184,0.022464,0.23497,0.11376,0.02016,0.22001,0.10876,0.017984,249,248,248,223,220,215,146,148,152,216,217,217,90,89,87,120,118,117,0.54796,0.54379,0.54289
1,2.9833e+05,-2.04,12.023,195,800,-2.0663,11.876,186.07,802.2,0.2323,0.13089,0.02336,0.21566,0.12073,0.020352,0.20327,0.11663,0.018624,248,248,247,235,230,221,151,154,157,249,246,241,84,86,88,123,122,120,0.54519,0.53857,0.54242
1,2.9843e+05,-2.12,12.023,195,800,-2.1299,11.89,185.64,663.64,0.24675,0.11257,0.021312,0.22485,0.10921,0.01888,0.20866,0.10297,0.016448,248,248,247,230,228,221,158,159,160,254,253,249,87,90,93,125,124,123,0.54144,0.54587,0.54372
1,2.9853e+05,-2.2,12.023,195,800,-2.2084,11.87,185.1,931.01,0.28505,0.10765,0.022976,0.23723,0.10449,0.018624,0.20807,0.0978,0.01568,246,247,247,220,219,215,165,166,167,255,255,255,109,111,115,133,130,129,0.54668,0.5408,0.54108
1,2.9863e+05,-2.28,12.023,195,800,-2.2753,11.866,187.19,894.86,0.28897,0.1141,0.02528,0.26798,0.10388,0.021248,0.24413,0.099488,0.018752,251,250,249,211,212,211,178,175,171,255,255,255,144,149,152,140,141,146,0.54778,0.53845,0.5394
1,2.9873e+05,-2.36,12.023,195,800,-2.3506,11.833,186.58,1052.1,0.21168,0.12067,0.019136,0.17756,0.11372,0.01568,0.16276,0.11197,0.013888,253,252,251,211,213,212,177,176,173,255,255,255,171,173,173,153,156,161,0.54621,0.54077,0.53976
1,2.9883e+05,-2.44,12.023,195,800,-2.4514,11.881,185.51,716.18,0.26943,0.12206,0.025408,0.24286,0.11603,0.021568,0.22184,0.10819,0.01856,253,253,253,216,219,218,177,174,171,255,255,255,215,215,214,209,204,202,0.53399,0.54063,0.541
1,2.9893e+05,-2.52,12.023,195,800,-2.5267,11.874,186.05,879.36,0.21509,0.11389,0.017536,0.17601,0.10711,0.014464,0.15816,0.10298,0.012608,254,254,253,220,223,222,173,171,169,255,255,255,232,233,229,236,229,223,0.5452,0.54365,0.54191
1,2.9903e+05,-2.6,12.023,195,800,-2.601,11.876,183.91,887.2,0.26228,0.10758,0.020544,0.21808,0.10476,0.017344,0.19488,0.09951,0.014784,254,253,253,233,231,226,163,163,163,255,255,255,255,253,245,255,253,249,0.55206,0.54783,0.54504
1,2.9913e+05,-2.68,12.023,195,800,-2.688,11.891,186.95,911.81,0.26143,0.12437,0.025152,0.2336,0.11734,0.021504,0.21416,0.11453,0.019392,252,252,253,231,230,230,161,159,159,255,255,255,250,245,237,255,255,255,0.55412,0.55038,0.5456
1,2.9923e+05,-2.76,12.023,195,800,-2.7549,11.87,185.98,598.35,0.28758,0.10632,0.021376,0.2228,0.10569,0.017856,0.20245,0.1038,0.015808,254,253,253,232,233,233,158,158,158,255,255,255,232,230,227,255,255,255,0.55236,0.54574,0.54472
1,2.9933e+05,-2.84,12.023,195,800,-2.8376,11.879,185.48,694.19,0.26089,0.12013,0.024128,0.23652,0.11468,0.021056,0.2188,0.1104,0.01888,255,255,255,251,247,239,157,155,156,255,255,255,198,208,217,255,255,255,0.54905,0.54871,0.54857
1,2.9943e+05,-2.92,12.023,195,800,-2.9098,11.871,187.93,731.72,0.26985,0.11745,0.024192,0.24486,0.1119,0.021184,0.22584,0.10696,0.01888,255,255,255,255,250,239,152,155,156,255,255,255,213,214,215,255,255,255,0.53838,0.54624,0.54657
1,2.9953e+05,-3,12.023,195,800,-2.984,11.885,153.24,857.24,0.28408,0.12886,0.028736,0.25996,0.12384,0.025088,0.24139,0.11766,0.022336,255,254,253,234,230,221,159,160,159,255,255,255,224,220,219,255,255,255,0.43848,0.44627,0.46026
1,3.0255e+05,-3,12.116,195,800,-2.9395,11.944,-0.23605,1044.8,0,0,0,0,0,0,0,0,0,253,252,252,239,231,222,175,170,165,255,255,255,202,201,201,255,255,255,0.44549,0.4526,0.46743
1,3.0265e+05,-2.92,12.116,195,800,-2.8801,11.962,186.66,680.97,0.22597,0.11013,0.017984,0.21436,0.10548,0.016384,0.20582,0.10357,0.01504,253,254,253,235,235,231,153,157,158,255,255,255,187,188,190,255,255,255,0.53756,0.54523,0.54658
1,3.0275e+05,-2.84,12.116,195,800,-2.7984,11.962,186.91,810.72,0.22643,0.11956,0.020608,0.19008,0.11522,0.01728,0.17233,0.11118,0.015232,254,254,254,240,237,231,153,154,156,255,255,255,175,180,189,255,255,255,0.54191,0.54489,0.54558
1,3.0285e+05,-2.76,12.116,195,800,-2.7251,11.955,187.54,783.57,0.26512,0.13472,0.028032,0.23978,0.12944,0.02432,0.21697,0.12227,0.020864,254,254,253,243,236,227,157,158,158,255,255,255,198,197,202,255,255,255,0.54825,0.54736,0.54573
1,3.0295e+05,-2.68,12.116,195,800,-2.6562,11.961,185.11,826.69,0.26755,0.13539,0.028416,0.24492,0.12871,0.02464,0.22546,0.1233,0.021568,251,252,252,233,229,223,162,160,160,255,255,255,222,215,215,255,255,255,0.539,0.53996,0.54096
1,3.0305e+05,-2.6,12.116,195,800,-2.5734,11.956,186.31,753.32,0.29788,0.12525,0.027136,0.25434,0.11873,0.022912,0.22985,0.11255,0.019264,249,250,251,207,211,215,163,164,164,255,255,255,235,233,230,255,252,249,0.54245,0.54121,0.5413
1,3.0315e+05,-2.52,12.116,195,800,-2.4938,11.947,187.29,795.48,0.28906,0.12305,0.027072,0.25825,0.11707,0.023296,0.23336,0.10966,0.019776,251,251,251,217,212,209,164,167,168,255,255,255,214,211,209,222,226,226,0.54266,0.54341,0.54034
1,3.0325e+05,-2.44,12.116,195,800,-2.4291,11.967,186.27,969.76,0.28077,0.11942,0.026112,0.25437,0.11295,0.022336,0.23475,0.10725,0.01952,250,250,251,219,211,206,165,168,170,255,255,255,186,188,190,198,204,208,0.54762,0.54634,0.54237
1,3.0335e+05,-2.36,12.116,195,800,-2.3464,11.974,186.58,1157.3,0.27762,0.11808,0.024704,0.25346,0.11036,0.021056,0.21777,0.10681,0.017728,251,250,250,198,199,200,175,173,172,255,255,255,150,148,148,153,162,170,0.55712,0.54531,0.54274
1,3.0345e+05,-2.28,12.116,195,800,-2.2615,11.967,186.61,895.04,0.31989,0.12125,0.02944,0.29269,0.11386,0.025024,0.25815,0.10778,0.021056,248,250,250,200,197,198,173,172,172,255,255,255,131,130,131,141,147,155,0.53622,0.53887,0.54172
1,3.0355e+05,-2.2,12.116,195,800,-2.1862,11.977,187.6,924.36,0.30286,0.12897,0.030208,0.2642,0.12241,0.025152,0.24185,0.11431,0.021696,248,247,247,200,201,201,170,172,173,255,255,254,97,98,101,126,130,134,0.52814,0.53916,0.54131
1,3.0365e+05,-2.12,12.116,195,800,-2.1108,11.951,187.13,1008.9,0.27664,0.12166,0.02624,0.24304,0.11417,0.02144,0.21421,0.11189,0.018688,239,243,246,203,203,205,178,176,171,251,248,244,77,80,84,115,120,125,0.5509,0.54482,0.54178
1,3.0375e+05,-2.04,12.116,195,800,-2.0291,11.965,185.58,952.83,0.31377,0.12752,0.030208,0.28165,0.11933,0.02592,0.26413,0.11445,0.023104,242,244,246,199,202,206,175,173,169,240,237,234,74,76,80,113,117,122,0.54663,0.54286,0.54217
1,3.0385e+05,-1.96,12.116,195,800,-1.9665,11.97,187.22,815.97,0.30932,0.12133,0.02688,0.2719,0.11489,0.0224,0.23958,0.10721,0.018624,246,247,247,199,204,209,165,165,163,205,207,210,74,76,77,111,113,117,0.54585,0.54201,0.54163
1,3.0395e+05,-1.88,12.116,195,800,-1.87,11.96,186.79,1295.1,0.30482,0.11815,0.026496,0.27457,0.11088,0.021632,0.24458,0.10837,0.019008,247,247,247,207,210,211,165,164,161,194,195,197,73,75,78,107,112,118,0.54666,0.54589,0.54341
1,3.0405e+05,-1.8,12.116,195,800,-1.8053,11.961,187.03,997.09,0.27273,0.12951,0.0272,0.24995,0.12218,0.023488,0.22929,0.11892,0.020864,245,245,246,222,218,214,164,164,163,175,177,179,70,76,81,123,123,123,0.53029,0.54215,0.54205
1,3.0415e+05,-1.72,12.116,195,800,-1.7151,11.96,186.7,962.59,0.2993,0.12665,0.02944,0.26993,0.11832,0.024896,0.25119,0.1119,0.022016,241,242,245,216,217,217,162,165,164,167,169,172,77,82,85,135,132,129,0.54192,0.54454,0.54328
1,3.0425e+05,-1.64,12.116,195,800,-1.6334,11.966,186.61,921.2,0.34129,0.12039,0.030464,0.28261,0.11387,0.024448,0.25131,0.10841,0.020608,243,244,246,225,222,218,164,164,164,166,171,175,87,88,88,130,130,130,0.54156,0.54352,0.54078
1,3.0435e+05,-1.56,12.116,195,800,-1.5591,11.967,185.92,1086.8,0.2792,0.11793,0.023936,0.24354,0.11185,0.020608,0.22563,0.10733,0.018112,248,249,249,228,226,222,160,159,160,185,185,184,100,94,89,128,129,130,0.53822,0.53795,0.53977
1,3.0445e+05,-1.48,12.116,195,800,-1.4955,11.967,186.04,672.41,0.29087,0.12657,0.028224,0.27278,0.12004,0.024704,0.24178,0.11418,0.02144,251,251,251,225,225,225,155,157,160,191,190,188,87,88,87,130,131,131,0.54423,0.54641,0.54352
1,3.0455e+05,-1.4,12.116,195,800,-1.3915,11.961,185.34,705.41,0.28191,0.11922,0.02368,0.23103,0.11213,0.019264,0.19764,0.11033,0.016832,252,252,252,233,230,228,154,158,162,182,185,186,70,74,79,135,134,132,0.54043,0.54217,0.54358
1,3.0465e+05,-1.32,12.116,195,800,-1.3395,11.97,186.77,900.71,0.27075,0.13115,0.026176,0.23957,0.12125,0.022144,0.21523,0.11978,0.01984,248,250,251,223,227,230,158,161,165,170,174,178,69,72,75,130,130,129,0.53879,0.54005,0.54096
1,3.0475e+05,-1.24,12.116,195,800,-1.2546,11.986,184.97,886.42,0.31613,0.10769,0.024896,0.26651,0.10516,0.020224,0.22931,0.097939,0.016384,251,251,250,219,226,229,159,162,166,172,173,175,71,73,75,127,127,127,0.53759,0.54286,0.54325
1,3.0485e+05,-1.16,12.116,195,800,-1.1687,11.96,186.6,862.09,0.26232,0.1181,0.022976,0.2339,0.11066,0.01952,0.20912,0.10729,0.017408,250,248,248,238,231,228,169,168,168,163,169,173,74,75,75,120,119,120,0.53743,0.5433,0.54427
1,3.0495e+05,-1.08,12.116,195,800,-1.1029,11.965,186.25,744.48,0.28717,0.11503,0.024704,0.26041,0.10912,0.02112,0.23269,0.10382,0.018176,244,246,247,240,232,226,171,171,169,161,169,172,74,75,74,114,115,117,0.53313,0.54067,0.54222
1,3.0505e+05,-1,12.116,195,800,-1.0053,11.972,187.36,792.67,0.28091,0.1235,0.02624,0.23635,0.11707,0.021184,0.21209,0.10975,0.018176,246,246,247,209,218,223,173,171,168,166,167,166,66,67,69,119,116,117,0.54525,0.54093,0.54082
1,3.0515e+05,-0.92,12.116,195,800,-0.94268,11.989,186.36,784.15,0.2701,0.12977,0.026816,0.23318,0.12439,0.022656,0.21014,0.11892,0.019264,252,249,248,226,223,223,163,165,167,150,153,155,56,61,67,136,129,124,0.5397,0.53976,0.54105
1,3.0525e+05,-0.84,12.116,195,800,-0.87053,11.987,187.27,537,0.28859,0.11446,0.023936,0.23407,0.11081,0.01984,0.21066,0.10507,0.017024,250,249,248,237,229,223,165,165,166,144,147,150,61,64,68,142,135,129,0.53509,0.54147,0.54014
1,3.0535e+05,-0.76,12.116,195,800,-0.77398,11.971,189.77,998.27,0.30409,0.12872,0.03008,0.28459,0.12055,0.02624,0.26273,0.11511,0.023168,245,246,247,219,221,220,170,169,167,142,145,149,66,69,72,154,143,132,0.55573,0.54265,0.53974
1,3.0545e+05,-0.68,12.116,195,800,-0.70077,11.961,186.71,908.68,0.29496,0.11758,0.025728,0.26399,0.11541,0.022144,0.22998,0.11189,0.018944,247,247,248,208,212,217,172,169,166,145,148,152,66,70,75,150,141,131,0.5406,0.53522,0.53763
1,3.0555e+05,-0.6,12.116,195,800,-0.6265,11.979,187.03,895.35,0.27399,0.12253,0.025856,0.24947,0.11555,0.022016,0.22881,0.10944,0.019392,248,248,249,204,208,213,165,163,162,147,154,159,76,77,79,134,131,127,0.53367,0.53667,0.53822
1,3.0565e+05,-0.52,12.116,195,800,-0.54692,11.961,186.63,754.95,0.3051,0.1196,0.02688,0.27057,0.11396,0.022656,0.24231,0.10579,0.019648,248,249,250,221,220,216,157,159,161,156,161,163,82,82,81,136,131,125,0.54817,0.53564,0.53642
1,3.0575e+05,-0.44,12.116,195,800,-0.45886,11.968,185.7,853.2,0.28293,0.12267,0.026368,0.25993,0.11576,0.022912,0.2304,0.11065,0.019392,247,249,250,227,222,217,161,162,161,157,160,161,80,79,81,135,131,126,0.53618,0.53715,0.53725
1,3.0585e+05,-0.36,12.116,195,800,-0.37929,11.955,187.93,918.63,0.28735,0.11526,0.02496,0.25447,0.10989,0.02112,0.21127,0.10671,0.017152,251,251,250,215,220,220,172,168,166,143,150,157,72,78,82,138,132,128,0.53839,0.54024,0.53795
1,3.0595e+05,-0.28,12.116,195,800,-0.30077,11.955,186.56,1122.7,0.23926,0.1167,0.021696,0.21384,0.11243,0.018624,0.19969,0.10722,0.016704,254,252,251,225,225,221,174,170,168,143,148,154,81,81,82,137,131,127,0.53421,0.53524,0.53766
1,3.0605e+05,-0.2,12.116,195,800,-0.22438,11.974,187.13,786.51,0.30131,0.11827,0.026112,0.27,0.10896,0.021824,0.23626,0.10492,0.01888,254,252,251,252,241,231,173,172,171,148,151,155,84,87,91,124,123,126,0.5255,0.53761,0.53958
1,3.0615e+05,-0.12,12.116,195,800,-0.15329,11.963,186.49,1021.8,0.31888,0.11504,0.026304,0.27044,0.11086,0.02176,0.2315,0.10867,0.018432,251,252,252,255,251,242,178,175,172,149,154,160,103,102,99,124,125,125,0.54036,0.54111,0.53886
1,3.0625e+05,-0.04,12.116,195,800,-0.074781,11.989,185.49,1070,0.28638,0.11635,0.023936,0.23712,0.10743,0.019264,0.21105,0.10607,0.016768,254,252,252,255,253,246,177,174,172,156,158,165,100,104,101,132,127,126,0.53522,0.53578,0.5376
1,3.0635e+05,0.04,12.116,195,800,0.00161,11.97,186.22,640.96,0.30496,0.12303,0.028736,0.27698,0.1185,0.025088,0.25709,0.11513,0.022784,254,254,253,245,248,248,174,173,172,162,172,181,94,94,95,125,127,129,0.53889,0.54105,0.54137
1,3.0645e+05,0.12,12.116,195,800,0.085429,11.962,185.81,1003.3,0.26807,0.12081,0.02464,0.24232,0.11323,0.020992,0.22052,0.11096,0.018944,255,254,253,244,246,246,175,174,172,173,183,189,92,89,86,124,127,131,0.53646,0.54081,0.54163
1,3.0655e+05,0.2,12.116,195,800,0.17667,11.965,185.59,826.54,0.25581,0.1248,0.023872,0.2078,0.12088,0.019648,0.19081,0.11685,0.017536,255,254,253,246,245,240,172,171,170,197,196,195,72,73,73,133,133,135,0.53411,0.53548,0.53918
1,3.0665e+05,0.28,12.116,195,800,0.24564,11.965,186.26,836.72,0.25352,0.12389,0.023744,0.21219,0.118,0.019392,0.19484,0.11399,0.017344,254,254,253,237,240,239,165,165,166,179,185,188,63,64,65,137,140,141,0.54567,0.53909,0.54052
1,3.0675e+05,0.36,12.116,195,800,0.32203,11.965,186.01,851.47,0.2779,0.11856,0.024448,0.2511,0.11363,0.021376,0.23442,0.10535,0.018688,255,254,252,246,244,238,164,162,163,174,177,180,62,62,64,143,142,141,0.5407,0.54357,0.54556
1,3.0685e+05,0.44,12.116,195,800,0.39842,11.965,185.15,566.26,0.263,0.11327,0.02048,0.19118,0.10594,0.015552,0.17324,0.10393,0.014016,252,250,248,250,245,234,155,158,163,164,167,170,61,63,64,142,142,141,0.55052,0.54791,0.54662
1,3.0695e+05,0.52,12.116,195,800,0.46845,11.975,187.06,901.92,0.2496,0.11657,0.021888,0.22404,0.1105,0.018752,0.20005,0.10619,0.016192,246,246,246,241,237,231,159,161,164,163,165,167,61,63,64,142,140,138,0.54238,0.54854,0.54882
1,3.0705e+05,0.6,12.116,195,800,0.56924,11.943,186.87,887.6,0.2773,0.11787,0.024576,0.24355,0.11158,0.020416,0.22141,0.10499,0.017408,242,243,243,231,229,226,172,171,170,168,167,166,63,63,63,129,129,131,0.54341,0.54622,0.54694
1,3.0715e+05,0.68,12.116,195,800,0.64457,11.961,187.33,959.11,0.28449,0.12039,0.025152,0.25755,0.11158,0.02176,0.23954,0.10681,0.019008,236,238,240,231,228,223,171,173,174,163,163,162,62,62,62,122,124,126,0.54393,0.54507,0.54675
1,3.0725e+05,0.76,12.116,195,800,0.71354,11.975,185.9,857.28,0.28621,0.12008,0.025984,0.2578,0.11547,0.022272,0.23182,0.11111,0.019712,229,234,239,224,223,221,172,172,172,156,157,158,61,62,63,125,125,125,0.5416,0.54512,0.54456
1,3.0735e+05,0.84,12.116,195,800,0.79099,11.965,186.97,833.31,0.32809,0.10903,0.026496,0.28089,0.10681,0.022656,0.25052,0.10064,0.019008,233,236,240,213,219,221,161,165,168,146,148,152,65,67,69,131,131,130,0.55653,0.54532,0.54395
1,3.0745e+05,0.92,12.116,195,800,0.87481,11.963,185.86,928.18,0.30936,0.11571,0.026816,0.27771,0.11005,0.023488,0.25208,0.10403,0.020224,242,241,242,226,226,223,164,164,165,147,148,152,76,75,73,143,138,133,0.54762,0.54487,0.54478
1,3.0755e+05,1,12.116,195,800,0.93953,11.982,185.99,894.1,0.28807,0.11353,0.023488,0.24189,0.10955,0.019136,0.2086,0.10536,0.016832,247,248,247,239,233,226,158,160,159,153,156,158,93,89,84,145,139,132,0.53873,0.5415,0.54308
1,3.0765e+05,1.08,12.116,195,800,1.0255,11.979,185.65,1114.2,0.29661,0.11934,0.02688,0.27449,0.11188,0.022848,0.24795,0.10728,0.020224,253,251,249,218,224,226,153,155,157,166,167,167,100,97,91,126,129,129,0.54934,0.54527,0.54229
1,3.0775e+05,1.16,12.116,195,800,1.0934,11.966,186.61,577.02,0.32388,0.12686,0.030528,0.2882,0.11814,0.02592,0.26567,0.11532,0.02304,254,252,249,222,225,226,158,158,158,170,172,170,102,98,91,138,132,127,0.54047,0.54103,0.5423
1,3.0785e+05,1.24,12.116,195,800,1.1804,11.961,185.57,850.31,0.32369,0.11968,0.028544,0.28606,0.10984,0.023616,0.25094,0.10658,0.020224,251,251,249,236,233,225,167,166,164,178,175,170,86,86,85,136,132,126,0.52565,0.5363,0.54156
1,3.0795e+05,1.32,12.116,195,800,1.2653,11.971,186.25,884.46,0.29168,0.12429,0.02656,0.25547,0.1146,0.021696,0.23007,0.11026,0.018752,251,250,249,237,231,222,170,168,168,170,170,168,79,79,80,130,128,123,0.5453,0.54303,0.54154
1,3.0805e+05,1.4,12.116,195,800,1.3385,11.968,185.4,877.35,0.25615,0.12408,0.024832,0.23218,0.12056,0.021696,0.21057,0.11335,0.018624,253,252,249,216,219,216,174,175,175,160,161,162,73,74,75,130,122,117,0.53557,0.5391,0.53988
1,3.0815e+05,1.48,12.116,195,800,1.4106,11.982,185.24,897.54,0.31861,0.1203,0.028224,0.28099,0.11319,0.02368,0.25178,0.10872,0.020096,252,251,249,227,224,217,182,180,179,161,162,162,76,74,72,112,114,116,0.53561,0.53958,0.54015
1,3.0825e+05,1.56,12.116,195,800,1.4881,11.972,186.72,576.45,0.25396,0.12622,0.023616,0.20497,0.12193,0.019072,0.19386,0.11361,0.01696,249,249,248,230,229,218,174,178,180,164,165,162,70,71,71,112,115,118,0.53607,0.54102,0.54017
1,3.0835e+05,1.64,12.116,195,800,1.5602,11.986,185.52,770.7,0.28625,0.1174,0.025536,0.25653,0.11198,0.021696,0.23006,0.10524,0.018304,246,247,246,232,223,216,179,179,178,156,156,155,67,66,68,122,124,126,0.55558,0.54552,0.54057
1,3.0845e+05,1.72,12.116,195,800,1.6568,11.971,186.92,1083.5,0.29901,0.12363,0.027968,0.27298,0.11517,0.023808,0.25021,0.10931,0.020864,245,246,245,214,217,213,185,179,177,142,147,151,65,66,68,128,131,133,0.53679,0.54076,0.54019
1,3.0855e+05,1.8,12.116,195,800,1.7289,11.968,186.38,1016.8,0.25866,0.12327,0.023424,0.21467,0.11866,0.019776,0.19935,0.11358,0.01728,238,241,243,219,216,209,172,175,175,139,142,145,72,71,71,159,152,146,0.53732,0.53453,0.53858
1,3.0865e+05,1.88,12.116,195,800,1.8085,11.962,184.87,1047.1,0.2698,0.10831,0.02208,0.23479,0.10278,0.018176,0.20324,0.10089,0.015616,249,243,243,223,221,214,177,173,172,143,143,145,84,78,74,156,155,158,0.5512,0.53909,0.53642
1,3.0875e+05,1.96,12.116,195,800,1.8997,11.957,185.35,811.51,0.26528,0.11377,0.022016,0.22658,0.10982,0.018432,0.19724,0.10539,0.016064,242,246,245,240,227,215,170,173,171,138,142,145,81,80,76,147,155,166,0.53912,0.53635,0.53506
1,3.0885e+05,2.04,12.116,195,800,1.9687,11.972,186.79,930.81,0.24068,0.11635,0.02112,0.22043,0.1119,0.018304,0.19615,0.10811,0.016064,249,247,246,232,227,219,178,172,169,146,146,146,89,83,77,168,175,184,0.54709,0.5383,0.53613
1,3.0895e+05,2.12,12.116,195,800,2.0568,11.979,186.11,1108.7,0.27965,0.11743,0.025152,0.25784,0.11178,0.021696,0.2411,0.10728,0.019328,244,246,246,225,227,220,167,171,168,150,149,147,80,80,77,181,193,195,0.5279,0.53081,0.53336
1,3.0905e+05,2.2,12.116,195,800,2.1225,11.966,185.63,797.51,0.23959,0.11504,0.020544,0.2073,0.11092,0.017792,0.19534,0.10324,0.015488,250,248,248,231,228,218,171,170,168,149,153,154,75,76,78,212,208,201,0.52735,0.5315,0.53229
1,3.0915e+05,2.28,12.116,195,800,2.1851,11.992,186.37,873.28,0.20842,0.12645,0.020544,0.19123,0.12254,0.018176,0.17541,0.11511,0.015808,255,253,251,230,223,218,176,170,168,166,163,164,85,85,86,190,195,199,0.53089,0.52972,0.52982
1,3.0925e+05,2.36,12.116,195,800,2.2817,11.979,185.52,601.24,0.23028,0.12383,0.021632,0.20478,0.11745,0.018368,0.19175,0.10956,0.016512,251,253,252,224,224,218,167,168,167,171,173,173,95,95,94,197,194,195,0.51353,0.52408,0.52705
1,3.0935e+05,2.44,12.116,195,800,2.3581,11.998,186.47,722.56,0.34447,0.11859,0.030016,0.30992,0.11221,0.025728,0.27794,0.10677,0.021888,253,253,253,225,225,221,161,161,165,211,202,192,118,112,106,187,189,191,0.5172,0.5253,0.52533
1,3.0945e+05,2.52,12.116,195,800,2.4334,11.974,185.48,559.57,0.29486,0.11982,0.02432,0.24172,0.11423,0.01984,0.20252,0.10941,0.016832,252,253,254,230,228,221,160,161,164,220,210,197,117,115,111,186,185,185,0.51259,0.52186,0.52247
1,3.0955e+05,2.6,12.116,195,800,2.531,11.957,187.64,1035.5,0.29331,0.1271,0.028224,0.26907,0.11974,0.024768,0.24667,0.11364,0.021632,255,254,254,231,223,212,163,162,164,196,195,193,125,118,114,166,168,172,0.51939,0.52189,0.52198
1,3.0965e+05,2.68,12.116,195,800,2.5915,11.972,185.18,741.61,0.26173,0.13027,0.026112,0.23383,0.12044,0.022016,0.21475,0.11782,0.01952,254,253,253,198,198,197,163,164,167,181,182,183,127,122,116,158,162,168,0.52894,0.52491,0.52316
1,3.0975e+05,2.76,12.116,195,800,2.687,11.957,186.01,754.06,0.29139,0.11541,0.025216,0.25434,0.10689,0.020416,0.21213,0.10526,0.016896,252,252,252,193,193,193,168,167,168,186,183,182,130,123,117,175,175,176,0.53306,0.53156,0.52859
1,3.0985e+05,2.84,12.116,195,800,2.7538,11.96,185.24,855.69,0.28015,0.12439,0.027008,0.26308,0.11779,0.02368,0.24134,0.11017,0.020608,253,252,251,216,206,198,169,169,170,193,188,185,128,122,118,216,208,200,0.54186,0.54309,0.54132
1,3.0995e+05,2.92,12.116,195,800,2.8132,11.99,186.2,666.04,0.27807,0.11741,0.025088,0.25026,0.11338,0.021824,0.23034,0.10757,0.018688,252,252,251,222,214,205,164,168,171,193,190,187,121,120,120,217,214,209,0.5573,0.56032,0.56084
1,3.1005e+05,3,12.116,195,800,2.913,11.949,154.07,629.23,0.31901,0.11735,0.028928,0.27939,0.11272,0.024192,0.24079,0.11048,0.020352,252,251,251,227,220,213,171,171,173,194,192,191,138,128,124,205,209,216,0.48551,0.48293,0.48202
1,3.1307e+05,3,12.209,195,800,2.8323,12.092,0.71735,955.4,0,0,0,0,0,0,0,0,0,249,248,248,221,220,219,172,170,168,192,191,192,122,122,123,194,200,201,0.47478,0.46872,0.47197
1,3.1317e+05,2.92,12.209,195,800,2.7973,12.067,185.28,797.05,0.35017,0.11301,0.02272,0.27913,0.11034,0.018944,0.25435,0.10784,0.016448,245,247,248,203,207,210,159,162,165,175,180,185,115,118,123,197,196,191,0.56355,0.56064,0.55916
1,3.1327e+05,2.84,12.209,195,800,2.7125,12.065,185.94,724,0.32098,0.12235,0.02592,0.20407,0.11741,0.017856,0.17532,0.11723,0.016064,246,247,249,197,202,206,159,162,165,173,176,180,110,117,121,174,180,182,0.54007,0.53932,0.54016
1,3.1337e+05,2.76,12.209,195,800,2.6605,12.051,186.47,871.51,0.2513,0.11769,0.022592,0.23317,0.11157,0.01984,0.20617,0.10857,0.017536,249,249,251,204,206,207,168,167,167,163,168,174,100,109,118,147,154,164,0.52954,0.52673,0.52688
1,3.1347e+05,2.68,12.209,195,800,2.566,12.08,186.07,854.92,0.34011,0.13718,0.035648,0.31666,0.12716,0.030976,0.29833,0.12369,0.028544,249,250,252,214,214,212,167,167,168,161,166,174,100,107,116,152,155,163,0.52729,0.52021,0.52067
1,3.1357e+05,2.6,12.209,195,800,2.479,12.079,186.83,1042.7,0.31582,0.11887,0.026944,0.26102,0.10961,0.021376,0.22184,0.1079,0.0176,254,253,253,235,233,227,165,166,168,176,177,180,102,110,117,186,183,180,0.51116,0.51978,0.52004
1,3.1367e+05,2.52,12.209,195,800,2.4154,12.062,186.38,1077.2,0.29575,0.12181,0.025792,0.21698,0.12027,0.019904,0.19369,0.11644,0.017536,254,254,254,251,245,234,169,171,171,182,184,183,119,118,117,210,208,202,0.51576,0.52313,0.52459
1,3.1377e+05,2.44,12.209,195,800,2.3316,12.058,186.61,866.87,0.32356,0.12288,0.029952,0.28934,0.11525,0.02528,0.25087,0.10961,0.021376,254,254,254,252,244,234,175,175,172,178,179,180,119,115,113,212,213,209,0.52357,0.52265,0.52662
1,3.1387e+05,2.36,12.209,195,800,2.2679,12.065,186.66,685.12,0.35799,0.12423,0.031936,0.31649,0.11329,0.02496,0.27613,0.10706,0.019904,254,254,254,241,237,231,172,176,174,158,163,167,86,94,101,223,221,218,0.51374,0.52489,0.52685
1,3.1397e+05,2.28,12.209,195,800,2.1809,12.082,187.19,958.66,0.30635,0.11431,0.026432,0.26482,0.10825,0.021504,0.23084,0.10435,0.018624,255,254,253,242,236,229,172,172,172,155,155,159,79,85,94,223,225,223,0.51936,0.52674,0.53073
1,3.1407e+05,2.2,12.209,195,800,2.1013,12.063,187.54,895.36,0.29441,0.1132,0.024704,0.24058,0.10925,0.020288,0.21766,0.10479,0.017472,246,248,250,239,233,224,155,162,166,144,146,149,71,77,83,237,233,227,0.53139,0.5346,0.53252
1,3.1417e+05,2.12,12.209,195,800,2.0313,12.053,186.41,1339.2,0.27701,0.11117,0.023168,0.24082,0.10891,0.01952,0.21923,0.10319,0.016896,246,245,247,213,216,217,159,162,164,145,145,145,69,73,77,232,228,222,0.53445,0.53479,0.53332
1,3.1427e+05,2.04,12.209,195,800,1.9517,12.065,186.8,697.31,0.29534,0.11096,0.024064,0.26316,0.10625,0.020032,0.23944,0.099341,0.017472,247,246,246,210,209,214,164,165,165,143,143,146,68,71,76,232,218,211,0.53021,0.53114,0.53403
1,3.1437e+05,1.96,12.209,195,800,1.8626,12.067,186.97,857.28,0.23612,0.1186,0.02144,0.21392,0.10854,0.01792,0.19668,0.1061,0.016128,245,245,244,197,203,207,175,172,170,142,143,144,69,72,75,175,185,190,0.54262,0.53845,0.53702
1,3.1447e+05,1.88,12.209,195,800,1.7926,12.065,187.77,1285.2,0.2654,0.11092,0.022528,0.21723,0.10973,0.01856,0.19663,0.1065,0.016064,242,240,241,192,200,207,179,175,173,141,141,143,70,73,74,163,171,178,0.52266,0.53395,0.53675
1,3.1457e+05,1.8,12.209,195,800,1.7204,12.056,186.63,1268.3,0.29696,0.13645,0.0304,0.27226,0.12773,0.026752,0.25183,0.12205,0.023488,231,234,240,217,213,210,182,180,179,136,137,139,66,68,69,147,153,156,0.53586,0.53772,0.53766
1,3.1467e+05,1.72,12.209,195,800,1.6366,12.046,187.99,600.38,0.28986,0.11118,0.024576,0.2529,0.10793,0.020352,0.21585,0.10563,0.017344,246,244,242,217,222,222,179,181,181,144,144,144,60,62,64,132,133,136,0.53822,0.53818,0.539
1,3.1477e+05,1.64,12.209,195,800,1.557,12.063,187.05,787.42,0.28679,0.11162,0.02368,0.25497,0.10449,0.019584,0.21844,0.10239,0.016832,245,244,244,226,226,224,185,182,181,156,152,149,63,62,63,125,124,127,0.53448,0.53955,0.53812
1,3.1487e+05,1.56,12.209,195,800,1.4764,12.071,187.32,916.7,0.27331,0.12288,0.025344,0.24024,0.11912,0.022272,0.22771,0.11384,0.019968,237,242,246,230,227,223,186,181,178,163,161,158,67,66,66,106,109,114,0.54327,0.54298,0.54019
1,3.1497e+05,1.48,12.209,195,800,1.3883,12.056,186.79,1274.3,0.23757,0.11672,0.021568,0.21091,0.11024,0.018112,0.19443,0.10467,0.015936,243,244,247,227,223,220,181,178,174,160,160,160,67,67,69,99,104,111,0.54244,0.54557,0.54274
1,3.1507e+05,1.4,12.209,195,800,1.313,12.073,186.36,1056.2,0.28175,0.1122,0.024192,0.25599,0.10736,0.020928,0.23258,0.10098,0.017856,248,249,250,215,215,215,164,166,167,160,159,160,69,71,73,101,104,108,0.5445,0.53945,0.54132
1,3.1517e+05,1.32,12.209,195,800,1.2409,12.058,188.45,841.21,0.30176,0.11605,0.026368,0.26937,0.11134,0.022208,0.24241,0.10718,0.019072,247,248,249,225,222,218,158,159,161,166,165,163,72,72,74,106,109,114,0.54109,0.54142,0.54212
1,3.1527e+05,1.24,12.209,195,800,1.1687,12.047,186.05,816.09,0.31361,0.12387,0.029632,0.27927,0.11622,0.024384,0.24375,0.11193,0.020544,246,247,248,235,228,220,154,156,158,172,169,164,71,71,73,112,114,116,0.53819,0.54208,0.54259
1,3.1537e+05,1.16,12.209,195,800,1.0806,12.072,187.42,832.63,0.28655,0.12427,0.027264,0.25693,0.11745,0.023232,0.23556,0.1103,0.02016,243,245,247,237,230,223,149,152,156,168,166,163,65,69,74,117,118,118,0.54012,0.53903,0.54251
1,3.1547e+05,1.08,12.209,195,800,1.0074,12.076,186.73,1048.4,0.26833,0.12767,0.026176,0.24251,0.12118,0.022848,0.22004,0.11709,0.020224,243,245,246,232,229,224,149,153,157,161,160,160,68,70,75,112,117,120,0.53814,0.54007,0.54286
1,3.1557e+05,1,12.209,195,800,0.92786,12.073,187.23,880.53,0.25795,0.11698,0.022592,0.21226,0.11511,0.019136,0.18999,0.1117,0.01664,241,244,245,240,234,225,166,164,162,153,153,154,73,75,78,123,122,120,0.54909,0.54333,0.54329
1,3.1567e+05,0.92,12.209,195,800,0.84935,12.066,187.38,719.33,0.26739,0.1159,0.022592,0.23157,0.10986,0.018944,0.20436,0.10615,0.016576,240,239,240,225,221,217,169,169,168,150,150,152,75,77,77,113,116,119,0.53974,0.53892,0.54114
1,3.1577e+05,0.84,12.209,195,800,0.76022,12.07,187.75,965.41,0.27805,0.1221,0.024768,0.22797,0.11467,0.020032,0.20028,0.11251,0.017152,232,236,239,210,210,213,170,172,171,149,151,153,72,74,74,106,112,118,0.54336,0.54505,0.54309
1,3.1587e+05,0.76,12.209,195,800,0.67004,12.073,186.33,965.52,0.30785,0.1097,0.025856,0.28036,0.1049,0.022144,0.26189,0.098147,0.019072,235,236,238,207,210,213,188,180,173,160,159,159,68,67,67,114,113,116,0.55216,0.54333,0.54459
1,3.1597e+05,0.68,12.209,195,800,0.61911,12.068,187.2,827.54,0.26705,0.11056,0.022528,0.23796,0.10815,0.019968,0.2233,0.10288,0.017664,240,240,240,210,215,217,179,178,174,166,165,163,66,65,65,114,115,117,0.55376,0.54667,0.54407
1,3.1607e+05,0.6,12.209,195,800,0.54378,12.06,186.8,817.45,0.28623,0.11433,0.024512,0.26766,0.10753,0.021632,0.25231,0.10342,0.019584,242,244,245,211,218,223,170,170,169,170,168,167,66,66,64,117,118,118,0.54602,0.54703,0.54636
1,3.1617e+05,0.52,12.209,195,800,0.4642,12.051,187.71,761.48,0.29028,0.12285,0.025856,0.25001,0.11922,0.022144,0.22451,0.1143,0.019584,246,246,248,227,223,223,164,163,165,164,165,167,74,68,63,115,117,118,0.54965,0.54548,0.54559
1,3.1627e+05,0.44,12.209,195,800,0.38887,12.058,187,813.66,0.26428,0.11024,0.022592,0.24282,0.10593,0.019712,0.22897,0.10105,0.017664,247,249,249,234,226,222,161,162,165,165,167,169,67,64,62,113,115,119,0.54753,0.54707,0.54703
1,3.1637e+05,0.36,12.209,195,800,0.29126,12.068,187.42,830.27,0.2666,0.13353,0.027008,0.25326,0.12203,0.023104,0.23734,0.11544,0.0208,251,250,251,218,218,219,166,164,165,181,181,183,56,57,59,112,115,120,0.54679,0.54601,0.5452
1,3.1647e+05,0.28,12.209,195,800,0.20002,12.073,186.06,988.85,0.24516,0.11785,0.02272,0.22661,0.11427,0.020224,0.20807,0.10652,0.017344,248,250,251,215,217,219,162,163,166,196,198,195,55,57,60,114,118,123,0.53988,0.54228,0.54063
1,3.1657e+05,0.2,12.209,195,800,0.1353,12.084,187.78,1115.3,0.24394,0.11191,0.020992,0.22736,0.10772,0.018624,0.21557,0.10226,0.016512,251,250,252,234,227,225,164,166,168,249,232,210,65,67,68,134,128,127,0.54239,0.53931,0.53887
1,3.1667e+05,0.12,12.209,195,800,0.06527,12.057,187.48,797.55,0.25697,0.11918,0.023616,0.22606,0.11517,0.020096,0.20365,0.11155,0.017984,253,252,252,241,238,235,174,173,173,238,219,202,92,86,81,134,130,129,0.53533,0.53665,0.53814
1,3.1677e+05,0.04,12.209,195,800,-0.010061,12.062,187.25,523.42,0.33221,0.10449,0.024832,0.24185,0.10344,0.018752,0.19594,0.10269,0.015616,249,252,252,251,244,238,173,175,176,214,201,188,95,93,87,129,129,130,0.54767,0.54104,0.53887
1,3.1687e+05,-0.04,12.209,195,800,-0.086452,12.068,185.17,849.61,0.27006,0.12936,0.027136,0.24629,0.12194,0.02336,0.22491,0.11659,0.02048,252,251,251,245,240,235,177,178,177,172,167,165,115,100,90,127,128,132,0.53538,0.53652,0.53849
1,3.1697e+05,-0.12,12.209,195,800,-0.16497,12.063,187.08,641.29,0.24485,0.11974,0.02272,0.22177,0.1139,0.01952,0.20738,0.10724,0.017216,248,251,251,225,226,229,179,179,177,164,159,158,107,99,89,124,130,137,0.54672,0.53909,0.53968
1,3.1707e+05,-0.2,12.209,195,800,-0.25833,12.087,185.57,1170.2,0.2348,0.11454,0.020672,0.21889,0.10796,0.018048,0.20262,0.10199,0.015936,248,249,250,190,203,214,183,178,175,158,155,153,89,86,84,132,139,147,0.53112,0.53954,0.54063
1,3.1717e+05,-0.28,12.209,195,800,-0.32624,12.061,186.13,867.72,0.28463,0.1153,0.025088,0.25614,0.11301,0.022272,0.23114,0.10862,0.01952,244,247,249,200,196,200,167,169,170,161,153,153,86,84,80,130,141,149,0.54524,0.54043,0.54047
1,3.1727e+05,-0.36,12.209,195,800,-0.39838,12.061,187.5,824.39,0.28725,0.12463,0.02688,0.26054,0.11835,0.023168,0.23504,0.11182,0.019968,248,248,248,196,191,196,159,165,168,154,153,154,85,82,79,120,132,144,0.52463,0.53365,0.53725
1,3.1737e+05,-0.44,12.209,195,800,-0.48008,12.058,185.6,713.25,0.27902,0.11553,0.024576,0.23478,0.10861,0.019776,0.21115,0.10355,0.017024,249,249,249,186,187,189,169,164,165,171,161,156,74,75,77,114,120,131,0.52858,0.53497,0.53921
1,3.1747e+05,-0.52,12.209,195,800,-0.56708,12.071,184.45,718.57,0.31764,0.10547,0.024,0.25977,0.10315,0.019776,0.22715,0.10056,0.016832,250,250,250,193,189,188,165,164,166,174,163,156,73,74,75,113,118,127,0.54084,0.53947,0.54025
1,3.1757e+05,-0.6,12.209,195,800,-0.65833,12.082,185.36,1194.8,0.23135,0.11698,0.02112,0.21122,0.10807,0.01792,0.19786,0.1049,0.016192,251,250,249,186,186,188,167,170,172,164,157,152,71,71,71,112,120,127,0.52848,0.53518,0.53712
1,3.1767e+05,-0.68,12.209,195,800,-0.7135,12.068,187.57,895.7,0.26489,0.12022,0.023552,0.21856,0.11592,0.019264,0.19195,0.11492,0.017152,241,245,247,194,193,196,170,174,176,155,150,145,73,70,68,119,126,132,0.53766,0.53812,0.53748
1,3.1777e+05,-0.76,12.209,195,800,-0.80156,12.063,187.51,906.22,0.24589,0.11037,0.020736,0.21958,0.10432,0.0176,0.20151,0.10016,0.015488,245,245,247,208,202,202,177,176,175,148,144,144,76,70,67,126,128,132,0.5359,0.53511,0.53536
1,3.1787e+05,-0.84,12.209,195,800,-0.8631,12.047,185.12,1025.5,0.30273,0.11965,0.02688,0.28206,0.11172,0.023104,0.26966,0.10614,0.020352,247,248,248,211,209,209,178,175,171,146,146,148,66,66,66,116,124,130,0.52665,0.5312,0.53481
1,3.1797e+05,-0.92,12.209,195,800,-0.95435,12.056,185.75,791.24,0.25954,0.12305,0.02464,0.23962,0.11464,0.021312,0.2176,0.1108,0.018752,246,247,249,206,208,210,172,170,170,158,154,153,67,65,65,114,120,126,0.52494,0.53504,0.53657
1,3.1807e+05,-1,12.209,195,800,-1.0201,12.08,186.33,756.82,0.2685,0.12132,0.024192,0.23391,0.11749,0.0208,0.21458,0.11515,0.018624,247,248,249,217,211,212,170,167,166,181,169,163,67,66,67,105,112,119,0.54242,0.53757,0.53737
1,3.1817e+05,-1.08,12.209,195,800,-1.1114,12.068,184.86,948.42,0.26749,0.13851,0.028224,0.24081,0.12787,0.023872,0.22178,0.12296,0.021184,246,248,249,205,212,216,163,165,165,181,174,170,72,69,68,110,113,118,0.54112,0.53803,0.53999
1,3.1827e+05,-1.16,12.209,195,800,-1.1856,12.054,185.61,1106.3,0.2547,0.1137,0.022144,0.2179,0.11094,0.018816,0.20352,0.1027,0.016384,247,249,250,204,211,218,167,165,164,187,176,171,72,70,68,115,116,120,0.54988,0.54036,0.54033
1,3.1837e+05,-1.24,12.209,195,800,-1.2737,12.07,185.47,1208.7,0.26164,0.11781,0.023808,0.23176,0.11153,0.020224,0.21215,0.1084,0.01792,249,250,250,224,222,223,165,164,163,180,176,173,70,68,68,114,119,125,0.53628,0.5374,0.53757
1,3.1847e+05,-1.32,12.209,195,800,-1.349,12.061,187.59,1025.5,0.2621,0.1237,0.02464,0.22473,0.11847,0.020736,0.20261,0.11439,0.018176,250,250,250,231,226,224,163,162,163,178,175,174,71,69,68,115,120,127,0.53329,0.53723,0.53837
1,3.1857e+05,-1.4,12.209,195,800,-1.4127,12.052,186.53,677.08,0.26461,0.11439,0.022336,0.22715,0.10789,0.018624,0.21309,0.10521,0.016768,249,249,249,219,222,222,158,160,162,187,182,178,76,73,71,121,125,131,0.53332,0.53895,0.53878
1,3.1867e+05,-1.48,12.209,195,800,-1.4965,12.053,185.8,860.97,0.24284,0.11096,0.020672,0.21951,0.10844,0.018304,0.20493,0.10438,0.016512,252,250,249,217,218,219,152,156,161,187,183,179,76,75,74,126,130,135,0.53423,0.5378,0.53884
1,3.1877e+05,-1.56,12.209,195,800,-1.5814,12.054,184.99,1208.3,0.24825,0.11375,0.021824,0.22061,0.1092,0.018816,0.20592,0.10396,0.016768,252,249,248,217,219,219,151,156,162,182,179,177,71,74,75,128,132,136,0.5434,0.54111,0.54045
1,3.1887e+05,-1.64,12.209,195,800,-1.6801,12.08,186.33,1044.1,0.26595,0.12014,0.023936,0.24204,0.11085,0.02048,0.21907,0.10779,0.018304,243,245,245,219,220,219,166,166,166,167,167,169,75,74,74,131,133,135,0.54839,0.5438,0.54071
1,3.1897e+05,-1.72,12.209,195,800,-1.7246,12.038,187.72,995.74,0.26794,0.12234,0.025472,0.24268,0.11556,0.021696,0.22531,0.11011,0.01952,242,243,244,217,218,218,177,172,168,160,163,168,77,73,72,133,133,132,0.53466,0.54176,0.54178
1,3.1907e+05,-1.8,12.209,195,800,-1.8127,12.06,186.23,842.62,0.25777,0.11909,0.023296,0.22665,0.11262,0.01984,0.20886,0.10834,0.0176,239,241,244,218,217,213,173,171,168,165,170,176,67,67,68,125,125,125,0.5508,0.54159,0.54198
1,3.1917e+05,-1.88,12.209,195,800,-1.8954,12.053,185.96,920.99,0.23735,0.11429,0.020864,0.21352,0.106,0.017728,0.19782,0.10218,0.01568,247,247,247,212,208,207,163,165,166,192,192,194,65,66,68,117,118,120,0.55047,0.5417,0.53971
1,3.1927e+05,-1.96,12.209,195,800,-1.9803,12.062,184.64,1006.5,0.2726,0.12757,0.027072,0.24765,0.12093,0.023552,0.23539,0.11531,0.021312,248,249,248,196,201,204,162,165,167,198,203,207,67,68,70,121,121,120,0.53853,0.53605,0.53821
1,3.1937e+05,-2.04,12.209,195,800,-2.0599,12.079,186.66,940.9,0.28492,0.11233,0.023104,0.24106,0.10775,0.019584,0.21889,0.10529,0.017408,247,247,248,190,197,198,175,175,173,227,229,231,74,76,77,135,129,124,0.54134,0.54223,0.54139
1,3.1947e+05,-2.12,12.209,195,800,-2.1331,12.054,184.97,857.41,0.2888,0.11359,0.02496,0.27349,0.10711,0.021888,0.248,0.10344,0.019072,244,246,247,195,196,195,185,181,176,245,243,241,77,80,81,134,130,127,0.53351,0.53567,0.54021
1,3.1957e+05,-2.2,12.209,195,800,-2.2063,12.051,186.52,832.03,0.34432,0.11839,0.03136,0.31977,0.11204,0.027328,0.29179,0.10747,0.023936,251,249,248,179,185,192,179,180,177,255,255,253,93,93,95,141,138,138,0.54959,0.54207,0.54094
1,3.1967e+05,-2.28,12.209,195,800,-2.2901,12.065,186.32,933.39,0.25963,0.11915,0.024064,0.22696,0.11553,0.020544,0.20259,0.11082,0.0176,255,252,250,173,182,190,173,174,173,255,255,255,113,114,116,175,166,160,0.54034,0.53815,0.53984
1,3.1977e+05,-2.36,12.209,195,800,-2.3665,12.077,186.61,805.23,0.27482,0.10655,0.021952,0.24823,0.10085,0.018688,0.22513,0.098075,0.016576,251,251,250,173,184,193,171,172,171,255,255,255,127,127,131,201,184,175,0.5384,0.53969,0.54169
1,3.1987e+05,-2.44,12.209,195,800,-2.444,12.073,186.94,854.83,0.26954,0.11618,0.021952,0.22154,0.11107,0.018496,0.20322,0.11005,0.016832,248,248,250,193,192,196,168,168,168,255,255,255,161,168,172,223,215,210,0.5339,0.53961,0.54099
1,3.1997e+05,-2.52,12.209,195,800,-2.532,12.054,187.55,1520.1,0.32046,0.1093,0.025408,0.26495,0.10622,0.020224,0.2156,0.10441,0.016448,249,248,250,194,196,198,170,167,166,255,255,255,198,197,194,242,232,226,0.52941,0.53838,0.53885
1,3.2007e+05,-2.6,12.209,195,800,-2.5862,12.051,188.95,724.4,0.2884,0.11613,0.024768,0.25802,0.11363,0.021632,0.23484,0.10645,0.01856,248,249,250,199,200,202,162,162,163,255,255,255,243,233,221,255,253,248,0.5372,0.54049,0.5403
1,3.2017e+05,-2.68,12.209,195,800,-2.6933,12.063,187.57,624.92,0.18121,0.12035,0.017088,0.16866,0.11501,0.015232,0.15667,0.11159,0.01376,255,253,252,203,208,209,159,160,160,255,255,255,199,202,205,255,255,255,0.55026,0.53971,0.54089
1,3.2027e+05,-2.76,12.209,195,800,-2.7803,12.082,184.99,1087.1,0.23784,0.11132,0.020736,0.22057,0.10707,0.01824,0.20231,0.1034,0.016192,255,255,253,205,210,210,157,159,159,255,255,255,167,178,192,255,255,255,0.54782,0.54588,0.54436
1,3.2037e+05,-2.84,12.209,195,800,-2.8355,12.061,186.95,785.19,0.25373,0.11808,0.023104,0.22931,0.11451,0.020288,0.21628,0.10773,0.01824,254,253,253,195,203,210,154,155,158,255,255,255,162,170,182,255,255,255,0.5421,0.5434,0.54573
1,3.2047e+05,-2.92,12.209,195,800,-2.9045,12.052,187.26,836.97,0.31744,0.10899,0.026176,0.27946,0.10707,0.022912,0.25716,0.1014,0.019968,251,251,251,198,203,210,154,156,159,255,255,255,178,183,185,255,255,255,0.55505,0.54989,0.5468
1,3.2057e+05,-3,12.209,195,800,-2.966,12.051,154.39,490.45,0.27958,0.12902,0.0272,0.25102,0.12432,0.023552,0.22401,0.12041,0.020928,247,249,249,212,208,207,163,163,162,255,255,255,177,189,195,255,255,255,0.44889,0.46549,0.47381
1,3.2359e+05,-3,12.302,195,800,-2.9437,12.168,0.28038,825.05,0,0,0,0,0,0,0,0,0,245,243,246,188,193,198,156,160,162,255,255,255,216,202,193,255,255,253,0.45481,0.45786,0.47024
1,3.2369e+05,-2.92,12.302,195,800,-2.8885,12.159,186.26,1070.3,0.31881,0.10488,0.021056,0.30196,0.099736,0.018112,0.27384,0.10031,0.016,250,249,249,188,187,192,161,159,160,255,255,255,209,198,187,255,255,254,0.53961,0.54271,0.54431
1,3.2379e+05,-2.84,12.302,195,800,-2.8175,12.156,186.76,871.7,0.21855,0.1169,0.019776,0.2044,0.11121,0.017792,0.19075,0.10734,0.015744,252,251,251,189,188,191,164,162,162,255,255,255,179,183,185,255,255,254,0.53911,0.54026,0.54291
1,3.2389e+05,-2.76,12.302,195,800,-2.74,12.162,186.75,662.47,0.27065,0.13621,0.027904,0.25305,0.12866,0.024448,0.22715,0.12291,0.021376,254,253,252,201,195,193,169,167,165,255,255,255,191,196,199,255,255,255,0.54037,0.54044,0.53906
1,3.2399e+05,-2.68,12.302,195,800,-2.6594,12.138,186.74,839.85,0.28376,0.14161,0.03136,0.2587,0.13437,0.027328,0.23593,0.12458,0.023104,252,252,252,193,194,195,161,163,166,255,255,255,221,221,214,255,255,255,0.5427,0.53924,0.53911
1,3.2409e+05,-2.6,12.302,195,800,-2.584,12.144,187.55,822.05,0.34572,0.13179,0.034048,0.28477,0.12551,0.027136,0.25626,0.11961,0.023488,252,251,251,193,194,195,162,163,165,255,255,255,232,236,228,253,252,250,0.53885,0.53941,0.53949
1,3.2419e+05,-2.52,12.302,195,800,-2.4885,12.161,186.32,924.11,0.36418,0.12201,0.033408,0.30165,0.11558,0.027136,0.27878,0.10776,0.023168,252,252,250,188,195,198,165,165,166,255,255,255,177,193,198,223,228,230,0.54987,0.53682,0.53838
1,3.2429e+05,-2.44,12.302,195,800,-2.427,12.163,186.72,924.13,0.30552,0.11864,0.027072,0.27996,0.11069,0.022912,0.2522,0.10466,0.019584,252,252,250,189,197,199,165,165,166,255,255,255,153,167,174,198,209,215,0.52927,0.53623,0.53774
1,3.2439e+05,-2.36,12.302,195,800,-2.3612,12.18,187.38,969.24,0.30256,0.13316,0.031296,0.28361,0.1212,0.026496,0.2612,0.114,0.023232,252,250,249,215,208,198,167,167,167,255,255,255,113,124,130,166,175,181,0.54173,0.53926,0.53922
1,3.2449e+05,-2.28,12.302,195,800,-2.2689,12.157,186.79,701.81,0.2846,0.11261,0.023552,0.24777,0.10891,0.019584,0.22091,0.10361,0.01696,246,248,249,214,203,196,171,170,170,255,255,255,104,109,114,156,161,166,0.55427,0.54235,0.53963
1,3.2459e+05,-2.2,12.302,195,800,-2.1946,12.163,187.39,933.43,0.29309,0.12979,0.029504,0.26801,0.12255,0.025152,0.2452,0.11789,0.022656,246,247,248,178,188,194,178,177,175,255,255,252,86,90,93,132,140,147,0.53391,0.54189,0.53855
1,3.2469e+05,-2.12,12.302,195,800,-2.1119,12.146,185.21,1060.8,0.31999,0.12159,0.029888,0.28049,0.11848,0.025472,0.25308,0.1104,0.021824,251,249,248,200,198,195,170,172,172,246,243,240,86,82,80,126,131,134,0.54797,0.53727,0.53702
1,3.2479e+05,-2.04,12.302,195,800,-2.0557,12.177,185.79,901.97,0.29302,0.12086,0.026112,0.24408,0.11555,0.02144,0.22225,0.11111,0.019136,254,251,249,211,203,197,164,167,170,235,232,230,84,79,76,122,127,130,0.53275,0.53806,0.53868
1,3.2489e+05,-1.96,12.302,195,800,-1.9697,12.147,186.01,850.01,0.3141,0.12549,0.029376,0.26902,0.11879,0.024256,0.23333,0.11339,0.02016,255,252,249,203,202,200,165,165,165,213,208,205,67,69,71,119,122,123,0.54814,0.54156,0.53958
1,3.2499e+05,-1.88,12.302,195,800,-1.8806,12.148,187.46,775.52,0.33839,0.12971,0.031744,0.2941,0.12282,0.026752,0.2705,0.11497,0.02304,253,250,248,200,201,201,167,165,165,200,197,194,67,68,69,124,121,121,0.54531,0.53981,0.53962
1,3.2509e+05,-1.8,12.302,195,800,-1.8063,12.146,185.73,797.33,0.28268,0.1251,0.02656,0.24175,0.11906,0.022144,0.21498,0.11723,0.019584,242,244,246,202,205,206,165,167,168,180,179,177,64,66,68,121,122,123,0.54823,0.5388,0.5389
1,3.2519e+05,-1.72,12.302,195,800,-1.7183,12.143,186.12,1059.2,0.29746,0.12206,0.027264,0.2567,0.11556,0.022272,0.22457,0.11381,0.019328,249,248,246,212,210,208,170,170,170,170,170,169,64,64,64,135,132,132,0.53773,0.54122,0.54071
1,3.2529e+05,-1.64,12.302,195,800,-1.6419,12.149,185.75,1159.2,0.28022,0.1212,0.026304,0.24357,0.11565,0.02176,0.20566,0.11355,0.017984,253,250,248,211,210,209,172,171,170,169,168,167,64,62,63,148,140,136,0.54196,0.54083,0.53762
1,3.2539e+05,-1.56,12.302,195,800,-1.5644,12.159,186.17,918.77,0.33726,0.11601,0.029056,0.28923,0.1112,0.024512,0.262,0.10585,0.020992,245,248,248,214,210,209,170,172,173,166,168,169,60,62,64,161,149,141,0.54509,0.53819,0.53695
1,3.2549e+05,-1.48,12.302,195,800,-1.4912,12.167,186.21,573.32,0.26419,0.12741,0.025984,0.23249,0.12475,0.022592,0.21185,0.11994,0.019648,243,245,247,202,207,210,177,176,174,167,170,171,64,64,64,160,148,140,0.53151,0.53496,0.53563
1,3.2559e+05,-1.4,12.302,195,800,-1.3957,12.163,186.11,898.07,0.25793,0.11123,0.020736,0.20223,0.1098,0.016832,0.18086,0.10745,0.014976,243,244,247,215,213,213,184,180,175,173,174,171,64,65,65,149,140,134,0.53607,0.53718,0.53731
1,3.2569e+05,-1.32,12.302,195,800,-1.3257,12.147,185.79,964.67,0.27524,0.11656,0.024064,0.2407,0.10942,0.019712,0.19251,0.10873,0.016192,252,250,248,232,226,220,171,170,171,165,168,170,60,62,65,142,133,127,0.54395,0.53741,0.53642
1,3.2579e+05,-1.24,12.302,195,800,-1.2334,12.143,186.5,1022.6,0.36333,0.11444,0.030016,0.30226,0.11212,0.024448,0.268,0.10527,0.020096,254,252,250,227,228,221,164,166,167,161,166,170,61,63,65,140,130,125,0.52949,0.53394,0.53394
1,3.2589e+05,-1.16,12.302,195,800,-1.1782,12.151,186.94,825.61,0.28237,0.12103,0.026304,0.25766,0.1147,0.022656,0.23425,0.1092,0.01984,254,252,250,223,223,219,156,159,163,166,169,170,63,64,65,131,125,121,0.52381,0.53032,0.53429
1,3.2599e+05,-1.08,12.302,195,800,-1.0902,12.159,186.43,654.43,0.37313,0.12111,0.03328,0.33219,0.11417,0.027648,0.29819,0.10516,0.02272,253,252,250,213,218,217,155,159,162,161,167,168,61,63,65,127,123,120,0.5475,0.53739,0.53414
1,3.2609e+05,-1,12.302,195,800,-1.0085,12.154,186.2,703.73,0.25976,0.11784,0.02336,0.23041,0.11251,0.019904,0.21387,0.10683,0.017536,253,252,250,204,208,210,160,160,163,151,156,160,67,67,67,129,124,120,0.53394,0.5355,0.53606
1,3.2619e+05,-0.92,12.302,195,800,-0.94904,12.166,187.1,774.54,0.29228,0.12014,0.026368,0.2634,0.11411,0.022656,0.23485,0.10905,0.020032,253,252,250,207,202,204,169,166,168,154,151,150,73,72,68,137,126,123,0.52948,0.53582,0.53676
1,3.2629e+05,-0.84,12.302,195,800,-0.84825,12.143,186.95,1056.6,0.30671,0.11166,0.024192,0.25525,0.10524,0.020096,0.22551,0.10434,0.017856,253,251,250,200,199,202,173,171,170,150,148,146,67,70,68,138,127,125,0.53389,0.53598,0.5357
1,3.2639e+05,-0.76,12.302,195,800,-0.7761,12.152,187.16,890.63,0.27897,0.11657,0.024768,0.24468,0.1116,0.021312,0.21745,0.10721,0.018176,249,248,249,191,191,194,176,174,175,136,139,141,60,63,64,136,127,128,0.52799,0.53376,0.53547
1,3.2649e+05,-0.68,12.302,195,800,-0.68804,12.148,185.49,880.78,0.33428,0.12037,0.030208,0.2772,0.11651,0.024384,0.23921,0.10876,0.019904,243,248,249,183,185,189,180,179,177,132,138,141,58,62,63,135,128,129,0.56371,0.54198,0.53812
1,3.2659e+05,-0.6,12.302,195,800,-0.63605,12.161,187.1,807.96,0.31953,0.11459,0.027584,0.27479,0.10895,0.02272,0.23986,0.10353,0.019008,253,253,250,169,170,179,206,186,176,140,142,144,67,65,64,143,129,126,0.54198,0.53918,0.54031
1,3.2669e+05,-0.52,12.302,195,800,-0.55011,12.154,186.83,973.97,0.29959,0.12496,0.028288,0.26778,0.11956,0.024256,0.24439,0.11317,0.02144,252,251,250,154,164,175,166,169,173,151,151,149,78,72,68,127,125,129,0.53269,0.53959,0.53998
1,3.2679e+05,-0.44,12.302,195,800,-0.45568,12.132,186.73,681.75,0.30297,0.11329,0.026176,0.25635,0.10841,0.021184,0.22639,0.10241,0.017536,247,249,249,162,167,176,160,165,171,157,155,151,79,73,70,138,132,134,0.54268,0.54078,0.53879
1,3.2689e+05,-0.36,12.302,195,800,-0.39096,12.151,184.42,953.79,0.27364,0.11272,0.0224,0.2331,0.10723,0.018368,0.1917,0.10556,0.015296,248,250,249,178,179,184,179,175,173,158,158,154,77,76,71,200,170,155,0.54426,0.53909,0.53945
1,3.2699e+05,-0.28,12.302,195,800,-0.3082,12.153,186.14,1232.9,0.26524,0.1305,0.026432,0.24346,0.12566,0.023744,0.22492,0.11742,0.020608,253,251,250,188,187,188,185,178,174,158,159,154,76,75,71,221,186,164,0.54412,0.54171,0.54087
1,3.2709e+05,-0.2,12.302,195,800,-0.22226,12.154,185.01,808.21,0.40152,0.12033,0.0352,0.35847,0.11186,0.028544,0.30346,0.1072,0.023424,253,252,251,198,197,200,165,171,174,153,156,153,61,64,68,203,180,165,0.55598,0.54191,0.54113
1,3.2719e+05,-0.12,12.302,195,800,-0.15117,12.152,187.89,846.83,0.24566,0.11219,0.0208,0.20545,0.1036,0.01632,0.18285,0.10284,0.014592,255,253,252,221,213,214,173,175,174,145,150,152,59,64,69,156,153,151,0.54582,0.54482,0.54167
1,3.2729e+05,-0.04,12.302,195,800,-0.059927,12.143,186.97,836.54,0.26024,0.12609,0.025088,0.23438,0.11751,0.021312,0.21334,0.11408,0.018688,251,252,251,233,219,220,195,179,175,151,154,158,64,67,71,156,144,144,0.55234,0.54282,0.54086
1,3.2739e+05,0.04,12.302,195,800,-0.000512,12.156,184.73,747.86,0.27361,0.12713,0.026624,0.24746,0.1208,0.023296,0.23343,0.11402,0.020864,249,251,251,210,220,225,179,176,175,177,178,176,73,69,70,129,134,138,0.5329,0.53344,0.53808
1,3.2749e+05,0.12,12.302,195,800,0.091795,12.162,186.52,865.11,0.31956,0.12702,0.031232,0.28702,0.12165,0.026944,0.25887,0.11917,0.024128,253,252,250,215,219,223,173,173,173,189,189,187,66,65,66,132,133,135,0.53521,0.53914,0.53985
1,3.2759e+05,0.2,12.302,195,800,0.16288,12.148,186.65,798.95,0.32092,0.13013,0.029248,0.25418,0.1229,0.023168,0.22726,0.11928,0.020544,248,249,251,212,208,212,174,169,169,212,201,192,55,56,58,126,128,129,0.54056,0.54465,0.54301
1,3.2769e+05,0.28,12.302,195,800,0.24776,12.138,188.53,847.8,0.32688,0.11878,0.028288,0.26049,0.11651,0.023232,0.24074,0.10774,0.019776,253,251,251,180,192,204,171,170,168,182,184,182,59,55,54,117,119,120,0.53793,0.54374,0.54367
1,3.2779e+05,0.36,12.302,195,800,0.31673,12.154,186.16,855.36,0.30274,0.12214,0.027712,0.25978,0.11793,0.023168,0.23817,0.11643,0.02112,252,252,251,185,191,203,179,172,168,176,174,173,57,55,54,116,113,115,0.54056,0.547,0.54764
1,3.2789e+05,0.44,12.302,195,800,0.41646,12.137,186.96,891.14,0.38024,0.11949,0.03264,0.31593,0.11071,0.025856,0.28565,0.10675,0.02208,253,253,251,195,202,208,171,170,168,173,168,163,56,56,56,101,104,108,0.56417,0.55084,0.54822
1,3.2799e+05,0.52,12.302,195,800,0.48967,12.142,186.21,765.66,0.29045,0.12289,0.0272,0.26185,0.11665,0.023168,0.23977,0.11314,0.020736,254,252,251,211,209,212,169,168,167,169,165,162,57,57,57,101,104,107,0.54849,0.54879,0.54616
1,3.2809e+05,0.6,12.302,195,800,0.57349,12.148,186.36,1099.8,0.27507,0.11396,0.022976,0.2307,0.1077,0.018176,0.1923,0.10436,0.015488,253,251,249,231,223,218,172,169,168,169,165,160,57,58,59,111,112,112,0.5369,0.54345,0.54635
1,3.2819e+05,0.68,12.302,195,800,0.62866,12.152,187.6,1107.6,0.29884,0.11587,0.026624,0.26964,0.11232,0.023168,0.24601,0.10766,0.020288,243,246,246,226,223,214,165,170,172,164,161,157,60,62,63,120,119,115,0.54307,0.54375,0.54526
1,3.2829e+05,0.76,12.302,195,800,0.71566,12.166,185.72,801.84,0.31434,0.12629,0.0304,0.28869,0.1195,0.026368,0.26067,0.11722,0.023616,244,244,244,204,209,209,167,171,173,158,157,155,69,67,66,118,116,113,0.54008,0.54015,0.54423
1,3.2839e+05,0.84,12.302,195,800,0.79099,12.143,187.48,819.44,0.31281,0.12451,0.029376,0.27934,0.1148,0.024512,0.25244,0.11059,0.02144,246,245,243,188,197,202,166,169,172,155,154,152,85,80,74,101,105,109,0.54067,0.54575,0.54602
1,3.2849e+05,0.92,12.302,195,800,0.8695,12.154,186.45,959.49,0.29532,0.12123,0.026496,0.26605,0.11307,0.022144,0.23792,0.10751,0.019136,247,245,244,199,201,203,165,167,171,155,154,151,93,82,75,102,103,107,0.54046,0.54562,0.54634
1,3.2859e+05,1,12.302,195,800,0.95544,12.139,186.97,1020.9,0.30549,0.13661,0.029376,0.27779,0.13172,0.025408,0.2615,0.12187,0.022272,246,246,245,203,208,208,168,168,167,155,153,151,70,71,71,104,106,109,0.53894,0.54645,0.54576
1,3.2869e+05,1.08,12.302,195,800,1.0255,12.144,187.57,917.94,0.29732,0.15357,0.027648,0.2662,0.14927,0.023104,0.22507,0.14039,0.019712,244,244,245,206,206,207,159,161,162,147,149,152,63,63,65,106,109,113,0.55467,0.54551,0.54474
1,3.2879e+05,1.16,12.302,195,800,1.122,12.146,187.41,840.57,0.22583,0.16626,0.023168,0.18373,0.11479,0.016192,0.16938,0.11228,0.014656,242,244,246,196,201,206,156,157,159,150,151,153,63,62,64,108,111,114,0.54388,0.54343,0.54304
1,3.2889e+05,1.24,12.302,195,800,1.1804,12.139,186.76,919.45,0.27472,0.11824,0.024704,0.24733,0.11377,0.021504,0.22628,0.10686,0.018944,250,249,248,192,197,201,157,157,157,152,153,154,63,65,66,102,108,113,0.55009,0.54822,0.54402
1,3.2899e+05,1.32,12.302,195,800,1.2695,12.146,186.43,1086.3,0.28629,0.11874,0.025344,0.25453,0.11194,0.021568,0.22932,0.10777,0.018816,253,251,249,193,197,199,157,157,158,151,152,155,70,69,68,99,104,111,0.55144,0.54612,0.54383
1,3.2909e+05,1.4,12.302,195,800,1.3268,12.19,187.15,1047.9,0.27291,0.1167,0.023296,0.23041,0.11142,0.01952,0.19645,0.10734,0.016512,251,250,250,195,196,200,155,160,163,155,157,156,86,74,68,98,103,111,0.54901,0.54346,0.5427
1,3.2919e+05,1.48,12.302,195,800,1.4191,12.154,186.33,821.02,0.28502,0.11649,0.025728,0.26093,0.10911,0.021824,0.22851,0.10623,0.018624,250,248,248,203,206,207,167,168,172,164,159,155,64,63,63,119,118,119,0.53531,0.53789,0.5395
1,3.2929e+05,1.56,12.302,195,800,1.4997,12.139,187.08,1037.2,0.23444,0.12627,0.02272,0.20796,0.12187,0.019904,0.19515,0.11529,0.0176,249,247,247,207,212,211,169,173,176,152,154,152,60,59,60,131,126,125,0.53456,0.53665,0.53976
1,3.2939e+05,1.64,12.302,195,800,1.5772,12.172,186.22,983.48,0.31353,0.12647,0.030848,0.29058,0.11916,0.026816,0.26787,0.11502,0.023872,248,246,245,226,219,216,184,182,181,138,140,141,55,57,58,132,136,139,0.53031,0.54161,0.54097
1,3.2949e+05,1.72,12.302,195,800,1.6525,12.153,187.76,980.86,0.31392,0.1196,0.027584,0.25081,0.11521,0.021504,0.20383,0.11481,0.018048,245,244,244,229,219,214,189,184,183,127,133,137,60,58,59,140,143,146,0.53747,0.54088,0.54229
1,3.2959e+05,1.8,12.302,195,800,1.713,12.17,186.4,758.85,0.26261,0.14749,0.029632,0.23419,0.14362,0.025216,0.21177,0.13424,0.021312,235,239,244,200,202,205,184,182,179,132,132,134,70,65,64,176,167,165,0.54095,0.53963,0.539
1,3.2969e+05,1.88,12.302,195,800,1.8403,12.133,186.24,786.98,0.30413,0.11342,0.024576,0.25768,0.11011,0.02016,0.20616,0.10829,0.01728,252,247,246,179,191,198,156,166,170,152,150,143,74,73,69,210,198,194,0.53444,0.5381,0.53732
1,3.2979e+05,1.96,12.302,195,800,1.8902,12.148,185.97,1038.5,0.26814,0.12026,0.024128,0.23642,0.11069,0.020096,0.21521,0.10853,0.017792,252,250,247,198,196,197,158,160,165,170,157,146,78,74,70,227,216,211,0.53991,0.53734,0.53525
1,3.2989e+05,2.04,12.302,195,800,1.9761,12.139,186.72,982.56,0.263,0.1178,0.023168,0.24064,0.11206,0.020608,0.22382,0.10469,0.017536,245,248,249,199,197,204,149,156,159,143,147,146,74,72,72,248,244,237,0.53119,0.53568,0.53465
1,3.2999e+05,2.12,12.302,195,800,2.0525,12.149,185.69,800.92,0.29995,0.13569,0.030656,0.2644,0.1268,0.0256,0.23934,0.12164,0.022528,252,250,249,202,201,208,155,158,160,140,141,143,81,75,74,247,250,245,0.53752,0.53507,0.53402
1,3.3009e+05,2.2,12.302,195,800,2.131,12.142,186.93,782.66,0.32935,0.12842,0.03168,0.29816,0.12376,0.027584,0.26791,0.11468,0.023424,255,253,251,197,209,216,169,167,165,145,143,145,110,93,83,255,251,246,0.53133,0.53014,0.53148
1,3.3019e+05,2.28,12.302,195,800,2.2201,12.135,186.36,1251.8,0.31014,0.11541,0.024896,0.24103,0.10986,0.019648,0.21109,0.10671,0.016896,255,254,254,213,215,220,173,177,173,161,158,154,120,104,93,240,243,241,0.52379,0.52616,0.52845
1,3.3029e+05,2.36,12.302,195,800,2.2881,12.153,186.54,766.75,0.25336,0.11504,0.022272,0.22845,0.11078,0.019712,0.20616,0.1054,0.016896,255,255,254,224,216,220,184,181,176,170,163,159,119,105,98,231,236,237,0.52314,0.52751,0.52818
1,3.3039e+05,2.44,12.302,195,800,2.3687,12.154,187.02,710.02,0.27265,0.12075,0.02496,0.24058,0.1151,0.021184,0.2199,0.1078,0.018368,255,255,255,206,217,224,177,179,175,165,166,167,116,110,107,222,227,227,0.53174,0.52664,0.52587
1,3.3049e+05,2.52,12.302,195,800,2.4313,12.156,185.75,558.26,0.30644,0.12755,0.0288,0.27037,0.12088,0.024704,0.24201,0.11755,0.021568,255,255,254,222,222,225,172,175,174,171,169,169,122,116,111,221,222,219,0.52996,0.52728,0.5247
1,3.3059e+05,2.6,12.302,195,800,2.5194,12.154,187.12,851.23,0.28953,0.12136,0.026624,0.25797,0.11426,0.022656,0.23944,0.10879,0.020096,253,253,254,219,223,222,176,174,173,175,173,170,134,120,113,187,191,191,0.52739,0.52419,0.51945
1,3.3069e+05,2.68,12.302,195,800,2.6053,12.153,185.53,903.91,0.30217,0.11423,0.024448,0.24441,0.10792,0.019328,0.19719,0.10645,0.016192,253,252,252,209,212,209,177,174,172,172,170,169,119,113,112,151,154,162,0.52031,0.51892,0.51905
1,3.3079e+05,2.76,12.302,195,800,2.6605,12.171,185.64,933.77,0.24593,0.10896,0.019648,0.21411,0.099456,0.015936,0.19112,0.096328,0.013824,253,252,252,208,205,202,172,171,170,173,171,170,125,118,115,144,149,158,0.53087,0.5247,0.52481
1,3.3089e+05,2.84,12.302,195,800,2.7591,12.151,185.34,831.48,0.25874,0.11577,0.022912,0.23933,0.10717,0.019648,0.21513,0.10515,0.0176,251,249,250,189,192,197,160,162,165,179,178,176,154,131,119,167,171,175,0.54007,0.53638,0.53768
1,3.3099e+05,2.92,12.302,195,800,2.8334,12.147,186.55,839.55,0.28801,0.12957,0.0288,0.26391,0.12428,0.025408,0.2462,0.11735,0.022272,246,247,249,195,197,200,161,163,166,186,184,181,136,127,120,187,188,186,0.55966,0.56261,0.56099
1,3.3109e+05,3,12.302,195,800,2.9056,12.158,152.86,865.01,0.30046,0.12335,0.028032,0.25933,0.11911,0.023296,0.22455,0.11386,0.019776,248,248,249,226,218,210,171,170,169,203,196,190,114,114,117,197,200,202,0.49363,0.48395,0.48457
1,3.3411e+05,3,12.395,195,800,2.879,12.232,-0.004318,1142.1,0,0,0,0,0,0,0,0,0,254,253,252,199,204,206,173,170,166,188,189,189,119,120,120,220,210,201,0.52255,0.51028,0.4994
1,3.3421e+05,2.92,12.395,195,800,2.8079,12.228,185.82,626.34,0.2153,0.11197,0.01632,0.16153,0.10999,0.013952,0.15514,0.10418,0.012736,252,253,252,186,193,197,163,165,166,172,179,182,111,119,122,209,192,183,0.55538,0.55727,0.56125
1,3.3431e+05,2.84,12.395,195,800,2.7231,12.239,186.81,770.3,0.21892,0.12199,0.020928,0.20239,0.11814,0.019072,0.19761,0.115,0.017728,254,253,252,180,187,195,169,166,166,169,175,177,110,118,122,181,173,172,0.53394,0.53823,0.53931
1,3.3441e+05,2.76,12.395,195,800,2.652,12.237,185.73,776.04,0.31047,0.12053,0.028672,0.28539,0.11411,0.024448,0.25743,0.10813,0.02048,255,254,253,192,194,196,175,174,171,166,170,170,108,115,121,150,152,157,0.52191,0.52398,0.52661
1,3.3451e+05,2.68,12.395,195,800,2.5724,12.244,186.06,736.04,0.25435,0.14684,0.028864,0.24146,0.13603,0.024768,0.21976,0.12929,0.022272,255,254,253,198,202,202,178,176,172,163,168,168,110,115,120,155,156,160,0.51626,0.52421,0.52268
1,3.3461e+05,2.6,12.395,195,800,2.479,12.266,186.82,1039.2,0.3228,0.12458,0.030912,0.27369,0.11771,0.02496,0.24827,0.11097,0.02144,255,254,254,213,214,211,172,173,175,163,167,165,106,117,118,206,193,187,0.51771,0.52043,0.52022
1,3.3471e+05,2.52,12.395,195,800,2.4143,12.245,187.64,1062.4,0.26375,0.12058,0.022784,0.21239,0.11594,0.018688,0.18961,0.10971,0.015872,255,254,253,224,215,210,175,176,178,159,162,163,104,111,114,243,230,218,0.5249,0.52147,0.52141
1,3.3481e+05,2.44,12.395,195,800,2.3507,12.24,187.59,867.43,0.25446,0.12865,0.0256,0.22462,0.12485,0.021696,0.21373,0.11693,0.019392,254,253,252,217,209,208,173,177,178,156,160,161,98,106,109,247,238,228,0.53741,0.52864,0.52582
1,3.3491e+05,2.36,12.395,195,800,2.27,12.229,185.86,802.7,0.31172,0.12596,0.028928,0.26296,0.12267,0.022656,0.19918,0.11955,0.01856,255,252,251,204,206,207,169,173,176,155,158,157,80,93,99,246,245,240,0.52157,0.52944,0.52815
1,3.3501e+05,2.28,12.395,195,800,2.1947,12.233,187.68,672.34,0.32765,0.11673,0.028864,0.29185,0.10814,0.023872,0.26231,0.10222,0.020224,253,252,251,215,212,210,169,172,172,151,154,153,76,86,93,253,248,243,0.52546,0.52787,0.52917
1,3.3511e+05,2.2,12.395,195,800,2.1109,12.238,185.93,982.85,0.26769,0.12259,0.025344,0.24525,0.11466,0.021888,0.23027,0.11194,0.019968,252,252,251,232,224,214,163,165,166,142,141,143,67,76,82,252,251,248,0.53069,0.53292,0.53173
1,3.3521e+05,2.12,12.395,195,800,2.0143,12.268,187.08,951.91,0.28367,0.11901,0.024512,0.23867,0.11848,0.021184,0.21857,0.11183,0.01856,250,250,250,217,214,211,156,158,160,137,138,139,67,68,73,251,253,248,0.54031,0.53492,0.53367
1,3.3531e+05,2.04,12.395,195,800,1.956,12.237,187.77,1026.6,0.30016,0.13037,0.030016,0.27105,0.12713,0.026368,0.26435,0.11616,0.023552,250,250,250,195,207,209,159,157,159,138,141,141,62,67,71,255,250,244,0.54282,0.53761,0.53564
1,3.3541e+05,1.96,12.395,195,800,1.8764,12.229,186.84,739.48,0.28611,0.11402,0.025024,0.24897,0.11091,0.021248,0.22303,0.10817,0.018496,254,253,251,201,207,204,160,162,164,140,144,142,68,68,69,229,228,225,0.53518,0.53564,0.53568
1,3.3551e+05,1.88,12.395,195,800,1.7841,12.245,187.22,650,0.29024,0.10821,0.022976,0.25243,0.10344,0.020032,0.23287,0.098079,0.017216,255,253,250,207,206,204,170,168,169,130,139,140,63,66,68,196,207,210,0.53111,0.53361,0.53699
1,3.3561e+05,1.8,12.395,195,800,1.7289,12.215,186.6,726.77,0.27168,0.11249,0.02304,0.24711,0.10987,0.020608,0.23596,0.10213,0.018176,252,250,249,206,203,204,186,181,179,129,128,131,54,59,63,167,174,180,0.55008,0.54045,0.53841
1,3.3571e+05,1.72,12.395,195,800,1.643,12.227,186.95,920.84,0.32898,0.11526,0.028288,0.30016,0.10944,0.024448,0.27453,0.10366,0.021184,251,248,247,198,202,206,180,183,183,127,128,130,54,57,58,162,159,158,0.5319,0.53353,0.5379
1,3.3581e+05,1.64,12.395,195,800,1.5708,12.233,186.11,982.61,0.28996,0.11527,0.024768,0.26682,0.10873,0.021568,0.25151,0.10577,0.019392,247,248,247,193,202,206,182,183,182,132,131,132,53,56,57,156,154,151,0.54045,0.53896,0.53987
1,3.3591e+05,1.56,12.395,195,800,1.4775,12.239,187.19,687.74,0.25379,0.11891,0.022656,0.2312,0.11128,0.019456,0.21017,0.10812,0.017472,250,250,249,202,201,201,179,178,177,139,141,143,55,56,57,147,143,139,0.53902,0.53736,0.53867
1,3.3601e+05,1.48,12.395,195,800,1.3894,12.251,185.19,1064.7,0.27985,0.1356,0.028544,0.25451,0.12666,0.024576,0.22947,0.12155,0.02144,254,252,250,194,195,197,177,175,172,147,148,147,56,57,59,142,137,134,0.54829,0.54254,0.53949
1,3.3611e+05,1.4,12.395,195,800,1.3279,12.235,186.71,1177.8,0.34275,0.11499,0.027648,0.26346,0.11302,0.022144,0.22026,0.10925,0.018624,250,252,252,173,184,192,166,164,164,151,151,150,56,60,63,130,127,124,0.53893,0.54193,0.54167
1,3.3621e+05,1.32,12.395,195,800,1.2483,12.238,186.68,957.65,0.38422,0.1143,0.032,0.34229,0.10607,0.025216,0.31573,0.10002,0.020416,250,251,252,190,189,192,159,158,159,144,145,147,60,62,64,133,125,121,0.5446,0.54184,0.54134
1,3.3631e+05,1.24,12.395,195,800,1.1602,12.249,187.11,798.1,0.30993,0.12209,0.028864,0.28977,0.11244,0.02432,0.2487,0.10968,0.020608,252,251,250,187,190,194,158,159,160,144,145,145,62,62,64,140,126,119,0.54233,0.54233,0.54094
1,3.3641e+05,1.16,12.395,195,800,1.0806,12.243,186.65,762.93,0.24167,0.12537,0.023424,0.22136,0.11754,0.020288,0.20436,0.11407,0.018496,247,246,248,181,187,194,165,165,166,140,143,145,59,63,65,129,121,116,0.54595,0.54402,0.5422
1,3.3651e+05,1.08,12.395,195,800,1.0064,12.243,187.84,731.82,0.26188,0.13796,0.027008,0.22993,0.12997,0.02304,0.21285,0.12368,0.02016,244,245,247,189,190,192,171,172,169,141,144,147,60,64,67,122,116,113,0.54984,0.54848,0.54339
1,3.3661e+05,1,12.395,195,800,0.9459,12.221,187.67,489.03,0.31189,0.11948,0.02816,0.27629,0.11238,0.02368,0.236,0.10971,0.019968,248,247,246,187,186,186,178,178,175,147,149,149,68,69,71,108,106,106,0.54635,0.54276,0.54266
1,3.3671e+05,0.92,12.395,195,800,0.86102,12.232,187.48,1016.4,0.27606,0.10992,0.022336,0.21578,0.10921,0.017792,0.18105,0.10503,0.014784,247,245,245,180,179,183,177,175,174,145,147,149,68,70,71,101,102,104,0.53964,0.54234,0.54471
1,3.3681e+05,0.84,12.395,195,800,0.78568,12.219,186.23,602.78,0.27021,0.11433,0.022976,0.2347,0.10855,0.019584,0.20962,0.10463,0.017024,242,244,245,186,185,186,176,174,173,142,146,148,65,68,70,103,104,106,0.53571,0.54265,0.54447
1,3.3691e+05,0.76,12.395,195,800,0.70399,12.238,188.16,737.53,0.23731,0.12474,0.02304,0.21679,0.11558,0.019776,0.20008,0.11307,0.017792,249,246,246,213,204,199,171,170,170,139,142,147,57,60,62,119,115,111,0.54467,0.54519,0.54467
1,3.3701e+05,0.68,12.395,195,800,0.61486,12.229,186.8,635.92,0.2753,0.11174,0.023232,0.2447,0.10849,0.020224,0.22674,0.10094,0.017536,248,248,248,214,209,204,170,169,169,137,142,147,52,56,59,121,117,113,0.55351,0.54985,0.54631
1,3.3711e+05,0.6,12.395,195,800,0.5459,12.233,186.97,791.2,0.31132,0.11641,0.028032,0.26806,0.11189,0.023232,0.23972,0.1066,0.01984,254,253,252,205,209,209,161,165,166,144,144,146,53,53,54,108,110,111,0.53534,0.54193,0.54509
1,3.3721e+05,0.52,12.395,195,800,0.4589,12.245,186.3,725.29,0.27367,0.12705,0.02432,0.22845,0.12192,0.020864,0.21275,0.11822,0.018752,254,254,253,215,213,208,166,165,167,143,145,147,49,50,52,104,106,109,0.54513,0.54398,0.54672
1,3.3731e+05,0.44,12.395,195,800,0.37508,12.249,187.11,789.96,0.28709,0.12897,0.027264,0.2433,0.11911,0.022208,0.20914,0.1117,0.018368,252,253,253,214,212,208,168,169,169,145,147,148,47,49,51,104,108,111,0.54183,0.54499,0.54546
1,3.3741e+05,0.36,12.395,195,800,0.2849,12.268,185.85,993.03,0.29032,0.11656,0.024768,0.24128,0.11148,0.0208,0.22197,0.10859,0.018688,253,253,252,208,206,203,174,170,169,145,147,152,47,49,52,119,119,118,0.53891,0.54447,0.54544
1,3.3751e+05,0.28,12.395,195,800,0.22442,12.234,186.34,857.45,0.25838,0.13399,0.025728,0.23133,0.12549,0.022144,0.21344,0.12086,0.019904,253,253,251,204,203,202,163,167,169,143,148,155,48,50,52,127,126,123,0.53804,0.5381,0.5415
1,3.3761e+05,0.2,12.395,195,800,0.14909,12.257,185.54,679.24,0.28391,0.1211,0.02624,0.25581,0.11489,0.022208,0.23621,0.10912,0.019456,252,250,250,209,207,206,167,166,169,150,151,155,46,50,54,137,135,132,0.54424,0.54058,0.53989
1,3.3771e+05,0.12,12.395,195,800,0.06527,12.242,186.86,705.64,0.24369,0.11552,0.021824,0.22586,0.11083,0.019392,0.21123,0.10746,0.017408,252,251,250,228,217,212,180,176,174,143,145,149,58,57,56,151,143,138,0.53628,0.53731,0.53857
1,3.3781e+05,0.04,12.395,195,800,-0.013244,12.238,186.29,734.78,0.26266,0.10881,0.02016,0.19564,0.10916,0.016256,0.1663,0.1065,0.013888,251,251,250,221,215,214,180,177,176,140,141,144,61,59,57,150,146,143,0.52961,0.53954,0.54003
1,3.3791e+05,-0.04,12.395,195,800,-0.088574,12.247,187.38,1068.9,0.22675,0.14589,0.024128,0.20425,0.13853,0.020608,0.18446,0.13652,0.018304,252,251,251,221,213,212,170,172,173,129,132,136,52,52,54,163,156,152,0.53816,0.53624,0.53759
1,3.3801e+05,-0.12,12.395,195,800,-0.1639,12.218,184.94,665.03,0.28842,0.12371,0.027136,0.25477,0.11651,0.022848,0.23289,0.11286,0.02048,253,252,251,217,213,210,168,169,170,125,131,135,46,48,52,163,163,160,0.53684,0.53847,0.53954
1,3.3811e+05,-0.2,12.395,195,800,-0.24878,12.253,187.41,910.86,0.26952,0.11852,0.024384,0.22899,0.11104,0.019648,0.19936,0.10842,0.017088,254,252,251,204,203,203,164,169,172,142,140,137,51,51,53,174,173,173,0.54277,0.53965,0.53929
1,3.3821e+05,-0.28,12.395,195,800,-0.32836,12.247,187.38,831.1,0.28933,0.11253,0.02464,0.25618,0.10838,0.020864,0.23478,0.10054,0.018176,252,250,249,192,193,193,189,183,177,143,142,139,54,56,56,161,171,177,0.54193,0.54362,0.54219
1,3.3831e+05,-0.36,12.395,195,800,-0.40369,12.248,186.28,895.91,0.2965,0.11494,0.02528,0.26236,0.11082,0.021632,0.22266,0.10748,0.018304,251,249,248,190,189,188,191,185,178,137,138,138,54,56,57,152,166,173,0.53991,0.54228,0.53995
1,3.3841e+05,-0.44,12.395,195,800,-0.48751,12.263,186.85,807.52,0.27858,0.12176,0.026112,0.24295,0.11451,0.02176,0.22061,0.11038,0.018624,246,248,249,186,182,183,177,176,177,127,131,134,51,54,57,141,151,157,0.52737,0.53384,0.53723
1,3.3851e+05,-0.52,12.395,195,800,-0.55859,12.259,186.19,656.17,0.26352,0.1158,0.02368,0.24242,0.10854,0.020352,0.23029,0.10556,0.018688,248,250,250,185,181,184,177,176,178,129,130,131,51,54,56,135,144,151,0.52967,0.53653,0.53863
1,3.3861e+05,-0.6,12.395,195,800,-0.64772,12.259,187.68,1104.6,0.26235,0.10944,0.020928,0.21937,0.10801,0.01792,0.20237,0.10433,0.015872,252,253,252,190,187,190,176,178,179,125,127,129,52,53,55,136,139,143,0.55146,0.5424,0.53992
1,3.3871e+05,-0.68,12.395,195,800,-0.72411,12.242,188.04,1073.8,0.30332,0.14309,0.0272,0.19618,0.13321,0.018816,0.17879,0.12334,0.016128,253,252,252,195,198,197,171,172,175,128,131,132,53,55,56,141,141,142,0.529,0.53811,0.53823
1,3.3881e+05,-0.76,12.395,195,800,-0.79201,12.242,187.9,738.8,0.23221,0.12576,0.022912,0.21427,0.12116,0.020416,0.20364,0.11315,0.017984,252,252,252,204,199,198,174,169,171,135,135,135,58,58,58,140,140,141,0.53121,0.53941,0.53714
1,3.3891e+05,-0.84,12.395,195,800,-0.84931,12.232,186.93,608.38,0.28581,0.12435,0.027072,0.26205,0.11783,0.023552,0.24751,0.11211,0.021312,249,250,251,199,197,199,164,165,166,140,140,140,66,67,64,127,134,138,0.53433,0.5361,0.53708
1,3.3901e+05,-0.92,12.395,195,800,-0.94161,12.233,187.25,904.82,0.25619,0.11649,0.022528,0.2351,0.10878,0.019648,0.21557,0.10634,0.017408,251,250,251,203,199,201,163,164,165,140,141,143,70,69,65,122,131,136,0.53653,0.53458,0.53779
1,3.3911e+05,-1,12.395,195,800,-1.0159,12.224,186.68,942.93,0.27388,0.11703,0.022976,0.21784,0.11392,0.019328,0.20451,0.11005,0.017472,249,250,250,214,210,209,167,164,163,151,152,152,60,63,64,124,129,132,0.54139,0.5393,0.5382
1,3.3921e+05,-1.08,12.395,195,800,-1.1167,12.238,186.29,1091,0.24337,0.12213,0.022848,0.21495,0.11755,0.019712,0.19461,0.11401,0.017472,250,250,249,223,219,215,159,161,163,171,167,161,61,62,64,119,126,128,0.53904,0.53807,0.53671
1,3.3931e+05,-1.16,12.395,195,800,-1.1941,12.243,186.35,712.86,0.33955,0.11307,0.0272,0.2767,0.10977,0.021248,0.20785,0.10773,0.016832,250,249,249,220,221,217,163,162,164,171,168,163,65,65,64,116,123,127,0.53848,0.53712,0.53845
1,3.3941e+05,-1.24,12.395,195,800,-1.2705,12.258,185.61,952.94,0.2668,0.12007,0.024704,0.23786,0.11317,0.020928,0.21727,0.10933,0.01856,243,246,247,213,216,215,172,170,169,158,160,162,65,66,64,115,122,128,0.53306,0.5327,0.53679
1,3.3951e+05,-1.32,12.395,195,800,-1.3331,12.232,187.86,987.79,0.22586,0.11708,0.020544,0.20667,0.11014,0.017664,0.18997,0.10772,0.015936,245,246,247,198,208,212,177,175,173,157,159,161,62,63,63,120,125,130,0.53407,0.53251,0.53338
1,3.3961e+05,-1.4,12.395,195,800,-1.4329,12.248,185.93,871.74,0.25623,0.12383,0.024256,0.23573,0.11552,0.02112,0.21945,0.11186,0.018944,241,245,247,203,202,205,187,186,182,162,161,161,57,59,60,124,133,140,0.52301,0.53361,0.53225
1,3.3971e+05,-1.48,12.395,195,800,-1.4997,12.247,186.18,726.07,0.29694,0.10862,0.02336,0.2392,0.10617,0.017984,0.19515,0.10003,0.014656,253,250,249,205,204,204,191,188,183,153,156,160,57,58,60,135,145,150,0.53612,0.5308,0.53197
1,3.3981e+05,-1.56,12.395,195,800,-1.5782,12.239,186.9,861.94,0.27918,0.11559,0.02368,0.22319,0.11318,0.019392,0.2072,0.10775,0.01728,253,251,249,198,203,205,189,185,181,155,157,160,54,56,59,143,150,152,0.53419,0.53325,0.53353
1,3.3991e+05,-1.64,12.395,195,800,-1.6673,12.27,186.36,1011.6,0.27884,0.11167,0.023104,0.2482,0.10849,0.019968,0.23074,0.10341,0.0176,248,249,249,194,201,205,173,173,173,161,161,161,54,56,59,139,144,146,0.52759,0.53124,0.53292
1,3.4001e+05,-1.72,12.395,195,800,-1.7236,12.229,187.84,931.5,0.27574,0.10901,0.022976,0.25337,0.10114,0.019904,0.24162,0.097235,0.017792,247,247,247,197,200,204,165,168,170,163,164,163,56,58,61,127,134,139,0.54324,0.53497,0.53424
1,3.4011e+05,-1.8,12.395,195,800,-1.8222,12.242,186.9,842.23,0.22532,0.12507,0.02208,0.2115,0.11629,0.019584,0.20195,0.11392,0.018176,245,246,247,194,197,199,161,164,166,172,172,171,70,69,67,117,121,127,0.54091,0.53628,0.53412
1,3.4021e+05,-1.88,12.395,195,800,-1.8997,12.247,185.66,1046.6,0.23258,0.12899,0.022592,0.20504,0.11917,0.019136,0.19153,0.1143,0.017024,247,247,247,199,193,192,166,165,166,179,185,190,80,73,72,121,121,126,0.54328,0.53527,0.53491
1,3.4031e+05,-1.96,12.395,195,800,-1.9824,12.245,185.88,1083.4,0.43804,0.11381,0.033216,0.26989,0.10997,0.021824,0.21808,0.10989,0.018432,244,246,247,188,189,191,161,165,167,196,200,203,65,70,74,120,122,129,0.53929,0.53876,0.53631
1,3.4041e+05,-2.04,12.395,195,800,-2.0578,12.244,186.38,1068.9,0.29982,0.11421,0.025536,0.26948,0.10552,0.021312,0.24342,0.10142,0.018496,241,243,246,184,190,194,161,166,171,229,230,230,69,73,78,136,137,140,0.53876,0.53739,0.53592
1,3.4051e+05,-2.12,12.395,195,800,-2.1257,12.244,186.03,757.96,0.2571,0.13031,0.025472,0.23716,0.12241,0.022528,0.22336,0.11752,0.020288,240,244,246,206,201,195,169,171,174,237,242,241,77,79,81,152,147,146,0.54279,0.53529,0.53547
1,3.4061e+05,-2.2,12.395,195,800,-2.2127,12.243,186.01,810.65,0.26436,0.1092,0.021696,0.22798,0.10547,0.018368,0.2117,0.099149,0.01632,251,249,247,201,203,201,174,174,175,255,255,252,92,91,91,155,157,158,0.53647,0.53786,0.53649
1,3.4071e+05,-2.28,12.395,195,800,-2.2933,12.248,185.46,1000.4,0.24778,0.11252,0.020736,0.20405,0.10941,0.01728,0.18711,0.10449,0.015296,245,246,248,203,204,203,161,166,172,255,255,255,115,113,112,168,169,174,0.54931,0.53714,0.53702
1,3.4081e+05,-2.36,12.395,195,800,-2.3633,12.252,186.09,1284.3,0.28771,0.12895,0.028416,0.25183,0.12207,0.023744,0.23413,0.11776,0.020928,243,246,248,209,209,205,160,165,169,255,255,255,139,133,127,177,183,188,0.53528,0.53968,0.53894
1,3.4091e+05,-2.44,12.395,195,800,-2.4355,12.227,186.39,793.41,0.33809,0.11051,0.026432,0.25987,0.10717,0.020736,0.22127,0.10461,0.017472,251,249,249,213,208,203,161,164,168,255,255,255,195,180,167,226,221,219,0.54435,0.53846,0.53615
1,3.4101e+05,-2.52,12.395,195,800,-2.5076,12.227,186.02,727.12,0.26233,0.12618,0.02496,0.22746,0.12247,0.021248,0.2106,0.11732,0.019072,252,250,249,207,204,200,163,166,169,255,255,255,221,205,189,247,239,233,0.54117,0.53771,0.53818
1,3.4111e+05,-2.6,12.395,195,800,-2.6063,12.248,187.11,771.44,0.30671,0.12008,0.028288,0.26359,0.11566,0.023424,0.23606,0.11013,0.02016,247,248,249,193,192,193,176,173,170,255,255,255,255,240,217,255,254,250,0.54906,0.54117,0.53835
1,3.4121e+05,-2.68,12.395,195,800,-2.6763,12.252,185.74,703.23,0.29835,0.11852,0.026816,0.26052,0.11338,0.023104,0.22968,0.11049,0.019904,251,250,249,188,190,192,174,174,173,255,255,255,242,225,207,254,255,255,0.53996,0.53614,0.53667
1,3.4131e+05,-2.76,12.395,195,800,-2.758,12.23,186.33,990.48,0.24059,0.12134,0.022464,0.22396,0.11464,0.019712,0.2081,0.1093,0.017856,253,250,249,189,192,192,178,175,172,255,255,255,204,199,194,254,255,255,0.53239,0.5369,0.5372
1,3.4141e+05,-2.84,12.395,195,800,-2.8365,12.24,185.41,863.42,0.30456,0.11779,0.026752,0.27514,0.11439,0.023616,0.26126,0.10704,0.020992,247,249,248,177,186,194,166,167,167,255,255,255,167,171,179,255,254,253,0.53598,0.53833,0.54098
1,3.4151e+05,-2.92,12.395,195,800,-2.9055,12.242,186.44,695.93,0.27873,0.1246,0.02656,0.26057,0.11913,0.024,0.24992,0.11446,0.021824,247,247,247,175,185,196,156,160,164,255,255,255,179,179,181,252,251,251,0.54018,0.54383,0.54319
1,3.4161e+05,-3,12.395,195,800,-2.9904,12.253,153.23,703.44,0.27299,0.12546,0.02624,0.25338,0.11801,0.022784,0.2313,0.11695,0.0208,242,242,243,212,208,203,159,160,162,255,255,255,194,193,192,242,245,248,0.44436,0.46108,0.47155
1,3.4463e+05,-3,12.488,195,800,-2.9405,12.34,0.71404,818.45,0,0,0,0,0,0,0,0,0,239,240,241,210,208,205,161,161,165,255,255,255,184,188,191,239,242,246,0.4899,0.47825,0.47821
1,3.4473e+05,-2.92,12.488,195,800,-2.8896,12.354,187.63,890.07,0.2602,0.11321,0.020864,0.24391,0.11097,0.018944,0.23953,0.1008,0.017024,247,245,243,215,209,201,169,169,168,255,255,255,163,170,177,255,252,250,0.5492,0.54605,0.54342
1,3.4483e+05,-2.84,12.488,195,800,-2.793,12.334,186.44,942.92,0.28031,0.11968,0.024,0.19625,0.1146,0.017344,0.17888,0.11148,0.015424,246,244,244,212,205,199,177,173,170,255,255,255,156,161,171,255,254,251,0.55161,0.54368,0.54095
1,3.4493e+05,-2.76,12.488,195,800,-2.7241,12.315,187.22,780.15,0.26883,0.15212,0.031104,0.25483,0.14456,0.027968,0.24263,0.14015,0.025408,241,244,245,203,197,192,170,175,176,255,255,255,156,165,173,255,254,251,0.53475,0.53578,0.53616
1,3.4503e+05,-2.68,12.488,195,800,-2.6562,12.333,186.69,637.58,0.35055,0.14516,0.039168,0.3141,0.13501,0.032896,0.28767,0.1262,0.027904,246,245,245,192,192,192,178,177,177,255,255,255,175,177,178,255,254,250,0.53364,0.53766,0.53527
1,3.4513e+05,-2.6,12.488,195,800,-2.5893,12.34,187.32,854.63,0.42029,0.12199,0.03744,0.36697,0.11168,0.029568,0.31023,0.10852,0.02464,245,246,247,189,193,195,179,177,176,255,255,255,187,186,183,255,253,248,0.52687,0.5289,0.53189
1,3.4523e+05,-2.52,12.488,195,800,-2.4992,12.337,187.64,1032,0.31147,0.12794,0.029888,0.27158,0.1205,0.02464,0.23783,0.11716,0.021056,244,246,248,202,201,200,167,170,173,255,255,255,150,160,164,238,242,239,0.53091,0.52616,0.53011
1,3.4533e+05,-2.44,12.488,195,800,-2.4344,12.357,188.44,850.99,0.33398,0.13717,0.035392,0.30366,0.13119,0.030464,0.28477,0.12305,0.0272,246,248,249,203,200,200,174,172,171,255,255,255,135,143,149,235,235,231,0.52726,0.53556,0.53472
1,3.4543e+05,-2.36,12.488,195,800,-2.3549,12.354,186.98,808.67,0.38684,0.11433,0.031808,0.33105,0.10832,0.025472,0.28879,0.10339,0.02112,254,251,249,196,196,197,182,176,172,255,255,255,109,114,118,218,213,207,0.53736,0.53206,0.53228
1,3.4553e+05,-2.28,12.488,195,800,-2.2519,12.32,186.86,1112.8,0.28755,0.13573,0.030272,0.25925,0.13192,0.026624,0.24461,0.12523,0.02368,251,250,249,201,197,196,184,178,174,255,255,255,98,101,106,199,196,195,0.51831,0.52792,0.53121
1,3.4563e+05,-2.2,12.488,195,800,-2.1809,12.333,186.91,987.95,0.33289,0.12769,0.030784,0.28893,0.12292,0.023872,0.23397,0.11631,0.018944,248,249,248,207,203,197,184,182,178,255,255,253,84,88,90,173,177,179,0.53686,0.5312,0.5311
1,3.4573e+05,-2.12,12.488,195,800,-2.0949,12.315,186.24,979.98,0.27808,0.12748,0.027264,0.25151,0.12062,0.023552,0.22961,0.1143,0.020352,241,245,247,191,191,190,189,186,180,248,246,241,83,86,88,175,176,173,0.51248,0.52417,0.52936
1,3.4583e+05,-2.04,12.488,195,800,-2.0376,12.33,186.75,589.27,0.27516,0.13672,0.028736,0.25302,0.13035,0.025344,0.23515,0.12163,0.022272,242,244,246,174,180,187,189,184,179,234,232,229,89,89,89,166,172,170,0.51372,0.52247,0.52857
1,3.4593e+05,-1.96,12.488,195,800,-1.9443,12.326,186.26,947.63,0.30704,0.12757,0.030016,0.27059,0.12109,0.02528,0.23906,0.11692,0.021632,240,245,246,181,182,184,174,174,174,193,196,200,85,91,88,147,154,156,0.53653,0.53187,0.52953
1,3.4603e+05,-1.88,12.488,195,800,-1.8721,12.326,186.62,1034.3,0.28569,0.1313,0.029376,0.26248,0.12334,0.025216,0.24152,0.11738,0.022272,245,246,246,187,187,187,167,169,171,178,181,186,78,82,83,137,143,148,0.52251,0.52236,0.52923
1,3.4613e+05,-1.8,12.488,195,800,-1.7936,12.342,185.46,1036.5,0.41045,0.12604,0.037632,0.32735,0.11847,0.028544,0.27675,0.1123,0.022976,245,246,246,196,195,193,168,168,168,153,159,165,61,64,67,135,135,138,0.51621,0.52831,0.53153
1,3.4623e+05,-1.72,12.488,195,800,-1.7172,12.337,185.69,776.15,0.30991,0.12296,0.02944,0.27612,0.11653,0.024448,0.24379,0.11018,0.020672,245,245,245,207,202,195,168,170,171,146,149,154,55,57,59,148,145,144,0.5362,0.53386,0.53328
1,3.4633e+05,-1.64,12.488,195,800,-1.6429,12.342,185.86,930.55,0.3066,0.11861,0.026304,0.25337,0.11189,0.021504,0.21746,0.10562,0.017664,246,246,246,212,204,197,170,172,173,149,150,153,61,60,59,161,155,149,0.53786,0.53537,0.53335
1,3.4643e+05,-1.56,12.488,195,800,-1.5644,12.332,186.81,1179.8,0.27459,0.11611,0.024384,0.24542,0.11099,0.020608,0.22312,0.10717,0.01824,251,251,250,208,203,198,178,179,177,161,157,155,68,63,60,169,163,155,0.52988,0.53497,0.5366
1,3.4653e+05,-1.48,12.488,195,800,-1.505,12.349,185.52,654.31,0.30746,0.12116,0.02784,0.27118,0.11287,0.023424,0.24796,0.10911,0.020352,253,252,251,201,200,198,181,179,178,162,158,156,62,61,60,163,158,153,0.52938,0.53122,0.53363
1,3.4663e+05,-1.4,12.488,195,800,-1.4138,12.345,185.26,620.59,0.35506,0.1177,0.030912,0.31007,0.11267,0.02592,0.27345,0.10607,0.022016,253,251,250,188,195,201,175,175,175,152,155,157,58,58,59,149,143,142,0.51955,0.53082,0.5324
1,3.4673e+05,-1.32,12.488,195,800,-1.3352,12.352,185.59,669.96,0.26099,0.11772,0.023168,0.24061,0.11111,0.020288,0.21519,0.1059,0.017088,248,247,247,216,207,205,170,169,171,158,157,159,63,63,62,127,128,132,0.5449,0.53628,0.53517
1,3.4683e+05,-1.24,12.488,195,800,-1.2419,12.328,187.16,861.15,0.26657,0.13298,0.026496,0.2355,0.12389,0.022144,0.20483,0.11847,0.018688,244,244,246,217,210,207,166,169,170,158,159,160,69,66,64,125,126,129,0.5212,0.53441,0.53574
1,3.4693e+05,-1.16,12.488,195,800,-1.1644,12.337,186.28,1077.1,0.32967,0.1381,0.031296,0.28491,0.12887,0.025408,0.25442,0.11855,0.021376,241,244,246,202,205,210,171,171,170,159,160,161,69,67,65,136,131,129,0.52658,0.53047,0.53502
1,3.4703e+05,-1.08,12.488,195,800,-1.0891,12.328,185.76,1039.1,0.26351,0.11824,0.023872,0.24037,0.11395,0.021248,0.2211,0.1094,0.018688,246,246,247,205,206,210,173,172,170,157,159,160,66,64,63,139,133,130,0.50767,0.53156,0.53781
1,3.4713e+05,-1,12.488,195,800,-1.0116,12.339,186.33,839.64,0.28033,0.11011,0.023296,0.25323,0.10086,0.019136,0.22583,0.096068,0.016192,249,249,248,214,211,208,168,169,169,151,150,151,56,57,59,139,136,133,0.54427,0.53748,0.53859
1,3.4723e+05,-0.92,12.488,195,800,-0.9257,12.332,184.72,1000.1,0.27182,0.12931,0.02624,0.25482,0.12154,0.023168,0.23631,0.11878,0.020736,246,248,250,193,197,202,162,164,167,134,137,141,57,57,58,152,143,137,0.5415,0.53669,0.5375
1,3.4733e+05,-0.84,12.488,195,800,-0.83657,12.324,186.03,882.42,0.35091,0.11549,0.02816,0.30018,0.11196,0.022976,0.25721,0.10826,0.019456,251,251,251,182,193,203,163,164,167,132,134,137,61,58,57,152,146,139,0.52844,0.53501,0.53642
1,3.4743e+05,-0.76,12.488,195,800,-0.77292,12.333,186,1033.4,0.29268,0.11443,0.024384,0.24631,0.11053,0.020224,0.22248,0.10609,0.017344,255,254,253,214,211,208,164,167,169,134,133,132,53,53,53,152,148,145,0.53571,0.53524,0.53743
1,3.4753e+05,-0.68,12.488,195,800,-0.68804,12.35,187.13,917.31,0.27381,0.11756,0.023808,0.23718,0.112,0.019648,0.21174,0.10469,0.016832,254,254,254,222,218,214,168,171,173,131,129,130,49,49,51,149,150,148,0.53843,0.54015,0.54019
1,3.4763e+05,-0.6,12.488,195,800,-0.61801,12.352,185.86,761.23,0.27869,0.12307,0.025536,0.26561,0.11445,0.02208,0.23458,0.11201,0.01952,254,254,253,224,219,213,184,182,179,116,120,124,45,46,48,158,156,152,0.53966,0.53936,0.53993
1,3.4773e+05,-0.52,12.488,195,800,-0.53738,12.335,185.48,864.93,0.30878,0.12665,0.028864,0.27907,0.12018,0.025152,0.2582,0.11339,0.021824,254,252,251,204,208,208,184,184,183,117,118,120,44,45,47,175,167,158,0.53887,0.53799,0.53772
1,3.4783e+05,-0.44,12.488,195,800,-0.47053,12.342,186.41,731.61,0.28462,0.12879,0.027712,0.25318,0.11848,0.022912,0.22859,0.11442,0.02016,252,250,250,200,202,204,178,181,183,117,118,121,44,45,47,186,173,160,0.53978,0.53989,0.54061
1,3.4793e+05,-0.36,12.488,195,800,-0.38247,12.337,185.74,965,0.3584,0.11987,0.032064,0.3236,0.11158,0.026816,0.29566,0.10352,0.022912,242,246,249,190,194,200,179,179,179,122,121,124,46,46,48,181,172,163,0.54002,0.53949,0.54005
1,3.4803e+05,-0.28,12.488,195,800,-0.3029,12.334,185.62,963.32,0.28535,0.12062,0.025728,0.25547,0.11178,0.021568,0.23573,0.10889,0.019136,245,248,249,189,195,201,177,176,176,121,122,125,46,47,48,172,169,163,0.53836,0.53474,0.53658
1,3.4813e+05,-0.2,12.488,195,800,-0.23817,12.344,185.07,707.76,0.34157,0.11833,0.028224,0.244,0.1163,0.021568,0.21146,0.11461,0.01888,247,250,251,215,209,206,169,167,170,121,122,126,47,47,48,162,160,158,0.54586,0.53564,0.53886
1,3.4823e+05,-0.12,12.488,195,800,-0.1395,12.348,185.69,987.14,0.25172,0.12835,0.024384,0.22774,0.12122,0.020928,0.20585,0.1164,0.018496,250,250,251,205,210,210,164,166,168,122,123,126,44,46,49,149,150,151,0.53661,0.54555,0.54282
1,3.4833e+05,-0.04,12.488,195,800,-0.054622,12.329,186,944.04,0.34755,0.12417,0.03264,0.31057,0.1176,0.028032,0.28485,0.11263,0.024256,247,249,251,204,208,210,167,168,171,123,123,126,46,47,50,148,145,147,0.53462,0.53737,0.53806
1,3.4843e+05,0.04,12.488,195,800,0.007976,12.329,185.61,961.59,0.29686,0.12149,0.026752,0.24453,0.11742,0.02176,0.2175,0.11357,0.019136,253,251,250,209,210,210,179,178,175,122,125,129,49,51,52,133,139,143,0.53393,0.53244,0.53512
1,3.4853e+05,0.12,12.488,195,800,0.11408,12.319,186.8,858.32,0.29544,0.11702,0.025408,0.25946,0.10602,0.020288,0.22943,0.10261,0.017216,253,251,249,213,211,208,181,178,174,126,127,131,52,52,53,139,139,139,0.52431,0.53656,0.53765
1,3.4863e+05,0.2,12.488,195,800,0.17455,12.342,185.71,885.16,0.26382,0.12015,0.024,0.22457,0.11381,0.019648,0.19448,0.11264,0.01728,242,245,246,198,203,206,165,166,168,136,134,135,56,55,55,131,131,132,0.54262,0.53989,0.53949
1,3.4873e+05,0.28,12.488,195,800,0.24033,12.335,185.17,529.31,0.25035,0.12209,0.023744,0.22305,0.11743,0.020416,0.21253,0.11118,0.018432,250,248,246,202,205,206,162,164,167,136,137,138,55,55,54,121,121,122,0.53909,0.54189,0.54082
1,3.4883e+05,0.36,12.488,195,800,0.32946,12.328,187.16,722.7,0.31394,0.11968,0.028288,0.27518,0.11558,0.024384,0.24649,0.11143,0.020608,255,250,247,214,209,206,172,169,167,137,136,137,54,54,54,125,120,119,0.55478,0.5431,0.54314
1,3.4893e+05,0.44,12.488,195,800,0.40267,12.334,186.52,816.83,0.351,0.10877,0.02784,0.29716,0.10585,0.022272,0.24001,0.1045,0.018112,250,251,251,218,210,202,166,166,166,130,132,135,53,52,52,121,118,116,0.53794,0.54628,0.54684
1,3.4903e+05,0.52,12.488,195,800,0.48012,12.344,184.84,875.02,0.27334,0.11274,0.023296,0.23868,0.10963,0.020096,0.21566,0.10356,0.017216,254,253,252,204,200,198,159,161,164,129,130,133,52,52,52,119,116,114,0.54536,0.54581,0.54716
1,3.4913e+05,0.6,12.488,195,800,0.55651,12.35,185.36,797.69,0.30554,0.12933,0.02912,0.27539,0.12059,0.02496,0.2538,0.1144,0.02208,254,253,253,181,185,191,165,163,162,128,130,135,53,53,53,111,112,114,0.53604,0.54528,0.54701
1,3.4923e+05,0.68,12.488,195,800,0.63184,12.347,185.56,520.12,0.31635,0.12621,0.030208,0.27408,0.12066,0.025408,0.25398,0.11456,0.022208,249,250,250,185,188,192,167,169,168,140,140,141,56,56,57,106,111,113,0.55195,0.5473,0.54575
1,3.4933e+05,0.76,12.488,195,800,0.71778,12.345,186.98,690.7,0.3234,0.11415,0.026944,0.2806,0.111,0.022912,0.24584,0.10654,0.019456,246,247,248,184,188,192,174,172,170,149,146,143,61,59,59,107,109,112,0.54603,0.54459,0.54433
1,3.4943e+05,0.84,12.488,195,800,0.80266,12.328,186.13,897.77,0.29136,0.12611,0.028032,0.25861,0.11883,0.02368,0.2344,0.1156,0.020992,242,245,247,174,178,184,175,177,176,148,146,145,63,66,66,102,106,110,0.54548,0.54458,0.54606
1,3.4953e+05,0.92,12.488,195,800,0.85996,12.342,185.36,1145,0.31183,0.1153,0.026496,0.27493,0.1072,0.021632,0.23913,0.10462,0.018432,247,245,246,160,170,181,183,180,177,143,145,146,70,69,68,105,107,111,0.54265,0.54346,0.54395
1,3.4963e+05,1,12.488,195,800,0.95651,12.339,185.08,1074.2,0.28826,0.11726,0.025024,0.25682,0.10961,0.021248,0.23756,0.10482,0.018944,245,246,248,172,174,180,182,182,178,155,149,145,74,73,72,108,112,115,0.53757,0.54371,0.54377
1,3.4973e+05,1.08,12.488,195,800,1.0202,12.335,186.9,620.99,0.27897,0.11506,0.023552,0.23908,0.10987,0.019456,0.20743,0.10905,0.017216,246,248,249,186,192,193,172,173,173,146,145,144,87,77,70,110,116,121,0.54196,0.54208,0.54309
1,3.4983e+05,1.16,12.488,195,800,1.1093,12.344,185.32,786.44,0.35866,0.1128,0.028672,0.33293,0.10832,0.02432,0.2913,0.10229,0.020288,250,250,250,212,204,200,165,167,169,139,141,143,76,73,69,111,118,125,0.54986,0.54454,0.54308
1,3.4993e+05,1.24,12.488,195,800,1.1942,12.325,187.85,811.04,0.29874,0.11827,0.025728,0.2493,0.11108,0.0208,0.21894,0.10905,0.017984,252,253,252,221,212,204,162,161,163,141,140,142,59,61,62,120,128,133,0.5425,0.54171,0.54092
1,3.5003e+05,1.32,12.488,195,800,1.2599,12.329,186.44,789.53,0.29772,0.12468,0.027072,0.2655,0.11862,0.023296,0.23953,0.11489,0.0208,253,253,253,202,204,202,159,159,162,138,141,144,59,59,60,123,133,138,0.55413,0.54183,0.54091
1,3.5013e+05,1.4,12.488,195,800,1.3523,12.337,187.02,1143.9,0.21558,0.12735,0.020608,0.19717,0.12332,0.018368,0.18091,0.11615,0.016128,255,254,252,200,197,197,159,164,168,149,148,148,59,58,57,138,143,145,0.53883,0.54038,0.5402
1,3.5023e+05,1.48,12.488,195,800,1.4276,12.35,185.34,981.79,0.27504,0.11844,0.024576,0.24614,0.11087,0.020544,0.20275,0.10929,0.016896,250,250,250,198,198,195,180,179,176,142,144,146,54,55,55,138,147,151,0.53622,0.53973,0.53948
1,3.5033e+05,1.56,12.488,195,800,1.5008,12.332,186.52,657.01,0.2355,0.12877,0.023168,0.21913,0.12212,0.020608,0.20395,0.117,0.018624,245,247,249,199,196,195,179,181,180,131,136,141,53,54,55,144,150,154,0.5374,0.53571,0.5377
1,3.5043e+05,1.64,12.488,195,800,1.5889,12.335,186.69,741.3,0.32906,0.12276,0.02944,0.30549,0.11356,0.024512,0.27207,0.10843,0.021504,244,246,248,197,196,197,184,183,182,124,126,130,57,56,55,156,160,163,0.54019,0.53948,0.53834
1,3.5053e+05,1.72,12.488,195,800,1.661,12.332,188,881.57,0.34692,0.11355,0.02784,0.29963,0.10794,0.022464,0.25268,0.1034,0.018752,246,247,248,199,200,200,189,186,183,124,125,128,58,57,56,164,167,168,0.53392,0.53747,0.5383
1,3.5063e+05,1.8,12.488,195,800,1.7385,12.337,187.74,1071.6,0.29522,0.12327,0.02816,0.2714,0.11611,0.024192,0.24742,0.11355,0.021696,250,250,249,218,211,204,182,183,182,130,129,128,66,63,61,182,184,183,0.5349,0.53336,0.53493
1,3.5073e+05,1.88,12.488,195,800,1.8159,12.329,187.62,1145.1,0.34315,0.11982,0.029376,0.27645,0.11277,0.022848,0.23071,0.11084,0.018816,250,251,250,206,208,205,173,174,175,140,134,132,71,70,67,227,216,208,0.53166,0.53773,0.5354
1,3.5083e+05,1.96,12.488,195,800,1.8997,12.334,186.19,711.83,0.30914,0.13308,0.0304,0.27667,0.12666,0.02592,0.24913,0.12435,0.022912,252,251,250,215,208,203,170,170,170,134,134,133,72,70,68,239,230,220,0.5243,0.53137,0.5325
1,3.5093e+05,2.04,12.488,195,800,1.9676,12.352,186.98,1037.5,0.29025,0.1299,0.028928,0.26836,0.11746,0.024192,0.24858,0.11373,0.021824,249,248,249,213,209,205,164,164,165,132,131,133,68,67,68,236,239,238,0.53981,0.53343,0.53249
1,3.5103e+05,2.12,12.488,195,800,2.0366,12.358,188.37,581.82,0.29384,0.13662,0.02912,0.25136,0.13186,0.02464,0.22859,0.12522,0.021696,247,247,248,202,208,206,167,165,164,130,131,134,65,67,68,242,240,242,0.5262,0.53101,0.53096
1,3.5113e+05,2.2,12.488,195,800,2.1215,12.342,187.75,794.98,0.31781,0.12799,0.030336,0.28795,0.11885,0.0256,0.27008,0.10819,0.0224,250,249,248,214,212,208,162,167,168,136,138,140,75,72,71,236,240,244,0.527,0.5295,0.52783
1,3.5123e+05,2.28,12.488,195,800,2.2127,12.329,187.06,880.39,0.28474,0.11107,0.022336,0.23264,0.10498,0.017984,0.18613,0.10501,0.015232,244,245,247,212,206,201,181,174,173,158,152,148,84,80,81,237,241,243,0.53022,0.52972,0.52677
1,3.5133e+05,2.36,12.488,195,800,2.2796,12.356,186.71,817.39,0.29451,0.13217,0.028352,0.27587,0.11866,0.024576,0.25518,0.11418,0.021824,236,243,247,193,197,199,170,177,177,155,153,150,91,90,88,238,239,241,0.52598,0.52472,0.52512
1,3.5143e+05,2.44,12.488,195,800,2.3507,12.359,185.83,841.24,0.25126,0.11508,0.020608,0.1959,0.11218,0.016256,0.1708,0.11086,0.014144,247,247,248,189,193,196,201,190,181,150,148,150,116,108,102,220,225,228,0.52656,0.52252,0.52303
1,3.5153e+05,2.52,12.488,195,800,2.4302,12.356,185.98,843.59,0.25163,0.11548,0.021824,0.22304,0.11131,0.018688,0.19332,0.10933,0.016256,251,251,250,201,199,198,200,191,180,148,149,151,113,112,108,202,212,216,0.5174,0.52428,0.52299
1,3.5163e+05,2.6,12.488,195,800,2.5225,12.347,186.01,944.81,0.24934,0.12616,0.023808,0.22055,0.12339,0.020736,0.20232,0.1155,0.018048,255,253,251,199,200,200,166,171,174,159,154,153,125,119,116,163,175,183,0.51738,0.51757,0.51834
1,3.5173e+05,2.68,12.488,195,800,2.5989,12.329,186.41,697.25,0.2716,0.12366,0.025728,0.24443,0.11761,0.022144,0.2251,0.11068,0.019456,249,249,249,199,195,194,168,167,168,159,157,159,118,122,119,155,154,159,0.52008,0.51812,0.51894
1,3.5183e+05,2.76,12.488,195,800,2.6753,12.348,185.55,869.84,0.3043,0.12099,0.027712,0.27301,0.11364,0.023616,0.23931,0.10802,0.019776,246,247,249,190,191,190,167,168,168,164,162,162,121,122,119,151,153,159,0.5255,0.52401,0.52421
1,3.5193e+05,2.84,12.488,195,800,2.7581,12.332,186.12,1256.7,0.29457,0.12602,0.02848,0.27082,0.1188,0.025024,0.25014,0.11385,0.022208,249,249,250,192,192,191,171,167,165,178,173,171,123,119,116,155,171,178,0.52717,0.53135,0.53606
1,3.5203e+05,2.92,12.488,195,800,2.8207,12.349,185.67,662.66,0.35328,0.11876,0.031808,0.30773,0.11265,0.026496,0.27661,0.10726,0.022656,254,252,251,212,200,192,164,164,163,180,177,175,120,118,116,177,188,189,0.55846,0.55814,0.55769
1,3.5213e+05,3,12.488,195,800,2.896,12.353,153.48,675.95,0.30702,0.11494,0.026688,0.26798,0.10805,0.022208,0.23944,0.10391,0.01888,255,255,254,205,204,199,153,156,159,189,183,179,126,122,116,194,201,202,0.48525,0.48776,0.48882
1,3.5515e+05,3,12.581,195,800,2.861,12.431,0.078442,834.67,0,0,0,0,0,0,0,0,0,253,253,253,191,192,194,154,154,157,164,168,172,103,105,109,189,185,181,0.50922,0.49924,0.48824
1,3.5525e+05,2.92,12.581,195,800,2.7931,12.437,185.98,866.72,0.29676,0.10609,0.019968,0.26693,0.10458,0.017792,0.24716,0.10216,0.015552,248,250,251,175,179,185,155,160,161,167,170,171,100,105,110,212,193,174,0.5569,0.55831,0.55932
1,3.5535e+05,2.84,12.581,195,800,2.722,12.435,187.33,975.59,0.21974,0.13206,0.022912,0.20604,0.12733,0.020672,0.20064,0.1226,0.019264,248,247,249,169,176,183,172,164,162,174,170,169,110,110,113,214,183,166,0.53288,0.53544,0.53538
1,3.5545e+05,2.76,12.581,195,800,2.6445,12.434,187.84,989.09,0.29339,0.14614,0.033536,0.27542,0.14006,0.03008,0.24903,0.13701,0.026688,242,244,247,188,185,184,161,163,164,157,160,162,134,126,119,140,146,152,0.51792,0.52523,0.52507
1,3.5555e+05,2.68,12.581,195,800,2.5841,12.416,187.76,888.84,0.36768,0.12213,0.034048,0.32429,0.11131,0.027136,0.27633,0.10839,0.022208,246,245,247,188,187,187,163,161,164,149,153,159,142,126,119,143,143,150,0.51209,0.51665,0.51761
1,3.5565e+05,2.6,12.581,195,800,2.496,12.425,186.61,772.43,0.29025,0.12588,0.02784,0.2631,0.11584,0.023552,0.24327,0.11094,0.020608,248,248,248,191,189,190,169,168,170,145,148,152,111,115,117,179,173,171,0.50516,0.51449,0.51778
1,3.5575e+05,2.52,12.581,195,800,2.4016,12.437,187.62,812.51,0.29904,0.12353,0.027264,0.27626,0.11326,0.022976,0.2423,0.11078,0.020096,246,247,247,178,184,188,176,179,178,136,143,152,107,108,109,220,211,204,0.5228,0.51971,0.51966
1,3.5585e+05,2.44,12.581,195,800,2.3538,12.401,187.49,975.66,0.30887,0.1344,0.028864,0.26043,0.12465,0.023744,0.23432,0.11444,0.020096,245,246,246,181,182,186,178,179,179,140,145,153,95,100,104,232,225,219,0.52667,0.52682,0.52588
1,3.5595e+05,2.36,12.581,195,800,2.27,12.434,186.68,656.59,0.33869,0.12117,0.031104,0.31239,0.11248,0.026944,0.28003,0.1064,0.022784,244,245,245,184,187,188,182,180,179,153,155,155,83,88,91,245,241,236,0.52865,0.52905,0.52744
1,3.5605e+05,2.28,12.581,195,800,2.1883,12.429,186.7,652.25,0.37406,0.11703,0.032384,0.34823,0.10827,0.027584,0.31456,0.10632,0.024384,247,245,246,194,188,189,186,179,176,152,153,153,78,83,85,245,244,240,0.52561,0.52818,0.52853
1,3.5615e+05,2.2,12.581,195,800,2.096,12.435,187.01,1110.7,0.28438,0.12482,0.026688,0.2417,0.1206,0.022592,0.22207,0.11689,0.019968,247,247,247,173,186,195,168,172,174,134,139,144,68,72,76,250,245,240,0.5311,0.52916,0.52875
1,3.5625e+05,2.12,12.581,195,800,2.0217,12.437,186.03,1075.5,0.28665,0.11597,0.024704,0.24658,0.11031,0.0208,0.22162,0.10713,0.018112,241,246,248,196,193,195,157,166,170,132,135,136,64,67,70,235,236,234,0.53102,0.53101,0.53136
1,3.5635e+05,2.04,12.581,195,800,1.9538,12.42,186.83,787.22,0.31796,0.11949,0.027712,0.29033,0.11572,0.02464,0.26618,0.11014,0.021696,245,248,249,191,192,195,162,166,169,133,135,136,65,68,69,232,229,228,0.5348,0.53361,0.53258
1,3.5645e+05,1.96,12.581,195,800,1.8732,12.421,186.17,950.16,0.3628,0.11514,0.02912,0.30346,0.11121,0.023808,0.25715,0.1062,0.01984,248,249,248,183,186,193,177,175,171,132,133,133,75,73,68,206,210,211,0.53871,0.53659,0.53468
1,3.5655e+05,1.88,12.581,195,800,1.7947,12.428,186.47,819.51,0.27659,0.11228,0.0224,0.23757,0.10715,0.018688,0.20871,0.1036,0.015552,248,247,247,184,189,195,182,178,175,127,129,131,75,70,66,193,197,200,0.54188,0.53733,0.53517
1,3.5665e+05,1.8,12.581,195,800,1.7194,12.421,186.81,866.54,0.27014,0.11446,0.023488,0.23412,0.11306,0.02048,0.21759,0.10764,0.018048,243,244,246,204,202,200,182,182,179,124,127,129,54,58,60,177,178,181,0.53335,0.53586,0.5357
1,3.5675e+05,1.72,12.581,195,800,1.643,12.407,187.89,971.77,0.3033,0.12637,0.029376,0.26524,0.12174,0.02464,0.228,0.11786,0.020992,250,248,246,197,197,198,179,179,179,129,129,131,50,52,55,177,172,169,0.54245,0.54139,0.53816
1,3.5685e+05,1.64,12.581,195,800,1.5666,12.419,185.98,976.26,0.32364,0.11844,0.027072,0.26921,0.10959,0.021824,0.23547,0.10706,0.018752,251,249,247,184,189,195,177,177,178,130,132,134,51,52,54,174,170,166,0.54428,0.54128,0.54037
1,3.5695e+05,1.56,12.581,195,800,1.4912,12.428,185.89,979.38,0.29137,0.11551,0.024448,0.2516,0.11204,0.020032,0.20777,0.10862,0.016896,251,250,249,185,191,195,183,179,177,153,151,148,53,53,55,171,166,161,0.54561,0.54121,0.54025
1,3.5705e+05,1.48,12.581,195,800,1.3841,12.428,184.77,1105.6,0.30834,0.12527,0.028992,0.2771,0.11693,0.024576,0.25567,0.11223,0.02144,251,251,250,200,199,197,182,180,177,168,162,152,54,54,55,173,165,159,0.54257,0.53829,0.5389
1,3.5715e+05,1.4,12.581,195,800,1.3119,12.426,186.78,1070.2,0.32483,0.11384,0.025408,0.25107,0.10748,0.019456,0.20036,0.10715,0.016064,253,252,251,205,204,202,170,172,174,154,154,152,58,57,56,173,163,153,0.56711,0.54339,0.53991
1,3.5725e+05,1.32,12.581,195,800,1.2536,12.416,187,1069.6,0.26576,0.12012,0.024704,0.235,0.11689,0.021376,0.22017,0.10891,0.018496,251,252,252,210,209,208,166,167,170,143,143,145,59,58,58,159,151,144,0.53927,0.54078,0.5403
1,3.5735e+05,1.24,12.581,195,800,1.1645,12.429,187.17,817.84,0.31236,0.12267,0.028928,0.2824,0.11757,0.02496,0.25954,0.1124,0.021888,253,253,252,220,216,209,167,168,170,146,144,143,60,60,60,152,144,138,0.54461,0.54425,0.54255
1,3.5745e+05,1.16,12.581,195,800,1.0923,12.419,186.48,984.36,0.28208,0.11902,0.025984,0.26005,0.11283,0.022336,0.24056,0.10514,0.019328,255,254,252,206,207,204,171,172,173,144,144,144,72,70,67,131,129,130,0.53563,0.53949,0.54084
1,3.5755e+05,1.08,12.581,195,800,0.99258,12.428,186.35,876.99,0.28652,0.11012,0.023424,0.25653,0.10577,0.020288,0.23777,0.099687,0.017792,254,253,252,190,195,198,176,175,175,142,143,144,77,73,69,125,127,128,0.53435,0.54202,0.54362
1,3.5765e+05,1,12.581,195,800,0.93104,12.43,185.89,795.87,0.27483,0.11968,0.025216,0.25021,0.11483,0.022016,0.241,0.10674,0.019968,250,250,250,182,185,189,181,179,177,140,142,143,65,69,71,134,128,126,0.54128,0.54208,0.54189
1,3.5775e+05,0.92,12.581,195,800,0.85996,12.421,186.41,778.08,0.2362,0.12142,0.022272,0.21242,0.11716,0.019456,0.19389,0.11285,0.01728,252,250,248,197,194,192,168,171,175,141,142,145,78,72,69,129,123,122,0.5377,0.54609,0.54463
1,3.5785e+05,0.84,12.581,195,800,0.78038,12.421,186.38,793.91,0.22245,0.12367,0.02112,0.19867,0.11934,0.018176,0.1816,0.11215,0.015872,251,250,249,204,198,194,169,170,173,143,146,146,72,71,69,118,119,120,0.54815,0.54612,0.54311
1,3.5795e+05,0.76,12.581,195,800,0.69338,12.425,186.16,829.78,0.34055,0.11996,0.029312,0.26718,0.11688,0.022464,0.20903,0.11169,0.018432,252,250,250,199,198,194,171,170,169,153,150,146,60,63,64,122,120,118,0.54997,0.54432,0.54355
1,3.5805e+05,0.68,12.581,195,800,0.62548,12.426,186.31,794.5,0.31062,0.12524,0.030208,0.29177,0.11361,0.025664,0.27261,0.11081,0.022976,253,252,251,199,195,190,164,166,168,147,146,143,57,60,62,128,123,119,0.54305,0.54809,0.54673
1,3.5815e+05,0.6,12.581,195,800,0.54484,12.437,187.61,800.57,0.26222,0.12079,0.023424,0.22404,0.11764,0.020224,0.20653,0.11433,0.018304,254,253,252,171,177,184,158,160,163,131,132,135,56,57,58,119,121,122,0.54401,0.54521,0.54491
1,3.5825e+05,0.52,12.581,195,800,0.48436,12.407,186.6,722.29,0.27421,0.12351,0.025856,0.24259,0.11941,0.022272,0.22157,0.11582,0.019712,251,250,250,175,180,187,156,161,165,129,129,131,56,57,58,117,121,124,0.54453,0.54481,0.5445
1,3.5835e+05,0.44,12.581,195,800,0.3719,12.423,186.51,823.28,0.25227,0.12266,0.023296,0.22271,0.11543,0.019776,0.21126,0.10949,0.017536,248,248,248,190,190,191,165,167,167,132,132,132,58,58,58,119,122,124,0.54805,0.54718,0.54459
1,3.5845e+05,0.36,12.581,195,800,0.31036,12.415,188.23,655.6,0.28207,0.12423,0.025792,0.24227,0.11857,0.021568,0.22644,0.11292,0.01888,238,240,242,191,199,198,171,169,168,140,136,135,60,61,61,115,119,125,0.56436,0.5471,0.54432
1,3.5855e+05,0.28,12.581,195,800,0.21699,12.433,186.67,893.12,0.2719,0.11727,0.024384,0.25203,0.11504,0.022272,0.23517,0.11148,0.020032,231,236,241,205,201,198,160,166,169,135,136,136,66,63,62,112,119,127,0.5472,0.54298,0.54207
1,3.5865e+05,0.2,12.581,195,800,0.12999,12.454,187.07,908.08,0.25583,0.11662,0.023104,0.22298,0.11174,0.019328,0.19833,0.10944,0.017152,241,241,242,207,202,196,171,170,171,129,130,134,59,60,61,131,132,135,0.53622,0.53834,0.53786
1,3.5875e+05,0.12,12.581,195,800,0.062087,12.412,188.22,1052.1,0.26471,0.11048,0.022336,0.22661,0.10789,0.019008,0.20774,0.10351,0.016768,251,250,248,189,196,198,178,177,175,125,128,133,51,53,56,143,144,143,0.54276,0.53727,0.53585
1,3.5885e+05,0.04,12.581,195,800,0.000549,12.415,185.6,814.03,0.34068,0.12192,0.032,0.30696,0.1154,0.026752,0.27396,0.1108,0.02304,253,251,249,197,200,200,181,178,176,130,130,134,50,52,55,143,145,147,0.52312,0.5363,0.53822
1,3.5895e+05,-0.04,12.581,195,800,-0.089635,12.411,187.64,759.44,0.28304,0.11589,0.024384,0.24123,0.1088,0.020096,0.21525,0.10428,0.017408,253,252,251,217,208,202,171,173,174,131,131,133,58,53,52,140,146,149,0.53683,0.53578,0.53859
1,3.5905e+05,-0.12,12.581,195,800,-0.15754,12.418,187.8,588.97,0.24253,0.12768,0.024064,0.22579,0.11941,0.02112,0.2121,0.11571,0.019136,254,253,251,209,206,203,170,172,173,127,130,132,54,52,51,138,147,152,0.52813,0.53437,0.53766
1,3.5915e+05,-0.2,12.581,195,800,-0.24136,12.445,186.51,943.26,0.26076,0.11425,0.021504,0.21518,0.11135,0.018368,0.19931,0.10543,0.016384,254,253,250,206,206,203,169,171,173,126,127,129,47,49,50,149,155,158,0.55236,0.53814,0.53934
1,3.5925e+05,-0.28,12.581,195,800,-0.33791,12.44,187.16,930.57,0.29338,0.1209,0.0272,0.26203,0.11246,0.022848,0.23026,0.1101,0.019648,255,252,249,216,213,207,172,174,176,124,124,125,47,48,49,154,160,162,0.53329,0.53907,0.53894
1,3.5935e+05,-0.36,12.581,195,800,-0.39945,12.449,187.37,959.69,0.26225,0.11533,0.022016,0.22258,0.11154,0.018368,0.20282,0.10474,0.016384,254,251,249,218,215,209,180,179,178,120,121,124,46,48,49,148,157,162,0.51973,0.53534,0.53665
1,3.5945e+05,-0.44,12.581,195,800,-0.47371,12.42,187.34,849.9,0.26663,0.11493,0.023232,0.23357,0.10712,0.019136,0.21706,0.10118,0.017088,252,252,251,225,220,215,194,188,182,118,119,123,46,47,48,145,154,160,0.53407,0.539,0.53774
1,3.5955e+05,-0.52,12.581,195,800,-0.54799,12.419,186.78,854.33,0.30622,0.12901,0.029504,0.27557,0.12026,0.02528,0.25529,0.11678,0.022528,253,252,252,229,224,217,194,189,182,121,121,123,45,46,48,150,156,159,0.53993,0.54383,0.53934
1,3.5965e+05,-0.6,12.581,195,800,-0.63499,12.425,186.29,695.72,0.245,0.11906,0.022272,0.22915,0.10913,0.019392,0.21446,0.10662,0.017408,255,254,254,224,227,223,179,179,177,129,128,129,47,48,50,161,159,156,0.54445,0.53908,0.5382
1,3.5975e+05,-0.68,12.581,195,800,-0.72305,12.442,186.52,860.44,0.26875,0.12012,0.024576,0.24004,0.11271,0.021184,0.22589,0.10969,0.019136,255,255,254,230,231,224,172,171,172,135,135,135,52,52,53,151,152,152,0.5439,0.53613,0.53696
1,3.5985e+05,-0.76,12.581,195,800,-0.7952,12.424,187.72,984.75,0.2357,0.11789,0.02144,0.21196,0.11201,0.018304,0.19265,0.10888,0.01632,255,255,254,233,228,219,174,171,170,136,137,138,51,52,54,143,147,149,0.53258,0.53656,0.5365
1,3.5995e+05,-0.84,12.581,195,800,-0.86522,12.416,187.36,983.25,0.28929,0.10914,0.022912,0.25149,0.10636,0.019456,0.21688,0.10461,0.016768,255,254,252,196,203,208,169,172,172,137,140,144,51,52,54,130,137,144,0.53199,0.53657,0.53608
1,3.6005e+05,-0.92,12.581,195,800,-0.94904,12.419,186.68,974.82,0.20431,0.13239,0.020992,0.18292,0.12284,0.0176,0.17521,0.11457,0.015872,254,252,251,191,199,204,172,173,173,141,145,150,53,53,54,126,135,142,0.545,0.54078,0.53725
1,3.6015e+05,-1,12.581,195,800,-1.036,12.431,186.59,781.87,0.29097,0.12548,0.027648,0.26328,0.1182,0.024,0.24743,0.11081,0.021248,246,247,247,210,208,205,177,177,176,160,159,160,55,55,57,131,135,142,0.53957,0.53644,0.53712
1,3.6025e+05,-1.08,12.581,195,800,-1.1071,12.45,185.54,839.34,0.27856,0.11313,0.023744,0.23984,0.10988,0.020096,0.21961,0.10691,0.017856,245,245,246,207,207,205,176,176,175,162,164,166,63,64,65,133,140,144,0.54539,0.53649,0.53643
1,3.6035e+05,-1.16,12.581,195,800,-1.1697,12.414,187.12,873.07,0.26401,0.13872,0.027264,0.23532,0.13246,0.023104,0.21596,0.12594,0.020608,246,246,246,206,206,206,174,174,174,162,164,167,68,68,68,136,142,146,0.52795,0.53175,0.53564
1,3.6045e+05,-1.24,12.581,195,800,-1.2557,12.419,186.45,886.41,0.29742,0.12363,0.02688,0.2657,0.11714,0.022656,0.23182,0.1147,0.01952,248,247,247,209,211,208,168,169,170,168,166,164,63,66,67,144,148,153,0.53971,0.53384,0.53497
1,3.6055e+05,-1.32,12.581,195,800,-1.3437,12.42,187.9,754.99,0.27468,0.12422,0.025344,0.2274,0.1204,0.021184,0.20518,0.11383,0.018368,248,248,248,211,210,207,165,167,168,164,162,161,60,62,65,147,152,157,0.52591,0.52846,0.53375
1,3.6065e+05,-1.4,12.581,195,800,-1.4329,12.435,186.35,841.1,0.23856,0.11984,0.021952,0.21518,0.11301,0.01888,0.19682,0.11059,0.016896,252,252,251,199,202,205,162,165,168,153,155,156,58,59,61,150,162,171,0.536,0.53816,0.53565
1,3.6075e+05,-1.48,12.581,195,800,-1.47,12.421,186.8,783.46,0.26975,0.11808,0.023296,0.20476,0.11585,0.01856,0.18433,0.11275,0.016192,253,252,251,198,197,196,164,167,170,157,156,154,62,62,62,168,174,177,0.53439,0.53544,0.53389
1,3.6085e+05,-1.56,12.581,195,800,-1.5803,12.434,187.48,827.56,0.27307,0.1112,0.02272,0.21464,0.10866,0.017664,0.18337,0.10665,0.015168,250,250,249,182,188,193,166,169,171,153,153,153,62,63,63,167,173,175,0.54497,0.53542,0.53343
1,3.6095e+05,-1.64,12.581,195,800,-1.6642,12.445,185.77,916.48,0.25146,0.11437,0.021312,0.21899,0.10923,0.018048,0.19768,0.10757,0.016064,237,242,246,169,178,187,171,171,170,143,146,149,57,60,62,146,156,165,0.5335,0.53294,0.53297
1,3.6105e+05,-1.72,12.581,195,800,-1.7289,12.437,185.76,1145.6,0.26157,0.1077,0.020928,0.21727,0.10692,0.017984,0.19687,0.10387,0.015552,237,241,244,179,181,184,167,169,170,142,145,150,55,58,61,143,152,160,0.53799,0.53389,0.53288
1,3.6115e+05,-1.8,12.581,195,800,-1.8042,12.429,186.14,853.71,0.25345,0.1163,0.022592,0.23495,0.11123,0.019968,0.21589,0.10807,0.018048,241,244,246,181,182,183,171,171,170,166,166,165,59,62,66,152,158,162,0.5297,0.53666,0.53309
1,3.6125e+05,-1.88,12.581,195,800,-1.8965,12.435,186.06,722.29,0.2394,0.1173,0.021184,0.21288,0.11069,0.017728,0.19438,0.10702,0.015808,252,249,247,189,184,180,183,178,175,201,192,188,101,95,85,178,180,176,0.54668,0.52946,0.52975
1,3.6135e+05,-1.96,12.581,195,800,-1.9856,12.443,185.72,1070.7,0.26795,0.115,0.02304,0.22559,0.11236,0.019072,0.2028,0.10787,0.016832,247,249,247,187,184,179,180,181,178,195,201,203,138,112,91,201,195,183,0.52161,0.52819,0.53117
1,3.6145e+05,-2.04,12.581,195,800,-2.0684,12.434,187.61,1079.5,0.2234,0.11526,0.019712,0.18787,0.10876,0.015808,0.15999,0.10607,0.01344,254,250,248,180,180,183,188,185,181,238,233,230,98,98,94,208,200,190,0.52784,0.52902,0.53177
1,3.6155e+05,-2.12,12.581,195,800,-2.1565,12.448,186.91,1254.8,0.24137,0.10837,0.019328,0.20831,0.10591,0.016512,0.19085,0.10166,0.014336,253,251,249,178,182,185,187,184,181,252,248,242,82,87,91,194,193,189,0.52278,0.53191,0.53137
1,3.6165e+05,-2.2,12.581,195,800,-2.2233,12.434,187.71,1299.9,0.26133,0.11851,0.023616,0.20835,0.11695,0.019072,0.19503,0.10981,0.016896,249,250,250,180,185,191,174,175,177,255,255,254,84,86,90,186,188,189,0.52687,0.52996,0.52829
1,3.6175e+05,-2.28,12.581,195,800,-2.3007,12.444,186.61,1117,0.32642,0.11965,0.028224,0.28778,0.1147,0.023488,0.25783,0.10849,0.020288,248,250,250,181,184,190,168,170,173,255,255,255,95,95,100,204,204,205,0.5188,0.52743,0.52907
1,3.6185e+05,-2.36,12.581,195,800,-2.3612,12.414,186.55,933.19,0.31349,0.11734,0.02656,0.27968,0.10869,0.0224,0.24951,0.10276,0.019072,248,250,250,179,184,191,164,170,172,255,255,255,100,102,108,219,220,217,0.5258,0.52829,0.52918
1,3.6195e+05,-2.44,12.581,195,800,-2.4344,12.419,187.36,641.07,0.35432,0.11935,0.030528,0.33244,0.11124,0.026112,0.29878,0.10478,0.022208,253,251,249,190,194,195,173,173,172,255,255,255,120,120,128,239,240,237,0.54657,0.53223,0.52945
1,3.6205e+05,-2.52,12.581,195,800,-2.5257,12.421,186.16,760.31,0.22771,0.11668,0.020288,0.19926,0.11019,0.017024,0.18134,0.10654,0.015104,251,250,248,203,201,196,176,175,174,255,255,255,126,127,138,238,241,242,0.52114,0.52432,0.52535
1,3.6215e+05,-2.6,12.581,195,800,-2.5989,12.419,186.54,818.85,0.28671,0.11553,0.024256,0.24489,0.11185,0.020352,0.21977,0.10749,0.018112,247,246,245,200,195,192,185,180,176,255,255,255,133,137,149,234,240,244,0.53229,0.53031,0.52766
1,3.6225e+05,-2.68,12.581,195,800,-2.6848,12.425,186.94,1242.5,0.19844,0.11711,0.018048,0.17937,0.11059,0.015616,0.16859,0.10566,0.013888,244,241,240,184,184,187,175,175,175,255,255,255,141,142,150,237,240,244,0.52626,0.52817,0.53057
1,3.6235e+05,-2.76,12.581,195,800,-2.7495,12.411,187.63,695.37,0.27098,0.11693,0.024192,0.25109,0.11302,0.021376,0.23752,0.10507,0.01888,237,238,239,186,186,188,172,173,174,255,255,255,146,146,153,233,239,245,0.54974,0.53507,0.53258
1,3.6245e+05,-2.84,12.581,195,800,-2.8291,12.429,186.83,823.24,0.25837,0.11877,0.022784,0.22079,0.11495,0.01984,0.20853,0.11184,0.018112,240,238,240,195,200,199,179,173,170,255,255,255,181,174,170,243,246,248,0.53139,0.53914,0.53694
1,3.6255e+05,-2.92,12.581,195,800,-2.9246,12.452,187.08,811.46,0.25141,0.1178,0.022272,0.22365,0.11263,0.019328,0.20398,0.10871,0.01696,239,240,240,209,206,201,171,171,170,255,255,255,198,192,182,253,251,249,0.55094,0.54084,0.53913
1,3.6265e+05,-3,12.581,195,800,-2.9734,12.434,152.95,781.03,0.25249,0.11703,0.022336,0.20639,0.11606,0.01856,0.18926,0.11188,0.016384,240,239,240,191,193,197,166,169,170,255,255,255,218,205,197,255,252,248,0.44315,0.45825,0.46839
1,3.6567e+05,-3,12.674,195,800,-2.9607,12.533,0.66438,915.06,0,0,0,0,0,0,0,0,0,245,243,241,187,191,195,166,170,171,255,255,255,218,209,202,249,250,247,0.44029,0.45372,0.46379
1,3.6577e+05,-2.92,12.674,195,800,-2.8949,12.523,185.87,962.65,0.27091,0.10657,0.01824,0.25916,0.10186,0.015744,0.24115,0.099595,0.013952,241,240,239,210,203,196,169,169,169,255,255,255,190,191,188,253,251,249,0.54313,0.5401,0.53743
1,3.6587e+05,-2.84,12.674,195,800,-2.8037,12.507,185.78,840.32,0.21535,0.12922,0.021632,0.20303,0.12368,0.019584,0.19277,0.1155,0.017408,238,237,238,196,194,194,168,170,170,255,255,255,170,173,175,245,246,248,0.53296,0.53121,0.53135
1,3.6597e+05,-2.76,12.674,195,800,-2.7241,12.512,185.69,1060.1,0.29576,0.13694,0.031552,0.28232,0.12609,0.027328,0.26385,0.12012,0.024512,233,236,238,175,179,184,168,171,173,255,255,255,141,145,154,228,237,244,0.53833,0.53122,0.5295
1,3.6607e+05,-2.68,12.674,195,800,-2.6615,12.531,186.44,859.35,0.37443,0.12244,0.030784,0.2619,0.12154,0.022464,0.19786,0.12004,0.018304,237,238,239,172,178,183,170,173,175,255,255,255,139,142,151,232,237,243,0.52133,0.51848,0.52348
1,3.6617e+05,-2.6,12.674,195,800,-2.5904,12.525,187.31,822.77,0.28509,0.14286,0.031872,0.24496,0.13606,0.026048,0.21983,0.12823,0.021952,242,243,243,189,190,189,182,178,174,255,255,255,137,145,155,233,239,244,0.52893,0.52513,0.52531
1,3.6627e+05,-2.52,12.674,195,800,-2.5161,12.525,185.29,870.42,0.30782,0.1264,0.029568,0.2651,0.12088,0.024704,0.24274,0.11359,0.02144,250,249,247,205,198,194,174,172,171,255,255,255,126,139,149,239,242,243,0.52644,0.52497,0.52563
1,3.6637e+05,-2.44,12.674,195,800,-2.4206,12.52,185.82,750.02,0.29647,0.13117,0.030144,0.28111,0.12271,0.026752,0.26785,0.11534,0.023872,250,249,248,192,193,195,171,169,169,255,255,255,120,128,139,240,240,239,0.52187,0.52328,0.52499
1,3.6647e+05,-2.36,12.674,195,800,-2.3453,12.521,185.67,849.64,0.2563,0.11574,0.02144,0.20685,0.11243,0.0176,0.17593,0.11149,0.01536,249,250,250,181,185,192,168,168,169,255,255,255,101,106,115,205,214,218,0.52317,0.52851,0.52752
1,3.6657e+05,-2.28,12.674,195,800,-2.2753,12.516,185.88,963.75,0.21842,0.13255,0.022336,0.19792,0.12336,0.019392,0.18409,0.11968,0.017472,252,250,250,183,185,192,168,168,171,255,255,255,97,100,106,188,198,205,0.52765,0.52594,0.5273
1,3.6667e+05,-2.2,12.674,195,800,-2.1851,12.499,185.07,1027.2,0.3269,0.12555,0.031104,0.29153,0.11837,0.025984,0.27728,0.10954,0.022784,249,251,251,183,188,192,168,172,175,255,255,255,86,91,96,188,188,190,0.5306,0.52748,0.52945
1,3.6677e+05,-2.12,12.674,195,800,-2.1267,12.529,186.01,895.19,0.28955,0.13489,0.026176,0.22786,0.12468,0.021312,0.21171,0.11724,0.018496,251,250,249,186,187,187,175,177,178,252,248,243,80,86,93,183,191,193,0.52643,0.52817,0.52954
1,3.6687e+05,-2.04,12.674,195,800,-2.0281,12.516,186.6,849.85,0.33578,0.13936,0.032512,0.25204,0.12812,0.024128,0.22055,0.12135,0.020416,249,249,248,185,182,184,175,178,179,237,234,230,84,90,94,188,195,195,0.53168,0.53257,0.53236
1,3.6697e+05,-1.96,12.674,195,800,-1.9697,12.529,186.41,639.91,0.27435,0.15568,0.031104,0.25346,0.14411,0.027136,0.24003,0.1346,0.024064,248,248,248,178,178,178,178,179,178,195,201,203,104,97,88,200,199,190,0.52842,0.53118,0.53237
1,3.6707e+05,-1.88,12.674,195,800,-1.8827,12.526,186.6,961.84,0.32016,0.11711,0.027136,0.26298,0.10935,0.020608,0.20646,0.10559,0.016192,252,248,247,174,175,178,183,177,175,200,192,188,86,85,82,195,191,184,0.52637,0.53053,0.5315
1,3.6717e+05,-1.8,12.674,195,800,-1.7883,12.504,185.21,1048.6,0.27513,0.12356,0.02592,0.24945,0.11761,0.022592,0.22761,0.1099,0.019392,239,245,247,163,172,180,163,168,171,167,167,166,62,63,66,174,172,170,0.52664,0.52993,0.53109
1,3.6727e+05,-1.72,12.674,195,800,-1.7193,12.525,185.92,1065.4,0.2748,0.13029,0.027392,0.2493,0.12325,0.023744,0.22882,0.11927,0.020992,242,243,245,168,173,180,166,168,170,143,147,151,61,61,62,163,163,165,0.53749,0.5372,0.5338
1,3.6737e+05,-1.64,12.674,195,800,-1.6175,12.509,185.85,1016.9,0.31491,0.12649,0.0304,0.27815,0.11868,0.024832,0.25142,0.11174,0.020992,242,244,246,166,172,183,171,171,170,144,147,150,60,62,63,163,166,169,0.53483,0.53556,0.53657
1,3.6747e+05,-1.56,12.674,195,800,-1.5506,12.517,187.1,746.42,0.23597,0.12914,0.022784,0.20466,0.1228,0.019264,0.19337,0.11697,0.017344,252,251,249,189,189,191,164,167,169,146,150,153,60,63,63,199,190,180,0.52894,0.53535,0.5353
1,3.6757e+05,-1.48,12.674,195,800,-1.4774,12.523,186.83,710.17,0.33333,0.1264,0.029376,0.26393,0.12373,0.023296,0.20919,0.11979,0.0192,253,252,251,204,200,196,162,164,168,145,150,153,60,62,63,206,196,184,0.52666,0.53302,0.53384
1,3.6767e+05,-1.4,12.674,195,800,-1.401,12.505,187.04,749.54,0.27613,0.13544,0.028032,0.24883,0.12553,0.023808,0.22163,0.12052,0.020736,252,250,250,203,206,207,165,165,167,145,151,157,57,59,62,180,185,184,0.54066,0.53245,0.53239
1,3.6777e+05,-1.32,12.674,195,800,-1.3215,12.52,187.48,843.2,0.33743,0.13154,0.034432,0.3007,0.12423,0.028992,0.27918,0.11824,0.02528,247,248,248,216,213,207,168,167,169,161,163,164,62,64,66,181,175,171,0.52804,0.53191,0.53333
1,3.6787e+05,-1.24,12.674,195,800,-1.2472,12.519,185.56,843.63,0.37,0.11147,0.028928,0.30825,0.10733,0.02336,0.27384,0.10103,0.019264,249,248,248,217,210,206,170,170,171,164,168,168,69,70,69,165,166,166,0.54122,0.53585,0.53614
1,3.6797e+05,-1.16,12.674,195,800,-1.1612,12.52,186.4,973.31,0.28435,0.1284,0.02816,0.26113,0.12085,0.024576,0.23738,0.11665,0.021824,246,247,247,196,200,203,173,174,175,164,169,173,70,71,69,162,157,153,0.53117,0.53367,0.53483
1,3.6807e+05,-1.08,12.674,195,800,-1.0997,12.534,185.69,784,0.28978,0.11815,0.025984,0.26743,0.1089,0.021824,0.2401,0.10455,0.019072,245,246,247,202,202,203,174,176,178,166,170,174,61,65,66,159,154,149,0.53363,0.53701,0.53748
1,3.6817e+05,-1,12.674,195,800,-1.0116,12.529,187.06,824.01,0.28503,0.12249,0.026752,0.25306,0.11242,0.021824,0.21891,0.11,0.018752,244,246,247,197,202,204,178,181,180,165,168,169,51,53,57,143,143,144,0.51223,0.53298,0.53732
1,3.6827e+05,-0.92,12.674,195,800,-0.93419,12.517,185.3,892.23,0.23148,0.12101,0.021056,0.20781,0.11315,0.018176,0.19601,0.11198,0.016832,253,251,251,191,199,207,187,180,177,148,153,159,50,51,53,141,141,142,0.54717,0.53591,0.53588
1,3.6837e+05,-0.84,12.674,195,800,-0.84294,12.511,186.06,1149.4,0.24609,0.12153,0.022656,0.21212,0.11584,0.018496,0.19472,0.11,0.016512,255,254,253,204,207,211,175,176,176,142,148,152,50,52,53,143,143,144,0.53822,0.53907,0.53761
1,3.6847e+05,-0.76,12.674,195,800,-0.78459,12.544,187.49,888.41,0.33355,0.12131,0.03008,0.30556,0.1116,0.025152,0.27525,0.10919,0.021888,255,255,254,237,228,219,175,172,172,138,140,143,55,55,55,159,151,147,0.52772,0.53359,0.53706
1,3.6857e+05,-0.68,12.674,195,800,-0.69971,12.519,186.66,749.16,0.28746,0.11919,0.025088,0.24096,0.11533,0.0208,0.2102,0.10899,0.017664,255,255,254,241,230,221,169,170,172,137,138,139,56,56,55,159,154,149,0.53492,0.53624,0.53708
1,3.6867e+05,-0.6,12.674,195,800,-0.61589,12.509,187.59,957.54,0.32162,0.12028,0.027968,0.26454,0.114,0.022272,0.22407,0.11042,0.018304,253,254,254,224,222,218,171,173,175,133,133,133,52,53,53,161,156,152,0.53245,0.53646,0.53638
1,3.6877e+05,-0.52,12.674,195,800,-0.54905,12.525,185.98,923.57,0.27633,0.12915,0.026944,0.2522,0.11973,0.022784,0.21598,0.11844,0.019648,252,253,252,227,220,215,183,181,179,124,126,128,49,50,51,155,152,152,0.53545,0.5341,0.53657
1,3.6887e+05,-0.44,12.674,195,800,-0.45886,12.493,186.31,853.57,0.30337,0.10816,0.024896,0.25789,0.10355,0.020032,0.22425,0.10084,0.017152,252,252,251,219,219,214,187,183,180,121,124,127,50,51,51,153,151,152,0.53406,0.53598,0.53848
1,3.6897e+05,-0.36,12.674,195,800,-0.3899,12.531,186.03,739.47,0.23596,0.12582,0.022656,0.21365,0.12052,0.02016,0.1996,0.11385,0.017856,251,250,249,223,217,209,183,179,177,121,125,128,50,51,52,166,158,154,0.54101,0.53709,0.5397
1,3.6907e+05,-0.28,12.674,195,800,-0.30396,12.526,186.31,737.71,0.25934,0.12031,0.023232,0.2242,0.11599,0.019584,0.19503,0.1113,0.016576,247,248,248,219,211,205,174,176,176,126,128,130,49,51,52,172,162,156,0.53816,0.53801,0.53861
1,3.6917e+05,-0.2,12.674,195,800,-0.21589,12.497,186.37,887.53,0.28068,0.12174,0.026112,0.25074,0.1177,0.0224,0.23102,0.10937,0.019328,252,250,250,192,195,197,180,175,175,127,131,135,50,51,53,171,162,156,0.53621,0.53518,0.53691
1,3.6927e+05,-0.12,12.674,195,800,-0.13632,12.506,185.8,658.66,0.28658,0.12326,0.026688,0.2546,0.11676,0.022912,0.23767,0.1101,0.019904,252,253,251,192,197,197,180,178,176,136,138,139,55,55,55,162,157,152,0.54143,0.54019,0.53907
1,3.6937e+05,-0.04,12.674,195,800,-0.051439,12.506,187.74,913.04,0.26891,0.12088,0.024896,0.23779,0.11517,0.02112,0.21841,0.11351,0.019264,253,252,251,207,202,197,178,177,176,139,141,141,57,56,55,163,156,150,0.53563,0.53551,0.5364
1,3.6947e+05,0.04,12.674,195,800,-0.004756,12.512,186.96,689.51,0.27184,0.12205,0.02496,0.24203,0.11862,0.021504,0.22035,0.1098,0.018368,252,250,248,197,196,195,179,177,176,139,140,142,54,56,59,157,152,148,0.53361,0.53489,0.53555
1,3.6957e+05,0.12,12.674,195,800,0.082246,12.53,186.7,574.14,0.28964,0.12498,0.027712,0.26431,0.11977,0.024128,0.25066,0.11622,0.02176,249,247,246,183,189,194,179,176,175,136,137,141,57,59,62,156,151,146,0.53054,0.5373,0.53713
1,3.6967e+05,0.2,12.674,195,800,0.18198,12.505,188.07,859,0.21006,0.12301,0.020224,0.19525,0.11488,0.0176,0.17912,0.1122,0.015808,242,240,241,190,191,192,172,171,171,129,134,140,60,65,66,138,140,140,0.53074,0.5418,0.53873
1,3.6977e+05,0.28,12.674,195,800,0.25307,12.514,186.64,1052.7,0.26994,0.12293,0.025216,0.24331,0.11697,0.022016,0.22412,0.11263,0.019264,231,236,240,196,193,192,167,169,169,134,137,138,63,64,65,125,129,132,0.53263,0.5399,0.5424
1,3.6987e+05,0.36,12.674,195,800,0.34113,12.507,185.07,929.66,0.298,0.12805,0.029056,0.27317,0.12142,0.024704,0.24028,0.11799,0.021632,238,239,242,194,193,191,170,169,168,136,136,137,62,63,63,127,128,130,0.53868,0.5441,0.54451
1,3.6997e+05,0.44,12.674,195,800,0.4207,12.506,186.32,704.95,0.26915,0.13351,0.02816,0.24277,0.12646,0.023936,0.22809,0.11942,0.021376,246,247,247,187,186,185,168,167,167,130,131,133,66,63,60,131,129,128,0.54891,0.54377,0.54569
1,3.7007e+05,0.52,12.674,195,800,0.49073,12.5,184.9,1082.7,0.31684,0.14467,0.035392,0.29208,0.13426,0.030336,0.27636,0.12904,0.02752,248,249,249,176,180,183,167,165,166,128,129,132,61,61,60,129,128,127,0.54664,0.54455,0.54498
1,3.7017e+05,0.6,12.674,195,800,0.55969,12.525,185.63,846.55,0.30498,0.12517,0.028928,0.27711,0.11648,0.024,0.24529,0.1108,0.020224,252,251,251,183,183,183,160,163,166,133,135,136,62,61,60,125,126,126,0.55031,0.54473,0.54487
1,3.7027e+05,0.68,12.674,195,800,0.63184,12.52,186.26,981.24,0.23773,0.11475,0.020224,0.19066,0.11118,0.016704,0.17928,0.10799,0.01504,252,252,251,203,196,190,167,167,169,148,147,144,60,64,65,129,126,123,0.53322,0.5429,0.54478
1,3.7037e+05,0.76,12.674,195,800,0.71248,12.517,184.97,679.57,0.23309,0.12479,0.021632,0.2076,0.11414,0.01824,0.1913,0.11332,0.016896,251,251,251,204,199,195,169,169,170,150,149,146,68,67,68,124,123,122,0.54923,0.54464,0.5447
1,3.7047e+05,0.84,12.674,195,800,0.79842,12.515,186.12,1143.6,0.34271,0.12348,0.030912,0.31307,0.11538,0.025984,0.28774,0.10818,0.021824,248,250,250,205,206,201,163,168,173,142,144,145,72,72,71,122,126,127,0.54178,0.53967,0.54213
1,3.7057e+05,0.92,12.674,195,800,0.85147,12.555,186.56,1001.8,0.3018,0.12128,0.027136,0.27097,0.11499,0.02304,0.2367,0.11266,0.020224,254,251,249,208,206,202,163,169,174,141,141,143,73,70,70,133,131,131,0.53297,0.54167,0.54277
1,3.7067e+05,1,12.674,195,800,0.94377,12.529,186.79,762.43,0.26942,0.12039,0.024704,0.2389,0.11172,0.020224,0.21481,0.10738,0.017472,252,251,250,196,196,196,180,178,177,135,138,142,62,65,68,130,135,137,0.53249,0.54034,0.54265
1,3.7077e+05,1.08,12.674,195,800,1.0297,12.528,187.69,966.93,0.31781,0.12192,0.029056,0.28635,0.11631,0.02464,0.26514,0.10856,0.021504,251,252,252,195,196,197,178,179,178,139,141,143,63,65,65,124,132,138,0.53309,0.53936,0.54085
1,3.7087e+05,1.16,12.674,195,800,1.1082,12.519,187.71,1164.6,0.26573,0.11774,0.022272,0.2223,0.11539,0.018624,0.18508,0.10784,0.015488,254,253,252,202,203,201,178,176,177,143,143,144,63,63,63,130,134,139,0.53268,0.53983,0.54075
1,3.7097e+05,1.24,12.674,195,800,1.1772,12.531,186.12,1008.6,0.31711,0.11832,0.02784,0.28852,0.11148,0.023424,0.2473,0.10808,0.019776,250,251,252,218,210,205,170,173,176,144,144,143,55,57,58,144,144,145,0.53709,0.54031,0.54093
1,3.7107e+05,1.32,12.674,195,800,1.2557,12.519,187.71,803.59,0.29608,0.12456,0.02816,0.26394,0.11651,0.023808,0.23731,0.11279,0.02048,248,250,251,208,205,205,168,173,177,143,143,144,54,55,56,148,150,150,0.54655,0.53997,0.53956
1,3.7117e+05,1.4,12.674,195,800,1.3544,12.516,187.02,1034.1,0.26143,0.12622,0.025216,0.23986,0.12117,0.022336,0.2234,0.11284,0.019392,250,250,251,197,200,202,180,179,179,152,154,153,55,55,56,163,160,157,0.5317,0.53814,0.53875
1,3.7127e+05,1.48,12.674,195,800,1.4424,12.501,187.74,1153.3,0.26511,0.11721,0.022656,0.22105,0.11007,0.018432,0.19317,0.10711,0.016256,249,250,251,201,199,198,178,178,177,169,164,154,52,55,57,163,164,163,0.53721,0.5405,0.54035
1,3.7137e+05,1.56,12.674,195,800,1.5008,12.529,186.82,723.44,0.3184,0.12286,0.028864,0.27848,0.11856,0.024768,0.25407,0.11264,0.021696,250,250,250,190,192,196,174,174,176,154,154,151,52,55,56,165,166,165,0.54525,0.5391,0.53957
1,3.7147e+05,1.64,12.674,195,800,1.5836,12.519,187.69,794.95,0.3451,0.1097,0.026368,0.29709,0.10405,0.02144,0.24783,0.10025,0.017664,249,248,248,184,190,196,169,171,176,132,135,137,53,53,54,172,170,168,0.53706,0.5394,0.53726
1,3.7157e+05,1.72,12.674,195,800,1.6621,12.502,186.57,1011.1,0.26761,0.12157,0.023744,0.23224,0.11355,0.019904,0.19911,0.11249,0.017536,248,247,246,194,196,198,170,174,177,131,132,132,53,53,54,172,171,170,0.54383,0.53786,0.53613
1,3.7167e+05,1.8,12.674,195,800,1.7448,12.516,186.09,1009.3,0.3101,0.11487,0.024704,0.25977,0.10589,0.019712,0.22416,0.10232,0.016896,238,242,245,198,198,196,177,178,179,126,128,129,54,56,57,177,176,177,0.53058,0.53556,0.53504
1,3.7177e+05,1.88,12.674,195,800,1.8138,12.53,186.19,774.13,0.26306,0.11773,0.023104,0.23351,0.11262,0.020096,0.20709,0.10922,0.01728,246,246,246,181,183,188,173,173,174,126,128,130,63,63,63,205,196,193,0.52444,0.52994,0.53096
1,3.7187e+05,1.96,12.674,195,800,1.8849,12.538,187.46,888.47,0.26912,0.12009,0.024128,0.23565,0.1162,0.020288,0.20045,0.11119,0.017088,250,249,248,180,181,186,172,171,171,132,132,132,65,66,66,217,208,204,0.52595,0.52899,0.52836
1,3.7197e+05,2.04,12.674,195,800,1.9899,12.512,187.03,1038.7,0.28897,0.11802,0.025856,0.2575,0.11025,0.021504,0.24247,0.10224,0.019008,250,249,249,190,192,191,163,167,171,137,138,137,68,68,69,232,227,224,0.52739,0.53222,0.52913
1,3.7207e+05,2.12,12.674,195,800,2.0398,12.516,185.08,684.07,0.28485,0.11526,0.024448,0.25522,0.10818,0.020672,0.23521,0.10314,0.018176,246,248,249,200,196,193,162,169,172,135,139,138,70,71,71,239,235,232,0.52989,0.52821,0.52849
1,3.7217e+05,2.2,12.674,195,800,2.1406,12.515,186.29,933.32,0.32634,0.11967,0.028992,0.28385,0.11247,0.023936,0.2591,0.10544,0.020096,247,247,247,183,188,192,173,177,177,137,143,146,77,77,76,254,246,240,0.52594,0.52312,0.52599
1,3.7227e+05,2.28,12.674,195,800,2.2042,12.514,186.91,646.49,0.29398,0.11555,0.024,0.25048,0.10924,0.01952,0.22168,0.10467,0.016896,247,247,247,186,183,186,175,177,178,164,159,154,98,89,84,254,246,240,0.52447,0.52288,0.52461
1,3.7237e+05,2.36,12.674,195,800,2.2859,12.531,187.25,828.33,0.2548,0.12376,0.022848,0.21388,0.12081,0.019584,0.20351,0.11223,0.017536,248,248,247,181,184,186,173,177,179,168,163,156,103,94,88,252,243,236,0.51882,0.52332,0.5237
1,3.7247e+05,2.44,12.674,195,800,2.3846,12.506,186.07,928.63,0.27843,0.12617,0.02656,0.24337,0.12061,0.022144,0.21897,0.11341,0.019008,246,245,246,188,186,185,172,175,178,148,153,155,111,104,98,232,225,219,0.52144,0.51937,0.52173
1,3.7257e+05,2.52,12.674,195,800,2.4398,12.517,186.63,884.46,0.28126,0.11485,0.024576,0.2489,0.10657,0.020352,0.21999,0.10452,0.017728,244,245,246,188,187,186,170,173,176,146,151,154,121,112,103,214,210,206,0.52151,0.52294,0.51976
1,3.7267e+05,2.6,12.674,195,800,2.5077,12.543,185.99,1017.4,0.32925,0.11899,0.028928,0.29247,0.11003,0.023744,0.24866,0.10797,0.019584,246,246,247,189,187,186,166,167,170,155,155,154,123,117,111,171,170,172,0.52533,0.5193,0.51715
1,3.7277e+05,2.68,12.674,195,800,2.6127,12.52,185.16,947.34,0.29875,0.11519,0.024256,0.23329,0.10972,0.019712,0.21024,0.1064,0.017344,247,246,248,182,184,185,161,162,166,155,157,158,134,122,113,136,139,148,0.52214,0.51859,0.51718
1,3.7287e+05,2.76,12.674,195,800,2.6774,12.525,185.45,797.58,0.2972,0.12401,0.027648,0.25659,0.11733,0.023104,0.22363,0.1135,0.019584,245,247,248,184,182,181,161,163,166,161,162,161,126,121,113,132,140,148,0.52917,0.52315,0.5228
1,3.7297e+05,2.84,12.674,195,800,2.7506,12.531,186.45,906.03,0.27205,0.1223,0.024576,0.23433,0.11668,0.020608,0.2117,0.11003,0.017856,253,249,249,167,172,179,167,163,163,171,167,165,111,107,108,198,173,160,0.53952,0.53763,0.53535
1,3.7307e+05,2.92,12.674,195,800,2.826,12.515,186.77,512.09,0.27475,0.12463,0.026112,0.24493,0.11891,0.022464,0.22208,0.11531,0.020096,250,251,251,166,174,181,153,160,163,161,165,167,103,103,106,186,180,169,0.55163,0.55292,0.5553
1,3.7317e+05,3,12.674,195,800,2.9013,12.509,152.52,641.05,0.30001,0.1206,0.027584,0.27887,0.11063,0.023808,0.2492,0.10688,0.020352,254,254,252,191,192,190,162,160,159,163,165,168,107,104,105,177,175,175,0.45406,0.46434,0.47299
1,3.7619e+05,3,12.767,195,800,2.8621,12.604,0.42603,912.05,0,0,0,0,0,0,0,0,0,252,251,251,204,194,189,173,171,168,173,169,168,107,106,107,169,168,169,0.44974,0.45476,0.47107
1,3.7629e+05,2.92,12.767,195,800,2.7963,12.622,187.42,968.91,0.38652,0.10355,0.023232,0.34192,0.10069,0.019712,0.3308,0.098134,0.017152,248,250,251,165,175,180,159,168,171,153,159,164,104,106,111,140,150,156,0.55199,0.55626,0.55683
1,3.7639e+05,2.84,12.767,195,800,2.7199,12.609,186.42,711.77,0.22013,0.1144,0.019776,0.21146,0.1069,0.017664,0.1959,0.1043,0.016192,253,252,251,176,172,177,177,171,171,158,158,161,100,109,113,135,139,147,0.53505,0.53643,0.53585
1,3.7649e+05,2.76,12.767,195,800,2.6636,12.621,186.95,736.81,0.27685,0.13284,0.028544,0.25992,0.13149,0.026624,0.24619,0.12254,0.023232,254,253,251,181,180,178,173,176,177,156,157,158,95,105,113,126,132,141,0.52827,0.52357,0.52424
1,3.7659e+05,2.68,12.767,195,800,2.5703,12.626,185.8,923.14,0.36179,0.13205,0.035904,0.27563,0.12058,0.024768,0.20522,0.12114,0.019392,253,252,250,184,181,181,175,176,176,158,156,157,91,101,110,136,139,146,0.516,0.51696,0.51898
1,3.7669e+05,2.6,12.767,195,800,2.4971,12.625,185.31,985.56,0.27997,0.13071,0.02848,0.24479,0.11948,0.022848,0.2238,0.11192,0.019648,250,248,247,187,185,185,177,176,177,163,159,156,93,97,103,176,177,178,0.51862,0.51698,0.51798
1,3.7679e+05,2.52,12.767,195,800,2.4175,12.624,185.5,864.85,0.2878,0.12833,0.028416,0.26117,0.12239,0.024384,0.23639,0.11594,0.021312,240,243,246,180,186,189,178,180,178,162,160,158,85,92,97,210,216,214,0.51767,0.51708,0.52022
1,3.7689e+05,2.44,12.767,195,800,2.3432,12.617,186.65,837.76,0.26452,0.10727,0.020352,0.22412,0.10475,0.017024,0.2047,0.099749,0.01472,243,245,246,185,187,189,187,182,177,161,160,160,81,88,95,223,227,227,0.52004,0.52216,0.5227
1,3.7699e+05,2.36,12.767,195,800,2.27,12.621,187.72,916.19,0.29422,0.12661,0.0288,0.26475,0.1215,0.025152,0.24839,0.111,0.021504,253,251,249,183,188,194,178,177,176,163,165,164,80,88,95,231,240,241,0.53357,0.52271,0.52214
1,3.7709e+05,2.28,12.767,195,800,2.1979,12.597,188.3,785.77,0.34725,0.10352,0.02368,0.19384,0.10604,0.015872,0.18504,0.10091,0.0144,253,251,249,180,191,197,178,175,175,161,162,162,80,90,99,241,242,243,0.52252,0.52407,0.52545
1,3.7719e+05,2.2,12.767,195,800,2.1003,12.616,187.89,922.86,0.28115,0.13103,0.028736,0.25352,0.12534,0.024832,0.2348,0.1188,0.021696,247,250,250,207,201,199,187,181,174,144,148,152,77,93,98,233,242,244,0.52339,0.52562,0.52813
1,3.7729e+05,2.12,12.767,195,800,2.0143,12.611,187.39,1001.3,0.33411,0.12892,0.033088,0.30995,0.11932,0.028096,0.28998,0.10881,0.023936,254,253,251,198,198,196,181,178,173,143,141,140,75,79,85,233,237,237,0.53798,0.5311,0.52986
1,3.7739e+05,2.04,12.767,195,800,1.9507,12.624,186.87,841.66,0.2708,0.11826,0.02304,0.23737,0.10838,0.019008,0.21176,0.10217,0.01664,253,253,250,197,192,189,171,172,171,137,137,136,66,69,74,223,228,230,0.52015,0.52748,0.5289
1,3.7749e+05,1.96,12.767,195,800,1.8764,12.604,186.55,1077.3,0.26451,0.11936,0.02368,0.22208,0.11366,0.019712,0.20204,0.11139,0.017472,249,247,246,164,174,182,162,167,171,126,128,130,55,57,60,193,204,210,0.5445,0.53473,0.53091
1,3.7759e+05,1.88,12.767,195,800,1.8,12.615,186.23,1005.9,0.2555,0.11513,0.022592,0.21982,0.11237,0.019392,0.19589,0.10892,0.016576,244,242,243,168,174,184,167,171,174,127,126,128,53,54,57,181,192,200,0.52792,0.53261,0.53335
1,3.7769e+05,1.8,12.767,195,800,1.7098,12.615,187.19,911.16,0.26533,0.11916,0.024192,0.24195,0.10827,0.020352,0.21877,0.10521,0.017984,242,241,242,199,197,195,184,183,179,127,128,129,52,52,53,165,176,183,0.53432,0.53209,0.5338
1,3.7779e+05,1.72,12.767,195,800,1.626,12.622,187.09,909.21,0.27807,0.13583,0.02912,0.24131,0.1261,0.023552,0.21827,0.12092,0.020352,244,246,246,204,205,206,181,180,181,135,134,134,51,52,53,167,170,172,0.54096,0.53339,0.53506
1,3.7789e+05,1.64,12.767,195,800,1.5634,12.62,187.37,886.93,0.277,0.11143,0.023104,0.23667,0.10719,0.019264,0.21474,0.10397,0.017152,245,248,248,203,205,207,170,174,180,138,137,138,55,55,55,168,169,169,0.53605,0.53767,0.53711
1,3.7799e+05,1.56,12.767,195,800,1.4912,12.586,185.76,964.34,0.27862,0.1191,0.025152,0.25816,0.11114,0.021824,0.24005,0.10772,0.019392,252,251,251,203,205,206,166,173,180,148,148,148,71,64,57,171,167,165,0.53901,0.53936,0.53779
1,3.7809e+05,1.48,12.767,195,800,1.4,12.612,184.52,909.98,0.32556,0.11531,0.028416,0.28453,0.11109,0.023872,0.25457,0.10484,0.020032,251,252,252,208,206,204,175,178,183,156,153,150,69,63,57,162,164,165,0.5368,0.53796,0.53891
1,3.7819e+05,1.4,12.767,195,800,1.3279,12.605,186.57,1029.5,0.26487,0.1198,0.024576,0.23355,0.11626,0.021376,0.21525,0.11296,0.019136,252,251,251,198,199,203,196,191,185,145,146,148,52,53,55,157,161,163,0.53082,0.53948,0.53869
1,3.7829e+05,1.32,12.767,195,800,1.244,12.62,187.53,893.69,0.24858,0.1185,0.022592,0.2181,0.11302,0.019072,0.19926,0.10801,0.016704,247,249,251,198,198,200,194,190,184,138,138,142,49,50,53,151,155,160,0.54114,0.54434,0.54159
1,3.7839e+05,1.24,12.767,195,800,1.1687,12.626,186.13,620.45,0.23641,0.12237,0.022272,0.21289,0.11437,0.019008,0.19642,0.11167,0.017152,250,250,251,193,197,199,192,187,182,139,140,142,50,51,55,148,153,158,0.5467,0.5392,0.54047
1,3.7849e+05,1.16,12.767,195,800,1.0828,12.629,185.48,725.52,0.2769,0.11893,0.023936,0.24356,0.10852,0.019968,0.2084,0.10615,0.016832,250,251,251,190,189,194,184,184,180,146,144,143,54,55,58,160,158,155,0.54407,0.54269,0.54117
1,3.7859e+05,1.08,12.767,195,800,0.99576,12.619,186.44,857.71,0.25524,0.12862,0.024064,0.23298,0.10802,0.019776,0.21083,0.10484,0.017536,249,249,250,182,188,194,190,183,180,146,145,143,55,57,60,166,160,154,0.54306,0.54238,0.54301
1,3.7869e+05,1,12.767,195,800,0.913,12.63,186.07,957.32,0.33031,0.12652,0.031744,0.30051,0.11849,0.02752,0.27262,0.11544,0.02432,246,247,249,212,207,203,177,178,177,140,140,142,66,65,64,169,159,149,0.53505,0.53943,0.54171
1,3.7879e+05,0.92,12.767,195,800,0.87481,12.598,186.38,615.08,0.28023,0.11668,0.024832,0.2378,0.10899,0.019648,0.1909,0.10866,0.015936,253,250,249,231,220,208,178,174,171,146,143,143,68,69,70,155,146,137,0.53119,0.54332,0.54224
1,3.7889e+05,0.84,12.767,195,800,0.76765,12.626,185.34,793.79,0.26954,0.12846,0.027008,0.24724,0.12037,0.023168,0.22636,0.11746,0.020608,249,251,251,216,211,205,175,172,170,145,146,144,68,73,74,138,135,131,0.54662,0.54565,0.54407
1,3.7899e+05,0.76,12.767,195,800,0.69974,12.615,188.08,601.63,0.26497,0.1319,0.026048,0.22647,0.1283,0.02208,0.2135,0.11749,0.019584,254,253,252,178,186,193,173,171,168,145,144,144,86,81,74,121,122,123,0.53742,0.54353,0.543
1,3.7909e+05,0.68,12.767,195,800,0.63184,12.621,186.65,915.51,0.31713,0.1147,0.026624,0.2683,0.10852,0.02208,0.24269,0.10532,0.019392,254,253,251,169,182,190,174,171,169,143,143,142,76,76,73,122,122,123,0.53213,0.54278,0.54363
1,3.7919e+05,0.6,12.767,195,800,0.53635,12.611,186.02,901.28,0.21294,0.11366,0.018368,0.19257,0.10757,0.016192,0.18475,0.1017,0.014464,245,248,250,190,186,184,177,174,170,138,136,136,62,63,64,130,129,127,0.5454,0.5443,0.54401
1,3.7929e+05,0.52,12.767,195,800,0.45465,12.614,184.99,921.14,0.27055,0.10992,0.022784,0.24022,0.10817,0.01984,0.21625,0.10436,0.017472,252,249,248,183,182,183,175,173,170,131,131,133,61,61,61,140,137,132,0.54511,0.54027,0.54278
1,3.7939e+05,0.44,12.767,195,800,0.37614,12.622,186.3,757.73,0.27113,0.12582,0.025984,0.24731,0.11787,0.022336,0.22686,0.11186,0.01984,252,249,247,175,180,182,166,169,170,132,132,134,61,61,61,141,139,135,0.55161,0.54578,0.54456
1,3.7949e+05,0.36,12.767,195,800,0.29657,12.612,188.02,996.16,0.20725,0.11663,0.018816,0.17974,0.10735,0.015296,0.16643,0.10581,0.013824,244,244,244,178,179,182,169,168,168,143,142,143,60,62,65,145,144,140,0.54574,0.54679,0.5459
1,3.7959e+05,0.28,12.767,195,800,0.23185,12.612,187.07,565.15,0.27306,0.13536,0.027776,0.24036,0.12908,0.023872,0.21896,0.12342,0.020992,243,242,242,176,179,184,172,170,168,152,148,147,66,67,69,154,148,143,0.53484,0.53818,0.5409
1,3.7969e+05,0.2,12.767,195,800,0.1353,12.622,187.98,870.95,0.30309,0.11005,0.021952,0.19747,0.11119,0.017024,0.17518,0.10884,0.014976,240,240,241,185,183,184,169,170,170,156,156,154,94,84,75,154,152,150,0.53897,0.53951,0.5375
1,3.7979e+05,0.12,12.767,195,800,0.055721,12.617,186.58,685.82,0.29825,0.11041,0.02464,0.26671,0.10734,0.021312,0.25005,0.099672,0.01888,239,242,244,184,185,188,174,174,173,171,164,157,78,76,73,144,150,153,0.53894,0.53762,0.53565
1,3.7989e+05,0.04,12.767,195,800,-0.005817,12.615,186.46,784.82,0.25587,0.12158,0.023488,0.22349,0.11332,0.019392,0.20566,0.10829,0.01696,245,245,246,184,186,188,174,175,175,166,163,157,65,68,70,145,150,153,0.53854,0.53802,0.53771
1,3.7999e+05,-0.04,12.767,195,800,-0.097062,12.626,187.52,867.6,0.25753,0.12169,0.02368,0.2287,0.11245,0.019904,0.21403,0.10738,0.017792,253,251,249,174,182,187,182,179,177,164,157,151,67,65,65,150,153,154,0.53884,0.53513,0.53751
1,3.8009e+05,-0.12,12.767,195,800,-0.16603,12.602,186.74,878.52,0.23167,0.12166,0.020352,0.20389,0.11711,0.017728,0.18407,0.11134,0.015616,254,251,249,176,179,186,184,181,178,158,152,148,65,64,63,155,155,156,0.52983,0.5359,0.5363
1,3.8019e+05,-0.2,12.767,195,800,-0.25303,12.625,188.01,689.53,0.27318,0.12592,0.026112,0.24579,0.11728,0.021632,0.2221,0.11254,0.018944,243,245,247,172,178,184,180,180,178,146,143,141,56,57,59,148,156,161,0.51739,0.53633,0.5364
1,3.8029e+05,-0.28,12.767,195,800,-0.34109,12.617,186.21,918.18,0.25275,0.1089,0.019456,0.18859,0.10724,0.015808,0.17388,0.1002,0.013888,241,243,246,184,188,191,177,176,176,146,141,137,60,60,59,144,155,163,0.53835,0.53579,0.5381
1,3.8039e+05,-0.36,12.767,195,800,-0.40581,12.626,186.72,1025.4,0.21267,0.11443,0.018816,0.19611,0.10763,0.016576,0.17922,0.10448,0.014592,241,245,247,198,196,195,172,173,175,143,139,136,65,62,60,141,153,162,0.53672,0.53854,0.5395
1,3.8049e+05,-0.44,12.767,195,800,-0.48539,12.622,188.58,1037.8,0.26622,0.11471,0.024128,0.23687,0.11237,0.020992,0.22036,0.10884,0.018816,251,250,250,202,200,199,165,171,175,138,136,134,60,61,59,141,151,160,0.53705,0.53576,0.53691
1,3.8059e+05,-0.52,12.767,195,800,-0.55753,12.616,187.83,910.98,0.2719,0.11686,0.023808,0.24175,0.11249,0.020672,0.22531,0.10621,0.018176,254,252,251,192,197,200,168,171,175,141,137,135,57,58,59,143,152,159,0.54782,0.54069,0.53717
1,3.8069e+05,-0.6,12.767,195,800,-0.62862,12.619,189.24,643,0.21385,0.1165,0.019392,0.19324,0.10976,0.016384,0.18162,0.10546,0.014848,254,253,252,189,198,204,172,172,174,142,141,140,61,59,58,140,149,157,0.54848,0.54156,0.53791
1,3.8079e+05,-0.68,12.767,195,800,-0.72623,12.62,187.65,876.37,0.278,0.10849,0.022848,0.23047,0.10565,0.018496,0.19842,0.10258,0.015744,252,253,253,207,211,210,174,175,175,149,147,146,64,61,58,137,147,155,0.53711,0.54219,0.5374
1,3.8089e+05,-0.76,12.767,195,800,-0.79732,12.611,187.61,849.24,0.18294,0.12192,0.0176,0.1727,0.11116,0.01536,0.1623,0.1096,0.01408,254,254,254,210,214,212,178,177,176,152,152,151,62,60,57,140,149,154,0.53651,0.53561,0.53604
1,3.8099e+05,-0.84,12.767,195,800,-0.87159,12.614,186.91,797.35,0.2596,0.11244,0.0224,0.23433,0.10936,0.019072,0.20906,0.10218,0.016576,254,253,253,220,213,207,174,178,179,175,168,163,55,54,54,149,152,152,0.53696,0.53861,0.53839
1,3.8109e+05,-0.92,12.767,195,800,-0.95541,12.612,188.02,727.69,0.29244,0.10975,0.02368,0.26502,0.10374,0.020032,0.23789,0.099652,0.016896,250,251,251,215,207,202,182,181,180,185,179,171,53,52,53,154,152,151,0.52823,0.53372,0.53764
1,3.8119e+05,-1,12.767,195,800,-1.0222,12.607,185.82,868.33,0.22273,0.12178,0.021184,0.20452,0.11688,0.018496,0.19234,0.10798,0.016256,247,247,249,203,200,197,189,187,183,208,196,181,56,56,57,150,152,152,0.53563,0.5388,0.53728
1,3.8129e+05,-1.08,12.767,195,800,-1.1146,12.622,188.13,817.26,0.21793,0.12,0.020352,0.18934,0.11318,0.017088,0.17775,0.10987,0.015424,251,250,249,196,194,191,184,183,182,188,187,181,79,71,65,160,160,160,0.53101,0.5354,0.53668
1,3.8139e+05,-1.16,12.767,195,800,-1.1931,12.612,186.12,999.2,0.22676,0.11026,0.019136,0.20846,0.10592,0.016704,0.19056,0.097147,0.0144,253,251,250,181,187,191,179,180,180,186,183,178,83,76,68,168,167,167,0.53802,0.53747,0.53851
1,3.8149e+05,-1.24,12.767,195,800,-1.2811,12.628,187.59,900.09,0.2873,0.1159,0.025216,0.2576,0.10886,0.021632,0.22966,0.10568,0.01856,252,251,249,194,196,194,171,175,177,184,176,169,75,72,67,185,192,190,0.51295,0.53281,0.53333
1,3.8159e+05,-1.32,12.767,195,800,-1.3395,12.619,186.63,927.3,0.19937,0.12236,0.018496,0.18317,0.11748,0.01632,0.16504,0.11313,0.0144,248,248,248,214,206,199,172,173,175,171,168,165,71,67,65,218,208,197,0.52724,0.53292,0.53452
1,3.8169e+05,-1.4,12.767,195,800,-1.4254,12.606,186.33,594.86,0.29709,0.10517,0.022592,0.22433,0.10381,0.01792,0.20259,0.10103,0.015616,244,246,248,211,211,206,169,171,172,155,156,158,61,62,62,213,211,205,0.55683,0.54251,0.53788
1,3.8179e+05,-1.48,12.767,195,800,-1.4997,12.616,186.93,674.88,0.26742,0.10982,0.021952,0.22362,0.10699,0.018048,0.19999,0.10238,0.015424,250,250,249,210,204,197,168,170,171,157,155,155,64,63,63,206,202,197,0.53559,0.53125,0.53375
1,3.8189e+05,-1.56,12.767,195,800,-1.574,12.604,186.5,797.13,0.19912,0.11139,0.017408,0.18094,0.10665,0.015168,0.16724,0.10373,0.013632,250,250,249,198,193,190,168,171,171,155,155,154,65,65,64,195,195,194,0.53327,0.52809,0.53256
1,3.8199e+05,-1.64,12.767,195,800,-1.662,12.602,186.79,884.65,0.25489,0.10853,0.020032,0.21111,0.1058,0.016768,0.19111,0.10309,0.014784,247,248,248,172,176,179,174,171,170,157,153,151,68,65,63,171,179,187,0.52562,0.52987,0.53286
1,3.8209e+05,-1.72,12.767,195,800,-1.7352,12.61,187.89,979.4,0.25342,0.10533,0.019264,0.20278,0.10159,0.015552,0.1786,0.09718,0.013376,247,248,247,189,180,176,169,169,169,154,152,152,65,64,62,174,179,184,0.53909,0.53452,0.53283
1,3.8219e+05,-1.8,12.767,195,800,-1.801,12.62,187.34,823.66,0.25309,0.11829,0.023104,0.22774,0.11068,0.019712,0.21084,0.10717,0.0176,255,251,247,185,183,180,166,168,172,156,160,163,63,62,63,174,182,188,0.53025,0.53535,0.53457
1,3.8229e+05,-1.88,12.767,195,800,-1.9029,12.617,187.18,931.84,0.27229,0.11383,0.023104,0.21812,0.11054,0.01824,0.18569,0.10699,0.015616,245,246,246,175,177,179,175,176,177,179,181,185,62,64,69,186,188,192,0.53039,0.53315,0.53348
1,3.8239e+05,-1.96,12.767,195,800,-1.9729,12.62,186.31,932.39,0.27943,0.11467,0.023808,0.24319,0.10804,0.020224,0.22475,0.10364,0.017728,236,243,246,173,176,180,177,178,178,192,197,202,63,68,74,187,190,192,0.54687,0.53734,0.53287
1,3.8249e+05,-2.04,12.767,195,800,-2.0567,12.614,187.71,979.31,0.30453,0.10576,0.022848,0.25133,0.10146,0.018368,0.21451,0.098514,0.015296,246,245,246,181,187,188,175,175,177,242,237,232,80,85,90,190,188,190,0.52992,0.52705,0.52876
1,3.8259e+05,-2.12,12.767,195,800,-2.132,12.617,186.41,815.62,0.22747,0.11674,0.019968,0.20187,0.11049,0.017216,0.19199,0.10379,0.015488,247,248,248,208,200,192,174,174,175,255,250,245,102,100,98,194,189,187,0.52426,0.52771,0.52919
1,3.8269e+05,-2.2,12.767,195,800,-2.2074,12.624,187.06,724.8,0.2789,0.11672,0.024768,0.23247,0.11178,0.020032,0.20725,0.1098,0.017728,254,253,251,214,207,198,171,172,174,255,255,255,124,120,114,181,183,186,0.5313,0.53053,0.52925
1,3.8279e+05,-2.28,12.767,195,800,-2.2806,12.615,185.72,739.03,0.20577,0.11677,0.018752,0.19103,0.10744,0.016128,0.17828,0.10468,0.014592,252,252,250,211,207,198,177,174,173,255,255,255,127,127,131,194,195,201,0.53843,0.53218,0.53079
1,3.8289e+05,-2.36,12.767,195,800,-2.374,12.625,186.22,854.36,0.31424,0.12214,0.029056,0.28831,0.11657,0.025856,0.26372,0.10976,0.022272,249,250,249,221,209,195,172,173,171,255,255,255,135,139,144,220,215,214,0.52313,0.52648,0.52751
1,3.8299e+05,-2.44,12.767,195,800,-2.4503,12.606,184.13,816.86,0.25852,0.12696,0.024832,0.22192,0.12071,0.02112,0.20709,0.11187,0.01824,245,244,243,193,193,188,156,162,169,255,255,255,193,186,178,251,246,237,0.52276,0.52644,0.52599
1,3.8309e+05,-2.52,12.767,195,800,-2.5225,12.615,185.73,895.9,0.21351,0.12506,0.020544,0.18943,0.11808,0.01728,0.17101,0.11344,0.015424,240,240,241,183,183,182,155,161,168,255,255,255,228,209,190,254,249,242,0.52877,0.52708,0.52729
1,3.8319e+05,-2.6,12.767,195,800,-2.6021,12.621,186.03,729.3,0.25525,0.1154,0.022592,0.23072,0.11245,0.01984,0.20887,0.10634,0.017088,234,235,237,176,174,174,169,170,172,255,255,255,216,202,188,248,245,241,0.53217,0.52687,0.52558
1,3.8329e+05,-2.68,12.767,195,800,-2.67,12.601,185.81,785.51,0.27951,0.12259,0.026112,0.26305,0.11384,0.022592,0.24096,0.11174,0.02016,237,235,235,180,176,175,179,176,173,255,255,255,156,161,169,249,243,238,0.52217,0.52777,0.52657
1,3.8339e+05,-2.76,12.767,195,800,-2.7633,12.606,185.29,787.63,0.25814,0.11585,0.022656,0.21857,0.11185,0.019136,0.20174,0.10784,0.016896,234,235,236,176,177,178,176,173,170,255,255,255,148,157,168,249,243,239,0.5289,0.5259,0.52677
1,3.8349e+05,-2.84,12.767,195,800,-2.8429,12.621,186.87,899.43,0.22391,0.12072,0.02048,0.19676,0.11661,0.017664,0.17631,0.11392,0.015808,240,239,239,181,182,185,163,163,165,255,255,255,191,188,186,252,248,241,0.5257,0.52613,0.52951
1,3.8359e+05,-2.92,12.767,195,800,-2.9066,12.619,185.38,736.37,0.29596,0.11352,0.024128,0.2568,0.10661,0.019648,0.21741,0.10316,0.016768,240,241,241,185,187,189,160,163,165,255,255,255,205,203,198,255,248,241,0.52244,0.52883,0.53308
1,3.8369e+05,-3,12.767,195,800,-2.9787,12.62,151.93,1044.5,0.28925,0.12881,0.028544,0.25722,0.11742,0.02336,0.22781,0.11299,0.019968,243,244,244,199,197,196,172,169,168,255,255,255,211,210,209,239,236,235,0.44207,0.45206,0.46226
1,3.8671e+05,-3,12.86,195,800,-2.9458,12.706,0.038718,1086.7,0,0,0,0,0,0,0,0,0,244,244,245,199,198,195,172,168,167,255,255,255,205,211,212,213,221,227,0.45686,0.46071,0.46687
1,3.8681e+05,-2.92,12.86,195,800,-2.9002,12.741,187.44,710.9,0.29899,0.11844,0.023936,0.28066,0.11356,0.020288,0.16642,0.1062,0.013824,244,243,242,175,182,188,157,161,165,255,255,255,231,216,201,231,235,237,0.53436,0.53901,0.53682
1,3.8691e+05,-2.84,12.86,195,800,-2.8132,12.702,186.23,769.83,0.24326,0.11903,0.021248,0.19054,0.11693,0.017408,0.17201,0.112,0.015232,243,241,240,183,184,185,158,160,165,255,255,255,216,201,191,230,236,239,0.53912,0.52865,0.52914
1,3.8701e+05,-2.76,12.86,195,800,-2.7273,12.714,187.64,836.9,0.25946,0.13939,0.02848,0.23637,0.13075,0.024192,0.20483,0.12867,0.020672,238,236,237,186,183,179,171,170,170,255,255,255,166,174,184,225,232,240,0.52012,0.52778,0.52808
1,3.8711e+05,-2.68,12.86,195,800,-2.6466,12.701,188.54,1001.2,0.28327,0.13652,0.03008,0.2554,0.12713,0.02528,0.23627,0.11975,0.021824,238,237,235,173,174,174,178,175,172,255,255,255,178,185,192,226,233,240,0.53546,0.52539,0.52535
1,3.8721e+05,-2.6,12.86,195,800,-2.5819,12.72,186.54,888.02,0.33874,0.13371,0.034304,0.29607,0.12624,0.028096,0.26474,0.11884,0.024192,232,233,235,148,156,164,173,174,172,255,255,255,229,229,223,234,238,243,0.5319,0.52924,0.52748
1,3.8731e+05,-2.52,12.86,195,800,-2.5034,12.703,187.62,666.28,0.35073,0.12579,0.033664,0.31044,0.11701,0.027584,0.27205,0.10977,0.02304,231,233,236,150,157,166,173,171,170,255,255,255,244,242,232,240,244,245,0.53463,0.5257,0.525
1,3.8741e+05,-2.44,12.86,195,800,-2.4238,12.697,186.41,926.34,0.25175,0.12442,0.024,0.21499,0.11887,0.019776,0.19655,0.11203,0.017152,238,237,238,166,168,170,172,172,172,255,255,255,235,230,221,243,243,241,0.52408,0.52481,0.52523
1,3.8751e+05,-2.36,12.86,195,800,-2.3591,12.717,186.81,894.42,0.27809,0.13594,0.02912,0.25092,0.12807,0.025088,0.23214,0.12249,0.021824,243,245,244,195,187,178,183,180,178,255,255,255,177,181,181,219,219,218,0.54776,0.5305,0.52807
1,3.8761e+05,-2.28,12.86,195,800,-2.2785,12.715,186.62,740.3,0.36027,0.11288,0.028672,0.26513,0.11108,0.020416,0.19476,0.10599,0.01568,249,247,246,189,186,182,185,182,181,255,255,255,153,157,161,196,199,203,0.53501,0.52869,0.52897
1,3.8771e+05,-2.2,12.86,195,800,-2.1787,12.705,186.87,821.88,0.26434,0.12073,0.024768,0.23589,0.1157,0.021056,0.2127,0.10857,0.018048,249,249,247,184,185,184,176,181,183,255,255,255,130,132,130,177,180,184,0.54244,0.53417,0.53179
1,3.8781e+05,-2.12,12.86,195,800,-2.1002,12.729,185.81,1077.2,0.24943,0.12995,0.024768,0.23022,0.12287,0.021696,0.21146,0.11483,0.018944,244,245,245,185,185,182,179,181,183,255,253,247,113,110,106,181,185,185,0.53276,0.53031,0.53147
1,3.8791e+05,-2.04,12.86,195,800,-2.0429,12.727,185.39,903.91,0.3271,0.13197,0.032704,0.29569,0.12602,0.028224,0.28016,0.11656,0.02464,241,242,243,185,181,179,182,182,183,249,242,236,92,94,94,187,189,190,0.54621,0.53488,0.53213
1,3.8801e+05,-1.96,12.86,195,800,-1.9612,12.724,185.82,808.33,0.27775,0.11861,0.025344,0.24963,0.11158,0.021184,0.21871,0.10738,0.01824,244,243,243,182,182,178,187,187,184,194,199,203,70,71,74,205,200,195,0.5343,0.53334,0.53305
1,3.8811e+05,-1.88,12.86,195,800,-1.8923,12.714,186.31,671.96,0.26982,0.1212,0.021376,0.15529,0.1191,0.0144,0.14745,0.10804,0.012672,247,245,244,198,188,179,191,187,183,177,180,185,64,65,67,208,203,197,0.53535,0.53209,0.53306
1,3.8821e+05,-1.8,12.86,195,800,-1.8159,12.722,185.6,1107.4,0.30163,0.12286,0.028224,0.28186,0.11561,0.024704,0.26442,0.10902,0.022016,244,245,246,192,188,181,176,178,179,154,157,160,57,59,62,216,208,200,0.54099,0.53297,0.53046
1,3.8831e+05,-1.72,12.86,195,800,-1.731,12.716,186.07,1061.7,0.24874,0.12069,0.021888,0.21096,0.12059,0.019328,0.18988,0.11582,0.017024,242,244,247,165,173,179,166,171,176,143,147,152,57,60,64,218,209,200,0.53034,0.52938,0.53063
1,3.8841e+05,-1.64,12.86,195,800,-1.6313,12.705,186.32,869.83,0.24846,0.11829,0.022208,0.21105,0.11078,0.017984,0.19151,0.10595,0.01568,246,246,247,167,173,181,165,171,176,143,149,155,60,63,67,210,205,200,0.54284,0.53513,0.53339
1,3.8851e+05,-1.56,12.86,195,800,-1.5761,12.712,186.46,816.39,0.31242,0.12272,0.028416,0.27444,0.1166,0.023744,0.25023,0.11064,0.020672,249,249,248,187,189,187,178,178,177,165,166,166,68,71,72,203,199,196,0.53158,0.52992,0.53321
1,3.8861e+05,-1.48,12.86,195,800,-1.4785,12.707,186.84,894.09,0.268,0.1234,0.025472,0.24485,0.11785,0.022208,0.2257,0.11205,0.019776,249,248,247,199,196,190,184,179,177,169,171,170,71,72,71,198,195,195,0.52867,0.53044,0.53395
1,3.8871e+05,-1.4,12.86,195,800,-1.4138,12.72,187.63,755.53,0.2678,0.11277,0.021312,0.22201,0.10741,0.017024,0.18944,0.10628,0.014656,244,246,247,200,192,188,178,179,177,166,168,170,63,65,66,192,198,202,0.53312,0.53701,0.53354
1,3.8881e+05,-1.32,12.86,195,800,-1.3374,12.703,187.29,773.77,0.24633,0.12186,0.02272,0.22821,0.11517,0.020096,0.20792,0.11187,0.018048,250,248,247,170,175,177,186,183,181,161,164,167,56,58,61,226,214,200,0.53215,0.53578,0.53475
1,3.8891e+05,-1.24,12.86,195,800,-1.2546,12.691,187.78,716.74,0.23627,0.11564,0.020224,0.20824,0.10999,0.017088,0.18934,0.10481,0.015232,249,249,249,166,169,174,188,187,184,159,164,168,55,57,60,213,204,194,0.55014,0.53959,0.5366
1,3.8901e+05,-1.16,12.86,195,800,-1.1803,12.722,185.75,1236.5,0.30219,0.1105,0.024128,0.24163,0.10769,0.019712,0.2069,0.10524,0.016704,251,251,250,172,172,174,192,190,187,168,171,174,59,60,61,165,167,171,0.54884,0.53993,0.5372
1,3.8911e+05,-1.08,12.86,195,800,-1.1093,12.717,186.98,742.08,0.31084,0.12115,0.027008,0.23741,0.11633,0.021632,0.21545,0.11258,0.019008,251,252,251,179,177,177,186,187,187,174,177,177,58,60,60,152,156,162,0.52427,0.53114,0.53512
1,3.8921e+05,-1,12.86,195,800,-1.0159,12.711,187.48,771.21,0.27123,0.11633,0.023296,0.2311,0.11033,0.0192,0.20031,0.1064,0.016512,252,252,252,176,187,191,181,181,182,184,182,177,52,55,56,155,153,154,0.52676,0.53086,0.53486
1,3.8931e+05,-0.92,12.86,195,800,-0.93949,12.712,186.43,707.16,0.2863,0.13449,0.029632,0.26035,0.12866,0.025792,0.23426,0.12169,0.022336,252,252,252,199,200,196,169,173,177,166,169,169,51,53,55,150,152,154,0.53377,0.5377,0.53665
1,3.8941e+05,-0.84,12.86,195,800,-0.85673,12.714,187.05,831.26,0.29572,0.11403,0.022976,0.21156,0.10832,0.0176,0.19034,0.10456,0.01536,253,253,252,196,198,196,170,173,177,160,162,164,54,56,57,157,155,156,0.53842,0.53302,0.53529
1,3.8951e+05,-0.76,12.86,195,800,-0.76549,12.716,186.23,1044.1,0.30019,0.11995,0.026752,0.26827,0.11256,0.022592,0.24063,0.10767,0.019392,254,253,252,197,193,190,183,180,178,154,155,155,59,59,58,174,164,161,0.54054,0.53138,0.53444
1,3.8961e+05,-0.68,12.86,195,800,-0.6944,12.705,186.56,781.63,0.28095,0.12129,0.02624,0.24441,0.11667,0.022144,0.21269,0.11179,0.018624,252,252,251,196,191,186,183,181,178,153,152,150,56,58,58,173,167,164,0.54302,0.53404,0.53588
1,3.8971e+05,-0.6,12.86,195,800,-0.62544,12.698,187.57,564.48,0.27794,0.12582,0.026944,0.24671,0.12007,0.022848,0.22971,0.1149,0.020416,248,248,248,185,183,182,177,178,178,139,142,143,55,56,57,182,172,167,0.52916,0.53507,0.53568
1,3.8981e+05,-0.52,12.86,195,800,-0.54692,12.71,188.8,823.8,0.23164,0.12861,0.021568,0.19328,0.12036,0.017664,0.17893,0.11522,0.015872,245,245,246,189,181,179,182,179,176,136,138,140,64,62,59,186,175,167,0.5288,0.5323,0.53589
1,3.8991e+05,-0.44,12.86,195,800,-0.48008,12.722,187.5,1163.2,0.30035,0.1164,0.025408,0.26499,0.10972,0.02176,0.24279,0.10621,0.01888,246,246,245,183,180,179,181,178,176,138,140,141,69,65,61,187,175,167,0.53407,0.52766,0.53214
1,3.9001e+05,-0.36,12.86,195,800,-0.37292,12.698,186.36,980.87,0.30854,0.12128,0.028352,0.27703,0.11195,0.023808,0.24866,0.10818,0.020416,253,247,243,173,177,178,170,173,175,142,145,144,65,65,62,189,174,166,0.52935,0.53313,0.53517
1,3.9011e+05,-0.28,12.86,195,800,-0.29971,12.695,187.62,763.65,0.26688,0.11153,0.021056,0.23059,0.099251,0.015616,0.18036,0.098021,0.012864,249,246,243,179,179,178,171,173,175,142,145,145,62,63,63,185,173,164,0.52681,0.53443,0.53463
1,3.9021e+05,-0.2,12.86,195,800,-0.20847,12.677,186.98,855.38,0.24168,0.11457,0.0208,0.21781,0.11164,0.017984,0.19463,0.10494,0.015488,244,244,243,187,181,178,178,176,174,143,144,146,65,66,66,171,162,156,0.53073,0.53429,0.53573
1,3.9031e+05,-0.12,12.86,195,800,-0.15436,12.697,185.34,905.6,0.21623,0.11922,0.020288,0.19146,0.1156,0.017408,0.1765,0.11169,0.015552,244,244,244,186,185,180,171,172,173,143,149,153,81,77,72,143,144,146,0.5416,0.53906,0.53607
1,3.9041e+05,-0.04,12.86,195,800,-0.067354,12.697,186.89,992.7,0.29912,0.12738,0.02848,0.2683,0.12229,0.024704,0.24869,0.11656,0.022144,246,245,244,195,189,182,167,171,173,150,156,159,83,79,74,141,142,145,0.53166,0.53644,0.53695
1,3.9051e+05,0.04,12.86,195,800,0.005854,12.707,187.52,888.92,0.34128,0.10961,0.024448,0.25453,0.10472,0.018624,0.19623,0.10131,0.01472,245,244,243,190,188,184,174,174,173,167,170,168,76,77,79,164,156,149,0.55022,0.53631,0.53434
1,3.9061e+05,0.12,12.86,195,800,0.081185,12.701,186.96,743.75,0.23524,0.13404,0.024512,0.22072,0.12548,0.021504,0.20924,0.11793,0.0192,244,243,242,180,186,185,176,174,172,167,170,170,77,80,82,173,160,150,0.53571,0.53302,0.53435
1,3.9071e+05,0.2,12.86,195,800,0.17986,12.696,187.4,792.59,0.265,0.11951,0.023232,0.22249,0.1133,0.018688,0.19187,0.10602,0.01568,238,241,242,190,187,182,161,166,171,167,171,171,92,88,82,156,153,148,0.5445,0.53893,0.53695
1,3.9081e+05,0.28,12.86,195,800,0.24882,12.701,186.11,719.61,0.28131,0.1318,0.02688,0.19687,0.1289,0.019904,0.17913,0.12402,0.0176,246,245,244,176,178,178,169,168,169,170,168,164,65,69,73,144,140,138,0.52836,0.53694,0.53792
1,3.9091e+05,0.36,12.86,195,800,0.32309,12.707,185.39,886.6,0.30196,0.13276,0.030144,0.26814,0.12699,0.026176,0.24921,0.11855,0.022656,247,247,245,177,176,176,171,170,170,155,158,158,58,62,67,135,134,134,0.54115,0.54307,0.54231
1,3.9101e+05,0.44,12.86,195,800,0.39948,12.703,187.72,640.91,0.27182,0.11165,0.021824,0.22133,0.10867,0.017408,0.17708,0.11004,0.01504,247,247,246,188,181,177,173,172,172,135,138,143,62,61,62,128,128,128,0.54589,0.54495,0.54503
1,3.9111e+05,0.52,12.86,195,800,0.47587,12.709,185.41,867.76,0.25515,0.11347,0.02176,0.2149,0.108,0.017792,0.19164,0.10605,0.015808,245,246,246,184,181,179,174,173,171,131,134,139,63,62,62,129,127,125,0.536,0.54349,0.54478
1,3.9121e+05,0.6,12.86,195,800,0.55969,12.693,187.97,1011.3,0.31101,0.12188,0.028288,0.27727,0.11586,0.023936,0.25224,0.10677,0.020544,249,247,248,179,181,182,168,168,169,133,135,137,59,62,66,121,120,119,0.54647,0.54478,0.54391
1,3.9131e+05,0.68,12.86,195,800,0.64457,12.703,187.3,1007.1,0.27094,0.1139,0.022528,0.22424,0.10966,0.017984,0.18536,0.10522,0.015296,254,252,251,195,191,188,161,165,167,138,139,141,81,78,73,113,114,115,0.54341,0.54238,0.54413
1,3.9141e+05,0.76,12.86,195,800,0.72309,12.687,187.87,1004.1,0.29287,0.12475,0.0272,0.26865,0.11721,0.023424,0.24449,0.11121,0.02016,254,253,252,201,193,191,162,165,167,142,143,144,93,83,74,114,114,115,0.54824,0.54582,0.54393
1,3.9151e+05,0.84,12.86,195,800,0.78887,12.697,186.83,910.96,0.35392,0.12616,0.032384,0.30948,0.11688,0.026432,0.27117,0.11065,0.022592,253,253,252,187,196,201,163,166,169,153,149,145,68,73,74,114,119,124,0.55645,0.54449,0.54359
1,3.9161e+05,0.92,12.86,195,800,0.87587,12.686,187.52,932.59,0.27138,0.12615,0.02528,0.23669,0.11985,0.021248,0.21327,0.11745,0.019328,252,250,251,198,201,205,164,167,170,148,146,144,70,69,70,122,127,131,0.54129,0.54283,0.54277
1,3.9171e+05,1,12.86,195,800,0.94802,12.703,187.77,743.29,0.32563,0.12423,0.030016,0.29646,0.11846,0.025664,0.2694,0.11362,0.022272,243,245,249,203,206,207,174,171,172,139,141,144,66,66,66,144,148,146,0.55279,0.54374,0.54231
1,3.9181e+05,1.08,12.86,195,800,1.0287,12.707,187.33,1027.1,0.33759,0.11414,0.027904,0.27986,0.10973,0.02336,0.25082,0.10287,0.01952,247,249,250,185,194,203,172,174,174,150,148,145,62,61,61,162,162,156,0.53996,0.54028,0.54241
1,3.9191e+05,1.16,12.86,195,800,1.105,12.7,185.43,962.4,0.30305,0.1202,0.02784,0.26761,0.11577,0.023744,0.24685,0.10714,0.020544,251,251,251,189,193,202,172,174,176,148,147,146,63,60,59,174,168,158,0.54541,0.54303,0.54097
1,3.9201e+05,1.24,12.86,195,800,1.191,12.706,187.58,951.11,0.28665,0.11625,0.021632,0.1806,0.11213,0.015808,0.16589,0.10452,0.013824,254,253,252,204,206,205,176,178,179,143,144,145,58,58,57,178,170,159,0.54405,0.53807,0.53886
1,3.9211e+05,1.32,12.86,195,800,1.2674,12.71,186.54,1035.3,0.27227,0.11461,0.022784,0.24185,0.1105,0.0192,0.20738,0.10489,0.016064,254,253,252,219,209,204,181,180,180,145,145,146,59,57,56,177,169,159,0.53527,0.53799,0.53892
1,3.9221e+05,1.4,12.86,195,800,1.3416,12.709,185.95,836.5,0.25468,0.1162,0.022336,0.2032,0.11028,0.017536,0.18778,0.10598,0.015552,254,254,252,200,202,203,184,183,183,151,151,151,52,55,57,180,169,158,0.53616,0.54007,0.53764
1,3.9231e+05,1.48,12.86,195,800,1.4276,12.707,186.86,968.14,0.25963,0.12382,0.024832,0.23901,0.1169,0.021568,0.21832,0.11227,0.019136,255,253,251,209,209,207,194,194,191,146,150,151,57,58,58,165,161,157,0.55026,0.53886,0.53834
1,3.9241e+05,1.56,12.86,195,800,1.5135,12.683,187.32,1146.9,0.27737,0.11318,0.023872,0.25537,0.10683,0.020736,0.2367,0.10292,0.01856,254,252,250,227,220,211,211,203,193,143,147,149,56,58,58,158,157,156,0.53341,0.53712,0.53951
1,3.9251e+05,1.64,12.86,195,800,1.5814,12.696,186.76,831.75,0.29925,0.11803,0.026048,0.26721,0.11145,0.021888,0.23212,0.10523,0.018432,253,250,247,232,223,213,196,197,193,139,140,140,49,52,55,155,159,162,0.53492,0.53738,0.53742
1,3.9261e+05,1.72,12.86,195,800,1.6504,12.715,187.09,791.96,0.29998,0.11487,0.025984,0.27066,0.10782,0.022016,0.24612,0.10196,0.018816,249,247,245,223,216,211,189,190,189,133,135,137,51,51,53,172,168,166,0.53627,0.53629,0.53633
1,3.9271e+05,1.8,12.86,195,800,1.7385,12.706,187.84,1045.6,0.3023,0.11069,0.024704,0.25613,0.10391,0.020096,0.22816,0.10235,0.017728,238,241,243,212,205,199,189,183,178,129,130,132,50,51,52,200,188,181,0.5315,0.53469,0.53308
1,3.9281e+05,1.88,12.86,195,800,1.8212,12.71,187.54,848.86,0.31907,0.10451,0.024064,0.26621,0.10199,0.019712,0.22066,0.10018,0.015936,235,240,243,172,182,189,173,172,170,127,128,131,55,54,55,212,204,199,0.52729,0.53064,0.53122
1,3.9291e+05,1.96,12.86,195,800,1.8976,12.698,187.29,1013.3,0.27608,0.11693,0.02464,0.25373,0.11152,0.021888,0.23247,0.10589,0.019264,239,242,244,175,181,187,173,170,168,128,129,131,58,58,58,219,214,209,0.53571,0.53368,0.53186
1,3.9301e+05,2.04,12.86,195,800,1.9772,12.703,186.94,958.49,0.30484,0.11606,0.02656,0.26551,0.10808,0.021824,0.22582,0.10399,0.018112,249,249,249,191,192,194,173,169,167,133,135,136,76,75,74,244,232,226,0.54335,0.53072,0.52839
1,3.9311e+05,2.12,12.86,195,800,2.0377,12.733,187.29,842.66,0.31082,0.11544,0.026368,0.26763,0.10762,0.021184,0.23498,0.10303,0.018112,251,251,249,184,196,203,165,165,168,139,138,139,99,95,87,244,236,232,0.52156,0.52534,0.52642
1,3.9321e+05,2.2,12.86,195,800,2.1406,12.692,186.22,716.25,0.26496,0.13853,0.025152,0.2302,0.12926,0.02016,0.19699,0.12066,0.017088,252,250,249,221,219,212,161,165,169,156,158,156,192,136,101,245,238,236,0.522,0.52504,0.52418
1,3.9331e+05,2.28,12.86,195,800,2.2106,12.71,186.96,1007.3,0.27457,0.12245,0.024832,0.24987,0.11437,0.021696,0.22622,0.10845,0.018688,248,249,249,230,218,211,167,169,172,201,182,166,112,107,97,240,235,234,0.52298,0.524,0.52253
1,3.9341e+05,2.36,12.86,195,800,2.287,12.696,188.06,1017.3,0.26982,0.1228,0.025216,0.2417,0.1186,0.021952,0.22201,0.11206,0.019072,245,249,249,212,209,206,166,171,175,181,177,168,94,91,89,235,233,231,0.51589,0.51777,0.52033
1,3.9351e+05,2.44,12.86,195,800,2.3634,12.714,186.3,887.59,0.24449,0.11306,0.020288,0.19927,0.11013,0.01664,0.18661,0.10387,0.014976,249,248,247,198,196,196,181,179,178,160,159,160,86,83,83,241,228,217,0.52368,0.52134,0.52059
1,3.9361e+05,2.52,12.86,195,800,2.4504,12.701,186.54,754.33,0.34049,0.12144,0.030272,0.30052,0.11532,0.025984,0.27074,0.11002,0.022528,247,246,246,191,191,192,183,181,180,155,156,157,87,84,84,232,218,205,0.51563,0.51396,0.51675
1,3.9371e+05,2.6,12.86,195,800,2.514,12.716,185.44,866.69,0.23384,0.11741,0.021248,0.20297,0.11045,0.017664,0.18708,0.10481,0.015552,245,245,246,183,183,187,185,185,183,150,151,153,94,91,90,185,178,171,0.52068,0.51404,0.51542
1,3.9381e+05,2.68,12.86,195,800,2.6085,12.7,185.67,849.48,0.26659,0.12769,0.024576,0.23667,0.12151,0.02112,0.21327,0.11635,0.018688,253,252,250,183,183,185,197,190,185,153,151,153,122,111,104,141,139,140,0.51319,0.51461,0.51528
1,3.9391e+05,2.76,12.86,195,800,2.6796,12.715,184.91,702.21,0.23645,0.10701,0.019264,0.21237,0.10379,0.017024,0.19629,0.10165,0.015296,255,254,251,179,182,183,194,190,184,154,155,155,140,125,111,130,130,133,0.52107,0.52215,0.52169
1,3.9401e+05,2.84,12.86,195,800,2.7644,12.693,186.25,974.52,0.26775,0.11906,0.024384,0.24034,0.114,0.021376,0.22749,0.10831,0.019008,250,250,250,176,177,182,189,181,177,171,163,161,152,128,114,134,137,141,0.52883,0.53249,0.53555
1,3.9411e+05,2.92,12.86,195,800,2.8313,12.705,185.93,1049.3,0.27915,0.1195,0.025728,0.25778,0.1083,0.021696,0.23874,0.10705,0.019776,246,248,250,179,181,184,172,176,176,166,167,164,116,117,112,151,152,152,0.54908,0.55507,0.55527
1,3.9421e+05,3,12.86,195,800,2.9056,12.71,152.24,868.55,0.29686,0.12899,0.029696,0.27131,0.12428,0.026304,0.24863,0.11998,0.02336,252,251,250,194,195,192,178,175,174,178,173,169,109,106,104,180,177,172,0.43104,0.44285,0.46031
1,3.9723e+05,3,12.953,195,800,2.861,12.802,-0.050663,693.65,0,0,0,0,0,0,0,0,0,251,249,247,202,195,187,181,178,176,162,165,167,97,99,103,190,190,186,0.43993,0.45483,0.46546
1,3.9733e+05,2.92,12.953,195,800,2.7782,12.827,188.08,934.12,0.30853,0.10995,0.020288,0.25287,0.10655,0.017472,0.22282,0.1058,0.015488,243,246,247,170,179,184,165,171,176,160,164,166,93,104,112,155,159,160,0.56263,0.55879,0.55746
1,3.9743e+05,2.84,12.953,195,800,2.7167,12.808,187.35,846.68,0.28395,0.1154,0.02496,0.23459,0.11435,0.0208,0.21942,0.10991,0.018816,245,247,248,177,181,185,171,173,179,163,163,163,105,111,114,134,137,145,0.53654,0.53521,0.53526
1,3.9753e+05,2.76,12.953,195,800,2.6573,12.811,187.45,777.84,0.30451,0.1271,0.029888,0.27691,0.11904,0.025344,0.24987,0.11318,0.021632,251,252,250,207,200,194,184,185,185,150,154,157,100,109,113,117,121,128,0.52048,0.52362,0.52145
1,3.9763e+05,2.68,12.953,195,800,2.5766,12.802,187.11,742.59,0.38648,0.13759,0.03904,0.35369,0.1249,0.03328,0.32052,0.11356,0.02624,252,250,249,203,199,197,185,186,187,146,149,154,91,98,106,123,125,131,0.52228,0.51511,0.51619
1,3.9773e+05,2.6,12.953,195,800,2.496,12.806,186.61,856.77,0.34956,0.12023,0.031744,0.29404,0.11234,0.025344,0.27339,0.10595,0.022144,237,242,247,188,193,200,186,184,184,147,150,154,77,85,93,142,147,154,0.51617,0.51319,0.5137
1,3.9783e+05,2.52,12.953,195,800,2.4154,12.801,186.73,812.45,0.3085,0.11278,0.026368,0.26735,0.10803,0.022144,0.23734,0.10376,0.018304,243,245,247,207,206,204,174,177,180,150,154,158,78,83,88,175,179,185,0.51767,0.51697,0.51713
1,3.9793e+05,2.44,12.953,195,800,2.3485,12.803,187.13,735.47,0.26831,0.13637,0.02752,0.25058,0.12478,0.023872,0.2322,0.11733,0.020864,250,249,248,210,209,206,176,176,178,150,157,161,81,84,87,193,196,200,0.52173,0.52059,0.51949
1,3.9803e+05,2.36,12.953,195,800,2.2679,12.8,186.52,660.87,0.33195,0.11651,0.028992,0.29446,0.1072,0.023744,0.26106,0.10195,0.02048,251,249,248,197,208,213,172,175,175,163,167,166,76,82,88,227,225,223,0.52201,0.52139,0.52117
1,3.9813e+05,2.28,12.953,195,800,2.1894,12.795,186.34,838.18,0.31492,0.11922,0.027648,0.29104,0.11434,0.023872,0.25757,0.10913,0.020608,246,246,247,210,215,217,171,173,173,168,168,164,71,81,92,233,232,230,0.52089,0.52209,0.52241
1,3.9823e+05,2.2,12.953,195,800,2.1024,12.806,185.99,737.14,0.33063,0.12713,0.030272,0.28277,0.11185,0.024192,0.26315,0.10912,0.021824,238,243,247,236,230,217,166,167,167,143,149,153,68,82,89,235,235,235,0.52521,0.52516,0.52394
1,3.9833e+05,2.12,12.953,195,800,2.0228,12.802,187.22,894.5,0.26139,0.10985,0.020864,0.22285,0.10547,0.017216,0.19854,0.097859,0.014272,254,250,248,220,211,205,159,162,166,133,136,140,63,69,77,224,229,230,0.53039,0.5295,0.52872
1,3.9843e+05,2.04,12.953,195,800,1.9454,12.803,186.41,1029.4,0.35634,0.12332,0.03264,0.3173,0.11705,0.028032,0.29429,0.10881,0.024,251,249,247,196,199,196,160,163,165,134,137,139,61,63,68,220,224,225,0.52809,0.52517,0.52799
1,3.9853e+05,1.96,12.953,195,800,1.8881,12.789,187.07,770.05,0.28089,0.12114,0.0256,0.25982,0.11536,0.022592,0.23959,0.11059,0.019904,241,244,245,188,190,190,155,159,164,137,138,139,54,56,58,213,210,208,0.53559,0.53458,0.53233
1,3.9863e+05,1.88,12.953,195,800,1.7904,12.806,187.21,946.04,0.2776,0.12634,0.027008,0.25236,0.12094,0.02336,0.22889,0.11806,0.020736,246,244,243,198,195,192,148,155,164,136,137,140,52,54,55,201,199,197,0.53333,0.52967,0.52968
1,3.9873e+05,1.8,12.953,195,800,1.7056,12.811,185.98,1205.9,0.26254,0.12597,0.024896,0.21404,0.12099,0.019968,0.18778,0.11623,0.01728,244,245,243,201,201,198,159,165,171,136,138,141,52,53,54,168,173,175,0.53206,0.53218,0.53287
1,3.9883e+05,1.72,12.953,195,800,1.6302,12.817,186.4,1027.2,0.29041,0.11808,0.025664,0.24273,0.11126,0.0208,0.22548,0.10752,0.018624,242,242,243,193,200,206,190,188,187,142,143,147,56,55,55,157,156,157,0.53095,0.53352,0.53422
1,3.9893e+05,1.64,12.953,195,800,1.5687,12.786,185.06,1020,0.27802,0.11887,0.025472,0.25351,0.11083,0.021632,0.23038,0.10889,0.019456,237,241,243,198,205,208,201,201,195,145,147,150,56,56,56,148,149,151,0.53066,0.53764,0.53646
1,3.9903e+05,1.56,12.953,195,800,1.4679,12.806,185.87,1147.5,0.33165,0.11626,0.027968,0.29747,0.11042,0.02368,0.26606,0.10505,0.020032,238,242,246,208,206,206,217,207,196,153,156,158,55,56,58,139,140,143,0.53833,0.53631,0.5376
1,3.9913e+05,1.48,12.953,195,800,1.3979,12.802,185.59,929.92,0.33196,0.10508,0.024768,0.27829,0.10362,0.019328,0.19338,0.10536,0.01504,243,246,248,197,200,204,192,194,191,160,161,160,57,57,58,132,137,142,0.53166,0.53456,0.53794
1,3.9923e+05,1.4,12.953,195,800,1.3194,12.802,187.31,742.17,0.30439,0.11614,0.026368,0.27093,0.10762,0.021568,0.23706,0.10442,0.017856,255,253,252,192,197,202,163,169,177,162,161,160,58,59,60,132,135,139,0.5386,0.53897,0.53844
1,3.9933e+05,1.32,12.953,195,800,1.2387,12.812,187.31,680.61,0.28182,0.1273,0.02816,0.25406,0.11904,0.02368,0.23426,0.11579,0.021312,251,251,252,207,210,211,169,168,171,152,154,157,60,60,61,130,134,139,0.55024,0.54223,0.54117
1,3.9943e+05,1.24,12.953,195,800,1.1655,12.801,187.09,789.27,0.28914,0.12672,0.027648,0.24213,0.12009,0.022272,0.2144,0.11341,0.018944,249,250,252,223,221,216,169,170,172,152,153,154,59,61,63,130,134,138,0.53948,0.53873,0.53976
1,3.9953e+05,1.16,12.953,195,800,1.0806,12.797,186.99,716.55,0.33974,0.11402,0.027392,0.27482,0.11047,0.02144,0.21826,0.10402,0.017408,253,252,251,238,228,218,174,171,172,148,149,151,61,63,66,138,135,135,0.54328,0.53979,0.54084
1,3.9963e+05,1.08,12.953,195,800,1.0106,12.784,185.9,843.19,0.31203,0.12689,0.02912,0.28978,0.1176,0.02496,0.26951,0.11339,0.021952,254,253,251,226,225,216,166,170,171,144,147,149,61,65,68,130,133,133,0.53665,0.53635,0.54017
1,3.9973e+05,1,12.953,195,800,0.93847,12.798,186.91,677.7,0.27209,0.14257,0.02464,0.21176,0.11717,0.019264,0.19322,0.10899,0.016576,253,252,251,223,215,208,164,167,170,143,143,146,70,69,70,134,128,125,0.54624,0.54058,0.54132
1,3.9983e+05,0.92,12.953,195,800,0.85147,12.789,186.42,967.68,0.32253,0.11549,0.027392,0.27492,0.10882,0.0224,0.24406,0.10689,0.019456,255,254,252,204,200,199,174,170,169,142,144,146,74,70,70,113,114,116,0.54343,0.53956,0.54116
1,3.9993e+05,0.84,12.953,195,800,0.76977,12.811,187.64,964.42,0.27728,0.10956,0.022528,0.24635,0.10778,0.019392,0.21225,0.10625,0.016896,255,255,253,191,195,195,172,171,168,145,146,147,68,70,71,108,109,111,0.54534,0.5437,0.54446
1,4.0003e+05,0.76,12.953,195,800,0.69656,12.786,186.34,789.73,0.27518,0.11647,0.024064,0.24177,0.11282,0.020928,0.22411,0.1038,0.018112,251,250,251,192,190,189,170,167,165,145,145,147,67,69,71,107,107,107,0.538,0.54356,0.5435
1,4.0013e+05,0.68,12.953,195,800,0.62335,12.787,186.86,946.33,0.3504,0.11304,0.029888,0.30568,0.10754,0.024192,0.25582,0.10553,0.020288,243,248,250,191,189,186,165,164,163,143,144,146,67,69,71,105,106,107,0.55175,0.54634,0.54435
1,4.0023e+05,0.6,12.953,195,800,0.53847,12.793,186.88,962.79,0.30703,0.11227,0.025664,0.26613,0.10682,0.021824,0.23966,0.10195,0.01856,248,247,246,178,180,181,160,163,165,143,144,146,64,68,73,102,106,109,0.5483,0.54498,0.54401
1,4.0033e+05,0.52,12.953,195,800,0.47375,12.796,186.61,591.93,0.33932,0.11576,0.029184,0.28881,0.10826,0.02368,0.26048,0.10527,0.020608,242,244,245,171,171,174,178,174,172,147,149,152,73,73,74,113,112,112,0.53683,0.54154,0.54339
1,4.0043e+05,0.44,12.953,195,800,0.38569,12.811,187.79,901.34,0.2983,0.10909,0.023488,0.21893,0.10915,0.018176,0.18406,0.10707,0.01536,244,243,244,168,168,170,180,177,175,153,155,157,73,73,74,113,113,115,0.53739,0.54234,0.54391
1,4.0053e+05,0.36,12.953,195,800,0.30718,12.802,187.06,787.25,0.28441,0.11151,0.024256,0.25236,0.10705,0.020672,0.2187,0.10374,0.017472,246,244,243,163,167,170,175,175,176,181,176,170,66,69,73,114,116,120,0.54552,0.53951,0.54266
1,4.0063e+05,0.28,12.953,195,800,0.22866,12.8,187.6,855.04,0.22648,0.12529,0.021696,0.20906,0.12017,0.019264,0.19469,0.1184,0.017792,244,243,242,172,171,171,173,174,174,193,183,173,72,73,75,117,121,124,0.54239,0.53863,0.53806
1,4.0073e+05,0.2,12.953,195,800,0.14166,12.807,187.12,1212.6,0.21073,0.11966,0.019648,0.19225,0.1162,0.017408,0.17649,0.11048,0.015424,239,239,240,180,177,175,177,175,175,181,177,175,90,85,81,130,134,137,0.54173,0.53707,0.53756
1,4.0083e+05,0.12,12.953,195,800,0.072697,12.788,186.99,754.32,0.23636,0.11509,0.020672,0.21089,0.1078,0.0176,0.19679,0.10444,0.016,242,241,240,181,177,174,180,178,175,177,174,171,79,83,84,144,146,144,0.5388,0.53758,0.53549
1,4.0093e+05,0.04,12.953,195,800,-0.012183,12.811,187.92,942.18,0.27482,0.12049,0.02528,0.24527,0.11288,0.02112,0.21696,0.10893,0.018112,241,240,240,178,175,173,172,174,173,184,175,167,79,82,84,141,144,143,0.53544,0.53349,0.5332
1,4.0103e+05,-0.04,12.953,195,800,-0.099184,12.806,186.23,981.19,0.29977,0.10881,0.024,0.25393,0.1044,0.0192,0.20328,0.10138,0.015232,235,237,240,170,169,167,165,166,170,161,158,156,81,82,81,131,134,141,0.53626,0.53368,0.53603
1,4.0113e+05,-0.12,12.953,195,800,-0.1639,12.806,186.8,715.9,0.24245,0.11897,0.0224,0.2206,0.11324,0.019456,0.20498,0.10831,0.017344,235,237,239,170,168,166,163,166,170,148,149,149,79,79,78,131,136,144,0.53367,0.53712,0.53628
1,4.0123e+05,-0.2,12.953,195,800,-0.25197,12.81,187.56,655.8,0.24021,0.11618,0.021248,0.22005,0.10928,0.018688,0.20054,0.1054,0.016384,239,238,239,166,166,165,167,170,173,145,143,142,68,70,71,151,156,161,0.53274,0.53369,0.53584
1,4.0133e+05,-0.28,12.953,195,800,-0.32624,12.806,186.85,639.97,0.22975,0.11696,0.020736,0.21541,0.10947,0.018304,0.20503,0.10254,0.01632,235,238,241,170,169,167,176,178,179,145,144,142,61,62,63,166,173,180,0.53959,0.53528,0.53384
1,4.0143e+05,-0.36,12.953,195,800,-0.39414,12.812,185.18,913.97,0.27812,0.11399,0.02368,0.23745,0.10713,0.01952,0.21926,0.10176,0.017024,234,238,241,172,169,167,181,181,181,149,145,142,57,58,60,167,178,186,0.54091,0.53711,0.53369
1,4.0153e+05,-0.44,12.953,195,800,-0.47584,12.789,187.02,948.25,0.26764,0.11069,0.020864,0.22966,0.1035,0.017152,0.20044,0.10046,0.01472,235,239,242,151,162,169,182,182,181,142,140,140,51,54,56,169,182,191,0.51467,0.53045,0.53524
1,4.0163e+05,-0.52,12.953,195,800,-0.56284,12.797,187.15,749.12,0.22667,0.13904,0.022976,0.20682,0.12513,0.019456,0.1879,0.12009,0.017152,237,240,243,156,162,168,179,179,180,135,137,139,53,53,54,168,182,193,0.53389,0.53164,0.53413
1,4.0173e+05,-0.6,12.953,195,800,-0.64029,12.796,185.98,870.52,0.27183,0.14602,0.029632,0.24454,0.1369,0.024704,0.21774,0.12364,0.020864,244,245,246,160,164,170,177,177,178,139,140,142,52,53,55,179,188,194,0.54239,0.5424,0.53765
1,4.0183e+05,-0.68,12.953,195,800,-0.72729,12.807,187.21,847.84,0.25692,0.1147,0.022848,0.21656,0.11162,0.018752,0.19756,0.10662,0.01632,252,250,249,157,163,171,181,179,178,151,150,148,57,59,60,187,191,190,0.53505,0.53549,0.53656
1,4.0193e+05,-0.76,12.953,195,800,-0.78353,12.798,185.36,726.03,0.20656,0.11495,0.018112,0.18548,0.11029,0.015872,0.17289,0.10443,0.014016,247,249,250,156,164,173,177,178,178,153,151,151,63,63,61,180,184,183,0.53257,0.53718,0.53714
1,4.0203e+05,-0.84,12.953,195,800,-0.8684,12.807,185.71,778.23,0.22685,0.11882,0.0208,0.19929,0.11637,0.018112,0.18369,0.10813,0.015808,249,250,251,174,179,182,176,175,177,154,153,154,58,61,61,155,162,168,0.53319,0.53467,0.5333
1,4.0213e+05,-0.92,12.953,195,800,-0.96496,12.803,185.08,1149.7,0.21874,0.13384,0.022336,0.1981,0.12831,0.019392,0.18304,0.12476,0.017728,254,253,252,196,189,183,176,177,178,151,152,156,57,58,59,153,158,164,0.52628,0.52955,0.53344
1,4.0223e+05,-1,12.953,195,800,-1.0382,12.797,186.57,968.32,0.32365,0.12223,0.030016,0.29261,0.11471,0.025536,0.26969,0.11062,0.02272,254,254,253,187,182,179,184,184,183,153,157,161,53,53,54,159,165,167,0.53072,0.536,0.53618
1,4.0233e+05,-1.08,12.953,195,800,-1.1124,12.779,186.66,819.96,0.27085,0.11702,0.023936,0.24787,0.10874,0.020544,0.21412,0.10432,0.017536,252,252,252,157,161,166,188,189,188,168,164,163,51,51,52,163,170,174,0.52637,0.53265,0.53535
1,4.0243e+05,-1.16,12.953,195,800,-1.1867,12.814,187.88,1013.8,0.29559,0.12536,0.028608,0.26441,0.12191,0.024896,0.24462,0.11431,0.022016,250,250,250,156,157,162,192,190,187,163,163,162,51,51,52,165,173,179,0.51714,0.53146,0.53515
1,4.0253e+05,-1.24,12.953,195,800,-1.2642,12.786,186.97,882.51,0.27558,0.11064,0.02176,0.2098,0.10576,0.016512,0.18255,0.10521,0.014656,241,244,248,152,156,160,186,185,182,158,159,162,50,51,54,186,190,189,0.53505,0.53815,0.53501
1,4.0263e+05,-1.32,12.953,195,800,-1.3405,12.806,187.25,708.5,0.25569,0.12576,0.025024,0.23488,0.12023,0.022144,0.22352,0.11718,0.02048,244,245,247,154,155,160,176,179,180,162,163,166,53,53,56,192,194,192,0.54207,0.53833,0.53534
1,4.0273e+05,-1.4,12.953,195,800,-1.4201,12.811,186.78,891.44,0.31451,0.11424,0.02624,0.24855,0.11014,0.020544,0.19766,0.10953,0.017152,247,247,247,145,156,167,179,178,178,191,185,178,68,68,66,176,186,195,0.5479,0.53829,0.53581
1,4.0283e+05,-1.48,12.953,195,800,-1.5177,12.811,185.65,925.56,0.26251,0.11917,0.023872,0.22905,0.11157,0.01984,0.20684,0.10881,0.0176,243,245,247,183,180,176,176,179,179,205,193,179,90,83,76,193,197,200,0.53614,0.53535,0.53408
1,4.0293e+05,-1.56,12.953,195,800,-1.5899,12.789,185.51,974.82,0.28736,0.11125,0.024,0.24894,0.10538,0.019712,0.21468,0.10192,0.016448,247,247,247,197,188,178,179,181,180,189,182,173,88,84,79,200,205,206,0.52945,0.53497,0.53315
1,4.0303e+05,-1.64,12.953,195,800,-1.6578,12.8,186.44,645.57,0.29356,0.1101,0.023552,0.23321,0.11025,0.019712,0.2083,0.10844,0.017408,251,248,246,181,179,176,194,188,181,150,153,157,79,77,76,208,211,211,0.52692,0.53241,0.53449
1,4.0313e+05,-1.72,12.953,195,800,-1.7384,12.777,185.41,928.95,0.22135,0.12006,0.020672,0.20775,0.1122,0.018496,0.19889,0.10798,0.016896,247,246,245,176,175,173,190,188,183,145,148,154,68,71,73,212,212,210,0.5294,0.5317,0.53459
1,4.0323e+05,-1.8,12.953,195,800,-1.7968,12.778,185.72,1139.4,0.2611,0.11093,0.022208,0.22947,0.109,0.0192,0.20872,0.10376,0.016512,241,242,243,169,170,170,188,189,187,159,160,163,62,64,68,202,204,202,0.52343,0.52745,0.53204
1,4.0333e+05,-1.88,12.953,195,800,-1.8827,12.788,186.55,678.1,0.30912,0.1092,0.024192,0.22171,0.11151,0.0192,0.19603,0.10895,0.016704,242,242,241,158,160,167,196,193,189,189,188,190,70,71,70,192,195,194,0.53362,0.52889,0.53032
1,4.0343e+05,-1.96,12.953,195,800,-1.9718,12.796,185.63,776.33,0.25551,0.11995,0.021632,0.17991,0.1196,0.01664,0.16031,0.11738,0.014656,242,242,241,156,160,166,191,191,189,207,208,208,80,78,76,199,194,189,0.52034,0.5313,0.52971
1,4.0353e+05,-2.04,12.953,195,800,-2.045,12.791,186.69,834.87,0.28438,0.11941,0.025728,0.25146,0.11259,0.021568,0.22286,0.10849,0.018624,241,239,240,160,162,167,189,189,188,249,245,239,101,96,93,183,184,182,0.52694,0.52794,0.52938
1,4.0363e+05,-2.12,12.953,195,800,-2.1331,12.795,186.88,1135.9,0.23398,0.1182,0.021696,0.21742,0.11242,0.018944,0.20053,0.1076,0.016832,238,239,241,156,163,170,193,191,188,255,253,249,105,104,103,175,177,179,0.52091,0.5269,0.52889
1,4.0373e+05,-2.2,12.953,195,800,-2.1989,12.805,185.91,686.25,0.26307,0.11349,0.022784,0.24472,0.10967,0.02048,0.23018,0.104,0.018048,243,244,245,159,161,167,204,197,189,255,255,255,132,129,130,175,176,180,0.53932,0.5294,0.52957
1,4.0383e+05,-2.28,12.953,195,800,-2.2912,12.811,187.08,1210.7,0.26125,0.10412,0.020224,0.22051,0.09817,0.016384,0.1981,0.094366,0.013824,242,243,244,136,145,160,194,191,186,255,255,255,177,177,173,201,201,201,0.53184,0.52846,0.52873
1,4.0393e+05,-2.36,12.953,195,800,-2.3676,12.806,188.1,762.11,0.21953,0.11966,0.01984,0.18862,0.11438,0.016384,0.16786,0.10844,0.014272,239,240,242,129,141,157,183,185,182,255,255,255,220,208,197,228,221,215,0.53072,0.52961,0.52803
1,4.0403e+05,-2.44,12.953,195,800,-2.4217,12.781,186.57,676.15,0.23634,0.11022,0.019584,0.21001,0.10666,0.016576,0.18953,0.10216,0.014272,232,234,236,146,150,158,177,176,175,255,255,255,254,247,234,253,247,239,0.53687,0.53135,0.52792
1,4.0413e+05,-2.52,12.953,195,800,-2.5257,12.789,187.76,663.68,0.213,0.11858,0.018688,0.17809,0.11342,0.015872,0.16185,0.1113,0.014208,232,234,235,157,157,161,176,175,172,255,255,255,253,250,242,252,249,245,0.53962,0.53268,0.5269
1,4.0423e+05,-2.6,12.953,195,800,-2.5851,12.797,187.81,881.12,0.21765,0.11584,0.019648,0.20557,0.10758,0.017216,0.19103,0.10514,0.01568,237,236,234,170,167,169,174,172,169,255,255,255,252,242,232,251,248,246,0.53835,0.52995,0.52648
1,4.0433e+05,-2.68,12.953,195,800,-2.6859,12.81,186.12,922.92,0.25088,0.12011,0.022464,0.22031,0.11329,0.019584,0.207,0.10704,0.017408,236,235,235,170,174,180,168,168,167,255,255,255,214,206,201,248,244,242,0.53376,0.52663,0.52571
1,4.0443e+05,-2.76,12.953,195,800,-2.758,12.802,186.64,639.96,0.20045,0.12114,0.018816,0.18524,0.11277,0.016448,0.17381,0.11038,0.015104,231,234,237,179,181,185,168,167,166,255,255,255,179,183,190,246,242,241,0.51419,0.52518,0.52711
1,4.0453e+05,-2.84,12.953,195,800,-2.8249,12.792,185.91,608.94,0.2275,0.11503,0.020352,0.20681,0.11032,0.017728,0.19927,0.10313,0.016192,239,241,242,195,192,191,170,168,165,255,255,255,165,177,186,247,240,236,0.52632,0.52832,0.52959
1,4.0463e+05,-2.92,12.953,195,800,-2.8949,12.802,186.41,830.16,0.27486,0.11663,0.024704,0.24279,0.11312,0.021376,0.22696,0.1081,0.019328,250,247,245,192,191,192,170,168,165,255,255,255,186,192,193,243,236,232,0.53885,0.53673,0.53479
1,4.0473e+05,-3,12.953,195,800,-2.9533,12.782,154.89,620.43,0.27924,0.11976,0.02592,0.25071,0.11639,0.022656,0.23167,0.10851,0.019648,248,247,248,191,189,192,168,168,167,255,255,255,229,213,204,226,222,223,0.45368,0.46342,0.4673
1,4.0775e+05,-3,13.046,195,800,-2.949,12.889,-0.70943,722.46,0,0,0,0,0,0,0,0,0,253,249,246,192,201,205,157,161,164,255,255,255,190,191,188,220,228,235,0.45194,0.46519,0.47124
1,4.0785e+05,-2.92,13.046,195,800,-2.8747,12.881,187.13,1125,0.31413,0.11668,0.02208,0.18447,0.10456,0.014528,0.17182,0.10135,0.013312,252,249,244,212,212,210,162,161,161,255,255,255,185,181,179,238,239,241,0.53851,0.53666,0.53538
1,4.0795e+05,-2.84,13.046,195,800,-2.8026,12.884,186.17,713.87,0.23606,0.13042,0.023936,0.21648,0.12741,0.021312,0.20248,0.12185,0.019392,251,246,242,210,211,210,159,160,161,255,255,255,171,174,179,238,242,245,0.53822,0.53311,0.5307
1,4.0805e+05,-2.76,13.046,195,800,-2.7379,12.907,186.62,1041.5,0.27229,0.13133,0.027904,0.24115,0.12684,0.023744,0.21859,0.1211,0.020928,237,237,237,199,205,209,155,157,159,255,255,255,178,190,197,250,248,249,0.52172,0.52487,0.52671
1,4.0815e+05,-2.68,13.046,195,800,-2.653,12.892,186.6,672.57,0.29611,0.12357,0.027712,0.24628,0.11566,0.022208,0.21038,0.1098,0.017984,232,234,236,208,206,205,154,157,159,255,255,255,198,210,213,251,250,250,0.5063,0.5228,0.5259
1,4.0825e+05,-2.6,13.046,195,800,-2.5989,12.893,186.42,1022.3,0.2789,0.13116,0.028352,0.24591,0.12343,0.023424,0.21422,0.11703,0.019712,233,234,236,192,196,199,156,159,161,255,255,255,229,239,241,253,252,252,0.52263,0.52955,0.52828
1,4.0835e+05,-2.52,13.046,195,800,-2.5045,12.9,186.91,864,0.25582,0.14168,0.027776,0.22922,0.13445,0.023936,0.21009,0.12562,0.020672,236,237,238,181,185,188,159,163,166,255,255,255,251,249,245,246,248,248,0.51562,0.52854,0.53
1,4.0845e+05,-2.44,13.046,195,800,-2.4132,12.893,185.9,653.88,0.28319,0.12276,0.026432,0.26171,0.11599,0.022912,0.23885,0.11043,0.020032,236,238,239,175,178,182,168,168,169,255,255,255,243,241,236,235,241,241,0.53078,0.52877,0.5284
1,4.0855e+05,-2.36,13.046,195,800,-2.3591,12.897,187.07,668.49,0.34251,0.13416,0.034432,0.29471,0.12714,0.028608,0.26754,0.12008,0.02432,247,245,243,151,163,176,178,176,176,255,255,255,187,194,196,204,212,215,0.5393,0.53037,0.52731
1,4.0865e+05,-2.28,13.046,195,800,-2.2657,12.883,186.22,868.11,0.31965,0.12513,0.026048,0.24001,0.12204,0.020544,0.20485,0.11851,0.017728,251,248,244,159,167,175,180,180,179,255,255,255,159,166,171,187,193,200,0.52559,0.52966,0.52885
1,4.0875e+05,-2.2,13.046,195,800,-2.1745,12.884,186.85,1268.5,0.30001,0.14136,0.032704,0.27667,0.13115,0.027776,0.25451,0.12293,0.024192,249,247,244,186,183,180,181,183,183,255,255,255,115,118,124,169,174,178,0.53249,0.53195,0.52977
1,4.0885e+05,-2.12,13.046,195,800,-2.1066,12.883,186.23,946.51,0.30246,0.12818,0.029696,0.25169,0.12178,0.02368,0.22369,0.11805,0.020608,238,240,242,178,177,180,184,186,186,255,253,249,86,89,94,173,171,170,0.52159,0.53221,0.53289
1,4.0895e+05,-2.04,13.046,195,800,-2.0355,12.897,186.55,984.24,0.26794,0.13773,0.028608,0.25565,0.12746,0.025344,0.24671,0.12112,0.022976,234,237,240,167,171,178,187,189,187,249,245,239,79,81,85,168,167,168,0.52484,0.53374,0.52978
1,4.0905e+05,-1.96,13.046,195,800,-1.9591,12.896,187.19,898.85,0.30504,0.12094,0.027392,0.26169,0.11621,0.022656,0.23882,0.11083,0.019904,235,237,239,152,163,173,191,189,187,209,210,210,68,71,74,157,160,167,0.52446,0.52845,0.52896
1,4.0915e+05,-1.88,13.046,195,800,-1.8583,12.869,186.8,1145.9,0.26853,0.12278,0.02528,0.24563,0.11542,0.02208,0.23188,0.1104,0.019712,240,240,239,147,159,171,188,187,185,191,192,193,69,69,71,161,164,170,0.54102,0.53305,0.53251
1,4.0925e+05,-1.8,13.046,195,800,-1.8042,12.876,186.3,888.24,0.22867,0.1301,0.023168,0.2084,0.12543,0.020288,0.19639,0.11904,0.018368,240,241,241,159,164,170,184,183,182,167,166,167,73,76,76,192,183,180,0.54295,0.53735,0.53359
1,4.0935e+05,-1.72,13.046,195,800,-1.7066,12.886,186.97,1057.6,0.28334,0.1303,0.026752,0.19918,0.12218,0.0192,0.18595,0.11925,0.0176,240,242,244,161,168,174,185,182,179,154,155,158,104,94,83,198,197,195,0.54156,0.53604,0.53385
1,4.0945e+05,-1.64,13.046,195,800,-1.6334,12.884,185.89,715.69,0.27434,0.12665,0.02656,0.25028,0.11791,0.022912,0.23283,0.11317,0.02016,243,244,246,158,168,177,183,180,176,157,158,160,101,94,84,219,208,199,0.54195,0.53768,0.5357
1,4.0955e+05,-1.56,13.046,195,800,-1.5687,12.897,186,663.59,0.26977,0.12511,0.025792,0.23734,0.11961,0.021568,0.20574,0.11344,0.018176,244,246,248,172,173,177,169,171,172,170,173,172,76,78,78,229,214,199,0.53195,0.53866,0.53678
1,4.0965e+05,-1.48,13.046,195,800,-1.4785,12.892,186.74,827.26,0.29619,0.13701,0.031168,0.26883,0.13073,0.027328,0.24902,0.12116,0.023232,246,247,248,167,169,174,174,171,170,180,180,177,73,73,73,217,205,193,0.52264,0.53001,0.53508
1,4.0975e+05,-1.4,13.046,195,800,-1.4095,12.903,184.5,872.85,0.29805,0.12219,0.027648,0.27327,0.11185,0.023232,0.24289,0.1067,0.019648,251,250,249,148,156,167,173,171,169,176,178,176,63,64,64,192,187,182,0.5261,0.5315,0.53493
1,4.0985e+05,-1.32,13.046,195,800,-1.3459,12.919,185.22,779.23,0.28817,0.1275,0.02752,0.25353,0.12063,0.023616,0.23384,0.1146,0.0208,248,249,250,168,166,167,167,168,172,162,165,167,54,54,55,189,182,176,0.5493,0.53835,0.53376
1,4.0995e+05,-1.24,13.046,195,800,-1.2525,12.898,185.44,630.64,0.27302,0.12077,0.025152,0.24405,0.11421,0.02112,0.21289,0.10859,0.01792,248,249,250,167,167,168,169,171,174,159,161,163,51,52,53,181,179,176,0.54189,0.53208,0.53355
1,4.1005e+05,-1.16,13.046,195,800,-1.1718,12.905,186.34,657.6,0.28562,0.13679,0.0304,0.26201,0.12989,0.026368,0.23743,0.12626,0.023488,255,253,252,149,160,174,177,181,184,158,159,160,53,52,51,187,182,175,0.53482,0.53217,0.53763
1,4.1015e+05,-1.08,13.046,195,800,-1.0912,12.913,185.06,770.92,0.23888,0.11912,0.022208,0.20647,0.11367,0.018304,0.19228,0.10895,0.016384,254,254,252,159,166,177,186,188,187,157,158,159,50,50,51,202,188,174,0.53732,0.53572,0.53619
1,4.1025e+05,-1,13.046,195,800,-1.0201,12.901,187.17,774.45,0.27401,0.12222,0.025536,0.2464,0.11413,0.021568,0.21962,0.10892,0.018624,255,253,252,178,183,187,189,190,188,152,155,157,53,54,54,190,181,170,0.53933,0.53701,0.5352
1,4.1035e+05,-0.92,13.046,195,800,-0.93419,12.891,186.55,863.3,0.27403,0.11566,0.023936,0.24127,0.108,0.01984,0.21655,0.10646,0.017664,252,252,251,175,178,186,183,182,181,155,154,155,66,63,61,170,167,166,0.53154,0.53928,0.53757
1,4.1045e+05,-0.84,13.046,195,800,-0.85143,12.881,186.94,848.78,0.25105,0.11193,0.020928,0.22141,0.10537,0.017536,0.19146,0.10443,0.015168,252,251,250,173,176,183,176,180,180,154,154,154,68,67,63,171,172,170,0.53784,0.53708,0.53578
1,4.1055e+05,-0.76,13.046,195,800,-0.79095,12.91,186.58,885.37,0.27921,0.11683,0.024128,0.23235,0.11193,0.019712,0.20293,0.10851,0.017024,246,247,249,176,174,175,181,179,178,144,148,152,74,68,63,209,198,185,0.53851,0.53538,0.53578
1,4.1065e+05,-0.68,13.046,195,800,-0.71456,12.907,186.81,717.39,0.30702,0.12735,0.029696,0.2894,0.11664,0.025344,0.26576,0.11022,0.022016,247,248,248,172,171,173,175,178,178,144,148,151,64,63,61,223,208,193,0.53756,0.53389,0.53419
1,4.1075e+05,-0.6,13.046,195,800,-0.62013,12.889,186.77,728.87,0.25666,0.12339,0.024128,0.22296,0.11577,0.019904,0.20368,0.11448,0.017856,250,249,247,166,168,171,173,175,176,146,148,148,52,53,55,227,213,198,0.53155,0.53805,0.53594
1,4.1085e+05,-0.52,13.046,195,800,-0.55117,12.898,187.58,798.1,0.24827,0.11365,0.021248,0.21382,0.1107,0.018112,0.19672,0.1037,0.015424,245,244,244,174,168,167,179,178,176,144,144,145,48,49,51,233,213,196,0.53731,0.53744,0.53372
1,4.1095e+05,-0.44,13.046,195,800,-0.47902,12.913,186.95,584.51,0.2713,0.11321,0.022784,0.23925,0.10569,0.019072,0.21099,0.10192,0.01632,245,244,243,167,164,165,185,181,177,140,142,144,49,50,52,231,210,194,0.52393,0.53016,0.53401
1,4.1105e+05,-0.36,13.046,195,800,-0.3708,12.878,186.04,916.92,0.26019,0.12017,0.021696,0.20295,0.1145,0.017728,0.19197,0.10854,0.015872,245,242,240,163,159,161,191,184,178,135,139,144,55,56,57,210,200,191,0.53223,0.53555,0.53626
1,4.1115e+05,-0.28,13.046,195,800,-0.3029,12.892,186.8,872.43,0.27974,0.12684,0.026304,0.25577,0.11893,0.022528,0.23833,0.11061,0.0192,240,240,239,154,156,159,186,183,178,136,139,143,64,62,61,202,196,188,0.547,0.53456,0.53367
1,4.1125e+05,-0.2,13.046,195,800,-0.23075,12.891,184.71,1063.2,0.27408,0.12239,0.024192,0.24458,0.11734,0.020672,0.22415,0.11101,0.017792,234,237,238,136,144,156,185,179,174,136,139,142,80,73,69,173,174,171,0.54605,0.53736,0.53288
1,4.1135e+05,-0.12,13.046,195,800,-0.15223,12.892,185.72,501.9,0.32156,0.11894,0.028992,0.27474,0.11323,0.023808,0.24316,0.10812,0.020096,240,238,239,131,140,153,170,169,169,138,139,144,77,76,75,141,143,149,0.52484,0.52709,0.53127
1,4.1145e+05,-0.04,13.046,195,800,-0.062049,12.884,186.29,691.82,0.22841,0.11355,0.019584,0.19944,0.10712,0.016448,0.18823,0.10005,0.014528,238,238,240,134,141,155,171,168,168,140,144,149,86,81,77,132,136,141,0.53055,0.53142,0.53055
1,4.1155e+05,0.04,13.046,195,800,0.002671,12.894,185.28,992.02,0.22417,0.11833,0.020416,0.20498,0.11213,0.017664,0.18985,0.10715,0.015488,241,239,239,146,152,163,181,176,171,169,166,162,98,89,81,142,137,134,0.52851,0.53026,0.53048
1,4.1165e+05,0.12,13.046,195,800,0.078002,12.92,185.05,654.96,0.27231,0.14151,0.02816,0.24806,0.13442,0.024128,0.22576,0.12874,0.02112,238,239,239,163,162,167,180,177,173,179,174,167,95,87,81,140,134,131,0.53147,0.53111,0.53215
1,4.1175e+05,0.2,13.046,195,800,0.165,12.898,186.05,683.81,0.25873,0.12734,0.023424,0.2123,0.11225,0.017984,0.19136,0.10859,0.015872,237,235,236,162,167,173,176,176,175,164,167,170,74,78,81,119,120,124,0.53289,0.531,0.53305
1,4.1185e+05,0.28,13.046,195,800,0.24776,12.893,186.92,856.87,0.26921,0.12129,0.0256,0.24714,0.11498,0.022336,0.22814,0.11044,0.019712,238,236,235,161,163,168,181,179,176,166,168,171,84,83,82,116,116,117,0.54113,0.54266,0.53872
1,4.1195e+05,0.36,13.046,195,800,0.30293,12.897,185.46,768.34,0.31629,0.12504,0.030144,0.27107,0.11498,0.024256,0.23844,0.11201,0.020672,238,236,236,159,160,166,186,182,178,173,173,173,84,85,85,113,113,116,0.54954,0.54659,0.54463
1,4.1205e+05,0.44,13.046,195,800,0.37614,12.907,186.28,650.21,0.2463,0.11653,0.022336,0.22177,0.11361,0.019584,0.20406,0.10788,0.017344,242,241,240,157,162,169,185,181,176,183,176,170,94,94,92,106,108,110,0.54238,0.54745,0.54526
1,4.1215e+05,0.52,13.046,195,800,0.48224,12.887,186.94,604.93,0.32232,0.11769,0.027648,0.27202,0.11317,0.022784,0.23885,0.10648,0.018624,248,245,242,168,172,174,176,175,172,174,171,168,106,101,93,103,106,107,0.53494,0.54248,0.54497
1,4.1225e+05,0.6,13.046,195,800,0.55757,12.892,187.77,1021.7,0.27703,0.11749,0.025024,0.24781,0.1112,0.021184,0.21705,0.10913,0.018368,247,246,245,195,187,182,160,160,162,167,164,162,93,91,88,99,100,103,0.54776,0.54514,0.54427
1,4.1235e+05,0.68,13.046,195,800,0.65094,12.886,187.46,964.84,0.34999,0.12371,0.030976,0.27076,0.12166,0.024832,0.23666,0.11856,0.021184,244,247,248,167,177,185,153,157,159,155,158,159,72,72,75,103,102,102,0.53687,0.54364,0.54394
1,4.1245e+05,0.76,13.046,195,800,0.71248,12.91,187.25,787.27,0.32352,0.11881,0.028864,0.28857,0.11061,0.024384,0.26689,0.10513,0.021248,250,250,249,170,178,186,159,160,161,155,154,157,69,69,71,105,105,103,0.54695,0.54182,0.54145
1,4.1255e+05,0.84,13.046,195,800,0.7772,12.901,187.4,578.62,0.30072,0.11743,0.027264,0.27262,0.11154,0.023296,0.25045,0.10717,0.020544,253,252,250,202,198,192,172,171,168,148,151,153,67,68,68,104,104,105,0.54284,0.54297,0.54297
1,4.1265e+05,0.92,13.046,195,800,0.88118,12.889,188.85,627.29,0.30623,0.11648,0.026752,0.2685,0.11326,0.023104,0.24697,0.10762,0.020032,252,251,250,211,201,196,178,174,170,155,151,152,70,69,70,101,104,107,0.54077,0.54308,0.54202
1,4.1275e+05,1,13.046,195,800,0.9459,12.887,187.16,702.94,0.35395,0.10991,0.027456,0.28297,0.10772,0.021632,0.23774,0.10464,0.01792,251,250,249,194,197,200,175,174,174,155,153,152,79,77,76,109,110,110,0.54302,0.54194,0.54085
1,4.1285e+05,1.08,13.046,195,800,1.0149,12.892,186.59,685.38,0.30254,0.11586,0.025088,0.24121,0.11194,0.020288,0.21334,0.10712,0.017472,248,250,250,208,210,210,176,175,173,154,155,155,80,82,79,101,108,113,0.53596,0.54101,0.54164
1,4.1295e+05,1.16,13.046,195,800,1.1178,12.884,187.39,1047.1,0.25623,0.10825,0.020288,0.23384,0.10367,0.016704,0.20381,0.09778,0.01408,253,250,250,232,222,215,176,174,173,157,157,159,80,78,77,103,106,113,0.53967,0.53992,0.54142
1,4.1305e+05,1.24,13.046,195,800,1.1974,12.894,187.1,694.11,0.25873,0.12024,0.023552,0.24056,0.11614,0.0208,0.21975,0.10898,0.018368,247,249,250,226,224,218,170,171,173,172,169,164,67,67,69,105,111,118,0.53739,0.53702,0.53935
1,4.1315e+05,1.32,13.046,195,800,1.2684,12.879,187.88,1091.7,0.29512,0.11796,0.02592,0.25854,0.11087,0.021504,0.23024,0.10576,0.018496,249,250,251,210,213,214,171,172,173,179,170,166,64,65,66,111,116,121,0.53288,0.5391,0.54001
1,4.1325e+05,1.4,13.046,195,800,1.3374,12.903,186.21,1099.7,0.25747,0.1297,0.025792,0.23589,0.12329,0.022656,0.21832,0.11564,0.019648,255,253,250,205,202,203,178,177,179,172,170,170,67,67,67,119,123,126,0.52838,0.53795,0.53803
1,4.1335e+05,1.48,13.046,195,800,1.434,12.889,186.54,787.52,0.33529,0.11627,0.028224,0.27442,0.10855,0.022592,0.23541,0.10515,0.018816,247,246,246,199,200,198,184,184,186,176,175,173,69,69,68,125,128,130,0.54045,0.54005,0.53748
1,4.1345e+05,1.56,13.046,195,800,1.5156,12.887,186.34,975.05,0.29514,0.11894,0.025792,0.2612,0.11103,0.021952,0.23546,0.10856,0.019264,242,241,242,198,198,196,184,186,187,179,176,174,68,68,68,136,134,132,0.53743,0.53641,0.53535
1,4.1355e+05,1.64,13.046,195,800,1.5708,12.9,185.57,757.24,0.28673,0.11388,0.024192,0.24891,0.10643,0.019968,0.2233,0.10457,0.017536,236,238,241,198,195,193,181,183,185,173,170,168,64,63,64,137,139,139,0.53684,0.53491,0.53639
1,4.1365e+05,1.72,13.046,195,800,1.6515,12.905,186.07,1107,0.2738,0.11567,0.023168,0.2337,0.10971,0.019136,0.20493,0.10683,0.016832,240,241,242,201,194,192,181,179,180,164,164,164,62,62,63,141,142,142,0.53422,0.53472,0.53517
1,4.1375e+05,1.8,13.046,195,800,1.7363,12.888,185.28,610.09,0.27389,0.13579,0.027392,0.25163,0.12501,0.023552,0.23025,0.11675,0.020224,248,246,245,188,192,193,160,166,172,158,159,159,57,59,61,153,154,155,0.54319,0.53326,0.53234
1,4.1385e+05,1.88,13.046,195,800,1.8106,12.896,186.91,1051.4,0.33614,0.12335,0.030016,0.28403,0.1177,0.024896,0.25355,0.1076,0.020672,239,242,245,178,185,188,166,167,169,157,158,158,59,59,60,175,175,174,0.53026,0.53398,0.53027
1,4.1395e+05,1.96,13.046,195,800,1.8997,12.884,186.02,764.23,0.33057,0.11736,0.029312,0.28812,0.11319,0.024448,0.25263,0.10737,0.020416,242,243,246,179,180,185,172,171,169,154,155,157,58,59,60,188,188,185,0.52427,0.53049,0.52982
1,4.1405e+05,2.04,13.046,195,800,1.9613,12.9,186.93,953.55,0.23567,0.11775,0.021248,0.21254,0.11046,0.01824,0.19682,0.10719,0.016448,250,249,247,177,179,185,172,171,169,147,149,153,56,58,61,220,212,203,0.51931,0.52656,0.52691
1,4.1415e+05,2.12,13.046,195,800,2.043,12.898,183.78,673.72,0.29843,0.11691,0.025472,0.27361,0.10972,0.021888,0.24758,0.10532,0.018816,250,249,247,178,186,192,169,169,168,144,146,151,57,58,62,233,220,210,0.51318,0.52303,0.52505
1,4.1425e+05,2.2,13.046,195,800,2.1225,12.896,185.44,611.63,0.19915,0.12374,0.019328,0.1837,0.11674,0.016768,0.17252,0.10886,0.014784,246,246,246,217,211,204,169,170,170,141,145,152,62,63,67,229,225,219,0.52295,0.52463,0.52424
1,4.1435e+05,2.28,13.046,195,800,2.2053,12.903,186.14,718.04,0.21575,0.12148,0.020352,0.19384,0.11681,0.017728,0.17828,0.11169,0.01568,247,247,247,209,209,207,182,178,176,154,154,158,78,76,75,228,223,217,0.52419,0.52212,0.52243
1,4.1445e+05,2.36,13.046,195,800,2.2743,12.907,187.27,892.08,0.27386,0.11849,0.023296,0.23101,0.11213,0.019136,0.19452,0.10896,0.016128,248,248,248,205,205,208,185,181,178,162,160,160,88,82,80,217,213,210,0.52741,0.52406,0.52223
1,4.1455e+05,2.44,13.046,195,800,2.3549,12.9,186.8,852.49,0.2458,0.12138,0.022912,0.22177,0.11423,0.019392,0.19651,0.11133,0.017088,250,250,250,219,214,210,179,181,181,169,165,163,94,90,88,179,184,188,0.52635,0.51945,0.51821
1,4.1465e+05,2.52,13.046,195,800,2.4652,12.883,185.59,972.75,0.26039,0.11917,0.023616,0.24184,0.11161,0.020608,0.22113,0.10527,0.017856,253,252,250,219,217,212,178,181,182,170,166,163,94,93,93,163,169,173,0.51378,0.51806,0.51706
1,4.1475e+05,2.6,13.046,195,800,2.5109,12.902,186.2,668.84,0.26426,0.11151,0.021888,0.23398,0.10536,0.018176,0.19916,0.10344,0.015616,253,252,250,219,219,215,186,187,185,166,164,163,104,103,103,134,139,146,0.51577,0.51814,0.51559
1,4.1485e+05,2.68,13.046,195,800,2.5904,12.901,186.28,757.72,0.23906,0.10894,0.018048,0.18119,0.10715,0.014912,0.16603,0.10552,0.013184,253,251,250,227,219,209,197,192,187,162,162,164,112,111,110,121,123,129,0.51855,0.51548,0.51737
1,4.1495e+05,2.76,13.046,195,800,2.6806,12.891,186.31,1197.6,0.25924,0.1219,0.024256,0.23892,0.11599,0.021312,0.22403,0.11018,0.019072,251,251,250,208,209,203,192,190,186,162,163,165,115,113,112,119,123,131,0.52946,0.52497,0.52467
1,4.1505e+05,2.84,13.046,195,800,2.757,12.896,186.84,826.67,0.29979,0.12209,0.028096,0.26563,0.11825,0.024384,0.24293,0.11228,0.021248,250,246,247,185,182,189,177,181,181,167,166,167,119,113,110,142,149,155,0.53698,0.53796,0.5368
1,4.1515e+05,2.92,13.046,195,800,2.8281,12.884,184.83,552.56,0.29721,0.12657,0.028288,0.27666,0.11801,0.024576,0.25504,0.11243,0.021952,239,243,246,166,176,185,178,178,179,168,166,167,115,110,108,176,175,171,0.55366,0.5549,0.55495
1,4.1525e+05,3,13.046,195,800,2.8971,12.898,153.02,703.43,0.30546,0.12268,0.027968,0.24848,0.11937,0.022848,0.22192,0.11386,0.019584,242,243,245,175,178,185,175,176,176,168,167,167,104,103,103,210,205,195,0.42089,0.43635,0.4577
1,4.1827e+05,3,13.139,195,800,2.8727,12.979,0.32341,694.83,0,0,0,0,0,0,0,0,0,252,248,245,203,197,191,168,173,175,174,177,179,105,109,113,195,201,199,0.42271,0.42495,0.44435
1,4.1837e+05,2.92,13.139,195,800,2.7793,12.986,188.09,816.44,0.22498,0.11535,0.018944,0.2182,0.10752,0.016896,0.20781,0.10669,0.016,245,247,247,203,198,193,187,184,180,177,182,184,114,116,118,190,186,179,0.55199,0.5544,0.55255
1,4.1847e+05,2.84,13.139,195,800,2.7135,12.991,186.85,694.41,0.21448,0.11283,0.019008,0.20688,0.10654,0.017216,0.20136,0.10095,0.015872,248,248,248,195,196,195,194,188,182,179,185,187,118,120,121,174,167,164,0.53638,0.53022,0.53328
1,4.1857e+05,2.76,13.139,195,800,2.6668,12.96,186.41,836.61,0.22996,0.12297,0.022208,0.21298,0.11907,0.019968,0.20333,0.1145,0.018112,251,251,250,199,200,201,186,186,185,190,189,189,123,128,126,137,137,138,0.52493,0.52472,0.52457
1,4.1867e+05,2.68,13.139,195,800,2.5756,12.979,186.05,1041.4,0.30882,0.13113,0.03104,0.27262,0.12521,0.026688,0.23596,0.11985,0.02208,253,252,250,216,207,203,182,184,185,187,187,187,137,133,125,129,132,135,0.52302,0.51604,0.51477
1,4.1877e+05,2.6,13.139,195,800,2.496,12.989,187.44,1016,0.29904,0.12359,0.02848,0.25281,0.11499,0.022464,0.23576,0.10915,0.019776,254,252,250,217,213,209,182,182,183,175,178,182,134,127,119,150,149,147,0.51335,0.51194,0.51324
1,4.1887e+05,2.52,13.139,195,800,2.4217,12.996,185.43,629.78,0.31867,0.11102,0.02528,0.27154,0.10463,0.020416,0.2245,0.10227,0.017344,254,251,247,218,214,209,180,180,181,169,174,179,103,105,104,196,179,168,0.52217,0.51949,0.51728
1,4.1897e+05,2.44,13.139,195,800,2.3262,13.024,185.71,972.81,0.25365,0.12286,0.02368,0.21973,0.11794,0.020032,0.20186,0.11373,0.018112,249,248,246,213,211,209,182,181,181,168,174,178,89,94,97,195,186,179,0.50883,0.51505,0.51778
1,4.1907e+05,2.36,13.139,195,800,2.2806,12.974,187.67,968.7,0.28891,0.13261,0.028736,0.26007,0.124,0.024192,0.24638,0.11265,0.020992,246,246,245,197,202,204,183,182,179,170,172,173,75,82,86,202,198,194,0.51885,0.5208,0.52131
1,4.1917e+05,2.28,13.139,195,800,2.1735,13.016,186.89,1013.2,0.29879,0.12547,0.02656,0.21505,0.11872,0.019584,0.1942,0.11507,0.01696,250,247,246,192,199,199,173,177,178,165,169,170,76,80,81,214,203,196,0.52451,0.52165,0.523
1,4.1927e+05,2.2,13.139,195,800,2.1066,12.978,186.96,759.84,0.26986,0.1214,0.025152,0.24267,0.11393,0.021504,0.21933,0.11069,0.018752,247,248,248,179,185,189,167,170,175,172,168,167,70,72,72,188,189,192,0.52042,0.52548,0.52387
1,4.1937e+05,2.12,13.139,195,800,2.0228,12.982,186.2,1315.7,0.26078,0.12439,0.024256,0.22702,0.11834,0.020928,0.21172,0.11469,0.01888,244,247,248,171,174,181,173,173,174,177,174,169,68,67,66,169,174,179,0.52354,0.52248,0.52502
1,4.1947e+05,2.04,13.139,195,800,1.9623,12.979,186.74,756.7,0.40619,0.1111,0.031488,0.33,0.11002,0.023744,0.19359,0.11186,0.017088,250,248,247,170,173,180,168,174,176,182,178,171,70,67,65,167,171,175,0.52472,0.52455,0.5271
1,4.1957e+05,1.96,13.139,195,800,1.8732,12.978,185.95,943.75,0.28033,0.11619,0.023808,0.2382,0.1123,0.019904,0.21429,0.1077,0.017472,245,245,247,177,182,186,188,183,178,180,179,174,69,67,65,155,160,162,0.523,0.52541,0.52794
1,4.1967e+05,1.88,13.139,195,800,1.7915,12.999,186.22,1168.6,0.28229,0.12819,0.028288,0.25177,0.12361,0.024256,0.23114,0.11674,0.021248,246,246,247,198,194,188,192,185,179,178,179,174,71,68,65,148,152,154,0.53301,0.53607,0.53331
1,4.1977e+05,1.8,13.139,195,800,1.7215,12.977,186.17,908.07,0.32444,0.12771,0.031936,0.28627,0.11734,0.026176,0.24241,0.11381,0.021632,252,250,246,195,194,189,187,184,182,179,178,175,67,70,73,128,134,138,0.52785,0.53184,0.53291
1,4.1987e+05,1.72,13.139,195,800,1.6239,13.003,186.06,602.86,0.27872,0.11731,0.02464,0.23945,0.11148,0.020352,0.2195,0.10565,0.01792,245,245,245,175,180,186,178,180,182,179,182,181,79,81,79,126,125,127,0.53543,0.5352,0.53497
1,4.1997e+05,1.64,13.139,195,800,1.5464,12.982,184.58,929.07,0.34568,0.13317,0.035136,0.31118,0.12119,0.029056,0.28582,0.11783,0.025536,240,243,244,174,180,185,170,178,183,192,189,184,76,80,81,122,123,125,0.52975,0.53242,0.53417
1,4.2007e+05,1.56,13.139,195,800,1.4732,12.993,185.73,1077,0.30218,0.11403,0.026176,0.26759,0.10771,0.021504,0.22466,0.10602,0.017856,243,243,244,183,185,188,185,185,184,188,191,188,81,81,80,125,122,122,0.54681,0.53561,0.53589
1,4.2017e+05,1.48,13.139,195,800,1.4021,12.982,185.3,881.9,0.26989,0.12402,0.026176,0.25109,0.11675,0.022976,0.2405,0.11028,0.0208,247,246,246,187,190,193,187,189,186,184,187,187,90,83,77,124,121,121,0.52849,0.53372,0.53805
1,4.2027e+05,1.4,13.139,195,800,1.3172,12.998,184.84,611.33,0.31901,0.12423,0.029696,0.27225,0.11673,0.02432,0.23451,0.11536,0.020928,252,250,249,210,207,202,194,190,185,171,176,179,77,76,73,129,124,119,0.53417,0.53856,0.5391
1,4.2037e+05,1.32,13.139,195,800,1.2302,12.988,186.97,875.98,0.36561,0.10922,0.028416,0.31756,0.10494,0.022976,0.28914,0.09938,0.019136,248,249,250,222,217,211,185,181,178,174,174,175,66,68,70,136,122,112,0.53856,0.54066,0.53987
1,4.2047e+05,1.24,13.139,195,800,1.1804,12.982,187.45,804.22,0.28093,0.11964,0.025664,0.24835,0.11445,0.021888,0.23099,0.11203,0.019584,250,250,250,220,214,209,175,174,174,176,176,172,69,71,72,114,112,109,0.53327,0.5414,0.54012
1,4.2057e+05,1.16,13.139,195,800,1.0605,13.012,186.98,1029.8,0.28516,0.1187,0.02592,0.26093,0.11084,0.022336,0.23487,0.10754,0.019584,251,250,249,177,189,200,170,171,172,170,167,166,98,92,81,107,101,100,0.5411,0.53967,0.53925
1,4.2067e+05,1.08,13.139,195,800,0.99364,13.001,185.91,725.48,0.22255,0.12714,0.021184,0.19275,0.12284,0.018368,0.17764,0.11898,0.01632,247,248,248,170,181,194,180,175,172,158,162,163,114,96,83,104,101,99,0.53728,0.53896,0.54032
1,4.2077e+05,1,13.139,195,800,0.9268,12.993,187.4,926.85,0.30387,0.12201,0.028544,0.26277,0.11502,0.023424,0.2332,0.11073,0.02016,242,244,245,182,183,190,177,174,172,155,156,159,75,77,78,99,98,98,0.54775,0.54272,0.54107
1,4.2087e+05,0.92,13.139,195,800,0.85996,12.969,187.51,833.79,0.25543,0.11942,0.023488,0.22981,0.11437,0.020544,0.20874,0.11279,0.018304,243,241,242,181,188,190,167,165,166,160,160,162,69,69,71,95,97,99,0.54013,0.54233,0.54247
1,4.2097e+05,0.84,13.139,195,800,0.77826,12.965,185.95,745.77,0.32003,0.11143,0.026368,0.26883,0.10559,0.020864,0.20789,0.10387,0.016384,238,241,242,186,189,189,161,162,163,165,165,165,66,70,72,100,99,99,0.54242,0.54267,0.54214
1,4.2107e+05,0.76,13.139,195,800,0.69656,12.975,187.7,843.87,0.25742,0.11853,0.022912,0.2213,0.11302,0.019264,0.20286,0.10877,0.017088,250,244,241,192,186,185,154,155,157,177,173,171,75,79,82,97,98,99,0.54767,0.54339,0.54158
1,4.2117e+05,0.68,13.139,195,800,0.6085,12.981,186.7,877.7,0.24169,0.12695,0.022848,0.22107,0.11877,0.019776,0.21108,0.11497,0.017728,249,244,241,193,186,184,151,152,156,176,177,173,82,87,90,93,96,98,0.52771,0.54144,0.54339
1,4.2127e+05,0.6,13.139,195,800,0.53211,13.003,185.58,840.94,0.30005,0.13321,0.030656,0.28639,0.12443,0.02688,0.26769,0.11968,0.024192,240,240,240,187,190,187,152,156,160,181,177,172,107,110,104,101,100,100,0.55058,0.54676,0.54446
1,4.2137e+05,0.52,13.139,195,800,0.45678,12.996,185.94,843.65,0.29289,0.11964,0.025344,0.25905,0.11223,0.021056,0.23297,0.11031,0.01792,241,239,237,183,184,184,172,169,168,170,173,173,120,111,102,114,109,106,0.54834,0.54487,0.54405
1,4.2147e+05,0.44,13.139,195,800,0.38569,12.978,185.92,728.81,0.2696,0.11788,0.024576,0.24431,0.11022,0.021056,0.22644,0.10755,0.019008,234,234,235,174,178,182,174,173,170,175,175,174,102,101,98,118,113,110,0.55046,0.54732,0.54499
1,4.2157e+05,0.36,13.139,195,800,0.29445,12.989,186.17,707.13,0.26382,0.11911,0.024384,0.23752,0.11231,0.020864,0.2153,0.10915,0.018496,220,225,231,176,177,180,169,170,170,178,173,170,97,94,89,127,122,118,0.5272,0.53927,0.54127
1,4.2167e+05,0.28,13.139,195,800,0.22654,12.981,186.32,658.9,0.21089,0.10974,0.0176,0.19067,0.10263,0.014912,0.16968,0.099757,0.013248,225,228,231,181,180,181,169,168,168,167,164,165,96,91,85,132,125,119,0.53167,0.53621,0.53748
1,4.2177e+05,0.2,13.139,195,800,0.13848,12.983,186.22,754.95,0.26591,0.12084,0.025088,0.24067,0.11616,0.02176,0.22318,0.11326,0.019712,234,235,236,193,186,186,164,165,166,152,155,160,74,76,78,116,119,122,0.54148,0.53296,0.53415
1,4.2187e+05,0.12,13.139,195,800,0.062087,12.982,185.54,686.64,0.27348,0.12075,0.02464,0.23194,0.11727,0.02112,0.2136,0.10925,0.01824,239,242,242,183,185,186,162,164,166,162,159,156,66,71,74,125,127,127,0.53093,0.52938,0.53083
1,4.2197e+05,0.04,13.139,195,800,-0.017488,12.981,185.03,973.26,0.25846,0.11212,0.022016,0.22187,0.11027,0.018688,0.1985,0.10706,0.016384,245,244,243,178,181,184,162,163,166,150,153,154,67,71,74,136,135,131,0.5376,0.53304,0.53256
1,4.2207e+05,-0.04,13.139,195,800,-0.087513,12.992,186.09,830.87,0.27115,0.11637,0.023296,0.236,0.11425,0.01984,0.20828,0.11166,0.017536,243,245,245,178,177,181,159,164,167,136,139,145,63,69,75,142,142,141,0.54384,0.53433,0.53318
1,4.2217e+05,-0.12,13.139,195,800,-0.17133,12.994,186.24,835.26,0.31183,0.11298,0.026624,0.28172,0.10691,0.022464,0.23723,0.10414,0.018304,245,245,244,181,177,180,165,167,168,135,137,143,64,70,75,154,151,148,0.54875,0.53765,0.53478
1,4.2227e+05,-0.2,13.139,195,800,-0.24772,12.972,185.25,874.9,0.29149,0.11278,0.023552,0.24671,0.10639,0.019136,0.20584,0.10601,0.01632,247,243,241,171,177,181,175,170,170,151,147,145,66,71,72,208,187,168,0.54992,0.53415,0.53262
1,4.2237e+05,-0.28,13.139,195,800,-0.32093,12.984,186.14,868.69,0.29949,0.11578,0.026048,0.26965,0.10819,0.02176,0.24465,0.10203,0.018816,231,238,241,168,175,178,162,167,171,154,152,148,54,59,64,199,191,182,0.55565,0.53531,0.53277
1,4.2247e+05,-0.36,13.139,195,800,-0.40899,12.986,186.66,1042.9,0.2183,0.12739,0.021824,0.20607,0.11636,0.01888,0.19192,0.11197,0.017024,240,241,242,165,171,178,162,166,170,150,149,148,52,56,59,178,181,184,0.52958,0.53436,0.5346
1,4.2257e+05,-0.44,13.139,195,800,-0.47371,12.965,186.66,739.37,0.22371,0.10656,0.018112,0.19015,0.10149,0.014848,0.16826,0.098707,0.012864,248,247,246,168,176,184,155,165,170,150,150,148,52,53,54,170,178,185,0.53948,0.53728,0.53573
1,4.2267e+05,-0.52,13.139,195,800,-0.55966,12.991,185.26,882.99,0.28365,0.11892,0.023104,0.19653,0.11694,0.018048,0.17863,0.11105,0.015744,245,247,247,181,185,189,163,167,171,156,153,150,55,53,54,179,182,185,0.54237,0.53682,0.53305
1,4.2277e+05,-0.6,13.139,195,800,-0.64029,12.984,186.37,841.73,0.25022,0.12107,0.02304,0.21259,0.11584,0.0192,0.18626,0.11348,0.016576,249,250,249,192,196,197,175,175,174,163,159,155,58,57,56,177,180,184,0.53621,0.54035,0.53492
1,4.2287e+05,-0.68,13.139,195,800,-0.71562,12.989,186.93,710.8,0.29449,0.1127,0.023488,0.23538,0.10925,0.019328,0.20698,0.10541,0.016512,244,248,249,192,197,199,181,178,177,154,157,157,60,62,62,166,174,178,0.53558,0.53671,0.53649
1,4.2297e+05,-0.76,13.139,195,800,-0.79201,12.959,186.8,851.44,0.23303,0.11091,0.019648,0.20115,0.10803,0.01664,0.18005,0.10452,0.014784,244,246,247,195,199,200,179,178,177,156,157,158,61,64,64,167,171,173,0.53825,0.53551,0.53503
1,4.2307e+05,-0.84,13.139,195,800,-0.8684,12.988,187,586.1,0.2627,0.1335,0.0256,0.24009,0.12306,0.021888,0.22073,0.11702,0.018944,249,247,246,199,206,207,177,177,177,157,160,161,59,63,64,156,160,164,0.54405,0.5361,0.53387
1,4.2317e+05,-0.92,13.139,195,800,-0.9692,12.992,187.7,1327.7,0.25096,0.14507,0.0256,0.21454,0.13834,0.021376,0.19419,0.12914,0.01856,249,246,247,209,211,211,179,177,178,161,161,163,58,60,61,149,155,161,0.52855,0.52803,0.53144
1,4.2327e+05,-1,13.139,195,800,-1.0318,12.979,186.78,965.28,0.21503,0.14963,0.023168,0.20411,0.11939,0.019008,0.18824,0.11431,0.017088,247,249,250,226,224,214,186,188,185,165,165,165,51,54,55,149,157,161,0.53131,0.53506,0.53483
1,4.2337e+05,-1.08,13.139,195,800,-1.1039,12.977,186.71,753.66,0.26557,0.12509,0.024704,0.23469,0.11654,0.020608,0.21618,0.10973,0.018112,254,253,252,212,211,208,199,192,183,162,163,164,50,51,53,152,159,163,0.52949,0.5357,0.53481
1,4.2347e+05,-1.16,13.139,195,800,-1.2005,12.992,186.29,711.44,0.32256,0.12378,0.030464,0.28515,0.11627,0.0256,0.23934,0.11501,0.021056,253,254,253,198,204,205,178,182,180,159,162,164,51,52,52,155,159,163,0.54595,0.53398,0.53403
1,4.2357e+05,-1.24,13.139,195,800,-1.2716,12.993,186.54,632.99,0.24579,0.1175,0.021824,0.21533,0.11346,0.018816,0.19865,0.10748,0.016704,255,254,252,211,205,198,165,167,168,164,165,167,52,53,55,156,158,161,0.54475,0.53629,0.53386
1,4.2367e+05,-1.32,13.139,195,800,-1.3607,12.992,185.71,1243.5,0.26779,0.11144,0.02272,0.23572,0.10783,0.019328,0.21206,0.10392,0.016896,255,253,252,199,199,196,162,163,165,171,169,168,52,54,56,156,158,161,0.53592,0.53309,0.53537
1,4.2377e+05,-1.4,13.139,195,800,-1.4424,12.992,187.34,1095.3,0.23973,0.10853,0.020032,0.21712,0.10415,0.017024,0.19799,0.096414,0.0144,251,252,251,186,188,191,158,161,164,168,169,170,59,60,60,152,161,168,0.53412,0.5379,0.53563
1,4.2387e+05,-1.48,13.139,195,800,-1.4944,12.968,187.03,807.98,0.23315,0.12903,0.023104,0.21629,0.12007,0.020096,0.19539,0.11826,0.018112,254,252,250,200,196,191,152,158,164,157,161,166,60,62,65,163,176,183,0.53712,0.53302,0.53317
1,4.2397e+05,-1.56,13.139,195,800,-1.5718,12.974,185.96,823.74,0.26661,0.11202,0.022464,0.21779,0.10789,0.017856,0.19655,0.10177,0.015552,255,252,249,199,197,192,153,158,165,159,161,164,60,65,71,172,185,188,0.53142,0.53667,0.5361
1,4.2407e+05,-1.64,13.139,195,800,-1.662,12.981,187.33,896.94,0.25435,0.11228,0.021248,0.22182,0.10502,0.017792,0.20345,0.10179,0.01568,249,247,246,190,188,189,158,163,168,158,158,159,85,84,80,174,183,187,0.53175,0.53379,0.53527
1,4.2417e+05,-1.72,13.139,195,800,-1.7183,12.984,186.93,899.22,0.28865,0.11149,0.023936,0.24855,0.10604,0.019712,0.21434,0.10156,0.016448,244,243,244,180,181,185,162,167,171,152,156,160,95,89,82,165,176,183,0.53489,0.53206,0.53341
1,4.2427e+05,-1.8,13.139,195,800,-1.8116,12.958,186.75,852.12,0.28178,0.11653,0.024512,0.25487,0.10898,0.020864,0.22758,0.10642,0.018432,240,241,242,181,182,185,169,171,173,167,168,170,73,76,78,157,167,173,0.53125,0.53652,0.53341
1,4.2437e+05,-1.88,13.139,195,800,-1.888,12.965,186.45,963.12,0.24359,0.11017,0.020608,0.22285,0.10644,0.018176,0.21186,0.097665,0.016,239,239,240,217,203,192,171,172,176,188,191,195,68,69,71,147,157,165,0.51912,0.5292,0.53331
1,4.2447e+05,-1.96,13.139,195,800,-1.9708,12.975,186.99,728.49,0.26571,0.11417,0.022208,0.22393,0.10882,0.018432,0.20141,0.10481,0.016192,235,238,240,229,210,196,174,178,178,204,208,211,69,70,72,141,152,162,0.54658,0.53175,0.53113
1,4.2457e+05,-2.04,13.139,195,800,-2.0535,12.996,185.55,922.12,0.27383,0.10804,0.022336,0.23469,0.099822,0.01792,0.20973,0.096019,0.015424,245,243,242,207,206,202,195,185,178,245,243,239,75,76,82,153,157,163,0.53993,0.53199,0.53212
1,4.2467e+05,-2.12,13.139,195,800,-2.1214,12.978,186,992.25,0.30247,0.10301,0.023232,0.23087,0.097185,0.017088,0.20017,0.093549,0.014464,249,247,244,203,205,205,179,179,177,254,252,248,82,85,92,166,166,167,0.52087,0.52887,0.53069
1,4.2477e+05,-2.2,13.139,195,800,-2.2074,12.986,187.46,937.45,0.2003,0.11892,0.018624,0.17783,0.11286,0.015872,0.1712,0.10624,0.014464,245,243,244,214,213,210,163,166,170,255,255,255,114,115,119,177,178,182,0.53295,0.5327,0.53159
1,4.2487e+05,-2.28,13.139,195,800,-2.2657,12.975,187.73,952.67,0.25978,0.11337,0.02272,0.23686,0.10668,0.019136,0.21948,0.1039,0.017024,234,239,242,220,216,210,162,164,168,255,255,255,163,158,159,196,202,206,0.52838,0.52691,0.52821
1,4.2497e+05,-2.36,13.139,195,800,-2.357,12.984,185.81,904.7,0.22739,0.12199,0.02176,0.21028,0.11775,0.019392,0.19774,0.11415,0.017728,241,242,241,227,219,211,161,164,169,255,255,255,191,184,183,226,222,219,0.53301,0.5309,0.52808
1,4.2507e+05,-2.44,13.139,195,800,-2.4514,12.991,186.84,734.98,0.24361,0.11431,0.021568,0.21821,0.1068,0.01824,0.19865,0.10349,0.016256,248,243,240,249,230,212,164,166,168,255,255,255,248,235,226,255,248,242,0.53722,0.52639,0.52395
1,4.2517e+05,-2.52,13.139,195,800,-2.5214,12.979,186.9,999.38,0.19053,0.10825,0.015168,0.15832,0.10368,0.012928,0.14562,0.1003,0.011584,244,241,238,241,226,214,163,166,167,255,255,255,255,249,239,255,253,249,0.54381,0.52493,0.52386
1,4.2527e+05,-2.6,13.139,195,800,-2.6169,12.97,187.72,1111.6,0.2513,0.1109,0.019648,0.20945,0.10631,0.016576,0.1788,0.10094,0.014016,240,237,236,230,227,220,158,160,162,255,255,255,255,248,241,255,255,254,0.53079,0.52292,0.52414
1,4.2537e+05,-2.68,13.139,195,800,-2.6774,12.984,187.85,633.73,0.23326,0.12523,0.022528,0.21393,0.12081,0.01984,0.20239,0.11348,0.017664,238,237,237,249,238,222,148,153,158,255,255,255,246,227,215,255,255,254,0.51674,0.52457,0.52498
1,4.2547e+05,-2.76,13.139,195,800,-2.7549,12.984,186.71,790.36,0.19773,0.11259,0.01728,0.18384,0.10406,0.014976,0.1721,0.10238,0.013824,234,238,239,240,233,222,150,153,158,255,255,255,218,204,199,255,255,253,0.52953,0.52829,0.526
1,4.2557e+05,-2.84,13.139,195,800,-2.8397,13.005,186.05,676.21,0.23409,0.11819,0.021632,0.21131,0.11088,0.018432,0.19313,0.10583,0.016256,231,238,239,233,226,218,157,158,161,255,255,255,163,169,175,255,254,252,0.52991,0.52873,0.52814
1,4.2567e+05,-2.92,13.139,195,800,-2.9225,12.996,186.07,1089.7,0.24158,0.11874,0.022208,0.22536,0.11176,0.019584,0.21049,0.10435,0.01696,232,236,239,235,228,217,159,160,161,255,255,255,159,163,170,255,254,250,0.52769,0.53289,0.53507
1,4.2577e+05,-3,13.139,195,800,-2.9724,12.97,153.8,693.81,0.27314,0.11982,0.025536,0.25099,0.11634,0.022784,0.23548,0.11225,0.020544,238,238,239,237,226,214,159,162,164,255,255,255,152,162,174,255,251,246,0.42983,0.44636,0.46107
1,4.2879e+05,-3,13.232,195,800,-2.9702,13.086,-0.004318,537.9,0,0,0,0,0,0,0,0,0,227,228,232,200,202,206,172,169,168,255,255,255,169,169,173,255,255,253,0.43982,0.4497,0.46165
1,4.2889e+05,-2.92,13.232,195,800,-2.8588,13.05,186.34,820.59,0.18202,0.10992,0.015296,0.16531,0.10528,0.013376,0.15179,0.10277,0.011968,234,233,234,192,197,205,171,170,168,255,255,255,179,174,174,255,255,255,0.51788,0.53145,0.53418
1,4.2899e+05,-2.84,13.232,195,800,-2.8068,13.082,185.98,756.11,0.20392,0.12393,0.019648,0.18463,0.11561,0.017024,0.17168,0.11222,0.015168,241,238,236,195,201,209,171,170,169,255,255,255,172,175,180,255,255,255,0.52147,0.52627,0.52828
1,4.2909e+05,-2.76,13.232,195,800,-2.7315,13.086,185.98,695.54,0.26929,0.13722,0.02848,0.2543,0.12833,0.02528,0.24102,0.12255,0.022464,245,241,240,212,216,220,175,171,167,255,255,255,189,196,204,255,255,255,0.51519,0.52212,0.52575
1,4.2919e+05,-2.68,13.232,195,800,-2.6647,13.086,185.66,606.28,0.33599,0.12681,0.032192,0.31672,0.117,0.028032,0.29203,0.10918,0.023872,239,240,240,218,220,223,167,168,166,255,255,255,215,219,220,255,255,255,0.5439,0.52844,0.52485
1,4.2929e+05,-2.6,13.232,195,800,-2.548,13.053,187.21,1574.4,0.26384,0.12743,0.025664,0.23863,0.12126,0.0224,0.21537,0.11642,0.0192,232,235,238,211,219,225,169,167,166,255,255,255,251,250,247,255,255,255,0.52257,0.51966,0.52159
1,4.2939e+05,-2.52,13.232,195,800,-2.5108,13.086,185.98,1022.4,0.2539,0.12261,0.023296,0.22553,0.11747,0.020224,0.21129,0.10961,0.017792,232,236,239,217,223,226,188,179,170,255,255,255,249,247,243,255,254,251,0.51574,0.52507,0.52355
1,4.2949e+05,-2.44,13.232,195,800,-2.4408,13.079,185.7,793.43,0.23808,0.12817,0.022848,0.20281,0.11953,0.018752,0.18375,0.11544,0.01632,235,238,240,216,225,227,187,179,172,255,255,255,226,230,230,250,248,246,0.52219,0.51815,0.52071
1,4.2959e+05,-2.36,13.232,195,800,-2.3432,13.065,187.76,800.48,0.26903,0.11502,0.023488,0.24735,0.10974,0.020544,0.22851,0.10644,0.018112,239,239,240,227,231,232,168,170,170,255,255,255,162,178,189,234,229,225,0.52522,0.52654,0.52561
1,4.2969e+05,-2.28,13.232,195,800,-2.2732,13.075,186.07,776.91,0.2806,0.13734,0.028544,0.26135,0.12766,0.024704,0.23267,0.11984,0.021312,239,238,241,237,235,233,167,168,167,255,255,255,145,156,167,228,218,212,0.52793,0.52583,0.52773
1,4.2979e+05,-2.2,13.232,195,800,-2.1978,13.083,186.32,754.65,0.28465,0.12367,0.02688,0.24926,0.11859,0.022848,0.22165,0.11177,0.019392,244,244,244,242,237,230,164,164,165,255,255,255,130,131,133,193,189,187,0.54441,0.53265,0.53121
1,4.2989e+05,-2.12,13.232,195,800,-2.1151,13.08,186.33,798.61,0.28056,0.11449,0.023744,0.24167,0.10856,0.019264,0.19989,0.10458,0.016,250,249,247,228,225,222,166,166,166,255,253,251,107,108,108,164,165,169,0.53499,0.5328,0.53078
1,4.2999e+05,-2.04,13.232,195,800,-2.0302,13.08,187.37,881.91,0.2723,0.11909,0.02464,0.23871,0.11405,0.021056,0.21213,0.11165,0.01856,247,247,246,217,217,218,168,168,167,250,247,244,90,94,96,162,162,166,0.54466,0.53423,0.53075
1,4.3009e+05,-1.96,13.232,195,800,-1.9443,13.07,186.37,1063.7,0.25646,0.1201,0.023936,0.23481,0.11053,0.019968,0.21427,0.10664,0.017792,242,244,245,205,212,214,164,166,169,218,219,219,73,76,79,187,175,166,0.54178,0.5316,0.53007
1,4.3019e+05,-1.88,13.232,195,800,-1.8668,13.074,187.71,984.87,0.28402,0.13217,0.028416,0.26295,0.12188,0.024512,0.24051,0.11408,0.02144,245,244,244,211,211,211,166,167,169,198,200,203,72,73,75,196,179,167,0.53681,0.52782,0.5307
1,4.3029e+05,-1.8,13.232,195,800,-1.8053,13.084,187.46,1013.6,0.31253,0.12737,0.028736,0.26664,0.12021,0.023808,0.23231,0.11762,0.020736,245,245,245,203,205,207,171,169,168,168,171,177,73,73,75,180,171,166,0.56302,0.5388,0.53495
1,4.3039e+05,-1.72,13.232,195,800,-1.7246,13.08,185.94,708.56,0.273,0.12271,0.025856,0.2431,0.11865,0.02208,0.21318,0.11379,0.01888,245,246,247,211,210,208,172,170,167,159,162,166,74,76,76,169,165,165,0.53557,0.53154,0.5321
1,4.3049e+05,-1.64,13.232,195,800,-1.6408,13.073,187.37,769.66,0.29236,0.13443,0.02848,0.27057,0.1202,0.024064,0.24202,0.11723,0.021312,248,247,247,219,216,209,174,170,166,160,162,165,75,74,74,175,168,166,0.54441,0.53774,0.53383
1,4.3059e+05,-1.56,13.232,195,800,-1.557,13.074,185.7,908.51,0.29304,0.13515,0.030336,0.26872,0.12621,0.026176,0.24,0.12336,0.02304,245,249,250,218,215,210,170,168,165,165,166,167,64,64,66,186,173,164,0.54639,0.53929,0.53483
1,4.3069e+05,-1.48,13.232,195,800,-1.471,13.072,187.5,1014,0.31061,0.12368,0.028864,0.27176,0.11671,0.024128,0.24865,0.11046,0.020736,250,250,251,209,210,210,175,169,165,171,168,168,60,61,62,180,166,159,0.54252,0.53824,0.53575
1,4.3079e+05,-1.4,13.232,195,800,-1.4169,13.091,186.35,473.02,0.35759,0.11839,0.030912,0.27761,0.11036,0.023104,0.24906,0.10488,0.01952,253,252,252,214,215,212,165,165,164,172,173,172,61,60,60,143,143,147,0.53074,0.53589,0.53359
1,4.3089e+05,-1.32,13.232,195,800,-1.3268,13.073,186.83,801.09,0.28637,0.1186,0.02624,0.25692,0.11249,0.022336,0.23041,0.10667,0.019072,250,250,250,231,226,219,158,160,163,180,176,173,59,59,59,138,139,145,0.52862,0.53134,0.53012
1,4.3099e+05,-1.24,13.232,195,800,-1.2546,13.088,186.4,891.25,0.2708,0.13271,0.028032,0.25311,0.1255,0.02432,0.22916,0.11865,0.021376,248,249,250,232,228,220,162,163,165,172,173,172,58,58,58,141,144,147,0.53394,0.5334,0.53179
1,4.3109e+05,-1.16,13.232,195,800,-1.1581,13.05,187.33,1184.9,0.27876,0.11434,0.023424,0.24364,0.10649,0.01888,0.20097,0.10353,0.015488,252,250,250,225,225,221,172,172,173,170,170,171,56,56,56,146,146,149,0.52855,0.53195,0.53406
1,4.3119e+05,-1.08,13.232,195,800,-1.1061,13.088,187.54,748.5,0.29425,0.11185,0.025152,0.26367,0.10771,0.021184,0.22328,0.10277,0.017536,253,251,250,229,228,222,174,176,175,173,172,172,54,56,57,144,145,148,0.51382,0.53255,0.53416
1,4.3129e+05,-1,13.232,195,800,-1.0021,13.083,186.15,789.56,0.24113,0.12503,0.023168,0.21255,0.11962,0.01984,0.19825,0.11414,0.017728,250,249,248,248,240,226,172,176,177,175,178,181,60,59,58,146,145,147,0.53807,0.53269,0.53457
1,4.3139e+05,-0.92,13.232,195,800,-0.94904,13.093,188.17,834.14,0.31875,0.1174,0.027968,0.28917,0.10786,0.02304,0.25255,0.10511,0.019968,236,240,245,244,237,226,172,173,175,188,187,184,57,59,59,148,151,153,0.5254,0.53033,0.53196
1,4.3149e+05,-0.84,13.232,195,800,-0.85567,13.082,187.2,985.23,0.26169,0.1239,0.024832,0.23827,0.11501,0.021184,0.21231,0.11091,0.01856,232,239,244,239,234,223,173,175,175,178,182,182,60,61,60,150,156,156,0.51467,0.5292,0.53185
1,4.3159e+05,-0.76,13.232,195,800,-0.78246,13.084,185.03,765.54,0.25084,0.12297,0.023872,0.21728,0.11935,0.020032,0.19611,0.11639,0.017984,248,246,247,225,222,218,173,174,175,165,167,170,66,62,58,156,158,158,0.53218,0.53293,0.53465
1,4.3169e+05,-0.68,13.232,195,800,-0.71138,13.084,186.56,604.49,0.34268,0.12425,0.032128,0.29136,0.11698,0.025664,0.25389,0.11118,0.021504,250,249,249,219,219,219,172,174,174,169,164,164,56,57,57,151,153,158,0.52448,0.53208,0.53249
1,4.3179e+05,-0.6,13.232,195,800,-0.61164,13.072,187.13,850.52,0.31188,0.12337,0.028672,0.27041,0.11752,0.023552,0.22672,0.11523,0.01984,255,253,250,242,231,220,174,173,172,153,156,157,52,53,54,146,151,159,0.53722,0.53426,0.53642
1,4.3189e+05,-0.52,13.232,195,800,-0.53631,13.072,187.4,895.82,0.27399,0.12386,0.023936,0.2075,0.12167,0.018752,0.19028,0.11687,0.016896,247,247,248,228,223,214,167,167,168,149,149,152,55,55,55,158,160,166,0.53797,0.53825,0.53459
1,4.3199e+05,-0.44,13.232,195,800,-0.47053,13.084,185.78,939.63,0.26819,0.11304,0.022592,0.22212,0.10562,0.017728,0.18926,0.10468,0.01536,240,244,246,209,209,208,168,166,166,147,149,150,59,57,56,165,165,169,0.5327,0.53482,0.53347
1,4.3209e+05,-0.36,13.232,195,800,-0.36868,13.079,185.35,830.67,0.26841,0.11824,0.022656,0.23266,0.11502,0.019456,0.20525,0.10791,0.016576,240,241,243,203,205,205,165,164,164,155,152,150,63,61,59,164,162,167,0.51618,0.52813,0.53176
1,4.3219e+05,-0.28,13.232,195,800,-0.30608,13.082,186.36,945.69,0.26704,0.11695,0.02208,0.23697,0.10882,0.018752,0.21358,0.10694,0.016576,239,240,243,222,215,209,166,163,163,159,154,149,68,65,63,147,154,163,0.52911,0.53407,0.5316
1,4.3229e+05,-0.2,13.232,195,800,-0.19573,13.048,186.4,1103.6,0.2136,0.12449,0.019968,0.18636,0.11744,0.016832,0.17347,0.11227,0.01504,244,245,245,242,233,220,153,159,163,148,148,146,91,79,69,126,137,147,0.51898,0.52374,0.53017
1,4.3239e+05,-0.12,13.232,195,800,-0.15542,13.086,185.65,888.8,0.24291,0.11915,0.021952,0.21801,0.11222,0.018688,0.19602,0.11001,0.016832,249,249,249,236,229,220,173,166,163,156,149,144,77,75,71,120,126,133,0.53104,0.52817,0.53132
1,4.3249e+05,-0.04,13.232,195,800,-0.071598,13.077,186.38,818.38,0.2503,0.1205,0.021568,0.21517,0.11167,0.018048,0.19673,0.10817,0.01632,250,251,250,225,227,220,171,167,163,158,151,144,71,71,70,122,125,128,0.53044,0.52896,0.53065
1,4.3259e+05,0.04,13.232,195,800,0.004793,13.089,185.46,705.37,0.29211,0.12046,0.026304,0.25752,0.11419,0.022464,0.23618,0.10989,0.019776,251,249,247,241,229,216,162,160,161,148,148,147,72,69,68,132,125,120,0.54002,0.5324,0.53016
1,4.3269e+05,0.12,13.232,195,800,0.089673,13.073,186.88,862.49,0.27387,0.11839,0.024832,0.24012,0.11409,0.02112,0.21592,0.10959,0.018112,246,246,246,222,223,215,157,158,160,146,147,148,67,69,69,121,119,117,0.52397,0.53342,0.53208
1,4.3279e+05,0.2,13.232,195,800,0.18516,13.074,185.95,958.84,0.26582,0.1329,0.027264,0.24086,0.12349,0.022784,0.21498,0.11542,0.019328,242,241,241,205,210,211,156,157,160,150,152,154,72,73,74,114,115,114,0.53687,0.53676,0.53551
1,4.3289e+05,0.28,13.232,195,800,0.24352,13.073,186.87,824.74,0.29118,0.12626,0.02784,0.25979,0.11852,0.023552,0.24573,0.11254,0.020928,234,234,235,210,211,208,155,156,161,167,166,164,84,81,80,123,120,114,0.54292,0.53931,0.53825
1,4.3299e+05,0.36,13.232,195,800,0.31354,13.096,185.7,947.76,0.28077,0.11949,0.025216,0.24433,0.1109,0.0208,0.22272,0.10926,0.01856,230,231,234,209,208,206,156,158,162,174,172,167,85,82,82,114,115,114,0.56161,0.54749,0.54256
1,4.3309e+05,0.44,13.232,195,800,0.39842,13.068,186.64,596.5,0.30983,0.11179,0.026688,0.27763,0.10445,0.02208,0.24616,0.10177,0.019392,233,233,234,202,201,200,166,165,165,169,169,169,77,81,87,104,106,107,0.55259,0.54721,0.54395
1,4.3319e+05,0.52,13.232,195,800,0.48118,13.084,186.07,840.3,0.29343,0.10777,0.023616,0.24832,0.10319,0.0192,0.22074,0.1008,0.016448,236,235,236,204,199,196,166,166,165,165,166,168,80,87,91,99,101,103,0.53392,0.54159,0.54349
1,4.3329e+05,0.6,13.232,195,800,0.57455,13.051,185.96,1216.3,0.26355,0.11201,0.0224,0.24073,0.10861,0.019904,0.22578,0.097944,0.01696,231,235,238,188,191,194,163,163,164,168,169,170,124,110,98,92,94,97,0.53878,0.54332,0.54458
1,4.3339e+05,0.68,13.232,195,800,0.64245,13.082,184.75,1006.4,0.30869,0.11578,0.026624,0.26923,0.10718,0.021568,0.23581,0.10411,0.01856,227,233,237,183,187,190,163,163,162,187,183,177,114,103,92,97,95,94,0.54106,0.54138,0.54327
1,4.3349e+05,0.76,13.232,195,800,0.72521,13.072,185.42,1145.8,0.28721,0.11692,0.023104,0.19702,0.11626,0.018112,0.18738,0.11001,0.016192,228,232,236,178,186,192,161,162,162,195,186,178,89,89,86,97,95,94,0.55092,0.54552,0.54339
1,4.3359e+05,0.84,13.232,195,800,0.80372,13.073,185.6,881.71,0.29976,0.13464,0.0288,0.27681,0.12391,0.02432,0.24697,0.11513,0.02112,231,232,236,196,194,192,159,161,164,179,177,173,81,77,74,97,96,95,0.533,0.54328,0.54373
1,4.3369e+05,0.92,13.232,195,800,0.87163,13.083,186.46,829.29,0.29438,0.13244,0.029312,0.26016,0.12354,0.024448,0.23094,0.12083,0.021184,231,233,237,208,197,193,160,162,165,172,169,169,78,74,71,102,97,94,0.54395,0.54164,0.54244
1,4.3379e+05,1,13.232,195,800,0.96711,13.061,186.79,1042.5,0.28163,0.12273,0.026304,0.25287,0.11847,0.0224,0.2211,0.11264,0.019136,247,244,241,195,194,195,165,168,169,162,162,163,66,68,72,91,92,93,0.54205,0.54125,0.5402
1,4.3389e+05,1.08,13.232,195,800,1.0371,13.07,186.81,992.38,0.33011,0.11437,0.027008,0.27566,0.11062,0.022528,0.24341,0.10374,0.01888,248,248,245,197,197,197,166,169,171,166,165,165,72,74,73,85,89,92,0.53654,0.54079,0.54068
1,4.3399e+05,1.16,13.232,195,800,1.104,13.08,185.97,1075.7,0.28412,0.11003,0.02272,0.26016,0.10346,0.019584,0.23008,0.1019,0.01728,246,245,245,195,198,199,165,169,172,167,167,167,72,73,72,87,89,93,0.54206,0.54145,0.54045
1,4.3409e+05,1.24,13.232,195,800,1.1708,13.087,186.4,638.67,0.29291,0.12017,0.026112,0.25701,0.11207,0.021824,0.23168,0.11049,0.019072,249,247,245,202,201,201,172,174,174,175,172,171,64,65,67,94,97,100,0.54419,0.54301,0.5414
1,4.3419e+05,1.32,13.232,195,800,1.2621,13.084,187.56,915.98,0.29559,0.11587,0.025664,0.26077,0.10612,0.020992,0.23742,0.10413,0.018752,253,248,246,197,200,200,177,177,177,176,174,173,63,64,66,98,101,104,0.54043,0.5393,0.54057
1,4.3429e+05,1.4,13.232,195,800,1.3501,13.074,185.14,980.14,0.30189,0.11837,0.026944,0.26456,0.1107,0.022144,0.23466,0.10649,0.0192,250,248,245,195,193,191,187,183,180,191,183,179,72,71,70,107,109,111,0.53516,0.5382,0.5395
1,4.3439e+05,1.48,13.232,195,800,1.4244,13.078,185.72,897.51,0.30326,0.12046,0.02752,0.25582,0.1134,0.022336,0.22178,0.11046,0.018944,241,242,242,181,180,183,183,185,183,198,192,187,76,75,75,114,114,114,0.53208,0.53049,0.53503
1,4.3449e+05,1.56,13.232,195,800,1.5082,13.065,185.81,848.64,0.26782,0.11747,0.023552,0.23295,0.11139,0.019392,0.20974,0.10839,0.017024,239,241,242,176,179,181,189,185,182,199,193,188,75,78,79,111,114,115,0.54117,0.54041,0.53681
1,4.3459e+05,1.64,13.232,195,800,1.5676,13.098,188.29,1030.2,0.27168,0.12245,0.025152,0.24142,0.11572,0.021056,0.2055,0.11206,0.017856,251,247,243,187,185,184,181,186,186,188,186,184,120,101,85,114,116,118,0.53386,0.53471,0.53451
1,4.3469e+05,1.72,13.232,195,800,1.6568,13.072,184.8,1029.5,0.26554,0.11033,0.021824,0.22961,0.10219,0.017728,0.20871,0.098158,0.015616,246,246,244,180,187,188,197,190,186,183,181,181,127,104,84,116,118,120,0.52935,0.5332,0.53379
1,4.3479e+05,1.8,13.232,195,800,1.7225,13.101,186.56,891.7,0.21177,0.12736,0.0208,0.18412,0.12477,0.018112,0.17419,0.11844,0.01632,244,246,246,183,188,189,189,191,188,184,179,176,70,76,77,124,129,132,0.53603,0.52997,0.53058
1,4.3489e+05,1.88,13.232,195,800,1.8106,13.08,188.3,1015.4,0.27952,0.11822,0.025216,0.24545,0.11035,0.020672,0.21611,0.10932,0.018112,248,249,248,187,187,189,182,183,183,173,175,177,66,66,67,148,147,145,0.52572,0.52959,0.52972
1,4.3499e+05,1.96,13.232,195,800,1.9019,13.069,186.9,920.52,0.29885,0.11782,0.026432,0.26979,0.11084,0.022592,0.23921,0.10688,0.01952,247,249,250,189,191,190,175,179,182,175,176,177,65,66,67,153,152,149,0.52838,0.53033,0.53191
1,4.3509e+05,2.04,13.232,195,800,1.9687,13.082,186.22,647.99,0.29994,0.12201,0.027328,0.27502,0.11433,0.02304,0.24213,0.10924,0.020032,250,250,249,214,200,189,181,181,181,180,179,176,67,66,67,145,151,155,0.53479,0.5293,0.52915
1,4.3519e+05,2.12,13.232,195,800,2.0568,13.075,186.48,771.77,0.26336,0.11101,0.020672,0.19562,0.11111,0.01696,0.18063,0.10534,0.01472,250,251,250,196,194,188,188,184,180,178,176,175,68,68,68,145,151,159,0.52531,0.52427,0.52411
1,4.3529e+05,2.2,13.232,195,800,2.1427,13.07,184.95,1026.3,0.26768,0.12213,0.024896,0.23996,0.11518,0.020992,0.21001,0.10984,0.017984,252,251,248,170,179,186,179,180,179,175,175,173,77,74,72,154,169,181,0.51999,0.52455,0.52361
1,4.3539e+05,2.28,13.232,195,800,2.2021,13.074,185.51,896.86,0.30442,0.11882,0.02624,0.27274,0.11133,0.022272,0.23889,0.10664,0.019264,244,243,244,197,192,190,183,180,179,191,182,176,86,82,79,173,192,199,0.51883,0.52002,0.52224
1,4.3549e+05,2.36,13.232,195,800,2.2764,13.079,185.75,691.01,0.30797,0.11875,0.027392,0.26042,0.11488,0.022336,0.22589,0.11095,0.019008,238,238,241,206,197,193,181,182,180,195,185,178,93,87,84,174,192,203,0.50689,0.51491,0.51962
1,4.3559e+05,2.44,13.232,195,800,2.3761,13.075,185.62,812.18,0.26286,0.12177,0.023936,0.22907,0.11733,0.020288,0.21078,0.10995,0.017728,231,236,240,205,200,196,179,182,184,200,190,182,106,100,96,157,178,191,0.52744,0.52018,0.52019
1,4.3569e+05,2.52,13.232,195,800,2.4292,13.093,185.57,923.24,0.36263,0.11508,0.028288,0.25011,0.11256,0.02048,0.20844,0.11018,0.017152,233,237,240,200,197,195,182,183,184,201,192,184,112,106,103,151,170,180,0.51789,0.51792,0.51826
1,4.3579e+05,2.6,13.232,195,800,2.5162,13.091,185.39,705.48,0.27847,0.11949,0.023616,0.23985,0.11271,0.020032,0.20134,0.11066,0.017216,239,241,243,170,183,194,185,184,185,201,196,192,111,115,119,143,148,156,0.51276,0.51178,0.5156
1,4.3589e+05,2.68,13.232,195,800,2.6053,13.074,187.46,881.42,0.32146,0.12026,0.026816,0.27265,0.11644,0.022144,0.23441,0.11219,0.01856,247,246,245,188,189,191,178,181,184,219,210,202,130,129,133,131,134,141,0.51296,0.51318,0.51421
1,4.3599e+05,2.76,13.232,195,800,2.6891,13.084,186.83,997.12,0.30802,0.13874,0.032448,0.28072,0.13045,0.027904,0.26503,0.12619,0.025152,249,248,246,197,194,192,176,180,184,227,216,206,134,135,140,128,136,145,0.52659,0.52299,0.52214
1,4.3609e+05,2.84,13.232,195,800,2.7294,13.101,185.82,729.22,0.30202,0.11946,0.027136,0.26344,0.1121,0.022912,0.23595,0.11014,0.020288,251,248,246,199,196,193,174,177,180,221,211,204,136,140,147,157,166,170,0.54394,0.53898,0.53492
1,4.3619e+05,2.92,13.232,195,800,2.8239,13.094,187.17,637,0.32786,0.12458,0.030784,0.28545,0.12019,0.026304,0.26444,0.11564,0.023808,250,248,245,200,196,191,171,176,179,208,203,200,124,138,146,183,188,183,0.55407,0.55348,0.55295
1,4.3629e+05,3,13.232,195,800,2.8949,13.091,153.73,754.76,0.32178,0.11912,0.027328,0.25081,0.11872,0.022272,0.21409,0.11413,0.018816,238,243,244,185,190,189,175,176,176,188,190,192,126,131,140,202,204,199,0.41995,0.44089,0.45093
1,4.3931e+05,3,13.325,195,800,2.8652,13.173,0.20755,1103.8,0,0,0,0,0,0,0,0,0,240,240,240,168,177,186,178,178,177,193,198,203,146,156,159,196,199,198,0.43459,0.445,0.44745
1,4.3941e+05,2.92,13.325,195,800,2.8005,13.161,186.76,878.74,0.27121,0.10996,0.019264,0.17563,0.11066,0.01536,0.16694,0.10722,0.01408,243,242,242,176,184,189,172,176,178,204,209,210,169,172,167,188,187,183,0.56054,0.55568,0.55265
1,4.3951e+05,2.84,13.325,195,800,2.7273,13.175,188.57,889.32,0.20111,0.12016,0.019008,0.19265,0.11481,0.01728,0.18392,0.10674,0.015616,244,243,242,178,186,191,176,177,179,214,215,214,159,168,168,166,168,171,0.53326,0.53321,0.53375
1,4.3961e+05,2.76,13.325,195,800,2.6552,13.172,186.6,733.83,0.27145,0.13707,0.02912,0.25935,0.1305,0.026304,0.24211,0.12782,0.02432,242,242,242,199,191,188,186,185,183,224,219,214,132,145,152,128,138,148,0.52039,0.5207,0.52081
1,4.3971e+05,2.68,13.325,195,800,2.583,13.147,188.3,611.22,0.37252,0.1268,0.035648,0.35252,0.11289,0.030208,0.33075,0.10325,0.02528,241,241,242,199,189,187,191,188,185,216,212,209,120,131,141,129,136,145,0.51719,0.51917,0.51751
1,4.3981e+05,2.6,13.325,195,800,2.5162,13.163,187.1,675.26,0.29049,0.11414,0.0224,0.21399,0.11179,0.01792,0.17941,0.10913,0.015296,236,238,240,179,182,188,193,190,186,201,197,197,101,111,121,143,151,160,0.51802,0.51824,0.51892
1,4.3991e+05,2.52,13.325,195,800,2.4196,13.165,186.56,903.06,0.28886,0.12006,0.02624,0.2576,0.11131,0.022144,0.23836,0.10338,0.019008,233,235,238,186,187,190,192,188,184,199,192,189,93,100,105,177,182,185,0.52893,0.51753,0.51703
1,4.4001e+05,2.44,13.325,195,800,2.3464,13.174,187.23,1032.9,0.30765,0.13114,0.031168,0.27099,0.12484,0.026432,0.24792,0.12039,0.02336,232,234,237,188,188,192,184,184,184,194,189,186,89,94,98,189,195,197,0.521,0.51435,0.51664
1,4.4011e+05,2.36,13.325,195,800,2.2615,13.161,187.79,881.1,0.31597,0.12326,0.029888,0.28184,0.11597,0.025344,0.2585,0.10822,0.021504,234,236,240,182,188,193,176,179,180,183,182,182,77,82,86,200,207,209,0.51428,0.51953,0.51922
1,4.4021e+05,2.28,13.325,195,800,2.1766,13.172,186.76,1081.3,0.33245,0.11602,0.028288,0.26106,0.11476,0.023296,0.23976,0.11231,0.020864,236,240,243,183,190,191,176,177,179,181,180,179,71,78,82,199,205,204,0.52546,0.52337,0.52277
1,4.4031e+05,2.2,13.325,195,800,2.1034,13.156,187.61,854.57,0.31314,0.12579,0.029568,0.26281,0.11828,0.023744,0.23616,0.11221,0.02048,252,251,248,182,185,190,185,182,181,172,172,174,69,72,75,164,173,180,0.52803,0.52868,0.5266
1,4.4041e+05,2.12,13.325,195,800,2.0387,13.15,186.88,997.47,0.31436,0.11549,0.026944,0.26351,0.10861,0.02112,0.21088,0.10421,0.017088,251,251,250,199,195,191,190,186,183,168,170,175,63,66,70,139,146,155,0.52356,0.52658,0.52637
1,4.4051e+05,2.04,13.325,195,800,1.9316,13.182,186.14,919.04,0.35248,0.11225,0.028224,0.26426,0.10961,0.02208,0.23485,0.10578,0.018944,252,250,250,215,202,191,182,184,183,173,173,176,62,65,68,132,144,150,0.52819,0.52989,0.52631
1,4.4061e+05,1.96,13.325,195,800,1.8637,13.173,186.55,929.75,0.28098,0.12021,0.026048,0.25995,0.11338,0.022912,0.23792,0.10675,0.019712,251,250,250,187,189,189,181,181,182,167,171,178,65,65,68,138,145,147,0.51475,0.52307,0.52862
1,4.4071e+05,1.88,13.325,195,800,1.7851,13.185,186.3,1162.7,0.3239,0.1176,0.027904,0.26392,0.10936,0.022208,0.23608,0.10647,0.0192,253,250,248,172,180,187,183,183,182,164,171,178,64,66,68,135,142,143,0.53138,0.52925,0.53237
1,4.4081e+05,1.8,13.325,195,800,1.7151,13.175,187.2,918.66,0.33444,0.11673,0.029568,0.29198,0.10888,0.024192,0.25101,0.10669,0.020352,239,243,245,196,190,186,183,187,186,178,177,178,65,72,77,122,128,131,0.54674,0.53379,0.53152
1,4.4091e+05,1.72,13.325,195,800,1.6515,13.155,187,979.77,0.26338,0.12187,0.024768,0.23684,0.11404,0.020928,0.2218,0.1097,0.018944,244,243,242,202,196,186,197,189,186,174,177,183,101,93,83,115,117,118,0.53452,0.52991,0.53296
1,4.4101e+05,1.64,13.325,195,800,1.5517,13.169,186.02,1164.8,0.28726,0.11739,0.0256,0.26009,0.11055,0.022272,0.24036,0.10656,0.019648,246,244,241,204,192,182,184,187,186,175,181,185,100,92,84,111,113,114,0.54552,0.53573,0.53457
1,4.4111e+05,1.56,13.325,195,800,1.4859,13.175,185.82,559.12,0.23374,0.11291,0.020032,0.2042,0.10952,0.017088,0.18985,0.10689,0.01536,236,237,239,182,179,177,179,181,181,190,189,187,68,72,76,113,111,109,0.53732,0.53626,0.53479
1,4.4121e+05,1.48,13.325,195,800,1.4117,13.166,187.12,996.92,0.28627,0.11401,0.024704,0.25724,0.10892,0.021248,0.22923,0.10321,0.01824,236,237,239,176,176,178,174,178,180,189,188,186,65,69,72,115,111,107,0.5371,0.53913,0.53878
1,4.4131e+05,1.4,13.325,195,800,1.3151,13.172,185.77,824.29,0.37535,0.11639,0.03232,0.33723,0.10724,0.02656,0.30032,0.10336,0.022464,248,244,242,181,182,184,175,173,175,184,180,177,67,67,68,106,104,103,0.53693,0.53603,0.53708
1,4.4141e+05,1.32,13.325,195,800,1.244,13.168,187.48,941.99,0.26804,0.11108,0.02272,0.23499,0.10914,0.019648,0.21463,0.10236,0.017024,249,245,243,187,191,194,173,173,173,174,172,172,61,62,64,94,94,96,0.53608,0.53806,0.53724
1,4.4151e+05,1.24,13.325,195,800,1.1602,13.18,185.37,658.79,0.2767,0.11181,0.023552,0.2366,0.11078,0.020224,0.21234,0.10846,0.018048,238,241,243,197,199,197,176,175,172,171,170,170,61,61,64,92,91,93,0.53622,0.53896,0.53882
1,4.4161e+05,1.16,13.325,195,800,1.0955,13.174,186.95,851.57,0.32586,0.11716,0.028544,0.29959,0.11084,0.024448,0.25763,0.105,0.019584,242,240,242,219,209,200,175,171,171,163,165,168,62,63,66,84,86,88,0.54512,0.53923,0.53862
1,4.4171e+05,1.08,13.325,195,800,1.0117,13.164,185.74,781.51,0.33214,0.12035,0.030656,0.29646,0.11089,0.025344,0.26382,0.10761,0.021696,244,245,242,216,209,199,165,168,170,163,164,166,59,64,67,83,85,88,0.55042,0.54358,0.54387
1,4.4181e+05,1,13.325,195,800,0.92998,13.168,185.54,804.76,0.23958,0.13082,0.02368,0.21522,0.12302,0.02016,0.19041,0.12028,0.0176,244,242,239,201,200,197,167,167,169,166,166,166,63,64,69,92,90,90,0.55432,0.54855,0.54403
1,4.4191e+05,0.92,13.325,195,800,0.85783,13.164,186.76,884.22,0.28075,0.14088,0.026176,0.24529,0.10858,0.020352,0.21587,0.10553,0.0176,233,233,235,212,202,194,167,166,167,175,172,172,74,73,72,95,93,91,0.53368,0.54228,0.54283
1,4.4201e+05,0.84,13.325,195,800,0.78144,13.161,185.7,807.82,0.2778,0.11427,0.02432,0.24124,0.11038,0.020288,0.21469,0.10559,0.017664,235,233,234,203,200,193,163,165,167,178,177,175,78,77,75,91,92,92,0.54524,0.5397,0.54244
1,4.4211e+05,0.76,13.325,195,800,0.6902,13.169,186.58,712,0.27351,0.10998,0.02272,0.21326,0.10913,0.018048,0.18871,0.10693,0.01568,234,234,236,194,192,192,172,168,166,191,183,178,81,84,85,95,93,92,0.53817,0.54168,0.54285
1,4.4221e+05,0.68,13.325,195,800,0.6138,13.169,186.05,953.8,0.26226,0.11071,0.021248,0.20849,0.10718,0.016704,0.18158,0.10172,0.014272,232,235,237,200,194,191,171,169,166,182,179,176,93,93,89,94,93,92,0.5449,0.54453,0.54523
1,4.4231e+05,0.6,13.325,195,800,0.51619,13.204,186.75,1202.8,0.30391,0.11344,0.025344,0.25875,0.111,0.021632,0.23458,0.10573,0.0192,240,238,238,193,195,195,169,167,166,161,164,168,96,95,91,89,92,95,0.53869,0.54153,0.54391
1,4.4241e+05,0.52,13.325,195,800,0.47481,13.154,186.46,585.31,0.24521,0.11207,0.021056,0.21885,0.10843,0.017984,0.19491,0.10568,0.015936,236,236,237,204,203,201,167,167,165,165,164,165,71,77,83,99,99,100,0.548,0.55016,0.54709
1,4.4251e+05,0.44,13.325,195,800,0.37508,13.173,186.76,718.63,0.28928,0.10106,0.021696,0.25006,0.098159,0.018112,0.21586,0.091443,0.014848,237,236,236,210,209,207,166,166,164,172,168,166,71,74,79,105,103,103,0.53962,0.54605,0.54617
1,4.4261e+05,0.36,13.325,195,800,0.30187,13.146,185.55,905.66,0.26507,0.11174,0.021632,0.22099,0.10758,0.017792,0.19944,0.10324,0.015808,238,238,238,225,222,217,157,159,161,174,169,164,77,77,77,104,107,108,0.5361,0.54231,0.54345
1,4.4271e+05,0.28,13.325,195,800,0.22548,13.17,186.92,988.15,0.31579,0.11626,0.027456,0.27482,0.11157,0.022976,0.23971,0.10564,0.019072,240,240,240,228,224,218,154,157,161,170,165,160,79,77,76,107,108,108,0.53472,0.54078,0.53872
1,4.4281e+05,0.2,13.325,195,800,0.15758,13.166,186.1,731.79,0.31743,0.10718,0.025152,0.25866,0.10401,0.020224,0.22806,0.10107,0.017472,245,245,244,222,219,218,159,160,161,158,153,150,75,73,72,108,107,108,0.54568,0.53985,0.53531
1,4.4291e+05,0.12,13.325,195,800,0.073758,13.168,186.52,894.29,0.23042,0.10985,0.019136,0.20186,0.10783,0.016512,0.18979,0.10091,0.01472,246,248,248,235,228,221,156,160,162,150,146,143,72,71,68,112,111,111,0.519,0.52919,0.5316
1,4.4301e+05,0.04,13.325,195,800,-0.016427,13.179,186.86,948.28,0.29467,0.11311,0.024576,0.2523,0.10554,0.019648,0.20335,0.10216,0.015808,250,250,249,244,234,222,162,161,162,149,146,142,77,72,68,117,115,113,0.5365,0.53011,0.52937
1,4.4311e+05,-0.04,13.325,195,800,-0.089635,13.173,185.43,975.62,0.32904,0.1199,0.030144,0.29594,0.11366,0.0256,0.27056,0.10865,0.022336,251,252,251,234,232,228,165,164,162,158,148,140,75,72,69,111,115,119,0.53042,0.53104,0.53153
1,4.4321e+05,-0.12,13.325,195,800,-0.17345,13.174,186.58,865.91,0.26187,0.12271,0.024512,0.2368,0.1149,0.02112,0.22485,0.11051,0.019136,251,250,251,240,236,229,165,163,161,155,146,140,72,72,70,113,115,122,0.54225,0.53063,0.53127
1,4.4331e+05,-0.2,13.325,195,800,-0.26045,13.173,185.91,960.31,0.22623,0.10931,0.018816,0.20182,0.10802,0.016384,0.18916,0.10238,0.014528,245,247,247,250,245,233,158,160,163,144,143,142,75,72,68,120,125,136,0.53595,0.53502,0.53336
1,4.4341e+05,-0.28,13.325,195,800,-0.32093,13.172,187.77,1030,0.35296,0.10582,0.026624,0.29315,0.10188,0.021184,0.2567,0.098714,0.0176,244,245,245,227,227,223,168,165,165,155,150,146,62,63,63,144,152,158,0.52709,0.53146,0.53152
1,4.4351e+05,-0.36,13.325,195,800,-0.39626,13.189,186.94,764.02,0.23844,0.11711,0.021824,0.21909,0.11266,0.019264,0.19972,0.10797,0.01696,249,245,244,207,215,217,163,166,167,155,150,148,58,59,60,169,167,167,0.53723,0.53488,0.53316
1,4.4361e+05,-0.44,13.325,195,800,-0.48326,13.17,187.84,868.17,0.24072,0.11466,0.021248,0.22321,0.11021,0.018752,0.20654,0.1068,0.016704,237,244,247,223,220,218,169,169,169,149,150,151,57,57,56,166,172,175,0.53004,0.533,0.53258
1,4.4371e+05,-0.52,13.325,195,800,-0.55966,13.182,185.7,890.46,0.24705,0.11317,0.021312,0.2201,0.10688,0.017728,0.19436,0.10226,0.014976,241,245,248,242,232,223,170,170,170,152,151,152,55,55,55,155,164,171,0.52084,0.53506,0.534
1,4.4381e+05,-0.6,13.325,195,800,-0.62225,13.16,186.35,877.5,0.28243,0.11348,0.023488,0.22965,0.11175,0.019392,0.20294,0.10765,0.016704,254,252,250,237,236,227,171,171,171,157,157,158,52,52,53,143,151,160,0.51003,0.52605,0.53139
1,4.4391e+05,-0.68,13.325,195,800,-0.72411,13.163,185.76,829.32,0.26189,0.10999,0.021824,0.2221,0.10521,0.018112,0.20131,0.099224,0.01536,250,251,250,216,221,224,170,171,172,167,166,167,54,54,56,143,150,156,0.54084,0.53701,0.53512
1,4.4401e+05,-0.76,13.325,195,800,-0.81005,13.175,185.69,643.22,0.22479,0.11338,0.0192,0.19978,0.10824,0.016192,0.18736,0.099056,0.014336,248,248,248,224,223,222,174,173,172,166,172,177,56,57,57,154,156,155,0.5315,0.53338,0.5339
1,4.4411e+05,-0.84,13.325,195,800,-0.88538,13.182,185.65,932.93,0.22194,0.11842,0.01856,0.17037,0.1132,0.015296,0.15889,0.1087,0.013504,239,242,245,229,230,224,175,174,173,212,203,192,54,58,59,162,158,154,0.5404,0.53658,0.53667
1,4.4421e+05,-0.92,13.325,195,800,-0.95329,13.177,185.2,758.33,0.23619,0.11477,0.021056,0.21325,0.1117,0.018752,0.19776,0.10752,0.016576,242,243,245,225,227,224,175,174,174,226,209,194,58,59,60,150,152,152,0.54923,0.53665,0.5327
1,4.4431e+05,-1,13.325,195,800,-1.0413,13.175,186.55,666.17,0.26988,0.12518,0.025216,0.21089,0.11842,0.019904,0.18999,0.11571,0.017408,250,249,248,222,222,220,169,171,174,181,186,187,66,63,60,141,145,148,0.52407,0.53357,0.53502
1,4.4441e+05,-1.08,13.325,195,800,-1.1093,13.184,185.59,621.1,0.25223,0.109,0.020608,0.21403,0.10567,0.017216,0.19347,0.10074,0.014912,250,249,249,210,216,220,165,168,171,177,176,175,60,59,59,144,147,149,0.54051,0.53499,0.53365
1,4.4451e+05,-1.16,13.325,195,800,-1.1899,13.16,185.9,983.4,0.30144,0.11034,0.024768,0.24129,0.10642,0.019136,0.20169,0.10328,0.016192,247,248,249,210,217,221,162,166,169,177,175,174,58,58,58,149,150,150,0.51421,0.52952,0.5333
1,4.4461e+05,-1.24,13.325,195,800,-1.2631,13.15,187.46,946.96,0.23429,0.11393,0.019392,0.20641,0.10645,0.016768,0.19473,0.098739,0.015104,246,247,249,222,226,224,160,162,165,177,176,175,64,62,60,143,146,148,0.53694,0.53521,0.53507
1,4.4471e+05,-1.32,13.325,195,800,-1.3437,13.169,187.05,651.61,0.2857,0.10664,0.022272,0.24329,0.10216,0.018496,0.21233,0.097,0.015936,248,249,250,231,229,224,160,161,164,183,178,175,66,63,61,135,139,145,0.53855,0.54083,0.53628
1,4.4481e+05,-1.4,13.325,195,800,-1.4318,13.182,186.21,880.73,0.27289,0.11118,0.02272,0.22013,0.11104,0.01888,0.20085,0.10758,0.016768,251,251,251,222,220,217,166,167,166,177,176,173,61,62,62,134,140,146,0.53343,0.53234,0.5322
1,4.4491e+05,-1.48,13.325,195,800,-1.5092,13.183,186.09,1137.7,0.25288,0.1125,0.02208,0.22234,0.1094,0.019072,0.21067,0.1008,0.01664,249,249,250,198,207,214,175,171,167,178,173,170,61,61,63,162,160,157,0.53259,0.52917,0.5325
1,4.4501e+05,-1.56,13.325,195,800,-1.5708,13.158,185.8,900.28,0.25655,0.1153,0.022784,0.23141,0.11001,0.019776,0.21213,0.10717,0.017728,245,248,250,205,212,215,170,169,167,173,171,169,65,65,65,167,166,162,0.54133,0.53155,0.53019
1,4.4511e+05,-1.64,13.325,195,800,-1.6525,13.163,187.53,746.44,0.26986,0.11103,0.02272,0.22806,0.10868,0.019072,0.21014,0.10581,0.01728,247,247,248,222,220,215,173,169,165,169,169,170,83,77,72,158,162,164,0.54235,0.53375,0.53207
1,4.4521e+05,-1.72,13.325,195,800,-1.731,13.168,186.76,967.73,0.23916,0.11114,0.020544,0.21151,0.1081,0.017792,0.19386,0.10536,0.015872,245,247,248,221,218,213,169,168,166,169,169,172,82,78,74,153,160,164,0.54971,0.53518,0.53283
1,4.4531e+05,-1.8,13.325,195,800,-1.8138,13.164,187.15,1068.9,0.28093,0.12315,0.025728,0.25336,0.11586,0.022272,0.2285,0.11043,0.019264,248,248,247,221,215,210,167,167,167,171,176,183,72,74,75,161,166,167,0.52582,0.52782,0.52832
1,4.4541e+05,-1.88,13.325,195,800,-1.8848,13.164,185.88,881.34,0.25158,0.12936,0.024128,0.21076,0.12355,0.01984,0.19089,0.11652,0.017408,250,248,246,218,214,212,168,167,168,206,209,210,73,76,79,182,178,173,0.53103,0.53526,0.53311
1,4.4551e+05,-1.96,13.325,195,800,-1.975,13.17,185.61,777.23,0.30929,0.10565,0.024256,0.25627,0.10269,0.018816,0.19395,0.097665,0.014592,248,247,246,206,211,214,163,165,168,233,229,225,76,81,84,179,177,173,0.51441,0.52516,0.52883
1,4.4561e+05,-2.04,13.325,195,800,-2.0535,13.161,186.59,848.63,0.23042,0.12189,0.021632,0.21606,0.11722,0.019456,0.20111,0.10944,0.016896,247,247,247,212,215,219,158,161,164,254,252,247,109,106,103,164,167,171,0.536,0.5335,0.52945
1,4.4571e+05,-2.12,13.325,195,800,-2.1236,13.156,186.71,955.99,0.22214,0.12506,0.021504,0.20033,0.11934,0.018752,0.18616,0.11581,0.017088,250,249,248,224,224,224,156,159,163,255,254,252,133,122,114,168,169,173,0.53126,0.52522,0.52799
1,4.4581e+05,-2.2,13.325,195,800,-2.2148,13.177,185.63,853.72,0.25738,0.10676,0.019776,0.18098,0.10714,0.01504,0.15756,0.1045,0.013056,249,246,245,248,242,233,162,163,164,255,255,255,149,143,137,197,191,187,0.52548,0.52904,0.53241
1,4.4591e+05,-2.28,13.325,195,800,-2.2806,13.158,186.34,598.09,0.26121,0.11475,0.022336,0.22655,0.10844,0.018688,0.19872,0.10728,0.01632,243,242,243,248,240,234,173,170,168,255,255,255,166,167,169,222,217,212,0.50186,0.51558,0.5239
1,4.4601e+05,-2.36,13.325,195,800,-2.3591,13.172,185.29,873.24,0.23702,0.12079,0.021248,0.20706,0.11438,0.017856,0.18867,0.10996,0.015744,244,243,241,233,231,231,174,173,171,255,255,255,193,190,189,232,229,225,0.52234,0.52814,0.5277
1,4.4611e+05,-2.44,13.325,195,800,-2.4461,13.146,186.59,871,0.33473,0.11363,0.027328,0.2977,0.10882,0.022528,0.2588,0.1028,0.017152,235,237,239,219,220,223,182,177,172,255,255,255,245,236,229,252,248,245,0.50947,0.52214,0.52573
1,4.4621e+05,-2.52,13.325,195,800,-2.5098,13.153,185.88,856.3,0.2764,0.11888,0.025408,0.24561,0.11075,0.02112,0.22615,0.10895,0.019136,232,234,238,223,220,221,176,174,170,255,255,255,254,249,242,255,254,251,0.51094,0.52029,0.52229
1,4.4631e+05,-2.6,13.325,195,800,-2.6116,13.164,184.92,885.9,0.22854,0.11537,0.019392,0.1823,0.11492,0.016128,0.16574,0.11113,0.014272,238,237,238,214,218,222,163,166,166,255,255,255,255,251,245,255,255,255,0.52363,0.51738,0.5183
1,4.4641e+05,-2.68,13.325,195,800,-2.6848,13.173,186.74,713.03,0.29376,0.11869,0.026176,0.26814,0.11027,0.022144,0.2371,0.1076,0.019456,242,242,241,218,220,220,179,175,168,255,255,255,230,221,216,255,255,255,0.51475,0.51574,0.51696
1,4.4651e+05,-2.76,13.325,195,800,-2.7623,13.175,185.1,1072.4,0.24258,0.10904,0.018944,0.19769,0.10704,0.015424,0.16154,0.10379,0.012928,242,243,242,216,215,216,189,178,169,255,255,255,197,197,202,255,255,255,0.52484,0.52394,0.52427
1,4.4661e+05,-2.84,13.325,195,800,-2.81,13.159,186.98,614.54,0.23243,0.12232,0.021952,0.21693,0.11371,0.019072,0.1938,0.11122,0.017024,237,239,238,195,196,201,168,172,172,255,255,255,183,184,183,255,255,255,0.52946,0.53122,0.52783
1,4.4671e+05,-2.92,13.325,195,800,-2.9045,13.174,184.87,587.51,0.31576,0.10626,0.024192,0.28523,0.10236,0.020416,0.2204,0.099467,0.016768,235,234,235,181,187,197,170,171,171,255,255,255,200,188,180,255,255,254,0.53069,0.53644,0.53419
1,4.4681e+05,-3,13.325,195,800,-2.9787,13.161,152.87,674.34,0.26685,0.12215,0.025536,0.2404,0.11821,0.022208,0.22213,0.11269,0.019648,230,229,232,186,191,198,174,172,171,255,255,255,176,178,179,255,253,252,0.41978,0.44167,0.45738
1,4.4983e+05,-3,13.418,195,800,-2.9533,13.25,-0.26253,955.72,0,0,0,0,0,0,0,0,0,233,232,233,192,189,191,174,175,176,255,255,255,192,193,193,245,248,249,0.4416,0.4493,0.4604
1,4.4993e+05,-2.92,13.418,195,800,-2.8705,13.259,187.35,903.64,0.25431,0.1068,0.01856,0.22702,0.10142,0.01632,0.20666,0.10023,0.014016,235,234,236,188,188,190,180,176,175,255,255,255,210,199,189,255,254,253,0.53831,0.53695,0.53275
1,4.5003e+05,-2.84,13.418,195,800,-2.8164,13.249,188.48,778.95,0.20769,0.12118,0.01984,0.19648,0.11476,0.017728,0.18468,0.11144,0.016448,244,242,239,194,194,195,173,175,175,255,255,255,186,187,186,255,255,255,0.5289,0.52632,0.52567
1,4.5013e+05,-2.76,13.418,195,800,-2.7389,13.268,187.38,1004.4,0.24347,0.15947,0.029376,0.23458,0.13713,0.025344,0.22385,0.13063,0.022912,253,248,243,223,217,208,166,169,169,255,255,255,180,186,195,255,255,255,0.52203,0.52143,0.52259
1,4.5023e+05,-2.68,13.418,195,800,-2.6647,13.265,187.39,592.6,0.36194,0.15896,0.045056,0.34418,0.15167,0.04064,0.3294,0.14485,0.036608,250,246,242,237,225,211,162,165,167,255,255,255,213,211,209,255,255,255,0.51545,0.51902,0.51998
1,4.5033e+05,-2.6,13.418,195,800,-2.5777,13.265,186.52,1011,0.45106,0.16518,0.050624,0.43861,0.15448,0.04256,0.17923,0.10761,0.01504,237,238,238,223,218,213,157,159,163,255,255,255,254,250,241,255,255,255,0.52783,0.51881,0.5201
1,4.5043e+05,-2.52,13.418,195,800,-2.4992,13.245,186.94,1066.2,0.22475,0.12948,0.022848,0.20374,0.12271,0.019776,0.18978,0.11675,0.017536,236,237,238,213,214,213,157,162,167,255,255,255,247,248,246,255,254,252,0.53232,0.52564,0.52507
1,4.5053e+05,-2.44,13.418,195,800,-2.4196,13.252,187.74,835.47,0.31155,0.12324,0.029504,0.28917,0.11526,0.025152,0.25926,0.10996,0.021632,240,241,240,222,218,216,162,166,170,255,255,255,236,239,235,252,250,247,0.51551,0.52006,0.5264
1,4.5063e+05,-2.36,13.418,195,800,-2.3474,13.264,186.92,845.85,0.29744,0.12745,0.027136,0.24789,0.12392,0.022592,0.21256,0.1193,0.0192,249,247,244,223,228,228,174,175,174,255,255,255,194,197,196,223,224,226,0.54927,0.53381,0.52808
1,4.5073e+05,-2.28,13.418,195,800,-2.2626,13.25,187.09,699.72,0.23694,0.11729,0.020288,0.19262,0.11356,0.017024,0.17704,0.10853,0.01504,245,246,246,235,235,233,173,173,173,255,255,255,166,171,174,200,206,213,0.53095,0.5301,0.529
1,4.5083e+05,-2.2,13.418,195,800,-2.1883,13.252,185.71,880.11,0.26032,0.12259,0.024256,0.21892,0.11766,0.019584,0.19764,0.11188,0.017216,248,248,249,234,235,235,158,161,165,255,255,255,135,136,138,180,184,191,0.53899,0.53215,0.52793
1,4.5093e+05,-2.12,13.418,195,800,-2.0992,13.258,186.94,905.46,0.30795,0.1334,0.031616,0.28865,0.12331,0.027072,0.26779,0.11744,0.024256,248,250,249,212,222,227,156,159,163,255,255,253,117,117,116,176,180,182,0.53827,0.53007,0.53045
1,4.5103e+05,-2.04,13.418,195,800,-2.0376,13.26,185.6,953.63,0.354,0.11848,0.030336,0.30181,0.11198,0.02464,0.2781,0.1069,0.021056,249,248,248,218,221,221,163,164,165,255,253,249,108,108,107,185,182,179,0.52781,0.52579,0.53002
1,4.5113e+05,-1.96,13.418,195,800,-1.9485,13.26,186.01,1031,0.29289,0.1324,0.0304,0.25855,0.12512,0.025408,0.23387,0.1193,0.022016,247,246,246,225,217,211,175,173,170,244,237,229,98,93,90,184,179,174,0.51326,0.52968,0.53132
1,4.5123e+05,-1.88,13.418,195,800,-1.887,13.263,187.47,977.46,0.29823,0.12756,0.028992,0.25518,0.1222,0.023744,0.22262,0.11848,0.020096,248,248,247,211,210,207,174,173,171,226,221,216,89,85,83,176,173,170,0.52107,0.52898,0.53214
1,4.5133e+05,-1.8,13.418,195,800,-1.7936,13.261,184.67,786.45,0.25148,0.12623,0.024384,0.22878,0.12115,0.021376,0.21301,0.11521,0.018944,253,251,249,205,205,205,164,165,167,192,192,193,74,75,76,164,161,161,0.53534,0.53084,0.53111
1,4.5143e+05,-1.72,13.418,195,800,-1.7161,13.264,187.22,980.89,0.28169,0.12476,0.0272,0.24881,0.11747,0.022912,0.22473,0.11223,0.019968,251,251,250,210,211,210,155,159,163,188,187,184,77,75,73,163,160,158,0.54209,0.53352,0.53344
1,4.5153e+05,-1.64,13.418,195,800,-1.6419,13.275,185.47,992.09,0.2792,0.11754,0.023616,0.23088,0.1109,0.019264,0.20243,0.10795,0.016768,252,251,250,219,216,212,155,158,162,190,187,182,72,72,71,169,162,158,0.52508,0.5313,0.53352
1,4.5163e+05,-1.56,13.418,195,800,-1.5708,13.274,186.79,770.99,0.30153,0.1267,0.02944,0.28326,0.11773,0.025664,0.25486,0.11108,0.021952,251,251,251,221,216,212,158,161,165,171,175,178,60,63,67,157,156,155,0.52115,0.52872,0.53221
1,4.5173e+05,-1.48,13.418,195,800,-1.4657,13.254,187.64,979.94,0.32266,0.13371,0.031936,0.28361,0.12785,0.0272,0.26939,0.11814,0.024128,252,252,251,212,211,212,165,166,167,165,170,176,60,63,66,151,150,152,0.54131,0.53838,0.53526
1,4.5183e+05,-1.4,13.418,195,800,-1.3883,13.249,187.44,962.52,0.27341,0.12913,0.0256,0.23867,0.12258,0.020928,0.20183,0.11995,0.017728,250,251,251,216,215,213,174,171,168,167,173,178,71,69,67,148,146,147,0.54024,0.5376,0.53517
1,4.5193e+05,-1.32,13.418,195,800,-1.3395,13.27,187.79,908.04,0.29707,0.11727,0.02624,0.27095,0.10835,0.022272,0.24093,0.10535,0.019264,251,251,250,222,220,218,166,166,166,184,183,181,67,66,65,154,152,150,0.5442,0.53041,0.53357
1,4.5203e+05,-1.24,13.418,195,800,-1.2376,13.255,185.83,691.28,0.34038,0.11513,0.027072,0.22978,0.11225,0.018752,0.19029,0.1064,0.01568,251,250,249,223,221,218,166,165,165,182,182,181,60,61,62,163,159,153,0.54003,0.53623,0.53428
1,4.5213e+05,-1.16,13.418,195,800,-1.1708,13.26,186.7,886.41,0.294,0.11507,0.023744,0.24014,0.1091,0.01888,0.20136,0.10642,0.016384,247,247,248,218,214,212,166,166,166,174,177,179,56,58,60,164,160,154,0.52723,0.52712,0.53327
1,4.5223e+05,-1.08,13.418,195,800,-1.1008,13.269,185.42,841.67,0.27109,0.12589,0.0256,0.25333,0.1185,0.022592,0.23575,0.11096,0.020096,247,247,248,199,203,209,169,168,168,178,178,179,62,61,62,157,155,153,0.52483,0.53171,0.53497
1,4.5233e+05,-1,13.418,195,800,-1.0074,13.269,185.83,805.32,0.29417,0.11548,0.024832,0.25317,0.10888,0.019968,0.20021,0.10893,0.016768,247,248,249,187,195,204,173,173,173,183,188,192,67,67,64,150,151,149,0.52625,0.52802,0.5328
1,4.5243e+05,-0.92,13.418,195,800,-0.92464,13.258,185.37,1108.3,0.33336,0.13102,0.03232,0.28544,0.12169,0.026432,0.25662,0.11929,0.02336,252,250,249,199,203,208,174,175,176,230,220,205,59,60,62,153,150,148,0.54726,0.54111,0.5364
1,4.5253e+05,-0.84,13.418,195,800,-0.86522,13.27,186.6,798.81,0.30428,0.12736,0.028992,0.26499,0.11875,0.023616,0.23337,0.11595,0.020416,253,251,249,207,209,211,170,174,176,237,222,204,55,57,59,144,148,148,0.53708,0.5325,0.53346
1,4.5263e+05,-0.76,13.418,195,800,-0.7814,13.246,186.69,653.64,0.29579,0.11737,0.02432,0.23712,0.1131,0.020096,0.19372,0.11148,0.017088,253,253,251,213,214,214,167,169,173,179,184,187,53,54,56,149,149,148,0.5278,0.52796,0.53311
1,4.5273e+05,-0.68,13.418,195,800,-0.69546,13.254,186.58,958.45,0.3035,0.12135,0.026816,0.26624,0.11562,0.022848,0.24445,0.10581,0.019008,255,253,252,210,216,219,163,167,172,164,169,174,52,53,55,156,153,149,0.54284,0.53441,0.53346
1,4.5283e+05,-0.6,13.418,195,800,-0.62544,13.271,187.77,976.87,0.3618,0.12088,0.032448,0.32368,0.11455,0.027968,0.29404,0.10853,0.023872,248,250,251,241,231,226,171,172,173,160,161,163,51,53,56,173,168,159,0.52807,0.54158,0.53646
1,4.5293e+05,-0.52,13.418,195,800,-0.53631,13.26,187.02,591.22,0.27372,0.11287,0.02304,0.2352,0.10872,0.019392,0.19847,0.1077,0.016512,250,250,249,223,225,223,177,177,176,163,164,163,58,58,59,208,189,172,0.52235,0.53019,0.53054
1,4.5303e+05,-0.44,13.418,195,800,-0.44719,13.247,185.73,727.56,0.28219,0.12117,0.024512,0.25272,0.11469,0.020928,0.23088,0.10965,0.018176,253,250,249,206,215,222,172,176,176,163,163,161,60,59,61,208,194,175,0.52159,0.52572,0.52959
1,4.5313e+05,-0.36,13.418,195,800,-0.38035,13.264,187.46,1020.7,0.23205,0.1216,0.021696,0.20134,0.11918,0.01856,0.18618,0.11522,0.016704,246,248,248,228,225,223,177,176,176,141,147,153,54,57,62,196,179,162,0.53802,0.53211,0.53186
1,4.5323e+05,-0.28,13.418,195,800,-0.31138,13.268,185.69,844.81,0.24052,0.13323,0.022784,0.21883,0.12602,0.019392,0.19737,0.11407,0.017152,243,247,249,245,237,228,177,177,174,133,140,148,55,57,62,166,161,151,0.51714,0.53073,0.53177
1,4.5333e+05,-0.2,13.418,195,800,-0.23075,13.245,187.36,790.23,0.28281,0.13073,0.026816,0.25504,0.12099,0.021952,0.19328,0.12099,0.017792,254,252,251,244,239,232,171,167,166,128,133,140,56,59,63,131,128,125,0.53487,0.52837,0.53089
1,4.5343e+05,-0.12,13.418,195,800,-0.14587,13.25,186.15,915.71,0.20369,0.12238,0.019328,0.18731,0.11757,0.017152,0.17781,0.11261,0.015552,255,254,253,220,219,223,153,155,160,123,129,137,58,61,65,111,109,110,0.52653,0.52946,0.53185
1,4.5353e+05,-0.04,13.418,195,800,-0.07372,13.265,185.75,834.8,0.29137,0.11881,0.0256,0.24831,0.11469,0.021824,0.22632,0.10977,0.018944,255,254,252,205,213,219,155,157,159,124,129,136,60,63,66,105,106,107,0.52043,0.52885,0.53116
1,4.5363e+05,0.04,13.418,195,800,0.003732,13.25,186.57,661.52,0.29618,0.11468,0.02496,0.25301,0.10805,0.020736,0.22498,0.10561,0.018048,249,250,251,216,216,217,162,163,164,124,130,137,61,63,66,99,100,102,0.5257,0.52933,0.53027
1,4.5373e+05,0.12,13.418,195,800,0.08649,13.274,184.76,900.45,0.25065,0.12144,0.023104,0.22266,0.11562,0.01984,0.1983,0.1121,0.01728,246,249,250,212,218,219,165,167,167,128,133,139,60,64,67,95,97,100,0.50741,0.52382,0.52885
1,4.5383e+05,0.2,13.418,195,800,0.16819,13.27,185.56,739.29,0.34948,0.10966,0.02688,0.26421,0.10823,0.020608,0.19044,0.10639,0.015808,253,251,250,219,224,226,182,174,168,140,143,146,67,69,69,90,92,96,0.53458,0.5342,0.53431
1,4.5393e+05,0.28,13.418,195,800,0.25094,13.264,187,809.33,0.27089,0.11792,0.024512,0.24486,0.11166,0.020992,0.21937,0.1091,0.018304,251,249,248,244,239,231,167,166,165,150,153,155,73,71,71,93,94,96,0.52195,0.53432,0.53858
1,4.5403e+05,0.36,13.418,195,800,0.31248,13.259,186.9,815.62,0.30353,0.11861,0.027392,0.27053,0.10988,0.022592,0.23845,0.10782,0.019584,246,247,246,241,238,229,162,163,163,156,158,159,72,71,71,94,95,97,0.5473,0.54305,0.54208
1,4.5413e+05,0.44,13.418,195,800,0.40691,13.25,187.56,904.75,0.30214,0.11778,0.026624,0.26543,0.11063,0.022464,0.23504,0.10618,0.019008,242,242,242,211,212,213,165,164,164,162,162,162,71,70,70,100,99,98,0.52578,0.53902,0.54247
1,4.5423e+05,0.52,13.418,195,800,0.48967,13.251,186.39,869.12,0.29628,0.12712,0.027712,0.25802,0.1195,0.023488,0.23126,0.11696,0.020608,238,240,242,198,200,203,168,166,165,159,161,162,70,70,71,99,99,97,0.5358,0.54262,0.54394
1,4.5433e+05,0.6,13.418,195,800,0.5459,13.27,186.51,928.03,0.3433,0.12281,0.029888,0.2656,0.11957,0.023808,0.23117,0.1151,0.020416,246,244,242,199,195,193,167,167,168,162,163,166,70,72,75,95,94,94,0.54917,0.54573,0.54556
1,4.5443e+05,0.68,13.418,195,800,0.62972,13.258,187.62,716.72,0.29844,0.12099,0.027136,0.2592,0.11329,0.022144,0.22774,0.10811,0.01888,244,244,243,194,193,189,174,173,172,173,174,175,71,73,76,88,89,90,0.53812,0.54287,0.54299
1,4.5453e+05,0.76,13.418,195,800,0.7146,13.269,187.58,894.06,0.28627,0.12698,0.02784,0.24612,0.11814,0.022528,0.2243,0.11398,0.01984,244,243,242,187,189,189,179,176,174,175,177,178,73,73,75,85,86,89,0.54608,0.54636,0.54461
1,4.5463e+05,0.84,13.418,195,800,0.80266,13.23,187.03,1107.8,0.31363,0.12515,0.029248,0.28315,0.121,0.025088,0.25643,0.11307,0.021504,238,238,239,188,188,188,176,177,176,174,178,180,75,73,72,81,83,87,0.54009,0.54226,0.54355
1,4.5473e+05,0.92,13.418,195,800,0.85359,13.266,186.01,748.43,0.36104,0.11971,0.032704,0.31141,0.11164,0.02656,0.28475,0.10726,0.02336,233,235,237,191,190,189,179,177,176,177,177,177,72,70,70,82,83,86,0.5463,0.54352,0.54099
1,4.5483e+05,1,13.418,195,800,0.93953,13.256,187.21,718.66,0.3146,0.1245,0.030208,0.28148,0.11715,0.025536,0.25796,0.11134,0.02208,232,234,236,191,189,192,174,174,173,173,172,173,64,65,65,83,84,85,0.54335,0.54687,0.54392
1,4.5493e+05,1.08,13.418,195,800,1.0255,13.254,185.4,829.44,0.23243,0.13868,0.023424,0.19743,0.13434,0.02016,0.17758,0.13108,0.017792,235,235,235,188,194,196,165,168,170,169,171,171,62,62,62,83,84,86,0.53758,0.53898,0.54204
1,4.5503e+05,1.16,13.418,195,800,1.1093,13.259,185.4,1013.6,0.25963,0.12109,0.024448,0.23614,0.11214,0.020608,0.21633,0.10853,0.018368,235,233,235,200,199,197,168,169,169,173,172,172,59,60,61,85,85,86,0.53822,0.54001,0.54161
1,4.5513e+05,1.24,13.418,195,800,1.1761,13.282,186.18,949.22,0.31844,0.13212,0.03264,0.29962,0.12298,0.0288,0.27233,0.11949,0.025344,236,236,238,197,194,193,171,169,167,173,173,173,58,60,62,85,87,89,0.53908,0.53985,0.54197
1,4.5523e+05,1.32,13.418,195,800,1.2769,13.258,186.48,811.1,0.31273,0.13436,0.03264,0.28917,0.12431,0.027904,0.26944,0.11812,0.024896,244,240,239,184,184,188,166,164,167,171,171,172,62,62,63,87,89,91,0.54516,0.54259,0.54151
1,4.5533e+05,1.4,13.418,195,800,1.348,13.25,185.9,1030.6,0.28984,0.11768,0.025856,0.26806,0.10835,0.022272,0.24474,0.10479,0.01952,237,238,240,170,173,180,157,161,166,163,168,175,65,66,67,91,92,95,0.53851,0.5408,0.53974
1,4.5543e+05,1.48,13.418,195,800,1.4011,13.285,185.2,941.59,0.34398,0.1231,0.032064,0.29358,0.11583,0.026048,0.26011,0.11108,0.022464,224,231,237,165,171,176,167,170,172,178,182,186,68,68,70,90,95,98,0.52542,0.53181,0.53639
1,4.5553e+05,1.56,13.418,195,800,1.4997,13.268,186.38,959.44,0.31146,0.12439,0.029696,0.28287,0.11428,0.024768,0.25322,0.1074,0.02112,229,233,236,165,169,175,178,176,175,193,191,190,69,69,71,94,97,100,0.53682,0.53824,0.53784
1,4.5563e+05,1.64,13.418,195,800,1.5592,13.275,185.68,904.83,0.28666,0.12247,0.026368,0.25272,0.11835,0.022272,0.22419,0.11064,0.018752,236,238,238,162,171,177,184,184,181,194,193,193,65,70,75,101,103,105,0.53574,0.53513,0.53434
1,4.5573e+05,1.72,13.418,195,800,1.6483,13.273,186.34,1096.7,0.33499,0.11951,0.0304,0.29602,0.11115,0.025152,0.26287,0.10873,0.021888,235,238,240,168,176,180,181,182,181,187,188,191,69,71,76,111,109,109,0.53973,0.53261,0.53279
1,4.5583e+05,1.8,13.418,195,800,1.7321,13.259,185.17,749.38,0.19823,0.12821,0.019968,0.18798,0.12295,0.017984,0.17881,0.11676,0.016256,243,244,245,185,182,179,170,175,179,186,187,188,75,75,76,131,125,120,0.53166,0.53415,0.53249
1,4.5593e+05,1.88,13.418,195,800,1.8032,13.27,186.38,600.05,0.29144,0.11372,0.025216,0.26297,0.1064,0.02112,0.24424,0.10307,0.019136,250,249,248,171,176,180,178,179,180,184,187,189,75,75,74,143,136,129,0.53663,0.52891,0.5307
1,4.5603e+05,1.96,13.418,195,800,1.8976,13.255,187.72,684.61,0.30265,0.1144,0.025856,0.2691,0.10693,0.021888,0.24512,0.10294,0.019072,246,248,249,183,180,179,184,184,182,186,187,188,74,74,73,144,138,132,0.53146,0.53236,0.53088
1,4.5613e+05,2.04,13.418,195,800,1.9676,13.27,187.68,816.58,0.29735,0.11803,0.026816,0.26021,0.11405,0.023168,0.24276,0.1074,0.020288,252,249,249,176,183,184,192,188,185,184,185,185,74,73,73,142,139,136,0.53702,0.53381,0.53034
1,4.5623e+05,2.12,13.418,195,800,2.0557,13.251,186.38,1058.3,0.3417,0.12238,0.031872,0.31265,0.11462,0.027392,0.28767,0.10933,0.024128,249,250,249,181,185,187,186,186,184,178,180,183,74,74,75,143,142,143,0.51651,0.5251,0.52557
1,4.5633e+05,2.2,13.418,195,800,2.1268,13.266,185.98,780.67,0.34581,0.1121,0.028672,0.26997,0.10876,0.022464,0.239,0.10516,0.019328,249,249,248,202,200,192,177,180,180,173,176,181,83,80,79,183,179,171,0.52642,0.522,0.5227
1,4.5643e+05,2.28,13.418,195,800,2.1957,13.282,187.3,930.04,0.37048,0.11511,0.031744,0.3246,0.10801,0.02656,0.30023,0.10359,0.02336,245,244,245,210,200,192,170,176,179,179,182,187,88,84,83,234,221,198,0.52474,0.5234,0.52299
1,4.5653e+05,2.36,13.418,195,800,2.2965,13.256,186.99,1028.9,0.34124,0.11573,0.029568,0.29,0.11122,0.024768,0.26262,0.10659,0.02144,242,242,242,194,191,190,179,179,180,183,186,191,86,85,86,236,225,205,0.53441,0.52268,0.52115
1,4.5663e+05,2.44,13.418,195,800,2.3825,13.242,186.07,1195.5,0.32328,0.11096,0.02688,0.27782,0.10574,0.0224,0.24249,0.10421,0.019328,236,238,239,181,184,187,187,185,184,190,195,200,102,97,96,232,217,198,0.50393,0.51553,0.517
1,4.5673e+05,2.52,13.418,195,800,2.4387,13.261,186.04,1072.4,0.3666,0.11079,0.030016,0.32143,0.10333,0.024832,0.29439,0.099135,0.021568,234,237,239,192,189,187,183,184,186,192,198,204,115,107,103,214,203,188,0.51262,0.51636,0.51627
1,4.5683e+05,2.6,13.418,195,800,2.531,13.263,186.84,854.59,0.28484,0.1155,0.024384,0.24505,0.10924,0.020288,0.22165,0.1057,0.017984,242,241,241,193,191,189,182,188,192,200,207,212,135,127,121,167,168,166,0.51941,0.51419,0.51387
1,4.5693e+05,2.68,13.418,195,800,2.5926,13.268,186.5,698.86,0.32194,0.11226,0.026112,0.26646,0.10364,0.020352,0.22506,0.10295,0.017344,236,239,241,176,184,188,193,193,191,219,218,219,167,156,144,155,151,150,0.51347,0.51795,0.51843
1,4.5703e+05,2.76,13.418,195,800,2.6732,13.251,188.27,896.81,0.28653,0.11322,0.024064,0.26021,0.10458,0.020032,0.21946,0.10354,0.017152,234,237,240,181,185,187,187,189,189,224,223,221,191,174,157,151,150,152,0.52577,0.52491,0.52413
1,4.5713e+05,2.84,13.418,195,800,2.757,13.242,187.7,928.61,0.29938,0.12345,0.02848,0.2733,0.11677,0.024832,0.2506,0.11182,0.021888,232,235,238,192,187,185,179,179,181,230,225,220,228,206,176,176,172,167,0.53136,0.53282,0.53495
1,4.5723e+05,2.92,13.418,195,800,2.8196,13.269,187.68,618.21,0.28642,0.12192,0.026752,0.26058,0.11485,0.023168,0.23396,0.10913,0.019904,232,234,237,192,186,182,177,177,179,229,223,218,239,210,175,193,184,177,0.55113,0.55096,0.54405
1,4.5733e+05,3,13.418,195,800,2.879,13.277,154.23,701.05,0.32728,0.1174,0.028672,0.29104,0.11092,0.02464,0.26471,0.10723,0.021632,231,234,236,181,181,178,180,179,179,225,220,214,177,179,165,189,190,188,0.38615,0.39695,0.41196
1,4.6035e+05,3,13.511,195,800,2.8674,13.363,-0.16322,729.38,0,0,0,0,0,0,0,0,0,239,237,237,175,178,179,187,187,189,213,213,212,116,124,135,186,185,190,0.39513,0.40185,0.41225
1,4.6045e+05,2.92,13.511,195,800,2.791,13.359,183.89,981.35,0.19974,0.11501,0.017216,0.18726,0.10923,0.01536,0.17759,0.10669,0.014464,235,237,238,172,178,180,178,181,185,209,213,214,120,134,144,161,170,178,0.55061,0.55093,0.54056
1,4.6055e+05,2.84,13.511,195,800,2.7305,13.349,186.81,969.47,0.2289,0.11697,0.020992,0.21751,0.11128,0.018816,0.21025,0.10531,0.017216,238,239,239,175,180,181,175,180,185,214,215,214,127,138,148,163,164,168,0.53278,0.53407,0.53555
1,4.6065e+05,2.76,13.511,195,800,2.653,13.345,185.57,624.76,0.27855,0.13761,0.030144,0.26954,0.12911,0.02688,0.25246,0.12367,0.024576,248,245,243,195,187,181,199,194,190,218,220,217,134,142,146,145,149,154,0.52662,0.52473,0.52692
1,4.6075e+05,2.68,13.511,195,800,2.5851,13.355,188.13,1044.3,0.3835,0.13686,0.040256,0.35835,0.12956,0.034688,0.32887,0.12051,0.027968,250,247,244,191,187,182,208,201,193,225,223,218,133,138,140,142,147,153,0.5308,0.52356,0.52248
1,4.6085e+05,2.6,13.511,195,800,2.4992,13.359,186.68,946.32,0.35689,0.149,0.041408,0.32216,0.13454,0.033344,0.28586,0.12998,0.028288,248,247,244,190,188,186,199,197,194,240,231,220,114,119,124,170,166,163,0.50587,0.51252,0.5165
1,4.6095e+05,2.52,13.511,195,800,2.4281,13.357,186.82,852.1,0.34118,0.12146,0.031936,0.30659,0.11253,0.026304,0.27681,0.10604,0.022272,245,244,244,187,190,190,187,188,190,230,228,221,97,103,108,173,175,175,0.52384,0.52008,0.51864
1,4.6105e+05,2.44,13.511,195,800,2.3337,13.361,186.22,950.03,0.33981,0.13613,0.035008,0.30371,0.12876,0.029952,0.27598,0.12081,0.025792,242,244,244,184,189,191,180,185,188,228,225,218,93,99,103,162,172,179,0.52411,0.52177,0.52022
1,4.6115e+05,2.36,13.511,195,800,2.2796,13.347,186.79,942.87,0.30704,0.1293,0.0304,0.27611,0.12299,0.02624,0.2546,0.11677,0.023168,252,250,247,192,192,191,179,182,185,212,211,209,90,94,96,170,173,177,0.52036,0.51907,0.52027
1,4.6125e+05,2.28,13.511,195,800,2.1862,13.347,186.53,786.74,0.32183,0.12589,0.029568,0.27689,0.11898,0.024192,0.23533,0.11757,0.020736,253,251,248,192,191,190,183,183,183,203,204,204,88,93,94,170,171,172,0.51723,0.51656,0.52116
1,4.6135e+05,2.2,13.511,195,800,2.1056,13.371,186.44,870.14,0.33607,0.12561,0.032256,0.30642,0.11688,0.027264,0.28341,0.10924,0.023296,249,249,249,186,185,185,176,178,179,192,195,197,89,90,91,144,148,153,0.5272,0.52331,0.52257
1,4.6145e+05,2.12,13.511,195,800,2.0048,13.378,186.72,1117,0.34238,0.13986,0.034048,0.28171,0.1341,0.028288,0.24828,0.13186,0.025024,248,247,247,167,169,175,179,177,179,200,197,198,86,86,87,123,125,132,0.51963,0.52266,0.52606
1,4.6155e+05,2.04,13.511,195,800,1.9496,13.346,187.26,953.79,0.33545,0.13897,0.036416,0.30771,0.12882,0.0304,0.27185,0.12409,0.026304,247,246,247,156,166,173,178,182,181,202,204,201,81,84,85,119,122,127,0.53375,0.52854,0.52829
1,4.6165e+05,1.96,13.511,195,800,1.8732,13.346,186.01,833.79,0.39916,0.11823,0.035904,0.35438,0.10907,0.028736,0.3107,0.10258,0.02304,246,246,247,172,172,172,188,184,180,215,210,204,80,81,83,114,118,122,0.53412,0.53331,0.53035
1,4.6175e+05,1.88,13.511,195,800,1.7904,13.361,185.19,670.61,0.33599,0.12719,0.03264,0.29588,0.12449,0.028544,0.27039,0.11975,0.025088,248,247,247,167,172,174,174,178,179,208,208,204,81,82,82,111,115,120,0.52432,0.53176,0.53271
1,4.6185e+05,1.8,13.511,195,800,1.7236,13.341,187.52,1197,0.38324,0.11147,0.03168,0.32492,0.10345,0.024832,0.27501,0.10075,0.020608,249,247,246,171,172,173,173,174,176,202,202,200,83,83,82,100,105,111,0.52136,0.52935,0.53201
1,4.6195e+05,1.72,13.511,195,800,1.6302,13.351,186.9,1337.3,0.32359,0.12734,0.031936,0.28465,0.12053,0.026624,0.25816,0.11572,0.023232,243,241,242,167,168,173,183,179,176,206,205,202,82,80,79,95,98,104,0.54195,0.53577,0.53439
1,4.6205e+05,1.64,13.511,195,800,1.5645,13.35,185.78,688.52,0.32041,0.11803,0.028992,0.28097,0.11362,0.024448,0.24873,0.10817,0.02048,235,239,240,163,168,174,178,177,176,212,209,203,76,77,78,96,97,101,0.54107,0.53553,0.53556
1,4.6215e+05,1.56,13.511,195,800,1.4584,13.366,186.92,1199.7,0.33273,0.12635,0.03168,0.29157,0.12254,0.027776,0.27414,0.11521,0.024064,243,240,239,178,178,179,170,171,173,206,203,196,77,76,75,95,95,96,0.54283,0.54005,0.53918
1,4.6225e+05,1.48,13.511,195,800,1.3915,13.38,185.62,1025.3,0.31055,0.11215,0.026368,0.26422,0.10935,0.021952,0.23959,0.10447,0.019008,243,242,240,187,185,183,168,170,171,194,192,189,76,75,74,91,93,96,0.53979,0.5386,0.5403
1,4.6235e+05,1.4,13.511,195,800,1.3279,13.35,186.5,1043.3,0.30812,0.11873,0.028096,0.28673,0.11379,0.024576,0.26696,0.10853,0.021824,245,243,240,196,191,187,175,170,167,176,175,175,72,71,70,94,94,93,0.54179,0.53471,0.53942
1,4.6245e+05,1.32,13.511,195,800,1.2451,13.351,185.48,708.26,0.328,0.12955,0.03296,0.28998,0.12433,0.028096,0.261,0.11906,0.024256,240,238,237,192,190,188,160,163,165,178,175,171,66,66,66,92,91,92,0.53131,0.5382,0.54013
1,4.6255e+05,1.24,13.511,195,800,1.1528,13.364,185.93,813.13,0.32925,0.11671,0.028736,0.28501,0.10887,0.023552,0.25455,0.10556,0.02048,232,233,235,189,189,187,159,162,164,182,177,171,64,64,65,91,90,91,0.53687,0.54091,0.54178
1,4.6265e+05,1.16,13.511,195,800,1.0828,13.37,187.21,822.13,0.3714,0.12085,0.033728,0.33269,0.11044,0.027328,0.28888,0.10632,0.022784,233,232,233,191,186,186,166,164,166,179,176,172,63,63,64,91,89,89,0.55075,0.54357,0.54069
1,4.6275e+05,1.08,13.511,195,800,1.018,13.351,186.42,781.93,0.29625,0.11565,0.025344,0.25262,0.11263,0.021504,0.22746,0.10501,0.01856,234,234,234,184,184,186,166,167,169,177,175,172,63,64,64,86,88,89,0.54128,0.54563,0.54254
1,4.6285e+05,1,13.511,195,800,0.93529,13.366,188.04,704.67,0.31444,0.11171,0.026112,0.25019,0.1108,0.021568,0.22794,0.10464,0.018432,235,235,236,181,184,186,181,178,176,175,174,174,67,66,66,86,86,88,0.53316,0.54065,0.54264
1,4.6295e+05,0.92,13.511,195,800,0.85359,13.357,186.08,799.24,0.35147,0.12424,0.033792,0.31245,0.1205,0.029376,0.29749,0.11248,0.025856,243,242,241,181,183,186,185,184,181,186,183,179,67,68,69,88,88,90,0.55201,0.54585,0.54443
1,4.6305e+05,0.84,13.511,195,800,0.78144,13.363,188.56,1028,0.30456,0.11622,0.026752,0.25292,0.11153,0.021504,0.21911,0.10856,0.01824,247,245,243,176,180,184,185,184,181,193,186,180,68,69,70,90,90,91,0.53395,0.54145,0.54282
1,4.6315e+05,0.76,13.511,195,800,0.69762,13.347,186.89,832.14,0.28899,0.12161,0.026752,0.25182,0.11486,0.022336,0.22249,0.11181,0.019392,248,247,246,178,179,183,180,178,176,188,183,177,72,71,71,90,91,94,0.54488,0.54445,0.54095
1,4.6325e+05,0.68,13.511,195,800,0.61911,13.356,186.62,708.39,0.30331,0.12805,0.030272,0.27052,0.12107,0.025472,0.24754,0.11645,0.022656,247,247,247,178,179,182,172,172,172,181,177,173,71,71,72,92,93,95,0.53056,0.53855,0.54064
1,4.6335e+05,0.6,13.511,195,800,0.51725,13.376,186.81,1130.4,0.31859,0.11419,0.027392,0.28336,0.10791,0.022848,0.24394,0.10568,0.019584,242,244,246,172,179,186,163,164,166,167,165,163,72,72,71,96,97,98,0.53853,0.5462,0.54526
1,4.6345e+05,0.52,13.511,195,800,0.45784,13.355,185.67,1060.3,0.31604,0.11453,0.027968,0.28592,0.108,0.023552,0.25798,0.10507,0.020736,244,245,246,197,199,202,161,161,163,160,158,156,66,67,69,98,98,99,0.5509,0.54587,0.54385
1,4.6355e+05,0.44,13.511,195,800,0.39312,13.35,187.04,964.78,0.27797,0.11676,0.024768,0.24369,0.11152,0.021248,0.22506,0.10942,0.019328,248,247,246,214,215,214,158,160,163,158,155,153,64,65,67,96,97,99,0.54822,0.54663,0.54527
1,4.6365e+05,0.36,13.511,195,800,0.31354,13.359,186.56,793.46,0.28854,0.11229,0.024832,0.25279,0.10661,0.020672,0.22624,0.10408,0.018176,249,250,250,247,238,226,164,165,166,153,152,149,65,66,67,91,93,96,0.54866,0.54254,0.54217
1,4.6375e+05,0.28,13.511,195,800,0.21911,13.352,185.49,859.32,0.28376,0.11479,0.02464,0.25256,0.10882,0.020992,0.22853,0.10558,0.018368,251,252,251,243,233,224,170,170,169,153,149,146,67,67,67,90,92,94,0.54093,0.54427,0.54075
1,4.6385e+05,0.2,13.511,195,800,0.1353,13.355,185.97,807.53,0.29604,0.10897,0.024384,0.25886,0.10583,0.0208,0.23213,0.097464,0.017536,255,254,253,217,214,212,174,174,172,140,140,139,70,68,66,88,90,93,0.53102,0.53352,0.53541
1,4.6395e+05,0.12,13.511,195,800,0.091795,13.34,186.3,863.62,0.27093,0.11103,0.022912,0.23125,0.10745,0.019392,0.21415,0.10553,0.017664,253,252,252,211,207,204,171,170,169,136,135,135,61,62,65,94,96,97,0.52322,0.52766,0.53073
1,4.6405e+05,0.04,13.511,195,800,-0.023854,13.357,185,1048.5,0.27641,0.11596,0.024768,0.23876,0.11272,0.020928,0.21551,0.10867,0.01824,250,251,251,203,203,202,170,167,165,137,135,133,61,63,65,103,100,100,0.53306,0.52761,0.52792
1,4.6415e+05,-0.04,13.511,195,800,-0.083269,13.357,185.57,682.37,0.30536,0.1116,0.025536,0.2397,0.10617,0.019712,0.20573,0.10494,0.016832,252,252,252,197,199,201,157,159,161,138,135,134,71,68,66,100,102,104,0.53636,0.53636,0.53278
1,4.6425e+05,-0.12,13.511,195,800,-0.1586,13.359,185.16,1035.1,0.27636,0.11344,0.02368,0.22956,0.11047,0.019584,0.21161,0.1031,0.016896,255,254,253,200,202,203,157,158,162,138,138,137,67,68,67,100,103,106,0.52661,0.53124,0.53062
1,4.6435e+05,-0.2,13.511,195,800,-0.23181,13.342,186.87,878.04,0.28629,0.11501,0.024704,0.249,0.11005,0.020544,0.22311,0.10735,0.018048,253,253,253,217,214,211,169,169,168,157,150,144,70,68,67,109,112,116,0.53507,0.52767,0.5306
1,4.6445e+05,-0.28,13.511,195,800,-0.33154,13.355,185.27,741.14,0.24853,0.12108,0.023232,0.2254,0.11616,0.020352,0.21237,0.10918,0.017984,252,251,251,220,219,213,183,180,177,152,154,154,70,72,73,122,128,133,0.54021,0.53862,0.53259
1,4.6455e+05,-0.36,13.511,195,800,-0.41324,13.379,185.26,680.41,0.23157,0.10399,0.018752,0.20447,0.10133,0.016,0.18577,0.095295,0.013952,250,249,250,222,216,210,182,182,181,160,161,160,73,75,77,128,136,141,0.55526,0.54072,0.53494
1,4.6465e+05,-0.44,13.511,195,800,-0.4822,13.354,184.76,836.85,0.26884,0.12108,0.024576,0.24803,0.11709,0.021824,0.23114,0.10982,0.019392,248,249,249,210,211,212,192,189,185,192,179,168,76,78,80,147,151,154,0.53018,0.52826,0.53033
1,4.6475e+05,-0.52,13.511,195,800,-0.5639,13.363,186.32,894.57,0.23286,0.11264,0.02016,0.21081,0.10773,0.017472,0.18416,0.10333,0.014848,252,250,250,226,217,213,190,189,186,180,175,170,73,74,77,150,153,155,0.53114,0.53503,0.53425
1,4.6485e+05,-0.6,13.511,195,800,-0.64666,13.37,185.73,956.85,0.24528,0.1049,0.01984,0.217,0.099412,0.016576,0.19737,0.096257,0.014464,253,252,252,208,217,216,182,182,182,162,165,169,59,62,67,137,144,150,0.54524,0.52998,0.53173
1,4.6495e+05,-0.68,13.511,195,800,-0.71774,13.357,186.36,702.52,0.2548,0.11734,0.022208,0.21271,0.11361,0.018752,0.19342,0.10991,0.01664,255,254,252,213,210,208,174,177,179,174,175,178,60,62,64,135,138,143,0.54092,0.53658,0.53395
1,4.6505e+05,-0.76,13.511,195,800,-0.81111,13.374,184.79,992.49,0.22196,0.11702,0.019648,0.19475,0.11004,0.016384,0.16858,0.10948,0.014272,254,253,251,208,205,202,180,180,179,189,187,185,65,66,65,133,137,143,0.52652,0.53254,0.53176
1,4.6515e+05,-0.84,13.511,195,800,-0.87689,13.354,186.91,850.13,0.23549,0.11843,0.021952,0.21817,0.1112,0.019072,0.2011,0.10983,0.017408,248,248,248,186,194,196,188,185,180,201,199,194,63,66,67,135,141,147,0.52999,0.53783,0.53345
1,4.6525e+05,-0.92,13.511,195,800,-0.95329,13.376,186.04,1188.2,0.26696,0.12195,0.024896,0.23697,0.1151,0.021056,0.22108,0.11044,0.018752,247,248,248,203,198,195,183,182,178,190,193,194,64,66,67,144,146,149,0.52209,0.52932,0.53427
1,4.6535e+05,-1,13.511,195,800,-1.0244,13.361,185.81,862.67,0.24134,0.11968,0.022336,0.21732,0.11486,0.019648,0.20616,0.10687,0.017216,251,249,247,205,203,199,172,173,173,184,185,188,71,68,65,148,152,154,0.53491,0.53189,0.53346
1,4.6545e+05,-1.08,13.511,195,800,-1.1156,13.355,186.22,853,0.26415,0.11953,0.024768,0.23378,0.11327,0.020736,0.21085,0.10662,0.017664,247,247,246,210,209,206,172,170,169,180,181,185,61,61,61,150,154,156,0.54406,0.53631,0.53713
1,4.6555e+05,-1.16,13.511,195,800,-1.1931,13.357,184.71,787.78,0.27884,0.111,0.022784,0.22965,0.10787,0.018944,0.19971,0.10613,0.016192,245,246,247,219,214,209,169,168,168,172,179,185,57,57,59,150,155,158,0.54991,0.53488,0.53522
1,4.6565e+05,-1.24,13.511,195,800,-1.2663,13.354,186.87,565.25,0.27519,0.1143,0.023744,0.24318,0.10876,0.020096,0.21676,0.10635,0.017664,251,250,249,208,208,209,165,166,166,193,187,184,57,58,60,155,158,160,0.5309,0.53775,0.53487
1,4.6575e+05,-1.32,13.511,195,800,-1.3565,13.363,185.79,869.83,0.27302,0.11449,0.023232,0.23784,0.10721,0.019328,0.2081,0.10406,0.016512,253,251,250,195,202,208,166,165,166,195,188,182,63,63,63,154,158,160,0.52764,0.53543,0.53572
1,4.6585e+05,-1.4,13.511,195,800,-1.401,13.342,186.77,737.81,0.24529,0.12527,0.023104,0.21881,0.11662,0.019328,0.19321,0.11338,0.01664,252,252,252,206,207,209,166,167,166,186,181,175,75,71,66,148,152,156,0.52608,0.53196,0.53625
1,4.6595e+05,-1.48,13.511,195,800,-1.4997,13.355,185.08,721.31,0.34326,0.11283,0.02784,0.29626,0.10677,0.022656,0.25778,0.10455,0.019072,252,251,251,214,214,212,168,166,165,178,175,173,67,67,66,144,148,152,0.53921,0.53534,0.53471
1,4.6605e+05,-1.56,13.511,195,800,-1.5878,13.366,186.45,841.1,0.2649,0.11795,0.023808,0.23741,0.10755,0.019712,0.21832,0.1052,0.017728,250,251,251,208,211,212,163,163,164,178,178,175,67,66,66,147,150,152,0.53842,0.53216,0.53224
1,4.6615e+05,-1.64,13.511,195,800,-1.6578,13.368,186.46,994.71,0.27474,0.11781,0.02496,0.23272,0.11439,0.0208,0.21593,0.10469,0.017664,251,250,250,197,201,205,163,163,165,196,188,180,66,68,70,155,155,154,0.52497,0.53308,0.53428
1,4.6625e+05,-1.72,13.511,195,800,-1.7352,13.349,185.86,891.9,0.26016,0.11153,0.02176,0.21039,0.10948,0.017472,0.18158,0.10739,0.015168,251,250,249,195,196,199,168,166,166,188,187,183,66,70,72,151,154,155,0.53055,0.52988,0.53153
1,4.6635e+05,-1.8,13.511,195,800,-1.7925,13.335,185.39,725.9,0.25007,0.11737,0.02144,0.20232,0.11447,0.017792,0.18203,0.10938,0.015552,247,246,246,182,185,189,170,171,172,188,188,189,72,73,76,148,153,158,0.52928,0.5324,0.53079
1,4.6645e+05,-1.88,13.511,195,800,-1.9156,13.378,186.61,1117.5,0.25973,0.11029,0.019776,0.21072,0.10938,0.016832,0.17933,0.10633,0.014528,240,240,242,178,184,192,179,177,175,207,207,208,80,82,82,157,163,170,0.51098,0.52967,0.53129
1,4.6655e+05,-1.96,13.511,195,800,-1.975,13.354,187.58,926.82,0.32369,0.11508,0.027584,0.29729,0.1083,0.023936,0.27566,0.10567,0.021312,234,238,242,190,194,198,179,177,175,218,220,221,90,88,86,165,172,178,0.5227,0.52769,0.5283
1,4.6665e+05,-2.04,13.511,195,800,-2.0567,13.36,185.88,968.73,0.2601,0.11733,0.022272,0.20917,0.11269,0.01824,0.19027,0.11051,0.016384,248,246,246,229,221,215,176,172,170,249,246,243,93,94,96,187,188,188,0.52384,0.52388,0.52654
1,4.6675e+05,-2.12,13.511,195,800,-2.1437,13.382,186.76,1296.4,0.19908,0.11738,0.018112,0.18679,0.11212,0.016384,0.17105,0.10839,0.014656,254,251,248,239,230,223,168,167,168,255,253,250,94,98,103,190,190,192,0.53953,0.53325,0.53062
1,4.6685e+05,-2.2,13.511,195,800,-2.2021,13.349,185.53,507.69,0.24449,0.11337,0.02112,0.21539,0.10864,0.018176,0.19848,0.10385,0.016064,253,251,249,242,237,230,171,169,169,255,255,255,119,119,123,194,193,199,0.53694,0.53099,0.52847
1,4.6695e+05,-2.28,13.511,195,800,-2.2976,13.368,185.56,827.25,0.25569,0.11417,0.022528,0.23126,0.1106,0.01984,0.21332,0.10325,0.016896,248,247,246,232,230,227,188,182,175,255,255,255,159,161,163,213,215,219,0.53411,0.53113,0.52714
1,4.6705e+05,-2.36,13.511,195,800,-2.3708,13.36,187.16,800.45,0.28835,0.11594,0.024128,0.23926,0.1127,0.020032,0.21777,0.10796,0.017728,244,245,245,227,223,222,185,180,175,255,255,255,203,194,186,235,232,230,0.51763,0.52298,0.52419
1,4.6715e+05,-2.44,13.511,195,800,-2.445,13.354,185.73,953.28,0.34827,0.10466,0.025856,0.26697,0.10189,0.019648,0.2308,0.099385,0.016448,242,241,241,203,206,211,169,168,168,255,255,255,253,241,225,253,252,249,0.51871,0.52603,0.52759
1,4.6725e+05,-2.52,13.511,195,800,-2.5151,13.345,186.69,765.69,0.218,0.11926,0.01984,0.19172,0.11686,0.017344,0.18213,0.10944,0.015424,238,238,239,199,201,207,167,165,165,255,255,255,255,248,236,255,254,253,0.52468,0.52465,0.52437
1,4.6735e+05,-2.6,13.511,195,800,-2.6137,13.37,187.24,552.27,0.28361,0.11012,0.02304,0.23354,0.10433,0.01856,0.20791,0.10194,0.016064,232,233,237,180,193,204,168,162,160,255,255,255,250,240,226,255,255,255,0.52565,0.52338,0.52318
1,4.6745e+05,-2.68,13.511,195,800,-2.6816,13.352,187.51,976.98,0.2853,0.12529,0.026752,0.26296,0.11765,0.023488,0.24663,0.11231,0.020928,233,238,240,191,193,197,152,158,163,255,255,255,180,187,194,255,255,255,0.51892,0.52079,0.52413
1,4.6755e+05,-2.76,13.511,195,800,-2.7538,13.354,186.98,1095,0.32774,0.11598,0.026944,0.27002,0.10792,0.021568,0.23675,0.10304,0.018112,244,241,240,190,190,194,165,163,165,255,255,255,156,166,181,255,255,255,0.53208,0.52273,0.52178
1,4.6765e+05,-2.84,13.511,195,800,-2.8376,13.359,186.13,582.83,0.25915,0.15394,0.029568,0.23918,0.14573,0.026368,0.22787,0.14056,0.023936,238,238,237,183,186,188,177,174,172,255,255,255,177,177,180,255,255,255,0.52955,0.5277,0.52694
1,4.6775e+05,-2.92,13.511,195,800,-2.9151,13.365,186.16,920.53,0.30867,0.12184,0.02816,0.26888,0.11503,0.023872,0.25371,0.1069,0.020672,234,232,234,193,188,188,176,176,174,255,255,255,194,190,189,255,254,253,0.53533,0.53556,0.53324
1,4.6785e+05,-3,13.511,195,800,-2.9681,13.342,153.1,723.86,0.29063,0.11794,0.026432,0.25891,0.11444,0.023168,0.24444,0.10804,0.020608,230,231,234,190,196,197,178,178,177,255,255,255,212,208,206,245,245,248,0.43386,0.45346,0.46603
1,4.7087e+05,-3,13.604,195,800,-2.949,13.431,0.69087,632.35,0,0,0,0,0,0,0,0,0,234,235,237,210,205,204,177,177,178,255,255,255,213,213,215,249,250,250,0.44467,0.46396,0.47052
1,4.7097e+05,-2.92,13.604,195,800,-2.8991,13.461,187.32,722.42,0.24123,0.10769,0.018688,0.23285,0.10317,0.017024,0.22082,0.096945,0.01504,230,230,234,182,182,188,167,170,174,255,255,255,197,192,194,255,254,254,0.53083,0.53278,0.53186
1,4.7107e+05,-2.84,13.604,195,800,-2.8079,13.449,185.07,965.9,0.21568,0.13799,0.02304,0.19693,0.13045,0.020352,0.18116,0.12519,0.018176,226,232,236,171,176,183,165,169,172,255,255,255,176,179,185,255,255,255,0.5303,0.52862,0.52521
1,4.7117e+05,-2.76,13.604,195,800,-2.7368,13.457,187.63,729.88,0.29809,0.21428,0.047616,0.27668,0.19858,0.040768,0.24059,0.17112,0.031168,241,238,237,176,178,185,172,168,166,255,255,255,158,169,186,255,255,255,0.52993,0.52338,0.52157
1,4.7127e+05,-2.68,13.604,195,800,-2.6572,13.433,188.36,828.63,0.30132,0.14488,0.034048,0.26555,0.13376,0.028096,0.2485,0.12644,0.02464,239,238,238,186,188,190,167,165,165,255,255,255,172,185,195,255,255,255,0.52615,0.52154,0.5205
1,4.7137e+05,-2.6,13.604,195,800,-2.5681,13.431,188.1,927.24,0.30538,0.119,0.0272,0.27026,0.11367,0.02272,0.24244,0.10927,0.019648,240,237,238,219,208,203,157,159,162,255,255,255,211,213,216,255,255,255,0.51969,0.51926,0.52123
1,4.7147e+05,-2.52,13.604,195,800,-2.5066,13.455,187.25,1123.4,0.27685,0.1363,0.029376,0.2509,0.12857,0.025216,0.23248,0.12039,0.021952,241,241,241,215,212,209,160,163,168,255,255,255,204,210,216,255,255,254,0.51819,0.5223,0.52462
1,4.7157e+05,-2.44,13.604,195,800,-2.4217,13.446,186.62,691.41,0.28666,0.12054,0.02656,0.25578,0.11259,0.022336,0.22641,0.1082,0.019008,243,242,242,206,210,210,164,168,172,255,255,255,203,205,206,255,253,252,0.51871,0.52424,0.52531
1,4.7167e+05,-2.36,13.604,195,800,-2.3315,13.438,185.75,767.19,0.29081,0.12361,0.026688,0.23711,0.11975,0.021184,0.21608,0.11049,0.017856,245,245,244,224,217,213,181,180,178,255,255,255,166,172,174,245,244,241,0.54493,0.52626,0.52402
1,4.7177e+05,-2.28,13.604,195,800,-2.2509,13.447,185.8,1171.4,0.29575,0.11804,0.025664,0.26587,0.11076,0.022272,0.24109,0.10732,0.019456,243,245,246,228,221,215,180,180,179,255,255,255,140,147,155,241,237,232,0.52377,0.52871,0.52696
1,4.7187e+05,-2.2,13.604,195,800,-2.1904,13.455,185.74,708.7,0.31396,0.12355,0.028928,0.29311,0.11655,0.024768,0.26687,0.10948,0.02144,247,248,249,220,219,219,167,170,175,255,255,255,111,115,122,214,213,213,0.51765,0.52683,0.5275
1,4.7197e+05,-2.12,13.604,195,800,-2.1267,13.471,187.04,817.4,0.27546,0.12382,0.026112,0.23866,0.11966,0.02176,0.21028,0.11436,0.018432,253,250,248,212,215,215,170,172,175,255,251,247,88,94,101,210,206,201,0.52214,0.5244,0.52959
1,4.7207e+05,-2.04,13.604,195,800,-2.0143,13.432,185.95,939.33,0.3181,0.11518,0.025088,0.25965,0.11312,0.021376,0.22628,0.10995,0.01824,246,246,246,207,208,208,176,176,177,245,240,237,80,86,93,219,206,195,0.51963,0.53084,0.53213
1,4.7217e+05,-1.96,13.604,195,800,-1.957,13.447,185.12,1034.8,0.26121,0.12973,0.02624,0.2351,0.12443,0.023104,0.21669,0.11915,0.020096,238,238,241,177,183,192,176,179,180,201,204,210,75,76,79,188,185,181,0.53785,0.53334,0.53153
1,4.7227e+05,-1.88,13.604,195,800,-1.8551,13.414,185.87,1201,0.31889,0.11316,0.02592,0.26424,0.10785,0.020992,0.2284,0.10162,0.017408,239,238,240,170,176,185,179,179,179,187,189,195,72,73,76,174,171,171,0.53691,0.534,0.53141
1,4.7237e+05,-1.8,13.604,195,800,-1.8084,13.447,185.21,882.48,0.27843,0.11815,0.02432,0.25115,0.11293,0.020736,0.22445,0.10612,0.017792,241,242,244,179,179,185,179,177,176,168,170,176,77,74,73,157,156,158,0.52943,0.53121,0.53024
1,4.7247e+05,-1.72,13.604,195,800,-1.7045,13.441,187.28,902.08,0.25927,0.13399,0.026752,0.23393,0.1265,0.023168,0.21387,0.12314,0.02048,246,247,248,194,198,198,177,176,172,165,167,169,84,77,72,152,152,153,0.52104,0.52874,0.52944
1,4.7257e+05,-1.64,13.604,195,800,-1.6387,13.44,185.98,855.47,0.28613,0.12501,0.02752,0.24839,0.11871,0.022656,0.21098,0.11397,0.018496,248,248,249,210,207,203,174,173,171,169,167,166,77,74,71,148,150,152,0.5265,0.53036,0.53002
1,4.7267e+05,-1.56,13.604,195,800,-1.5485,13.446,185.72,946.23,0.30184,0.13493,0.031168,0.28122,0.12484,0.026944,0.26227,0.12062,0.024512,250,249,249,218,212,208,167,166,167,156,160,164,63,65,67,144,148,153,0.53839,0.53494,0.5341
1,4.7277e+05,-1.48,13.604,195,800,-1.4742,13.454,186.51,837.96,0.2796,0.12623,0.026752,0.24755,0.11819,0.02208,0.21467,0.11356,0.019008,250,249,250,212,209,206,163,164,165,155,158,163,60,62,65,153,154,156,0.53074,0.53218,0.53432
1,4.7287e+05,-1.4,13.604,195,800,-1.4042,13.445,185.5,774.21,0.34082,0.13388,0.034624,0.30302,0.12652,0.029312,0.28233,0.12001,0.025728,252,251,250,205,204,204,160,161,163,160,163,167,56,58,61,179,172,164,0.52446,0.53374,0.53486
1,4.7297e+05,-1.32,13.604,195,800,-1.3246,13.43,185.83,853.09,0.30888,0.12138,0.027904,0.27043,0.11183,0.022976,0.23783,0.10874,0.019776,249,249,249,202,201,204,161,162,163,174,178,181,56,58,60,177,171,164,0.53225,0.52999,0.53302
1,4.7307e+05,-1.24,13.604,195,800,-1.2482,13.446,186.21,768.97,0.25762,0.11795,0.021952,0.20954,0.1148,0.018112,0.19031,0.10823,0.01568,244,245,247,191,199,204,165,164,164,190,190,188,59,59,59,168,164,160,0.54177,0.53516,0.53404
1,4.7317e+05,-1.16,13.604,195,800,-1.175,13.463,186.28,936.13,0.27681,0.1199,0.024448,0.23999,0.11382,0.020608,0.21006,0.11102,0.01792,242,243,244,204,205,204,166,167,167,205,204,200,56,58,60,159,157,155,0.53035,0.53025,0.53479
1,4.7327e+05,-1.08,13.604,195,800,-1.1029,13.459,185.63,583.48,0.34962,0.12251,0.030656,0.30904,0.11576,0.026112,0.27494,0.11315,0.022912,245,244,244,214,207,201,166,167,167,206,205,200,56,59,61,165,158,153,0.54059,0.53743,0.53576
1,4.7337e+05,-1,13.604,195,800,-1.0233,13.463,185.24,725.68,0.23367,0.12141,0.021568,0.19716,0.11895,0.018048,0.181,0.11262,0.015616,241,243,244,190,192,191,164,167,170,187,190,192,66,66,66,158,156,152,0.54102,0.53417,0.53413
1,4.7347e+05,-0.92,13.604,195,800,-0.93419,13.449,186.13,722.05,0.28151,0.11174,0.024064,0.25198,0.10328,0.01984,0.21911,0.099479,0.01664,242,243,244,172,175,180,181,177,174,174,179,186,72,72,71,163,157,150,0.51505,0.52892,0.53212
1,4.7357e+05,-0.84,13.604,195,800,-0.8684,13.454,185.3,668.92,0.29853,0.1328,0.028288,0.26086,0.12307,0.02272,0.24379,0.10769,0.018688,240,242,245,170,173,178,185,181,177,178,181,186,78,75,72,163,156,148,0.53421,0.53036,0.53238
1,4.7367e+05,-0.76,13.604,195,800,-0.79626,13.461,188.15,559.66,0.22866,0.14279,0.023616,0.19945,0.13956,0.0208,0.1895,0.13061,0.01856,244,246,247,184,185,186,184,184,182,179,183,187,83,77,72,147,145,145,0.53238,0.53182,0.53256
1,4.7377e+05,-0.68,13.604,195,800,-0.69865,13.444,187.78,665.59,0.24568,0.12918,0.024832,0.22847,0.11942,0.02112,0.2023,0.11489,0.018304,250,249,249,194,195,193,188,187,184,177,182,186,76,74,74,139,141,143,0.53099,0.52843,0.53188
1,4.7387e+05,-0.6,13.604,195,800,-0.63074,13.452,187.17,801.82,0.29316,0.11463,0.025472,0.26831,0.10284,0.020288,0.2243,0.10125,0.016896,253,252,250,217,210,204,197,193,189,182,181,180,80,86,89,137,137,140,0.5144,0.52839,0.53079
1,4.7397e+05,-0.52,13.604,195,800,-0.53419,13.428,186.79,1073.5,0.32968,0.11893,0.028928,0.29779,0.10923,0.023808,0.2386,0.10692,0.019072,244,246,249,194,198,200,197,196,191,166,173,178,120,117,107,130,130,133,0.52836,0.52956,0.53065
1,4.7407e+05,-0.44,13.604,195,800,-0.47478,13.454,185.68,637.17,0.39778,0.11257,0.028928,0.223,0.11043,0.018752,0.19573,0.10872,0.016576,246,247,248,180,189,198,201,194,188,166,172,176,127,122,110,121,122,128,0.53655,0.53117,0.53227
1,4.7417e+05,-0.36,13.604,195,800,-0.38777,13.463,186.94,698.71,0.27165,0.12527,0.025856,0.25196,0.11438,0.02208,0.2298,0.10925,0.019328,253,252,250,188,189,191,172,175,178,165,168,170,109,102,98,108,111,118,0.52627,0.52499,0.52964
1,4.7427e+05,-0.28,13.604,195,800,-0.31775,13.438,185.87,694.96,0.34126,0.11826,0.029632,0.28471,0.11543,0.024832,0.26152,0.1092,0.021696,254,253,251,189,187,190,163,168,173,162,164,166,88,89,90,111,110,115,0.53382,0.52938,0.52983
1,4.7437e+05,-0.2,13.604,195,800,-0.23499,13.442,187.4,832.75,0.27659,0.11883,0.023936,0.23567,0.1092,0.018624,0.19237,0.10397,0.01568,252,252,252,173,180,187,166,167,168,155,155,154,71,75,79,103,107,111,0.54498,0.53217,0.53235
1,4.7447e+05,-0.12,13.604,195,800,-0.13632,13.432,186.61,972.25,0.25504,0.11737,0.022592,0.21826,0.11233,0.018816,0.1917,0.10775,0.016064,254,252,251,180,184,186,169,167,167,134,140,145,74,75,78,106,106,108,0.51474,0.5323,0.53091
1,4.7457e+05,-0.04,13.604,195,800,-0.076903,13.446,185.89,814.22,0.30748,0.12136,0.028352,0.26898,0.11437,0.023552,0.24894,0.10856,0.020992,251,251,251,188,187,187,164,167,168,132,137,142,76,76,77,107,107,108,0.52545,0.52968,0.52959
1,4.7467e+05,0.04,13.604,195,800,0.007976,13.442,185.9,790.76,0.30719,0.11684,0.026944,0.26699,0.10736,0.021824,0.23519,0.10471,0.018496,250,250,250,191,187,187,167,166,168,139,138,138,73,74,74,104,105,108,0.5332,0.52953,0.5293
1,4.7477e+05,0.12,13.604,195,800,0.099222,13.449,187.91,914.2,0.32755,0.12202,0.029824,0.28514,0.11598,0.024896,0.2559,0.11053,0.021568,253,252,251,186,186,188,160,166,170,134,136,138,68,71,73,101,104,107,0.52953,0.53028,0.52936
1,4.7487e+05,0.2,13.604,195,800,0.16182,13.441,186.13,797.86,0.32408,0.11495,0.028032,0.27066,0.11163,0.022976,0.24443,0.10839,0.020032,255,254,253,176,185,193,171,172,172,133,136,140,67,67,68,99,102,105,0.53791,0.53328,0.53436
1,4.7497e+05,0.28,13.604,195,800,0.24882,13.442,187.21,1090.4,0.30212,0.12022,0.027584,0.27613,0.11186,0.02368,0.25509,0.1051,0.020416,254,252,251,201,203,204,172,173,172,143,143,144,66,66,67,103,104,107,0.53947,0.53834,0.53922
1,4.7507e+05,0.36,13.604,195,800,0.31885,13.45,187.41,678.14,0.30281,0.12333,0.028352,0.26465,0.11836,0.024448,0.23676,0.11352,0.02112,250,250,250,220,214,206,169,170,170,142,143,145,64,65,67,107,106,108,0.54245,0.54252,0.54311
1,4.7517e+05,0.44,13.604,195,800,0.3963,13.456,186.91,763.77,0.29783,0.12417,0.0288,0.27379,0.11752,0.025152,0.25065,0.11266,0.021888,250,248,247,219,210,201,163,164,166,137,142,148,65,66,69,108,108,110,0.53852,0.54629,0.54735
1,4.7527e+05,0.52,13.604,195,800,0.48012,13.445,186.79,783.24,0.31266,0.12666,0.030336,0.27084,0.12238,0.025856,0.24582,0.11812,0.0224,249,248,247,203,198,193,161,163,166,142,145,150,69,70,70,107,108,111,0.54459,0.54394,0.54423
1,4.7537e+05,0.6,13.604,195,800,0.55545,13.457,187.86,1039.8,0.40816,0.11706,0.03328,0.3284,0.11121,0.024192,0.24986,0.10963,0.019392,252,249,247,176,178,180,165,165,167,154,155,158,77,74,73,107,108,111,0.5402,0.54165,0.54409
1,4.7547e+05,0.68,13.604,195,800,0.62123,13.449,185.77,917.1,0.31354,0.12235,0.0288,0.2769,0.1153,0.024064,0.24815,0.11121,0.021248,249,249,248,183,181,180,166,168,171,166,167,168,70,71,73,108,108,111,0.55105,0.54781,0.54488
1,4.7557e+05,0.76,13.604,195,800,0.72203,13.446,187.16,733.76,0.36207,0.13255,0.03712,0.32721,0.12573,0.031808,0.30472,0.11931,0.028096,249,249,248,186,185,183,174,173,173,170,172,173,70,71,73,108,108,110,0.54886,0.5436,0.5423
1,4.7567e+05,0.84,13.604,195,800,0.79205,13.44,186.33,891.17,0.40122,0.115,0.033472,0.28945,0.11272,0.024704,0.25126,0.10797,0.02048,249,247,245,196,191,186,184,181,178,180,178,177,73,73,74,105,106,108,0.5481,0.54651,0.54471
1,4.7577e+05,0.92,13.604,195,800,0.87269,13.446,186.34,991.96,0.33575,0.12439,0.032064,0.29234,0.11679,0.026432,0.26628,0.1121,0.02304,244,243,243,195,191,186,183,181,178,179,177,176,71,72,73,102,103,106,0.54319,0.54508,0.54381
1,4.7587e+05,1,13.604,195,800,0.94165,13.44,186.63,670.3,0.36909,0.12337,0.03456,0.31496,0.11845,0.02848,0.29311,0.10842,0.02432,236,236,238,193,186,183,177,174,173,168,168,170,68,69,71,99,100,102,0.54299,0.54186,0.54362
1,4.7597e+05,1.08,13.604,195,800,1.0297,13.452,185.62,935.14,0.30302,0.12426,0.028992,0.26047,0.12095,0.024128,0.23037,0.11653,0.020992,238,237,237,180,181,181,165,167,168,158,162,166,65,67,69,96,98,100,0.5443,0.53935,0.54074
1,4.7607e+05,1.16,13.604,195,800,1.1093,13.45,185.05,844.49,0.3579,0.12883,0.035392,0.31783,0.1222,0.029824,0.28973,0.11456,0.025472,239,237,236,173,179,182,165,166,166,158,160,164,67,67,69,96,97,99,0.53318,0.53977,0.54147
1,4.7617e+05,1.24,13.604,195,800,1.1857,13.447,184.76,965.37,0.43164,0.11881,0.036672,0.33092,0.11028,0.02688,0.27401,0.10804,0.0224,230,233,236,180,182,184,166,166,166,159,160,163,69,69,71,94,96,99,0.54476,0.53891,0.54198
1,4.7627e+05,1.32,13.604,195,800,1.2684,13.452,185.28,805.53,0.41592,0.13165,0.040576,0.3632,0.12172,0.033152,0.31765,0.11508,0.027456,233,234,236,186,186,187,167,167,167,160,161,164,68,70,72,95,96,99,0.54019,0.53864,0.54013
1,4.7637e+05,1.4,13.604,195,800,1.3406,13.447,185.14,868.62,0.38125,0.11307,0.031232,0.31506,0.10663,0.024576,0.26994,0.10156,0.02016,241,241,241,199,196,191,169,170,169,169,169,171,72,74,76,102,101,101,0.52664,0.53575,0.53967
1,4.7647e+05,1.48,13.604,195,800,1.4149,13.464,186.54,1072.5,0.29708,0.12724,0.029184,0.27205,0.11865,0.025344,0.25563,0.11272,0.022528,247,245,243,194,196,192,174,172,171,186,186,185,77,80,82,100,102,104,0.53833,0.53661,0.53889
1,4.7657e+05,1.56,13.604,195,800,1.4934,13.45,186.27,810.58,0.35973,0.11851,0.032,0.30669,0.11026,0.025728,0.2737,0.10691,0.022016,244,244,243,199,195,190,174,172,171,200,195,191,85,83,84,102,103,105,0.53665,0.54268,0.54003
1,4.7667e+05,1.64,13.604,195,800,1.5761,13.454,187.74,800.9,0.2958,0.12947,0.029696,0.26452,0.12166,0.024768,0.24411,0.11759,0.0224,242,243,244,193,191,186,165,170,174,203,202,199,84,87,89,105,106,108,0.53542,0.53952,0.54106
1,4.7677e+05,1.72,13.604,195,800,1.6631,13.437,187.59,1002.4,0.32659,0.11387,0.027072,0.28277,0.10539,0.022208,0.25003,0.10364,0.019456,248,245,244,189,186,184,172,173,176,204,201,199,89,88,89,108,108,110,0.53727,0.53721,0.53549
1,4.7687e+05,1.8,13.604,195,800,1.731,13.461,187.96,797.7,0.35331,0.11423,0.030272,0.30576,0.10804,0.024512,0.26396,0.10614,0.020864,245,246,246,172,177,180,183,182,178,199,202,202,86,89,90,110,111,114,0.53515,0.5328,0.53226
1,4.7697e+05,1.88,13.604,195,800,1.8149,13.452,186.57,753.35,0.34154,0.11861,0.030208,0.29283,0.10963,0.024448,0.26092,0.10425,0.020736,245,246,246,180,178,176,175,178,177,208,211,210,88,90,91,115,116,120,0.53485,0.53645,0.53321
1,4.7707e+05,1.96,13.604,195,800,1.8955,13.442,186.68,775.18,0.30374,0.12294,0.028352,0.26101,0.11988,0.023744,0.23748,0.11275,0.020416,248,246,245,182,177,173,177,175,174,221,217,212,94,92,92,120,120,121,0.5324,0.52934,0.53001
1,4.7717e+05,2.04,13.604,195,800,1.9846,13.447,187.64,858.45,0.32792,0.12454,0.031744,0.28434,0.12026,0.026944,0.26655,0.11654,0.024064,236,243,245,161,167,169,168,172,173,207,214,214,94,97,97,116,120,125,0.52468,0.53162,0.53155
1,4.7727e+05,2.12,13.604,195,800,2.0483,13.456,186.21,773.64,0.39525,0.12511,0.037312,0.34262,0.11757,0.030592,0.30459,0.11189,0.026048,247,244,245,167,164,169,170,172,175,211,210,214,107,101,99,119,122,127,0.5249,0.52869,0.52925
1,4.7737e+05,2.2,13.604,195,800,2.1331,13.457,186.83,673.26,0.39705,0.12094,0.035968,0.34227,0.11364,0.029248,0.29202,0.10871,0.024128,247,247,246,171,171,174,181,180,180,219,219,218,101,101,100,132,134,137,0.53266,0.52994,0.52821
1,4.7747e+05,2.28,13.604,195,800,2.2201,13.452,186.22,942.07,0.33625,0.12534,0.032448,0.30055,0.11688,0.027264,0.2786,0.11042,0.023744,246,246,246,181,181,181,187,187,186,220,222,221,96,100,100,143,144,144,0.5308,0.52858,0.52743
1,4.7757e+05,2.36,13.604,195,800,2.2849,13.451,185.23,766.33,0.35321,0.11737,0.029888,0.27921,0.1168,0.024704,0.24546,0.11369,0.021312,247,247,246,183,184,186,198,191,190,217,221,223,114,104,100,141,143,146,0.52727,0.52715,0.52494
1,4.7767e+05,2.44,13.604,195,800,2.3687,13.454,185.02,664.21,0.38438,0.11675,0.03328,0.33112,0.11012,0.02688,0.28958,0.1081,0.023104,249,247,244,208,197,189,201,200,196,240,229,222,108,105,103,148,149,150,0.51592,0.51813,0.52151
1,4.7777e+05,2.52,13.604,195,800,2.4313,13.457,186.05,985.9,0.42356,0.11946,0.036928,0.37144,0.11217,0.029504,0.31051,0.10695,0.024384,248,245,243,208,195,187,204,201,198,236,228,221,106,104,105,163,156,151,0.52701,0.52347,0.52278
1,4.7787e+05,2.6,13.604,195,800,2.5172,13.461,185.5,956.82,0.35446,0.1209,0.032448,0.30015,0.11624,0.027136,0.26987,0.11176,0.02336,240,243,242,165,174,179,196,197,196,209,211,212,117,116,113,145,149,150,0.50922,0.51813,0.51955
1,4.7797e+05,2.68,13.604,195,800,2.5894,13.456,185.91,610.53,0.37529,0.12069,0.03424,0.33967,0.1115,0.028864,0.30611,0.1058,0.024256,247,245,241,174,173,170,190,191,190,198,200,203,136,126,118,136,142,152,0.5111,0.51385,0.51756
1,4.7807e+05,2.76,13.604,195,800,2.6785,13.454,187.49,808.53,0.34838,0.12083,0.031552,0.29134,0.11538,0.025984,0.26447,0.10988,0.022592,244,244,240,171,170,168,185,187,187,198,199,200,126,121,117,148,152,158,0.52706,0.52656,0.52638
1,4.7817e+05,2.84,13.604,195,800,2.757,13.437,187.05,876.1,0.34134,0.13019,0.034368,0.30013,0.12659,0.029824,0.2778,0.12039,0.026048,241,240,238,164,163,165,182,187,191,199,197,197,103,104,109,170,179,183,0.54173,0.54059,0.53919
1,4.7827e+05,2.92,13.604,195,800,2.8249,13.451,186.15,844.24,0.38815,0.12599,0.037184,0.33332,0.12003,0.03072,0.29205,0.11265,0.0256,241,239,239,174,166,165,200,197,197,195,195,197,99,100,106,194,195,196,0.5483,0.54943,0.54203
1,4.7837e+05,3,13.604,195,800,2.8875,13.459,153.29,561.01,0.35516,0.12007,0.032064,0.29757,0.11071,0.02496,0.2545,0.10923,0.021056,241,242,241,176,174,170,210,213,210,197,196,197,99,99,102,217,216,212,0.3908,0.40011,0.4144
1,4.8139e+05,3,13.697,195,800,2.8705,13.522,-0.02418,869.87,0,0,0,0,0,0,0,0,0,247,246,244,168,167,168,250,241,232,187,187,187,97,98,100,251,248,241,0.38899,0.3932,0.4047
1,4.8149e+05,2.92,13.697,195,800,2.8132,13.514,186.49,657.34,0.34437,0.10512,0.022656,0.316,0.1027,0.019456,0.28284,0.097898,0.017472,234,236,239,136,149,160,204,209,211,178,181,184,97,99,103,238,234,227,0.5523,0.54943,0.53689
1,4.8159e+05,2.84,13.697,195,800,2.7231,13.54,186.45,774.45,0.23755,0.11883,0.021632,0.21548,0.11203,0.018944,0.20519,0.1097,0.017664,224,231,235,134,147,157,183,193,200,177,181,183,96,101,105,218,218,216,0.53743,0.53964,0.53959
1,4.8169e+05,2.76,13.697,195,800,2.6339,13.55,186.87,910.74,0.30875,0.15039,0.036288,0.29672,0.14022,0.032384,0.28794,0.1329,0.02976,220,228,232,150,152,155,177,181,184,176,180,183,101,105,111,172,179,185,0.53534,0.52918,0.52886
1,4.8179e+05,2.68,13.697,195,800,2.5735,13.533,187.42,887.69,0.37203,0.13448,0.03648,0.28984,0.12847,0.028032,0.2542,0.1254,0.024576,229,229,231,151,153,158,175,179,184,174,179,186,101,107,113,153,161,173,0.51355,0.52011,0.5212
1,4.8189e+05,2.6,13.697,195,800,2.5119,13.528,188.46,549.11,0.38287,0.15623,0.045568,0.33179,0.15206,0.038976,0.29374,0.146,0.033216,222,227,232,159,165,169,185,188,191,188,191,195,102,108,114,139,142,155,0.51473,0.51646,0.51772
1,4.8199e+05,2.52,13.697,195,800,2.4154,13.54,186.37,998.31,0.3773,0.1466,0.041728,0.27262,0.13918,0.029696,0.24897,0.13183,0.025344,239,236,237,189,187,181,215,206,198,203,205,207,104,105,111,129,136,149,0.52806,0.52533,0.52357
1,4.8209e+05,2.44,13.697,195,800,2.3411,13.542,186.55,782.82,0.37674,0.13467,0.038528,0.31236,0.12257,0.029632,0.2732,0.11904,0.025472,239,243,241,187,190,183,219,206,197,205,210,211,98,104,111,127,134,149,0.5228,0.52688,0.52652
1,4.8219e+05,2.36,13.697,195,800,2.2583,13.547,187.54,1011.3,0.37823,0.13544,0.039104,0.33397,0.12755,0.033216,0.30904,0.12163,0.029312,242,243,244,178,180,181,176,186,189,234,227,220,99,104,110,134,138,150,0.54154,0.53321,0.52733
1,4.8229e+05,2.28,13.697,195,800,2.217,13.509,186.32,1017.6,0.40861,0.14123,0.043264,0.34828,0.13709,0.036032,0.3031,0.13173,0.030208,237,242,244,173,178,177,176,182,185,250,235,222,103,105,110,138,139,151,0.53399,0.52894,0.52627
1,4.8239e+05,2.2,13.697,195,800,2.1278,13.506,187.46,1121.4,0.41585,0.14207,0.044864,0.35281,0.12779,0.033728,0.29311,0.1176,0.026368,237,241,244,164,172,175,185,182,177,236,231,221,114,111,110,133,140,154,0.52911,0.52699,0.52832
1,4.8249e+05,2.12,13.697,195,800,2.0281,13.533,186.48,925.55,0.3564,0.12581,0.034752,0.3138,0.11985,0.028992,0.28707,0.11509,0.025408,247,244,245,183,178,175,174,170,170,227,219,213,113,111,108,143,146,157,0.53305,0.53353,0.53308
1,4.8259e+05,2.04,13.697,195,800,1.9581,13.53,186.82,906.3,0.32632,0.14255,0.035968,0.29256,0.13249,0.0304,0.2673,0.13008,0.027136,243,247,246,181,179,176,162,164,167,214,216,210,108,108,106,138,148,158,0.51581,0.52615,0.53014
1,4.8269e+05,1.96,13.697,195,800,1.8637,13.542,186.89,944.72,0.34283,0.14068,0.037504,0.3015,0.12853,0.030208,0.26633,0.1222,0.025536,248,247,246,165,173,178,158,164,170,213,208,203,103,101,100,144,149,158,0.5387,0.53575,0.53396
1,4.8279e+05,1.88,13.697,195,800,1.7989,13.523,186.8,1012,0.37364,0.11762,0.032192,0.28764,0.11326,0.024832,0.25496,0.10933,0.021312,240,245,247,175,178,179,168,171,174,202,203,200,98,99,98,139,147,157,0.53219,0.53034,0.53157
1,4.8289e+05,1.8,13.697,195,800,1.7162,13.521,187.48,970.59,0.30766,0.12363,0.028672,0.27409,0.11604,0.023936,0.24044,0.11259,0.020736,243,245,246,198,192,187,187,184,179,196,195,193,100,98,97,135,142,153,0.5505,0.54099,0.53561
1,4.8299e+05,1.72,13.697,195,800,1.6281,13.535,187.85,790.59,0.32104,0.13596,0.034176,0.28872,0.13099,0.02944,0.26231,0.12694,0.026112,248,246,246,194,193,192,175,176,177,189,189,189,107,101,98,131,138,149,0.53997,0.5405,0.53932
1,4.8309e+05,1.64,13.697,195,800,1.5676,13.523,187.36,896.48,0.37363,0.11753,0.03296,0.30784,0.11158,0.026048,0.26615,0.10856,0.021696,246,246,246,188,193,193,171,173,175,183,186,187,103,101,99,127,136,147,0.54388,0.5414,0.5416
1,4.8319e+05,1.56,13.697,195,800,1.4743,13.547,187.16,876.6,0.34178,0.12554,0.032832,0.30258,0.12083,0.02816,0.27544,0.11381,0.023808,246,245,245,190,189,189,176,174,173,176,179,181,99,98,97,121,130,143,0.53551,0.53897,0.53922
1,4.8329e+05,1.48,13.697,195,800,1.3989,13.533,187.05,1097.2,0.43787,0.125,0.040448,0.3738,0.11654,0.031616,0.31327,0.11161,0.024768,245,245,244,184,186,187,169,173,174,172,174,176,96,96,96,117,127,142,0.55296,0.54512,0.54357
1,4.8339e+05,1.4,13.697,195,800,1.331,13.531,187.37,955.7,0.32886,0.1147,0.028864,0.2913,0.10861,0.023872,0.26056,0.10381,0.020352,240,240,240,186,180,179,170,170,172,160,162,166,91,90,92,115,124,137,0.52323,0.53571,0.54169
1,4.8349e+05,1.32,13.697,195,800,1.2493,13.542,187.86,781.72,0.32105,0.1364,0.033344,0.2793,0.13212,0.02848,0.24958,0.12676,0.024704,236,236,239,172,174,177,169,169,170,153,155,160,80,83,88,111,120,134,0.54378,0.54803,0.54251
1,4.8359e+05,1.24,13.697,195,800,1.1645,13.549,187.98,779.69,0.39828,0.1364,0.03936,0.33749,0.12031,0.02944,0.27354,0.11177,0.022272,242,240,240,178,176,176,169,170,170,154,155,159,81,82,85,113,120,133,0.54139,0.54248,0.54167
1,4.8369e+05,1.16,13.697,195,800,1.0923,13.537,187.38,789.81,0.27176,0.12604,0.026624,0.24146,0.11883,0.022272,0.22085,0.11362,0.019712,246,245,242,191,181,176,172,171,170,159,160,163,77,79,82,117,123,135,0.55355,0.54557,0.54226
1,4.8379e+05,1.08,13.697,195,800,1.0159,13.551,187.55,831.5,0.32273,0.14022,0.035584,0.2915,0.13374,0.030464,0.26364,0.12991,0.026944,244,243,242,181,177,175,168,170,171,165,165,165,75,78,82,118,127,138,0.54658,0.54394,0.54278
1,4.8389e+05,1,13.697,195,800,0.92574,13.542,185.35,899.86,0.34559,0.13085,0.034752,0.31177,0.11879,0.028352,0.27386,0.11394,0.024192,238,239,241,162,170,176,164,167,170,169,169,170,84,83,84,129,136,146,0.53656,0.54486,0.54454
1,4.8399e+05,0.92,13.697,195,800,0.86314,13.522,185.71,1064.2,0.47078,0.11758,0.037376,0.32264,0.11388,0.027776,0.27486,0.10715,0.022528,242,243,244,185,182,180,168,169,171,170,171,172,87,86,86,130,141,152,0.53652,0.54128,0.54242
1,4.8409e+05,0.84,13.697,195,800,0.78462,13.518,185.41,715.52,0.3394,0.12767,0.033216,0.29239,0.12521,0.02848,0.2642,0.12044,0.02464,249,247,246,193,187,182,170,169,170,176,172,172,85,84,85,133,143,155,0.53672,0.54118,0.54243
1,4.8419e+05,0.76,13.697,195,800,0.69338,13.533,186.85,797.95,0.3582,0.13774,0.038144,0.33014,0.12804,0.032512,0.30618,0.12089,0.028288,248,248,249,189,184,180,165,168,170,167,167,167,77,79,83,138,147,156,0.52826,0.53688,0.54022
1,4.8429e+05,0.68,13.697,195,800,0.61274,13.546,186.32,940.07,0.33294,0.12637,0.032512,0.29067,0.12108,0.027264,0.26605,0.1148,0.023616,247,248,249,179,178,178,168,169,171,161,161,162,76,78,82,139,147,157,0.54268,0.54028,0.54397
1,4.8439e+05,0.6,13.697,195,800,0.53953,13.533,186.15,829.25,0.31797,0.13497,0.033024,0.28637,0.12975,0.028992,0.26965,0.12234,0.025664,247,247,248,171,174,178,180,176,172,150,151,154,76,77,80,137,145,155,0.53726,0.54403,0.54648
1,4.8449e+05,0.52,13.697,195,800,0.47481,13.535,187.56,619.18,0.34908,0.1179,0.03072,0.30196,0.111,0.024896,0.25808,0.10659,0.021056,242,245,248,174,178,181,172,173,172,150,148,148,74,75,77,131,142,155,0.53588,0.54286,0.5433
1,4.8459e+05,0.44,13.697,195,800,0.36765,13.556,187.32,924.65,0.33305,0.12628,0.032448,0.302,0.12187,0.028416,0.27281,0.11706,0.025024,245,246,247,168,177,183,172,171,171,149,147,147,76,74,75,132,143,156,0.54407,0.54633,0.54634
1,4.8469e+05,0.36,13.697,195,800,0.29869,13.561,186.77,1090,0.3551,0.11962,0.032192,0.29783,0.1141,0.026112,0.2743,0.10761,0.022592,246,247,247,175,178,184,174,173,172,147,147,148,72,71,72,131,143,154,0.53984,0.54777,0.54723
1,4.8479e+05,0.28,13.697,195,800,0.23185,13.53,185.53,734.99,0.3438,0.12458,0.032704,0.30639,0.11628,0.02752,0.2765,0.11375,0.024512,246,247,248,181,181,185,178,175,174,149,147,148,70,70,71,129,140,151,0.53435,0.53699,0.53941
1,4.8489e+05,0.2,13.697,195,800,0.15545,13.532,187.46,728.14,0.36335,0.12425,0.034496,0.28903,0.11613,0.025792,0.24306,0.1107,0.02112,250,249,249,182,181,185,183,181,175,142,144,147,71,71,72,132,136,144,0.5364,0.53562,0.53541
1,4.8499e+05,0.12,13.697,195,800,0.055721,13.533,187.06,1119.6,0.34274,0.12731,0.033216,0.30856,0.11892,0.028416,0.28738,0.11093,0.024512,249,248,249,154,173,184,168,172,173,144,143,147,76,81,80,128,133,141,0.54246,0.53382,0.53306
1,4.8509e+05,0.04,13.697,195,800,0.00161,13.538,186.84,855.47,0.34943,0.10969,0.028224,0.27107,0.10472,0.021376,0.2293,0.10321,0.018368,245,247,249,171,175,182,170,171,171,144,145,148,100,88,82,125,129,140,0.51341,0.52426,0.52719
1,4.8519e+05,-0.04,13.697,195,800,-0.092818,13.542,185.31,953.14,0.31166,0.10586,0.024384,0.2766,0.10409,0.020736,0.22093,0.10096,0.017408,247,248,249,174,177,181,179,174,170,148,150,153,84,87,88,119,125,135,0.52397,0.53004,0.52764
1,4.8529e+05,-0.12,13.697,195,800,-0.16921,13.545,185.8,1012.6,0.29372,0.11513,0.02496,0.23978,0.11105,0.020544,0.21091,0.10981,0.018048,249,250,250,175,175,179,173,172,170,155,154,156,78,87,90,119,124,131,0.54412,0.52909,0.52902
1,4.8539e+05,-0.2,13.697,195,800,-0.26045,13.55,187.14,1137.4,0.37607,0.12148,0.033344,0.32312,0.115,0.027008,0.26529,0.11082,0.021696,249,250,251,168,172,178,171,170,169,159,161,164,112,102,94,123,123,126,0.53371,0.52482,0.52928
1,4.8549e+05,-0.28,13.697,195,800,-0.31244,13.545,186.21,533.38,0.26931,0.11905,0.02432,0.22805,0.11142,0.019584,0.20781,0.10977,0.017728,251,250,251,173,178,184,166,167,171,174,175,177,93,99,103,118,122,127,0.52904,0.53067,0.53041
1,4.8559e+05,-0.36,13.697,195,800,-0.41006,13.541,184.69,876.99,0.19767,0.11464,0.01664,0.17639,0.10905,0.014784,0.16381,0.10046,0.0128,249,250,250,184,185,187,164,170,175,189,183,182,96,105,109,120,125,129,0.53629,0.53394,0.5317
1,4.8569e+05,-0.44,13.697,195,800,-0.48963,13.555,187.26,892.57,0.25178,0.11866,0.022336,0.21893,0.11439,0.0192,0.19843,0.10987,0.016768,246,247,249,187,190,195,189,187,183,187,186,187,152,136,120,130,134,138,0.5381,0.53313,0.53386
1,4.8579e+05,-0.52,13.697,195,800,-0.55966,13.541,187.13,736.66,0.30219,0.12244,0.026944,0.26269,0.11667,0.0224,0.22903,0.11137,0.0192,245,247,249,189,193,197,194,191,187,182,185,189,162,140,118,137,140,142,0.52114,0.52939,0.5316
1,4.8589e+05,-0.6,13.697,195,800,-0.61483,13.521,187.42,785.78,0.26956,0.123,0.025472,0.22733,0.11726,0.020864,0.20563,0.11204,0.01824,252,251,249,200,198,193,185,187,186,198,195,193,101,103,101,152,151,149,0.52119,0.52487,0.52991
1,4.8599e+05,-0.68,13.697,195,800,-0.71881,13.538,186.44,974.6,0.20692,0.11813,0.019008,0.19578,0.11076,0.01696,0.18063,0.10872,0.01536,246,246,246,171,177,181,179,180,182,205,203,200,73,76,82,158,156,151,0.54455,0.54337,0.53585
1,4.8609e+05,-0.76,13.697,195,800,-0.78565,13.523,187.57,1025.5,0.19857,0.11537,0.017984,0.17619,0.10983,0.015168,0.15854,0.10759,0.013568,243,243,244,159,167,174,172,175,179,207,204,200,68,74,78,153,153,151,0.53138,0.52446,0.52987
1,4.8619e+05,-0.84,13.697,195,800,-0.89069,13.559,185.09,967.42,0.23231,0.11889,0.021312,0.21232,0.11155,0.018432,0.19368,0.1091,0.01632,243,243,242,156,160,166,162,167,172,189,191,194,70,73,74,139,144,147,0.53908,0.53365,0.53115
1,4.8629e+05,-0.92,13.697,195,800,-0.93949,13.528,185.99,1172,0.23076,0.11573,0.020544,0.19775,0.11189,0.01728,0.17723,0.11004,0.015232,245,243,242,153,160,168,161,164,170,180,185,192,73,72,73,138,142,146,0.53881,0.53453,0.53484
1,4.8639e+05,-1,13.697,195,800,-1.0297,13.538,186.01,1000.4,0.24153,0.12756,0.023232,0.21251,0.11806,0.019136,0.19387,0.11461,0.016832,240,241,241,177,176,178,163,166,168,198,198,197,66,68,69,142,145,147,0.51972,0.52926,0.53254
1,4.8649e+05,-1.08,13.697,195,800,-1.0976,13.516,186.17,962.26,0.2575,0.12683,0.025344,0.23156,0.12384,0.022208,0.21383,0.11656,0.019456,242,242,241,187,191,192,174,170,167,226,216,204,63,65,67,141,147,151,0.52986,0.53285,0.53203
1,4.8659e+05,-1.16,13.697,195,800,-1.1835,13.542,184.57,752.77,0.27737,0.12533,0.027008,0.2339,0.12089,0.02208,0.21212,0.11519,0.0192,244,243,242,194,197,198,165,166,167,220,213,202,65,65,66,143,149,153,0.52263,0.5334,0.53365
1,4.8669e+05,-1.24,13.697,195,800,-1.2684,13.554,186.07,645.84,0.23485,0.11321,0.01984,0.21482,0.10951,0.017344,0.19384,0.10738,0.01536,247,246,246,220,213,206,157,160,164,190,188,186,64,64,64,155,158,158,0.53046,0.53198,0.53289
1,4.8679e+05,-1.32,13.697,195,800,-1.3437,13.546,186.17,1014.3,0.2411,0.11643,0.021632,0.2215,0.10968,0.01888,0.20783,0.10488,0.016896,250,249,247,221,215,206,158,161,165,169,173,177,61,61,62,159,162,161,0.54053,0.53613,0.53339
1,4.8689e+05,-1.4,13.697,195,800,-1.4212,13.531,186.39,1010,0.27863,0.10555,0.021504,0.23165,0.10055,0.017472,0.19717,0.098829,0.015168,250,249,248,197,201,203,169,168,167,155,159,163,55,59,63,172,167,160,0.52685,0.53282,0.53514
1,4.8699e+05,-1.48,13.697,195,800,-1.5156,13.552,186.21,1012.6,0.26835,0.12336,0.025536,0.2474,0.11753,0.022528,0.22626,0.11312,0.020032,245,246,247,194,197,201,167,169,171,146,151,156,67,68,69,158,157,155,0.5378,0.54032,0.53701
1,4.8709e+05,-1.56,13.697,195,800,-1.5962,13.561,187.88,1122.9,0.26809,0.11403,0.02368,0.23703,0.11008,0.02016,0.21599,0.10641,0.017728,246,247,247,195,202,204,167,170,172,144,148,154,75,74,71,157,156,155,0.54373,0.53761,0.5337
1,4.8719e+05,-1.64,13.697,195,800,-1.6578,13.53,186.02,843.54,0.21879,0.11261,0.018944,0.19887,0.1082,0.016448,0.18447,0.10091,0.014464,251,250,249,222,212,205,178,176,174,148,150,154,69,72,73,167,164,159,0.53216,0.53291,0.53231
1,4.8729e+05,-1.72,13.697,195,800,-1.731,13.517,187.65,679.55,0.22671,0.11353,0.019648,0.20589,0.10644,0.016768,0.19129,0.1032,0.015104,252,251,249,216,207,201,175,175,174,150,153,157,64,69,73,164,164,161,0.52789,0.53579,0.53303
1,4.8739e+05,-1.8,13.697,195,800,-1.8233,13.547,187.01,833.28,0.26411,0.10969,0.019456,0.2032,0.10683,0.015872,0.17079,0.10629,0.013824,247,247,247,183,188,192,168,171,174,163,166,171,66,70,73,157,162,166,0.51142,0.52786,0.53069
1,4.8749e+05,-1.88,13.697,195,800,-1.9071,13.55,187.19,1216,0.28689,0.12137,0.025792,0.25429,0.11393,0.021504,0.22843,0.1107,0.01952,241,244,245,204,195,192,182,181,179,190,194,198,74,75,77,173,174,174,0.54308,0.52541,0.52922
1,4.8759e+05,-1.96,13.697,195,800,-1.9888,13.55,187.72,1455.4,0.28798,0.11838,0.023616,0.21824,0.11418,0.018432,0.18782,0.11035,0.015424,244,245,245,206,200,196,195,188,181,211,211,214,76,79,81,180,183,182,0.53196,0.5324,0.53071
1,4.8769e+05,-2.04,13.697,195,800,-2.0429,13.527,186.32,696.05,0.27556,0.11034,0.022848,0.23282,0.10402,0.01856,0.20369,0.10049,0.015616,249,248,248,210,206,203,189,187,183,243,242,240,101,98,97,199,198,194,0.5309,0.53259,0.53058
1,4.8779e+05,-2.12,13.697,195,800,-2.131,13.541,187.09,655.05,0.27027,0.11249,0.022912,0.22353,0.10982,0.018816,0.18958,0.10748,0.015872,249,249,248,209,206,204,185,184,182,253,251,248,122,113,106,196,200,201,0.51728,0.52299,0.52748
1,4.8789e+05,-2.2,13.697,195,800,-2.2148,13.54,186.23,847.25,0.27371,0.11929,0.025152,0.25019,0.1142,0.022272,0.2319,0.10621,0.019136,246,247,247,197,196,202,181,181,181,255,255,255,136,131,127,210,214,218,0.527,0.53164,0.52975
1,4.8799e+05,-2.28,13.697,195,800,-2.2944,13.545,187.46,898.74,0.27682,0.10964,0.0224,0.23546,0.10702,0.019456,0.21742,0.1027,0.017216,247,246,245,184,192,199,183,181,180,255,255,255,152,149,151,244,244,240,0.51142,0.52423,0.52718
1,4.8809e+05,-2.36,13.697,195,800,-2.3835,13.554,186.28,884.94,0.26143,0.11932,0.023552,0.23595,0.11107,0.019968,0.20813,0.10803,0.017472,247,245,244,186,194,199,184,181,179,255,255,255,169,162,164,254,252,248,0.52656,0.52739,0.52696
1,4.8819e+05,-2.44,13.697,195,800,-2.4482,13.537,185.52,696.65,0.24639,0.12042,0.021248,0.20703,0.11374,0.017792,0.18106,0.10866,0.015232,242,243,244,211,207,206,179,176,174,255,255,255,179,182,191,255,255,254,0.51496,0.52372,0.52416
1,4.8829e+05,-2.52,13.697,195,800,-2.5161,13.536,186.75,781.27,0.29888,0.11623,0.026432,0.2682,0.10891,0.02208,0.24059,0.10446,0.019456,245,245,243,217,216,210,173,172,171,255,255,255,201,197,201,255,255,255,0.51924,0.51832,0.52365
1,4.8839e+05,-2.6,13.697,195,800,-2.6021,13.519,186.33,990.23,0.28538,0.11071,0.022592,0.21829,0.10861,0.018048,0.1896,0.10813,0.015808,240,241,241,217,216,209,170,166,166,255,255,255,236,225,216,255,255,255,0.52565,0.52401,0.52367
1,4.8849e+05,-2.68,13.697,195,800,-2.6806,13.541,186.12,689.84,0.2568,0.11784,0.02208,0.21389,0.11215,0.01856,0.19236,0.10952,0.016704,238,239,239,198,197,197,161,166,167,255,255,255,244,221,208,255,255,255,0.52656,0.52041,0.52072
1,4.8859e+05,-2.76,13.697,195,800,-2.7485,13.543,186.31,700.25,0.23736,0.11759,0.0208,0.20251,0.11135,0.0176,0.18953,0.10941,0.016064,244,240,238,190,190,192,171,169,168,255,255,255,212,204,202,255,255,255,0.52307,0.52105,0.52154
1,4.8869e+05,-2.84,13.697,195,800,-2.8238,13.526,186.67,953.24,0.30064,0.11242,0.025344,0.26657,0.10598,0.021184,0.23117,0.10274,0.017984,238,238,238,190,190,191,174,173,173,255,255,255,197,200,202,255,255,255,0.52428,0.52945,0.52759
1,4.8879e+05,-2.92,13.697,195,800,-2.9066,13.545,186.66,980.72,0.29087,0.11212,0.024704,0.2534,0.10728,0.02112,0.22796,0.10373,0.018368,235,238,239,198,195,197,177,176,175,255,255,255,225,214,207,255,255,255,0.54696,0.53674,0.53344
1,4.8889e+05,-3,13.697,195,800,-2.9734,13.532,153.32,746.18,0.2774,0.12651,0.027072,0.24374,0.12123,0.023168,0.21956,0.11911,0.020608,245,244,242,223,217,211,187,183,180,255,255,255,229,225,220,255,254,253,0.43887,0.45578,0.46623
1,4.9191e+05,-3,13.79,195,800,-2.9564,13.641,0.21086,638.43,0,0,0,0,0,0,0,0,0,247,246,245,215,210,206,182,183,184,255,255,255,219,221,219,254,253,253,0.43378,0.43914,0.45376
1,4.9201e+05,-2.92,13.79,195,800,-2.8779,13.616,188.31,865.78,0.28125,0.11476,0.024,0.27401,0.10696,0.021376,0.27073,0.10207,0.019648,245,243,243,199,200,200,178,180,182,255,255,255,236,227,219,255,255,255,0.55012,0.53723,0.53175
1,4.9211e+05,-2.84,13.79,195,800,-2.8153,13.648,186.64,835.1,0.24759,0.11676,0.02144,0.19568,0.11115,0.016704,0.17339,0.10981,0.01504,246,243,241,208,202,197,172,177,179,255,255,255,211,217,219,255,255,255,0.53166,0.52547,0.52624
1,4.9221e+05,-2.76,13.79,195,800,-2.7315,13.621,186.3,846.14,0.23631,0.17654,0.028992,0.21973,0.16363,0.02496,0.21159,0.12456,0.020608,232,236,240,199,198,198,172,171,172,255,255,255,203,216,224,255,255,255,0.5267,0.52305,0.52345
1,4.9231e+05,-2.68,13.79,195,800,-2.6424,13.614,187.05,920.51,0.31007,0.13001,0.03008,0.26078,0.1215,0.024128,0.22921,0.1147,0.020352,232,236,240,192,197,201,169,169,171,255,255,255,225,230,230,255,255,255,0.52119,0.52073,0.52027
1,4.9241e+05,-2.6,13.79,195,800,-2.5819,13.64,185.66,1103.7,0.30396,0.11741,0.02592,0.24936,0.11052,0.02112,0.22208,0.1073,0.018112,244,243,242,205,208,207,166,170,172,255,255,255,226,236,237,255,255,255,0.52355,0.52162,0.52257
1,4.9251e+05,-2.52,13.79,195,800,-2.5045,13.636,186.23,923.75,0.30117,0.12155,0.027008,0.2647,0.11518,0.02272,0.23593,0.10654,0.018752,248,246,245,204,202,203,178,177,176,255,255,255,210,220,224,255,255,255,0.52197,0.52546,0.52366
1,4.9261e+05,-2.44,13.79,195,800,-2.4259,13.636,186.22,729.23,0.26338,0.11634,0.023424,0.23847,0.10981,0.019904,0.20856,0.10574,0.017152,243,244,246,187,191,197,175,177,179,255,255,255,202,211,215,255,255,255,0.53575,0.52923,0.52577
1,4.9271e+05,-2.36,13.79,195,800,-2.3347,13.622,185.98,1022.7,0.36903,0.12,0.032576,0.31518,0.11072,0.025792,0.27013,0.10587,0.021376,246,245,246,184,188,194,183,182,183,255,255,255,185,186,186,255,253,250,0.52498,0.52626,0.52675
1,4.9281e+05,-2.28,13.79,195,800,-2.2859,13.65,186.57,887.57,0.25662,0.12765,0.025344,0.22835,0.11941,0.021184,0.20291,0.11687,0.018624,250,247,246,195,195,198,189,187,184,255,255,255,157,166,172,250,246,241,0.51788,0.52596,0.52724
1,4.9291e+05,-2.2,13.79,195,800,-2.1936,13.646,187.11,911.04,0.25437,0.11793,0.023104,0.22665,0.1097,0.0192,0.19806,0.10523,0.016128,247,247,248,196,204,208,190,188,185,255,255,255,131,136,141,221,215,214,0.53203,0.53291,0.53032
1,4.9301e+05,-2.12,13.79,195,800,-2.1172,13.642,186.11,966.69,0.24928,0.13028,0.025088,0.21654,0.125,0.020992,0.196,0.12173,0.018688,247,248,249,208,209,211,181,181,182,255,254,251,107,113,116,187,184,186,0.53085,0.52714,0.52775
1,4.9311e+05,-2.04,13.79,195,800,-2.0344,13.642,187.45,1020.9,0.25529,0.10897,0.020736,0.21262,0.10612,0.017216,0.19073,0.10223,0.014592,248,249,249,212,208,209,177,179,180,252,249,247,93,99,104,180,175,176,0.51524,0.5282,0.52846
1,4.9321e+05,-1.96,13.79,195,800,-1.9612,13.643,188.41,798.72,0.31648,0.11609,0.027392,0.27635,0.11018,0.022848,0.24892,0.10277,0.019392,252,251,249,198,200,203,175,176,175,242,233,224,84,83,84,170,167,166,0.52767,0.52939,0.53125
1,4.9331e+05,-1.88,13.79,195,800,-1.8763,13.643,187.2,780.41,0.3008,0.11627,0.025216,0.26172,0.10966,0.020736,0.22532,0.10476,0.017408,253,251,249,192,198,201,170,171,173,221,215,209,83,80,78,172,165,161,0.54372,0.53264,0.53134
1,4.9341e+05,-1.8,13.79,195,800,-1.7947,13.646,187.27,943.66,0.27491,0.1239,0.025984,0.2397,0.11947,0.021952,0.22159,0.11291,0.01952,251,250,249,205,204,202,167,166,168,173,173,175,77,73,71,162,162,161,0.52627,0.52887,0.53312
1,4.9351e+05,-1.72,13.79,195,800,-1.731,13.642,185.94,843.95,0.2765,0.11563,0.024448,0.24462,0.11017,0.020288,0.2152,0.1081,0.017792,250,250,249,198,203,203,174,173,172,151,152,155,70,69,69,183,169,161,0.53462,0.53004,0.53143
1,4.9361e+05,-1.64,13.79,195,800,-1.6451,13.64,186.59,778.85,0.32339,0.12403,0.029888,0.28684,0.11912,0.025728,0.25754,0.117,0.022592,247,248,248,195,201,202,181,177,174,147,149,151,73,72,70,168,164,160,0.53498,0.53581,0.53454
1,4.9371e+05,-1.56,13.79,195,800,-1.5559,13.619,186.76,769.02,0.29296,0.12248,0.027072,0.24548,0.11971,0.022592,0.21508,0.11605,0.019392,243,244,246,205,197,194,178,178,178,154,155,154,82,78,72,141,147,154,0.54637,0.53771,0.53486
1,4.9381e+05,-1.48,13.79,195,800,-1.4785,13.635,185.46,980.55,0.32515,0.124,0.029568,0.28183,0.11787,0.024896,0.26128,0.11086,0.021568,242,244,245,193,192,191,179,179,179,167,163,159,83,77,71,137,143,151,0.54069,0.5358,0.53381
1,4.9391e+05,-1.4,13.79,195,800,-1.4138,13.626,186.13,774.6,0.23345,0.11875,0.02144,0.20355,0.11449,0.018176,0.19251,0.10835,0.016128,246,246,246,191,193,194,179,179,178,188,178,168,72,69,66,134,140,150,0.52197,0.53395,0.53426
1,4.9401e+05,-1.32,13.79,195,800,-1.3151,13.628,185.69,857,0.2746,0.11196,0.023104,0.24146,0.10751,0.019264,0.20664,0.10457,0.016512,247,247,246,209,206,201,173,172,172,173,174,175,67,67,65,143,146,150,0.54071,0.53765,0.53496
1,4.9411e+05,-1.24,13.79,195,800,-1.2472,13.624,185.75,803.95,0.28257,0.1179,0.024576,0.23902,0.11602,0.02112,0.2147,0.11,0.017984,247,245,244,206,205,200,168,168,170,173,175,179,70,69,68,152,149,150,0.53322,0.53342,0.53314
1,4.9421e+05,-1.16,13.79,195,800,-1.1687,13.641,186.87,799.53,0.30498,0.1181,0.026688,0.26896,0.10964,0.02208,0.24547,0.10574,0.019072,238,239,240,194,191,190,166,168,169,184,188,191,82,77,71,147,149,153,0.52789,0.53522,0.53354
1,4.9431e+05,-1.08,13.79,195,800,-1.0891,13.626,186.2,871.03,0.28081,0.11236,0.023168,0.2492,0.10529,0.019392,0.21517,0.10211,0.016768,236,237,239,187,183,184,173,171,170,191,193,195,83,77,72,146,148,153,0.53935,0.52968,0.53001
1,4.9441e+05,-1,13.79,195,800,-1.0021,13.619,188.08,878.98,0.29776,0.12366,0.027392,0.26507,0.11603,0.023488,0.2365,0.1128,0.020224,237,238,240,167,170,174,169,170,171,199,198,198,72,72,72,145,147,154,0.54282,0.53309,0.53228
1,4.9451e+05,-0.92,13.79,195,800,-0.92782,13.622,187.98,831.98,0.33879,0.1316,0.031552,0.26805,0.12507,0.02496,0.23609,0.12187,0.021248,240,240,240,168,168,169,168,170,171,200,202,204,71,72,72,137,143,154,0.54927,0.53887,0.53546
1,4.9461e+05,-0.84,13.79,195,800,-0.86522,13.648,186.04,586.63,0.36238,0.12041,0.031104,0.31227,0.11213,0.025088,0.27263,0.10342,0.020416,241,240,240,173,169,167,178,175,173,213,212,209,75,75,74,137,144,156,0.55473,0.53168,0.53216
1,4.9471e+05,-0.76,13.79,195,800,-0.77504,13.631,187.1,808.02,0.24514,0.12035,0.022912,0.21767,0.11512,0.019264,0.19558,0.11187,0.016896,236,238,240,172,167,167,183,181,178,231,225,214,83,82,80,150,158,165,0.53691,0.53159,0.53154
1,4.9481e+05,-0.68,13.79,195,800,-0.68273,13.624,186.34,799.31,0.28493,0.12001,0.024832,0.26206,0.11709,0.021696,0.23025,0.11204,0.018816,236,239,241,167,167,170,181,180,179,221,217,211,87,85,85,160,164,169,0.5427,0.53459,0.53289
1,4.9491e+05,-0.6,13.79,195,800,-0.62756,13.631,187.1,779.31,0.27232,0.11189,0.019904,0.17608,0.11219,0.01504,0.15684,0.10774,0.013056,251,248,246,183,184,183,177,177,178,196,198,200,99,98,100,157,165,174,0.5283,0.52967,0.53106
1,4.9501e+05,-0.52,13.79,195,800,-0.55329,13.632,187.1,694.54,0.3051,0.11834,0.02752,0.27569,0.11146,0.02368,0.25087,0.108,0.020672,255,251,248,211,204,196,175,177,178,206,204,201,103,107,112,168,170,173,0.53684,0.53389,0.53134
1,4.9511e+05,-0.44,13.79,195,800,-0.44931,13.617,186.24,705.92,0.42721,0.11512,0.03296,0.26895,0.11136,0.02272,0.23803,0.10858,0.01952,253,251,248,213,207,198,179,178,177,215,212,204,96,106,116,170,170,170,0.53033,0.52841,0.52903
1,4.9521e+05,-0.36,13.79,195,800,-0.39414,13.641,185.46,695.81,0.30237,0.10904,0.024448,0.26618,0.10351,0.020288,0.23119,0.10287,0.0176,252,250,248,210,201,193,173,173,175,210,207,200,107,110,119,159,157,160,0.53404,0.53191,0.53052
1,4.9531e+05,-0.28,13.79,195,800,-0.29441,13.626,186.07,1090.3,0.2607,0.12031,0.024,0.22924,0.11565,0.020224,0.19591,0.11198,0.01696,253,250,249,192,192,191,168,171,174,191,193,194,115,115,118,150,151,156,0.51391,0.52554,0.52914
1,4.9541e+05,-0.2,13.79,195,800,-0.21908,13.633,185.54,772.03,0.26714,0.1132,0.023168,0.23527,0.10954,0.019648,0.20635,0.10588,0.016832,253,251,248,194,188,184,173,173,171,180,180,181,107,110,112,148,155,162,0.51565,0.52993,0.5289
1,4.9551e+05,-0.12,13.79,195,800,-0.15648,13.645,187.18,730.78,0.26696,0.11854,0.02464,0.24119,0.11192,0.020992,0.21615,0.1095,0.018496,246,247,246,185,182,180,162,165,169,182,178,175,99,99,104,183,181,180,0.51823,0.52958,0.53206
1,4.9561e+05,-0.04,13.79,195,800,-0.064171,13.623,186.06,952.43,0.30652,0.12168,0.02816,0.26615,0.11376,0.023424,0.2356,0.11092,0.02048,249,247,246,176,179,181,157,164,169,176,175,173,96,96,101,195,194,188,0.52801,0.53281,0.53036
1,4.9571e+05,0.04,13.79,195,800,0.002671,13.642,185.68,708.27,0.31642,0.12028,0.028352,0.28676,0.11115,0.023744,0.25861,0.10578,0.020544,249,249,248,197,195,191,169,169,170,167,167,170,85,90,98,207,203,197,0.52594,0.52368,0.52639
1,4.9581e+05,0.12,13.79,195,800,0.088612,13.643,185.09,742.51,0.2851,0.12555,0.027328,0.24624,0.12337,0.023168,0.21999,0.12046,0.020608,247,249,248,215,204,198,167,172,172,158,165,170,83,86,96,202,204,198,0.51667,0.52617,0.53007
1,4.9591e+05,0.2,13.79,195,800,0.17774,13.624,186.89,902.21,0.32461,0.12565,0.031168,0.28875,0.1198,0.026624,0.26389,0.11403,0.022976,244,245,247,212,209,205,185,178,173,169,170,172,78,82,91,209,206,200,0.53205,0.53459,0.53637
1,4.9601e+05,0.28,13.79,195,800,0.23397,13.632,185.65,920.54,0.32848,0.13464,0.034496,0.30167,0.12474,0.029056,0.27351,0.1188,0.025472,241,243,246,183,187,194,167,169,171,168,167,171,77,81,88,236,220,206,0.5369,0.54602,0.54329
1,4.9611e+05,0.36,13.79,195,800,0.31354,13.636,187.33,862.75,0.38843,0.13201,0.038976,0.31021,0.12203,0.028544,0.26713,0.11782,0.024576,245,246,246,161,174,189,164,167,170,159,163,169,78,82,89,247,228,209,0.53249,0.54452,0.54672
1,4.9621e+05,0.44,13.79,195,800,0.4016,13.637,185.11,883.06,0.37544,0.13036,0.036864,0.30419,0.12177,0.028224,0.26769,0.1169,0.023936,247,247,246,172,175,182,172,170,170,155,159,166,85,88,94,240,225,210,0.5594,0.55491,0.55102
1,4.9631e+05,0.52,13.79,195,800,0.47269,13.624,187.34,676.32,0.36446,0.12773,0.034304,0.27531,0.12514,0.027008,0.25314,0.11755,0.023104,246,247,247,182,181,183,174,174,172,153,159,167,87,93,99,230,221,209,0.56056,0.55232,0.54885
1,4.9641e+05,0.6,13.79,195,800,0.565,13.629,186.07,852.14,0.28966,0.14033,0.031424,0.25982,0.13169,0.026816,0.23866,0.12946,0.024256,252,250,248,182,183,184,183,179,173,156,161,169,99,102,105,235,221,207,0.55693,0.54971,0.54899
1,4.9651e+05,0.68,13.79,195,800,0.63396,13.633,185.85,955.52,0.36712,0.1438,0.040256,0.33848,0.13387,0.034496,0.31364,0.12194,0.028992,249,249,249,168,175,180,171,170,170,165,168,174,102,104,108,235,223,209,0.57084,0.5514,0.54856
1,4.9661e+05,0.76,13.79,195,800,0.70717,13.627,186.23,826.8,0.28943,0.14861,0.03328,0.27019,0.13788,0.028992,0.25155,0.13141,0.026048,248,249,249,160,169,180,166,166,168,170,173,178,102,104,108,241,225,208,0.54775,0.54346,0.54286
1,4.9671e+05,0.84,13.79,195,800,0.79417,13.629,186.88,780.07,0.39671,0.1364,0.040704,0.33622,0.12931,0.032704,0.30204,0.12177,0.027968,251,250,249,167,173,180,169,165,165,172,178,184,105,107,110,237,223,207,0.53394,0.53899,0.5412
1,4.9681e+05,0.92,13.79,195,800,0.88118,13.632,188.04,938.89,0.42559,0.13756,0.044032,0.38193,0.12253,0.034432,0.32246,0.11339,0.02592,246,248,248,171,175,180,164,165,166,174,179,186,104,108,110,237,222,206,0.55859,0.54711,0.54409
1,4.9691e+05,1,13.79,195,800,0.94908,13.632,186.56,1060.2,0.35892,0.13249,0.036096,0.31844,0.12094,0.029056,0.28282,0.11159,0.024064,248,247,247,168,171,177,172,168,167,179,181,185,105,107,111,229,216,200,0.55087,0.54503,0.54482
1,4.9701e+05,1.08,13.79,195,800,1.0159,13.648,186.11,922.77,0.35398,0.14187,0.03712,0.29869,0.13817,0.031168,0.25861,0.13255,0.026752,250,250,248,162,168,176,182,175,170,174,177,181,99,107,114,211,201,192,0.52905,0.54197,0.54367
1,4.9711e+05,1.16,13.79,195,800,1.1114,13.641,187.28,553.51,0.37522,0.14088,0.04064,0.31867,0.13324,0.033024,0.28096,0.12809,0.028032,251,250,248,163,171,177,181,175,171,170,173,178,106,110,116,199,195,189,0.55296,0.54603,0.54318
1,4.9721e+05,1.24,13.79,195,800,1.191,13.638,186.64,965.45,0.39247,0.13456,0.038144,0.30095,0.12336,0.029056,0.27263,0.1135,0.024064,245,244,244,176,175,177,171,171,171,166,168,173,114,117,120,208,198,188,0.53264,0.53583,0.53893
1,4.9731e+05,1.32,13.79,195,800,1.2748,13.633,186.07,1092.3,0.365,0.12856,0.035264,0.30273,0.11982,0.027456,0.27425,0.11353,0.023296,239,241,243,168,170,176,173,173,172,165,168,173,114,118,122,212,202,191,0.5455,0.54025,0.54103
1,4.9741e+05,1.4,13.79,195,800,1.3459,13.631,187.69,820.9,0.36795,0.13723,0.037888,0.31377,0.13179,0.031232,0.27505,0.12652,0.026752,243,243,243,158,166,178,180,177,175,169,171,175,121,121,122,216,207,195,0.54157,0.54278,0.5433
1,4.9751e+05,1.48,13.79,195,800,1.4223,13.64,186.35,871.38,0.37716,0.14262,0.041856,0.34152,0.13421,0.035392,0.31212,0.12781,0.03072,243,245,245,173,180,188,181,180,178,176,176,179,115,118,121,224,212,198,0.54245,0.5411,0.54109
1,4.9761e+05,1.56,13.79,195,800,1.4764,13.65,187.38,699.33,0.398,0.14434,0.044416,0.36443,0.13715,0.037568,0.31903,0.1295,0.031808,245,246,246,187,188,193,181,179,177,176,177,180,113,117,122,222,214,200,0.53083,0.53563,0.53867
1,4.9771e+05,1.64,13.79,195,800,1.5825,13.628,186.53,1127.7,0.45248,0.14573,0.04992,0.38719,0.13368,0.039488,0.32915,0.12764,0.031872,248,247,247,199,199,200,172,174,176,177,178,182,108,116,123,227,216,204,0.54209,0.53856,0.54101
1,4.9781e+05,1.72,13.79,195,800,1.6599,13.628,185.27,872,0.47206,0.13283,0.04544,0.39166,0.1204,0.03488,0.34345,0.11023,0.028416,247,247,247,197,198,198,176,175,176,178,178,183,106,113,122,225,217,206,0.53563,0.53973,0.54008
1,4.9791e+05,1.8,13.79,195,800,1.7374,13.638,187.04,835.04,0.42461,0.13744,0.04448,0.34901,0.12937,0.035008,0.30939,0.12321,0.02944,247,247,247,183,186,189,184,181,176,173,179,187,99,106,116,227,219,208,0.54636,0.53852,0.5371
1,4.9801e+05,1.88,13.79,195,800,1.8255,13.64,187.6,687.55,0.43601,0.13202,0.0432,0.36934,0.1225,0.033856,0.29851,0.11983,0.027456,250,249,248,177,175,178,178,174,171,180,184,191,98,105,114,231,222,210,0.53765,0.53984,0.53937
1,4.9811e+05,1.96,13.79,195,800,1.8976,13.631,186.19,1033.5,0.45086,0.13295,0.045248,0.40743,0.12068,0.036672,0.36225,0.11006,0.02944,252,249,248,178,174,176,171,168,166,180,185,193,103,109,117,229,222,211,0.545,0.54213,0.53987
1,4.9821e+05,2.04,13.79,195,800,1.9751,13.627,186.77,847.8,0.41058,0.14241,0.043648,0.33992,0.13437,0.035264,0.3141,0.1282,0.03104,247,249,248,189,180,177,162,161,162,186,191,200,109,118,127,234,222,210,0.5104,0.51994,0.5276
1,4.9831e+05,2.12,13.79,195,800,2.0546,13.624,187.16,896.17,0.51075,0.14043,0.050176,0.41969,0.12674,0.038912,0.37976,0.11647,0.031808,251,247,247,183,182,179,159,162,164,189,195,203,110,120,132,226,220,207,0.52519,0.53049,0.53174
1,4.9841e+05,2.2,13.79,195,800,2.1342,13.633,187.87,633.24,0.39113,0.14006,0.040448,0.3258,0.1348,0.032768,0.27511,0.1318,0.027968,243,244,246,180,179,180,174,172,170,195,203,212,113,127,139,216,208,198,0.52976,0.52747,0.52781
1,4.9851e+05,2.28,13.79,195,800,2.2201,13.631,187.27,951.45,0.43331,0.1349,0.043648,0.37991,0.12581,0.035072,0.32957,0.11396,0.028032,241,245,245,170,171,178,175,177,176,196,207,214,127,136,141,202,198,191,0.52028,0.52364,0.52456
1,4.9861e+05,2.36,13.79,195,800,2.2764,13.636,186.57,528.5,0.37946,0.14148,0.041408,0.31476,0.1302,0.032,0.28062,0.12646,0.027712,247,245,244,165,169,177,181,179,180,193,205,213,133,136,139,204,196,187,0.52958,0.52318,0.52492
1,4.9871e+05,2.44,13.79,195,800,2.3613,13.64,186.61,831.46,0.38715,0.13641,0.039616,0.34835,0.12675,0.03264,0.30127,0.11592,0.027136,240,240,240,165,168,175,184,190,188,195,200,207,127,130,136,182,184,182,0.5221,0.5254,0.52547
1,4.9881e+05,2.52,13.79,195,800,2.443,13.629,186.84,1019,0.40242,0.13822,0.042048,0.34562,0.13049,0.03488,0.30192,0.12266,0.028992,235,234,235,160,168,175,193,192,189,193,198,205,123,129,135,182,180,179,0.52832,0.52608,0.52459
1,4.9891e+05,2.6,13.79,195,800,2.5162,13.646,186.5,730.15,0.387,0.1408,0.040896,0.32992,0.13114,0.033024,0.3027,0.12525,0.028992,212,223,230,170,166,172,185,185,183,189,192,197,133,131,135,186,188,187,0.52122,0.521,0.52223
1,4.9901e+05,2.68,13.79,195,800,2.5968,13.645,187.17,767.12,0.4109,0.13143,0.040128,0.36702,0.12014,0.032704,0.305,0.11378,0.02624,227,226,228,154,160,167,179,178,178,177,182,190,116,125,135,225,218,210,0.5212,0.5216,0.52377
1,4.9911e+05,2.76,13.79,195,800,2.6785,13.624,185.99,541.4,0.43037,0.1278,0.040384,0.37245,0.11898,0.03232,0.31801,0.11397,0.026752,230,228,230,161,159,163,183,181,179,175,179,187,110,124,136,244,234,223,0.52534,0.52986,0.53088
1,4.9921e+05,2.84,13.79,195,800,2.7804,13.598,186.57,1165,0.33482,0.13112,0.033408,0.29199,0.1271,0.028352,0.26374,0.12115,0.024768,235,234,234,160,157,159,194,200,198,165,175,185,119,128,133,255,251,243,0.54259,0.53885,0.53938
1,4.9931e+05,2.92,13.79,195,800,2.8228,13.629,187,794.07,0.38141,0.13793,0.039744,0.3308,0.1275,0.03264,0.29335,0.12072,0.02784,240,239,238,166,160,160,227,219,211,171,177,185,114,123,130,255,253,248,0.5338,0.5256,0.5131
1,4.9941e+05,3,13.79,195,800,2.896,13.65,152.49,630.57,0.40005,0.13608,0.040832,0.34874,0.12534,0.033408,0.30957,0.11999,0.028224,249,248,245,176,170,165,251,247,233,183,184,187,104,110,121,255,255,253,0.4081,0.40343,0.39718
1,5.0243e+05,3,13.883,195,800,2.8642,13.745,-0.10032,633.84,0,0,0,0,0,0,0,0,0,247,244,243,160,164,170,203,205,204,198,200,203,164,165,164,249,249,250,0.38487,0.3925,0.39074
1,5.0253e+05,2.92,13.883,195,800,2.775,13.753,186.15,919.66,0.19066,0.13727,0.019136,0.17712,0.12685,0.016576,0.1586,0.12261,0.01472,231,236,239,164,168,173,191,193,194,213,206,205,194,180,167,255,254,251,0.53922,0.52872,0.51248
1,5.0263e+05,2.84,13.883,195,800,2.7135,13.742,186.28,1055,0.24822,0.13506,0.02592,0.23018,0.12792,0.023168,0.22052,0.12239,0.020928,230,235,238,169,172,178,174,183,187,213,209,208,217,185,168,255,255,250,0.54136,0.54698,0.54562
1,5.0273e+05,2.76,13.883,195,800,2.6583,13.726,187.37,863.8,0.26534,0.1517,0.031488,0.23637,0.1441,0.026944,0.21688,0.13747,0.023552,242,238,237,191,192,190,161,169,175,220,217,214,199,184,175,251,247,239,0.52818,0.53157,0.53463
1,5.0283e+05,2.68,13.883,195,800,2.5629,13.736,185.03,646.3,0.26936,0.15618,0.033088,0.23615,0.1458,0.027008,0.21535,0.13568,0.023104,240,239,238,209,203,194,158,166,174,221,220,218,197,186,177,239,238,230,0.52863,0.53095,0.52977
1,5.0293e+05,2.6,13.883,195,800,2.4843,13.731,186.29,775.58,0.31369,0.17411,0.042048,0.27987,0.16278,0.035648,0.25702,0.1549,0.03072,246,242,239,204,197,190,174,174,174,230,226,222,181,185,183,215,218,215,0.51836,0.52679,0.52561
1,5.0303e+05,2.52,13.883,195,800,2.4249,13.728,186.66,876.98,0.34957,0.16454,0.044544,0.3197,0.14975,0.037248,0.28836,0.13624,0.030656,242,241,241,180,176,182,178,177,175,226,225,223,187,186,184,209,215,212,0.53264,0.52811,0.52745
1,5.0313e+05,2.44,13.883,195,800,2.3453,13.709,187.29,847.61,0.46313,0.13287,0.044416,0.35391,0.11518,0.029632,0.29907,0.1105,0.023744,238,240,243,181,177,182,176,174,173,228,223,222,185,187,185,218,221,215,0.53163,0.53138,0.53159
1,5.0323e+05,2.36,13.883,195,800,2.2743,13.719,186.89,824.9,0.37464,0.14224,0.039744,0.33188,0.12919,0.03168,0.29465,0.12045,0.025536,251,248,247,192,191,190,164,165,166,217,217,220,188,190,187,229,228,220,0.53317,0.53171,0.5314
1,5.0333e+05,2.28,13.883,195,800,2.2138,13.688,187.05,688.18,0.30301,0.15399,0.035968,0.26814,0.14401,0.03008,0.25124,0.13254,0.025792,253,251,249,198,196,194,164,162,164,213,217,219,201,194,187,217,228,223,0.52957,0.52947,0.52933
1,5.0343e+05,2.2,13.883,195,800,2.1225,13.712,186.33,868.34,0.36329,0.14768,0.040704,0.29025,0.13793,0.030976,0.25414,0.13186,0.026368,252,251,250,205,197,192,160,161,161,217,217,218,210,196,184,232,233,226,0.52655,0.52771,0.53112
1,5.0353e+05,2.12,13.883,195,800,2.0398,13.713,186.8,851.45,0.339,0.1623,0.043072,0.30171,0.15024,0.035456,0.26611,0.14418,0.029952,254,250,249,168,178,184,158,156,158,215,210,213,183,180,172,245,240,233,0.53077,0.53481,0.5371
1,5.0363e+05,2.04,13.883,195,800,1.9507,13.721,187.29,1030.5,0.34937,0.15635,0.04096,0.31302,0.14187,0.033024,0.24096,0.13387,0.025408,250,249,249,168,173,181,149,155,159,197,205,211,179,168,163,246,244,236,0.53004,0.53422,0.53436
1,5.0373e+05,1.96,13.883,195,800,1.8838,13.71,184.89,841.42,0.38382,0.15382,0.04448,0.335,0.14016,0.035264,0.29372,0.13153,0.029568,250,248,248,176,180,184,160,162,164,204,205,208,143,145,150,250,247,240,0.53598,0.53655,0.53729
1,5.0383e+05,1.88,13.883,195,800,1.783,13.737,185.94,801.46,0.42129,0.15258,0.046912,0.31717,0.1448,0.03488,0.28266,0.14078,0.030144,248,249,249,180,184,187,167,169,169,207,206,208,136,143,150,244,247,241,0.53154,0.5351,0.53708
1,5.0393e+05,1.8,13.883,195,800,1.7236,13.71,185.11,808.53,0.45381,0.15926,0.0416,0.2758,0.15929,0.032768,0.23169,0.15239,0.02752,251,251,250,190,193,197,170,172,172,198,201,205,160,160,158,251,248,240,0.53075,0.53754,0.53815
1,5.0403e+05,1.72,13.883,195,800,1.644,13.726,185.56,1076.5,0.34224,0.18444,0.047872,0.32414,0.17392,0.042816,0.30113,0.16551,0.038336,251,250,250,220,211,207,165,166,171,194,196,201,176,171,164,250,247,238,0.54612,0.54084,0.5414
1,5.0413e+05,1.64,13.883,195,800,1.5698,13.718,185.88,615.49,0.40728,0.17046,0.053312,0.37414,0.1603,0.046464,0.34819,0.15194,0.040384,247,248,249,223,217,210,169,170,173,191,195,200,173,166,160,246,245,236,0.54597,0.54505,0.5466
1,5.0423e+05,1.56,13.883,195,800,1.4796,13.724,185.85,786.29,0.4081,0.17223,0.053568,0.34722,0.15587,0.042112,0.31876,0.14568,0.035648,247,247,248,221,216,210,190,183,177,193,196,200,152,149,150,239,238,231,0.54952,0.54679,0.54538
1,5.0433e+05,1.48,13.883,195,800,1.383,13.751,185.96,1054.8,0.49813,0.15065,0.05632,0.41654,0.13619,0.041984,0.3669,0.12388,0.033344,248,248,248,215,212,207,185,183,178,198,199,201,146,146,149,234,235,229,0.54507,0.54545,0.54443
1,5.0443e+05,1.4,13.883,195,800,1.3268,13.716,186.11,836.7,0.46282,0.14628,0.047168,0.32409,0.14619,0.035264,0.29817,0.13999,0.0304,249,248,247,201,197,196,173,174,174,203,203,203,161,160,158,238,235,226,0.5389,0.53978,0.5436
1,5.0453e+05,1.32,13.883,195,800,1.2493,13.738,186.06,773.58,0.4336,0.16055,0.0464,0.33374,0.14032,0.03552,0.29722,0.13328,0.030016,243,245,247,181,188,193,165,167,170,200,202,204,176,171,165,244,237,222,0.54752,0.54741,0.54674
1,5.0463e+05,1.24,13.883,195,800,1.1666,13.714,185.7,760.95,0.37533,0.14775,0.040768,0.35555,0.13767,0.035328,0.33,0.12873,0.030336,244,247,248,191,191,193,165,167,169,205,204,206,172,168,165,239,232,220,0.55133,0.54524,0.54656
1,5.0473e+05,1.16,13.883,195,800,1.0859,13.717,187.15,1035.3,0.40899,0.15071,0.044288,0.37592,0.13936,0.036224,0.29699,0.13519,0.030272,253,252,250,192,192,195,167,168,170,210,210,209,174,167,162,223,224,220,0.54859,0.54607,0.54863
1,5.0483e+05,1.08,13.883,195,800,1.0074,13.722,185.93,1016.3,0.48299,0.13858,0.043072,0.33625,0.13212,0.030144,0.24582,0.12207,0.022464,252,252,251,188,191,195,166,168,170,213,211,211,176,165,159,230,229,222,0.5403,0.54222,0.54582
1,5.0493e+05,1,13.883,195,800,0.94165,13.704,187.05,690.34,0.36574,0.1431,0.038656,0.32579,0.13276,0.031232,0.29481,0.11908,0.0256,252,251,251,204,198,196,166,166,168,219,216,215,147,152,154,237,235,228,0.55095,0.54828,0.54861
1,5.0503e+05,0.92,13.883,195,800,0.84616,13.718,186.02,663.91,0.32841,0.14943,0.036608,0.29921,0.13377,0.030464,0.28079,0.12574,0.026432,254,253,252,206,200,194,160,166,168,224,221,215,146,146,148,227,232,230,0.55142,0.54691,0.54627
1,5.0513e+05,0.84,13.883,195,800,0.77614,13.724,186.77,656.16,0.42724,0.13114,0.038656,0.29918,0.12963,0.02752,0.255,0.11727,0.0224,254,253,252,203,194,191,173,168,166,221,216,213,142,145,149,235,233,230,0.54432,0.54802,0.54645
1,5.0523e+05,0.76,13.883,195,800,0.69126,13.722,185.57,901.62,0.34191,0.13911,0.034752,0.23467,0.13693,0.02432,0.20296,0.13217,0.0208,252,251,251,191,189,189,163,164,166,207,206,207,151,152,150,236,235,231,0.52719,0.54503,0.54504
1,5.0533e+05,0.68,13.883,195,800,0.63715,13.718,186.06,804.27,0.25712,0.14522,0.028544,0.22306,0.13738,0.024192,0.20762,0.13166,0.021632,247,249,251,201,194,189,163,163,165,206,204,204,152,153,152,236,235,231,0.5518,0.55117,0.54958
1,5.0543e+05,0.6,13.883,195,800,0.54272,13.712,186.01,691.67,0.2931,0.16115,0.036544,0.27751,0.15072,0.032256,0.25365,0.1411,0.02784,249,249,249,195,196,194,165,164,166,207,204,203,154,152,150,241,235,228,0.55689,0.55144,0.55149
1,5.0553e+05,0.52,13.883,195,800,0.45996,13.738,186.23,869.95,0.36568,0.14789,0.041408,0.34819,0.13496,0.035712,0.31437,0.1243,0.02944,245,248,248,209,206,201,161,164,168,203,205,204,140,141,141,228,232,230,0.54501,0.54702,0.54837
1,5.0563e+05,0.44,13.883,195,800,0.3772,13.723,186.67,1189.7,0.37172,0.15393,0.043648,0.32434,0.14265,0.035776,0.28352,0.13684,0.03008,247,247,247,223,213,204,163,164,168,207,205,204,125,130,135,238,236,232,0.54834,0.5479,0.54959
1,5.0573e+05,0.36,13.883,195,800,0.30612,13.728,186.91,894.99,0.38887,0.15589,0.044032,0.33363,0.14677,0.036288,0.30357,0.13756,0.031424,244,245,245,214,218,216,165,167,168,198,205,208,116,123,127,252,244,234,0.55289,0.54877,0.54867
1,5.0583e+05,0.28,13.883,195,800,0.23078,13.71,185.71,799.94,0.44251,0.14759,0.047616,0.36943,0.13811,0.037504,0.29058,0.13056,0.029696,248,245,245,233,227,219,169,167,169,209,209,210,128,125,128,244,239,234,0.54883,0.54628,0.54531
1,5.0593e+05,0.2,13.883,195,800,0.14803,13.721,186.16,729.75,0.4595,0.14795,0.045952,0.3504,0.13885,0.036096,0.33166,0.12825,0.030528,247,247,247,241,235,224,160,165,169,216,216,212,136,140,139,235,239,235,0.52625,0.53166,0.53568
1,5.0603e+05,0.12,13.883,195,800,0.056782,13.726,186.89,1008.6,0.47832,0.13889,0.048512,0.43652,0.12942,0.039872,0.34285,0.12064,0.031104,253,250,247,229,217,210,161,167,170,203,207,208,142,146,138,255,252,241,0.52665,0.53291,0.53088
1,5.0613e+05,0.04,13.883,195,800,0.00161,13.707,186.86,894.62,0.33303,0.12969,0.032832,0.29122,0.12442,0.027456,0.2591,0.11796,0.023104,253,248,246,203,200,199,174,169,169,197,203,206,126,134,135,255,254,242,0.52217,0.52191,0.52548
1,5.0623e+05,-0.04,13.883,195,800,-0.091757,13.718,187.33,697.96,0.40192,0.12979,0.039296,0.35699,0.12124,0.032512,0.31131,0.11626,0.027072,230,237,242,163,174,184,161,166,169,190,199,203,119,123,125,255,250,234,0.52701,0.52577,0.52765
1,5.0633e+05,-0.12,13.883,195,800,-0.16072,13.712,185.8,783.4,0.36655,0.1262,0.033472,0.27399,0.12526,0.026176,0.23494,0.12112,0.022464,235,237,241,171,176,182,167,166,169,195,199,204,123,125,125,251,240,224,0.52112,0.52772,0.5295
1,5.0643e+05,-0.2,13.883,195,800,-0.23499,13.708,187.24,1115.2,0.33256,0.13986,0.03456,0.2723,0.13406,0.028096,0.24202,0.12844,0.024192,245,244,243,196,192,189,177,174,171,198,202,206,127,134,137,211,204,198,0.51068,0.52554,0.52976
1,5.0653e+05,-0.28,13.883,195,800,-0.32199,13.723,186.39,1160.7,0.37252,0.13161,0.0368,0.33044,0.11854,0.02976,0.30119,0.1112,0.0256,244,244,244,193,195,196,176,178,178,201,211,213,169,160,146,179,183,185,0.52981,0.53,0.5285
1,5.0663e+05,-0.36,13.883,195,800,-0.3899,13.724,187.25,849.25,0.27907,0.1171,0.025472,0.23564,0.10902,0.019904,0.19314,0.10434,0.016,244,243,243,186,192,198,184,182,179,215,218,215,170,159,143,191,191,188,0.53472,0.53162,0.53064
1,5.0673e+05,-0.44,13.883,195,800,-0.4769,13.721,186.29,806.62,0.3556,0.12452,0.033536,0.33188,0.11616,0.028992,0.31169,0.10911,0.025664,239,241,243,188,193,196,181,180,178,208,213,212,117,124,127,234,217,200,0.52828,0.53066,0.53044
1,5.0683e+05,-0.52,13.883,195,800,-0.55859,13.74,186.55,852.63,0.29219,0.11599,0.02592,0.26731,0.10928,0.0224,0.25093,0.1056,0.019712,241,242,243,190,191,193,170,172,175,195,203,207,105,111,115,229,218,204,0.52301,0.53039,0.53124
1,5.0693e+05,-0.6,13.883,195,800,-0.6456,13.719,184.88,1182,0.29255,0.10692,0.022208,0.25694,0.10263,0.018688,0.23138,0.09502,0.015104,241,242,242,172,175,182,166,170,174,191,196,202,93,98,100,216,211,206,0.52045,0.52595,0.53062
1,5.0703e+05,-0.68,13.883,195,800,-0.71881,13.731,186.27,912.03,0.24363,0.11582,0.021504,0.22053,0.1117,0.018944,0.20589,0.1044,0.016704,237,237,239,154,162,174,184,181,178,212,213,214,87,88,88,217,209,201,0.5314,0.53334,0.53395
1,5.0713e+05,-0.76,13.883,195,800,-0.78034,13.704,186.12,753.12,0.26132,0.11619,0.022976,0.22208,0.10928,0.019072,0.20294,0.10538,0.016576,231,235,238,154,165,175,184,182,179,224,223,219,79,83,84,206,202,197,0.53021,0.53162,0.53199
1,5.0723e+05,-0.84,13.883,195,800,-0.86522,13.713,185.49,718.83,0.28144,0.12341,0.02656,0.25141,0.11924,0.022848,0.237,0.11218,0.020352,236,238,239,180,180,180,173,176,177,219,221,219,72,75,76,191,188,186,0.54332,0.52936,0.53267
1,5.0733e+05,-0.92,13.883,195,800,-0.96177,13.727,184.35,1030.2,0.24625,0.12692,0.024,0.22453,0.11996,0.0208,0.20395,0.11522,0.01824,240,240,240,183,182,182,173,175,176,210,212,212,71,73,74,190,186,183,0.53772,0.53125,0.53448
1,5.0743e+05,-1,13.883,195,800,-1.0392,13.705,184.78,1102.3,0.25645,0.12303,0.024384,0.2326,0.11716,0.02112,0.21957,0.11118,0.019008,242,242,241,179,179,181,178,178,177,195,197,197,69,71,73,194,188,180,0.53282,0.53406,0.53364
1,5.0753e+05,-1.08,13.883,195,800,-1.0965,13.716,186.19,942.55,0.2635,0.10704,0.021248,0.2269,0.10331,0.017856,0.19831,0.10042,0.01536,238,238,240,173,177,181,176,176,176,188,187,186,74,74,72,183,178,172,0.52248,0.53685,0.53591
1,5.0763e+05,-1.16,13.883,195,800,-1.174,13.712,185.77,696.49,0.2974,0.1237,0.028544,0.26969,0.11847,0.02496,0.25196,0.11042,0.021632,232,236,240,172,178,183,170,173,175,181,182,182,72,73,71,164,165,167,0.52953,0.53605,0.5361
1,5.0773e+05,-1.24,13.883,195,800,-1.279,13.726,186.89,901.34,0.2662,0.1175,0.024384,0.24086,0.11315,0.021184,0.22492,0.10473,0.018368,241,241,242,189,187,187,177,177,178,171,172,173,63,65,67,150,152,157,0.52905,0.52947,0.53245
1,5.0783e+05,-1.32,13.883,195,800,-1.3522,13.723,186.25,924.66,0.26447,0.1264,0.0256,0.24094,0.11968,0.022464,0.22835,0.11378,0.020032,246,245,244,191,190,189,187,185,181,168,170,170,61,63,64,152,153,155,0.54859,0.53817,0.53423
1,5.0793e+05,-1.4,13.883,195,800,-1.4212,13.729,186.34,1107,0.28527,0.11228,0.023872,0.23423,0.11062,0.01984,0.2099,0.10743,0.017408,247,247,246,179,181,186,195,191,186,165,166,164,60,63,64,159,157,156,0.5338,0.53607,0.5345
1,5.0803e+05,-1.48,13.883,195,800,-1.5114,13.731,186.59,984.77,0.26078,0.10944,0.02112,0.22697,0.10579,0.01824,0.20571,0.10052,0.015808,244,245,246,171,179,187,189,187,184,151,155,157,61,64,67,164,160,157,0.53337,0.53395,0.53352
1,5.0813e+05,-1.56,13.883,195,800,-1.5846,13.728,185.88,1071.9,0.21544,0.11108,0.018624,0.20158,0.10773,0.016832,0.19184,0.099594,0.014848,243,244,246,183,186,189,186,183,181,152,152,153,61,65,69,163,160,159,0.54033,0.53447,0.53349
1,5.0823e+05,-1.64,13.883,195,800,-1.6631,13.731,186.92,930.44,0.34033,0.11015,0.025984,0.28127,0.10436,0.0208,0.2267,0.10054,0.016832,251,248,247,191,194,199,170,172,173,151,150,151,66,68,69,158,160,160,0.52861,0.52814,0.53242
1,5.0833e+05,-1.72,13.883,195,800,-1.7331,13.732,186.24,938.65,0.27286,0.11908,0.024512,0.22807,0.11102,0.019264,0.19969,0.10655,0.016192,250,249,248,200,201,203,163,166,169,150,152,155,65,67,69,153,157,159,0.52984,0.53123,0.53311
1,5.0843e+05,-1.8,13.883,195,800,-1.7978,13.707,184.96,823.6,0.32117,0.12305,0.029312,0.28371,0.11892,0.02496,0.25855,0.11234,0.021696,245,247,248,218,214,207,161,163,167,172,174,179,63,66,70,140,146,155,0.54741,0.53616,0.53266
1,5.0853e+05,-1.88,13.883,195,800,-1.8912,13.714,186.12,960.88,0.3171,0.1216,0.027648,0.27,0.11457,0.022144,0.21752,0.11361,0.018304,249,248,248,201,203,204,165,168,170,220,219,215,75,76,77,144,147,153,0.54735,0.53505,0.5322
1,5.0863e+05,-1.96,13.883,195,800,-1.9824,13.733,187.73,941.26,0.25899,0.11006,0.021376,0.22429,0.10378,0.017664,0.20522,0.098551,0.015488,250,249,248,198,200,202,168,170,172,240,237,231,85,83,84,144,149,156,0.53553,0.5306,0.53128
1,5.0873e+05,-2.04,13.883,195,800,-2.0461,13.714,187.09,868.69,0.29337,0.10708,0.022848,0.24304,0.10234,0.018368,0.19683,0.10282,0.015616,249,248,247,222,215,209,168,170,175,253,252,251,106,106,105,155,159,167,0.54821,0.53122,0.5304
1,5.0883e+05,-2.12,13.883,195,800,-2.1299,13.719,187,895.01,0.2347,0.11911,0.021888,0.21192,0.11278,0.018688,0.19785,0.10846,0.016704,247,247,247,234,226,214,168,172,178,255,254,253,127,122,117,164,170,178,0.54025,0.53496,0.53118
1,5.0893e+05,-2.2,13.883,195,800,-2.2095,13.719,186.61,853.21,0.31659,0.11951,0.028032,0.28216,0.1135,0.02368,0.25711,0.10715,0.020416,252,250,248,246,233,217,189,185,183,255,255,255,153,148,146,206,209,209,0.54134,0.53048,0.52912
1,5.0903e+05,-2.28,13.883,195,800,-2.287,13.709,186.97,952.1,0.28837,0.11783,0.025088,0.25593,0.11371,0.021376,0.22273,0.10921,0.018304,249,250,249,216,211,205,185,186,184,255,255,255,203,193,186,254,247,238,0.52655,0.52868,0.52805
1,5.0913e+05,-2.36,13.883,195,800,-2.3665,13.736,185.23,692.1,0.22832,0.12463,0.021952,0.20352,0.11494,0.018368,0.17917,0.11165,0.015616,249,249,249,196,198,201,183,182,182,255,255,255,239,222,206,255,253,247,0.53317,0.5321,0.52748
1,5.0923e+05,-2.44,13.883,195,800,-2.4461,13.708,185.25,857.57,0.28717,0.10679,0.022144,0.25105,0.10299,0.018176,0.21426,0.098514,0.01568,251,250,249,191,197,200,186,183,181,255,255,255,255,249,236,255,255,254,0.52077,0.52658,0.52456
1,5.0933e+05,-2.52,13.883,195,800,-2.5193,13.721,185.75,759.55,0.25845,0.12084,0.024,0.23293,0.11623,0.02112,0.2199,0.11139,0.019136,252,250,248,199,204,204,186,183,179,255,255,255,255,251,242,255,255,255,0.53857,0.52461,0.52541
1,5.0943e+05,-2.6,13.883,195,800,-2.5957,13.719,185.29,666.85,0.28168,0.10919,0.021952,0.21969,0.10262,0.017344,0.19297,0.10018,0.014848,243,245,245,220,213,207,179,177,176,255,255,255,255,252,246,255,255,255,0.51097,0.52059,0.52221
1,5.0953e+05,-2.68,13.883,195,800,-2.6954,13.738,186.44,769.49,0.28718,0.1124,0.022848,0.25381,0.1066,0.019072,0.21075,0.10383,0.01664,242,241,243,201,202,202,171,174,174,255,255,255,252,247,238,255,255,255,0.52545,0.52195,0.52064
1,5.0963e+05,-2.76,13.883,195,800,-2.7782,13.728,185.98,1008.1,0.26004,0.12063,0.023872,0.21983,0.11639,0.019776,0.19979,0.11324,0.017856,242,242,243,193,196,199,174,175,174,255,255,255,244,237,231,255,255,255,0.52083,0.52222,0.52419
1,5.0973e+05,-2.84,13.883,195,800,-2.8769,13.775,187.3,1301.6,0.22619,0.11915,0.020544,0.20355,0.11318,0.01792,0.19034,0.10796,0.016128,245,245,244,191,193,197,190,184,179,255,255,255,227,221,219,255,255,255,0.52025,0.52321,0.52559
1,5.0983e+05,-2.92,13.883,195,800,-2.9098,13.743,186.47,780.71,0.28758,0.1179,0.025792,0.25255,0.11397,0.02208,0.23215,0.10871,0.019328,242,244,245,186,192,198,198,189,181,255,255,255,219,217,214,255,255,255,0.53441,0.53353,0.53298
1,5.0993e+05,-3,13.883,195,800,-2.9851,13.736,152.19,655.95,0.23481,0.13026,0.023808,0.21019,0.12318,0.020544,0.19994,0.11835,0.01856,243,243,245,187,192,200,192,188,183,255,255,255,213,209,209,255,253,252,0.44569,0.44507,0.45391
1,5.1295e+05,-3,13.976,195,800,-2.9543,13.799,0.62135,1022.7,0,0,0,0,0,0,0,0,0,249,247,246,204,205,205,179,180,180,255,255,255,197,204,211,253,252,250,0.43637,0.43994,0.45319
1,5.1305e+05,-2.92,13.976,195,800,-2.8726,13.805,185.39,920.36,0.24316,0.11456,0.019968,0.2309,0.10622,0.017408,0.22506,0.10112,0.016,253,250,248,213,205,199,167,170,175,255,255,255,200,207,217,254,254,254,0.52909,0.53659,0.53554
1,5.1315e+05,-2.84,13.976,195,800,-2.7994,13.812,187.23,741.81,0.29678,0.12163,0.024256,0.20211,0.1177,0.018688,0.18899,0.11544,0.017152,249,249,248,199,199,198,162,168,174,255,255,255,201,212,223,255,255,255,0.52839,0.52977,0.5288
1,5.1325e+05,-2.76,13.976,195,800,-2.7283,13.815,186.18,875.64,0.26969,0.14525,0.030016,0.24975,0.13714,0.026368,0.23131,0.13291,0.023808,251,249,247,199,199,200,175,173,174,255,255,255,237,238,239,255,255,255,0.52462,0.52241,0.52278
1,5.1335e+05,-2.68,13.976,195,800,-2.6668,13.823,186.79,837.42,0.35657,0.11431,0.028992,0.30404,0.10608,0.022848,0.24476,0.1056,0.019136,247,248,248,204,205,203,177,176,176,255,255,255,252,249,246,255,255,255,0.53218,0.5266,0.52441
1,5.1345e+05,-2.6,13.976,195,800,-2.5755,13.815,186.29,709.77,0.3035,0.13819,0.032192,0.28032,0.12655,0.027264,0.25428,0.12376,0.024384,250,249,249,208,207,207,177,179,180,255,255,255,255,255,254,255,255,255,0.5313,0.52101,0.52266
1,5.1355e+05,-2.52,13.976,195,800,-2.5045,13.812,187.77,1026.8,0.30183,0.12182,0.028096,0.25556,0.11863,0.023552,0.23232,0.11053,0.020224,255,254,251,219,211,207,187,185,183,255,255,255,255,254,253,255,254,252,0.5274,0.5256,0.52474
1,5.1365e+05,-2.44,13.976,195,800,-2.4281,13.817,187.27,912.74,0.31383,0.12699,0.030208,0.28512,0.11634,0.02496,0.2647,0.10975,0.021568,255,253,251,222,212,205,183,183,183,255,255,255,249,249,248,255,252,249,0.51494,0.52302,0.52528
1,5.1375e+05,-2.36,13.976,195,800,-2.3687,13.839,187.18,1116.3,0.26644,0.1327,0.026368,0.23403,0.12767,0.022784,0.21592,0.12059,0.02016,251,250,250,197,201,204,175,176,180,255,255,255,216,220,220,242,238,234,0.52988,0.52843,0.52807
1,5.1385e+05,-2.28,13.976,195,800,-2.2668,13.826,187.5,708.66,0.29025,0.11585,0.024832,0.25978,0.10762,0.020672,0.23419,0.10344,0.017472,253,250,249,191,199,206,176,177,180,255,255,255,184,194,199,222,223,221,0.53234,0.5263,0.52625
1,5.1395e+05,-2.2,13.976,195,800,-2.1957,13.822,187.25,806.79,0.30964,0.12303,0.02784,0.26616,0.1159,0.023808,0.24316,0.10939,0.020544,248,247,246,211,213,213,186,181,178,255,255,255,140,148,155,194,192,195,0.53802,0.53301,0.52962
1,5.1405e+05,-2.12,13.976,195,800,-2.1119,13.818,185.01,1122.5,0.22147,0.1255,0.021056,0.20182,0.12072,0.018432,0.18846,0.1162,0.016832,240,241,244,205,209,211,174,176,178,255,255,254,119,119,121,181,176,171,0.52543,0.52781,0.52777
1,5.1415e+05,-2.04,13.976,195,800,-2.0291,13.815,185.74,890.81,0.28699,0.12283,0.026752,0.25922,0.11293,0.022336,0.23065,0.1096,0.019328,241,241,243,183,198,209,178,177,176,254,253,251,102,105,108,170,166,163,0.51344,0.52523,0.53012
1,5.1425e+05,-1.96,13.976,195,800,-1.958,13.831,186.09,716.11,0.26731,0.13817,0.027584,0.24306,0.13148,0.024384,0.22727,0.125,0.021824,241,242,244,196,198,206,185,181,176,243,237,233,82,84,86,155,153,152,0.53901,0.53142,0.52885
1,5.1435e+05,-1.88,13.976,195,800,-1.8721,13.817,186.24,753.29,0.29999,0.12994,0.029376,0.27031,0.12362,0.025728,0.25188,0.11826,0.022912,242,243,245,206,206,208,185,179,174,219,219,218,75,76,77,154,151,149,0.527,0.52879,0.53073
1,5.1445e+05,-1.8,13.976,195,800,-1.7947,13.809,187.29,849,0.30232,0.12856,0.029504,0.26531,0.11939,0.024128,0.23204,0.11613,0.020864,250,248,248,225,216,212,164,167,169,173,176,181,62,63,67,150,151,151,0.5453,0.53541,0.53181
1,5.1455e+05,-1.72,13.976,195,800,-1.7172,13.796,187.24,958.55,0.2817,0.12705,0.027328,0.26162,0.12104,0.024384,0.24374,0.11451,0.021696,248,248,248,200,207,209,170,168,168,146,149,155,73,69,66,164,161,157,0.53865,0.53307,0.53266
1,5.1465e+05,-1.64,13.976,195,800,-1.6419,13.803,185.96,744.75,0.31438,0.12506,0.029888,0.27556,0.12026,0.025408,0.25242,0.11278,0.02144,245,246,247,198,202,204,175,172,171,142,145,149,83,72,65,166,164,161,0.54437,0.53644,0.53574
1,5.1475e+05,-1.56,13.976,195,800,-1.5761,13.815,186.33,825.77,0.27776,0.13413,0.028352,0.24369,0.12644,0.02368,0.21985,0.12326,0.020864,247,247,247,196,193,193,177,178,178,146,145,146,61,62,62,166,168,168,0.53306,0.53775,0.53568
1,5.1485e+05,-1.48,13.976,195,800,-1.4774,13.808,186.76,766.18,0.34538,0.12452,0.03232,0.29713,0.11554,0.02656,0.26224,0.11274,0.022848,249,248,247,189,189,190,182,183,182,149,147,147,57,58,60,169,172,172,0.53134,0.53533,0.5344
1,5.1495e+05,-1.4,13.976,195,800,-1.4085,13.819,186.04,925.03,0.32906,0.12108,0.029056,0.26998,0.11741,0.023616,0.2302,0.11174,0.019712,249,248,247,191,189,188,193,190,186,150,150,152,58,58,58,174,177,179,0.53189,0.53749,0.53614
1,5.1505e+05,-1.32,13.976,195,800,-1.3151,13.805,185.95,990.25,0.34717,0.12455,0.032256,0.30536,0.11718,0.02624,0.27085,0.11424,0.021952,244,243,244,184,186,187,181,183,183,157,158,160,59,59,60,168,174,182,0.53443,0.53281,0.53485
1,5.1515e+05,-1.24,13.976,195,800,-1.2546,13.831,186.48,850.95,0.33758,0.13116,0.032832,0.28599,0.12649,0.027584,0.26302,0.12151,0.024192,241,241,242,183,181,183,177,179,181,169,165,164,60,60,61,167,174,184,0.53394,0.53837,0.53635
1,5.1525e+05,-1.16,13.976,195,800,-1.1676,13.81,187.71,700.58,0.29576,0.11826,0.025792,0.25699,0.11079,0.02176,0.22971,0.10637,0.018944,242,242,242,169,177,185,185,182,181,180,177,174,69,66,64,183,188,193,0.52436,0.528,0.53187
1,5.1535e+05,-1.08,13.976,195,800,-1.088,13.828,186.72,676.9,0.27461,0.1355,0.0272,0.23858,0.12583,0.022464,0.22345,0.119,0.019456,248,246,243,190,186,187,189,185,181,184,180,178,70,67,65,195,197,198,0.53343,0.52963,0.53224
1,5.1545e+05,-1,13.976,195,800,-1.0063,13.809,188.91,926.7,0.2642,0.17411,0.033152,0.23495,0.1632,0.027584,0.2052,0.14981,0.023488,249,246,243,195,196,194,182,182,180,188,189,190,68,68,68,198,204,207,0.53236,0.53541,0.5346
1,5.1555e+05,-0.92,13.976,195,800,-0.93419,13.802,186.69,808.94,0.26349,0.12823,0.025664,0.23552,0.12161,0.022208,0.21649,0.11669,0.019648,239,240,240,200,197,195,177,176,175,223,214,207,76,74,73,205,211,214,0.541,0.53388,0.53301
1,5.1565e+05,-0.84,13.976,195,800,-0.85461,13.814,187.12,731.94,0.20884,0.12842,0.020608,0.19167,0.12091,0.0176,0.18099,0.11305,0.015808,239,239,239,206,200,194,174,174,174,233,223,214,79,77,76,214,219,220,0.5185,0.52721,0.5324
1,5.1575e+05,-0.76,13.976,195,800,-0.77822,13.799,186.67,810.2,0.2965,0.1163,0.025856,0.28262,0.10659,0.021888,0.25419,0.10036,0.019072,241,240,239,196,196,194,179,177,174,223,218,213,85,83,82,234,235,231,0.52684,0.5308,0.53319
1,5.1585e+05,-0.68,13.976,195,800,-0.69865,13.802,187.44,823.84,0.3103,0.12458,0.029632,0.28409,0.11612,0.025216,0.25289,0.11059,0.021696,243,240,239,196,194,193,182,178,173,212,208,207,88,86,85,241,239,234,0.52595,0.53401,0.53269
1,5.1595e+05,-0.6,13.976,195,800,-0.61377,13.807,186.72,802.95,0.26486,0.12072,0.024832,0.23977,0.11392,0.021312,0.21685,0.10807,0.018432,237,238,239,190,191,191,167,170,173,197,195,196,103,99,97,228,233,233,0.53001,0.53063,0.5316
1,5.1605e+05,-0.52,13.976,195,800,-0.51828,13.786,187.21,880.35,0.25623,0.1222,0.022848,0.20269,0.11564,0.018048,0.18724,0.11221,0.016384,237,236,237,196,193,192,178,176,176,206,202,201,129,123,118,215,221,224,0.53099,0.53316,0.53331
1,5.1615e+05,-0.44,13.976,195,800,-0.47265,13.821,185.21,630.63,0.25308,0.11702,0.022784,0.23019,0.11139,0.01952,0.20617,0.10989,0.017472,238,236,237,203,196,194,184,183,179,216,210,207,143,137,131,207,213,216,0.52923,0.52884,0.52985
1,5.1625e+05,-0.36,13.976,195,800,-0.38671,13.802,187.23,766.37,0.28839,0.117,0.025408,0.25376,0.11045,0.020672,0.20818,0.10873,0.017216,233,235,237,200,199,198,185,184,181,232,224,217,176,166,149,190,194,201,0.53862,0.53246,0.53097
1,5.1635e+05,-0.28,13.976,195,800,-0.29016,13.784,185.91,927.51,0.26771,0.11763,0.023488,0.23158,0.11003,0.018944,0.19416,0.1075,0.016064,232,235,238,204,200,197,179,179,179,234,227,221,178,167,151,186,191,199,0.52583,0.53068,0.52919
1,5.1645e+05,-0.2,13.976,195,800,-0.23499,13.823,186.95,825.28,0.29563,0.12834,0.028736,0.26657,0.12082,0.024832,0.24573,0.11472,0.021888,240,240,239,184,186,191,167,170,173,239,231,222,157,151,143,206,211,215,0.52951,0.53277,0.52865
1,5.1655e+05,-0.12,13.976,195,800,-0.15117,13.814,186.92,857.82,0.34464,0.12225,0.030976,0.28271,0.11839,0.0256,0.254,0.11274,0.02176,238,237,238,180,181,186,171,172,172,240,231,222,150,142,133,244,243,239,0.55447,0.53181,0.52973
1,5.1665e+05,-0.04,13.976,195,800,-0.089635,13.817,186.34,618.85,0.31253,0.12115,0.028224,0.26381,0.11444,0.022976,0.23328,0.10652,0.019264,234,236,239,194,188,187,178,176,173,239,232,224,147,141,135,247,249,247,0.53688,0.5309,0.52987
1,5.1972e+05,0,14.069,195,800,-0.08433,13.896,-0.3155,914.92,0,0,0,0,0,0,0,0,0,239,238,239,206,198,194,182,178,175,237,237,234,126,133,142,249,249,246,0.51792,0.52216,0.52366
1,5.1982e+05,-0.08,14.069,195,800,-0.15966,13.901,185.46,867.53,0.23947,0.1172,0.02048,0.23293,0.1121,0.018496,0.22859,0.10634,0.01664,243,240,239,192,191,192,170,173,174,237,231,226,128,130,132,244,242,238,0.5416,0.53157,0.53101
1,5.1992e+05,-0.16,14.069,195,800,-0.23287,13.91,186.2,838.18,0.43614,0.1231,0.033536,0.42255,0.11835,0.029632,0.40029,0.11465,0.025664,245,242,239,172,186,195,167,170,174,236,231,226,126,132,135,226,228,227,0.52319,0.52491,0.52811
1,5.2002e+05,-0.24,14.069,195,800,-0.30926,13.926,186.03,1054,0.29004,0.13335,0.0304,0.27824,0.12508,0.027456,0.26714,0.122,0.025344,236,237,239,198,196,201,175,175,176,234,230,226,135,141,144,186,195,204,0.54683,0.53029,0.52647
1,5.2012e+05,-0.32,14.069,195,800,-0.36231,13.886,186.61,938.27,0.31495,0.13031,0.029824,0.24798,0.12726,0.02464,0.23215,0.11799,0.021376,229,234,238,202,203,203,178,180,179,228,227,224,135,144,146,181,190,200,0.51994,0.5329,0.52981
1,5.2022e+05,-0.4,14.069,195,800,-0.44295,13.909,185.54,679.38,0.33059,0.12417,0.030528,0.2779,0.12123,0.025664,0.25067,0.11406,0.021696,235,235,237,201,201,201,181,182,182,220,216,215,127,136,139,194,203,210,0.53309,0.52995,0.53057
1,5.2032e+05,-0.48,14.069,195,800,-0.52783,13.909,185.88,775.24,0.33856,0.12597,0.032384,0.30101,0.11906,0.0272,0.27994,0.11432,0.024256,236,237,238,193,194,196,173,175,178,201,199,201,109,114,118,220,225,228,0.54249,0.52569,0.53025
1,5.2042e+05,-0.56,14.069,195,800,-0.60634,13.923,185.21,740.33,0.25709,0.12236,0.024512,0.22732,0.11705,0.020672,0.20635,0.11337,0.01824,236,237,239,193,194,197,168,171,176,195,193,196,100,103,106,231,233,236,0.52834,0.53099,0.53339
1,5.2052e+05,-0.64,14.069,195,800,-0.70183,13.914,187.04,1322.5,0.30542,0.10874,0.023744,0.25994,0.10346,0.018752,0.19838,0.10066,0.015168,238,239,240,212,208,202,172,172,173,196,196,199,82,85,90,239,242,243,0.5406,0.54459,0.53517
1,5.2062e+05,-0.72,14.069,195,800,-0.76761,13.91,186.95,529.76,0.28804,0.12569,0.027072,0.25497,0.11941,0.023488,0.23367,0.11691,0.020928,238,240,240,219,213,204,177,174,172,207,205,206,79,81,85,243,244,243,0.54112,0.53306,0.53275
1,5.2072e+05,-0.8,14.069,195,800,-0.84612,13.919,187.97,748,0.29927,0.12209,0.027456,0.25756,0.11679,0.022592,0.22007,0.11352,0.019008,240,239,240,214,209,204,170,170,171,223,219,215,80,81,80,236,237,237,0.53463,0.53538,0.53121
1,5.2082e+05,-0.88,14.069,195,800,-0.92146,13.912,187.16,999.46,0.2698,0.12577,0.026368,0.2546,0.11766,0.023232,0.23507,0.11407,0.020928,234,237,241,197,200,202,178,175,173,207,206,205,71,73,75,219,222,225,0.55708,0.53557,0.53152
1,5.2092e+05,-0.96,14.069,195,800,-1.0085,13.932,186.5,937.72,0.31699,0.1352,0.032192,0.27325,0.12568,0.026496,0.24442,0.11966,0.022656,237,240,242,197,200,202,178,178,177,190,193,196,66,68,71,205,214,221,0.53381,0.53644,0.53421
1,5.2102e+05,-1.04,14.069,195,800,-1.0626,13.893,188.24,642.04,0.38749,0.14741,0.034048,0.30762,0.13079,0.026048,0.23555,0.12146,0.021568,247,246,245,210,204,199,187,184,181,173,176,180,62,63,66,200,209,215,0.53617,0.53262,0.53252
1,5.2112e+05,-1.12,14.069,195,800,-1.1676,13.922,187.99,833.39,0.27634,0.11801,0.02464,0.23934,0.11291,0.020672,0.21595,0.10705,0.017984,248,247,246,200,196,195,188,185,181,172,173,175,63,63,64,201,208,212,0.52823,0.53621,0.53302
1,5.2122e+05,-1.2,14.069,195,800,-1.2281,13.901,186.97,873.39,0.30702,0.12823,0.030528,0.2802,0.12495,0.0272,0.27207,0.11375,0.024064,242,243,244,173,180,188,184,182,180,165,165,166,59,61,62,196,201,206,0.50579,0.52685,0.5312
1,5.2132e+05,-1.28,14.069,195,800,-1.3215,13.909,186.98,752.09,0.24434,0.12491,0.02304,0.22352,0.1196,0.020288,0.20336,0.11574,0.018112,240,243,245,182,188,192,176,180,181,151,154,157,58,59,60,189,196,201,0.53379,0.52989,0.53224
1,5.2142e+05,-1.36,14.069,195,800,-1.4063,13.924,186.45,1063.4,0.30376,0.1226,0.027968,0.26958,0.11417,0.023552,0.2472,0.10839,0.02048,245,245,246,185,192,194,180,182,182,147,150,153,60,59,59,188,195,198,0.53754,0.5282,0.5345
1,5.2152e+05,-1.44,14.069,195,800,-1.4817,13.918,187.12,907.65,0.26129,0.11629,0.0208,0.20218,0.10999,0.01632,0.17712,0.1089,0.014592,251,250,248,195,194,194,180,181,181,146,146,147,55,57,59,180,184,186,0.51489,0.52889,0.53447
1,5.2162e+05,-1.52,14.069,195,800,-1.5315,13.9,186.34,1005.4,0.40373,0.11572,0.031296,0.3776,0.1051,0.02528,0.34363,0.1035,0.020928,253,249,247,195,194,195,174,177,179,142,144,145,56,57,60,174,176,178,0.53901,0.5328,0.53578
1,5.2172e+05,-1.6,14.069,195,800,-1.6302,13.903,186.45,735.99,0.23092,0.13115,0.02368,0.19465,0.12791,0.019392,0.16886,0.1257,0.016896,242,244,247,212,206,201,170,171,172,140,142,145,62,65,64,162,163,164,0.53513,0.53198,0.53382
1,5.2182e+05,-1.68,14.069,195,800,-1.7108,13.899,184.75,736.09,0.26134,0.14817,0.029952,0.24789,0.12985,0.025216,0.2294,0.12193,0.021888,247,249,248,219,216,211,170,168,169,145,150,156,68,67,66,164,161,157,0.53203,0.53745,0.53599
1,5.2192e+05,-1.76,14.069,195,800,-1.7915,13.917,185.45,955.24,0.24923,0.12424,0.02432,0.23085,0.11576,0.020736,0.21299,0.11269,0.018688,254,252,249,219,217,214,167,168,169,159,163,168,61,64,67,161,158,154,0.5346,0.53748,0.535
1,5.2202e+05,-1.84,14.069,195,800,-1.8583,13.907,186.25,1048.7,0.26934,0.13181,0.027584,0.24868,0.12505,0.023936,0.22761,0.12018,0.021312,249,248,248,206,214,215,178,175,174,201,203,203,65,69,73,158,153,150,0.53293,0.53709,0.53468
1,5.2212e+05,-1.92,14.069,195,800,-1.9389,13.907,184.32,798.85,0.27635,0.1083,0.022208,0.23205,0.10634,0.018432,0.20369,0.10446,0.016,242,244,246,203,211,212,180,179,176,222,224,221,74,77,79,162,153,150,0.53312,0.5332,0.53223
1,5.2222e+05,-2,14.069,195,800,-2.0302,13.931,186.2,1017.8,0.25143,0.12985,0.024896,0.22874,0.12291,0.021312,0.20924,0.11745,0.018944,236,240,244,194,201,208,182,180,179,250,249,246,91,95,97,161,158,158,0.52463,0.53509,0.5312
1,5.2232e+05,-2.08,14.069,195,800,-2.0992,13.917,184.81,865.83,0.26127,0.11715,0.023296,0.21193,0.11395,0.018496,0.19229,0.10889,0.015744,237,240,243,202,204,206,175,177,180,255,255,254,113,117,121,187,176,171,0.53149,0.53438,0.53391
1,5.2242e+05,-2.16,14.069,195,800,-2.184,13.91,186.16,1154,0.2891,0.12055,0.025728,0.26201,0.11176,0.021824,0.23658,0.10922,0.019264,237,241,244,205,206,206,176,178,179,255,255,255,128,132,136,186,181,181,0.53096,0.53232,0.53127
1,5.2252e+05,-2.24,14.069,195,800,-2.2466,13.918,185.82,915.74,0.25562,0.13319,0.02496,0.22627,0.12058,0.021376,0.21425,0.11188,0.01888,245,245,246,193,198,202,174,177,179,255,255,255,173,174,178,191,195,203,0.52632,0.5311,0.53106
1,5.2262e+05,-2.32,14.069,195,800,-2.3315,13.92,185.07,673.48,0.31161,0.11873,0.02656,0.27036,0.11083,0.020928,0.20865,0.1088,0.01696,244,246,248,190,196,201,173,176,179,255,255,255,207,202,201,207,210,215,0.52403,0.52792,0.52962
1,5.2272e+05,-2.4,14.069,195,800,-2.3931,13.922,184.75,639.77,0.21641,0.12206,0.020352,0.18904,0.11765,0.017088,0.17008,0.11202,0.014976,250,251,250,219,210,204,180,181,182,255,255,255,251,244,237,241,239,239,0.51847,0.52774,0.52779
1,5.2282e+05,-2.48,14.069,195,800,-2.4917,13.932,184.93,985.01,0.34467,0.11177,0.027328,0.30114,0.10633,0.0224,0.2574,0.10519,0.01888,254,252,251,195,206,208,186,184,183,255,255,255,255,254,253,254,253,251,0.511,0.5235,0.52573
1,5.2292e+05,-2.56,14.069,195,800,-2.5628,13.909,185.71,1046.9,0.27523,0.11342,0.02304,0.23319,0.10789,0.019008,0.20418,0.10285,0.016,251,251,250,184,200,208,181,181,182,255,255,255,255,255,255,255,255,254,0.52503,0.52376,0.52305
1,5.2302e+05,-2.64,14.069,195,800,-2.6413,13.915,186.58,768.52,0.28519,0.12981,0.028736,0.26024,0.12611,0.025664,0.24754,0.11831,0.02272,249,250,250,208,204,204,175,178,179,255,255,255,255,254,252,255,255,255,0.5336,0.52964,0.52688
1,5.2312e+05,-2.72,14.069,195,800,-2.7612,13.948,186.29,987.24,0.28159,0.11738,0.024512,0.23983,0.11101,0.020416,0.21639,0.10933,0.01792,253,250,249,210,205,202,178,178,177,255,255,255,251,250,247,255,255,255,0.5305,0.5233,0.52494
1,5.2322e+05,-2.8,14.069,195,800,-2.8005,13.92,187.37,841.96,0.23784,0.13132,0.023808,0.22081,0.12563,0.021184,0.20638,0.11697,0.018496,249,249,249,196,197,199,164,168,173,255,255,255,223,227,234,255,255,255,0.53809,0.52815,0.5273
1,5.2332e+05,-2.88,14.069,195,800,-2.8769,13.913,185.57,801.95,0.29539,0.11533,0.025472,0.24981,0.11249,0.021184,0.22391,0.10878,0.018368,253,250,249,205,203,201,159,164,172,255,255,255,220,219,222,255,255,254,0.53394,0.53188,0.53125
1,5.2342e+05,-2.96,14.069,195,800,-2.9511,13.922,186.34,971.18,0.26134,0.12687,0.025088,0.23212,0.12322,0.022208,0.21958,0.11821,0.020224,252,251,248,207,208,204,164,169,174,255,255,255,216,217,219,255,253,252,0.52381,0.51687,0.50691
1,5.2649e+05,-3,14.162,195,800,-2.9533,13.996,-0.26253,643.98,0,0,0,0,0,0,0,0,0,248,247,245,207,204,203,175,174,173,255,255,255,241,241,237,244,248,249,0.44876,0.45297,0.45976
1,5.2659e+05,-2.92,14.162,195,800,-2.8801,14.01,185.94,743.65,0.20958,0.11631,0.018624,0.20562,0.10963,0.017088,0.19025,0.1056,0.01536,247,247,246,199,200,200,173,174,173,255,255,255,252,246,239,255,255,254,0.52526,0.53147,0.5336
1,5.2669e+05,-2.84,14.162,195,800,-2.8026,13.994,186.47,933.13,0.19947,0.13843,0.021632,0.18713,0.13151,0.019328,0.18013,0.12827,0.017792,246,246,247,194,197,200,177,175,175,255,255,255,247,245,241,255,255,255,0.52012,0.52624,0.52841
1,5.2679e+05,-2.76,14.162,195,800,-2.7453,14.006,185.24,704.32,0.2613,0.16156,0.033024,0.25,0.15221,0.029696,0.23533,0.14611,0.026944,250,249,247,198,198,202,187,184,179,255,255,255,250,249,246,255,255,255,0.52554,0.52753,0.52806
1,5.2689e+05,-2.68,14.162,195,800,-2.6583,14.009,186.32,862.43,0.34066,0.13113,0.034304,0.28576,0.12175,0.026176,0.2304,0.11638,0.0208,252,250,247,204,203,201,190,185,180,255,255,255,253,253,249,255,255,255,0.52343,0.52395,0.52696
1,5.2699e+05,-2.6,14.162,195,800,-2.5904,14.001,185.2,720.72,0.28859,0.13991,0.0304,0.24077,0.13133,0.024256,0.20945,0.12341,0.020096,252,248,246,206,203,199,176,179,181,255,255,255,255,255,254,255,255,255,0.53126,0.52695,0.52632
1,5.2709e+05,-2.52,14.162,195,800,-2.5002,13.996,186.88,841.6,0.36259,0.11892,0.031872,0.30745,0.10948,0.024512,0.25088,0.10532,0.019584,242,244,245,212,200,194,184,183,181,255,255,255,255,255,254,254,253,251,0.52657,0.52523,0.52342
1,5.2719e+05,-2.44,14.162,195,800,-2.4259,13.999,185.42,760.75,0.29462,0.12017,0.027072,0.26278,0.11477,0.02304,0.23429,0.10989,0.019456,244,244,245,205,197,192,192,186,181,255,255,255,255,254,252,248,247,246,0.5306,0.52872,0.52844
1,5.2729e+05,-2.36,14.162,195,800,-2.3368,13.981,185.56,905.96,0.33099,0.12803,0.031936,0.29866,0.11807,0.026496,0.27164,0.11206,0.022848,251,247,244,184,191,191,180,179,178,255,255,255,236,237,231,219,226,230,0.53218,0.52954,0.52885
1,5.2739e+05,-2.28,14.162,195,800,-2.271,13.998,185.66,765.86,0.3021,0.1132,0.026304,0.25841,0.10766,0.021248,0.22908,0.098707,0.0176,247,246,244,190,191,190,172,176,177,255,255,255,214,217,212,212,216,220,0.54059,0.53415,0.53095
1,5.2749e+05,-2.2,14.162,195,800,-2.1851,13.99,188.11,891.85,0.28193,0.1235,0.025472,0.24591,0.11786,0.020864,0.19409,0.11168,0.016832,245,242,241,191,192,192,186,180,177,255,255,255,161,164,163,191,198,202,0.52546,0.53396,0.53371
1,5.2759e+05,-2.12,14.162,195,800,-2.1225,14.008,186.64,932.65,0.21342,0.13005,0.021632,0.20218,0.12492,0.019456,0.18772,0.12099,0.0176,249,244,241,206,202,197,181,183,182,255,254,253,116,118,120,171,178,183,0.52766,0.53291,0.53308
1,5.2769e+05,-2.04,14.162,195,800,-2.0504,14.017,187.25,676.59,0.25847,0.13627,0.02688,0.23427,0.12687,0.022976,0.21452,0.12016,0.020352,253,246,241,210,208,203,184,184,182,253,252,250,105,105,105,158,167,175,0.53513,0.53163,0.53222
1,5.2779e+05,-1.96,14.162,195,800,-1.957,14,186.26,998.65,0.35746,0.12933,0.033984,0.32669,0.12233,0.028672,0.28945,0.11432,0.023424,249,247,246,240,223,208,179,180,181,247,241,234,94,88,85,150,154,160,0.52704,0.53269,0.53246
1,5.2789e+05,-1.88,14.162,195,800,-1.8838,14.001,186.7,1098.7,0.27964,0.12314,0.026112,0.25012,0.11749,0.022336,0.22605,0.11219,0.019904,252,249,247,237,224,210,175,177,179,235,228,221,79,80,81,148,151,155,0.54682,0.53673,0.53322
1,5.2799e+05,-1.8,14.162,195,800,-1.8116,14.017,187.95,809.97,0.36036,0.12109,0.032256,0.28879,0.11818,0.025728,0.24496,0.11348,0.020864,250,251,250,215,212,211,174,174,174,193,189,187,74,74,71,148,149,151,0.52239,0.53112,0.53432
1,5.2809e+05,-1.72,14.162,195,800,-1.7278,14,186.27,616.64,0.35913,0.11829,0.029312,0.27123,0.1151,0.023424,0.23584,0.10997,0.019776,254,250,248,218,215,210,165,168,171,155,156,159,65,65,66,148,150,151,0.52865,0.53362,0.53625
1,5.2819e+05,-1.64,14.162,195,800,-1.644,14.005,186.19,781.82,0.29321,0.12541,0.027264,0.2568,0.12173,0.02368,0.23331,0.11457,0.020544,250,248,246,217,212,209,162,167,170,149,149,150,62,61,63,151,151,153,0.54382,0.53556,0.53269
1,5.2829e+05,-1.56,14.162,195,800,-1.5634,14.009,186.34,850.62,0.2993,0.11386,0.024896,0.24416,0.10769,0.019712,0.20852,0.1035,0.016512,242,245,245,189,198,204,175,172,171,142,142,144,62,60,60,159,163,167,0.55554,0.5435,0.53604
1,5.2839e+05,-1.48,14.162,195,800,-1.4785,13.996,186.87,699.61,0.31502,0.11529,0.026624,0.27137,0.10779,0.02208,0.24357,0.10213,0.018624,246,246,246,192,199,203,174,173,173,141,142,144,63,61,59,180,180,179,0.52763,0.53311,0.53588
1,5.2849e+05,-1.4,14.162,195,800,-1.3978,13.989,185.18,785.45,0.31887,0.12481,0.029056,0.27324,0.11981,0.023936,0.23024,0.11624,0.019648,251,247,245,225,212,200,173,174,175,148,147,147,61,60,59,239,222,207,0.53089,0.53168,0.53372
1,5.2859e+05,-1.32,14.162,195,800,-1.3172,13.981,187.42,820.92,0.33172,0.14643,0.033344,0.28949,0.14273,0.027712,0.26672,0.12807,0.023488,246,245,244,206,202,197,174,175,176,155,153,153,59,59,59,250,238,225,0.52218,0.53576,0.53408
1,5.2869e+05,-1.24,14.162,195,800,-1.2642,14.022,185.29,879.94,0.33015,0.1251,0.031232,0.2826,0.11605,0.025536,0.25889,0.11184,0.022336,249,247,245,199,197,196,176,175,176,160,157,156,61,60,60,251,241,229,0.55149,0.54018,0.53731
1,5.2879e+05,-1.16,14.162,195,800,-1.1835,14.009,185.3,1062.1,0.32393,0.13039,0.032064,0.26818,0.12429,0.025664,0.2376,0.11933,0.022208,252,250,247,212,207,201,175,176,177,162,164,165,64,63,62,250,242,232,0.54783,0.54346,0.53625
1,5.2889e+05,-1.08,14.162,195,800,-1.1008,14.004,186.31,531.66,0.36094,0.12672,0.034752,0.30964,0.12014,0.028416,0.28379,0.11115,0.023936,250,248,247,217,212,207,176,176,177,174,170,169,64,64,65,245,239,231,0.54517,0.53405,0.53375
1,5.2899e+05,-1,14.162,195,800,-1.0095,14.01,185.18,732.43,0.31974,0.11503,0.026944,0.27297,0.10978,0.022592,0.24502,0.1073,0.019456,247,245,244,224,221,215,174,175,175,183,182,183,68,70,72,237,234,231,0.53768,0.53202,0.53252
1,5.2909e+05,-0.92,14.162,195,800,-0.92464,13.993,186.71,953.34,0.35877,0.11256,0.027904,0.27608,0.10975,0.022016,0.24267,0.10583,0.018048,236,239,241,209,213,212,169,169,170,198,201,202,79,80,78,247,244,239,0.52469,0.5274,0.52966
1,5.2919e+05,-0.84,14.162,195,800,-0.86628,14.001,185.17,772.61,0.3722,0.11761,0.032448,0.317,0.11176,0.025984,0.26874,0.10628,0.02112,239,240,241,197,206,211,164,165,168,217,213,209,91,83,79,253,250,244,0.55155,0.53716,0.53246
1,5.2929e+05,-0.76,14.162,195,800,-0.76973,13.999,185.79,966.2,0.32538,0.11801,0.024896,0.20293,0.11817,0.01856,0.18373,0.11625,0.016704,246,244,242,224,218,211,157,163,169,219,215,210,79,79,80,255,254,250,0.52914,0.53575,0.53445
1,5.2939e+05,-0.68,14.162,195,800,-0.69865,14.001,184.14,761.18,0.28232,0.12024,0.024384,0.23906,0.11677,0.019968,0.1953,0.1138,0.016704,245,244,242,235,224,211,166,169,171,207,205,205,78,79,81,255,254,251,0.53091,0.53337,0.52937
1,5.2949e+05,-0.6,14.162,195,800,-0.6021,13.982,187.62,950.16,0.25827,0.12806,0.025472,0.23137,0.12285,0.022016,0.21131,0.11723,0.019648,244,243,242,207,208,207,186,183,179,186,191,196,93,91,91,255,254,249,0.53574,0.53456,0.53217
1,5.2959e+05,-0.52,14.162,195,800,-0.55117,14,185.89,911.12,0.27806,0.1189,0.0256,0.25083,0.11477,0.022272,0.22371,0.11026,0.019008,245,243,241,196,197,200,182,181,180,203,203,202,114,109,106,252,245,236,0.53192,0.52974,0.53052
1,5.2969e+05,-0.44,14.162,195,800,-0.47159,14.018,185.56,938.46,0.28911,0.11509,0.024576,0.24338,0.10912,0.020096,0.20988,0.10437,0.01696,243,242,240,203,201,200,178,179,180,212,212,209,126,117,112,241,232,225,0.52579,0.52884,0.53014
1,5.2979e+05,-0.36,14.162,195,800,-0.39202,14.019,185.7,615.64,0.32179,0.12906,0.03232,0.29121,0.12318,0.02784,0.27463,0.11511,0.02464,243,241,238,227,216,207,183,180,178,229,225,220,130,123,119,202,200,201,0.52955,0.53178,0.53124
1,5.2989e+05,-0.28,14.162,195,800,-0.3135,14.019,185.94,884.6,0.27888,0.12509,0.026432,0.23716,0.12223,0.022592,0.21988,0.11475,0.019712,243,241,238,232,221,208,185,181,177,234,227,222,123,121,119,193,192,196,0.52822,0.52774,0.52837
1,5.2999e+05,-0.2,14.162,195,800,-0.2265,13.999,185.98,930.34,0.27304,0.11885,0.024832,0.23529,0.11298,0.020736,0.21114,0.1085,0.01792,243,241,239,224,218,209,176,176,175,217,220,221,121,117,116,204,208,210,0.5164,0.5263,0.52833
1,5.3009e+05,-0.12,14.162,195,800,-0.17345,14.024,187.1,951.86,0.34649,0.13077,0.0336,0.30435,0.12558,0.028864,0.27983,0.11681,0.024384,240,240,239,223,208,201,179,176,174,212,216,220,117,113,113,250,242,235,0.53486,0.53254,0.5302
1,5.3019e+05,-0.04,14.162,195,800,-0.088574,14.008,185.92,690.66,0.30863,0.1208,0.028864,0.27151,0.11328,0.023808,0.24608,0.1082,0.020864,236,239,240,198,198,198,180,177,175,216,220,223,109,111,115,252,248,241,0.52232,0.52916,0.52938
1,5.3326e+05,0,14.255,195,800,-0.090696,14.108,0.051959,814.7,0,0,0,0,0,0,0,0,0,245,242,239,195,193,196,167,171,173,214,216,219,103,110,118,243,245,244,0.50922,0.49865,0.49391
1,5.3336e+05,-0.08,14.255,195,800,-0.15436,14.101,187.1,865.47,0.28025,0.10663,0.020544,0.24851,0.099505,0.016704,0.18952,0.099911,0.013568,238,236,235,194,198,200,169,170,171,208,207,209,96,103,108,246,242,237,0.53165,0.53403,0.53137
1,5.3346e+05,-0.16,14.255,195,800,-0.2265,14.089,186.96,705.43,0.21336,0.11243,0.018496,0.20471,0.10655,0.017088,0.19628,0.10405,0.015936,231,232,233,200,204,204,173,172,172,207,207,209,100,105,109,229,227,225,0.50973,0.5265,0.5286
1,5.3356e+05,-0.24,14.255,195,800,-0.29865,14.1,186.85,809.4,0.29011,0.14024,0.03168,0.27393,0.13568,0.028992,0.26117,0.12805,0.026112,232,232,232,210,207,205,174,174,173,211,211,211,102,108,113,185,190,200,0.51542,0.52502,0.52808
1,5.3366e+05,-0.32,14.255,195,800,-0.38035,14.1,185.99,942.91,0.29387,0.1586,0.036544,0.25743,0.14871,0.029824,0.22885,0.14345,0.025344,237,234,232,195,200,203,170,173,175,211,212,211,102,109,114,177,185,197,0.53422,0.53225,0.5308
1,5.3376e+05,-0.4,14.255,195,800,-0.44188,14.08,185.86,869.8,0.31635,0.12557,0.030016,0.26381,0.11637,0.023744,0.22808,0.11479,0.02048,236,237,236,182,191,199,175,177,179,209,208,206,101,107,111,210,212,215,0.53279,0.53247,0.53075
1,5.3386e+05,-0.48,14.255,195,800,-0.53525,14.1,186,785.59,0.35752,0.13989,0.038784,0.3354,0.12612,0.032576,0.30849,0.1178,0.02784,244,242,239,205,202,200,189,187,183,198,198,196,93,98,102,252,247,242,0.53714,0.53217,0.53011
1,5.3396e+05,-0.56,14.255,195,800,-0.61801,14.106,185.64,783.64,0.34389,0.13337,0.033984,0.29073,0.12352,0.026816,0.24733,0.11956,0.022272,247,244,239,211,204,200,190,188,183,192,192,193,92,93,95,255,254,250,0.52624,0.53051,0.5317
1,5.3406e+05,-0.64,14.255,195,800,-0.69652,14.113,185.44,1060.1,0.2011,0.12956,0.020224,0.17339,0.12399,0.016832,0.16119,0.12009,0.014912,239,241,240,194,197,201,182,179,175,192,194,197,82,84,85,255,255,255,0.53905,0.53815,0.53489
1,5.3416e+05,-0.72,14.255,195,800,-0.757,14.087,186.57,702.12,0.26442,0.11288,0.022784,0.22997,0.1068,0.018688,0.19961,0.10104,0.015744,243,242,240,191,195,200,174,171,170,198,200,202,77,79,81,255,255,255,0.5306,0.53248,0.53332
1,5.3426e+05,-0.8,14.255,195,800,-0.85249,14.098,186.05,795.81,0.29786,0.1245,0.028864,0.27064,0.11539,0.024256,0.24349,0.11267,0.021376,246,244,242,194,198,202,165,165,165,216,213,207,70,74,77,254,253,253,0.536,0.53632,0.53569
1,5.3436e+05,-0.88,14.255,195,800,-0.90978,14.09,187.26,940.62,0.26644,0.13643,0.028736,0.23828,0.12975,0.02432,0.22149,0.12397,0.021568,246,243,241,227,216,207,168,169,169,202,200,197,80,81,79,243,246,247,0.55259,0.53778,0.53647
1,5.3446e+05,-0.96,14.255,195,800,-1.001,14.094,186.89,802.52,0.31504,0.11996,0.028736,0.27967,0.11091,0.023936,0.25159,0.10421,0.019968,244,242,240,237,221,207,170,171,171,188,189,189,98,87,78,242,242,244,0.52262,0.53291,0.53362
1,5.3456e+05,-1.04,14.255,195,800,-1.0795,14.104,185.85,777.06,0.32248,0.1167,0.028608,0.28067,0.10981,0.023488,0.24906,0.09992,0.018944,242,241,241,205,210,208,174,172,171,171,173,174,74,76,74,236,240,241,0.54386,0.53422,0.53433
1,5.3466e+05,-1.12,14.255,195,800,-1.1655,14.12,189.08,960.02,0.31281,0.1203,0.028736,0.28703,0.11122,0.024576,0.26145,0.10903,0.021632,246,244,242,209,206,204,170,170,170,167,167,168,63,66,69,245,242,241,0.54609,0.53559,0.53278
1,5.3476e+05,-1.2,14.255,195,800,-1.2376,14.091,187.05,1028.1,0.28219,0.13224,0.0288,0.2574,0.12387,0.025024,0.23541,0.12265,0.022592,247,246,244,198,197,196,167,168,170,154,156,158,59,60,62,238,241,241,0.53131,0.53224,0.53332
1,5.3486e+05,-1.28,14.255,195,800,-1.3193,14.094,186.76,897.46,0.3163,0.12912,0.03168,0.27672,0.12048,0.025856,0.23845,0.11733,0.021952,237,240,242,179,187,194,173,173,172,148,150,151,58,59,60,225,232,233,0.53037,0.53054,0.53286
1,5.3496e+05,-1.36,14.255,195,800,-1.3904,14.098,187.96,1011,0.31307,0.1342,0.03296,0.28589,0.1266,0.028352,0.25428,0.12069,0.023744,235,238,240,187,190,194,175,174,173,146,148,150,57,58,60,217,224,224,0.52606,0.53026,0.53374
1,5.3506e+05,-1.44,14.255,195,800,-1.471,14.094,185.02,891.6,0.35427,0.11169,0.026944,0.26115,0.11089,0.02208,0.23238,0.10436,0.018688,237,238,238,197,200,200,171,172,173,144,147,148,57,61,63,193,194,194,0.5446,0.53917,0.53773
1,5.3516e+05,-1.52,14.255,195,800,-1.5283,14.074,185.47,801.04,0.25908,0.12132,0.024384,0.2333,0.11687,0.02112,0.21728,0.11126,0.018752,241,240,238,209,204,201,172,173,173,144,146,147,60,63,66,168,172,178,0.54223,0.53689,0.53561
1,5.3526e+05,-1.6,14.255,195,800,-1.6291,14.084,186.77,846.76,0.27764,0.11181,0.022656,0.21759,0.11172,0.018688,0.19598,0.1055,0.016128,245,243,240,205,204,203,173,173,173,143,146,148,59,64,67,145,147,153,0.52546,0.53357,0.53478
1,5.3536e+05,-1.68,14.255,195,800,-1.7055,14.087,185.42,703,0.31378,0.12157,0.029312,0.28133,0.11594,0.025088,0.23802,0.10914,0.020288,241,243,243,198,202,205,175,175,177,157,157,160,59,64,68,140,144,148,0.5656,0.54566,0.53887
1,5.3546e+05,-1.76,14.255,195,800,-1.7904,14.109,186.16,857.27,0.26404,0.11832,0.0224,0.2099,0.11012,0.017856,0.19238,0.1073,0.015872,242,245,245,200,202,206,178,178,178,166,168,171,75,72,69,142,145,149,0.53055,0.53717,0.53558
1,5.3556e+05,-1.84,14.255,195,800,-1.8721,14.089,185.49,873.22,0.29313,0.12272,0.027648,0.26079,0.11618,0.023488,0.23884,0.11292,0.0208,254,251,247,189,199,205,178,179,181,192,197,200,77,76,75,150,152,154,0.55496,0.53788,0.53352
1,5.3566e+05,-1.92,14.255,195,800,-1.9506,14.105,186.28,788.3,0.26099,0.12416,0.024704,0.22831,0.11421,0.020352,0.20396,0.1129,0.018048,251,249,246,192,197,202,180,180,182,211,214,216,71,75,78,158,159,159,0.54653,0.53593,0.53306
1,5.3576e+05,-2,14.255,195,800,-2.0185,14.095,186.72,716.68,0.30403,0.11816,0.027392,0.28048,0.11016,0.023296,0.26003,0.10666,0.020544,237,240,243,179,188,195,190,186,181,244,243,241,80,85,89,179,178,178,0.51895,0.52683,0.5327
1,5.3586e+05,-2.08,14.255,195,800,-2.1076,14.103,187.09,896.6,0.28122,0.11797,0.025216,0.24594,0.11367,0.021376,0.22203,0.1084,0.018496,231,235,238,187,185,189,185,182,179,255,254,252,106,110,115,207,204,199,0.55371,0.53754,0.53389
1,5.3596e+05,-2.16,14.255,195,800,-2.184,14.105,186.47,758.93,0.2558,0.1242,0.024832,0.22106,0.12056,0.020928,0.19969,0.11392,0.018112,229,235,239,183,185,189,178,177,177,255,255,254,131,133,133,223,216,209,0.53688,0.53317,0.53329
1,5.3606e+05,-2.24,14.255,195,800,-2.2647,14.119,186.24,806.79,0.25886,0.11852,0.02208,0.21312,0.11011,0.017344,0.17225,0.11021,0.014848,242,241,240,176,184,189,171,173,176,255,255,255,194,186,180,235,230,224,0.53121,0.53315,0.53383
1,5.3616e+05,-2.32,14.255,195,800,-2.3347,14.104,187.38,1248.9,0.21415,0.1228,0.020544,0.1927,0.11553,0.017536,0.17902,0.11289,0.016,242,242,241,180,184,187,171,173,177,255,255,255,222,212,203,242,236,231,0.51318,0.52716,0.53096
1,5.3626e+05,-2.4,14.255,195,800,-2.4026,14.09,187.41,956.81,0.25049,0.11636,0.020928,0.21278,0.11015,0.017344,0.18119,0.10776,0.014976,234,237,240,171,175,182,170,176,179,255,255,255,253,247,238,254,249,244,0.53459,0.53211,0.53093
1,5.3636e+05,-2.48,14.255,195,800,-2.4641,14.067,186.07,733.8,0.24234,0.11571,0.021568,0.21352,0.11108,0.018368,0.19828,0.10542,0.016192,238,238,239,160,171,182,178,178,179,255,255,255,255,254,252,255,255,253,0.5076,0.52461,0.52725
1,5.3646e+05,-2.56,14.255,195,800,-2.5522,14.074,186.53,678.29,0.26895,0.11928,0.024576,0.23582,0.1147,0.020992,0.20883,0.11084,0.018048,237,238,240,169,179,187,174,177,179,255,255,255,255,255,254,255,255,254,0.53605,0.53032,0.52728
1,5.3656e+05,-2.64,14.255,195,800,-2.6286,14.087,187.22,904.48,0.22634,0.11304,0.019776,0.1987,0.10823,0.016704,0.18343,0.10038,0.014464,234,238,242,206,202,199,183,180,179,255,255,255,254,252,248,255,255,255,0.52738,0.52864,0.52848
1,5.3666e+05,-2.72,14.255,195,800,-2.7092,14.081,185.88,801.12,0.29142,0.1301,0.029376,0.26857,0.12213,0.025344,0.24345,0.11836,0.022336,240,241,243,210,206,203,180,180,179,255,255,255,251,247,243,255,255,255,0.54116,0.53111,0.52712
1,5.3676e+05,-2.8,14.255,195,800,-2.8037,14.096,184.91,817.44,0.22912,0.12461,0.02208,0.20719,0.11944,0.01888,0.19282,0.11278,0.016896,244,244,244,202,207,208,177,178,178,255,255,255,239,238,238,255,255,255,0.51795,0.52573,0.52772
1,5.3686e+05,-2.88,14.255,195,800,-2.8779,14.089,185.43,874.02,0.24678,0.12362,0.023616,0.2249,0.11782,0.020352,0.2094,0.11249,0.018368,241,242,243,219,210,204,181,177,174,255,255,255,250,246,241,255,255,254,0.52373,0.5299,0.53374
1,5.3696e+05,-2.96,14.255,195,800,-2.9373,14.1,185.53,921.82,0.24431,0.12189,0.023232,0.20767,0.11516,0.01888,0.18927,0.11355,0.017024,238,240,242,197,200,202,175,174,172,255,255,255,253,250,243,255,254,253,0.52787,0.53044,0.51809
1,5.4003e+05,-3,14.348,195,800,-2.9617,14.189,-0.053974,907.87,0,0,0,0,0,0,0,0,0,234,236,238,202,199,197,162,165,168,255,255,255,240,234,227,255,255,254,0.45939,0.45541,0.46121
1,5.4013e+05,-2.92,14.348,195,800,-2.8854,14.181,186.76,644.51,0.27802,0.10718,0.019776,0.24813,0.10132,0.016832,0.22283,0.097507,0.01408,247,245,244,211,211,207,169,170,171,255,255,255,230,226,221,255,255,255,0.54504,0.53936,0.53646
1,5.4023e+05,-2.84,14.348,195,800,-2.8153,14.18,187.08,480.2,0.22099,0.13547,0.023552,0.20562,0.1281,0.0208,0.19886,0.12382,0.019392,246,246,244,217,216,211,172,173,173,255,255,255,205,211,216,255,255,255,0.53337,0.52776,0.53111
1,5.4033e+05,-2.76,14.348,195,800,-2.7209,14.181,186.22,908.81,0.28151,0.15088,0.033472,0.26511,0.1417,0.02976,0.24577,0.13615,0.026368,240,240,241,218,214,208,174,174,176,255,255,255,204,209,217,255,255,255,0.52433,0.52727,0.52875
1,5.4043e+05,-2.68,14.348,195,800,-2.6657,14.192,187.07,662.24,0.41425,0.1274,0.038784,0.38441,0.11313,0.030144,0.26628,0.10885,0.020224,235,237,240,208,207,203,173,175,177,255,255,255,225,225,226,255,255,255,0.53522,0.5288,0.52774
1,5.4053e+05,-2.6,14.348,195,800,-2.6021,14.216,187.42,907.1,0.44471,0.11628,0.030912,0.25125,0.11473,0.02208,0.22414,0.11097,0.019008,241,239,239,189,186,186,180,178,177,255,255,255,254,251,246,255,255,255,0.51669,0.52755,0.5289
1,5.4063e+05,-2.52,14.348,195,800,-2.5119,14.196,186.03,825.7,0.29333,0.13564,0.030528,0.26167,0.12413,0.025408,0.24369,0.11675,0.02208,241,239,239,172,172,177,175,176,177,255,255,255,253,252,251,254,254,254,0.53471,0.52658,0.52715
1,5.4073e+05,-2.44,14.348,195,800,-2.427,14.186,186.64,884.23,0.30472,0.13292,0.030528,0.27011,0.12347,0.025536,0.24023,0.1186,0.021888,234,236,239,177,176,179,178,178,178,255,255,255,246,246,245,251,252,252,0.52322,0.52282,0.5252
1,5.4083e+05,-2.36,14.348,195,800,-2.3464,14.186,187.7,696.63,0.32484,0.13167,0.032064,0.2921,0.11867,0.02656,0.26562,0.11084,0.022464,237,237,239,193,193,190,194,186,181,255,255,255,206,212,215,242,243,245,0.53312,0.52973,0.5307
1,5.4093e+05,-2.28,14.348,195,800,-2.2615,14.175,186.67,1024,0.2656,0.13482,0.027072,0.24383,0.12706,0.023552,0.22155,0.12184,0.020544,239,240,239,211,202,194,187,184,180,255,255,255,173,185,194,229,236,241,0.53419,0.53544,0.53186
1,5.4103e+05,-2.2,14.348,195,800,-2.1883,14.167,187.65,1060.4,0.33679,0.12578,0.030464,0.29388,0.11223,0.024,0.26516,0.10672,0.019904,241,238,238,206,199,194,169,170,174,255,255,255,130,137,146,227,229,232,0.534,0.53447,0.53289
1,5.4113e+05,-2.12,14.348,195,800,-2.113,14.182,186.96,822.61,0.26176,0.13647,0.02528,0.23211,0.12476,0.020544,0.19888,0.11561,0.01696,234,234,237,177,183,188,163,167,172,255,254,253,109,108,109,230,225,218,0.5402,0.53409,0.53166
1,5.4123e+05,-2.04,14.348,195,800,-2.0291,14.191,187.63,967.84,0.29429,0.13182,0.029056,0.26458,0.12201,0.024448,0.23953,0.11616,0.020736,237,236,238,176,180,187,169,170,174,251,250,248,96,95,96,221,213,206,0.53899,0.5349,0.53242
1,5.4133e+05,-1.96,14.348,195,800,-1.9602,14.189,187.92,913.58,0.25909,0.12396,0.024128,0.2253,0.11975,0.02048,0.19268,0.1165,0.0176,243,242,241,183,188,193,183,179,181,228,228,227,75,76,79,172,175,178,0.54066,0.53591,0.53353
1,5.4143e+05,-1.88,14.348,195,800,-1.8763,14.192,184.81,1149.1,0.31539,0.12925,0.031424,0.28784,0.12159,0.027136,0.25919,0.11767,0.023552,244,242,242,199,199,198,182,184,186,210,211,213,71,71,74,160,162,167,0.52778,0.53173,0.53348
1,5.4153e+05,-1.8,14.348,195,800,-1.7957,14.17,187.47,837.95,0.29959,0.13964,0.032192,0.2716,0.1313,0.027328,0.25388,0.12357,0.024,239,238,239,217,209,203,203,199,194,180,179,182,61,64,68,160,158,157,0.53218,0.53966,0.53676
1,5.4163e+05,-1.72,14.348,195,800,-1.7246,14.179,186.77,555.67,0.30404,0.11949,0.027008,0.24658,0.11563,0.021504,0.2161,0.11144,0.018176,234,232,234,204,202,201,187,191,191,153,155,158,62,64,67,158,156,155,0.53653,0.53424,0.53292
1,5.4173e+05,-1.64,14.348,195,800,-1.6334,14.182,186.25,997.41,0.23748,0.13166,0.024448,0.21928,0.12849,0.02208,0.20228,0.12224,0.019328,229,230,233,204,201,201,179,183,185,147,147,150,75,72,68,151,152,155,0.54727,0.54213,0.53886
1,5.4183e+05,-1.56,14.348,195,800,-1.5697,14.194,186.13,1106.4,0.30427,0.12807,0.029888,0.26919,0.12165,0.025152,0.24236,0.11287,0.021376,229,230,232,201,200,200,175,174,176,147,148,148,94,81,69,152,158,167,0.52587,0.53247,0.53665
1,5.4193e+05,-1.48,14.348,195,800,-1.4774,14.185,186.05,866.88,0.28042,0.11384,0.022912,0.23982,0.10667,0.017856,0.19061,0.10522,0.014912,228,229,232,199,198,199,171,172,174,159,154,149,81,75,68,168,172,179,0.53565,0.53151,0.53357
1,5.4203e+05,-1.4,14.348,195,800,-1.4127,14.187,187.82,861.01,0.28774,0.1273,0.028416,0.26789,0.12106,0.02496,0.24372,0.11384,0.02176,228,230,233,186,187,192,173,174,174,160,155,150,60,61,61,211,207,206,0.54098,0.54271,0.53647
1,5.4213e+05,-1.32,14.348,195,800,-1.3257,14.19,186.47,1058.4,0.26491,0.126,0.025792,0.23738,0.12117,0.0224,0.21546,0.11457,0.019392,241,238,236,182,185,189,174,174,174,143,145,148,61,60,59,228,227,225,0.54492,0.53272,0.53606
1,5.4223e+05,-1.24,14.348,195,800,-1.261,14.2,187.46,890.07,0.29251,0.11794,0.025856,0.25722,0.11417,0.021696,0.22275,0.107,0.01792,240,238,237,192,187,189,169,171,173,147,147,149,61,60,60,237,232,231,0.52609,0.53521,0.53778
1,5.4233e+05,-1.16,14.348,195,800,-1.1772,14.186,186.05,831.48,0.29852,0.12405,0.02784,0.26598,0.11775,0.024064,0.24304,0.11382,0.02144,237,238,239,182,188,191,164,168,172,161,160,159,69,67,66,234,235,236,0.533,0.53328,0.53489
1,5.4243e+05,-1.08,14.348,195,800,-1.087,14.189,187.66,1029.1,0.3353,0.12026,0.02944,0.28485,0.11263,0.023296,0.24829,0.10769,0.01952,239,236,237,186,187,191,168,170,172,169,166,165,75,72,71,234,235,238,0.53864,0.53941,0.53647
1,5.4253e+05,-1,14.348,195,800,-1.0254,14.186,186.17,615.39,0.26542,0.11734,0.023744,0.22651,0.11074,0.019712,0.20914,0.10653,0.017472,218,228,237,179,184,194,171,173,174,179,177,177,77,77,76,242,242,243,0.5475,0.53831,0.53529
1,5.4263e+05,-0.92,14.348,195,800,-0.94161,14.187,187.24,665.46,0.30037,0.11418,0.026176,0.2688,0.10739,0.022144,0.23758,0.10226,0.018688,239,237,237,176,189,199,175,173,170,184,187,188,70,72,74,254,253,250,0.54209,0.53602,0.53565
1,5.4273e+05,-0.84,14.348,195,800,-0.84294,14.182,186.45,934.43,0.32164,0.12011,0.0272,0.25612,0.11544,0.02208,0.223,0.11097,0.018816,243,240,238,188,196,201,169,168,167,192,193,192,70,70,73,254,254,253,0.53413,0.53464,0.5351
1,5.4283e+05,-0.76,14.348,195,800,-0.78565,14.189,186.77,1080.3,0.32598,0.11829,0.028928,0.27895,0.11377,0.024128,0.25133,0.10664,0.02048,232,234,235,205,199,198,154,159,164,207,201,195,80,78,75,255,255,255,0.53376,0.54084,0.53648
1,5.4293e+05,-0.68,14.348,195,800,-0.69334,14.181,185.61,820.34,0.27209,0.11425,0.023104,0.23876,0.1096,0.019136,0.20901,0.10215,0.015936,229,230,233,186,191,196,157,162,166,203,198,192,87,82,79,255,255,255,0.53962,0.5364,0.53421
1,5.4303e+05,-0.6,14.348,195,800,-0.64347,14.203,185.08,855.45,0.29375,0.12144,0.027328,0.26205,0.11368,0.022976,0.24171,0.10781,0.02016,229,230,232,186,190,197,175,174,174,188,185,185,86,85,85,255,254,253,0.53347,0.53418,0.53221
1,5.4313e+05,-0.52,14.348,195,800,-0.52889,14.17,185.48,830.72,0.30994,0.12267,0.028992,0.28398,0.11208,0.024384,0.25915,0.10663,0.021248,231,231,230,204,206,205,181,181,180,180,180,183,96,95,96,247,244,239,0.53919,0.52984,0.53058
1,5.4323e+05,-0.44,14.348,195,800,-0.47902,14.196,185.69,871.25,0.25042,0.12724,0.024896,0.22847,0.12233,0.021632,0.20833,0.12088,0.019712,225,227,228,207,208,206,185,181,179,182,182,185,109,105,102,233,230,226,0.53042,0.52986,0.53167
1,5.4333e+05,-0.36,14.348,195,800,-0.38459,14.18,187.15,614.03,0.2835,0.11771,0.025408,0.26588,0.10801,0.021888,0.24816,0.10594,0.019776,217,219,224,190,195,200,175,174,174,191,193,195,120,115,109,191,193,199,0.52701,0.53265,0.53147
1,5.4343e+05,-0.28,14.348,195,800,-0.31775,14.199,184.76,682.12,0.27983,0.12502,0.027136,0.25092,0.12083,0.023616,0.23079,0.11461,0.020736,215,218,223,185,188,196,170,170,171,202,200,199,118,113,109,180,185,194,0.53617,0.52931,0.5306
1,5.4353e+05,-0.2,14.348,195,800,-0.23075,14.194,186.29,923.36,0.30318,0.1281,0.029888,0.27115,0.12481,0.026176,0.25018,0.11991,0.023104,219,221,225,188,188,191,163,166,168,204,202,201,113,107,104,212,212,212,0.52096,0.52879,0.5297
1,5.4363e+05,-0.12,14.348,195,800,-0.17452,14.194,185.73,688.63,0.35891,0.12665,0.034368,0.31033,0.11847,0.028096,0.28502,0.11227,0.02432,229,230,231,193,193,191,163,166,169,197,198,201,107,102,100,253,249,240,0.53397,0.52728,0.52851
1,5.4373e+05,-0.04,14.348,195,800,-0.089635,14.214,187.46,659.51,0.33095,0.11469,0.028416,0.27566,0.11019,0.02336,0.25113,0.10386,0.01984,236,234,234,193,193,192,170,169,170,198,200,204,105,103,103,255,253,246,0.54183,0.53398,0.52606
1,5.468e+05,0,14.441,195,800,-0.091757,14.281,0.40948,1058.2,0,0,0,0,0,0,0,0,0,232,234,233,186,192,197,173,175,173,199,201,206,92,97,105,242,244,246,0.49221,0.4897,0.48921
1,5.469e+05,-0.08,14.441,195,800,-0.16815,14.285,186.9,769.21,0.24066,0.10903,0.019776,0.22603,0.10506,0.017792,0.22095,0.099086,0.016448,227,230,231,185,187,190,178,175,172,191,194,196,87,92,97,252,248,242,0.52286,0.5275,0.52849
1,5.47e+05,-0.16,14.441,195,800,-0.22332,14.258,186.46,750.72,0.20887,0.13446,0.021952,0.20066,0.12671,0.019712,0.19061,0.12249,0.018496,226,228,229,183,185,189,170,170,170,191,195,197,91,94,98,237,234,230,0.52613,0.52797,0.52829
1,5.471e+05,-0.24,14.441,195,800,-0.30396,14.276,186.68,742.04,0.26921,0.1425,0.030464,0.25568,0.13605,0.0272,0.22958,0.12756,0.023168,225,225,225,185,190,194,165,165,169,201,200,197,98,103,106,188,192,202,0.52122,0.5272,0.52833
1,5.472e+05,-0.32,14.441,195,800,-0.37398,14.276,186.86,873.09,0.31319,0.14271,0.033472,0.23904,0.14043,0.026304,0.21254,0.12965,0.021824,220,221,224,206,203,201,167,168,171,200,197,194,106,109,109,177,184,195,0.52801,0.53623,0.53098
1,5.473e+05,-0.4,14.441,195,800,-0.44613,14.276,186.97,961.33,0.31108,0.14298,0.03456,0.27539,0.13002,0.028288,0.26131,0.11706,0.024128,217,221,225,244,229,214,178,178,177,174,178,182,119,113,107,204,205,207,0.53114,0.53317,0.53185
1,5.474e+05,-0.48,14.441,195,800,-0.53101,14.271,187.73,697.1,0.30343,0.14673,0.034816,0.26502,0.13694,0.028416,0.2472,0.1259,0.02432,228,228,228,221,218,212,178,179,179,167,170,174,88,94,96,239,237,234,0.52239,0.52962,0.53069
1,5.475e+05,-0.56,14.441,195,800,-0.59997,14.268,186.58,806.44,0.35471,0.12811,0.034496,0.30376,0.11732,0.027392,0.26126,0.1131,0.022976,228,228,229,202,204,206,174,175,176,167,171,174,83,86,90,249,247,244,0.53713,0.53204,0.53147
1,5.476e+05,-0.64,14.441,195,800,-0.67849,14.267,186.75,685.87,0.33401,0.12811,0.03296,0.30232,0.12173,0.028544,0.28061,0.11428,0.024896,223,228,232,197,198,200,164,166,168,171,177,180,78,80,82,255,255,253,0.54119,0.53179,0.53291
1,5.477e+05,-0.72,14.441,195,800,-0.76867,14.282,186.9,951.42,0.27345,0.11065,0.022976,0.24131,0.10572,0.019648,0.22527,0.10082,0.017152,229,230,232,209,204,201,160,162,166,177,181,182,75,77,78,255,255,255,0.53115,0.53494,0.53583
1,5.478e+05,-0.8,14.441,195,800,-0.84612,14.282,187.4,1173.4,0.29188,0.11836,0.026624,0.25157,0.11626,0.02272,0.22813,0.11434,0.020224,229,233,236,216,213,205,161,163,166,178,181,182,67,69,72,255,255,255,0.52677,0.53356,0.53539
1,5.479e+05,-0.88,14.441,195,800,-0.92039,14.278,187.19,926.8,0.27704,0.13325,0.02752,0.2631,0.12426,0.024064,0.2471,0.11566,0.021504,239,237,237,212,202,196,174,173,173,174,177,178,66,67,71,254,253,252,0.53427,0.53357,0.53425
1,5.48e+05,-0.96,14.441,195,800,-1.0106,14.294,187.18,926.55,0.30291,0.14815,0.030848,0.26628,0.13745,0.025408,0.22493,0.13522,0.02272,240,238,238,192,191,191,180,178,176,178,176,175,68,71,75,249,250,250,0.53805,0.53744,0.53689
1,5.481e+05,-1.04,14.441,195,800,-1.0838,14.273,186.72,930.15,0.40684,0.12038,0.032128,0.31023,0.11482,0.024384,0.26014,0.11165,0.020096,246,243,239,185,185,186,182,180,178,167,170,169,76,79,77,245,242,243,0.53732,0.53637,0.53698
1,5.482e+05,-1.12,14.441,195,800,-1.1368,14.258,186.87,959.65,0.25026,0.12273,0.022784,0.21977,0.11838,0.01952,0.20019,0.1102,0.016768,247,243,239,192,189,187,184,181,178,167,165,163,74,75,75,238,239,241,0.53266,0.53678,0.53641
1,5.483e+05,-1.2,14.441,195,800,-1.2482,14.285,186.15,995.17,0.2362,0.12329,0.022848,0.21874,0.11566,0.020096,0.20279,0.11147,0.017728,232,235,238,193,192,190,183,180,176,145,149,152,59,61,64,235,236,238,0.54292,0.54094,0.53814
1,5.484e+05,-1.28,14.441,195,800,-1.297,14.254,187.02,788.61,0.23566,0.11657,0.021056,0.21357,0.10993,0.018432,0.20066,0.1057,0.016704,231,233,235,194,194,193,178,177,176,141,143,145,54,56,58,231,232,234,0.52535,0.53691,0.53719
1,5.485e+05,-1.36,14.441,195,800,-1.3787,14.272,188.52,598.38,0.26685,0.11916,0.023168,0.20725,0.11819,0.018688,0.18994,0.11479,0.016576,233,235,235,200,197,195,178,177,176,144,145,146,54,56,58,226,227,227,0.52953,0.53255,0.53484
1,5.486e+05,-1.44,14.441,195,800,-1.4551,14.271,185.21,796.63,0.37981,0.12297,0.035136,0.34831,0.11311,0.029248,0.30607,0.10776,0.024064,233,235,236,204,205,201,177,177,177,151,149,146,61,61,62,209,208,207,0.53742,0.53212,0.53404
1,5.487e+05,-1.52,14.441,195,800,-1.5591,14.282,187.05,970.74,0.27994,0.11956,0.0256,0.25938,0.11532,0.022208,0.22663,0.11036,0.019136,234,234,234,207,206,202,176,177,178,147,146,144,62,64,64,198,195,194,0.54464,0.53957,0.53633
1,5.488e+05,-1.6,14.441,195,800,-1.6228,14.28,187.27,1333.9,0.28375,0.11834,0.026048,0.24108,0.11412,0.021568,0.21841,0.10505,0.017792,226,229,232,196,200,202,180,182,182,139,140,143,61,64,65,170,171,174,0.53485,0.53586,0.5363
1,5.489e+05,-1.68,14.441,195,800,-1.7151,14.299,186.58,956.05,0.2674,0.13272,0.025728,0.23678,0.12569,0.021632,0.21487,0.12063,0.019456,226,228,232,195,199,203,204,197,193,155,156,157,61,62,64,163,164,166,0.53864,0.52992,0.53473
1,5.49e+05,-1.76,14.441,195,800,-1.7766,14.261,187.52,508.6,0.24534,0.1232,0.02336,0.22771,0.11619,0.02048,0.21351,0.11097,0.01856,227,231,234,197,203,205,217,207,196,171,171,170,64,65,67,166,164,164,0.53745,0.53548,0.53618
1,5.491e+05,-1.84,14.441,195,800,-1.8562,14.261,186.47,753.32,0.19965,0.11524,0.016704,0.15868,0.11179,0.013632,0.14301,0.10944,0.01248,235,238,239,209,208,206,209,202,194,201,202,201,81,79,74,160,160,165,0.54505,0.53491,0.5343
1,5.492e+05,-1.92,14.441,195,800,-1.9655,14.295,186.46,998.84,0.269,0.11598,0.023872,0.24679,0.10953,0.020864,0.22433,0.1051,0.018048,240,241,241,208,207,204,186,187,187,218,219,216,81,81,78,156,163,171,0.54113,0.53574,0.53704
1,5.493e+05,-2,14.441,195,800,-2.0217,14.272,187.34,1027.6,0.27861,0.11695,0.024512,0.2321,0.11171,0.019776,0.20193,0.1049,0.016256,247,244,241,203,202,197,167,170,173,252,247,241,82,84,86,194,193,194,0.5353,0.53797,0.53701
1,5.494e+05,-2.08,14.441,195,800,-2.1013,14.273,187.1,1002.6,0.223,0.1275,0.022592,0.20254,0.1228,0.01952,0.18729,0.11503,0.017088,239,240,240,205,199,196,170,170,170,255,255,253,105,104,104,231,225,220,0.53024,0.5337,0.53493
1,5.495e+05,-2.16,14.441,195,800,-2.1724,14.273,187.42,743.05,0.29808,0.10702,0.024,0.24302,0.10421,0.019072,0.21302,0.10155,0.015936,238,240,240,203,200,197,168,171,173,255,255,255,118,119,120,237,233,230,0.53031,0.53475,0.53317
1,5.496e+05,-2.24,14.441,195,800,-2.2572,14.277,186.83,827.51,0.31532,0.11286,0.026624,0.27462,0.10509,0.020864,0.21489,0.1017,0.01568,243,242,240,200,203,199,186,183,180,255,255,255,166,161,160,248,243,240,0.53546,0.52943,0.53014
1,5.497e+05,-2.32,14.441,195,800,-2.3368,14.277,186.68,658.36,0.25787,0.1193,0.023744,0.23186,0.11043,0.020096,0.21658,0.10624,0.017792,241,242,241,203,203,198,191,188,183,255,255,255,198,188,183,249,247,245,0.52742,0.52836,0.52904
1,5.498e+05,-2.4,14.441,195,800,-2.4058,14.276,186.34,853.55,0.25376,0.12241,0.024192,0.22153,0.11823,0.02048,0.19848,0.11557,0.018048,243,243,242,198,193,189,180,181,180,255,255,255,249,237,226,255,253,251,0.50193,0.52797,0.53158
1,5.499e+05,-2.48,14.441,195,800,-2.4949,14.277,186.45,990.54,0.26204,0.11347,0.02208,0.2165,0.11041,0.018304,0.19781,0.10631,0.015808,245,245,243,180,183,185,171,173,176,255,255,255,255,254,247,255,255,254,0.52408,0.52585,0.53177
1,5.5e+05,-2.56,14.441,195,800,-2.5564,14.261,184.97,669.31,0.21653,0.12868,0.021376,0.19418,0.12101,0.01856,0.18139,0.11547,0.016384,246,245,244,184,185,186,176,176,176,255,255,255,255,252,245,255,255,255,0.52643,0.53273,0.53201
1,5.501e+05,-2.64,14.441,195,800,-2.6381,14.262,185.2,858.72,0.24787,0.11367,0.02176,0.21495,0.10981,0.018176,0.19292,0.10664,0.015872,241,242,242,186,191,194,181,180,179,255,255,255,230,223,219,255,255,255,0.5305,0.53287,0.53133
1,5.502e+05,-2.72,14.441,195,800,-2.7262,14.303,186.23,1015.6,0.29512,0.11496,0.025728,0.2599,0.10978,0.022016,0.24182,0.10346,0.019136,237,240,242,193,196,199,177,179,180,255,255,255,198,199,203,255,255,255,0.5342,0.53466,0.5335
1,5.503e+05,-2.8,14.441,195,800,-2.8026,14.281,186.84,733.02,0.30608,0.11694,0.026816,0.26775,0.1089,0.022528,0.23831,0.1047,0.019328,248,245,244,211,209,206,177,177,177,255,255,255,174,179,189,255,255,255,0.53617,0.53172,0.53075
1,5.504e+05,-2.88,14.441,195,800,-2.8991,14.285,187.61,931,0.30729,0.12057,0.028288,0.28781,0.11105,0.024384,0.26501,0.1075,0.021632,253,250,246,207,207,207,175,172,171,255,255,255,204,199,196,255,255,255,0.53438,0.53411,0.5352
1,5.505e+05,-2.96,14.441,195,800,-2.9469,14.291,187.56,833.12,0.27962,0.12733,0.0272,0.24567,0.1236,0.023232,0.22347,0.11778,0.020608,246,246,244,203,203,204,168,168,169,255,255,255,201,201,201,255,255,255,0.53422,0.51504,0.5089
1,5.5357e+05,-3,14.534,195,800,-2.9596,14.377,-0.1268,705.86,0,0,0,0,0,0,0,0,0,248,246,245,210,207,204,168,171,171,255,255,255,177,181,184,254,252,250,0.48569,0.47321,0.47078
1,5.5367e+05,-2.92,14.534,195,800,-2.8758,14.362,185.74,752.53,0.247,0.12393,0.023104,0.23902,0.11382,0.020672,0.22828,0.10879,0.018624,249,247,246,209,207,204,168,173,175,255,255,255,192,187,179,255,255,253,0.53671,0.53698,0.53658
1,5.5377e+05,-2.84,14.534,195,800,-2.8005,14.363,184.65,1086.9,0.22217,0.13576,0.02304,0.20495,0.12822,0.020544,0.20014,0.12353,0.0192,242,244,246,207,203,202,177,179,178,255,255,255,180,179,176,255,255,255,0.53012,0.5323,0.53239
1,5.5387e+05,-2.76,14.534,195,800,-2.7517,14.39,185.96,791.82,0.24364,0.15489,0.029312,0.21845,0.14819,0.024768,0.20484,0.13766,0.021504,239,242,245,184,191,197,189,185,181,255,255,255,158,165,174,255,255,255,0.53725,0.53124,0.53242
1,5.5397e+05,-2.68,14.534,195,800,-2.6604,14.395,186.74,860.9,0.28562,0.15364,0.0336,0.24989,0.1435,0.027776,0.22502,0.13631,0.023488,246,244,244,187,192,196,186,183,181,255,255,255,167,176,184,255,255,255,0.52886,0.52658,0.52842
1,5.5407e+05,-2.6,14.534,195,800,-2.5872,14.383,186.13,777.4,0.29343,0.1345,0.030592,0.27216,0.12281,0.025728,0.24934,0.11715,0.022336,245,246,246,200,195,192,181,178,175,255,255,255,225,226,220,255,255,255,0.53906,0.53008,0.52951
1,5.5417e+05,-2.52,14.534,195,800,-2.5076,14.367,186.65,1011.5,0.27473,0.13373,0.026432,0.23903,0.12013,0.022208,0.20895,0.11605,0.01888,247,246,245,185,187,190,166,169,173,255,255,255,255,252,242,255,255,255,0.51774,0.53142,0.53153
1,5.5427e+05,-2.44,14.534,195,800,-2.4281,14.378,185.37,1063.9,0.3368,0.12444,0.03168,0.30744,0.11714,0.026944,0.26669,0.11345,0.022464,246,246,245,184,187,189,164,169,173,255,255,255,246,244,237,255,255,255,0.53527,0.53282,0.53092
1,5.5437e+05,-2.36,14.534,195,800,-2.3442,14.375,185.47,884.65,0.38977,0.1163,0.031552,0.30333,0.11054,0.024832,0.26469,0.10634,0.020864,244,242,243,171,186,192,181,179,177,255,255,255,186,205,210,255,253,252,0.53566,0.53356,0.53206
1,5.5447e+05,-2.28,14.534,195,800,-2.2859,14.394,187.14,830.91,0.29736,0.13641,0.031488,0.26866,0.13058,0.027584,0.24605,0.12627,0.024192,242,240,242,177,188,196,183,181,178,255,255,255,170,186,190,253,250,250,0.54222,0.53481,0.53206
1,5.5457e+05,-2.2,14.534,195,800,-2.2063,14.378,186.72,815.74,0.26795,0.13751,0.0288,0.23475,0.13103,0.024128,0.21566,0.12564,0.02144,238,240,242,203,200,201,174,176,177,255,255,255,137,144,146,233,238,239,0.52629,0.52874,0.52987
1,5.5467e+05,-2.12,14.534,195,800,-2.1204,14.395,185.7,827.67,0.3065,0.11879,0.027136,0.26406,0.11561,0.022464,0.23487,0.11033,0.01888,243,242,243,182,196,204,176,175,175,254,253,253,89,96,107,221,220,219,0.53925,0.53167,0.53187
1,5.5477e+05,-2.04,14.534,195,800,-2.0429,14.391,185.77,983.64,0.29882,0.12657,0.028672,0.27039,0.1191,0.024704,0.25156,0.11375,0.021824,238,241,244,189,198,203,171,173,175,252,250,248,80,85,92,209,207,206,0.53004,0.53636,0.53511
1,5.5487e+05,-1.96,14.534,195,800,-1.9602,14.387,185.91,808.93,0.37473,0.1303,0.036096,0.34909,0.12437,0.031552,0.31031,0.11776,0.026304,240,242,244,207,201,200,170,177,181,229,231,228,81,81,81,183,184,186,0.52101,0.52744,0.53219
1,5.5497e+05,-1.88,14.534,195,800,-1.8912,14.378,187.27,797.79,0.2971,0.12091,0.027008,0.26882,0.11181,0.023168,0.24375,0.1052,0.019776,247,245,243,200,199,200,181,185,187,217,216,214,93,83,77,176,179,180,0.54762,0.53659,0.53669
1,5.5507e+05,-1.8,14.534,195,800,-1.8063,14.373,185.53,745.11,0.28653,0.1257,0.026624,0.24865,0.11778,0.022208,0.2281,0.11362,0.019712,246,244,241,208,206,201,195,194,192,182,182,180,73,71,68,171,176,177,0.53008,0.53281,0.53509
1,5.5517e+05,-1.72,14.534,195,800,-1.7246,14.383,186.59,566.59,0.27241,0.12245,0.025536,0.24725,0.11338,0.02144,0.22402,0.10971,0.01888,233,238,238,207,204,200,169,180,189,149,149,151,54,56,59,176,180,182,0.53102,0.53078,0.53373
1,5.5527e+05,-1.64,14.534,195,800,-1.6482,14.377,188.72,742.4,0.26924,0.1266,0.026112,0.23494,0.1233,0.0224,0.21698,0.11549,0.019392,235,239,239,198,199,199,173,179,185,133,138,142,52,53,56,184,186,187,0.54649,0.53404,0.5343
1,5.5537e+05,-1.56,14.534,195,800,-1.5549,14.366,186.79,1156.1,0.34618,0.12226,0.031744,0.29712,0.11552,0.025984,0.25996,0.10585,0.020992,249,245,241,206,203,198,189,185,183,127,130,134,51,52,54,195,202,202,0.53771,0.53971,0.5351
1,5.5547e+05,-1.48,14.534,195,800,-1.4859,14.366,185.94,764.75,0.32382,0.11924,0.029184,0.27399,0.11354,0.023808,0.23782,0.11136,0.020544,247,245,242,207,205,200,186,184,182,130,132,135,53,53,54,207,213,212,0.51431,0.52988,0.53409
1,5.5557e+05,-1.4,14.534,195,800,-1.4169,14.383,185.29,856.95,0.27944,0.11977,0.02496,0.24399,0.11421,0.020992,0.21343,0.10752,0.017536,243,243,242,203,199,196,179,180,180,139,138,138,57,56,54,244,236,230,0.54021,0.53491,0.53443
1,5.5567e+05,-1.32,14.534,195,800,-1.3427,14.38,187.37,702.47,0.30182,0.12988,0.030592,0.2727,0.1234,0.02624,0.25078,0.11718,0.022784,237,238,240,185,187,191,174,177,179,142,142,141,57,56,55,249,247,242,0.53004,0.5354,0.53729
1,5.5577e+05,-1.24,14.534,195,800,-1.2642,14.359,185.59,736.02,0.37388,0.12696,0.035456,0.34003,0.12186,0.030016,0.30194,0.11401,0.025472,234,236,240,189,186,190,175,177,179,144,144,144,56,56,56,253,248,244,0.51912,0.53257,0.53371
1,5.5587e+05,-1.16,14.534,195,800,-1.1761,14.386,189.58,1011.8,0.30329,0.12152,0.02784,0.25795,0.11399,0.021952,0.18961,0.11279,0.016512,241,242,242,192,191,190,177,180,181,156,153,151,60,65,67,242,245,246,0.5363,0.53672,0.53634
1,5.5597e+05,-1.08,14.534,195,800,-1.0955,14.368,185.97,565.62,0.3281,0.11833,0.02944,0.30259,0.10728,0.024576,0.27203,0.10245,0.021184,247,245,244,192,189,190,180,182,181,163,158,156,86,80,73,241,245,246,0.53783,0.53827,0.53602
1,5.5607e+05,-1,14.534,195,800,-1.0074,14.373,187.58,1042.5,0.33814,0.11968,0.030528,0.29307,0.11591,0.0256,0.27929,0.10839,0.022656,245,246,246,187,187,192,186,183,180,168,166,164,103,89,78,253,251,250,0.52563,0.53135,0.53387
1,5.5617e+05,-0.92,14.534,195,800,-0.93313,14.376,187.07,750.39,0.34525,0.11788,0.026816,0.23252,0.11589,0.019712,0.19285,0.11216,0.017024,242,242,242,193,199,200,172,174,175,174,170,167,67,69,76,255,254,254,0.54531,0.54002,0.53696
1,5.5627e+05,-0.84,14.534,195,800,-0.85673,14.371,187.25,897.24,0.23422,0.12204,0.022144,0.21482,0.1162,0.0192,0.19812,0.11119,0.017152,240,241,241,206,203,204,174,172,173,171,168,168,66,69,74,255,255,255,0.5354,0.53801,0.53584
1,5.5637e+05,-0.76,14.534,195,800,-0.76973,14.361,186.54,1046.7,0.3554,0.11821,0.029568,0.29045,0.11402,0.02368,0.24629,0.10723,0.019648,245,242,239,200,206,208,175,173,170,172,168,167,75,74,78,255,255,255,0.52904,0.53283,0.5354
1,5.5647e+05,-0.68,14.534,195,800,-0.69016,14.354,187.66,833.79,0.26446,0.11667,0.023424,0.23219,0.11046,0.019904,0.21058,0.10575,0.017472,245,241,238,212,208,205,172,171,170,175,169,167,80,78,79,255,255,254,0.53276,0.53073,0.53405
1,5.5657e+05,-0.6,14.534,195,800,-0.62756,14.377,187.18,758.96,0.27991,0.12383,0.026048,0.24845,0.11809,0.022016,0.2153,0.11763,0.019456,239,237,236,199,203,205,177,173,172,171,167,166,86,84,84,247,247,248,0.53903,0.53377,0.53483
1,5.5667e+05,-0.52,14.534,195,800,-0.56178,14.376,187.22,619.23,0.29312,0.13117,0.029824,0.26498,0.12459,0.025536,0.23959,0.11944,0.022464,233,234,234,220,216,213,177,178,177,169,166,165,93,92,94,227,230,232,0.54116,0.5305,0.53036
1,5.5677e+05,-0.44,14.534,195,800,-0.46523,14.378,187.51,837.86,0.31444,0.11948,0.0272,0.26108,0.11361,0.022144,0.23309,0.10876,0.0192,233,233,234,223,220,216,182,181,178,171,168,168,97,98,99,219,218,220,0.52256,0.52877,0.53081
1,5.5687e+05,-0.36,14.534,195,800,-0.38141,14.37,187.79,1065.3,0.28648,0.1285,0.027968,0.25873,0.1199,0.02368,0.23656,0.11502,0.021056,236,235,234,195,207,215,178,177,176,183,182,180,104,107,109,189,193,202,0.51883,0.52799,0.53009
1,5.5697e+05,-0.28,14.534,195,800,-0.31032,14.371,187.21,744.54,0.301,0.11831,0.027456,0.27508,0.11247,0.023552,0.24915,0.10789,0.020608,239,237,234,194,201,210,169,172,174,197,191,185,111,108,110,186,192,203,0.53068,0.52885,0.52836
1,5.5707e+05,-0.2,14.534,195,800,-0.2403,14.38,185.81,754.64,0.306,0.12531,0.029312,0.26721,0.12018,0.02496,0.24116,0.11726,0.022016,235,235,233,197,198,198,170,172,174,200,196,192,98,100,103,224,225,224,0.52918,0.5295,0.53019
1,5.5717e+05,-0.12,14.534,195,800,-0.14587,14.354,185.82,797.74,0.34626,0.12513,0.032256,0.30699,0.11398,0.026176,0.27773,0.10761,0.022528,236,234,234,193,192,194,182,179,176,191,190,192,89,89,93,255,252,246,0.52893,0.53255,0.53137
1,5.5727e+05,-0.04,14.534,195,800,-0.081147,14.361,187,773.53,0.29674,0.11964,0.02752,0.26557,0.11571,0.024128,0.24425,0.10771,0.020352,240,236,235,195,194,195,177,177,176,188,190,193,91,89,92,255,253,250,0.53621,0.5299,0.52621
1,5.6034e+05,0,14.627,195,800,-0.082208,14.468,0.05527,990.52,0,0,0,0,0,0,0,0,0,246,244,242,197,196,196,188,181,181,192,194,202,88,94,101,255,255,253,0.52355,0.5016,0.49358
1,5.6044e+05,-0.08,14.627,195,800,-0.15542,14.458,186.89,657.46,0.31387,0.10734,0.021888,0.28043,0.10514,0.018816,0.26192,0.10308,0.016512,238,241,242,188,194,198,178,180,180,190,194,194,89,94,99,255,254,250,0.54178,0.53192,0.53079
1,5.6054e+05,-0.16,14.627,195,800,-0.2212,14.458,186.27,1013.9,0.21537,0.1227,0.020736,0.20128,0.11738,0.018816,0.19568,0.11328,0.01728,238,238,241,208,204,199,178,177,178,195,194,193,107,106,104,254,250,241,0.52897,0.52717,0.52801
1,5.6064e+05,-0.24,14.627,195,800,-0.28168,14.456,186.94,743.11,0.29279,0.14512,0.033088,0.27612,0.1395,0.030272,0.25892,0.13069,0.026432,235,239,241,226,213,207,179,176,176,176,185,186,139,128,114,224,220,217,0.53633,0.53072,0.52932
1,5.6074e+05,-0.32,14.627,195,800,-0.39414,14.466,185.45,793.72,0.34479,0.12746,0.033984,0.3155,0.11489,0.027648,0.27777,0.11105,0.023488,243,242,242,218,214,210,185,179,176,170,177,180,132,126,115,204,206,209,0.53868,0.53359,0.53101
1,5.6084e+05,-0.4,14.627,195,800,-0.47159,14.457,186.17,751.15,0.2929,0.13698,0.030528,0.25196,0.13365,0.026368,0.2328,0.12425,0.02272,251,247,243,234,222,211,182,180,178,161,166,169,113,110,106,215,214,213,0.53286,0.53094,0.52956
1,5.6094e+05,-0.48,14.627,195,800,-0.51509,14.445,186.63,764.07,0.33442,0.13018,0.033216,0.31041,0.12182,0.028416,0.28415,0.10768,0.023488,241,243,243,195,205,207,179,177,177,154,161,165,95,94,93,244,239,234,0.52632,0.52859,0.5305
1,5.6104e+05,-0.56,14.627,195,800,-0.60316,14.473,185.29,854.1,0.36911,0.11361,0.030656,0.31447,0.10686,0.024576,0.27433,0.10344,0.020864,240,241,242,189,198,204,172,174,177,154,161,165,83,87,88,252,246,243,0.54188,0.53532,0.53413
1,5.6114e+05,-0.64,14.627,195,800,-0.67212,14.461,185.06,643.04,0.39801,0.12198,0.03584,0.37109,0.11364,0.030464,0.35419,0.10542,0.026176,239,243,244,204,208,206,169,174,178,156,164,168,82,84,83,255,253,252,0.52963,0.53125,0.53419
1,5.6124e+05,-0.72,14.627,195,800,-0.76867,14.473,185.98,615.88,0.27213,0.12988,0.026624,0.22727,0.12124,0.021376,0.20326,0.1194,0.019008,244,245,245,215,213,207,175,177,178,160,166,168,85,84,85,255,254,254,0.5426,0.53372,0.53451
1,5.6134e+05,-0.8,14.627,195,800,-0.84825,14.478,184.81,1153.7,0.31196,0.13921,0.032704,0.26627,0.1308,0.026688,0.23308,0.12255,0.0224,244,246,246,208,206,203,173,175,177,154,162,166,99,98,90,255,255,255,0.5281,0.53046,0.5334
1,5.6144e+05,-0.88,14.627,195,800,-0.92358,14.476,186.48,964.13,0.42921,0.11838,0.037056,0.35359,0.11224,0.028736,0.29753,0.10555,0.022144,246,247,247,200,196,194,170,175,177,155,161,161,92,92,88,255,255,254,0.53951,0.53691,0.53634
1,5.6154e+05,-0.96,14.627,195,800,-0.99042,14.458,185.86,711.78,0.33412,0.11271,0.028864,0.29059,0.10645,0.023488,0.26411,0.10349,0.02016,252,249,248,201,195,191,179,177,177,160,160,158,72,80,85,255,254,253,0.52663,0.5361,0.53558
1,5.6164e+05,-1.04,14.627,195,800,-1.0848,14.464,185.17,671.75,0.27018,0.13217,0.027712,0.2444,0.126,0.024128,0.22254,0.12355,0.02144,247,249,248,191,191,189,176,178,178,141,149,152,69,73,72,249,250,250,0.52988,0.5391,0.53689
1,5.6174e+05,-1.12,14.627,195,800,-1.1528,14.472,186.67,850.71,0.28616,0.13119,0.029376,0.25732,0.12565,0.025216,0.2302,0.11897,0.021504,248,247,247,193,190,189,180,178,177,143,146,148,61,66,68,252,249,249,0.53645,0.53601,0.53619
1,5.6184e+05,-1.2,14.627,195,800,-1.2291,14.447,186.9,816.89,0.32082,0.12001,0.02944,0.2872,0.1122,0.02464,0.26467,0.10505,0.021248,248,246,245,190,190,191,180,178,176,142,143,142,53,54,56,249,248,247,0.55572,0.53872,0.53649
1,5.6194e+05,-1.28,14.627,195,800,-1.3002,14.459,186.56,679.71,0.31051,0.12066,0.027136,0.2542,0.1174,0.020864,0.17626,0.11669,0.015936,251,249,245,184,187,192,180,179,179,137,137,136,50,52,53,246,245,245,0.53232,0.53594,0.53635
1,5.6204e+05,-1.36,14.627,195,800,-1.4021,14.464,187.18,724.55,0.29333,0.11546,0.026048,0.25236,0.10852,0.020864,0.21598,0.10565,0.0176,252,249,246,187,188,193,183,181,180,134,134,134,50,52,52,242,241,242,0.53926,0.53903,0.53682
1,5.6214e+05,-1.44,14.627,195,800,-1.4817,14.467,186.12,1001.2,0.26876,0.1212,0.024896,0.2409,0.11285,0.020864,0.21774,0.10912,0.018368,249,247,245,188,190,194,184,183,182,131,132,131,48,51,52,231,228,229,0.53531,0.53512,0.53672
1,5.6224e+05,-1.52,14.627,195,800,-1.5527,14.485,187.67,948.15,0.31688,0.11552,0.027648,0.27098,0.11059,0.022976,0.25119,0.10685,0.02016,245,245,245,184,189,194,183,183,181,130,130,130,49,52,52,223,220,222,0.53665,0.53702,0.53498
1,5.6234e+05,-1.6,14.627,195,800,-1.6132,14.454,186.66,630.45,0.28689,0.11296,0.024768,0.25781,0.10921,0.021568,0.23735,0.10409,0.018624,249,246,243,186,190,195,184,182,181,129,130,131,53,54,53,207,208,208,0.53469,0.53071,0.53265
1,5.6244e+05,-1.68,14.627,195,800,-1.7002,14.458,187.33,545.44,0.29704,0.1115,0.025152,0.25805,0.10623,0.020736,0.22075,0.10322,0.0176,247,245,243,188,196,200,189,187,183,137,139,143,56,55,55,196,201,201,0.53702,0.53481,0.53349
1,5.6254e+05,-1.76,14.627,195,800,-1.7936,14.475,186.05,991.68,0.31588,0.11355,0.026432,0.26194,0.10913,0.021248,0.22863,0.10414,0.01824,241,244,244,200,201,201,191,190,185,147,149,153,56,56,57,199,201,199,0.54914,0.53768,0.53634
1,5.6264e+05,-1.84,14.627,195,800,-1.8615,14.451,188.03,1151.3,0.30681,0.11984,0.028096,0.27846,0.11139,0.023552,0.25049,0.1089,0.020864,243,246,246,185,194,199,187,189,185,182,180,182,57,59,64,189,197,197,0.52226,0.53418,0.53483
1,5.6274e+05,-1.92,14.627,195,800,-1.9347,14.454,186.02,1049.2,0.31062,0.11286,0.026368,0.26871,0.10597,0.02112,0.22937,0.10387,0.017408,249,248,247,176,189,199,187,186,183,205,201,199,63,64,68,184,194,198,0.53659,0.53389,0.53388
1,5.6284e+05,-2,14.627,195,800,-2.009,14.461,186.62,751.43,0.23724,0.12958,0.023488,0.2115,0.12194,0.020032,0.19137,0.11944,0.017856,249,248,248,209,205,202,185,180,177,245,237,231,84,79,79,188,200,208,0.536,0.53477,0.53569
1,5.6294e+05,-2.08,14.627,195,800,-2.096,14.458,186.94,800.46,0.23488,0.12204,0.021184,0.20655,0.11613,0.018368,0.19684,0.10995,0.016512,254,250,247,225,218,209,177,175,174,255,253,250,106,105,104,210,224,227,0.5348,0.53671,0.53321
1,5.6304e+05,-2.16,14.627,195,800,-2.1872,14.472,186.31,776.87,0.29571,0.11737,0.0256,0.27116,0.11404,0.022528,0.24736,0.10828,0.019584,252,250,247,229,217,208,184,175,174,255,255,253,134,131,122,233,237,236,0.5411,0.53494,0.53482
1,5.6314e+05,-2.24,14.627,195,800,-2.2636,14.468,187.17,1216.6,0.28192,0.10753,0.022464,0.23833,0.1019,0.018368,0.21377,0.098406,0.015744,245,246,246,205,205,201,167,175,176,255,255,255,195,175,153,255,253,249,0.54953,0.53785,0.53628
1,5.6324e+05,-2.32,14.627,195,800,-2.3358,14.456,187.78,949.79,0.30125,0.10703,0.023616,0.25937,0.099175,0.018688,0.21776,0.098691,0.015936,245,245,246,205,200,195,167,175,176,255,255,255,196,182,169,255,255,253,0.52747,0.53182,0.53459
1,5.6334e+05,-2.4,14.627,195,800,-2.4132,14.481,187.39,921.94,0.22423,0.11726,0.020224,0.19791,0.11333,0.017472,0.17902,0.10739,0.015296,246,244,245,193,188,186,175,174,174,255,255,255,215,207,195,255,255,255,0.5508,0.53436,0.5318
1,5.6344e+05,-2.48,14.627,195,800,-2.4949,14.48,186,801.13,0.24015,0.11995,0.022144,0.21212,0.11126,0.018496,0.19133,0.10972,0.016576,241,241,243,188,187,187,169,172,173,255,255,255,246,229,208,255,255,255,0.5399,0.53046,0.53034
1,5.6354e+05,-2.56,14.627,195,800,-2.566,14.466,186.92,898.26,0.25919,0.11191,0.020992,0.21853,0.1063,0.0176,0.19958,0.10246,0.015488,244,243,244,202,193,191,172,173,174,255,255,255,233,219,202,255,255,255,0.51966,0.52654,0.53076
1,5.6364e+05,-2.64,14.627,195,800,-2.6456,14.453,186.79,845.66,0.27945,0.11888,0.024512,0.25359,0.10999,0.020608,0.22266,0.10848,0.018176,252,248,246,203,201,198,169,174,178,255,255,255,171,172,171,255,255,255,0.53173,0.53011,0.52961
1,5.6374e+05,-2.72,14.627,195,800,-2.7124,14.459,186.65,747.42,0.28739,0.11077,0.023552,0.24073,0.10863,0.019712,0.21719,0.10607,0.0176,252,249,246,206,202,200,170,176,180,255,255,255,149,153,158,255,255,255,0.52212,0.52721,0.52768
1,5.6384e+05,-2.8,14.627,195,800,-2.8153,14.49,185.83,802.48,0.27433,0.12582,0.026496,0.25101,0.1207,0.023552,0.23309,0.11398,0.020608,246,246,247,197,200,202,189,185,179,255,255,255,149,153,157,255,255,255,0.52369,0.53199,0.53211
1,5.6394e+05,-2.88,14.627,195,800,-2.8864,14.482,186.74,659.93,0.2782,0.11956,0.025472,0.24679,0.11388,0.021824,0.22423,0.10918,0.019136,249,248,247,197,204,207,173,177,177,255,255,255,174,174,170,253,252,251,0.53382,0.53532,0.53491
1,5.6404e+05,-2.96,14.627,195,800,-2.9458,14.452,185.83,974.33,0.26664,0.11621,0.024192,0.24803,0.10774,0.02048,0.2271,0.10436,0.018496,245,247,247,205,209,210,173,175,174,255,255,255,167,174,175,247,246,247,0.53067,0.52095,0.51027
1,5.6711e+05,-3,14.72,195,800,-2.9448,14.547,0.27045,648.26,0,0,0,0,0,0,0,0,0,241,245,246,215,216,211,177,175,172,255,255,255,164,173,180,228,237,242,0.41967,0.43835,0.45565
1,5.6721e+05,-2.92,14.72,195,800,-2.8811,14.553,186.85,753.05,0.22442,0.11294,0.019072,0.2133,0.10618,0.01696,0.19856,0.10388,0.015552,253,250,247,208,209,206,175,175,175,255,255,255,172,169,169,252,251,250,0.53327,0.53904,0.53965
1,5.6731e+05,-2.84,14.72,195,800,-2.8153,14.572,186.57,799.45,0.40222,0.12251,0.029952,0.17026,0.12779,0.017152,0.1572,0.12411,0.01536,251,250,248,203,206,205,178,177,177,255,255,255,159,159,160,255,254,253,0.5365,0.53162,0.53299
1,5.6741e+05,-2.76,14.72,195,800,-2.7294,14.561,186.44,927.67,0.26447,0.14625,0.030016,0.24996,0.13871,0.02688,0.23971,0.13123,0.024448,251,249,248,214,207,202,177,179,180,255,255,255,127,135,145,255,255,255,0.51967,0.52811,0.53006
1,5.6751e+05,-2.68,14.72,195,800,-2.6604,14.554,186.52,915.88,0.36414,0.13167,0.036288,0.3389,0.1181,0.0304,0.3184,0.10999,0.026048,252,249,247,208,206,201,173,177,180,255,255,255,130,136,147,255,255,255,0.52968,0.52699,0.52846
1,5.6761e+05,-2.6,14.72,195,800,-2.5957,14.562,185.89,909.51,0.35489,0.1337,0.03392,0.25034,0.13009,0.02528,0.2233,0.12528,0.021696,244,245,244,197,199,194,181,177,177,255,255,255,162,167,171,255,255,255,0.53192,0.53375,0.53146
1,5.6771e+05,-2.52,14.72,195,800,-2.5204,14.575,187.81,583.64,0.41443,0.12648,0.039104,0.34355,0.1196,0.030208,0.27475,0.11311,0.024384,240,242,243,182,183,185,175,174,175,255,255,255,202,196,189,255,255,255,0.53842,0.52784,0.5293
1,5.6781e+05,-2.44,14.72,195,800,-2.4249,14.558,186.89,902.06,0.35418,0.11072,0.027904,0.27768,0.10696,0.02208,0.24445,0.10456,0.018496,241,244,244,172,178,185,174,174,174,255,255,255,196,192,186,255,255,255,0.52154,0.53247,0.53196
1,5.6791e+05,-2.36,14.72,195,800,-2.3432,14.549,187.35,926.59,0.28785,0.12491,0.027008,0.26348,0.11551,0.02304,0.23548,0.11203,0.019904,252,249,246,193,193,191,176,175,175,255,255,255,150,160,168,255,255,255,0.53413,0.53259,0.53358
1,5.6801e+05,-2.28,14.72,195,800,-2.2583,14.534,185.8,732.52,0.28328,0.11302,0.02336,0.23922,0.10649,0.018432,0.19389,0.10478,0.015424,253,249,247,207,202,197,175,175,175,255,255,255,141,152,156,255,255,254,0.53219,0.53099,0.53324
1,5.6811e+05,-2.2,14.72,195,800,-2.1681,14.53,185.75,1005.8,0.32381,0.13049,0.032896,0.29212,0.12025,0.02752,0.26426,0.11458,0.023872,251,249,248,220,213,205,178,174,173,255,255,255,147,139,131,246,247,248,0.53091,0.53236,0.53256
1,5.6821e+05,-2.12,14.72,195,800,-2.113,14.561,186.32,966.49,0.30725,0.13538,0.030592,0.26934,0.12694,0.02624,0.24379,0.1227,0.022784,254,253,249,234,220,208,171,173,173,254,252,248,102,101,101,225,228,233,0.53522,0.53064,0.53309
1,5.6831e+05,-2.04,14.72,195,800,-2.0302,14.557,186.64,865.65,0.34298,0.11929,0.029696,0.27546,0.11032,0.023296,0.24748,0.10613,0.019776,254,252,249,234,218,205,175,175,175,247,245,239,81,84,87,211,217,224,0.53756,0.53865,0.53408
1,5.6841e+05,-1.96,14.72,195,800,-1.958,14.545,186.03,787.21,0.32646,0.12765,0.031552,0.29931,0.11693,0.026304,0.26694,0.11114,0.022208,252,250,248,194,196,198,179,180,180,214,212,210,66,67,68,198,203,210,0.54046,0.53573,0.53576
1,5.6851e+05,-1.88,14.72,195,800,-1.8774,14.547,186.12,758.41,0.30968,0.12428,0.0288,0.26024,0.12189,0.023744,0.22039,0.11961,0.019776,250,249,247,183,191,197,181,181,182,188,191,193,59,61,63,194,201,206,0.53566,0.53071,0.53378
1,5.6861e+05,-1.8,14.72,195,800,-1.8169,14.568,186.02,766.17,0.39121,0.12077,0.033728,0.30756,0.11658,0.026624,0.26849,0.10901,0.021632,247,246,245,203,199,198,187,184,184,155,158,161,55,55,57,209,205,205,0.52512,0.53498,0.53631
1,5.6871e+05,-1.72,14.72,195,800,-1.7151,14.542,187.34,1008,0.34706,0.12337,0.03008,0.27448,0.11653,0.024128,0.24478,0.11322,0.020608,248,245,243,193,196,199,190,184,182,140,139,141,55,54,55,207,208,208,0.54665,0.5374,0.53612
1,5.6881e+05,-1.64,14.72,195,800,-1.6525,14.569,187.51,1115.8,0.3761,0.11963,0.03136,0.29328,0.11317,0.024128,0.26773,0.10714,0.020736,244,244,243,195,194,197,183,182,180,134,133,135,55,54,54,203,209,211,0.52666,0.53324,0.5359
1,5.6891e+05,-1.56,14.72,195,800,-1.5676,14.557,187,1032.2,0.29807,0.12173,0.027264,0.25936,0.11576,0.022784,0.23584,0.10968,0.019584,241,242,243,190,191,195,174,177,179,129,128,129,59,54,52,220,220,220,0.54119,0.53545,0.53713
1,5.6901e+05,-1.48,14.72,195,800,-1.488,14.548,186.4,864.41,0.30848,0.1282,0.030464,0.27789,0.12274,0.026368,0.25413,0.11437,0.0224,244,243,243,187,189,195,178,179,180,131,129,128,54,52,51,225,227,227,0.53991,0.5372,0.53845
1,5.6911e+05,-1.4,14.72,195,800,-1.3724,14.514,187.52,1059.1,0.24815,0.12475,0.023936,0.22471,0.11678,0.020032,0.19654,0.11216,0.017536,251,248,245,187,191,196,183,183,181,131,129,129,50,50,50,244,242,238,0.55555,0.54197,0.53851
1,5.6921e+05,-1.32,14.72,195,800,-1.3204,14.545,185.66,1062.8,0.36036,0.12199,0.033024,0.30837,0.11002,0.025856,0.27484,0.10273,0.02112,250,248,246,195,197,196,181,180,179,129,131,132,50,50,51,247,246,245,0.53528,0.53665,0.53538
1,5.6931e+05,-1.24,14.72,195,800,-1.2461,14.542,186.43,867.04,0.29209,0.12058,0.025152,0.23615,0.11571,0.020736,0.20504,0.11455,0.01824,250,247,245,199,196,194,179,177,176,136,135,135,50,50,52,250,246,246,0.53549,0.53586,0.53844
1,5.6941e+05,-1.16,14.72,195,800,-1.1655,14.547,186.68,754.84,0.26325,0.11756,0.022016,0.23051,0.11015,0.018816,0.2098,0.10686,0.016896,246,247,247,192,190,189,176,174,173,142,140,140,55,55,58,249,249,248,0.54202,0.53931,0.53774
1,5.6951e+05,-1.08,14.72,195,800,-1.0711,14.529,186.6,875.93,0.28604,0.13795,0.030464,0.26912,0.12875,0.026752,0.25049,0.12337,0.024064,252,249,248,195,189,187,173,173,174,143,141,142,60,59,62,254,251,249,0.54007,0.53745,0.5346
1,5.6961e+05,-1,14.72,195,800,-1.0233,14.572,185.26,935.77,0.27831,0.11148,0.02144,0.20841,0.11085,0.016704,0.17524,0.10515,0.014272,255,252,249,197,192,187,180,177,176,148,149,149,72,70,72,255,254,253,0.54112,0.53978,0.53512
1,5.6971e+05,-0.92,14.72,195,800,-0.93631,14.564,184.25,1338,0.25949,0.11487,0.022144,0.22918,0.11024,0.019136,0.21157,0.10473,0.017024,249,249,248,194,192,191,175,176,177,158,157,156,105,98,87,255,255,255,0.52117,0.53445,0.53684
1,5.6981e+05,-0.84,14.72,195,800,-0.84082,14.531,186.13,817.9,0.23853,0.11032,0.019584,0.2102,0.10336,0.016448,0.19023,0.10094,0.014464,244,247,247,196,195,195,175,174,177,160,159,159,141,110,89,255,255,255,0.53594,0.53407,0.53654
1,5.6991e+05,-0.76,14.72,195,800,-0.77504,14.552,185.54,936.45,0.25159,0.11509,0.022528,0.22111,0.1128,0.019328,0.19774,0.10928,0.016896,248,247,246,216,210,205,182,183,180,174,169,164,94,94,89,255,255,254,0.54214,0.54146,0.53797
1,5.7001e+05,-0.68,14.72,195,800,-0.7082,14.561,187.18,890.74,0.23316,0.11875,0.0208,0.19332,0.11288,0.01696,0.17683,0.10854,0.015104,247,246,245,216,212,206,191,185,180,174,169,164,88,85,84,254,254,254,0.54041,0.53377,0.53571
1,5.7011e+05,-0.6,14.72,195,800,-0.6318,14.576,186.84,940.43,0.3015,0.11707,0.026368,0.26967,0.11111,0.022208,0.2445,0.10324,0.01856,244,244,244,200,199,203,175,177,178,162,163,163,84,83,82,254,253,250,0.54,0.53254,0.53312
1,5.7021e+05,-0.52,14.72,195,800,-0.55859,14.569,186.64,751.16,0.24437,0.1258,0.023104,0.21018,0.12101,0.019776,0.19825,0.1152,0.017664,245,245,245,195,198,204,184,179,175,161,161,161,99,93,90,248,244,236,0.52874,0.5334,0.53343
1,5.7031e+05,-0.44,14.72,195,800,-0.46735,14.552,185.85,1027.6,0.30294,0.12481,0.027264,0.25901,0.11641,0.022848,0.23892,0.11086,0.01984,253,248,245,208,208,206,182,180,176,159,161,162,108,101,95,242,232,224,0.53299,0.53204,0.5332
1,5.7041e+05,-0.36,14.72,195,800,-0.40687,14.571,185.6,1098.6,0.28361,0.11758,0.023424,0.24613,0.10917,0.018624,0.19727,0.10893,0.016256,248,247,245,225,216,209,178,177,176,165,166,168,130,118,108,207,204,206,0.51611,0.53042,0.53218
1,5.7051e+05,-0.28,14.72,195,800,-0.29971,14.557,186.82,763.33,0.25942,0.12685,0.025152,0.23949,0.11846,0.02176,0.21859,0.11435,0.019136,242,244,244,209,212,208,177,177,176,171,172,173,146,126,111,201,203,207,0.52266,0.53234,0.53164
1,5.7061e+05,-0.2,14.72,195,800,-0.23075,14.564,187.31,830.14,0.28814,0.11421,0.025088,0.25736,0.10975,0.02144,0.2391,0.1009,0.017856,242,242,243,201,206,200,175,177,178,196,189,185,132,120,109,244,235,228,0.53273,0.5309,0.53045
1,5.7071e+05,-0.12,14.72,195,800,-0.15436,14.562,188.78,829.4,0.27457,0.11613,0.024448,0.24176,0.11068,0.020608,0.21722,0.1085,0.018368,251,247,244,191,192,197,186,183,181,200,197,193,101,99,100,255,254,250,0.53662,0.53478,0.53225
1,5.7081e+05,-0.04,14.72,195,800,-0.072659,14.545,185.46,927.27,0.29884,0.12685,0.02944,0.27551,0.1179,0.02528,0.25419,0.11189,0.02208,254,248,243,186,191,196,187,186,183,199,198,196,97,96,99,255,255,254,0.52993,0.53143,0.53038
1,5.7388e+05,0,14.813,195,800,-0.079025,14.649,0.50548,602.11,0,0,0,0,0,0,0,0,0,239,241,244,213,205,199,190,189,188,197,201,204,105,111,116,254,252,251,0.52405,0.51084,0.50116
1,5.7398e+05,-0.08,14.813,195,800,-0.15648,14.658,187.61,763.96,0.30207,0.11107,0.020096,0.27262,0.10458,0.016448,0.16507,0.10394,0.013184,250,249,247,187,194,199,183,185,184,187,187,187,95,100,104,255,253,247,0.53219,0.53001,0.53187
1,5.7408e+05,-0.16,14.813,195,800,-0.22544,14.642,186.39,719.89,0.22673,0.13994,0.024576,0.21551,0.13585,0.022656,0.20832,0.12703,0.020736,249,249,248,180,188,196,183,182,182,179,180,181,101,102,103,251,241,235,0.53293,0.52864,0.5287
1,5.7418e+05,-0.24,14.813,195,800,-0.31775,14.673,187.34,1213.9,0.27997,0.13792,0.03008,0.25746,0.12767,0.025472,0.22954,0.12182,0.021888,248,247,247,183,188,194,174,174,176,165,167,170,89,97,104,188,196,206,0.53487,0.53079,0.53128
1,5.7428e+05,-0.32,14.813,195,800,-0.38777,14.664,187.35,754.99,0.35436,0.13332,0.035584,0.3123,0.12663,0.029568,0.27572,0.11807,0.024384,246,247,247,184,190,196,167,170,173,158,161,164,84,92,102,177,183,196,0.5343,0.53029,0.53069
1,5.7438e+05,-0.4,14.813,195,800,-0.44825,14.649,186.31,717.14,0.37321,0.12866,0.035648,0.29843,0.11772,0.027072,0.25329,0.1119,0.021568,247,247,247,202,199,199,169,169,171,151,154,158,83,89,95,193,198,203,0.53595,0.53297,0.53339
1,5.7448e+05,-0.48,14.813,195,800,-0.53419,14.644,186.58,757.49,0.31994,0.12446,0.028288,0.28154,0.1173,0.022912,0.23476,0.10984,0.01984,248,247,247,188,195,200,169,170,172,154,155,155,78,83,87,243,236,229,0.53188,0.53711,0.53572
1,5.7458e+05,-0.56,14.813,195,800,-0.60846,14.663,186.82,832.06,0.34289,0.13112,0.033728,0.31482,0.12198,0.0288,0.29507,0.11825,0.025472,245,246,246,188,195,201,170,172,175,153,155,155,73,77,82,253,247,240,0.54069,0.5343,0.53516
1,5.7468e+05,-0.64,14.813,195,800,-0.71456,14.683,187.24,1284.6,0.30564,0.12617,0.02752,0.26659,0.11865,0.02368,0.24577,0.11286,0.020736,244,245,245,209,206,203,188,186,181,154,157,156,66,70,75,253,253,251,0.52348,0.53225,0.53288
1,5.7478e+05,-0.72,14.813,195,800,-0.76337,14.636,188.3,760.13,0.36561,0.13036,0.034624,0.32386,0.11959,0.028544,0.29266,0.11633,0.025024,243,245,245,205,204,202,199,191,182,160,159,156,68,71,76,254,254,253,0.54675,0.53675,0.53507
1,5.7488e+05,-0.8,14.813,195,800,-0.83339,14.636,186.45,852.21,0.4311,0.14135,0.034944,0.34819,0.12786,0.028544,0.30247,0.11926,0.024064,247,246,246,188,191,195,179,181,181,150,154,154,78,82,81,255,255,255,0.53196,0.53206,0.53494
1,5.7498e+05,-0.88,14.813,195,800,-0.92358,14.667,186.76,945.62,0.41383,0.14141,0.036224,0.33625,0.13172,0.028672,0.28146,0.1264,0.02496,250,248,248,171,180,186,176,178,178,143,147,149,74,77,77,255,255,255,0.53649,0.53689,0.53534
1,5.7508e+05,-0.96,14.813,195,800,-1.001,14.633,184.87,775.84,0.37242,0.14617,0.037632,0.32559,0.13782,0.031424,0.29626,0.13355,0.02752,247,248,249,175,178,183,181,179,178,141,144,146,63,68,73,255,255,255,0.54024,0.53372,0.53647
1,5.7518e+05,-1.04,14.813,195,800,-1.088,14.662,186.45,727.97,0.37691,0.18334,0.04256,0.3349,0.17811,0.035712,0.30548,0.1695,0.030592,250,250,248,172,178,181,169,172,175,135,138,141,58,60,60,254,254,253,0.53792,0.53685,0.53841
1,5.7528e+05,-1.12,14.813,195,800,-1.1496,14.644,185.31,553.3,0.29951,0.18103,0.032576,0.26572,0.16445,0.028032,0.24924,0.15256,0.02464,250,248,247,175,178,183,163,167,174,131,134,138,57,57,57,251,252,252,0.53594,0.53775,0.53783
1,5.7538e+05,-1.2,14.813,195,800,-1.2376,14.653,186.57,990.83,0.3407,0.20422,0.041792,0.31314,0.19603,0.03648,0.28957,0.19223,0.032128,242,242,244,190,194,195,167,170,175,129,130,132,48,50,52,244,246,248,0.52536,0.5341,0.53564
1,5.7548e+05,-1.28,14.813,195,800,-1.313,14.649,186.54,1100.7,0.27457,0.11464,0.022016,0.21353,0.10911,0.017472,0.18941,0.10636,0.015296,240,241,242,221,215,207,175,179,181,122,124,127,49,49,48,246,247,248,0.53863,0.53434,0.53587
1,5.7558e+05,-1.36,14.813,195,800,-1.4085,14.662,186.39,963.57,0.22737,0.13199,0.023168,0.19797,0.12556,0.019456,0.17802,0.12086,0.017088,240,241,243,219,216,210,182,183,183,119,122,126,48,48,48,252,250,248,0.54603,0.53464,0.53517
1,5.7568e+05,-1.44,14.813,195,800,-1.4806,14.674,185.39,1024.5,0.27018,0.13256,0.0272,0.23385,0.12237,0.02208,0.20797,0.11744,0.018944,241,242,243,212,209,207,183,181,180,121,124,126,45,47,49,250,246,241,0.53903,0.53325,0.53356
1,5.7578e+05,-1.52,14.813,195,800,-1.5474,14.639,188.06,777.65,0.26943,0.12979,0.026752,0.24045,0.12272,0.022784,0.22006,0.11859,0.020352,240,241,243,207,205,204,174,176,178,125,126,128,48,49,50,240,237,234,0.54262,0.534,0.53391
1,5.7588e+05,-1.6,14.813,195,800,-1.627,14.642,186.99,769.18,0.41185,0.12047,0.034944,0.3559,0.10691,0.0272,0.28635,0.099492,0.019968,237,239,242,203,200,198,171,173,176,128,131,134,52,54,54,218,218,220,0.53545,0.52981,0.53321
1,5.7598e+05,-1.68,14.813,195,800,-1.714,14.648,186.42,1025,0.29768,0.12741,0.02912,0.26501,0.12067,0.024832,0.24335,0.11408,0.021376,239,240,242,200,199,198,175,176,178,140,142,144,59,57,57,215,213,214,0.53518,0.53544,0.53568
1,5.7608e+05,-1.76,14.813,195,800,-1.7469,14.615,187.33,890.64,0.32423,0.11558,0.028288,0.28352,0.10895,0.022976,0.23285,0.10427,0.018176,241,242,244,199,199,199,172,177,180,147,149,151,56,57,58,211,213,213,0.54987,0.54074,0.53661
1,5.7618e+05,-1.84,14.813,195,800,-1.8519,14.638,186.45,638.8,0.26804,0.12162,0.024704,0.22857,0.11727,0.020736,0.21143,0.10931,0.018304,245,246,247,200,200,198,180,179,179,162,166,171,58,58,61,212,213,216,0.54051,0.53717,0.53644
1,5.7628e+05,-1.92,14.813,195,800,-1.9273,14.633,186.48,806.45,0.22884,0.11668,0.020672,0.20451,0.11019,0.017536,0.17929,0.10683,0.014912,244,247,248,195,196,199,177,178,178,175,180,186,60,61,63,217,218,219,0.53657,0.53554,0.536
1,5.7638e+05,-2,14.813,195,800,-2.0122,14.655,186.17,779.65,0.32465,0.10987,0.025728,0.26331,0.10448,0.019584,0.2062,0.10116,0.015808,249,249,250,187,196,204,178,176,175,217,218,219,68,70,73,239,235,230,0.53402,0.53508,0.5373
1,5.7648e+05,-2.08,14.813,195,800,-2.0875,14.638,185.4,747.29,0.22089,0.11097,0.01856,0.19972,0.10666,0.016,0.17998,0.099768,0.013696,251,251,251,198,202,207,164,167,171,250,248,245,89,87,88,253,249,243,0.54185,0.53724,0.53641
1,5.7658e+05,-2.16,14.813,195,800,-2.1724,14.65,185.91,716.61,0.20501,0.13899,0.022144,0.18632,0.1309,0.018816,0.17744,0.12713,0.01696,250,250,251,193,199,204,160,165,171,255,254,251,92,93,96,255,252,248,0.53979,0.53553,0.53408
1,5.7668e+05,-2.24,14.813,195,800,-2.2519,14.645,186.66,745.58,0.19849,0.1192,0.018112,0.17048,0.11225,0.014976,0.15646,0.10786,0.013312,245,248,250,187,191,196,175,174,173,255,255,255,101,104,111,255,254,253,0.53827,0.53498,0.53298
1,5.7678e+05,-2.32,14.813,195,800,-2.3453,14.647,186.31,1202.6,0.27553,0.11296,0.02304,0.22289,0.11007,0.01888,0.19519,0.1078,0.016192,247,248,249,192,192,192,179,177,175,255,255,255,112,112,120,255,255,254,0.51617,0.52996,0.53307
1,5.7688e+05,-2.4,14.813,195,800,-2.4079,14.643,186.44,935.23,0.28186,0.11206,0.022656,0.23417,0.10443,0.017856,0.20083,0.10023,0.01536,248,247,247,190,187,187,174,175,176,255,255,255,134,136,142,255,255,255,0.53638,0.53146,0.53198
1,5.7698e+05,-2.48,14.813,195,800,-2.4885,14.647,186.13,889.41,0.2622,0.11848,0.023488,0.22948,0.11611,0.020416,0.21056,0.11008,0.01792,243,243,244,169,177,186,176,176,177,255,255,255,153,151,155,255,255,255,0.53527,0.52824,0.52918
1,5.7708e+05,-2.56,14.813,195,800,-2.5745,14.657,186.55,716.04,0.21953,0.11387,0.019136,0.19065,0.10736,0.015872,0.17681,0.10211,0.014208,241,242,244,177,181,189,180,179,178,255,255,255,142,145,153,255,255,255,0.52686,0.52574,0.5283
1,5.7718e+05,-2.64,14.813,195,800,-2.6212,14.629,186.34,771.59,0.27249,0.13254,0.025536,0.22735,0.11735,0.020096,0.2023,0.11147,0.017216,244,244,246,200,199,200,191,185,180,255,255,255,121,125,137,255,255,255,0.5311,0.52711,0.52929
1,5.7728e+05,-2.72,14.813,195,800,-2.723,14.658,186.44,814.92,0.30783,0.11538,0.026624,0.26655,0.10925,0.021184,0.20222,0.10552,0.016512,246,246,247,205,204,204,188,183,180,255,255,255,119,121,132,255,255,255,0.54668,0.53682,0.53536
1,5.7738e+05,-2.8,14.813,195,800,-2.7973,14.639,185.05,749.93,0.27582,0.1162,0.024896,0.2465,0.11124,0.021376,0.22636,0.10826,0.019136,248,249,250,197,201,201,174,175,176,255,255,255,131,135,141,253,253,254,0.53038,0.53842,0.53999
1,5.7748e+05,-2.88,14.813,195,800,-2.8832,14.666,186.57,905.12,0.26862,0.1211,0.024256,0.23412,0.1156,0.020544,0.21075,0.11089,0.018048,250,250,248,202,199,198,168,170,172,255,255,255,185,176,167,251,252,251,0.54046,0.54271,0.54366
1,5.7758e+05,-2.96,14.813,195,800,-2.9522,14.652,187.04,802.02,0.27944,0.11849,0.024576,0.23393,0.1115,0.020224,0.20743,0.11069,0.01792,248,247,247,204,201,199,166,168,172,255,255,255,200,189,178,255,251,249,0.54439,0.52962,0.51636
1,5.8065e+05,-3,14.906,195,800,-2.9649,14.745,0.11486,674.95,0,0,0,0,0,0,0,0,0,243,243,244,183,187,194,165,167,170,255,255,255,197,193,189,252,254,252,0.44255,0.46353,0.47024
1,5.8075e+05,-2.92,14.906,195,800,-2.9034,14.779,186.91,711.91,0.25961,0.11165,0.020608,0.24714,0.10377,0.018368,0.23474,0.10183,0.016704,248,249,248,161,175,190,177,172,169,255,255,255,161,165,168,254,254,253,0.54683,0.54745,0.54585
1,5.8085e+05,-2.84,14.906,195,800,-2.8143,14.753,184.75,688.53,0.2349,0.13793,0.02528,0.21496,0.12992,0.022016,0.19957,0.12621,0.019712,250,250,250,176,183,193,180,175,171,255,255,255,142,147,155,254,254,254,0.55005,0.54519,0.54452
1,5.8095e+05,-2.76,14.906,195,800,-2.7368,14.741,185.97,654.14,0.28752,0.14629,0.032512,0.26456,0.13713,0.027904,0.24445,0.13214,0.025088,254,252,250,211,207,202,171,174,175,255,255,255,124,130,142,255,255,254,0.53374,0.5399,0.54137
1,5.8105e+05,-2.68,14.906,195,800,-2.6562,14.744,186.09,926.85,0.29466,0.13617,0.031168,0.25604,0.12745,0.0256,0.23092,0.12103,0.021824,251,250,249,214,210,205,175,176,176,255,255,255,130,138,148,255,255,255,0.54598,0.54188,0.54061
1,5.8115e+05,-2.6,14.906,195,800,-2.5755,14.738,187.27,987.7,0.29484,0.12489,0.02752,0.25912,0.11838,0.023232,0.23257,0.11363,0.019776,246,247,248,202,201,200,176,177,176,255,255,255,175,171,164,255,255,255,0.52563,0.53678,0.53697
1,5.8125e+05,-2.52,14.906,195,800,-2.5087,14.749,185.72,966.84,0.29437,0.1259,0.028672,0.27167,0.11806,0.024448,0.24346,0.11327,0.021504,251,248,246,196,196,196,173,174,174,255,255,255,161,165,164,255,255,255,0.53293,0.53403,0.53499
1,5.8135e+05,-2.44,14.906,195,800,-2.4366,14.755,186.58,554.72,0.29288,0.12491,0.02688,0.2633,0.11766,0.022848,0.22874,0.11561,0.02016,247,246,246,206,199,195,173,174,174,255,255,255,147,151,154,255,255,255,0.53191,0.53498,0.53306
1,5.8145e+05,-2.36,14.906,195,800,-2.3549,14.752,186.37,970.67,0.35856,0.11859,0.03168,0.31635,0.11298,0.026304,0.27921,0.10675,0.021568,245,246,247,191,191,191,177,174,173,255,255,255,123,126,126,255,255,255,0.52555,0.53515,0.5358
1,5.8155e+05,-2.28,14.906,195,800,-2.2763,14.745,185.29,721.27,0.28135,0.12839,0.02784,0.24979,0.12302,0.02368,0.22328,0.11702,0.020352,250,249,248,175,182,189,173,173,173,255,255,255,108,111,114,255,255,254,0.52315,0.53282,0.53435
1,5.8165e+05,-2.2,14.906,195,800,-2.201,14.753,186.33,947.1,0.30242,0.13107,0.030528,0.27174,0.12468,0.026368,0.25414,0.11742,0.022848,253,253,251,186,187,192,172,172,172,255,255,254,81,86,92,255,254,252,0.53968,0.53149,0.53176
1,5.8175e+05,-2.12,14.906,195,800,-2.113,14.752,186.31,817.3,0.29437,0.12567,0.028032,0.24214,0.11694,0.021824,0.20811,0.11107,0.018112,254,253,251,223,211,200,171,172,172,252,247,242,77,79,80,248,249,246,0.52302,0.52999,0.53408
1,5.8185e+05,-2.04,14.906,195,800,-2.0313,14.741,185.46,939.05,0.20935,0.12759,0.019648,0.18706,0.11894,0.01696,0.17828,0.11646,0.01568,253,252,251,224,213,204,174,173,173,240,234,230,79,77,76,247,245,242,0.52794,0.53059,0.53449
1,5.8195e+05,-1.96,14.906,195,800,-1.9644,14.738,186.59,633.27,0.25736,0.13085,0.026112,0.23639,0.12301,0.022656,0.22227,0.11617,0.020096,253,250,248,203,207,205,174,177,177,199,199,199,71,73,73,234,234,234,0.51158,0.52992,0.53424
1,5.8205e+05,-1.88,14.906,195,800,-1.8795,14.744,186.8,836.74,0.29367,0.13553,0.02944,0.26383,0.13309,0.026304,0.24277,0.12526,0.022848,249,248,248,209,206,205,180,180,178,185,184,184,69,72,71,229,230,230,0.53343,0.53372,0.53457
1,5.8215e+05,-1.8,14.906,195,800,-1.8244,14.749,185.26,914.09,0.30032,0.12334,0.027264,0.26702,0.11827,0.02304,0.24628,0.10798,0.01952,247,246,245,203,203,205,178,180,178,165,164,163,65,66,66,229,228,225,0.54424,0.53983,0.53623
1,5.8225e+05,-1.72,14.906,195,800,-1.7183,14.74,185.93,908.96,0.29799,0.12765,0.027072,0.24061,0.12548,0.020992,0.18477,0.12146,0.017408,240,244,245,194,197,202,180,179,177,156,153,151,62,60,59,220,222,223,0.54116,0.53762,0.5378
1,5.8235e+05,-1.64,14.906,195,800,-1.6631,14.768,186.31,1001.4,0.32143,0.13796,0.031808,0.27572,0.12737,0.025472,0.23736,0.12494,0.021952,244,245,245,192,197,202,181,180,177,149,147,145,59,57,56,212,220,224,0.52562,0.53294,0.53478
1,5.8245e+05,-1.56,14.906,195,800,-1.5612,14.739,185.52,714.88,0.22954,0.15864,0.026112,0.21181,0.1385,0.021824,0.20342,0.1202,0.01888,250,249,246,200,204,207,178,178,178,134,133,133,49,50,51,224,230,234,0.54637,0.53877,0.53525
1,5.8255e+05,-1.48,14.906,195,800,-1.4901,14.752,185.34,927.55,0.33423,0.11427,0.026752,0.28031,0.10459,0.02176,0.24957,0.1024,0.018752,249,248,246,207,213,213,179,180,179,128,128,128,48,49,49,242,242,239,0.54506,0.53957,0.53692
1,5.8265e+05,-1.4,14.906,195,800,-1.4169,14.753,185.46,796.79,0.25636,0.12834,0.025152,0.22253,0.12248,0.020928,0.19852,0.12056,0.018688,243,244,244,236,227,217,187,185,182,124,124,124,44,46,47,253,250,246,0.54515,0.53645,0.53574
1,5.8275e+05,-1.32,14.906,195,800,-1.3257,14.741,187.65,674.3,0.2758,0.11936,0.025088,0.25561,0.11205,0.022016,0.23696,0.1083,0.019584,238,240,242,211,210,207,191,186,181,128,127,127,48,47,47,246,245,245,0.53911,0.53712,0.53654
1,5.8285e+05,-1.24,14.906,195,800,-1.2451,14.747,186.5,723.78,0.28302,0.11933,0.024768,0.24548,0.11447,0.021376,0.23371,0.10938,0.018624,237,239,242,199,199,198,188,183,179,130,130,129,49,48,48,245,245,245,0.53579,0.53468,0.53563
1,5.8295e+05,-1.16,14.906,195,800,-1.1634,14.749,185.6,1021.9,0.31617,0.12189,0.028672,0.27169,0.11191,0.0224,0.21724,0.10821,0.018304,241,242,243,186,184,183,180,179,178,139,136,134,55,54,53,252,250,248,0.54059,0.53799,0.53765
1,5.8305e+05,-1.08,14.906,195,800,-1.0965,14.75,186.61,609.83,0.32889,0.12688,0.030976,0.2979,0.12091,0.026624,0.27222,0.11714,0.023232,245,244,244,180,178,178,180,181,179,141,138,137,60,57,55,254,252,251,0.53653,0.5387,0.53739
1,5.8315e+05,-1,14.906,195,800,-1.0318,14.754,187.59,834.56,0.29452,0.13544,0.029312,0.26181,0.13044,0.025408,0.24223,0.12179,0.021952,249,247,245,170,174,178,185,184,181,148,144,142,60,58,58,254,254,253,0.52476,0.53499,0.53784
1,5.8325e+05,-0.92,14.906,195,800,-0.93949,14.733,186.14,814.63,0.32271,0.12712,0.029568,0.277,0.12249,0.025536,0.26643,0.11218,0.0224,247,246,246,192,188,185,180,179,178,148,146,144,61,60,60,253,254,254,0.54018,0.53616,0.53845
1,5.8335e+05,-0.84,14.906,195,800,-0.8684,14.744,187.02,625.34,0.35563,0.11658,0.030656,0.30279,0.11124,0.024512,0.26959,0.1052,0.020736,244,245,245,199,191,187,177,176,176,145,144,144,61,60,61,255,254,254,0.53723,0.53727,0.53723
1,5.8345e+05,-0.76,14.906,195,800,-0.78883,14.733,186.37,642.32,0.25515,0.11749,0.022528,0.22839,0.11425,0.019648,0.20316,0.10547,0.016512,244,244,244,189,192,195,173,174,175,141,141,143,58,60,63,255,255,254,0.53146,0.5354,0.53454
1,5.8355e+05,-0.68,14.906,195,800,-0.70607,14.749,185.37,874.08,0.3407,0.11161,0.026048,0.26117,0.10769,0.020608,0.20501,0.108,0.017088,246,244,244,199,198,197,173,175,175,139,140,143,63,63,65,255,254,252,0.53895,0.53402,0.53632
1,5.8365e+05,-0.6,14.906,195,800,-0.63605,14.753,185.81,806.4,0.25342,0.11495,0.022272,0.22683,0.1092,0.018816,0.21009,0.10399,0.016896,245,245,244,209,204,199,172,173,174,145,144,145,73,72,72,237,239,239,0.54328,0.53744,0.5371
1,5.8375e+05,-0.52,14.906,195,800,-0.54799,14.743,186.88,598.82,0.23169,0.11565,0.020288,0.19974,0.11388,0.017984,0.18977,0.10599,0.015744,247,246,245,199,198,196,165,169,172,150,149,148,90,85,80,204,209,214,0.54754,0.54109,0.53721
1,5.8385e+05,-0.44,14.906,195,800,-0.47053,14.755,186.54,850.38,0.26162,0.11625,0.023488,0.23234,0.10645,0.019328,0.20831,0.10243,0.01664,246,246,246,199,196,193,167,169,171,151,151,151,97,90,83,191,194,200,0.5409,0.53372,0.53444
1,5.8395e+05,-0.36,14.906,195,800,-0.38459,14.735,186.14,971.05,0.30263,0.12369,0.027648,0.24468,0.11761,0.021632,0.20528,0.1154,0.018304,246,246,247,185,188,192,170,171,173,165,160,156,89,86,85,169,174,183,0.5285,0.53121,0.53228
1,5.8405e+05,-0.28,14.906,195,800,-0.31244,14.733,186.98,825.19,0.28701,0.11952,0.024768,0.2358,0.11577,0.01952,0.18624,0.11465,0.01632,247,247,247,190,189,193,173,174,175,169,163,158,85,84,86,171,176,186,0.52964,0.53088,0.53083
1,5.8415e+05,-0.2,14.906,195,800,-0.23393,14.736,187.6,997.96,0.30861,0.12774,0.0304,0.28786,0.12075,0.026496,0.26183,0.11707,0.023616,246,247,248,200,200,199,182,182,181,156,161,165,102,95,89,207,212,215,0.51785,0.53108,0.52987
1,5.8425e+05,-0.12,14.906,195,800,-0.14162,14.728,188.06,931.98,0.32531,0.13391,0.033472,0.29798,0.12812,0.029504,0.27434,0.12132,0.025984,246,247,247,217,212,207,185,186,184,173,174,176,95,96,96,253,250,244,0.52733,0.52849,0.53039
1,5.8435e+05,-0.04,14.906,195,800,-0.08433,14.735,186.78,664.85,0.34987,0.12382,0.033088,0.30713,0.12124,0.028608,0.28093,0.11676,0.0256,248,246,245,220,214,207,184,183,184,184,183,186,96,100,102,255,253,251,0.53618,0.53274,0.53095
1,5.8742e+05,0,14.999,195,800,-0.09494,14.858,0.34327,890.92,0,0,0,0,0,0,0,0,0,250,248,247,206,205,205,176,178,180,190,193,199,84,90,99,253,252,249,0.5115,0.50968,0.50113
1,5.8752e+05,-0.08,14.999,195,800,-0.14375,14.821,185.68,806.07,0.29318,0.11758,0.021504,0.24772,0.10864,0.016704,0.20128,0.10304,0.014208,248,248,248,202,207,209,182,181,180,168,171,173,75,80,88,253,251,244,0.5297,0.53173,0.53224
1,5.8762e+05,-0.16,14.999,195,800,-0.24242,14.844,186.31,919.99,0.23122,0.13002,0.023744,0.22092,0.1276,0.022016,0.21307,0.11914,0.019968,246,247,248,223,213,207,186,182,179,162,163,167,76,80,85,247,239,231,0.53654,0.53351,0.53279
1,5.8772e+05,-0.24,14.999,195,800,-0.30714,14.839,186.64,894.56,0.31349,0.12634,0.03008,0.28021,0.12012,0.025472,0.2544,0.11615,0.022016,253,250,247,206,207,203,183,179,177,156,157,159,77,81,86,195,196,198,0.549,0.53796,0.5345
1,5.8782e+05,-0.32,14.999,195,800,-0.36231,14.807,188.2,1010.9,0.33742,0.1524,0.04,0.31451,0.14045,0.034176,0.29049,0.13358,0.030208,251,250,248,195,198,200,183,177,175,159,157,156,78,81,86,182,181,185,0.53751,0.53397,0.53391
1,5.8792e+05,-0.4,14.999,195,800,-0.45992,14.844,186.3,796.86,0.34946,0.13571,0.035264,0.24862,0.13115,0.025408,0.23132,0.12168,0.021824,248,247,247,187,191,196,175,175,174,142,148,151,78,83,86,181,180,181,0.52754,0.53289,0.5355
1,5.8802e+05,-0.48,14.999,195,800,-0.53101,14.841,186.65,711.86,0.32086,0.15245,0.02944,0.25786,0.12808,0.023808,0.24059,0.12389,0.021376,240,244,245,194,195,195,179,178,175,143,144,146,76,80,81,204,204,202,0.52397,0.53227,0.5356
1,5.8812e+05,-0.56,14.999,195,800,-0.60846,14.825,186.54,1099.2,0.30052,0.14053,0.03232,0.27477,0.12649,0.026752,0.249,0.12006,0.023296,241,243,244,193,195,194,180,178,175,143,143,145,71,75,77,227,221,215,0.52703,0.53201,0.5344
1,5.8822e+05,-0.64,14.999,195,800,-0.69016,14.835,185.92,1095.3,0.32076,0.12126,0.026944,0.27153,0.11718,0.02208,0.22817,0.11113,0.01792,242,243,243,197,193,190,171,172,172,135,139,144,68,67,67,254,248,238,0.53761,0.53834,0.53761
1,5.8832e+05,-0.72,14.999,195,800,-0.75806,14.828,186.92,937.73,0.27649,0.13081,0.02656,0.23356,0.1228,0.021696,0.20928,0.11568,0.018624,242,243,243,193,190,189,166,167,169,135,140,145,62,63,63,255,251,243,0.53179,0.53684,0.5367
1,5.8842e+05,-0.8,14.999,195,800,-0.83445,14.825,186.79,724.54,0.33852,0.12158,0.030912,0.29412,0.11367,0.02496,0.25631,0.10883,0.02112,246,244,243,185,190,192,162,166,170,142,145,147,55,56,58,254,250,244,0.52712,0.53617,0.538
1,5.8852e+05,-0.88,14.999,195,800,-0.92464,14.833,187.8,954.85,0.28371,0.1184,0.025408,0.25573,0.11434,0.022016,0.22556,0.11021,0.01888,243,243,242,194,194,190,175,175,175,142,145,147,52,54,56,249,247,242,0.52057,0.5346,0.53695
1,5.8862e+05,-0.96,14.999,195,800,-0.99572,14.82,186.83,1057.1,0.33719,0.11898,0.028544,0.28638,0.10975,0.02304,0.24052,0.1069,0.019264,241,241,241,190,188,187,179,180,179,142,144,146,51,53,55,250,247,243,0.54434,0.53967,0.53839
1,5.8872e+05,-1.04,14.999,195,800,-1.0689,14.817,187.74,932.85,0.26269,0.12488,0.025472,0.2445,0.11613,0.022016,0.22484,0.1115,0.019648,234,238,241,172,175,178,194,187,181,139,141,142,51,53,54,251,249,243,0.53407,0.53513,0.5363
1,5.8882e+05,-1.12,14.999,195,800,-1.157,14.824,187.79,939.26,0.27433,0.11911,0.022976,0.21475,0.11748,0.018816,0.18568,0.11194,0.015936,239,240,241,173,174,177,187,184,181,137,138,140,52,52,53,252,247,242,0.52853,0.53354,0.53766
1,5.8892e+05,-1.2,14.999,195,800,-1.2344,14.838,186.75,786.08,0.24539,0.1177,0.02176,0.20823,0.10973,0.017664,0.18479,0.10655,0.015424,248,245,243,175,179,184,171,176,178,130,134,137,47,48,50,239,241,240,0.53411,0.53743,0.53888
1,5.8902e+05,-1.28,14.999,195,800,-1.3257,14.833,187.93,1101.9,0.29992,0.11462,0.026112,0.26847,0.10763,0.022016,0.23652,0.10498,0.018624,245,244,244,186,193,199,173,176,178,129,131,132,44,46,48,242,239,236,0.5352,0.5358,0.53662
1,5.8912e+05,-1.36,14.999,195,800,-1.3894,14.828,187.02,981.94,0.22072,0.13006,0.022336,0.19775,0.12625,0.019584,0.1834,0.11933,0.017344,245,245,244,201,205,206,173,177,179,126,128,130,45,47,48,235,237,237,0.54006,0.53702,0.53747
1,5.8922e+05,-1.44,14.999,195,800,-1.4615,14.821,188.12,737.84,0.28811,0.13171,0.029184,0.26305,0.11899,0.024256,0.22869,0.11791,0.020992,251,249,247,224,219,211,178,178,177,122,125,130,54,52,50,244,241,237,0.5353,0.53623,0.53523
1,5.8932e+05,-1.52,14.999,195,800,-1.539,14.83,188.46,705.19,0.35088,0.11064,0.028736,0.31724,0.10287,0.02304,0.26168,0.10218,0.018624,252,250,248,218,213,209,178,177,176,126,129,133,55,53,51,252,244,235,0.52793,0.53465,0.53468
1,5.8942e+05,-1.6,14.999,195,800,-1.6291,14.833,186.55,830.26,0.24673,0.1228,0.023552,0.21947,0.11676,0.020032,0.20622,0.11028,0.017536,250,248,247,204,202,202,177,175,174,144,144,144,51,53,55,239,233,227,0.52924,0.53223,0.53363
1,5.8952e+05,-1.68,14.999,195,800,-1.697,14.822,186.77,724.84,0.3034,0.12803,0.029376,0.27715,0.12054,0.025344,0.25591,0.11372,0.022016,248,246,245,220,215,210,175,175,175,158,156,153,56,59,61,224,222,221,0.54074,0.53788,0.53508
1,5.8962e+05,-1.76,14.999,195,800,-1.7872,14.841,185.48,945.9,0.23653,0.11428,0.021056,0.21179,0.10801,0.018112,0.19519,0.10351,0.01568,251,247,245,224,221,214,173,175,176,161,159,157,65,65,66,228,224,222,0.5335,0.53378,0.53241
1,5.8972e+05,-1.84,14.999,195,800,-1.8573,14.836,186.84,842.06,0.26298,0.11613,0.022848,0.22909,0.10939,0.019008,0.2006,0.10759,0.016768,246,247,247,212,218,217,178,177,175,167,168,169,88,80,72,236,232,229,0.52323,0.52986,0.53247
1,5.8982e+05,-1.92,14.999,195,800,-1.9347,14.831,187.07,685.23,0.28502,0.11333,0.024256,0.23851,0.11034,0.019712,0.20789,0.10385,0.016576,245,247,248,215,217,213,179,176,174,176,178,179,88,80,73,235,234,233,0.53128,0.53222,0.53416
1,5.8992e+05,-2,14.999,195,800,-2.0037,14.829,186.53,599.41,0.25206,0.12231,0.023808,0.21964,0.11557,0.019968,0.20393,0.11097,0.017728,246,248,249,210,206,204,171,170,171,208,208,208,72,73,72,230,236,240,0.52745,0.53016,0.53456
1,5.9002e+05,-2.08,14.999,195,800,-2.114,14.839,187.05,891.24,0.30199,0.11618,0.026816,0.27248,0.10942,0.022848,0.25439,0.10573,0.020032,251,251,251,185,191,196,174,173,171,247,243,237,73,74,75,235,241,246,0.52642,0.53736,0.53683
1,5.9012e+05,-2.16,14.999,195,800,-2.1734,14.828,187.99,1134.5,0.25201,0.11303,0.019392,0.19208,0.10607,0.01504,0.1592,0.10433,0.012928,252,253,252,185,191,195,182,176,170,255,252,247,80,79,80,243,246,249,0.54147,0.53957,0.5381
1,5.9022e+05,-2.24,14.999,195,800,-2.2466,14.826,187.78,733.57,0.29627,0.12602,0.028928,0.26556,0.11856,0.024768,0.24838,0.11237,0.021888,253,252,251,202,196,193,171,171,170,255,255,255,105,101,97,252,252,252,0.53496,0.53684,0.53863
1,5.9032e+05,-2.32,14.999,195,800,-2.3379,14.85,187.5,789.06,0.24458,0.10785,0.020096,0.21819,0.10217,0.017024,0.18918,0.099211,0.01472,248,248,249,195,196,195,166,170,171,255,255,255,120,115,109,253,253,253,0.5301,0.53741,0.53913
1,5.9042e+05,-2.4,14.999,195,800,-2.4079,14.833,186.4,571.67,0.28853,0.12552,0.02752,0.24873,0.11931,0.022912,0.21332,0.1145,0.019264,243,245,247,197,199,199,172,174,174,255,255,255,151,143,138,255,255,254,0.55055,0.54104,0.53983
1,5.9052e+05,-2.48,14.999,195,800,-2.4864,14.844,187.01,620.65,0.30893,0.12228,0.0288,0.27862,0.11569,0.024512,0.26268,0.10969,0.022016,250,249,248,209,206,203,171,173,175,255,255,255,193,184,175,255,255,255,0.54778,0.54054,0.54043
1,5.9062e+05,-2.56,14.999,195,800,-2.5681,14.845,187.6,933.62,0.27418,0.11154,0.023104,0.22395,0.10473,0.018112,0.19191,0.10025,0.01504,252,250,248,209,207,204,167,171,174,255,255,255,230,207,186,255,255,255,0.54503,0.54489,0.54146
1,5.9072e+05,-2.64,14.999,195,800,-2.6424,14.826,186.35,846.43,0.29587,0.12155,0.025792,0.23673,0.11624,0.020736,0.20718,0.10886,0.017728,249,249,250,204,206,206,170,170,171,255,255,255,196,193,188,255,255,255,0.54172,0.54235,0.54163
1,5.9082e+05,-2.72,14.999,195,800,-2.722,14.831,186.67,982.79,0.2949,0.11469,0.025536,0.24106,0.11082,0.020544,0.20961,0.10865,0.017728,252,251,251,206,207,207,171,170,171,255,255,255,164,173,180,255,255,255,0.53184,0.54283,0.54183
1,5.9092e+05,-2.8,14.999,195,800,-2.7962,14.821,187.84,941.15,0.27368,0.14067,0.028864,0.2543,0.13582,0.025792,0.24268,0.12654,0.023104,252,252,252,207,205,203,169,171,173,255,255,255,156,161,170,255,255,255,0.54084,0.54242,0.54297
1,5.9102e+05,-2.88,14.999,195,800,-2.8694,14.826,186.32,974.73,0.30816,0.13017,0.029888,0.26901,0.12486,0.024896,0.22658,0.11872,0.02112,251,251,249,195,197,201,169,172,173,255,255,255,171,174,179,255,255,254,0.54095,0.54745,0.54785
1,5.9112e+05,-2.96,14.999,195,800,-2.9373,14.815,186.05,765.35,0.28028,0.1297,0.027456,0.24913,0.12561,0.023616,0.23275,0.11778,0.0208,250,247,246,201,201,202,170,170,172,255,255,255,175,181,185,254,254,254,0.52894,0.51934,0.50709
1,5.9419e+05,-3,15.092,195,800,-2.9692,14.955,-0.17315,747.09,0,0,0,0,0,0,0,0,0,245,247,246,234,222,211,171,174,174,255,255,255,202,205,202,252,253,254,0.4245,0.42687,0.44632
1,5.9429e+05,-2.92,15.092,195,800,-2.8726,14.917,184.84,902.45,0.31213,0.15106,0.030784,0.29988,0.14367,0.027712,0.28811,0.13416,0.02432,252,251,249,222,218,209,185,181,175,255,255,255,216,210,201,255,255,254,0.54565,0.5467,0.54313
1,5.9439e+05,-2.84,15.092,195,800,-2.8037,14.941,186.78,745.02,0.21353,0.13425,0.022464,0.20442,0.12444,0.019776,0.18992,0.12031,0.017984,251,251,250,212,212,208,182,178,175,255,255,255,208,207,203,255,255,255,0.55396,0.54637,0.54615
1,5.9449e+05,-2.76,15.092,195,800,-2.7464,14.926,186.44,767.67,0.25437,0.14734,0.02944,0.23006,0.14013,0.025344,0.2128,0.13353,0.022144,251,250,249,207,208,205,170,171,172,255,255,255,221,217,208,255,255,255,0.53739,0.54386,0.54304
1,5.9459e+05,-2.68,15.092,195,800,-2.6519,14.925,187.49,1129.3,0.30416,0.13672,0.031808,0.27301,0.12793,0.026752,0.24852,0.12067,0.023104,251,249,249,203,205,204,168,169,171,255,255,255,227,222,214,255,255,255,0.5456,0.54224,0.54198
1,5.9469e+05,-2.6,15.092,195,800,-2.5936,14.94,184.9,901.93,0.26786,0.12966,0.026432,0.2321,0.12606,0.022336,0.20485,0.11823,0.018944,246,247,248,202,202,202,172,173,174,255,255,255,216,221,213,255,255,254,0.54696,0.54188,0.54224
1,5.9479e+05,-2.52,15.092,195,800,-2.5087,14.933,185.94,755.93,0.30285,0.12549,0.02848,0.25842,0.11622,0.022656,0.22773,0.11332,0.019776,247,247,247,202,202,199,185,178,176,255,255,255,169,178,180,255,253,252,0.52911,0.53962,0.54267
1,5.9489e+05,-2.44,15.092,195,800,-2.4217,14.94,185.77,723.11,0.29395,0.11994,0.0272,0.26771,0.11659,0.024064,0.24596,0.11043,0.020672,248,247,246,199,200,199,183,179,175,255,255,255,136,148,157,254,253,250,0.53699,0.54008,0.54191
1,5.9499e+05,-2.36,15.092,195,800,-2.3453,14.924,186.93,981.56,0.31681,0.12741,0.029952,0.27679,0.12151,0.025344,0.25959,0.11324,0.021696,246,247,247,205,202,199,172,170,169,255,255,255,101,108,115,251,251,249,0.54224,0.54516,0.54203
1,5.9509e+05,-2.28,15.092,195,800,-2.2742,14.925,186.43,912.04,0.32232,0.1361,0.033536,0.27706,0.12663,0.027008,0.24937,0.12059,0.022592,247,249,248,209,204,197,161,163,166,255,255,255,90,97,103,250,251,249,0.5222,0.54231,0.54251
1,5.9519e+05,-2.2,15.092,195,800,-2.1957,14.934,186.54,838.62,0.29434,0.1224,0.026624,0.25073,0.11775,0.022464,0.2213,0.11415,0.019584,254,253,250,188,192,191,152,159,163,255,253,251,74,81,85,255,252,248,0.54675,0.5445,0.54152
1,5.9529e+05,-2.12,15.092,195,800,-2.114,14.927,186.48,602.21,0.31208,0.12336,0.029312,0.27769,0.11596,0.02432,0.24601,0.11098,0.020608,253,251,248,194,185,187,168,166,165,232,233,232,71,72,74,255,249,246,0.53237,0.53994,0.53996
1,5.9539e+05,-2.04,15.092,195,800,-2.0482,14.939,186.55,849.65,0.29232,0.1222,0.026432,0.25677,0.11474,0.022272,0.22494,0.11042,0.018624,246,247,247,184,186,189,168,169,166,208,215,217,67,69,71,255,248,243,0.53468,0.54102,0.54076
1,5.9549e+05,-1.96,15.092,195,800,-1.9718,14.933,186.74,1064.3,0.21662,0.11815,0.019456,0.20207,0.11402,0.0176,0.18529,0.11129,0.015424,247,244,244,189,191,197,163,166,168,178,181,186,61,65,69,250,241,234,0.54105,0.53675,0.53957
1,5.9559e+05,-1.88,15.092,195,800,-1.8933,14.94,186.43,697.85,0.28407,0.13255,0.029312,0.26479,0.12577,0.025856,0.24118,0.12063,0.022848,248,245,244,205,201,203,163,167,169,164,168,173,61,65,69,234,231,229,0.54774,0.54189,0.54037
1,5.9569e+05,-1.8,15.092,195,800,-1.8031,14.925,187.13,741.91,0.35675,0.11708,0.029376,0.31206,0.11219,0.024192,0.26257,0.10661,0.01984,239,243,244,241,226,212,178,172,170,144,151,158,68,67,67,212,218,218,0.54086,0.54004,0.54052
1,5.9579e+05,-1.72,15.092,195,800,-1.7246,14.912,187.39,713.37,0.2733,0.12388,0.024832,0.24802,0.11544,0.021184,0.22889,0.10744,0.018048,241,242,244,215,214,209,174,172,171,150,150,151,65,62,61,210,212,213,0.54109,0.53765,0.53742
1,5.9589e+05,-1.64,15.092,195,800,-1.6355,14.93,186.25,1275.4,0.31982,0.11432,0.025152,0.26401,0.11177,0.02048,0.19763,0.10939,0.016192,241,243,245,189,198,203,166,170,172,153,151,149,61,59,57,205,211,215,0.53703,0.53691,0.53656
1,5.9599e+05,-1.56,15.092,195,800,-1.5793,14.926,186.7,812.43,0.26304,0.12878,0.025728,0.24278,0.12106,0.022592,0.2334,0.11413,0.020096,245,245,246,184,190,196,163,169,174,145,143,141,53,52,53,224,220,220,0.53933,0.53689,0.53687
1,5.9609e+05,-1.48,15.092,195,800,-1.4955,14.934,187.86,637.41,0.41147,0.11319,0.031232,0.37327,0.10682,0.024832,0.23173,0.10656,0.017856,246,246,246,198,197,197,169,172,175,137,137,137,51,51,52,223,221,223,0.53082,0.53901,0.537
1,5.9619e+05,-1.4,15.092,195,800,-1.4074,14.917,187.26,742.89,0.26361,0.11937,0.023424,0.22546,0.11334,0.01952,0.20665,0.10702,0.016832,241,243,245,207,201,199,179,177,176,132,132,134,51,52,51,210,217,226,0.53838,0.53564,0.53594
1,5.9629e+05,-1.32,15.092,195,800,-1.3172,14.9,186.49,780.88,0.27698,0.13344,0.028352,0.24885,0.12587,0.024256,0.22637,0.12131,0.021376,243,245,244,193,194,195,173,173,174,142,139,137,52,51,51,225,225,227,0.53351,0.53917,0.53822
1,5.9639e+05,-1.24,15.092,195,800,-1.2387,14.907,185.8,856.4,0.26733,0.12289,0.02496,0.23399,0.11524,0.0208,0.20573,0.11067,0.0176,246,246,244,195,193,192,172,172,173,150,143,139,52,51,50,225,226,229,0.53545,0.53645,0.53808
1,5.9649e+05,-1.16,15.092,195,800,-1.1793,14.945,185.71,864.66,0.28236,0.12323,0.025792,0.18903,0.12223,0.017984,0.16665,0.11812,0.015424,242,242,242,181,183,185,176,173,174,146,143,141,48,50,51,217,225,232,0.52654,0.53593,0.53692
1,5.9659e+05,-1.08,15.092,195,800,-1.1061,14.926,186.48,691.9,0.28222,0.12822,0.027904,0.25614,0.11915,0.023744,0.23898,0.11411,0.021312,237,238,240,173,177,182,174,174,174,142,141,141,50,50,52,224,227,231,0.53719,0.53684,0.53689
1,5.9669e+05,-1,15.092,195,800,-1.0254,14.938,187.24,436.17,0.31248,0.11521,0.026816,0.27203,0.10806,0.021952,0.24761,0.10246,0.018688,238,237,238,181,181,183,173,174,175,147,143,142,55,54,55,220,222,228,0.5417,0.53957,0.53832
1,5.9679e+05,-0.92,15.092,195,800,-0.91509,14.905,187.52,1025.2,0.26798,0.1136,0.023232,0.24,0.10977,0.019904,0.20484,0.10506,0.016512,238,238,238,205,200,191,177,174,172,151,149,148,58,58,58,208,214,222,0.55137,0.54179,0.54035
1,5.9689e+05,-0.84,15.092,195,800,-0.84188,14.92,185.74,884.54,0.29873,0.12001,0.027072,0.26457,0.11515,0.023232,0.23921,0.10825,0.020032,239,238,239,210,202,192,173,170,170,159,154,150,61,59,59,210,214,221,0.52866,0.53775,0.53837
1,5.9699e+05,-0.76,15.092,195,800,-0.7814,14.935,186.85,888.55,0.25498,0.12971,0.02496,0.22706,0.12268,0.021248,0.20763,0.11866,0.01888,239,239,240,183,185,185,164,166,169,166,158,151,61,61,62,220,222,223,0.53506,0.53663,0.53742
1,5.9709e+05,-0.68,15.092,195,800,-0.69865,14.919,187.03,657.43,0.29144,0.12219,0.027136,0.24203,0.11521,0.02112,0.1953,0.11243,0.017216,239,240,241,168,174,179,170,170,171,159,154,150,64,63,65,226,224,222,0.5431,0.53656,0.5376
1,5.9719e+05,-0.6,15.092,195,800,-0.61271,14.91,187.6,671.58,0.275,0.13392,0.028544,0.24255,0.12357,0.02336,0.21288,0.11867,0.019584,242,243,243,173,174,179,175,175,176,151,148,146,71,71,72,210,211,210,0.53783,0.53748,0.53744
1,5.9729e+05,-0.52,15.092,195,800,-0.53101,14.903,188.8,1112.6,0.26792,0.11969,0.0224,0.18271,0.11487,0.016384,0.16565,0.10827,0.01408,248,247,246,197,195,194,177,177,178,146,145,144,87,82,79,180,185,189,0.53974,0.53478,0.5346
1,5.9739e+05,-0.44,15.092,195,800,-0.46629,14.929,187.17,837.44,0.25539,0.12163,0.023872,0.22769,0.11961,0.020928,0.20946,0.10886,0.0176,250,248,246,207,205,201,177,177,179,146,145,145,91,85,82,171,175,180,0.55472,0.53637,0.53519
1,5.9749e+05,-0.36,15.092,195,800,-0.3899,14.94,186.3,1003,0.22394,0.12264,0.020928,0.20151,0.11779,0.018304,0.19244,0.11229,0.016448,248,248,247,213,211,207,169,174,179,153,149,149,92,87,86,164,168,174,0.536,0.53526,0.53504
1,5.9759e+05,-0.28,15.092,195,800,-0.30714,14.934,187.14,727.15,0.30769,0.12723,0.03008,0.27328,0.12362,0.026176,0.2488,0.11344,0.021952,248,246,247,208,206,206,167,173,177,154,152,152,93,89,87,169,173,181,0.52871,0.53068,0.53298
1,5.9769e+05,-0.2,15.092,195,800,-0.22544,14.914,187.58,1059.5,0.29773,0.11036,0.02464,0.25033,0.10412,0.019456,0.19741,0.10366,0.015936,240,245,247,194,199,204,171,174,176,165,164,165,92,89,87,211,213,213,0.5276,0.53216,0.53447
1,5.9779e+05,-0.12,15.092,195,800,-0.14905,14.911,186.24,885.73,0.26242,0.13199,0.02688,0.2426,0.12318,0.023296,0.22433,0.11695,0.020672,247,247,247,204,205,208,169,175,176,181,179,178,80,82,85,251,250,243,0.53777,0.53316,0.5318
1,5.9789e+05,-0.04,15.092,195,800,-0.082208,14.933,188.52,928.42,0.33551,0.12688,0.032896,0.30554,0.12067,0.028416,0.28179,0.11232,0.024576,251,248,247,213,214,211,178,177,176,179,183,188,80,82,86,254,252,249,0.53139,0.52858,0.52602
1,6.0096e+05,0,15.185,195,800,-0.074781,15.007,0.035407,866.93,0,0,0,0,0,0,0,0,0,242,244,244,204,204,198,171,173,172,202,207,211,91,95,98,255,250,247,0.49346,0.4904,0.48951
1,6.0106e+05,-0.08,15.185,195,800,-0.16178,15.001,187.08,957.91,0.30818,0.10515,0.020992,0.29057,0.1017,0.018688,0.21832,0.098149,0.015232,246,245,245,208,208,201,170,172,173,195,193,191,90,93,96,254,249,240,0.53566,0.53825,0.5367
1,6.0116e+05,-0.16,15.185,195,800,-0.22226,15.007,187.33,782.02,0.23056,0.12144,0.022208,0.22191,0.11663,0.020224,0.21045,0.11217,0.018688,245,246,246,212,206,201,169,172,173,178,183,184,97,98,98,242,232,224,0.52911,0.53356,0.53366
1,6.0126e+05,-0.24,15.185,195,800,-0.31244,15.019,185.25,768.18,0.27776,0.14436,0.03104,0.26946,0.13297,0.027776,0.24721,0.12707,0.024704,251,248,245,198,202,203,181,180,177,156,163,168,103,104,100,176,181,188,0.54526,0.5389,0.53476
1,6.0136e+05,-0.32,15.185,195,800,-0.38353,15.021,186.81,768.8,0.35352,0.13821,0.036992,0.33762,0.12039,0.030272,0.31404,0.10891,0.023104,245,245,245,208,206,205,193,186,179,149,156,160,94,99,98,164,167,173,0.53312,0.53245,0.53379
1,6.0146e+05,-0.4,15.185,195,800,-0.47053,15.027,186.63,1083.3,0.31441,0.12877,0.0304,0.2708,0.11784,0.023936,0.23166,0.11162,0.019776,243,242,243,234,214,201,193,188,183,141,149,154,79,87,91,165,164,165,0.53802,0.53529,0.53358
1,6.0156e+05,-0.48,15.185,195,800,-0.51828,15.002,186.49,619.13,0.25952,0.12013,0.022656,0.2096,0.11608,0.01856,0.19651,0.11312,0.016832,246,244,242,187,188,187,181,184,184,145,150,153,83,86,87,172,169,172,0.5384,0.53482,0.53467
1,6.0166e+05,-0.56,15.185,195,800,-0.61801,15.032,184.93,728.1,0.2679,0.11466,0.022848,0.22946,0.11036,0.018944,0.19518,0.10793,0.016192,246,244,242,166,173,178,180,183,184,144,150,153,83,85,85,180,176,178,0.53296,0.53308,0.53656
1,6.0176e+05,-0.64,15.185,195,800,-0.69652,15.032,185.48,898.75,0.29388,0.12645,0.026944,0.25857,0.1151,0.022464,0.2376,0.11024,0.019584,248,244,240,162,164,169,182,182,181,146,152,156,73,76,78,198,194,192,0.53209,0.5353,0.5367
1,6.0186e+05,-0.72,15.185,195,800,-0.76761,15.017,187.28,728.94,0.32264,0.12752,0.027264,0.26988,0.11921,0.02144,0.2019,0.10455,0.015744,244,241,239,168,168,171,179,179,178,148,154,157,69,71,74,207,199,195,0.53842,0.53844,0.53778
1,6.0196e+05,-0.8,15.185,195,800,-0.83339,15.007,185.74,786.21,0.22768,0.12399,0.022144,0.20552,0.12139,0.019584,0.18983,0.11698,0.017408,233,235,237,187,183,181,169,173,175,154,158,160,64,67,70,198,195,197,0.53151,0.53408,0.53591
1,6.0206e+05,-0.88,15.185,195,800,-0.91297,15.002,187.15,696.98,0.2675,0.12147,0.025216,0.23555,0.11368,0.020992,0.21204,0.1096,0.018112,233,235,238,185,185,185,171,171,171,147,153,157,66,69,70,205,198,199,0.53833,0.54053,0.53813
1,6.0216e+05,-0.96,15.185,195,800,-0.99572,15.013,186.99,959.08,0.22465,0.11345,0.01984,0.19098,0.11064,0.016704,0.17702,0.10746,0.014976,236,238,239,178,180,184,166,169,171,144,150,153,67,68,69,217,207,204,0.53734,0.53829,0.53744
1,6.0226e+05,-1.04,15.185,195,800,-1.0541,14.988,185.92,928.27,0.3261,0.11737,0.028352,0.29756,0.10688,0.023552,0.26881,0.10172,0.01984,242,243,242,176,181,186,170,169,170,138,144,148,58,60,63,234,222,214,0.53651,0.53201,0.53652
1,6.0236e+05,-1.12,15.185,195,800,-1.1485,14.998,187.36,817.61,0.23418,0.12349,0.02176,0.19625,0.12167,0.018624,0.18169,0.11705,0.016576,241,243,244,192,191,190,172,171,170,140,143,147,53,56,60,236,225,218,0.53458,0.53931,0.54002
1,6.0246e+05,-1.2,15.185,195,800,-1.244,15.024,188.14,983.38,0.35584,0.11493,0.03008,0.28854,0.11123,0.022976,0.22467,0.10816,0.01888,242,245,244,212,209,199,167,170,171,144,146,147,54,54,55,234,225,222,0.53658,0.54223,0.53915
1,6.0256e+05,-1.28,15.185,195,800,-1.3108,15.011,186.97,766.5,0.27517,0.12086,0.024832,0.2429,0.11552,0.0208,0.20865,0.10889,0.017664,242,242,242,202,201,199,175,175,173,142,145,145,53,54,54,232,224,221,0.52249,0.53614,0.53659
1,6.0266e+05,-1.36,15.185,195,800,-1.3883,15.015,186.59,748.87,0.28631,0.11395,0.02464,0.25395,0.10657,0.020864,0.22741,0.10415,0.018048,238,240,242,192,193,196,181,177,175,139,142,144,55,54,54,229,221,220,0.52787,0.53507,0.5382
1,6.0276e+05,-1.44,15.185,195,800,-1.4562,15.016,186.16,922.15,0.28795,0.12919,0.028736,0.24817,0.12049,0.023168,0.22097,0.11437,0.01984,247,244,243,178,187,191,178,176,175,140,140,140,51,52,52,227,217,215,0.53311,0.53107,0.53748
1,6.0286e+05,-1.52,15.185,195,800,-1.5549,15.027,187.03,853.39,0.31956,0.11784,0.027136,0.28081,0.11032,0.022016,0.22058,0.10714,0.017664,248,247,245,180,186,191,177,175,174,139,140,141,49,50,52,222,213,210,0.53801,0.53772,0.54003
1,6.0296e+05,-1.6,15.185,195,800,-1.6302,15.03,186.05,795.73,0.271,0.12447,0.025344,0.23741,0.11504,0.021312,0.21716,0.11041,0.018624,247,247,246,194,189,191,182,176,172,147,145,146,50,52,55,195,200,202,0.53335,0.5357,0.53992
1,6.0306e+05,-1.68,15.185,195,800,-1.7108,15.019,184.72,809.23,0.29312,0.11317,0.024768,0.26088,0.10433,0.020352,0.23118,0.10104,0.017408,247,246,246,195,196,197,168,168,169,148,148,149,61,61,62,195,201,199,0.54588,0.54414,0.54195
1,6.0316e+05,-1.76,15.185,195,800,-1.7777,15.027,186.07,702.16,0.28614,0.11405,0.02496,0.26088,0.10623,0.020928,0.23491,0.10188,0.017984,245,246,246,193,196,198,160,164,168,150,150,152,63,64,64,202,204,202,0.54828,0.54358,0.54166
1,6.0326e+05,-1.84,15.185,195,800,-1.853,15.011,185.32,944.64,0.22854,0.12554,0.020928,0.18967,0.12186,0.01792,0.17694,0.11517,0.015808,245,244,244,185,187,195,163,162,164,170,163,162,65,66,67,201,207,215,0.53899,0.53961,0.54123
1,6.0336e+05,-1.92,15.185,195,800,-1.9379,15.016,185.57,1006.1,0.29544,0.11468,0.025024,0.23502,0.11052,0.019392,0.19789,0.10596,0.016,238,242,243,175,184,194,162,161,163,172,171,170,69,68,69,206,215,222,0.52158,0.53726,0.54101
1,6.0346e+05,-2,15.185,195,800,-2.0281,15.017,186.78,615.14,0.29966,0.11829,0.025856,0.25748,0.11682,0.022016,0.23069,0.11174,0.019072,238,239,243,206,194,189,164,162,162,200,194,194,72,72,72,245,234,232,0.54319,0.54482,0.54148
1,6.0356e+05,-2.08,15.185,195,800,-2.0992,15.012,186.64,959.65,0.30328,0.14668,0.03072,0.26512,0.14107,0.026368,0.23978,0.13782,0.023296,246,246,245,183,185,186,154,158,161,237,226,222,75,74,78,242,236,237,0.54526,0.54279,0.54305
1,6.0366e+05,-2.16,15.185,195,800,-2.1745,15.021,184.79,993.87,0.33876,0.11175,0.027456,0.27385,0.10876,0.020864,0.20337,0.10797,0.016768,248,248,247,168,178,185,150,156,161,250,240,234,78,78,81,242,238,238,0.54865,0.54782,0.54506
1,6.0376e+05,-2.24,15.185,195,800,-2.2551,15.031,187.76,866.05,0.26326,0.11605,0.023424,0.22607,0.10973,0.019072,0.19981,0.10757,0.016768,246,246,246,188,191,191,163,160,165,255,254,250,88,87,91,241,239,239,0.54086,0.54302,0.5428
1,6.0386e+05,-2.32,15.185,195,800,-2.34,15.02,185.89,747.07,0.2941,0.12531,0.028736,0.27662,0.11576,0.024832,0.25547,0.11291,0.022336,240,245,246,204,200,194,162,165,169,255,255,254,93,94,100,233,237,240,0.53789,0.5409,0.54168
1,6.0396e+05,-2.4,15.185,195,800,-2.4196,15.041,186.9,1188.9,0.26832,0.12182,0.024896,0.23298,0.11518,0.020288,0.20787,0.11099,0.017664,247,245,245,189,193,194,171,173,176,255,255,255,114,121,130,235,235,240,0.5486,0.5474,0.545
1,6.0406e+05,-2.48,15.185,195,800,-2.4864,15.026,186.17,1077.2,0.31423,0.11307,0.026176,0.23879,0.105,0.019264,0.21504,0.10195,0.016832,242,244,246,191,188,191,179,178,180,255,255,255,191,178,171,238,241,245,0.54887,0.54103,0.54425
1,6.0416e+05,-2.56,15.185,195,800,-2.5639,15.013,187.76,978.04,0.23015,0.1204,0.021632,0.20996,0.11053,0.018304,0.19075,0.10834,0.01632,247,245,246,191,191,192,183,180,180,255,255,255,226,204,188,250,248,249,0.52734,0.54049,0.54399
1,6.0426e+05,-2.64,15.185,195,800,-2.6424,15.008,187.79,629.35,0.2638,0.10722,0.021248,0.21814,0.10385,0.017472,0.19875,0.099274,0.015296,247,247,246,204,197,194,181,180,180,255,255,255,227,221,207,255,255,254,0.53936,0.54205,0.54236
1,6.0436e+05,-2.72,15.185,195,800,-2.723,15.02,189.53,852.7,0.32135,0.11265,0.027648,0.28057,0.10666,0.022848,0.25187,0.099643,0.01952,245,245,246,209,198,194,179,177,178,255,255,255,232,223,206,255,255,255,0.54871,0.54371,0.54361
1,6.0446e+05,-2.8,15.185,195,800,-2.8037,15.019,187.94,1092.5,0.20992,0.12596,0.02016,0.19499,0.11964,0.018176,0.1835,0.11586,0.016512,243,244,246,195,193,195,167,169,175,255,255,255,222,211,201,255,255,255,0.54258,0.54318,0.54367
1,6.0456e+05,-2.88,15.185,195,800,-2.8599,15.006,187.39,849.69,0.31752,0.11334,0.026944,0.28059,0.10715,0.02208,0.23514,0.10145,0.017856,245,248,247,192,195,198,175,177,177,255,255,255,200,203,198,255,255,255,0.55097,0.54512,0.54718
1,6.0466e+05,-2.96,15.185,195,800,-2.9426,15.02,186.47,637.06,0.25392,0.1279,0.025024,0.23,0.11826,0.021312,0.21486,0.11274,0.019136,253,249,246,194,195,198,185,181,176,255,255,255,214,205,198,255,255,255,0.52526,0.5123,0.5022
1,6.0773e+05,-3,15.278,195,800,-2.9522,15.111,-0.29894,785.25,0,0,0,0,0,0,0,0,0,235,239,240,173,181,192,174,176,175,255,255,255,179,188,193,255,255,255,0.46474,0.45712,0.46155
1,6.0783e+05,-2.92,15.278,195,800,-2.8769,15.105,186.54,818.53,0.22484,0.11255,0.017536,0.19387,0.10376,0.01472,0.17024,0.10294,0.012928,248,246,244,183,188,192,171,174,174,255,255,255,168,171,176,255,255,255,0.54122,0.54537,0.54313
1,6.0793e+05,-2.84,15.278,195,800,-2.8175,15.118,186.52,801.59,0.17032,0.11772,0.015488,0.14986,0.10883,0.0128,0.13766,0.10665,0.011648,245,245,245,188,190,192,167,170,175,255,255,255,150,159,170,255,255,255,0.56253,0.55002,0.54832
1,6.0803e+05,-2.76,15.278,195,800,-2.7442,15.097,185.88,809.36,0.23469,0.12726,0.022848,0.21359,0.1208,0.019456,0.19885,0.11284,0.01728,243,245,246,172,180,190,185,182,179,255,255,255,148,158,170,255,255,255,0.55129,0.55084,0.5463
1,6.0813e+05,-2.68,15.278,195,800,-2.6615,15.111,185.86,826.69,0.29589,0.13132,0.027968,0.25428,0.12569,0.024,0.23503,0.12096,0.021248,247,247,246,172,179,187,195,189,183,255,255,255,157,165,177,255,255,253,0.55356,0.55053,0.54645
1,6.0823e+05,-2.6,15.278,195,800,-2.584,15.101,186.53,562.59,0.26691,0.12707,0.026112,0.20245,0.11889,0.01888,0.18944,0.11205,0.016768,243,245,245,182,184,187,191,189,186,255,255,255,155,176,189,253,250,245,0.52353,0.54257,0.54412
1,6.0833e+05,-2.52,15.278,195,800,-2.5087,15.11,185.72,675.1,0.33673,0.11999,0.029504,0.28025,0.10943,0.021952,0.21436,0.10816,0.017152,245,244,244,185,184,187,182,182,181,255,255,255,181,178,175,243,238,233,0.54089,0.54749,0.54665
1,6.0843e+05,-2.44,15.278,195,800,-2.4366,15.124,185.71,922.45,0.31283,0.15429,0.033024,0.28191,0.12061,0.0256,0.2517,0.11337,0.021696,246,245,244,180,184,188,180,181,180,255,255,255,177,166,160,242,233,226,0.53857,0.53919,0.54176
1,6.0853e+05,-2.36,15.278,195,800,-2.358,15.11,186.6,553.29,0.27279,0.13994,0.02976,0.24821,0.13222,0.025664,0.23044,0.12376,0.022016,242,243,244,184,189,189,192,185,180,255,255,255,124,124,125,237,228,219,0.54209,0.54128,0.54235
1,6.0863e+05,-2.28,15.278,195,800,-2.2721,15.108,186.97,789.49,0.31567,0.12065,0.028864,0.28067,0.11204,0.023808,0.25548,0.10543,0.02016,241,243,245,185,190,188,191,185,179,255,254,252,106,110,111,240,226,216,0.54319,0.54785,0.54579
1,6.0873e+05,-2.2,15.278,195,800,-2.1904,15.097,187.15,846.43,0.3076,0.12631,0.029504,0.27728,0.11802,0.024768,0.235,0.11352,0.020224,241,245,245,189,184,183,175,175,173,232,238,240,108,100,96,226,217,209,0.54781,0.54491,0.54467
1,6.0883e+05,-2.12,15.278,195,800,-2.1098,15.098,186.85,758.77,0.36024,0.10964,0.028992,0.29936,0.10443,0.022976,0.26203,0.097581,0.018688,244,244,244,175,180,185,166,164,166,209,212,217,87,88,87,208,206,207,0.54347,0.54202,0.54366
1,6.0893e+05,-2.04,15.278,195,800,-2.0238,15.088,184.62,899.85,0.30532,0.11845,0.026816,0.2616,0.11267,0.02208,0.22621,0.10737,0.01856,240,242,243,177,186,188,162,162,164,195,200,205,84,84,82,215,210,207,0.53391,0.54383,0.54452
1,6.0903e+05,-1.96,15.278,195,800,-1.9474,15.097,186.03,675.89,0.35677,0.11966,0.03168,0.30742,0.11453,0.026048,0.2816,0.10577,0.021888,244,243,242,204,196,192,157,161,164,178,180,183,80,77,74,230,219,207,0.54988,0.54457,0.54453
1,6.0913e+05,-1.88,15.278,195,800,-1.8689,15.096,185.25,955.08,0.30656,0.11452,0.025728,0.27356,0.10615,0.021184,0.23588,0.1035,0.017664,245,245,244,194,194,193,159,162,164,170,171,174,67,71,71,230,215,204,0.55012,0.54209,0.54373
1,6.0923e+05,-1.8,15.278,195,800,-1.7968,15.102,186.18,843.6,0.29116,0.11882,0.024896,0.25214,0.11024,0.020416,0.22087,0.10613,0.017216,252,249,247,184,188,190,168,166,166,150,155,159,71,69,67,205,196,189,0.54906,0.54176,0.54358
1,6.0933e+05,-1.72,15.278,195,800,-1.7246,15.116,186.65,797.93,0.28095,0.11784,0.024832,0.24821,0.1119,0.019968,0.20207,0.10773,0.016192,248,249,248,188,188,192,166,168,170,152,151,152,70,67,64,180,176,177,0.54142,0.54169,0.54352
1,6.0943e+05,-1.64,15.278,195,800,-1.6504,15.106,186.31,903.08,0.35053,0.12831,0.033408,0.29706,0.12042,0.026944,0.26621,0.11287,0.022208,248,248,248,189,192,193,170,171,172,152,151,150,61,62,62,171,172,177,0.5434,0.54451,0.54221
1,6.0953e+05,-1.56,15.278,195,800,-1.5793,15.117,186.27,831.44,0.26,0.12672,0.024768,0.22839,0.11831,0.02016,0.19507,0.11373,0.017152,245,246,246,199,197,193,175,176,176,141,143,148,53,55,59,190,190,189,0.53535,0.54283,0.54426
1,6.0963e+05,-1.48,15.278,195,800,-1.4753,15.089,186.23,944.85,0.26612,0.12204,0.02496,0.23303,0.11486,0.020864,0.20651,0.11119,0.017856,244,244,244,197,195,193,176,176,176,138,142,146,53,55,58,205,203,198,0.54663,0.54439,0.54457
1,6.0973e+05,-1.4,15.278,195,800,-1.4159,15.115,185.15,739.62,0.294,0.11789,0.024832,0.24561,0.11416,0.020032,0.19437,0.10854,0.016128,239,239,240,192,190,191,171,173,175,148,147,147,55,56,58,214,216,212,0.5474,0.54247,0.5433
1,6.0983e+05,-1.32,15.278,195,800,-1.3299,15.116,186.36,971.43,0.23499,0.13366,0.02432,0.21252,0.12461,0.020672,0.19888,0.11752,0.018496,240,239,240,190,193,194,172,171,172,158,152,148,56,57,60,224,223,218,0.53824,0.53939,0.54125
1,6.0993e+05,-1.24,15.278,195,800,-1.2546,15.121,186.02,947.06,0.2982,0.1097,0.023104,0.21565,0.10961,0.017472,0.18913,0.10634,0.015296,244,242,241,203,198,196,170,170,171,153,150,149,59,60,63,222,222,218,0.53564,0.54031,0.54168
1,6.1003e+05,-1.16,15.278,195,800,-1.1655,15.107,187.11,955.78,0.28061,0.137,0.028864,0.22931,0.13128,0.023424,0.2085,0.12541,0.02048,250,247,245,199,198,194,169,169,169,150,149,151,69,70,74,206,211,212,0.53868,0.53653,0.53909
1,6.1013e+05,-1.08,15.278,195,800,-1.0827,15.1,187.31,979.97,0.28122,0.12296,0.025024,0.23776,0.11695,0.020672,0.19126,0.11278,0.01696,248,247,246,194,194,192,169,169,170,153,152,153,72,75,80,199,205,208,0.53763,0.54398,0.54222
1,6.1023e+05,-1,15.278,195,800,-1.0233,15.115,186.08,875.07,0.28105,0.11969,0.025024,0.25448,0.112,0.021056,0.2236,0.10924,0.018368,248,245,243,188,188,189,165,169,173,162,160,159,89,90,91,188,196,202,0.54212,0.54033,0.5387
1,6.1033e+05,-0.92,15.278,195,800,-0.93949,15.116,185.17,984.32,0.29063,0.13174,0.029504,0.25735,0.12144,0.024,0.2199,0.11806,0.019968,238,238,239,186,185,185,175,176,177,175,169,165,97,94,92,179,192,201,0.54737,0.54131,0.53933
1,6.1043e+05,-0.84,15.278,195,800,-0.8631,15.11,187.08,720.73,0.25814,0.12175,0.024128,0.2316,0.11687,0.020736,0.20455,0.10987,0.017472,237,236,238,176,178,183,180,179,179,173,170,166,86,88,89,180,191,202,0.5326,0.54063,0.53914
1,6.1053e+05,-0.76,15.278,195,800,-0.78459,15.118,188.05,958.12,0.28161,0.12459,0.025792,0.24036,0.11831,0.021632,0.22013,0.11329,0.018752,236,237,237,161,168,175,184,183,182,168,164,162,82,83,85,179,191,200,0.53421,0.53618,0.53878
1,6.1063e+05,-0.68,15.278,195,800,-0.69016,15.106,186.03,1234.3,0.27449,0.12201,0.025024,0.23757,0.11699,0.02112,0.20961,0.11267,0.017984,236,237,238,162,168,172,187,185,183,162,159,159,88,87,87,176,187,196,0.52835,0.53636,0.53765
1,6.1073e+05,-0.6,15.278,195,800,-0.62331,15.122,185.95,994.17,0.30386,0.1221,0.025792,0.25023,0.11677,0.01984,0.1863,0.11363,0.015808,233,234,237,177,172,171,190,190,188,163,158,156,101,96,91,165,176,186,0.53395,0.53808,0.53758
1,6.1083e+05,-0.52,15.278,195,800,-0.57027,15.111,187.21,423.47,0.24265,0.12568,0.023232,0.21479,0.12013,0.019904,0.19506,0.11632,0.017664,227,232,237,170,172,176,197,194,190,172,164,157,97,95,93,160,169,176,0.52631,0.53443,0.53734
1,6.1093e+05,-0.44,15.278,195,800,-0.45886,15.108,185.77,583.5,0.2703,0.12685,0.024832,0.23703,0.11843,0.020928,0.21674,0.1152,0.018496,233,235,237,167,173,179,189,190,189,170,162,157,93,94,94,158,166,172,0.53278,0.5341,0.535
1,6.1103e+05,-0.36,15.278,195,800,-0.3708,15.101,185.5,907.24,0.34998,0.11283,0.028032,0.29087,0.10381,0.021568,0.24066,0.10233,0.017792,242,243,243,180,184,189,175,180,183,162,161,162,99,101,103,161,163,167,0.52695,0.53248,0.53617
1,6.1113e+05,-0.28,15.278,195,800,-0.31775,15.11,186.31,734.65,0.26941,0.11696,0.024128,0.24318,0.11134,0.020736,0.22433,0.10736,0.018304,249,247,246,196,195,195,172,176,179,170,167,167,110,110,109,160,165,173,0.53608,0.53503,0.53596
1,6.1123e+05,-0.2,15.278,195,800,-0.2456,15.127,186.21,691.71,0.27893,0.11817,0.024832,0.24938,0.11086,0.0208,0.228,0.10341,0.017664,245,247,246,209,208,199,171,172,173,196,190,186,114,114,112,189,198,204,0.51885,0.53169,0.53446
1,6.1133e+05,-0.12,15.278,195,800,-0.15011,15.107,186.91,1005.5,0.2662,0.12195,0.024896,0.23795,0.11616,0.02144,0.21351,0.11201,0.018624,238,241,243,175,184,191,170,173,173,208,207,204,99,102,108,250,245,238,0.52495,0.53369,0.53631
1,6.1143e+05,-0.04,15.278,195,800,-0.085391,15.113,184.68,823.87,0.30155,0.12121,0.028032,0.27508,0.11308,0.02368,0.25349,0.10715,0.020992,243,242,242,162,173,184,171,174,174,212,212,212,101,103,109,255,252,245,0.54137,0.5332,0.52833
1,6.145e+05,0,15.371,195,800,-0.082208,15.206,-0.080457,817.56,0,0,0,0,0,0,0,0,0,241,241,242,163,168,174,180,177,176,219,224,229,115,121,130,243,243,239,0.48583,0.48794,0.48828
1,6.146e+05,-0.08,15.371,195,800,-0.14375,15.199,186.72,909.88,0.24187,0.11382,0.017984,0.20559,0.11102,0.01472,0.15274,0.10565,0.012736,237,241,243,177,182,187,177,175,174,206,211,213,102,109,118,248,244,233,0.53812,0.53541,0.53667
1,6.147e+05,-0.16,15.371,195,800,-0.22332,15.194,186.5,725.55,0.22089,0.12134,0.020928,0.2106,0.1155,0.0192,0.20424,0.10855,0.017536,242,243,245,204,196,192,171,171,172,202,204,204,109,114,119,224,224,218,0.53378,0.53517,0.53594
1,6.148e+05,-0.24,15.371,195,800,-0.30077,15.211,186.03,961.42,0.27219,0.14333,0.030464,0.23632,0.13717,0.025088,0.20949,0.12772,0.020544,251,249,245,206,199,191,166,169,175,180,183,185,116,121,120,168,176,185,0.54634,0.53939,0.53805
1,6.149e+05,-0.32,15.371,195,800,-0.38247,15.215,186.75,947.48,0.24902,0.13536,0.02656,0.21665,0.12925,0.021952,0.19426,0.12152,0.018496,249,247,244,190,186,184,169,173,178,169,172,175,106,114,117,162,165,172,0.53338,0.53644,0.5361
1,6.15e+05,-0.4,15.371,195,800,-0.43976,15.189,186.65,815.89,0.27815,0.13558,0.028416,0.23856,0.12639,0.02336,0.21642,0.12102,0.019968,243,239,237,160,165,173,182,184,187,158,162,166,94,99,105,164,167,170,0.52952,0.53544,0.53769
1,6.151e+05,-0.48,15.371,195,800,-0.53631,15.22,185.24,884.38,0.33686,0.12005,0.029568,0.26822,0.11535,0.021696,0.19311,0.11521,0.01696,228,231,235,165,169,171,191,192,192,165,164,163,90,96,100,178,179,180,0.54149,0.53993,0.53863
1,6.152e+05,-0.56,15.371,195,800,-0.62438,15.21,184.48,1065.1,0.24007,0.11514,0.020608,0.21632,0.10878,0.017792,0.19762,0.1058,0.01568,228,231,235,172,172,172,190,191,191,162,162,162,93,96,99,182,183,184,0.53478,0.53825,0.54013
1,6.153e+05,-0.64,15.371,195,800,-0.69122,15.217,185.8,887.61,0.28297,0.11144,0.023168,0.23042,0.10869,0.018688,0.19803,0.10284,0.015744,232,235,236,170,171,173,181,185,188,152,158,163,93,95,96,186,191,195,0.53615,0.54011,0.54022
1,6.154e+05,-0.72,15.371,195,800,-0.757,15.193,185.47,954.65,0.29949,0.11408,0.02464,0.2698,0.10926,0.021056,0.24212,0.1022,0.01728,235,236,237,174,173,174,183,184,186,156,162,166,91,92,94,198,199,200,0.54924,0.54428,0.54022
1,6.155e+05,-0.8,15.371,195,800,-0.8387,15.205,186.06,759.78,0.24109,0.12479,0.02336,0.21881,0.11507,0.019584,0.19682,0.11069,0.01696,237,238,237,181,181,181,188,187,185,173,174,174,90,94,96,211,210,207,0.55036,0.54335,0.54313
1,6.156e+05,-0.88,15.371,195,800,-0.92464,15.202,184.46,665.41,0.30788,0.12126,0.027392,0.26577,0.11495,0.022272,0.23116,0.1129,0.019264,242,241,240,200,194,189,184,183,182,174,175,175,112,109,105,198,200,202,0.53705,0.5428,0.54299
1,6.157e+05,-0.96,15.371,195,800,-1.0233,15.225,187.17,1318.5,0.30688,0.12197,0.02848,0.27175,0.11423,0.023488,0.2386,0.10811,0.019456,244,244,242,200,196,191,175,179,179,164,171,173,115,112,107,187,192,198,0.54066,0.54197,0.54392
1,6.158e+05,-1.04,15.371,195,800,-1.0838,15.222,185.75,866.33,0.20174,0.1298,0.020672,0.18643,0.12111,0.017792,0.17746,0.115,0.015872,243,246,245,192,192,192,172,172,173,158,162,165,94,102,104,188,188,193,0.53947,0.54295,0.54392
1,6.159e+05,-1.12,15.371,195,800,-1.1443,15.196,186.34,660.93,0.28603,0.11776,0.025536,0.23183,0.11204,0.020096,0.20522,0.10493,0.016704,242,246,246,189,190,191,171,170,172,156,158,161,92,94,96,192,193,196,0.54715,0.54879,0.54774
1,6.16e+05,-1.2,15.371,195,800,-1.2366,15.203,186.75,1106.2,0.263,0.11745,0.023424,0.22197,0.11318,0.019392,0.19739,0.10665,0.016128,242,244,243,178,188,193,165,168,171,147,151,155,72,75,78,210,208,204,0.54741,0.54596,0.54729
1,6.161e+05,-1.28,15.371,195,800,-1.3246,15.203,187.15,1020.7,0.29369,0.11675,0.026304,0.26814,0.11032,0.022464,0.24781,0.10056,0.0192,236,237,239,189,190,193,170,171,172,149,151,154,59,61,65,226,214,205,0.56117,0.54979,0.54638
1,6.162e+05,-1.36,15.371,195,800,-1.3894,15.197,187.22,989.54,0.26959,0.11717,0.023936,0.23222,0.11273,0.020224,0.21002,0.1096,0.017728,234,236,239,188,190,192,169,172,173,148,151,154,58,60,63,217,210,203,0.54039,0.54612,0.54554
1,6.163e+05,-1.44,15.371,195,800,-1.4753,15.208,185.55,990.07,0.2228,0.12026,0.020736,0.1849,0.11693,0.017024,0.17127,0.11178,0.015168,239,240,241,190,193,192,182,176,174,147,150,153,61,61,63,208,199,192,0.53862,0.54692,0.5454
1,6.164e+05,-1.52,15.371,195,800,-1.5294,15.178,187.08,1100.2,0.3198,0.12621,0.0288,0.26703,0.12123,0.023168,0.21722,0.11843,0.019648,241,243,244,197,196,193,183,177,174,145,149,153,59,61,64,194,189,185,0.54111,0.53954,0.54361
1,6.165e+05,-1.6,15.371,195,800,-1.6408,15.213,184.96,991.27,0.23896,0.11987,0.022016,0.21399,0.11568,0.019264,0.20272,0.10589,0.016704,250,249,247,210,200,192,175,175,174,152,152,154,61,64,66,156,165,171,0.54875,0.54921,0.54622
1,6.166e+05,-1.68,15.371,195,800,-1.7161,15.199,185.98,765.42,0.2187,0.12759,0.021056,0.18466,0.12241,0.017408,0.16493,0.11535,0.014912,252,250,248,188,189,190,174,172,171,152,153,156,69,68,68,168,166,168,0.54481,0.54313,0.54483
1,6.167e+05,-1.76,15.371,195,800,-1.7872,15.223,185.35,1094.1,0.31908,0.11889,0.026816,0.25033,0.11195,0.021056,0.23102,0.10475,0.018432,253,250,247,186,189,190,170,170,170,148,153,158,72,68,68,182,175,172,0.53994,0.54389,0.5458
1,6.168e+05,-1.84,15.371,195,800,-1.8509,15.197,186.39,749.56,0.18146,0.11975,0.01696,0.15948,0.11229,0.014144,0.14672,0.10965,0.012736,246,247,245,202,196,191,169,168,168,159,162,166,64,66,68,220,199,186,0.54537,0.5444,0.54674
1,6.169e+05,-1.92,15.371,195,800,-1.9432,15.197,186.91,955.51,0.20567,0.13802,0.022208,0.1935,0.13071,0.01952,0.18322,0.12289,0.017664,244,245,244,194,195,194,169,168,168,171,172,174,63,68,71,227,208,191,0.53443,0.54392,0.54704
1,6.17e+05,-2,15.371,195,800,-2.0111,15.197,185.92,1162.9,0.25986,0.11682,0.02336,0.22643,0.11078,0.019712,0.20126,0.10505,0.01664,241,242,243,187,189,190,169,167,166,192,192,193,85,80,78,219,202,189,0.5459,0.54665,0.54585
1,6.171e+05,-2.08,15.371,195,800,-2.0822,15.192,188.34,890.07,0.31273,0.11467,0.02688,0.28095,0.10816,0.02208,0.24132,0.10558,0.01856,247,245,244,182,184,187,167,170,171,212,211,215,97,92,88,189,185,185,0.54664,0.54436,0.54522
1,6.172e+05,-2.16,15.371,195,800,-2.1734,15.196,187.07,603.46,0.27297,0.10977,0.022464,0.22444,0.10551,0.017856,0.19205,0.10255,0.015104,247,246,245,181,183,185,176,176,175,221,224,227,109,99,92,190,188,185,0.55367,0.55068,0.54833
1,6.173e+05,-2.24,15.371,195,800,-2.2785,15.216,186.24,1051.1,0.22166,0.11791,0.019968,0.19344,0.11156,0.016896,0.17519,0.10867,0.015104,250,246,245,174,181,187,189,187,183,252,248,246,114,109,104,211,202,194,0.54482,0.54623,0.54628
1,6.174e+05,-2.32,15.371,195,800,-2.3358,15.21,185.78,844.92,0.23395,0.12081,0.01984,0.20305,0.11368,0.016384,0.17807,0.10675,0.01408,245,245,245,169,182,189,188,187,184,255,254,252,118,115,113,216,207,198,0.53578,0.54345,0.54642
1,6.175e+05,-2.4,15.371,195,800,-2.4111,15.201,185.28,719.68,0.27429,0.11323,0.022912,0.22607,0.10595,0.018112,0.19728,0.10337,0.015936,241,243,244,187,188,190,185,183,182,255,255,255,163,153,141,228,216,207,0.5385,0.54127,0.54368
1,6.176e+05,-2.48,15.371,195,800,-2.4779,15.203,184.61,868.97,0.259,0.1178,0.022016,0.22268,0.11412,0.018816,0.20836,0.1099,0.017088,241,242,243,188,188,189,183,182,181,255,255,255,207,189,172,233,227,220,0.53894,0.54247,0.54553
1,6.177e+05,-2.56,15.371,195,800,-2.5639,15.208,186.96,934.12,0.25218,0.12329,0.023872,0.22469,0.11737,0.020608,0.20985,0.11108,0.018112,240,242,243,192,188,188,183,183,183,255,255,255,202,192,180,238,235,229,0.54815,0.54997,0.54813
1,6.178e+05,-2.64,15.371,195,800,-2.6403,15.189,186.01,622.54,0.21075,0.11466,0.018368,0.19342,0.10862,0.016128,0.18019,0.10136,0.014272,250,247,246,182,184,188,192,190,185,255,255,255,182,176,172,255,250,244,0.54211,0.54722,0.54688
1,6.179e+05,-2.72,15.371,195,800,-2.7039,15.182,186.37,637.69,0.22686,0.12253,0.021312,0.20442,0.11001,0.017536,0.18352,0.10906,0.015552,252,249,246,174,182,188,195,190,184,255,255,255,158,157,162,255,254,249,0.53995,0.5481,0.54679
1,6.18e+05,-2.8,15.371,195,800,-2.7973,15.196,187.22,1009.2,0.23165,0.11748,0.020992,0.20755,0.11407,0.01824,0.19237,0.10828,0.016064,245,246,246,194,194,193,173,175,177,255,255,255,125,133,148,255,255,254,0.54884,0.54842,0.54692
1,6.181e+05,-2.88,15.371,195,800,-2.8737,15.199,186.8,838.11,0.24933,0.12038,0.022528,0.22702,0.11203,0.019136,0.20339,0.10747,0.016384,247,245,242,211,201,194,171,173,175,255,255,255,159,161,163,255,255,255,0.54877,0.54797,0.54755
1,6.182e+05,-2.96,15.371,195,800,-2.9373,15.183,185.85,854.16,0.24785,0.11539,0.020672,0.19497,0.11394,0.017536,0.18619,0.1084,0.015872,244,242,240,188,193,194,176,175,175,255,255,255,191,181,176,255,255,255,0.52613,0.51927,0.51539
1,6.2521e+05,-6,15.464,195,800,-5.9347,15.322,0.27376,774.03,0,0,0,0,0,0,0,0,0,249,249,248,191,190,194,165,165,167,255,255,255,226,229,232,228,224,222,0.4048,0.42001,0.43718
1,6.2531e+05,-5.92,15.464,195,800,-5.8243,15.297,186.15,965.14,0.2058,0.1774,0.022016,0.19576,0.16072,0.019136,0.19142,0.15504,0.01664,255,249,245,175,184,187,164,164,167,255,255,255,222,228,230,190,205,212,0.56241,0.56239,0.55764
1,6.2541e+05,-5.84,15.464,195,800,-5.7713,15.301,185.63,982.95,0.23111,0.13494,0.024128,0.22583,0.1277,0.0224,0.21889,0.12104,0.020416,248,243,242,191,183,181,168,165,168,255,255,255,227,227,228,190,196,208,0.55394,0.55353,0.55225
1,6.2551e+05,-5.76,15.464,195,800,-5.6811,15.308,186.24,783.23,0.28261,0.1329,0.028736,0.27002,0.12358,0.025792,0.26889,0.11868,0.02432,230,233,237,172,173,173,172,173,172,255,255,255,214,213,213,198,204,211,0.53722,0.53988,0.53864
1,6.2561e+05,-5.68,15.464,195,800,-5.6079,15.293,186.19,660.23,0.34406,0.12367,0.031296,0.32454,0.11703,0.027648,0.30821,0.11,0.024576,236,233,235,173,170,169,183,176,172,255,255,255,196,198,203,220,215,216,0.52983,0.53072,0.52934
1,6.2571e+05,-5.6,15.464,195,800,-5.5325,15.285,186.99,856.83,0.4073,0.13122,0.038912,0.35239,0.12002,0.03168,0.33222,0.11088,0.0272,235,233,233,180,172,167,164,169,174,255,255,255,168,179,192,234,232,229,0.52531,0.52451,0.52462
1,6.2581e+05,-5.52,15.464,195,800,-5.4678,15.297,187.83,734.32,0.49765,0.10573,0.0352,0.39693,0.10271,0.0288,0.36774,0.09339,0.023808,228,231,235,175,173,169,163,171,177,255,255,255,199,201,200,250,244,238,0.52213,0.52428,0.52394
1,6.2591e+05,-5.44,15.464,195,800,-5.3935,15.304,185.96,554.3,0.38321,0.12336,0.035712,0.31922,0.11531,0.027904,0.2842,0.11058,0.02432,233,236,237,179,174,170,174,178,179,255,255,255,223,216,208,253,248,242,0.52585,0.52533,0.52493
1,6.2601e+05,-5.36,15.464,195,800,-5.3055,15.301,186.11,884.05,0.3682,0.1202,0.033344,0.31945,0.11248,0.027712,0.28511,0.10887,0.024064,245,243,240,174,179,178,180,185,184,255,255,255,236,232,223,253,249,246,0.52493,0.52499,0.52528
1,6.2611e+05,-5.28,15.464,195,800,-5.2248,15.298,185.81,717.12,0.40806,0.11373,0.03232,0.29915,0.10961,0.024896,0.26073,0.10352,0.020544,242,242,241,194,186,182,184,186,187,255,255,255,246,236,226,250,248,246,0.52687,0.52952,0.52968
1,6.2621e+05,-5.2,15.464,195,800,-5.1463,15.302,188.25,703.75,0.27374,0.12785,0.026496,0.24591,0.11851,0.02272,0.23314,0.11307,0.02048,239,240,240,194,194,190,199,199,192,255,255,255,245,238,226,244,243,241,0.52754,0.52819,0.5275
1,6.2631e+05,-5.12,15.464,195,800,-5.0657,15.299,187.76,734.01,0.33598,0.11251,0.027904,0.306,0.10524,0.023744,0.27055,0.10237,0.020224,234,237,239,202,202,196,182,192,191,255,255,255,230,220,210,217,225,230,0.53447,0.53049,0.52845
1,6.2641e+05,-5.04,15.464,195,800,-4.9851,15.296,187.15,1091.6,0.21548,0.11516,0.019584,0.19993,0.10836,0.017088,0.19213,0.10256,0.01536,232,235,237,214,204,195,182,185,188,255,255,255,204,202,199,211,217,225,0.5291,0.53086,0.52955
1,6.2651e+05,-4.96,15.464,195,800,-4.9044,15.296,186.77,976.03,0.21723,0.12075,0.020352,0.20202,0.11308,0.018048,0.19418,0.10945,0.016704,230,233,234,181,189,191,181,184,187,255,255,254,167,173,179,203,212,217,0.52469,0.5284,0.52706
1,6.2661e+05,-4.88,15.464,195,800,-4.828,15.293,187.04,786.69,0.27845,0.11641,0.024896,0.25036,0.11031,0.021184,0.22093,0.10558,0.018112,228,228,232,182,180,187,184,186,190,255,254,253,164,168,172,201,205,213,0.52927,0.52548,0.5253
1,6.2671e+05,-4.8,15.464,195,800,-4.7644,15.296,187.19,727.85,0.25316,0.12045,0.023744,0.24142,0.1133,0.021184,0.2262,0.10905,0.0192,217,224,231,164,176,183,185,189,190,254,252,248,161,167,170,177,191,204,0.52198,0.52368,0.52287
1,6.2681e+05,-4.72,15.464,195,800,-4.671,15.298,187.08,735.58,0.29424,0.11592,0.02464,0.24305,0.11093,0.02048,0.22153,0.10669,0.018304,233,232,232,165,173,179,183,182,183,249,247,245,179,180,176,188,195,201,0.51569,0.52246,0.5235
1,6.2691e+05,-4.64,15.464,195,800,-4.5989,15.288,188.84,990.76,0.24704,0.11844,0.022528,0.23323,0.11299,0.020288,0.21744,0.10968,0.01856,235,233,233,171,173,178,181,178,179,252,247,245,193,189,180,197,202,205,0.53303,0.53041,0.52738
1,6.2701e+05,-4.56,15.464,195,800,-4.5193,15.302,187.9,872.13,0.29055,0.11516,0.025472,0.27227,0.10727,0.022336,0.25494,0.1039,0.020288,230,230,233,196,184,178,169,168,172,253,250,246,195,193,186,214,213,212,0.5251,0.52648,0.52689
1,6.2711e+05,-4.48,15.464,195,800,-4.4164,15.28,186.53,897.3,0.26309,0.12509,0.026112,0.24704,0.11552,0.022272,0.23145,0.10982,0.019712,228,230,233,194,186,178,154,163,170,253,250,246,188,193,189,207,212,215,0.52592,0.52653,0.52772
1,6.2721e+05,-4.4,15.464,195,800,-4.3739,15.294,187.54,956.37,0.2524,0.10982,0.021376,0.23322,0.10478,0.018688,0.22076,0.10207,0.016832,236,234,233,184,182,180,170,168,170,253,249,247,236,214,201,202,210,218,0.5352,0.5317,0.53003
1,6.2731e+05,-4.32,15.464,195,800,-4.2816,15.288,185.96,865.51,0.2591,0.14381,0.027968,0.24645,0.12621,0.023872,0.22556,0.12056,0.02112,227,231,234,205,190,184,174,173,174,255,254,251,251,232,217,196,206,214,0.52361,0.52635,0.52716
1,6.2741e+05,-4.24,15.464,195,800,-4.2031,15.306,186.88,704,0.37549,0.11184,0.029056,0.27238,0.10867,0.0224,0.25984,0.099809,0.019584,229,233,236,205,197,185,179,174,173,255,255,253,251,237,225,192,202,211,0.52569,0.52509,0.52418
1,6.2751e+05,-4.16,15.464,195,800,-4.1235,15.287,186.54,701.65,0.26084,0.11096,0.02208,0.24242,0.10324,0.01856,0.23118,0.098201,0.016448,243,241,239,175,191,186,172,170,173,255,255,255,255,251,237,195,198,203,0.52902,0.52472,0.52502
1,6.2761e+05,-4.08,15.464,195,800,-4.028,15.27,187.54,755.85,0.21875,0.10712,0.017984,0.19332,0.10516,0.016,0.18417,0.09894,0.014528,240,240,239,179,185,183,165,169,173,255,255,255,255,254,241,199,198,201,0.51708,0.52403,0.52566
1,6.2771e+05,-4,15.464,195,800,-3.9676,15.296,186.14,712.53,0.26319,0.12118,0.02432,0.24768,0.11385,0.021568,0.23599,0.10806,0.019712,227,234,237,170,174,173,173,175,178,255,255,255,255,254,240,205,196,202,0.52582,0.52407,0.52491
1,6.2781e+05,-3.92,15.464,195,800,-3.8838,15.299,185.28,1003.8,0.32679,0.1138,0.02624,0.25487,0.10787,0.02112,0.2364,0.10394,0.018688,243,240,237,168,167,163,186,184,181,255,255,255,255,240,225,193,198,209,0.52003,0.52453,0.52403
1,6.2791e+05,-3.84,15.464,195,800,-3.8243,15.292,185.93,546.18,0.3059,0.123,0.027136,0.25808,0.11514,0.021056,0.2002,0.11047,0.016512,243,240,237,172,167,162,181,182,181,255,255,255,237,224,214,199,204,212,0.53136,0.52787,0.52556
1,6.2801e+05,-3.76,15.464,195,800,-3.7299,15.297,186.36,914.79,0.2484,0.10904,0.019456,0.20139,0.10511,0.015936,0.17984,0.097541,0.013568,229,232,233,166,163,162,166,172,179,255,254,253,185,192,193,202,209,215,0.52234,0.52569,0.52458
1,6.2811e+05,-3.68,15.464,195,800,-3.6514,15.285,187.34,1232.1,0.25456,0.11351,0.021184,0.21747,0.1034,0.017152,0.19919,0.097587,0.014976,224,227,230,160,163,164,170,174,180,255,254,252,176,185,187,199,208,216,0.5282,0.52379,0.52335
1,6.2821e+05,-3.6,15.464,195,800,-3.575,15.301,184.65,909.02,0.22034,0.10108,0.017152,0.20269,0.095354,0.014464,0.17792,0.091741,0.012288,216,221,227,157,166,167,181,181,180,255,252,249,184,188,185,198,209,217,0.52613,0.52575,0.52402
1,6.2831e+05,-3.52,15.464,195,800,-3.4901,15.301,186.68,995.53,0.26834,0.11692,0.02304,0.24307,0.10656,0.01952,0.22068,0.10478,0.017728,224,229,230,159,166,172,172,175,176,249,248,246,207,199,188,204,214,220,0.52284,0.52404,0.52269
1,6.2841e+05,-3.44,15.464,195,800,-3.4201,15.289,185.04,609.37,0.19496,0.11526,0.017664,0.18504,0.10615,0.015296,0.17304,0.099772,0.01376,236,236,233,166,173,177,168,170,172,250,247,244,211,203,192,202,214,221,0.51826,0.52291,0.52449
1,6.2851e+05,-3.36,15.464,195,800,-3.3363,15.274,186.84,839.83,0.23257,0.12082,0.021696,0.21463,0.10778,0.018304,0.20335,0.10174,0.016192,242,241,238,198,199,192,159,165,169,250,247,244,222,214,198,198,212,224,0.52256,0.52393,0.52373
1,6.2861e+05,-3.28,15.464,195,800,-3.2588,15.289,186.37,973.03,0.24176,0.11795,0.022144,0.22308,0.10954,0.018688,0.20932,0.10007,0.016,244,241,238,206,208,200,167,170,171,253,249,244,235,219,199,203,216,227,0.52713,0.52411,0.52154
1,6.2871e+05,-3.2,15.464,195,800,-3.1952,15.326,185.55,896.9,0.26044,0.10932,0.02112,0.23017,0.10365,0.017728,0.21434,0.097549,0.01536,238,236,236,220,214,205,194,183,175,255,251,246,217,211,197,229,236,240,0.52665,0.52696,0.52507
1,6.2881e+05,-3.12,15.464,195,800,-3.0976,15.293,186.69,1113.8,0.23139,0.11403,0.02016,0.20637,0.10885,0.017472,0.1931,0.10461,0.015808,232,232,234,214,207,201,182,181,178,255,252,249,221,205,189,252,252,251,0.52544,0.52441,0.5239
1,6.2891e+05,-3.04,15.464,195,800,-3.0318,15.291,186.21,779.16,0.25095,0.13101,0.025472,0.22576,0.12099,0.021504,0.21656,0.11459,0.01952,233,233,234,206,202,200,189,183,178,255,254,250,219,200,183,255,254,254,0.53029,0.5268,0.52302
1,6.2901e+05,-2.96,15.464,195,800,-2.9342,15.269,185.81,853.77,0.22905,0.12261,0.02208,0.2175,0.11624,0.019904,0.20942,0.11104,0.018112,233,235,237,211,204,199,182,180,176,255,255,253,168,164,158,255,255,255,0.51818,0.51974,0.52302
1,6.2911e+05,-2.88,15.464,195,800,-2.8684,15.293,186.59,1072.7,0.27412,0.11266,0.02208,0.24557,0.10772,0.018176,0.20586,0.10168,0.015168,235,237,239,205,205,199,173,175,175,255,255,253,137,140,142,254,254,254,0.54561,0.54641,0.54505
1,6.2921e+05,-2.8,15.464,195,800,-2.792,15.299,186.85,1024,0.30895,0.11157,0.025088,0.28001,0.1082,0.021952,0.25519,0.10263,0.01888,247,245,244,199,199,196,176,175,175,255,255,253,110,114,124,249,249,249,0.5473,0.55024,0.54823
1,6.2931e+05,-2.72,15.464,195,800,-2.7114,15.299,185.4,764.08,0.27469,0.12153,0.024,0.22486,0.11507,0.01952,0.19106,0.11156,0.016768,248,246,244,205,198,193,184,180,179,255,255,254,143,147,144,240,239,239,0.54333,0.54643,0.54772
1,6.2941e+05,-2.64,15.464,195,800,-2.6381,15.298,186.54,913.76,0.29354,0.11943,0.02528,0.23594,0.10996,0.01984,0.20541,0.10856,0.017216,241,243,243,203,199,194,183,180,180,255,255,254,183,175,157,226,229,229,0.54228,0.54514,0.5456
1,6.2951e+05,-2.56,15.464,195,800,-2.5405,15.294,185.78,961.58,0.24801,0.11633,0.021696,0.20879,0.11085,0.018048,0.19418,0.10492,0.015808,242,240,241,201,199,196,176,177,180,255,255,255,191,181,166,194,198,207,0.54422,0.54321,0.54482
1,6.2961e+05,-2.48,15.464,195,800,-2.5002,15.315,187.32,856.01,0.31403,0.10817,0.02496,0.28572,0.10395,0.021632,0.25241,0.099412,0.017728,241,241,241,198,199,197,177,177,179,255,255,255,156,160,158,177,183,196,0.53727,0.54821,0.5488
1,6.2971e+05,-2.4,15.464,195,800,-2.3952,15.299,185.32,997.7,0.19547,0.11447,0.0176,0.18382,0.10745,0.015232,0.16681,0.10335,0.01344,245,244,243,199,197,192,182,179,180,255,255,254,119,123,129,155,165,179,0.55576,0.55324,0.54952
1,6.2981e+05,-2.32,15.464,195,800,-2.3198,15.302,185.78,805.82,0.27152,0.1242,0.02528,0.24756,0.1193,0.0224,0.22975,0.11272,0.019648,244,245,244,197,189,186,185,184,184,255,254,250,102,105,108,145,152,166,0.55033,0.54582,0.54713
1,6.2991e+05,-2.24,15.464,195,800,-2.2435,15.303,186.88,1035.4,0.29996,0.11956,0.02624,0.26991,0.11215,0.021824,0.24022,0.10706,0.018816,245,246,245,194,185,184,197,189,184,252,251,246,101,100,102,143,146,159,0.54565,0.54643,0.54825
1,6.3001e+05,-2.16,15.464,195,800,-2.1427,15.282,184.71,972.41,0.27168,0.12746,0.026688,0.25053,0.12017,0.023104,0.23273,0.113,0.020544,246,245,245,191,188,186,191,185,179,238,237,235,85,91,92,135,136,147,0.54325,0.54853,0.5484
1,6.3011e+05,-2.08,15.464,195,800,-2.0822,15.302,187.45,1007.4,0.26789,0.12029,0.024064,0.23231,0.11787,0.020672,0.2078,0.1103,0.017408,244,243,244,196,192,187,179,176,176,224,226,225,83,85,87,129,132,146,0.55438,0.5503,0.54742
1,6.3021e+05,-2,15.464,195,800,-2.0132,15.312,186.05,747.5,0.2759,0.12067,0.025152,0.24205,0.11386,0.0208,0.21366,0.11013,0.018048,246,242,243,195,185,184,175,172,172,200,203,205,73,73,76,142,140,150,0.55049,0.54643,0.54692
1,6.3031e+05,-1.92,15.464,195,800,-1.9177,15.293,187.02,823.88,0.4254,0.1257,0.037376,0.39594,0.11674,0.030592,0.31793,0.11511,0.02336,241,240,241,187,185,181,179,178,174,174,181,183,63,67,70,155,151,157,0.54742,0.54502,0.54789
1,6.3041e+05,-1.84,15.464,195,800,-1.8541,15.321,186.49,744.63,0.24812,0.11258,0.01952,0.21408,0.10602,0.01632,0.18054,0.10138,0.013952,240,237,240,207,186,179,180,177,177,169,173,175,67,67,69,157,151,156,0.53963,0.54187,0.5481
1,6.3051e+05,-1.76,15.464,195,800,-1.7671,15.289,186.38,776.39,0.25234,0.12761,0.024704,0.22423,0.12096,0.020992,0.21023,0.11546,0.01888,237,237,240,177,177,180,178,176,178,169,168,169,66,68,71,146,144,148,0.54058,0.54737,0.54882
1,6.3061e+05,-1.68,15.464,195,800,-1.6843,15.282,185.99,902.21,0.27582,0.11967,0.025152,0.24522,0.11565,0.021632,0.22315,0.10798,0.017792,245,241,241,180,180,182,179,176,177,172,170,167,71,73,74,146,141,144,0.53839,0.54642,0.54759
1,6.3071e+05,-1.6,15.464,195,800,-1.6047,15.307,184.96,907.98,0.2372,0.1301,0.023616,0.21888,0.12208,0.020672,0.20504,0.11466,0.01856,247,246,244,192,194,189,177,172,173,165,169,168,96,82,75,153,144,144,0.55319,0.54795,0.5477
1,6.3081e+05,-1.52,15.464,195,800,-1.5252,15.304,185.23,931.15,0.3504,0.11808,0.029504,0.30717,0.11089,0.024576,0.28322,0.1015,0.020992,243,244,244,181,188,192,170,171,170,181,172,167,76,77,74,153,151,152,0.54806,0.54862,0.54742
1,6.3091e+05,-1.44,15.464,195,800,-1.4413,15.301,186.47,792.26,0.21698,0.12027,0.020224,0.20069,0.10847,0.016832,0.18746,0.10617,0.01536,245,243,242,185,189,194,173,170,170,184,172,166,75,75,72,156,154,157,0.5507,0.54738,0.5469
1,6.3101e+05,-1.36,15.464,195,800,-1.3703,15.288,186.55,982.47,0.29571,0.11438,0.024832,0.2541,0.10685,0.02048,0.22112,0.10374,0.017024,240,239,240,204,200,197,166,171,171,166,167,165,73,72,72,159,163,167,0.55798,0.55032,0.54727
1,6.3111e+05,-1.28,15.464,195,800,-1.2779,15.288,185.94,1054.3,0.22789,0.11339,0.02016,0.2077,0.10809,0.017408,0.19429,0.1027,0.015424,238,238,239,206,199,196,176,174,171,169,165,164,73,74,75,169,169,170,0.54898,0.54945,0.54872
1,6.3121e+05,-1.2,15.464,195,800,-1.2111,15.311,185.7,838.31,0.26356,0.11488,0.022208,0.22915,0.10611,0.017856,0.1938,0.10457,0.01536,241,241,240,181,186,193,176,174,173,163,164,166,99,95,89,176,175,173,0.55072,0.5513,0.54972
1,6.3131e+05,-1.12,15.464,195,800,-1.1474,15.301,185.8,964.77,0.25202,0.12247,0.023168,0.21996,0.11468,0.019072,0.19967,0.10901,0.016704,244,242,241,183,186,190,172,174,177,182,179,175,135,123,109,170,170,171,0.53684,0.54745,0.54884
1,6.3141e+05,-1.04,15.464,195,800,-1.0711,15.293,187.26,513.04,0.28906,0.1197,0.0256,0.2568,0.11384,0.02144,0.22385,0.10867,0.018304,245,242,241,186,191,193,182,180,179,197,187,180,156,133,115,169,170,173,0.54199,0.54503,0.54771
1,6.3151e+05,-0.96,15.464,195,800,-0.98618,15.304,185.34,694.44,0.23831,0.13032,0.022656,0.19251,0.12633,0.018496,0.17239,0.11989,0.016192,239,240,240,206,201,198,193,191,186,195,191,187,141,130,116,191,191,188,0.54372,0.54774,0.54763
1,6.3161e+05,-0.88,15.464,195,800,-0.89917,15.292,185.83,640.55,0.26893,0.11919,0.023744,0.22597,0.11357,0.019328,0.20012,0.10791,0.01664,237,239,240,204,204,201,196,192,187,195,191,188,123,119,112,221,209,199,0.54119,0.54446,0.548
1,6.3171e+05,-0.8,15.464,195,800,-0.80793,15.299,185.6,953.91,0.26565,0.11989,0.023424,0.23472,0.112,0.019264,0.19786,0.10826,0.016576,235,239,241,198,200,199,189,189,187,193,190,185,109,105,102,238,227,212,0.54924,0.5482,0.54746
1,6.3181e+05,-0.72,15.464,195,800,-0.74533,15.293,185.73,929.75,0.23711,0.12188,0.021568,0.19871,0.11784,0.017984,0.18165,0.11251,0.015936,240,241,241,173,183,192,187,186,186,184,180,178,102,100,99,210,210,209,0.54068,0.54697,0.54657
1,6.3191e+05,-0.64,15.464,195,800,-0.67,15.294,185.02,769.4,0.24921,0.12498,0.023936,0.2259,0.11912,0.020416,0.2109,0.11414,0.018304,242,242,240,167,178,188,188,187,188,174,174,175,104,102,100,201,204,206,0.53981,0.54558,0.54561
1,6.3201e+05,-0.56,15.464,195,800,-0.58088,15.294,187.1,954.67,0.23586,0.12212,0.021248,0.19497,0.11852,0.017664,0.17972,0.11066,0.015744,236,236,235,182,179,179,197,193,190,170,170,171,113,109,105,207,202,197,0.552,0.54686,0.54516
1,6.3211e+05,-0.48,15.464,195,800,-0.52677,15.317,186.99,1005,0.26176,0.13086,0.025024,0.24656,0.12125,0.021632,0.21425,0.11765,0.018752,232,232,233,180,174,173,197,193,190,172,172,172,116,112,108,201,196,190,0.5476,0.54341,0.54398
1,6.3221e+05,-0.4,15.464,195,800,-0.4334,15.293,186.66,844.03,0.34506,0.12386,0.031616,0.30982,0.11523,0.02688,0.29239,0.10837,0.023552,231,231,232,153,158,165,193,190,186,177,176,177,119,116,114,173,171,172,0.54279,0.5438,0.5438
1,6.3231e+05,-0.32,15.464,195,800,-0.34003,15.287,186.12,932.46,0.28109,0.1215,0.0256,0.2548,0.11411,0.022016,0.23718,0.10688,0.018944,235,236,236,159,164,171,182,180,177,190,187,186,136,128,123,158,159,164,0.55272,0.54745,0.54314
1,6.3241e+05,-0.24,15.464,195,800,-0.27,15.293,185.49,838.84,0.30465,0.11533,0.025024,0.24729,0.11056,0.019328,0.18427,0.11051,0.01536,243,241,238,167,174,179,174,175,174,199,196,194,151,136,127,168,169,172,0.53283,0.53867,0.53913
1,6.3251e+05,-0.16,15.464,195,800,-0.20316,15.303,186.77,689.34,0.25564,0.13266,0.025856,0.23585,0.12615,0.022528,0.21509,0.12232,0.020224,246,242,239,186,188,185,172,171,171,227,218,213,142,134,128,222,206,197,0.54069,0.53991,0.53998
1,6.3261e+05,-0.08,15.464,195,800,-0.10661,15.275,188.11,800.22,0.26976,0.13063,0.027456,0.24717,0.12402,0.02368,0.22932,0.11657,0.020992,240,239,239,189,188,183,173,172,172,235,228,222,130,130,129,225,218,209,0.54175,0.54487,0.54397
1,6.3271e+05,0,15.464,195,800,-0.048256,15.296,152.51,866.94,0.30961,0.12131,0.028544,0.26266,0.1159,0.02272,0.21406,0.11397,0.019008,240,240,240,179,175,177,175,177,175,244,240,238,153,153,150,227,220,218,0.49737,0.48797,0.48868
1,6.3573e+05,0,15.557,195,800,-0.092818,15.375,-0.40157,990.94,0,0,0,0,0,0,0,0,0,240,240,241,172,181,187,167,168,170,245,245,246,133,141,150,189,196,201,0.46703,0.48434,0.48995
1,6.3583e+05,-0.08,15.557,195,800,-0.14905,15.363,185.82,847.63,0.27362,0.11794,0.023296,0.26005,0.11061,0.021056,0.25237,0.10467,0.019008,222,229,236,175,181,184,162,165,167,226,232,234,123,129,134,177,184,188,0.54873,0.54783,0.54771
1,6.3593e+05,-0.16,15.557,195,800,-0.23181,15.394,186.25,697.18,0.22117,0.12742,0.022016,0.20312,0.12466,0.020032,0.19528,0.11982,0.018496,222,227,233,188,184,183,166,167,168,212,221,227,132,134,135,165,170,177,0.53881,0.54312,0.54612
1,6.3603e+05,-0.24,15.557,195,800,-0.29759,15.368,186.59,816.52,0.2881,0.14284,0.032192,0.25108,0.13351,0.026496,0.22804,0.13068,0.023424,223,227,230,174,176,178,173,173,172,195,204,213,126,135,138,141,148,157,0.539,0.54143,0.54363
1,6.3613e+05,-0.32,15.557,195,800,-0.3761,15.399,184.71,1099.3,0.3509,0.12544,0.032512,0.28276,0.11281,0.023616,0.20605,0.11337,0.01824,222,225,229,165,170,175,175,175,176,195,201,207,123,130,136,142,147,155,0.5334,0.54584,0.54576
1,6.3623e+05,-0.4,15.557,195,800,-0.45674,15.389,185.4,807.45,0.24878,0.11871,0.022592,0.22306,0.11324,0.019392,0.20892,0.10763,0.016896,220,224,228,161,168,175,181,182,183,190,195,198,120,125,129,164,168,171,0.53679,0.54848,0.54893
1,6.3633e+05,-0.48,15.557,195,800,-0.53525,15.382,186.13,854.76,0.25576,0.12966,0.025216,0.2253,0.1222,0.021632,0.21224,0.11318,0.018816,229,231,233,182,186,187,187,189,190,181,187,194,119,122,123,210,204,195,0.54809,0.54845,0.54889
1,6.3643e+05,-0.56,15.557,195,800,-0.61589,15.388,186.54,646.83,0.29976,0.12804,0.027968,0.25023,0.12112,0.022912,0.21669,0.11948,0.01952,236,236,236,201,200,195,189,191,191,183,187,193,110,116,120,223,213,201,0.54328,0.54613,0.54864
1,6.3653e+05,-0.64,15.557,195,800,-0.69228,15.372,184.62,585.03,0.37205,0.12192,0.03072,0.32329,0.11087,0.021632,0.17173,0.11256,0.015232,247,245,242,229,217,206,189,189,188,185,192,197,99,106,112,207,206,204,0.56372,0.55345,0.54939
1,6.3663e+05,-0.72,15.557,195,800,-0.75806,15.375,186.17,790.46,0.27995,0.11733,0.02496,0.25534,0.10934,0.020992,0.22327,0.10642,0.018048,249,246,243,225,217,209,185,185,186,189,195,199,95,102,109,207,203,201,0.54038,0.54898,0.54977
1,6.3673e+05,-0.8,15.557,195,800,-0.85249,15.383,187.05,805.57,0.28245,0.11845,0.02464,0.26235,0.11027,0.021056,0.23855,0.1044,0.018112,247,245,242,231,219,208,178,180,182,195,199,202,92,99,107,202,199,194,0.54958,0.55177,0.54841
1,6.3683e+05,-0.88,15.557,195,800,-0.92358,15.397,186.18,588.85,0.26435,0.11161,0.02176,0.21993,0.10627,0.017856,0.19165,0.10369,0.015104,242,240,239,202,203,203,182,182,182,195,199,203,94,101,110,178,177,178,0.54918,0.5497,0.54899
1,6.3693e+05,-0.96,15.557,195,800,-1.0063,15.397,186.04,928.94,0.26894,0.12199,0.024896,0.24199,0.11739,0.021824,0.23049,0.11185,0.019584,234,236,238,184,194,198,183,184,182,195,199,202,96,104,112,165,165,167,0.55211,0.54853,0.54833
1,6.3703e+05,-1.04,15.557,195,800,-1.0679,15.378,186.33,754.24,0.23123,0.11181,0.01984,0.19807,0.10441,0.016128,0.18014,0.099192,0.014144,230,233,237,191,192,192,183,181,180,192,194,196,94,102,110,149,148,150,0.55229,0.55389,0.55167
1,6.3713e+05,-1.12,15.557,195,800,-1.1453,15.369,186.73,781.08,0.23659,0.12398,0.02176,0.20446,0.11941,0.018496,0.1876,0.11446,0.016512,232,235,238,199,195,193,178,179,179,185,189,191,89,99,108,141,142,145,0.5551,0.55037,0.55103
1,6.3723e+05,-1.2,15.557,195,800,-1.2387,15.388,185.74,819.99,0.26145,0.16221,0.027136,0.22362,0.14713,0.022656,0.19987,0.13727,0.019648,238,239,240,211,203,196,178,176,176,175,177,181,94,93,95,136,136,139,0.55276,0.55295,0.5519
1,6.3733e+05,-1.28,15.557,195,800,-1.3257,15.401,186.68,1013.1,0.232,0.14751,0.024192,0.20392,0.1391,0.020928,0.18917,0.13243,0.018624,243,241,241,219,207,196,166,169,172,178,177,178,73,79,85,130,130,134,0.55498,0.54836,0.54974
1,6.3743e+05,-1.36,15.557,195,800,-1.4074,15.403,185.76,702.63,0.33063,0.15222,0.03456,0.31371,0.14612,0.030592,0.29759,0.13798,0.027072,240,242,242,212,204,193,161,166,171,177,178,179,72,76,81,126,127,131,0.55387,0.54979,0.55127
1,6.3753e+05,-1.44,15.557,195,800,-1.4785,15.397,185.42,746.02,0.28701,0.13121,0.024896,0.24026,0.11775,0.020544,0.22742,0.10721,0.017472,248,245,243,199,190,185,162,163,168,174,178,182,81,79,79,121,120,124,0.54632,0.55074,0.5509
1,6.3763e+05,-1.52,15.557,195,800,-1.54,15.394,187.09,840.42,0.32226,0.1433,0.033664,0.28472,0.13831,0.028416,0.21954,0.12459,0.021056,244,244,242,186,185,180,158,163,168,171,179,184,77,78,80,113,116,122,0.54311,0.54952,0.5489
1,6.3773e+05,-1.6,15.557,195,800,-1.6397,15.394,187.55,797.6,0.32552,0.15057,0.036288,0.30684,0.13312,0.029824,0.29476,0.12275,0.025856,238,237,237,177,177,172,168,170,173,181,185,187,79,79,80,112,115,121,0.55823,0.55204,0.55171
1,6.3783e+05,-1.68,15.557,195,800,-1.7299,15.42,187.78,1040.5,0.36943,0.13279,0.034112,0.33346,0.12328,0.027648,0.23745,0.11478,0.020928,231,229,233,171,164,165,196,187,182,182,184,186,82,79,79,120,121,124,0.54544,0.55023,0.55171
1,6.3793e+05,-1.76,15.557,195,800,-1.7692,15.382,186.3,810.11,0.22486,0.11021,0.01888,0.19132,0.10746,0.015744,0.17339,0.10183,0.013696,227,227,233,159,158,163,202,191,183,173,181,186,81,78,78,124,125,125,0.55494,0.54921,0.54922
1,6.3803e+05,-1.84,15.557,195,800,-1.8615,15.379,185.96,715.09,0.24771,0.12595,0.024512,0.23123,0.12009,0.02176,0.21523,0.11394,0.019392,242,235,237,147,156,164,178,179,180,191,188,190,73,74,75,128,124,125,0.55093,0.5478,0.54861
1,6.3813e+05,-1.92,15.557,195,800,-1.9368,15.393,186.98,741.78,0.27192,0.11581,0.02368,0.22862,0.11092,0.019456,0.20526,0.10926,0.017216,244,240,240,156,160,167,169,173,176,189,194,196,72,74,76,120,120,123,0.54813,0.54961,0.55046
1,6.3823e+05,-2,15.557,195,800,-2.0302,15.408,187.07,700.01,0.26558,0.11009,0.022144,0.23313,0.10253,0.018368,0.21366,0.098749,0.016064,246,244,244,172,174,179,170,169,172,224,218,214,73,76,79,109,112,118,0.5417,0.54883,0.55096
1,6.3833e+05,-2.08,15.557,195,800,-2.1055,15.393,187.65,1171.5,0.19611,0.11082,0.016896,0.17218,0.10533,0.014592,0.16373,0.10184,0.013056,243,243,245,195,193,189,170,172,176,251,240,230,82,85,86,127,119,119,0.55577,0.5523,0.55126
1,6.3843e+05,-2.16,15.557,195,800,-2.1872,15.403,185.98,926.74,0.23376,0.13089,0.02208,0.18998,0.12486,0.018432,0.17003,0.12187,0.016192,244,244,245,194,194,192,174,176,179,238,239,235,94,91,89,131,123,121,0.56237,0.5533,0.55062
1,6.3853e+05,-2.24,15.557,195,800,-2.2562,15.392,187.66,798.27,0.2316,0.11407,0.020544,0.20331,0.10572,0.017088,0.19261,0.1012,0.015296,246,245,246,175,182,187,181,180,182,241,240,242,90,93,96,140,135,133,0.55282,0.55035,0.54966
1,6.3863e+05,-2.32,15.557,195,800,-2.3305,15.389,188.09,750.72,0.22852,0.11674,0.020096,0.20231,0.10556,0.016512,0.17731,0.10476,0.014464,240,244,246,173,181,185,177,180,182,241,244,246,87,94,101,161,147,138,0.54681,0.54897,0.54967
1,6.3873e+05,-2.4,15.557,195,800,-2.4132,15.402,187.58,680.09,0.29918,0.10659,0.023104,0.23179,0.10272,0.0176,0.19654,0.098956,0.01472,244,245,245,196,191,186,174,177,180,252,252,252,102,109,118,176,159,150,0.5408,0.54934,0.55207
1,6.3883e+05,-2.48,15.557,195,800,-2.4885,15.396,186.52,1183.2,0.29489,0.11421,0.025088,0.25915,0.10909,0.02048,0.19949,0.10634,0.015744,242,243,243,203,196,187,182,181,181,255,255,254,116,128,138,175,169,166,0.55855,0.54985,0.54957
1,6.3893e+05,-2.56,15.557,195,800,-2.5681,15.383,186.33,840.07,0.27101,0.11735,0.023744,0.23518,0.10938,0.019392,0.20716,0.10734,0.01696,242,241,242,197,193,187,184,182,180,255,254,254,124,134,141,191,182,178,0.55269,0.55022,0.54917
1,6.3903e+05,-2.64,15.557,195,800,-2.6339,15.389,186.35,703.12,0.21631,0.10948,0.017984,0.17857,0.10828,0.01472,0.16401,0.1021,0.012992,239,239,242,193,189,184,174,176,178,251,250,250,118,124,131,223,212,206,0.54553,0.54857,0.54787
1,6.3913e+05,-2.72,15.557,195,800,-2.7177,15.384,187.63,893.32,0.22362,0.12887,0.022464,0.20851,0.12459,0.020288,0.19869,0.11558,0.017856,240,240,242,188,185,183,171,173,175,247,248,249,106,112,122,231,225,219,0.54677,0.54766,0.5477
1,6.3923e+05,-2.8,15.557,195,800,-2.8185,15.402,187.9,794.42,0.26847,0.11974,0.024384,0.2369,0.11388,0.02048,0.22106,0.10828,0.01824,242,242,242,184,182,183,169,170,172,249,248,248,99,105,115,248,245,239,0.54388,0.54329,0.54507
1,6.3933e+05,-2.88,15.557,195,800,-2.879,15.403,186.23,852.61,0.22784,0.1132,0.01984,0.20695,0.10827,0.017216,0.18982,0.10558,0.015552,236,237,238,189,189,189,168,171,173,248,247,248,122,127,132,255,254,249,0.54597,0.54146,0.54144
1,6.3943e+05,-2.96,15.557,195,800,-2.9681,15.401,188.12,853.01,0.2191,0.11683,0.019904,0.18704,0.11419,0.016768,0.17611,0.11087,0.015296,236,235,237,199,195,194,174,174,175,244,246,247,135,139,145,255,255,251,0.51834,0.51955,0.52137
1,6.3953e+05,-3.04,15.557,195,800,-3.036,15.378,186.77,862.29,0.27723,0.11696,0.024192,0.22201,0.11399,0.019456,0.20432,0.10798,0.017024,238,237,237,202,200,196,172,176,176,240,240,242,137,151,163,255,254,251,0.52062,0.52389,0.52328
1,6.3963e+05,-3.12,15.557,195,800,-3.1198,15.39,186.32,1110.1,0.22745,0.12198,0.021056,0.20718,0.11844,0.018688,0.19702,0.10804,0.016576,239,237,236,195,196,196,169,172,175,231,235,240,139,153,168,255,253,249,0.52503,0.52706,0.52695
1,6.3973e+05,-3.2,15.557,195,800,-3.2015,15.402,185.03,695.36,0.27705,0.1197,0.025472,0.25559,0.1145,0.022528,0.23443,0.1083,0.019904,230,233,235,193,193,192,161,167,171,226,229,235,139,154,173,251,248,244,0.52376,0.52845,0.52836
1,6.3983e+05,-3.28,15.557,195,800,-3.2885,15.409,186.7,1055,0.25743,0.1149,0.022208,0.22028,0.11148,0.01888,0.19908,0.10597,0.016512,229,232,234,208,199,189,170,169,169,216,222,230,143,154,169,250,244,238,0.52295,0.52134,0.5234
1,6.3993e+05,-3.36,15.557,195,800,-3.3511,15.382,185.64,994.84,0.22454,0.12205,0.021632,0.20934,0.11564,0.019136,0.19927,0.11163,0.017472,230,231,233,205,195,185,173,170,169,213,220,229,139,149,164,250,244,237,0.52217,0.52317,0.52426
1,6.4003e+05,-3.44,15.557,195,800,-3.4052,15.372,187.35,673.23,0.29288,0.12331,0.027712,0.26492,0.11582,0.023488,0.24172,0.11033,0.02048,227,228,229,179,180,180,169,171,171,224,225,230,125,135,151,251,244,236,0.52493,0.52454,0.52399
1,6.4013e+05,-3.52,15.557,195,800,-3.4944,15.379,185.88,925.67,0.25643,0.11293,0.021504,0.22569,0.10636,0.01792,0.20689,0.10311,0.015872,224,226,228,180,180,177,173,174,174,226,229,234,123,131,145,249,243,236,0.53028,0.52754,0.5246
1,6.4023e+05,-3.6,15.557,195,800,-3.6058,15.385,188.03,931.11,0.22792,0.1152,0.020288,0.21075,0.10655,0.017408,0.19258,0.10258,0.015488,230,229,230,190,183,174,181,179,176,234,238,241,120,129,142,245,240,235,0.53029,0.52693,0.52537
1,6.4033e+05,-3.68,15.557,195,800,-3.6769,15.398,187.35,1169.5,0.27691,0.12219,0.025856,0.25597,0.11507,0.022784,0.24752,0.10655,0.02048,236,235,235,176,173,171,176,176,177,248,248,249,127,135,148,242,239,234,0.52317,0.52401,0.52429
1,6.4043e+05,-3.76,15.557,195,800,-3.7586,15.412,188.33,957.73,0.30264,0.10878,0.024448,0.25906,0.10738,0.021056,0.24399,0.10009,0.018624,235,236,237,172,171,169,181,178,178,253,251,251,134,143,157,243,239,233,0.52585,0.52526,0.5252
1,6.4053e+05,-3.84,15.557,195,800,-3.8339,15.389,185.85,925.08,0.26277,0.10846,0.021312,0.22207,0.10543,0.01792,0.20249,0.10277,0.015936,234,236,238,167,166,167,184,184,181,254,254,254,163,173,182,234,231,227,0.52403,0.52291,0.52289
1,6.4063e+05,-3.92,15.557,195,800,-3.9082,15.409,185.68,1016.5,0.21973,0.11677,0.020096,0.21091,0.109,0.018048,0.19625,0.10649,0.016384,235,236,237,164,163,167,184,184,182,255,255,255,176,189,194,228,222,222,0.5231,0.52143,0.52227
1,6.4073e+05,-4,15.557,195,800,-3.9697,15.372,186.04,907.39,0.36781,0.12168,0.031552,0.32778,0.11354,0.026368,0.29763,0.10873,0.022848,232,233,236,174,173,172,187,184,181,255,255,255,196,203,206,197,201,208,0.52253,0.52304,0.52426
1,6.4083e+05,-4.08,15.557,195,800,-4.0662,15.392,185.09,617.44,0.25979,0.1148,0.021504,0.22924,0.10941,0.01824,0.20385,0.10029,0.01568,237,237,237,189,183,178,172,178,178,255,255,254,205,206,203,184,194,204,0.52233,0.52451,0.52358
1,6.4093e+05,-4.16,15.557,195,800,-4.1437,15.392,185.56,794.92,0.20585,0.11912,0.019264,0.18879,0.11354,0.016832,0.17322,0.1111,0.014976,240,239,238,179,181,181,168,176,179,255,255,253,199,199,197,199,201,207,0.53031,0.52483,0.52347
1,6.4103e+05,-4.24,15.557,195,800,-4.2148,15.396,185.91,880.75,0.26508,0.10781,0.021952,0.22364,0.1056,0.018304,0.19977,0.099028,0.015296,228,234,237,165,177,180,195,183,178,253,250,249,152,166,179,223,221,221,0.52325,0.52322,0.52266
1,6.4113e+05,-4.32,15.557,195,800,-4.3039,15.384,185.15,865.88,0.23851,0.11819,0.021824,0.22054,0.11279,0.019264,0.21154,0.10331,0.01696,227,232,236,165,175,178,192,184,177,244,244,245,139,152,169,241,233,228,0.52218,0.52159,0.52341
1,6.4123e+05,-4.4,15.557,195,800,-4.3803,15.407,186.92,1062.8,0.28615,0.12664,0.027072,0.2435,0.11918,0.022336,0.21234,0.11791,0.01952,232,233,234,168,168,173,177,175,172,222,231,239,122,135,155,251,247,238,0.52271,0.52083,0.52177
1,6.4133e+05,-4.48,15.557,195,800,-4.462,15.408,186.74,849.62,0.24893,0.10962,0.020736,0.22051,0.10549,0.017792,0.19733,0.10407,0.015552,228,231,234,158,166,172,170,170,170,225,229,235,116,130,149,251,246,236,0.52252,0.52095,0.52035
1,6.4143e+05,-4.56,15.557,195,800,-4.5437,15.396,188.1,765.41,0.25539,0.13274,0.025408,0.21503,0.12961,0.020992,0.19251,0.12692,0.018368,231,231,233,159,169,176,173,171,170,228,230,234,117,130,147,238,239,231,0.52112,0.52173,0.52056
1,6.4153e+05,-4.64,15.557,195,800,-4.6127,15.378,188.13,801.66,0.27426,0.10567,0.021312,0.2399,0.10055,0.017728,0.22213,0.093706,0.015424,226,230,233,191,186,185,169,174,177,221,224,231,116,125,140,207,215,217,0.51621,0.51999,0.52056
1,6.4163e+05,-4.72,15.557,195,800,-4.6922,15.398,186.55,849.51,0.32213,0.10572,0.024192,0.27522,0.10288,0.01984,0.21518,0.099703,0.015424,229,231,233,207,194,187,177,181,183,215,224,232,108,120,137,203,210,213,0.50837,0.51656,0.51889
1,6.4173e+05,-4.8,15.557,195,800,-4.7654,15.385,187.67,1038.7,0.22896,0.11388,0.019904,0.19592,0.1072,0.016128,0.16734,0.10299,0.013632,230,231,234,210,196,189,222,206,191,236,236,237,108,116,131,227,223,217,0.51271,0.51552,0.51689
1,6.4183e+05,-4.88,15.557,195,800,-4.8397,15.375,186.51,776.42,0.2357,0.11264,0.020032,0.20669,0.11102,0.017536,0.17769,0.10811,0.015168,241,236,235,180,181,186,192,193,190,251,248,246,112,118,132,241,237,227,0.51643,0.51555,0.51718
1,6.4193e+05,-4.96,15.557,195,800,-4.9299,15.383,187.73,695.11,0.25351,0.1197,0.019904,0.19265,0.11386,0.016512,0.16959,0.11079,0.01472,238,238,237,171,181,188,185,184,185,252,251,250,117,122,136,245,237,231,0.51975,0.51819,0.51801
1,6.4203e+05,-5.04,15.557,195,800,-5.0073,15.399,186.16,985.63,0.22886,0.12379,0.021376,0.2071,0.12165,0.019008,0.19216,0.11614,0.016896,236,238,240,191,188,188,183,184,184,255,255,254,137,143,154,231,235,237,0.52199,0.51866,0.51927
1,6.4213e+05,-5.12,15.557,195,800,-5.0721,15.363,187.32,839.84,0.22529,0.11723,0.019968,0.20391,0.11022,0.017344,0.18489,0.10574,0.014912,241,241,241,180,184,189,193,194,186,255,255,255,158,156,165,245,241,241,0.52094,0.51966,0.51966
1,6.4223e+05,-5.2,15.557,195,800,-5.1654,15.393,185.78,699.59,0.27884,0.11426,0.023488,0.2401,0.1072,0.019264,0.20233,0.10418,0.016064,247,245,243,177,182,186,198,195,186,255,255,255,170,176,182,255,253,249,0.52258,0.52052,0.51985
1,6.4233e+05,-5.28,15.557,195,800,-5.2461,15.401,186.51,773.78,0.2416,0.11488,0.020992,0.21305,0.1088,0.018048,0.19417,0.10418,0.015488,243,244,244,175,178,179,181,180,179,255,255,255,174,177,183,255,255,254,0.52575,0.52097,0.51951
1,6.4243e+05,-5.36,15.557,195,800,-5.332,15.398,186.68,1188,0.27849,0.11409,0.023168,0.23831,0.10714,0.019136,0.20358,0.10575,0.01664,246,244,242,167,171,176,182,178,175,255,255,255,163,171,181,255,255,254,0.51497,0.51578,0.51807
1,6.4253e+05,-5.44,15.557,195,800,-5.3861,15.37,186.5,917.71,0.24025,0.11899,0.021888,0.21767,0.11344,0.019072,0.20411,0.10637,0.016704,234,236,238,157,162,170,173,172,170,255,255,255,155,162,176,255,255,254,0.51964,0.5179,0.51689
1,6.4263e+05,-5.52,15.557,195,800,-5.4731,15.383,185.45,837.03,0.26867,0.12608,0.026176,0.24642,0.11826,0.022784,0.2283,0.11196,0.019776,231,233,235,153,161,170,170,169,168,255,255,255,152,161,177,255,255,253,0.50175,0.5115,0.51466
1,6.4273e+05,-5.6,15.557,195,800,-5.576,15.411,186.77,1204.7,0.25786,0.11451,0.021248,0.21386,0.10712,0.016832,0.17315,0.10181,0.013696,224,229,233,151,162,173,173,171,170,255,255,255,167,175,189,255,254,250,0.51715,0.51665,0.51597
1,6.4283e+05,-5.68,15.557,195,800,-5.6408,15.401,186.21,895.37,0.28771,0.11238,0.02368,0.26644,0.10246,0.019968,0.23558,0.098465,0.01696,232,232,235,163,168,176,180,176,172,255,255,255,214,213,214,252,248,241,0.52232,0.52095,0.52077
1,6.4293e+05,-5.76,15.557,195,800,-5.7097,15.383,187.61,970.87,0.19626,0.11721,0.017728,0.17121,0.1138,0.015168,0.16324,0.10603,0.01344,234,235,237,166,171,178,175,175,173,255,255,255,234,231,226,244,240,236,0.52925,0.53342,0.53362
1,6.4303e+05,-5.84,15.557,195,800,-5.8042,15.404,186.14,757.42,0.17741,0.11772,0.015936,0.1597,0.111,0.013824,0.14928,0.10905,0.012608,238,239,241,175,176,180,172,170,168,255,255,255,254,247,238,223,223,224,0.54911,0.54795,0.54687
1,6.4313e+05,-5.92,15.557,195,800,-5.8667,15.399,187.74,1013.2,0.26693,0.10771,0.019776,0.18889,0.10728,0.015424,0.16771,0.10282,0.012928,239,241,243,177,179,184,168,167,166,255,255,255,253,247,238,214,218,221,0.56194,0.56113,0.5603
1,6.4323e+05,-6,15.557,195,800,-5.941,15.375,152.72,818.86,0.20178,0.12996,0.020224,0.18896,0.12327,0.018048,0.1751,0.11738,0.016128,241,242,244,201,194,191,161,162,164,255,255,255,250,242,235,216,217,220,0.4195,0.43257,0.44947
1,6.4625e+05,-6,15.65,195,800,-5.8933,15.46,0.38962,1064.1,0,0,0,0,0,0,0,0,0,243,244,245,196,198,199,165,164,164,255,255,255,216,220,222,224,226,228,0.43715,0.45065,0.46352
1,6.4635e+05,-5.92,15.65,195,800,-5.8423,15.482,185.98,695.24,0.23506,0.12695,0.020224,0.21455,0.12101,0.017024,0.15262,0.11332,0.013632,246,245,245,190,193,196,168,167,166,255,255,255,229,229,230,246,240,236,0.56531,0.56488,0.56461
1,6.4645e+05,-5.84,15.65,195,800,-5.767,15.479,186.39,778.54,0.19136,0.11307,0.016768,0.17194,0.11041,0.014656,0.15982,0.10628,0.012864,247,246,245,189,192,195,171,169,168,255,255,255,239,238,236,253,248,241,0.56343,0.55352,0.5522
1,6.4655e+05,-5.76,15.65,195,800,-5.7065,15.49,186.63,542.06,0.22983,0.1425,0.023232,0.19881,0.11813,0.018048,0.18016,0.11325,0.016,245,244,243,198,197,195,171,171,171,255,255,255,254,249,240,255,254,249,0.5324,0.53837,0.53824
1,6.4665e+05,-5.68,15.65,195,800,-5.628,15.494,186.29,533.79,0.25604,0.16292,0.031552,0.23797,0.15029,0.027136,0.23082,0.12866,0.023296,243,242,242,203,199,195,171,170,171,255,255,255,249,243,236,255,255,251,0.52584,0.52536,0.52657
1,6.4675e+05,-5.6,15.65,195,800,-5.5304,15.495,187.08,880.64,0.31118,0.13311,0.030848,0.26697,0.12458,0.025024,0.24321,0.11589,0.021376,243,242,240,202,198,193,161,164,168,255,255,255,220,218,217,255,255,253,0.51764,0.52053,0.52118
1,6.4685e+05,-5.52,15.65,195,800,-5.4699,15.493,187.13,794.45,0.31108,0.11764,0.025792,0.26742,0.11107,0.021376,0.23116,0.10525,0.01728,243,241,240,191,190,189,159,162,166,255,255,255,192,192,191,255,255,252,0.52088,0.52013,0.51951
1,6.4695e+05,-5.44,15.65,195,800,-5.3755,15.492,186.72,926.28,0.26019,0.12789,0.025472,0.23256,0.12143,0.021888,0.21152,0.11597,0.019008,238,240,242,183,184,186,160,161,165,255,255,255,172,175,178,255,255,252,0.52034,0.51727,0.51937
1,6.4705e+05,-5.36,15.65,195,800,-5.3044,15.464,185.92,844.13,0.26825,0.11957,0.024064,0.23343,0.11195,0.019584,0.20186,0.10951,0.01696,244,245,245,173,181,187,157,161,166,255,255,255,141,150,161,255,255,253,0.51789,0.5205,0.52126
1,6.4715e+05,-5.28,15.65,195,800,-5.2418,15.498,187.69,850.46,0.24678,0.1203,0.021312,0.19949,0.11385,0.01728,0.18824,0.109,0.015488,252,248,246,186,186,189,160,163,168,255,255,255,147,149,157,255,254,252,0.51908,0.52306,0.52206
1,6.4725e+05,-5.2,15.65,195,800,-5.1527,15.474,185.4,755.33,0.27749,0.11916,0.024384,0.246,0.11216,0.020736,0.22049,0.10994,0.018304,242,246,247,188,191,194,166,169,172,255,255,255,149,152,158,254,253,250,0.52647,0.52372,0.52122
1,6.4735e+05,-5.12,15.65,195,800,-5.0699,15.493,186.22,1040.5,0.22124,0.13186,0.022592,0.20035,0.12178,0.019072,0.18466,0.11786,0.017088,247,247,246,185,191,196,161,167,173,255,255,255,140,147,154,255,252,245,0.53472,0.52599,0.52391
1,6.4745e+05,-5.04,15.65,195,800,-4.9851,15.473,186.15,981.01,0.30329,0.11677,0.02624,0.23974,0.11413,0.020288,0.18955,0.10854,0.016064,249,247,246,192,194,196,166,168,172,255,254,254,139,143,147,254,250,242,0.52283,0.5226,0.52333
1,6.4755e+05,-4.96,15.65,195,800,-4.9193,15.497,185.6,662.26,0.2175,0.13309,0.021824,0.20089,0.12289,0.018752,0.18566,0.1186,0.01696,249,248,245,189,198,200,167,173,178,246,247,248,119,130,138,243,240,235,0.51589,0.51993,0.52152
1,6.4765e+05,-4.88,15.65,195,800,-4.8386,15.494,187.49,569.99,0.25452,0.12959,0.024576,0.22307,0.12245,0.020864,0.21336,0.11342,0.018496,251,246,244,202,198,201,176,180,184,236,239,243,127,131,136,238,237,232,0.51893,0.52095,0.52177
1,6.4775e+05,-4.8,15.65,195,800,-4.7559,15.479,186.92,907.74,0.26074,0.13955,0.02656,0.22993,0.12114,0.021632,0.20952,0.11915,0.019328,242,244,243,183,196,206,192,191,186,224,229,234,149,142,136,238,232,223,0.51853,0.52053,0.52092
1,6.4785e+05,-4.72,15.65,195,800,-4.6721,15.471,187.78,905.62,0.33172,0.12965,0.03264,0.29743,0.12234,0.027968,0.27771,0.11729,0.024832,247,244,241,202,202,201,172,176,178,225,228,231,136,136,137,215,217,217,0.52507,0.52377,0.52265
1,6.4795e+05,-4.64,15.65,195,800,-4.5989,15.485,185.6,891.51,0.29183,0.11905,0.024896,0.23331,0.11245,0.01984,0.20892,0.10661,0.016896,244,242,239,196,198,196,171,170,172,229,228,231,134,137,139,217,217,219,0.52542,0.52433,0.52312
1,6.4805e+05,-4.56,15.65,195,800,-4.5352,15.49,185.38,915.48,0.19559,0.12011,0.0176,0.17652,0.11428,0.01568,0.16434,0.1123,0.014208,236,237,237,183,180,181,171,171,169,222,230,234,163,154,146,248,239,230,0.52126,0.5239,0.52381
1,6.4815e+05,-4.48,15.65,195,800,-4.4333,15.484,187.54,848.98,0.23942,0.13709,0.024448,0.21237,0.13257,0.021184,0.19706,0.12628,0.0192,239,238,237,171,170,175,174,172,168,235,234,235,165,156,146,255,248,237,0.52723,0.52534,0.52502
1,6.4825e+05,-4.4,15.65,195,800,-4.3654,15.479,185.92,730.48,0.21042,0.12536,0.020544,0.18997,0.11674,0.017344,0.17863,0.11452,0.016,247,242,239,149,161,171,164,166,168,240,241,240,128,132,139,255,250,242,0.52049,0.52359,0.52549
1,6.4835e+05,-4.32,15.65,195,800,-4.2816,15.469,187.01,704.42,0.26285,0.12523,0.024192,0.22999,0.11873,0.020736,0.20495,0.11688,0.01824,247,244,241,181,175,175,167,169,169,243,243,244,123,128,138,251,247,236,0.51335,0.51789,0.52408
1,6.4845e+05,-4.24,15.65,195,800,-4.2211,15.489,187.5,806.78,0.30723,0.11956,0.026688,0.26155,0.11598,0.022272,0.23171,0.10754,0.018432,247,245,242,183,177,179,172,173,171,239,244,247,141,141,144,249,243,231,0.52208,0.52418,0.52517
1,6.4855e+05,-4.16,15.65,195,800,-4.1172,15.474,187,767.71,0.25404,0.11815,0.022528,0.23508,0.11136,0.0192,0.21157,0.10384,0.016576,243,245,242,173,179,186,186,179,174,252,251,252,150,153,158,234,228,217,0.52564,0.52485,0.52423
1,6.4865e+05,-4.08,15.65,195,800,-4.045,15.483,186.13,994.52,0.25272,0.11491,0.021696,0.21631,0.10827,0.017792,0.19314,0.10506,0.015744,245,244,241,176,181,185,192,182,175,255,254,253,152,154,164,224,219,212,0.51801,0.52289,0.52432
1,6.4875e+05,-4,15.65,195,800,-3.9601,15.469,187.37,551.48,0.25148,0.11925,0.022208,0.20676,0.11802,0.01856,0.18417,0.11209,0.016064,239,241,240,164,173,180,181,179,175,255,255,255,174,171,171,223,221,213,0.5183,0.52366,0.52436
1,6.4885e+05,-3.92,15.65,195,800,-3.8922,15.488,186.73,903.99,0.2652,0.12263,0.024768,0.24784,0.11378,0.02144,0.22883,0.11109,0.019392,242,241,240,168,171,175,180,178,175,255,255,255,186,175,167,251,242,226,0.52919,0.5276,0.52614
1,6.4895e+05,-3.84,15.65,195,800,-3.7999,15.458,187.72,849.54,0.28073,0.11571,0.023872,0.24731,0.10742,0.019264,0.20829,0.10424,0.016704,242,243,242,171,173,175,186,180,175,255,255,254,169,163,159,255,248,232,0.53018,0.5258,0.52477
1,6.4905e+05,-3.76,15.65,195,800,-3.7469,15.485,185.81,842.63,0.25246,0.13439,0.025472,0.22577,0.12751,0.02208,0.20898,0.1182,0.019072,248,247,244,168,172,178,179,178,176,249,250,250,138,139,142,255,250,238,0.52235,0.52399,0.52579
1,6.4915e+05,-3.68,15.65,195,800,-3.6387,15.469,184.2,1032,0.27554,0.1182,0.024128,0.24373,0.11326,0.02048,0.22211,0.10519,0.017536,250,247,244,163,171,180,171,175,176,247,247,248,139,136,137,255,251,239,0.52195,0.52081,0.52495
1,6.4925e+05,-3.6,15.65,195,800,-3.5644,15.477,185.89,751.38,0.24982,0.12593,0.024064,0.2391,0.11374,0.020288,0.21723,0.10943,0.018368,239,240,239,174,178,184,177,175,174,241,241,241,131,132,133,255,249,239,0.51973,0.52466,0.52612
1,6.4935e+05,-3.52,15.65,195,800,-3.4986,15.487,185.37,939,0.30873,0.11644,0.02464,0.25052,0.11232,0.018368,0.17273,0.1094,0.014976,228,229,233,186,184,185,172,171,170,229,231,234,122,127,138,246,244,238,0.52806,0.52631,0.52635
1,6.4945e+05,-3.44,15.65,195,800,-3.4212,15.479,187.85,746.3,0.28301,0.11731,0.024768,0.24218,0.10948,0.020288,0.21143,0.1055,0.01728,226,228,231,176,178,183,167,168,169,222,226,231,126,133,145,248,243,237,0.5277,0.52534,0.52644
1,6.4955e+05,-3.36,15.65,195,800,-3.3469,15.502,187.9,954.79,0.25621,0.12165,0.024064,0.23527,0.11396,0.02048,0.20827,0.10694,0.017152,227,229,232,151,164,178,170,168,167,220,222,229,162,161,161,247,243,236,0.52765,0.52947,0.52712
1,6.4965e+05,-3.28,15.65,195,800,-3.2631,15.484,186.06,1085.8,0.28879,0.11594,0.025216,0.25459,0.10938,0.021056,0.22963,0.10568,0.018176,231,232,233,151,163,176,165,167,168,222,226,230,172,169,167,246,242,234,0.52755,0.52494,0.52581
1,6.4975e+05,-3.2,15.65,195,800,-3.1824,15.484,187.06,797.68,0.27542,0.12279,0.025792,0.24844,0.11743,0.022016,0.22431,0.11083,0.0192,236,235,236,161,167,178,166,167,169,235,234,235,179,172,167,247,241,231,0.52876,0.52874,0.52845
1,6.4985e+05,-3.12,15.65,195,800,-3.0827,15.452,185.98,983.03,0.28238,0.11668,0.024832,0.25367,0.10948,0.020736,0.22776,0.10462,0.018048,243,242,239,179,182,186,175,172,172,238,239,241,169,162,157,243,235,224,0.52853,0.52707,0.52704
1,6.4995e+05,-3.04,15.65,195,800,-3.0201,15.47,185.63,1036.2,0.23892,0.12054,0.021824,0.19895,0.11275,0.017536,0.18175,0.11157,0.015936,245,244,241,193,189,188,176,174,172,242,241,242,161,156,152,237,230,221,0.52886,0.52445,0.52282
1,6.5005e+05,-2.96,15.65,195,800,-2.9363,15.47,185.15,1028.7,0.28934,0.11922,0.025024,0.24377,0.1146,0.020864,0.21867,0.10947,0.01792,242,241,241,178,185,190,171,170,171,241,243,244,156,146,137,239,227,216,0.5196,0.51764,0.52052
1,6.5015e+05,-2.88,15.65,195,800,-2.8588,15.471,185.54,885.11,0.21473,0.12078,0.01952,0.19076,0.11284,0.016832,0.17891,0.10942,0.015296,239,241,242,176,180,186,167,169,171,242,243,244,143,136,129,239,227,214,0.54102,0.54184,0.54023
1,6.5025e+05,-2.8,15.65,195,800,-2.7761,15.469,185.78,1029.3,0.21044,0.11723,0.018816,0.19159,0.11091,0.016,0.17425,0.1062,0.014528,245,245,244,160,168,179,173,171,170,241,241,243,109,113,118,224,215,204,0.53813,0.54561,0.54712
1,6.5035e+05,-2.72,15.65,195,800,-2.7368,15.508,186.77,850.56,0.27358,0.11293,0.023296,0.25033,0.10538,0.01984,0.22878,0.10163,0.017536,243,244,245,157,162,172,174,174,173,239,242,246,107,111,120,191,190,186,0.54221,0.54767,0.55095
1,6.5045e+05,-2.64,15.65,195,800,-2.635,15.494,185.61,931.57,0.26281,0.10773,0.020352,0.22746,0.10317,0.017088,0.19407,0.095933,0.013888,240,243,245,155,160,170,180,177,175,245,246,248,110,117,128,174,176,175,0.54813,0.55188,0.55181
1,6.5055e+05,-2.56,15.65,195,800,-2.5469,15.477,187.04,1069.1,0.28392,0.12706,0.02656,0.25646,0.11725,0.022272,0.22302,0.1125,0.018944,244,245,246,153,159,168,189,184,180,253,253,253,152,148,146,141,146,150,0.54882,0.55231,0.5539
1,6.5065e+05,-2.48,15.65,195,800,-2.4758,15.477,186.3,996.51,0.34398,0.12461,0.028544,0.27739,0.11757,0.023232,0.25228,0.11396,0.019584,249,248,248,160,162,168,188,185,181,255,254,254,171,159,150,128,134,141,0.55227,0.55235,0.55454
1,6.5075e+05,-2.4,15.65,195,800,-2.3984,15.493,186.74,879.53,0.23614,0.11507,0.020544,0.20148,0.11125,0.017216,0.19159,0.1011,0.015232,254,252,250,159,163,166,187,183,179,255,254,253,141,139,139,114,122,129,0.54767,0.55311,0.55413
1,6.5085e+05,-2.32,15.65,195,800,-2.3209,15.479,186.83,996.89,0.27716,0.1119,0.023232,0.24137,0.10571,0.019264,0.20666,0.103,0.016256,253,252,251,171,170,172,181,180,178,248,246,246,102,107,116,109,116,120,0.5543,0.55379,0.55438
1,6.5095e+05,-2.24,15.65,195,800,-2.2488,15.503,186.34,1029.6,0.28842,0.11735,0.025536,0.24448,0.11186,0.021312,0.22069,0.1076,0.018304,252,252,250,184,182,178,183,180,178,237,239,243,96,99,108,107,112,117,0.55294,0.55392,0.55219
1,6.5105e+05,-2.16,15.65,195,800,-2.1565,15.466,185.42,767.23,0.32542,0.12317,0.02976,0.28517,0.11535,0.025024,0.2635,0.1106,0.02208,251,251,250,218,202,186,185,182,179,226,231,238,90,94,100,104,107,110,0.54718,0.55044,0.55279
1,6.5115e+05,-2.08,15.65,195,800,-2.0801,15.478,186.69,650.2,0.30228,0.12001,0.02688,0.25614,0.1137,0.021632,0.21698,0.11063,0.018496,249,250,249,207,195,184,183,180,178,224,230,235,92,93,97,102,106,108,0.55033,0.55163,0.55305
1,6.5125e+05,-2,15.65,195,800,-1.9867,15.477,186.33,1225.7,0.29322,0.12161,0.027392,0.26946,0.11373,0.02368,0.24239,0.11062,0.020928,248,249,249,158,167,174,176,175,176,218,223,228,89,90,94,105,104,106,0.5666,0.55367,0.55458
1,6.5135e+05,-1.92,15.65,195,800,-1.9315,15.487,185.46,844.14,0.3361,0.1115,0.025152,0.24232,0.10757,0.019264,0.20113,0.10369,0.015936,247,247,246,166,163,163,169,175,182,214,215,219,88,89,93,99,103,107,0.55318,0.55499,0.55397
1,6.5145e+05,-1.84,15.65,195,800,-1.8392,15.479,185.5,774.61,0.30072,0.12756,0.029056,0.26741,0.12245,0.025024,0.2479,0.11389,0.021888,239,243,244,163,161,160,176,182,187,212,213,215,90,89,93,102,105,108,0.55868,0.55989,0.55566
1,6.5155e+05,-1.76,15.65,195,800,-1.7639,15.485,186.4,934.97,0.29992,0.12034,0.02656,0.2654,0.1122,0.021952,0.23079,0.11119,0.018944,235,237,238,146,147,151,186,191,191,212,212,215,81,87,92,109,109,110,0.55102,0.55301,0.55462
1,6.5165e+05,-1.68,15.65,195,800,-1.6822,15.47,185.91,870.95,0.26134,0.12145,0.02432,0.2381,0.11384,0.020736,0.21882,0.11076,0.01888,233,234,236,134,142,149,180,187,190,217,214,214,84,87,91,107,108,110,0.5561,0.55166,0.55353
1,6.5175e+05,-1.6,15.65,195,800,-1.5931,15.478,186.44,1022.7,0.26577,0.12073,0.024896,0.23948,0.11233,0.021184,0.2146,0.11086,0.018752,225,231,237,146,146,151,178,179,179,214,212,213,82,84,89,103,106,109,0.55797,0.55167,0.5524
1,6.5185e+05,-1.52,15.65,195,800,-1.5421,15.489,185.86,561.83,0.21586,0.11517,0.019264,0.1952,0.11002,0.016704,0.17807,0.10709,0.014976,243,241,241,160,160,164,173,175,176,204,205,207,80,83,88,103,106,110,0.55478,0.55345,0.55209
1,6.5195e+05,-1.44,15.65,195,800,-1.4403,15.479,187.79,971.6,0.26194,0.12093,0.024192,0.24096,0.11227,0.0208,0.22099,0.10972,0.018752,243,243,243,164,167,170,180,177,175,199,200,203,85,86,88,108,109,112,0.55249,0.55621,0.5546
1,6.5205e+05,-1.36,15.65,195,800,-1.3787,15.488,186.72,824.67,0.31983,0.12567,0.030592,0.27989,0.11803,0.025536,0.24898,0.11401,0.02176,242,243,244,164,173,180,183,181,177,188,193,197,90,91,93,112,115,117,0.54556,0.55348,0.55423
1,6.5215e+05,-1.28,15.65,195,800,-1.3066,15.487,187.53,618.83,0.30333,0.10865,0.02432,0.24446,0.10329,0.019136,0.20419,0.10258,0.016,245,244,243,169,175,182,183,180,178,190,191,195,93,94,97,114,115,118,0.55706,0.5534,0.55265
1,6.5225e+05,-1.2,15.65,195,800,-1.2281,15.488,186.77,736.65,0.29243,0.11831,0.025984,0.25934,0.10973,0.02176,0.2363,0.10423,0.01856,241,242,242,185,185,185,178,179,178,193,195,198,106,105,104,115,117,121,0.56651,0.5592,0.55528
1,6.5235e+05,-1.12,15.65,195,800,-1.1294,15.48,185.47,794.7,0.26899,0.11693,0.024064,0.23311,0.11358,0.02048,0.211,0.10768,0.017728,239,239,240,187,190,190,178,178,178,208,207,206,102,104,109,119,123,128,0.56321,0.55133,0.55385
1,6.5245e+05,-1.04,15.65,195,800,-1.0668,15.48,186.36,675.69,0.28464,0.11301,0.023168,0.2547,0.10594,0.019712,0.21906,0.10237,0.016704,238,239,240,192,191,190,174,176,177,210,211,211,101,104,109,125,128,132,0.55132,0.554,0.55575
1,6.5255e+05,-0.96,15.65,195,800,-0.98299,15.495,185.5,629.28,0.36442,0.10801,0.024192,0.19247,0.11037,0.016128,0.17071,0.10713,0.01408,242,242,242,190,190,194,173,173,175,225,222,217,112,111,113,133,140,146,0.54534,0.55648,0.55476
1,6.5265e+05,-0.88,15.65,195,800,-0.89175,15.466,185.34,838.56,0.23948,0.12314,0.022784,0.2169,0.11464,0.01952,0.20062,0.11145,0.017408,242,243,243,192,194,199,171,173,175,227,223,218,117,116,116,143,148,153,0.55572,0.55343,0.55366
1,6.5275e+05,-0.8,15.65,195,800,-0.82915,15.489,185.29,742.92,0.27003,0.10969,0.02208,0.23273,0.10513,0.01792,0.20286,0.099244,0.014912,241,243,244,205,208,207,173,175,177,222,221,219,123,121,122,162,166,167,0.55753,0.55303,0.55326
1,6.5285e+05,-0.72,15.65,195,800,-0.74003,15.487,185.12,874.19,0.28841,0.12968,0.027776,0.26054,0.12147,0.023744,0.23714,0.11731,0.021376,241,241,243,216,215,212,186,184,184,232,226,221,130,129,129,173,177,178,0.55695,0.55207,0.55191
1,6.5295e+05,-0.64,15.65,195,800,-0.66788,15.488,185.42,835.88,0.29717,0.12732,0.02688,0.24733,0.12005,0.022272,0.22027,0.11781,0.019648,239,240,241,224,217,208,190,188,186,234,228,221,138,134,132,183,183,181,0.53861,0.55036,0.55246
1,6.5305e+05,-0.56,15.65,195,800,-0.55117,15.456,187.25,991.87,0.30895,0.11422,0.02464,0.25415,0.10713,0.018944,0.19182,0.10496,0.015552,236,236,236,202,202,199,194,191,188,228,223,219,138,138,138,198,191,181,0.54342,0.5466,0.54996
1,6.5315e+05,-0.48,15.65,195,800,-0.50979,15.469,184.88,827,0.28273,0.12044,0.025664,0.24931,0.11187,0.021312,0.22278,0.10914,0.018752,235,234,234,198,195,193,193,189,186,223,221,219,139,139,140,189,185,175,0.55435,0.54915,0.55075
1,6.5325e+05,-0.4,15.65,195,800,-0.43446,15.477,184.82,624.9,0.33959,0.11453,0.0288,0.28399,0.11002,0.023936,0.26207,0.10336,0.02048,233,232,231,199,192,185,176,177,178,232,226,221,144,142,143,161,158,155,0.54131,0.54664,0.54924
1,6.5335e+05,-0.32,15.65,195,800,-0.34427,15.487,186.7,855.23,0.24372,0.12104,0.022592,0.21888,0.11458,0.01952,0.2019,0.10896,0.01728,231,230,230,195,189,184,170,168,169,238,233,226,151,147,144,139,139,141,0.55194,0.54971,0.55144
1,6.5345e+05,-0.24,15.65,195,800,-0.27743,15.479,187.46,815.66,0.33569,0.11364,0.026112,0.2741,0.1061,0.02016,0.18725,0.10849,0.015104,228,230,231,192,188,184,165,165,166,241,236,229,153,148,143,133,138,143,0.55848,0.55283,0.55202
1,6.5355e+05,-0.16,15.65,195,800,-0.20528,15.488,187.42,950.49,0.26536,0.11891,0.02432,0.2368,0.11585,0.021184,0.22185,0.10913,0.018944,233,233,234,190,188,186,162,163,164,250,243,236,141,136,133,158,163,167,0.55108,0.55771,0.55684
1,6.5365e+05,-0.08,15.65,195,800,-0.1395,15.494,187.51,529,0.27608,0.1276,0.026304,0.25191,0.11887,0.02304,0.23393,0.11558,0.020864,240,238,238,190,189,189,165,165,165,250,246,240,122,124,128,181,184,181,0.55892,0.55648,0.55393
1,6.5375e+05,0,15.65,195,800,-0.072659,15.49,152.84,520.97,0.30784,0.11864,0.027712,0.26162,0.11619,0.023104,0.22966,0.11255,0.02016,251,248,244,203,200,195,168,167,167,250,248,247,121,123,130,203,202,202,0.50428,0.50149,0.49904
1,6.5677e+05,0,15.743,195,800,-0.085391,15.568,0.042028,719.49,0,0,0,0,0,0,0,0,0,250,249,248,204,197,192,176,174,170,240,243,244,110,114,121,221,220,214,0.51937,0.51157,0.50752
1,6.5687e+05,-0.08,15.743,195,800,-0.16284,15.563,186.47,972.28,0.3542,0.098273,0.022144,0.32659,0.096083,0.019328,0.30842,0.095837,0.016768,246,246,244,191,192,192,160,163,166,240,240,239,119,124,128,214,200,187,0.56151,0.55929,0.55923
1,6.5697e+05,-0.16,15.743,195,800,-0.23817,15.579,186.48,694.18,0.21973,0.13105,0.022592,0.21102,0.12441,0.020672,0.19909,0.1209,0.018816,244,243,242,184,186,189,155,159,164,238,239,238,138,137,135,174,171,169,0.558,0.55957,0.56168
1,6.5707e+05,-0.24,15.743,195,800,-0.28486,15.556,187.39,860.67,0.28188,0.13418,0.02944,0.26209,0.12677,0.026048,0.23535,0.12402,0.022592,239,239,239,176,182,187,158,161,164,237,237,235,150,151,151,121,126,136,0.5408,0.55428,0.55798
1,6.5717e+05,-0.32,15.743,195,800,-0.39626,15.584,187.66,859.56,0.27376,0.18688,0.0368,0.24331,0.17815,0.0304,0.21971,0.16855,0.025664,242,240,237,178,184,188,163,165,167,236,237,235,151,154,156,119,122,129,0.55473,0.55429,0.55689
1,6.5727e+05,-0.4,15.743,195,800,-0.45037,15.566,186.18,550.78,0.35549,0.14085,0.0384,0.32908,0.12736,0.03168,0.3066,0.10967,0.025664,234,235,236,189,189,188,174,175,177,237,237,234,166,165,162,127,130,136,0.54658,0.55443,0.55496
1,6.5737e+05,-0.48,15.743,195,800,-0.53631,15.565,187.01,878.87,0.32835,0.14241,0.036224,0.28484,0.13335,0.029376,0.25843,0.12362,0.02496,233,234,235,179,184,191,182,184,186,240,239,235,173,170,163,136,139,148,0.55226,0.55724,0.55647
1,6.5747e+05,-0.56,15.743,195,800,-0.59997,15.551,187.86,526.65,0.29472,0.13311,0.0304,0.26907,0.12106,0.02528,0.24334,0.11556,0.021888,236,237,236,179,185,193,184,187,188,242,241,237,168,167,162,139,143,152,0.55672,0.5571,0.55655
1,6.5757e+05,-0.64,15.743,195,800,-0.7135,15.583,186.09,1145.4,0.2859,0.12053,0.02624,0.24977,0.11756,0.0224,0.22504,0.11265,0.019776,243,241,240,185,192,199,187,186,187,243,243,239,159,161,160,142,146,158,0.55511,0.55514,0.55574
1,6.5767e+05,-0.72,15.743,195,800,-0.77185,15.579,185.76,852.52,0.29158,0.12939,0.029696,0.2698,0.1212,0.025472,0.24386,0.11578,0.022144,242,242,242,187,195,203,182,184,185,243,242,238,159,162,159,143,148,159,0.55897,0.5597,0.55987
1,6.5777e+05,-0.8,15.743,195,800,-0.85037,15.58,186.78,928.06,0.36506,0.12668,0.035904,0.32932,0.11952,0.03008,0.29808,0.10862,0.024768,247,245,245,211,204,202,179,178,178,230,232,233,158,158,154,150,152,160,0.5627,0.56037,0.5578
1,6.5787e+05,-0.88,15.743,195,800,-0.92252,15.549,186.64,746.85,0.34059,0.12369,0.032192,0.28375,0.11642,0.025664,0.25478,0.11288,0.022208,248,248,247,184,192,197,169,171,172,235,233,231,141,142,142,147,148,156,0.55043,0.56009,0.5579
1,6.5797e+05,-0.96,15.743,195,800,-1.0042,15.566,186.59,927.36,0.2984,0.12859,0.028992,0.25989,0.12134,0.02464,0.2318,0.11907,0.021696,250,250,248,182,190,194,171,170,171,241,235,230,135,136,136,136,141,152,0.55989,0.55761,0.55779
1,6.5807e+05,-1.04,15.743,195,800,-1.0774,15.551,185.83,634.75,0.37755,0.12281,0.032064,0.25598,0.11173,0.01984,0.17183,0.11458,0.015488,249,248,247,196,192,187,172,173,173,226,228,226,130,132,132,126,130,140,0.55595,0.55936,0.55947
1,6.5817e+05,-1.12,15.743,195,800,-1.1581,15.566,186.79,582.28,0.29984,0.11637,0.02688,0.2643,0.10755,0.022016,0.23156,0.10415,0.018752,248,248,247,180,183,183,176,176,175,224,224,221,133,135,132,125,126,134,0.56233,0.55902,0.55844
1,6.5827e+05,-1.2,15.743,195,800,-1.2313,15.58,187.32,757.32,0.33119,0.11293,0.0272,0.266,0.10949,0.021312,0.21817,0.10297,0.01728,249,248,247,157,165,174,179,178,176,215,215,213,137,133,127,115,118,125,0.56242,0.56058,0.55951
1,6.5837e+05,-1.28,15.743,195,800,-1.3246,15.579,186.79,607.84,0.26917,0.11931,0.024896,0.23201,0.11491,0.020608,0.21595,0.10715,0.017984,244,246,247,166,167,172,183,180,176,219,216,214,115,116,116,116,116,119,0.55269,0.55676,0.55925
1,6.5847e+05,-1.36,15.743,195,800,-1.3968,15.576,185.35,620.15,0.28824,0.12543,0.027904,0.25889,0.12108,0.023808,0.22806,0.11709,0.020992,247,246,246,170,171,172,186,183,176,227,223,219,113,111,110,118,116,117,0.54877,0.55608,0.55766
1,6.5857e+05,-1.44,15.743,195,800,-1.4689,15.58,185.62,765.66,0.28852,0.11499,0.024448,0.2257,0.10547,0.018304,0.19611,0.10267,0.01568,249,247,244,173,166,164,179,178,176,240,236,231,102,104,105,108,110,114,0.5664,0.55929,0.55783
1,6.5867e+05,-1.52,15.743,195,800,-1.5517,15.571,186.14,946.88,0.26543,0.11778,0.022784,0.21441,0.11222,0.018368,0.19179,0.10715,0.016256,248,245,242,143,152,159,177,179,177,246,242,236,103,105,106,107,110,114,0.56743,0.56239,0.55917
1,6.5877e+05,-1.6,15.743,195,800,-1.6206,15.565,185.87,1133.8,0.3192,0.116,0.026432,0.22176,0.11598,0.019776,0.19259,0.11248,0.016896,235,237,239,132,139,150,194,185,180,252,247,241,113,113,111,116,112,113,0.56358,0.56307,0.5595
1,6.5887e+05,-1.68,15.743,195,800,-1.696,15.573,186.92,575.02,0.30696,0.10774,0.023936,0.23729,0.10645,0.018816,0.20377,0.10085,0.016,249,245,241,135,144,157,190,192,191,253,248,242,119,118,115,105,108,112,0.54707,0.55598,0.55759
1,6.5897e+05,-1.76,15.743,195,800,-1.784,15.56,184.62,960.88,0.29636,0.12662,0.028992,0.26298,0.12064,0.02464,0.24054,0.11202,0.020928,253,249,244,142,152,163,214,201,192,253,249,242,121,119,118,104,105,110,0.56796,0.56169,0.55899
1,6.5907e+05,-1.84,15.743,195,800,-1.8657,15.571,185.88,831.48,0.31127,0.11312,0.026176,0.25248,0.10879,0.020992,0.21405,0.108,0.01792,250,250,249,168,173,176,210,201,190,253,247,242,122,124,123,98,101,108,0.56215,0.55919,0.55854
1,6.5917e+05,-1.92,15.743,195,800,-1.9368,15.573,185.42,1089,0.25805,0.1118,0.021952,0.22887,0.10868,0.019008,0.21122,0.10473,0.016896,252,252,250,183,181,179,195,190,185,251,247,242,128,128,125,98,101,108,0.55159,0.55658,0.55614
1,6.5927e+05,-2,15.743,195,800,-2.0122,15.565,185.79,704.39,0.25835,0.12187,0.024384,0.22544,0.11775,0.0208,0.20564,0.11484,0.018624,254,254,253,175,175,177,178,179,176,251,246,242,124,125,125,100,103,109,0.54393,0.55368,0.55663
1,6.5937e+05,-2.08,15.743,195,800,-2.0992,15.584,187.19,893.84,0.28701,0.11535,0.024832,0.2518,0.11117,0.020992,0.21177,0.10949,0.018176,254,253,252,160,167,175,182,179,175,250,247,244,122,123,123,102,103,108,0.573,0.56265,0.55952
1,6.5947e+05,-2.16,15.743,195,800,-2.1904,15.593,186.82,1004.1,0.26297,0.12758,0.024064,0.22717,0.11907,0.01984,0.19525,0.11574,0.016832,253,253,252,168,171,175,181,179,174,250,248,245,127,126,125,100,101,106,0.55431,0.55831,0.56006
1,6.5957e+05,-2.24,15.743,195,800,-2.235,15.545,186.64,671.71,0.32785,0.10962,0.02656,0.27603,0.10676,0.021632,0.23364,0.10406,0.018048,254,253,253,164,168,173,169,171,171,254,252,250,137,140,141,99,100,106,0.5557,0.55853,0.56009
1,6.5967e+05,-2.32,15.743,195,800,-2.3294,15.57,187.75,845.96,0.2951,0.10642,0.0224,0.24293,0.10148,0.017728,0.21197,0.095604,0.01472,255,254,254,150,159,170,163,167,170,255,254,252,156,156,154,100,102,106,0.55455,0.55858,0.55852
1,6.5977e+05,-2.4,15.743,195,800,-2.427,15.592,186.54,874.17,0.2425,0.11265,0.019648,0.19218,0.11208,0.016192,0.17376,0.1038,0.0144,255,255,254,146,153,164,174,173,172,255,255,255,186,190,183,103,105,111,0.56369,0.55679,0.5582
1,6.5987e+05,-2.48,15.743,195,800,-2.4843,15.574,186.23,1062.8,0.30678,0.114,0.02624,0.27346,0.10877,0.0224,0.24085,0.1052,0.019264,255,253,252,157,160,168,175,176,176,255,255,254,205,200,186,108,112,120,0.55249,0.5576,0.55853
1,6.5997e+05,-2.56,15.743,195,800,-2.5745,15.579,187.05,796.7,0.3578,0.11595,0.030784,0.33637,0.11325,0.027328,0.29718,0.1096,0.023168,253,252,251,163,166,172,172,174,175,255,254,254,191,186,177,114,118,126,0.55031,0.55786,0.55891
1,6.6007e+05,-2.64,15.743,195,800,-2.6498,15.571,187.04,843.07,0.28346,0.11585,0.024768,0.22128,0.11354,0.019712,0.18937,0.11329,0.016768,252,251,250,175,178,182,163,168,173,254,252,250,154,152,150,134,135,139,0.5535,0.55622,0.55734
1,6.6017e+05,-2.72,15.743,195,800,-2.7432,15.597,186.84,919.23,0.25978,0.112,0.021568,0.21933,0.10544,0.01792,0.19362,0.10416,0.015744,253,251,250,184,185,188,168,169,172,250,248,247,149,143,138,141,140,145,0.5657,0.55829,0.55651
1,6.6027e+05,-2.8,15.743,195,800,-2.809,15.571,186.94,872.95,0.3005,0.11233,0.025728,0.2688,0.10598,0.021632,0.24062,0.099047,0.017984,249,249,248,202,199,196,172,172,172,240,242,243,126,127,129,135,144,155,0.5533,0.55499,0.55353
1,6.6037e+05,-2.88,15.743,195,800,-2.8779,15.56,185.59,898.13,0.26045,0.10547,0.020608,0.22239,0.099739,0.017024,0.20062,0.096947,0.014784,242,243,245,205,201,199,169,171,173,245,245,245,120,126,132,139,150,161,0.54644,0.5445,0.54531
1,6.6047e+05,-2.96,15.743,195,800,-2.9543,15.564,185.43,591.77,0.3123,0.11127,0.026496,0.27835,0.10548,0.022144,0.2451,0.10123,0.01888,241,242,244,199,198,198,170,173,174,250,248,247,126,132,138,142,152,164,0.52649,0.52953,0.52932
1,6.6057e+05,-3.04,15.743,195,800,-3.0456,15.57,186.4,1046.8,0.28394,0.10983,0.023424,0.25511,0.10498,0.019456,0.21201,0.10294,0.016256,245,244,243,191,194,195,176,177,177,254,253,250,149,153,156,152,161,172,0.5263,0.53266,0.53206
1,6.6067e+05,-3.12,15.743,195,800,-3.1241,15.571,187.45,915.36,0.25712,0.10718,0.0208,0.21949,0.10539,0.017664,0.19803,0.10076,0.015424,245,243,242,198,194,192,174,177,177,255,253,251,163,165,165,166,170,177,0.53351,0.53485,0.53599
1,6.6077e+05,-3.2,15.743,195,800,-3.192,15.568,184.99,551.86,0.23,0.11422,0.019648,0.20378,0.11116,0.017216,0.18503,0.10603,0.01504,235,239,241,181,185,187,181,178,174,255,253,249,185,187,184,183,185,188,0.53325,0.53779,0.53845
1,6.6087e+05,-3.28,15.743,195,800,-3.2864,15.579,185.51,771.19,0.24368,0.10962,0.019968,0.21309,0.1058,0.017152,0.19539,0.10323,0.01536,242,241,240,181,181,182,168,169,169,252,249,246,207,204,194,195,195,197,0.55071,0.53919,0.53634
1,6.6097e+05,-3.36,15.743,195,800,-3.3543,15.569,185.78,857.92,0.21864,0.11199,0.018304,0.18953,0.10754,0.015552,0.17681,0.1016,0.013696,242,240,239,190,185,183,160,163,166,249,247,245,215,205,192,203,201,199,0.53592,0.53687,0.53643
1,6.6107e+05,-3.44,15.743,195,800,-3.4403,15.583,185.03,1208.2,0.25557,0.10972,0.020608,0.22304,0.10723,0.017856,0.20229,0.10444,0.015424,239,239,239,199,195,189,156,160,167,252,249,245,173,177,177,205,204,202,0.53439,0.5336,0.53467
1,6.6117e+05,-3.52,15.743,195,800,-3.5039,15.563,185.98,784.27,0.22215,0.11681,0.02048,0.20908,0.11009,0.017984,0.19655,0.10537,0.016256,243,242,241,197,196,193,161,164,169,253,250,247,158,165,168,204,204,202,0.53722,0.53514,0.53533
1,6.6127e+05,-3.6,15.743,195,800,-3.5888,15.576,187.3,1144.2,0.26092,0.10633,0.020288,0.21867,0.10455,0.017088,0.19774,0.099339,0.014848,251,248,245,201,202,199,169,173,173,254,252,249,155,155,152,209,205,201,0.52965,0.53435,0.53506
1,6.6137e+05,-3.68,15.743,195,800,-3.679,15.582,186.92,891.72,0.23251,0.11016,0.019776,0.21,0.10325,0.016704,0.18924,0.099603,0.014528,247,247,246,208,203,198,179,174,172,247,249,251,138,139,141,198,198,198,0.53636,0.53124,0.53297
1,6.6147e+05,-3.76,15.743,195,800,-3.7416,15.569,185.64,1054.7,0.28259,0.11568,0.025152,0.25797,0.11217,0.022208,0.23475,0.10879,0.019584,246,247,247,197,198,196,166,167,170,248,251,252,130,135,139,194,196,196,0.531,0.53415,0.53427
1,6.6157e+05,-3.84,15.743,195,800,-3.8477,15.583,187.22,1185.4,0.23606,0.1148,0.021312,0.20807,0.1113,0.01824,0.19347,0.10715,0.016256,249,248,246,191,190,190,152,158,166,255,255,254,149,149,149,197,194,191,0.53561,0.53317,0.53329
1,6.6167e+05,-3.92,15.743,195,800,-3.9135,15.583,187.42,908.44,0.2284,0.12312,0.02176,0.2091,0.11536,0.01888,0.19674,0.11049,0.017152,247,246,244,186,187,189,153,158,165,255,255,255,161,160,156,188,188,189,0.52672,0.53212,0.5325
1,6.6177e+05,-4,15.743,195,800,-3.9962,15.59,186.89,940.15,0.21428,0.10915,0.017728,0.17848,0.10355,0.01472,0.16807,0.099134,0.013248,232,238,241,201,195,192,156,161,167,255,255,255,162,164,164,179,183,187,0.53634,0.53524,0.53324
1,6.6187e+05,-4.08,15.743,195,800,-4.0684,15.584,187.12,982.97,0.26402,0.10576,0.020608,0.23007,0.10049,0.017408,0.20641,0.097951,0.015168,245,242,240,219,206,194,157,161,167,255,254,253,139,152,162,200,195,191,0.5374,0.53385,0.53406
1,6.6197e+05,-4.16,15.743,195,800,-4.1479,15.561,186.97,845.83,0.2718,0.099037,0.01952,0.21606,0.098626,0.01632,0.19428,0.093856,0.013888,244,243,242,214,204,193,155,161,167,253,252,252,143,153,158,202,200,194,0.53699,0.53261,0.53308
1,6.6207e+05,-4.24,15.743,195,800,-4.2052,15.55,186.47,654.78,0.23905,0.1089,0.020224,0.21619,0.10669,0.017664,0.19789,0.10011,0.015296,241,244,244,188,190,187,154,158,162,249,249,250,156,151,146,200,201,199,0.52961,0.53115,0.53243
1,6.6217e+05,-4.32,15.743,195,800,-4.3071,15.578,186.25,838.26,0.20792,0.112,0.018112,0.18744,0.11008,0.016,0.16899,0.10802,0.014144,243,244,244,181,185,185,153,155,160,251,250,249,137,140,143,203,203,203,0.53628,0.53536,0.53404
1,6.6227e+05,-4.4,15.743,195,800,-4.3792,15.568,186.94,837.65,0.25286,0.1075,0.020352,0.21935,0.1063,0.017664,0.19869,0.097012,0.01504,231,240,244,195,189,184,146,154,160,251,252,250,153,152,148,217,213,206,0.53481,0.53392,0.53331
1,6.6237e+05,-4.48,15.743,195,800,-4.4535,15.589,187.49,801.7,0.26792,0.11177,0.022016,0.23123,0.10827,0.018752,0.20549,0.10528,0.016384,243,241,242,198,193,188,169,164,163,252,251,248,187,173,156,211,206,203,0.53842,0.53487,0.53328
1,6.6247e+05,-4.56,15.743,195,800,-4.531,15.573,186.89,615.26,0.25744,0.11494,0.021632,0.22221,0.11173,0.018432,0.20142,0.10284,0.015872,237,241,243,196,194,192,161,163,164,249,248,247,163,164,158,202,202,200,0.53433,0.53181,0.53279
1,6.6257e+05,-4.64,15.743,195,800,-4.6169,15.563,186.47,634.92,0.30862,0.11063,0.025088,0.27132,0.10548,0.020608,0.22758,0.10462,0.017088,244,243,244,205,206,204,155,161,168,245,246,244,152,151,153,205,204,199,0.52998,0.53308,0.53386
1,6.6267e+05,-4.72,15.743,195,800,-4.7081,15.579,186.12,881.13,0.22894,0.11634,0.019904,0.20713,0.11015,0.017216,0.18668,0.10273,0.014784,243,245,245,222,215,209,163,168,173,243,245,244,156,154,152,210,206,199,0.5303,0.53094,0.53255
1,6.6277e+05,-4.8,15.743,195,800,-4.7707,15.584,186.67,1182.4,0.22248,0.12751,0.022016,0.19931,0.12163,0.019008,0.18586,0.11465,0.016768,250,248,247,226,223,216,184,183,181,244,244,244,157,157,153,200,200,199,0.53534,0.53286,0.53116
1,6.6287e+05,-4.88,15.743,195,800,-4.863,15.579,187.09,785.62,0.26739,0.11342,0.022336,0.2181,0.11011,0.018048,0.19097,0.10551,0.015552,247,247,247,236,222,210,177,178,179,252,249,248,156,154,152,207,201,202,0.5359,0.5341,0.53278
1,6.6297e+05,-4.96,15.743,195,800,-4.9288,15.569,187.46,902.89,0.24153,0.11282,0.021056,0.21838,0.10911,0.018496,0.19934,0.10558,0.016192,243,247,248,222,217,207,170,171,175,255,253,250,156,158,153,206,209,206,0.53206,0.53277,0.53273
1,6.6307e+05,-5.04,15.743,195,800,-5.0126,15.583,187.26,668.71,0.24443,0.117,0.021888,0.21211,0.11394,0.018944,0.20001,0.1084,0.01696,252,250,249,217,211,200,160,163,168,255,255,254,184,170,157,231,222,212,0.53307,0.53328,0.53312
1,6.6317e+05,-5.12,15.743,195,800,-5.0943,15.574,186.79,825.53,0.26423,0.10643,0.021056,0.22282,0.10372,0.0176,0.19908,0.1004,0.015552,251,251,249,223,213,200,162,165,168,255,255,255,175,172,160,228,223,216,0.52813,0.53149,0.53171
1,6.6327e+05,-5.2,15.743,195,800,-5.1729,15.579,187.46,1179.8,0.28525,0.1051,0.021184,0.25496,0.10088,0.017664,0.19265,0.098855,0.014528,253,251,250,225,216,199,168,168,168,255,255,255,176,168,157,231,228,223,0.53285,0.53476,0.53354
1,6.6337e+05,-5.28,15.743,195,800,-5.2344,15.566,188.11,619.38,0.28802,0.11707,0.025728,0.26409,0.1093,0.022336,0.23615,0.10678,0.019328,251,250,248,218,207,196,161,163,166,255,255,255,153,155,156,250,243,232,0.52917,0.53198,0.53132
1,6.6347e+05,-5.36,15.743,195,800,-5.3256,15.554,187.67,865.35,0.238,0.10946,0.019136,0.21103,0.10569,0.016896,0.19759,0.098217,0.014848,248,249,248,210,204,195,160,162,166,255,255,255,152,159,162,251,244,234,0.53519,0.53142,0.53069
1,6.6357e+05,-5.44,15.743,195,800,-5.402,15.573,186.84,788.81,0.23713,0.11335,0.020544,0.21323,0.10781,0.017792,0.1964,0.10344,0.01568,249,247,245,219,209,196,166,167,168,255,255,255,216,203,189,240,237,231,0.53575,0.53057,0.52824
1,6.6367e+05,-5.52,15.743,195,800,-5.5007,15.587,186.89,766.71,0.25703,0.10906,0.021248,0.22379,0.10702,0.01824,0.20027,0.10321,0.015616,246,247,245,222,213,199,171,171,170,255,255,255,244,227,205,240,235,230,0.5307,0.5295,0.52904
1,6.6377e+05,-5.6,15.743,195,800,-5.5675,15.578,189.12,893.8,0.25865,0.11008,0.020864,0.21762,0.10612,0.0176,0.18785,0.10436,0.015232,249,247,245,223,215,204,171,171,171,255,255,255,254,246,229,245,240,231,0.53361,0.53054,0.53051
1,6.6387e+05,-5.68,15.743,195,800,-5.6471,15.578,187.25,869.15,0.21155,0.11388,0.019072,0.19218,0.11015,0.016576,0.17277,0.10824,0.014784,253,250,247,221,216,205,174,172,171,255,255,255,255,248,234,248,242,234,0.53064,0.5344,0.53616
1,6.6397e+05,-5.76,15.743,195,800,-5.7087,15.561,189.21,819.85,0.24786,0.10747,0.01952,0.20625,0.10552,0.01664,0.18435,0.10132,0.014464,252,251,248,224,216,204,174,172,169,255,255,255,253,244,232,244,240,236,0.55491,0.55085,0.54837
1,6.6407e+05,-5.84,15.743,195,800,-5.7882,15.568,186.5,750.66,0.25026,0.11058,0.021248,0.21787,0.10725,0.018304,0.2031,0.1036,0.016384,248,249,248,216,210,203,162,162,163,255,255,255,214,216,218,240,240,238,0.56322,0.56141,0.5606
1,6.6417e+05,-5.92,15.743,195,800,-5.871,15.582,187.3,784.9,0.24459,0.1061,0.019648,0.20914,0.1037,0.016512,0.18464,0.098034,0.014016,252,249,248,212,208,202,155,158,161,255,255,255,191,202,210,239,239,239,0.56943,0.5691,0.56852
1,6.6427e+05,-6,15.743,195,800,-5.941,15.579,154.23,855.98,0.2802,0.11373,0.02432,0.25179,0.10771,0.0208,0.22251,0.1056,0.01824,251,250,248,206,205,201,164,161,160,255,255,255,200,197,200,238,237,238,0.4593,0.46914,0.4683
1,6.6729e+05,-6,15.836,195,800,-5.9134,15.671,0.63128,862.26,0,0,0,0,0,0,0,0,0,249,248,247,196,196,196,161,158,159,255,255,255,188,187,195,248,246,246,0.46905,0.47058,0.46716
1,6.6739e+05,-5.92,15.836,195,800,-5.8413,15.678,185.45,852.31,0.18465,0.11747,0.016512,0.17956,0.10717,0.01472,0.16797,0.10467,0.01344,239,243,246,193,191,190,143,151,158,255,255,255,201,197,198,247,242,241,0.57444,0.57631,0.57322
1,6.6749e+05,-5.84,15.836,195,800,-5.7819,15.68,187.39,747.52,0.19771,0.11361,0.017536,0.15802,0.11312,0.013952,0.14712,0.1069,0.012416,246,244,246,188,187,188,156,155,159,255,255,255,206,199,198,228,232,237,0.56645,0.56969,0.5701
1,6.6759e+05,-5.76,15.836,195,800,-5.6874,15.673,187.5,803.33,0.23249,0.14579,0.026688,0.21732,0.13982,0.023936,0.20344,0.13702,0.021632,250,246,245,184,185,186,173,169,168,255,255,255,190,193,196,198,210,223,0.55331,0.55746,0.55869
1,6.6769e+05,-5.68,15.836,195,800,-5.6195,15.674,186.9,1135.7,0.29778,0.14472,0.033216,0.27813,0.13616,0.029312,0.26005,0.12927,0.026048,241,243,245,184,183,186,171,171,173,255,255,255,190,192,195,194,204,216,0.54186,0.54745,0.54798
1,6.6779e+05,-5.6,15.836,195,800,-5.5421,15.668,186.7,902.89,0.35661,0.12954,0.035136,0.31126,0.11848,0.028416,0.2706,0.10956,0.022976,240,241,243,169,175,185,181,180,181,255,255,255,198,195,194,184,192,205,0.54891,0.54284,0.54254
1,6.6789e+05,-5.52,15.836,195,800,-5.4901,15.695,187.61,678.8,0.33939,0.12579,0.032384,0.27312,0.12357,0.026368,0.24778,0.11742,0.022592,244,244,244,171,177,184,185,184,181,255,255,255,181,183,184,177,188,204,0.53975,0.54022,0.54051
1,6.6799e+05,-5.44,15.836,195,800,-5.3755,15.656,185.55,794.96,0.27194,0.13595,0.028992,0.24576,0.13157,0.025536,0.22681,0.12609,0.022784,247,245,245,177,179,183,181,180,178,255,255,255,165,170,176,183,193,206,0.54112,0.54106,0.541
1,6.6809e+05,-5.36,15.836,195,800,-5.3235,15.674,186.52,738.78,0.30034,0.12886,0.028416,0.26148,0.12287,0.024256,0.23843,0.11573,0.020992,245,247,247,172,177,183,174,173,172,255,255,255,152,155,162,199,201,206,0.54412,0.54298,0.54237
1,6.6819e+05,-5.28,15.836,195,800,-5.2238,15.664,185.66,746.23,0.25583,0.12107,0.024,0.22838,0.11628,0.0208,0.20517,0.11113,0.017792,248,247,248,172,178,184,175,174,172,255,255,255,153,153,159,196,197,201,0.54027,0.54368,0.54484
1,6.6829e+05,-5.2,15.836,195,800,-5.1506,15.669,186.67,791.04,0.2665,0.12382,0.025792,0.24483,0.11962,0.02304,0.22958,0.11311,0.020224,247,250,250,175,179,186,182,179,173,255,255,255,146,152,158,166,174,186,0.54655,0.54497,0.5447
1,6.6839e+05,-5.12,15.836,195,800,-5.0615,15.654,186.65,1089,0.28701,0.12116,0.026816,0.24914,0.11872,0.022912,0.22912,0.11186,0.019968,249,250,249,163,175,188,175,175,173,255,255,255,138,149,158,150,161,177,0.54337,0.5466,0.54558
1,6.6849e+05,-5.04,15.836,195,800,-4.9851,15.685,185.96,924.84,0.31451,0.12574,0.030272,0.27202,0.11709,0.024768,0.23906,0.11454,0.021376,250,248,248,176,179,189,177,174,173,255,255,255,144,150,157,158,164,175,0.55018,0.54685,0.54613
1,6.6859e+05,-4.96,15.836,195,800,-4.9256,15.669,186.55,920.5,0.34106,0.1246,0.032256,0.28659,0.12121,0.026432,0.25143,0.11623,0.022656,244,245,247,182,192,200,183,183,179,255,255,254,151,153,155,154,162,175,0.55184,0.54662,0.54588
1,6.6869e+05,-4.88,15.836,195,800,-4.8206,15.65,185.65,737.47,0.33012,0.12227,0.030656,0.28774,0.11658,0.025536,0.25367,0.10893,0.021312,247,246,246,196,202,208,195,187,181,255,255,254,151,151,155,149,159,176,0.54483,0.54393,0.54526
1,6.6879e+05,-4.8,15.836,195,800,-4.7601,15.661,185.75,911.25,0.32107,0.12427,0.030592,0.26176,0.12266,0.025216,0.23733,0.11247,0.02112,245,245,245,230,225,217,187,185,180,255,254,253,158,158,159,155,165,180,0.54723,0.54541,0.54483
1,6.6889e+05,-4.72,15.836,195,800,-4.6901,15.68,185.97,1008.9,0.33352,0.12932,0.032896,0.28967,0.12308,0.0272,0.26201,0.11649,0.023872,242,242,243,219,216,211,177,175,173,255,253,252,165,163,159,169,172,179,0.54259,0.54514,0.54467
1,6.6899e+05,-4.64,15.836,195,800,-4.6286,15.694,186.61,681.07,0.34784,0.11978,0.031104,0.30094,0.10831,0.02464,0.2671,0.10276,0.020352,244,244,244,203,204,204,168,169,169,255,253,253,157,156,157,165,167,175,0.54456,0.54717,0.54584
1,6.6909e+05,-4.56,15.836,195,800,-4.5012,15.635,186.25,966.42,0.34561,0.11697,0.030272,0.28462,0.11388,0.024256,0.24502,0.10758,0.020288,253,250,246,194,193,193,164,165,165,255,254,253,141,145,152,136,147,165,0.54398,0.54595,0.54633
1,6.6919e+05,-4.48,15.836,195,800,-4.4355,15.656,187.19,808.64,0.33786,0.12013,0.03104,0.29432,0.11417,0.0256,0.26337,0.11007,0.022208,249,249,246,192,193,192,165,164,163,255,254,254,142,145,149,133,147,163,0.54477,0.54333,0.5453
1,6.6929e+05,-4.4,15.836,195,800,-4.3644,15.673,185.42,997.86,0.32055,0.12268,0.03008,0.28594,0.11578,0.02528,0.25825,0.10962,0.022016,251,246,245,195,192,189,158,161,161,254,253,253,134,141,146,162,157,165,0.54129,0.54418,0.54455
1,6.6939e+05,-4.32,15.836,195,800,-4.271,15.661,187.43,696.25,0.29424,0.11986,0.026432,0.26637,0.11338,0.022784,0.24129,0.10973,0.02016,247,244,242,182,185,187,166,166,163,252,252,252,144,145,149,140,151,167,0.54601,0.54552,0.54524
1,6.6949e+05,-4.24,15.836,195,800,-4.201,15.657,186.99,831.75,0.31184,0.11244,0.02656,0.26895,0.10729,0.021888,0.23205,0.1049,0.018368,242,242,241,187,187,185,172,168,164,254,253,252,150,156,157,140,151,168,0.54793,0.54573,0.54397
1,6.6959e+05,-4.16,15.836,195,800,-4.1235,15.662,187.42,1115.8,0.3222,0.12323,0.03072,0.29304,0.11691,0.02656,0.26831,0.11215,0.02336,236,238,240,183,190,187,161,165,165,255,255,254,186,178,170,144,160,176,0.54884,0.54257,0.54388
1,6.6969e+05,-4.08,15.836,195,800,-4.044,15.662,186.44,845.86,0.32465,0.12571,0.031104,0.27917,0.12033,0.025984,0.25151,0.11524,0.02272,233,238,240,185,191,190,165,165,165,255,255,255,195,181,171,150,163,179,0.55291,0.54593,0.54476
1,6.6979e+05,-4,15.836,195,800,-3.9665,15.655,185.97,787.42,0.37335,0.11267,0.02912,0.22359,0.11492,0.019776,0.19297,0.11222,0.017216,239,242,243,205,206,198,171,168,166,255,255,255,164,160,158,142,154,171,0.53891,0.54625,0.54488
1,6.6989e+05,-3.92,15.836,195,800,-3.8838,15.662,186.9,971.73,0.26606,0.12249,0.025152,0.24522,0.11273,0.021312,0.21907,0.11066,0.018752,248,247,246,214,213,204,171,167,165,255,255,255,135,134,138,131,140,158,0.54215,0.54409,0.54425
1,6.6999e+05,-3.84,15.836,195,800,-3.8105,15.649,185.82,910.88,0.29721,0.13335,0.03072,0.26546,0.12737,0.026176,0.24835,0.11892,0.02272,247,246,246,210,210,205,169,166,166,255,255,254,125,126,131,131,138,153,0.54599,0.54637,0.54619
1,6.7009e+05,-3.76,15.836,195,800,-3.732,15.679,187.08,863.53,0.26128,0.11846,0.023808,0.22866,0.11454,0.020096,0.20456,0.11068,0.0176,239,242,244,208,208,205,161,166,169,253,252,251,121,122,128,130,138,154,0.54955,0.5488,0.54626
1,6.7019e+05,-3.68,15.836,195,800,-3.6525,15.674,187.17,900.96,0.32663,0.12425,0.031168,0.2989,0.11808,0.027008,0.2786,0.11292,0.024064,240,241,244,223,214,203,166,170,172,253,250,250,130,130,134,132,140,155,0.54643,0.54399,0.5454
1,6.7029e+05,-3.6,15.836,195,800,-3.5591,15.652,186.4,824.25,0.33278,0.11937,0.029888,0.29014,0.11488,0.025088,0.25583,0.11241,0.02176,246,245,243,221,210,198,184,180,177,253,252,250,176,165,160,143,149,161,0.53939,0.54374,0.54621
1,6.7039e+05,-3.52,15.836,195,800,-3.4785,15.661,185.67,1155.2,0.34303,0.11562,0.029632,0.29256,0.10893,0.024128,0.26112,0.10745,0.020864,246,244,242,194,192,191,177,177,174,255,254,252,203,195,190,148,156,169,0.54321,0.54479,0.54584
1,6.7049e+05,-3.44,15.836,195,800,-3.4169,15.669,186.78,926.7,0.27776,0.1194,0.02528,0.24033,0.11298,0.020928,0.21406,0.1078,0.018048,241,242,242,190,190,189,172,174,173,255,255,253,213,205,201,151,160,174,0.54867,0.54624,0.54613
1,6.7059e+05,-3.36,15.836,195,800,-3.3437,15.67,187.47,647.64,0.27163,0.11218,0.023424,0.23205,0.10887,0.019328,0.20594,0.10742,0.016832,244,245,243,192,194,192,172,172,171,255,255,254,217,211,206,155,165,179,0.54866,0.54699,0.54712
1,6.7069e+05,-3.28,15.836,195,800,-3.2546,15.676,184.93,999.87,0.31038,0.11557,0.026944,0.26441,0.1094,0.02208,0.23653,0.10553,0.018944,249,247,244,200,199,195,171,172,171,255,255,254,210,204,201,152,163,178,0.54511,0.54913,0.54828
1,6.7079e+05,-3.2,15.836,195,800,-3.1771,15.655,185.86,1143.6,0.30716,0.1168,0.0272,0.26422,0.11172,0.022656,0.23628,0.1087,0.019712,250,246,244,217,209,201,171,173,174,255,255,255,186,179,178,143,153,167,0.54636,0.55107,0.54988
1,6.7089e+05,-3.12,15.836,195,800,-3.1092,15.678,185.98,941.02,0.31105,0.11072,0.0256,0.26059,0.10647,0.020864,0.22511,0.10201,0.017216,242,242,242,210,205,202,185,180,176,255,255,255,157,156,162,132,139,153,0.54113,0.54511,0.54583
1,6.7099e+05,-3.04,15.836,195,800,-3.0275,15.671,186.1,725.33,0.26366,0.12189,0.02496,0.23676,0.11194,0.020736,0.212,0.11082,0.018432,243,242,242,200,203,204,184,180,177,254,254,254,149,153,157,127,135,149,0.54367,0.54367,0.54246
1,6.7109e+05,-2.96,15.836,195,800,-2.9586,15.674,186.23,738.91,0.32414,0.13081,0.032576,0.29982,0.122,0.028352,0.27798,0.11674,0.025024,244,244,244,215,214,211,179,177,176,250,250,250,143,144,147,130,134,146,0.53631,0.54036,0.54
1,6.7119e+05,-2.88,15.836,195,800,-2.8663,15.671,186.83,760.95,0.35729,0.12819,0.034816,0.32288,0.11865,0.02944,0.29582,0.11257,0.025472,247,246,246,219,222,215,179,177,175,244,246,248,130,136,142,128,134,144,0.54493,0.54872,0.55171
1,6.7129e+05,-2.8,15.836,195,800,-2.7803,15.651,186.79,1048.4,0.25548,0.12301,0.024448,0.22865,0.11897,0.021248,0.212,0.11216,0.01856,253,252,250,232,228,219,174,175,174,242,244,247,131,133,137,116,123,137,0.54876,0.55814,0.56016
1,6.7139e+05,-2.72,15.836,195,800,-2.7188,15.674,186.18,937.37,0.35118,0.12316,0.033408,0.30606,0.11691,0.027712,0.28478,0.11156,0.024576,254,254,253,222,223,217,170,170,171,253,251,250,147,146,147,116,122,135,0.56043,0.56425,0.56405
1,6.7149e+05,-2.64,15.836,195,800,-2.619,15.659,187.36,789.24,0.37682,0.1152,0.031424,0.29871,0.11228,0.025152,0.25593,0.1076,0.020736,253,254,254,227,222,213,169,169,170,254,253,252,152,154,158,121,128,139,0.57012,0.56692,0.56397
1,6.7159e+05,-2.56,15.836,195,800,-2.5501,15.665,185.55,959.93,0.35605,0.11508,0.030912,0.30118,0.11026,0.025344,0.26497,0.10621,0.021376,254,254,254,205,205,201,171,168,169,255,254,254,192,189,185,132,138,148,0.56538,0.56503,0.56479
1,6.7169e+05,-2.48,15.836,195,800,-2.4684,15.67,186.37,1067.1,0.28375,0.11217,0.024,0.25078,0.10878,0.0208,0.22814,0.10397,0.01824,255,255,254,190,194,195,167,167,168,255,255,255,220,209,194,133,140,149,0.57493,0.5728,0.56769
1,6.7179e+05,-2.4,15.836,195,800,-2.4015,15.681,185.56,1065.1,0.30621,0.11772,0.02752,0.27388,0.11224,0.02336,0.24158,0.11049,0.020544,255,255,255,193,191,188,159,160,164,255,255,255,232,212,191,126,131,139,0.56549,0.56513,0.56564
1,6.7189e+05,-2.32,15.836,195,800,-2.3156,15.683,186.25,818.85,0.35018,0.13132,0.035264,0.3201,0.12144,0.02976,0.29453,0.1129,0.025216,255,254,254,198,193,186,151,156,163,255,255,255,184,174,164,114,119,128,0.56045,0.56465,0.56569
1,6.7199e+05,-2.24,15.836,195,800,-2.2381,15.666,186.99,685.41,0.2785,0.12357,0.025984,0.22989,0.1215,0.021888,0.21012,0.11366,0.018688,252,253,254,187,186,182,160,160,164,255,255,254,159,157,152,113,117,127,0.56552,0.56732,0.5673
1,6.7209e+05,-2.16,15.836,195,800,-2.1565,15.662,187.25,957.6,0.29822,0.12674,0.02944,0.27085,0.12228,0.025792,0.24927,0.11403,0.022272,252,253,254,157,165,174,160,162,165,255,254,252,154,146,140,122,128,138,0.57815,0.57008,0.56789
1,6.7219e+05,-2.08,15.836,195,800,-2.0801,15.661,186.39,928.7,0.32777,0.12274,0.029952,0.27183,0.11433,0.024128,0.23828,0.11178,0.020864,254,254,254,156,165,175,154,159,165,254,253,252,149,145,140,130,137,145,0.56161,0.56383,0.56611
1,6.7229e+05,-2,15.836,195,800,-2.0079,15.673,187.53,713.3,0.28977,0.12716,0.028608,0.26411,0.12297,0.025152,0.24415,0.11842,0.022592,255,255,255,197,190,185,162,163,167,255,254,252,157,152,144,139,146,154,0.57111,0.56738,0.56671
1,6.7239e+05,-1.92,15.836,195,800,-1.9167,15.664,186.32,893.67,0.29398,0.12513,0.02752,0.24312,0.12252,0.022976,0.21659,0.11835,0.019648,255,254,253,203,204,196,172,177,181,255,255,254,167,156,143,128,138,151,0.55451,0.56223,0.56577
1,6.7249e+05,-1.84,15.836,195,800,-1.853,15.662,186.31,808.09,0.35549,0.11787,0.03008,0.29115,0.11225,0.02368,0.24754,0.10749,0.01952,252,251,252,215,208,195,177,186,189,255,255,254,159,149,139,125,134,149,0.55784,0.56252,0.56489
1,6.7259e+05,-1.76,15.836,195,800,-1.7639,15.678,188.2,938.81,0.31511,0.12287,0.030016,0.28765,0.11527,0.025664,0.26292,0.11137,0.022656,247,248,247,211,200,186,192,196,195,255,255,254,140,135,131,130,138,151,0.56328,0.56499,0.56562
1,6.7269e+05,-1.68,15.836,195,800,-1.713,15.692,187.23,838,0.33613,0.137,0.035136,0.29538,0.13014,0.029952,0.26722,0.12386,0.02592,246,246,245,196,189,179,189,194,194,255,255,254,139,134,130,133,142,155,0.5738,0.56653,0.56598
1,6.7279e+05,-1.6,15.836,195,800,-1.6281,15.688,186.28,650.29,0.29733,0.12614,0.02816,0.26139,0.11992,0.024064,0.23417,0.11677,0.020992,239,240,242,179,172,167,177,180,181,255,254,253,140,133,128,134,145,156,0.56758,0.56592,0.5655
1,6.7289e+05,-1.52,15.836,195,800,-1.5167,15.659,187.28,796.58,0.3515,0.12797,0.033664,0.30221,0.11758,0.026944,0.25766,0.11364,0.022464,244,244,244,169,169,170,158,164,170,255,254,250,124,123,124,128,137,151,0.56967,0.56479,0.56629
1,6.7299e+05,-1.44,15.836,195,800,-1.4424,15.66,187.76,1011.7,0.30422,0.12121,0.02816,0.26701,0.11233,0.023232,0.24205,0.11002,0.020672,247,246,246,179,176,174,157,160,166,254,251,246,117,118,124,129,135,149,0.57011,0.56526,0.56598
1,6.7309e+05,-1.36,15.836,195,800,-1.366,15.678,186.45,940.78,0.38858,0.12212,0.035136,0.33353,0.1107,0.026944,0.28189,0.10236,0.021504,247,249,249,184,187,181,156,158,163,236,235,233,119,124,129,128,139,152,0.55419,0.56394,0.56556
1,6.7319e+05,-1.28,15.836,195,800,-1.2801,15.662,186.95,875.78,0.25439,0.1242,0.02432,0.2297,0.11866,0.021184,0.21261,0.11123,0.018496,253,251,250,192,186,179,154,157,164,222,224,226,127,130,136,133,142,156,0.57148,0.56786,0.56769
1,6.7329e+05,-1.2,15.836,195,800,-1.2217,15.674,186.83,598.64,0.37771,0.11775,0.032896,0.3113,0.11047,0.0256,0.27202,0.10626,0.021824,252,251,249,177,175,175,167,166,169,212,215,219,154,148,144,145,155,167,0.55734,0.56473,0.56686
1,6.7339e+05,-1.12,15.836,195,800,-1.1315,15.656,186.35,947.69,0.32407,0.12707,0.03168,0.29135,0.11871,0.027008,0.26572,0.11553,0.024064,244,247,249,182,179,177,175,173,171,225,227,226,152,148,145,173,178,181,0.56817,0.56661,0.56601
1,6.7349e+05,-1.04,15.836,195,800,-1.0573,15.659,186.72,840.83,0.33416,0.11584,0.02912,0.29459,0.11119,0.024512,0.26386,0.10797,0.021632,250,249,249,191,184,181,169,169,171,237,233,230,149,144,143,190,190,188,0.5688,0.56434,0.56674
1,6.7359e+05,-0.96,15.836,195,800,-0.98405,15.649,186.51,744.87,0.29561,0.11773,0.025728,0.25447,0.11315,0.020992,0.20497,0.10967,0.017472,255,254,252,187,190,192,160,165,171,231,236,235,146,145,144,201,202,199,0.56441,0.56686,0.56697
1,6.7369e+05,-0.88,15.836,195,800,-0.88644,15.662,186.77,850.56,0.32288,0.12296,0.030784,0.29398,0.11532,0.026112,0.26726,0.11072,0.02272,253,252,252,202,197,198,170,171,173,232,233,234,159,152,151,205,203,200,0.56439,0.56701,0.56573
1,6.7379e+05,-0.8,15.836,195,800,-0.81217,15.665,186.26,836.69,0.33956,0.11319,0.029184,0.29808,0.10767,0.024,0.26564,0.10276,0.02048,248,248,248,209,210,207,188,183,179,231,232,233,186,174,164,190,196,197,0.568,0.5666,0.56603
1,6.7389e+05,-0.72,15.836,195,800,-0.74851,15.661,185.93,702.37,0.31135,0.11913,0.028416,0.2642,0.11476,0.023744,0.24203,0.11055,0.0208,239,243,244,214,211,208,184,183,184,246,239,234,183,176,172,174,182,187,0.57204,0.5655,0.56549
1,6.7399e+05,-0.64,15.836,195,800,-0.67,15.675,185.69,718.05,0.32786,0.12522,0.031168,0.28575,0.11864,0.025728,0.2429,0.11748,0.022016,240,241,242,217,209,204,189,187,186,245,239,235,171,170,173,164,173,181,0.56002,0.56285,0.56248
1,6.7409e+05,-0.56,15.836,195,800,-0.57981,15.651,185.49,921.16,0.30031,0.11935,0.027264,0.25542,0.11503,0.022272,0.22129,0.10949,0.018688,235,236,237,195,196,195,198,194,190,234,232,233,169,170,173,149,158,168,0.56594,0.56449,0.56385
1,6.7419e+05,-0.48,15.836,195,800,-0.52146,15.687,187,911.83,0.2987,0.1147,0.026368,0.26509,0.10917,0.022208,0.24275,0.10544,0.019584,232,232,235,188,189,190,199,192,188,230,228,230,177,173,173,142,150,159,0.56868,0.56462,0.56375
1,6.7429e+05,-0.4,15.836,195,800,-0.43234,15.673,187.06,678.29,0.30153,0.11634,0.026944,0.26104,0.11262,0.022656,0.23441,0.10989,0.019968,234,235,237,182,183,184,177,178,179,224,225,227,171,169,168,124,131,141,0.57044,0.56574,0.56391
1,6.7439e+05,-0.32,15.836,195,800,-0.32518,15.671,187.59,1106.4,0.32552,0.12221,0.030272,0.27565,0.11495,0.024704,0.24903,0.11186,0.021696,246,243,241,184,184,184,169,168,168,228,224,225,162,158,156,117,122,133,0.56391,0.56419,0.56451
1,6.7449e+05,-0.24,15.836,195,800,-0.29229,15.687,186.93,662.07,0.2939,0.11389,0.024192,0.23573,0.10973,0.019328,0.18864,0.10964,0.01632,242,243,243,188,188,186,167,166,165,220,221,224,156,152,149,119,127,141,0.57018,0.5644,0.56425
1,6.7459e+05,-0.16,15.836,195,800,-0.21483,15.695,186.53,965.47,0.28176,0.12158,0.02624,0.251,0.11534,0.022528,0.23059,0.11068,0.019968,241,243,245,193,191,189,167,166,166,220,221,225,138,135,131,167,172,174,0.57067,0.5683,0.56943
1,6.7469e+05,-0.08,15.836,195,800,-0.1342,15.669,186.86,605.63,0.32621,0.12283,0.030464,0.28722,0.116,0.025792,0.25375,0.11209,0.022144,245,246,247,185,190,190,167,168,169,227,227,227,125,124,123,202,199,191,0.5768,0.57292,0.57049
1,6.7479e+05,0,15.836,195,800,-0.042951,15.67,152.75,842.5,0.3163,0.11792,0.028032,0.27468,0.11058,0.023104,0.23688,0.10832,0.019968,250,250,249,185,184,183,176,176,175,236,237,237,109,111,115,209,216,216,0.50177,0.49994,0.50222
1,6.7781e+05,0,15.929,195,800,-0.087513,15.748,-0.43467,850.74,0,0,0,0,0,0,0,0,0,255,253,250,183,181,179,184,180,178,229,230,231,111,115,119,200,200,204,0.54196,0.52097,0.51079
1,6.7791e+05,-0.08,15.929,195,800,-0.14799,15.748,185.34,844.57,0.38255,0.11304,0.028032,0.373,0.10598,0.024512,0.33118,0.10313,0.021504,249,248,247,190,187,185,172,171,170,215,218,222,115,118,122,192,190,190,0.57771,0.58311,0.58243
1,6.7801e+05,-0.16,15.929,195,800,-0.21377,15.743,185.97,805.04,0.21031,0.15716,0.026112,0.20012,0.15173,0.023872,0.1945,0.14553,0.022336,245,245,246,188,188,186,163,166,167,210,216,221,114,122,129,183,183,182,0.59059,0.58637,0.58642
1,6.7811e+05,-0.24,15.929,195,800,-0.30608,15.756,187.13,886.02,0.28634,0.15528,0.034432,0.27546,0.14596,0.030592,0.259,0.13374,0.025984,243,244,244,184,187,186,163,166,168,217,222,224,138,145,152,158,163,163,0.53852,0.56545,0.57704
1,6.7821e+05,-0.32,15.929,195,800,-0.37186,15.752,185.25,734.56,0.3051,0.14773,0.034752,0.27178,0.1373,0.028352,0.22976,0.13427,0.023808,246,244,243,185,185,184,171,171,172,221,226,226,158,162,165,148,154,158,0.57047,0.5763,0.57678
1,6.7831e+05,-0.4,15.929,195,800,-0.45143,15.745,185.58,1112.1,0.2894,0.15493,0.034816,0.25802,0.14739,0.029696,0.23943,0.13443,0.025216,239,237,238,174,179,185,181,184,184,222,228,231,177,183,185,165,167,167,0.57604,0.5776,0.57814
1,6.7841e+05,-0.48,15.929,195,800,-0.54374,15.783,185.82,831.82,0.32468,0.14108,0.035136,0.29107,0.12987,0.029184,0.25559,0.1224,0.024512,235,234,235,201,195,192,196,194,191,224,230,233,178,188,194,227,206,192,0.58721,0.57905,0.57865
1,6.7851e+05,-0.56,15.929,195,800,-0.58088,15.746,186.3,529.41,0.32772,0.15253,0.038528,0.30128,0.14234,0.033088,0.28247,0.13227,0.028864,241,237,236,209,203,198,194,194,192,224,232,234,188,193,195,237,219,205,0.56902,0.57716,0.57838
1,6.7861e+05,-0.64,15.929,195,800,-0.69865,15.761,185.39,796.2,0.36292,0.13445,0.03616,0.29553,0.12655,0.02784,0.23302,0.12147,0.021888,242,241,241,208,205,204,186,184,184,223,231,233,192,191,193,245,233,221,0.57836,0.58102,0.57999
1,6.7871e+05,-0.72,15.929,195,800,-0.75488,15.741,184.54,876.06,0.34633,0.1528,0.040704,0.30709,0.14436,0.033792,0.27793,0.13368,0.028416,241,243,244,210,207,207,174,178,181,216,228,231,170,184,189,250,238,225,0.57985,0.58083,0.57876
1,6.7881e+05,-0.8,15.929,195,800,-0.84612,15.76,185.02,897.05,0.40662,0.12616,0.0384,0.3319,0.11908,0.029888,0.30179,0.11146,0.024576,255,251,250,229,214,207,178,178,178,219,228,231,160,166,172,253,245,235,0.58069,0.58233,0.58067
1,6.7891e+05,-0.88,15.929,195,800,-0.92146,15.757,186.27,981.4,0.33799,0.13975,0.036992,0.28633,0.13807,0.030912,0.25617,0.13378,0.026944,255,255,254,201,199,198,178,178,178,245,239,235,138,148,158,255,251,240,0.58016,0.58214,0.57998
1,6.7901e+05,-0.96,15.929,195,800,-0.99042,15.745,186.56,723.09,0.4038,0.13285,0.041088,0.34565,0.12062,0.03232,0.29837,0.11457,0.026112,255,255,254,182,187,191,171,175,178,238,241,236,141,148,153,255,252,241,0.57628,0.5763,0.58059
1,6.7911e+05,-1.04,15.929,195,800,-1.0838,15.75,186.11,858.33,0.40014,0.13532,0.039936,0.33108,0.13072,0.032448,0.27952,0.12668,0.027008,246,249,250,170,175,180,176,178,178,231,231,230,138,145,151,255,249,236,0.5824,0.57976,0.57914
1,6.7921e+05,-1.12,15.929,195,800,-1.1655,15.765,185.92,689.5,0.34062,0.13717,0.03584,0.3096,0.12974,0.030528,0.27455,0.12145,0.025664,237,246,249,170,174,176,174,178,176,216,225,227,135,145,151,252,243,231,0.56554,0.57697,0.5792
1,6.7931e+05,-1.2,15.929,195,800,-1.2387,15.756,185.95,1001.8,0.39235,0.13057,0.03776,0.34857,0.12135,0.03136,0.31429,0.11623,0.026944,253,249,249,165,170,176,166,167,169,219,222,224,156,154,154,248,232,220,0.58674,0.58286,0.57906
1,6.7941e+05,-1.28,15.929,195,800,-1.313,15.773,185.87,816.28,0.34257,0.14196,0.036864,0.31021,0.12887,0.030784,0.27316,0.12234,0.026112,252,251,250,190,184,180,163,160,162,233,231,232,180,162,156,240,222,210,0.56945,0.57841,0.57834
1,6.7951e+05,-1.36,15.929,195,800,-1.3777,15.733,185.99,934.15,0.33689,0.13382,0.033088,0.26635,0.12547,0.02592,0.24075,0.12148,0.022656,248,249,248,190,189,181,157,159,161,236,238,237,170,161,155,227,215,204,0.58396,0.58168,0.58033
1,6.7961e+05,-1.44,15.929,195,800,-1.4764,15.754,187.48,751.57,0.4145,0.13963,0.04416,0.38067,0.12591,0.035456,0.33189,0.1178,0.02784,245,244,244,190,176,177,159,162,164,248,247,247,139,147,149,213,204,199,0.59447,0.57961,0.57769
1,6.7971e+05,-1.52,15.929,195,800,-1.5411,15.76,184.75,833.92,0.34359,0.13521,0.035328,0.30538,0.12073,0.027968,0.27343,0.11325,0.023552,238,242,243,174,171,174,163,167,168,250,250,249,134,143,145,214,207,201,0.58331,0.58494,0.58052
1,6.7981e+05,-1.6,15.929,195,800,-1.6228,15.765,186.51,868.07,0.335,0.13833,0.035264,0.29058,0.12885,0.028864,0.25638,0.12609,0.024896,246,243,243,183,179,178,184,182,179,252,252,252,145,137,138,253,228,210,0.58501,0.58253,0.58147
1,6.7991e+05,-1.68,15.929,195,800,-1.7098,15.751,185.2,907.12,0.32868,0.14497,0.036864,0.2938,0.13487,0.030656,0.2721,0.126,0.026752,245,246,246,179,189,188,198,192,187,254,254,254,120,126,132,251,227,212,0.57747,0.57708,0.57891
1,6.8001e+05,-1.76,15.929,195,800,-1.7745,15.751,186.61,953.75,0.41471,0.13875,0.042944,0.34111,0.13151,0.034432,0.30309,0.124,0.02912,249,249,249,182,192,191,203,191,185,255,255,254,115,124,130,230,220,211,0.57914,0.57809,0.57863
1,6.8011e+05,-1.84,15.929,195,800,-1.8583,15.75,187.46,854.77,0.34325,0.13424,0.0352,0.278,0.12612,0.027264,0.24101,0.12089,0.022848,252,253,253,208,196,192,183,177,177,255,255,254,125,129,135,233,219,209,0.57953,0.57885,0.57878
1,6.8021e+05,-1.92,15.929,195,800,-1.9368,15.75,186.47,750.58,0.34936,0.13616,0.035328,0.31614,0.12207,0.028352,0.28966,0.1117,0.023616,255,255,254,201,194,192,169,169,170,255,254,253,132,135,138,238,224,211,0.572,0.57626,0.57795
1,6.8031e+05,-2,15.929,195,800,-2.0206,15.773,186.65,974.98,0.33079,0.13833,0.034048,0.27179,0.13292,0.027328,0.24038,0.12804,0.023424,255,255,255,193,190,187,157,158,160,249,250,250,152,145,145,253,231,214,0.58058,0.57967,0.57959
1,6.8041e+05,-2.08,15.929,195,800,-2.1236,15.77,186.93,1143.1,0.35231,0.14392,0.038464,0.3103,0.13289,0.031936,0.28758,0.12319,0.027392,255,255,254,186,184,184,159,157,160,241,246,249,140,142,144,228,214,200,0.58164,0.5812,0.57865
1,6.8051e+05,-2.16,15.929,195,800,-2.1777,15.761,187.13,906.56,0.38768,0.13935,0.04128,0.32681,0.1328,0.033472,0.29437,0.12392,0.028544,255,255,254,187,184,184,167,162,162,248,249,250,132,138,143,198,195,188,0.57507,0.57792,0.57626
1,6.8061e+05,-2.24,15.929,195,800,-2.2424,15.747,187.06,798.63,0.32671,0.12952,0.03168,0.28005,0.11499,0.023872,0.22519,0.1101,0.019072,255,255,254,206,198,194,169,169,166,255,254,253,124,135,146,159,165,169,0.58208,0.58023,0.57889
1,6.8071e+05,-2.32,15.929,195,800,-2.3326,15.771,186.36,678.19,0.33617,0.1219,0.03072,0.28926,0.11821,0.025536,0.25516,0.11488,0.021504,255,255,255,211,207,201,168,168,167,255,255,255,126,140,153,157,166,170,0.58098,0.57895,0.57764
1,6.8081e+05,-2.4,15.929,195,800,-2.4249,15.766,187.11,835.07,0.24117,0.12877,0.023936,0.21093,0.12113,0.019904,0.18677,0.11604,0.016896,255,255,255,220,214,206,171,168,168,255,255,255,157,167,175,208,198,188,0.57577,0.58169,0.57972
1,6.8091e+05,-2.48,15.929,195,800,-2.497,15.759,187.18,794.31,0.30174,0.12584,0.029056,0.273,0.11443,0.023936,0.25359,0.10729,0.020736,255,254,254,212,209,209,170,171,172,255,255,254,192,187,185,235,220,203,0.5826,0.57862,0.57876
1,6.8101e+05,-2.56,15.929,195,800,-2.5596,15.765,187.65,797.81,0.30671,0.13955,0.032832,0.27091,0.13392,0.028032,0.2354,0.12848,0.023872,255,254,254,222,216,213,170,173,174,253,254,254,184,181,181,228,215,199,0.57823,0.57811,0.57719
1,6.8111e+05,-2.64,15.929,195,800,-2.6466,15.755,186.15,1018.4,0.30459,0.12925,0.030336,0.26806,0.11901,0.025024,0.24574,0.11266,0.021696,255,253,253,244,229,217,176,177,176,251,252,252,150,156,161,180,179,174,0.57986,0.579,0.57731
1,6.8121e+05,-2.72,15.929,195,800,-2.723,15.737,186.45,773.18,0.29106,0.12714,0.028224,0.25575,0.12058,0.024,0.22573,0.11912,0.020928,255,253,252,232,221,217,178,176,176,250,251,251,143,147,152,153,159,164,0.57597,0.575,0.57344
1,6.8131e+05,-2.8,15.929,195,800,-2.7973,15.754,185.88,827.35,0.34307,0.12974,0.034368,0.30664,0.12154,0.028928,0.27758,0.11614,0.02528,250,249,249,212,210,213,175,175,176,250,250,250,142,144,150,161,165,165,0.58096,0.58015,0.57618
1,6.8141e+05,-2.88,15.929,195,800,-2.8949,15.754,186.79,955.96,0.37681,0.1206,0.03392,0.33376,0.11261,0.027648,0.29273,0.10523,0.022912,245,245,245,225,217,212,178,177,176,255,253,252,170,170,165,208,191,176,0.57612,0.57223,0.56981
1,6.8151e+05,-2.96,15.929,195,800,-2.9564,15.761,186.15,1027.6,0.36115,0.13229,0.037376,0.32032,0.12543,0.031296,0.28679,0.12103,0.027264,242,242,242,214,213,212,173,176,177,255,254,253,192,184,172,192,185,177,0.56094,0.5593,0.55846
1,6.8161e+05,-3.04,15.929,195,800,-3.0424,15.761,184.72,883.85,0.3864,0.11854,0.034432,0.33059,0.11264,0.027264,0.2815,0.10831,0.02272,237,238,240,208,204,208,172,176,177,255,255,255,179,176,173,168,171,172,0.54962,0.55519,0.55541
1,6.8171e+05,-3.12,15.929,195,800,-3.1294,15.766,185.74,956.66,0.34917,0.12277,0.032576,0.29665,0.11801,0.02688,0.27203,0.10913,0.022464,241,240,241,209,204,205,178,177,176,255,255,255,150,163,170,175,174,172,0.56492,0.565,0.56326
1,6.8181e+05,-3.2,15.929,195,800,-3.1962,15.773,185.51,877.42,0.35237,0.12854,0.034112,0.28829,0.12024,0.026688,0.23859,0.11577,0.021568,240,243,244,197,201,201,166,171,174,255,255,255,161,165,173,194,192,189,0.56546,0.56505,0.56445
1,6.8191e+05,-3.28,15.929,195,800,-3.2673,15.751,187.68,724.92,0.32399,0.12603,0.03168,0.27545,0.11575,0.024768,0.24082,0.11108,0.020992,247,245,245,189,190,190,173,173,172,255,255,255,202,194,192,228,213,201,0.56718,0.56568,0.56518
1,6.8201e+05,-3.36,15.929,195,800,-3.3586,15.769,186.9,1121.9,0.31863,0.12434,0.030464,0.26438,0.11916,0.024384,0.23255,0.10852,0.01984,246,244,242,183,182,185,177,176,174,255,255,255,224,205,199,223,211,201,0.57304,0.56829,0.56773
1,6.8211e+05,-3.44,15.929,195,800,-3.436,15.776,187.3,953.02,0.33918,0.12474,0.031872,0.29152,0.11485,0.025344,0.23654,0.11177,0.020032,235,237,240,172,174,179,181,180,178,254,254,254,226,204,198,182,185,186,0.57459,0.57129,0.56876
1,6.8221e+05,-3.52,15.929,195,800,-3.5124,15.759,186,895.26,0.30577,0.12764,0.030144,0.27207,0.12336,0.026112,0.24401,0.11918,0.022784,231,237,240,166,174,180,183,183,180,251,252,252,213,191,187,161,171,177,0.56352,0.56579,0.56638
1,6.8231e+05,-3.6,15.929,195,800,-3.5867,15.743,188.62,946.13,0.35246,0.12761,0.034432,0.31236,0.118,0.027968,0.27378,0.10857,0.023104,241,243,243,163,178,187,178,181,181,237,245,249,146,152,158,153,162,166,0.56189,0.56756,0.56641
1,6.8241e+05,-3.68,15.929,195,800,-3.6652,15.751,185.96,873.76,0.36169,0.12556,0.034368,0.32481,0.11818,0.02816,0.29116,0.1133,0.024384,238,244,245,179,188,194,182,177,177,241,248,250,121,131,139,151,160,161,0.55592,0.56047,0.5612
1,6.8251e+05,-3.76,15.929,195,800,-3.7617,15.76,186.55,924.34,0.30613,0.12705,0.03008,0.27501,0.11931,0.025344,0.25304,0.1114,0.021888,244,245,245,191,195,198,181,177,176,255,252,252,120,131,137,148,157,159,0.56077,0.56397,0.56435
1,6.8261e+05,-3.84,15.929,195,800,-3.836,15.767,186.73,877.94,0.3129,0.11163,0.02592,0.25061,0.10547,0.019456,0.21042,0.10075,0.01632,250,247,247,215,210,205,169,178,178,255,255,255,126,136,140,151,157,162,0.57208,0.56901,0.56476
1,6.8271e+05,-3.92,15.929,195,800,-3.906,15.746,185.34,1064.9,0.32074,0.1155,0.027328,0.28392,0.10932,0.022976,0.25041,0.10534,0.019776,252,248,247,224,213,201,177,180,177,255,255,255,128,139,145,158,168,172,0.56435,0.56455,0.56329
1,6.8281e+05,-4,15.929,195,800,-3.993,15.759,185.92,801.47,0.34213,0.11644,0.030784,0.30704,0.11059,0.02624,0.28528,0.10343,0.022656,253,249,246,167,184,186,175,173,173,255,255,255,152,160,166,236,207,195,0.564,0.56268,0.56252
1,6.8291e+05,-4.08,15.929,195,800,-4.0546,15.748,186.55,704.69,0.35252,0.11827,0.032192,0.31253,0.11099,0.02656,0.28198,0.10557,0.022976,238,242,242,142,159,168,164,168,169,255,255,255,196,190,181,228,215,205,0.5619,0.5616,0.56089
1,6.8301e+05,-4.16,15.929,195,800,-4.1511,15.759,185.87,816.38,0.2912,0.13215,0.030144,0.26383,0.12528,0.025792,0.24268,0.11987,0.02272,241,241,240,148,163,166,171,171,169,255,255,255,206,189,180,209,206,200,0.56491,0.56366,0.56235
1,6.8311e+05,-4.24,15.929,195,800,-4.2116,15.75,186.75,696.06,0.29338,0.13507,0.030784,0.25412,0.12584,0.025024,0.23652,0.11891,0.022016,237,239,240,167,170,172,169,171,169,254,253,253,158,160,162,172,183,187,0.55629,0.5641,0.56396
1,6.8321e+05,-4.32,15.929,195,800,-4.3028,15.756,187,777.2,0.30592,0.11839,0.027648,0.27716,0.11015,0.022912,0.25302,0.10466,0.019584,237,239,241,174,175,178,169,169,167,250,252,253,146,149,153,167,176,180,0.57096,0.5669,0.56403
1,6.8331e+05,-4.4,15.929,195,800,-4.3824,15.764,187.22,837.64,0.26921,0.1211,0.025216,0.24467,0.11614,0.02208,0.22525,0.11163,0.019456,246,246,246,192,187,184,163,163,163,253,253,254,138,146,149,154,163,168,0.55871,0.56105,0.55996
1,6.8341e+05,-4.48,15.929,195,800,-4.462,15.76,187.15,891.48,0.32391,0.12022,0.029824,0.28727,0.11213,0.024832,0.26436,0.10704,0.02144,254,251,249,174,180,186,157,163,165,255,255,255,146,153,154,149,155,160,0.56522,0.56324,0.56277
1,6.8351e+05,-4.56,15.929,195,800,-4.5246,15.756,187.38,931.62,0.32583,0.12327,0.03072,0.28668,0.11518,0.025408,0.25981,0.10962,0.021888,250,250,248,170,181,189,170,170,168,255,255,255,149,156,158,151,156,162,0.55911,0.562,0.56179
1,6.8361e+05,-4.64,15.929,195,800,-4.6084,15.76,186.01,674.17,0.35555,0.12482,0.033856,0.31742,0.11691,0.028288,0.29198,0.10838,0.024128,237,240,243,198,198,199,180,176,173,255,255,255,163,167,166,176,177,178,0.56303,0.56288,0.56112
1,6.8371e+05,-4.72,15.929,195,800,-4.6753,15.742,187.04,612.32,0.31079,0.12104,0.028288,0.26693,0.11627,0.02336,0.24111,0.11015,0.020352,235,237,242,202,204,204,166,172,174,255,255,255,175,174,168,198,191,188,0.56405,0.56257,0.55879
1,6.8381e+05,-4.8,15.929,195,800,-4.7707,15.76,185.55,850.85,0.32065,0.11848,0.028672,0.26904,0.11389,0.023424,0.23686,0.10719,0.01952,244,245,244,204,205,207,169,175,178,255,255,255,162,167,166,205,202,197,0.55772,0.5599,0.55749
1,6.8391e+05,-4.88,15.929,195,800,-4.844,15.748,186.13,578.79,0.30718,0.11838,0.026944,0.25563,0.1163,0.022272,0.22372,0.11025,0.0192,252,248,247,201,200,200,186,182,181,255,255,255,153,157,159,186,187,188,0.56862,0.56462,0.55752
1,6.8401e+05,-4.96,15.929,195,800,-4.9341,15.755,186.89,944.76,0.26541,0.11831,0.024576,0.24207,0.11054,0.020992,0.22474,0.1069,0.01888,244,246,247,197,194,195,182,181,180,255,255,255,153,156,156,173,179,182,0.56458,0.56499,0.55818
1,6.8411e+05,-5.04,15.929,195,800,-5.002,15.773,186.63,923.96,0.30811,0.11585,0.026752,0.27032,0.10513,0.02176,0.24017,0.10327,0.01888,246,247,248,177,181,187,170,171,173,255,255,255,150,155,159,162,167,171,0.57324,0.573,0.56506
1,6.8421e+05,-5.12,15.929,195,800,-5.0827,15.765,186.1,713.17,0.29474,0.1215,0.026688,0.25848,0.11701,0.022656,0.22932,0.11433,0.019968,252,250,249,175,179,185,159,168,173,255,255,255,156,159,162,155,164,170,0.57255,0.56975,0.56046
1,6.8431e+05,-5.2,15.929,195,800,-5.1697,15.748,185.74,1000.9,0.29494,0.11506,0.025728,0.25654,0.1058,0.020352,0.21578,0.10617,0.018176,250,250,250,177,182,182,180,177,174,255,255,255,165,168,168,162,169,175,0.56736,0.56087,0.55167
1,6.8441e+05,-5.28,15.929,195,800,-5.2471,15.756,186,689.26,0.28523,0.15287,0.029248,0.24661,0.13139,0.02336,0.22855,0.11517,0.020352,249,248,247,164,174,180,173,173,174,255,255,255,176,172,170,187,188,192,0.56737,0.56577,0.55106
1,6.8451e+05,-5.36,15.929,195,800,-5.314,15.745,187.83,819.77,0.29344,0.11657,0.026496,0.26398,0.108,0.02208,0.22838,0.10512,0.018432,243,246,246,159,172,177,165,171,174,255,255,255,173,170,168,197,199,201,0.55755,0.5538,0.54514
1,6.8461e+05,-5.44,15.929,195,800,-5.3904,15.746,186.93,850.1,0.25696,0.118,0.023488,0.2252,0.11401,0.02016,0.20942,0.10918,0.017792,240,241,243,168,171,174,183,182,182,255,255,255,151,156,163,217,209,205,0.55726,0.55023,0.53928
1,6.8471e+05,-5.52,15.929,195,800,-5.4901,15.761,188.49,778.7,0.32264,0.11352,0.027392,0.27646,0.10679,0.021696,0.22992,0.10225,0.017856,237,240,242,172,170,173,197,192,189,255,255,255,146,152,160,206,204,204,0.54899,0.54453,0.53363
1,6.8481e+05,-5.6,15.929,195,800,-5.5739,15.775,185.99,848.54,0.30042,0.12694,0.028864,0.26543,0.11794,0.023872,0.23433,0.11597,0.020992,245,243,243,173,171,173,207,198,191,255,255,255,141,146,156,189,197,205,0.55744,0.55366,0.54385
1,6.8491e+05,-5.68,15.929,195,800,-5.6429,15.775,186.99,980.23,0.31057,0.12776,0.030912,0.28507,0.12056,0.026624,0.26659,0.11214,0.02336,243,244,245,164,166,169,171,174,179,255,255,255,135,143,157,225,220,219,0.57068,0.56552,0.54743
1,6.8501e+05,-5.76,15.929,195,800,-5.7246,15.759,187.58,769.68,0.27974,0.1232,0.026176,0.23369,0.12217,0.0224,0.21157,0.11996,0.020032,243,244,245,157,160,166,163,166,170,255,255,255,141,150,164,243,234,229,0.57235,0.572,0.55781
1,6.8511e+05,-5.84,15.929,195,800,-5.7861,15.746,186.84,752.9,0.31914,0.11773,0.028224,0.28343,0.1094,0.023168,0.24517,0.10569,0.01984,243,242,245,149,155,164,161,159,161,255,255,255,196,188,187,254,250,245,0.57341,0.57658,0.5642
1,6.8521e+05,-5.92,15.929,195,800,-5.8689,15.759,187.05,779.78,0.31344,0.11823,0.028224,0.27139,0.11616,0.024256,0.23897,0.11332,0.02112,241,243,246,155,162,169,158,158,161,255,255,255,217,205,199,255,254,250,0.55488,0.54833,0.54127
1,6.8531e+05,-6,15.929,195,800,-5.9431,15.75,153.53,911,0.31318,0.1311,0.031936,0.28403,0.12428,0.027584,0.26501,0.11641,0.024064,248,249,248,201,186,182,171,165,162,255,255,255,210,211,212,254,255,254,0.47124,0.45841,0.4444
