1,82500,3,11,100,900,2.9013,10.896,0.085063,799.02,0,0,0,0,0,0,0,0,0,236,237,240,155,148,148,164,158,160,252,243,233,178,155,146,170,160,155,0.35669,0.36007,0.37462
1,82600,3,11.09,100,900,2.8949,11.011,96.451,1071,0.13995,0.1155,0.012864,0.13357,0.10833,0.01152,0.12883,0.10549,0.011008,245,245,246,138,145,154,156,156,162,204,202,203,118,117,120,152,150,155,0.41611,0.42693,0.44225
1,82700,3,11.18,100,900,2.914,11.065,96.206,766.54,0.17637,0.13115,0.018176,0.16505,0.12695,0.016512,0.15917,0.12247,0.015552,255,254,252,170,172,172,176,166,165,163,163,168,94,95,95,173,177,179,0.54412,0.524,0.50295
1,82800,3,11.27,100,900,2.9034,11.145,94.153,450.35,0.22114,0.13143,0.022912,0.20466,0.12628,0.020544,0.19477,0.11943,0.018304,255,255,254,195,188,183,169,165,170,154,152,156,85,87,88,200,199,196,0.53787,0.53234,0.51114
1,82900,3,11.36,100,900,2.9087,11.251,93.875,1139.7,0.26845,0.10421,0.021056,0.25312,0.09637,0.01792,0.23651,0.091744,0.015552,253,253,254,216,207,197,186,181,177,138,140,145,80,81,81,216,222,220,0.44503,0.46895,0.48136
1,83000,3,11.45,100,900,2.9236,11.311,94.15,678.62,0.15644,0.098971,0.01248,0.14779,0.096763,0.011264,0.14237,0.088169,0.00992,251,253,253,204,200,204,189,179,173,147,145,148,87,86,83,209,209,208,0.49916,0.49529,0.49005
1,83100,3,11.54,100,900,2.9162,11.404,95.583,920.49,0.16884,0.098242,0.013056,0.15192,0.09484,0.011328,0.14472,0.086994,0.00992,253,253,253,218,216,214,150,153,160,155,155,158,87,88,86,177,187,199,0.54517,0.51905,0.50026
1,83200,3,11.63,100,900,2.9119,11.497,94.061,835.71,0.16762,0.11117,0.014528,0.15342,0.10409,0.01248,0.14941,0.096463,0.011456,253,252,251,220,220,214,151,155,157,168,166,167,86,86,86,214,214,209,0.50413,0.49452,0.49254
1,83300,3,11.72,100,900,2.9236,11.588,94.292,926.35,0.18018,0.11343,0.015936,0.16964,0.10554,0.013952,0.15712,0.099201,0.012352,253,250,250,203,204,205,161,159,159,167,170,174,84,85,88,218,222,217,0.46245,0.47737,0.48699
1,83400,3,11.81,100,900,2.9225,11.672,94.051,731.28,0.15281,0.1025,0.012288,0.14513,0.095227,0.010816,0.14269,0.088984,0.009984,248,248,249,178,183,192,164,161,159,179,184,190,97,98,95,205,213,216,0.47909,0.4896,0.49337
1,83500,3,11.9,100,900,2.9109,11.789,93.607,1013.4,0.15413,0.10242,0.012544,0.14177,0.097505,0.010816,0.13263,0.094619,0.009792,249,250,249,198,199,197,155,158,161,204,203,204,102,103,101,203,200,201,0.44992,0.46792,0.48123
1,83600,3,11.99,100,900,2.9024,11.853,94.481,664.73,0.167,0.11005,0.01408,0.15339,0.10624,0.01248,0.14447,0.10147,0.011392,247,247,248,200,201,199,177,174,171,201,203,208,97,96,96,193,196,201,0.47002,0.48056,0.48392
1,83700,3,12.08,100,900,2.9193,11.942,94.441,1158.7,0.14362,0.097036,0.010944,0.13406,0.094393,0.009728,0.122,0.091166,0.008768,247,249,249,185,188,194,185,183,181,197,199,204,90,88,87,205,205,198,0.4845,0.48849,0.48984
1,83800,3,12.17,100,900,2.9151,12.035,94.759,1031.3,0.14744,0.10613,0.011648,0.13568,0.097945,0.00992,0.12195,0.092042,0.00864,252,251,249,191,190,192,183,183,182,195,198,203,85,83,84,196,195,190,0.48181,0.4884,0.48939
1,83900,3,12.26,100,900,2.9247,12.113,93.879,1003.1,0.15646,0.099969,0.012288,0.14878,0.095078,0.011008,0.14133,0.092219,0.010048,248,247,248,199,195,193,183,181,179,200,199,202,83,80,80,161,161,166,0.49225,0.49238,0.49077
1,84000,3,12.35,100,900,2.9098,12.202,94.471,942.77,0.1511,0.10284,0.01216,0.13865,0.098222,0.010816,0.13337,0.095822,0.010112,247,246,248,199,194,193,170,172,175,201,198,198,88,81,78,159,160,162,0.48271,0.49316,0.48891
1,84100,3,12.44,100,900,2.913,12.294,94.501,764.21,0.16677,0.10639,0.013504,0.15457,0.095938,0.01152,0.14597,0.093853,0.010624,251,251,251,186,190,192,179,176,174,194,191,190,79,77,77,198,189,179,0.51741,0.51051,0.49652
1,84200,3,12.53,100,900,2.9395,12.358,94.435,1211.2,0.15178,0.10141,0.01216,0.1413,0.097844,0.010816,0.13348,0.093267,0.009728,255,254,253,188,186,184,174,174,171,177,176,176,78,76,75,189,194,193,0.4715,0.47811,0.48376
1,84300,3,12.62,100,900,2.8939,12.492,92.134,1035.3,0.17362,0.1055,0.014336,0.15963,0.10208,0.012928,0.15153,0.097417,0.01152,255,253,252,182,177,176,164,165,169,167,168,170,78,76,75,192,195,193,0.51422,0.50999,0.49561
1,84400,3,12.71,100,900,2.8928,12.582,94.951,875.2,0.18113,0.094875,0.013056,0.16191,0.087876,0.011072,0.14852,0.084714,0.009792,251,251,251,147,154,164,176,172,170,165,164,163,82,80,78,194,191,184,0.46034,0.46979,0.4766
1,84500,3,12.8,100,900,2.9056,12.657,93.7,931.97,0.14047,0.10125,0.011072,0.12863,0.094754,0.009472,0.12316,0.088417,0.008704,254,253,251,167,163,161,188,182,173,163,162,161,87,84,80,175,175,179,0.47676,0.48847,0.48575
1,84600,3,12.89,100,900,2.9045,12.743,94.385,1039.1,0.11581,0.10378,0.009408,0.10695,0.098787,0.00832,0.10088,0.094835,0.00768,251,252,252,169,171,174,162,164,166,160,158,158,87,83,79,193,195,197,0.45271,0.46738,0.47792
1,84700,3,12.98,100,900,2.8907,12.862,93.922,1099.6,0.19348,0.10678,0.0144,0.17108,0.098884,0.012096,0.15254,0.092386,0.010432,252,252,252,187,186,187,164,160,159,158,156,155,78,76,75,235,234,227,0.44891,0.46256,0.47301
1,84800,3,13.07,100,900,2.9172,12.906,94.964,803.71,0.14691,0.10022,0.01152,0.13962,0.094579,0.010176,0.132,0.08885,0.009216,252,253,253,190,194,196,166,160,157,156,155,155,74,74,73,244,243,237,0.45065,0.45485,0.46557
1,84900,3,13.16,100,900,2.8949,13.011,94.557,1012,0.16214,0.094516,0.011584,0.14621,0.089389,0.009984,0.13556,0.085868,0.008896,254,252,250,211,209,209,150,155,160,154,155,157,75,74,74,229,232,230,0.4914,0.4603,0.45493
1,85000,3,13.25,100,900,2.9087,13.101,95.504,1100.8,0.18221,0.10292,0.013824,0.15497,0.095211,0.011392,0.14446,0.09123,0.010304,240,242,245,229,223,216,169,173,174,164,164,163,86,82,80,198,201,206,0.42052,0.434,0.44875
1,85100,3,13.34,100,900,2.9056,13.206,94.554,897.67,0.18165,0.10395,0.014016,0.17049,0.095978,0.012288,0.15272,0.093595,0.01088,239,241,243,207,211,210,210,196,185,168,169,172,92,86,84,191,193,200,0.42113,0.42835,0.44736
1,85200,3,13.43,100,900,2.9098,13.283,95.828,1019,0.13529,0.10538,0.011008,0.1219,0.097262,0.009216,0.114,0.094005,0.008384,243,243,242,200,193,192,178,181,181,181,185,188,83,85,88,206,208,207,0.42354,0.43564,0.45087
1,85300,3,13.52,100,900,2.9119,13.36,94.729,877.03,0.13966,0.090074,0.00992,0.13024,0.0878,0.008896,0.11978,0.081204,0.007616,239,241,241,195,186,185,172,172,172,194,197,199,83,86,88,202,208,209,0.44163,0.44195,0.4445
1,85400,3,13.61,100,900,2.9236,13.437,94.71,895.37,0.13999,0.099863,0.010688,0.13004,0.089974,0.009024,0.11929,0.087827,0.008256,232,234,236,169,172,174,163,163,165,213,218,219,85,87,89,191,195,199,0.42799,0.42741,0.43137
1,85500,3,13.7,100,900,2.9353,13.517,95.362,713.04,0.15709,0.11171,0.013312,0.14429,0.10524,0.01184,0.13971,0.10111,0.01088,232,235,236,163,166,167,173,170,167,216,226,229,91,89,88,191,187,186,0.40315,0.40839,0.42486
1,85600,3,13.79,100,900,2.9215,13.611,94.163,887.18,0.17815,0.099254,0.012672,0.14625,0.096074,0.010688,0.13368,0.094055,0.009728,237,239,240,173,175,180,177,175,174,221,225,226,94,90,88,172,184,193,0.40389,0.41441,0.42834
1,85700,3,13.88,100,900,2.9151,13.722,95.862,759.09,0.15987,0.10104,0.012288,0.14859,0.094796,0.01088,0.14024,0.088888,0.009536,244,245,246,214,207,198,177,178,179,205,210,216,91,90,91,220,218,215,0.37868,0.38674,0.40856
1,85800,3,13.97,100,900,2.9151,13.798,94.931,1003.1,0.13568,0.10077,0.010688,0.12509,0.093348,0.009152,0.12059,0.088539,0.008512,249,249,248,203,209,203,180,183,182,198,205,212,92,94,95,226,233,229,0.39522,0.41285,0.41861
1,85900,3,14.06,100,900,2.9045,13.896,95.18,803.12,0.15812,0.10152,0.012352,0.14802,0.094543,0.010816,0.13394,0.090564,0.009152,249,249,249,187,196,202,186,186,183,212,212,213,108,109,110,237,234,228,0.38543,0.3943,0.40551
1,86000,3,14.15,100,900,2.8939,14.015,94.855,1016.7,0.17968,0.11173,0.015296,0.17006,0.099355,0.013056,0.15666,0.09717,0.011904,251,249,249,216,209,210,180,178,179,227,228,228,134,132,136,196,207,218,0.35785,0.36766,0.38287
1,86100,3,14.24,100,900,2.9162,14.063,76.969,1079,0.15125,0.10244,0.01184,0.14017,0.092524,0.010112,0.13062,0.089131,0.009152,248,249,248,228,227,220,177,176,176,246,246,243,163,163,164,206,209,205,0.35031,0.35184,0.35419
1,90680,3,14.24,100,900.9,2.8769,14.076,-0.19963,955.51,0,0,0,0,0,0,0,0,0,248,249,248,228,227,220,177,176,176,246,246,243,163,163,164,206,209,205,0.35031,0.35184,0.35419
1,90780,2.9099,14.24,100,900.9,2.809,14.048,93.564,846.72,0.15325,0.10643,0.012992,0.14591,0.10104,0.011584,0.14259,0.093504,0.010752,252,250,247,230,221,214,168,170,174,253,245,238,190,186,177,247,222,205,0.513,0.49248,0.46043
1,90880,2.8198,14.24,100,900.9,2.7209,14.066,96.352,644.77,0.20056,0.10177,0.01568,0.19258,0.095445,0.013888,0.18146,0.089038,0.012416,247,247,245,202,198,197,171,170,171,235,229,226,215,206,186,199,200,199,0.54146,0.53271,0.5218
1,90980,2.7297,14.24,100,900.9,2.6159,14.079,94.11,916.74,0.19316,0.10466,0.015808,0.17922,0.094295,0.013376,0.1644,0.089911,0.011712,245,244,244,181,185,190,175,173,172,221,220,221,221,202,182,193,193,195,0.52385,0.52743,0.52702
1,91080,2.6396,14.24,100,900.9,2.531,14.084,96.726,841.77,0.13698,0.081059,0.008384,0.11602,0.078403,0.007232,0.10639,0.073652,0.006144,238,241,243,169,175,182,178,175,175,211,212,217,172,167,160,186,194,202,0.52883,0.52865,0.53163
1,91180,2.5495,14.24,100,900.9,2.4408,14.071,95.405,1110,0.13789,0.099145,0.010752,0.12311,0.090777,0.00896,0.11394,0.089123,0.008192,243,242,242,187,185,185,177,178,179,209,215,221,128,132,140,209,211,213,0.54737,0.5412,0.53883
1,91280,2.4595,14.24,100,900.9,2.3644,14.074,95.004,936.52,0.13837,0.089213,0.00992,0.12811,0.084802,0.008704,0.11886,0.080623,0.00768,245,242,240,192,190,189,179,177,175,203,212,220,121,128,136,211,216,220,0.53978,0.54303,0.54075
1,91380,2.3694,14.24,100,900.9,2.2965,14.051,95.504,865.44,0.18538,0.0988,0.012928,0.15155,0.08991,0.010624,0.13579,0.085577,0.008896,231,235,238,195,198,195,156,161,168,207,213,218,135,143,149,232,229,224,0.53592,0.54092,0.54107
1,91480,2.2793,14.24,100,900.9,2.2,14.068,95.928,714.51,0.19639,0.11881,0.017728,0.17719,0.11339,0.015424,0.16383,0.10625,0.013632,228,234,238,212,204,197,153,158,164,220,217,217,157,160,157,246,237,223,0.55175,0.54147,0.54068
1,91580,2.1892,14.24,100,900.9,2.1024,14.061,96.11,983.1,0.281,0.10509,0.02144,0.26604,0.09647,0.018496,0.24323,0.090657,0.015616,237,238,239,200,198,197,160,160,161,212,212,214,180,172,163,228,218,208,0.54068,0.53844,0.53969
1,91680,2.0991,14.24,100,900.9,2.0111,14.058,94.577,971.13,0.14496,0.089558,0.010112,0.13215,0.082468,0.008576,0.12348,0.076891,0.007552,241,240,240,190,192,194,152,154,159,213,211,211,161,160,158,185,188,192,0.54633,0.54573,0.54257
1,91780,2.009,14.24,100,900.9,1.922,14.065,95.094,914.05,0.1574,0.10031,0.012352,0.14267,0.092692,0.010496,0.13594,0.086056,0.00928,243,242,240,190,191,192,147,152,158,215,214,214,169,163,155,201,199,195,0.51653,0.53843,0.54339
1,91880,1.9189,14.24,100,900.9,1.8382,14.075,95.633,1041.8,0.1462,0.097264,0.011072,0.13218,0.091958,0.0096,0.1287,0.083463,0.00864,246,245,243,189,191,193,156,157,159,211,213,214,167,162,155,211,207,202,0.53327,0.5402,0.54486
1,91980,1.8288,14.24,100,900.9,1.7427,14.079,95.405,1020.6,0.15888,0.095013,0.011584,0.14156,0.087532,0.009728,0.13319,0.083141,0.008704,250,247,244,195,195,195,157,157,159,211,212,214,164,160,153,208,206,203,0.53428,0.54,0.54325
1,92080,1.7387,14.24,100,900.9,1.6578,14.062,94.438,1057.8,0.13724,0.10049,0.010688,0.12965,0.09502,0.009664,0.12363,0.090865,0.008832,250,248,247,196,202,203,156,159,163,208,211,215,152,150,147,211,209,207,0.53156,0.54292,0.5475
1,92180,1.6486,14.24,100,900.9,1.5719,14.066,95.272,787.98,0.15603,0.12719,0.01536,0.14498,0.11593,0.012992,0.1393,0.10736,0.011456,244,246,247,201,202,203,169,169,169,223,218,216,145,144,144,223,222,220,0.54575,0.55041,0.55342
1,92280,1.5586,14.24,100,900.9,1.4764,14.075,94.465,948.36,0.16505,0.099385,0.01216,0.15338,0.092562,0.010496,0.13395,0.090527,0.009216,248,247,246,204,202,203,169,172,174,221,218,216,168,159,149,246,240,232,0.56543,0.55236,0.55267
1,92380,1.4685,14.24,100,900.9,1.3788,14.074,94.561,1216.5,0.1455,0.086727,0.009856,0.12973,0.080916,0.00832,0.12233,0.078777,0.007808,250,246,242,206,206,204,169,172,173,210,211,214,182,169,153,242,240,236,0.55668,0.55093,0.54987
1,92480,1.3784,14.24,100,900.9,1.2981,14.061,96.189,1036.4,0.13733,0.090287,0.009984,0.12838,0.086253,0.008768,0.11961,0.08233,0.007936,247,242,240,205,206,204,169,171,172,207,210,215,176,162,151,242,239,235,0.54824,0.54977,0.55113
1,92580,1.2883,14.24,100,900.9,1.2164,14.055,95.153,943.32,0.15163,0.09372,0.011328,0.14354,0.087879,0.00992,0.13654,0.084483,0.00896,232,236,240,197,203,203,165,169,169,215,215,217,135,146,153,245,243,240,0.56211,0.55131,0.54814
1,92680,1.1982,14.24,100,900.9,1.1294,14.058,95.011,914.95,0.15829,0.092543,0.011264,0.13623,0.084993,0.009216,0.12447,0.080273,0.007808,247,245,242,218,206,198,171,170,168,218,217,219,165,161,157,254,252,246,0.53408,0.54423,0.54746
1,92780,1.1081,14.24,100,900.9,1.0265,14.065,94.978,1081.5,0.12637,0.095903,0.009664,0.11974,0.086132,0.008384,0.11399,0.083348,0.007616,246,241,240,191,192,192,175,168,165,208,209,213,163,161,159,254,252,249,0.55255,0.55017,0.55106
1,92880,1.018,14.24,100,900.9,0.95969,14.071,94.945,904.15,0.13261,0.096654,0.009984,0.1189,0.087857,0.008384,0.1127,0.085849,0.007744,234,233,235,187,188,194,168,165,163,196,200,207,148,151,152,255,252,247,0.5634,0.55136,0.55245
1,92980,0.92793,14.24,100,900.9,0.86208,14.065,94.938,901.05,0.13766,0.10587,0.011456,0.12811,0.10067,0.01024,0.12117,0.092932,0.009088,236,235,236,193,195,200,165,164,162,199,202,208,149,148,149,255,252,246,0.54422,0.54564,0.55041
1,93080,0.83784,14.24,100,900.9,0.76659,14.051,94.471,689.45,0.12611,0.09555,0.009408,0.11607,0.090133,0.008128,0.11196,0.081596,0.007296,248,245,243,208,211,213,169,165,164,222,216,215,142,146,146,253,250,245,0.55752,0.55246,0.54851
1,93180,0.74775,14.24,100,900.9,0.67428,14.087,95.868,913.02,0.155,0.085367,0.010624,0.1473,0.07993,0.009472,0.13612,0.078981,0.008384,254,251,247,211,215,217,174,171,168,213,217,218,155,150,148,254,247,239,0.55821,0.55275,0.55013
1,93280,0.65766,14.24,100,900.9,0.60532,14.063,94.187,1102.7,0.13067,0.092582,0.0096,0.12278,0.086753,0.008512,0.11442,0.08112,0.007424,244,246,247,216,219,220,161,169,172,211,211,212,140,148,151,223,230,232,0.54523,0.5534,0.55224
1,93380,0.56757,14.24,100,900.9,0.50558,14.076,94.405,792.19,0.10979,0.089731,0.007808,0.099521,0.086792,0.006912,0.094652,0.082069,0.006208,246,247,246,242,234,225,178,175,177,200,202,205,152,150,151,236,231,226,0.56007,0.55949,0.55499
1,93480,0.47748,14.24,100,900.9,0.41646,14.06,94.895,875.35,0.12867,0.095498,0.009792,0.12253,0.089575,0.008512,0.11187,0.084413,0.007424,251,249,246,233,234,228,176,179,181,192,197,201,156,154,152,235,233,223,0.5569,0.55608,0.55469
1,93580,0.38739,14.24,100,900.9,0.32415,14.079,94.359,1054.2,0.13096,0.083949,0.008832,0.11911,0.080709,0.00768,0.11213,0.079061,0.00704,253,250,246,235,232,226,194,189,185,194,194,197,165,161,152,229,218,205,0.54814,0.55319,0.55184
1,93680,0.2973,14.24,100,900.9,0.23927,14.066,94.955,893.66,0.12329,0.087432,0.008576,0.11361,0.082731,0.007552,0.10992,0.080209,0.00704,251,247,243,229,221,217,191,186,183,196,195,198,154,148,139,188,184,178,0.55053,0.54842,0.54678
1,93780,0.20721,14.24,100,900.9,0.17349,14.046,94.706,1125.5,0.1448,0.096083,0.01088,0.13358,0.086225,0.009344,0.12749,0.083448,0.008448,241,241,242,198,204,208,169,172,175,197,198,196,132,122,116,170,164,160,0.5219,0.5355,0.53832
1,93880,0.11712,14.24,100,900.9,0.072697,14.071,93.462,887.36,0.1449,0.10323,0.011712,0.1319,0.096251,0.010048,0.12903,0.089038,0.009088,242,243,243,208,207,206,163,167,171,178,179,181,101,104,102,164,165,163,0.5264,0.53263,0.53357
1,93980,0.027027,14.24,100,900.9,-0.018549,14.068,94.441,703.35,0.16467,0.086785,0.011008,0.15445,0.08382,0.009728,0.14383,0.078419,0.008576,246,246,245,211,208,205,168,168,170,158,164,171,110,103,96,186,180,169,0.54452,0.53077,0.52819
1,98620,0,14.24,100,898,-0.045073,14.125,0.088374,1214.8,0,0,0,0,0,0,0,0,0,250,248,245,206,206,207,172,170,170,149,154,161,113,99,89,215,195,170,0.52611,0.5293,0.52807
1,98720,0,14.33,100,898,-0.04189,14.2,94.978,796.9,0.15059,0.10612,0.012288,0.14056,0.10131,0.010944,0.13796,0.093436,0.010048,243,242,241,179,184,191,184,182,179,155,156,160,97,95,88,180,178,173,0.53029,0.52849,0.52867
1,98820,0,14.42,100,897.9,-0.035525,14.266,93.332,851.85,0.18001,0.12417,0.017344,0.17166,0.11837,0.015744,0.16289,0.11371,0.014528,242,239,239,176,180,185,186,184,181,155,155,160,81,83,85,162,164,168,0.53314,0.51854,0.51522
1,98920,0,14.509,100,897.9,-0.044012,14.368,94.415,760.89,0.25423,0.10981,0.020992,0.24254,0.10178,0.018752,0.22741,0.097623,0.016768,238,237,237,184,178,179,182,179,178,148,151,158,75,77,81,166,165,166,0.50437,0.50237,0.50467
1,99020,0,14.599,100,897.9,-0.035525,14.458,94.511,810.7,0.17584,0.11429,0.01568,0.16578,0.10646,0.013952,0.15204,0.10292,0.012416,238,241,242,175,182,187,167,172,174,157,155,154,77,79,82,174,176,181,0.51214,0.50794,0.50447
1,99120,0,14.689,100,897.9,-0.04083,14.539,94.283,982.72,0.20509,0.10627,0.015744,0.17506,0.099324,0.012928,0.14861,0.097292,0.01088,246,247,245,214,204,197,172,174,173,146,149,148,68,72,78,177,189,196,0.50868,0.50853,0.50308
1,99220,0,14.779,100,897.9,-0.034464,14.635,94.382,1082.6,0.16937,0.11968,0.015488,0.15484,0.11246,0.013312,0.14435,0.10487,0.011968,244,244,244,191,201,201,177,175,175,138,139,140,65,67,72,197,202,205,0.52635,0.51441,0.50463
1,99320,0,14.869,100,898,-0.033403,14.701,96.474,951.03,0.19379,0.10841,0.015296,0.16981,0.10544,0.013376,0.1522,0.10029,0.011712,242,241,244,199,199,200,178,177,178,135,135,139,66,69,72,194,199,203,0.5313,0.51633,0.50433
1,99420,0,14.958,100,898,-0.033403,14.782,94.852,944.59,0.15986,0.091329,0.011264,0.14127,0.086569,0.0096,0.13292,0.08475,0.008768,244,244,245,207,204,201,181,182,181,137,136,139,75,74,73,177,183,193,0.53209,0.51113,0.50131
1,99520,0,15.048,100,898,-0.002634,14.869,93.577,949.98,0.14758,0.089955,0.009984,0.12492,0.087616,0.008448,0.11139,0.083157,0.007104,252,249,248,208,204,206,183,184,185,142,145,150,65,70,75,174,180,187,0.49851,0.49553,0.49386
1,99620,0,15.138,100,898,-0.037647,14.97,94.028,763.68,0.16215,0.11259,0.014144,0.15197,0.10695,0.012608,0.1412,0.10142,0.0112,253,252,250,228,223,220,200,192,189,172,169,173,73,75,79,190,189,189,0.47652,0.48517,0.49031
1,99720,0,15.228,100,898,-0.048256,15.064,95.931,813.12,0.14961,0.10151,0.01184,0.13869,0.095099,0.010368,0.13506,0.087996,0.009408,254,254,252,247,237,223,197,197,193,207,208,207,90,86,87,190,186,186,0.48647,0.49321,0.49469
1,99820,0,15.318,100,898,-0.053561,15.164,95.544,1105.2,0.148,0.1064,0.011776,0.13848,0.096365,0.01024,0.13338,0.086307,0.008832,254,253,252,235,226,216,195,194,191,236,227,223,87,88,90,179,183,185,0.48605,0.49296,0.49679
1,99920,0,15.407,100,898,-0.04083,15.258,95.696,1026.9,0.14843,0.098753,0.011392,0.13121,0.09345,0.009536,0.12147,0.086846,0.008384,247,247,247,194,190,189,175,179,183,251,250,247,92,93,98,185,183,180,0.49817,0.49887,0.49901
1,1.0002e+05,0,15.497,100,897.9,-0.042951,15.325,95.762,989.62,0.16192,0.10297,0.012544,0.14476,0.10132,0.01088,0.13345,0.089851,0.009344,242,241,239,159,163,166,169,171,175,255,255,254,100,103,106,162,169,174,0.52425,0.51934,0.50649
1,1.0012e+05,0,15.587,100,897.9,-0.024915,15.406,95.54,740.14,0.17401,0.10497,0.014016,0.16172,0.094825,0.011776,0.14267,0.092924,0.010432,229,228,230,161,154,152,171,172,174,255,255,255,108,111,118,166,168,170,0.50787,0.50279,0.5065
1,1.0022e+05,0,15.677,100,897.9,-0.04083,15.504,95.12,725.88,0.15708,0.10184,0.012544,0.14664,0.098717,0.011072,0.13204,0.094306,0.009536,222,226,230,146,151,159,170,172,172,255,255,255,118,124,134,178,175,171,0.49814,0.50971,0.51019
1,1.0032e+05,0,15.767,100,897.9,-0.04083,15.585,94.061,826.79,0.1496,0.11354,0.0128,0.1371,0.10703,0.011072,0.13016,0.098954,0.00992,234,234,235,157,165,174,167,169,171,255,255,255,124,132,141,170,172,171,0.5406,0.52574,0.5142
1,1.0042e+05,0,15.856,100,897.9,-0.048256,15.692,94.865,719.6,0.14334,0.10536,0.011904,0.13168,0.098452,0.01024,0.12623,0.094316,0.009536,249,248,246,222,217,207,167,170,174,255,255,255,135,142,149,173,172,172,0.51674,0.51376,0.51358
1,1.0052e+05,0,15.946,100,898,-0.046134,15.762,96.057,794.11,0.20625,0.1,0.015296,0.18209,0.089493,0.012672,0.16682,0.087581,0.011392,253,252,251,221,218,218,182,183,185,255,255,255,137,140,147,190,186,180,0.50645,0.50574,0.49931
1,1.0519e+05,0,16,100,899.6,-0.072659,15.832,0.31017,1002.8,0,0,0,0,0,0,0,0,0,255,253,252,199,208,213,184,187,190,255,255,255,132,138,145,190,189,184,0.41648,0.4241,0.43895
1,1.0529e+05,-0.089955,16,100,899.6,-0.16072,15.826,94.498,940.18,0.13925,0.10466,0.011648,0.13786,0.096839,0.010624,0.1305,0.094121,0.009792,249,251,251,209,217,221,232,229,217,255,255,255,131,135,138,168,167,168,0.56325,0.54047,0.52509
1,1.0539e+05,-0.17991,16,100,899.6,-0.23711,15.818,94.921,1010.1,0.18671,0.10881,0.015808,0.17664,0.099102,0.01376,0.16814,0.096559,0.012672,245,247,248,221,228,232,250,236,219,255,255,255,131,134,136,188,167,159,0.58769,0.58335,0.56113
1,1.0549e+05,-0.26987,16,100,899.6,-0.32093,15.817,94.388,933.69,0.22901,0.10501,0.018048,0.20201,0.10153,0.015616,0.18636,0.09754,0.013888,244,245,247,231,237,238,225,216,208,255,255,255,129,132,135,193,169,156,0.57624,0.55714,0.54517
1,1.0559e+05,-0.35982,16,100,899.6,-0.40581,15.833,93.951,855.19,0.24681,0.10561,0.019136,0.21188,0.099091,0.015616,0.18988,0.093415,0.013824,242,246,249,246,247,246,179,177,178,255,255,255,145,141,141,160,149,144,0.51919,0.52142,0.52846
1,1.0569e+05,-0.44977,16,100,899.6,-0.48114,15.807,94.673,961.49,0.18219,0.097271,0.013184,0.14954,0.091887,0.01088,0.13776,0.088204,0.009728,254,253,251,243,245,243,169,166,164,255,255,255,176,161,150,133,129,129,0.53663,0.53928,0.53827
1,1.0579e+05,-0.53973,16,100,899.6,-0.58194,15.822,94.607,1108,0.23169,0.10437,0.016704,0.19771,0.096109,0.013632,0.15686,0.094077,0.011456,251,248,244,223,227,227,164,163,163,255,255,255,156,156,152,137,132,128,0.56271,0.55021,0.54011
1,1.0589e+05,-0.62969,16,100,899.6,-0.67743,15.813,94.65,1070.9,0.14543,0.092399,0.010752,0.13183,0.086857,0.009024,0.12418,0.081353,0.008064,232,233,233,204,211,216,172,169,168,255,255,255,148,146,142,155,145,136,0.5298,0.53272,0.5303
1,1.0599e+05,-0.71964,16,100,899.6,-0.75912,15.832,93.971,927.88,0.19194,0.09467,0.013888,0.16791,0.089901,0.01184,0.15492,0.082395,0.010112,227,229,230,212,214,214,178,175,172,255,255,255,142,140,138,160,147,141,0.55111,0.54062,0.53208
1,1.0609e+05,-0.80959,16,100,899.6,-0.84612,15.831,92.574,840.48,0.13924,0.097043,0.010816,0.13073,0.090076,0.0096,0.1304,0.083878,0.008576,235,236,234,223,219,215,176,178,177,255,255,255,137,133,134,168,155,150,0.54128,0.54137,0.53549
1,1.0619e+05,-0.89955,16,100,899.6,-0.94055,15.812,93.346,1094.9,0.18684,0.096593,0.013696,0.15631,0.094992,0.011584,0.13665,0.091476,0.00992,249,244,240,207,210,213,177,180,181,255,255,255,152,141,134,178,166,159,0.58951,0.56952,0.54603
1,1.0629e+05,-0.9895,16,100,899.6,-1.035,15.817,94.7,1194.3,0.1545,0.10291,0.012544,0.14699,0.092653,0.01088,0.13782,0.089742,0.009728,241,243,244,194,204,210,186,184,181,255,255,255,139,133,133,180,177,177,0.56702,0.5505,0.53685
1,1.0639e+05,-1.0795,16,100,899.6,-1.1167,15.831,94.441,1142.6,0.17315,0.10409,0.01376,0.15294,0.10015,0.012032,0.14177,0.094016,0.010432,249,247,247,189,198,203,177,175,177,255,255,255,132,130,131,237,222,205,0.52534,0.52858,0.52975
1,1.0649e+05,-1.1694,16,100,899.6,-1.1931,15.809,94.845,872.76,0.19254,0.10093,0.015104,0.17943,0.094781,0.013248,0.16454,0.092033,0.01184,243,247,248,190,195,199,172,172,174,255,255,255,139,134,132,253,238,213,0.52917,0.52947,0.52789
1,1.0659e+05,-1.2594,16,100,899.6,-1.2864,15.821,94.335,810.68,0.15776,0.11579,0.013952,0.14337,0.10921,0.012224,0.13654,0.099097,0.010688,248,246,243,183,192,195,168,172,173,255,255,255,142,135,133,237,222,214,0.50241,0.52227,0.52572
1,1.0669e+05,-1.3493,16,100,899.6,-1.3713,15.804,93.836,935.51,0.19285,0.092568,0.013504,0.16623,0.087693,0.010752,0.14496,0.080642,0.009216,231,235,239,188,193,195,172,174,172,255,255,255,134,132,133,236,214,203,0.53982,0.5362,0.53037
1,1.0679e+05,-1.4393,16,100,899.6,-1.4827,15.838,94.398,1151.5,0.13942,0.094348,0.010496,0.13053,0.086269,0.009088,0.12389,0.082051,0.008128,238,240,242,191,192,196,164,169,168,255,255,255,144,143,143,224,204,195,0.53079,0.52938,0.52521
1,1.0689e+05,-1.5292,16,100,899.6,-1.5687,15.814,95.054,1197.2,0.16503,0.098293,0.012416,0.15159,0.091563,0.010688,0.14081,0.08385,0.009472,254,250,249,189,191,196,163,164,163,255,255,255,177,164,160,206,198,195,0.54366,0.53155,0.52536
1,1.0699e+05,-1.6192,16,100,899.6,-1.6376,15.805,95.372,957.87,0.1859,0.093039,0.012864,0.15204,0.08849,0.010688,0.1439,0.081632,0.009152,254,252,250,180,191,199,160,160,161,255,255,255,190,176,170,225,212,200,0.51157,0.52407,0.52769
1,1.0709e+05,-1.7091,16,100,899.6,-1.7172,15.803,94.921,852.11,0.15331,0.11373,0.012928,0.13757,0.097626,0.010432,0.12701,0.089927,0.00896,247,249,250,198,202,199,157,160,163,255,255,255,206,189,172,255,223,199,0.52169,0.52596,0.52696
1,1.0719e+05,-1.7991,16,100,899.6,-1.8116,15.826,95.031,880.88,0.15415,0.10021,0.012032,0.14192,0.09375,0.01056,0.13435,0.089456,0.009472,244,245,245,182,190,194,174,172,168,255,255,255,147,155,160,182,173,171,0.52765,0.52893,0.52476
1,1.0729e+05,-1.8891,16,100,899.6,-1.9018,15.797,93.978,710.02,0.15491,0.10997,0.013248,0.14102,0.098894,0.010944,0.13019,0.093277,0.009728,231,236,241,173,187,197,172,172,170,255,255,255,147,148,154,154,146,150,0.53797,0.52944,0.5234
1,1.0739e+05,-1.979,16,100,899.6,-2.0037,15.835,94.842,902.82,0.17663,0.093743,0.011904,0.14784,0.086131,0.009856,0.12944,0.084643,0.008576,238,241,243,215,218,212,170,168,169,255,255,255,183,177,171,188,175,164,0.51157,0.51643,0.51976
1,1.0749e+05,-2.069,16,100,899.5,-2.0822,15.813,95.266,1033.7,0.16569,0.097915,0.0128,0.15513,0.0949,0.01152,0.14236,0.0907,0.010304,246,247,246,220,223,214,171,169,170,255,255,255,207,187,174,225,191,169,0.52688,0.52774,0.52518
1,1.0759e+05,-2.1589,16,100,899.5,-2.148,15.798,95.855,991.55,0.19814,0.10331,0.015872,0.18185,0.09331,0.012864,0.16312,0.089396,0.011392,250,250,249,188,200,203,172,173,173,255,255,255,178,170,166,186,173,164,0.52088,0.52448,0.5253
1,1.0769e+05,-2.2489,16,100,899.5,-2.2594,15.821,95.497,1039.7,0.16873,0.099989,0.01312,0.15752,0.091534,0.011328,0.15038,0.084735,0.010048,250,249,247,184,187,188,177,175,174,255,255,255,155,147,149,155,148,150,0.53639,0.52925,0.52394
1,1.0779e+05,-2.3388,16,100,899.5,-2.3474,15.816,95.958,879.51,0.15949,0.092904,0.01152,0.14518,0.087144,0.009984,0.13567,0.082308,0.008704,245,243,241,185,182,184,174,174,173,255,255,255,143,138,139,173,165,162,0.52514,0.53239,0.53046
1,1.0789e+05,-2.4288,16,100,899.5,-2.4312,15.813,96.193,885.44,0.13321,0.098695,0.010432,0.12322,0.089131,0.008832,0.11053,0.08521,0.007552,229,231,235,173,175,179,177,174,172,255,255,255,131,129,132,218,197,181,0.57,0.54587,0.53261
1,1.0799e+05,-2.5187,16,100,899.5,-2.5246,15.831,94.521,1010.4,0.12904,0.098658,0.01024,0.12452,0.092787,0.009152,0.12074,0.086058,0.008256,230,231,234,173,173,176,174,173,173,255,255,255,130,127,129,221,202,187,0.51556,0.52083,0.52187
1,1.0809e+05,-2.6087,16,100,899.5,-2.6233,15.827,93.597,1131.8,0.11749,0.097457,0.009152,0.11151,0.091491,0.008128,0.1071,0.085966,0.00736,241,237,235,166,169,176,171,173,175,255,255,255,125,122,122,204,190,181,0.53579,0.52351,0.52054
1,1.0819e+05,-2.6987,16,100,899.5,-2.7177,15.841,95.156,940.33,0.15789,0.11602,0.014464,0.15231,0.10686,0.012864,0.14376,0.10071,0.01152,237,237,238,176,181,183,177,175,175,255,255,255,120,119,123,179,171,168,0.50908,0.50308,0.51022
1,1.0829e+05,-2.7886,16,100,899.5,-2.7909,15.816,95.444,1152.9,0.172,0.10375,0.014016,0.16039,0.096659,0.012288,0.15109,0.093799,0.0112,243,242,241,189,195,196,168,172,173,255,255,255,147,138,132,176,167,164,0.50582,0.51524,0.51667
1,1.0839e+05,-2.8786,16,100,899.5,-2.8875,15.824,95.775,842.29,0.19591,0.10195,0.015552,0.17708,0.095928,0.013312,0.16624,0.089581,0.011776,243,245,244,205,204,204,165,170,173,255,255,255,154,140,132,193,186,181,0.50506,0.51263,0.51113
1,1.0849e+05,-2.9685,16,100,899.5,-2.9607,15.814,94.359,860.3,0.16681,0.10694,0.01376,0.151,0.098004,0.011456,0.13733,0.090059,0.009792,244,244,244,215,207,205,170,173,176,255,255,255,134,128,127,216,204,194,0.5351,0.52827,0.51487
1,1.0859e+05,-3.0585,16,100,899.5,-3.0487,15.817,95.405,906.91,0.16749,0.1021,0.013376,0.15941,0.093604,0.011712,0.14839,0.088801,0.010304,242,242,242,210,205,205,195,190,186,255,255,255,105,107,111,251,234,210,0.48217,0.48887,0.49994
1,1.0869e+05,-3.1484,16,100,899.5,-3.1506,15.818,94.703,1183.9,0.1639,0.10526,0.013568,0.15504,0.101,0.012352,0.15081,0.091425,0.010816,236,235,237,189,192,194,199,192,189,255,255,255,105,105,107,229,216,203,0.48952,0.501,0.5083
1,1.0879e+05,-3.2384,16,100,899.5,-3.2312,15.816,94.047,1212,0.17522,0.10374,0.014208,0.1628,0.097781,0.012352,0.1533,0.089962,0.01088,229,230,234,170,171,180,188,181,183,255,255,255,119,113,112,215,198,189,0.492,0.50283,0.51186
1,1.0889e+05,-3.3283,16,100,899.5,-3.3214,15.819,95.415,739.03,0.15712,0.093225,0.011072,0.13589,0.087901,0.009344,0.12868,0.083935,0.008192,238,236,237,171,173,179,175,176,178,255,255,255,127,121,118,210,195,184,0.56877,0.54075,0.52125
1,1.0899e+05,-3.4183,16,100,899.5,-3.4042,15.81,94.59,872.21,0.17298,0.10378,0.012928,0.14884,0.089788,0.010432,0.13441,0.087368,0.009088,240,238,239,185,182,182,177,174,176,255,255,255,131,123,119,207,193,185,0.49975,0.52274,0.5245
1,1.0909e+05,-3.5082,16,100,899.5,-3.4965,15.818,94.518,801.34,0.16266,0.10776,0.01376,0.15008,0.098224,0.011648,0.14027,0.094784,0.010432,242,243,243,189,191,192,181,173,174,255,255,255,135,124,120,225,203,190,0.48399,0.4941,0.50779
1,1.0919e+05,-3.5982,16,100,899.5,-3.5814,15.829,94.481,1067.3,0.16456,0.091518,0.011584,0.15101,0.083892,0.009856,0.13668,0.080724,0.008768,243,244,244,186,193,198,175,177,177,255,255,255,122,122,123,230,209,196,0.49113,0.49739,0.50315
1,1.0929e+05,-3.6882,16,100,899.5,-3.6853,15.816,95.881,1021.8,0.1578,0.10389,0.0128,0.14398,0.1006,0.011264,0.13807,0.092269,0.010048,241,241,244,202,206,205,183,175,174,255,255,255,143,133,127,235,209,197,0.47997,0.49107,0.49785
1,1.0939e+05,-3.7781,16,100,899.5,-3.7607,15.818,94.759,714.39,0.17398,0.10478,0.014016,0.16433,0.098522,0.012416,0.153,0.092897,0.011008,253,249,247,225,212,205,162,167,174,255,255,255,138,133,131,245,212,196,0.47551,0.4855,0.49596
1,1.0949e+05,-3.8681,16,100,899.5,-3.8487,15.824,94.094,817.97,0.19536,0.095268,0.014336,0.17715,0.089971,0.012288,0.16908,0.08146,0.010624,255,253,248,208,204,199,166,171,173,255,255,255,130,131,131,247,207,186,0.48711,0.49403,0.50166
1,1.0959e+05,-3.958,16,100,899.5,-3.9601,15.851,94.051,1110.4,0.16465,0.10596,0.013568,0.15515,0.096474,0.011776,0.14248,0.095351,0.010752,247,241,242,178,175,185,178,170,173,255,255,255,145,134,132,173,163,163,0.53733,0.5273,0.5123
1,1.0969e+05,-4.048,16,100,899.6,-4.0302,15.821,96.12,916.26,0.17839,0.096558,0.013504,0.16059,0.094373,0.011904,0.14743,0.087212,0.01024,237,232,238,188,185,186,178,168,171,255,255,255,152,137,132,163,152,153,0.48086,0.48308,0.48877
1,1.0979e+05,-4.1379,16,100,899.6,-4.1066,15.821,96.242,870.15,0.1769,0.11219,0.015616,0.17116,0.10219,0.013632,0.15673,0.098904,0.012224,239,243,240,199,200,194,165,170,172,255,255,255,127,129,128,208,188,176,0.52293,0.51612,0.50266
1,1.0989e+05,-4.2279,16,100,899.6,-4.201,15.81,94.124,878.54,0.14909,0.1003,0.011904,0.14272,0.0911,0.010368,0.13566,0.088844,0.009472,229,240,241,182,188,186,169,171,171,255,255,255,118,123,127,235,210,192,0.4713,0.47851,0.48905
1,1.0999e+05,-4.3178,16,100,899.6,-4.2763,15.808,96.027,624.18,0.17658,0.10424,0.014336,0.15902,0.10006,0.012544,0.15219,0.093904,0.011392,232,238,241,178,180,181,171,170,171,255,255,255,132,129,130,228,207,194,0.49951,0.4919,0.49423
1,1.1009e+05,-4.4078,16,100,899.6,-4.3888,15.829,94.481,1163.7,0.17783,0.1046,0.014656,0.16742,0.10055,0.012992,0.15516,0.095329,0.011776,238,240,240,164,175,178,170,168,167,255,255,255,147,143,138,216,197,185,0.46435,0.47066,0.48086
1,1.1019e+05,-4.4978,16,100,899.6,-4.4705,15.836,96.186,957,0.22273,0.09858,0.016,0.19861,0.092848,0.013376,0.17176,0.087933,0.01152,243,240,240,198,190,184,164,161,162,255,255,255,160,147,143,195,182,176,0.45645,0.46389,0.47502
1,1.1029e+05,-4.5877,16,100,899.6,-4.5575,15.823,96.09,938.14,0.16072,0.10183,0.012416,0.14212,0.095932,0.010496,0.13125,0.086798,0.009024,245,240,238,195,188,185,161,159,161,255,255,255,157,151,150,207,183,167,0.48063,0.48288,0.49062
1,1.1039e+05,-4.6777,16,100,899.6,-4.6402,15.808,95.19,895.12,0.17152,0.098985,0.01312,0.15841,0.091104,0.011392,0.14444,0.086671,0.009856,240,237,236,187,184,187,166,166,166,255,255,255,182,168,159,170,161,154,0.46674,0.46954,0.47723
1,1.1049e+05,-4.7676,16,100,899.6,-4.7474,15.81,94.475,1054.9,0.17941,0.097088,0.013824,0.1645,0.09026,0.011904,0.15701,0.087394,0.01088,246,237,236,202,196,192,178,170,167,255,255,255,189,174,164,156,146,145,0.45292,0.45915,0.46751
1,1.1059e+05,-4.8576,16,100,899.6,-4.8174,15.821,95.233,1106.7,0.18112,0.10033,0.013888,0.15881,0.09551,0.012032,0.15149,0.092147,0.011072,245,245,243,219,208,198,170,168,167,255,255,255,190,181,171,148,139,137,0.46935,0.47039,0.47337
1,1.1069e+05,-4.9475,16,100,899.6,-4.9097,15.803,95.666,995.39,0.16665,0.10295,0.01344,0.15492,0.095206,0.011648,0.14211,0.090835,0.010304,254,252,246,181,189,196,159,162,166,255,255,255,196,179,165,159,150,146,0.45212,0.45536,0.46547
1,1.1079e+05,-5.0375,16,100,899.6,-4.9989,15.803,95.574,928.63,0.2056,0.10638,0.016448,0.19235,0.09658,0.014016,0.16885,0.094695,0.012352,243,242,242,196,198,197,174,171,172,255,255,255,155,149,148,179,171,167,0.45781,0.46113,0.46686
1,1.1089e+05,-5.1274,16,100,899.6,-5.0965,15.823,95.517,921.38,0.18095,0.10358,0.014464,0.1596,0.09754,0.01216,0.15108,0.093715,0.011072,241,238,238,224,211,202,189,184,182,255,255,255,142,134,133,231,210,192,0.4499,0.4534,0.45626
1,1.1099e+05,-5.2174,16,100,899.6,-5.1909,15.832,94.941,1001.8,0.16317,0.10997,0.013952,0.15192,0.10186,0.012224,0.14591,0.095067,0.011008,243,239,237,216,208,202,188,186,183,255,255,255,139,132,130,248,223,197,0.45114,0.4511,0.45617
1,1.1109e+05,-5.3073,16,100,899.6,-5.263,15.836,95.56,983.42,0.16409,0.1041,0.013248,0.1532,0.09577,0.011648,0.14526,0.093142,0.010624,239,237,236,211,207,204,181,180,181,255,255,255,141,136,134,212,199,188,0.45419,0.45269,0.45708
1,1.1119e+05,-5.3973,16,100,899.6,-5.3607,15.822,95.766,789.49,0.18281,0.11036,0.015488,0.17088,0.10058,0.013312,0.16126,0.094571,0.01152,234,235,235,228,219,213,169,171,174,255,255,255,163,150,145,183,170,167,0.44788,0.448,0.45298
1,1.1129e+05,-5.4873,16,100,899.6,-5.4519,15.823,95.266,688.05,0.16461,0.10108,0.012992,0.14813,0.096421,0.011328,0.13784,0.091142,0.010176,238,238,238,227,222,220,165,166,168,255,255,253,174,168,165,177,170,169,0.44742,0.44704,0.45095
1,1.1139e+05,-5.5772,16,100,899.6,-5.5315,15.809,95.352,801.56,0.16583,0.10309,0.013312,0.15281,0.098311,0.011648,0.14241,0.09149,0.010304,245,242,241,215,216,216,168,166,167,254,252,252,201,191,174,213,198,188,0.45024,0.44556,0.44613
1,1.1149e+05,-5.6672,16,100,899.6,-5.6259,15.824,96.093,1025.5,0.16433,0.094578,0.011968,0.15416,0.086963,0.01024,0.13686,0.083778,0.008896,244,242,242,205,208,211,171,168,167,253,252,252,203,186,171,224,209,200,0.44254,0.44793,0.45077
1,1.1159e+05,-5.7571,16,100,899.6,-5.7118,15.827,94.203,1010.5,0.20538,0.10436,0.015872,0.19188,0.099874,0.013888,0.17488,0.097682,0.012224,239,240,240,199,196,195,168,168,169,255,254,253,152,156,161,229,228,226,0.44045,0.44299,0.44768
1,1.1169e+05,-5.8471,16,100,899.6,-5.7914,15.814,94.928,962.84,0.13914,0.097509,0.01088,0.13365,0.091544,0.009536,0.12116,0.08724,0.008512,238,237,237,178,182,189,172,173,174,255,255,255,177,169,163,252,250,245,0.42555,0.43099,0.43858
1,1.1179e+05,-5.937,16,100,899.6,-5.8805,15.816,95.693,759.51,0.14662,0.10817,0.012224,0.13342,0.10245,0.010432,0.1242,0.095988,0.00928,237,235,236,201,195,194,178,179,177,255,255,255,184,183,181,254,254,254,0.3941,0.39113,0.39598
1,1.1646e+05,-6,16,100,904.6,-5.9453,15.757,0.18107,977.34,0,0,0,0,0,0,0,0,0,235,236,235,208,204,200,175,179,178,255,255,255,190,187,186,253,254,254,0.35368,0.35586,0.35977
1,1.1656e+05,-6,15.91,100,904.6,-5.9431,15.687,92.707,898.95,0.12933,0.11244,0.011392,0.12283,0.1082,0.010304,0.12061,0.097793,0.009472,234,238,238,202,203,200,174,178,176,255,255,255,190,197,198,255,254,247,0.35604,0.36193,0.38562
1,1.1666e+05,-6,15.819,100,904.6,-5.9389,15.599,93.511,1029.4,0.1722,0.12643,0.01696,0.16807,0.11901,0.015424,0.15843,0.11563,0.014208,237,240,239,197,198,195,170,169,169,255,255,255,233,223,207,221,219,215,0.38638,0.40871,0.43013
1,1.1676e+05,-6,15.729,100,904.7,-5.9591,15.544,94.458,754.81,0.28118,0.11404,0.02368,0.27031,0.10534,0.020928,0.25477,0.099658,0.018432,238,239,241,186,188,191,166,165,166,255,255,255,221,217,209,186,191,199,0.47746,0.46938,0.45606
1,1.1686e+05,-6,15.638,100,904.7,-5.958,15.444,94.203,1169.8,0.20292,0.10165,0.015616,0.17384,0.097618,0.01312,0.15658,0.09572,0.011712,239,241,242,181,182,187,161,166,170,255,255,255,195,194,195,178,181,190,0.41724,0.42722,0.43767
1,1.1696e+05,-6,15.548,100,904.6,-5.9347,15.335,94.918,1172.4,0.16314,0.11859,0.014784,0.14499,0.11011,0.01248,0.13711,0.099809,0.010624,245,244,242,206,199,195,189,181,175,255,255,255,183,183,183,217,216,215,0.40964,0.41938,0.4363
1,1.1706e+05,-6,15.457,100,904.6,-5.9474,15.263,94.435,1060.8,0.14172,0.10013,0.011008,0.12751,0.094153,0.009472,0.11613,0.088858,0.008256,243,241,242,199,205,208,172,173,178,255,255,255,183,180,183,234,235,234,0.4053,0.41085,0.42585
1,1.1716e+05,-6,15.367,100,904.6,-5.9538,15.188,92.806,899.25,0.13457,0.11107,0.01152,0.12201,0.10669,0.010048,0.11403,0.097119,0.008768,246,242,241,237,222,212,183,180,179,255,255,255,203,197,199,232,232,232,0.40843,0.41793,0.43319
1,1.2175e+05,-6,15.358,100,900.9,-5.9124,15.184,0.72728,677.43,0,0,0,0,0,0,0,0,0,246,242,241,237,222,212,183,180,179,255,255,255,203,197,199,232,232,232,0.41101,0.42142,0.43526
1,1.2185e+05,-5.9099,15.358,100,900.9,-5.8286,15.179,92.988,972.04,0.1341,0.10507,0.011136,0.12119,0.10188,0.009792,0.12179,0.095764,0.009088,232,235,237,205,206,202,175,176,177,255,255,255,181,192,196,234,238,238,0.57548,0.57012,0.56684
1,1.2195e+05,-5.8198,15.358,100,900.9,-5.7723,15.194,94.819,615.87,0.23454,0.13384,0.019712,0.18836,0.12935,0.016832,0.16452,0.11523,0.014784,228,232,234,184,187,191,170,174,177,255,255,255,188,183,181,251,246,242,0.55344,0.55337,0.55309
1,1.2205e+05,-5.7297,15.358,100,900.9,-5.6662,15.174,93.183,995.7,0.23362,0.11909,0.021952,0.21636,0.11613,0.01984,0.20415,0.11337,0.018304,225,231,235,176,183,189,175,177,178,255,255,255,172,169,171,252,246,241,0.53955,0.53962,0.54144
1,1.2215e+05,-5.6396,15.358,100,900.9,-5.5856,15.177,94.084,1141.2,0.28774,0.11008,0.02432,0.26663,0.099435,0.020288,0.24223,0.094989,0.017728,233,235,235,195,193,190,181,182,180,255,255,254,158,160,161,231,232,232,0.53655,0.53462,0.53468
1,1.2225e+05,-5.5495,15.358,100,900.9,-5.4954,15.187,92.624,936.93,0.22895,0.09639,0.016192,0.18552,0.08495,0.012096,0.16546,0.083194,0.010496,237,234,234,192,188,186,187,183,182,254,254,253,197,179,165,211,213,214,0.52945,0.53074,0.532
1,1.2235e+05,-5.4595,15.358,100,900.9,-5.4031,15.189,94.481,881.21,0.18188,0.095776,0.013504,0.16443,0.091186,0.011584,0.14995,0.086994,0.010048,236,234,233,171,173,176,185,181,179,255,255,253,213,196,176,201,195,192,0.52029,0.52676,0.52813
1,1.2245e+05,-5.3694,15.358,100,900.9,-5.3246,15.192,94.253,1029.7,0.1239,0.09307,0.00896,0.11419,0.083598,0.007616,0.10386,0.0806,0.006656,230,233,234,171,172,175,171,174,176,255,255,254,204,188,166,177,174,175,0.52853,0.5254,0.5267
1,1.2255e+05,-5.2793,15.358,100,900.9,-5.2259,15.173,94.541,798.9,0.12076,0.097805,0.009344,0.11064,0.091591,0.008128,0.10485,0.085241,0.006976,233,232,234,168,174,176,179,175,175,255,255,254,159,160,153,169,167,169,0.53219,0.52996,0.52995
1,1.2265e+05,-5.1892,15.358,100,900.9,-5.1294,15.179,93.875,1004.2,0.1094,0.089476,0.007872,0.10238,0.085896,0.00704,0.098036,0.07689,0.006272,227,232,233,171,174,180,174,176,175,255,255,255,116,121,132,153,156,160,0.54203,0.53359,0.53179
1,1.2275e+05,-5.0991,15.358,100,900.9,-5.0551,15.188,92.584,883.81,0.1202,0.092736,0.008704,0.10915,0.081216,0.007168,0.10636,0.078482,0.006464,227,229,231,166,170,175,180,178,178,255,255,255,131,136,141,140,147,157,0.54213,0.53345,0.53188
1,1.2285e+05,-5.009,15.358,100,900.9,-4.9713,15.183,93.816,966.72,0.16114,0.11025,0.013952,0.15326,0.10172,0.01216,0.14301,0.096641,0.010944,228,228,231,168,164,167,184,185,181,255,255,255,168,172,171,147,148,154,0.53338,0.53241,0.53317
1,1.2295e+05,-4.9189,15.358,100,900.9,-4.8811,15.184,94.587,722.7,0.13389,0.089974,0.009472,0.12441,0.082113,0.008064,0.11515,0.079562,0.00736,249,240,236,156,158,161,183,183,182,255,255,255,241,218,196,144,151,157,0.5325,0.53659,0.53772
1,1.2305e+05,-4.8288,15.358,100,900.9,-4.7856,15.188,95.226,992.95,0.18388,0.089835,0.012416,0.16381,0.088785,0.010944,0.1527,0.083242,0.009408,250,243,237,157,158,161,182,183,182,255,255,255,243,227,204,157,155,157,0.53459,0.53926,0.53827
1,1.2315e+05,-4.7387,15.358,100,900.9,-4.6816,15.168,94.286,924.87,0.11522,0.090669,0.008448,0.10433,0.089327,0.00736,0.10117,0.082981,0.00672,226,229,231,161,156,155,189,188,185,255,255,255,231,226,212,161,164,164,0.535,0.53879,0.53989
1,1.2325e+05,-4.6486,15.358,100,900.9,-4.6137,15.194,94.534,1006.6,0.12407,0.087881,0.00864,0.11245,0.081423,0.007296,0.10495,0.07922,0.006464,217,219,225,137,140,147,192,191,187,255,255,255,255,236,209,187,177,172,0.54327,0.53941,0.53972
1,1.2335e+05,-4.5586,15.358,100,900.9,-4.5087,15.182,93.226,1071.2,0.12207,0.085762,0.008448,0.1117,0.083294,0.00736,0.10918,0.078745,0.006784,228,228,228,129,136,141,183,186,185,255,255,255,205,206,197,171,172,176,0.53706,0.5427,0.54291
1,1.2345e+05,-4.4685,15.358,100,900.9,-4.4238,15.173,95.739,874.19,0.16881,0.10675,0.013888,0.15925,0.10043,0.01248,0.15271,0.093868,0.011264,239,235,232,139,140,142,177,182,181,255,255,255,178,180,179,154,162,173,0.54925,0.54443,0.54323
1,1.2355e+05,-4.3784,15.358,100,900.9,-4.3506,15.186,94.729,776.42,0.15664,0.10131,0.012096,0.14281,0.095288,0.01056,0.13408,0.09262,0.0096,235,232,232,144,143,143,176,182,181,255,255,255,182,180,177,156,162,175,0.54866,0.54432,0.54343
1,1.2365e+05,-4.2883,15.358,100,900.9,-4.2604,15.196,95.279,789,0.15826,0.10185,0.012352,0.1469,0.092535,0.010432,0.13507,0.087415,0.009408,230,232,232,144,144,144,190,185,181,255,255,255,212,197,185,176,177,184,0.54319,0.54534,0.54402
1,1.2375e+05,-4.1982,15.358,100,900.9,-4.1554,15.183,94.335,975.34,0.22072,0.10043,0.014976,0.17204,0.092454,0.011776,0.15295,0.090352,0.01024,248,241,235,152,152,151,188,187,184,255,255,255,238,221,198,187,194,201,0.54522,0.5436,0.5445
1,1.2385e+05,-4.1081,15.358,100,900.9,-4.0758,15.17,95.905,908.96,0.13053,0.10039,0.01024,0.11766,0.092174,0.008512,0.10904,0.089338,0.007552,234,237,235,170,164,159,187,187,183,255,255,255,235,218,193,202,209,220,0.56131,0.54922,0.54692
1,1.2395e+05,-4.018,15.358,100,900.9,-3.9824,15.174,95.484,1058.3,0.12936,0.082442,0.008384,0.11579,0.078482,0.007168,0.10304,0.07538,0.006144,237,235,236,156,161,166,189,185,181,255,255,255,178,182,179,223,229,234,0.54704,0.54407,0.54511
1,1.2405e+05,-3.9279,15.358,100,900.9,-3.8838,15.159,95.213,930.12,0.1625,0.10343,0.013056,0.15327,0.09409,0.011328,0.14289,0.089406,0.009984,242,238,237,161,167,172,187,186,181,255,255,255,196,183,174,228,236,238,0.55221,0.54922,0.54898
1,1.2415e+05,-3.8378,15.358,100,900.9,-3.8116,15.178,95.09,977.47,0.18815,0.096844,0.01376,0.16853,0.090305,0.01152,0.14534,0.086254,0.009792,247,244,241,214,198,189,183,183,180,255,255,255,224,197,177,240,236,234,0.54713,0.54764,0.54749
1,1.2425e+05,-3.7477,15.358,100,900.9,-3.731,15.192,96.073,883.72,0.1508,0.095352,0.011328,0.13819,0.08978,0.009792,0.13174,0.087237,0.008896,249,244,240,230,213,197,176,177,177,255,255,255,221,198,179,210,213,216,0.53983,0.54725,0.54827
1,1.2435e+05,-3.6577,15.358,100,900.9,-3.6312,15.17,95.474,726.53,0.16703,0.094276,0.01216,0.14857,0.086755,0.009856,0.1331,0.080235,0.008448,236,237,239,190,190,188,175,176,177,255,255,255,193,187,175,183,186,194,0.5531,0.55387,0.5531
1,1.2445e+05,-3.5676,15.358,100,900.9,-3.5453,15.184,94.332,797.93,0.16021,0.10459,0.012928,0.15197,0.094228,0.0112,0.14156,0.089444,0.010048,243,242,241,171,175,179,179,178,178,255,255,255,195,185,173,163,167,174,0.55008,0.54921,0.55026
1,1.2455e+05,-3.4775,15.358,100,900.9,-3.4339,15.169,95.607,929.11,0.13539,0.090787,0.009856,0.12711,0.086611,0.008512,0.1191,0.079877,0.007488,249,244,242,175,175,177,182,180,178,255,255,255,211,194,174,155,158,166,0.55407,0.55352,0.55224
1,1.2465e+05,-3.3874,15.358,100,900.9,-3.3639,15.178,94.177,1219.8,0.1421,0.10859,0.011904,0.13312,0.10219,0.010432,0.12364,0.094965,0.009216,242,241,241,176,177,180,179,178,178,255,255,255,231,205,179,140,146,154,0.5449,0.54981,0.55227
1,1.2475e+05,-3.2973,15.358,100,900.9,-3.279,15.172,93.74,901.13,0.16619,0.10028,0.012992,0.14881,0.092611,0.01088,0.13026,0.087499,0.009088,244,242,240,178,182,181,175,177,179,255,255,255,224,203,180,141,145,149,0.5538,0.55339,0.55371
1,1.2485e+05,-3.2072,15.358,100,900.9,-3.1973,15.197,93.276,971.49,0.14544,0.089547,0.01024,0.13252,0.086556,0.008832,0.12349,0.080203,0.007616,242,242,239,174,177,177,180,181,183,255,255,255,228,203,175,146,149,151,0.55249,0.54945,0.55073
1,1.2495e+05,-3.1171,15.358,100,900.9,-3.1145,15.188,94.13,674.05,0.15369,0.093967,0.011328,0.13967,0.091241,0.009984,0.13448,0.087134,0.00896,243,241,237,166,170,173,187,192,192,255,255,255,194,182,169,174,166,163,0.55794,0.55649,0.55537
1,1.2505e+05,-3.027,15.358,100,900.9,-3.0042,15.159,94.875,964.56,0.14326,0.091974,0.010304,0.13345,0.084138,0.009024,0.12218,0.080978,0.007808,243,240,237,178,173,170,206,202,194,255,255,255,174,174,167,184,177,171,0.54833,0.54887,0.5458
1,1.2966e+05,-3,15.358,100,899.6,-3.0063,15.141,0.63459,593.38,0,0,0,0,0,0,0,0,0,244,241,237,183,175,169,217,205,195,255,255,255,186,179,161,188,186,179,0.54199,0.54246,0.54172
1,1.2976e+05,-3,15.268,100,899.6,-2.9893,15.058,93.25,717.64,0.13896,0.11071,0.01216,0.1308,0.099897,0.010496,0.12609,0.096549,0.009728,222,229,233,157,159,162,191,190,188,255,255,255,201,187,170,242,224,201,0.50821,0.51688,0.52298
1,1.2986e+05,-3,15.178,100,899.6,-2.9893,14.951,94.187,937.03,0.20981,0.11415,0.018496,0.19756,0.10547,0.016,0.18644,0.10114,0.01472,221,226,231,166,160,160,181,186,186,255,255,255,161,160,155,218,209,194,0.45147,0.45479,0.46785
1,1.2996e+05,-3,15.088,100,899.6,-2.9872,14.877,94.998,1167.9,0.16058,0.1165,0.01376,0.14695,0.10469,0.011904,0.13819,0.10042,0.010624,226,230,232,166,167,168,189,189,187,255,255,254,106,110,118,149,156,163,0.4589,0.45102,0.45016
1,1.3006e+05,-3,14.998,100,899.6,-3.0031,14.806,93.428,989.74,0.16496,0.10497,0.01312,0.14838,0.097857,0.011264,0.13082,0.091706,0.009536,234,236,237,171,174,175,182,184,182,252,250,248,95,105,112,133,137,143,0.43495,0.43742,0.44907
1,1.3016e+05,-3,14.908,100,899.6,-2.9989,14.712,93.316,1038.9,0.17404,0.11103,0.01472,0.16414,0.10644,0.0128,0.14959,0.098462,0.011264,239,241,241,177,181,183,165,170,175,238,239,239,138,131,120,130,136,141,0.44338,0.44916,0.45653
1,1.3026e+05,-3,14.818,100,899.6,-2.983,14.618,94.041,829.67,0.19692,0.10506,0.014272,0.1667,0.095466,0.01184,0.14913,0.088193,0.009984,245,246,245,192,193,193,175,175,174,233,233,233,125,125,126,124,133,141,0.42429,0.43839,0.45296
1,1.3036e+05,-3,14.728,100,899.6,-2.9946,14.525,94.408,1001,0.14772,0.10002,0.011456,0.13635,0.093248,0.009536,0.12767,0.090679,0.008832,245,246,246,201,202,198,181,178,177,232,231,231,117,124,130,128,137,143,0.48354,0.47852,0.46923
1,1.3046e+05,-3,14.638,100,899.6,-2.9724,14.426,93.346,1087.5,0.14867,0.10291,0.011648,0.13451,0.095646,0.010112,0.12472,0.092819,0.009152,248,247,247,215,208,199,173,179,180,232,230,229,145,147,143,165,150,141,0.44166,0.45301,0.46345
1,1.3056e+05,-3,14.548,100,899.6,-2.9925,14.368,93.336,919.76,0.14758,0.10298,0.011392,0.13721,0.094396,0.009984,0.12944,0.085674,0.008832,243,245,245,182,184,189,184,182,180,228,228,228,145,150,152,134,134,134,0.43788,0.43791,0.45142
1,1.3066e+05,-3,14.458,100,899.6,-2.9904,14.262,93.955,963.78,0.15228,0.10641,0.01248,0.14072,0.097107,0.010688,0.1284,0.09582,0.009664,238,238,239,165,171,179,175,179,180,232,230,227,149,151,153,120,124,126,0.43325,0.43753,0.44983
1,1.3076e+05,-3,14.368,100,899.6,-2.9893,14.182,94.296,705.39,0.15498,0.11484,0.013312,0.13879,0.10983,0.011456,0.1302,0.10205,0.010112,227,232,237,174,178,185,182,181,177,225,228,228,168,162,155,125,125,126,0.4304,0.44275,0.45489
1,1.3086e+05,-3,14.278,100,899.6,-2.9713,14.077,94.306,909.99,0.16959,0.11052,0.013632,0.15588,0.1023,0.011968,0.1478,0.096762,0.010816,232,236,239,188,190,191,178,178,176,227,228,228,157,158,155,122,124,125,0.43973,0.44853,0.45797
1,1.3096e+05,-3,14.188,100,899.6,-2.9755,13.986,94.047,1120.2,0.16081,0.10917,0.013632,0.14644,0.1031,0.011712,0.13673,0.098238,0.01056,251,249,246,218,211,201,172,171,171,235,234,232,145,151,155,119,122,126,0.44132,0.44693,0.45878
1,1.3106e+05,-3,14.098,100,899.6,-2.9872,13.899,94.683,880.18,0.16115,0.10635,0.012608,0.1445,0.10177,0.0112,0.13394,0.095536,0.009792,249,251,251,204,198,194,173,173,172,235,237,236,177,168,161,126,127,130,0.43737,0.45078,0.46155
1,1.3116e+05,-3,14.008,100,899.6,-2.9872,13.842,95.335,874.86,0.16464,0.10623,0.013504,0.14688,0.098268,0.011264,0.13635,0.092601,0.010048,254,253,252,178,183,187,181,177,173,237,237,237,167,167,163,127,130,132,0.43973,0.4586,0.46789
1,1.3126e+05,-3,13.918,100,899.6,-2.9893,13.743,95.315,1024.8,0.16596,0.099867,0.012416,0.15079,0.090963,0.010624,0.13311,0.088106,0.009152,252,252,251,190,189,188,165,169,172,231,231,231,141,145,150,122,125,130,0.46262,0.46234,0.46557
1,1.3136e+05,-3,13.828,100,899.7,-2.9978,13.65,95.127,1071.4,0.15076,0.11716,0.01344,0.14288,0.11034,0.011968,0.13218,0.10403,0.010496,248,249,250,193,193,192,166,167,170,224,225,229,132,139,148,117,122,128,0.44194,0.45151,0.46118
1,1.3146e+05,-3,13.738,100,899.6,-2.9957,13.575,95.915,717.05,0.13848,0.10766,0.01152,0.12737,0.10091,0.010112,0.12088,0.094287,0.009024,252,249,247,197,199,196,173,170,169,222,225,228,164,159,154,119,122,128,0.43718,0.44502,0.45474
1,1.3156e+05,-3,13.648,100,899.6,-2.9978,13.484,96.054,853.5,0.15063,0.11034,0.0128,0.14311,0.10302,0.011392,0.13323,0.097706,0.010432,245,247,246,194,194,198,172,176,175,226,226,229,170,167,163,130,131,134,0.44045,0.44808,0.45668
1,1.3166e+05,-3,13.558,100,899.6,-2.9851,13.382,94.902,1181.1,0.16929,0.10164,0.012928,0.15419,0.096654,0.011136,0.14157,0.088521,0.009728,254,250,248,189,193,196,184,181,176,228,230,233,159,162,166,139,142,143,0.43779,0.45178,0.45866
1,1.3176e+05,-3,13.469,100,899.7,-2.9734,13.277,95.365,1313.7,0.18372,0.10827,0.015296,0.16888,0.09974,0.01312,0.15589,0.09344,0.011264,253,251,248,183,186,192,173,173,174,240,237,235,176,169,165,158,152,148,0.43947,0.44922,0.45585
1,1.3186e+05,-3,13.379,100,899.6,-2.9936,13.218,94.647,861.53,0.14989,0.10615,0.012608,0.13833,0.10277,0.011264,0.1276,0.099836,0.010048,250,248,247,170,181,193,171,171,171,236,237,237,176,165,163,157,152,149,0.44726,0.44498,0.4549
1,1.3196e+05,-3,13.289,100,899.6,-2.9883,13.129,94.763,1042.3,0.17048,0.095091,0.01248,0.15595,0.09187,0.010816,0.13409,0.090618,0.009408,245,244,245,197,195,196,165,167,170,248,242,239,142,152,157,142,145,146,0.44135,0.45747,0.46386
1,1.3206e+05,-3,13.199,100,899.6,-2.9957,13.042,94.935,649.83,0.1792,0.11303,0.015424,0.16964,0.10313,0.013376,0.15098,0.098888,0.011712,247,247,247,204,207,208,162,167,171,243,243,240,156,154,153,141,139,139,0.44492,0.45833,0.46471
1,1.3216e+05,-3,13.109,100,899.7,-2.9968,12.96,95.196,730.67,0.17456,0.09696,0.012736,0.15224,0.094795,0.011264,0.14435,0.091677,0.010304,250,250,249,226,213,209,179,174,172,237,236,237,155,155,152,122,123,128,0.44404,0.44623,0.45589
1,1.3226e+05,-3,13.019,100,899.6,-2.9861,12.855,93.71,815.01,0.16574,0.11549,0.0144,0.14523,0.10626,0.012224,0.13282,0.10246,0.010816,249,248,249,203,207,212,173,172,172,231,232,233,163,155,149,107,112,120,0.441,0.44809,0.45809
1,1.3236e+05,-3,12.929,100,899.6,-3.0031,12.781,94.686,693.97,0.15251,0.11294,0.013248,0.14327,0.10583,0.01152,0.13672,0.097895,0.010432,246,247,249,219,213,210,172,171,171,231,231,232,149,153,154,111,113,118,0.44299,0.44765,0.45807
1,1.3246e+05,-3,12.839,100,899.6,-2.9851,12.663,94.057,938.9,0.14753,0.11403,0.012992,0.13917,0.1051,0.011456,0.13258,0.10185,0.010624,251,250,249,216,209,204,173,171,171,231,234,236,176,168,161,114,117,121,0.44748,0.45103,0.45984
1,1.3256e+05,-3,12.749,100,899.6,-2.9777,12.578,94.763,1354.8,0.19537,0.10026,0.01408,0.17538,0.09155,0.011712,0.14899,0.090564,0.00992,246,246,247,193,195,196,172,171,169,246,240,236,172,173,170,120,121,124,0.44666,0.45226,0.46215
1,1.3266e+05,-3,12.659,100,899.6,-3.001,12.5,93.846,797.31,0.15635,0.10694,0.012736,0.14379,0.098146,0.011072,0.13416,0.096122,0.010176,240,242,245,199,196,193,165,165,167,227,229,232,175,169,165,118,121,125,0.43302,0.44978,0.46332
1,1.3276e+05,-3,12.569,100,899.6,-2.9999,12.401,95.223,1086.1,0.18109,0.11738,0.01568,0.16613,0.10888,0.01376,0.15097,0.099826,0.011904,244,246,246,197,193,194,158,162,165,218,223,228,169,169,168,116,118,123,0.45434,0.45931,0.46959
1,1.3286e+05,-3,12.479,100,899.6,-2.9915,12.323,93.399,694.33,0.17604,0.10893,0.015232,0.16294,0.10407,0.013312,0.15652,0.095512,0.011904,245,245,247,188,192,196,163,164,166,221,226,231,183,179,173,115,117,121,0.46625,0.47812,0.4796
1,1.3296e+05,-3,12.389,100,899.6,-3.0159,12.254,95.037,803.62,0.15587,0.10478,0.012224,0.13946,0.096978,0.010304,0.12218,0.096185,0.009344,245,246,246,199,199,200,171,170,168,248,245,242,205,195,182,104,110,117,0.44222,0.45788,0.46901
1,1.3306e+05,-3,12.299,100,899.6,-2.9851,12.129,94.157,891.02,0.17346,0.11137,0.014848,0.16383,0.10192,0.013056,0.15532,0.097324,0.011584,244,245,247,206,203,204,168,168,169,255,253,251,178,184,183,102,106,112,0.45247,0.46353,0.4708
1,1.3316e+05,-3,12.209,100,899.6,-2.9904,12.047,94.379,936.78,0.15491,0.098026,0.011584,0.1347,0.096576,0.010368,0.12599,0.091716,0.009024,250,247,248,212,211,213,178,174,172,255,254,253,173,179,180,97,102,110,0.45961,0.47215,0.47719
1,1.3326e+05,-3,12.119,100,899.6,-2.9766,11.943,95.385,926.29,0.1617,0.10605,0.013376,0.15153,0.10186,0.012096,0.14399,0.096267,0.010816,250,248,247,219,214,208,182,179,177,255,254,254,198,192,187,101,105,111,0.45604,0.47173,0.47751
1,1.3336e+05,-3,12.029,100,899.6,-2.9925,11.867,94.412,1285.1,0.1716,0.11053,0.014336,0.15201,0.10676,0.012224,0.14378,0.099343,0.011072,246,245,245,186,195,200,179,178,178,255,255,254,205,198,190,105,108,113,0.43251,0.44995,0.46258
1,1.3346e+05,-3,11.939,100,899.6,-2.9819,11.776,95.216,1337.2,0.17018,0.11477,0.01504,0.16121,0.1048,0.012992,0.1514,0.10003,0.01184,239,241,243,175,182,192,175,178,177,255,255,255,185,190,186,108,111,117,0.47511,0.46358,0.46753
1,1.3356e+05,-3,11.849,100,899.6,-2.984,11.689,96.179,853.26,0.1625,0.10873,0.013632,0.13945,0.10554,0.01152,0.13388,0.09704,0.010112,245,246,245,209,207,202,176,174,174,255,255,255,170,159,154,111,118,126,0.44816,0.45581,0.46878
1,1.3366e+05,-3,11.759,100,899.6,-2.9808,11.591,93.806,1001.6,0.15609,0.096401,0.011776,0.14527,0.086638,0.009856,0.13272,0.084556,0.008704,249,249,248,211,200,199,176,171,167,255,255,255,113,117,128,136,136,131,0.49724,0.48283,0.48038
1,1.3376e+05,-3,11.669,100,899.6,-2.9968,11.527,95.924,808.46,0.16176,0.11053,0.01312,0.14008,0.099594,0.010752,0.1243,0.096159,0.009472,248,249,248,175,171,181,158,162,165,255,255,255,127,124,123,109,118,125,0.52701,0.52886,0.52733
1,1.3839e+05,-3,11.642,100,900.9,-3.0307,11.5,-0.66309,687.54,0,0,0,0,0,0,0,0,0,248,249,248,175,171,181,158,162,165,255,255,255,127,124,123,109,118,125,0.53587,0.5352,0.53721
1,1.3849e+05,-3.0901,11.642,100,900.9,-3.1188,11.505,94.081,988.13,0.21166,0.089088,0.012288,0.18557,0.083259,0.010368,0.15605,0.079229,0.008704,241,240,244,163,171,179,170,163,165,255,255,255,137,136,139,135,143,141,0.55598,0.55229,0.54796
1,1.3859e+05,-3.1802,11.642,100,900.9,-3.1994,11.499,94.508,1003.2,0.17084,0.10442,0.01408,0.16303,0.097424,0.012608,0.15016,0.096106,0.01152,238,240,242,213,199,186,166,161,165,255,255,255,179,160,150,134,147,153,0.54879,0.54867,0.54544
1,1.3869e+05,-3.2703,11.642,100,900.9,-3.2875,11.508,95.153,1015.2,0.21015,0.10164,0.016256,0.18926,0.095016,0.013888,0.1682,0.093086,0.01216,251,245,244,213,200,189,168,161,164,255,255,255,179,160,154,139,151,153,0.55783,0.55243,0.54837
1,1.3879e+05,-3.3604,11.642,100,900.9,-3.3755,11.497,94.177,1122.2,0.20161,0.10039,0.015552,0.17021,0.09506,0.012544,0.15577,0.092444,0.0112,251,250,247,181,186,189,162,160,165,255,255,255,153,158,165,137,149,151,0.53452,0.54067,0.54225
1,1.3889e+05,-3.4505,11.642,100,900.9,-3.4551,11.499,96.388,929.33,0.14866,0.11205,0.012736,0.14115,0.10115,0.01088,0.12982,0.097281,0.009792,242,248,249,184,188,194,164,165,167,255,255,255,171,180,178,135,141,145,0.54732,0.54859,0.54856
1,1.3899e+05,-3.5405,11.642,100,900.9,-3.5273,11.499,94.461,953.11,0.17303,0.1037,0.013824,0.16382,0.094548,0.011968,0.14874,0.090885,0.010624,246,249,250,206,202,202,170,172,171,255,255,255,183,187,186,132,144,149,0.55324,0.54891,0.54712
1,1.3909e+05,-3.6306,11.642,100,900.9,-3.6493,11.531,94.878,1317.2,0.13332,0.094478,0.009856,0.11345,0.088859,0.008192,0.10503,0.085895,0.007168,254,253,252,216,210,209,177,173,170,255,255,255,181,179,175,176,161,152,0.54771,0.54949,0.54864
1,1.3919e+05,-3.7207,11.642,100,900.9,-3.7087,11.492,94.67,1178.2,0.15562,0.10084,0.012416,0.14239,0.094933,0.010688,0.12499,0.095477,0.009536,255,254,253,212,213,212,168,168,169,255,255,255,161,164,166,156,157,153,0.54058,0.54476,0.54395
1,1.3929e+05,-3.8108,11.642,100,900.9,-3.7978,11.489,94.627,872.58,0.15941,0.099798,0.012416,0.14869,0.090544,0.010688,0.14053,0.088789,0.009792,253,253,253,219,219,215,166,165,168,255,255,255,134,140,151,148,147,151,0.5499,0.54947,0.54732
1,1.3939e+05,-3.9009,11.642,100,900.9,-3.8986,11.493,94.531,946.24,0.13681,0.10113,0.011008,0.12543,0.091757,0.009344,0.11924,0.089203,0.008384,253,253,253,225,216,211,172,170,171,255,255,255,150,146,149,155,157,158,0.54886,0.54134,0.54033
1,1.3949e+05,-3.991,11.642,100,900.9,-3.9771,11.494,94.958,954.01,0.14508,0.096068,0.01088,0.13251,0.089611,0.009408,0.12599,0.085323,0.008448,254,252,251,210,211,203,190,182,174,255,255,255,143,147,149,184,177,171,0.5496,0.54391,0.54251
1,1.3959e+05,-4.0811,11.642,100,900.9,-4.062,11.497,94.574,946.44,0.13676,0.10749,0.011648,0.12995,0.097971,0.010048,0.12075,0.093767,0.009152,252,251,250,203,200,194,163,171,173,255,255,254,131,135,142,181,181,177,0.54811,0.54637,0.54459
1,1.3969e+05,-4.1712,11.642,100,900.9,-4.1564,11.486,94.531,1008.9,0.14522,0.1119,0.012992,0.13992,0.10342,0.011456,0.13494,0.098605,0.010368,252,252,250,192,191,190,160,166,172,255,254,253,125,131,138,173,177,177,0.55035,0.54736,0.54473
1,1.3979e+05,-4.2613,11.642,100,900.9,-4.2519,11.504,96.514,1247,0.14888,0.10293,0.011904,0.13786,0.097081,0.01024,0.1281,0.089187,0.008832,252,252,250,185,185,185,171,170,170,248,251,252,126,130,136,165,167,167,0.54145,0.54292,0.54211
1,1.3989e+05,-4.3514,11.642,100,900.9,-4.3389,11.498,95.027,942.5,0.18541,0.097633,0.014144,0.16302,0.091521,0.011776,0.15012,0.085115,0.010176,249,250,250,195,194,192,167,169,172,254,253,253,131,137,142,140,146,152,0.54891,0.54453,0.54184
1,1.3999e+05,-4.4414,11.642,100,900.9,-4.4174,11.493,95.226,777.85,0.19021,0.1005,0.014912,0.1762,0.094872,0.012864,0.16315,0.091766,0.011392,252,251,250,220,212,201,168,170,170,255,255,254,140,150,156,130,135,142,0.54786,0.53964,0.53892
1,1.4009e+05,-4.5315,11.642,100,900.9,-4.5257,11.5,94.173,794.08,0.1819,0.12323,0.01632,0.16643,0.11284,0.013952,0.15821,0.10825,0.012736,252,253,252,214,212,206,165,167,170,255,254,252,178,173,166,146,146,146,0.53419,0.53578,0.53889
1,1.4019e+05,-4.6216,11.642,100,900.9,-4.618,11.516,95.034,1099.1,0.17767,0.14599,0.017536,0.16763,0.12923,0.014336,0.15497,0.10035,0.012032,254,253,253,213,211,206,163,165,168,252,251,250,181,178,169,155,153,151,0.53564,0.53729,0.53874
1,1.4029e+05,-4.7117,11.642,100,900.9,-4.689,11.492,95.176,1031.3,0.14217,0.10613,0.01184,0.13038,0.098569,0.010112,0.12341,0.091094,0.009152,255,255,253,232,220,207,163,164,166,246,246,245,177,172,164,166,163,159,0.53422,0.53828,0.53869
1,1.4039e+05,-4.8018,11.642,100,900.9,-4.7941,11.502,95.335,1090.8,0.198,0.10269,0.015616,0.18411,0.096459,0.013568,0.16179,0.095921,0.012224,252,253,254,219,212,206,165,166,167,245,245,244,167,164,158,160,163,163,0.53764,0.53824,0.53881
1,1.4049e+05,-4.8919,11.642,100,900.9,-4.8694,11.5,94.547,707.65,0.1696,0.09838,0.012928,0.15851,0.093083,0.011584,0.14886,0.086521,0.01024,254,254,253,205,201,200,167,169,171,251,247,245,182,164,153,159,161,163,0.54343,0.54031,0.53972
1,1.4059e+05,-4.982,11.642,100,900.9,-4.9575,11.505,95.521,666.6,0.14373,0.10552,0.011904,0.13248,0.10169,0.01056,0.1276,0.092905,0.009536,254,254,254,205,200,200,173,172,173,235,239,240,149,150,150,149,157,163,0.5321,0.53842,0.53845
1,1.4069e+05,-5.0721,11.642,100,900.9,-5.0434,11.488,93.925,878.38,0.18534,0.099823,0.014272,0.16358,0.093852,0.01216,0.15066,0.088797,0.01056,255,254,253,211,205,203,174,173,174,224,231,237,141,145,149,151,157,163,0.54965,0.54163,0.53891
1,1.4079e+05,-5.1622,11.642,100,900.9,-5.1421,11.523,94.859,818.65,0.15346,0.097629,0.011776,0.13913,0.092779,0.010112,0.13188,0.08758,0.009088,255,255,253,236,221,209,172,173,174,221,224,229,140,148,154,159,161,163,0.54356,0.53394,0.53223
1,1.4089e+05,-5.2523,11.642,100,900.9,-5.2111,11.489,94.574,848.53,0.17976,0.10565,0.014144,0.15622,0.099661,0.011776,0.13418,0.097043,0.01024,255,255,253,228,219,211,166,169,174,215,222,228,145,154,156,170,172,171,0.53169,0.53138,0.52896
1,1.4099e+05,-5.3423,11.642,100,900.9,-5.3002,11.495,93.855,927.97,0.14294,0.10414,0.011648,0.13042,0.10081,0.01024,0.12783,0.090448,0.009088,255,255,253,216,211,206,166,169,174,222,226,231,133,145,153,179,180,177,0.5234,0.52645,0.52779
1,1.4109e+05,-5.4324,11.642,100,900.9,-5.4116,11.495,95.613,810.03,0.16678,0.10996,0.014208,0.15632,0.10302,0.01248,0.1451,0.09907,0.0112,255,254,253,185,198,201,169,169,172,229,231,234,131,143,150,176,181,181,0.52312,0.52471,0.52702
1,1.4119e+05,-5.5225,11.642,100,900.9,-5.4922,11.493,93.044,863.83,0.16193,0.097491,0.012096,0.14926,0.088512,0.01024,0.13522,0.086744,0.009024,253,252,252,183,195,198,166,167,172,230,231,234,142,148,152,186,184,180,0.53089,0.52879,0.52918
1,1.4129e+05,-5.6126,11.642,100,900.9,-5.5729,11.502,95.117,820.64,0.15021,0.10011,0.011712,0.14231,0.09359,0.010176,0.13094,0.088454,0.009088,250,250,251,198,199,195,168,170,174,221,230,237,162,154,150,171,181,187,0.53786,0.53425,0.53191
1,1.4139e+05,-5.7027,11.642,100,900.9,-5.6853,11.524,94.418,784.43,0.14125,0.093763,0.010304,0.12521,0.087014,0.008576,0.11629,0.082011,0.00768,255,252,251,203,197,190,180,181,182,244,243,245,141,137,140,200,208,209,0.53625,0.53632,0.53735
1,1.4149e+05,-5.7928,11.642,100,900.9,-5.7564,11.489,94.19,893.66,0.14853,0.090609,0.010624,0.13085,0.088701,0.009216,0.11967,0.083995,0.008128,249,249,250,188,184,185,182,189,194,255,254,253,131,132,140,255,247,235,0.54761,0.54293,0.54221
1,1.4159e+05,-5.8829,11.642,100,900.9,-5.8413,11.507,94.743,1109,0.13021,0.096747,0.010112,0.12276,0.090091,0.008576,0.11405,0.081141,0.00736,246,245,248,201,194,191,210,205,195,255,255,255,179,176,170,254,253,246,0.54338,0.54407,0.5394
1,1.4169e+05,-5.973,11.642,100,900.9,-5.9145,11.488,94.316,754.91,0.118,0.095878,0.008896,0.10589,0.089605,0.007488,0.098633,0.082732,0.006464,249,246,248,220,204,197,204,201,194,255,255,255,212,202,188,255,252,246,0.425,0.43514,0.43871
1,1.4632e+05,-6,11.642,100,904.6,-5.9686,11.462,0.17113,672.45,0,0,0,0,0,0,0,0,0,247,248,248,219,210,202,177,192,190,255,255,255,212,218,203,255,252,245,0.40225,0.40344,0.40963
1,1.4642e+05,-6,11.552,100,904.6,-5.9474,11.361,93.485,1042.6,0.13561,0.11068,0.012096,0.13298,0.1051,0.011072,0.13003,0.10111,0.010112,246,247,248,214,206,201,183,195,196,255,255,255,220,208,200,231,228,223,0.40662,0.40608,0.40899
1,1.4652e+05,-6,11.461,100,904.6,-5.9654,11.289,94.58,936.35,0.17014,0.12606,0.016704,0.16416,0.11682,0.014976,0.15569,0.11208,0.013632,251,251,250,183,184,186,180,179,181,255,255,255,192,198,204,164,173,185,0.40617,0.40807,0.4164
1,1.4662e+05,-6,11.371,100,904.7,-5.9538,11.201,95.775,781.12,0.21558,0.12702,0.02144,0.20004,0.1169,0.01856,0.18828,0.11566,0.017024,255,253,253,184,181,185,159,165,175,255,255,255,223,217,210,159,163,174,0.40336,0.41295,0.42704
1,1.4672e+05,-6,11.28,100,904.7,-5.9548,11.106,94.865,1009.2,0.23073,0.10414,0.018432,0.2148,0.10029,0.016192,0.2013,0.096137,0.014592,255,254,253,193,192,190,174,173,173,255,255,255,217,215,214,171,177,186,0.42503,0.42512,0.43747
1,1.4682e+05,-6,11.19,100,904.6,-5.9442,11.032,94.921,957.3,0.14247,0.10527,0.011584,0.12929,0.097858,0.010048,0.11995,0.092983,0.009024,253,254,252,209,203,198,183,178,174,255,255,255,209,207,208,211,214,212,0.46829,0.46191,0.4619
1,1.4692e+05,-6,11.1,100,904.6,-5.9357,10.932,94.68,1034.9,0.1518,0.098856,0.011584,0.13687,0.088876,0.009856,0.12466,0.088581,0.008704,243,250,252,179,196,203,158,160,164,255,255,255,205,198,197,214,224,226,0.50845,0.47873,0.45624
1,1.4702e+05,-6,11.009,100,904.6,-5.9495,10.878,93.538,782.29,0.13954,0.1049,0.011328,0.12438,0.097085,0.009536,0.11849,0.091588,0.00864,251,252,251,206,207,207,151,153,155,255,255,255,183,183,189,231,229,227,0.34087,0.34759,0.35939
1,1.5163e+05,-6,11,100,900,-5.9102,10.854,0.14465,809.92,0,0,0,0,0,0,0,0,0,251,252,251,206,207,207,151,153,155,255,255,255,183,183,189,231,229,227,0.34042,0.3476,0.35687
1,1.5173e+05,-5.91,11,100,900,-5.8179,10.84,94.445,868.75,0.13099,0.11106,0.011584,0.12869,0.10279,0.010624,0.12365,0.098513,0.009728,255,255,254,219,225,218,161,160,158,255,255,255,193,194,196,216,226,230,0.41678,0.42081,0.43582
1,1.5183e+05,-5.82,11,100,900,-5.7447,10.858,94.733,739.16,0.20183,0.10967,0.017408,0.18978,0.1071,0.016128,0.18439,0.1009,0.014848,255,255,255,222,219,214,167,160,159,255,255,255,226,212,206,227,231,233,0.50738,0.51002,0.50962
1,1.5193e+05,-5.73,11,100,900,-5.6938,10.879,95.12,707.51,0.2657,0.10316,0.020608,0.24096,0.097284,0.017728,0.22079,0.096274,0.016064,255,255,254,195,203,207,162,158,159,255,255,254,233,219,212,224,233,236,0.53548,0.53323,0.52368
1,1.5203e+05,-5.64,11,100,900,-5.575,10.868,94.352,1012.4,0.25699,0.10711,0.02016,0.2309,0.10098,0.017216,0.2087,0.098357,0.015488,250,250,250,197,190,188,163,160,161,255,254,252,245,234,221,232,239,242,0.50149,0.50953,0.5102
1,1.5213e+05,-5.55,11,100,900,-5.5039,10.882,95.415,1064.7,0.23846,0.098079,0.01728,0.22236,0.094192,0.015168,0.21018,0.085026,0.01312,244,244,247,189,180,182,175,172,170,255,253,247,252,245,231,248,248,248,0.47201,0.47799,0.48433
1,1.5223e+05,-5.46,11,100,900,-5.4084,10.85,95.339,836.9,0.16452,0.096244,0.012544,0.14907,0.0924,0.010944,0.14088,0.088828,0.009984,250,248,246,193,186,183,180,180,177,254,249,243,251,248,235,249,252,252,0.46242,0.4612,0.46843
1,1.5233e+05,-5.37,11,100,900,-5.3097,10.85,94.571,827.36,0.19163,0.092204,0.012736,0.16877,0.08588,0.010944,0.1499,0.084109,0.009664,247,246,245,202,194,184,181,180,178,253,247,242,242,233,216,253,253,253,0.4496,0.45483,0.46039
1,1.5243e+05,-5.28,11,100,900,-5.2355,10.86,96.371,1115.3,0.15303,0.095763,0.01088,0.13584,0.084732,0.008832,0.11872,0.083665,0.007744,245,244,245,194,188,181,182,179,175,252,249,244,219,211,201,252,253,253,0.45317,0.4521,0.45864
1,1.5253e+05,-5.19,11,100,900,-5.123,10.845,95.537,1090.1,0.18157,0.096577,0.013248,0.1634,0.094946,0.011776,0.15272,0.086803,0.010176,251,249,247,184,182,180,170,174,173,255,252,244,182,177,175,250,252,253,0.45497,0.45322,0.45786
1,1.5263e+05,-5.1,11,100,900,-5.0381,10.841,94.872,733.73,0.19373,0.1035,0.015808,0.18337,0.095669,0.013632,0.16926,0.091455,0.012224,254,253,251,208,194,186,174,174,175,239,236,234,193,178,169,254,254,254,0.4551,0.46433,0.4695
1,1.5273e+05,-5.01,11,100,900,-4.9469,10.837,94.878,824.55,0.17156,0.10338,0.013824,0.1618,0.094538,0.012096,0.15034,0.091346,0.010944,251,251,251,212,199,193,195,185,181,239,227,225,197,192,187,255,255,255,0.45961,0.46073,0.46978
1,1.5283e+05,-4.92,11,100,900,-4.8737,10.863,95.865,1324.8,0.23231,0.10256,0.017664,0.21703,0.092829,0.014976,0.19276,0.090994,0.013056,249,250,251,197,195,193,186,186,183,245,239,233,243,232,214,252,253,253,0.45768,0.46068,0.46902
1,1.5293e+05,-4.83,11,100,900,-4.7814,10.84,93.793,1154.3,0.17144,0.096561,0.0128,0.1615,0.088839,0.011392,0.1518,0.084929,0.010304,252,252,251,193,193,193,179,179,182,253,246,239,249,244,227,248,250,252,0.4536,0.46097,0.47235
1,1.5303e+05,-4.74,11,100,900,-4.6933,10.861,94.819,970.28,0.18806,0.096347,0.013952,0.17779,0.090488,0.012224,0.1641,0.088697,0.011264,252,252,251,195,195,192,180,178,179,255,254,249,248,246,233,251,247,245,0.45661,0.46594,0.48011
1,1.5313e+05,-4.65,11,100,900,-4.6031,10.854,94.054,1006.2,0.16859,0.09999,0.012608,0.15074,0.093863,0.01088,0.14329,0.089163,0.00992,250,251,252,177,183,188,178,182,183,255,255,253,227,227,217,234,237,243,0.47944,0.48159,0.48824
1,1.5323e+05,-4.56,11,100,900,-4.5087,10.84,94.372,1076,0.19768,0.09455,0.014464,0.18151,0.088554,0.012352,0.16826,0.086265,0.0112,254,254,253,184,186,192,196,191,187,255,254,251,198,206,206,252,247,246,0.45845,0.46196,0.47481
1,1.5333e+05,-4.47,11,100,900,-4.4312,10.854,94.561,963.11,0.17946,0.096001,0.01344,0.16728,0.089136,0.011776,0.1546,0.085924,0.010496,254,254,254,226,214,207,198,192,187,252,251,249,228,213,195,252,253,253,0.47173,0.47588,0.48243
1,1.5343e+05,-4.38,11,100,900,-4.3442,10.863,92.852,1254.5,0.23513,0.093064,0.015552,0.2138,0.086404,0.013312,0.18745,0.084233,0.011264,254,254,253,224,220,211,190,188,186,254,251,248,207,204,193,253,254,254,0.47416,0.47949,0.49332
1,1.5353e+05,-4.29,11,100,900,-4.2583,10.867,93.865,870.03,0.18193,0.10969,0.01568,0.17481,0.10199,0.014144,0.16429,0.097919,0.0128,250,252,252,203,202,202,182,181,181,254,250,245,204,189,187,255,255,255,0.47372,0.48592,0.49654
1,1.5363e+05,-4.2,11,100,900,-4.167,10.858,95.07,932.23,0.18754,0.10104,0.014528,0.16716,0.096202,0.01248,0.14824,0.094832,0.0112,251,251,250,182,184,189,183,180,179,250,246,243,229,215,203,254,254,254,0.47458,0.48343,0.49326
1,1.5373e+05,-4.11,11,100,900,-4.0609,10.831,94.541,1006.9,0.20889,0.098949,0.015424,0.18753,0.091086,0.013056,0.17497,0.08398,0.011328,246,248,248,181,183,184,178,181,181,254,250,245,249,237,222,251,252,253,0.47009,0.48356,0.49884
1,1.5383e+05,-4.02,11,100,900,-3.993,10.861,93.905,1251.1,0.17181,0.099833,0.013568,0.16044,0.097627,0.012288,0.1477,0.094113,0.011136,242,244,245,189,183,180,192,187,184,255,253,249,251,244,229,249,251,252,0.52469,0.51085,0.50705
1,1.5393e+05,-3.93,11,100,900,-3.9071,10.87,93.726,877.81,0.19379,0.10615,0.016192,0.18073,0.10336,0.014592,0.17191,0.094749,0.012928,243,243,242,188,179,175,188,187,185,255,254,250,253,245,228,248,250,252,0.50981,0.51472,0.51596
1,1.5403e+05,-3.84,11,100,900,-3.818,10.849,93.961,730.05,0.18835,0.10476,0.015424,0.17382,0.098461,0.01344,0.16838,0.094546,0.012544,235,238,241,163,166,174,180,184,185,255,255,252,251,239,226,255,254,253,0.54173,0.52692,0.52124
1,1.5413e+05,-3.75,11,100,900,-3.7288,10.851,95.024,868.28,0.16813,0.097483,0.012352,0.15671,0.089113,0.01056,0.14099,0.085891,0.009472,246,245,245,183,184,185,193,190,186,255,255,252,246,234,214,255,255,255,0.50224,0.51096,0.51378
1,1.5423e+05,-3.66,11,100,900,-3.6132,10.824,94.077,991.11,0.14012,0.10057,0.011072,0.13418,0.097136,0.01024,0.122,0.091422,0.008832,255,254,252,201,205,203,189,187,182,255,255,252,213,209,204,254,255,255,0.50672,0.50681,0.50787
1,1.5433e+05,-3.57,11,100,900,-3.5315,10.859,93.051,1116.7,0.18122,0.089338,0.01184,0.1557,0.084992,0.009792,0.14512,0.079106,0.008576,255,254,253,199,206,209,168,170,172,255,254,251,234,218,199,255,255,255,0.48977,0.50201,0.51075
1,1.5443e+05,-3.48,11,100,900,-3.4625,10.864,92.952,955.69,0.17787,0.10007,0.013504,0.16596,0.093555,0.011904,0.15383,0.091041,0.010816,252,252,251,202,205,206,161,164,168,255,254,252,240,222,201,255,255,255,0.49152,0.50885,0.51444
1,1.5453e+05,-3.39,11,100,900,-3.3745,10.868,93.938,727.59,0.14782,0.095436,0.011264,0.13825,0.089751,0.009728,0.13164,0.08488,0.008768,244,246,247,184,194,194,160,164,165,255,254,253,231,220,208,255,255,255,0.50139,0.5048,0.51054
1,1.5463e+05,-3.3,11,100,900,-3.2896,10.859,94.226,893.2,0.16298,0.11244,0.013632,0.14665,0.1058,0.011776,0.13726,0.10184,0.010752,242,243,244,166,174,180,166,166,164,255,255,254,253,234,213,255,255,255,0.49405,0.50155,0.51024
1,1.5473e+05,-3.21,11,100,900,-3.1793,10.856,95.077,1031.5,0.18624,0.097399,0.014208,0.17508,0.091216,0.01248,0.16069,0.089074,0.011136,246,244,245,166,173,178,156,159,161,255,255,255,249,237,219,255,255,255,0.47845,0.50025,0.51288
1,1.5483e+05,-3.12,11,100,900,-3.1113,10.867,94.031,994.03,0.17373,0.095014,0.0128,0.16664,0.090082,0.01152,0.14846,0.087742,0.010176,248,248,247,184,184,181,152,155,159,255,255,255,250,230,202,255,255,255,0.51532,0.5247,0.52223
1,1.5493e+05,-3.03,11,100,900,-3.0042,10.837,94.478,1124.8,0.21358,0.091213,0.014528,0.19697,0.082293,0.012608,0.1852,0.078411,0.011072,250,248,247,185,182,181,156,158,163,255,255,255,225,205,185,255,255,255,0.50026,0.50549,0.50706
1,1.5503e+05,-2.94,11,100,900,-2.9342,10.865,93.137,684.9,0.17685,0.10713,0.014912,0.16455,0.10174,0.01312,0.15938,0.094441,0.01184,250,248,247,184,177,174,178,174,170,255,255,255,153,151,154,255,255,255,0.5144,0.50465,0.50323
1,1.5513e+05,-2.85,11,100,900,-2.8249,10.837,95.309,930.02,0.18562,0.10851,0.015936,0.1745,0.10362,0.014208,0.16618,0.097503,0.012928,246,246,246,168,168,169,172,172,171,255,255,255,158,147,140,255,255,255,0.48465,0.49515,0.50203
1,1.5523e+05,-2.76,11,100,900,-2.7379,10.846,94.173,1003.6,0.17642,0.11028,0.015296,0.16974,0.10166,0.013632,0.16122,0.097624,0.012288,247,246,247,167,171,176,157,163,167,255,255,255,163,150,144,255,255,255,0.49623,0.50166,0.50863
1,1.5533e+05,-2.67,11,100,900,-2.6434,10.84,94.001,1136.8,0.20899,0.10324,0.016448,0.18935,0.097806,0.014528,0.17918,0.093445,0.013184,250,251,250,191,196,197,167,168,168,255,255,255,180,168,160,255,255,255,0.50192,0.50014,0.51031
1,1.5543e+05,-2.58,11,100,900,-2.5511,10.839,94.829,1073.4,0.20145,0.10829,0.017152,0.1916,0.098913,0.014912,0.17758,0.09488,0.013568,252,251,250,203,209,206,169,170,170,255,255,255,200,185,170,255,255,255,0.49849,0.50803,0.51516
1,1.5553e+05,-2.49,11,100,900,-2.4864,10.854,95.554,714.43,0.17651,0.09863,0.013824,0.16205,0.096325,0.012352,0.15308,0.090601,0.011008,245,247,249,213,211,209,177,172,171,253,253,253,218,198,174,255,255,255,0.48723,0.49995,0.50897
1,1.5563e+05,-2.4,11,100,900,-2.3888,10.853,95.027,861.02,0.1637,0.10269,0.013312,0.14836,0.09792,0.011392,0.14184,0.093841,0.010496,248,248,247,197,202,206,174,174,175,252,252,252,175,167,160,255,255,255,0.50179,0.50826,0.51326
1,1.5573e+05,-2.31,11,100,900,-2.2997,10.845,94.084,746.77,0.17686,0.11103,0.015168,0.16565,0.10515,0.01344,0.15738,0.098766,0.011968,245,245,244,195,203,201,183,182,179,255,254,253,169,158,153,255,255,255,0.4947,0.49575,0.50502
1,1.5583e+05,-2.22,11,100,900,-2.2254,10.861,95.802,959.41,0.17763,0.097462,0.013696,0.17434,0.089726,0.012288,0.16096,0.085635,0.010816,233,237,241,186,190,194,182,181,181,255,255,252,202,181,161,255,255,255,0.52063,0.50924,0.50869
1,1.5593e+05,-2.13,11,100,900,-2.1257,10.841,95.037,971.26,0.15345,0.095099,0.011584,0.1456,0.089216,0.01024,0.13974,0.085891,0.009472,235,239,242,187,188,192,181,180,179,255,254,251,216,184,158,255,255,255,0.50293,0.50413,0.51
1,1.5603e+05,-2.04,11,100,900,-2.045,10.856,95.924,918.23,0.15752,0.10017,0.012288,0.14257,0.094646,0.010688,0.13197,0.088658,0.009472,249,246,245,202,197,197,174,171,170,255,250,242,150,146,142,255,255,255,0.49323,0.49534,0.50457
1,1.5613e+05,-1.95,11,100,900,-1.958,10.861,94.716,869.93,0.16625,0.10636,0.014016,0.15716,0.099469,0.012352,0.15063,0.094586,0.0112,240,245,247,207,212,215,156,159,164,242,234,225,143,129,122,255,255,255,0.51012,0.50629,0.50843
1,1.5623e+05,-1.86,11,100,900,-1.8721,10.869,95.239,920.93,0.1652,0.10478,0.013568,0.15618,0.096181,0.011904,0.15363,0.091559,0.011136,250,249,248,229,227,220,164,167,169,222,214,208,138,129,122,255,255,255,0.49231,0.50524,0.51338
1,1.5633e+05,-1.77,11,100,900,-1.7745,10.846,94.981,976.3,0.17994,0.10111,0.013696,0.16334,0.095436,0.012032,0.14684,0.09038,0.010688,251,251,250,205,211,216,180,181,175,221,210,201,153,139,129,255,255,255,0.51732,0.51268,0.51362
1,1.5643e+05,-1.68,11,100,900,-1.6886,10.858,95.461,993.83,0.1945,0.10409,0.015808,0.18746,0.096994,0.014336,0.17863,0.092046,0.012736,249,250,250,208,207,209,174,178,174,221,210,200,157,144,135,255,255,255,0.50576,0.51637,0.52169
1,1.5653e+05,-1.59,11,100,900,-1.6016,10.856,95.67,1225.9,0.16805,0.097323,0.012992,0.15844,0.094565,0.011776,0.14712,0.089771,0.010624,250,250,250,191,199,204,157,162,165,214,207,201,177,157,143,255,255,255,0.5085,0.50129,0.50822
1,1.5663e+05,-1.5,11,100,900,-1.5061,10.864,93.869,1016.4,0.14916,0.096481,0.0112,0.13736,0.090417,0.009792,0.1298,0.084007,0.008704,249,250,250,199,201,203,164,163,162,221,214,208,174,163,157,255,255,255,0.4964,0.50318,0.50761
1,1.5673e+05,-1.41,11,100,900,-1.4318,10.868,95.951,955.85,0.18585,0.094455,0.013376,0.17268,0.09046,0.011776,0.15712,0.088334,0.010368,247,249,250,193,201,200,166,165,164,247,237,225,221,193,171,255,255,255,0.49076,0.50422,0.51106
1,1.5683e+05,-1.32,11,100,900,-1.3437,10.859,95.547,672.81,0.19746,0.086966,0.013248,0.19165,0.075221,0.0112,0.17814,0.072659,0.010048,249,249,248,178,186,189,157,160,163,254,251,238,219,195,175,255,255,255,0.52731,0.52151,0.51933
1,1.5693e+05,-1.23,11,100,900,-1.2366,10.868,95.828,1026,0.14316,0.097267,0.010944,0.13453,0.091626,0.0096,0.12868,0.084443,0.008704,243,245,246,168,175,178,159,162,164,254,250,237,198,183,172,255,255,255,0.52615,0.52634,0.52093
1,1.5703e+05,-1.14,11,100,900,-1.1474,10.868,94.577,1165.4,0.17082,0.10616,0.014208,0.16266,0.099971,0.012544,0.15242,0.096722,0.01152,237,241,245,136,149,160,165,164,164,236,235,225,200,177,161,255,255,255,0.51807,0.51563,0.51881
1,1.5713e+05,-1.05,11,100,900,-1.0509,10.844,95.044,1197.7,0.1733,0.10837,0.014848,0.16642,0.10207,0.013312,0.15963,0.096143,0.01216,248,248,248,132,141,152,160,164,168,226,215,209,181,165,154,255,255,255,0.49542,0.50433,0.51459
1,1.5723e+05,-0.96,11,100,900,-0.97981,10.849,93.551,1004.6,0.19181,0.10827,0.016384,0.18059,0.10021,0.0144,0.1697,0.098001,0.013184,253,252,250,136,146,155,181,178,176,219,209,201,175,166,161,255,255,255,0.51097,0.51341,0.51605
1,1.5733e+05,-0.87,11,100,900,-0.89811,10.869,95.014,1220.6,0.19379,0.10359,0.015872,0.19151,0.094312,0.014208,0.17908,0.09104,0.012992,244,245,246,154,161,169,196,193,189,224,211,201,241,210,186,255,255,253,0.50612,0.51491,0.51935
1,1.5743e+05,-0.78,11,100,900,-0.79732,10.86,94.524,1211.9,0.18376,0.10273,0.014528,0.16784,0.095436,0.012608,0.15518,0.092716,0.011456,240,240,243,181,179,179,206,198,190,221,210,203,255,225,197,254,252,248,0.49959,0.51041,0.51598
1,1.5753e+05,-0.69,11,100,900,-0.73154,10.894,95.607,932.74,0.176,0.097654,0.01344,0.16246,0.094039,0.011968,0.15028,0.088948,0.010624,234,238,242,216,205,193,187,190,186,228,221,215,244,216,192,226,227,228,0.52935,0.5221,0.51586
1,1.5763e+05,-0.6,11,100,900,-0.62119,10.863,94.756,1026.4,0.18974,0.0954,0.014016,0.17125,0.089884,0.012032,0.15283,0.087139,0.010432,249,247,246,198,193,192,175,176,176,253,244,231,189,178,171,193,196,202,0.52165,0.51382,0.52004
1,1.5773e+05,-0.51,11,100,900,-0.53631,10.864,94.302,1089.1,0.16187,0.10131,0.012928,0.15456,0.094302,0.011264,0.14518,0.09251,0.010304,248,249,249,185,183,184,167,170,172,255,250,239,181,170,163,181,181,187,0.50564,0.50482,0.51416
1,1.5783e+05,-0.42,11,100,900,-0.43658,10.854,94.68,1168.3,0.17089,0.10558,0.014016,0.1545,0.10224,0.01248,0.15087,0.096511,0.011264,245,246,246,172,177,178,173,172,171,247,244,237,216,192,169,180,184,191,0.52135,0.5218,0.51894
1,1.5793e+05,-0.33,11,100,900,-0.35276,10.867,93.521,1270.9,0.19411,0.11135,0.016896,0.18334,0.10343,0.014848,0.16675,0.098609,0.01312,244,244,244,165,172,175,171,172,173,242,243,238,225,190,162,189,193,196,0.52786,0.51954,0.5169
1,1.5803e+05,-0.24,11,100,900,-0.26788,10.869,94.243,1089.7,0.15604,0.10478,0.012736,0.14495,0.097852,0.011136,0.13671,0.092594,0.009792,240,241,242,162,165,169,175,174,174,255,250,241,137,140,142,196,198,197,0.50917,0.51026,0.51538
1,1.5813e+05,-0.15,11,100,900,-0.17452,10.863,93.978,756.17,0.16607,0.10011,0.013184,0.15485,0.093468,0.011392,0.143,0.08864,0.010048,242,243,243,172,169,168,176,176,177,254,251,240,147,135,132,172,177,186,0.48979,0.5035,0.51229
1,1.5823e+05,-0.06,11,100,900,-0.088574,10.873,95.348,956.05,0.17969,0.096533,0.013632,0.17121,0.090196,0.012032,0.15738,0.086717,0.010624,244,245,245,178,177,174,183,179,178,243,236,232,175,161,149,169,172,180,0.48999,0.49761,0.50596
1,1.5833e+05,0.03,11,100,900,0.007976,10.841,93.349,1094.3,0.17443,0.10295,0.014144,0.16287,0.098076,0.012544,0.15538,0.095539,0.011712,237,240,242,169,177,181,185,186,185,250,236,226,199,175,155,179,186,190,0.49626,0.50809,0.51474
1,1.5843e+05,0.12,11,100,900,0.078002,10.864,94.259,1077.5,0.16706,0.10451,0.013696,0.15389,0.098186,0.011904,0.14629,0.092122,0.010624,231,237,243,170,180,187,198,192,185,249,238,226,191,167,148,193,194,190,0.53419,0.5335,0.52825
1,1.5853e+05,0.21,11,100,900,0.15864,10.86,92.965,944.33,0.20042,0.10034,0.01536,0.18232,0.095529,0.01344,0.16732,0.090576,0.011712,245,245,245,200,195,190,190,191,189,245,238,229,135,130,128,168,178,184,0.55477,0.54723,0.53248
1,1.5863e+05,0.3,11,100,900,0.25731,10.869,94.279,719.81,0.17929,0.10967,0.015616,0.16567,0.10554,0.01376,0.15793,0.10048,0.01248,248,249,249,163,176,187,199,190,185,242,236,228,127,119,116,162,163,169,0.51618,0.52132,0.52233
1,1.5873e+05,0.39,11,100,900,0.35068,10.845,93.617,989.06,0.18777,0.097402,0.014208,0.17038,0.093861,0.012416,0.15897,0.08891,0.011072,248,248,249,183,183,188,184,184,185,246,234,224,145,127,118,160,162,168,0.50859,0.52052,0.5254
1,1.5883e+05,0.48,11,100,900,0.44617,10.867,93.733,1260.5,0.1851,0.10388,0.01472,0.16946,0.099827,0.013312,0.16656,0.090401,0.011712,247,249,250,214,207,201,189,187,183,235,228,221,141,133,131,156,162,172,0.49884,0.51156,0.51935
1,1.5893e+05,0.57,11,100,900,0.51195,10.87,94.246,841.34,0.17236,0.10231,0.01376,0.15914,0.095487,0.011776,0.14632,0.091757,0.010432,253,252,251,219,208,201,188,185,182,233,226,221,161,146,138,156,165,179,0.50749,0.5175,0.52223
1,1.5903e+05,0.66,11,100,900,0.61593,10.855,94.865,831.76,0.1725,0.10158,0.01376,0.16061,0.095506,0.011968,0.14999,0.093488,0.010944,252,253,253,175,183,188,179,177,176,244,233,224,194,168,151,185,190,188,0.49945,0.50435,0.51241
1,1.5913e+05,0.75,11,100,900,0.70081,10.868,94.683,939.6,0.17941,0.090536,0.012672,0.16037,0.087918,0.011072,0.14906,0.082569,0.009664,249,251,250,155,167,177,170,174,175,245,241,230,180,165,156,172,187,194,0.49663,0.50785,0.51363
1,1.5923e+05,0.84,11,100,900,0.78887,10.877,94.835,1205.8,0.16285,0.10346,0.013376,0.15292,0.096653,0.011776,0.14609,0.090802,0.01056,243,244,246,177,176,172,184,179,177,245,238,228,199,171,155,178,180,184,0.49497,0.50318,0.51413
1,1.5933e+05,0.93,11,100,900,0.86314,10.877,93.399,763.7,0.15008,0.096229,0.0112,0.14104,0.09212,0.010176,0.12698,0.088987,0.00896,241,239,242,153,157,161,179,178,179,239,227,218,186,159,145,173,179,188,0.51315,0.51564,0.51664
1,1.5943e+05,1.02,11,100,900,0.95757,10.858,94.633,749.88,0.19409,0.1097,0.016704,0.18197,0.10307,0.014784,0.17317,0.095978,0.01312,238,240,242,137,144,155,178,178,179,233,223,211,165,146,137,186,187,189,0.51969,0.51436,0.51416
1,1.5953e+05,1.11,11,100,900,1.0488,10.868,94.958,841.38,0.17444,0.11123,0.014784,0.15754,0.10221,0.012544,0.14894,0.097881,0.011328,245,241,240,143,144,149,182,178,177,217,203,195,141,126,121,190,186,188,0.50404,0.51289,0.51823
1,1.5963e+05,1.2,11,100,900,1.1401,10.858,94.673,838.33,0.15345,0.1071,0.013056,0.14154,0.098869,0.0112,0.13828,0.095079,0.010432,233,234,237,150,150,153,174,174,174,193,185,183,134,123,120,167,169,174,0.50761,0.51646,0.51948
1,1.5973e+05,1.29,11,100,900,1.2366,10.861,94.958,1105.2,0.14215,0.090119,0.010176,0.1325,0.086086,0.009088,0.12318,0.081517,0.008128,228,231,234,156,155,161,169,171,172,197,189,187,162,149,142,151,155,162,0.52252,0.52633,0.52575
1,1.5983e+05,1.38,11,100,900,1.3109,10.873,94.882,1000,0.188,0.094068,0.013504,0.17415,0.084498,0.011584,0.16476,0.08063,0.010496,238,235,236,192,178,172,179,175,174,227,217,209,226,190,168,153,152,157,0.51567,0.51595,0.52081
1,1.5993e+05,1.47,11,100,900,1.4106,10.86,94.59,933.87,0.16723,0.1012,0.013184,0.15083,0.093561,0.011008,0.14264,0.088924,0.010048,235,237,239,198,184,177,175,178,177,247,233,220,224,197,180,153,154,158,0.52548,0.53081,0.52935
1,1.6003e+05,1.56,11,100,900,1.4997,10.865,96.798,931.79,0.17332,0.097427,0.012672,0.15613,0.088282,0.010752,0.14484,0.087515,0.009664,244,242,241,187,178,178,190,186,184,248,243,237,238,206,185,160,159,162,0.52251,0.52508,0.5242
1,1.6013e+05,1.65,11,100,900,1.5889,10.851,94.425,760.16,0.15303,0.094995,0.011264,0.13897,0.089482,0.009472,0.13008,0.07998,0.008256,240,239,240,177,173,176,201,192,186,252,250,244,216,181,159,162,160,167,0.50772,0.50881,0.514
1,1.6023e+05,1.74,11,100,900,1.6695,10.867,94.071,980.71,0.13978,0.094771,0.010048,0.1314,0.087111,0.008576,0.11476,0.083968,0.007488,228,237,241,180,177,180,182,187,184,255,255,250,117,122,127,157,164,170,0.52671,0.53159,0.52633
1,1.6033e+05,1.83,11,100,900,1.7523,10.868,95.289,709.97,0.15049,0.095229,0.011136,0.13776,0.090574,0.009856,0.13177,0.081664,0.008576,247,246,246,186,188,195,188,182,177,255,255,250,136,122,113,156,165,176,0.50303,0.51501,0.52134
1,1.6043e+05,1.92,11,100,900,1.852,10.872,94.014,925.86,0.14147,0.11467,0.012544,0.12999,0.10892,0.010944,0.12351,0.10402,0.009984,245,249,248,200,202,202,174,176,175,253,253,247,142,126,112,154,169,177,0.55435,0.53717,0.53128
1,1.6053e+05,2.01,11,100,900,1.9804,10.816,96.514,1383.5,0.23058,0.10854,0.016704,0.15925,0.095404,0.01184,0.14595,0.091953,0.010496,239,247,250,209,217,219,165,169,168,246,246,239,113,111,108,156,171,178,0.54823,0.54135,0.53207
1,1.6063e+05,2.1,11,100,900,2.0345,10.853,93.978,964.3,0.15785,0.095607,0.011712,0.1463,0.092121,0.010368,0.13504,0.085403,0.008896,255,253,251,223,222,222,171,164,164,238,229,226,123,109,103,156,169,175,0.51349,0.51436,0.51764
1,1.6073e+05,2.19,11,100,900,2.1141,10.87,94.633,1089.5,0.16337,0.090533,0.011456,0.14999,0.086581,0.00992,0.14181,0.078757,0.008768,249,249,250,217,214,219,167,162,164,247,230,225,128,116,113,159,168,180,0.55135,0.53127,0.52626
1,1.6083e+05,2.28,11,100,900,2.2021,10.859,95.252,675.65,0.1657,0.093782,0.012096,0.14669,0.088584,0.010176,0.1311,0.085848,0.009024,243,246,248,208,211,215,168,169,170,255,243,233,164,140,122,199,199,194,0.51844,0.52397,0.52321
1,1.6093e+05,2.37,11,100,900,2.2934,10.858,94.498,846.49,0.15737,0.095678,0.011968,0.14806,0.089096,0.010432,0.13693,0.08746,0.009536,252,248,247,224,212,211,178,173,173,255,245,236,179,139,119,232,206,197,0.51787,0.52685,0.52795
1,1.6103e+05,2.46,11,100,900,2.3942,10.854,95.378,1211.7,0.18547,0.10852,0.015552,0.17528,0.10145,0.013696,0.16405,0.09394,0.012032,242,246,248,202,200,203,179,180,178,255,246,237,109,106,107,164,180,195,0.52988,0.52932,0.52509
1,1.6113e+05,2.55,11,100,900,2.4843,10.849,94.945,1328.3,0.17989,0.095277,0.013312,0.16796,0.091019,0.012096,0.15802,0.084511,0.01056,245,247,247,181,191,197,176,179,178,255,244,232,100,95,95,150,167,173,0.52327,0.52689,0.52666
1,1.6123e+05,2.64,11,100,900,2.5533,10.861,93.756,909.88,0.16987,0.097144,0.012992,0.15719,0.094591,0.01152,0.14692,0.09251,0.010432,245,244,244,195,192,190,177,171,169,239,228,222,123,111,105,152,151,156,0.5331,0.53301,0.52978
1,1.6133e+05,2.73,11,100,900,2.6435,10.861,94.733,979.56,0.17925,0.10369,0.014144,0.16658,0.095936,0.01248,0.1499,0.09373,0.011136,233,238,242,170,173,178,163,162,164,234,222,215,139,124,115,143,138,140,0.56574,0.54543,0.53394
1,1.6143e+05,2.82,11,100,900,2.7188,10.865,94.931,758.76,0.17283,0.096601,0.013056,0.15673,0.090396,0.010944,0.14514,0.088182,0.00992,234,239,242,154,163,168,163,162,163,238,225,216,129,120,118,138,134,136,0.5834,0.56463,0.54727
1,1.6153e+05,2.91,11,100,900,2.809,10.851,96.395,920.45,0.16267,0.093733,0.011968,0.14808,0.089307,0.010368,0.13706,0.08566,0.009152,246,242,242,143,146,155,167,162,161,236,228,225,138,126,128,142,139,141,0.5701,0.55435,0.53433
1,1.6163e+05,3,11,100,900,2.9002,10.854,78.091,950.19,0.15018,0.10769,0.012096,0.13673,0.09527,0.010112,0.12763,0.093963,0.00928,236,237,240,155,148,148,164,158,160,252,243,233,178,155,146,170,160,155,0.35669,0.36007,0.37462
1,1.7744e+05,-5.907,16,195,802.9,-5.8423,15.761,-0.52074,1164.8,0,0,0,0,0,0,0,0,0,235,235,237,183,185,190,177,177,175,255,255,255,184,177,173,253,253,251,0.4134,0.41518,0.42099
1,1.7754e+05,-5.907,15.92,195,802.9,-5.853,15.705,186.99,540.28,0.16237,0.1195,0.014528,0.13961,0.11215,0.012096,0.13097,0.10548,0.01088,236,237,239,188,190,194,183,177,174,255,255,255,164,171,175,255,252,239,0.57497,0.57119,0.55272
1,1.7764e+05,-5.907,15.839,195,802.9,-5.8646,15.628,187.1,906.69,0.20986,0.11916,0.01888,0.19786,0.1117,0.01664,0.18542,0.10809,0.015104,244,241,240,202,197,194,171,174,173,255,255,255,185,180,177,251,235,223,0.57877,0.57717,0.57537
1,1.7774e+05,-5.907,15.759,195,802.9,-5.8445,15.542,186.14,787.1,0.24586,0.11838,0.020288,0.21659,0.11008,0.017344,0.19038,0.10811,0.015296,241,243,242,190,192,193,166,168,169,255,255,255,196,193,187,169,179,193,0.58075,0.57493,0.57244
1,1.7784e+05,-5.907,15.679,195,802.9,-5.8339,15.459,186.8,845.62,0.21797,0.12549,0.020608,0.20624,0.12063,0.018368,0.18458,0.11608,0.016128,242,243,243,181,186,191,163,168,171,255,255,255,189,190,189,161,171,188,0.57384,0.56979,0.56765
1,1.7794e+05,-5.907,15.599,195,802.8,-5.8561,15.406,186.18,1135.7,0.23611,0.12818,0.0224,0.20805,0.11997,0.018688,0.19269,0.11633,0.016384,248,246,243,183,189,193,176,177,175,255,255,255,183,183,183,212,212,211,0.57024,0.56869,0.56585
1,1.7804e+05,-5.907,15.518,195,802.9,-5.837,15.318,187.14,909.44,0.29589,0.13508,0.02816,0.26432,0.13205,0.024576,0.25381,0.12573,0.021504,239,240,240,202,198,197,177,178,176,255,255,255,166,172,176,254,246,239,0.55959,0.56388,0.56355
1,1.7814e+05,-5.907,15.438,195,802.9,-5.8551,15.246,187.32,1008.1,0.26468,0.12666,0.025536,0.24272,0.12151,0.021952,0.22003,0.11656,0.019648,228,237,239,196,197,201,171,174,176,255,255,255,168,171,176,255,249,244,0.56315,0.56443,0.56307
1,1.7824e+05,-5.907,15.358,195,800,-5.853,15.177,152.96,946.16,0.25352,0.13085,0.025728,0.22639,0.12392,0.021952,0.21322,0.11878,0.019648,232,235,237,205,206,202,175,176,177,255,255,255,181,192,196,234,238,238,0.57548,0.57012,0.56684
1,1.8449e+05,-5.907,11.642,195,802.9,-5.8636,11.476,0.24727,684.75,0,0,0,0,0,0,0,0,0,246,245,248,201,194,191,210,205,195,255,255,255,179,176,170,254,253,246,0.51596,0.51624,0.51522
1,1.8459e+05,-5.907,11.562,195,802.9,-5.8583,11.393,185.15,620.14,0.33946,0.1325,0.031872,0.32667,0.12031,0.027392,0.29448,0.11841,0.023232,249,249,249,185,191,192,230,225,208,255,255,255,159,166,175,252,240,229,0.54052,0.53419,0.52528
1,1.8469e+05,-5.907,11.482,195,802.9,-5.8689,11.323,186.85,935.48,0.17921,0.11965,0.01664,0.1681,0.11085,0.01472,0.16479,0.10608,0.013632,251,251,251,189,187,185,228,220,205,255,255,255,163,173,185,220,214,212,0.55083,0.54866,0.54137
1,1.8479e+05,-5.907,11.401,195,802.9,-5.8593,11.235,186.55,801.12,0.25262,0.12359,0.022976,0.24009,0.11831,0.020736,0.23219,0.11002,0.018496,252,252,252,160,169,180,176,185,188,255,255,255,223,217,208,165,175,190,0.55536,0.55463,0.55049
1,1.8489e+05,-5.907,11.321,195,802.9,-5.8423,11.155,185.4,637.53,0.3034,0.12167,0.02624,0.28762,0.11758,0.023232,0.27217,0.10947,0.020736,250,252,253,184,185,186,176,174,176,255,255,255,220,221,216,205,207,207,0.5605,0.56092,0.55799
1,1.8499e+05,-5.907,11.241,195,802.8,-5.8551,11.07,185.99,941.6,0.33995,0.13788,0.025216,0.22313,0.13056,0.01984,0.18581,0.12747,0.016832,255,254,254,198,197,192,180,179,174,255,255,255,210,210,210,239,229,221,0.56744,0.56566,0.56493
1,1.8509e+05,-5.907,11.161,195,802.9,-5.8296,10.977,185.47,1059.8,0.26983,0.11997,0.023616,0.242,0.11364,0.020288,0.21438,0.10902,0.017536,255,255,254,199,205,208,175,170,168,255,255,255,193,198,195,249,246,238,0.57787,0.57585,0.57408
1,1.8519e+05,-5.907,11.08,195,802.9,-5.8593,10.951,186.29,799.14,0.31973,0.13033,0.027584,0.27625,0.12505,0.021888,0.19603,0.12337,0.017472,255,255,254,226,218,211,158,163,164,255,255,255,196,194,195,247,242,237,0.58108,0.57156,0.55948
1,1.8529e+05,-5.907,11,195,800,-5.8583,10.884,152.79,564.54,0.25242,0.146,0.028096,0.23469,0.14011,0.02528,0.22021,0.13372,0.023104,255,255,254,219,225,218,161,160,158,255,255,255,193,194,196,216,226,230,0.41678,0.42081,0.43582
1,1.8831e+05,-5.814,11,195,802.9,-5.7776,10.922,0.82328,1183.2,0,0,0,0,0,0,0,0,0,255,255,255,222,219,214,167,160,159,255,255,255,226,212,206,227,231,233,0.50738,0.51002,0.50962
1,1.8841e+05,-5.814,11.08,195,802.9,-5.7723,10.983,187,793.27,0.17717,0.14639,0.020288,0.16797,0.13443,0.017728,0.15507,0.12721,0.015488,255,255,255,216,213,208,148,154,161,255,255,255,178,179,185,253,251,245,0.5831,0.5829,0.5844
1,1.8851e+05,-5.814,11.161,195,802.9,-5.7681,11.07,185.64,920.96,0.17695,0.11982,0.016832,0.16697,0.11319,0.014976,0.15782,0.10992,0.013632,255,255,255,196,203,207,163,162,162,255,255,255,172,172,176,255,254,251,0.57435,0.57032,0.5711
1,1.8861e+05,-5.814,11.241,195,802.9,-5.766,11.123,185.95,682.84,0.28592,0.11858,0.024896,0.25575,0.11314,0.021312,0.23313,0.10927,0.018496,255,255,254,207,197,194,172,172,170,255,255,255,186,190,190,255,251,243,0.55919,0.56101,0.56221
1,1.8871e+05,-5.814,11.321,195,802.9,-5.7575,11.211,184.53,865.43,0.22585,0.13206,0.021568,0.2002,0.12246,0.018624,0.19086,0.11798,0.016896,254,254,253,190,190,189,173,173,174,255,255,255,223,215,200,247,240,231,0.55411,0.55307,0.55412
1,1.8881e+05,-5.814,11.401,195,802.8,-5.7681,11.27,184.94,790.39,0.33568,0.12856,0.032448,0.31489,0.11854,0.027584,0.29271,0.11513,0.02464,254,253,253,172,176,182,193,194,192,255,255,255,242,220,195,196,202,210,0.54678,0.55139,0.55197
1,1.8891e+05,-5.814,11.482,195,802.9,-5.7691,11.371,186.43,785.9,0.33873,0.12403,0.03072,0.31598,0.1173,0.026624,0.27328,0.11402,0.022976,255,254,253,184,185,184,227,219,206,255,255,254,145,152,160,217,216,214,0.55461,0.55121,0.55038
1,1.8901e+05,-5.814,11.562,195,802.9,-5.7766,11.433,185.95,1151.3,0.30601,0.12724,0.029184,0.26745,0.12267,0.024896,0.24978,0.1167,0.022272,255,254,252,183,187,188,212,212,207,254,254,253,130,133,145,247,235,223,0.54734,0.54688,0.54695
1,1.8911e+05,-5.814,11.642,195,800,-5.7766,11.51,152.49,1231.1,0.30054,0.11479,0.025344,0.26003,0.10563,0.02048,0.23088,0.10288,0.017472,249,249,250,188,184,185,182,189,194,255,254,253,131,132,140,255,247,235,0.54976,0.54585,0.5459
1,1.9536e+05,-5.814,15.358,195,802.9,-5.7713,15.222,-0.15991,816.84,0,0,0,0,0,0,0,0,0,228,232,234,184,187,191,170,174,177,255,255,255,188,183,181,251,246,242,0.55344,0.55337,0.55309
1,1.9546e+05,-5.814,15.438,195,802.8,-5.7617,15.292,184.77,582.22,0.15493,0.10794,0.012608,0.13603,0.10519,0.011008,0.12723,0.10056,0.010048,229,233,235,187,190,192,174,176,177,255,255,255,156,157,160,255,255,252,0.55662,0.55345,0.55371
1,1.9556e+05,-5.814,15.518,195,802.9,-5.7607,15.341,185.89,548.28,0.28225,0.10812,0.018368,0.15302,0.11084,0.012928,0.13411,0.10813,0.011392,236,237,237,194,195,193,174,176,177,255,255,255,159,161,161,255,255,250,0.55599,0.55475,0.55448
1,1.9566e+05,-5.814,15.599,195,802.9,-5.7766,15.435,185.05,891.74,0.19902,0.12218,0.019136,0.18351,0.1119,0.016256,0.17204,0.10724,0.014528,243,242,241,200,197,193,176,176,175,255,255,255,194,184,171,243,234,225,0.55821,0.55472,0.55438
1,1.9576e+05,-5.814,15.679,195,802.9,-5.767,15.53,187.86,963.41,0.27497,0.12164,0.025088,0.25918,0.11362,0.021696,0.23927,0.10669,0.019328,240,242,243,201,199,194,179,175,172,255,255,255,171,171,167,174,181,192,0.5589,0.55897,0.55861
1,1.9586e+05,-5.814,15.759,195,802.8,-5.7957,15.612,186.65,1008.8,0.22022,0.1243,0.020928,0.19461,0.1167,0.017536,0.18561,0.11099,0.015808,245,244,243,207,201,196,171,172,171,255,255,255,149,153,158,158,170,186,0.56778,0.56599,0.56528
1,1.9596e+05,-5.814,15.839,195,802.9,-5.766,15.669,186.88,923.58,0.2649,0.12042,0.024128,0.23992,0.11366,0.020544,0.22519,0.10474,0.018048,242,243,242,187,193,195,168,170,170,255,254,254,121,131,144,205,204,201,0.56992,0.57279,0.57481
1,1.9606e+05,-5.814,15.92,195,802.8,-5.7755,15.743,187.73,1059.4,0.22563,0.1155,0.019584,0.20069,0.11082,0.016704,0.18688,0.10684,0.014592,241,240,241,183,188,193,171,170,171,254,254,254,126,135,147,239,226,217,0.58777,0.58042,0.56487
1,1.9616e+05,-5.814,16,195,800,-5.7649,15.826,153.21,1001.9,0.23756,0.12699,0.021312,0.20531,0.12211,0.018176,0.18823,0.11591,0.016064,241,239,239,189,188,189,167,169,171,255,255,254,160,158,159,243,240,236,0.43906,0.43831,0.44375
1,1.9918e+05,-5.721,16,195,802.9,-5.6736,15.759,-0.22611,1125,0,0,0,0,0,0,0,0,0,240,241,241,201,202,203,171,169,167,253,252,252,177,169,166,226,217,213,0.44216,0.44532,0.44883
1,1.9928e+05,-5.721,15.92,195,802.9,-5.6556,15.692,186.36,811.76,0.20283,0.11461,0.016192,0.14606,0.11632,0.0128,0.13378,0.10632,0.0112,243,242,242,208,205,202,161,165,168,247,250,252,123,131,140,173,181,188,0.55822,0.55973,0.54948
1,1.9938e+05,-5.721,15.839,195,802.9,-5.6726,15.621,185.74,707.77,0.22619,0.11128,0.019008,0.20342,0.10596,0.016064,0.18058,0.10399,0.014016,242,242,242,207,203,200,167,167,168,253,252,252,110,116,128,164,167,175,0.56676,0.56197,0.56082
1,1.9948e+05,-5.721,15.759,195,802.9,-5.679,15.544,185.33,800.22,0.2768,0.12141,0.025792,0.25748,0.11531,0.022528,0.24327,0.10802,0.019456,241,241,241,191,191,193,171,171,171,255,255,255,123,124,128,166,170,178,0.55712,0.55348,0.55222
1,1.9958e+05,-5.721,15.679,195,802.9,-5.6768,15.469,187.84,778.86,0.27526,0.11106,0.022272,0.23111,0.10719,0.017728,0.19317,0.10157,0.014784,239,239,241,188,188,191,167,170,172,255,255,255,147,141,136,191,191,194,0.53996,0.53998,0.54333
1,1.9968e+05,-5.721,15.599,195,802.8,-5.6853,15.406,186.13,844.66,0.33638,0.11788,0.029696,0.29847,0.11149,0.025216,0.28769,0.10346,0.021952,241,240,239,186,188,191,169,171,174,255,255,255,163,152,141,248,241,232,0.54735,0.54473,0.54318
1,1.9978e+05,-5.721,15.518,195,802.9,-5.6683,15.318,188.02,630.5,0.27195,0.13497,0.0272,0.24567,0.1298,0.023552,0.21574,0.12565,0.020672,238,237,236,193,192,192,181,178,178,255,255,255,120,127,136,255,255,251,0.54246,0.54565,0.54486
1,1.9988e+05,-5.721,15.438,195,802.9,-5.6768,15.251,186.37,551.34,0.29442,0.12979,0.029568,0.25918,0.12325,0.024512,0.23396,0.1182,0.021568,233,232,234,191,189,191,189,182,179,255,255,255,120,126,140,255,254,250,0.54429,0.54373,0.54217
1,1.9998e+05,-5.721,15.358,195,800,-5.6821,15.184,152.54,833.18,0.2895,0.13469,0.030336,0.26513,0.1257,0.026176,0.24611,0.12132,0.023232,232,233,235,185,187,189,187,181,178,255,255,255,154,159,164,244,241,238,0.53608,0.53844,0.54025
1,2.0623e+05,-5.721,11.642,195,802.9,-5.6726,11.456,0.48231,499.33,0,0,0,0,0,0,0,0,0,255,252,251,203,197,190,180,181,182,244,243,245,141,137,140,200,208,209,0.53375,0.53675,0.53767
1,2.0633e+05,-5.721,11.562,195,802.9,-5.6736,11.4,185.37,763.55,0.23715,0.11256,0.017408,0.20596,0.10744,0.014976,0.18867,0.099508,0.013056,253,253,253,194,191,189,188,188,187,246,244,245,111,119,134,196,197,197,0.53731,0.53727,0.53868
1,2.0643e+05,-5.721,11.482,195,802.9,-5.6821,11.302,185.42,1074.4,0.25017,0.12805,0.023488,0.22568,0.12371,0.020672,0.20222,0.1152,0.018112,255,254,253,180,184,188,192,190,189,253,250,248,117,128,141,186,191,197,0.5426,0.54322,0.5427
1,2.0653e+05,-5.721,11.401,195,802.9,-5.663,11.233,186.18,1028.8,0.25148,0.12034,0.022144,0.22009,0.11311,0.018624,0.20112,0.10963,0.016448,251,252,253,196,191,190,181,182,182,255,255,254,171,171,164,219,216,214,0.54713,0.54284,0.54145
1,2.0663e+05,-5.721,11.321,195,802.9,-5.6768,11.15,185.05,1186.7,0.35777,0.11689,0.030464,0.33589,0.10631,0.025408,0.29554,0.10225,0.021504,254,253,253,206,204,200,161,164,170,255,254,251,164,162,162,255,250,242,0.54733,0.54444,0.54469
1,2.0673e+05,-5.721,11.241,195,802.9,-5.6768,11.083,186.04,1083.2,0.27931,0.11745,0.023616,0.23679,0.11343,0.019264,0.19976,0.10648,0.015936,254,253,253,209,205,200,156,161,166,254,252,249,128,142,154,255,255,251,0.55752,0.55304,0.55225
1,2.0683e+05,-5.721,11.161,195,802.9,-5.6705,11.003,185.21,836.33,0.3161,0.12045,0.02752,0.27829,0.11455,0.023424,0.26254,0.10717,0.02048,252,253,252,198,198,198,163,158,158,252,249,247,133,142,157,255,255,254,0.56084,0.56295,0.5632
1,2.0693e+05,-5.721,11.08,195,802.9,-5.6811,10.956,184.72,686.64,0.2948,0.14283,0.032064,0.27505,0.1345,0.028672,0.25898,0.12853,0.025728,254,253,252,200,194,196,151,153,158,251,250,248,157,166,177,255,253,249,0.58035,0.57878,0.58068
1,2.0703e+05,-5.721,11,195,800,-5.6683,10.868,152.69,744.41,0.26997,0.14199,0.028864,0.24228,0.13612,0.0256,0.22153,0.13314,0.023168,254,253,252,187,192,197,164,158,159,255,254,253,238,226,217,228,235,239,0.53845,0.53301,0.52363
1,2.1005e+05,-5.628,11,195,802.9,-5.5845,10.912,0.24396,936.81,0,0,0,0,0,0,0,0,0,250,250,250,197,190,188,163,160,161,255,254,252,245,234,221,232,239,242,0.48919,0.50425,0.50738
1,2.1015e+05,-5.628,11.08,195,802.9,-5.5856,10.985,186.63,719.71,0.2287,0.17437,0.019008,0.23135,0.14299,0.016,0.22284,0.11889,0.013696,250,250,250,181,183,190,156,158,160,238,243,243,158,168,176,255,253,250,0.56683,0.56681,0.56996
1,2.1025e+05,-5.628,11.161,195,802.9,-5.5973,11.061,187.23,947.8,0.19228,0.12865,0.019328,0.17805,0.12436,0.017216,0.16458,0.11807,0.015488,251,250,251,187,191,192,167,161,160,238,238,240,127,136,152,255,255,254,0.5504,0.5494,0.55176
1,2.1035e+05,-5.628,11.241,195,802.9,-5.5866,11.14,187.29,825.57,0.24385,0.13249,0.024704,0.22952,0.1267,0.022016,0.2183,0.12107,0.019584,252,252,251,217,209,201,156,161,166,247,245,242,112,123,138,255,255,252,0.55015,0.54432,0.54431
1,2.1045e+05,-5.628,11.321,195,802.9,-5.5782,11.189,185.14,418.21,0.24902,0.12461,0.02336,0.21388,0.12087,0.019456,0.20281,0.11363,0.017344,253,252,252,215,210,203,160,165,169,254,250,246,129,135,142,255,251,242,0.53701,0.53519,0.5358
1,2.1055e+05,-5.628,11.401,195,802.8,-5.5951,11.297,185.35,674.01,0.33588,0.132,0.032192,0.2908,0.12425,0.027008,0.26363,0.11986,0.023552,251,252,252,195,196,194,179,178,178,255,255,251,143,145,147,212,212,211,0.52513,0.53198,0.53374
1,2.1065e+05,-5.628,11.482,195,802.9,-5.5973,11.364,184.61,602.71,0.32924,0.13073,0.027968,0.2525,0.11937,0.021504,0.20603,0.1164,0.018176,254,253,252,176,183,191,177,180,182,249,245,244,121,126,134,171,176,185,0.53948,0.53873,0.53732
1,2.1075e+05,-5.628,11.562,195,802.9,-5.5792,11.431,186.46,602.81,0.29721,0.11851,0.02624,0.25717,0.1151,0.022336,0.23024,0.10745,0.018624,251,252,253,189,190,191,181,180,180,233,235,240,115,122,133,173,175,182,0.5401,0.53617,0.53589
1,2.1085e+05,-5.628,11.642,195,800,-5.575,11.512,153.67,505.26,0.29977,0.1303,0.029632,0.26581,0.12475,0.025216,0.24631,0.1158,0.021888,253,251,251,204,200,194,178,177,178,231,235,241,157,147,146,182,189,195,0.5365,0.53509,0.53271
1,2.171e+05,-5.628,15.358,195,802.9,-5.5888,15.202,-0.44791,570.61,0,0,0,0,0,0,0,0,0,233,235,235,195,193,190,181,182,180,255,255,254,158,160,161,231,232,232,0.53577,0.535,0.53422
1,2.172e+05,-5.628,15.438,195,802.8,-5.5845,15.275,187.07,1024,0.2246,0.11306,0.017408,0.20541,0.10962,0.015104,0.19009,0.10241,0.012416,236,234,232,194,194,192,182,183,181,255,254,253,107,116,132,255,250,245,0.53626,0.53528,0.53618
1,2.173e+05,-5.628,15.518,195,802.9,-5.5729,15.351,185.92,757.01,0.21415,0.13487,0.020032,0.19419,0.10975,0.015872,0.17599,0.10631,0.01376,242,237,233,197,195,192,178,180,180,255,254,253,101,110,124,255,254,247,0.53781,0.53767,0.53747
1,2.174e+05,-5.628,15.599,195,802.9,-5.5813,15.425,186.28,866.57,0.24854,0.11867,0.017728,0.14089,0.11187,0.012352,0.13279,0.10711,0.011136,238,239,238,181,187,191,171,173,175,255,255,254,119,124,126,245,240,231,0.53695,0.53706,0.53654
1,2.175e+05,-5.628,15.679,195,802.9,-5.6026,15.538,185.96,1035.9,0.2673,0.12292,0.025216,0.23735,0.11366,0.020544,0.20451,0.11179,0.0176,238,240,241,179,183,189,168,170,173,255,255,255,114,119,123,185,190,192,0.53338,0.53493,0.53637
1,2.176e+05,-5.628,15.759,195,802.8,-5.592,15.597,186.95,812.43,0.34718,0.12544,0.030464,0.26586,0.1203,0.023232,0.21902,0.11641,0.019328,239,241,242,178,186,193,170,171,172,255,255,254,106,111,119,162,167,174,0.54726,0.54595,0.54439
1,2.177e+05,-5.628,15.839,195,802.9,-5.592,15.684,185.52,980.25,0.29248,0.13745,0.030336,0.24161,0.13033,0.024384,0.22013,0.12368,0.021056,240,243,242,211,208,204,170,169,169,253,251,252,113,120,128,149,153,163,0.55175,0.55152,0.55325
1,2.178e+05,-5.628,15.92,195,802.8,-5.5983,15.761,186.79,683.62,0.2843,0.12093,0.024768,0.25895,0.11073,0.020736,0.23309,0.10622,0.01792,245,242,242,222,214,209,160,166,169,246,249,251,142,142,142,156,164,174,0.55829,0.54896,0.53746
1,2.179e+05,-5.628,16,195,800,-5.5845,15.821,153.38,778.83,0.26882,0.12591,0.02464,0.2371,0.12242,0.02112,0.20691,0.11613,0.018112,244,242,242,205,208,211,171,168,167,253,252,252,203,186,171,224,209,200,0.44777,0.44679,0.44893
1,2.2092e+05,-5.535,16,195,802.9,-5.4996,15.767,0.15789,623.37,0,0,0,0,0,0,0,0,0,242,240,240,224,221,219,166,166,167,255,254,253,185,181,172,195,183,177,0.43991,0.44229,0.44563
1,2.2102e+05,-5.535,15.92,195,802.9,-5.4975,15.711,186.93,582.56,0.13942,0.1135,0.012416,0.12837,0.1105,0.0112,0.12293,0.10527,0.010176,238,239,241,235,223,214,169,171,172,246,249,252,148,144,143,137,142,152,0.53254,0.52792,0.52488
1,2.2112e+05,-5.535,15.839,195,802.9,-5.4954,15.617,187.05,1040,0.21048,0.13123,0.02112,0.19388,0.12301,0.018432,0.18198,0.11872,0.016768,244,242,241,225,217,206,180,176,173,248,250,252,120,124,127,130,135,145,0.54794,0.5496,0.54937
1,2.2122e+05,-5.535,15.759,195,802.9,-5.488,15.55,187.08,709.13,0.28933,0.1115,0.0224,0.2007,0.10863,0.016576,0.17798,0.10521,0.014528,245,243,241,183,188,192,175,176,175,255,254,254,102,104,108,161,159,161,0.53398,0.53677,0.53842
1,2.2132e+05,-5.535,15.679,195,802.9,-5.5081,15.478,186.93,1071.4,0.32108,0.11209,0.022784,0.19656,0.11389,0.016896,0.17464,0.11154,0.014656,242,241,240,184,184,187,175,174,175,255,255,255,98,101,105,184,181,180,0.5293,0.5313,0.53267
1,2.2142e+05,-5.535,15.599,195,802.8,-5.5007,15.398,187.1,643.38,0.26101,0.13241,0.02656,0.23245,0.12402,0.022528,0.21487,0.1178,0.019712,236,235,235,196,194,190,181,178,177,255,254,254,102,99,100,231,226,216,0.52662,0.53013,0.5313
1,2.2152e+05,-5.535,15.518,195,802.9,-5.5081,15.335,187.08,751.62,0.34773,0.13164,0.03328,0.28653,0.1278,0.027136,0.25324,0.12083,0.022976,221,226,231,203,196,189,186,183,181,247,249,252,95,97,107,244,235,226,0.53003,0.53524,0.53555
1,2.2162e+05,-5.535,15.438,195,802.9,-5.4795,15.231,186.1,817.11,0.27432,0.13138,0.027712,0.24892,0.12747,0.024384,0.22906,0.12103,0.021504,222,225,230,194,190,188,184,183,183,243,248,252,102,112,125,223,224,223,0.53295,0.53334,0.53473
1,2.2172e+05,-5.535,15.358,195,800,-5.4943,15.177,152.68,929.46,0.30402,0.12526,0.028608,0.25697,0.12152,0.023552,0.2188,0.11601,0.019776,237,234,234,192,188,186,187,183,182,254,254,253,197,179,165,211,213,214,0.52982,0.53108,0.53188
1,2.2797e+05,-5.535,11.642,195,802.9,-5.4954,11.465,0.287,896.96,0,0,0,0,0,0,0,0,0,250,251,252,191,196,196,163,167,172,224,230,235,156,153,153,179,182,182,0.5316,0.52918,0.52906
1,2.2807e+05,-5.535,11.562,195,802.9,-5.4827,11.384,186.86,1066.9,0.17524,0.12544,0.016704,0.16632,0.11512,0.01504,0.16014,0.1124,0.013952,252,252,252,189,189,190,170,172,175,225,228,233,132,129,130,140,148,162,0.53066,0.53047,0.53168
1,2.2817e+05,-5.535,11.482,195,802.9,-5.5177,11.359,185.81,827.08,0.25259,0.11697,0.02208,0.24625,0.10662,0.019328,0.22809,0.10332,0.016768,253,252,252,182,187,192,173,175,178,240,240,238,143,132,125,147,155,168,0.53883,0.53675,0.53544
1,2.2827e+05,-5.535,11.401,195,802.9,-5.505,11.246,186.87,871.77,0.24676,0.12642,0.023872,0.23485,0.11597,0.020928,0.2173,0.11229,0.018752,249,251,252,211,201,194,180,179,177,253,248,243,121,125,126,197,202,204,0.52412,0.52797,0.53035
1,2.2837e+05,-5.535,11.321,195,802.9,-5.4943,11.163,186.87,976.55,0.30995,0.12501,0.028032,0.26998,0.11802,0.02368,0.24552,0.11412,0.020736,250,250,250,195,198,198,175,172,171,227,228,229,119,119,121,253,247,240,0.53043,0.53224,0.53275
1,2.2847e+05,-5.535,11.241,195,802.9,-5.489,11.092,187.03,744.83,0.32567,0.1198,0.028672,0.31459,0.10966,0.024192,0.27931,0.10428,0.018624,249,249,249,189,195,195,169,169,168,212,215,221,113,117,123,255,254,250,0.54221,0.54123,0.53974
1,2.2857e+05,-5.535,11.161,195,802.9,-5.489,11.03,185.9,949.52,0.35111,0.11922,0.030016,0.31322,0.11198,0.025472,0.28395,0.10436,0.02176,245,247,247,190,184,182,167,166,166,206,213,221,134,141,154,255,255,255,0.54475,0.5468,0.54704
1,2.2867e+05,-5.535,11.08,195,802.9,-5.5113,10.96,185.88,553.42,0.27248,0.15028,0.03136,0.24894,0.14206,0.0272,0.23011,0.13303,0.023872,247,246,247,164,171,182,166,167,168,234,228,229,173,180,181,255,254,252,0.56825,0.56671,0.56305
1,2.2877e+05,-5.535,11,195,800,-5.5039,10.886,151.99,786.7,0.24882,0.15884,0.028864,0.22973,0.14727,0.025728,0.21459,0.13984,0.022912,244,244,247,189,180,182,175,172,170,255,253,247,252,245,231,248,248,248,0.45755,0.47003,0.48142
1,2.3179e+05,-5.442,11,195,802.9,-5.4137,10.925,0.35652,822.38,0,0,0,0,0,0,0,0,0,250,248,246,193,186,183,180,180,177,254,249,243,251,248,235,249,252,252,0.46298,0.46139,0.46741
1,2.3189e+05,-5.442,11.08,195,802.9,-5.4095,10.998,186.67,1027.1,0.20347,0.11957,0.016,0.14518,0.1169,0.012864,0.1282,0.11426,0.011392,246,245,245,161,170,176,174,174,174,206,213,218,196,192,185,255,255,254,0.55773,0.56168,0.55594
1,2.3199e+05,-5.442,11.161,195,802.9,-5.4095,11.072,187.72,848.34,0.17058,0.11766,0.015936,0.15536,0.11242,0.01376,0.14515,0.10851,0.012416,244,244,245,183,175,173,170,171,171,188,195,206,140,149,158,255,255,255,0.54816,0.54709,0.54552
1,2.3209e+05,-5.442,11.241,195,802.9,-5.4031,11.128,187.21,677.37,0.22963,0.1226,0.022208,0.20709,0.11442,0.018496,0.18819,0.11013,0.016064,247,247,247,173,178,182,165,168,169,191,197,203,122,119,121,255,252,247,0.53589,0.53582,0.5361
1,2.3219e+05,-5.442,11.321,195,802.9,-5.4095,11.217,186.54,561.93,0.28948,0.12795,0.028096,0.26101,0.11882,0.023424,0.23618,0.11508,0.019776,250,249,249,172,180,187,167,169,171,208,209,211,129,121,116,246,243,236,0.5299,0.53039,0.52961
1,2.3229e+05,-5.442,11.401,195,802.8,-5.4073,11.299,187.18,900.73,0.31756,0.1205,0.028992,0.29504,0.11624,0.025536,0.2678,0.10679,0.02112,253,252,251,198,194,190,182,181,179,234,234,230,108,114,119,213,204,197,0.52591,0.52732,0.52843
1,2.3239e+05,-5.442,11.482,195,802.9,-5.4222,11.389,187.93,1014.4,0.26544,0.13057,0.026688,0.23483,0.12459,0.022464,0.21795,0.11855,0.019968,254,254,253,184,189,193,191,186,181,244,238,231,119,119,119,150,154,159,0.53256,0.53114,0.53023
1,2.3249e+05,-5.442,11.562,195,802.9,-5.3893,11.416,186.46,487.97,0.27465,0.13277,0.028352,0.25079,0.12799,0.025024,0.23987,0.12139,0.022464,254,254,254,191,191,192,181,182,179,230,229,230,118,119,124,137,143,155,0.53313,0.53208,0.53061
1,2.3259e+05,-5.442,11.642,195,800,-5.402,11.49,153.86,558.34,0.24263,0.138,0.02528,0.20706,0.13153,0.021248,0.19657,0.12273,0.019008,255,254,253,185,198,201,169,169,172,229,231,234,131,143,150,176,181,181,0.52125,0.52543,0.52747
1,2.3884e+05,-5.442,15.358,195,802.9,-5.4126,15.231,-0.001007,801.2,0,0,0,0,0,0,0,0,0,236,234,233,171,173,176,185,181,179,255,255,253,213,196,176,201,195,192,0.52267,0.52695,0.52764
1,2.3894e+05,-5.442,15.438,195,802.8,-5.3946,15.284,187.29,776.82,0.18013,0.11715,0.015936,0.16819,0.11036,0.01408,0.15432,0.10821,0.012928,224,226,229,160,170,180,187,183,181,250,250,250,99,112,125,176,186,195,0.52736,0.53133,0.53128
1,2.3904e+05,-5.442,15.518,195,802.9,-5.3978,15.361,187.29,566.89,0.18955,0.11991,0.017792,0.1798,0.11601,0.016064,0.1712,0.11036,0.014336,229,228,230,184,183,184,189,185,180,248,249,250,87,90,101,196,195,196,0.53653,0.53435,0.53351
1,2.3914e+05,-5.442,15.599,195,802.9,-5.4063,15.442,187.67,694.83,0.28696,0.11643,0.024448,0.25899,0.112,0.021312,0.23368,0.10743,0.018176,239,237,235,195,194,189,174,175,177,255,254,252,87,90,93,199,197,193,0.53292,0.53167,0.53086
1,2.3924e+05,-5.442,15.679,195,802.9,-5.4105,15.514,185.5,750.77,0.32461,0.12161,0.028544,0.29856,0.11198,0.023488,0.23132,0.10935,0.018432,237,239,241,178,180,185,171,174,177,255,255,254,108,105,102,162,163,165,0.52874,0.53039,0.52977
1,2.3934e+05,-5.442,15.759,195,802.8,-5.4137,15.606,187.18,775.03,0.29704,0.12356,0.027584,0.27432,0.11467,0.023616,0.25412,0.10964,0.020928,242,242,241,181,182,185,181,179,178,255,254,254,115,111,107,144,144,148,0.53645,0.53806,0.53682
1,2.3944e+05,-5.442,15.839,195,802.9,-5.3989,15.666,187.92,982.79,0.28488,0.13124,0.028096,0.25781,0.12479,0.024576,0.24715,0.11915,0.022336,241,239,239,205,199,195,185,182,179,252,253,253,117,117,119,117,122,132,0.54752,0.54601,0.5459
1,2.3954e+05,-5.442,15.92,195,802.8,-5.3999,15.742,186.98,739.75,0.31367,0.12815,0.029952,0.29184,0.11966,0.02592,0.27563,0.11357,0.023104,232,236,238,203,204,205,179,178,176,254,253,253,118,123,131,120,127,140,0.54929,0.54819,0.53792
1,2.3964e+05,-5.442,16,195,800,-5.3967,15.816,152.88,650.55,0.35622,0.13057,0.034048,0.32307,0.12286,0.028864,0.29904,0.11567,0.024512,236,236,236,229,221,218,165,168,170,255,255,254,171,157,154,171,165,165,0.44824,0.45402,0.45493
1,2.4266e+05,-5.349,16,195,802.9,-5.3256,15.767,0.36645,712.46,0,0,0,0,0,0,0,0,0,235,235,235,222,214,207,176,176,177,255,255,255,150,143,139,199,182,176,0.4549,0.45238,0.45587
1,2.4276e+05,-5.349,15.92,195,802.9,-5.3044,15.695,186.91,1033.8,0.18992,0.11424,0.014848,0.15344,0.11158,0.012864,0.13705,0.10468,0.011264,229,233,236,172,181,190,182,183,183,255,255,255,111,114,120,119,128,143,0.55836,0.54959,0.53923
1,2.4286e+05,-5.349,15.839,195,802.9,-5.3225,15.628,187.4,921.43,0.19924,0.1203,0.01856,0.1726,0.11653,0.015744,0.15703,0.112,0.01376,235,237,237,165,172,182,185,186,184,255,255,255,102,107,111,113,118,130,0.54162,0.54563,0.54517
1,2.4296e+05,-5.349,15.759,195,802.9,-5.3161,15.557,186.81,878.07,0.3023,0.11095,0.023936,0.25919,0.105,0.019584,0.22324,0.098405,0.016128,247,244,240,164,172,179,183,183,181,254,254,254,106,107,105,129,136,142,0.53205,0.53701,0.53639
1,2.4306e+05,-5.349,15.679,195,802.9,-5.3235,15.498,186.75,517.66,0.3179,0.11919,0.02848,0.28682,0.11205,0.023808,0.26336,0.10489,0.020544,242,242,241,165,175,183,177,178,178,253,253,253,107,105,101,152,154,157,0.51915,0.52914,0.52981
1,2.4316e+05,-5.349,15.599,195,802.8,-5.3278,15.402,187.33,817.42,0.29711,0.12587,0.026048,0.25572,0.12077,0.021824,0.22817,0.11276,0.018176,242,240,237,200,194,188,173,174,175,249,249,250,82,85,89,181,180,178,0.52683,0.53049,0.53082
1,2.4326e+05,-5.349,15.518,195,802.9,-5.3065,15.334,186.57,683.08,0.29157,0.1227,0.025984,0.24162,0.1194,0.02144,0.20937,0.11545,0.018752,226,233,234,180,183,181,177,176,175,242,248,250,77,83,94,166,169,176,0.53554,0.53306,0.53388
1,2.4336e+05,-5.349,15.438,195,802.9,-5.3225,15.265,186,860.31,0.31771,0.14119,0.032128,0.27771,0.129,0.026944,0.2576,0.12102,0.023744,227,230,232,164,171,176,172,174,177,246,250,251,93,104,115,154,162,174,0.52962,0.53126,0.53114
1,2.4346e+05,-5.349,15.358,195,800,-5.2758,15.144,153.49,890.96,0.34102,0.1259,0.031552,0.27857,0.12097,0.025216,0.24691,0.11797,0.0224,230,233,234,171,172,175,171,174,176,255,255,254,204,188,166,177,174,175,0.52981,0.52844,0.52752
1,2.4971e+05,-5.349,11.642,195,802.9,-5.3055,11.447,-0.49757,823.37,0,0,0,0,0,0,0,0,0,255,255,253,216,211,206,166,169,174,222,226,231,133,145,153,179,180,177,0.5234,0.52645,0.52779
1,2.4981e+05,-5.349,11.562,195,802.9,-5.3532,11.451,186.81,921.69,0.24796,0.11337,0.016576,0.18914,0.11059,0.013952,0.15022,0.10792,0.011776,255,255,255,192,194,197,188,185,181,227,224,224,118,118,121,131,137,149,0.52627,0.52569,0.52665
1,2.4991e+05,-5.349,11.482,195,802.9,-5.314,11.321,185.38,1010,0.19458,0.12551,0.0192,0.18406,0.11905,0.017344,0.1744,0.11439,0.015808,255,255,254,186,188,193,194,190,183,234,229,222,116,117,118,138,142,151,0.53084,0.52794,0.52777
1,2.5001e+05,-5.349,11.401,195,802.9,-5.3225,11.252,185.66,983.02,0.29653,0.11758,0.026112,0.26108,0.11249,0.021888,0.24062,0.10828,0.01888,250,251,252,188,188,188,175,177,178,211,215,216,115,117,118,178,184,188,0.53632,0.52929,0.52818
1,2.5011e+05,-5.349,11.321,195,802.9,-5.3108,11.17,187.59,1071.1,0.32151,0.11398,0.026944,0.28379,0.10886,0.02144,0.21129,0.10253,0.016,248,250,250,183,185,185,159,164,169,204,200,197,111,113,114,241,237,231,0.52739,0.52862,0.52794
1,2.5021e+05,-5.349,11.241,195,802.9,-5.3172,11.108,186.03,1104.3,0.25194,0.12183,0.021312,0.20196,0.11815,0.017472,0.17944,0.11272,0.014976,252,250,248,175,177,178,164,166,167,191,190,192,104,108,116,255,251,245,0.52796,0.53234,0.53397
1,2.5031e+05,-5.349,11.161,195,802.9,-5.3363,11.041,186.67,931.59,0.26365,0.12231,0.024192,0.2116,0.11718,0.019264,0.18619,0.11282,0.016512,241,242,245,146,156,168,173,172,170,182,191,201,130,137,146,255,255,255,0.54099,0.54186,0.54218
1,2.5041e+05,-5.349,11.08,195,802.9,-5.3256,10.958,186.55,533.37,0.22574,0.11826,0.01952,0.20558,0.10706,0.01632,0.18585,0.1037,0.01408,232,240,244,153,160,170,171,174,174,205,210,215,182,178,170,255,255,254,0.55494,0.55472,0.54569
1,2.5051e+05,-5.349,11,195,800,-5.3012,10.858,153,714.91,0.23907,0.12861,0.023808,0.22252,0.12279,0.021184,0.20963,0.11433,0.018688,247,246,245,202,194,184,181,180,178,253,247,242,242,233,216,253,253,253,0.45613,0.45497,0.46008
1,2.5353e+05,-5.256,11,195,802.9,-5.2312,10.915,-0.43798,684.44,0,0,0,0,0,0,0,0,0,248,245,245,189,181,179,179,176,175,252,251,246,191,189,187,251,252,253,0.45087,0.45136,0.45736
1,2.5363e+05,-5.256,11.08,195,802.9,-5.227,11.006,185.45,728.91,0.24836,0.12624,0.020288,0.23827,0.11679,0.017792,0.23171,0.11042,0.016128,237,240,245,143,152,167,163,166,170,238,225,218,132,138,147,255,255,254,0.55588,0.54764,0.5437
1,2.5373e+05,-5.256,11.161,195,802.9,-5.2323,11.058,185.91,828.86,0.18128,0.12448,0.017408,0.16702,0.11808,0.015552,0.16316,0.1105,0.014144,245,244,246,145,155,168,159,163,167,196,200,203,106,114,126,255,255,255,0.53809,0.54329,0.54341
1,2.5383e+05,-5.256,11.241,195,802.9,-5.228,11.149,186.4,946.66,0.27133,0.12818,0.026176,0.23408,0.11748,0.020928,0.21683,0.11287,0.018688,255,253,251,209,195,186,164,164,166,174,178,186,102,107,110,255,251,244,0.53381,0.5343,0.53303
1,2.5393e+05,-5.256,11.321,195,802.9,-5.2217,11.214,186.15,913.71,0.32148,0.13411,0.032704,0.30189,0.12644,0.028864,0.29,0.11978,0.025728,255,254,253,212,203,194,163,165,169,181,184,189,120,118,114,244,235,227,0.52389,0.52688,0.52713
1,2.5403e+05,-5.256,11.401,195,802.8,-5.2291,11.311,186.8,879.39,0.33724,0.13795,0.030784,0.30099,0.13089,0.026432,0.2794,0.10902,0.022592,255,254,254,188,191,195,182,179,177,199,203,208,133,128,121,167,172,180,0.53129,0.52866,0.52798
1,2.5413e+05,-5.256,11.482,195,802.9,-5.2026,11.349,186.12,774.93,0.28294,0.13958,0.030336,0.25396,0.13116,0.02592,0.23178,0.12644,0.022848,255,255,255,187,193,200,185,183,179,222,219,217,120,119,119,123,129,141,0.52405,0.52655,0.52883
1,2.5423e+05,-5.256,11.562,195,802.9,-5.2142,11.423,183.81,723.34,0.23847,0.12806,0.02336,0.21917,0.12002,0.02016,0.21203,0.11513,0.018432,255,255,255,202,205,207,178,177,177,217,217,219,119,119,122,120,128,141,0.52818,0.52871,0.5289
1,2.5433e+05,-5.256,11.642,195,800,-5.2174,11.516,151.75,1073,0.34921,0.12354,0.032192,0.31362,0.11528,0.027136,0.27806,0.11181,0.022976,255,255,253,228,219,211,166,169,174,215,222,228,145,154,156,170,172,171,0.53169,0.53138,0.52896
1,2.6058e+05,-5.256,15.358,195,802.9,-5.2164,15.211,0.32672,967.95,0,0,0,0,0,0,0,0,0,229,231,234,171,175,178,180,177,174,255,255,255,129,134,139,161,162,164,0.5207,0.52912,0.53075
1,2.6068e+05,-5.256,15.438,195,802.8,-5.2164,15.282,186.68,1133.9,0.22676,0.11804,0.016384,0.145,0.11545,0.012864,0.13794,0.10948,0.01184,237,234,233,166,172,177,171,173,174,255,253,252,90,94,103,160,162,167,0.53961,0.53566,0.53492
1,2.6078e+05,-5.256,15.518,195,802.9,-5.2259,15.374,185.94,943.1,0.25265,0.11549,0.020544,0.21396,0.10802,0.01664,0.17486,0.10718,0.014464,237,235,235,178,181,183,169,172,173,252,251,251,79,83,91,178,175,173,0.54109,0.53766,0.53725
1,2.6088e+05,-5.256,15.599,195,802.9,-5.228,15.449,186.53,1028.3,0.19916,0.13459,0.020544,0.17991,0.12667,0.017408,0.16252,0.12165,0.015616,236,237,237,200,196,190,170,170,173,249,250,251,86,86,88,195,191,183,0.52997,0.53484,0.53458
1,2.6098e+05,-5.256,15.679,195,802.9,-5.2248,15.521,186.03,928.68,0.34591,0.11951,0.029632,0.30056,0.11214,0.023168,0.2315,0.10987,0.018176,236,237,239,193,190,185,176,177,178,253,253,253,103,100,97,175,169,163,0.53161,0.53014,0.53208
1,2.6108e+05,-5.256,15.759,195,802.8,-5.2248,15.592,186.21,1083.9,0.32849,0.11262,0.026496,0.28218,0.10595,0.021568,0.25976,0.1022,0.018816,237,237,238,194,186,179,185,184,182,254,254,254,102,102,101,146,147,147,0.54551,0.53996,0.53848
1,2.6118e+05,-5.256,15.839,195,802.9,-5.2089,15.655,186.27,999.88,0.22184,0.13139,0.022272,0.19755,0.12842,0.01952,0.18801,0.11936,0.017152,229,232,235,168,172,177,195,191,186,255,255,255,102,104,108,115,123,138,0.54564,0.54532,0.54706
1,2.6128e+05,-5.256,15.92,195,802.8,-5.2185,15.746,186.44,831.96,0.29327,0.11756,0.025408,0.25676,0.11158,0.021312,0.23642,0.1065,0.018752,227,231,235,167,175,184,190,189,186,255,255,255,105,110,116,137,145,154,0.55849,0.55499,0.54139
1,2.6138e+05,-5.256,16,195,800,-5.2259,15.823,152.75,556.46,0.32055,0.1281,0.031488,0.29196,0.11972,0.02656,0.26702,0.11691,0.024,242,239,236,207,204,203,182,184,184,255,255,255,137,132,131,234,216,197,0.44854,0.44937,0.45544
1,2.644e+05,-5.163,16,195,802.9,-5.158,15.786,0.60149,629.04,0,0,0,0,0,0,0,0,0,241,238,238,224,211,202,189,184,182,255,255,255,142,134,133,231,210,192,0.45466,0.4546,0.45621
1,2.645e+05,-5.163,15.92,195,802.9,-5.1347,15.704,187.32,704.18,0.18877,0.1129,0.01568,0.15459,0.10855,0.0128,0.13009,0.10687,0.011136,232,232,234,177,181,186,184,183,183,255,255,255,116,115,119,132,143,152,0.55467,0.55323,0.54298
1,2.646e+05,-5.163,15.839,195,802.9,-5.1209,15.628,185.85,941.52,0.19413,0.12849,0.019648,0.17929,0.12319,0.017216,0.16834,0.1124,0.014848,236,232,232,166,171,178,187,183,182,255,255,255,114,110,110,112,123,138,0.54887,0.5465,0.54778
1,2.647e+05,-5.163,15.759,195,802.9,-5.1166,15.547,185.62,808.68,0.27232,0.12235,0.025088,0.25025,0.11632,0.021696,0.21441,0.11144,0.018112,236,233,235,171,174,176,178,177,178,255,255,255,97,99,104,156,148,148,0.53412,0.53763,0.53811
1,2.648e+05,-5.163,15.679,195,802.9,-5.1209,15.473,185.01,936.26,0.35444,0.11842,0.029504,0.31306,0.11265,0.022976,0.25287,0.10643,0.018496,238,236,236,180,181,181,175,172,174,255,255,254,92,95,101,176,171,168,0.53604,0.53247,0.53269
1,2.649e+05,-5.163,15.599,195,802.8,-5.141,15.403,185.95,739.35,0.32031,0.11477,0.025152,0.25764,0.10647,0.018496,0.18263,0.10787,0.014976,242,238,237,193,190,188,169,170,171,255,255,254,85,89,95,208,206,196,0.5379,0.53633,0.53387
1,2.65e+05,-5.163,15.518,195,802.9,-5.123,15.316,186.16,649.44,0.22522,0.14368,0.025088,0.21076,0.13539,0.022144,0.19274,0.13154,0.01984,235,234,234,200,188,183,182,176,174,255,255,254,90,89,96,182,184,184,0.53451,0.54006,0.53822
1,2.651e+05,-5.163,15.438,195,802.9,-5.158,15.275,185.68,569.02,0.30848,0.13212,0.03136,0.27968,0.12476,0.026624,0.24905,0.12063,0.022784,235,232,232,185,180,178,179,178,176,255,255,255,100,97,103,152,160,171,0.53677,0.53552,0.53431
1,2.652e+05,-5.163,15.358,195,800,-5.1262,15.175,151.82,808.74,0.31301,0.13777,0.033216,0.27572,0.13459,0.02848,0.25168,0.12382,0.023616,233,231,232,161,172,179,173,175,176,255,255,255,117,123,133,145,150,159,0.53214,0.53224,0.53201
1,2.7145e+05,-5.163,11.642,195,802.9,-5.1304,11.48,-0.10363,817.15,0,0,0,0,0,0,0,0,0,255,255,253,236,221,209,172,173,174,221,224,229,140,148,154,159,161,163,0.54356,0.53394,0.53223
1,2.7155e+05,-5.163,11.562,195,802.9,-5.1378,11.404,185.05,713.03,0.1849,0.12616,0.016384,0.15431,0.11738,0.013376,0.13585,0.11121,0.011392,255,255,254,215,214,212,168,170,174,219,218,221,109,112,119,123,128,137,0.53265,0.53359,0.53339
1,2.7165e+05,-5.163,11.482,195,802.9,-5.1357,11.33,185.38,697.38,0.19819,0.1135,0.017216,0.18148,0.1032,0.01472,0.16889,0.099887,0.01312,254,254,254,204,205,207,178,175,175,225,221,219,111,111,114,128,131,141,0.53398,0.53052,0.53175
1,2.7175e+05,-5.163,11.401,195,802.9,-5.1495,11.271,186.07,758.45,0.26817,0.12799,0.02656,0.25094,0.12157,0.023744,0.23709,0.116,0.020992,255,255,254,207,206,207,177,177,176,216,213,209,121,119,114,176,179,182,0.52957,0.53028,0.52974
1,2.7185e+05,-5.163,11.321,195,802.9,-5.1294,11.164,186.13,923.81,0.3286,0.11689,0.02944,0.30043,0.10983,0.025152,0.26458,0.10496,0.021376,255,255,254,219,215,208,172,170,171,192,188,188,111,110,107,249,240,230,0.52982,0.52804,0.52903
1,2.7195e+05,-5.163,11.241,195,802.9,-5.1315,11.093,185.55,865.71,0.35055,0.11831,0.028288,0.2567,0.11728,0.022656,0.22164,0.11318,0.019008,254,253,252,215,209,200,168,168,169,173,177,184,95,99,103,255,252,246,0.53382,0.53532,0.53606
1,2.7205e+05,-5.163,11.161,195,802.9,-5.1315,11.022,186.05,787,0.28775,0.12825,0.028608,0.26174,0.11773,0.024128,0.24127,0.11283,0.02112,247,248,249,167,168,177,165,165,167,190,195,198,96,102,111,255,255,255,0.54628,0.54581,0.54629
1,2.7215e+05,-5.163,11.08,195,802.9,-5.1368,10.961,185.89,666.33,0.31045,0.12154,0.028864,0.27806,0.11501,0.024128,0.25074,0.11151,0.021568,248,247,248,146,158,173,163,166,169,231,219,212,118,122,130,255,255,254,0.55851,0.56006,0.55265
1,2.7225e+05,-5.163,11,195,800,-5.1495,10.905,154.1,765.59,0.25216,0.13384,0.026176,0.22989,0.13013,0.023232,0.21497,0.12079,0.020416,253,252,250,203,187,181,179,173,172,252,247,239,191,176,168,252,253,253,0.45931,0.45791,0.46337
1,2.7527e+05,-5.07,11,195,802.9,-5.0466,10.93,0.58493,1112.4,0,0,0,0,0,0,0,0,0,254,253,251,204,198,191,170,179,179,229,229,228,190,181,176,255,255,254,0.45251,0.45919,0.46841
1,2.7537e+05,-5.07,11.08,195,802.9,-5.0519,11.006,185.68,1106.5,0.16163,0.118,0.01472,0.14388,0.11554,0.012928,0.13193,0.10792,0.011456,247,251,251,159,171,184,170,174,174,185,194,200,111,122,133,255,255,255,0.56489,0.5658,0.55846
1,2.7547e+05,-5.07,11.161,195,802.9,-5.0455,11.064,187.83,751.6,0.22666,0.16383,0.022208,0.20244,0.15773,0.01856,0.17966,0.12596,0.015104,250,251,251,168,179,186,173,171,171,170,176,187,92,99,111,255,255,255,0.55578,0.55108,0.55
1,2.7557e+05,-5.07,11.241,195,802.9,-5.0339,11.132,187.84,723.85,0.24759,0.13346,0.025536,0.22661,0.12483,0.021824,0.21326,0.12002,0.019648,253,254,253,224,215,207,170,171,170,173,176,181,84,88,94,255,254,248,0.53763,0.53862,0.53746
1,2.7567e+05,-5.07,11.321,195,802.9,-5.0498,11.211,187.16,737.28,0.31097,0.12865,0.029824,0.28774,0.12041,0.025792,0.27608,0.11142,0.022912,255,254,254,226,222,215,170,172,172,188,189,190,90,93,96,250,244,233,0.53376,0.53049,0.53091
1,2.7577e+05,-5.07,11.401,195,802.8,-5.0349,11.273,187.31,1155.4,0.38953,0.12441,0.033024,0.2517,0.12441,0.024,0.22836,0.12024,0.021056,252,252,253,216,216,214,179,178,176,217,218,216,100,101,103,184,187,188,0.52634,0.52965,0.53146
1,2.7587e+05,-5.07,11.482,195,802.9,-5.0317,11.354,186.25,889.49,0.27091,0.12301,0.025216,0.25027,0.11632,0.021888,0.23264,0.10721,0.018496,252,252,253,210,207,207,180,177,174,236,235,230,102,104,109,132,137,145,0.53145,0.53708,0.5355
1,2.7597e+05,-5.07,11.562,195,802.9,-5.0243,11.423,186.45,738.58,0.28008,0.12853,0.027136,0.24483,0.12435,0.023488,0.22549,0.11724,0.020608,253,253,253,201,206,208,170,172,173,234,233,232,108,110,117,126,131,140,0.53107,0.53773,0.53799
1,2.7607e+05,-5.07,11.642,195,800,-5.0381,11.513,152.49,758.35,0.32188,0.13929,0.03328,0.27764,0.1307,0.02752,0.2514,0.12559,0.02432,255,254,253,211,205,203,174,173,174,224,231,237,141,145,149,151,157,163,0.54965,0.54163,0.53891
1,2.8232e+05,-5.07,15.358,195,802.9,-5.0445,15.231,0.33003,1074.9,0,0,0,0,0,0,0,0,0,226,227,230,170,168,170,184,182,179,255,255,255,145,152,154,144,147,155,0.53295,0.5311,0.53167
1,2.8242e+05,-5.07,15.438,195,802.8,-5.0455,15.308,186.84,618.46,0.20966,0.11338,0.016896,0.18688,0.10742,0.014336,0.16731,0.10546,0.0128,223,226,231,164,168,170,176,176,176,255,255,255,112,114,120,165,168,171,0.5343,0.53239,0.53333
1,2.8252e+05,-5.07,15.518,195,802.9,-5.0455,15.36,186.82,530.18,0.22231,0.11651,0.019776,0.21301,0.10513,0.01728,0.19792,0.10344,0.015424,235,233,233,184,179,175,172,173,173,255,255,255,105,107,113,216,201,186,0.54107,0.53693,0.53701
1,2.8262e+05,-5.07,15.599,195,802.9,-5.0381,15.445,187.05,972.25,0.25242,0.12011,0.023168,0.2346,0.11228,0.019968,0.2155,0.10705,0.017408,241,240,237,189,187,182,168,168,169,255,255,255,124,118,113,239,219,194,0.53805,0.53481,0.53455
1,2.8272e+05,-5.07,15.679,195,802.9,-5.0413,15.517,187.25,864.92,0.25268,0.12536,0.023744,0.21217,0.11836,0.019328,0.19277,0.11225,0.016832,235,234,235,163,169,175,170,171,173,255,255,255,123,120,115,152,156,160,0.53313,0.5339,0.53363
1,2.8282e+05,-5.07,15.759,195,802.8,-5.0349,15.592,188.07,681.64,0.26632,0.11583,0.023424,0.23393,0.10981,0.01888,0.19949,0.10415,0.015744,233,232,233,159,165,173,175,176,175,255,255,255,108,112,115,127,132,139,0.52825,0.53643,0.53793
1,2.8292e+05,-5.07,15.839,195,802.9,-5.0445,15.675,186.75,972.24,0.25211,0.12899,0.024512,0.22911,0.12175,0.02112,0.21119,0.11493,0.018432,235,233,234,182,181,180,180,177,176,255,255,255,116,115,117,114,117,127,0.54381,0.54517,0.54663
1,2.8302e+05,-5.07,15.92,195,802.8,-5.0445,15.736,187,916.69,0.36804,0.11368,0.027712,0.29837,0.10984,0.021696,0.24378,0.10498,0.017984,236,235,237,202,192,187,173,173,175,255,255,255,122,123,128,120,128,138,0.56408,0.56135,0.55082
1,2.8312e+05,-5.07,16,195,800,-5.036,15.812,152.84,872.55,0.23517,0.12571,0.0224,0.21838,0.11961,0.01984,0.20779,0.1105,0.0176,243,242,242,196,198,197,174,171,172,255,255,255,155,149,148,179,171,167,0.46868,0.46114,0.46277
1,2.8614e+05,-4.977,16,195,802.9,-4.9394,15.76,-0.53729,891.19,0,0,0,0,0,0,0,0,0,251,248,245,182,189,195,167,165,167,255,255,255,174,164,158,172,160,154,0.45566,0.45976,0.46553
1,2.8624e+05,-4.977,15.92,195,802.9,-4.9416,15.687,186.39,1084.2,0.20222,0.11205,0.01696,0.1806,0.10908,0.014848,0.17177,0.099718,0.012864,238,238,238,202,193,187,167,168,171,255,255,255,126,128,133,116,122,131,0.56295,0.55877,0.55188
1,2.8634e+05,-4.977,15.839,195,802.9,-4.9522,15.632,186.86,720.85,0.28494,0.12262,0.0224,0.17495,0.11922,0.016128,0.1636,0.11214,0.014336,232,233,234,190,186,181,177,175,173,255,255,255,120,117,121,111,113,121,0.55043,0.54701,0.54632
1,2.8644e+05,-4.977,15.759,195,802.9,-4.9363,15.54,185.87,1024.5,0.19642,0.133,0.020544,0.18019,0.12691,0.017856,0.17391,0.11723,0.016064,233,231,232,164,168,173,183,179,174,255,255,255,114,119,119,124,126,133,0.53747,0.53608,0.5375
1,2.8654e+05,-4.977,15.679,195,802.9,-4.9288,15.451,187.13,861.83,0.22185,0.13125,0.0224,0.20107,0.12561,0.01952,0.18115,0.11858,0.016768,232,232,233,165,170,175,173,172,172,255,255,255,138,130,120,146,148,154,0.53486,0.53336,0.53298
1,2.8664e+05,-4.977,15.599,195,802.8,-4.9416,15.39,187.97,796.5,0.27417,0.13056,0.026816,0.24061,0.12599,0.023296,0.2162,0.12141,0.020416,241,239,236,198,188,180,162,165,167,255,255,255,140,129,117,226,208,188,0.53762,0.53625,0.53527
1,2.8674e+05,-4.977,15.518,195,802.9,-4.9511,15.316,187.31,896.08,0.24285,0.13572,0.025472,0.21668,0.13119,0.022208,0.19866,0.12515,0.01952,238,233,233,163,166,171,171,170,172,255,255,255,119,117,120,213,196,183,0.53668,0.5351,0.5358
1,2.8684e+05,-4.977,15.438,195,802.9,-4.949,15.254,185.96,609.99,0.26677,0.1405,0.029184,0.25171,0.12803,0.025024,0.23698,0.12258,0.02272,223,226,231,136,151,166,176,176,175,255,255,255,127,126,131,168,168,170,0.52905,0.53252,0.53323
1,2.8694e+05,-4.977,15.358,195,800,-4.9288,15.164,154.51,974.37,0.33704,0.13228,0.033536,0.30501,0.12257,0.028032,0.27696,0.11739,0.024384,228,228,231,168,164,167,184,185,181,255,255,255,168,172,171,147,148,154,0.52875,0.53262,0.53527
1,2.9319e+05,-4.977,11.642,195,802.9,-4.9214,11.454,-0.040732,978.58,0,0,0,0,0,0,0,0,0,254,254,254,205,200,200,173,172,173,235,239,240,149,150,150,149,157,163,0.5321,0.53842,0.53845
1,2.9329e+05,-4.977,11.562,195,802.9,-4.9426,11.417,186.5,680.61,0.1896,0.11413,0.01568,0.17199,0.10663,0.013504,0.16161,0.10136,0.012096,253,252,253,199,200,202,174,172,172,250,242,236,110,112,119,128,132,141,0.53326,0.53733,0.5382
1,2.9339e+05,-4.977,11.482,195,802.9,-4.9373,11.321,185.06,660.56,0.20087,0.11406,0.017792,0.18857,0.10945,0.015808,0.18096,0.10557,0.014464,251,251,252,200,201,203,183,177,173,250,242,233,101,103,108,139,140,147,0.53913,0.53401,0.53468
1,2.9349e+05,-4.977,11.401,195,802.8,-4.9479,11.254,184.89,617.06,0.25569,0.11493,0.021504,0.22776,0.10794,0.018112,0.19666,0.10825,0.016128,250,252,253,216,215,214,180,177,175,220,219,216,96,98,100,190,188,188,0.52968,0.53149,0.5316
1,2.9359e+05,-4.977,11.321,195,802.9,-4.9225,11.165,187.01,980.74,0.33532,0.12111,0.030848,0.31495,0.11192,0.026496,0.28802,0.10641,0.022784,255,254,254,221,221,216,171,171,172,187,186,189,91,92,94,254,244,232,0.53109,0.52942,0.5299
1,2.9369e+05,-4.977,11.241,195,802.8,-4.9532,11.102,186.91,753.89,0.33032,0.11434,0.028224,0.27469,0.10649,0.02208,0.23701,0.099879,0.017728,255,254,253,209,212,209,168,169,171,168,173,180,87,88,93,255,254,247,0.53019,0.53618,0.53615
1,2.9379e+05,-4.977,11.161,195,802.9,-4.9596,11.034,187.2,762.79,0.30017,0.11983,0.024192,0.26071,0.11438,0.020928,0.23713,0.11179,0.018368,253,251,252,186,183,188,168,170,174,166,173,184,99,102,115,255,255,255,0.55256,0.54808,0.54644
1,2.9389e+05,-4.977,11.08,195,802.9,-4.9363,10.934,186.28,815.99,0.35058,0.11741,0.029248,0.30974,0.1115,0.024896,0.27553,0.10586,0.020672,252,250,251,175,178,186,177,176,176,186,189,197,123,130,140,255,255,255,0.57288,0.56678,0.55969
1,2.9399e+05,-4.977,11,195,800,-4.9373,10.861,153.3,712.14,0.2808,0.13877,0.03008,0.25279,0.1342,0.026496,0.23353,0.12961,0.023616,251,251,251,212,199,193,195,185,181,239,227,225,197,192,187,255,255,255,0.45767,0.45992,0.46996
1,2.9701e+05,-4.884,11,195,802.9,-4.88,10.932,-0.39163,855.76,0,0,0,0,0,0,0,0,0,249,250,251,197,195,193,186,186,183,245,239,233,243,232,214,252,253,253,0.47075,0.46425,0.46847
1,2.9711e+05,-4.884,11.08,195,802.9,-4.8705,11.007,188.19,921.75,0.19259,0.1175,0.016448,0.17892,0.11187,0.014336,0.16885,0.11014,0.012992,251,251,251,177,182,189,187,183,180,198,201,204,164,164,161,255,255,254,0.56551,0.5648,0.55693
1,2.9721e+05,-4.884,11.161,195,802.9,-4.8567,11.058,187.24,1016.2,0.20902,0.12515,0.020544,0.19934,0.11747,0.018176,0.18296,0.11106,0.015808,250,251,252,176,182,193,178,178,177,180,183,189,111,120,132,255,255,254,0.54785,0.54549,0.5466
1,2.9731e+05,-4.884,11.241,195,802.9,-4.8546,11.132,187.92,952.73,0.26887,0.1379,0.028608,0.24324,0.12936,0.024512,0.23,0.1219,0.022016,254,254,253,215,214,210,171,171,172,172,174,180,87,90,97,253,249,242,0.53938,0.53826,0.53796
1,2.9741e+05,-4.884,11.321,195,802.9,-4.8524,11.212,187.06,1025.1,0.25459,0.12189,0.023104,0.20591,0.11836,0.018368,0.18879,0.11209,0.015808,255,254,254,240,227,215,170,170,171,181,183,188,96,95,95,238,233,227,0.53196,0.53395,0.5331
1,2.9751e+05,-4.884,11.401,195,802.8,-4.8652,11.292,186.66,729.57,0.27361,0.13427,0.026112,0.2122,0.12601,0.020736,0.19209,0.12505,0.01856,254,253,253,205,208,209,169,170,171,216,217,215,104,103,102,178,181,184,0.53208,0.5321,0.53333
1,2.9761e+05,-4.884,11.482,195,802.9,-4.8609,11.369,186.82,844.78,0.31196,0.14559,0.034368,0.28755,0.13717,0.029312,0.25808,0.13272,0.02528,251,251,252,184,188,196,171,170,169,240,238,234,105,107,112,139,141,147,0.53439,0.53511,0.53587
1,2.9771e+05,-4.884,11.562,195,802.9,-4.8694,11.452,187.97,806.23,0.36063,0.12698,0.034624,0.33388,0.11304,0.027264,0.27646,0.10812,0.022272,251,251,252,187,191,197,168,168,169,239,240,239,113,118,125,131,135,143,0.54199,0.53816,0.53817
1,2.9781e+05,-4.884,11.642,195,800,-4.8546,11.513,154.27,1281.3,0.2762,0.12921,0.027392,0.24081,0.12638,0.023168,0.21944,0.12032,0.020416,254,254,253,205,201,200,167,169,171,251,247,245,182,164,153,159,161,163,0.5364,0.53913,0.53989
1,3.0406e+05,-4.884,15.358,195,802.9,-4.8503,15.208,0.40617,885.17,0,0,0,0,0,0,0,0,0,249,240,236,156,158,161,183,183,182,255,255,255,241,218,196,144,151,157,0.53572,0.53537,0.53746
1,3.0416e+05,-4.884,15.438,195,802.8,-4.8662,15.289,186.39,972.88,0.24162,0.1132,0.01856,0.20776,0.11049,0.016,0.18839,0.10578,0.013824,233,232,234,145,149,160,173,173,175,255,255,255,130,143,150,143,148,159,0.5402,0.53532,0.53582
1,3.0426e+05,-4.884,15.518,195,802.9,-4.8588,15.363,185.51,741.98,0.19976,0.1159,0.017984,0.18876,0.11055,0.015872,0.17964,0.10776,0.014592,241,234,234,163,162,166,165,167,171,255,255,255,109,117,130,166,164,167,0.54272,0.53847,0.53643
1,3.0436e+05,-4.884,15.599,195,802.9,-4.8609,15.439,187.38,650.77,0.25199,0.12544,0.024128,0.23156,0.12055,0.021248,0.21467,0.11721,0.018944,238,236,236,198,186,178,163,164,166,255,255,255,105,112,118,183,176,170,0.53116,0.53371,0.53412
1,3.0446e+05,-4.884,15.679,195,802.9,-4.8546,15.528,185.24,793.6,0.32811,0.11981,0.02912,0.27066,0.11661,0.023872,0.24556,0.10975,0.020544,231,231,232,173,172,175,166,170,172,255,255,255,126,125,122,129,137,144,0.5299,0.53209,0.53327
1,3.0456e+05,-4.884,15.759,195,802.8,-4.8652,15.594,187.83,914.49,0.34076,0.1227,0.030272,0.28652,0.116,0.025024,0.25883,0.10949,0.021248,230,228,230,165,168,173,177,176,174,255,255,255,132,126,123,113,120,127,0.54148,0.54085,0.54058
1,3.0466e+05,-4.884,15.839,195,802.9,-4.8524,15.674,185.82,807.56,0.36881,0.12095,0.032384,0.32304,0.11416,0.026432,0.29043,0.10954,0.022336,231,231,233,184,182,181,176,173,172,255,255,255,114,119,127,109,109,114,0.5487,0.54658,0.54698
1,3.0476e+05,-4.884,15.92,195,802.8,-4.8514,15.754,185.33,809.23,0.30462,0.11486,0.025344,0.25491,0.11165,0.02112,0.22585,0.10736,0.018048,242,238,237,190,189,189,164,165,170,255,255,255,121,131,140,113,114,121,0.55664,0.55683,0.55336
1,3.0486e+05,-4.884,16,195,800,-4.8365,15.818,154.19,842,0.23876,0.13462,0.024832,0.21725,0.12634,0.021504,0.20349,0.1211,0.019264,253,250,245,202,198,198,166,163,165,255,255,255,206,184,169,148,142,140,0.46729,0.46972,0.47253
1,3.0788e+05,-4.791,16,195,802.9,-4.7591,15.759,0.24065,868,0,0,0,0,0,0,0,0,0,245,240,239,217,207,197,177,171,168,255,255,255,185,176,169,150,140,138,0.4563,0.46033,0.46893
1,3.0798e+05,-4.791,15.92,195,802.9,-4.7623,15.695,187.25,908.61,0.18122,0.11999,0.01696,0.16949,0.11194,0.01504,0.16305,0.10604,0.013504,218,225,232,185,186,186,164,167,169,255,255,255,121,129,140,102,107,117,0.5613,0.56067,0.55599
1,3.0808e+05,-4.791,15.839,195,802.9,-4.7644,15.611,186.76,1061.8,0.21234,0.12854,0.021376,0.19973,0.12031,0.01888,0.18969,0.11149,0.016512,225,226,229,178,178,180,173,171,170,255,255,255,112,119,128,99,103,110,0.54457,0.54659,0.54718
1,3.0818e+05,-4.791,15.759,195,802.9,-4.7612,15.531,186.19,930.26,0.2982,0.1256,0.027648,0.24263,0.12119,0.022464,0.20735,0.11903,0.018752,229,231,232,160,169,178,175,175,172,255,255,255,131,126,119,122,121,122,0.54835,0.5407,0.53913
1,3.0828e+05,-4.791,15.679,195,802.9,-4.7432,15.447,187.66,1010,0.39361,0.11398,0.030272,0.3279,0.10904,0.021696,0.20329,0.10526,0.016128,231,233,234,161,170,179,171,172,171,255,255,255,124,121,116,142,138,135,0.53437,0.53364,0.53375
1,3.0838e+05,-4.791,15.599,195,802.8,-4.7474,15.387,185.53,655.65,0.35778,0.11365,0.028224,0.32683,0.10464,0.021184,0.18979,0.10385,0.015296,237,237,236,181,182,180,170,167,166,255,255,255,99,102,109,168,163,154,0.53037,0.52971,0.53231
1,3.0848e+05,-4.791,15.518,195,802.9,-4.7463,15.317,186.83,1101.6,0.25914,0.13186,0.026304,0.23468,0.12889,0.02304,0.21842,0.1208,0.02016,236,235,234,186,174,168,165,169,173,255,255,255,115,121,134,144,146,150,0.53303,0.53422,0.53493
1,3.0858e+05,-4.791,15.438,195,802.9,-4.7644,15.255,186.13,840.18,0.26984,0.1164,0.023808,0.24025,0.11195,0.02016,0.22147,0.10384,0.0176,230,233,234,155,161,162,177,178,177,255,255,255,150,155,162,127,137,149,0.53856,0.53572,0.53516
1,3.0868e+05,-4.791,15.358,195,800,-4.776,15.198,153.63,549.2,0.29298,0.13048,0.028992,0.25712,0.1244,0.024512,0.23748,0.1185,0.021888,239,238,235,163,159,159,184,185,184,255,255,255,233,226,209,162,159,160,0.54517,0.54043,0.53934
1,3.1493e+05,-4.791,11.642,195,802.9,-4.758,11.469,-0.050663,626.26,0,0,0,0,0,0,0,0,0,252,253,254,219,212,206,165,166,167,245,245,244,167,164,158,160,163,163,0.53827,0.53895,0.53854
1,3.1503e+05,-4.791,11.562,195,802.9,-4.758,11.398,186.65,590.59,0.27902,0.11779,0.021888,0.26382,0.1103,0.018944,0.20983,0.10599,0.01568,252,252,252,190,195,199,158,163,165,224,229,234,114,121,130,124,131,141,0.52941,0.53396,0.53553
1,3.1513e+05,-4.791,11.482,195,802.9,-4.7633,11.326,186.9,683.86,0.36187,0.11189,0.023872,0.2119,0.11298,0.017472,0.19211,0.10583,0.014976,252,252,252,187,189,194,160,164,166,225,227,227,111,113,117,134,138,144,0.53875,0.53544,0.53524
1,3.1523e+05,-4.791,11.401,195,802.8,-4.775,11.238,185.94,738.67,0.26387,0.11461,0.022592,0.2483,0.10708,0.019904,0.22382,0.10329,0.017344,251,252,252,196,199,202,165,167,168,221,214,209,111,107,105,174,176,177,0.53871,0.53431,0.53395
1,3.1533e+05,-4.791,11.321,195,802.9,-4.7623,11.161,186.43,649.24,0.23806,0.11454,0.020544,0.21692,0.10493,0.017536,0.20451,0.10117,0.015424,254,254,253,227,221,210,169,171,171,178,183,188,91,94,99,221,223,219,0.52701,0.5319,0.53311
1,3.1543e+05,-4.791,11.241,195,802.8,-4.7623,11.098,185.98,630.9,0.31287,0.12156,0.028608,0.27719,0.11453,0.02432,0.24654,0.11074,0.020864,255,253,252,223,217,209,176,175,173,172,176,185,89,93,102,246,242,234,0.54156,0.53749,0.53729
1,3.1553e+05,-4.791,11.161,195,802.9,-4.7697,11.022,186.78,1066.2,0.25791,0.11356,0.021824,0.21526,0.11014,0.018432,0.20468,0.10352,0.016384,251,252,252,190,193,199,181,183,180,191,198,203,128,139,148,255,255,250,0.55302,0.54881,0.54825
1,3.1563e+05,-4.791,11.08,195,802.9,-4.7623,10.941,186.14,769.62,0.27566,0.12011,0.025024,0.25175,0.11365,0.021568,0.22189,0.10935,0.018624,251,252,251,192,193,194,178,183,181,217,221,219,185,187,179,255,254,251,0.56485,0.56545,0.56306
1,3.1573e+05,-4.791,11,195,800,-4.7686,10.889,153.39,616.44,0.23723,0.12561,0.0224,0.20711,0.1225,0.019392,0.18928,0.11806,0.017216,252,253,252,188,195,193,167,177,181,255,252,245,255,248,233,247,250,249,0.46168,0.46453,0.4762
1,3.1875e+05,-4.698,11,195,802.9,-4.6636,10.912,0.48231,838.08,0,0,0,0,0,0,0,0,0,250,251,251,188,191,190,180,181,179,255,255,252,241,239,226,241,242,243,0.45893,0.47668,0.48649
1,3.1885e+05,-4.698,11.08,195,802.9,-4.653,10.968,186.33,884.5,0.16059,0.12719,0.015488,0.14807,0.12006,0.013824,0.13965,0.11339,0.012352,250,250,251,208,203,199,182,181,177,249,240,231,198,191,180,242,243,244,0.5758,0.56905,0.56762
1,3.1895e+05,-4.698,11.161,195,802.9,-4.6625,11.07,187.01,1116.1,0.19157,0.11624,0.017152,0.1708,0.11068,0.014528,0.1599,0.10299,0.012864,248,250,252,204,206,205,177,177,175,220,218,216,137,146,154,243,243,243,0.54814,0.55054,0.54933
1,3.1905e+05,-4.698,11.241,195,802.9,-4.6646,11.123,185.78,805.84,0.23356,0.15409,0.028352,0.21753,0.14616,0.024832,0.20371,0.13765,0.022144,253,252,252,211,211,209,165,168,170,177,183,193,103,106,113,225,228,228,0.53119,0.53505,0.53775
1,3.1915e+05,-4.698,11.321,195,802.9,-4.6668,11.208,187.72,811.37,0.28522,0.12765,0.026304,0.22308,0.1231,0.021376,0.20127,0.11763,0.018368,252,252,251,206,207,206,162,166,169,180,184,192,102,106,110,213,214,213,0.53375,0.53384,0.53365
1,3.1925e+05,-4.698,11.401,195,802.8,-4.6848,11.312,185.24,1250.8,0.30596,0.12925,0.028992,0.25081,0.12317,0.022976,0.22441,0.11595,0.019264,249,250,251,187,190,194,169,169,168,206,208,210,111,112,113,173,171,171,0.52863,0.53356,0.53312
1,3.1935e+05,-4.698,11.482,195,802.9,-4.654,11.331,186.79,987.66,0.26554,0.12721,0.02528,0.22769,0.12034,0.021056,0.2064,0.11481,0.018368,251,251,251,187,190,193,168,167,167,227,228,228,113,116,122,123,128,137,0.54673,0.54142,0.53731
1,3.1945e+05,-4.698,11.562,195,802.9,-4.6837,11.442,185.88,1083.4,0.34033,0.11571,0.027136,0.2575,0.109,0.020416,0.21158,0.10814,0.017344,253,252,252,199,200,200,167,166,166,228,231,235,123,128,134,117,123,135,0.54328,0.54051,0.53896
1,3.1955e+05,-4.698,11.642,195,800,-4.6678,11.499,153.45,559.43,0.31698,0.13554,0.032768,0.28554,0.12633,0.027264,0.25249,0.12399,0.024064,255,255,253,232,220,207,163,164,166,246,246,245,177,172,164,166,163,159,0.53699,0.53842,0.53886
1,3.258e+05,-4.698,15.358,195,802.9,-4.6657,15.223,0.1281,1119.3,0,0,0,0,0,0,0,0,0,218,222,227,150,149,151,192,191,186,255,255,255,244,233,213,176,171,169,0.54187,0.54005,0.53962
1,3.259e+05,-4.698,15.438,195,802.8,-4.6721,15.292,186.56,820.74,0.19529,0.11755,0.017216,0.18197,0.11205,0.015104,0.17597,0.10708,0.013824,221,224,225,147,154,159,190,186,182,255,255,255,172,172,170,129,138,149,0.54125,0.539,0.53746
1,3.26e+05,-4.698,15.518,195,802.9,-4.6445,15.339,184.91,485.03,0.23364,0.11421,0.020032,0.21313,0.10894,0.017536,0.19943,0.10542,0.01568,227,228,228,170,168,165,173,175,177,255,255,255,116,131,143,137,139,145,0.54053,0.53574,0.53574
1,3.261e+05,-4.698,15.599,195,802.9,-4.6784,15.455,185.9,728.29,0.20296,0.13054,0.0208,0.18726,0.12357,0.018048,0.17246,0.11948,0.01632,236,236,234,174,182,185,158,165,170,255,255,255,100,106,113,151,149,147,0.53537,0.53595,0.5364
1,3.262e+05,-4.698,15.679,195,802.9,-4.6742,15.527,186.3,960.01,0.32836,0.12044,0.029952,0.28912,0.11404,0.024384,0.25144,0.10766,0.020352,237,238,237,203,197,189,170,172,174,255,255,255,111,116,116,130,130,131,0.53245,0.53319,0.53476
1,3.263e+05,-4.698,15.759,195,802.8,-4.6699,15.588,186.12,1035.9,0.30369,0.11511,0.025472,0.24797,0.11042,0.02048,0.21168,0.10878,0.017344,237,238,236,206,200,188,176,176,174,255,255,255,116,118,118,111,115,120,0.54531,0.54191,0.54025
1,3.264e+05,-4.698,15.839,195,802.9,-4.6668,15.692,186.74,734.23,0.28998,0.12481,0.027136,0.25446,0.11902,0.023104,0.23993,0.11485,0.0208,230,230,231,178,177,181,167,168,170,255,255,255,115,119,124,96,101,111,0.54852,0.54732,0.54869
1,3.265e+05,-4.698,15.92,195,802.8,-4.6678,15.743,186.92,741.19,0.27038,0.11306,0.023296,0.22895,0.11007,0.019392,0.21083,0.10673,0.017408,213,225,233,150,168,182,158,162,168,255,255,255,123,128,135,103,110,123,0.56209,0.56101,0.55599
1,3.266e+05,-4.698,16,195,800,-4.6699,15.827,152.85,918.8,0.28959,0.12434,0.025856,0.24687,0.12008,0.022144,0.22379,0.11437,0.019584,240,237,236,187,184,187,166,166,166,255,255,255,182,168,159,170,161,154,0.46058,0.46773,0.47245
1,3.2962e+05,-4.605,16,195,802.9,-4.5946,15.784,0.69749,668.9,0,0,0,0,0,0,0,0,0,245,240,238,195,188,185,161,159,161,255,255,255,157,151,150,207,183,167,0.48892,0.48639,0.49206
1,3.2972e+05,-4.605,15.92,195,802.9,-4.5829,15.702,186.42,661.61,0.18739,0.11453,0.016256,0.16788,0.10968,0.0144,0.15793,0.10329,0.012672,239,236,236,172,173,179,167,164,167,255,255,255,120,125,132,115,121,131,0.56706,0.56703,0.56358
1,3.2982e+05,-4.605,15.839,195,802.9,-4.5978,15.643,187.82,742.83,0.20843,0.11535,0.017856,0.1926,0.10598,0.015552,0.17977,0.101,0.013632,242,238,235,177,178,180,173,173,172,255,255,255,120,120,122,102,108,116,0.54046,0.54511,0.54661
1,3.2992e+05,-4.605,15.759,195,802.9,-4.5596,15.552,184.95,1184.5,0.2699,0.13062,0.02656,0.24168,0.12034,0.02208,0.21951,0.11556,0.019136,238,238,238,205,199,192,187,184,179,255,255,255,116,118,120,120,119,120,0.53962,0.53894,0.53965
1,3.3002e+05,-4.605,15.679,195,802.9,-4.584,15.484,187.3,906.08,0.36586,0.12156,0.027136,0.24154,0.12035,0.022016,0.21585,0.11315,0.018944,238,239,239,205,201,195,186,182,178,255,255,255,121,121,120,131,132,132,0.52662,0.53242,0.53547
1,3.3012e+05,-4.605,15.599,195,802.8,-4.5766,15.422,185.28,705.95,0.24026,0.11617,0.020288,0.20499,0.11206,0.017472,0.18319,0.10565,0.015168,238,236,233,190,191,189,177,174,173,255,255,255,128,121,117,152,154,155,0.53632,0.5361,0.53628
1,3.3022e+05,-4.605,15.518,195,802.9,-4.5808,15.321,186.11,861.51,0.2907,0.13121,0.029504,0.2693,0.12289,0.0256,0.25263,0.11644,0.02272,219,219,223,180,165,161,173,176,178,255,255,255,124,130,140,156,154,157,0.53709,0.53834,0.53848
1,3.3032e+05,-4.605,15.438,195,802.9,-4.5798,15.261,185.88,546.81,0.3423,0.13801,0.035968,0.30452,0.13228,0.030656,0.28403,0.12568,0.027072,211,214,220,136,145,151,183,185,182,255,255,255,162,165,161,139,149,160,0.53978,0.53671,0.5383
1,3.3042e+05,-4.605,15.358,195,800,-4.5829,15.182,152.27,628.94,0.31405,0.13494,0.031232,0.26972,0.12821,0.025856,0.23492,0.12452,0.022144,219,222,226,128,135,143,188,188,186,255,255,255,240,226,204,183,177,175,0.53607,0.54067,0.54099
1,3.3667e+05,-4.605,11.642,195,802.9,-4.5936,11.469,0.57831,902.5,0,0,0,0,0,0,0,0,0,254,253,253,213,211,206,163,165,168,252,251,250,181,178,169,155,153,151,0.53701,0.53757,0.53878
1,3.3677e+05,-4.605,11.562,195,802.9,-4.566,11.379,186.22,526.14,0.19318,0.145,0.020032,0.18328,0.13645,0.0176,0.17751,0.12921,0.016128,248,250,251,191,191,194,169,170,170,247,243,241,126,131,135,112,117,129,0.53528,0.5375,0.53806
1,3.3687e+05,-4.605,11.482,195,802.9,-4.5787,11.332,185.09,824.78,0.25755,0.11598,0.022464,0.23996,0.11038,0.019392,0.20511,0.10689,0.01632,249,249,250,177,180,185,176,174,172,241,237,234,119,120,124,117,121,132,0.53795,0.53896,0.53759
1,3.3697e+05,-4.605,11.401,195,802.9,-4.5723,11.245,186.28,865.21,0.27657,0.13003,0.027136,0.25699,0.11829,0.022976,0.23626,0.11422,0.020672,248,248,249,182,181,184,176,174,173,217,214,214,129,126,122,167,165,169,0.53519,0.53529,0.53563
1,3.3707e+05,-4.605,11.321,195,802.9,-4.5893,11.189,186.35,646.02,0.36119,0.14201,0.030912,0.28323,0.11086,0.02336,0.26206,0.10319,0.020224,251,250,250,212,207,203,164,165,168,194,195,199,139,130,124,215,216,214,0.53507,0.53533,0.53563
1,3.3717e+05,-4.605,11.241,195,802.8,-4.567,11.084,187.15,1069.6,0.27086,0.1278,0.025984,0.23848,0.12245,0.021952,0.20755,0.11692,0.01888,253,252,251,223,217,210,165,163,167,194,196,201,120,123,126,235,233,230,0.53728,0.53925,0.53969
1,3.3727e+05,-4.605,11.161,195,802.9,-4.5713,11.012,186.53,675.53,0.29462,0.12054,0.025472,0.24023,0.11661,0.021376,0.21735,0.11167,0.018624,252,252,252,212,210,207,164,168,171,233,228,223,135,142,153,247,244,243,0.54557,0.54849,0.54927
1,3.3737e+05,-4.605,11.08,195,802.9,-4.5692,10.932,186.2,1155.8,0.30479,0.12671,0.029504,0.26388,0.12251,0.025216,0.24452,0.11733,0.02208,251,252,252,193,196,200,175,174,176,253,245,236,177,173,172,239,241,244,0.56803,0.56712,0.56573
1,3.3747e+05,-4.605,11,195,800,-4.5798,10.865,153.68,1184.8,0.34394,0.13126,0.03424,0.31583,0.12336,0.029248,0.29194,0.11587,0.025472,252,252,252,177,180,188,186,185,185,255,255,253,208,211,210,241,240,243,0.4638,0.47019,0.48085
1,3.4049e+05,-4.512,11,195,802.9,-4.4875,10.896,0.022166,972.12,0,0,0,0,0,0,0,0,0,254,254,254,205,200,199,200,194,187,253,252,250,215,211,200,253,252,250,0.46631,0.46666,0.4774
1,3.4059e+05,-4.512,11.08,195,802.9,-4.4832,10.979,185.66,708.94,0.16175,0.13929,0.016512,0.15231,0.12766,0.014592,0.14664,0.11434,0.012928,255,254,253,188,196,203,171,174,176,237,235,233,161,165,165,255,253,251,0.56862,0.56778,0.56323
1,3.4069e+05,-4.512,11.161,195,802.9,-4.4853,11.066,186.08,853.09,0.20734,0.14001,0.022656,0.19138,0.13215,0.01984,0.1758,0.12881,0.017792,254,253,253,211,208,206,167,168,171,218,219,221,126,138,150,255,254,251,0.54146,0.54814,0.54978
1,3.4079e+05,-4.512,11.241,195,802.9,-4.4917,11.147,186.41,797.33,0.27047,0.14057,0.02976,0.25437,0.13209,0.026304,0.2451,0.12133,0.023552,253,252,252,226,218,206,164,168,170,198,201,207,145,140,133,255,250,241,0.53909,0.54204,0.54155
1,3.4089e+05,-4.512,11.321,195,802.9,-4.4896,11.209,188.19,605.19,0.34417,0.12834,0.033152,0.31055,0.11624,0.027136,0.2709,0.11153,0.02272,252,251,251,203,202,198,173,174,173,203,205,207,150,144,132,244,235,226,0.53249,0.53288,0.5349
1,3.4099e+05,-4.512,11.401,195,802.8,-4.4906,11.284,186.3,835.88,0.36739,0.12003,0.032896,0.3233,0.11129,0.026432,0.28234,0.10657,0.022144,248,250,251,158,167,178,186,183,179,224,224,223,116,122,125,169,175,179,0.53479,0.53666,0.53673
1,3.4109e+05,-4.512,11.482,195,802.9,-4.5034,11.38,185.07,703,0.2738,0.1282,0.02528,0.24402,0.1198,0.020672,0.20886,0.11732,0.017856,250,250,250,170,172,178,181,179,177,243,244,242,112,113,118,125,129,137,0.53413,0.53814,0.53972
1,3.4119e+05,-4.512,11.562,195,802.9,-4.4928,11.441,187.08,751.79,0.28154,0.12628,0.027264,0.24977,0.12217,0.023424,0.23215,0.11324,0.020288,249,250,250,185,186,188,177,175,174,252,251,248,118,121,126,117,121,129,0.53227,0.5394,0.53989
1,3.4129e+05,-4.512,11.642,195,800,-4.4928,11.498,153.1,692.95,0.29877,0.13453,0.030848,0.26984,0.12957,0.026368,0.2544,0.12118,0.023168,253,252,251,223,214,203,168,169,170,255,255,254,162,162,161,135,139,143,0.53044,0.53551,0.53884
1,3.4754e+05,-4.512,15.358,195,802.9,-4.48,15.221,0.008924,911.95,0,0,0,0,0,0,0,0,0,237,234,230,132,138,142,179,184,183,255,255,255,183,188,187,160,166,174,0.54368,0.54124,0.54316
1,3.4764e+05,-4.512,15.438,195,802.8,-4.497,15.298,186.24,1011.7,0.19963,0.12667,0.019136,0.19327,0.11717,0.016832,0.18259,0.11158,0.014784,215,217,223,123,136,149,181,181,179,255,255,255,122,129,141,162,169,173,0.54527,0.53957,0.53918
1,3.4774e+05,-4.512,15.518,195,802.9,-4.4577,15.339,185,682.37,0.22556,0.11296,0.019136,0.20848,0.10688,0.016768,0.19057,0.10193,0.01472,211,219,224,159,159,162,173,173,177,255,255,255,104,111,126,202,188,176,0.52959,0.53653,0.53778
1,3.4784e+05,-4.512,15.599,195,802.9,-4.4991,15.465,186.28,979.93,0.26582,0.12632,0.025984,0.24454,0.12184,0.022784,0.2147,0.11535,0.018944,243,238,234,207,201,191,167,171,175,255,255,255,130,122,120,192,183,170,0.53877,0.53807,0.53672
1,3.4794e+05,-4.512,15.679,195,802.9,-4.4928,15.516,186.46,800.78,0.31941,0.11767,0.027008,0.26876,0.11023,0.020992,0.22916,0.10411,0.017408,243,241,239,202,194,188,185,185,183,255,255,255,122,126,126,130,132,136,0.53309,0.53419,0.53463
1,3.4804e+05,-4.512,15.759,195,802.8,-4.4885,15.593,187.66,744.47,0.29091,0.11985,0.025408,0.25593,0.11465,0.021888,0.22977,0.10897,0.018752,237,237,239,178,179,181,195,190,184,255,255,255,120,122,125,114,116,121,0.53653,0.53664,0.53728
1,3.4814e+05,-4.512,15.839,195,802.9,-4.4917,15.664,186.97,850.31,0.37176,0.12053,0.029056,0.27984,0.11523,0.02336,0.24409,0.11164,0.020288,233,235,237,165,169,173,178,176,175,255,255,255,123,122,123,108,111,120,0.5572,0.54849,0.54794
1,3.4824e+05,-4.512,15.92,195,802.8,-4.4938,15.761,187.84,1177.8,0.29685,0.11838,0.026624,0.27389,0.11275,0.022976,0.25583,0.10831,0.020736,236,236,238,184,177,175,160,164,169,255,255,255,118,123,130,119,125,138,0.559,0.56031,0.5572
1,3.4834e+05,-4.512,16,195,800,-4.4906,15.808,153.23,721.3,0.28367,0.12008,0.024704,0.24239,0.11732,0.020928,0.22251,0.10837,0.017792,243,240,240,198,190,184,164,161,162,255,255,255,160,147,143,195,182,176,0.45057,0.46283,0.47576
1,3.5136e+05,-4.419,16,195,802.9,-4.3973,15.774,0.43928,831.1,0,0,0,0,0,0,0,0,0,238,240,240,164,175,178,170,168,167,255,255,255,147,143,138,216,197,185,0.46326,0.46939,0.47942
1,3.5146e+05,-4.419,15.92,195,802.9,-4.4047,15.726,185.97,728.56,0.26771,0.11452,0.019328,0.2465,0.1048,0.016832,0.225,0.10279,0.01504,241,240,239,169,167,170,157,167,173,255,255,255,118,124,129,124,131,142,0.55738,0.55907,0.55804
1,3.5156e+05,-4.419,15.839,195,802.9,-4.3941,15.627,186.83,1055.6,0.22287,0.11615,0.019648,0.20763,0.10848,0.017088,0.18594,0.10416,0.014464,240,240,239,148,158,169,180,177,177,255,255,255,120,122,125,109,113,121,0.54891,0.547,0.54729
1,3.5166e+05,-4.419,15.759,195,802.9,-4.4047,15.559,185.86,710.34,0.22438,0.11311,0.0192,0.19562,0.1084,0.015936,0.16767,0.10556,0.013504,238,240,240,162,169,174,185,188,184,255,255,255,129,131,131,108,113,121,0.54046,0.53894,0.53886
1,3.5176e+05,-4.419,15.679,195,802.9,-4.4026,15.489,186.38,659.14,0.31373,0.11295,0.023744,0.20669,0.10759,0.016704,0.18492,0.10404,0.014336,239,241,241,178,183,183,186,184,182,255,255,255,136,137,132,122,129,138,0.53878,0.53475,0.5354
1,3.5186e+05,-4.419,15.599,195,802.8,-4.3994,15.406,187.29,858.43,0.25509,0.13821,0.024896,0.20905,0.13138,0.020672,0.19353,0.12026,0.017856,240,239,236,203,198,188,170,171,173,255,255,255,120,123,122,193,190,180,0.54374,0.5396,0.53799
1,3.5196e+05,-4.419,15.518,195,802.9,-4.393,15.326,186.04,543.47,0.26151,0.14563,0.029696,0.24139,0.13743,0.02592,0.22339,0.12903,0.022464,221,227,229,158,163,164,168,172,174,255,255,255,101,104,116,196,198,188,0.53596,0.53982,0.53997
1,3.5206e+05,-4.419,15.438,195,802.9,-4.4068,15.267,185.9,602.06,0.28209,0.13306,0.028672,0.25927,0.126,0.024896,0.23907,0.11736,0.021376,221,224,228,133,143,152,181,179,176,255,255,255,110,115,129,171,176,182,0.53951,0.53992,0.5404
1,3.5216e+05,-4.419,15.358,195,800,-4.4174,15.205,153.61,506.9,0.27794,0.14363,0.030976,0.25515,0.13303,0.026368,0.22925,0.13041,0.023488,235,232,232,144,143,143,176,182,181,255,255,255,182,180,177,156,162,175,0.54382,0.54373,0.54343
1,3.5841e+05,-4.419,11.642,195,802.9,-4.3973,11.462,-0.27246,999.23,0,0,0,0,0,0,0,0,0,249,250,250,203,203,198,168,169,171,255,254,254,133,142,149,130,137,145,0.53772,0.53996,0.53888
1,3.5851e+05,-4.419,11.562,195,802.9,-4.4005,11.412,185.8,558.86,0.16786,0.13046,0.016448,0.14807,0.1242,0.014016,0.13909,0.1187,0.0128,251,251,251,181,183,184,177,177,176,254,252,248,108,110,116,122,125,133,0.53471,0.54105,0.54076
1,3.5861e+05,-4.419,11.482,195,802.9,-4.4068,11.34,186.91,776.66,0.16057,0.11586,0.014592,0.14707,0.11263,0.01312,0.1401,0.10449,0.011584,253,252,251,170,173,177,177,180,179,250,246,242,104,105,110,135,138,143,0.5415,0.53988,0.53975
1,3.5871e+05,-4.419,11.401,195,802.9,-4.3856,11.249,186.3,877.32,0.25358,0.11613,0.021376,0.23279,0.11139,0.019008,0.22014,0.10342,0.016512,253,253,251,165,171,177,178,181,180,227,227,226,103,112,119,198,194,190,0.53714,0.53754,0.53767
1,3.5881e+05,-4.419,11.321,195,802.9,-4.4142,11.202,185.26,948.87,0.31412,0.11749,0.026368,0.26717,0.11137,0.021696,0.24484,0.10477,0.018624,254,253,251,193,191,191,177,176,176,206,208,208,149,139,127,250,245,235,0.532,0.5365,0.53742
1,3.5891e+05,-4.419,11.241,195,802.8,-4.4015,11.102,184.9,1165.6,0.29746,0.13399,0.030528,0.26789,0.12483,0.026048,0.24764,0.11942,0.022976,254,252,250,194,198,197,173,174,174,196,200,205,137,134,128,255,253,248,0.54445,0.54305,0.54264
1,3.5901e+05,-4.419,11.161,195,802.9,-4.3835,11.008,187.45,780.74,0.28368,0.13217,0.027776,0.24457,0.1283,0.024064,0.22079,0.1224,0.020928,247,250,251,193,199,204,167,171,175,207,211,216,109,123,139,255,255,255,0.54825,0.55067,0.55134
1,3.5911e+05,-4.419,11.08,195,802.9,-4.3888,10.936,185.54,939.27,0.24479,0.11966,0.022272,0.21031,0.11322,0.018304,0.18658,0.11011,0.016192,250,251,251,205,205,206,167,175,178,227,228,227,146,150,154,255,255,255,0.56499,0.56828,0.56676
1,3.5921e+05,-4.419,11,195,800,-4.3835,10.861,152.83,1165.8,0.28448,0.13295,0.029568,0.25295,0.12653,0.024896,0.22948,0.12243,0.02208,254,254,253,224,220,211,190,188,186,254,251,248,207,204,193,253,254,254,0.47258,0.47566,0.48819
1,3.6223e+05,-4.326,11,195,802.9,-4.2954,10.899,-0.50088,604.25,0,0,0,0,0,0,0,0,0,252,253,252,216,215,208,185,183,183,255,252,246,195,192,189,255,255,254,0.47615,0.48155,0.49687
1,3.6233e+05,-4.326,11.08,195,802.9,-4.2986,10.982,185.94,594.37,0.19441,0.12906,0.01856,0.18633,0.12189,0.01664,0.17404,0.11834,0.015232,251,251,251,211,207,204,174,177,178,231,226,223,128,136,149,255,255,255,0.56343,0.56626,0.5677
1,3.6243e+05,-4.326,11.161,195,802.9,-4.3007,11.069,186.05,868.93,0.28724,0.11353,0.020672,0.13546,0.11166,0.012032,0.12737,0.11002,0.011072,248,249,250,196,200,202,176,176,175,203,208,212,101,114,133,255,255,255,0.54852,0.5502,0.55015
1,3.6253e+05,-4.326,11.241,195,802.9,-4.3081,11.142,186.05,761.28,0.23426,0.11654,0.020928,0.2183,0.10931,0.017856,0.2037,0.1049,0.015744,253,250,249,191,194,195,176,174,173,195,198,203,124,124,124,255,254,249,0.53618,0.5404,0.54173
1,3.6263e+05,-4.326,11.321,195,802.9,-4.3081,11.223,187.62,754.21,0.29641,0.12611,0.028736,0.28023,0.11925,0.025088,0.26099,0.11292,0.02208,250,250,250,190,189,191,174,174,174,206,206,207,134,130,125,253,246,237,0.54176,0.53853,0.5366
1,3.6273e+05,-4.326,11.401,195,802.8,-4.3071,11.302,187.41,1103.6,0.32109,0.1284,0.02944,0.27085,0.1208,0.023296,0.22098,0.11992,0.019776,252,251,250,174,179,181,177,178,178,217,223,227,101,110,119,198,195,193,0.54243,0.53705,0.53719
1,3.6283e+05,-4.326,11.482,195,802.9,-4.305,11.362,187.1,677.15,0.34111,0.1293,0.03296,0.31846,0.11995,0.028928,0.29613,0.11186,0.024896,254,251,250,174,174,177,181,180,179,247,244,243,106,106,109,134,138,146,0.53569,0.53897,0.5387
1,3.6293e+05,-4.326,11.562,195,802.9,-4.3018,11.438,186.35,769.28,0.33287,0.13352,0.033472,0.29285,0.1228,0.028032,0.27019,0.12028,0.025344,253,251,250,174,177,181,178,178,176,252,250,248,108,109,113,122,127,137,0.5464,0.54375,0.54162
1,3.6303e+05,-4.326,11.642,195,800,-4.3028,11.516,153.88,549.25,0.33315,0.14102,0.036096,0.30359,0.13395,0.031488,0.27706,0.12854,0.027584,249,250,250,195,194,192,167,169,172,254,253,253,131,137,142,140,146,152,0.54389,0.54262,0.54246
1,3.6928e+05,-4.326,15.358,195,802.9,-4.306,15.223,0.40286,732.82,0,0,0,0,0,0,0,0,0,229,230,231,147,144,143,184,182,181,255,255,255,194,186,180,163,168,178,0.54282,0.54328,0.54419
1,3.6938e+05,-4.326,15.438,195,802.8,-4.3156,15.297,185.15,838.93,0.373,0.10392,0.022272,0.29422,0.10112,0.018496,0.27639,0.097101,0.016512,224,227,228,136,148,152,175,177,176,255,255,255,105,115,130,170,179,184,0.53682,0.5387,0.54063
1,3.6948e+05,-4.326,15.518,195,802.9,-4.3028,15.372,186.08,906.67,0.20805,0.11872,0.019008,0.19633,0.11422,0.017088,0.18307,0.10828,0.015104,235,229,229,175,164,162,168,169,173,255,255,255,101,103,115,211,198,190,0.54208,0.54077,0.54039
1,3.6958e+05,-4.326,15.599,195,802.9,-4.3007,15.433,187.5,1380.5,0.24735,0.11793,0.022464,0.22274,0.11047,0.01888,0.20132,0.10581,0.016192,241,240,236,199,192,183,167,170,172,255,255,255,134,126,121,190,187,181,0.53541,0.53752,0.5385
1,3.6968e+05,-4.326,15.679,195,802.9,-4.2975,15.525,186.21,930.03,0.27668,0.12765,0.0272,0.25121,0.11968,0.02304,0.22492,0.11639,0.02016,243,241,241,180,180,182,188,184,180,255,255,255,154,142,131,124,130,140,0.5364,0.53744,0.53717
1,3.6978e+05,-4.326,15.759,195,802.8,-4.2986,15.612,185.82,774.96,0.23938,0.13048,0.024,0.21863,0.12279,0.020864,0.20717,0.11743,0.018624,244,240,241,177,172,175,189,187,183,255,255,255,135,134,131,112,114,123,0.54398,0.54173,0.54142
1,3.6988e+05,-4.326,15.839,195,802.9,-4.3145,15.681,185.78,976.95,0.28435,0.11581,0.024192,0.25477,0.11129,0.020352,0.22953,0.10634,0.017152,241,242,241,152,162,171,180,178,177,255,255,255,120,122,125,111,114,122,0.54981,0.54748,0.54784
1,3.6998e+05,-4.326,15.92,195,802.8,-4.3188,15.771,186.86,984.13,0.2714,0.11399,0.023488,0.24062,0.11036,0.020032,0.22575,0.10417,0.0176,248,243,240,173,167,171,168,169,174,255,255,255,123,123,127,130,133,144,0.56777,0.56554,0.56448
1,3.7008e+05,-4.326,16,195,800,-4.2954,15.799,153.88,827.73,0.273,0.12956,0.02464,0.21644,0.12344,0.020096,0.19022,0.12032,0.017856,243,240,239,178,175,177,178,169,168,255,255,255,149,138,133,226,203,190,0.50405,0.49163,0.49386
1,3.731e+05,-4.233,16,195,802.9,-4.2201,15.77,0.28038,847.29,0,0,0,0,0,0,0,0,0,229,240,241,182,188,186,169,171,171,255,255,255,118,123,127,235,210,192,0.46776,0.48024,0.48978
1,3.732e+05,-4.233,15.92,195,802.9,-4.2158,15.699,186.62,988.37,0.16806,0.12637,0.016832,0.16239,0.11793,0.014848,0.1544,0.11384,0.013824,241,246,244,180,184,182,169,173,175,255,255,255,118,122,125,122,130,145,0.56377,0.56483,0.56314
1,3.733e+05,-4.233,15.839,195,802.9,-4.2211,15.645,186.46,652.01,0.23364,0.13663,0.02432,0.22599,0.1247,0.021696,0.22153,0.11712,0.019648,248,245,245,179,182,182,183,179,177,255,255,255,131,125,123,107,113,125,0.5544,0.5526,0.55067
1,3.734e+05,-4.233,15.759,195,802.9,-4.1999,15.536,187.76,634.74,0.25018,0.12439,0.023424,0.20979,0.12191,0.0192,0.18263,0.11672,0.016192,236,243,244,190,188,184,184,183,181,255,255,255,124,126,125,116,124,133,0.53951,0.54157,0.54257
1,3.735e+05,-4.233,15.679,195,802.9,-4.2127,15.485,185.45,768.08,0.24337,0.11967,0.0208,0.18216,0.11939,0.01696,0.16863,0.11481,0.015104,244,245,243,188,189,186,179,178,177,255,255,255,124,126,123,142,146,151,0.53573,0.53395,0.53572
1,3.736e+05,-4.233,15.599,195,802.8,-4.2042,15.389,187.89,1137.9,0.24695,0.13593,0.025984,0.21706,0.13176,0.022464,0.19727,0.12355,0.019072,241,239,236,175,176,177,159,163,170,255,255,255,113,113,113,197,196,192,0.53055,0.53689,0.53739
1,3.737e+05,-4.233,15.518,195,802.9,-4.2137,15.342,188.04,525.53,0.24363,0.13912,0.026112,0.21688,0.13296,0.022464,0.19926,0.12772,0.019776,211,222,229,145,150,157,170,171,173,255,255,255,98,104,117,209,203,200,0.53589,0.53776,0.53933
1,3.738e+05,-4.233,15.438,195,802.9,-4.218,15.24,187.28,717.44,0.3143,0.14657,0.035456,0.28988,0.1351,0.029952,0.27159,0.12904,0.026304,215,222,228,135,143,151,180,181,179,255,255,255,114,123,139,180,190,196,0.53809,0.53979,0.54147
1,3.739e+05,-4.233,15.358,195,800,-4.201,15.17,152.75,965.09,0.38478,0.12654,0.03616,0.34027,0.11672,0.028736,0.26893,0.10979,0.021568,241,236,234,144,146,147,190,186,183,255,255,255,228,209,192,186,186,192,0.55073,0.54357,0.54382
1,3.8015e+05,-4.233,11.642,195,802.9,-4.2031,11.467,-0.060594,929.12,0,0,0,0,0,0,0,0,0,252,252,250,185,185,185,171,170,170,248,251,252,126,130,136,165,167,167,0.54414,0.54463,0.54373
1,3.8025e+05,-4.233,11.562,195,802.9,-4.2158,11.398,187.44,1041.6,0.20362,0.12364,0.017408,0.1833,0.11639,0.014656,0.16573,0.107,0.012672,242,246,248,153,163,174,177,176,173,249,249,249,109,112,114,129,134,145,0.53999,0.53968,0.54096
1,3.8035e+05,-4.233,11.482,195,802.9,-4.2116,11.317,186.78,1070.4,0.31292,0.11759,0.023232,0.2855,0.1118,0.019392,0.17977,0.11304,0.015488,236,244,247,165,170,173,178,178,175,249,247,244,107,109,112,135,142,153,0.54365,0.54025,0.53958
1,3.8045e+05,-4.233,11.401,195,802.9,-4.2275,11.27,187.1,722.1,0.29446,0.11431,0.024448,0.24084,0.10926,0.019328,0.2022,0.10684,0.015872,245,246,247,198,192,186,175,175,174,229,230,231,118,122,122,189,196,198,0.53618,0.53775,0.5372
1,3.8055e+05,-4.233,11.321,195,802.9,-4.1946,11.155,187.54,880.16,0.23562,0.12031,0.02176,0.20791,0.11633,0.018368,0.18757,0.11269,0.016128,246,247,248,195,200,199,161,166,170,206,207,209,143,136,124,252,248,240,0.54075,0.53671,0.53658
1,3.8065e+05,-4.233,11.241,195,802.8,-4.1925,11.084,185.65,836.41,0.23838,0.12848,0.024,0.22221,0.12181,0.021184,0.21051,0.11644,0.019008,242,246,248,199,204,202,161,166,169,191,196,201,121,123,122,255,254,251,0.5413,0.53938,0.54116
1,3.8075e+05,-4.233,11.161,195,802.9,-4.2042,11.023,186.49,616.56,0.26173,0.15347,0.029888,0.23375,0.14172,0.024832,0.20478,0.13783,0.021056,247,249,250,202,203,203,172,174,172,186,198,207,103,113,129,255,255,255,0.54436,0.5484,0.55086
1,3.8085e+05,-4.233,11.08,195,802.9,-4.2148,10.95,185.69,634.41,0.28521,0.13734,0.029952,0.26318,0.12941,0.025984,0.24195,0.12335,0.022976,249,251,251,195,199,201,175,177,175,211,216,219,127,137,148,255,255,255,0.5732,0.57066,0.56831
1,3.8095e+05,-4.233,11,195,800,-4.2127,10.878,153.57,764.12,0.23433,0.1379,0.025344,0.2243,0.12971,0.022912,0.21593,0.12559,0.021312,251,252,251,180,190,196,178,181,180,249,247,244,208,200,193,255,255,254,0.47112,0.48232,0.49366
1,3.8397e+05,-4.14,11,195,802.9,-4.1522,10.951,0.191,914.93,0,0,0,0,0,0,0,0,0,249,250,249,185,183,185,182,180,179,252,248,243,245,230,212,252,253,254,0.47326,0.48436,0.4966
1,3.8407e+05,-4.14,11.08,195,802.9,-4.1161,10.996,185.42,742.28,0.23893,0.12385,0.022528,0.23481,0.1168,0.02048,0.22852,0.1083,0.018496,252,251,250,200,198,197,169,169,171,217,217,219,156,158,161,255,254,254,0.56275,0.56517,0.56761
1,3.8417e+05,-4.14,11.161,195,802.9,-4.1129,11.059,186.42,726.9,0.18495,0.12163,0.017536,0.17374,0.11667,0.01568,0.16608,0.10637,0.013888,250,251,250,217,210,204,160,163,167,195,199,207,115,123,137,255,255,255,0.5529,0.55135,0.5519
1,3.8427e+05,-4.14,11.241,195,802.9,-4.1097,11.123,184.91,518.74,0.25841,0.13011,0.02368,0.20695,0.12153,0.019264,0.17603,0.11813,0.016256,253,252,250,220,218,213,158,162,166,194,199,206,117,120,123,255,254,251,0.53769,0.53828,0.54041
1,3.8437e+05,-4.14,11.321,195,802.9,-4.1108,11.202,186.81,657.06,0.34159,0.12231,0.029248,0.26483,0.11458,0.022272,0.19512,0.11315,0.017024,252,251,250,218,213,209,169,168,167,219,217,216,143,134,125,254,249,240,0.53916,0.53612,0.53606
1,3.8447e+05,-4.14,11.401,195,802.8,-4.1267,11.306,186.11,914.51,0.30593,0.12505,0.027712,0.29377,0.11493,0.02368,0.27194,0.11052,0.020032,247,247,248,182,187,190,170,172,172,248,245,240,126,126,125,208,205,202,0.53748,0.5354,0.53692
1,3.8457e+05,-4.14,11.482,195,802.9,-4.1246,11.375,186.21,1137.5,0.23856,0.12626,0.022848,0.22074,0.11726,0.019904,0.2061,0.11267,0.017664,245,245,246,155,164,174,171,171,172,253,252,250,112,113,117,156,156,160,0.53785,0.5383,0.53928
1,3.8467e+05,-4.14,11.562,195,802.9,-4.1331,11.445,185.99,792.42,0.30152,0.12776,0.029184,0.27034,0.12122,0.025344,0.25069,0.11354,0.02208,248,246,247,157,165,176,169,169,172,252,252,252,119,118,119,143,146,155,0.53938,0.54137,0.54151
1,3.8477e+05,-4.14,11.642,195,800,-4.1161,11.505,152.77,557.25,0.31726,0.13609,0.032576,0.27396,0.13181,0.027776,0.25445,0.1218,0.024128,252,252,250,192,191,190,160,166,172,255,254,253,125,131,138,173,177,177,0.54648,0.54571,0.54447
1,3.9102e+05,-4.14,15.358,195,802.9,-4.1066,15.199,-0.6664,647.97,0,0,0,0,0,0,0,0,0,245,241,235,170,161,155,188,188,184,255,255,255,249,226,198,196,202,210,0.55222,0.54775,0.54628
1,3.9112e+05,-4.14,15.438,195,802.8,-4.1235,15.299,185.51,887.07,0.22053,0.11539,0.017472,0.19754,0.10763,0.014656,0.17881,0.10111,0.012864,222,224,227,134,143,150,188,186,180,255,255,255,125,139,146,210,213,214,0.53887,0.54181,0.54281
1,3.9122e+05,-4.14,15.518,195,802.9,-4.1214,15.366,185.55,1173.8,0.20487,0.11833,0.01856,0.17589,0.11499,0.015744,0.16992,0.10823,0.014144,216,222,227,136,144,154,174,175,175,255,255,255,98,106,120,240,229,220,0.54681,0.54268,0.5412
1,3.9132e+05,-4.14,15.599,195,802.9,-4.1257,15.446,186.5,1014,0.25037,0.13267,0.025408,0.22904,0.12423,0.02176,0.21352,0.12125,0.019904,231,235,234,179,176,175,156,165,172,255,255,255,89,97,103,219,220,213,0.53969,0.5379,0.53806
1,3.9142e+05,-4.14,15.679,195,802.9,-4.1002,15.498,186.01,883.99,0.38542,0.12201,0.026304,0.17477,0.12385,0.016512,0.16133,0.11808,0.015104,245,244,242,200,197,189,182,180,179,255,255,255,101,105,111,177,173,171,0.53359,0.53721,0.53871
1,3.9152e+05,-4.14,15.759,195,802.8,-4.1161,15.582,187.6,936.21,0.28547,0.1375,0.030144,0.26023,0.1302,0.026176,0.24479,0.12231,0.023168,242,245,244,195,194,189,183,183,183,255,255,255,106,113,116,145,146,148,0.54736,0.54317,0.54178
1,3.9162e+05,-4.14,15.839,195,802.9,-4.1172,15.67,183.9,927.05,0.47514,0.11481,0.037888,0.41351,0.10306,0.027456,0.19318,0.10799,0.016,253,248,244,180,186,189,185,181,179,255,255,255,122,123,122,113,115,126,0.54766,0.5478,0.54779
1,3.9172e+05,-4.14,15.92,195,802.8,-4.1172,15.736,185.79,636.62,0.27805,0.12258,0.026112,0.25872,0.11914,0.023616,0.24121,0.10951,0.020416,247,247,243,178,191,189,171,174,177,255,255,255,119,123,125,115,123,139,0.56493,0.56215,0.56162
1,3.9182e+05,-4.14,16,195,800,-4.1204,15.829,153.75,946.74,0.29886,0.11937,0.026624,0.27399,0.11355,0.02272,0.24934,0.10851,0.019584,239,243,240,199,200,194,165,170,172,255,255,255,127,129,128,208,188,176,0.51147,0.51037,0.50221
1,3.9484e+05,-4.047,16,195,802.9,-4.0344,15.78,0.40948,718.94,0,0,0,0,0,0,0,0,0,237,232,238,188,185,186,178,168,171,255,255,255,152,137,132,163,152,153,0.47187,0.48187,0.48839
1,3.9494e+05,-4.047,15.92,195,802.9,-4.0334,15.708,185.05,641.88,0.2492,0.11508,0.018048,0.2066,0.11298,0.01568,0.18087,0.10855,0.013504,241,237,241,200,183,184,184,175,176,255,255,255,119,120,124,111,115,129,0.55828,0.5614,0.55957
1,3.9504e+05,-4.047,15.839,195,802.9,-4.0334,15.619,185.59,1199,0.20843,0.10856,0.01728,0.18355,0.10655,0.014848,0.16297,0.10256,0.012992,241,243,243,174,182,185,184,183,178,255,255,255,125,121,119,105,114,123,0.54716,0.54779,0.5479
1,3.9514e+05,-4.047,15.759,195,802.9,-4.0387,15.56,186.01,677.74,0.26614,0.12859,0.026496,0.24679,0.12122,0.023104,0.21906,0.1156,0.019776,244,242,242,192,189,191,193,188,182,255,255,255,121,115,114,154,153,155,0.53723,0.54124,0.53928
1,3.9524e+05,-4.047,15.679,195,802.9,-4.0355,15.487,187.22,526.15,0.25637,0.1208,0.0224,0.22197,0.11612,0.0192,0.20157,0.11196,0.016896,238,239,240,197,194,193,193,186,179,255,255,255,104,107,112,187,186,182,0.53833,0.5345,0.53644
1,3.9534e+05,-4.047,15.599,195,802.8,-4.0302,15.397,185.35,564.83,0.27443,0.14325,0.030592,0.23795,0.13544,0.025344,0.21435,0.1301,0.021952,236,233,233,182,185,185,176,176,175,255,255,255,110,105,104,253,242,229,0.52782,0.5379,0.53888
1,3.9544e+05,-4.047,15.518,195,802.9,-4.0238,15.322,186.41,906.74,0.29353,0.13444,0.030592,0.26485,0.12959,0.026432,0.2456,0.12118,0.023104,230,228,229,164,161,166,178,174,177,255,255,255,98,107,119,253,251,241,0.53841,0.5396,0.53987
1,3.9554e+05,-4.047,15.438,195,802.9,-4.0302,15.244,185.68,1090.8,0.30155,0.13844,0.032384,0.27643,0.12892,0.027904,0.2516,0.12244,0.024128,221,226,230,139,153,160,174,181,181,255,255,255,116,129,140,248,239,235,0.54782,0.5458,0.544
1,3.9564e+05,-4.047,15.358,195,800,-4.0514,15.211,153.67,773.36,0.2749,0.13355,0.028224,0.24506,0.12796,0.024448,0.22066,0.12334,0.021184,230,233,236,157,163,162,186,185,182,255,255,255,200,197,186,208,219,228,0.54395,0.54208,0.54521
1,4.0189e+05,-4.047,11.642,195,802.9,-4.0249,11.467,0.05527,839.85,0,0,0,0,0,0,0,0,0,254,252,250,210,207,199,186,179,173,255,255,255,141,141,146,185,182,175,0.54206,0.54361,0.54433
1,4.0199e+05,-4.047,11.562,195,802.9,-4.0196,11.39,185.55,745.41,0.20491,0.11821,0.016512,0.19295,0.10873,0.014208,0.17629,0.10478,0.012416,242,247,250,190,183,185,179,173,171,255,255,254,128,127,127,146,149,159,0.53645,0.53948,0.54181
1,4.0209e+05,-4.047,11.482,195,802.9,-4.0334,11.326,187.89,833.41,0.1973,0.12424,0.018496,0.18602,0.11301,0.016,0.17474,0.11123,0.014656,250,248,249,177,175,181,176,171,171,254,254,252,119,120,124,161,158,164,0.53194,0.54114,0.53972
1,4.0219e+05,-4.047,11.401,195,802.9,-4.0397,11.251,184.35,744.66,0.26761,0.11882,0.02176,0.23273,0.11496,0.01792,0.19966,0.1137,0.01504,254,252,250,186,191,196,176,174,173,253,247,242,115,119,125,198,202,205,0.5401,0.53585,0.5366
1,4.0229e+05,-4.047,11.321,195,802.9,-4.0047,11.156,187.97,554.48,0.29252,0.11689,0.024768,0.25612,0.11187,0.020672,0.23106,0.10302,0.017088,254,253,252,239,227,218,173,172,171,224,220,219,136,126,123,254,247,240,0.5345,0.53503,0.53554
1,4.0239e+05,-4.047,11.241,195,802.8,-4.0387,11.09,186.34,1010.9,0.27953,0.11827,0.02496,0.26041,0.11222,0.020736,0.1988,0.11163,0.016704,255,254,253,234,229,221,165,167,170,204,204,210,120,119,122,255,255,251,0.54009,0.54181,0.54169
1,4.0249e+05,-4.047,11.161,195,802.9,-4.0206,11.007,186.54,797.3,0.28671,0.12338,0.026432,0.25257,0.11399,0.021696,0.22036,0.10964,0.01856,251,252,251,198,201,204,170,170,171,207,207,213,120,132,147,255,255,254,0.55297,0.55308,0.55267
1,4.0259e+05,-4.047,11.08,195,802.9,-4.045,10.949,186.63,887.34,0.29665,0.12866,0.029184,0.26854,0.12391,0.025792,0.24656,0.11682,0.022144,247,249,249,181,187,194,171,174,175,229,226,224,165,170,174,255,254,253,0.56693,0.56628,0.56825
1,4.0269e+05,-4.047,11,195,800,-4.0408,10.886,153.29,504.14,0.31233,0.13831,0.0336,0.28768,0.1302,0.029376,0.26591,0.12338,0.0256,245,245,246,182,183,183,190,184,182,254,252,247,248,241,228,253,251,252,0.49193,0.50483,0.50599
1,4.0571e+05,-3.954,11,195,802.9,-3.9495,10.925,0.25389,992.32,0,0,0,0,0,0,0,0,0,243,243,242,188,179,175,188,187,185,255,254,250,253,245,228,248,250,252,0.50136,0.51047,0.51235
1,4.0581e+05,-3.954,11.08,195,802.9,-3.9379,10.989,187.18,664.93,0.22707,0.10822,0.016576,0.16057,0.10343,0.012352,0.13896,0.10054,0.010752,247,247,246,168,177,187,183,181,178,239,233,230,176,174,174,254,254,254,0.56872,0.56844,0.56922
1,4.0591e+05,-3.954,11.161,195,802.9,-3.9336,11.055,186.78,508.15,0.20936,0.12533,0.01984,0.18365,0.1193,0.016768,0.16617,0.1102,0.014464,254,251,249,194,197,199,179,178,174,210,214,218,123,136,146,255,255,254,0.54476,0.54885,0.55086
1,4.0601e+05,-3.954,11.241,195,802.9,-3.9379,11.141,186.49,727.75,0.26642,0.1389,0.028672,0.24403,0.13142,0.024768,0.22007,0.12583,0.021696,254,253,252,247,235,221,166,169,170,198,203,210,115,117,118,255,255,251,0.54001,0.54199,0.54154
1,4.0611e+05,-3.954,11.321,195,802.9,-3.9442,11.228,186.7,853.61,0.35304,0.1177,0.028288,0.27645,0.11542,0.022592,0.24247,0.10717,0.018624,251,252,253,239,232,222,167,170,171,218,216,216,122,124,122,253,249,240,0.53665,0.53952,0.5381
1,4.0621e+05,-3.954,11.401,195,802.8,-3.9304,11.303,186.25,883.41,0.34306,0.13137,0.031808,0.29301,0.12608,0.025984,0.25677,0.11511,0.021632,251,252,253,201,206,210,182,176,172,241,240,238,141,136,129,208,206,204,0.53449,0.53604,0.53625
1,4.0631e+05,-3.954,11.482,195,802.9,-3.9485,11.356,186.85,736.2,0.2839,0.12545,0.026944,0.26449,0.11766,0.023168,0.24059,0.10866,0.019456,252,253,252,187,192,199,164,167,171,253,252,251,133,132,132,156,157,163,0.53839,0.54081,0.53944
1,4.0641e+05,-3.954,11.562,195,802.9,-3.9442,11.441,185.96,866.46,0.31128,0.12017,0.027008,0.2858,0.11227,0.023424,0.27471,0.10721,0.020672,254,253,252,183,192,201,164,168,172,255,255,254,135,134,134,138,145,156,0.54015,0.53994,0.54176
1,4.0651e+05,-3.954,11.642,195,800,-3.9389,11.514,154.44,1235.2,0.29631,0.12655,0.027968,0.2685,0.11901,0.023616,0.24197,0.11079,0.020096,254,253,252,218,213,207,180,176,174,255,255,255,151,149,150,168,167,165,0.53475,0.53813,0.53914
1,4.1276e+05,-3.954,15.358,195,802.9,-3.9389,15.226,0.081753,713.91,0,0,0,0,0,0,0,0,0,242,238,237,161,167,172,187,186,181,255,255,255,196,183,174,228,236,238,0.55197,0.54903,0.54844
1,4.1286e+05,-3.954,15.438,195,802.8,-3.9336,15.296,185.64,772.36,0.1634,0.11813,0.01504,0.15218,0.11174,0.01312,0.14069,0.10882,0.01184,234,233,234,161,168,174,176,180,180,255,255,255,108,118,134,255,253,247,0.54075,0.54266,0.54316
1,4.1296e+05,-3.954,15.518,195,802.9,-3.941,15.373,185.38,792.25,0.2,0.1218,0.018432,0.19072,0.11089,0.01632,0.18035,0.10852,0.01504,233,233,234,189,181,181,174,174,177,255,255,255,96,103,117,255,255,251,0.54224,0.54166,0.54132
1,4.1306e+05,-3.954,15.599,195,802.9,-3.9262,15.418,186.5,607.49,0.22054,0.12732,0.020416,0.20689,0.11154,0.017024,0.18452,0.1086,0.01504,236,237,237,213,207,200,171,172,173,255,255,255,126,120,116,254,244,231,0.53919,0.53909,0.53841
1,4.1316e+05,-3.954,15.679,195,802.9,-3.9219,15.513,188.04,1113.1,0.2427,0.12324,0.02176,0.2268,0.11428,0.018624,0.21023,0.11081,0.016128,239,241,243,204,202,200,168,171,175,255,255,255,128,127,123,175,178,180,0.53681,0.53698,0.53667
1,4.1326e+05,-3.954,15.759,195,802.8,-3.9506,15.599,185.95,806.38,0.25718,0.12606,0.02208,0.19503,0.12039,0.016832,0.15873,0.11947,0.014784,246,244,243,200,195,194,172,174,178,255,255,255,121,121,122,136,142,151,0.54124,0.54208,0.54137
1,4.1336e+05,-3.954,15.839,195,802.9,-3.9273,15.664,186.24,876.74,0.24807,0.13319,0.025664,0.23816,0.12489,0.02304,0.2221,0.11912,0.0208,244,243,243,183,186,186,182,181,179,255,255,255,113,116,119,105,111,121,0.54623,0.54979,0.54939
1,4.1346e+05,-3.954,15.92,195,802.8,-3.9347,15.78,186.35,799.03,0.34356,0.13082,0.031936,0.32273,0.12324,0.027456,0.28799,0.11733,0.02368,249,242,242,187,181,185,185,178,178,255,255,255,116,119,123,113,115,132,0.56792,0.564,0.56233
1,4.1356e+05,-3.954,16,195,800,-3.9326,15.818,153.43,876.58,0.2858,0.1386,0.030592,0.26996,0.12932,0.027072,0.25373,0.12572,0.024448,247,241,242,178,175,185,178,170,173,255,255,255,145,134,132,173,163,163,0.55012,0.53667,0.51443
1,4.1658e+05,-3.861,16,195,802.9,-3.8583,15.783,-0.3817,800.92,0,0,0,0,0,0,0,0,0,255,253,248,208,204,199,166,171,173,255,255,255,130,131,131,247,207,186,0.49787,0.49853,0.50099
1,4.1668e+05,-3.861,15.92,195,802.9,-3.8381,15.7,186.38,603.64,0.1594,0.11361,0.014016,0.14373,0.10838,0.012224,0.1375,0.10128,0.010816,239,246,246,197,194,193,188,184,178,255,255,255,125,120,120,116,123,141,0.55572,0.55984,0.56015
1,4.1678e+05,-3.861,15.839,195,802.9,-3.8509,15.63,187.15,1221.4,0.20904,0.12547,0.020544,0.19639,0.12076,0.01856,0.1843,0.11558,0.016448,244,244,245,182,188,192,190,185,179,255,255,255,115,115,117,110,113,122,0.54972,0.5479,0.54633
1,4.1688e+05,-3.861,15.759,195,802.9,-3.8487,15.545,184.75,1035.5,0.27962,0.13039,0.027968,0.25221,0.12103,0.023552,0.21786,0.11805,0.019904,243,245,244,184,191,199,172,172,173,255,255,255,119,123,123,127,133,144,0.54831,0.54173,0.54116
1,4.1698e+05,-3.861,15.679,195,802.9,-3.8445,15.485,186.95,588.28,0.29677,0.11973,0.027392,0.26939,0.11235,0.023168,0.24263,0.10451,0.019456,249,247,243,202,207,207,165,167,170,255,255,255,143,135,123,158,165,171,0.53286,0.53606,0.53696
1,4.1708e+05,-3.861,15.599,195,802.8,-3.8519,15.397,185.81,944.79,0.28715,0.13455,0.028608,0.25454,0.12606,0.024128,0.21738,0.12508,0.020672,249,243,238,237,224,208,171,171,170,255,255,255,124,120,115,242,235,225,0.54002,0.53776,0.53701
1,4.1718e+05,-3.861,15.518,195,802.9,-3.8551,15.318,186.64,1054.3,0.26071,0.1407,0.02848,0.24207,0.13103,0.024576,0.22803,0.12219,0.021824,230,233,236,181,186,193,170,175,177,255,255,255,99,100,112,255,255,250,0.53998,0.54036,0.54109
1,4.1728e+05,-3.861,15.438,195,802.9,-3.8434,15.253,186.03,1122.1,0.33113,0.13467,0.034176,0.30006,0.1265,0.029312,0.27492,0.11896,0.025088,235,236,237,169,178,188,175,178,179,255,255,255,108,119,132,255,253,247,0.53578,0.5399,0.54233
1,4.1738e+05,-3.861,15.358,195,800,-3.8434,15.182,153.13,870.52,0.32189,0.13582,0.033728,0.2931,0.12722,0.028672,0.2716,0.12166,0.025536,247,244,241,214,198,189,183,183,180,255,255,255,224,197,177,240,236,234,0.54678,0.54834,0.54794
1,4.2363e+05,-3.861,11.642,195,802.9,-3.8477,11.469,0.17775,757.38,0,0,0,0,0,0,0,0,0,251,253,253,220,219,213,168,167,168,255,255,255,135,141,149,153,150,153,0.54461,0.54654,0.54481
1,4.2373e+05,-3.861,11.562,195,802.9,-3.8498,11.4,185.9,628.05,0.23566,0.12074,0.020032,0.2115,0.1115,0.016512,0.1521,0.11244,0.01312,254,253,253,213,213,212,163,166,168,255,255,254,119,126,134,138,142,149,0.55269,0.54736,0.54538
1,4.2383e+05,-3.861,11.482,195,802.9,-3.8477,11.33,184.43,487.39,0.19493,0.12374,0.018624,0.18394,0.11839,0.016832,0.1741,0.10904,0.014784,255,253,252,231,222,212,166,168,170,255,253,250,128,131,135,148,152,158,0.54178,0.54233,0.54249
1,4.2393e+05,-3.861,11.401,195,802.9,-3.8456,11.266,185.91,800.61,0.25488,0.14589,0.027136,0.24481,0.13458,0.02432,0.22653,0.12657,0.021376,255,253,252,228,225,219,172,174,172,230,235,236,141,141,133,197,201,202,0.53533,0.53837,0.53853
1,4.2403e+05,-3.861,11.321,195,802.9,-3.8413,11.174,185.89,868.79,0.32623,0.11367,0.027456,0.26021,0.11189,0.02208,0.23841,0.10531,0.018688,253,253,251,205,215,219,163,166,170,206,210,214,104,111,117,255,248,240,0.53228,0.5349,0.53688
1,4.2413e+05,-3.861,11.241,195,802.9,-3.8572,11.115,186.88,643.34,0.37968,0.11466,0.029696,0.32245,0.10641,0.023296,0.26802,0.10378,0.018816,255,252,250,217,219,215,161,164,168,197,202,209,95,100,110,255,255,251,0.54483,0.54232,0.54259
1,4.2423e+05,-3.861,11.161,195,802.9,-3.8498,11.031,186.2,676.01,0.35083,0.12172,0.03104,0.29924,0.11351,0.023936,0.25099,0.10773,0.01952,241,244,246,197,198,197,164,171,173,212,218,220,107,120,138,255,255,255,0.54927,0.55296,0.55285
1,4.2433e+05,-3.861,11.08,195,802.9,-3.8625,10.975,185.28,749.43,0.26351,0.12447,0.024192,0.23121,0.11883,0.020544,0.20883,0.11267,0.01792,236,240,244,163,175,187,181,178,178,240,236,232,146,160,168,255,255,254,0.56287,0.56596,0.5685
1,4.2443e+05,-3.861,11,195,800,-3.8466,10.878,152.04,1077.7,0.31125,0.13865,0.02848,0.19739,0.13914,0.021504,0.18648,0.13494,0.019776,235,238,241,163,166,174,180,184,185,255,255,252,251,239,226,255,254,253,0.54903,0.53936,0.52375
1,4.2745e+05,-3.768,11,195,802.9,-3.7607,10.927,0.6379,940.81,0,0,0,0,0,0,0,0,0,246,245,245,183,184,185,193,190,186,255,255,252,246,234,214,255,255,255,0.47532,0.50196,0.51167
1,4.2755e+05,-3.768,11.08,195,802.9,-3.7596,11.011,185.74,861.08,0.15621,0.12331,0.014848,0.14481,0.11647,0.013312,0.12947,0.11351,0.011648,245,246,246,198,195,194,176,177,176,240,234,231,159,157,156,255,255,255,0.5701,0.57011,0.57049
1,4.2765e+05,-3.768,11.161,195,802.9,-3.749,11.056,187.35,830.23,0.18096,0.12899,0.018304,0.16703,0.12037,0.015872,0.15389,0.11666,0.014272,247,245,246,201,200,199,168,169,171,209,215,220,103,113,126,255,255,255,0.55214,0.55191,0.55244
1,4.2775e+05,-3.768,11.241,195,802.9,-3.7532,11.14,186.67,943.56,0.29766,0.13168,0.029248,0.24417,0.12412,0.022976,0.20225,0.1186,0.01856,245,248,249,201,206,210,161,164,166,201,202,208,84,91,103,255,255,251,0.54492,0.54358,0.54353
1,4.2785e+05,-3.768,11.321,195,802.9,-3.7501,11.217,186.94,761.83,0.2957,0.1231,0.0256,0.23175,0.11587,0.019264,0.18554,0.11352,0.015808,252,250,250,212,212,213,167,168,167,210,211,214,104,109,113,255,248,240,0.53854,0.53731,0.53856
1,4.2795e+05,-3.768,11.401,195,802.8,-3.7554,11.306,185.53,892.19,0.28368,0.12768,0.027776,0.25661,0.11705,0.023296,0.23209,0.11386,0.020544,248,250,251,220,221,217,176,173,170,243,239,236,160,146,133,193,198,200,0.54167,0.53949,0.5373
1,4.2805e+05,-3.768,11.482,195,802.9,-3.766,11.369,186.53,647.95,0.31691,0.1235,0.029568,0.28921,0.11453,0.024832,0.26463,0.10938,0.021632,249,250,251,217,213,209,170,169,169,255,254,251,126,132,138,145,147,156,0.54338,0.54242,0.541
1,4.2815e+05,-3.768,11.562,195,802.9,-3.7628,11.456,186.23,940.96,0.3115,0.16485,0.032,0.26656,0.15737,0.025472,0.23255,0.15242,0.020928,250,251,252,200,204,209,167,167,168,255,255,254,121,127,137,133,137,147,0.54443,0.54483,0.54486
1,4.2825e+05,-3.768,11.642,195,800,-3.7501,11.51,153.28,829.06,0.24162,0.14179,0.025984,0.2133,0.13304,0.021824,0.1949,0.12804,0.019136,255,254,253,212,217,214,162,165,169,255,255,255,142,149,156,140,148,153,0.54649,0.54551,0.54634
1,4.345e+05,-3.768,15.358,195,802.9,-3.7575,15.221,0.23734,764.84,0,0,0,0,0,0,0,0,0,249,244,240,230,213,197,176,177,177,255,255,255,221,198,179,210,213,216,0.55536,0.54835,0.5474
1,4.346e+05,-3.768,15.438,195,802.8,-3.7575,15.304,185.4,888.31,0.27474,0.11598,0.01728,0.23231,0.10249,0.013248,0.13091,0.10384,0.010816,232,233,236,175,185,193,179,178,178,255,255,255,103,113,127,240,234,228,0.54828,0.54596,0.54489
1,4.347e+05,-3.768,15.518,195,802.9,-3.7522,15.36,187.54,736.37,0.19746,0.11668,0.017792,0.1886,0.11021,0.01568,0.17563,0.10719,0.014272,231,231,235,177,184,193,178,179,177,255,255,255,87,91,104,254,244,231,0.544,0.54019,0.54008
1,4.348e+05,-3.768,15.599,195,802.9,-3.7617,15.449,186.58,718.5,0.24256,0.12602,0.023296,0.22173,0.11556,0.019776,0.20405,0.11246,0.017856,231,235,238,218,213,206,171,172,172,255,255,255,91,97,103,236,224,209,0.53472,0.53859,0.53772
1,4.349e+05,-3.768,15.679,195,802.9,-3.7607,15.527,185.7,650.29,0.29216,0.12949,0.028224,0.2644,0.11811,0.023552,0.24269,0.11521,0.021184,238,241,243,206,207,206,160,166,171,255,255,255,123,117,113,150,153,157,0.53198,0.53439,0.53676
1,4.35e+05,-3.768,15.759,195,802.8,-3.7713,15.614,187.78,913.73,0.31981,0.12057,0.02784,0.28585,0.11343,0.023488,0.24525,0.11003,0.020288,239,243,245,191,196,201,169,171,174,255,255,255,117,115,115,119,125,134,0.53894,0.53985,0.54047
1,4.351e+05,-3.768,15.839,195,802.9,-3.7564,15.681,186.35,799.3,0.30691,0.12873,0.02848,0.26549,0.11937,0.024064,0.24631,0.11655,0.021504,248,246,245,197,197,199,182,181,179,255,255,255,108,110,114,110,113,122,0.55088,0.55086,0.54974
1,4.352e+05,-3.768,15.92,195,802.8,-3.7501,15.733,186.85,749.21,0.30114,0.13032,0.029888,0.2692,0.12476,0.025728,0.24598,0.11904,0.0224,241,246,246,207,206,202,177,178,178,255,255,255,108,114,118,121,129,146,0.56128,0.56224,0.56122
1,4.353e+05,-3.768,16,195,800,-3.7564,15.819,154.12,690.73,0.31677,0.13177,0.03072,0.26325,0.12724,0.024896,0.21386,0.12417,0.020608,239,245,246,202,212,208,161,170,174,255,255,255,146,135,130,232,210,199,0.48506,0.48969,0.4953
1,4.3832e+05,-3.675,16,195,802.9,-3.6673,15.77,0.46576,731.21,0,0,0,0,0,0,0,0,0,243,242,243,199,198,201,185,178,176,255,255,255,130,127,125,234,209,197,0.47916,0.48973,0.49828
1,4.3842e+05,-3.675,15.92,195,802.9,-3.6716,15.7,188.5,1342.2,0.1938,0.11349,0.015936,0.17789,0.11061,0.0144,0.16734,0.10591,0.012608,245,245,245,210,206,204,181,178,177,255,255,255,116,113,115,126,131,146,0.56412,0.56376,0.56172
1,4.3852e+05,-3.675,15.839,195,802.9,-3.6567,15.626,186.49,942.66,0.21011,0.12045,0.019776,0.19619,0.11232,0.017024,0.17761,0.10961,0.015168,252,247,245,203,207,207,184,180,176,255,255,255,109,109,110,107,112,121,0.55391,0.54771,0.54824
1,4.3862e+05,-3.675,15.759,195,802.9,-3.6726,15.571,186.09,661.84,0.318,0.11665,0.027904,0.27757,0.10766,0.021888,0.24174,0.10267,0.017472,244,244,245,214,211,209,178,176,175,255,255,255,107,108,107,108,114,123,0.53625,0.54048,0.54057
1,4.3872e+05,-3.675,15.679,195,802.9,-3.6503,15.471,188.07,695.07,0.31872,0.1279,0.031104,0.29023,0.12112,0.026688,0.26302,0.11308,0.022592,245,244,243,210,211,210,176,174,173,255,255,255,107,105,103,129,134,141,0.53835,0.53781,0.53807
1,4.3882e+05,-3.675,15.599,195,802.8,-3.6673,15.416,187.29,893.24,0.33007,0.11753,0.029248,0.29111,0.11325,0.024192,0.26257,0.10798,0.020864,241,241,240,197,201,204,169,171,173,255,255,255,87,89,93,193,191,183,0.54046,0.54003,0.5394
1,4.3892e+05,-3.675,15.518,195,802.9,-3.6249,15.293,186.41,947.15,0.29652,0.13213,0.030272,0.26484,0.12706,0.02592,0.24633,0.11999,0.022912,240,237,237,197,189,191,182,178,176,255,255,255,83,87,99,208,203,198,0.53133,0.53712,0.54034
1,4.3902e+05,-3.675,15.438,195,802.9,-3.6599,15.259,186.28,725.66,0.29911,0.13806,0.031552,0.25859,0.13317,0.026496,0.2325,0.12884,0.02304,231,234,237,176,185,190,181,180,177,255,255,255,96,106,122,183,190,196,0.53792,0.54138,0.54399
1,4.3912e+05,-3.675,15.358,195,800,-3.6429,15.164,153.21,650.91,0.27554,0.13844,0.029696,0.24845,0.13278,0.025792,0.22567,0.12345,0.022016,236,237,239,190,190,188,175,176,177,255,255,255,193,187,175,183,186,194,0.55237,0.55291,0.5526
1,4.4537e+05,-3.675,11.642,195,802.9,-3.6418,11.462,-0.17315,488.06,0,0,0,0,0,0,0,0,0,254,253,252,216,210,209,177,173,170,255,255,255,181,179,175,176,161,152,0.54164,0.54189,0.54537
1,4.4547e+05,-3.675,11.562,195,802.9,-3.6822,11.407,186.57,698.98,0.22734,0.11155,0.017216,0.18427,0.10562,0.014208,0.17018,0.10316,0.012544,252,251,250,185,189,196,170,170,169,255,255,255,144,144,147,132,134,143,0.53697,0.53987,0.54238
1,4.4557e+05,-3.675,11.482,195,802.9,-3.6556,11.307,185.08,877.07,0.19337,0.12223,0.01856,0.17931,0.11486,0.015936,0.16866,0.10783,0.014336,250,250,249,177,185,196,167,168,169,255,255,254,136,139,141,141,144,154,0.54496,0.54435,0.54204
1,4.4567e+05,-3.675,11.401,195,802.9,-3.6641,11.244,186.21,794.58,0.25362,0.11398,0.020224,0.21339,0.1051,0.016704,0.20053,0.1019,0.015168,249,249,249,204,208,204,164,167,169,249,245,241,150,142,132,215,207,203,0.54383,0.54004,0.53858
1,4.4577e+05,-3.675,11.321,195,802.9,-3.6822,11.184,186.81,737.78,0.28348,0.12503,0.026688,0.25687,0.1172,0.022528,0.23831,0.11139,0.019904,249,247,247,228,214,208,170,168,168,210,215,220,111,111,110,255,252,244,0.53779,0.53799,0.53865
1,4.4587e+05,-3.675,11.241,195,802.9,-3.6609,11.102,186.74,639.97,0.31933,0.12862,0.030848,0.27053,0.12176,0.025472,0.2525,0.11775,0.022976,246,245,247,196,204,208,165,166,167,201,203,212,85,92,101,255,255,253,0.54178,0.54105,0.54212
1,4.4597e+05,-3.675,11.161,195,802.9,-3.6652,11.021,187.85,806.34,0.37976,0.11511,0.030848,0.32207,0.1105,0.024064,0.2373,0.10489,0.018752,250,248,247,210,210,207,164,168,170,204,213,221,96,103,120,255,255,255,0.5506,0.54984,0.54979
1,4.4607e+05,-3.675,11.08,195,802.9,-3.6546,10.948,186.55,855.24,0.36119,0.11657,0.031552,0.29092,0.11194,0.024448,0.24576,0.10724,0.02016,254,251,249,223,216,207,174,175,174,239,233,231,126,138,148,255,255,255,0.56818,0.56992,0.56834
1,4.4617e+05,-3.675,11,195,800,-3.6599,10.865,153.17,1002.6,0.27859,0.12958,0.02528,0.2303,0.12436,0.0208,0.1959,0.12308,0.018304,255,254,252,201,205,203,189,187,182,255,255,252,213,209,204,254,255,255,0.51422,0.51678,0.51175
1,4.4919e+05,-3.582,11,195,802.9,-3.5623,10.918,0.071822,732.84,0,0,0,0,0,0,0,0,0,255,255,254,201,206,207,179,179,178,255,255,251,214,209,201,254,255,255,0.4894,0.49971,0.50915
1,4.4929e+05,-3.582,11.08,195,802.9,-3.5623,10.985,186.22,687.08,0.19843,0.11547,0.016704,0.19138,0.10961,0.01472,0.17276,0.10201,0.0128,251,250,250,225,219,211,171,172,172,241,234,232,124,136,146,255,255,255,0.56084,0.56581,0.56684
1,4.4939e+05,-3.582,11.161,195,802.9,-3.5782,11.061,186.12,829.91,0.19733,0.1251,0.019136,0.17897,0.11846,0.016512,0.16385,0.11313,0.014464,243,246,248,217,215,210,166,167,170,208,216,224,94,101,117,255,255,255,0.54539,0.54732,0.5488
1,4.4949e+05,-3.582,11.241,195,802.9,-3.5708,11.139,187.02,1146.6,0.26554,0.12534,0.025152,0.23525,0.11968,0.02112,0.21504,0.11144,0.018176,241,244,247,194,202,206,169,167,168,206,210,218,85,92,99,255,255,254,0.53681,0.54191,0.54246
1,4.4959e+05,-3.582,11.321,195,802.9,-3.5686,11.223,186.54,958.58,0.31157,0.13138,0.027584,0.23976,0.12846,0.021504,0.20297,0.12895,0.01824,246,247,247,204,206,205,173,170,168,218,222,226,108,106,107,255,253,246,0.54026,0.53947,0.53881
1,4.4969e+05,-3.582,11.401,195,802.8,-3.5803,11.309,187.13,827.03,0.30975,0.13364,0.032512,0.28712,0.12706,0.028352,0.26277,0.11993,0.024576,250,250,249,210,203,198,163,167,169,254,249,245,131,133,129,219,211,205,0.54327,0.53995,0.54011
1,4.4979e+05,-3.582,11.482,195,802.9,-3.5697,11.375,186.8,1109.8,0.28131,0.13235,0.027712,0.25613,0.12065,0.023296,0.23726,0.11295,0.020352,247,249,249,171,181,191,166,167,168,255,255,254,138,140,142,134,143,155,0.54041,0.54185,0.54269
1,4.4989e+05,-3.582,11.562,195,802.9,-3.592,11.46,188.39,882.63,0.30549,0.12124,0.026944,0.27664,0.1107,0.022464,0.24988,0.10701,0.019328,250,249,249,184,188,192,172,171,169,255,255,255,145,147,150,124,130,142,0.54199,0.54465,0.54439
1,4.4999e+05,-3.582,11.642,195,800,-3.5686,11.507,152.45,824.22,0.27867,0.13314,0.02848,0.25813,0.12785,0.025472,0.24828,0.11995,0.022976,246,251,251,208,207,206,175,174,171,255,255,255,187,186,182,152,154,152,0.54541,0.54605,0.54731
1,4.5624e+05,-3.582,15.358,195,802.9,-3.5729,15.223,-0.14997,668.72,0,0,0,0,0,0,0,0,0,236,238,240,173,179,183,175,177,178,255,255,255,183,182,174,172,177,184,0.54774,0.54974,0.55044
1,4.5634e+05,-3.582,15.438,195,802.8,-3.5888,15.322,187.24,861.47,0.2029,0.11719,0.01696,0.18113,0.11336,0.014912,0.17358,0.10234,0.013056,239,239,239,180,186,188,183,180,177,255,255,255,95,107,123,167,173,179,0.5439,0.54204,0.54319
1,4.5644e+05,-3.582,15.518,195,802.9,-3.5591,15.369,186.57,1112,0.20144,0.11806,0.01824,0.18785,0.11118,0.016064,0.17982,0.10662,0.014592,242,241,239,201,192,191,178,176,176,255,255,255,83,89,101,189,184,180,0.54001,0.54407,0.54407
1,4.5654e+05,-3.582,15.599,195,802.9,-3.5644,15.446,185.96,866.69,0.25287,0.11768,0.02272,0.23674,0.11192,0.019904,0.21855,0.10633,0.017408,246,245,242,197,203,205,168,171,174,255,255,255,85,89,93,175,172,167,0.53939,0.53881,0.54001
1,4.5664e+05,-3.582,15.679,195,802.9,-3.5782,15.531,186.44,787.83,0.31477,0.12119,0.027648,0.27415,0.11668,0.023936,0.25333,0.11356,0.021248,248,246,244,225,218,212,177,177,175,255,255,255,101,101,101,121,125,131,0.5409,0.53775,0.53722
1,4.5674e+05,-3.582,15.759,195,802.8,-3.5877,15.592,183.92,892.31,0.31215,0.13047,0.03072,0.28781,0.12429,0.026816,0.26867,0.12037,0.024128,242,245,246,221,216,211,176,178,177,255,255,255,105,105,105,105,109,117,0.54231,0.5415,0.54223
1,4.5684e+05,-3.582,15.839,195,802.9,-3.5814,15.689,187.43,1009.5,0.30153,0.12066,0.025856,0.26373,0.11274,0.020608,0.23786,0.1106,0.018432,250,247,246,206,208,207,182,177,175,255,255,255,109,108,108,107,111,120,0.55103,0.55042,0.54953
1,4.5694e+05,-3.582,15.92,195,802.8,-3.5559,15.738,186.12,891.64,0.40212,0.12773,0.036864,0.38295,0.12031,0.033024,0.37375,0.11477,0.02976,243,246,246,218,205,202,171,175,176,255,255,255,107,110,113,123,131,145,0.55568,0.56173,0.56349
1,4.5704e+05,-3.582,16,195,800,-3.5644,15.819,152.75,659.82,0.36078,0.11289,0.028288,0.29781,0.10698,0.02144,0.23036,0.10528,0.017472,243,244,244,186,193,198,175,177,177,255,255,255,122,122,123,230,209,196,0.52213,0.50746,0.50417
1,4.6006e+05,-3.489,16,195,802.9,-3.4869,15.783,0.47569,649,0,0,0,0,0,0,0,0,0,242,243,243,189,191,192,181,173,174,255,255,255,135,124,120,225,203,190,0.50687,0.51306,0.51414
1,4.6016e+05,-3.489,15.92,195,802.9,-3.4678,15.679,186.2,698.41,0.25421,0.11208,0.01792,0.22337,0.10499,0.015424,0.20321,0.10226,0.013376,250,248,246,205,199,197,167,169,175,255,255,255,99,104,110,123,130,142,0.56573,0.56604,0.56481
1,4.6026e+05,-3.489,15.839,195,802.9,-3.4891,15.627,186.75,946.46,0.22534,0.12069,0.0208,0.21326,0.10988,0.017856,0.20308,0.10522,0.016064,247,248,247,194,201,204,171,173,175,255,255,255,104,103,105,103,109,118,0.55223,0.55,0.54911
1,4.6036e+05,-3.489,15.759,195,802.9,-3.4753,15.556,186.88,865.79,0.30161,0.13692,0.03104,0.26502,0.13061,0.02656,0.23165,0.1279,0.022976,247,246,247,219,216,212,178,178,179,255,255,255,101,101,102,99,102,108,0.54013,0.5424,0.54194
1,4.6046e+05,-3.489,15.679,195,802.9,-3.4785,15.455,186.01,1158.8,0.29923,0.13454,0.030912,0.25988,0.12835,0.0256,0.23216,0.12195,0.021824,246,246,245,232,222,211,181,179,178,255,255,255,97,98,98,106,110,117,0.5408,0.53789,0.538
1,4.6056e+05,-3.489,15.599,195,802.8,-3.4763,15.408,185.97,602.61,0.33144,0.14189,0.036608,0.28567,0.13693,0.030272,0.25505,0.13168,0.026176,240,242,243,208,205,203,173,173,175,255,255,255,96,93,93,143,143,142,0.53898,0.537,0.53951
1,4.6066e+05,-3.489,15.518,195,802.9,-3.4901,15.332,185.32,733.83,0.30802,0.14189,0.03392,0.26691,0.13752,0.028544,0.24428,0.12849,0.02464,243,242,241,189,189,188,174,174,176,255,255,255,100,101,108,157,155,153,0.54306,0.54174,0.54324
1,4.6076e+05,-3.489,15.438,195,802.9,-3.4838,15.259,186.85,576.83,0.297,0.14329,0.032896,0.25517,0.13696,0.02752,0.23003,0.13155,0.023488,246,243,241,187,187,184,181,179,178,255,255,255,117,122,132,143,148,154,0.55089,0.54586,0.54567
1,4.6086e+05,-3.489,15.358,195,800,-3.4795,15.192,154.52,542.2,0.31167,0.13487,0.031936,0.2673,0.12496,0.025664,0.23814,0.11781,0.02144,249,244,242,175,175,177,182,180,178,255,255,255,211,194,174,155,158,166,0.55456,0.5535,0.55197
1,4.6711e+05,-3.489,11.642,195,802.9,-3.4785,11.476,-0.007628,804.58,0,0,0,0,0,0,0,0,0,248,248,249,202,195,198,169,169,169,255,255,255,177,185,185,138,140,144,0.55491,0.55113,0.54896
1,4.6721e+05,-3.489,11.562,195,802.9,-3.4944,11.414,185.26,797.11,0.15946,0.13026,0.01632,0.13748,0.12499,0.013312,0.12672,0.11686,0.011776,248,247,247,185,184,185,167,167,167,255,255,255,142,144,148,119,123,136,0.54277,0.54672,0.54594
1,4.6731e+05,-3.489,11.482,195,802.9,-3.4816,11.326,186.56,706.19,0.16459,0.12232,0.015808,0.1536,0.11796,0.014336,0.14679,0.11575,0.013184,248,248,248,178,180,184,167,167,168,255,255,255,144,139,138,141,144,153,0.54371,0.54021,0.54157
1,4.6741e+05,-3.489,11.401,195,802.9,-3.4922,11.265,184.66,448.03,0.21819,0.13479,0.022912,0.19713,0.12938,0.019776,0.17948,0.12312,0.017216,251,251,249,193,189,189,178,172,171,255,254,251,120,124,125,224,216,207,0.53923,0.53857,0.53938
1,4.6751e+05,-3.489,11.321,195,802.9,-3.4678,11.173,185.59,1028.1,0.29573,0.1216,0.02752,0.26888,0.11065,0.022848,0.24857,0.10375,0.019712,248,249,249,189,195,200,171,173,172,248,243,239,99,101,105,255,254,247,0.53482,0.5381,0.53793
1,4.6761e+05,-3.489,11.241,195,802.9,-3.4954,11.113,186.84,931.05,0.2765,0.13931,0.029568,0.23634,0.13282,0.02432,0.21743,0.12579,0.021376,247,247,248,198,200,205,169,169,171,233,232,233,88,91,98,255,255,254,0.54067,0.5386,0.54015
1,4.6771e+05,-3.489,11.161,195,802.9,-3.4901,11.041,185.96,671.24,0.51308,0.11557,0.038976,0.38223,0.1081,0.027328,0.28483,0.10402,0.020864,246,248,249,222,218,214,169,169,170,225,227,233,92,101,116,255,255,255,0.55556,0.54858,0.54918
1,4.6781e+05,-3.489,11.08,195,802.9,-3.4785,10.958,185.85,839.53,0.32495,0.13991,0.035072,0.30729,0.13304,0.03136,0.29128,0.12656,0.028096,251,250,250,225,221,213,175,170,168,238,238,238,125,138,145,255,255,255,0.57202,0.5671,0.56712
1,4.6791e+05,-3.489,11,195,800,-3.4753,10.882,152.56,697.33,0.28385,0.13589,0.029568,0.26057,0.13055,0.026432,0.24257,0.12619,0.023744,252,252,251,202,205,206,161,164,168,255,254,252,240,222,201,255,255,255,0.49305,0.50887,0.51497
1,4.7093e+05,-3.396,11,195,802.9,-3.3904,10.912,-0.3155,459.26,0,0,0,0,0,0,0,0,0,244,246,247,184,194,194,160,164,165,255,254,253,231,220,208,255,255,255,0.49888,0.50565,0.51102
1,4.7103e+05,-3.396,11.08,195,802.9,-3.3904,11.001,186.99,1098.1,0.12661,0.11639,0.011712,0.11953,0.10965,0.010432,0.11509,0.10726,0.009728,250,250,249,214,211,204,169,170,169,245,245,246,123,136,149,255,255,255,0.57497,0.57338,0.56942
1,4.7113e+05,-3.396,11.161,195,802.9,-3.3808,11.064,187.73,811.41,0.19258,0.11899,0.017664,0.17087,0.11255,0.01504,0.15391,0.1108,0.013248,251,251,250,210,213,208,170,172,171,235,242,245,95,102,119,255,255,255,0.56337,0.55399,0.55249
1,4.7123e+05,-3.396,11.241,195,802.9,-3.3883,11.133,187.23,707.93,0.22434,0.16,0.024128,0.19754,0.15918,0.020288,0.18299,0.14821,0.017536,254,253,251,214,208,201,181,178,175,251,249,247,88,95,102,255,255,253,0.55444,0.54505,0.54487
1,4.7133e+05,-3.396,11.321,195,802.9,-3.3968,11.235,186.38,603.28,0.25967,0.12035,0.02336,0.22557,0.11177,0.018752,0.19113,0.10765,0.015552,253,253,252,199,199,196,185,180,175,253,253,250,114,110,108,255,252,245,0.53483,0.53766,0.5387
1,4.7143e+05,-3.396,11.401,195,802.8,-3.367,11.279,186.09,877.01,0.27729,0.12953,0.027584,0.25576,0.12273,0.023936,0.23211,0.11545,0.02048,254,251,249,179,182,184,168,172,174,255,255,255,131,130,126,215,211,204,0.54182,0.54173,0.54058
1,4.7153e+05,-3.396,11.482,195,802.9,-3.3914,11.375,185.89,1069.1,0.25005,0.12674,0.02432,0.23348,0.1187,0.021248,0.22196,0.11448,0.0192,243,245,247,177,175,176,169,167,167,255,255,255,130,133,135,135,141,149,0.53863,0.54271,0.54367
1,4.7163e+05,-3.396,11.562,195,802.9,-3.3999,11.446,186.22,545.85,0.29273,0.1376,0.030272,0.25322,0.13417,0.02592,0.23499,0.12497,0.022464,245,245,246,172,172,176,162,163,165,255,255,255,137,138,143,114,120,134,0.54221,0.54463,0.54552
1,4.7173e+05,-3.396,11.642,195,800,-3.3968,11.528,153.39,774.29,0.26942,0.11906,0.023936,0.23154,0.11161,0.019648,0.20721,0.10768,0.01696,244,248,248,177,185,190,162,162,166,255,255,255,164,170,170,132,142,149,0.54042,0.54375,0.54481
1,4.7798e+05,-3.396,15.358,195,802.9,-3.3999,15.248,0.28038,968.79,0,0,0,0,0,0,0,0,0,242,241,241,176,177,180,179,178,178,255,255,255,231,205,179,140,146,154,0.54974,0.55135,0.55216
1,4.7808e+05,-3.396,15.438,195,802.8,-3.3904,15.303,185.84,777.43,0.15106,0.12537,0.014912,0.14202,0.119,0.013184,0.13048,0.11534,0.011712,234,237,239,176,176,177,177,178,179,255,255,255,122,131,139,137,139,142,0.54725,0.54703,0.54717
1,4.7818e+05,-3.396,15.518,195,802.9,-3.3946,15.38,185.19,1126.4,0.2158,0.13863,0.023616,0.20679,0.13254,0.021504,0.19806,0.12759,0.01984,240,238,239,177,177,180,175,177,179,255,255,255,98,102,112,149,144,140,0.54991,0.54552,0.544
1,4.7828e+05,-3.396,15.599,195,802.9,-3.3819,15.44,185.11,711.75,0.30145,0.1108,0.02304,0.21739,0.11061,0.016576,0.15328,0.11078,0.01312,239,240,241,183,189,195,182,180,178,255,255,255,85,88,92,132,131,130,0.54705,0.54236,0.54045
1,4.7838e+05,-3.396,15.679,195,802.9,-3.3787,15.514,185.8,596.81,0.29734,0.1233,0.027776,0.27352,0.118,0.024384,0.25309,0.11259,0.021376,242,243,244,211,210,209,179,180,180,255,255,255,100,99,97,102,105,109,0.53985,0.53656,0.53757
1,4.7848e+05,-3.396,15.759,195,802.8,-3.383,15.6,185.67,639.47,0.38321,0.12395,0.03424,0.34355,0.11801,0.02976,0.31791,0.11272,0.026112,244,246,246,214,213,211,182,181,180,255,255,255,106,103,101,98,99,104,0.54781,0.54296,0.54324
1,4.7858e+05,-3.396,15.839,195,802.9,-3.3968,15.666,186.03,723.93,0.28452,0.12585,0.02592,0.23478,0.12115,0.021824,0.21542,0.11625,0.019264,254,250,246,197,198,200,184,181,178,255,255,255,103,103,104,105,109,118,0.55513,0.5506,0.55044
1,4.7868e+05,-3.396,15.92,195,802.8,-3.3978,15.762,185.23,1027.8,0.37083,0.10923,0.028928,0.29381,0.10475,0.021376,0.22095,0.10286,0.017152,249,246,244,188,190,192,182,177,177,255,255,255,100,103,109,123,130,141,0.56524,0.56596,0.56641
1,4.7878e+05,-3.396,16,195,800,-3.3946,15.829,153.59,734.53,0.27998,0.13607,0.029056,0.25897,0.12853,0.025856,0.244,0.12492,0.02368,240,238,239,185,182,182,177,174,176,255,255,255,131,123,119,207,193,185,0.51732,0.52698,0.52362
1,4.818e+05,-3.303,16,195,802.9,-3.3151,15.781,0.52866,796.35,0,0,0,0,0,0,0,0,0,230,232,235,163,169,178,179,179,180,255,255,255,123,118,115,213,198,185,0.51432,0.51958,0.51583
1,4.819e+05,-3.303,15.92,195,802.9,-3.2928,15.709,186.94,580.17,0.23135,0.1075,0.01696,0.18087,0.10683,0.014208,0.17168,0.10086,0.01248,240,241,241,189,189,193,178,180,181,255,255,255,101,105,109,125,132,141,0.56613,0.56478,0.56421
1,4.82e+05,-3.303,15.839,195,802.9,-3.297,15.631,187.81,656.6,0.2084,0.12519,0.020352,0.19526,0.11781,0.017728,0.18293,0.11183,0.016,248,246,244,207,205,204,184,183,181,255,255,255,106,106,106,104,109,118,0.54827,0.55042,0.55007
1,4.821e+05,-3.303,15.759,195,802.9,-3.3023,15.56,186.26,935.14,0.26185,0.13744,0.028096,0.21874,0.13559,0.023232,0.19318,0.12696,0.019136,245,246,247,227,223,216,180,181,181,255,255,255,102,103,103,97,99,104,0.54678,0.54511,0.54361
1,4.822e+05,-3.303,15.679,195,802.9,-3.3013,15.482,186.59,825.02,0.26305,0.14607,0.026368,0.20461,0.1315,0.0208,0.18445,0.12562,0.01792,246,246,246,226,221,213,177,179,180,255,255,255,96,97,98,102,104,108,0.53522,0.53648,0.53834
1,4.823e+05,-3.303,15.599,195,802.8,-3.2864,15.398,186.17,772.38,0.24963,0.13289,0.025472,0.22513,0.12243,0.021184,0.2089,0.11883,0.0192,245,243,241,191,192,194,180,180,179,255,255,255,81,85,90,126,127,125,0.54432,0.54169,0.54221
1,4.824e+05,-3.303,15.518,195,802.9,-3.2928,15.317,187.19,967.72,0.27427,0.14093,0.029824,0.24938,0.13431,0.026112,0.235,0.12682,0.02336,231,234,237,163,167,173,180,181,181,255,255,255,91,96,108,141,137,133,0.54422,0.54281,0.5441
1,4.825e+05,-3.303,15.438,195,802.9,-3.2896,15.249,187.87,1005.2,0.32892,0.14634,0.036352,0.28633,0.13779,0.030208,0.25615,0.13139,0.025856,233,234,237,158,164,171,182,181,180,255,255,255,114,124,137,129,133,136,0.54782,0.54909,0.54885
1,4.826e+05,-3.303,15.358,195,800,-3.3098,15.201,152.51,530.6,0.31987,0.1453,0.0352,0.27692,0.13569,0.028672,0.24523,0.12742,0.024256,244,242,240,178,182,181,175,177,179,255,255,255,224,203,180,141,145,149,0.55294,0.55389,0.55383
1,4.8885e+05,-3.303,11.642,195,802.9,-3.3151,11.49,0.048649,745.19,0,0,0,0,0,0,0,0,0,252,249,246,185,194,190,160,160,164,255,255,255,153,155,160,142,153,152,0.54814,0.54759,0.54529
1,4.8895e+05,-3.303,11.562,195,802.9,-3.3076,11.411,185.33,962.38,0.2303,0.1411,0.020736,0.22091,0.13019,0.01856,0.21357,0.1289,0.016448,239,244,245,151,162,174,173,171,170,255,255,255,136,140,144,111,119,132,0.54256,0.54402,0.54413
1,4.8905e+05,-3.303,11.482,195,802.9,-3.3034,11.341,185.65,558.54,0.17994,0.11546,0.016,0.16567,0.10629,0.013696,0.14867,0.10441,0.012352,241,244,246,166,168,171,176,174,172,255,255,255,135,135,137,133,136,145,0.5469,0.54456,0.54236
1,4.8915e+05,-3.303,11.401,195,802.9,-3.2938,11.254,186.83,765.45,0.26222,0.12806,0.025856,0.24215,0.11735,0.02208,0.22095,0.11122,0.018944,249,250,249,185,182,180,172,175,176,255,255,255,128,132,133,198,202,200,0.54001,0.5385,0.53901
1,4.8925e+05,-3.303,11.321,195,802.9,-3.2981,11.184,186.17,743.68,0.33075,0.11464,0.027968,0.27751,0.10932,0.022272,0.24651,0.10126,0.016704,250,250,251,191,190,189,178,176,174,255,255,254,118,118,116,255,250,242,0.54844,0.54168,0.53981
1,4.8935e+05,-3.303,11.241,195,802.9,-3.2928,11.111,187.46,802.15,0.29994,0.12429,0.02848,0.2577,0.11757,0.023168,0.22777,0.11301,0.019648,249,251,250,195,194,192,167,172,173,255,254,253,95,102,109,255,255,252,0.54836,0.54709,0.546
1,4.8945e+05,-3.303,11.161,195,802.9,-3.296,11.026,185.92,738.85,0.35116,0.12324,0.029056,0.26408,0.11982,0.02304,0.22593,0.1156,0.019136,247,249,249,187,193,196,173,171,169,252,252,252,100,105,122,255,255,255,0.55354,0.55294,0.553
1,4.8955e+05,-3.303,11.08,195,802.9,-3.2864,10.95,187.37,895.96,0.30775,0.12321,0.028672,0.28056,0.11446,0.024064,0.2627,0.10753,0.021184,246,246,247,189,191,191,171,171,168,254,253,252,132,145,152,255,255,255,0.57359,0.57092,0.5699
1,4.8965e+05,-3.303,11,195,800,-3.2822,10.855,152.41,991.9,0.2796,0.13129,0.028032,0.25098,0.1288,0.02464,0.23857,0.12087,0.02208,242,243,244,166,174,180,166,166,164,255,255,254,253,234,213,255,255,255,0.49147,0.50056,0.5101
1,4.9267e+05,-3.21,11,195,802.9,-3.2132,10.927,-0.33205,896.93,0,0,0,0,0,0,0,0,0,246,244,245,166,173,178,156,159,161,255,255,255,249,237,219,255,255,255,0.47845,0.50025,0.51288
1,4.9277e+05,-3.21,11.08,195,802.9,-3.2153,11.001,186.7,988.04,0.29924,0.11183,0.020416,0.27916,0.10534,0.017088,0.24167,0.10455,0.013632,243,244,246,197,191,185,168,167,166,255,254,255,130,146,155,255,255,255,0.55241,0.5618,0.56634
1,4.9287e+05,-3.21,11.161,195,802.9,-3.1941,11.049,186.83,664.67,0.1923,0.11405,0.016768,0.17681,0.10891,0.014656,0.16007,0.10794,0.012864,247,246,247,194,190,187,169,167,167,254,254,255,95,104,126,255,255,255,0.55407,0.55319,0.55285
1,4.9297e+05,-3.21,11.241,195,802.9,-3.2132,11.136,185.41,750.01,0.27356,0.12994,0.02784,0.25619,0.12178,0.024256,0.23474,0.11456,0.020928,252,250,248,176,178,182,156,163,170,255,255,255,107,110,111,255,255,252,0.5442,0.54381,0.54363
1,4.9307e+05,-3.21,11.321,195,802.9,-3.193,11.208,187.03,745.93,0.25803,0.13588,0.02656,0.2307,0.1267,0.022272,0.20619,0.12219,0.01984,249,248,248,173,175,181,168,168,171,255,255,255,144,129,119,255,251,242,0.53772,0.54165,0.54068
1,4.9317e+05,-3.21,11.401,195,802.8,-3.2058,11.29,186.19,868.92,0.24864,0.12843,0.023808,0.2159,0.12065,0.019968,0.20546,0.11421,0.017856,249,248,247,176,179,180,179,178,175,255,255,255,137,140,137,202,202,200,0.54594,0.54297,0.54132
1,4.9327e+05,-3.21,11.482,195,802.9,-3.2143,11.38,187.18,959.38,0.27998,0.13145,0.028288,0.25062,0.12618,0.024384,0.23562,0.11936,0.021696,248,246,245,168,171,175,188,180,174,255,255,255,140,139,140,131,136,145,0.5361,0.53775,0.53967
1,4.9337e+05,-3.21,11.562,195,802.9,-3.193,11.424,187.75,819.33,0.34617,0.13139,0.031808,0.26937,0.12681,0.025664,0.25417,0.11901,0.022848,241,242,243,163,170,176,178,176,173,255,255,255,141,144,145,113,118,132,0.54354,0.54556,0.54516
1,4.9347e+05,-3.21,11.642,195,800,-3.1962,11.503,152.87,738.66,0.3086,0.125,0.02784,0.24839,0.11996,0.022656,0.22058,0.11658,0.019648,238,240,242,213,199,186,166,161,165,255,255,255,179,160,150,134,147,153,0.54598,0.54733,0.54654
1,4.9972e+05,-3.21,15.358,195,802.9,-3.1994,15.221,0.1281,729.05,0,0,0,0,0,0,0,0,0,242,242,239,174,177,177,180,181,183,255,255,255,228,203,175,146,149,151,0.55249,0.54945,0.55073
1,4.9982e+05,-3.21,15.438,195,802.8,-3.2185,15.322,186.31,1381.7,0.25315,0.11238,0.019456,0.23279,0.10906,0.017088,0.2232,0.098183,0.014656,234,235,237,168,166,169,187,186,184,255,255,255,109,119,131,121,127,133,0.55323,0.55138,0.55097
1,4.9992e+05,-3.21,15.518,195,802.9,-3.2164,15.379,185.41,1014,0.19472,0.11587,0.017344,0.17443,0.1128,0.01504,0.16296,0.10408,0.01312,228,232,237,168,168,173,181,182,183,255,255,255,86,92,104,130,127,127,0.54145,0.54734,0.54791
1,5.0002e+05,-3.21,15.599,195,802.9,-3.1867,15.425,186.03,945.65,0.22593,0.12383,0.021184,0.2013,0.11472,0.017792,0.18164,0.11226,0.015616,245,243,242,194,196,197,177,176,177,255,255,255,84,86,90,127,125,121,0.54623,0.54597,0.54441
1,5.0012e+05,-3.21,15.679,195,802.9,-3.1952,15.523,185.9,724.03,0.30382,0.12117,0.026624,0.27129,0.1167,0.022784,0.25108,0.10542,0.0192,249,249,248,239,231,220,174,176,178,255,255,255,106,104,102,109,109,109,0.53491,0.53772,0.53982
1,5.0022e+05,-3.21,15.759,195,802.8,-3.2132,15.604,185.8,817.12,0.23972,0.13653,0.024832,0.21791,0.13185,0.022272,0.20743,0.12437,0.020096,246,247,248,232,229,224,180,181,180,255,255,255,114,111,107,100,102,106,0.54784,0.54284,0.5438
1,5.0032e+05,-3.21,15.839,195,802.9,-3.2132,15.668,186.59,1034.2,0.2581,0.1491,0.02912,0.23693,0.14434,0.025472,0.21756,0.13922,0.022784,244,244,243,211,214,212,189,186,183,255,255,255,110,109,109,107,111,123,0.55482,0.55425,0.55315
1,5.0042e+05,-3.21,15.92,195,802.8,-3.2079,15.759,185.82,931.1,0.38127,0.11986,0.033728,0.34037,0.11021,0.027392,0.30117,0.10734,0.02368,238,239,240,217,205,202,182,183,185,255,255,255,106,106,109,127,136,148,0.56383,0.56347,0.56455
1,5.0052e+05,-3.21,16,195,800,-3.2111,15.828,153.04,1061.7,0.26488,0.12184,0.024704,0.24162,0.11763,0.021824,0.22765,0.11251,0.019584,228,231,235,170,181,187,184,186,187,255,255,255,110,109,109,214,204,196,0.54336,0.52753,0.51831
1,5.0354e+05,-3.117,16,195,802.9,-3.1082,15.771,-0.42474,691.98,0,0,0,0,0,0,0,0,0,242,239,239,209,200,201,209,194,188,255,255,255,103,104,107,246,229,209,0.48688,0.49503,0.50024
1,5.0364e+05,-3.117,15.92,195,802.9,-3.105,15.698,186.21,713.97,0.16053,0.12721,0.015424,0.15307,0.11943,0.013568,0.14008,0.11304,0.011904,245,243,243,210,210,210,181,181,183,255,255,255,103,107,113,144,152,156,0.56452,0.56288,0.56247
1,5.0374e+05,-3.117,15.839,195,802.9,-3.106,15.613,187.5,900.25,0.21594,0.13121,0.022208,0.19877,0.12228,0.018944,0.18993,0.11641,0.01728,250,247,245,223,221,217,185,183,180,255,255,255,112,115,116,111,116,128,0.5511,0.54994,0.54927
1,5.0384e+05,-3.117,15.759,195,802.9,-3.0922,15.532,187.47,727.4,0.29822,0.13008,0.028608,0.26614,0.12206,0.023808,0.23094,0.11528,0.0192,252,250,250,235,232,228,180,179,178,255,255,255,123,122,118,100,102,106,0.54401,0.54431,0.54249
1,5.0394e+05,-3.117,15.679,195,802.9,-3.1145,15.489,187.29,689.3,0.37959,0.12489,0.035136,0.35752,0.11207,0.028544,0.32283,0.10482,0.022464,253,251,249,234,229,222,170,174,177,255,255,255,115,115,113,111,109,107,0.54058,0.54038,0.53957
1,5.0404e+05,-3.117,15.599,195,802.8,-3.1018,15.394,187.6,762.87,0.25099,0.14091,0.027328,0.23342,0.12932,0.023296,0.2189,0.12369,0.020992,245,243,242,191,194,198,177,177,178,255,255,255,89,92,97,116,116,114,0.53233,0.5395,0.54141
1,5.0414e+05,-3.117,15.518,195,802.9,-3.1071,15.315,186.88,976.73,0.33321,0.13141,0.029248,0.23754,0.1276,0.022016,0.18887,0.11894,0.017472,227,232,237,171,172,176,187,187,188,255,255,255,85,90,103,115,116,120,0.54338,0.54514,0.54476
1,5.0424e+05,-3.117,15.438,195,802.9,-3.105,15.241,185.8,891.82,0.38973,0.113,0.030592,0.37282,0.10305,0.02432,0.3391,0.10294,0.019072,236,235,236,175,174,173,197,195,191,255,255,255,102,112,125,118,124,131,0.54919,0.55006,0.54943
1,5.0434e+05,-3.117,15.358,195,800,-3.1188,15.175,153.08,677.86,0.20503,0.1387,0.021952,0.18728,0.131,0.019264,0.17725,0.12708,0.017728,243,241,237,166,170,173,187,192,192,255,255,255,194,182,169,174,166,163,0.55794,0.55649,0.55537
1,5.1059e+05,-3.117,11.642,195,802.9,-3.1283,11.492,-0.040732,757.11,0,0,0,0,0,0,0,0,0,241,240,244,163,171,179,170,163,165,255,255,255,137,136,139,135,143,141,0.55946,0.55156,0.54716
1,5.1069e+05,-3.117,11.562,195,802.9,-3.1124,11.389,186.41,715.67,0.17953,0.11862,0.015936,0.16088,0.11524,0.013824,0.15249,0.10979,0.012288,243,243,244,169,169,174,173,171,169,255,255,255,131,137,143,116,122,134,0.55123,0.54731,0.54724
1,5.1079e+05,-3.117,11.482,195,802.9,-3.1082,11.321,186.99,722.06,0.24355,0.11406,0.019328,0.18574,0.11131,0.014848,0.13475,0.11027,0.01152,244,245,246,180,177,176,170,170,170,255,255,255,141,143,143,141,145,152,0.54328,0.54311,0.54354
1,5.1089e+05,-3.117,11.401,195,802.8,-3.1029,11.257,186.05,949.87,0.24857,0.11545,0.020096,0.19568,0.11186,0.016448,0.1825,0.10567,0.014656,245,245,247,201,189,180,169,169,171,255,255,255,145,144,140,219,213,207,0.54054,0.54287,0.54198
1,5.1099e+05,-3.117,11.321,195,802.9,-3.1071,11.174,186.25,1229,0.261,0.11747,0.022848,0.23675,0.11172,0.01952,0.21404,0.10596,0.016896,247,248,248,176,177,179,171,171,171,255,255,255,124,121,118,255,252,245,0.53997,0.5415,0.54159
1,5.1109e+05,-3.117,11.241,195,802.8,-3.1082,11.106,185.92,641.91,0.31306,0.1211,0.028032,0.27065,0.11515,0.022784,0.24514,0.1076,0.018752,253,249,247,175,176,178,174,173,172,255,255,255,107,104,107,255,255,253,0.54765,0.54161,0.54424
1,5.1119e+05,-3.117,11.161,195,802.9,-3.106,11.004,188.16,843.9,0.28428,0.12882,0.027776,0.26131,0.12371,0.024448,0.24732,0.11636,0.021696,245,245,247,186,185,181,177,173,169,255,255,255,94,103,119,255,255,255,0.54771,0.55451,0.55495
1,5.1129e+05,-3.117,11.08,195,802.9,-3.1113,10.961,186.07,387.17,0.37092,0.11702,0.031488,0.31139,0.11231,0.024832,0.24992,0.10785,0.019776,244,245,246,193,188,182,169,167,166,255,255,255,135,143,145,255,255,255,0.56416,0.56766,0.56939
1,5.1139e+05,-3.117,11,195,800,-3.1209,10.894,153.76,564.01,0.31948,0.11917,0.028224,0.28617,0.11488,0.024128,0.2684,0.10613,0.020672,248,248,247,184,184,181,152,155,159,255,255,255,250,230,202,255,255,255,0.51502,0.52662,0.52281
1,5.1441e+05,-3.024,11,195,802.9,-3.0265,10.922,-0.2228,544.55,0,0,0,0,0,0,0,0,0,248,249,248,178,180,179,165,166,167,255,255,255,174,173,169,255,255,255,0.49897,0.50161,0.50511
1,5.1451e+05,-3.024,11.08,195,802.9,-3.019,10.989,186.86,783.05,0.23618,0.17489,0.027072,0.2311,0.15498,0.023168,0.22952,0.13639,0.020032,245,246,246,162,170,175,164,168,170,255,255,255,105,116,126,255,255,255,0.56075,0.56514,0.5642
1,5.1461e+05,-3.024,11.161,195,802.9,-3.0042,11.041,186.5,612.36,0.16934,0.12151,0.016256,0.14951,0.11406,0.013568,0.138,0.10984,0.01184,243,245,246,166,169,174,168,172,173,255,255,255,84,92,107,255,255,255,0.54663,0.54709,0.54873
1,5.1471e+05,-3.024,11.241,195,802.9,-3.0137,11.135,186.5,695.54,0.26525,0.13406,0.026816,0.24668,0.12453,0.023488,0.22627,0.11908,0.020736,248,248,248,177,177,177,179,179,176,255,255,255,90,95,102,255,255,254,0.54678,0.53967,0.54028
1,5.1481e+05,-3.024,11.321,195,802.9,-3.0148,11.204,186.8,613,0.25177,0.12073,0.022848,0.22736,0.11326,0.019392,0.21051,0.1085,0.017088,249,249,249,176,179,180,173,176,175,255,255,255,109,112,113,255,252,247,0.52524,0.53114,0.53451
1,5.1491e+05,-3.024,11.401,195,802.8,-3.0297,11.292,186.28,1134.3,0.26667,0.13167,0.026496,0.23641,0.12343,0.022528,0.21897,0.1183,0.020096,250,250,249,185,184,182,165,166,168,255,255,255,145,142,135,221,220,211,0.53762,0.53592,0.53514
1,5.1501e+05,-3.024,11.482,195,802.9,-3.0095,11.361,186.78,826.99,0.2793,0.13292,0.02816,0.24671,0.12352,0.02336,0.22944,0.11961,0.02112,252,250,249,166,172,177,162,163,165,255,255,255,148,144,138,157,155,156,0.52916,0.53562,0.53726
1,5.1511e+05,-3.024,11.562,195,802.9,-3.0116,11.43,186.34,668.37,0.29399,0.13802,0.029888,0.26544,0.12962,0.02592,0.24053,0.12496,0.023232,252,251,248,156,165,173,162,163,164,255,255,255,136,137,134,123,126,134,0.53913,0.53871,0.53946
1,5.1521e+05,-3.024,11.642,195,800,-3.0297,11.518,154.19,795.55,0.36306,0.1247,0.032896,0.28833,0.12075,0.02624,0.25349,0.11782,0.022848,248,249,248,175,171,181,158,162,165,255,255,255,127,124,123,109,118,125,0.54702,0.54223,0.53981
1,5.2146e+05,-3.024,15.358,195,802.9,-3.0339,15.23,0.1612,1050,0,0,0,0,0,0,0,0,0,244,241,237,183,175,169,217,205,195,255,255,255,186,179,161,188,186,179,0.54833,0.54887,0.5458
1,5.2156e+05,-3.024,15.438,195,802.8,-3.0243,15.303,186.71,577.75,0.16662,0.12739,0.016704,0.16054,0.11843,0.015168,0.1518,0.11616,0.014016,234,235,236,182,178,171,198,198,193,255,255,255,97,108,121,114,123,136,0.53303,0.54036,0.54216
1,5.2166e+05,-3.024,15.518,195,802.9,-3.0212,15.36,186.9,582.29,0.17974,0.15279,0.020416,0.15554,0.14209,0.017088,0.14881,0.13125,0.015296,227,232,236,170,170,173,186,188,188,255,255,255,89,94,105,104,110,120,0.53303,0.53702,0.53806
1,5.2176e+05,-3.024,15.599,195,802.9,-3.0403,15.449,185.09,844.15,0.23306,0.14824,0.02688,0.21442,0.14218,0.02368,0.20336,0.13386,0.021376,246,244,242,189,190,193,178,177,177,255,255,255,108,108,108,102,106,110,0.54519,0.53578,0.53401
1,5.2186e+05,-3.024,15.679,195,802.9,-3.0095,15.508,187.71,811,0.29663,0.13249,0.029376,0.26903,0.12471,0.025344,0.24567,0.12,0.021952,254,253,251,238,232,222,173,173,174,255,255,255,131,129,125,104,103,105,0.52641,0.53086,0.53046
1,5.2196e+05,-3.024,15.759,195,802.8,-3.0201,15.594,186.39,1233.1,0.40653,0.11692,0.030976,0.27215,0.11384,0.022656,0.22949,0.10927,0.01888,253,252,251,235,235,229,173,173,174,255,255,255,139,134,127,96,100,105,0.53504,0.53288,0.53405
1,5.2206e+05,-3.024,15.839,195,802.9,-3.0159,15.678,187.02,676.35,0.31147,0.1243,0.02944,0.2719,0.11769,0.024384,0.24229,0.11404,0.020864,248,248,247,224,219,218,167,172,176,255,255,255,130,126,122,112,117,127,0.54593,0.54447,0.54324
1,5.2216e+05,-3.024,15.92,195,802.8,-3.0297,15.765,187.59,780.75,0.3383,0.13388,0.03488,0.31743,0.12857,0.031296,0.30064,0.12285,0.02816,245,245,246,203,206,213,171,173,178,255,255,255,117,116,120,143,150,154,0.55515,0.5581,0.55749
1,5.2226e+05,-3.024,16,195,800,-3.0265,15.816,153.29,711.84,0.29217,0.13378,0.02912,0.26267,0.12984,0.025024,0.23546,0.12372,0.021952,244,243,243,218,207,206,182,180,181,255,255,255,118,116,118,244,223,204,0.49941,0.50433,0.50568
1,5.2528e+05,-2.931,16,195,800,-2.9236,15.779,0.22741,917.92,0,0,0,0,0,0,0,0,0,244,244,244,215,207,205,170,173,176,255,255,255,134,128,127,216,204,194,0.50233,0.51703,0.51394
1,5.2538e+05,-2.931,15.92,195,800,-2.9289,15.708,186.03,744.15,0.25185,0.12217,0.019776,0.13769,0.12729,0.013888,0.13271,0.11488,0.011904,245,245,246,200,206,212,173,174,176,255,255,255,114,117,124,134,141,148,0.56455,0.56315,0.561
1,5.2548e+05,-2.931,15.84,195,800,-2.9225,15.631,185.65,668.37,0.22745,0.13303,0.02368,0.21034,0.12468,0.02048,0.19642,0.11757,0.017984,248,248,248,218,218,218,173,174,176,255,255,255,126,126,124,111,115,124,0.53948,0.543,0.54471
1,5.2558e+05,-2.931,15.76,195,800,-2.9278,15.552,185.37,704.01,0.30827,0.12781,0.029632,0.28092,0.11973,0.025216,0.25057,0.11424,0.021696,252,252,251,241,237,229,170,172,174,255,255,255,142,138,131,99,100,104,0.53593,0.53644,0.53771
1,5.2568e+05,-2.931,15.68,195,800,-2.9204,15.474,186.22,835.06,0.40248,0.12206,0.030464,0.24428,0.12244,0.021824,0.20457,0.11564,0.017984,253,252,250,241,232,220,169,171,174,255,255,255,136,135,130,104,103,104,0.53968,0.53537,0.53538
1,5.2578e+05,-2.931,15.6,195,800,-2.9151,15.382,183.42,1097.3,0.38603,0.10381,0.024384,0.22654,0.10282,0.016,0.17768,0.099721,0.012928,248,244,241,177,182,188,174,176,177,255,255,255,121,117,113,107,109,110,0.53269,0.53398,0.53681
1,5.2588e+05,-2.931,15.52,195,800,-2.9363,15.356,184.95,895.17,0.30164,0.12729,0.028736,0.26005,0.11934,0.023424,0.23251,0.10856,0.018816,228,231,234,157,162,169,184,186,187,255,255,255,89,96,106,116,118,123,0.54102,0.54606,0.54204
1,5.2598e+05,-2.931,15.44,195,800,-2.9225,15.255,184.89,737.25,0.29995,0.12325,0.02848,0.27033,0.11473,0.023552,0.24425,0.10466,0.019328,235,233,234,179,173,168,194,193,192,255,255,255,101,108,116,129,131,138,0.5453,0.54642,0.5456
1,5.2608e+05,-2.931,15.36,195,800,-2.9373,15.178,185.67,902.49,0.30257,0.13616,0.030272,0.26312,0.12742,0.025088,0.23887,0.12145,0.021376,244,241,236,176,171,169,199,199,194,255,255,255,206,176,150,194,192,182,0.53583,0.54709,0.54752
1,5.2618e+05,-2.931,15.28,195,800,-2.9182,15.088,186.64,821.15,0.32175,0.13442,0.032896,0.28953,0.12326,0.027456,0.25877,0.12052,0.02432,241,238,236,155,160,166,196,194,192,255,255,255,225,191,159,238,221,198,0.54903,0.55012,0.54727
1,5.2628e+05,-2.931,15.2,195,800,-2.9246,15.006,187.83,979.95,0.29372,0.12173,0.025152,0.2236,0.11988,0.020352,0.21007,0.11475,0.018112,232,229,232,151,155,161,184,183,186,255,255,255,140,145,143,227,209,194,0.54125,0.54527,0.54023
1,5.2638e+05,-2.931,15.12,195,800,-2.9161,14.919,186.51,1082.6,0.28975,0.11975,0.024896,0.26175,0.10942,0.021056,0.2301,0.10693,0.01824,230,230,232,161,163,168,187,187,186,255,254,253,96,101,110,149,151,157,0.54929,0.54503,0.5337
1,5.2648e+05,-2.931,15.04,195,800,-2.9352,14.84,186.27,1157.6,0.27029,0.12388,0.024896,0.24368,0.12109,0.021888,0.22663,0.11331,0.0192,234,233,234,166,167,170,190,187,185,251,252,250,92,98,106,130,134,143,0.55046,0.54397,0.5337
1,5.2658e+05,-2.931,14.96,195,800,-2.9257,14.769,186.14,764.38,0.31746,0.1175,0.026816,0.2663,0.11361,0.022784,0.24964,0.10701,0.020096,243,241,240,170,174,180,169,171,176,240,239,241,137,126,116,126,125,131,0.55164,0.54497,0.53886
1,5.2668e+05,-2.931,14.88,195,800,-2.9363,14.705,185.44,724.66,0.26972,0.11833,0.024,0.25467,0.11156,0.020736,0.23407,0.10488,0.018304,249,244,242,184,181,184,162,166,173,230,232,235,159,139,121,123,124,130,0.54383,0.54173,0.53867
1,5.2678e+05,-2.931,14.8,195,800,-2.9108,14.612,186.88,907.52,0.26512,0.1128,0.021888,0.24205,0.10713,0.01856,0.22736,0.099948,0.016448,249,247,245,194,196,196,179,175,173,226,226,228,128,128,125,120,123,131,0.54299,0.53861,0.53237
1,5.2688e+05,-2.931,14.72,195,800,-2.9204,14.538,186.39,832.3,0.26041,0.11898,0.023424,0.22783,0.11547,0.020096,0.21379,0.11021,0.01792,247,247,247,232,214,204,180,181,180,228,227,226,134,129,129,136,135,135,0.53823,0.53944,0.53514
1,5.2698e+05,-2.931,14.64,195,800,-2.9278,14.454,187.95,966.59,0.28919,0.11651,0.025408,0.24999,0.11294,0.021504,0.22258,0.10863,0.018624,246,247,247,225,214,203,185,183,182,224,226,226,141,138,133,148,140,133,0.54162,0.5389,0.53657
1,5.2708e+05,-2.931,14.56,195,800,-2.9267,14.367,186.9,1183.8,0.25508,0.12799,0.02528,0.22538,0.12488,0.022144,0.21636,0.11518,0.019456,248,247,246,181,187,193,187,184,182,218,222,225,149,145,141,122,127,128,0.54337,0.54108,0.53386
1,5.2718e+05,-2.931,14.48,195,800,-2.9182,14.303,188.15,1034.1,0.31149,0.12134,0.027584,0.27282,0.11364,0.022592,0.24359,0.11076,0.019584,245,245,244,172,177,187,181,183,182,219,222,224,147,144,142,120,121,124,0.53818,0.53685,0.53183
1,5.2728e+05,-2.931,14.4,195,800,-2.9373,14.238,187.56,1071.8,0.2419,0.12591,0.022912,0.221,0.11936,0.020288,0.20654,0.11404,0.018112,236,237,240,170,176,184,192,186,181,226,225,224,150,149,144,122,120,120,0.53418,0.53244,0.53093
1,5.2738e+05,-2.931,14.32,195,800,-2.9299,14.148,186.52,722.53,0.27567,0.11658,0.023872,0.26066,0.11059,0.02112,0.23828,0.10792,0.018752,239,240,241,189,192,193,180,179,177,223,225,226,149,146,142,112,114,117,0.54128,0.53734,0.53091
1,5.2748e+05,-2.931,14.24,195,800,-2.9182,14.07,188.14,784.58,0.26702,0.12179,0.023872,0.2434,0.11487,0.020608,0.23125,0.11268,0.018688,248,245,244,205,202,198,170,173,173,227,227,227,138,139,140,107,111,116,0.53505,0.53496,0.52967
1,5.2758e+05,-2.931,14.16,195,800,-2.931,13.989,187.17,986.62,0.24115,0.11279,0.020288,0.2138,0.10903,0.017344,0.1963,0.10134,0.015232,253,251,249,212,204,196,168,167,169,231,231,230,139,142,144,110,114,118,0.54948,0.54111,0.53445
1,5.2768e+05,-2.931,14.08,195,800,-2.9246,13.9,185.56,1100.6,0.27293,0.11677,0.023616,0.25326,0.11268,0.020672,0.2289,0.11001,0.018496,250,250,250,194,192,193,165,169,171,232,231,231,155,152,147,118,118,120,0.52658,0.53313,0.5342
1,5.2778e+05,-2.931,14,195,800,-2.931,13.839,186.49,955.83,0.30636,0.12292,0.028032,0.26498,0.11497,0.02304,0.2318,0.11262,0.01952,254,252,250,179,183,186,182,180,175,232,233,232,152,156,152,117,120,122,0.53297,0.53368,0.53517
1,5.2788e+05,-2.931,13.92,195,800,-2.9384,13.747,185,618.17,0.23921,0.12328,0.022656,0.21657,0.11904,0.019776,0.20042,0.11609,0.017984,250,250,250,189,188,186,176,176,176,226,227,228,155,150,144,119,117,119,0.52544,0.53335,0.53412
1,5.2798e+05,-2.931,13.84,195,800,-2.9119,13.665,187.06,825.01,0.22543,0.12087,0.020288,0.20636,0.11603,0.01792,0.19415,0.10849,0.015872,244,248,249,184,187,188,171,173,174,212,219,226,146,147,144,112,114,117,0.53672,0.53922,0.53427
1,5.2808e+05,-2.931,13.76,195,800,-2.9299,13.614,184.78,722.5,0.25396,0.12217,0.023104,0.23319,0.11633,0.020224,0.20692,0.11253,0.0176,250,249,248,190,192,192,175,173,172,219,224,226,164,158,148,105,110,116,0.53811,0.53688,0.53123
1,5.2818e+05,-2.931,13.68,195,800,-2.9363,13.535,187.31,936.86,0.25897,0.11847,0.022272,0.23155,0.11278,0.01888,0.21177,0.10663,0.01664,252,250,248,197,195,196,176,174,173,233,230,226,177,164,152,109,113,119,0.53423,0.53631,0.53208
1,5.2828e+05,-2.931,13.6,195,800,-2.9161,13.437,185.71,860.16,0.25817,0.11942,0.023168,0.23185,0.11542,0.020224,0.21482,0.11159,0.018176,246,248,249,194,201,202,177,175,173,219,228,231,152,162,160,122,126,128,0.54117,0.54024,0.53469
1,5.2838e+05,-2.931,13.52,195,800,-2.932,13.361,185.71,913.18,0.28532,0.11921,0.0256,0.25099,0.11279,0.021504,0.22958,0.10815,0.018944,255,252,250,210,203,195,169,171,172,233,233,231,178,172,161,139,138,136,0.54087,0.53979,0.53194
1,5.2848e+05,-2.931,13.44,195,800,-2.9257,13.293,186.53,726.37,0.31684,0.12153,0.02848,0.28706,0.11538,0.024448,0.26958,0.1096,0.021824,254,252,249,193,193,193,165,168,170,232,232,232,172,171,160,139,140,138,0.54413,0.53766,0.52975
1,5.2858e+05,-2.931,13.36,195,800,-2.9289,13.22,186.19,820.7,0.24462,0.1235,0.022784,0.22384,0.11749,0.020032,0.21113,0.11094,0.018048,241,247,248,187,195,197,164,167,168,220,230,234,140,149,151,139,138,138,0.52055,0.53293,0.52924
1,5.2868e+05,-2.931,13.28,195,800,-2.9257,13.125,186.87,569.35,0.27162,0.11914,0.024192,0.24747,0.11019,0.020608,0.22349,0.10681,0.018112,244,245,246,215,209,200,165,166,169,232,235,235,138,143,146,137,136,137,0.54178,0.5341,0.53195
1,5.2878e+05,-2.931,13.2,195,800,-2.9416,13.051,186.16,1083.9,0.2778,0.11658,0.024384,0.25376,0.1119,0.021248,0.24424,0.10611,0.019392,243,245,246,198,207,209,167,170,172,246,243,238,148,143,139,126,129,130,0.53689,0.53469,0.53403
1,5.2888e+05,-2.931,13.12,195,800,-2.9193,12.946,186.78,1048.4,0.2818,0.11901,0.024704,0.24739,0.11356,0.020992,0.22551,0.10791,0.018112,245,249,248,215,210,207,177,175,173,236,237,236,133,139,139,112,115,120,0.53056,0.53696,0.53167
1,5.2898e+05,-2.931,13.04,195,800,-2.9363,12.889,184.06,725.12,0.26799,0.11899,0.023488,0.23048,0.11504,0.019968,0.21348,0.10726,0.017472,249,248,248,211,211,208,172,172,172,234,234,233,146,142,136,105,109,116,0.53079,0.53526,0.52974
1,5.2908e+05,-2.931,12.96,195,800,-2.9405,12.825,186.37,651.86,0.26257,0.11692,0.023232,0.23941,0.11249,0.020096,0.21321,0.10648,0.017408,243,245,248,204,208,209,164,166,169,231,230,230,140,143,142,109,109,111,0.54536,0.5398,0.53355
1,5.2918e+05,-2.931,12.88,195,800,-2.9246,12.733,187.49,818.87,0.2516,0.12798,0.024064,0.22137,0.1189,0.020544,0.20116,0.11682,0.018432,245,246,248,212,208,205,164,166,168,231,230,231,149,150,147,108,109,112,0.53986,0.53567,0.53103
1,5.2928e+05,-2.931,12.8,195,800,-2.9278,12.634,186.6,1117.9,0.25796,0.12061,0.023552,0.22853,0.11622,0.020096,0.21118,0.11268,0.018048,252,249,247,186,193,199,168,167,167,235,235,234,177,167,154,108,110,116,0.53188,0.53509,0.53356
1,5.2938e+05,-2.931,12.72,195,800,-2.9331,12.559,187.12,716.9,0.2735,0.12211,0.024448,0.24054,0.1172,0.020608,0.21666,0.1119,0.01792,242,244,245,185,187,192,167,166,166,228,231,232,156,157,156,113,115,118,0.55121,0.54086,0.53751
1,5.2948e+05,-2.931,12.64,195,800,-2.9395,12.491,187.09,590.24,0.27876,0.12055,0.025472,0.24411,0.11811,0.022016,0.21707,0.11302,0.019136,242,243,245,186,190,195,167,164,164,227,227,229,162,158,153,112,115,119,0.5449,0.53986,0.5378
1,5.2958e+05,-2.931,12.56,195,800,-2.9193,12.418,187.34,856.21,0.26213,0.15051,0.025408,0.21955,0.12474,0.021248,0.20482,0.11906,0.018944,246,247,246,200,199,197,155,160,164,217,222,225,170,166,159,109,111,116,0.53658,0.5379,0.53738
1,5.2968e+05,-2.931,12.48,195,800,-2.9331,12.339,187.4,602.56,0.28445,0.12569,0.027136,0.25589,0.12046,0.023616,0.23368,0.11716,0.020736,250,248,247,201,199,199,159,161,165,223,225,229,183,174,165,107,109,113,0.55116,0.54281,0.54089
1,5.2978e+05,-2.931,12.4,195,800,-2.9342,12.263,185.71,656.76,0.24647,0.1135,0.021056,0.22001,0.10879,0.018432,0.20299,0.10192,0.015872,247,247,247,200,201,204,170,169,168,245,244,240,198,187,171,99,102,108,0.54265,0.54518,0.5435
1,5.2988e+05,-2.931,12.32,195,800,-2.914,12.151,185.82,912.99,0.29443,0.11873,0.025664,0.25925,0.11415,0.02176,0.23331,0.10778,0.019008,248,248,248,210,209,210,168,171,172,254,252,249,174,175,170,97,98,102,0.55306,0.54876,0.54674
1,5.2998e+05,-2.931,12.24,195,800,-2.9161,12.086,186.16,842.63,0.28335,0.1195,0.025216,0.24631,0.11675,0.021696,0.2261,0.11377,0.019392,252,250,248,198,208,215,172,173,174,253,253,251,173,170,167,97,96,100,0.55001,0.55016,0.54889
1,5.3008e+05,-2.931,12.16,195,800,-2.9299,12.004,185.67,554.76,0.28547,0.12183,0.026112,0.25775,0.11349,0.022336,0.23472,0.10964,0.019136,248,249,248,226,220,214,190,182,177,253,253,252,174,171,170,93,94,99,0.54553,0.54827,0.54911
1,5.3018e+05,-2.931,12.08,195,800,-2.9278,11.925,185.71,789.91,0.26603,0.11876,0.02336,0.23622,0.11561,0.020352,0.21383,0.11227,0.01824,252,249,247,228,217,207,189,183,179,253,253,253,176,177,173,95,96,100,0.55541,0.5505,0.54765
1,5.3028e+05,-2.931,12,195,800,-2.9055,11.836,186.24,1071.8,0.22919,0.11326,0.019008,0.20745,0.10569,0.016448,0.18887,0.10342,0.014592,250,246,244,169,179,192,186,182,178,255,255,254,192,185,178,98,100,103,0.55675,0.55144,0.54546
1,5.3038e+05,-2.931,11.92,195,800,-2.9289,11.79,186.6,890.38,0.26444,0.12157,0.023744,0.23835,0.11402,0.020224,0.21557,0.11071,0.017856,248,245,244,175,184,193,180,177,175,255,255,255,181,174,160,100,102,108,0.55565,0.55205,0.5467
1,5.3048e+05,-2.931,11.84,195,800,-2.9151,11.696,186.67,1067.1,0.27201,0.12503,0.025216,0.23742,0.11812,0.021248,0.21173,0.11554,0.018752,250,248,246,193,199,202,176,173,173,255,255,255,164,151,145,105,107,112,0.54969,0.5545,0.55043
1,5.3058e+05,-2.931,11.76,195,800,-2.9299,11.626,186.65,891.63,0.23216,0.11716,0.02048,0.20133,0.11229,0.017472,0.18432,0.1095,0.015616,252,252,249,229,208,201,179,170,165,255,255,255,102,108,119,119,117,115,0.5546,0.55327,0.54801
1,5.3068e+05,-2.931,11.68,195,800,-2.932,11.536,186.45,943.87,0.25586,0.13619,0.026752,0.24078,0.12425,0.022976,0.21175,0.12172,0.020288,254,250,249,189,197,195,168,166,164,255,255,255,106,109,113,110,112,114,0.55576,0.55345,0.55057
1,5.3078e+05,-2.931,11.6,195,800,-2.9289,11.46,186.09,1109.4,0.30596,0.12574,0.028672,0.26914,0.1204,0.02496,0.24598,0.11587,0.021824,252,250,249,172,173,178,159,160,162,255,255,255,131,126,122,105,109,120,0.54522,0.5448,0.54719
1,5.3088e+05,-2.931,11.52,195,800,-2.9278,11.38,185.68,929.32,0.31002,0.12967,0.0304,0.28142,0.12478,0.026496,0.26534,0.11699,0.023296,251,250,249,179,176,177,160,162,164,255,255,255,135,135,134,149,152,156,0.55229,0.54847,0.54488
1,5.3098e+05,-2.931,11.44,195,800,-2.9172,11.29,188.12,769.46,0.23904,0.12014,0.021504,0.21294,0.11306,0.018112,0.18958,0.10896,0.015936,251,251,250,182,179,179,162,163,166,255,255,255,136,137,135,184,185,185,0.54787,0.54383,0.5408
1,5.3108e+05,-2.931,11.36,195,800,-2.9236,11.216,187.4,990.18,0.23464,0.12156,0.020544,0.20103,0.11482,0.017408,0.18192,0.11071,0.015232,254,252,250,176,180,180,175,174,173,255,255,255,134,128,123,248,241,233,0.53852,0.53608,0.53698
1,5.3118e+05,-2.931,11.28,195,800,-2.9225,11.136,186.03,1104.1,0.2829,0.1237,0.025792,0.26872,0.11575,0.022272,0.2317,0.10944,0.019072,252,251,249,181,180,178,182,179,176,255,255,255,113,111,111,255,253,247,0.53735,0.53473,0.53649
1,5.3128e+05,-2.931,11.2,195,800,-2.9289,11.08,186.76,784.88,0.25209,0.12288,0.021888,0.2214,0.11567,0.018112,0.19487,0.11061,0.015744,246,247,247,171,172,171,174,176,176,255,255,255,77,84,95,255,255,255,0.54977,0.5415,0.54284
1,5.3138e+05,-2.931,11.12,195,800,-2.9182,10.988,186.12,849.69,0.28816,0.13651,0.028352,0.24915,0.12737,0.02368,0.2124,0.12071,0.01984,244,245,246,159,164,169,169,170,172,255,255,255,98,106,117,255,255,255,0.55157,0.5537,0.55463
1,5.3148e+05,-2.931,11.04,195,800,-2.9225,10.91,187.29,1229.9,0.30556,0.11646,0.025792,0.24526,0.11394,0.020736,0.21167,0.11189,0.01792,246,246,246,173,170,171,178,172,170,255,255,255,123,131,136,255,255,255,0.57529,0.56889,0.55433
1,5.3455e+05,-2.838,11,195,800,-2.844,10.929,0.3201,662.18,0,0,0,0,0,0,0,0,0,246,246,246,168,168,169,172,172,171,255,255,255,158,147,140,255,255,255,0.48803,0.49602,0.50156
1,5.3465e+05,-2.838,11.08,195,800,-2.8472,10.996,185.46,957.4,0.26013,0.119,0.019072,0.16248,0.11325,0.013952,0.14249,0.11012,0.012288,241,242,245,152,159,167,172,173,173,255,255,255,106,105,108,255,255,255,0.57209,0.57313,0.57203
1,5.3475e+05,-2.838,11.16,195,800,-2.8514,11.073,186.38,1199.8,0.16994,0.11971,0.015616,0.15494,0.11331,0.013504,0.13855,0.10805,0.01184,242,243,245,158,162,168,172,174,175,255,255,255,86,88,93,255,255,255,0.55893,0.55908,0.55924
1,5.3485e+05,-2.838,11.24,195,800,-2.8291,11.121,185.2,756.77,0.24962,0.11831,0.022208,0.23587,0.11071,0.019904,0.21917,0.10804,0.017792,249,248,248,172,174,174,184,181,177,255,255,255,83,88,94,255,255,254,0.55258,0.55203,0.55226
1,5.3495e+05,-2.838,11.32,195,800,-2.8312,11.207,185.67,284.62,0.23253,0.12618,0.022272,0.20824,0.11509,0.018496,0.18438,0.10985,0.015744,249,249,249,179,178,178,184,181,176,255,255,255,107,106,103,255,254,248,0.54348,0.55122,0.55148
1,5.3505e+05,-2.838,11.4,195,800,-2.8419,11.311,186.19,785.45,0.31091,0.13385,0.031488,0.27952,0.12375,0.026176,0.2508,0.11795,0.022784,250,249,249,178,180,183,166,168,170,255,255,255,137,129,120,226,219,212,0.55178,0.55107,0.55136
1,5.3515e+05,-2.838,11.48,195,800,-2.8514,11.389,185.38,724.17,0.28994,0.11546,0.024448,0.26152,0.1074,0.020288,0.22625,0.10496,0.017472,244,246,248,184,187,187,167,168,167,255,255,255,115,118,120,144,148,155,0.55363,0.55574,0.55413
1,5.3525e+05,-2.838,11.56,195,800,-2.8514,11.46,185.19,1084.2,0.23315,0.1299,0.022976,0.20878,0.12528,0.019968,0.19275,0.12174,0.01792,247,246,247,197,191,187,177,169,164,255,255,255,116,114,113,121,122,129,0.56906,0.55766,0.55611
1,5.3535e+05,-2.838,11.64,195,800,-2.8419,11.536,185.93,772.91,0.28786,0.13964,0.030976,0.25695,0.13521,0.027072,0.24308,0.12453,0.023552,246,248,249,186,193,196,150,157,161,255,255,255,95,97,100,90,95,102,0.55604,0.55532,0.55576
1,5.3545e+05,-2.838,11.72,195,800,-2.8238,11.584,186.71,519.55,0.34558,0.12029,0.029632,0.27435,0.11835,0.023232,0.22811,0.11602,0.019648,251,249,250,206,203,201,150,153,160,255,255,255,85,90,96,91,92,97,0.55465,0.55411,0.55527
1,5.3555e+05,-2.838,11.8,195,800,-2.8344,11.686,187.35,621.43,0.27193,0.12897,0.02624,0.24933,0.11779,0.022208,0.23657,0.10982,0.01952,253,251,249,223,216,205,162,162,164,255,255,255,96,102,106,99,96,95,0.56069,0.55976,0.55536
1,5.3565e+05,-2.838,11.88,195,800,-2.8472,11.779,186.55,792.92,0.2894,0.12952,0.027264,0.25008,0.12498,0.022976,0.22699,0.11542,0.019712,239,243,246,187,187,189,170,172,173,255,255,255,143,136,128,89,91,93,0.54238,0.55167,0.55433
1,5.3575e+05,-2.838,11.96,195,800,-2.8397,11.836,187.97,789.66,0.29383,0.1312,0.02752,0.2486,0.12708,0.022848,0.21427,0.12242,0.01952,238,242,245,172,176,185,182,177,174,255,255,254,147,143,136,88,90,92,0.54482,0.55595,0.5559
1,5.3585e+05,-2.838,12.04,195,800,-2.844,11.929,186.48,890.93,0.28178,0.12999,0.028096,0.26004,0.12285,0.024448,0.24407,0.11424,0.021632,244,244,244,204,198,195,176,176,177,251,251,249,136,136,136,94,92,91,0.54549,0.55535,0.55392
1,5.3595e+05,-2.838,12.12,195,800,-2.8355,11.991,186.73,953.31,0.28767,0.12721,0.026944,0.24963,0.11883,0.022528,0.22195,0.11547,0.019648,244,244,246,219,214,206,178,177,178,252,247,246,133,133,133,93,91,92,0.55669,0.55112,0.55145
1,5.3605e+05,-2.838,12.2,195,800,-2.8302,12.073,187.08,889.69,0.31581,0.12791,0.028672,0.27685,0.12251,0.024704,0.25181,0.11692,0.021504,250,249,247,225,226,224,185,180,176,242,241,239,128,128,129,91,91,93,0.56153,0.55191,0.54897
1,5.3615e+05,-2.838,12.28,195,800,-2.8365,12.161,186.96,786.6,0.3041,0.13894,0.032128,0.2834,0.12893,0.028032,0.26777,0.12457,0.025536,253,251,249,244,229,221,171,174,175,238,239,234,126,129,130,95,96,98,0.54954,0.54786,0.54669
1,5.3625e+05,-2.838,12.36,195,800,-2.8397,12.243,187.66,695.09,0.2907,0.12391,0.026624,0.26378,0.11733,0.022784,0.24955,0.10924,0.020416,251,250,249,220,219,216,172,172,173,245,237,231,130,130,131,100,100,102,0.54338,0.54429,0.54428
1,5.3635e+05,-2.838,12.44,195,800,-2.8408,12.32,187.14,745.09,0.27996,0.12344,0.025088,0.25699,0.11936,0.021952,0.23853,0.11092,0.019264,248,250,250,204,205,208,170,169,169,228,226,222,126,128,130,108,109,108,0.5421,0.54526,0.54248
1,5.3645e+05,-2.838,12.52,195,800,-2.8334,12.38,187.54,964.46,0.33234,0.12215,0.02976,0.28304,0.11646,0.024896,0.25128,0.11192,0.021312,252,252,250,215,212,205,168,166,166,223,220,217,123,125,128,111,110,111,0.53426,0.53289,0.53555
1,5.3655e+05,-2.838,12.6,195,800,-2.8323,12.463,186.6,917.3,0.25098,0.12332,0.022592,0.23944,0.11686,0.020224,0.21825,0.11513,0.01824,252,249,248,203,201,199,163,163,164,222,217,213,119,120,122,118,118,118,0.53375,0.53466,0.53553
1,5.3665e+05,-2.838,12.68,195,800,-2.8334,12.548,187.16,1018.6,0.28447,0.13002,0.02656,0.24945,0.12008,0.02208,0.217,0.11821,0.019392,241,244,247,188,187,192,163,164,164,228,224,219,115,118,122,128,123,117,0.54122,0.53668,0.53458
1,5.3675e+05,-2.838,12.76,195,800,-2.8355,12.624,187.57,711.83,0.28224,0.12764,0.026624,0.24796,0.12148,0.022976,0.22677,0.11675,0.019904,248,247,247,193,191,192,160,163,166,234,229,221,125,123,122,112,115,116,0.53864,0.53735,0.53479
1,5.3685e+05,-2.838,12.84,195,800,-2.8323,12.698,187.16,561.88,0.22704,0.13178,0.022592,0.19733,0.13022,0.020032,0.18735,0.12565,0.018304,249,248,248,203,199,198,164,164,166,231,225,220,121,120,117,107,108,110,0.52031,0.53159,0.5338
1,5.3695e+05,-2.838,12.92,195,800,-2.8397,12.796,187.57,935.6,0.26807,0.1299,0.02592,0.24636,0.12331,0.022272,0.22504,0.11883,0.019776,245,246,248,196,199,202,164,165,167,215,219,219,104,110,114,111,110,109,0.52888,0.53122,0.53052
1,5.3705e+05,-2.838,13,195,800,-2.8461,12.87,187.6,1118.8,0.25804,0.13115,0.02528,0.22785,0.12624,0.021504,0.20233,0.11939,0.01856,250,249,247,212,212,210,168,168,171,227,220,217,100,101,104,111,110,110,0.54008,0.53159,0.52966
1,5.3715e+05,-2.838,13.08,195,800,-2.8556,12.954,186.78,1385.4,0.24062,0.12149,0.021632,0.20609,0.11405,0.017984,0.18558,0.11147,0.016,246,246,245,208,206,206,177,179,179,231,228,223,94,99,104,113,112,112,0.52589,0.5314,0.53058
1,5.3725e+05,-2.838,13.16,195,800,-2.8291,13.022,188.31,867.91,0.25632,0.12329,0.023104,0.23817,0.11546,0.020096,0.21611,0.11273,0.017664,238,242,244,175,195,207,184,185,181,235,231,223,98,103,106,116,115,115,0.53818,0.52953,0.52791
1,5.3735e+05,-2.838,13.24,195,800,-2.8514,13.111,186.56,1007.7,0.23392,0.1225,0.0208,0.18719,0.11945,0.017472,0.17622,0.11321,0.016,247,246,245,234,217,203,179,177,175,224,225,222,119,115,111,123,122,120,0.54403,0.52989,0.52881
1,5.3745e+05,-2.838,13.32,195,800,-2.8419,13.182,187.75,881.24,0.24161,0.12278,0.02272,0.21602,0.11871,0.019648,0.19054,0.1153,0.017216,252,249,247,234,219,202,163,167,170,219,220,220,119,118,115,126,123,120,0.53109,0.53226,0.53045
1,5.3755e+05,-2.838,13.4,195,800,-2.844,13.263,187.11,1109,0.25814,0.13451,0.026176,0.238,0.129,0.023168,0.22508,0.12091,0.0208,254,253,251,182,190,197,159,160,162,221,221,220,133,129,126,111,115,119,0.51697,0.52594,0.52788
1,5.3765e+05,-2.838,13.48,195,800,-2.8376,13.325,187.79,792.8,0.25969,0.13369,0.025728,0.22619,0.1291,0.02208,0.19387,0.12327,0.018752,247,249,251,200,201,198,163,163,164,236,230,223,151,145,133,115,116,116,0.5159,0.52375,0.52658
1,5.3775e+05,-2.838,13.56,195,800,-2.8302,13.421,186.7,863.47,0.29468,0.12836,0.027392,0.26553,0.124,0.023552,0.228,0.11873,0.020096,245,248,250,220,212,202,164,164,166,235,230,224,148,142,134,118,117,114,0.5304,0.52719,0.52795
1,5.3785e+05,-2.838,13.64,195,800,-2.8514,13.503,186.27,835.78,0.25452,0.12495,0.024512,0.2306,0.11932,0.021312,0.20795,0.1171,0.018944,253,251,250,212,208,201,167,170,172,233,229,222,128,129,128,105,107,108,0.51718,0.52341,0.52786
1,5.3795e+05,-2.838,13.72,195,800,-2.827,13.555,187.8,1066.1,0.25844,0.12059,0.023808,0.23589,0.11733,0.020928,0.22267,0.11303,0.018944,254,252,249,202,197,193,171,173,174,236,227,219,124,125,125,103,103,104,0.52228,0.52657,0.52903
1,5.3805e+05,-2.838,13.8,195,800,-2.8238,13.645,186.62,814.5,0.23489,0.12522,0.022464,0.21466,0.11809,0.019648,0.20102,0.11549,0.017728,247,248,248,166,172,179,178,177,177,217,218,217,118,123,125,105,104,103,0.52297,0.52943,0.52897
1,5.3815e+05,-2.838,13.88,195,800,-2.8503,13.743,185.58,880.48,0.24547,0.126,0.02304,0.22035,0.11915,0.019904,0.20273,0.11533,0.017792,244,246,247,171,177,180,186,183,180,228,223,217,136,129,121,108,107,106,0.53016,0.52518,0.52739
1,5.3825e+05,-2.838,13.96,195,800,-2.845,13.809,185.69,796.58,0.28401,0.12353,0.02496,0.23027,0.11868,0.020352,0.18732,0.11739,0.01728,244,247,248,192,187,181,190,184,178,229,225,219,127,125,121,107,108,109,0.51121,0.5253,0.52885
1,5.3835e+05,-2.838,14.04,195,800,-2.8387,13.891,186.9,1014.8,0.27909,0.12623,0.025792,0.25114,0.11686,0.022016,0.23061,0.1129,0.019392,247,247,248,179,185,189,168,171,173,220,221,218,119,116,114,113,112,110,0.5262,0.52891,0.52968
1,5.3845e+05,-2.838,14.12,195,800,-2.8323,13.965,186.74,719.86,0.27329,0.11532,0.02272,0.22707,0.11324,0.01888,0.18497,0.10854,0.01536,243,246,248,178,183,188,160,164,169,219,219,217,114,111,110,113,112,110,0.54071,0.53224,0.53137
1,5.3855e+05,-2.838,14.2,195,800,-2.8514,14.055,184.57,706.61,0.32026,0.12729,0.0304,0.29089,0.12043,0.02592,0.27278,0.11317,0.022848,246,247,246,183,188,192,164,165,168,215,216,215,102,104,107,103,105,107,0.52702,0.5333,0.53377
1,5.3865e+05,-2.838,14.28,195,800,-2.8291,14.123,185.14,754.1,0.30502,0.12495,0.026304,0.24955,0.11927,0.021888,0.21624,0.11625,0.019008,244,245,245,201,198,197,172,174,175,220,216,213,111,111,110,104,106,107,0.53572,0.53211,0.53133
1,5.3875e+05,-2.838,14.36,195,800,-2.8312,14.189,185.88,975.68,0.21058,0.12281,0.020416,0.19661,0.11804,0.018112,0.17921,0.1153,0.01632,242,244,244,211,205,199,179,179,178,217,215,212,112,113,112,110,109,109,0.52233,0.53099,0.53108
1,5.3885e+05,-2.838,14.44,195,800,-2.8249,14.271,186.75,812.44,0.22494,0.12289,0.020672,0.20877,0.11312,0.017984,0.1939,0.11003,0.015872,251,248,246,203,204,204,182,183,182,211,212,211,120,117,114,115,113,111,0.53246,0.53226,0.53271
1,5.3895e+05,-2.838,14.52,195,800,-2.8291,14.351,185.44,849.21,0.26493,0.11352,0.021952,0.22315,0.1115,0.018368,0.2048,0.10655,0.016192,251,250,248,199,206,207,178,181,183,217,214,211,121,118,113,110,111,114,0.53745,0.53776,0.53698
1,5.3905e+05,-2.838,14.6,195,800,-2.8387,14.448,186.21,781.1,0.26029,0.12514,0.024768,0.23804,0.11795,0.021504,0.22217,0.11449,0.019392,249,249,248,221,213,209,184,183,182,216,217,214,112,112,110,113,114,118,0.5368,0.53866,0.53934
1,5.3915e+05,-2.838,14.68,195,800,-2.8355,14.524,185.15,989.86,0.27086,0.12678,0.025024,0.24457,0.1185,0.021568,0.21857,0.11582,0.019008,247,246,246,192,203,208,183,182,180,222,218,214,104,106,104,121,124,125,0.53222,0.53371,0.53391
1,5.3925e+05,-2.838,14.76,195,800,-2.8312,14.611,186.96,1133.6,0.24994,0.1267,0.023808,0.22773,0.11972,0.020672,0.20755,0.11644,0.018432,243,244,246,197,202,206,181,178,176,215,216,215,105,104,105,128,127,125,0.53173,0.53636,0.53741
1,5.3935e+05,-2.838,14.84,195,800,-2.8291,14.685,186.2,723.97,0.2518,0.12892,0.024704,0.23504,0.11856,0.021248,0.21452,0.11562,0.018816,245,245,245,203,199,195,160,165,170,219,219,219,108,110,108,124,125,125,0.55082,0.54391,0.54127
1,5.3945e+05,-2.838,14.92,195,800,-2.8556,14.783,186.14,912.59,0.26586,0.12119,0.024,0.23698,0.11397,0.020416,0.21987,0.11015,0.018048,246,245,244,186,190,190,160,166,171,225,224,224,114,113,107,122,124,124,0.55487,0.54801,0.5443
1,5.3955e+05,-2.838,15,195,800,-2.8493,14.849,186.06,624.19,0.27205,0.12186,0.024384,0.23835,0.1156,0.020736,0.22338,0.11167,0.018624,237,238,238,182,178,177,188,184,179,245,241,238,97,98,98,123,126,129,0.55776,0.54896,0.54718
1,5.3965e+05,-2.838,15.08,195,800,-2.8461,14.929,186.44,1021.9,0.27991,0.1177,0.024384,0.24079,0.11543,0.0208,0.21442,0.11082,0.017856,232,233,234,168,172,172,192,188,183,255,254,249,89,88,91,139,144,150,0.54075,0.5479,0.54816
1,5.3975e+05,-2.838,15.16,195,800,-2.8461,15.003,186.49,862,0.25058,0.127,0.024,0.22582,0.11889,0.02048,0.20891,0.11512,0.018368,234,234,234,173,169,170,182,182,182,255,255,252,93,94,98,158,163,167,0.54714,0.54647,0.54849
1,5.3985e+05,-2.838,15.24,195,800,-2.8121,15.06,186.72,863.89,0.27202,0.12014,0.023488,0.23273,0.11103,0.019392,0.19863,0.11005,0.016448,239,239,237,166,166,168,175,178,183,255,255,255,121,121,121,203,200,190,0.55244,0.55221,0.5513
1,5.3995e+05,-2.838,15.32,195,800,-2.8514,15.155,186.53,643.24,0.29933,0.12378,0.026624,0.26128,0.11974,0.02208,0.23475,0.11629,0.019328,241,240,238,165,167,168,183,185,186,255,255,255,125,128,125,210,199,186,0.55653,0.55243,0.55365
1,5.4005e+05,-2.838,15.4,195,800,-2.8429,15.256,185.95,773.51,0.21375,0.11586,0.018048,0.17574,0.11431,0.014912,0.15205,0.10849,0.012736,233,233,232,175,169,161,194,192,190,255,255,255,101,108,114,153,157,157,0.57226,0.55758,0.55405
1,5.4015e+05,-2.838,15.48,195,800,-2.8365,15.317,185.76,776.25,0.25525,0.12006,0.022976,0.22966,0.11376,0.019456,0.19709,0.11001,0.016512,220,224,230,138,144,154,184,184,184,255,255,255,86,94,105,124,126,127,0.5591,0.55413,0.55338
1,5.4025e+05,-2.838,15.56,195,800,-2.8281,15.382,186.68,693.97,0.24618,0.12238,0.02272,0.209,0.11709,0.018624,0.18359,0.1133,0.016,227,229,233,131,144,162,181,179,179,255,255,255,109,108,109,122,120,119,0.55196,0.55267,0.5509
1,5.4035e+05,-2.838,15.64,195,800,-2.8334,15.471,185.5,1052.4,0.224,0.12522,0.020096,0.18947,0.11992,0.016896,0.1655,0.11987,0.015104,248,246,244,206,202,197,171,172,173,255,255,255,140,135,127,112,110,109,0.55242,0.54918,0.5493
1,5.4045e+05,-2.838,15.72,195,800,-2.8249,15.527,184.49,660.82,0.23911,0.12885,0.022912,0.21685,0.12158,0.019712,0.20515,0.11548,0.017664,252,251,248,232,227,216,172,173,174,255,255,255,136,136,132,103,104,107,0.54651,0.55024,0.54911
1,5.4055e+05,-2.838,15.8,195,800,-2.8355,15.632,185.15,981.51,0.31459,0.1278,0.029376,0.27378,0.12322,0.0256,0.25071,0.11713,0.022592,249,248,247,233,229,225,184,180,177,255,255,255,130,127,127,102,105,111,0.55887,0.55441,0.55559
1,5.4065e+05,-2.838,15.88,195,800,-2.8344,15.718,185.06,1078.6,0.27204,0.11834,0.023488,0.22295,0.11349,0.018944,0.20141,0.10728,0.016384,245,244,244,211,210,210,186,180,176,255,255,255,114,118,125,126,129,138,0.55314,0.55841,0.56289
1,5.4075e+05,-2.838,15.96,195,800,-2.8206,15.766,186.53,862.79,0.2437,0.12667,0.0224,0.22096,0.11748,0.018944,0.20863,0.11394,0.017024,247,244,243,201,203,204,179,175,174,255,255,255,124,130,128,151,154,155,0.58465,0.57289,0.56035
1,5.4382e+05,-2.745,16,195,800,-2.7697,15.794,0.6048,597.03,0,0,0,0,0,0,0,0,0,238,238,239,182,189,190,173,174,175,255,255,255,127,126,128,170,166,165,0.53462,0.51704,0.51189
1,5.4392e+05,-2.745,15.92,195,800,-2.7559,15.707,187.56,437.2,0.18565,0.14187,0.019776,0.17205,0.12982,0.016384,0.15855,0.11836,0.013696,237,237,239,213,206,200,176,177,178,255,255,255,114,116,123,131,134,139,0.57081,0.57239,0.57374
1,5.4402e+05,-2.745,15.84,195,800,-2.7495,15.641,186.18,662.83,0.28952,0.11358,0.021504,0.18485,0.10838,0.01536,0.1669,0.10434,0.01344,237,238,240,204,209,209,174,178,179,255,255,255,118,119,123,125,124,125,0.55299,0.56091,0.56337
1,5.4412e+05,-2.745,15.76,195,800,-2.7623,15.569,184.86,629.87,0.28707,0.13582,0.029504,0.26356,0.1271,0.025408,0.24527,0.12233,0.02272,244,245,245,234,228,218,180,177,174,255,255,255,129,129,128,110,112,114,0.55073,0.555,0.55668
1,5.4422e+05,-2.745,15.68,195,800,-2.7368,15.474,185.68,1085.6,0.37908,0.11696,0.03296,0.34,0.10729,0.026752,0.29969,0.099508,0.021952,251,248,245,244,228,208,172,172,172,255,255,255,129,130,130,106,111,114,0.56463,0.55706,0.55322
1,5.4432e+05,-2.745,15.6,195,800,-2.7495,15.398,185.59,1025.8,0.27244,0.12538,0.02592,0.18858,0.12343,0.01824,0.17394,0.11679,0.016,237,237,237,161,165,170,167,171,173,255,255,255,122,122,119,114,116,117,0.54673,0.55337,0.55116
1,5.4442e+05,-2.745,15.52,195,800,-2.7527,15.349,186.63,686.29,0.34158,0.12363,0.030848,0.27067,0.11723,0.024064,0.24066,0.11403,0.020864,216,221,228,121,129,143,181,183,181,255,255,255,89,96,103,117,121,125,0.54072,0.55005,0.55004
1,5.4452e+05,-2.745,15.44,195,800,-2.7453,15.254,185.67,828.46,0.37128,0.12464,0.03456,0.33241,0.11799,0.028992,0.27758,0.1111,0.023424,221,223,228,138,140,145,189,188,185,255,255,255,82,89,97,125,127,132,0.55891,0.54891,0.54952
1,5.4462e+05,-2.745,15.36,195,800,-2.7602,15.196,186.3,806.25,0.26964,0.12456,0.02432,0.23041,0.11727,0.020032,0.20777,0.1132,0.0176,235,235,234,164,168,166,197,192,186,255,255,255,102,95,92,154,153,152,0.54336,0.55232,0.55151
1,5.4472e+05,-2.745,15.28,195,800,-2.7506,15.117,187.14,449.68,0.27942,0.14804,0.030528,0.24914,0.13887,0.025984,0.23094,0.12952,0.022784,236,238,237,174,176,175,189,185,183,255,255,253,95,92,91,167,164,159,0.55225,0.54738,0.54917
1,5.4482e+05,-2.745,15.2,195,800,-2.7368,15.003,186.31,748.54,0.3029,0.15748,0.032704,0.27541,0.13689,0.026496,0.24492,0.12358,0.021696,240,239,237,189,186,182,170,174,179,250,251,248,67,74,81,167,163,157,0.55211,0.54856,0.54832
1,5.4492e+05,-2.745,15.12,195,800,-2.7474,14.94,186.88,831.64,0.31575,0.12075,0.02688,0.26698,0.11279,0.021504,0.24287,0.1067,0.018304,229,234,236,182,184,182,175,178,178,244,241,237,67,69,74,137,137,138,0.54911,0.54136,0.54458
1,5.4502e+05,-2.745,15.04,195,800,-2.7474,14.852,185.82,1007.7,0.27105,0.1379,0.026944,0.244,0.13122,0.022976,0.22583,0.12026,0.020352,231,235,237,184,181,181,175,179,178,229,232,230,68,71,74,126,129,130,0.54807,0.5425,0.54469
1,5.4512e+05,-2.745,14.96,195,800,-2.7432,14.781,187.57,716.27,0.31287,0.12866,0.03008,0.27297,0.12112,0.024768,0.22986,0.11463,0.01984,240,241,240,175,183,187,174,173,173,213,215,216,77,76,78,127,125,122,0.54288,0.54412,0.54235
1,5.4522e+05,-2.745,14.88,195,800,-2.7506,14.714,187.48,663.78,0.30534,0.11459,0.024256,0.2124,0.1135,0.01824,0.18245,0.10818,0.015296,245,244,242,194,194,193,166,168,172,207,209,209,75,76,79,122,123,123,0.541,0.54027,0.53775
1,5.4532e+05,-2.745,14.8,195,800,-2.7464,14.624,185.53,751.88,0.33071,0.11505,0.027072,0.28741,0.10973,0.0224,0.25702,0.10326,0.018752,243,244,245,213,209,204,168,171,174,199,200,200,71,74,78,125,125,124,0.53156,0.54076,0.53873
1,5.4542e+05,-2.745,14.72,195,800,-2.7559,14.562,186.19,753.26,0.30144,0.16206,0.03424,0.26661,0.14745,0.028928,0.25173,0.13265,0.02528,244,246,247,204,204,210,179,180,180,194,195,195,68,72,77,124,124,121,0.53111,0.53699,0.53531
1,5.4552e+05,-2.745,14.64,195,800,-2.7495,14.468,186.64,1034.6,0.37591,0.12528,0.032448,0.29608,0.11668,0.02496,0.25259,0.11443,0.020928,248,249,249,199,209,214,179,180,181,194,194,194,67,70,77,118,117,117,0.53349,0.53665,0.53633
1,5.4562e+05,-2.745,14.56,195,800,-2.7527,14.402,186.27,709.52,0.30464,0.12429,0.028288,0.27835,0.11847,0.024512,0.25574,0.11446,0.021888,249,250,250,237,230,222,180,181,182,196,195,192,69,73,79,105,106,107,0.53317,0.53593,0.53693
1,5.4572e+05,-2.745,14.48,195,800,-2.758,14.319,185.89,983.34,0.27563,0.11489,0.022144,0.22146,0.10971,0.01792,0.19443,0.10563,0.015296,247,248,249,238,232,226,187,183,181,195,193,191,71,75,80,102,103,105,0.52959,0.53199,0.53231
1,5.4582e+05,-2.745,14.4,195,800,-2.7209,14.203,186.08,1027.2,0.25252,0.12736,0.024512,0.24097,0.1165,0.021376,0.21581,0.11096,0.018624,245,245,246,223,222,218,174,177,178,187,189,190,75,78,82,101,101,101,0.53225,0.5289,0.53027
1,5.4592e+05,-2.745,14.32,195,800,-2.7517,14.157,185.49,812.21,0.31383,0.12387,0.028864,0.28727,0.11673,0.025152,0.26756,0.11042,0.02208,244,245,246,199,199,203,172,172,174,193,193,191,75,77,80,99,99,100,0.52848,0.53053,0.52918
1,5.4602e+05,-2.745,14.24,195,800,-2.7464,14.068,185.29,902.02,0.26755,0.11834,0.02208,0.21672,0.1137,0.017792,0.19335,0.10826,0.01568,249,247,245,181,188,197,171,171,172,197,194,191,75,76,79,105,102,101,0.53075,0.52824,0.52631
1,5.4612e+05,-2.745,14.16,195,800,-2.7421,14,187.61,838.93,0.28013,0.12283,0.025792,0.25066,0.11583,0.021824,0.22407,0.11311,0.01888,244,245,246,191,188,189,170,169,170,192,191,190,69,73,78,106,106,105,0.53034,0.52726,0.52772
1,5.4622e+05,-2.745,14.08,195,800,-2.7411,13.901,186.25,809.69,0.27334,0.12515,0.025216,0.25383,0.11907,0.02176,0.23104,0.1135,0.018624,245,245,247,194,189,190,171,169,170,195,191,190,70,74,78,109,107,106,0.52912,0.52591,0.526
1,5.4632e+05,-2.745,14,195,800,-2.7485,13.824,185.92,1055.8,0.27156,0.12415,0.0256,0.24415,0.11736,0.021632,0.219,0.11115,0.018816,251,248,247,194,189,186,172,173,174,196,195,193,73,76,82,103,103,103,0.52633,0.52778,0.52755
1,5.4642e+05,-2.745,13.92,195,800,-2.7294,13.736,187.7,657.19,0.29547,0.12253,0.026688,0.26473,0.11777,0.023168,0.24689,0.10995,0.020224,243,246,248,168,174,180,177,178,176,203,200,196,81,83,87,95,95,98,0.54446,0.52874,0.52677
1,5.4652e+05,-2.745,13.84,195,800,-2.7527,13.685,186.55,920.95,0.26435,0.14008,0.027904,0.23956,0.13143,0.024064,0.22059,0.1256,0.02112,248,247,248,160,167,178,176,177,176,203,200,197,95,88,88,95,94,95,0.52482,0.52488,0.52516
1,5.4662e+05,-2.745,13.76,195,800,-2.7506,13.595,186.21,1125.9,0.26233,0.12494,0.024896,0.23396,0.1209,0.021312,0.21011,0.11654,0.018688,250,249,248,183,181,183,180,176,173,200,197,197,84,85,89,90,92,95,0.50552,0.52258,0.52573
1,5.4672e+05,-2.745,13.68,195,800,-2.7432,13.514,187.48,969.61,0.28764,0.11878,0.023104,0.23746,0.10966,0.018304,0.19318,0.10926,0.015808,247,247,248,189,189,189,176,173,172,193,196,198,82,84,89,90,93,96,0.51839,0.5258,0.52651
1,5.4682e+05,-2.745,13.6,195,800,-2.7612,13.466,187.44,583,0.32908,0.12262,0.02976,0.28438,0.11887,0.024832,0.25386,0.11511,0.021248,251,248,248,206,198,195,169,167,167,208,202,200,86,88,93,104,102,102,0.52154,0.52535,0.52573
1,5.4692e+05,-2.745,13.52,195,800,-2.7379,13.35,187.46,894.69,0.30589,0.11868,0.024768,0.21523,0.1182,0.019392,0.18727,0.11732,0.016704,255,253,250,186,187,191,161,162,163,204,202,200,86,88,93,106,104,103,0.52895,0.5225,0.5227
1,5.4702e+05,-2.745,13.44,195,800,-2.7294,13.254,186.82,1171.4,0.29846,0.12031,0.026304,0.2617,0.11498,0.02176,0.23806,0.10689,0.018176,254,253,250,179,182,190,160,160,162,202,201,200,79,84,90,99,100,104,0.5334,0.52857,0.52552
1,5.4712e+05,-2.745,13.36,195,800,-2.7612,13.212,187.18,826.13,0.27233,0.12651,0.026112,0.24544,0.11839,0.022336,0.22432,0.1131,0.01952,251,249,249,199,194,194,156,160,167,205,199,196,76,79,85,104,104,106,0.53282,0.52455,0.52575
1,5.4722e+05,-2.745,13.28,195,800,-2.7262,13.123,188,641.33,0.29581,0.12239,0.026176,0.26482,0.11828,0.022336,0.24524,0.11145,0.019456,246,247,246,199,199,196,164,170,173,196,197,197,77,78,82,112,110,108,0.5316,0.52897,0.52613
1,5.4732e+05,-2.745,13.2,195,800,-2.7506,13.045,187.2,673.84,0.25902,0.12505,0.024128,0.22663,0.12116,0.020736,0.20743,0.11688,0.018752,239,240,242,185,191,202,202,193,184,200,197,196,72,74,77,111,110,110,0.52566,0.53002,0.52765
1,5.4742e+05,-2.745,13.12,195,800,-2.7506,12.972,187.34,756.37,0.27509,0.11715,0.02336,0.24887,0.10999,0.019264,0.21847,0.10442,0.016192,244,243,244,220,214,208,192,187,183,190,192,195,66,69,74,106,106,107,0.52817,0.52394,0.52509
1,5.4752e+05,-2.745,13.04,195,800,-2.7559,12.905,187.94,1085.2,0.24981,0.12467,0.022464,0.22072,0.11747,0.019456,0.20537,0.11218,0.017216,250,249,246,232,222,210,180,179,177,185,190,194,68,69,73,105,106,107,0.52237,0.52418,0.52591
1,5.4762e+05,-2.745,12.96,195,800,-2.7559,12.812,187.64,1051.2,0.30402,0.1279,0.028992,0.26929,0.12225,0.024704,0.25066,0.11427,0.021184,251,250,249,205,206,208,168,168,168,192,193,195,74,74,78,111,112,109,0.53143,0.52823,0.52854
1,5.4772e+05,-2.745,12.88,195,800,-2.7549,12.757,185.87,965.19,0.30833,0.1212,0.026816,0.25259,0.1144,0.020928,0.2016,0.11512,0.017408,251,249,248,205,201,200,170,168,167,194,196,198,77,77,80,117,113,109,0.53183,0.53115,0.53084
1,5.4782e+05,-2.745,12.8,195,800,-2.7432,12.644,187.32,675.08,0.24705,0.12097,0.021568,0.22249,0.11183,0.018624,0.20703,0.10966,0.016704,245,246,246,197,198,194,174,171,167,205,202,199,77,80,84,105,110,114,0.53927,0.53044,0.53057
1,5.4792e+05,-2.745,12.72,195,800,-2.7453,12.555,187.31,868.69,0.26505,0.12729,0.024512,0.23942,0.11687,0.020736,0.2103,0.11516,0.017856,249,247,247,192,194,197,168,166,165,192,194,194,82,83,87,133,125,118,0.53548,0.53072,0.53094
1,5.4802e+05,-2.745,12.64,195,800,-2.7411,12.474,186.43,1303.1,0.24289,0.12537,0.023168,0.21546,0.12189,0.020096,0.19907,0.11233,0.017536,247,249,249,191,199,202,162,163,164,184,187,191,85,85,88,132,126,119,0.53623,0.534,0.53278
1,5.4812e+05,-2.745,12.56,195,800,-2.7432,12.415,187.35,1016.7,0.25181,0.12772,0.023424,0.20902,0.12318,0.019328,0.18853,0.11795,0.016896,255,254,252,214,211,205,165,165,166,187,188,190,84,85,90,116,116,117,0.5389,0.53653,0.53263
1,5.4822e+05,-2.745,12.48,195,800,-2.7336,12.324,186.34,775.46,0.2926,0.12881,0.026304,0.25019,0.12104,0.022784,0.21887,0.11796,0.0192,255,254,252,200,204,206,167,169,169,192,192,192,80,84,90,117,117,115,0.52678,0.53203,0.53477
1,5.4832e+05,-2.745,12.4,195,800,-2.7283,12.252,187.21,796.46,0.25259,0.13406,0.026112,0.23738,0.1258,0.023104,0.22291,0.11907,0.02048,249,250,251,202,206,210,181,178,174,198,199,201,78,82,89,120,115,109,0.53277,0.53705,0.5374
1,5.4842e+05,-2.745,12.32,195,800,-2.7495,12.158,185.76,1085.8,0.26332,0.12128,0.02368,0.24229,0.11393,0.02048,0.21766,0.10829,0.017856,248,248,249,248,237,223,174,176,177,205,207,210,81,84,90,98,100,101,0.54186,0.54474,0.5433
1,5.4852e+05,-2.745,12.24,195,800,-2.757,12.085,187.94,1044.7,0.255,0.12051,0.022464,0.22791,0.11399,0.0192,0.20311,0.10928,0.016704,243,247,248,243,238,226,172,175,176,209,211,215,80,85,91,94,95,96,0.54107,0.5428,0.54339
1,5.4862e+05,-2.745,12.16,195,800,-2.7527,12.018,186.35,777.19,0.29429,0.12459,0.02528,0.2309,0.12232,0.020416,0.19549,0.1183,0.017664,240,242,244,217,214,213,169,172,173,218,223,227,86,88,94,91,92,93,0.5511,0.54329,0.54327
1,5.4872e+05,-2.745,12.08,195,800,-2.7506,11.943,188.33,606.13,0.30712,0.12233,0.027264,0.25849,0.11862,0.022656,0.23309,0.11106,0.019392,236,240,243,198,199,201,163,168,172,230,233,234,87,90,95,90,91,91,0.537,0.5417,0.54505
1,5.4882e+05,-2.745,12,195,800,-2.7379,11.844,187.4,961.54,0.28163,0.1207,0.024704,0.23681,0.11736,0.02048,0.2138,0.10923,0.017152,243,241,241,165,175,187,166,168,170,254,251,248,89,93,98,87,88,88,0.54991,0.54973,0.54892
1,5.4892e+05,-2.745,11.92,195,800,-2.7665,11.788,187.16,915.26,0.23667,0.11582,0.020096,0.19565,0.11213,0.016768,0.1771,0.10869,0.014848,241,244,245,191,193,196,172,171,171,255,255,254,87,90,93,82,84,87,0.54411,0.54975,0.55066
1,5.4902e+05,-2.745,11.84,195,800,-2.7517,11.689,185.55,862.68,0.25921,0.12249,0.022528,0.21242,0.12022,0.019008,0.19305,0.1145,0.01664,249,248,247,212,209,204,174,171,167,255,255,255,81,84,89,83,85,87,0.5559,0.5529,0.55048
1,5.4912e+05,-2.745,11.76,195,800,-2.7495,11.622,186.03,816.47,0.29846,0.1315,0.028864,0.25626,0.125,0.024,0.23501,0.1212,0.021504,251,250,249,196,207,207,148,156,160,255,255,255,75,76,81,85,87,89,0.54949,0.55326,0.55264
1,5.4922e+05,-2.745,11.68,195,800,-2.7474,11.55,187.38,907.9,0.2527,0.12638,0.02368,0.22115,0.12233,0.019584,0.19166,0.11786,0.01696,248,247,248,195,196,202,146,152,160,255,255,255,74,78,83,84,88,92,0.56156,0.55331,0.55192
1,5.4932e+05,-2.745,11.6,195,800,-2.7389,11.46,185.8,794.81,0.2654,0.12702,0.025984,0.23793,0.12068,0.022016,0.21696,0.11329,0.019136,245,245,246,191,192,193,168,166,164,255,255,255,93,93,93,102,106,111,0.55361,0.5497,0.5511
1,5.4942e+05,-2.745,11.52,195,800,-2.7474,11.38,185.56,1155.5,0.26193,0.12773,0.024576,0.23007,0.11774,0.020416,0.20973,0.11417,0.018176,247,247,247,201,199,195,173,172,170,255,255,255,106,107,106,149,153,159,0.55445,0.55192,0.55145
1,5.4952e+05,-2.745,11.44,195,800,-2.7506,11.29,186.09,852.43,0.25791,0.13311,0.025792,0.23162,0.12437,0.021504,0.21491,0.11992,0.019392,248,248,248,199,198,194,169,170,171,255,255,255,119,113,107,185,189,189,0.55638,0.55433,0.55421
1,5.4962e+05,-2.745,11.36,195,800,-2.7602,11.226,186.78,743.39,0.30159,0.12412,0.027584,0.25847,0.11808,0.022976,0.21975,0.11388,0.019008,249,250,250,184,186,187,168,170,172,255,255,255,97,98,98,254,247,236,0.55866,0.55507,0.55539
1,5.4972e+05,-2.745,11.28,195,800,-2.7464,11.132,187.52,701.49,0.25695,0.12667,0.02368,0.21955,0.12181,0.019776,0.20069,0.11593,0.017216,251,250,250,175,179,183,172,173,173,255,255,255,79,85,91,255,255,250,0.56477,0.55891,0.55788
1,5.4982e+05,-2.745,11.2,195,800,-2.7527,11.065,185.27,1027.1,0.27161,0.12647,0.025728,0.2424,0.11871,0.022016,0.21412,0.11671,0.019136,246,248,248,177,176,177,175,175,175,255,255,255,76,77,83,255,255,255,0.56246,0.56137,0.55936
1,5.4992e+05,-2.745,11.12,195,800,-2.7432,10.991,186.57,927.65,0.29226,0.12686,0.028352,0.26402,0.11827,0.023744,0.23436,0.11584,0.020736,244,245,247,177,175,176,178,174,171,255,255,255,90,98,109,255,255,255,0.57202,0.57238,0.57057
1,5.5002e+05,-2.745,11.04,195,800,-2.7411,10.921,186.94,752.66,0.26253,0.12149,0.022784,0.22838,0.11681,0.019072,0.19553,0.11296,0.016512,245,245,246,172,174,176,170,169,169,255,255,255,121,127,127,255,255,255,0.5808,0.57557,0.56453
1,5.5309e+05,-2.652,11,195,800,-2.6339,10.91,-0.32874,742.99,0,0,0,0,0,0,0,0,0,250,251,250,191,196,197,167,168,168,255,255,255,180,168,160,255,255,255,0.49185,0.49728,0.50799
1,5.5319e+05,-2.652,11.08,195,800,-2.6456,10.979,186.54,660.87,0.20274,0.11819,0.016384,0.17889,0.11116,0.013888,0.15169,0.10858,0.012288,254,252,250,216,204,196,172,171,169,255,255,255,95,103,115,255,255,255,0.58087,0.5822,0.58084
1,5.5329e+05,-2.652,11.16,195,800,-2.6498,11.065,186.56,804.27,0.29923,0.12097,0.022848,0.178,0.11795,0.016128,0.16357,0.11544,0.014784,252,252,250,192,195,196,169,170,171,255,255,255,77,82,93,255,255,255,0.57216,0.56875,0.56765
1,5.5339e+05,-2.652,11.24,195,800,-2.6498,11.137,186.5,657.78,0.23578,0.1261,0.02208,0.1928,0.12375,0.01856,0.18103,0.11715,0.016192,251,251,250,187,185,189,177,172,171,255,255,255,74,73,76,255,255,254,0.5571,0.5607,0.56121
1,5.5349e+05,-2.652,11.32,195,800,-2.6403,11.22,187.48,978.78,0.30828,0.13708,0.030656,0.26503,0.1311,0.02624,0.25012,0.12359,0.023232,251,251,250,186,189,192,171,172,172,255,255,255,71,74,79,255,254,249,0.55337,0.55394,0.55609
1,5.5359e+05,-2.652,11.4,195,800,-2.6519,11.306,187.57,994.07,0.30497,0.12313,0.025664,0.25937,0.11467,0.02112,0.22691,0.11281,0.018432,252,251,249,209,204,199,174,172,172,255,255,255,84,87,90,233,224,215,0.55293,0.55438,0.55404
1,5.5369e+05,-2.652,11.48,195,800,-2.6572,11.383,187.56,1352.6,0.27143,0.14328,0.029632,0.24506,0.136,0.025728,0.22643,0.13087,0.022976,245,246,247,204,201,197,171,172,172,255,255,255,100,99,97,153,156,162,0.54738,0.55116,0.55183
1,5.5379e+05,-2.652,11.56,195,800,-2.6434,11.44,186.23,787.38,0.30474,0.12561,0.027648,0.25286,0.12003,0.02176,0.18222,0.11755,0.016512,246,246,246,190,190,191,172,171,170,255,255,255,100,97,94,127,129,135,0.54259,0.54744,0.54972
1,5.5389e+05,-2.652,11.64,195,800,-2.6445,11.522,187.26,687.36,0.29433,0.12889,0.027712,0.27325,0.11883,0.023232,0.24281,0.11483,0.01984,245,246,246,172,181,192,167,165,166,255,255,255,79,79,82,96,98,102,0.55269,0.55407,0.55394
1,5.5399e+05,-2.652,11.72,195,800,-2.6562,11.604,186.41,847.46,0.31656,0.1173,0.027008,0.29181,0.10526,0.022272,0.26811,0.1027,0.019648,245,246,247,192,197,199,161,164,166,255,255,255,69,72,75,92,92,93,0.54685,0.5478,0.54838
1,5.5409e+05,-2.652,11.8,195,800,-2.6413,11.672,186.36,694.01,0.33621,0.12857,0.03264,0.31996,0.12097,0.028416,0.30085,0.11424,0.025728,252,250,247,237,226,210,172,170,168,255,255,255,68,69,71,87,86,84,0.53095,0.54865,0.54916
1,5.5419e+05,-2.652,11.88,195,800,-2.6551,11.757,183.92,797.35,0.24875,0.13154,0.02336,0.20531,0.12535,0.019712,0.18759,0.11842,0.017344,242,244,245,195,199,202,170,171,171,255,254,252,70,71,73,81,82,83,0.53491,0.54629,0.54741
1,5.5429e+05,-2.652,11.96,195,800,-2.6583,11.842,185.34,773.13,0.3375,0.12607,0.030592,0.27088,0.1182,0.024128,0.24672,0.11482,0.021184,238,240,243,179,188,196,170,170,170,254,252,248,73,73,73,82,83,84,0.54961,0.54628,0.54579
1,5.5439e+05,-2.652,12.04,195,800,-2.6445,11.912,186.32,1029.8,0.30405,0.11726,0.025216,0.27643,0.11092,0.021504,0.2549,0.10595,0.01824,242,242,242,198,195,193,163,166,169,231,233,232,72,72,73,91,90,89,0.54209,0.54348,0.54452
1,5.5449e+05,-2.652,12.12,195,800,-2.6519,11.999,185.39,1095.6,0.25624,0.1259,0.025152,0.24017,0.12068,0.022336,0.22675,0.11535,0.020352,244,244,244,197,197,197,164,167,169,220,221,221,70,70,72,93,93,92,0.53883,0.54279,0.54231
1,5.5459e+05,-2.652,12.2,195,800,-2.6413,12.062,186.35,1044.9,0.32854,0.1197,0.026624,0.25764,0.11587,0.020608,0.21722,0.11214,0.017792,248,248,247,205,207,207,175,175,173,199,202,203,70,72,72,97,95,94,0.53549,0.54087,0.54156
1,5.5469e+05,-2.652,12.28,195,800,-2.6689,12.172,185.39,939.64,0.2823,0.12687,0.026944,0.2542,0.12007,0.023232,0.23053,0.11612,0.02016,250,250,249,213,213,208,175,178,176,188,189,189,78,74,72,95,98,100,0.52599,0.53646,0.53877
1,5.5479e+05,-2.652,12.36,195,800,-2.6604,12.251,186.07,858.44,0.29755,0.12266,0.02688,0.25815,0.11552,0.022336,0.23324,0.11336,0.01984,247,249,250,197,204,206,179,178,176,177,179,184,68,70,73,102,104,104,0.53312,0.53586,0.53747
1,5.5489e+05,-2.652,12.44,195,800,-2.6562,12.306,185.95,756.31,0.27603,0.12275,0.025088,0.25047,0.11666,0.02144,0.2181,0.11309,0.018048,253,252,252,186,194,203,173,173,172,165,168,173,71,72,74,115,113,109,0.53276,0.53496,0.53435
1,5.5499e+05,-2.652,12.52,195,800,-2.653,12.376,186.13,711.09,0.2381,0.1262,0.022528,0.22639,0.11919,0.020352,0.21146,0.11317,0.017792,255,254,253,194,202,207,165,169,170,166,165,169,79,76,75,111,111,110,0.52397,0.53017,0.53097
1,5.5509e+05,-2.652,12.6,195,800,-2.6615,12.476,186.57,800.47,0.3198,0.12082,0.027456,0.26634,0.11874,0.023104,0.24612,0.1101,0.019968,255,254,251,229,217,207,162,163,165,152,158,165,74,75,75,109,111,114,0.52474,0.52731,0.52834
1,5.5519e+05,-2.652,12.68,195,800,-2.6594,12.547,185.99,498.48,0.22625,0.12843,0.0224,0.20176,0.12228,0.019328,0.18419,0.11806,0.017152,240,244,246,184,191,197,163,164,165,161,162,167,65,67,69,117,117,114,0.52984,0.53119,0.53086
1,5.5529e+05,-2.652,12.76,195,800,-2.6509,12.633,186.58,643.84,0.30992,0.1273,0.028352,0.27683,0.12034,0.024256,0.24541,0.11618,0.021248,235,241,245,179,183,190,168,166,165,163,166,170,61,63,67,111,113,114,0.52837,0.52858,0.53079
1,5.5539e+05,-2.652,12.84,195,800,-2.6551,12.717,185.77,636.02,0.27651,0.13085,0.02656,0.23719,0.12775,0.022656,0.20757,0.12402,0.019648,244,244,245,184,186,189,162,164,166,170,174,177,61,62,64,107,108,110,0.53501,0.52645,0.52748
1,5.5549e+05,-2.652,12.92,195,800,-2.6371,12.772,186.3,993.21,0.27475,0.12996,0.02688,0.24791,0.12342,0.022848,0.21555,0.11723,0.019392,243,245,246,188,190,194,160,163,165,180,178,177,62,63,64,112,110,108,0.52267,0.52223,0.52708
1,5.5559e+05,-2.652,13,195,800,-2.6689,12.876,186.14,675.89,0.26496,0.13075,0.025024,0.22031,0.12434,0.020352,0.18988,0.12256,0.018048,250,248,247,210,211,208,161,164,169,170,172,174,60,61,62,101,103,105,0.53097,0.53229,0.52919
1,5.5569e+05,-2.652,13.08,195,800,-2.6604,12.956,186.57,856.93,0.22274,0.13086,0.022464,0.20653,0.12111,0.01952,0.1924,0.11859,0.01792,245,244,244,223,216,208,187,183,179,160,164,170,55,57,59,97,98,100,0.51772,0.52259,0.52451
1,5.5579e+05,-2.652,13.16,195,800,-2.6519,13.02,186.3,936.4,0.28826,0.12851,0.027328,0.255,0.11804,0.022848,0.23088,0.11498,0.01984,239,241,243,200,204,205,194,188,182,162,164,169,54,56,58,98,99,101,0.53124,0.52497,0.52572
1,5.5589e+05,-2.652,13.24,195,800,-2.6339,13.082,185.74,1039.5,0.24685,0.12923,0.023488,0.22166,0.12239,0.020032,0.19797,0.1158,0.017344,245,242,242,200,195,193,174,178,179,166,167,169,57,58,59,104,102,100,0.53538,0.52627,0.52483
1,5.5599e+05,-2.652,13.32,195,800,-2.6424,13.17,185.88,635.71,0.27315,0.12918,0.026048,0.24229,0.12253,0.022016,0.22037,0.11689,0.01952,242,243,243,194,192,190,175,173,174,167,168,169,57,58,60,101,100,99,0.50736,0.51984,0.52425
1,5.5609e+05,-2.652,13.4,195,800,-2.6562,13.27,186.47,643.92,0.27477,0.1236,0.025344,0.24366,0.11712,0.02144,0.21661,0.11451,0.018816,243,245,245,181,183,187,171,169,167,164,166,169,56,58,62,89,94,98,0.52515,0.52476,0.52524
1,5.5619e+05,-2.652,13.48,195,800,-2.6541,13.346,187.23,780.91,0.30202,0.12587,0.0288,0.26021,0.11822,0.023616,0.22151,0.11566,0.019712,251,247,244,191,189,187,165,164,165,162,166,171,62,63,65,104,100,98,0.5339,0.52898,0.52502
1,5.5629e+05,-2.652,13.56,195,800,-2.6604,13.412,186.43,1086.2,0.24825,0.11881,0.021632,0.21858,0.11055,0.01824,0.18854,0.1106,0.015936,241,243,244,197,189,187,160,164,166,165,167,171,64,65,66,100,100,98,0.52107,0.52248,0.52154
1,5.5639e+05,-2.652,13.64,195,800,-2.6541,13.499,185.62,987.93,0.22765,0.12977,0.022272,0.21363,0.12028,0.019584,0.1924,0.11713,0.017344,241,242,244,167,180,189,171,171,170,166,169,173,67,66,67,98,96,94,0.52391,0.52807,0.5264
1,5.5649e+05,-2.652,13.72,195,800,-2.6466,13.576,185.58,720.52,0.29465,0.13815,0.027776,0.27029,0.1251,0.023808,0.24625,0.11859,0.0208,245,246,246,186,186,188,172,172,173,168,169,173,65,65,67,95,92,91,0.53833,0.52724,0.5271
1,5.5659e+05,-2.652,13.8,195,800,-2.6763,13.688,187.35,1040.3,0.27881,0.13267,0.02752,0.24529,0.12691,0.023488,0.22163,0.12434,0.0208,252,251,249,201,194,185,167,171,172,170,171,173,64,66,67,83,86,89,0.52505,0.52813,0.52669
1,5.5669e+05,-2.652,13.88,195,800,-2.6647,13.748,187.46,913.65,0.35123,0.12578,0.030912,0.28649,0.11683,0.024256,0.23549,0.11486,0.019712,253,251,250,178,183,184,171,168,169,166,168,171,61,63,65,92,92,93,0.5274,0.52947,0.52595
1,5.5679e+05,-2.652,13.96,195,800,-2.6753,13.843,186.41,895.73,0.26746,0.12747,0.025664,0.23464,0.12261,0.022016,0.20177,0.11902,0.018496,252,250,249,187,186,185,167,167,168,162,164,168,59,60,62,96,97,97,0.5226,0.52483,0.52592
1,5.5689e+05,-2.652,14.04,195,800,-2.6594,13.904,186.28,853.86,0.27252,0.13066,0.027072,0.25172,0.12281,0.023552,0.23241,0.11786,0.020864,247,247,247,189,193,193,172,171,172,151,156,163,55,56,59,106,104,102,0.53583,0.53095,0.52875
1,5.5699e+05,-2.652,14.12,195,800,-2.6551,13.974,187.21,648.16,0.23947,0.12788,0.02176,0.20596,0.12,0.01824,0.18118,0.11757,0.016,244,246,247,197,197,196,175,175,174,148,154,163,56,56,59,107,104,102,0.51781,0.52413,0.52668
1,5.5709e+05,-2.652,14.2,195,800,-2.6795,14.071,185.71,976.59,0.24563,0.13321,0.021504,0.20827,0.1256,0.018624,0.18826,0.11836,0.016192,249,247,246,210,203,200,183,181,179,160,161,166,61,60,60,95,96,99,0.53028,0.52423,0.52741
1,5.5719e+05,-2.652,14.28,195,800,-2.6806,14.165,186.82,1037.2,0.23728,0.12576,0.022656,0.21321,0.12343,0.020032,0.19065,0.11801,0.017152,242,244,246,204,208,211,180,179,178,167,167,168,59,61,62,88,90,93,0.53046,0.53059,0.52875
1,5.5729e+05,-2.652,14.36,195,800,-2.6371,14.201,187.01,1023.4,0.21615,0.12359,0.019968,0.1932,0.11304,0.016512,0.16741,0.11114,0.0144,245,245,246,218,220,220,176,176,178,166,166,168,62,62,63,88,89,93,0.52669,0.52543,0.52653
1,5.5739e+05,-2.652,14.44,195,800,-2.6604,14.299,186.91,831.95,0.26696,0.12199,0.023808,0.23743,0.11687,0.020416,0.22174,0.10946,0.017984,249,248,246,239,237,234,183,182,180,160,163,168,63,62,62,95,95,95,0.5222,0.53234,0.53261
1,5.5749e+05,-2.652,14.52,195,800,-2.6636,14.382,186.03,680.98,0.25327,0.1247,0.024256,0.22677,0.11831,0.020608,0.20298,0.11657,0.018176,246,247,247,237,237,233,188,184,181,163,164,168,59,60,61,100,98,99,0.52702,0.53178,0.53184
1,5.5759e+05,-2.652,14.6,195,800,-2.6816,14.481,186.58,993.77,0.27955,0.13102,0.027648,0.24401,0.12319,0.022976,0.22162,0.12006,0.020608,252,250,248,229,223,222,180,181,182,161,165,170,59,58,60,105,106,109,0.54569,0.53626,0.53458
1,5.5769e+05,-2.652,14.68,195,800,-2.6679,14.54,184.44,928.1,0.25568,0.12904,0.025152,0.23569,0.12076,0.02176,0.21107,0.1175,0.019136,252,251,248,213,212,211,194,184,178,165,169,175,62,61,61,125,121,119,0.54012,0.53186,0.53156
1,5.5779e+05,-2.652,14.76,195,800,-2.6604,14.606,185.77,839.77,0.26278,0.12743,0.024768,0.23952,0.11874,0.021248,0.21747,0.1155,0.018752,251,248,247,215,210,208,185,182,177,172,174,178,62,62,62,126,124,121,0.54458,0.5391,0.53436
1,5.5789e+05,-2.652,14.84,195,800,-2.6647,14.712,186.76,1195.4,0.22637,0.1285,0.021696,0.19754,0.12288,0.018432,0.18655,0.11646,0.016384,240,241,242,201,200,198,177,175,175,187,185,186,62,62,63,117,118,120,0.52424,0.53167,0.53419
1,5.5799e+05,-2.652,14.92,195,800,-2.6594,14.777,186.3,786.71,0.27515,0.12657,0.025856,0.2466,0.12327,0.022592,0.21593,0.11794,0.019008,238,239,240,190,190,191,174,174,174,190,189,190,62,62,64,114,116,118,0.54547,0.53889,0.53758
1,5.5809e+05,-2.652,15,195,800,-2.6551,14.859,185.74,855.98,0.25028,0.12655,0.02368,0.21998,0.12273,0.020224,0.1891,0.11629,0.017344,241,238,238,177,177,180,172,173,174,200,200,202,60,63,66,116,116,117,0.53698,0.53784,0.53922
1,5.5819e+05,-2.652,15.08,195,800,-2.6583,14.934,184.62,841.88,0.26836,0.12935,0.026304,0.24899,0.12023,0.02272,0.23203,0.11527,0.020416,239,238,237,179,182,183,176,176,175,216,216,218,61,63,66,119,120,125,0.53928,0.54163,0.54107
1,5.5829e+05,-2.652,15.16,195,800,-2.671,15.017,186.56,945.07,0.27147,0.12185,0.023488,0.2258,0.11851,0.019392,0.19733,0.11042,0.016448,239,238,237,196,189,185,181,177,177,221,224,227,61,63,67,124,128,131,0.53964,0.54607,0.54416
1,5.5839e+05,-2.652,15.24,195,800,-2.653,15.082,186.12,1316.6,0.22764,0.12304,0.020864,0.19568,0.118,0.017472,0.16984,0.1156,0.015296,234,236,237,195,190,183,180,180,180,251,246,244,71,73,76,141,141,142,0.5418,0.54276,0.54579
1,5.5849e+05,-2.652,15.32,195,800,-2.6636,15.172,185.54,805.93,0.26835,0.12385,0.024512,0.23837,0.12054,0.021376,0.21642,0.11534,0.01856,237,236,237,184,180,178,182,180,180,255,253,249,81,82,81,138,140,142,0.54556,0.54723,0.54657
1,5.5859e+05,-2.652,15.4,195,800,-2.6403,15.212,185.36,629.46,0.23882,0.12789,0.0224,0.21198,0.12237,0.019264,0.19202,0.11531,0.016832,237,235,233,153,155,157,174,177,180,255,255,255,85,88,92,123,127,132,0.55642,0.54698,0.54792
1,5.5869e+05,-2.652,15.48,195,800,-2.6519,15.313,186.14,932.49,0.24869,0.12697,0.023808,0.21091,0.12192,0.019584,0.18411,0.11629,0.016896,222,228,231,121,129,141,180,178,174,255,255,255,110,107,106,120,119,122,0.55403,0.5516,0.55077
1,5.5879e+05,-2.652,15.56,195,800,-2.6466,15.393,185.56,769.98,0.27916,0.12513,0.025472,0.24085,0.11854,0.021632,0.22071,0.11504,0.019136,232,231,233,122,131,147,177,173,170,255,255,255,133,119,112,122,121,121,0.5583,0.55248,0.55112
1,5.5889e+05,-2.652,15.64,195,800,-2.6509,15.466,186.64,1295.1,0.26867,0.13009,0.025152,0.2394,0.12745,0.022016,0.21756,0.12066,0.018752,248,246,240,197,189,180,158,163,167,255,255,255,118,125,129,128,125,120,0.54889,0.54935,0.55157
1,5.5899e+05,-2.652,15.72,195,800,-2.6572,15.565,186.92,965.95,0.29127,0.12487,0.027584,0.26357,0.11752,0.023488,0.24815,0.11454,0.021248,246,245,243,222,210,195,166,167,168,255,255,255,129,130,132,125,122,120,0.555,0.55354,0.55301
1,5.5909e+05,-2.652,15.8,195,800,-2.6392,15.623,186.04,857.8,0.3054,0.1267,0.028032,0.28493,0.12098,0.024704,0.26113,0.11655,0.021248,237,237,240,193,199,204,174,176,175,255,255,255,134,133,131,117,120,122,0.56654,0.56161,0.55983
1,5.5919e+05,-2.652,15.88,195,800,-2.6519,15.698,186.95,725.31,0.28666,0.13339,0.027776,0.25106,0.12276,0.022144,0.2224,0.11244,0.017792,229,232,236,184,184,187,183,179,176,255,255,255,116,119,124,136,139,145,0.57061,0.57029,0.56917
1,5.5929e+05,-2.652,15.96,195,800,-2.6541,15.792,187.42,1014.9,0.22938,0.12607,0.021824,0.20425,0.12337,0.019328,0.19531,0.11859,0.0176,231,234,236,174,178,182,178,177,176,255,255,255,113,117,122,157,162,160,0.5716,0.56972,0.56271
1,5.6236e+05,-2.559,16,195,800,-2.5671,15.783,-0.073836,1054.7,0,0,0,0,0,0,0,0,0,236,235,234,170,170,175,171,172,174,255,255,255,129,125,125,212,198,186,0.51039,0.51291,0.51875
1,5.6246e+05,-2.559,15.92,195,800,-2.5628,15.707,185.75,680.12,0.16952,0.12032,0.015744,0.16339,0.11182,0.013824,0.14707,0.10846,0.012352,238,236,237,182,185,188,174,175,174,255,255,255,127,129,133,137,141,149,0.57979,0.58247,0.57798
1,5.6256e+05,-2.559,15.84,195,800,-2.5554,15.631,185.98,654.1,0.24363,0.11932,0.021824,0.22414,0.10951,0.018176,0.20053,0.1068,0.015872,240,239,238,192,195,196,180,177,173,255,255,255,144,141,138,117,122,130,0.55643,0.56449,0.56508
1,5.6266e+05,-2.559,15.76,195,800,-2.5564,15.564,186.51,626.99,0.28348,0.12533,0.0272,0.26476,0.11738,0.023808,0.24516,0.11252,0.020992,245,244,242,204,200,197,171,170,167,255,255,255,155,151,146,119,120,122,0.56601,0.56112,0.55948
1,5.6276e+05,-2.559,15.68,195,800,-2.5522,15.465,185.47,698.69,0.3671,0.12412,0.030784,0.31349,0.11758,0.025408,0.27753,0.11295,0.021248,245,242,240,191,187,184,164,162,164,255,255,255,145,145,146,130,127,124,0.55491,0.55534,0.555
1,5.6286e+05,-2.559,15.6,195,800,-2.5554,15.408,185.56,933.42,0.43114,0.1226,0.036864,0.36441,0.11766,0.029248,0.32758,0.1103,0.023104,230,229,230,132,141,155,155,158,164,255,255,255,128,133,135,127,126,125,0.55584,0.5531,0.55206
1,5.6296e+05,-2.559,15.52,195,800,-2.566,15.327,188.06,860.09,0.35651,0.12221,0.031616,0.26982,0.11845,0.02368,0.23185,0.11145,0.019456,225,227,228,140,146,153,172,170,169,255,255,255,107,113,117,115,119,125,0.54049,0.54554,0.54864
1,5.6306e+05,-2.559,15.44,195,800,-2.549,15.234,186.92,944.43,0.34749,0.12811,0.033216,0.29633,0.11946,0.026944,0.26417,0.11414,0.022912,239,233,230,176,168,162,171,172,172,255,255,255,100,103,107,131,127,126,0.55901,0.55115,0.54849
1,5.6316e+05,-2.559,15.36,195,800,-2.5363,15.139,187.67,1253.3,0.40154,0.12033,0.032128,0.29598,0.1187,0.025152,0.26539,0.11437,0.021248,245,240,236,182,185,183,172,174,176,255,254,253,90,90,90,140,138,135,0.53327,0.54101,0.54558
1,5.6326e+05,-2.559,15.28,195,800,-2.5554,15.073,186.27,935.68,0.2996,0.12365,0.02816,0.26643,0.11637,0.023744,0.24148,0.1105,0.020672,239,237,236,177,183,187,181,178,177,252,250,246,81,83,85,140,139,136,0.54669,0.54406,0.5452
1,5.6336e+05,-2.559,15.2,195,800,-2.5596,15.01,187.25,1069.5,0.3033,0.1163,0.026176,0.2657,0.109,0.02144,0.22478,0.10644,0.018176,233,236,238,184,186,185,184,182,179,221,225,228,71,70,74,133,130,128,0.53966,0.53918,0.54206
1,5.6346e+05,-2.559,15.12,195,800,-2.5766,14.94,188.23,669.02,0.30559,0.12034,0.025664,0.25331,0.1172,0.021632,0.22386,0.11293,0.018304,244,242,240,173,179,185,175,175,175,201,202,205,73,70,68,110,112,117,0.54485,0.54471,0.54115
1,5.6356e+05,-2.559,15.04,195,800,-2.5522,14.843,186.5,988.88,0.28827,0.11365,0.024256,0.26048,0.10436,0.019968,0.22215,0.10204,0.01664,234,238,241,176,179,186,171,173,175,191,194,197,79,71,66,105,109,113,0.54761,0.5394,0.53813
1,5.6366e+05,-2.559,14.96,195,800,-2.5586,14.791,186.69,878.58,0.30333,0.1256,0.027712,0.25036,0.12008,0.022208,0.21113,0.1136,0.018432,237,238,240,182,188,192,183,179,176,180,180,182,63,64,63,112,111,112,0.53437,0.53671,0.53593
1,5.6376e+05,-2.559,14.88,195,800,-2.5724,14.704,186.35,973.99,0.26938,0.12607,0.026112,0.24433,0.11715,0.021952,0.21935,0.11298,0.019328,241,240,241,187,193,199,181,179,176,173,175,177,60,60,60,110,112,114,0.55324,0.53644,0.53165
1,5.6386e+05,-2.559,14.8,195,800,-2.5639,14.631,186.88,605.15,0.33483,0.11751,0.029056,0.28336,0.11277,0.023168,0.24873,0.10611,0.019264,242,244,246,202,205,207,169,173,176,172,171,170,54,56,58,123,121,119,0.5342,0.53402,0.53236
1,5.6396e+05,-2.559,14.72,195,800,-2.5575,14.533,187.37,490.31,0.3057,0.12437,0.028224,0.26973,0.11513,0.02368,0.2503,0.11056,0.020928,253,250,247,207,211,213,174,174,176,168,166,165,56,55,57,125,121,117,0.53141,0.53652,0.53535
1,5.6406e+05,-2.559,14.64,195,800,-2.5692,14.471,186.99,730.44,0.34333,0.11756,0.0288,0.28273,0.11234,0.023104,0.25347,0.11019,0.020416,248,246,247,213,211,216,171,177,178,161,162,163,53,55,57,111,114,113,0.53189,0.53268,0.53278
1,5.6416e+05,-2.559,14.56,195,800,-2.5363,14.371,186.43,774.95,0.29714,0.12699,0.028032,0.25378,0.12173,0.02336,0.23283,0.11534,0.02048,241,242,246,228,227,226,185,182,180,158,158,159,55,55,56,99,101,102,0.53595,0.53192,0.53014
1,5.6426e+05,-2.559,14.48,195,800,-2.5554,14.31,186.67,935.67,0.34484,0.11608,0.028544,0.31197,0.10925,0.02368,0.27007,0.10722,0.020224,247,245,245,250,240,231,182,181,180,157,157,158,56,56,56,96,97,97,0.54002,0.53322,0.53018
1,5.6436e+05,-2.559,14.4,195,800,-2.5681,14.224,186.99,1019.8,0.24378,0.12446,0.021504,0.20445,0.11699,0.017408,0.1746,0.11566,0.014912,246,247,246,248,242,231,176,178,180,156,156,157,55,55,55,87,89,91,0.52798,0.5335,0.53066
1,5.6446e+05,-2.559,14.32,195,800,-2.5511,14.149,186.33,850.75,0.23495,0.11882,0.021184,0.2072,0.11467,0.018304,0.18577,0.11138,0.016128,247,246,247,218,217,217,184,183,182,154,155,156,51,52,54,89,89,91,0.52718,0.5272,0.5278
1,5.6456e+05,-2.559,14.24,195,800,-2.5766,14.087,187.16,1066.9,0.27584,0.12215,0.024832,0.24163,0.11517,0.020864,0.2103,0.10973,0.017728,246,247,247,203,208,211,187,186,183,152,154,154,52,53,54,94,93,94,0.52756,0.52274,0.52527
1,5.6466e+05,-2.559,14.16,195,800,-2.5564,13.979,185.64,1013.3,0.29577,0.13878,0.031424,0.2721,0.13162,0.02752,0.25223,0.12563,0.024384,248,248,247,206,206,203,187,184,182,148,149,150,54,53,52,99,101,101,0.54134,0.53092,0.52669
1,5.6476e+05,-2.559,14.08,195,800,-2.5681,13.924,186.54,836.47,0.30445,0.12588,0.027328,0.24877,0.12488,0.02272,0.22177,0.11853,0.019648,247,247,247,198,202,200,176,179,179,145,146,149,49,50,52,105,104,102,0.51861,0.52237,0.52607
1,5.6486e+05,-2.559,14,195,800,-2.5596,13.831,186.67,883.11,0.31869,0.12369,0.028864,0.27744,0.11603,0.024,0.25397,0.1118,0.020864,244,246,247,187,186,189,168,168,170,147,148,150,50,51,52,96,98,98,0.53306,0.52961,0.52704
1,5.6496e+05,-2.559,13.92,195,800,-2.566,13.775,186.16,767.03,0.29289,0.11816,0.025088,0.26074,0.11269,0.021376,0.22993,0.11031,0.018368,252,250,249,177,183,188,148,157,166,154,155,156,55,55,54,93,91,89,0.5241,0.52863,0.52785
1,5.6506e+05,-2.559,13.84,195,800,-2.5681,13.693,185.52,609.88,0.27171,0.12019,0.023232,0.23635,0.11411,0.0192,0.19857,0.11337,0.016896,252,251,250,186,188,190,160,163,168,157,158,158,56,55,55,87,87,86,0.51916,0.52417,0.52669
1,5.6516e+05,-2.559,13.76,195,800,-2.5692,13.602,185.87,628.64,0.27741,0.11288,0.023424,0.2567,0.10367,0.02016,0.22548,0.10136,0.01728,250,249,248,194,194,195,182,178,173,157,159,160,53,54,56,82,83,85,0.52941,0.52676,0.52671
1,5.6526e+05,-2.559,13.68,195,800,-2.5596,13.522,187.39,624.48,0.26736,0.12763,0.023232,0.22883,0.12133,0.019072,0.20336,0.11307,0.016576,250,247,245,194,194,195,172,176,176,159,159,160,53,55,57,86,86,86,0.51476,0.52615,0.52604
1,5.6536e+05,-2.559,13.6,195,800,-2.5448,13.437,185.83,516.54,0.301,0.12243,0.0272,0.25813,0.1189,0.02368,0.23776,0.1138,0.020608,233,237,240,188,193,196,173,171,172,158,157,157,56,56,57,90,91,91,0.52692,0.52846,0.52747
1,5.6546e+05,-2.559,13.52,195,800,-2.5448,13.35,185.89,1060.2,0.28958,0.12351,0.025728,0.25254,0.12136,0.022464,0.22923,0.11638,0.019712,231,236,239,190,191,192,160,166,171,148,149,153,54,54,56,95,94,94,0.54268,0.52855,0.52676
1,5.6556e+05,-2.559,13.44,195,800,-2.5734,13.29,184.74,782.14,0.29045,0.12354,0.026432,0.25068,0.12165,0.022528,0.22566,0.11556,0.019456,238,239,240,189,187,190,166,169,171,145,147,151,55,54,54,97,95,94,0.53218,0.5288,0.52632
1,5.6566e+05,-2.559,13.36,195,800,-2.5713,13.215,186.03,570.18,0.2649,0.1264,0.025152,0.23596,0.12113,0.021696,0.21783,0.11571,0.0192,240,242,243,180,189,194,175,174,173,144,146,149,50,51,51,93,94,95,0.53077,0.53019,0.52651
1,5.6576e+05,-2.559,13.28,195,800,-2.5702,13.115,185.61,767.78,0.25023,0.12553,0.022912,0.20926,0.11958,0.019136,0.18902,0.11689,0.017152,245,244,243,200,198,195,174,173,174,146,147,149,49,49,51,95,95,94,0.51146,0.52094,0.52595
1,5.6586e+05,-2.559,13.2,195,800,-2.5427,13.036,187.14,616.12,0.24769,0.12472,0.0224,0.21493,0.12108,0.019264,0.19396,0.11765,0.017216,239,242,243,189,196,201,176,177,177,149,149,151,48,50,51,91,94,95,0.52564,0.52778,0.52587
1,5.6596e+05,-2.559,13.12,195,800,-2.5575,12.973,186.41,932.31,0.30074,0.12319,0.027584,0.25491,0.12069,0.022976,0.2149,0.11741,0.019456,246,245,245,205,204,203,176,174,171,158,158,157,53,53,53,99,97,96,0.53705,0.52974,0.52663
1,5.6606e+05,-2.559,13.04,195,800,-2.5596,12.869,187.06,1125.7,0.30648,0.12051,0.0272,0.25658,0.11678,0.022464,0.22697,0.11251,0.0192,248,247,245,211,208,203,159,163,167,166,162,160,53,54,54,100,100,99,0.52583,0.52371,0.52256
1,5.6616e+05,-2.559,12.96,195,800,-2.5533,12.806,186.41,531.59,0.29271,0.1323,0.028928,0.25612,0.12792,0.024448,0.23098,0.12186,0.02176,244,244,245,190,193,198,160,159,161,164,165,164,57,56,57,108,106,102,0.53186,0.52558,0.52709
1,5.6626e+05,-2.559,12.88,195,800,-2.5681,12.731,186.84,901.98,0.2398,0.12811,0.023104,0.20721,0.12263,0.019648,0.19698,0.1157,0.0176,242,243,244,185,187,191,168,164,161,168,165,164,56,57,59,109,106,103,0.5314,0.52787,0.52825
1,5.6636e+05,-2.559,12.8,195,800,-2.5564,12.634,186.3,866.57,0.26819,0.12456,0.025024,0.22171,0.11931,0.02048,0.19736,0.11625,0.01792,247,245,244,182,183,184,161,163,162,161,161,161,58,60,61,104,106,106,0.51916,0.52888,0.52999
1,5.6646e+05,-2.559,12.72,195,800,-2.5628,12.553,187.23,860.27,0.24779,0.13003,0.024064,0.21224,0.12678,0.020608,0.19267,0.12339,0.018304,243,245,247,184,188,194,160,160,162,155,157,158,62,63,64,125,115,107,0.51781,0.526,0.52916
1,5.6656e+05,-2.559,12.64,195,800,-2.5586,12.481,186.44,1007.1,0.30007,0.12259,0.026688,0.24827,0.1176,0.021952,0.22393,0.11523,0.019648,246,248,249,206,204,201,163,163,164,153,156,158,68,66,65,116,110,106,0.5304,0.53012,0.52899
1,5.6666e+05,-2.559,12.56,195,800,-2.5448,12.4,186.08,803.59,0.25541,0.1283,0.024064,0.21345,0.12241,0.02016,0.20023,0.11853,0.017984,254,253,252,223,217,206,173,170,168,160,159,160,70,69,67,94,98,104,0.52881,0.52959,0.52798
1,5.6676e+05,-2.559,12.48,195,800,-2.5724,12.33,186.81,801.34,0.25774,0.13053,0.02624,0.23181,0.1242,0.022464,0.21938,0.11795,0.020288,253,253,253,210,207,205,170,170,170,161,160,161,72,69,68,99,100,103,0.5305,0.52781,0.53012
1,5.6686e+05,-2.559,12.4,195,800,-2.5607,12.247,187.65,783.5,0.29586,0.12216,0.024576,0.24055,0.11512,0.020224,0.19336,0.11379,0.016896,253,252,252,201,196,195,169,169,171,163,166,171,71,71,70,106,103,102,0.52378,0.53306,0.53475
1,5.6696e+05,-2.559,12.32,195,800,-2.5501,12.147,188.03,984.24,0.2902,0.11099,0.023296,0.26234,0.10772,0.020608,0.22201,0.10429,0.01728,254,252,251,192,195,196,171,173,173,190,186,183,68,71,69,95,96,98,0.53033,0.53635,0.53744
1,5.6706e+05,-2.559,12.24,195,800,-2.5458,12.065,186.15,1250.5,0.26879,0.1225,0.024384,0.2375,0.11691,0.0208,0.21639,0.11334,0.018496,250,250,250,191,191,196,178,173,173,195,190,189,66,67,68,93,94,95,0.5324,0.53735,0.53821
1,5.6716e+05,-2.559,12.16,195,800,-2.5427,12.005,186.78,1001.5,0.2559,0.1282,0.024576,0.23089,0.12165,0.021184,0.20446,0.11792,0.018624,248,248,248,183,189,197,174,171,171,191,195,202,61,62,65,98,94,92,0.54289,0.5416,0.54193
1,5.6726e+05,-2.559,12.08,195,800,-2.566,11.924,186.95,736.68,0.30184,0.1227,0.026304,0.24762,0.11516,0.020992,0.21595,0.11318,0.01824,249,247,246,198,197,198,173,170,170,205,207,211,60,62,64,94,92,90,0.54448,0.54366,0.5431
1,5.6736e+05,-2.559,12,195,800,-2.5702,11.87,186.62,717.34,0.32733,0.12031,0.028864,0.28318,0.1146,0.023808,0.26066,0.11105,0.021184,243,243,243,212,204,201,174,171,169,240,235,233,63,64,65,83,82,83,0.53811,0.54144,0.54397
1,5.6746e+05,-2.559,11.92,195,800,-2.531,11.736,187.39,1085.1,0.31604,0.12762,0.029888,0.27974,0.12081,0.025728,0.25867,0.11775,0.022976,243,243,244,195,203,209,169,169,170,249,250,249,67,66,66,75,77,79,0.54943,0.55008,0.54659
1,5.6756e+05,-2.559,11.84,195,800,-2.5596,11.694,187.24,818.49,0.30686,0.1204,0.026688,0.2543,0.11694,0.021888,0.22827,0.10995,0.018624,249,246,245,209,211,211,170,169,170,255,254,252,67,66,67,78,78,80,0.54201,0.54491,0.5446
1,5.6766e+05,-2.559,11.76,195,800,-2.566,11.627,186.27,1131.2,0.29156,0.12571,0.027264,0.26451,0.1188,0.02336,0.2382,0.11665,0.020736,246,245,245,218,210,204,180,174,170,255,255,255,66,68,71,81,84,87,0.55715,0.54944,0.54593
1,5.6776e+05,-2.559,11.68,195,800,-2.5469,11.519,187.41,1164.8,0.28712,0.12939,0.026432,0.23013,0.12288,0.020928,0.1961,0.12108,0.017984,241,243,244,189,194,196,173,173,170,255,255,255,69,71,74,86,90,97,0.54216,0.54393,0.54518
1,5.6786e+05,-2.559,11.6,195,800,-2.5692,11.464,188.24,790.72,0.29802,0.12541,0.026304,0.24888,0.11879,0.022016,0.2228,0.11517,0.018816,245,244,243,175,179,184,169,171,172,255,255,255,87,88,85,123,125,128,0.54175,0.54924,0.54881
1,5.6796e+05,-2.559,11.52,195,800,-2.5724,11.376,187.94,795.47,0.23493,0.13366,0.023168,0.20845,0.12459,0.01952,0.18396,0.12027,0.017088,243,244,246,195,196,194,176,176,175,255,255,255,105,96,88,162,166,170,0.54425,0.54665,0.54904
1,5.6806e+05,-2.559,11.44,195,800,-2.5618,11.308,188.72,1030.6,0.2157,0.14015,0.021696,0.19602,0.12997,0.018752,0.1802,0.12564,0.01664,247,247,247,207,204,198,177,177,176,255,255,255,88,89,86,181,189,195,0.56324,0.55402,0.55111
1,5.6816e+05,-2.559,11.36,195,800,-2.5618,11.206,186.97,1279.7,0.28896,0.1291,0.027968,0.25841,0.12497,0.024704,0.23858,0.11631,0.021504,249,249,249,198,200,200,173,174,175,255,255,255,78,75,75,247,240,232,0.55757,0.55413,0.55349
1,5.6826e+05,-2.559,11.28,195,800,-2.5628,11.15,185.73,906.56,0.2619,0.12758,0.024896,0.23571,0.12193,0.021632,0.21008,0.11419,0.018496,245,248,250,196,197,198,174,173,173,255,255,255,70,71,72,255,253,246,0.55677,0.55625,0.55714
1,5.6836e+05,-2.559,11.2,195,800,-2.5596,11.068,186.25,787.62,0.31306,0.12772,0.02816,0.28152,0.11645,0.02336,0.25101,0.11276,0.019968,252,250,250,203,205,202,162,166,169,255,255,255,69,71,77,255,255,255,0.56272,0.56271,0.56185
1,5.6846e+05,-2.559,11.12,195,800,-2.5787,11.015,186.63,768.36,0.25326,0.12164,0.022656,0.21195,0.11914,0.019584,0.20232,0.11066,0.017344,252,252,251,225,218,208,162,165,168,255,255,254,110,118,122,255,255,255,0.58111,0.57331,0.57267
1,5.6856e+05,-2.559,11.04,195,800,-2.5681,10.929,186.01,571.86,0.25749,0.12337,0.024448,0.24878,0.11388,0.021248,0.22717,0.1096,0.018752,251,251,250,227,218,209,168,169,169,255,254,254,178,164,149,255,255,255,0.59101,0.58086,0.5693
1,5.7163e+05,-2.466,11,195,800,-2.4716,10.92,0.22079,505.2,0,0,0,0,0,0,0,0,0,245,247,248,202,205,208,172,172,173,250,251,253,195,183,169,255,255,255,0.49171,0.50336,0.50941
1,5.7173e+05,-2.466,11.08,195,800,-2.4822,11.013,185.78,653.84,0.23787,0.11272,0.018048,0.19167,0.11123,0.014656,0.15212,0.10823,0.012416,248,248,248,197,207,210,168,168,170,252,252,253,102,111,118,255,255,255,0.58646,0.58461,0.5815
1,5.7183e+05,-2.466,11.16,195,800,-2.4705,11.079,187.29,799.42,0.24837,0.11145,0.019712,0.16659,0.11018,0.014208,0.15113,0.10735,0.012608,246,248,249,207,209,209,168,168,170,252,253,253,72,79,92,255,255,255,0.57232,0.5661,0.56696
1,5.7193e+05,-2.466,11.24,195,800,-2.4652,11.128,185.37,765.11,0.26102,0.11679,0.022912,0.23406,0.11267,0.01984,0.22407,0.10396,0.017728,251,250,250,203,201,199,172,173,174,255,255,254,66,67,70,255,255,252,0.55668,0.55821,0.5593
1,5.7203e+05,-2.466,11.32,195,800,-2.4694,11.214,186.27,664.56,0.3283,0.12706,0.032064,0.30341,0.12198,0.028288,0.28973,0.11342,0.025088,252,251,250,191,193,196,181,177,175,255,255,254,71,71,70,255,250,244,0.57082,0.56003,0.55733
1,5.7213e+05,-2.466,11.4,195,800,-2.4641,11.282,186.16,729.94,0.29656,0.12272,0.026752,0.2656,0.11385,0.022528,0.24239,0.10868,0.019392,250,250,249,194,195,191,177,179,179,255,255,255,72,74,77,209,212,213,0.54982,0.55221,0.55368
1,5.7223e+05,-2.466,11.48,195,800,-2.4726,11.366,186.59,972.26,0.30155,0.13046,0.029504,0.27478,0.12444,0.025472,0.25059,0.11617,0.02208,245,246,247,194,189,186,187,183,178,255,255,255,77,79,79,192,181,173,0.5487,0.55228,0.55098
1,5.7233e+05,-2.466,11.56,195,800,-2.4652,11.455,186.3,975.04,0.31356,0.12289,0.028224,0.28092,0.115,0.023744,0.25087,0.11244,0.020864,242,244,245,173,180,183,180,179,177,255,255,255,79,80,79,188,167,153,0.54623,0.5477,0.54722
1,5.7243e+05,-2.466,11.64,195,800,-2.4641,11.513,187.33,750.14,0.34324,0.1257,0.031488,0.29638,0.11688,0.025408,0.26164,0.11421,0.0224,238,242,244,182,180,182,168,170,172,255,255,255,81,77,76,111,116,118,0.5434,0.55042,0.54752
1,5.7253e+05,-2.466,11.72,195,800,-2.4737,11.614,187.23,831.46,0.34195,0.12062,0.0304,0.30942,0.11151,0.025472,0.29103,0.10587,0.022272,240,241,245,184,186,190,169,170,170,255,255,255,79,76,73,94,97,102,0.55107,0.54646,0.54509
1,5.7263e+05,-2.466,11.8,195,800,-2.4705,11.689,186.15,654.91,0.33165,0.13017,0.031552,0.30544,0.11824,0.026688,0.28767,0.11533,0.023616,244,244,245,212,205,201,166,167,168,255,255,254,70,70,68,79,80,83,0.54836,0.54953,0.54614
1,5.7273e+05,-2.466,11.88,195,800,-2.4779,11.764,186.39,1037.8,0.29657,0.12379,0.027456,0.27895,0.11533,0.024064,0.25871,0.10853,0.020672,243,243,244,216,214,211,163,166,169,249,248,245,64,64,64,75,77,79,0.55592,0.54414,0.54417
1,5.7283e+05,-2.466,11.96,195,800,-2.4684,11.847,187.28,814.63,0.25746,0.1245,0.024448,0.24626,0.11795,0.021824,0.23526,0.11356,0.019904,244,244,244,223,216,210,171,170,169,237,238,238,63,63,62,77,79,81,0.54979,0.54454,0.54432
1,5.7293e+05,-2.466,12.04,195,800,-2.4525,11.906,188.26,679.71,0.2814,0.12534,0.026816,0.26057,0.11859,0.023296,0.24092,0.11469,0.020736,244,245,246,195,204,208,168,171,171,213,214,216,61,60,60,84,85,86,0.52862,0.53623,0.54137
1,5.7303e+05,-2.466,12.12,195,800,-2.4716,12.003,187.16,706.65,0.32938,0.12156,0.030144,0.29517,0.11552,0.025152,0.25187,0.11082,0.020992,244,247,247,197,201,205,165,169,172,200,203,205,62,60,59,87,88,89,0.55621,0.54396,0.54145
1,5.7313e+05,-2.466,12.2,195,800,-2.4748,12.073,185.86,683.47,0.31466,0.13534,0.032768,0.29074,0.12347,0.027584,0.26731,0.11706,0.023936,253,250,248,201,203,199,170,173,174,187,189,191,61,61,61,92,93,93,0.54141,0.54084,0.54068
1,5.7323e+05,-2.466,12.28,195,800,-2.4811,12.165,188.17,1061.8,0.31016,0.1319,0.03072,0.2728,0.12401,0.025664,0.25757,0.12032,0.02304,248,249,249,198,196,194,171,172,173,188,185,180,66,66,64,97,97,97,0.54329,0.54274,0.53881
1,5.7333e+05,-2.466,12.36,195,800,-2.444,12.228,187.07,1047.2,0.27197,0.11874,0.023104,0.24812,0.11146,0.020096,0.22857,0.10756,0.017664,251,249,249,189,191,190,165,169,172,180,177,174,72,68,64,100,99,98,0.54496,0.53547,0.53387
1,5.7343e+05,-2.466,12.44,195,800,-2.4525,12.305,188.04,1057.5,0.2927,0.11404,0.023424,0.25413,0.10719,0.019072,0.21393,0.10461,0.015808,250,251,251,178,184,192,171,171,170,162,162,162,59,60,61,101,101,100,0.52841,0.53053,0.53079
1,5.7353e+05,-2.466,12.52,195,800,-2.4716,12.394,185.98,692.62,0.32102,0.11907,0.027328,0.2712,0.11277,0.022016,0.23566,0.10896,0.018432,251,252,252,184,191,196,174,173,170,163,160,158,53,55,59,101,100,100,0.51753,0.52777,0.52892
1,5.7363e+05,-2.466,12.6,195,800,-2.4482,12.445,186.23,789.33,0.27043,0.12209,0.024,0.23656,0.11547,0.01984,0.20595,0.11147,0.016704,252,252,252,209,203,198,170,168,166,166,161,156,54,57,59,98,98,100,0.522,0.52776,0.52936
1,5.7373e+05,-2.466,12.68,195,800,-2.4928,12.571,186.1,1039.2,0.28897,0.13197,0.027904,0.24264,0.12669,0.023424,0.20819,0.12279,0.019904,253,251,250,176,186,196,156,157,160,156,156,155,61,63,63,96,97,98,0.53208,0.53045,0.53093
1,5.7383e+05,-2.466,12.76,195,800,-2.4864,12.649,186.86,1078.6,0.30395,0.12743,0.028864,0.272,0.11608,0.02368,0.24021,0.11276,0.020288,249,249,248,186,189,193,154,156,159,154,155,155,70,67,63,92,95,98,0.52362,0.5306,0.53102
1,5.7393e+05,-2.466,12.84,195,800,-2.4705,12.706,184.86,1066.8,0.26882,0.1188,0.023104,0.22907,0.11494,0.01952,0.20917,0.11133,0.016896,244,244,245,196,194,192,163,161,160,155,154,153,64,62,60,93,95,97,0.5253,0.52561,0.5288
1,5.7403e+05,-2.466,12.92,195,800,-2.4801,12.791,186.22,1019.2,0.27238,0.12238,0.024128,0.25146,0.11327,0.020672,0.2278,0.11101,0.017984,239,241,244,190,192,194,163,161,160,149,152,154,52,56,58,97,96,96,0.53827,0.5307,0.52824
1,5.7413e+05,-2.466,13,195,800,-2.4694,12.865,185.24,750.38,0.26184,0.1345,0.025344,0.23443,0.12689,0.021248,0.21627,0.11889,0.018624,246,245,245,204,201,198,150,156,162,157,155,153,55,53,52,95,95,95,0.5343,0.52797,0.52618
1,5.7423e+05,-2.466,13.08,195,800,-2.497,12.953,185.34,834.64,0.26065,0.12814,0.024704,0.22597,0.12123,0.020608,0.19828,0.11602,0.017408,247,247,245,202,200,200,172,168,167,156,152,149,49,50,51,93,92,92,0.51807,0.52289,0.52455
1,5.7433e+05,-2.466,13.16,195,800,-2.4769,13.035,186.71,794.13,0.24651,0.1305,0.024,0.21664,0.12486,0.02016,0.19141,0.11962,0.017408,245,244,244,187,193,200,175,173,171,142,144,145,51,49,49,90,90,91,0.52413,0.53044,0.53003
1,5.7443e+05,-2.466,13.24,195,800,-2.4758,13.102,186.02,771.89,0.27815,0.12015,0.024256,0.23788,0.11129,0.020096,0.20831,0.11014,0.017344,243,243,244,212,206,201,172,172,174,134,135,138,44,46,48,87,89,91,0.51981,0.52355,0.52615
1,5.7453e+05,-2.466,13.32,195,800,-2.4726,13.185,186.51,939.95,0.2175,0.12251,0.020096,0.20087,0.11538,0.017664,0.18891,0.10954,0.015616,247,245,244,230,212,200,170,172,174,133,136,139,45,46,48,91,91,93,0.52108,0.52544,0.52732
1,5.7463e+05,-2.466,13.4,195,800,-2.4663,13.26,184.69,770.57,0.25689,0.12073,0.023296,0.2387,0.11769,0.020928,0.2193,0.10815,0.017792,244,244,244,187,194,199,179,175,172,147,145,143,49,49,50,97,96,95,0.52531,0.52616,0.52643
1,5.7473e+05,-2.466,13.48,195,800,-2.4843,13.357,185.88,779.63,0.28466,0.12413,0.025728,0.23777,0.1209,0.020992,0.19031,0.1156,0.017216,243,241,241,204,201,200,174,175,175,143,146,148,51,52,54,92,91,91,0.538,0.52581,0.52737
1,5.7483e+05,-2.466,13.56,195,800,-2.4726,13.423,184.08,603.17,0.27351,0.12415,0.024832,0.24668,0.11666,0.02112,0.21462,0.11378,0.01824,241,240,240,221,213,204,181,180,175,146,148,150,54,55,56,85,87,89,0.51363,0.52104,0.52693
1,5.7493e+05,-2.466,13.64,195,800,-2.4673,13.512,186.36,985.13,0.24975,0.12406,0.022912,0.22401,0.11637,0.019776,0.2068,0.11304,0.017664,239,241,242,220,209,202,181,181,179,154,153,152,59,58,57,80,81,82,0.5439,0.52649,0.527
1,5.7503e+05,-2.466,13.72,195,800,-2.4896,13.579,185.2,1212.8,0.26423,0.12803,0.025216,0.23619,0.11973,0.021376,0.2098,0.11439,0.01856,243,244,245,196,198,202,179,180,178,153,154,153,57,55,55,77,79,81,0.52523,0.52631,0.52674
1,5.7513e+05,-2.466,13.8,195,800,-2.479,13.661,186.45,1097.7,0.28765,0.12664,0.025344,0.22006,0.12369,0.020096,0.18654,0.11875,0.017344,248,250,249,204,203,198,173,173,171,152,151,151,46,49,53,80,80,81,0.53501,0.52892,0.52719
1,5.7523e+05,-2.466,13.88,195,800,-2.4641,13.728,186.89,764.79,0.25075,0.12491,0.023616,0.22382,0.11983,0.020288,0.2105,0.11363,0.017664,252,249,247,199,194,190,161,165,170,147,148,148,51,51,51,83,84,85,0.52375,0.52307,0.52618
1,5.7533e+05,-2.466,13.96,195,800,-2.4694,13.814,186.27,777.66,0.3386,0.12315,0.029184,0.30787,0.11714,0.024,0.26534,0.11367,0.020096,245,245,246,168,178,188,176,172,171,150,147,146,51,50,51,85,87,89,0.52727,0.52884,0.52583
1,5.7543e+05,-2.466,14.04,195,800,-2.4779,13.901,187.36,683.89,0.24643,0.12453,0.022656,0.21083,0.12113,0.018944,0.1852,0.11739,0.016512,242,243,245,196,193,190,185,183,178,142,144,144,47,48,49,102,100,98,0.5248,0.52801,0.5292
1,5.7553e+05,-2.466,14.12,195,800,-2.4822,13.979,186.32,1091.7,0.27266,0.1259,0.026176,0.24614,0.12093,0.022592,0.22566,0.11404,0.019712,245,246,247,223,207,197,186,182,179,144,144,145,46,47,49,109,105,101,0.54422,0.53267,0.52801
1,5.7563e+05,-2.466,14.2,195,800,-2.479,14.063,188.39,1150.3,0.25079,0.12526,0.02336,0.21764,0.12009,0.019584,0.19238,0.11407,0.016832,254,252,249,198,204,207,176,180,180,154,150,148,49,50,50,107,104,100,0.54102,0.53304,0.53065
1,5.7573e+05,-2.466,14.28,195,800,-2.4631,14.119,185.29,706.04,0.28178,0.11709,0.022144,0.23014,0.11051,0.017984,0.18725,0.10809,0.01504,247,248,248,210,212,212,189,184,180,148,150,151,50,50,51,87,90,92,0.53959,0.53161,0.53081
1,5.7583e+05,-2.466,14.36,195,800,-2.4758,14.227,186.95,991.89,0.22856,0.13396,0.02368,0.20963,0.1259,0.020544,0.19414,0.12007,0.018176,244,246,247,225,220,216,185,182,179,148,149,152,49,50,51,88,89,91,0.52074,0.52634,0.52867
1,5.7593e+05,-2.466,14.44,195,800,-2.479,14.289,186.5,713.2,0.2704,0.1252,0.025728,0.24063,0.11925,0.021952,0.22543,0.11069,0.019136,246,246,246,218,220,219,174,175,177,155,154,154,49,52,54,97,95,93,0.54202,0.53151,0.52996
1,5.7603e+05,-2.466,14.52,195,800,-2.4663,14.363,186.94,521.08,0.25994,0.1269,0.023488,0.21793,0.11861,0.019456,0.18955,0.11692,0.01696,247,246,245,213,215,215,172,175,176,160,157,155,52,54,56,98,98,97,0.51993,0.52934,0.53141
1,5.7613e+05,-2.466,14.6,195,800,-2.4748,14.447,188.45,742.13,0.25052,0.12073,0.021312,0.20454,0.11595,0.017472,0.17823,0.11396,0.015232,240,245,247,204,208,214,182,178,177,159,158,158,59,61,61,106,106,106,0.53497,0.53683,0.53338
1,5.7623e+05,-2.466,14.68,195,800,-2.4896,14.553,187.01,996.44,0.21919,0.10949,0.018368,0.19594,0.10655,0.016064,0.17806,0.10321,0.014016,252,250,247,222,221,216,174,174,176,164,161,159,58,61,60,119,116,113,0.53022,0.53245,0.53304
1,5.7633e+05,-2.466,14.76,195,800,-2.4748,14.609,187.73,627.29,0.25236,0.13712,0.02368,0.23253,0.12745,0.020416,0.20922,0.12566,0.018432,251,250,248,229,225,218,169,172,175,163,161,159,54,56,59,119,117,114,0.52068,0.53069,0.53355
1,5.7643e+05,-2.466,14.84,195,800,-2.4737,14.685,187.21,844.98,0.27268,0.13838,0.028992,0.25576,0.131,0.025472,0.24139,0.1216,0.022656,245,246,246,219,216,211,175,176,177,154,157,161,56,56,57,109,111,113,0.53746,0.53407,0.53371
1,5.7653e+05,-2.466,14.92,195,800,-2.462,14.764,187.94,769.12,0.22999,0.13798,0.024,0.21795,0.12892,0.021376,0.20684,0.12181,0.0192,247,246,244,217,213,206,183,179,178,160,161,164,60,59,59,110,111,113,0.53404,0.53379,0.53413
1,5.7663e+05,-2.466,15,195,800,-2.4822,14.845,186.16,605.14,0.28536,0.14067,0.028608,0.24754,0.13142,0.023808,0.21968,0.12856,0.020864,244,245,245,210,203,197,173,174,175,181,180,179,62,64,64,113,113,111,0.54629,0.54014,0.53948
1,5.7673e+05,-2.466,15.08,195,800,-2.4578,14.902,186.68,640.74,0.19435,0.13757,0.021056,0.18385,0.13137,0.019008,0.1772,0.12263,0.017088,250,247,244,191,189,188,164,170,175,205,201,198,64,68,72,109,111,114,0.53527,0.53799,0.54048
1,5.7683e+05,-2.466,15.16,195,800,-2.4843,15.012,186.78,771.48,0.29363,0.13361,0.028992,0.2415,0.12835,0.023872,0.21597,0.12541,0.021056,244,245,244,188,185,184,173,175,176,211,211,210,67,73,78,117,117,119,0.52951,0.54083,0.54208
1,5.7693e+05,-2.466,15.24,195,800,-2.4843,15.092,186.63,1073.7,0.2567,0.12562,0.024192,0.23522,0.12117,0.021184,0.22199,0.1138,0.018624,243,240,241,180,181,185,179,181,179,244,238,233,94,94,91,135,136,133,0.54208,0.54216,0.54253
1,5.7703e+05,-2.466,15.32,195,800,-2.4716,15.173,187.28,882.19,0.25916,0.12939,0.025152,0.22892,0.12261,0.021504,0.21562,0.11255,0.018688,237,239,238,193,193,191,176,177,178,255,249,243,102,100,98,141,142,137,0.53008,0.544,0.54612
1,5.7713e+05,-2.466,15.4,195,800,-2.4822,15.256,184.88,653.71,0.29375,0.12783,0.027456,0.25919,0.12163,0.022784,0.22156,0.11696,0.019072,229,231,232,221,208,190,170,173,176,255,255,254,102,105,108,140,137,133,0.54267,0.54515,0.54567
1,5.7723e+05,-2.466,15.48,195,800,-2.4673,15.328,186.87,779,0.21675,0.12622,0.019712,0.19221,0.11964,0.017024,0.17657,0.11384,0.015232,212,217,224,161,162,166,179,176,172,255,255,255,132,129,130,117,121,125,0.54724,0.54936,0.54851
1,5.7733e+05,-2.466,15.56,195,800,-2.461,15.389,186.86,726.97,0.20025,0.13964,0.021696,0.18061,0.13445,0.018816,0.16916,0.12969,0.01728,205,214,224,136,143,155,168,169,169,255,255,255,154,150,142,122,122,123,0.55656,0.55308,0.55078
1,5.7743e+05,-2.466,15.64,195,800,-2.4801,15.48,184.29,571.41,0.27699,0.12568,0.025856,0.24531,0.11663,0.021504,0.21709,0.11433,0.018688,229,231,232,162,162,167,155,158,163,255,255,255,171,166,158,135,128,121,0.55041,0.55257,0.55418
1,5.7753e+05,-2.466,15.72,195,800,-2.4716,15.554,186.75,655.11,0.22355,0.1241,0.020672,0.19707,0.11423,0.017472,0.18263,0.11159,0.015616,242,240,238,190,188,184,158,159,162,255,255,255,161,162,159,122,122,120,0.55428,0.55558,0.55779
1,5.7763e+05,-2.466,15.8,195,800,-2.4832,15.649,185.59,744.93,0.29664,0.12426,0.02784,0.2645,0.11648,0.02336,0.23505,0.11393,0.020352,248,246,243,228,221,207,167,167,166,255,255,255,159,156,150,111,114,119,0.56929,0.56634,0.56247
1,5.7773e+05,-2.466,15.88,195,800,-2.4758,15.713,185.64,1190.2,0.2405,0.12309,0.022464,0.22654,0.11608,0.019584,0.2136,0.11222,0.017984,237,238,239,211,202,197,164,168,170,255,255,255,136,136,140,134,139,146,0.57512,0.56894,0.56986
1,5.7783e+05,-2.466,15.96,195,800,-2.4748,15.784,187.13,980.59,0.27558,0.11729,0.024512,0.2559,0.1123,0.021248,0.2368,0.10809,0.018944,227,233,237,178,185,187,170,170,171,255,255,255,123,131,135,170,171,164,0.59343,0.58226,0.5735
1,5.809e+05,-2.373,16,195,800,-2.3793,15.773,0.075132,818.92,0,0,0,0,0,0,0,0,0,245,243,241,185,182,184,174,174,173,255,255,255,143,138,139,173,165,162,0.58045,0.54499,0.53087
1,5.81e+05,-2.373,15.92,195,800,-2.3771,15.713,187.8,780.32,0.19742,0.12185,0.017664,0.16802,0.11679,0.015296,0.15798,0.11386,0.013952,239,240,242,182,193,199,164,166,168,255,255,255,146,141,143,123,128,134,0.55987,0.57548,0.57763
1,5.811e+05,-2.373,15.84,195,800,-2.3761,15.638,185.81,730.1,0.24792,0.1194,0.022208,0.22256,0.11369,0.01888,0.19603,0.1081,0.016128,241,242,243,211,210,206,162,163,165,255,255,255,152,148,144,119,117,119,0.56678,0.56384,0.5653
1,5.812e+05,-2.373,15.76,195,800,-2.3708,15.537,187.93,997.52,0.25501,0.12608,0.024768,0.23372,0.11993,0.021568,0.21587,0.11485,0.019136,247,246,243,220,213,201,160,161,163,255,255,255,148,149,154,106,107,109,0.56833,0.5636,0.5609
1,5.813e+05,-2.373,15.68,195,800,-2.3803,15.474,188.01,797.03,0.30965,0.11003,0.02464,0.2608,0.10482,0.019776,0.2411,0.096252,0.016512,244,243,240,191,189,186,161,162,163,255,255,255,150,156,160,105,106,109,0.54263,0.55651,0.55665
1,5.814e+05,-2.373,15.6,195,800,-2.3771,15.392,187.51,1066.9,0.33313,0.12613,0.031104,0.2761,0.12052,0.025344,0.24775,0.11676,0.021888,229,228,229,141,148,159,171,172,170,255,255,255,190,176,159,113,114,114,0.55373,0.55132,0.55182
1,5.815e+05,-2.373,15.52,195,800,-2.3708,15.328,186.88,848.03,0.29339,0.12054,0.02656,0.24336,0.11452,0.021248,0.20949,0.10893,0.01792,225,224,226,164,169,172,192,183,175,255,255,255,129,138,142,117,118,119,0.55605,0.55131,0.55055
1,5.816e+05,-2.373,15.44,195,800,-2.3803,15.244,186.81,817.34,0.30857,0.12966,0.030528,0.28331,0.12008,0.025856,0.27001,0.11219,0.022656,225,228,228,202,195,184,185,180,175,255,255,255,110,120,129,120,120,122,0.54878,0.55029,0.54776
1,5.817e+05,-2.373,15.36,195,800,-2.375,15.186,186.5,788.75,0.29367,0.12476,0.027776,0.25892,0.11658,0.023104,0.22908,0.11073,0.019392,239,238,237,203,202,195,169,173,175,251,252,249,121,117,113,136,133,129,0.55078,0.54648,0.54611
1,5.818e+05,-2.373,15.28,195,800,-2.3708,15.092,188.73,985.72,0.32343,0.12278,0.029888,0.29509,0.11633,0.025792,0.27411,0.1121,0.022784,242,242,241,177,186,190,181,178,175,247,244,239,121,116,109,143,136,129,0.54308,0.5466,0.54535
1,5.819e+05,-2.373,15.2,195,800,-2.3835,15.019,186.74,886.93,0.29092,0.12435,0.026624,0.25948,0.11734,0.02272,0.23044,0.11339,0.019456,251,248,246,165,175,183,185,178,174,202,211,215,103,97,91,120,121,121,0.53722,0.53992,0.54233
1,5.82e+05,-2.373,15.12,195,800,-2.3984,14.96,186.93,755.6,0.27122,0.12359,0.025472,0.24947,0.11638,0.021568,0.21739,0.11222,0.018624,250,249,248,213,196,187,166,169,171,191,188,188,68,68,71,104,107,111,0.55678,0.54769,0.54305
1,5.821e+05,-2.373,15.04,195,800,-2.3718,14.85,188.29,738.34,0.33778,0.11768,0.027136,0.26485,0.11767,0.022208,0.23238,0.1114,0.01856,248,249,248,198,197,192,174,172,171,179,178,178,63,61,64,106,108,110,0.53383,0.53841,0.53749
1,5.822e+05,-2.373,14.96,195,800,-2.3803,14.782,185.97,635.73,0.31378,0.12699,0.02816,0.26964,0.12177,0.023296,0.23871,0.11387,0.020032,247,247,248,194,194,195,179,178,176,155,157,159,57,58,58,119,114,110,0.53415,0.53568,0.53555
1,5.823e+05,-2.373,14.88,195,800,-2.3856,14.7,186.97,970.2,0.25453,0.12836,0.025024,0.2299,0.12298,0.021504,0.20825,0.118,0.019072,246,247,248,194,198,200,181,181,178,149,150,153,57,57,57,112,112,110,0.54272,0.53796,0.53443
1,5.824e+05,-2.373,14.8,195,800,-2.3602,14.618,186.96,929.5,0.31906,0.12285,0.028672,0.26676,0.11681,0.023168,0.23832,0.11145,0.019968,250,249,248,219,219,216,187,184,181,142,146,149,52,54,57,105,106,107,0.53377,0.53463,0.53378
1,5.825e+05,-2.373,14.72,195,800,-2.3846,14.537,187.5,1052.8,0.32514,0.13722,0.034624,0.29354,0.13089,0.030016,0.26908,0.12398,0.026368,247,249,247,243,230,218,185,182,180,155,154,153,69,68,63,105,105,104,0.53631,0.53716,0.534
1,5.826e+05,-2.373,14.64,195,800,-2.374,14.471,187.56,775.06,0.30161,0.11885,0.024,0.21759,0.11514,0.018368,0.18304,0.11162,0.015488,249,247,247,216,217,215,179,179,178,157,156,155,85,74,65,107,104,101,0.53169,0.5329,0.53147
1,5.827e+05,-2.373,14.56,195,800,-2.3803,14.385,186.8,882.31,0.27962,0.12797,0.027584,0.25484,0.11921,0.023552,0.23436,0.11547,0.020928,250,247,246,196,197,202,168,172,175,150,153,155,67,66,64,94,96,96,0.53367,0.53275,0.53074
1,5.828e+05,-2.373,14.48,195,800,-2.3814,14.296,186.22,904.49,0.28533,0.12116,0.025792,0.25494,0.11589,0.022016,0.2291,0.10871,0.018944,249,247,245,198,197,198,171,171,174,152,152,153,62,59,58,95,93,92,0.54652,0.53621,0.53223
1,5.829e+05,-2.373,14.4,195,800,-2.3771,14.224,186.73,797.56,0.30116,0.12838,0.029056,0.27091,0.12344,0.025088,0.24926,0.11816,0.02208,244,245,246,188,193,199,173,173,174,150,152,152,50,52,53,87,87,87,0.53943,0.5342,0.53161
1,5.83e+05,-2.373,14.32,195,800,-2.3793,14.151,185.72,878.18,0.33237,0.11754,0.026816,0.25427,0.11617,0.021568,0.22948,0.108,0.018432,250,248,247,207,204,203,175,173,173,153,152,151,53,52,52,83,86,89,0.54696,0.53396,0.53242
1,5.831e+05,-2.373,14.24,195,800,-2.3718,14.071,186.48,684.55,0.24406,0.12664,0.022272,0.21176,0.12079,0.019136,0.20085,0.11312,0.017024,251,250,249,218,209,205,170,171,173,150,149,149,53,53,53,95,93,92,0.55307,0.53504,0.53053
1,5.832e+05,-2.373,14.16,195,800,-2.3877,13.986,186.97,714.78,0.25367,0.11083,0.020352,0.21506,0.10816,0.017344,0.19574,0.10438,0.015232,251,250,249,195,202,203,168,171,175,139,141,143,49,51,53,107,104,98,0.52417,0.52704,0.5301
1,5.833e+05,-2.373,14.08,195,800,-2.3655,13.886,186.67,810.3,0.29415,0.11697,0.024448,0.25844,0.11067,0.020416,0.2212,0.10976,0.017408,248,247,247,191,195,196,177,176,177,137,138,141,48,50,53,100,99,97,0.51045,0.52085,0.52554
1,5.834e+05,-2.373,14,195,800,-2.3814,13.826,186.14,799.69,0.27759,0.11908,0.023104,0.24965,0.11182,0.019776,0.22922,0.1092,0.0176,241,242,245,178,181,187,184,182,180,140,140,141,52,52,52,86,86,87,0.53119,0.51777,0.52459
1,5.835e+05,-2.373,13.92,195,800,-2.3771,13.742,186.95,938.11,0.25019,0.1241,0.023296,0.22472,0.11926,0.020416,0.2069,0.11288,0.017792,244,246,246,188,192,192,178,177,177,142,143,144,54,53,52,80,80,81,0.53199,0.5293,0.5299
1,5.836e+05,-2.373,13.84,195,800,-2.3984,13.684,185.62,1117.1,0.28739,0.12826,0.027008,0.26264,0.11829,0.022784,0.23244,0.11458,0.0192,250,248,247,214,206,197,174,173,175,142,143,146,56,52,52,78,78,79,0.5306,0.53246,0.53052
1,5.837e+05,-2.373,13.76,195,800,-2.3856,13.605,185.93,886.67,0.29009,0.11526,0.02432,0.24396,0.11258,0.020416,0.21288,0.10946,0.017344,251,248,245,206,204,204,171,171,172,151,148,148,53,54,55,78,79,80,0.53731,0.53238,0.53054
1,5.838e+05,-2.373,13.68,195,800,-2.3708,13.507,186.77,583.64,0.21714,0.1162,0.01856,0.18818,0.109,0.015488,0.16667,0.10478,0.013184,244,245,244,181,197,206,172,172,174,148,149,149,58,57,58,81,81,81,0.54133,0.53126,0.52897
1,5.839e+05,-2.373,13.6,195,800,-2.3846,13.449,186.34,744.81,0.2853,0.11551,0.024512,0.21985,0.1113,0.018496,0.19073,0.10868,0.016,244,243,244,216,209,207,180,177,175,148,147,148,65,64,61,83,85,86,0.51676,0.52912,0.53065
1,5.84e+05,-2.373,13.52,195,800,-2.3803,13.361,186.04,856.59,0.26497,0.12271,0.024448,0.2416,0.1151,0.021056,0.22718,0.10802,0.018176,247,247,247,206,208,209,172,172,173,151,148,146,59,57,57,93,93,92,0.53943,0.53577,0.53302
1,5.841e+05,-2.373,13.44,195,800,-2.3824,13.266,185.36,1287,0.3437,0.13135,0.02816,0.26538,0.12568,0.02208,0.20867,0.12285,0.019072,248,248,248,203,205,208,163,169,172,153,148,144,49,51,54,98,96,95,0.54052,0.52972,0.52931
1,5.842e+05,-2.373,13.36,195,800,-2.3856,13.202,187.23,936.63,0.2407,0.13014,0.024128,0.20848,0.1194,0.01952,0.18957,0.11764,0.017344,249,249,248,204,207,209,179,173,171,138,137,136,47,48,48,100,97,95,0.53685,0.52694,0.52835
1,5.843e+05,-2.373,13.28,195,800,-2.375,13.12,185.56,1127.2,0.22777,0.12256,0.020544,0.20436,0.11739,0.017728,0.18,0.11587,0.015872,247,247,247,204,207,208,175,174,172,128,130,134,47,48,48,95,95,94,0.52796,0.52506,0.52636
1,5.844e+05,-2.373,13.2,195,800,-2.3793,13.035,185.35,808.74,0.27912,0.13252,0.027136,0.24866,0.12505,0.023424,0.2312,0.11968,0.020672,240,242,244,201,203,207,173,171,171,129,130,133,49,48,47,91,91,91,0.526,0.53001,0.52984
1,5.845e+05,-2.373,13.12,195,800,-2.3793,12.975,185.28,649.79,0.24625,0.13113,0.024,0.21726,0.12148,0.020224,0.20485,0.11776,0.018368,246,245,245,211,206,203,167,168,168,137,140,141,43,47,49,87,88,89,0.5347,0.53123,0.52824
1,5.846e+05,-2.373,13.04,195,800,-2.358,12.87,186.62,962.63,0.26216,0.126,0.024896,0.24083,0.11852,0.02112,0.22322,0.1117,0.018368,248,247,245,202,204,202,165,165,166,144,144,143,49,50,50,85,87,89,0.52012,0.52401,0.52733
1,5.847e+05,-2.373,12.96,195,800,-2.3761,12.787,187.53,1136.3,0.27995,0.12104,0.024128,0.25003,0.11453,0.020736,0.22363,0.10873,0.018304,246,245,245,186,191,196,166,164,162,141,142,144,54,54,53,90,89,89,0.52975,0.53033,0.52921
1,5.848e+05,-2.373,12.88,195,800,-2.3793,12.709,185.96,1168.1,0.26853,0.1349,0.02752,0.2483,0.12362,0.023552,0.22817,0.1207,0.02112,245,244,245,184,191,196,164,162,161,139,141,144,50,54,56,90,90,90,0.52579,0.52678,0.52786
1,5.849e+05,-2.373,12.8,195,800,-2.3899,12.649,185.8,1068.5,0.30698,0.12177,0.028032,0.26049,0.11581,0.022848,0.22076,0.11271,0.019072,246,247,247,216,206,197,150,156,161,148,146,145,62,60,57,90,89,90,0.5246,0.53119,0.53299
1,5.85e+05,-2.373,12.72,195,800,-2.3835,12.583,185.38,851.5,0.30049,0.12061,0.026112,0.25345,0.11868,0.022784,0.23577,0.11161,0.019648,254,252,249,197,199,200,160,161,162,149,148,148,62,60,58,90,91,93,0.54045,0.53051,0.53116
1,5.851e+05,-2.373,12.64,195,800,-2.374,12.482,186.44,929.68,0.29812,0.12585,0.027712,0.25544,0.11966,0.02304,0.22804,0.11757,0.020352,252,252,250,197,198,200,165,164,164,145,146,147,64,58,55,95,94,95,0.51942,0.52738,0.53027
1,5.852e+05,-2.373,12.56,195,800,-2.3835,12.404,188.06,733.57,0.28057,0.12111,0.024896,0.24937,0.1165,0.020864,0.21005,0.11324,0.0176,252,251,250,200,197,193,164,167,169,144,145,147,46,49,51,98,99,98,0.52387,0.53205,0.53252
1,5.853e+05,-2.373,12.48,195,800,-2.3718,12.335,188.06,826.17,0.28029,0.12687,0.027008,0.25217,0.1204,0.023104,0.22669,0.11517,0.019904,252,251,249,181,186,189,169,170,170,144,146,148,48,48,51,101,100,99,0.53292,0.5292,0.5288
1,5.854e+05,-2.373,12.4,195,800,-2.3665,12.232,186.98,1020,0.24577,0.15325,0.028288,0.21838,0.14305,0.023552,0.19985,0.13332,0.020416,247,247,248,176,177,181,171,174,176,154,156,158,52,54,57,98,98,97,0.54131,0.53105,0.53205
1,5.855e+05,-2.373,12.32,195,800,-2.3718,12.176,187.15,894.93,0.28956,0.13166,0.027712,0.25351,0.12432,0.023744,0.23607,0.11965,0.021248,239,245,248,182,190,192,185,183,179,177,174,170,61,61,60,92,93,95,0.5296,0.53665,0.53688
1,5.856e+05,-2.373,12.24,195,800,-2.3856,12.099,187.04,984.1,0.2992,0.11944,0.025728,0.24376,0.11671,0.020928,0.20863,0.11472,0.018048,244,247,248,201,201,200,188,184,178,181,179,176,59,59,60,93,94,94,0.54816,0.54264,0.54088
1,5.857e+05,-2.373,12.16,195,800,-2.3888,12.015,185.17,921.52,0.33986,0.12348,0.030976,0.30275,0.11611,0.02624,0.27401,0.11314,0.023104,250,250,249,219,214,209,179,176,175,190,189,188,53,54,57,96,94,91,0.53728,0.54098,0.54002
1,5.858e+05,-2.373,12.08,195,800,-2.3782,11.951,187.4,744.44,0.29913,0.12704,0.026176,0.25069,0.11988,0.021632,0.2069,0.11841,0.01856,248,249,248,209,213,212,176,174,173,200,198,195,55,55,56,92,91,90,0.54727,0.54278,0.5416
1,5.859e+05,-2.373,12,195,800,-2.3856,11.86,185.14,694.02,0.31251,0.12578,0.02848,0.26534,0.12086,0.023552,0.2366,0.11582,0.020544,244,245,246,223,217,211,169,171,171,226,221,216,57,57,58,86,85,84,0.54221,0.54404,0.54509
1,5.86e+05,-2.373,11.92,195,800,-2.3867,11.775,186.2,703.36,0.31445,0.12257,0.028288,0.26651,0.11924,0.02304,0.23393,0.11517,0.019776,241,244,246,203,207,207,169,169,170,247,242,236,60,61,61,82,81,81,0.55827,0.54427,0.54218
1,5.861e+05,-2.373,11.84,195,800,-2.374,11.695,186.6,528.55,0.25179,0.12845,0.02464,0.22682,0.11731,0.020352,0.20206,0.11658,0.018368,245,246,246,201,200,201,167,168,170,252,249,243,61,62,63,80,81,82,0.55392,0.54873,0.5454
1,5.862e+05,-2.373,11.76,195,800,-2.375,11.622,184.66,939.59,0.31786,0.12051,0.027328,0.2616,0.11901,0.021696,0.20966,0.11267,0.01792,253,250,248,186,189,191,164,168,170,255,254,252,66,66,67,91,93,95,0.55187,0.54913,0.54625
1,5.863e+05,-2.373,11.68,195,800,-2.3729,11.527,185.79,652.33,0.26765,0.12716,0.024768,0.24365,0.1212,0.021056,0.21132,0.11817,0.017984,251,250,248,178,184,187,165,168,171,255,255,253,66,67,68,107,106,105,0.54002,0.54605,0.54779
1,5.864e+05,-2.373,11.6,195,800,-2.375,11.457,184.53,929.13,0.26979,0.12578,0.025472,0.23847,0.11899,0.021376,0.22016,0.11323,0.0192,249,248,247,176,178,183,174,175,175,255,255,253,67,69,71,130,134,135,0.54438,0.5476,0.5484
1,5.865e+05,-2.373,11.52,195,800,-2.3708,11.369,185.23,631.24,0.25956,0.1296,0.025024,0.23687,0.1203,0.021568,0.21244,0.11786,0.019008,249,248,247,172,177,181,186,181,177,255,253,251,74,72,71,157,164,169,0.55313,0.54943,0.54841
1,5.866e+05,-2.373,11.44,195,800,-2.3718,11.3,186.45,741.54,0.24937,0.11584,0.020544,0.21273,0.11031,0.017152,0.19128,0.10671,0.015232,249,248,247,174,178,182,178,178,177,254,252,248,73,72,71,180,185,191,0.54969,0.55102,0.55191
1,5.867e+05,-2.373,11.36,195,800,-2.374,11.208,184.64,1068.1,0.30312,0.12349,0.026688,0.25867,0.11973,0.022272,0.2272,0.11269,0.018752,251,250,249,181,182,186,172,174,176,252,250,246,75,70,67,239,235,229,0.55827,0.55332,0.55558
1,5.868e+05,-2.373,11.28,195,800,-2.3761,11.14,185.67,851.62,0.27882,0.12137,0.02432,0.24195,0.11645,0.020992,0.21678,0.11184,0.018176,254,252,249,180,185,189,177,177,177,251,249,245,73,68,65,253,250,244,0.55295,0.55739,0.55805
1,5.869e+05,-2.373,11.2,195,800,-2.3803,11.073,185.04,726.39,0.23998,0.13227,0.024064,0.21939,0.12247,0.020672,0.20743,0.12051,0.019264,246,246,247,201,200,200,186,182,178,251,248,246,62,65,71,255,255,255,0.55358,0.56167,0.56334
1,5.87e+05,-2.373,11.12,195,800,-2.3909,10.992,184.78,589.89,0.28489,0.11882,0.02592,0.26544,0.10872,0.021824,0.24667,0.1027,0.019136,247,246,245,226,216,206,174,176,177,250,250,249,93,99,108,255,255,255,0.56994,0.57192,0.57297
1,5.871e+05,-2.373,11.04,195,800,-2.3984,10.918,186.44,898.75,0.2775,0.12141,0.024576,0.2147,0.11946,0.019584,0.19559,0.11601,0.01728,249,247,245,220,211,205,175,176,177,253,252,251,134,133,131,255,255,255,0.59103,0.58201,0.56609
1,5.9017e+05,-2.28,11,195,800,-2.2901,10.921,0.40617,787.13,0,0,0,0,0,0,0,0,0,245,245,244,195,203,201,183,182,179,255,254,253,169,158,153,255,255,255,0.48628,0.49249,0.50273
1,5.9027e+05,-2.28,11.08,195,800,-2.2838,10.994,185.32,626.03,0.19743,0.11555,0.016704,0.17722,0.10953,0.014272,0.15181,0.10901,0.012608,243,244,244,235,217,202,179,179,179,249,248,246,94,100,108,255,255,255,0.58051,0.58469,0.58263
1,5.9037e+05,-2.28,11.16,195,800,-2.2774,11.051,186.03,683.75,0.21679,0.12472,0.01984,0.18999,0.11705,0.016896,0.17419,0.11075,0.014656,238,243,245,213,208,201,183,182,179,241,243,242,70,75,85,255,255,255,0.56852,0.56794,0.56787
1,5.9047e+05,-2.28,11.24,195,800,-2.2976,11.16,186.52,748.93,0.30054,0.1261,0.02784,0.27839,0.1163,0.023872,0.24945,0.11394,0.020672,249,248,248,186,189,192,187,182,178,242,238,234,57,60,63,255,255,253,0.55582,0.56072,0.55992
1,5.9057e+05,-2.28,11.32,195,800,-2.2923,11.22,187.41,798.5,0.3088,0.10989,0.024576,0.27353,0.10299,0.019008,0.20357,0.1046,0.015424,254,251,248,187,187,188,174,176,177,240,237,233,58,60,62,254,251,244,0.56799,0.56232,0.55777
1,5.9067e+05,-2.28,11.4,195,800,-2.2859,11.298,186.75,918.66,0.32039,0.13045,0.03136,0.28748,0.12453,0.02656,0.25164,0.11622,0.0224,243,247,248,177,179,183,166,171,175,245,240,236,64,66,66,218,213,209,0.57149,0.55647,0.55379
1,5.9077e+05,-2.28,11.48,195,800,-2.2912,11.376,186.7,640.2,0.33977,0.13972,0.03584,0.30748,0.12691,0.02976,0.277,0.12113,0.025408,246,246,247,177,179,181,180,178,176,250,248,244,75,72,70,153,157,163,0.54439,0.55277,0.55058
1,5.9087e+05,-2.28,11.56,195,800,-2.2816,11.446,186.2,638.25,0.3466,0.12619,0.031552,0.28218,0.11569,0.024128,0.23739,0.11192,0.019648,247,248,247,185,183,184,178,177,176,254,251,248,68,70,71,136,139,144,0.54653,0.54782,0.54842
1,5.9097e+05,-2.28,11.64,195,800,-2.2912,11.521,185.45,601.12,0.28632,0.11987,0.025408,0.27006,0.10877,0.021952,0.25113,0.10549,0.019712,251,251,249,183,186,189,171,173,174,255,254,251,63,65,68,123,118,116,0.54381,0.54701,0.5471
1,5.9107e+05,-2.28,11.72,195,800,-2.2912,11.597,185.99,955,0.34511,0.12042,0.030336,0.30164,0.1135,0.024896,0.26023,0.10663,0.020288,250,251,250,186,188,190,175,174,173,255,253,250,63,64,67,108,107,104,0.54404,0.54547,0.54583
1,5.9117e+05,-2.28,11.8,195,800,-2.2785,11.693,185.97,1076.8,0.27268,0.12249,0.025216,0.25197,0.1157,0.022144,0.23101,0.10974,0.019328,252,250,248,184,188,193,176,174,173,248,247,244,61,62,64,85,86,87,0.53979,0.54568,0.54585
1,5.9127e+05,-2.28,11.88,195,800,-2.2954,11.765,186.88,1214.8,0.32316,0.1191,0.028032,0.28589,0.11134,0.023808,0.26574,0.10569,0.020544,244,246,247,192,198,203,173,172,172,234,232,229,60,60,60,82,81,81,0.53798,0.54243,0.54309
1,5.9137e+05,-2.28,11.96,195,800,-2.2774,11.831,184.6,823.39,0.30495,0.11739,0.026432,0.27259,0.11368,0.02304,0.25362,0.10689,0.01952,245,246,247,208,209,206,172,172,172,222,221,219,58,58,58,82,82,82,0.54437,0.54297,0.54291
1,5.9147e+05,-2.28,12.04,195,800,-2.2965,11.917,187.35,868.53,0.3655,0.11984,0.030976,0.31441,0.11188,0.025216,0.2789,0.10585,0.020864,250,249,248,222,216,212,171,172,172,195,197,197,52,54,55,88,88,87,0.52859,0.54244,0.5441
1,5.9157e+05,-2.28,12.12,195,800,-2.2838,11.99,186.14,809.15,0.32597,0.12343,0.02976,0.28662,0.11404,0.024,0.25527,0.11062,0.0208,252,250,248,215,214,213,174,174,173,187,187,188,53,53,54,94,92,89,0.54871,0.54299,0.54339
1,5.9167e+05,-2.28,12.2,195,800,-2.2848,12.077,186.58,598.33,0.29799,0.12017,0.025856,0.25483,0.11471,0.021824,0.23079,0.1107,0.01888,247,248,248,212,209,205,176,179,178,171,174,175,52,55,57,98,94,92,0.52895,0.5386,0.54048
1,5.9177e+05,-2.28,12.28,195,800,-2.2891,12.162,185.51,863.69,0.31432,0.12248,0.029056,0.28742,0.11519,0.024832,0.26866,0.10678,0.021248,247,246,246,180,186,191,194,186,180,162,164,163,71,63,58,91,92,93,0.53349,0.53515,0.53813
1,5.9187e+05,-2.28,12.36,195,800,-2.2944,12.24,185.32,1024.8,0.26918,0.12702,0.024768,0.22155,0.12272,0.02048,0.19404,0.11913,0.017984,249,246,246,181,177,182,184,183,181,155,156,157,64,60,57,95,94,94,0.52543,0.53778,0.5364
1,5.9197e+05,-2.28,12.44,195,800,-2.2859,12.301,186.45,968.35,0.34272,0.1293,0.032256,0.30939,0.11942,0.026944,0.28405,0.11585,0.023488,248,249,248,178,180,183,173,173,174,138,141,145,46,48,50,100,99,97,0.54184,0.5348,0.53034
1,5.9207e+05,-2.28,12.52,195,800,-2.2806,12.373,186.02,975.22,0.27847,0.12559,0.026688,0.253,0.12118,0.023296,0.23712,0.11338,0.020416,250,249,248,202,191,187,167,168,171,135,137,141,46,46,49,100,99,98,0.52186,0.53101,0.53103
1,5.9217e+05,-2.28,12.6,195,800,-2.2785,12.471,187.73,814.17,0.27557,0.12196,0.024128,0.24148,0.11841,0.020544,0.22075,0.10987,0.016896,247,247,248,200,201,199,162,165,168,134,138,141,52,51,51,98,97,96,0.52112,0.52821,0.53124
1,5.9227e+05,-2.28,12.68,195,800,-2.2763,12.54,187.65,826.37,0.27718,0.12211,0.025024,0.25078,0.11387,0.021248,0.22559,0.10981,0.01824,252,249,247,203,204,202,170,167,166,146,145,143,54,55,55,92,92,93,0.53248,0.52852,0.53121
1,5.9237e+05,-2.28,12.76,195,800,-2.288,12.629,187.47,677.6,0.24697,0.12342,0.022464,0.21949,0.11949,0.019328,0.19801,0.11123,0.016448,249,248,247,212,206,201,165,164,165,146,144,143,50,53,55,91,91,91,0.51594,0.528,0.52974
1,5.9247e+05,-2.28,12.84,195,800,-2.288,12.709,186.92,596.87,0.23749,0.13229,0.024,0.21103,0.12552,0.020416,0.19374,0.12205,0.018112,243,244,245,197,197,196,163,163,163,136,137,139,51,52,54,90,89,89,0.52906,0.53218,0.53055
1,5.9257e+05,-2.28,12.92,195,800,-2.2732,12.789,187.91,944.85,0.2606,0.12374,0.023936,0.2334,0.11979,0.020736,0.21459,0.11407,0.01792,246,245,246,186,191,196,167,164,163,134,137,140,51,52,54,88,88,88,0.54204,0.53585,0.53271
1,5.9267e+05,-2.28,13,195,800,-2.2923,12.869,186.15,1140.7,0.28029,0.12642,0.026304,0.23927,0.1234,0.02272,0.22521,0.11453,0.019968,248,248,246,197,199,200,167,166,165,144,142,140,56,53,50,87,86,86,0.53133,0.53069,0.53106
1,5.9277e+05,-2.28,13.08,195,800,-2.2848,12.945,186.15,781.82,0.25929,0.12426,0.023808,0.21721,0.12313,0.020416,0.193,0.118,0.017664,244,244,245,212,208,206,169,169,168,134,136,137,44,46,48,88,88,88,0.51813,0.52952,0.53016
1,5.9287e+05,-2.28,13.16,195,800,-2.2912,13.027,187.95,731.04,0.25378,0.11867,0.022208,0.22299,0.11295,0.018688,0.1938,0.1077,0.016,241,242,244,211,209,208,170,171,169,133,132,133,44,45,47,93,91,89,0.53344,0.53158,0.53004
1,5.9297e+05,-2.28,13.24,195,800,-2.271,13.087,185.46,765.62,0.29665,0.11798,0.024,0.25754,0.10906,0.019968,0.21675,0.10787,0.017408,247,246,246,209,209,211,169,171,171,124,127,129,50,49,49,95,95,94,0.53634,0.52796,0.52787
1,5.9307e+05,-2.28,13.32,195,800,-2.3029,13.196,186.25,832.15,0.25675,0.12665,0.024512,0.22634,0.12104,0.020736,0.20433,0.11606,0.018048,249,249,248,210,211,213,175,173,171,125,128,131,50,50,49,98,97,95,0.5306,0.53064,0.53015
1,5.9317e+05,-2.28,13.4,195,800,-2.305,13.278,185.98,838.83,0.26432,0.12456,0.023168,0.22528,0.11763,0.019264,0.18454,0.11456,0.015936,251,251,250,216,215,214,167,169,170,142,140,138,49,50,52,99,98,96,0.53593,0.53179,0.53054
1,5.9327e+05,-2.28,13.48,195,800,-2.2891,13.328,185.28,714.48,0.27812,0.13607,0.02848,0.24325,0.12878,0.024192,0.22196,0.12415,0.021184,250,249,248,213,211,211,166,168,171,148,146,144,60,59,60,94,94,93,0.52018,0.52953,0.53264
1,5.9337e+05,-2.28,13.56,195,800,-2.287,13.422,184.86,1080.1,0.29108,0.13203,0.027392,0.24283,0.12554,0.022912,0.21372,0.12379,0.020096,248,247,247,205,207,208,174,171,172,148,147,145,70,66,63,90,90,91,0.51568,0.52451,0.52868
1,5.9347e+05,-2.28,13.64,195,800,-2.2859,13.508,186.84,859.84,0.22852,0.13215,0.02304,0.20384,0.12449,0.019648,0.18631,0.12026,0.017536,245,245,245,190,201,207,165,170,174,147,148,148,59,63,64,84,85,86,0.52053,0.53009,0.52956
1,5.9357e+05,-2.28,13.72,195,800,-2.2859,13.576,185.21,885.9,0.33968,0.11996,0.02784,0.2846,0.1167,0.023296,0.24263,0.11073,0.019136,247,245,244,204,206,206,166,169,172,150,149,148,56,58,60,82,83,83,0.53786,0.5325,0.53217
1,5.9367e+05,-2.28,13.8,195,800,-2.287,13.662,185.23,871.89,0.30473,0.12499,0.02816,0.27352,0.11771,0.024192,0.24621,0.11491,0.021312,244,245,246,208,204,200,168,170,175,145,146,146,53,53,53,78,79,80,0.53931,0.53684,0.53354
1,5.9377e+05,-2.28,13.88,195,800,-2.2753,13.727,185.67,790.94,0.24413,0.13589,0.024,0.20997,0.12645,0.02016,0.18475,0.12288,0.017536,246,245,245,177,185,190,182,181,180,143,143,143,54,53,52,75,78,80,0.5274,0.52922,0.52966
1,5.9387e+05,-2.28,13.96,195,800,-2.2774,13.822,186.2,736.73,0.27914,0.13761,0.029056,0.25149,0.13178,0.024832,0.22494,0.12756,0.021696,245,244,246,185,184,186,185,185,182,143,142,141,55,54,53,79,79,82,0.52955,0.52911,0.52897
1,5.9397e+05,-2.28,14.04,195,800,-2.287,13.885,185.83,674.76,0.26691,0.12756,0.025664,0.2426,0.12129,0.022208,0.22358,0.11154,0.019072,245,247,248,185,187,192,176,178,180,134,137,140,54,56,58,86,88,90,0.53624,0.52759,0.52673
1,5.9407e+05,-2.28,14.12,195,800,-2.3092,13.991,186.24,1204.7,0.21859,0.11428,0.018432,0.19026,0.10748,0.01536,0.16576,0.10425,0.013056,254,250,249,187,193,197,166,172,177,135,137,141,53,57,59,94,94,93,0.53021,0.53295,0.53128
1,5.9417e+05,-2.28,14.2,195,800,-2.2891,14.062,186.69,1250.2,0.25651,0.12176,0.022848,0.21849,0.11456,0.01888,0.19393,0.11085,0.016448,245,248,250,216,210,206,167,169,172,144,145,146,58,57,57,96,95,93,0.54532,0.53574,0.53248
1,5.9427e+05,-2.28,14.28,195,800,-2.3029,14.141,187.77,1012.8,0.23774,0.12913,0.022912,0.21669,0.12133,0.019648,0.20147,0.11497,0.017728,247,246,247,197,198,200,165,168,171,156,154,151,53,53,53,79,82,86,0.5413,0.53334,0.533
1,5.9437e+05,-2.28,14.36,195,800,-2.2976,14.218,188.63,968.3,0.25178,0.12634,0.023872,0.23144,0.1191,0.020224,0.21385,0.11375,0.017664,246,245,246,178,188,197,167,169,172,158,154,152,52,52,52,77,80,83,0.5274,0.53082,0.533
1,5.9447e+05,-2.28,14.44,195,800,-2.2901,14.297,187.15,830.12,0.2639,0.13447,0.026944,0.23825,0.13011,0.02368,0.21681,0.1239,0.020736,242,245,246,192,191,192,173,173,173,153,153,152,54,55,55,85,85,86,0.52471,0.53454,0.53598
1,5.9457e+05,-2.28,14.52,195,800,-2.2827,14.363,186.47,643.28,0.25678,0.1346,0.024768,0.21488,0.1315,0.02144,0.19492,0.12435,0.018688,248,247,246,201,195,193,170,173,175,152,152,152,61,60,59,87,87,89,0.52642,0.52926,0.53273
1,5.9467e+05,-2.28,14.6,195,800,-2.3061,14.461,186.98,950.71,0.25915,0.1292,0.024768,0.22234,0.12508,0.021184,0.19781,0.11917,0.018176,243,246,247,195,202,205,172,176,177,156,156,154,73,72,66,93,94,94,0.53948,0.53815,0.53495
1,5.9477e+05,-2.28,14.68,195,800,-2.2933,14.53,188.08,916.23,0.23673,0.13475,0.023936,0.21968,0.12363,0.020736,0.20595,0.11818,0.018368,241,246,247,238,226,215,182,182,181,151,153,150,63,66,62,98,99,99,0.52853,0.53262,0.53234
1,5.9487e+05,-2.28,14.76,195,800,-2.2848,14.623,185.82,963.78,0.21165,0.12784,0.020672,0.19417,0.12,0.018048,0.17944,0.11686,0.016384,249,247,248,226,223,216,188,184,181,147,146,147,52,56,60,99,100,101,0.5486,0.53746,0.53554
1,5.9497e+05,-2.28,14.84,195,800,-2.2891,14.681,187.32,545.25,0.2522,0.12497,0.023296,0.2336,0.11563,0.02048,0.22047,0.11235,0.018432,247,249,249,186,194,202,183,182,179,144,143,144,52,54,56,106,106,106,0.52878,0.53552,0.53422
1,5.9507e+05,-2.28,14.92,195,800,-2.2976,14.779,186.81,827.85,0.23431,0.12464,0.022144,0.2194,0.11646,0.019328,0.20221,0.11131,0.017088,249,249,249,179,185,193,178,178,177,148,146,147,57,57,57,109,109,108,0.53547,0.53154,0.53357
1,5.9517e+05,-2.28,15,195,800,-2.2912,14.833,186.49,1119.8,0.29861,0.1218,0.026048,0.26878,0.11718,0.02176,0.23761,0.10915,0.018048,249,249,249,174,181,188,175,173,171,157,159,161,57,58,59,107,108,109,0.53468,0.53729,0.53802
1,5.9527e+05,-2.28,15.08,195,800,-2.2838,14.919,187.41,937.75,0.27065,0.13617,0.02752,0.24659,0.12547,0.023488,0.22889,0.12216,0.02112,248,249,248,204,191,185,166,168,169,180,180,181,63,66,69,102,105,111,0.5398,0.53773,0.54008
1,5.9537e+05,-2.28,15.16,195,800,-2.287,15.016,187.56,647.5,0.29365,0.12995,0.0288,0.2613,0.12462,0.02464,0.23591,0.12015,0.02144,249,249,248,186,186,184,164,168,170,190,191,195,81,81,79,104,109,115,0.55377,0.54682,0.54349
1,5.9547e+05,-2.28,15.24,195,800,-2.2997,15.089,186.22,992.12,0.24408,0.11936,0.022272,0.21796,0.11646,0.019264,0.19593,0.11293,0.017024,248,247,245,178,176,182,179,176,172,229,225,224,112,108,100,123,125,124,0.5534,0.54258,0.54356
1,5.9557e+05,-2.28,15.32,195,800,-2.2954,15.167,186.6,845.76,0.20999,0.13363,0.02144,0.18905,0.12568,0.018496,0.17697,0.12088,0.016768,241,243,243,177,183,186,175,174,172,247,242,237,118,115,109,127,128,127,0.54435,0.54632,0.54495
1,5.9567e+05,-2.28,15.4,195,800,-2.2848,15.22,186.53,870.58,0.24569,0.12861,0.023872,0.21776,0.12291,0.020544,0.20079,0.11843,0.018048,237,236,236,213,200,187,173,173,173,255,254,252,126,121,118,114,119,124,0.53943,0.54524,0.54455
1,5.9577e+05,-2.28,15.48,195,800,-2.2859,15.322,187.21,970.95,0.27679,0.12143,0.023552,0.23084,0.11577,0.019648,0.20123,0.11141,0.01664,231,230,229,163,169,170,183,179,174,255,255,255,136,142,142,116,117,118,0.54345,0.54448,0.54654
1,5.9587e+05,-2.28,15.56,195,800,-2.2774,15.393,186.62,804.08,0.23461,0.13158,0.023744,0.21328,0.12088,0.020224,0.19986,0.1178,0.018496,227,228,229,149,152,161,177,177,174,255,255,255,174,162,151,118,115,115,0.55461,0.54796,0.55075
1,5.9597e+05,-2.28,15.64,195,800,-2.2965,15.484,185.93,992.74,0.20949,0.12662,0.020288,0.19058,0.12109,0.017664,0.17421,0.11116,0.015104,235,236,236,157,163,170,169,168,167,255,255,255,160,162,160,100,104,108,0.55646,0.55477,0.55517
1,5.9607e+05,-2.28,15.72,195,800,-2.2795,15.552,186.39,1036.1,0.32608,0.13125,0.030656,0.2772,0.12642,0.025664,0.24477,0.12129,0.022272,246,244,240,186,186,185,164,164,164,255,255,255,140,150,158,98,100,105,0.54518,0.55594,0.55685
1,5.9617e+05,-2.28,15.8,195,800,-2.3029,15.643,187.33,955.62,0.24862,0.13127,0.02464,0.23298,0.12335,0.021568,0.2138,0.11863,0.01952,246,246,245,221,213,204,160,161,163,255,255,255,151,149,147,106,105,107,0.55366,0.56132,0.5629
1,5.9627e+05,-2.28,15.88,195,800,-2.2838,15.703,186.66,946.89,0.29988,0.1313,0.029312,0.27475,0.125,0.025664,0.25062,0.11772,0.0224,240,243,244,185,192,197,170,169,168,255,255,255,142,140,144,117,121,128,0.5754,0.57335,0.57132
1,5.9637e+05,-2.28,15.96,195,800,-2.2912,15.771,186.62,787.88,0.27893,0.12197,0.025024,0.25544,0.11741,0.021952,0.24229,0.10787,0.0192,248,245,244,186,186,190,174,172,171,255,255,255,128,139,143,129,137,141,0.56971,0.57771,0.57229
1,5.9944e+05,-2.187,16,195,800,-2.1989,15.779,0.62466,623.78,0,0,0,0,0,0,0,0,0,246,249,249,180,190,195,177,175,174,255,255,255,165,156,157,163,156,155,0.51067,0.52126,0.52237
1,5.9954e+05,-2.187,15.92,195,800,-2.2021,15.705,186.7,971.19,0.21578,0.12354,0.0192,0.19389,0.11739,0.016128,0.17848,0.11454,0.013952,247,247,247,198,200,202,173,174,172,255,255,255,129,138,150,111,114,125,0.58331,0.57924,0.57821
1,5.9964e+05,-2.187,15.84,195,800,-2.1989,15.631,186.19,848.16,0.32668,0.12242,0.022464,0.18113,0.11918,0.016448,0.15479,0.11839,0.0144,244,246,247,196,202,206,171,171,170,255,255,255,145,145,147,99,102,108,0.57299,0.56833,0.56622
1,5.9974e+05,-2.187,15.76,195,800,-2.1968,15.546,185.91,692.48,0.23397,0.11383,0.02048,0.20188,0.11016,0.017152,0.18564,0.10363,0.014208,249,247,245,210,202,194,161,165,166,255,255,255,157,154,150,89,94,99,0.54289,0.55677,0.55879
1,5.9984e+05,-2.187,15.68,195,800,-2.2063,15.487,187.38,777.29,0.33686,0.11519,0.026432,0.2448,0.112,0.020544,0.21394,0.10938,0.0176,245,244,241,185,183,183,163,164,166,255,255,255,147,150,152,97,99,101,0.55368,0.55513,0.55525
1,5.9994e+05,-2.187,15.6,195,800,-2.2,15.408,187.55,566.46,0.33364,0.12521,0.0304,0.28566,0.1176,0.023616,0.2439,0.11335,0.018752,223,227,233,141,151,164,166,170,171,255,255,255,151,150,147,119,114,110,0.55699,0.55177,0.5517
1,6.0004e+05,-2.187,15.52,195,800,-2.1968,15.332,184.81,658.93,0.27022,0.12525,0.024,0.24692,0.11828,0.019968,0.20909,0.112,0.016576,237,233,232,170,168,167,167,171,173,255,255,255,129,136,137,123,120,117,0.54631,0.54864,0.5491
1,6.0014e+05,-2.187,15.44,195,800,-2.1978,15.258,186.23,611.91,0.29327,0.11744,0.024512,0.26906,0.10531,0.01984,0.24365,0.10234,0.016768,240,239,235,173,175,173,162,168,171,255,255,254,119,125,127,122,121,118,0.55252,0.54729,0.54746
1,6.0024e+05,-2.187,15.36,195,800,-2.1936,15.167,185.93,819.01,0.2371,0.12544,0.022592,0.20997,0.11651,0.018944,0.19293,0.11114,0.016576,241,242,243,167,172,177,158,163,167,250,249,245,106,106,106,122,121,120,0.54243,0.54493,0.54688
1,6.0034e+05,-2.187,15.28,195,800,-2.2,15.092,186.17,877.73,0.31583,0.12438,0.029312,0.28969,0.1134,0.024896,0.27108,0.10822,0.022272,247,246,244,163,173,178,160,164,166,238,237,234,92,96,98,123,121,119,0.535,0.53951,0.5424
1,6.0044e+05,-2.187,15.2,195,800,-2.1989,15.025,186.26,635.07,0.29875,0.13062,0.029952,0.26712,0.12323,0.02528,0.24335,0.11869,0.022208,249,249,248,201,188,183,163,165,165,205,202,203,81,80,78,119,118,116,0.53986,0.54174,0.54349
1,6.0054e+05,-2.187,15.12,195,800,-2.1862,14.926,186.1,734.04,0.33002,0.12376,0.030336,0.29275,0.11719,0.025664,0.26713,0.11119,0.021888,246,248,249,179,183,183,154,160,164,161,166,171,54,57,62,115,112,111,0.53551,0.54033,0.53979
1,6.0064e+05,-2.187,15.04,195,800,-2.1872,14.865,184.47,574.84,0.35951,0.12342,0.033536,0.3084,0.11882,0.027456,0.268,0.11226,0.022464,248,248,249,170,175,183,154,160,164,154,155,160,48,53,57,110,109,109,0.53747,0.53164,0.53492
1,6.0074e+05,-2.187,14.96,195,800,-2.2,14.777,185.6,817.53,0.42702,0.12844,0.036352,0.33311,0.12244,0.028288,0.27874,0.11318,0.022528,251,251,250,175,180,185,163,167,169,140,143,145,67,60,55,105,105,105,0.52956,0.53314,0.53493
1,6.0084e+05,-2.187,14.88,195,800,-2.183,14.685,186.91,1101.1,0.3826,0.13621,0.035328,0.32677,0.12868,0.028928,0.27462,0.11783,0.023488,253,252,250,187,188,189,171,172,172,137,139,141,66,60,55,105,103,102,0.54549,0.53548,0.53599
1,6.0094e+05,-2.187,14.8,195,800,-2.2031,14.626,187.15,949.93,0.28493,0.12289,0.025088,0.24171,0.11478,0.020352,0.21789,0.11054,0.017856,250,250,250,195,198,203,176,176,176,130,134,140,50,52,54,94,95,96,0.54047,0.53576,0.53578
1,6.0104e+05,-2.187,14.72,195,800,-2.1957,14.55,185.43,1084.2,0.30867,0.11876,0.026816,0.26253,0.11239,0.022272,0.23487,0.10667,0.019072,248,247,248,216,212,206,177,177,178,142,146,147,55,56,57,89,89,91,0.52104,0.52989,0.53572
1,6.0114e+05,-2.187,14.64,195,800,-2.1989,14.464,186.31,668.84,0.31921,0.13621,0.032064,0.27681,0.12873,0.026624,0.25034,0.12317,0.02272,244,246,248,209,207,206,181,180,177,156,152,150,59,59,58,85,88,88,0.52973,0.53512,0.53555
1,6.0124e+05,-2.187,14.56,195,800,-2.2031,14.402,186.91,659.3,0.32653,0.12913,0.030336,0.27494,0.12267,0.025344,0.25207,0.1181,0.021952,249,249,247,179,187,195,175,179,178,149,152,153,57,58,59,86,84,85,0.54496,0.53672,0.53353
1,6.0134e+05,-2.187,14.48,195,800,-2.183,14.319,187.54,941.3,0.29745,0.11997,0.025472,0.24473,0.11313,0.0208,0.21804,0.10849,0.018176,249,248,247,184,186,191,181,178,176,153,151,151,58,57,56,82,82,82,0.53492,0.53562,0.53653
1,6.0144e+05,-2.187,14.4,195,800,-2.1957,14.22,186.47,1084.2,0.29006,0.12141,0.025472,0.25599,0.11443,0.021312,0.23032,0.10864,0.018496,244,244,246,193,191,192,176,174,171,150,152,153,52,52,53,77,77,78,0.53534,0.534,0.53524
1,6.0154e+05,-2.187,14.32,195,800,-2.2063,14.149,189.04,863.72,0.34377,0.13453,0.034752,0.31332,0.12794,0.02976,0.28286,0.11937,0.0256,248,247,247,194,198,203,163,166,169,151,153,153,50,51,53,76,78,80,0.54387,0.53484,0.53323
1,6.0164e+05,-2.187,14.24,195,800,-2.1851,14.075,187.86,1065,0.261,0.12558,0.024448,0.2131,0.12437,0.020416,0.2004,0.11571,0.017792,248,249,249,201,207,208,174,171,169,153,152,151,54,55,56,81,82,83,0.52125,0.53067,0.53164
1,6.0174e+05,-2.187,14.16,195,800,-2.1872,13.991,187.98,871.09,0.28745,0.12964,0.02688,0.24471,0.12147,0.021824,0.20732,0.11444,0.018176,254,252,251,231,216,208,183,177,172,143,143,144,83,74,64,91,89,87,0.54122,0.53279,0.53347
1,6.0184e+05,-2.187,14.08,195,800,-2.1883,13.907,187.82,1215.4,0.27521,0.12621,0.025536,0.22938,0.1212,0.021248,0.20961,0.11739,0.018944,254,253,251,210,205,204,176,175,174,141,140,142,97,77,65,91,88,87,0.51952,0.53358,0.53261
1,6.0194e+05,-2.187,14,195,800,-2.1904,13.837,186.38,638.02,0.28326,0.11924,0.024704,0.2452,0.11503,0.021312,0.21759,0.11097,0.01856,252,250,250,184,193,194,191,183,179,145,142,139,57,61,60,82,82,84,0.53237,0.52867,0.53134
1,6.0204e+05,-2.187,13.92,195,800,-2.1946,13.771,186.78,925.87,0.29066,0.11846,0.02592,0.26422,0.11217,0.02208,0.24377,0.10918,0.019712,253,249,246,187,185,188,196,189,181,140,139,139,47,49,52,79,81,82,0.51632,0.53057,0.53177
1,6.0214e+05,-2.187,13.84,195,800,-2.2116,13.683,186.18,905.89,0.30973,0.11792,0.026432,0.27157,0.11425,0.022592,0.24409,0.10887,0.01952,245,244,245,166,178,191,186,182,179,140,139,140,48,48,51,80,81,82,0.53461,0.53474,0.53212
1,6.0224e+05,-2.187,13.76,195,800,-2.1978,13.605,187.38,837.52,0.30749,0.11716,0.025536,0.25381,0.11651,0.021696,0.23286,0.11194,0.018624,240,241,244,217,205,198,171,173,175,151,147,143,50,52,55,86,85,84,0.54208,0.53224,0.53222
1,6.0234e+05,-2.187,13.68,195,800,-2.1936,13.509,185.2,970.59,0.32975,0.12001,0.02784,0.27611,0.11465,0.022976,0.24641,0.11085,0.01984,248,244,244,229,216,202,183,176,173,151,147,144,59,61,60,89,87,86,0.53814,0.52658,0.5287
1,6.0244e+05,-2.187,13.6,195,800,-2.2116,13.446,184.51,876.33,0.30197,0.13501,0.030336,0.26609,0.12822,0.025728,0.24459,0.12433,0.022848,248,247,247,202,201,206,169,173,174,143,142,142,89,75,66,95,93,92,0.52534,0.52911,0.53035
1,6.0254e+05,-2.187,13.52,195,800,-2.2031,13.357,185.53,995.4,0.31356,0.1199,0.02752,0.2672,0.1138,0.022336,0.23207,0.11187,0.018752,252,250,249,212,213,214,172,170,170,137,137,137,59,61,64,99,97,95,0.5208,0.52478,0.53107
1,6.0264e+05,-2.187,13.44,195,800,-2.201,13.301,187.31,682.46,0.24237,0.13062,0.023616,0.21717,0.12137,0.020032,0.20119,0.11705,0.018176,253,251,250,227,226,221,170,170,170,131,132,134,55,57,62,94,95,96,0.52543,0.52599,0.53302
1,6.0274e+05,-2.187,13.36,195,800,-2.2031,13.203,185.57,471.44,0.30885,0.12028,0.026304,0.26507,0.11251,0.021952,0.23842,0.11093,0.019264,253,252,249,236,233,229,172,170,169,126,126,127,60,60,58,95,95,95,0.53715,0.53171,0.53113
1,6.0284e+05,-2.187,13.28,195,800,-2.2159,13.134,185.95,716.44,0.30594,0.12543,0.028288,0.26452,0.11634,0.023232,0.23469,0.1151,0.020416,252,250,247,232,230,228,168,168,169,124,124,125,56,57,56,94,95,95,0.53412,0.53621,0.53288
1,6.0294e+05,-2.187,13.2,195,800,-2.1883,13.021,185.68,1337.8,0.2658,0.1182,0.023232,0.24192,0.11303,0.020288,0.21656,0.10956,0.0176,244,243,243,219,219,221,169,168,168,125,124,124,45,46,49,94,92,91,0.51634,0.52308,0.52839
1,6.0304e+05,-2.187,13.12,195,800,-2.2095,12.965,184.96,1063.7,0.29366,0.12307,0.026432,0.24571,0.11773,0.02208,0.22707,0.1116,0.019456,242,242,242,206,211,214,171,169,167,128,129,129,45,45,46,81,85,87,0.54076,0.5338,0.5325
1,6.0314e+05,-2.187,13.04,195,800,-2.1925,12.888,185.9,828.54,0.28652,0.12737,0.027712,0.25682,0.11803,0.023616,0.23373,0.11586,0.0208,247,245,244,214,213,210,167,165,165,138,135,132,47,47,48,82,83,86,0.53161,0.53253,0.53124
1,6.0324e+05,-2.187,12.96,195,800,-2.1989,12.807,186.12,638.96,0.28059,0.12495,0.026048,0.24851,0.11667,0.021952,0.22269,0.11498,0.019648,251,249,247,207,204,200,157,161,164,137,136,133,52,51,50,83,84,87,0.53888,0.52964,0.53004
1,6.0334e+05,-2.187,12.88,195,800,-2.1798,12.711,185.67,973.7,0.30854,0.13659,0.03104,0.26787,0.12964,0.026304,0.24706,0.12645,0.023936,247,247,247,192,193,196,165,165,165,131,132,132,52,51,51,82,86,89,0.52596,0.53455,0.53464
1,6.0344e+05,-2.187,12.8,195,800,-2.1809,12.635,186.86,1008.5,0.34639,0.12683,0.032256,0.29752,0.11939,0.026944,0.26768,0.1155,0.023424,243,245,246,181,189,197,178,175,170,128,130,132,46,48,50,92,93,94,0.53094,0.53393,0.53244
1,6.0354e+05,-2.187,12.72,195,800,-2.2,12.576,185.59,891.61,0.31635,0.12776,0.029376,0.27575,0.12098,0.024896,0.23715,0.11814,0.021568,244,245,245,218,211,205,178,176,172,142,138,133,48,48,49,97,97,97,0.53173,0.53494,0.53233
1,6.0364e+05,-2.187,12.64,195,800,-2.1968,12.483,187.36,979.33,0.3111,0.12243,0.027968,0.26871,0.11927,0.023616,0.23407,0.11615,0.020096,239,242,245,220,212,205,173,174,172,141,137,132,49,48,48,94,96,97,0.53453,0.53533,0.53458
1,6.0374e+05,-2.187,12.56,195,800,-2.201,12.405,185.35,960.73,0.28705,0.12222,0.025984,0.25541,0.11777,0.022272,0.23223,0.11491,0.020096,243,244,245,194,194,193,173,174,173,125,127,130,45,46,47,96,96,97,0.52506,0.53009,0.53246
1,6.0384e+05,-2.187,12.48,195,800,-2.184,12.316,184.8,851.1,0.2986,0.1141,0.025024,0.26375,0.10728,0.020928,0.23448,0.10368,0.018304,251,247,245,187,184,183,176,177,175,127,128,130,45,45,47,96,97,97,0.52147,0.53113,0.53015
1,6.0394e+05,-2.187,12.4,195,800,-2.2053,12.273,186,846.13,0.29718,0.11715,0.02304,0.21478,0.11613,0.01856,0.19804,0.10936,0.01632,242,246,246,166,174,180,182,182,180,133,137,139,49,50,51,94,95,94,0.52797,0.53432,0.53344
1,6.0404e+05,-2.187,12.32,195,800,-2.1904,12.173,187.03,938.94,0.26284,0.12403,0.024704,0.24612,0.11759,0.022208,0.23295,0.11394,0.020032,247,246,245,190,193,193,185,183,180,153,151,151,61,59,55,88,89,91,0.55383,0.53801,0.53655
1,6.0414e+05,-2.187,12.24,195,800,-2.1968,12.104,186.25,727.87,0.2692,0.13104,0.026624,0.25225,0.12363,0.023744,0.23441,0.11723,0.020992,245,246,246,202,204,202,179,178,177,156,157,157,59,58,56,87,88,89,0.54462,0.54233,0.54005
1,6.0424e+05,-2.187,12.16,195,800,-2.1946,12.015,187.87,817.28,0.2898,0.12885,0.027456,0.25533,0.12045,0.022592,0.21762,0.11968,0.019904,247,248,247,211,212,210,162,167,171,162,163,165,51,52,54,87,88,88,0.535,0.53968,0.53912
1,6.0434e+05,-2.187,12.08,195,800,-2.1798,11.933,185.5,697.39,0.27517,0.13143,0.02688,0.24784,0.12381,0.023168,0.22453,0.12104,0.0208,249,249,248,202,207,210,170,168,169,164,167,171,53,53,53,87,87,87,0.55069,0.54305,0.54238
1,6.0444e+05,-2.187,12,195,800,-2.1936,11.852,186.28,702.12,0.29795,0.12689,0.02752,0.24797,0.12247,0.022464,0.22061,0.11964,0.019904,247,248,248,201,204,205,173,173,172,184,186,190,56,55,56,81,82,83,0.54765,0.54264,0.54297
1,6.0454e+05,-2.187,11.92,195,800,-2.1862,11.757,187.47,723.13,0.30457,0.11645,0.025536,0.25671,0.11215,0.020672,0.21784,0.10886,0.017344,251,249,247,199,198,199,177,177,176,211,213,214,59,60,60,77,78,80,0.53852,0.5428,0.54501
1,6.0464e+05,-2.187,11.84,195,800,-2.1957,11.686,186.96,957.9,0.22796,0.12523,0.02208,0.21295,0.11769,0.019456,0.19968,0.1141,0.0176,250,249,249,186,192,199,178,178,177,222,224,224,64,63,62,77,79,82,0.53138,0.54597,0.54763
1,6.0474e+05,-2.187,11.76,195,800,-2.1872,11.604,188.17,990.3,0.25982,0.12825,0.024448,0.22543,0.12507,0.021184,0.20768,0.11856,0.018688,250,250,250,200,202,199,183,180,176,235,238,237,65,67,69,86,88,91,0.54413,0.54599,0.54712
1,6.0484e+05,-2.187,11.68,195,800,-2.2074,11.559,187.16,811.59,0.25582,0.128,0.024896,0.23698,0.12099,0.021824,0.22299,0.11573,0.019392,252,251,249,213,206,198,183,177,175,244,242,239,69,72,72,96,98,100,0.54734,0.54828,0.54748
1,6.0494e+05,-2.187,11.6,195,800,-2.2116,11.471,186.48,525.71,0.28718,0.12192,0.026368,0.25281,0.11649,0.022656,0.22381,0.11217,0.019328,246,246,245,199,198,192,171,172,175,242,241,238,77,77,75,119,119,122,0.54516,0.54893,0.54768
1,6.0504e+05,-2.187,11.52,195,800,-2.2031,11.388,186.54,836,0.25295,0.12318,0.0224,0.21829,0.11846,0.01952,0.20422,0.11059,0.017088,243,242,243,190,184,181,173,175,175,230,227,224,71,69,69,143,150,159,0.54128,0.54519,0.54796
1,6.0514e+05,-2.187,11.44,195,800,-2.201,11.295,187.97,1294.6,0.26282,0.12145,0.023424,0.22155,0.11822,0.019456,0.19284,0.11535,0.017024,242,243,244,171,177,181,174,175,175,215,215,215,65,63,64,170,178,184,0.54319,0.54714,0.5497
1,6.0524e+05,-2.187,11.36,195,800,-2.1809,11.211,187.31,876.38,0.27557,0.13393,0.028032,0.25517,0.12495,0.024448,0.23614,0.11982,0.02176,249,248,247,198,192,186,173,174,177,189,194,200,49,52,57,247,239,231,0.56122,0.55785,0.55525
1,6.0534e+05,-2.187,11.28,195,800,-2.1883,11.145,186.93,782.66,0.27782,0.12251,0.024256,0.23333,0.11619,0.019968,0.20984,0.11004,0.017408,249,249,247,209,199,189,175,177,179,189,192,198,50,52,56,255,253,246,0.5614,0.56179,0.5589
1,6.0544e+05,-2.187,11.2,195,800,-2.2063,11.075,186.49,622.24,0.27481,0.12574,0.02624,0.25378,0.1202,0.023168,0.23543,0.11424,0.020416,244,244,245,179,188,195,181,182,182,204,209,213,59,62,67,255,255,255,0.5712,0.56416,0.56388
1,6.0554e+05,-2.187,11.12,195,800,-2.1798,10.978,188.31,740.07,0.28044,0.13549,0.029184,0.26264,0.12917,0.025984,0.23993,0.12109,0.022336,242,242,242,188,192,195,173,177,181,248,242,236,100,107,112,255,255,255,0.571,0.57454,0.57537
1,6.0564e+05,-2.187,11.04,195,800,-2.1851,10.896,187.85,1244.8,0.304,0.11945,0.025152,0.24989,0.11472,0.020352,0.22372,0.11279,0.017728,238,239,242,192,192,195,179,178,180,255,252,246,153,149,138,255,255,255,0.57913,0.57567,0.56587
1,6.0871e+05,-2.094,11,195,800,-2.1087,10.926,-0.057284,749.51,0,0,0,0,0,0,0,0,0,246,243,243,193,192,193,185,177,174,255,253,248,182,168,152,255,255,255,0.49561,0.50517,0.50786
1,6.0881e+05,-2.094,11.08,195,800,-2.1076,10.994,185.3,732.11,0.16635,0.12273,0.015616,0.15172,0.11643,0.013824,0.14363,0.11086,0.012672,249,247,246,189,191,195,176,176,178,228,227,222,93,99,106,255,255,255,0.58886,0.58284,0.5824
1,6.0891e+05,-2.094,11.16,195,800,-2.1087,11.069,185.2,546.32,0.20764,0.12519,0.020288,0.18596,0.12022,0.017472,0.1755,0.1159,0.01568,250,248,247,197,194,195,188,183,181,202,203,205,66,72,82,255,255,255,0.56755,0.56875,0.57056
1,6.0901e+05,-2.094,11.24,195,800,-2.0992,11.142,187.61,886.87,0.28185,0.13047,0.027968,0.26425,0.12297,0.025024,0.24709,0.11677,0.021632,244,247,248,200,197,195,193,189,184,162,165,173,61,60,60,255,255,254,0.55207,0.56249,0.5626
1,6.0911e+05,-2.094,11.32,195,800,-2.1098,11.225,186.33,877.98,0.29451,0.11825,0.025472,0.26746,0.10757,0.021184,0.23868,0.10515,0.017984,250,248,247,196,193,190,189,185,183,154,157,165,60,59,58,255,253,247,0.56462,0.55789,0.55706
1,6.0921e+05,-2.094,11.4,195,800,-2.0917,11.278,186.38,1028.3,0.30831,0.11783,0.027264,0.27695,0.11149,0.023168,0.2619,0.10527,0.02048,247,243,244,169,175,183,177,179,179,162,166,172,54,56,60,227,218,212,0.55885,0.55712,0.5549
1,6.0931e+05,-2.094,11.48,195,800,-2.1076,11.373,187.81,941.36,0.31063,0.13693,0.032512,0.28,0.1283,0.02816,0.26731,0.12183,0.025088,236,237,239,174,175,178,186,181,178,207,198,193,64,69,73,149,154,161,0.54327,0.54945,0.55159
1,6.0941e+05,-2.094,11.56,195,800,-2.097,11.432,188.11,445.95,0.34807,0.12217,0.030144,0.27756,0.11599,0.024128,0.24414,0.11168,0.020864,235,236,239,174,177,180,182,179,177,211,208,205,83,83,80,130,131,137,0.54471,0.54901,0.54859
1,6.0951e+05,-2.094,11.64,195,800,-2.113,11.536,187.41,712.35,0.31691,0.13154,0.032,0.27386,0.12255,0.025664,0.25155,0.11246,0.021568,239,242,244,188,190,194,168,171,175,224,220,218,101,91,83,102,104,107,0.54515,0.54718,0.54628
1,6.0961e+05,-2.094,11.72,195,800,-2.0928,11.584,187.76,724.96,0.33657,0.1115,0.02624,0.2844,0.10682,0.021952,0.2468,0.10393,0.018944,250,247,246,211,206,198,166,171,176,225,223,222,80,82,80,93,94,97,0.54606,0.54574,0.54726
1,6.0971e+05,-2.094,11.8,195,800,-2.1161,11.703,185.66,981.26,0.33649,0.12719,0.030592,0.30434,0.11488,0.025472,0.26228,0.11332,0.022464,248,249,249,213,211,208,180,179,178,226,223,220,69,69,67,81,82,85,0.55846,0.55192,0.54661
1,6.0981e+05,-2.094,11.88,195,800,-2.1023,11.77,187.35,1089.6,0.33083,0.12225,0.030272,0.3008,0.11519,0.025472,0.26547,0.11102,0.021824,246,246,247,210,207,206,180,178,176,211,208,206,58,60,61,80,81,81,0.55295,0.54967,0.54584
1,6.0991e+05,-2.094,11.96,195,800,-2.096,11.85,187.6,730.82,0.2805,0.12728,0.02592,0.25056,0.11823,0.02144,0.21905,0.1156,0.018816,243,245,246,203,206,207,173,173,173,192,193,195,57,58,58,81,81,82,0.5491,0.54169,0.54239
1,6.1001e+05,-2.094,12.04,195,800,-2.0907,11.894,187.44,766.04,0.29332,0.12283,0.027136,0.25831,0.11558,0.022464,0.23492,0.10805,0.019392,246,246,246,203,205,209,162,165,167,165,168,173,58,56,55,83,83,83,0.52945,0.53892,0.54311
1,6.1011e+05,-2.094,12.12,195,800,-2.1098,11.999,187.9,690.07,0.22994,0.12209,0.02176,0.21714,0.11719,0.019648,0.20738,0.11218,0.017792,249,247,246,209,210,210,163,164,165,156,160,165,53,54,54,83,83,84,0.54629,0.54324,0.54073
1,6.1021e+05,-2.094,12.2,195,800,-2.1013,12.084,186.39,688.56,0.31409,0.13104,0.030272,0.27699,0.12296,0.025472,0.25744,0.1182,0.022912,242,245,246,215,214,210,167,167,168,151,154,156,50,51,53,83,84,85,0.53614,0.5405,0.53945
1,6.1031e+05,-2.094,12.28,195,800,-2.1066,12.165,186.03,766.6,0.30421,0.12053,0.024704,0.25087,0.11168,0.020032,0.21309,0.10955,0.01696,245,245,245,205,201,196,177,175,174,150,148,147,52,51,51,87,88,88,0.52053,0.5321,0.53543
1,6.1041e+05,-2.094,12.36,195,800,-2.1119,12.237,186.11,604.25,0.28199,0.12524,0.02656,0.26888,0.1172,0.02336,0.25334,0.11007,0.0208,243,244,245,183,185,186,176,177,177,142,142,141,47,48,50,90,91,90,0.53105,0.53362,0.53403
1,6.1051e+05,-2.094,12.44,195,800,-2.1023,12.315,185.72,805.09,0.29561,0.12405,0.026496,0.26693,0.11506,0.022016,0.23891,0.11055,0.019264,239,243,246,161,165,173,178,179,179,127,127,128,45,46,47,94,94,94,0.53298,0.53288,0.53261
1,6.1061e+05,-2.094,12.52,195,800,-2.1034,12.401,184.2,1016,0.32296,0.13167,0.032256,0.29626,0.1224,0.027392,0.27208,0.11686,0.024192,244,245,246,163,167,176,179,179,177,121,122,124,46,46,47,96,95,95,0.53325,0.52983,0.53168
1,6.1071e+05,-2.094,12.6,195,800,-2.1076,12.482,186.28,1087.3,0.29346,0.12243,0.024576,0.25046,0.11721,0.020736,0.22077,0.11401,0.018176,244,246,245,200,197,195,175,174,172,118,121,122,47,48,49,95,98,98,0.53043,0.53354,0.53317
1,6.1081e+05,-2.094,12.68,195,800,-2.096,12.544,184.4,822.87,0.37246,0.12436,0.032384,0.34122,0.11836,0.027584,0.32457,0.11146,0.024128,246,245,245,221,215,206,170,169,169,124,124,123,50,50,50,108,105,101,0.53953,0.53624,0.53443
1,6.1091e+05,-2.094,12.76,195,800,-2.0949,12.621,186.9,585.41,0.31845,0.12232,0.028032,0.28725,0.1158,0.023296,0.24542,0.10994,0.01952,248,247,245,200,205,204,168,170,169,121,123,124,48,49,50,107,104,100,0.52512,0.53246,0.53279
1,6.1101e+05,-2.094,12.84,195,800,-2.1034,12.721,187.2,858.48,0.26637,0.12407,0.024704,0.24773,0.11655,0.02176,0.23831,0.10884,0.019328,249,248,246,183,188,195,164,166,166,124,124,124,53,51,49,96,96,96,0.5325,0.53392,0.53358
1,6.1111e+05,-2.094,12.92,195,800,-2.1023,12.795,187.26,919.67,0.27036,0.11516,0.023296,0.24279,0.11201,0.020416,0.21747,0.10764,0.017664,249,248,246,188,191,195,158,161,164,126,126,125,53,51,49,93,93,93,0.52786,0.53207,0.53229
1,6.1121e+05,-2.094,13,195,800,-2.1427,12.907,187.32,1200.6,0.29233,0.1204,0.025856,0.25652,0.11385,0.02208,0.22853,0.10931,0.018944,241,242,241,210,207,203,162,160,162,125,126,126,47,48,48,88,90,91,0.54162,0.53202,0.53216
1,6.1131e+05,-2.094,13.08,195,800,-2.0885,12.941,185.32,982.24,0.28186,0.12994,0.026752,0.24306,0.12277,0.0224,0.21886,0.11809,0.019776,232,235,238,223,220,217,163,166,166,117,120,123,45,45,45,88,88,89,0.52949,0.52966,0.53019
1,6.1141e+05,-2.094,13.16,195,800,-2.1076,13.036,187.34,944.75,0.2603,0.12346,0.02368,0.22613,0.1142,0.01984,0.20417,0.1125,0.017984,232,234,238,237,228,223,168,168,168,115,117,120,44,44,46,86,88,89,0.52484,0.53149,0.53398
1,6.1151e+05,-2.094,13.24,195,800,-2.096,13.102,186.25,589.36,0.2968,0.1295,0.028736,0.27752,0.11789,0.024256,0.25222,0.11569,0.021824,239,242,243,236,239,236,166,169,169,114,117,119,56,57,55,90,91,92,0.53765,0.53057,0.53063
1,6.1161e+05,-2.094,13.32,195,800,-2.1034,13.185,187.71,961.83,0.28865,0.13008,0.027008,0.2654,0.12239,0.023552,0.2405,0.11608,0.020352,248,247,246,245,243,238,169,169,168,119,120,121,79,68,60,93,93,94,0.5357,0.53402,0.53047
1,6.1171e+05,-2.094,13.4,195,800,-2.1214,13.274,187.51,870.95,0.25874,0.12198,0.022592,0.22469,0.11841,0.0192,0.1985,0.11117,0.016576,246,247,248,242,239,233,167,168,169,123,125,126,73,72,69,98,98,98,0.53694,0.5369,0.53514
1,6.1181e+05,-2.094,13.48,195,800,-2.1225,13.354,186.54,945,0.28691,0.1258,0.0272,0.25878,0.12051,0.023808,0.24145,0.11116,0.02048,248,247,247,220,216,215,175,174,173,131,131,132,71,71,70,99,99,98,0.53751,0.53683,0.53279
1,6.1191e+05,-2.094,13.56,195,800,-2.1108,13.423,185.25,732.06,0.28876,0.12764,0.028032,0.25914,0.11843,0.023744,0.23796,0.1152,0.020992,248,247,246,199,204,208,179,178,176,134,134,134,69,71,70,97,96,95,0.53068,0.52889,0.52834
1,6.1201e+05,-2.094,13.64,195,800,-2.1045,13.499,186.96,986.94,0.24904,0.12512,0.022592,0.21274,0.12234,0.019264,0.18746,0.1172,0.016896,243,244,244,200,200,200,181,180,178,133,136,138,58,62,64,86,88,89,0.53902,0.53107,0.53212
1,6.1211e+05,-2.094,13.72,195,800,-2.1204,13.594,186.15,1006.7,0.26206,0.12949,0.025792,0.24147,0.12231,0.022528,0.22545,0.11647,0.019968,243,244,244,202,199,198,179,178,177,135,137,138,55,57,60,86,86,86,0.53828,0.53713,0.5326
1,6.1221e+05,-2.094,13.8,195,800,-2.1204,13.674,186.8,901.32,0.26877,0.12795,0.025856,0.24372,0.1203,0.0224,0.22744,0.11515,0.020032,247,246,246,178,188,196,176,177,177,134,134,135,51,51,53,81,85,85,0.52975,0.53702,0.53404
1,6.1231e+05,-2.094,13.88,195,800,-2.1151,13.743,185.92,774.21,0.28703,0.12419,0.026752,0.25394,0.11914,0.022976,0.2329,0.11141,0.019904,252,251,249,198,196,196,180,180,180,126,130,134,50,51,53,97,91,85,0.53489,0.53274,0.53158
1,6.1241e+05,-2.094,13.96,195,800,-2.1172,13.833,185.01,982.26,0.25333,0.13202,0.025216,0.2326,0.12374,0.021888,0.21866,0.11949,0.019712,251,251,251,201,201,198,174,178,180,134,134,134,53,53,55,92,89,85,0.53941,0.53324,0.53278
1,6.1251e+05,-2.094,14.04,195,800,-2.1023,13.885,185.69,981.63,0.24706,0.13102,0.025024,0.22684,0.12604,0.021952,0.20842,0.12102,0.019264,249,250,251,207,203,203,161,170,177,139,140,138,66,64,61,81,83,84,0.51624,0.52754,0.53054
1,6.1261e+05,-2.094,14.12,195,800,-2.1045,13.971,186.55,1126.5,0.2657,0.13079,0.025664,0.23794,0.12376,0.022464,0.22927,0.11827,0.020288,251,252,252,200,205,208,166,170,175,145,142,140,65,65,61,83,83,83,0.535,0.52961,0.52798
1,6.1271e+05,-2.094,14.2,195,800,-2.114,14.048,186.12,785.84,0.29095,0.12993,0.025984,0.23551,0.12792,0.021312,0.21082,0.11942,0.018432,255,254,252,226,221,216,167,170,170,149,149,147,51,54,57,86,83,81,0.54557,0.54282,0.53603
1,6.1281e+05,-2.094,14.28,195,800,-2.1172,14.148,186.79,1213,0.27555,0.12456,0.02496,0.24214,0.11883,0.020992,0.21308,0.11569,0.018304,252,250,249,219,217,211,166,165,167,166,157,150,50,50,51,76,77,77,0.54131,0.53223,0.53308
1,6.1291e+05,-2.094,14.36,195,800,-2.1076,14.213,188.01,840.56,0.23624,0.13661,0.02464,0.20459,0.12963,0.020864,0.18864,0.12666,0.018816,246,246,248,214,207,202,167,166,168,160,154,150,49,50,51,76,76,76,0.5316,0.53772,0.53386
1,6.1301e+05,-2.094,14.44,195,800,-2.0992,14.304,186,916.93,0.30871,0.12344,0.028416,0.27715,0.11919,0.024768,0.26219,0.10991,0.021504,245,247,248,174,184,193,172,174,174,148,147,146,54,54,53,77,78,78,0.53494,0.53098,0.5336
1,6.1311e+05,-2.094,14.52,195,800,-2.1087,14.37,187.32,733.51,0.25077,0.11092,0.020672,0.22882,0.10189,0.017344,0.20561,0.099579,0.015168,252,250,249,181,189,194,178,177,177,149,146,145,55,54,54,80,80,80,0.54355,0.53636,0.53575
1,6.1321e+05,-2.094,14.6,195,800,-2.1098,14.457,185.97,819.58,0.2248,0.12756,0.021824,0.2081,0.11829,0.019136,0.19783,0.11352,0.017472,250,251,250,215,209,202,177,179,180,150,148,146,52,53,54,84,84,84,0.53952,0.53584,0.53579
1,6.1331e+05,-2.094,14.68,195,800,-2.114,14.531,188,903.31,0.27963,0.12485,0.026176,0.24821,0.12081,0.022528,0.23294,0.11171,0.019584,250,251,250,210,204,204,172,174,177,154,146,142,53,52,52,86,86,88,0.53484,0.53505,0.53464
1,6.1341e+05,-2.094,14.76,195,800,-2.1023,14.616,185.86,913.98,0.35156,0.12602,0.03136,0.29493,0.12143,0.02528,0.25354,0.11427,0.02144,251,251,250,195,201,203,169,171,175,142,140,139,52,52,52,85,87,90,0.54024,0.53599,0.53617
1,6.1351e+05,-2.094,14.84,195,800,-2.1108,14.695,188.8,585.87,0.28966,0.12385,0.026432,0.24218,0.12003,0.022208,0.22631,0.11199,0.019328,251,251,251,210,207,205,171,171,171,135,134,135,50,51,52,91,92,95,0.54431,0.54215,0.53665
1,6.1361e+05,-2.094,14.92,195,800,-2.0939,14.755,187.93,653.1,0.28422,0.1216,0.025024,0.23988,0.11772,0.020608,0.19016,0.11229,0.016576,253,251,250,226,213,202,171,171,170,137,137,136,50,52,52,94,97,99,0.54146,0.53638,0.5343
1,6.1371e+05,-2.094,15,195,800,-2.1236,14.859,186.73,826.83,0.27638,0.11937,0.02496,0.25703,0.11111,0.021632,0.23341,0.10767,0.019072,246,247,248,187,192,194,167,166,166,144,143,144,47,49,51,109,109,108,0.54129,0.53559,0.53416
1,6.1381e+05,-2.094,15.08,195,800,-2.114,14.921,186.64,902.46,0.25533,0.11821,0.021888,0.2282,0.11141,0.018688,0.20213,0.10836,0.016128,250,249,249,189,181,184,166,162,163,163,162,166,53,52,54,115,115,116,0.53982,0.53862,0.53762
1,6.1391e+05,-2.094,15.16,195,800,-2.1108,15.008,188.41,758.39,0.2704,0.12461,0.02432,0.23836,0.11585,0.020672,0.21635,0.11315,0.01824,254,252,249,185,186,182,166,163,163,178,179,181,58,57,59,114,117,119,0.53752,0.54121,0.54123
1,6.1401e+05,-2.094,15.24,195,800,-2.1045,15.07,186.37,776.67,0.25193,0.11853,0.022272,0.22197,0.11474,0.018944,0.19954,0.10932,0.01632,249,248,245,179,179,175,162,162,162,219,219,218,68,69,73,116,118,121,0.54987,0.54481,0.5435
1,6.1411e+05,-2.094,15.32,195,800,-2.1087,15.173,187.44,846.72,0.23925,0.11228,0.01952,0.20335,0.11044,0.016512,0.17724,0.10576,0.014016,245,242,242,175,168,169,161,161,162,242,237,233,75,78,83,114,118,122,0.54085,0.54288,0.54367
1,6.1421e+05,-2.094,15.4,195,800,-2.1225,15.244,186.64,764.55,0.2088,0.13773,0.021568,0.19356,0.12923,0.018944,0.1742,0.12564,0.016832,239,240,238,157,165,167,167,167,167,255,254,251,102,105,109,117,119,120,0.55943,0.55081,0.54827
1,6.1431e+05,-2.094,15.48,195,800,-2.1225,15.328,186.54,1025.1,0.25996,0.12996,0.025728,0.23446,0.12265,0.021952,0.2152,0.11875,0.01952,238,234,233,188,175,165,179,178,172,255,255,255,146,135,131,111,114,115,0.55718,0.54807,0.54909
1,6.1441e+05,-2.094,15.56,195,800,-2.0992,15.397,187.08,913.2,0.20105,0.12677,0.01984,0.18411,0.12172,0.017408,0.17199,0.11398,0.01536,221,228,234,163,163,166,186,175,172,255,255,255,133,137,138,109,110,111,0.55862,0.55302,0.55155
1,6.1451e+05,-2.094,15.64,195,800,-2.1098,15.473,187.28,796.83,0.26242,0.12729,0.02592,0.23598,0.12176,0.022272,0.22156,0.11638,0.019968,242,239,237,163,168,178,163,165,167,255,255,255,139,139,145,103,103,103,0.55071,0.5514,0.55314
1,6.1461e+05,-2.094,15.72,195,800,-2.1034,15.554,186.58,565.85,0.26025,0.12379,0.02432,0.23943,0.11655,0.021312,0.22276,0.11035,0.018496,251,247,242,195,192,189,165,164,165,255,255,255,151,149,149,101,99,100,0.55575,0.55395,0.55542
1,6.1471e+05,-2.094,15.8,195,800,-2.1013,15.637,186.69,694.65,0.24269,0.12477,0.0224,0.21338,0.11965,0.019136,0.2001,0.11634,0.017344,245,247,248,213,213,212,173,170,167,255,255,255,159,157,154,97,98,100,0.56352,0.56012,0.56121
1,6.1481e+05,-2.094,15.88,195,800,-2.1023,15.716,187.87,938.78,0.29667,0.12787,0.027392,0.26536,0.11776,0.022848,0.23205,0.11632,0.020224,250,250,248,221,220,214,178,174,170,255,255,255,145,153,162,112,120,130,0.57546,0.57266,0.57166
1,6.1491e+05,-2.094,15.96,195,800,-2.0992,15.769,186.84,502.25,0.28675,0.12726,0.0272,0.25602,0.11874,0.022912,0.22711,0.11618,0.019968,255,251,248,235,219,211,171,172,171,255,255,255,164,167,166,154,157,150,0.5779,0.57735,0.56946
1,6.1798e+05,-2.001,16,195,800,-2.0164,15.781,-0.41812,920.89,0,0,0,0,0,0,0,0,0,238,241,243,215,218,212,170,168,169,255,255,255,183,177,171,188,175,164,0.52607,0.52055,0.52032
1,6.1808e+05,-2.001,15.92,195,800,-2.0026,15.704,185.86,860.67,0.20003,0.11926,0.017344,0.17987,0.11377,0.01504,0.16693,0.10826,0.013504,248,248,247,233,231,221,158,163,166,255,255,255,161,166,167,112,118,128,0.57203,0.57637,0.5758
1,6.1818e+05,-2.001,15.84,195,800,-2.009,15.627,185.24,1091.1,0.26816,0.11089,0.02176,0.25172,0.10419,0.0176,0.18509,0.10279,0.013824,248,248,249,226,228,226,160,162,165,255,255,255,180,169,162,101,104,109,0.56534,0.56319,0.56368
1,6.1828e+05,-2.001,15.76,195,800,-2.0058,15.55,186.5,1094.7,0.27934,0.11904,0.023744,0.2362,0.11504,0.018816,0.19245,0.1081,0.01536,249,249,247,233,223,211,158,163,165,255,255,255,153,155,154,101,97,96,0.56219,0.55977,0.55952
1,6.1838e+05,-2.001,15.68,195,800,-2.0281,15.479,185.42,824.78,0.28226,0.11714,0.024384,0.25947,0.11118,0.020992,0.23399,0.10755,0.018048,250,247,243,218,206,198,168,166,166,255,255,255,142,143,148,94,94,96,0.55935,0.55359,0.55428
1,6.1848e+05,-2.001,15.6,195,800,-2.0153,15.42,187.7,636.86,0.25541,0.12818,0.025216,0.23608,0.11967,0.021952,0.22274,0.11456,0.019712,231,233,238,160,164,174,168,169,170,255,255,255,138,143,142,101,99,101,0.55246,0.5532,0.55166
1,6.1858e+05,-2.001,15.52,195,800,-2.0196,15.325,186.13,856.34,0.31351,0.13975,0.03264,0.27406,0.13179,0.027584,0.25226,0.12583,0.02464,238,238,236,172,170,163,172,174,172,255,255,255,172,144,129,112,111,111,0.55087,0.54798,0.54924
1,6.1868e+05,-2.001,15.44,195,800,-2.0249,15.251,187.09,905.27,0.43005,0.11402,0.03392,0.34573,0.11011,0.025472,0.25238,0.10491,0.020032,247,240,235,186,167,159,183,174,170,255,255,254,125,125,120,120,117,115,0.5502,0.55075,0.54771
1,6.1878e+05,-2.001,15.36,195,800,-2.0217,15.162,187.23,974.24,0.28159,0.12493,0.026176,0.24967,0.11602,0.021888,0.22129,0.11052,0.018432,220,228,236,131,145,159,159,162,165,253,249,244,88,88,89,130,125,122,0.54342,0.54604,0.54629
1,6.1888e+05,-2.001,15.28,195,800,-2.0122,15.097,186.92,910.88,0.31741,0.12891,0.030912,0.2808,0.12267,0.026304,0.25106,0.11657,0.0224,224,231,238,157,157,159,158,160,162,241,237,232,77,76,77,134,129,125,0.55174,0.5435,0.54509
1,6.1898e+05,-2.001,15.2,195,800,-2.0185,15.026,187.56,914.01,0.35684,0.1314,0.035776,0.32001,0.12261,0.029504,0.2856,0.11632,0.024832,253,250,246,182,179,177,162,162,162,193,197,199,54,57,60,134,128,124,0.55108,0.54617,0.54386
1,6.1908e+05,-2.001,15.12,195,800,-2.0132,14.934,187.05,1015.9,0.31647,0.14003,0.032448,0.2701,0.13559,0.027392,0.24632,0.12733,0.023168,247,249,249,173,181,190,168,167,167,159,162,163,49,49,50,119,119,119,0.53334,0.53652,0.53865
1,6.1918e+05,-2.001,15.04,195,800,-2.0111,14.859,187.61,743.86,0.32228,0.15688,0.037376,0.27988,0.1517,0.032128,0.25381,0.14659,0.028032,246,247,249,187,194,198,175,172,169,143,147,152,45,46,48,119,116,114,0.52196,0.53198,0.53492
1,6.1928e+05,-2.001,14.96,195,800,-2.0153,14.778,186.61,871.39,0.22406,0.11891,0.019712,0.19041,0.11469,0.01696,0.17356,0.10844,0.014656,251,249,248,230,218,206,170,172,172,130,133,135,46,46,47,106,105,105,0.5283,0.53591,0.53572
1,6.1938e+05,-2.001,14.88,195,800,-2.0111,14.705,187.74,724.21,0.32225,0.12293,0.029696,0.28228,0.11996,0.025216,0.25333,0.11442,0.021696,249,249,249,211,214,208,168,171,173,127,130,133,48,47,47,98,99,101,0.54087,0.53787,0.53736
1,6.1948e+05,-2.001,14.8,195,800,-2.0132,14.642,186.23,620.33,0.38213,0.12141,0.034176,0.33642,0.11049,0.027392,0.2967,0.10541,0.022784,250,250,250,209,205,203,176,175,175,132,134,135,48,48,49,92,94,96,0.52779,0.53547,0.53614
1,6.1958e+05,-2.001,14.72,195,800,-2.0122,14.537,186.53,1023.3,0.3082,0.1119,0.02496,0.23811,0.10866,0.019648,0.21204,0.10213,0.016384,251,250,249,198,199,202,183,181,178,140,140,138,52,50,50,99,94,92,0.54195,0.53702,0.53755
1,6.1968e+05,-2.001,14.64,195,800,-2.0175,14.473,186.79,946.42,0.32925,0.12054,0.029248,0.28659,0.1122,0.023616,0.25125,0.1105,0.02016,247,249,250,191,204,205,187,182,180,137,139,139,51,51,52,88,91,89,0.53875,0.53854,0.53656
1,6.1978e+05,-2.001,14.56,195,800,-2.0238,14.391,186.86,680.83,0.25918,0.13,0.024576,0.21626,0.12466,0.02016,0.18805,0.12184,0.017536,252,252,249,222,210,200,188,184,181,131,134,137,55,54,54,77,80,82,0.546,0.53588,0.53521
1,6.1988e+05,-2.001,14.48,195,800,-2.01,14.306,187.39,775.78,0.32601,0.11976,0.028736,0.26965,0.11383,0.02144,0.18658,0.11028,0.015744,252,251,249,188,196,199,183,182,178,132,134,138,54,55,54,77,78,79,0.54273,0.53746,0.53659
1,6.1998e+05,-2.001,14.4,195,800,-2.0291,14.246,186.18,589.7,0.33974,0.12185,0.029376,0.28161,0.11288,0.02336,0.24213,0.11228,0.019392,245,247,248,182,188,196,167,169,171,136,140,143,54,53,52,72,74,75,0.53195,0.53204,0.53471
1,6.2008e+05,-2.001,14.32,195,800,-2.0259,14.153,186.52,1061.5,0.28271,0.12064,0.0256,0.25105,0.11513,0.021696,0.22395,0.10745,0.018304,248,249,249,226,222,215,160,164,167,144,145,144,49,50,50,70,72,75,0.51319,0.53038,0.53423
1,6.2018e+05,-2.001,14.24,195,800,-2.0143,14.072,186.33,629.28,0.3407,0.12687,0.03232,0.31369,0.12094,0.028224,0.28643,0.11302,0.024448,254,252,251,245,232,218,163,165,167,143,143,143,48,49,50,70,73,75,0.53068,0.53011,0.53341
1,6.2028e+05,-2.001,14.16,195,800,-2.0132,13.986,188.31,753.21,0.3684,0.12844,0.035072,0.32609,0.12396,0.030016,0.28209,0.11947,0.025472,252,252,252,201,208,214,173,173,172,130,135,137,48,49,51,77,77,78,0.54209,0.53719,0.5347
1,6.2038e+05,-2.001,14.08,195,800,-2.0217,13.923,186.82,1005.6,0.2933,0.11857,0.023936,0.23441,0.11445,0.019392,0.21025,0.11135,0.017152,247,251,252,193,201,208,179,178,174,132,132,134,47,49,52,80,79,79,0.54281,0.52796,0.52828
1,6.2048e+05,-2.001,14,195,800,-2.0217,13.826,185.95,749.89,0.40269,0.12315,0.033472,0.34611,0.11749,0.027392,0.305,0.11286,0.02304,251,250,250,212,207,203,191,182,175,127,129,131,50,53,57,81,82,83,0.52205,0.52777,0.53252
1,6.2058e+05,-2.001,13.92,195,800,-2.009,13.748,187.14,639,0.29397,0.14515,0.029248,0.26255,0.13946,0.025024,0.23622,0.13011,0.02144,251,250,250,203,207,205,170,173,174,129,130,131,62,62,62,87,86,84,0.51981,0.52995,0.53017
1,6.2068e+05,-2.001,13.84,195,800,-2.0015,13.652,187.57,631.1,0.27591,0.12683,0.026624,0.23682,0.12099,0.022208,0.21399,0.11724,0.01952,251,250,249,213,210,202,171,172,173,128,131,133,62,63,63,86,85,84,0.51529,0.53147,0.53192
1,6.2078e+05,-2.001,13.76,195,800,-2.0164,13.586,186.46,1158.7,0.27185,0.11501,0.022976,0.23712,0.10935,0.019264,0.21575,0.1041,0.016384,244,245,246,204,201,198,171,173,177,135,134,135,58,60,63,79,81,83,0.52852,0.53304,0.53155
1,6.2088e+05,-2.001,13.68,195,800,-2.0122,13.513,186.64,898.92,0.27096,0.13005,0.027072,0.24977,0.12055,0.022912,0.22948,0.11636,0.020352,240,242,244,189,194,195,170,176,179,134,135,136,60,60,62,82,82,83,0.53651,0.53002,0.5307
1,6.2098e+05,-2.001,13.6,195,800,-2.0281,13.445,187.14,656.32,0.2933,0.11815,0.024128,0.23449,0.11592,0.019584,0.19799,0.11328,0.016832,239,242,244,194,194,196,187,185,183,138,137,136,60,65,67,87,88,90,0.54103,0.54011,0.53451
1,6.2108e+05,-2.001,13.52,195,800,-2.0153,13.345,186.86,870.75,0.31973,0.12373,0.029312,0.27058,0.11758,0.024,0.24935,0.11517,0.021568,244,245,245,213,211,210,176,179,180,129,131,131,93,80,70,103,101,98,0.53911,0.53273,0.53072
1,6.2118e+05,-2.001,13.44,195,800,-2.0228,13.302,186.73,817.05,0.26357,0.11821,0.02368,0.22458,0.11537,0.019648,0.19838,0.11239,0.017216,245,245,246,223,222,220,167,172,175,125,127,127,82,76,70,109,105,100,0.52359,0.53119,0.53257
1,6.2128e+05,-2.001,13.36,195,800,-2.0185,13.212,186.3,930.18,0.29764,0.12493,0.027136,0.26175,0.12006,0.023104,0.23049,0.11648,0.020288,244,246,246,240,240,236,161,165,170,125,121,119,58,61,62,100,100,98,0.53485,0.52912,0.53157
1,6.2138e+05,-2.001,13.28,195,800,-2.0058,13.116,187.03,821.4,0.28642,0.12924,0.027648,0.2523,0.12319,0.023616,0.23311,0.11731,0.020928,250,247,246,251,245,239,168,168,168,118,117,116,56,57,56,94,95,95,0.53849,0.53268,0.53185
1,6.2148e+05,-2.001,13.2,195,800,-2.0185,13.042,186.24,729.48,0.26827,0.11307,0.021632,0.20681,0.11101,0.017472,0.18058,0.10759,0.014976,241,241,242,239,237,233,174,171,168,112,113,114,44,46,49,89,91,92,0.52623,0.53151,0.53252
1,6.2158e+05,-2.001,13.12,195,800,-2.0228,12.968,185.21,727.88,0.29279,0.11509,0.025344,0.26311,0.11113,0.021824,0.24366,0.10566,0.01952,230,233,238,208,210,214,168,166,166,121,118,116,45,45,47,95,94,93,0.52208,0.52994,0.53073
1,6.2168e+05,-2.001,13.04,195,800,-2.0005,12.874,184.84,896.96,0.31707,0.12203,0.028736,0.28309,0.11431,0.024256,0.25603,0.1123,0.021568,233,234,237,190,197,206,163,164,164,123,119,116,47,47,48,99,97,95,0.53731,0.53409,0.53261
1,6.2178e+05,-2.001,12.96,195,800,-2.01,12.808,186.31,990.02,0.25277,0.11818,0.020288,0.19007,0.11486,0.016512,0.16997,0.11412,0.014912,233,237,241,186,189,195,160,162,164,116,116,117,46,47,49,104,101,98,0.52577,0.53292,0.53298
1,6.2188e+05,-2.001,12.88,195,800,-1.9867,12.705,186.69,769.09,0.27601,0.11772,0.024256,0.24969,0.11293,0.020736,0.22658,0.10606,0.018048,238,241,243,188,192,197,164,164,164,115,115,116,44,47,50,101,100,99,0.52547,0.52925,0.53347
1,6.2198e+05,-2.001,12.8,195,800,-2.0259,12.664,186.83,638.59,0.27986,0.1213,0.02528,0.24955,0.11641,0.021632,0.22934,0.11214,0.019136,251,248,246,219,212,206,170,166,164,118,116,116,50,52,56,99,100,101,0.53904,0.53332,0.53309
1,6.2208e+05,-2.001,12.72,195,800,-2.0069,12.55,187.33,1053.2,0.30121,0.11905,0.027264,0.26437,0.11569,0.023296,0.25367,0.10994,0.02112,238,242,245,210,211,210,151,157,164,113,114,115,61,62,61,106,104,101,0.53599,0.53383,0.53317
1,6.2218e+05,-2.001,12.64,195,800,-2.0069,12.497,185.29,891.66,0.27943,0.11432,0.023232,0.23781,0.11042,0.019136,0.20018,0.10703,0.015872,241,242,245,193,201,205,149,157,166,112,113,115,61,61,61,103,102,100,0.53233,0.53377,0.53425
1,6.2228e+05,-2.001,12.56,195,800,-2.0111,12.404,186.37,1299.4,0.38654,0.1218,0.033856,0.34366,0.11764,0.02784,0.29345,0.11474,0.022784,254,249,245,174,182,190,175,173,172,114,114,116,48,50,54,93,94,95,0.53793,0.52951,0.53209
1,6.2238e+05,-2.001,12.48,195,800,-2.0153,12.333,187.31,1051,0.28252,0.12446,0.027008,0.25206,0.11882,0.02304,0.23107,0.11279,0.019712,250,249,246,170,176,185,180,178,176,117,118,120,47,47,49,91,92,93,0.52259,0.53115,0.5336
1,6.2248e+05,-2.001,12.4,195,800,-2.01,12.259,187.66,1026.5,0.29141,0.12271,0.02656,0.25881,0.11901,0.022976,0.23901,0.11383,0.020224,248,246,246,178,179,186,183,178,177,134,132,132,49,48,48,92,91,91,0.52358,0.53224,0.53261
1,6.2258e+05,-2.001,12.32,195,800,-2.0037,12.184,186.11,702.34,0.30506,0.11921,0.026496,0.2617,0.11531,0.021888,0.2347,0.11222,0.019264,247,247,247,202,200,201,168,170,171,146,146,145,50,51,50,90,88,88,0.52258,0.5312,0.53341
1,6.2268e+05,-2.001,12.24,195,800,-2.0026,12.086,186.47,1150.6,0.2957,0.11901,0.026304,0.25028,0.11534,0.021568,0.21549,0.11245,0.018496,249,248,247,213,210,209,161,165,167,153,151,150,52,52,51,87,85,86,0.53455,0.53739,0.53804
1,6.2278e+05,-2.001,12.16,195,800,-1.9994,11.994,185.97,1187.2,0.27167,0.12023,0.024448,0.24467,0.1144,0.020864,0.21916,0.11324,0.018304,246,246,246,220,219,216,162,159,161,164,162,161,53,53,53,82,84,85,0.55437,0.5424,0.54053
1,6.2288e+05,-2.001,12.08,195,800,-2.0196,11.949,187.56,800.26,0.2976,0.12044,0.025408,0.24031,0.11718,0.02112,0.20705,0.11528,0.018112,244,244,245,225,219,215,161,159,161,172,169,167,54,54,54,86,85,85,0.54683,0.54237,0.54275
1,6.2298e+05,-2.001,12,195,800,-2.0143,11.86,187.4,841.52,0.33829,0.12662,0.030464,0.27238,0.1227,0.025024,0.24786,0.11653,0.021952,244,243,244,218,215,212,165,165,167,181,183,184,57,57,57,87,85,84,0.54726,0.54561,0.54325
1,6.2308e+05,-2.001,11.92,195,800,-2.0079,11.775,187.63,1121.4,0.32796,0.12045,0.029568,0.29762,0.11494,0.025344,0.2593,0.11045,0.02144,247,246,245,223,214,210,176,176,176,208,205,202,57,59,62,81,82,83,0.55708,0.54631,0.54585
1,6.2318e+05,-2.001,11.84,195,800,-2.0058,11.689,186.33,970,0.28121,0.11714,0.022848,0.23687,0.11372,0.019264,0.19746,0.11047,0.016192,248,247,247,211,213,212,182,181,178,219,214,208,62,63,65,83,83,83,0.55336,0.54977,0.54537
1,6.2328e+05,-2.001,11.76,195,800,-2.0153,11.612,185.7,965.22,0.24962,0.1236,0.023552,0.22365,0.117,0.019968,0.20295,0.11335,0.017728,251,249,246,217,208,203,182,179,178,211,212,211,74,73,73,90,92,92,0.55718,0.55097,0.54803
1,6.2338e+05,-2.001,11.68,195,800,-2.0037,11.531,187.39,942.63,0.27155,0.12097,0.02464,0.24063,0.11504,0.020672,0.21157,0.11343,0.017984,249,246,244,191,194,195,173,177,177,201,205,207,77,78,79,101,100,100,0.53462,0.54491,0.54691
1,6.2348e+05,-2.001,11.6,195,800,-2.009,11.465,186.36,613,0.26976,0.12049,0.025024,0.2455,0.11742,0.0224,0.22853,0.11086,0.019648,238,238,240,161,170,182,184,181,177,189,189,191,94,90,85,120,122,124,0.53581,0.54548,0.54692
1,6.2358e+05,-2.001,11.52,195,800,-1.9994,11.37,186.83,650.01,0.25602,0.12864,0.025472,0.23904,0.1188,0.021952,0.22275,0.11442,0.019648,241,239,239,187,182,178,181,180,178,157,162,167,82,80,77,163,163,166,0.55147,0.54898,0.54882
1,6.2368e+05,-2.001,11.44,195,800,-2.0111,11.318,187.05,813.77,0.28585,0.13019,0.026752,0.25927,0.12518,0.022848,0.23625,0.11874,0.019776,241,241,242,183,183,180,179,179,179,144,149,156,68,68,70,193,193,192,0.53865,0.55172,0.55288
1,6.2378e+05,-2.001,11.36,195,800,-2.0111,11.226,188.15,838.68,0.25632,0.11896,0.022656,0.22917,0.11339,0.019136,0.2065,0.11001,0.017088,244,245,245,184,182,185,180,180,180,136,138,144,60,59,59,250,244,235,0.55798,0.5578,0.55578
1,6.2388e+05,-2.001,11.28,195,800,-2.0196,11.15,187.17,914.37,0.25175,0.13127,0.022656,0.19909,0.12792,0.019328,0.18427,0.12098,0.016832,247,247,247,186,188,191,184,183,181,142,142,144,62,59,57,255,253,249,0.55263,0.55654,0.5599
1,6.2398e+05,-2.001,11.2,195,800,-2.0069,11.068,187.19,682.29,0.26342,0.13573,0.027008,0.25221,0.12661,0.023552,0.23493,0.11974,0.021376,254,251,249,216,210,204,191,186,180,159,160,164,60,60,62,255,255,255,0.56584,0.56561,0.56506
1,6.2408e+05,-2.001,11.12,195,800,-2.0143,11.004,187.37,554.92,0.27567,0.13972,0.028864,0.25067,0.13074,0.02528,0.22759,0.1279,0.022592,251,251,249,206,209,209,168,171,173,204,203,202,75,82,92,255,255,255,0.56001,0.57007,0.57377
1,6.2418e+05,-2.001,11.04,195,800,-2.0217,10.921,188.09,675.27,0.32256,0.12081,0.028544,0.2705,0.11809,0.024064,0.2419,0.11264,0.020544,246,248,248,197,204,208,162,165,169,237,228,220,105,110,111,255,255,255,0.57142,0.56437,0.55643
1,6.2725e+05,-1.908,11,195,800,-1.9209,10.917,0.26051,601.3,0,0,0,0,0,0,0,0,0,244,247,247,225,224,218,156,160,165,233,222,216,138,128,121,255,255,255,0.50152,0.50438,0.5111
1,6.2735e+05,-1.908,11.08,195,800,-1.9241,10.996,186.22,551.56,0.1554,0.12468,0.015104,0.14434,0.11643,0.013248,0.13736,0.11087,0.012032,252,250,248,226,228,221,166,167,169,166,173,181,71,78,86,255,255,255,0.58354,0.58346,0.58024
1,6.2745e+05,-1.908,11.16,195,800,-1.9177,11.066,186.58,650.37,0.24723,0.12403,0.022272,0.20418,0.1169,0.018112,0.18546,0.11291,0.01632,247,248,249,221,224,219,168,170,171,146,151,160,56,60,68,255,255,255,0.56777,0.56718,0.56735
1,6.2755e+05,-1.908,11.24,195,800,-1.9283,11.146,185.53,670.45,0.29527,0.12078,0.02528,0.25755,0.1178,0.021568,0.24462,0.11168,0.0192,247,248,248,199,204,202,165,170,173,128,130,134,47,50,54,255,255,254,0.56411,0.56318,0.56063
1,6.2765e+05,-1.908,11.32,195,800,-1.9294,11.245,185.94,1066.4,0.30488,0.11801,0.024896,0.26925,0.10797,0.019648,0.2151,0.10465,0.016,249,249,248,182,189,192,168,171,174,124,126,130,49,52,56,255,253,248,0.55317,0.55511,0.55723
1,6.2775e+05,-1.908,11.4,195,800,-1.923,11.285,185.77,746.14,0.30167,0.11941,0.027392,0.25356,0.11442,0.02208,0.21802,0.10826,0.01792,244,246,245,179,180,182,174,174,174,128,130,134,62,68,70,228,223,215,0.55908,0.55766,0.55475
1,6.2785e+05,-1.908,11.48,195,800,-1.9167,11.375,188.04,990.55,0.25347,0.13624,0.026176,0.22856,0.12934,0.022976,0.21875,0.12417,0.020992,242,241,242,195,186,180,173,173,174,149,152,155,90,87,82,154,161,166,0.54806,0.54778,0.54923
1,6.2795e+05,-1.908,11.56,195,800,-1.9209,11.442,186.94,665.85,0.34348,0.12636,0.032256,0.30643,0.11937,0.027072,0.28543,0.11004,0.02336,237,240,241,180,182,181,171,174,175,166,167,167,90,86,84,136,138,142,0.54118,0.54789,0.55024
1,6.2805e+05,-1.908,11.64,195,800,-1.9496,11.542,186.9,1364.4,0.24912,0.1183,0.022272,0.22359,0.11306,0.0192,0.20664,0.10554,0.016576,238,243,245,186,188,189,178,175,174,193,191,190,74,77,79,114,112,110,0.54985,0.54928,0.54932
1,6.2815e+05,-1.908,11.72,195,800,-1.9018,11.593,187.61,869.58,0.26174,0.12818,0.026112,0.2423,0.11917,0.022208,0.22024,0.11516,0.019648,246,246,247,207,200,194,173,175,176,198,198,197,74,74,76,101,100,100,0.54896,0.5478,0.54767
1,6.2825e+05,-1.908,11.8,195,800,-1.9188,11.679,187.88,580.76,0.37862,0.12896,0.035328,0.35219,0.12143,0.029824,0.28607,0.11833,0.02528,246,248,249,206,208,207,181,179,177,205,204,202,69,70,71,81,83,86,0.54628,0.5447,0.54539
1,6.2835e+05,-1.908,11.88,195,800,-1.9061,11.756,187.08,705.56,0.33837,0.1254,0.031936,0.30094,0.11928,0.027008,0.28173,0.11269,0.02336,243,245,246,206,208,208,174,176,177,192,195,196,67,67,66,79,81,83,0.5308,0.54362,0.54479
1,6.2845e+05,-1.908,11.96,195,800,-1.9358,11.861,187.98,1254.6,0.30897,0.11698,0.026368,0.25411,0.11461,0.021568,0.22098,0.11072,0.018304,242,243,244,203,205,208,175,174,173,188,189,191,63,62,62,85,85,85,0.54025,0.54453,0.54386
1,6.2855e+05,-1.908,12.04,195,800,-1.9167,11.924,187.52,993.08,0.31329,0.12085,0.028288,0.29131,0.11085,0.024512,0.27799,0.1072,0.021824,241,243,244,197,205,211,162,163,165,181,179,178,54,55,56,92,91,89,0.53824,0.5424,0.54384
1,6.2865e+05,-1.908,12.12,195,800,-1.9135,11.995,186.74,1039.8,0.26437,0.12655,0.025024,0.23374,0.12032,0.021184,0.217,0.11434,0.019008,246,245,245,214,215,214,152,157,162,172,172,171,53,53,54,90,90,89,0.54003,0.54192,0.54147
1,6.2875e+05,-1.908,12.2,195,800,-1.9082,12.061,185.86,813.68,0.32458,0.12978,0.031104,0.2925,0.12303,0.026048,0.26361,0.11452,0.022144,251,249,247,233,225,216,157,160,164,155,158,160,54,53,52,84,87,89,0.54113,0.5404,0.53903
1,6.2885e+05,-1.908,12.28,195,800,-1.9241,12.149,185.78,750.91,0.31188,0.12374,0.0288,0.27304,0.11706,0.024064,0.24207,0.11236,0.020672,250,249,248,203,207,208,181,174,170,147,147,147,53,52,51,90,89,89,0.52958,0.53343,0.53388
1,6.2895e+05,-1.908,12.36,195,800,-1.9114,12.229,187.34,885.9,0.29481,0.11931,0.026176,0.27072,0.10957,0.021952,0.24505,0.10502,0.018944,252,249,248,201,203,204,177,175,172,139,140,140,51,51,50,91,90,90,0.53537,0.53598,0.53229
1,6.2905e+05,-1.908,12.44,195,800,-1.9018,12.302,186.5,1015.9,0.26907,0.12217,0.025216,0.24298,0.12029,0.0224,0.22786,0.11229,0.019456,247,248,247,211,206,199,173,174,173,120,123,125,48,48,48,90,90,91,0.53279,0.53431,0.53308
1,6.2915e+05,-1.908,12.52,195,800,-1.922,12.39,185.33,768.08,0.3592,0.12428,0.03168,0.2882,0.11916,0.02592,0.25785,0.11565,0.022528,247,247,246,213,206,199,182,175,171,113,116,121,47,48,51,90,91,92,0.53408,0.53631,0.53508
1,6.2925e+05,-1.908,12.6,195,800,-1.922,12.48,186.12,1115,0.32679,0.12559,0.030208,0.29244,0.11685,0.025408,0.26678,0.11302,0.022144,241,242,244,215,208,203,168,168,168,112,114,117,72,69,63,92,94,96,0.53462,0.53674,0.53517
1,6.2935e+05,-1.908,12.68,195,800,-1.9305,12.566,186.63,1062.8,0.31431,0.1256,0.028672,0.28784,0.11701,0.02464,0.25656,0.11237,0.02144,246,243,243,218,218,215,168,166,166,115,117,118,106,86,69,104,100,98,0.54204,0.54038,0.53584
1,6.2945e+05,-1.908,12.76,195,800,-1.9124,12.615,185.42,794.36,0.35807,0.13067,0.033344,0.31361,0.12162,0.027776,0.28,0.11817,0.024,248,246,244,224,222,216,168,168,166,115,115,117,79,74,67,103,100,99,0.54942,0.5351,0.5316
1,6.2955e+05,-1.908,12.84,195,800,-1.9199,12.712,184.99,926.05,0.28473,0.12541,0.026496,0.25076,0.11886,0.0224,0.2327,0.11159,0.019712,246,244,243,207,210,212,166,167,167,107,109,113,52,53,58,101,99,99,0.52843,0.53551,0.53543
1,6.2965e+05,-1.908,12.92,195,800,-1.9061,12.781,185.45,834.35,0.28737,0.12305,0.02432,0.21585,0.12322,0.019904,0.19101,0.11638,0.017344,243,242,243,202,202,206,165,166,167,104,108,112,51,53,58,103,101,100,0.53748,0.53207,0.5325
1,6.2975e+05,-1.908,13,195,800,-1.9145,12.867,186.14,842.38,0.27921,0.12273,0.024448,0.25227,0.11632,0.021376,0.23009,0.11,0.018368,242,242,242,195,199,204,171,168,166,111,111,113,60,59,57,103,101,99,0.52389,0.52921,0.53515
1,6.2985e+05,-1.908,13.08,195,800,-1.9103,12.93,185.98,689.85,0.211,0.15568,0.024,0.20025,0.15085,0.021376,0.18792,0.14292,0.018752,246,245,244,218,213,214,162,162,164,107,111,113,50,52,53,93,94,95,0.5306,0.53235,0.534
1,6.2995e+05,-1.908,13.16,195,800,-1.9039,13.006,184.17,769.13,0.27676,0.18821,0.03744,0.24849,0.18504,0.032512,0.24593,0.12989,0.024192,249,248,246,224,223,222,157,161,165,109,110,112,47,48,50,92,93,94,0.53574,0.53482,0.53476
1,6.3005e+05,-1.908,13.24,195,800,-1.9167,13.108,187.21,756.96,0.30123,0.12668,0.027072,0.26622,0.12008,0.022592,0.22712,0.11307,0.018432,251,250,248,239,235,230,170,167,166,110,109,110,49,48,48,96,94,93,0.52853,0.53657,0.53414
1,6.3015e+05,-1.908,13.32,195,800,-1.9241,13.185,186.98,934.16,0.26948,0.12553,0.025536,0.2509,0.11683,0.022144,0.23642,0.11181,0.019648,246,248,248,235,233,229,168,168,169,107,108,110,47,47,50,94,95,95,0.52663,0.53083,0.53209
1,6.3025e+05,-1.908,13.4,195,800,-1.9379,13.274,184.68,782.25,0.26806,0.12634,0.025728,0.25011,0.11903,0.022656,0.23585,0.11307,0.020096,247,246,246,222,220,218,181,179,177,112,114,117,51,54,58,99,99,99,0.54078,0.53042,0.5302
1,6.3035e+05,-1.908,13.48,195,800,-1.9145,13.326,187.02,701.38,0.23472,0.12803,0.022848,0.20446,0.12495,0.01952,0.18435,0.11666,0.016832,247,246,246,201,200,201,198,191,186,137,132,129,65,64,63,99,97,96,0.55797,0.53622,0.53096
1,6.3045e+05,-1.908,13.56,195,800,-1.9389,13.44,185.53,754.85,0.28631,0.123,0.026368,0.24874,0.1188,0.021952,0.21282,0.11136,0.01792,247,246,245,185,190,194,191,192,189,143,138,134,62,64,65,90,91,92,0.53458,0.53517,0.5324
1,6.3055e+05,-1.908,13.64,195,800,-1.9358,13.513,186.39,929.28,0.26229,0.1277,0.024704,0.23928,0.12049,0.021248,0.21792,0.11479,0.019008,244,244,245,181,183,188,193,189,185,139,138,137,68,66,66,82,82,84,0.53634,0.53156,0.53232
1,6.3065e+05,-1.908,13.72,195,800,-1.9315,13.583,186.48,912.27,0.23063,0.13358,0.023552,0.207,0.12491,0.01984,0.18842,0.11921,0.017408,246,245,246,187,187,190,184,183,182,136,137,137,74,71,69,82,81,81,0.52306,0.52679,0.5294
1,6.3075e+05,-1.908,13.8,195,800,-1.923,13.659,186.47,905.36,0.2479,0.12638,0.023616,0.2052,0.11978,0.018816,0.18157,0.11556,0.016256,249,250,249,203,202,198,173,173,174,139,138,137,87,83,76,79,80,81,0.53115,0.52997,0.53017
1,6.3085e+05,-1.908,13.88,195,800,-1.9145,13.736,186.07,648.23,0.27789,0.11714,0.024384,0.24109,0.11498,0.020608,0.21286,0.10982,0.017536,248,249,250,201,203,204,166,169,172,136,137,136,84,78,71,78,80,82,0.53526,0.53357,0.53394
1,6.3095e+05,-1.908,13.96,195,800,-1.922,13.809,185.71,729.99,0.25749,0.12402,0.023872,0.23789,0.11785,0.02048,0.22076,0.10982,0.017792,247,249,250,195,200,204,166,170,174,132,134,135,63,66,65,80,81,83,0.51005,0.52634,0.53136
1,6.3105e+05,-1.908,14.04,195,800,-1.9092,13.894,186.33,870.18,0.24918,0.12645,0.023872,0.22914,0.12008,0.02112,0.20687,0.11516,0.018496,251,250,250,202,202,202,175,177,177,128,128,131,52,51,52,79,80,82,0.56402,0.54279,0.53465
1,6.3115e+05,-1.908,14.12,195,800,-1.9305,13.991,186.4,1004.9,0.34882,0.12575,0.031936,0.3208,0.1143,0.026624,0.27634,0.11269,0.022464,250,251,251,205,204,205,174,177,178,125,126,130,48,49,50,77,79,80,0.54473,0.53213,0.53418
1,6.3125e+05,-1.908,14.2,195,800,-1.9485,14.086,186.71,1048.9,0.28568,0.13079,0.028032,0.25528,0.12507,0.024,0.22812,0.12141,0.02112,252,252,250,221,217,212,172,174,174,128,129,132,49,49,49,75,76,78,0.54737,0.53875,0.53457
1,6.3135e+05,-1.908,14.28,195,800,-1.9177,14.133,185.94,675.26,0.32736,0.12603,0.030464,0.28332,0.12066,0.025088,0.24275,0.11585,0.021376,246,247,248,207,210,209,171,170,171,139,138,138,51,50,50,77,76,75,0.52573,0.53119,0.53394
1,6.3145e+05,-1.908,14.36,195,800,-1.9305,14.214,186.52,657.47,0.26263,0.13163,0.026112,0.23706,0.12493,0.0224,0.21989,0.11816,0.019904,246,246,247,197,201,204,168,170,172,144,141,139,48,49,51,77,76,75,0.54291,0.53588,0.5348
1,6.3155e+05,-1.908,14.44,195,800,-1.9241,14.29,184.78,1040.9,0.26523,0.12302,0.024512,0.24582,0.11307,0.021184,0.22946,0.1104,0.0192,245,247,248,199,195,197,178,180,179,138,136,136,52,53,54,76,76,77,0.52558,0.53476,0.53671
1,6.3165e+05,-1.908,14.52,195,800,-1.9209,14.366,186.38,1073.4,0.25059,0.12762,0.024384,0.24053,0.11766,0.021248,0.22377,0.11391,0.0192,244,248,249,188,199,203,184,185,182,131,132,134,59,57,55,77,78,79,0.53835,0.53711,0.53503
1,6.3175e+05,-1.908,14.6,195,800,-1.9294,14.456,187.34,885.25,0.2728,0.12918,0.026112,0.24662,0.12169,0.02304,0.23019,0.11703,0.02048,247,249,250,221,206,201,177,181,184,128,129,133,52,55,55,90,87,87,0.55067,0.54017,0.53643
1,6.3185e+05,-1.908,14.68,195,800,-1.9103,14.525,185.57,691.38,0.28272,0.13263,0.027456,0.24059,0.13039,0.023616,0.21752,0.12388,0.02048,248,248,248,178,186,198,181,181,181,136,133,132,53,51,51,105,99,95,0.53918,0.53795,0.53664
1,6.3195e+05,-1.908,14.76,195,800,-1.9283,14.611,186.92,739.8,0.29332,0.1262,0.027456,0.27311,0.11621,0.023616,0.25375,0.11271,0.021312,245,247,248,185,188,192,183,182,181,136,133,131,49,50,50,106,103,98,0.55061,0.53916,0.53777
1,6.3205e+05,-1.908,14.84,195,800,-1.9283,14.693,186.14,493.67,0.28618,0.13327,0.02912,0.26057,0.12555,0.02528,0.24738,0.12105,0.022912,245,246,247,196,197,199,177,177,177,127,128,128,46,46,47,103,102,102,0.54065,0.53507,0.53539
1,6.3215e+05,-1.908,14.92,195,800,-1.9039,14.76,187.2,993.17,0.24514,0.12744,0.024128,0.22195,0.12386,0.02112,0.2131,0.11657,0.019136,248,247,247,204,201,200,174,174,174,127,127,129,45,46,46,104,104,104,0.53111,0.5351,0.5369
1,6.3225e+05,-1.908,15,195,800,-1.9326,14.85,186.9,794.87,0.2883,0.12774,0.027008,0.25214,0.123,0.022912,0.22527,0.11553,0.019584,246,248,248,199,204,205,174,172,171,136,136,139,45,45,46,109,112,113,0.53284,0.53502,0.53644
1,6.3235e+05,-1.908,15.08,195,800,-1.9209,14.917,186.51,791.06,0.26224,0.12763,0.024512,0.23471,0.12128,0.02112,0.21425,0.11695,0.018816,249,251,249,222,210,199,166,168,167,160,161,162,46,48,51,121,122,123,0.54063,0.5354,0.53663
1,6.3245e+05,-1.908,15.16,195,800,-1.9188,15,186.33,830.53,0.28871,0.12637,0.027136,0.24696,0.12075,0.022208,0.2181,0.11512,0.019072,253,250,248,206,201,191,162,164,165,181,177,179,49,51,54,125,127,128,0.53011,0.53884,0.54148
1,6.3255e+05,-1.908,15.24,195,800,-1.9315,15.094,186.04,858.22,0.24435,0.13645,0.023552,0.20656,0.12869,0.019456,0.18861,0.12419,0.017088,245,240,239,159,159,161,159,160,163,222,217,216,63,66,68,133,134,132,0.54468,0.54221,0.54148
1,6.3265e+05,-1.908,15.32,195,800,-1.923,15.148,185.88,927,0.17249,0.12844,0.017152,0.15585,0.12537,0.015296,0.14746,0.11635,0.013632,230,233,237,131,139,150,159,162,165,242,237,231,84,78,75,130,132,131,0.5422,0.54551,0.54524
1,6.3275e+05,-1.908,15.4,195,800,-1.9315,15.237,186.69,1031.2,0.23867,0.12054,0.02176,0.21178,0.11594,0.018624,0.1943,0.1113,0.016256,239,236,236,139,146,153,168,170,169,254,253,251,92,94,97,114,121,124,0.56129,0.55135,0.54751
1,6.3285e+05,-1.908,15.48,195,800,-1.9156,15.318,185.97,648.35,0.22827,0.1288,0.022848,0.20331,0.12267,0.019648,0.18625,0.11548,0.016832,246,241,238,172,170,164,167,171,171,255,255,255,117,122,119,118,116,116,0.55197,0.54964,0.54723
1,6.3295e+05,-1.908,15.56,195,800,-1.9262,15.404,185.7,785.66,0.26565,0.12252,0.024192,0.23316,0.11797,0.020288,0.2025,0.11065,0.01696,236,237,238,156,163,170,170,169,170,255,255,255,141,135,128,111,111,111,0.55416,0.55166,0.55078
1,6.3305e+05,-1.908,15.64,195,800,-1.9389,15.488,185.17,775.14,0.28685,0.12743,0.025792,0.25584,0.11837,0.021952,0.22934,0.11507,0.0192,235,237,240,172,180,188,167,168,167,255,255,255,133,137,142,87,94,102,0.55138,0.5556,0.55493
1,6.3315e+05,-1.908,15.72,195,800,-1.9294,15.574,184.33,1126.4,0.22049,0.13747,0.023424,0.20404,0.13155,0.020992,0.19385,0.12539,0.018752,247,245,243,206,207,203,168,167,165,255,255,255,135,143,148,86,92,98,0.55642,0.5569,0.55607
1,6.3325e+05,-1.908,15.8,195,800,-1.9209,15.647,185.12,1026.5,0.27511,0.1209,0.023616,0.2368,0.11342,0.019968,0.21993,0.1077,0.017664,254,252,250,234,232,223,164,163,163,255,255,255,173,167,158,92,96,100,0.56005,0.56031,0.56153
1,6.3335e+05,-1.908,15.88,195,800,-1.9145,15.707,185.21,652.47,0.25146,0.14387,0.02752,0.22823,0.13641,0.024192,0.21805,0.12591,0.021056,248,247,246,217,213,213,162,164,165,255,255,255,155,157,159,109,111,122,0.5756,0.56927,0.5687
1,6.3345e+05,-1.908,15.96,195,800,-1.922,15.786,186.25,870.18,0.29967,0.13369,0.03072,0.27344,0.12787,0.027008,0.25521,0.12303,0.024128,240,241,243,198,198,203,171,168,168,255,255,255,149,150,156,122,130,136,0.58302,0.57893,0.56744
1,6.3652e+05,-1.815,16,195,800,-1.8307,15.783,-0.3155,633.46,0,0,0,0,0,0,0,0,0,244,245,245,182,190,194,174,172,168,255,255,255,147,155,160,182,173,171,0.51287,0.52195,0.52363
1,6.3662e+05,-1.815,15.92,195,800,-1.8328,15.708,185.83,728.3,0.25918,0.11035,0.019392,0.2339,0.10654,0.016768,0.21332,0.10351,0.014784,254,251,249,192,206,211,169,168,166,255,255,255,143,149,155,118,122,135,0.5727,0.57714,0.5759
1,6.3672e+05,-1.815,15.84,195,800,-1.8233,15.626,187.73,687.63,0.193,0.11476,0.017088,0.17959,0.1086,0.014976,0.16097,0.10463,0.013184,248,251,251,208,217,220,163,164,165,255,255,255,146,150,153,102,108,117,0.5564,0.5652,0.56493
1,6.3682e+05,-1.815,15.76,195,800,-1.8084,15.546,188.15,599.75,0.28682,0.12798,0.02848,0.27202,0.11598,0.024576,0.2496,0.11068,0.021504,251,249,247,241,224,209,161,163,163,255,255,255,164,155,146,106,107,108,0.56447,0.56073,0.55909
1,6.3692e+05,-1.815,15.68,195,800,-1.8191,15.466,187.06,1115.1,0.31595,0.12216,0.025856,0.21549,0.12127,0.019648,0.19058,0.11647,0.017216,246,245,243,204,200,195,159,163,165,255,255,255,148,145,143,115,113,110,0.55842,0.55674,0.55597
1,6.3702e+05,-1.815,15.6,195,800,-1.8106,15.387,186.61,683.15,0.3292,0.12205,0.030464,0.28331,0.11249,0.024128,0.25289,0.1058,0.02048,228,233,237,155,162,172,170,170,168,255,255,255,121,124,127,123,119,116,0.5549,0.55365,0.55255
1,6.3712e+05,-1.815,15.52,195,800,-1.8307,15.335,185.63,665.29,0.33359,0.11181,0.026112,0.28492,0.10687,0.021376,0.25436,0.1031,0.018368,246,241,238,185,181,171,163,170,172,255,255,255,102,104,107,124,122,118,0.55481,0.55444,0.55138
1,6.3722e+05,-1.815,15.44,195,800,-1.8254,15.237,188.24,516.58,0.28223,0.127,0.027136,0.24864,0.12191,0.023104,0.21276,0.11992,0.019904,246,244,238,194,179,167,166,170,173,255,255,254,88,90,96,120,120,121,0.55508,0.54934,0.54907
1,6.3732e+05,-1.815,15.36,195,800,-1.8201,15.174,187.11,706.28,0.3641,0.12748,0.030592,0.24744,0.12768,0.02144,0.21018,0.12209,0.018496,233,236,238,129,141,155,185,178,171,251,248,244,69,72,76,130,127,126,0.53207,0.54681,0.54609
1,6.3742e+05,-1.815,15.28,195,800,-1.8339,15.101,186.19,1006.5,0.29932,0.12787,0.028352,0.25836,0.12284,0.023936,0.23518,0.11482,0.02048,230,235,239,131,138,154,175,173,169,240,236,232,64,68,72,135,132,130,0.54234,0.54175,0.54377
1,6.3752e+05,-1.815,15.2,195,800,-1.8307,15.013,187.45,623.93,0.3111,0.14448,0.032384,0.28679,0.13496,0.027968,0.26468,0.12926,0.02496,244,245,243,175,182,181,161,162,165,192,196,198,76,67,63,135,134,132,0.53459,0.53903,0.54126
1,6.3762e+05,-1.815,15.12,195,800,-1.8371,14.945,185.81,602.45,0.32012,0.14927,0.031232,0.28099,0.138,0.02592,0.25746,0.12792,0.022592,243,247,248,228,217,202,173,168,166,159,161,163,51,54,55,127,126,126,0.52989,0.53911,0.53841
1,6.3772e+05,-1.815,15.04,195,800,-1.8169,14.843,185.83,911.86,0.30041,0.1643,0.034048,0.26536,0.14642,0.028224,0.24065,0.13328,0.02432,247,248,248,208,206,204,173,170,168,146,147,150,48,49,51,122,121,121,0.53808,0.5378,0.53695
1,6.3782e+05,-1.815,14.96,195,800,-1.8435,14.787,185.7,910.13,0.27496,0.16395,0.031744,0.25145,0.13587,0.025408,0.23239,0.11888,0.021376,249,248,247,186,191,197,165,169,172,126,129,133,47,46,46,108,109,110,0.53403,0.53855,0.53722
1,6.3792e+05,-1.815,14.88,195,800,-1.8265,14.707,184.71,732.23,0.31105,0.16909,0.03488,0.28911,0.1505,0.028736,0.2673,0.11939,0.024064,244,246,247,195,193,195,171,173,174,122,125,128,46,46,46,104,104,106,0.54744,0.53656,0.53668
1,6.3802e+05,-1.815,14.8,195,800,-1.8307,14.623,186.32,635.87,0.37354,0.13837,0.037504,0.30028,0.13386,0.02944,0.25973,0.12966,0.02464,245,245,247,188,192,196,184,183,180,120,123,127,47,49,51,99,99,100,0.53235,0.53627,0.53828
1,6.3812e+05,-1.815,14.72,195,800,-1.8392,14.554,186.74,816.83,0.31024,0.11894,0.026496,0.2569,0.11386,0.021824,0.22466,0.11021,0.018432,251,249,248,190,195,202,188,184,183,130,128,130,58,57,57,94,92,93,0.53377,0.53147,0.53593
1,6.3822e+05,-1.815,14.64,195,800,-1.8244,14.444,186.65,953.02,0.28175,0.13404,0.026304,0.24052,0.12602,0.021888,0.20393,0.1242,0.01888,254,251,250,199,206,207,181,183,183,128,132,132,58,60,61,83,88,90,0.53207,0.53566,0.53732
1,6.3832e+05,-1.815,14.56,195,800,-1.835,14.39,185.58,958.29,0.25483,0.12739,0.024512,0.22696,0.11884,0.0208,0.20816,0.11369,0.018368,253,251,249,219,216,210,185,184,182,139,137,136,60,60,60,84,83,83,0.53677,0.5335,0.53512
1,6.3842e+05,-1.815,14.48,195,800,-1.8392,14.321,186.56,895.51,0.32321,0.12082,0.0288,0.28205,0.11461,0.02368,0.23625,0.11076,0.019584,252,249,248,202,208,209,192,184,181,141,139,138,57,58,58,81,80,81,0.54021,0.53258,0.53351
1,6.3852e+05,-1.815,14.4,195,800,-1.835,14.234,186.03,578.79,0.27061,0.12758,0.026624,0.24988,0.11915,0.022912,0.22372,0.11523,0.02016,244,244,245,191,195,200,179,178,178,141,142,140,50,51,53,76,77,77,0.52916,0.53368,0.53629
1,6.3862e+05,-1.815,14.32,195,800,-1.8573,14.163,186.76,939.49,0.26058,0.1166,0.0224,0.22671,0.11314,0.018944,0.20077,0.10821,0.01632,245,245,246,206,205,206,173,174,176,140,139,138,51,51,51,76,77,78,0.55117,0.5337,0.53568
1,6.3872e+05,-1.815,14.24,195,800,-1.8201,14.048,186.05,1122.7,0.25087,0.13051,0.024704,0.22729,0.12236,0.021248,0.20302,0.12053,0.018816,247,248,248,217,210,207,175,175,177,136,136,136,52,51,51,80,80,79,0.54487,0.53755,0.53616
1,6.3882e+05,-1.815,14.16,195,800,-1.8371,13.984,184.66,1005.2,0.3342,0.11221,0.027136,0.29247,0.10605,0.021952,0.24967,0.099705,0.01792,254,251,250,195,203,206,191,183,179,128,130,132,49,50,51,89,86,83,0.534,0.53764,0.53578
1,6.3892e+05,-1.815,14.08,195,800,-1.8265,13.917,185.95,1020.2,0.25474,0.12713,0.02432,0.23885,0.11874,0.02112,0.2112,0.116,0.018368,250,249,250,204,200,201,186,181,178,128,131,133,48,49,51,87,86,84,0.55349,0.53604,0.53376
1,6.3902e+05,-1.815,14,195,800,-1.8328,13.838,185.1,621.03,0.25843,0.12066,0.023744,0.23697,0.11166,0.020288,0.21832,0.10912,0.018176,248,248,248,195,197,199,171,171,174,145,141,138,53,54,58,90,87,86,0.51739,0.52923,0.53214
1,6.3912e+05,-1.815,13.92,195,800,-1.8339,13.75,188.3,790.84,0.26692,0.11495,0.02336,0.24818,0.10593,0.019648,0.21847,0.10153,0.01696,251,249,248,209,201,197,173,172,173,147,145,142,77,75,72,90,88,86,0.53398,0.52931,0.53206
1,6.3922e+05,-1.815,13.84,195,800,-1.8201,13.656,186.44,1117.7,0.27639,0.12447,0.025472,0.25923,0.11404,0.021824,0.23705,0.1114,0.01952,251,250,249,203,197,195,177,174,173,145,143,141,89,83,76,85,86,85,0.54142,0.53377,0.53338
1,6.3932e+05,-1.815,13.76,195,800,-1.8191,13.583,188.02,1110.7,0.25204,0.11571,0.02144,0.20768,0.11142,0.017728,0.18831,0.10675,0.015232,251,250,249,172,179,188,172,177,180,138,137,137,74,76,74,80,81,82,0.52587,0.53796,0.53325
1,6.3942e+05,-1.815,13.68,195,800,-1.8318,13.513,186.29,1255.4,0.26505,0.11824,0.023296,0.23919,0.10947,0.019776,0.21935,0.10667,0.017856,248,248,248,177,180,187,183,184,183,136,135,136,67,69,69,79,80,82,0.52841,0.53229,0.5329
1,6.3952e+05,-1.815,13.6,195,800,-1.8053,13.423,186.49,1051.1,0.25616,0.12035,0.023168,0.22504,0.11524,0.019456,0.20221,0.10939,0.016832,249,248,248,195,191,190,196,192,190,136,135,134,59,59,59,84,86,88,0.53663,0.53356,0.53214
1,6.3962e+05,-1.815,13.52,195,800,-1.8382,13.36,186.37,719.52,0.23762,0.11317,0.02048,0.21477,0.10752,0.017792,0.2003,0.10111,0.015616,247,248,248,184,189,195,189,189,188,128,127,125,52,53,54,97,95,94,0.54094,0.53398,0.53253
1,6.3972e+05,-1.815,13.44,195,800,-1.8212,13.275,187.55,757.53,0.28177,0.11022,0.021376,0.22791,0.10911,0.017984,0.19929,0.10389,0.015616,245,247,248,190,193,199,187,186,184,116,117,119,55,54,52,97,97,96,0.54514,0.53762,0.53406
1,6.3982e+05,-1.815,13.36,195,800,-1.8339,13.184,187.36,991.65,0.32642,0.12361,0.029888,0.29304,0.11536,0.025408,0.26509,0.11072,0.021696,249,249,248,211,211,211,170,172,175,100,103,108,50,49,49,95,95,95,0.52082,0.52562,0.53024
1,6.3992e+05,-1.815,13.28,195,800,-1.8297,13.122,185.57,1098.6,0.26514,0.13081,0.025984,0.24282,0.12376,0.022976,0.23346,0.11982,0.020992,251,250,249,220,219,216,166,168,170,101,103,106,45,46,47,93,94,94,0.53661,0.53603,0.53354
1,6.4002e+05,-1.815,13.2,195,800,-1.8318,13.044,186.82,865.68,0.2742,0.12137,0.025088,0.2444,0.11672,0.021248,0.22056,0.11138,0.017984,250,250,249,216,218,220,159,161,163,108,108,109,46,46,47,93,92,93,0.54436,0.53474,0.53433
1,6.4012e+05,-1.815,13.12,195,800,-1.836,12.963,187.97,618.19,0.27746,0.11894,0.024448,0.25064,0.11355,0.021696,0.23247,0.1069,0.018944,247,248,249,221,219,218,158,160,162,114,114,114,56,56,55,92,94,95,0.54081,0.53367,0.53257
1,6.4022e+05,-1.815,13.04,195,800,-1.8275,12.87,187.1,662.07,0.34017,0.11876,0.028224,0.28211,0.11488,0.022592,0.24765,0.11281,0.01952,249,249,248,228,223,219,167,165,163,118,116,114,71,65,61,98,98,97,0.53418,0.53309,0.53288
1,6.4032e+05,-1.815,12.96,195,800,-1.8445,12.806,188.12,1078.3,0.25564,0.12493,0.024192,0.22605,0.12228,0.02112,0.20784,0.11708,0.018944,250,249,247,221,221,218,171,169,166,115,115,115,79,76,69,99,99,98,0.53997,0.5394,0.53486
1,6.4042e+05,-1.815,12.88,195,800,-1.8244,12.721,187.2,928.26,0.2739,0.11295,0.022592,0.23124,0.11047,0.018816,0.20457,0.10551,0.015936,244,245,246,211,218,218,168,168,167,114,114,116,80,75,68,94,96,97,0.55433,0.53686,0.53494
1,6.4052e+05,-1.815,12.8,195,800,-1.8254,12.639,188.06,1161.9,0.30432,0.11618,0.025216,0.26266,0.1106,0.020608,0.22827,0.10665,0.017216,240,242,244,231,223,218,171,168,165,119,119,118,59,63,66,93,95,96,0.5201,0.5366,0.53671
1,6.4062e+05,-1.815,12.72,195,800,-1.8318,12.567,186.86,856.04,0.29912,0.11354,0.023936,0.26176,0.11027,0.02016,0.23284,0.10671,0.017664,243,243,243,220,220,216,169,167,165,132,127,121,63,65,63,96,96,96,0.5402,0.53903,0.53697
1,6.4072e+05,-1.815,12.64,195,800,-1.8371,12.491,187.56,898.63,0.26084,0.11602,0.022208,0.22535,0.11206,0.018752,0.19559,0.10836,0.016256,240,243,244,209,211,211,167,167,166,132,127,121,60,63,62,93,95,96,0.5428,0.53528,0.53458
1,6.4082e+05,-1.815,12.56,195,800,-1.8328,12.397,187.51,681.92,0.31244,0.12068,0.028736,0.27408,0.11721,0.024576,0.25012,0.11168,0.021184,245,244,244,190,197,202,166,167,166,120,120,121,48,51,55,96,94,93,0.52327,0.53149,0.53442
1,6.4092e+05,-1.815,12.48,195,800,-1.8339,12.334,187.4,721.93,0.30404,0.11006,0.024256,0.25843,0.10679,0.01952,0.21608,0.10192,0.015744,243,244,244,195,198,200,164,165,167,120,121,123,47,49,51,95,93,92,0.54348,0.53711,0.535
1,6.4102e+05,-1.815,12.4,195,800,-1.8286,12.252,188.25,907.09,0.28398,0.10949,0.022784,0.25031,0.10561,0.019072,0.21689,0.099449,0.01568,244,245,246,216,209,201,161,166,170,136,134,133,48,49,49,87,90,91,0.53812,0.53352,0.53318
1,6.4112e+05,-1.815,12.32,195,800,-1.8275,12.172,187.11,781.07,0.28699,0.12692,0.027456,0.25998,0.11693,0.02304,0.23878,0.1143,0.020544,245,248,248,203,205,205,177,175,171,154,151,148,49,49,50,94,93,92,0.51552,0.53029,0.53204
1,6.4122e+05,-1.815,12.24,195,800,-1.8328,12.1,186.61,992.2,0.29084,0.1228,0.026496,0.25522,0.11717,0.022208,0.23036,0.11337,0.019712,246,248,248,203,206,207,173,173,171,161,158,154,51,50,50,95,94,92,0.53765,0.53589,0.53664
1,6.4132e+05,-1.815,12.16,195,800,-1.8477,12.038,186.98,683.49,0.2621,0.12045,0.02368,0.24276,0.11123,0.02048,0.22154,0.10816,0.018112,244,246,246,217,212,206,166,167,168,168,166,165,51,52,52,95,94,93,0.54003,0.53933,0.53949
1,6.4142e+05,-1.815,12.08,195,800,-1.835,11.939,187.55,787.7,0.28693,0.12134,0.025664,0.25324,0.11584,0.021952,0.2358,0.10726,0.018688,243,244,245,204,205,205,168,169,170,171,171,170,52,52,53,94,94,92,0.53248,0.54174,0.54306
1,6.4152e+05,-1.815,12,195,800,-1.8191,11.847,187.43,860.39,0.3367,0.12047,0.028352,0.28217,0.11601,0.02336,0.24435,0.11256,0.020224,244,244,244,196,199,203,179,178,175,182,182,182,57,57,59,91,91,89,0.55107,0.54483,0.54415
1,6.4162e+05,-1.815,11.92,195,800,-1.8403,11.775,187.01,913.25,0.31085,0.13152,0.028672,0.2573,0.1232,0.02336,0.2266,0.12218,0.020608,245,247,247,214,210,205,179,179,179,193,192,193,73,72,69,83,83,84,0.54054,0.54836,0.54668
1,6.4172e+05,-1.815,11.84,195,800,-1.8201,11.688,185.9,1099,0.30422,0.12558,0.028032,0.23582,0.12061,0.022016,0.21575,0.11607,0.019648,251,250,248,208,207,205,180,179,177,194,196,197,83,77,71,79,81,83,0.54672,0.54343,0.54628
1,6.4182e+05,-1.815,11.76,195,800,-1.8477,11.617,185.88,1073.8,0.26008,0.12933,0.025472,0.21054,0.12283,0.020352,0.18213,0.12074,0.017088,254,253,251,191,198,202,170,171,172,200,200,199,71,75,77,88,87,89,0.53238,0.54287,0.54695
1,6.4192e+05,-1.815,11.68,195,800,-1.8339,11.553,187.75,685.02,0.33299,0.12309,0.031104,0.2982,0.11574,0.025856,0.26488,0.11281,0.022464,255,253,250,198,198,197,161,167,171,200,198,196,74,76,78,91,93,96,0.54725,0.54467,0.54642
1,6.4202e+05,-1.815,11.6,195,800,-1.8424,11.473,184.94,535.48,0.26008,0.12064,0.022912,0.22673,0.11457,0.019264,0.19686,0.11255,0.01664,247,246,246,185,185,188,170,170,169,181,181,179,80,82,83,113,115,119,0.54706,0.54848,0.54718
1,6.4212e+05,-1.815,11.52,195,800,-1.8328,11.385,186.64,652.36,0.21035,0.12716,0.020672,0.18662,0.11993,0.017344,0.16586,0.11739,0.01536,239,241,244,176,177,181,168,168,170,154,154,154,93,90,85,153,155,161,0.55133,0.55423,0.55165
1,6.4222e+05,-1.815,11.44,195,800,-1.8318,11.293,186.03,1092.1,0.25449,0.12357,0.024256,0.23392,0.11617,0.020736,0.21449,0.11357,0.018688,244,244,245,174,176,180,167,168,170,138,140,142,104,89,79,183,186,187,0.53963,0.54738,0.55042
1,6.4232e+05,-1.815,11.36,195,800,-1.8275,11.208,186.61,713.93,0.28369,0.1284,0.026432,0.25116,0.12154,0.022208,0.22027,0.11698,0.019456,251,250,248,166,176,186,170,170,169,117,120,125,60,62,64,247,242,233,0.55243,0.55231,0.55389
1,6.4242e+05,-1.815,11.28,195,800,-1.8307,11.14,185.71,1031.4,0.28134,0.11635,0.024896,0.25098,0.11215,0.021184,0.23831,0.10365,0.018176,249,250,249,188,187,193,169,170,169,113,117,122,50,52,56,254,252,247,0.56082,0.5609,0.55963
1,6.4252e+05,-1.815,11.2,195,800,-1.8244,11.069,185.27,916.79,0.29916,0.13632,0.029824,0.27267,0.12374,0.025088,0.24018,0.11819,0.021376,247,247,249,216,215,211,167,167,170,125,126,131,49,52,57,255,255,255,0.5549,0.56056,0.56238
1,6.4262e+05,-1.815,11.12,195,800,-1.8339,11.004,186.25,515.59,0.30647,0.11348,0.024576,0.24352,0.10833,0.018048,0.16761,0.1097,0.014144,244,248,249,231,227,222,177,175,172,155,160,167,76,81,88,255,255,255,0.57225,0.57439,0.57422
1,6.4272e+05,-1.815,11.04,195,800,-1.8392,10.912,185.33,766.08,0.25011,0.12001,0.020992,0.19725,0.11802,0.0176,0.18089,0.11298,0.015616,250,249,249,227,224,222,183,177,172,187,188,186,111,110,107,255,255,255,0.59004,0.57788,0.56534
1,6.4579e+05,-1.722,11,195,800,-1.7278,10.913,-0.22611,431.25,0,0,0,0,0,0,0,0,0,249,250,250,208,207,209,174,178,174,221,210,200,157,144,135,255,255,255,0.51868,0.51403,0.51548
1,6.4589e+05,-1.722,11.08,195,800,-1.7321,10.984,185.22,895.83,0.3064,0.12301,0.02016,0.22545,0.11524,0.01568,0.15397,0.115,0.013888,253,252,250,218,219,219,184,177,171,157,159,164,79,86,95,255,255,255,0.59473,0.58746,0.58341
1,6.4599e+05,-1.722,11.16,195,800,-1.7458,11.059,187.51,854,0.21847,0.12881,0.02144,0.19461,0.12258,0.018304,0.17765,0.1158,0.016128,254,252,251,226,224,221,165,170,171,130,135,143,65,66,73,255,255,255,0.5601,0.56452,0.56831
1,6.4609e+05,-1.722,11.24,195,800,-1.7321,11.126,188.24,538.47,0.27476,0.11716,0.023168,0.23628,0.11211,0.019136,0.20326,0.10813,0.016064,253,252,251,201,206,211,172,170,168,113,115,120,53,53,55,255,255,254,0.55506,0.56432,0.56379
1,6.4619e+05,-1.722,11.32,195,800,-1.7395,11.22,186.11,676.97,0.26492,0.15071,0.026688,0.23618,0.13948,0.022784,0.21032,0.12397,0.019456,253,252,251,190,197,204,176,172,169,114,115,119,50,52,57,255,253,247,0.56981,0.55813,0.55817
1,6.4629e+05,-1.722,11.4,195,800,-1.7437,11.306,186.04,657.01,0.34523,0.1237,0.031552,0.30186,0.11788,0.02656,0.27413,0.11211,0.022976,251,249,248,209,197,189,167,166,168,133,132,132,68,69,68,223,217,214,0.54469,0.54905,0.55178
1,6.4639e+05,-1.722,11.48,195,800,-1.7405,11.38,186,900.48,0.3593,0.12372,0.03136,0.27543,0.11653,0.024,0.22849,0.11473,0.019904,242,245,247,175,179,185,165,167,169,160,158,156,81,84,82,146,153,165,0.54173,0.54847,0.55128
1,6.4649e+05,-1.722,11.56,195,800,-1.7384,11.446,185.51,816.55,0.38744,0.12279,0.03392,0.33609,0.11413,0.027584,0.2864,0.10956,0.022208,247,247,247,172,179,187,175,171,168,169,170,170,90,89,85,124,130,140,0.5533,0.54896,0.55033
1,6.4659e+05,-1.722,11.64,195,800,-1.7331,11.535,185.68,752.73,0.35361,0.12732,0.03232,0.31332,0.12019,0.026496,0.27441,0.11067,0.022208,253,252,251,206,200,196,163,165,168,195,194,193,94,87,81,98,100,106,0.54353,0.54657,0.54841
1,6.4669e+05,-1.722,11.72,195,800,-1.7405,11.607,185.42,638.88,0.24859,0.12111,0.02272,0.22934,0.11125,0.019392,0.21359,0.10548,0.017088,254,253,252,208,203,200,162,164,168,205,204,201,75,79,80,92,92,95,0.54152,0.54617,0.54615
1,6.4679e+05,-1.722,11.8,195,800,-1.7268,11.672,185.3,644.79,0.30597,0.12018,0.027648,0.26776,0.11673,0.02368,0.2469,0.11124,0.020672,251,252,251,201,201,202,176,172,171,209,209,208,80,76,74,80,82,84,0.54508,0.55048,0.54852
1,6.4689e+05,-1.722,11.88,195,800,-1.7352,11.761,185.82,994.94,0.25588,0.12884,0.025088,0.2344,0.11949,0.021568,0.22532,0.11452,0.019776,248,248,249,209,206,201,177,177,177,202,201,202,66,67,68,81,82,83,0.54275,0.54797,0.54821
1,6.4699e+05,-1.722,11.96,195,800,-1.7183,11.827,186.18,589.69,0.32813,0.11948,0.028672,0.27796,0.11405,0.023552,0.24933,0.11059,0.020608,246,246,247,203,203,201,182,180,177,191,193,194,59,61,63,87,86,85,0.54479,0.54642,0.54744
1,6.4709e+05,-1.722,12.04,195,800,-1.7321,11.908,185.23,608.29,0.35837,0.12392,0.031232,0.29438,0.11772,0.026048,0.26424,0.11356,0.02272,245,245,245,200,200,200,182,179,175,170,173,177,54,54,55,91,90,89,0.55386,0.54825,0.54505
1,6.4719e+05,-1.722,12.12,195,800,-1.7384,12.004,187.63,802.37,0.33215,0.12008,0.0288,0.28475,0.11516,0.02368,0.25271,0.11177,0.020224,246,245,246,198,199,199,175,174,173,162,165,169,52,52,53,91,91,90,0.5479,0.54241,0.54061
1,6.4729e+05,-1.722,12.2,195,800,-1.7374,12.08,185.69,816.28,0.29866,0.1207,0.026304,0.26324,0.11675,0.02304,0.24607,0.11131,0.020224,250,249,248,189,193,198,169,170,170,156,156,157,49,49,50,95,94,92,0.53238,0.53496,0.53945
1,6.4739e+05,-1.722,12.28,195,800,-1.7512,12.162,186.64,970.57,0.31525,0.12186,0.027392,0.24721,0.11684,0.022336,0.21661,0.11442,0.019136,252,250,248,188,191,194,173,172,169,143,145,147,46,47,48,97,94,92,0.52365,0.53306,0.53626
1,6.4749e+05,-1.722,12.36,195,800,-1.748,12.247,184.84,930.48,0.30273,0.12587,0.026944,0.26674,0.11619,0.0224,0.2393,0.11528,0.019904,249,247,247,193,190,190,172,170,168,137,139,141,46,48,49,90,91,92,0.52979,0.53295,0.53185
1,6.4759e+05,-1.722,12.44,195,800,-1.7469,12.335,185.53,832.96,0.2696,0.12054,0.023424,0.2413,0.11422,0.020224,0.22085,0.10996,0.017792,241,244,246,175,180,187,164,164,165,127,129,131,55,53,50,92,92,93,0.54795,0.53672,0.53411
1,6.4769e+05,-1.722,12.52,195,800,-1.7458,12.4,185.49,797.8,0.28261,0.11435,0.024384,0.25945,0.1096,0.021184,0.2355,0.10647,0.018688,246,247,246,179,182,188,162,163,163,124,125,127,54,52,50,95,95,94,0.54299,0.53566,0.53468
1,6.4779e+05,-1.722,12.6,195,800,-1.7342,12.477,186.43,918.93,0.32419,0.12279,0.028736,0.27645,0.11625,0.02368,0.24978,0.10846,0.020352,247,247,246,201,202,202,165,163,162,117,120,122,46,48,50,94,95,96,0.5343,0.53478,0.53482
1,6.4789e+05,-1.722,12.68,195,800,-1.7405,12.549,185.54,1244.5,0.31105,0.12598,0.0272,0.23614,0.12274,0.021824,0.2073,0.12001,0.018944,243,243,244,220,216,212,150,156,161,120,120,120,45,47,50,95,95,95,0.53829,0.53528,0.53503
1,6.4799e+05,-1.722,12.76,195,800,-1.749,12.64,185.98,979.33,0.27598,0.12987,0.026944,0.25458,0.12354,0.02368,0.23857,0.11798,0.021056,241,242,242,211,214,215,150,156,161,120,119,120,45,49,54,96,95,94,0.53288,0.5316,0.53338
1,6.4809e+05,-1.722,12.84,195,800,-1.7448,12.722,185.85,846.76,0.27739,0.12468,0.025152,0.2559,0.11574,0.021504,0.23366,0.11181,0.01888,242,242,243,211,216,221,164,164,164,121,120,120,70,67,64,90,92,95,0.53106,0.53188,0.53411
1,6.4819e+05,-1.722,12.92,195,800,-1.749,12.808,186.66,1194.2,0.25627,0.12191,0.023424,0.22181,0.11662,0.01984,0.19762,0.11302,0.017344,246,246,245,227,227,225,164,165,166,123,122,120,81,76,69,92,94,96,0.54417,0.5345,0.53376
1,6.4829e+05,-1.722,13,195,800,-1.7384,12.873,186.21,1066.5,0.27422,0.12268,0.02464,0.23585,0.11893,0.0208,0.2105,0.1107,0.0176,252,250,248,234,234,230,158,161,163,124,123,120,64,68,68,100,100,98,0.53955,0.53215,0.53306
1,6.4839e+05,-1.722,13.08,195,800,-1.7289,12.936,185.76,1105.4,0.26747,0.12469,0.023872,0.21596,0.11827,0.019392,0.19627,0.11386,0.01728,247,248,249,212,220,226,155,159,162,115,117,117,49,50,54,93,94,95,0.5342,0.5325,0.53321
1,6.4849e+05,-1.722,13.16,195,800,-1.7374,13.022,185.06,1160.8,0.39217,0.11516,0.026816,0.31901,0.11274,0.02144,0.22591,0.10801,0.017664,247,248,249,212,217,223,163,163,163,113,114,114,43,45,47,88,91,93,0.5404,0.53378,0.53548
1,6.4859e+05,-1.722,13.24,195,800,-1.7278,13.102,185.52,771.18,0.24979,0.13389,0.025408,0.23211,0.12759,0.022272,0.2185,0.11813,0.01984,245,248,249,215,216,216,171,171,169,109,108,108,40,41,43,93,93,92,0.55318,0.53568,0.53304
1,6.4869e+05,-1.722,13.32,195,800,-1.7384,13.174,185.03,924.69,0.36082,0.13231,0.033536,0.31515,0.12818,0.02848,0.28232,0.12126,0.024256,248,248,249,212,211,211,173,172,171,104,105,106,43,43,44,95,94,93,0.52745,0.53321,0.53332
1,6.4879e+05,-1.722,13.4,195,800,-1.7352,13.26,185.84,955.73,0.26056,0.12972,0.025792,0.22839,0.12521,0.02176,0.20293,0.12074,0.018944,247,248,248,187,193,201,175,176,177,109,109,110,48,48,47,94,95,95,0.53557,0.53342,0.53414
1,6.4889e+05,-1.722,13.48,195,800,-1.7395,13.342,185.74,1231,0.26911,0.12688,0.025024,0.22672,0.12489,0.021312,0.20797,0.1188,0.018752,252,250,249,190,196,200,188,185,183,124,123,121,47,48,49,97,96,94,0.5386,0.53563,0.53535
1,6.4899e+05,-1.722,13.56,195,800,-1.7416,13.423,186,1196.1,0.27497,0.13083,0.027072,0.25036,0.12543,0.023616,0.22288,0.1227,0.021056,253,251,249,212,206,201,190,188,186,128,127,125,48,49,51,95,94,92,0.53136,0.53263,0.53686
1,6.4909e+05,-1.722,13.64,195,800,-1.7299,13.488,184.72,822.49,0.2751,0.12876,0.026368,0.24168,0.1227,0.021824,0.21496,0.11734,0.0192,246,248,250,198,200,199,185,186,186,128,129,129,54,55,57,87,86,86,0.53919,0.53424,0.53368
1,6.4919e+05,-1.722,13.72,195,800,-1.7278,13.562,184.85,817.67,0.25001,0.11837,0.02144,0.22247,0.11172,0.017856,0.19762,0.10631,0.015616,251,250,249,185,192,197,185,184,184,130,130,131,59,60,61,82,82,84,0.52833,0.53146,0.5323
1,6.4929e+05,-1.722,13.8,195,800,-1.7416,13.647,186.03,614.49,0.23765,0.13134,0.023616,0.21468,0.12169,0.020032,0.18757,0.12011,0.017408,248,247,248,195,194,195,178,178,179,138,138,137,70,69,68,86,86,85,0.5543,0.54192,0.53384
1,6.4939e+05,-1.722,13.88,195,800,-1.7395,13.729,187.62,757.61,0.25301,0.12546,0.024128,0.22779,0.11803,0.020352,0.19834,0.11557,0.017664,244,245,247,199,199,198,175,175,175,150,147,143,63,65,66,96,92,87,0.51963,0.53594,0.53464
1,6.4949e+05,-1.722,13.96,195,800,-1.7448,13.812,186.3,741.19,0.27469,0.11796,0.02336,0.24387,0.11008,0.019392,0.22392,0.10519,0.017024,248,247,247,201,200,199,174,176,176,150,147,143,56,60,63,89,90,87,0.52381,0.53271,0.53631
1,6.4959e+05,-1.722,14.04,195,800,-1.7268,13.858,187.03,642.85,0.22483,0.1312,0.022144,0.20381,0.12605,0.019648,0.18505,0.12017,0.017088,245,247,249,193,195,196,182,181,178,136,137,138,52,54,57,86,85,85,0.53756,0.53458,0.53254
1,6.4969e+05,-1.722,14.12,195,800,-1.7384,13.96,185.93,894.18,0.2697,0.15437,0.028864,0.23856,0.14828,0.024448,0.21615,0.14313,0.02176,249,249,249,187,192,197,182,181,179,132,134,136,51,54,57,87,85,84,0.52794,0.53721,0.53366
1,6.4979e+05,-1.722,14.2,195,800,-1.731,14.046,186.68,828.78,0.24336,0.16802,0.027776,0.21456,0.16176,0.02368,0.18995,0.15557,0.0208,252,248,246,212,208,205,181,180,180,140,138,137,55,55,55,81,81,81,0.52235,0.53521,0.53468
1,6.4989e+05,-1.722,14.28,195,800,-1.7321,14.122,186.19,1002.6,0.36747,0.12364,0.03424,0.33342,0.11876,0.029568,0.29805,0.10755,0.023936,236,239,242,222,215,207,179,180,181,138,139,139,54,54,54,75,76,78,0.54166,0.53507,0.53406
1,6.4999e+05,-1.722,14.36,195,800,-1.7405,14.229,188.01,1181,0.27437,0.1293,0.026368,0.24918,0.1244,0.023104,0.23194,0.11609,0.02016,238,239,241,202,205,206,182,182,181,137,138,140,53,53,53,76,76,77,0.54858,0.543,0.53882
1,6.5009e+05,-1.722,14.44,195,800,-1.7469,14.29,186.03,1021.3,0.27457,0.1302,0.026624,0.23542,0.12619,0.022848,0.21984,0.12076,0.020544,247,247,246,200,203,206,179,180,181,140,140,141,56,58,58,82,81,80,0.54498,0.53212,0.53455
1,6.5019e+05,-1.722,14.52,195,800,-1.7299,14.37,188.6,1157.7,0.28398,0.12976,0.026432,0.24044,0.1231,0.02208,0.21675,0.11577,0.018944,251,250,248,215,213,210,175,178,181,141,141,140,69,66,61,82,82,82,0.53099,0.5336,0.53375
1,6.5029e+05,-1.722,14.6,195,800,-1.7331,14.447,187.43,947.36,0.30088,0.1248,0.02752,0.25146,0.12194,0.02336,0.22729,0.11543,0.020032,250,249,250,231,225,214,191,183,181,139,137,138,70,71,66,85,85,86,0.52761,0.53438,0.53504
1,6.5039e+05,-1.722,14.68,195,800,-1.7374,14.521,186.26,757.67,0.28079,0.12167,0.025024,0.23951,0.11577,0.02048,0.21008,0.11118,0.017792,249,250,249,221,214,207,184,182,181,134,132,132,82,69,60,88,89,91,0.54431,0.53888,0.53659
1,6.5049e+05,-1.722,14.76,195,800,-1.731,14.591,187.06,827.72,0.18275,0.12624,0.0176,0.16174,0.12003,0.015168,0.15235,0.11635,0.013952,252,249,248,211,207,203,179,179,179,127,129,130,62,61,57,91,92,94,0.53787,0.5382,0.53625
1,6.5059e+05,-1.722,14.84,195,800,-1.7543,14.701,185.39,939.2,0.2827,0.12624,0.02688,0.26302,0.11591,0.022848,0.24174,0.1125,0.020224,247,247,246,206,204,201,178,177,177,130,128,129,45,46,48,101,102,103,0.5282,0.53482,0.53676
1,6.5069e+05,-1.722,14.92,195,800,-1.7437,14.768,186.68,1043.7,0.27028,0.12327,0.02432,0.24593,0.1156,0.020928,0.22783,0.11079,0.018432,249,247,246,207,204,200,178,176,174,133,132,131,45,45,46,108,108,109,0.54391,0.54119,0.5384
1,6.5079e+05,-1.722,15,195,800,-1.7416,14.846,187.38,973.32,0.31582,0.12098,0.027072,0.26809,0.11899,0.0224,0.2391,0.11091,0.019072,248,248,247,191,193,198,167,169,171,142,141,142,47,48,49,121,123,123,0.54962,0.53644,0.53681
1,6.5089e+05,-1.722,15.08,195,800,-1.7257,14.922,187.03,1001.7,0.28775,0.12422,0.025984,0.2626,0.11554,0.02208,0.23391,0.11334,0.019456,246,246,246,196,199,196,168,167,166,157,160,163,60,58,58,137,136,135,0.53337,0.53459,0.53586
1,6.5099e+05,-1.722,15.16,195,800,-1.7554,15.003,186.31,654.49,0.27338,0.11622,0.02304,0.24239,0.10768,0.019392,0.2197,0.10567,0.01696,248,245,244,215,200,191,166,166,166,177,176,178,64,65,62,138,139,138,0.54474,0.53808,0.5385
1,6.5109e+05,-1.722,15.24,195,800,-1.7268,15.074,185.72,627.21,0.22149,0.13111,0.021184,0.19761,0.12279,0.018112,0.17839,0.11895,0.015872,243,240,239,166,170,174,167,169,170,220,218,215,64,67,67,139,138,137,0.54441,0.54243,0.54091
1,6.5119e+05,-1.722,15.32,195,800,-1.7183,15.155,185.22,575.55,0.30775,0.12154,0.027008,0.26971,0.11905,0.022912,0.23389,0.11132,0.019648,236,236,238,147,158,168,176,174,172,241,237,231,60,65,70,132,134,135,0.53903,0.54604,0.5457
1,6.5129e+05,-1.722,15.4,195,800,-1.7384,15.255,185.21,933.35,0.24956,0.1317,0.024128,0.21238,0.12675,0.020224,0.1787,0.12069,0.01696,237,238,238,192,181,175,171,172,173,255,254,251,78,81,88,123,124,126,0.54594,0.54565,0.5472
1,6.5139e+05,-1.722,15.48,195,800,-1.7522,15.337,186.7,889.11,0.27029,0.12299,0.023872,0.22015,0.11633,0.019008,0.16969,0.11733,0.015744,231,235,237,187,185,178,174,171,172,255,255,255,109,115,117,112,118,122,0.53223,0.54591,0.54863
1,6.5149e+05,-1.722,15.56,195,800,-1.7427,15.403,186.64,851.43,0.25921,0.15796,0.031744,0.24362,0.14664,0.028032,0.2295,0.14166,0.025408,229,232,237,170,169,174,180,175,170,255,255,255,126,127,130,119,118,121,0.55865,0.55391,0.5514
1,6.5159e+05,-1.722,15.64,195,800,-1.7374,15.473,185.76,783.7,0.39379,0.10839,0.028672,0.31231,0.10472,0.021696,0.2227,0.10661,0.01632,241,239,240,153,162,175,167,167,168,255,255,255,132,137,143,127,125,122,0.56217,0.55393,0.55245
1,6.5169e+05,-1.722,15.72,195,800,-1.7374,15.559,185.55,689.22,0.23437,0.11948,0.020864,0.20538,0.11167,0.0176,0.18721,0.10863,0.015744,248,245,243,168,179,189,161,163,166,255,255,255,141,140,142,137,127,120,0.56477,0.55927,0.55659
1,6.5179e+05,-1.722,15.8,195,800,-1.7469,15.637,186.66,625.22,0.26256,0.1433,0.02688,0.23398,0.13401,0.022976,0.21732,0.12747,0.020416,248,249,250,231,226,217,166,164,163,255,255,255,131,134,138,120,122,123,0.5665,0.55895,0.56016
1,6.5189e+05,-1.722,15.88,195,800,-1.7342,15.707,187.11,720.29,0.27274,0.13182,0.027136,0.24774,0.12285,0.023296,0.23597,0.11782,0.020928,254,252,251,231,227,217,162,163,164,255,255,255,148,149,150,144,149,155,0.57535,0.57201,0.56994
1,6.5199e+05,-1.722,15.96,195,800,-1.7204,15.765,186.45,650.76,0.27526,0.12863,0.026176,0.26052,0.12158,0.022976,0.2467,0.11431,0.020672,249,251,250,225,212,208,163,162,163,255,255,255,189,172,161,189,189,177,0.5779,0.57847,0.56996
1,6.5506e+05,-1.629,16,195,800,-1.6344,15.764,0.45583,752.36,0,0,0,0,0,0,0,0,0,252,250,251,188,196,201,159,158,161,255,255,255,201,188,175,248,225,203,0.52206,0.52959,0.52865
1,6.5516e+05,-1.629,15.92,195,800,-1.6376,15.692,186.63,829.15,0.258,0.11839,0.020224,0.20756,0.11446,0.016832,0.18258,0.11002,0.014784,253,251,251,232,228,219,158,161,163,255,255,255,135,141,148,151,155,159,0.57033,0.57557,0.57692
1,6.5526e+05,-1.629,15.84,195,800,-1.6376,15.64,187.33,1005.5,0.19285,0.11764,0.017344,0.17294,0.10965,0.014592,0.15847,0.10751,0.013184,251,252,250,248,237,223,163,163,163,255,255,255,120,127,137,134,133,136,0.55188,0.56283,0.5634
1,6.5536e+05,-1.629,15.76,195,800,-1.6652,15.575,188.19,710.9,0.25525,0.12699,0.024832,0.22374,0.11996,0.020928,0.20418,0.11547,0.018624,248,249,247,208,207,203,160,162,165,255,255,255,129,133,139,123,123,122,0.56137,0.55557,0.55737
1,6.5546e+05,-1.629,15.68,195,800,-1.6578,15.495,186.98,562.38,0.35506,0.12224,0.032768,0.32383,0.11548,0.027968,0.30238,0.11071,0.024512,247,247,243,177,180,186,159,163,167,255,255,255,140,143,147,121,122,121,0.54412,0.55311,0.5548
1,6.5556e+05,-1.629,15.6,195,800,-1.6514,15.418,189.74,930.71,0.25621,0.11996,0.022656,0.21341,0.11509,0.018368,0.18608,0.10951,0.015488,237,236,238,146,157,171,176,175,173,255,255,255,147,155,154,119,121,122,0.53462,0.54561,0.54976
1,6.5566e+05,-1.629,15.52,195,800,-1.6482,15.328,187.24,976,0.35018,0.12734,0.033408,0.3169,0.11715,0.028032,0.29627,0.11049,0.023808,236,236,237,190,188,183,171,171,173,255,255,255,144,135,130,115,120,123,0.54858,0.54882,0.54892
1,6.5576e+05,-1.629,15.44,195,800,-1.6461,15.254,186.74,1122,0.36095,0.12418,0.030912,0.27069,0.12084,0.024192,0.23372,0.11733,0.021184,237,238,237,201,196,185,159,168,173,255,255,254,103,111,111,123,123,125,0.53998,0.54247,0.54597
1,6.5586e+05,-1.629,15.36,195,800,-1.6588,15.183,186.15,911.15,0.30219,0.12427,0.02688,0.25642,0.11615,0.021632,0.2337,0.11158,0.019456,230,235,238,167,173,179,175,174,172,253,249,242,69,73,79,133,133,132,0.55241,0.54292,0.54406
1,6.5596e+05,-1.629,15.28,195,800,-1.662,15.124,188.02,606.84,0.30912,0.12614,0.02944,0.26984,0.11654,0.023936,0.24207,0.10912,0.020352,237,237,238,165,170,174,173,173,172,240,235,229,65,68,72,139,138,135,0.53639,0.54231,0.54241
1,6.5606e+05,-1.629,15.2,195,800,-1.6323,15.019,186.99,687.99,0.31024,0.13651,0.028352,0.23983,0.12378,0.02112,0.21644,0.11399,0.018048,240,242,241,203,193,182,165,167,168,194,194,194,63,65,65,148,145,139,0.54543,0.5423,0.53976
1,6.5616e+05,-1.629,15.12,195,800,-1.6535,14.936,187.9,720.48,0.28851,0.12671,0.027648,0.25803,0.12101,0.023552,0.22926,0.11901,0.021056,248,247,245,185,191,191,165,166,167,156,160,162,58,56,57,147,142,136,0.53661,0.53712,0.53594
1,6.5626e+05,-1.629,15.04,195,800,-1.6451,14.858,187.42,734.15,0.31057,0.11987,0.027648,0.27772,0.11266,0.02304,0.24646,0.10776,0.019776,247,247,247,183,189,195,164,166,169,150,149,151,51,51,52,142,137,132,0.53793,0.53934,0.53835
1,6.5636e+05,-1.629,14.96,195,800,-1.6429,14.788,186.13,1006.4,0.32212,0.12693,0.031232,0.28668,0.12133,0.02688,0.26108,0.11551,0.02336,246,246,247,207,204,200,177,176,174,139,139,138,45,45,47,121,120,119,0.54753,0.53727,0.53715
1,6.5646e+05,-1.629,14.88,195,800,-1.6451,14.704,187.55,770.37,0.33532,0.13126,0.033856,0.29805,0.1229,0.02816,0.27595,0.11625,0.024384,246,245,246,216,210,201,183,179,176,136,135,133,45,45,46,113,112,111,0.54002,0.53902,0.53573
1,6.5656e+05,-1.629,14.8,195,800,-1.6588,14.642,187.19,791.56,0.32435,0.126,0.029888,0.27821,0.12293,0.025728,0.25146,0.11628,0.022208,244,246,247,202,203,202,169,174,178,128,130,131,47,50,52,96,98,100,0.54231,0.53744,0.53533
1,6.5666e+05,-1.629,14.72,195,800,-1.6472,14.537,188.34,1093.2,0.33453,0.11943,0.029248,0.29824,0.11161,0.024192,0.26129,0.1073,0.0208,252,250,249,211,208,205,178,178,179,138,135,133,77,66,59,90,91,93,0.54766,0.53939,0.53856
1,6.5676e+05,-1.629,14.64,195,800,-1.6546,14.468,186.85,904.79,0.31361,0.1227,0.028096,0.27391,0.11791,0.023872,0.24837,0.11219,0.020608,246,249,250,226,216,209,180,181,178,137,137,137,71,68,63,88,89,90,0.53518,0.53781,0.53735
1,6.5686e+05,-1.629,14.56,195,800,-1.6323,14.375,186.48,1241.5,0.30944,0.12678,0.029376,0.26964,0.12127,0.024896,0.25284,0.1157,0.022208,251,249,249,219,218,212,173,178,179,142,141,141,74,67,63,84,85,86,0.54226,0.53836,0.53805
1,6.5696e+05,-1.629,14.48,195,800,-1.6408,14.299,187.15,668.22,0.35337,0.12405,0.03136,0.29115,0.11714,0.025216,0.25084,0.11326,0.02112,249,248,247,209,211,210,175,177,179,141,142,142,71,65,60,84,84,84,0.53663,0.53156,0.53666
1,6.5706e+05,-1.629,14.4,195,800,-1.6451,14.234,186.59,948.6,0.30975,0.11965,0.026944,0.25125,0.11385,0.021696,0.22344,0.11091,0.018496,240,241,241,201,204,207,188,185,181,136,139,142,54,55,56,80,80,80,0.54649,0.53451,0.53716
1,6.5716e+05,-1.629,14.32,195,800,-1.6567,14.144,187.08,690.33,0.30098,0.12371,0.027904,0.25979,0.11699,0.023168,0.22982,0.11174,0.01984,231,234,239,225,216,207,188,184,181,140,140,141,56,55,54,76,76,78,0.53028,0.5359,0.53397
1,6.5726e+05,-1.629,14.24,195,800,-1.6631,14.082,187.67,835.56,0.29236,0.12115,0.0256,0.25102,0.115,0.021248,0.21336,0.11474,0.01856,237,239,241,220,213,205,185,181,180,142,141,140,57,57,56,76,77,79,0.5311,0.53219,0.53449
1,6.5736e+05,-1.629,14.16,195,800,-1.6387,13.985,186.65,1433.3,0.3263,0.12583,0.030656,0.29008,0.11908,0.025856,0.26806,0.11369,0.022464,252,250,246,186,194,201,176,176,178,134,136,138,61,61,59,81,81,82,0.53293,0.53057,0.53441
1,6.5746e+05,-1.629,14.08,195,800,-1.6482,13.936,185.72,791.11,0.30646,0.11564,0.025984,0.27153,0.10936,0.021696,0.24719,0.10381,0.018752,251,250,249,186,193,198,177,177,178,131,134,138,60,61,61,83,82,82,0.54161,0.5317,0.53424
1,6.5756e+05,-1.629,14,195,800,-1.6504,13.838,185.68,853.96,0.29557,0.12053,0.027008,0.25966,0.11538,0.023104,0.24112,0.10849,0.020096,250,248,247,199,198,199,187,179,176,143,141,140,63,61,62,81,82,84,0.52747,0.5372,0.53724
1,6.5766e+05,-1.629,13.92,195,800,-1.6599,13.755,186.2,803.37,0.34488,0.11809,0.029952,0.29473,0.11308,0.024064,0.25764,0.10459,0.019968,245,245,245,195,197,199,172,175,176,146,144,142,60,63,65,90,88,85,0.5322,0.53425,0.53695
1,6.5776e+05,-1.629,13.84,195,800,-1.6599,13.69,184.66,559.28,0.29972,0.11607,0.02528,0.24448,0.11246,0.020416,0.20924,0.10871,0.017152,244,244,246,197,199,199,178,177,176,142,140,139,64,65,66,91,87,84,0.53951,0.53433,0.53226
1,6.5786e+05,-1.629,13.76,195,800,-1.6429,13.581,185.89,1031.3,0.25271,0.1187,0.022336,0.22454,0.11395,0.0192,0.20276,0.10993,0.01696,250,249,247,208,202,200,186,184,182,129,130,131,63,62,62,79,82,84,0.53451,0.5317,0.53243
1,6.5796e+05,-1.629,13.68,195,800,-1.644,13.513,185.71,1051.4,0.32579,0.11947,0.027648,0.27312,0.11327,0.023104,0.24776,0.10917,0.020224,250,250,249,200,202,203,190,186,184,125,126,128,57,57,59,84,84,84,0.55003,0.53505,0.53433
1,6.5806e+05,-1.629,13.6,195,800,-1.6344,13.436,187.17,969.91,0.29365,0.13604,0.028224,0.25518,0.12612,0.02368,0.22711,0.12241,0.020864,250,251,251,216,212,205,182,185,186,124,124,124,49,49,51,94,92,89,0.54977,0.54122,0.53307
1,6.5816e+05,-1.629,13.52,195,800,-1.6376,13.364,184.84,754.05,0.3189,0.14155,0.03072,0.26693,0.12538,0.02528,0.24043,0.12056,0.022208,250,250,250,213,207,204,185,182,180,122,120,119,46,46,47,96,95,94,0.54144,0.53798,0.5365
1,6.5826e+05,-1.629,13.44,195,800,-1.6535,13.288,186.35,676.29,0.29085,0.13885,0.031296,0.25944,0.13317,0.027072,0.24504,0.1264,0.024128,246,248,250,198,200,203,176,177,178,116,115,114,45,46,46,97,96,94,0.52731,0.53331,0.53679
1,6.5836e+05,-1.629,13.36,195,800,-1.6514,13.215,186.61,736.02,0.26594,0.12853,0.026048,0.23837,0.12184,0.022016,0.21468,0.11655,0.019392,249,248,249,203,204,207,175,173,173,103,105,107,44,44,44,94,94,94,0.54419,0.53375,0.53305
1,6.5846e+05,-1.629,13.28,195,800,-1.6376,13.108,186.81,787.52,0.32506,0.12495,0.029824,0.27609,0.11834,0.02464,0.24615,0.11555,0.021312,249,249,249,211,212,212,177,174,171,104,105,107,41,41,43,93,93,93,0.54646,0.53462,0.53376
1,6.5856e+05,-1.629,13.2,195,800,-1.6493,13.045,186.65,741.92,0.29679,0.12023,0.025728,0.26129,0.11302,0.022208,0.23976,0.10948,0.019392,250,249,249,230,225,221,174,170,166,114,112,112,39,40,43,89,90,92,0.54432,0.53668,0.53523
1,6.5866e+05,-1.629,13.12,195,800,-1.6344,12.945,186.65,929.51,0.24518,0.12387,0.022336,0.20918,0.1159,0.01888,0.19174,0.11247,0.016896,249,250,249,230,229,228,157,159,161,114,117,118,46,49,51,93,95,96,0.54268,0.53268,0.53261
1,6.5876e+05,-1.629,13.04,195,800,-1.6535,12.872,186.82,893.46,0.31903,0.11893,0.027648,0.27516,0.11335,0.022976,0.24351,0.11208,0.020416,251,250,249,232,232,231,157,158,160,119,120,120,60,59,58,102,100,98,0.5306,0.53214,0.53584
1,6.5886e+05,-1.629,12.96,195,800,-1.6535,12.811,185.74,651.44,0.33087,0.11759,0.026496,0.272,0.11322,0.021504,0.22985,0.11345,0.018944,246,247,246,245,238,228,162,163,163,123,123,122,78,72,66,97,99,100,0.54362,0.53747,0.53498
1,6.5896e+05,-1.629,12.88,195,800,-1.627,12.696,186.86,1051.5,0.27092,0.12403,0.025152,0.24261,0.11756,0.021824,0.21422,0.11702,0.019392,242,243,244,232,227,223,166,165,164,125,122,121,65,68,65,93,96,98,0.53712,0.53523,0.53514
1,6.5906e+05,-1.629,12.8,195,800,-1.6546,12.652,187.65,655.06,0.26975,0.12299,0.02464,0.23786,0.11729,0.0208,0.20478,0.11532,0.018176,240,241,242,199,207,214,160,160,161,117,118,119,47,51,56,92,93,95,0.52291,0.53652,0.53541
1,6.5916e+05,-1.629,12.72,195,800,-1.6419,12.567,187.64,820.46,0.29238,0.11874,0.025152,0.24049,0.11302,0.020224,0.19685,0.11163,0.017152,242,244,245,221,216,211,153,155,159,112,115,118,48,48,48,95,95,95,0.53733,0.53447,0.53346
1,6.5926e+05,-1.629,12.64,195,800,-1.6366,12.477,187.3,1029.5,0.29106,0.11695,0.024064,0.24119,0.11359,0.020288,0.20723,0.11103,0.017472,243,246,247,220,214,209,161,159,158,114,116,120,48,48,48,96,96,96,0.52479,0.5334,0.5354
1,6.5936e+05,-1.629,12.56,195,800,-1.6366,12.401,186.89,982.12,0.26721,0.12099,0.02368,0.2271,0.11652,0.01984,0.20376,0.11056,0.01728,252,250,248,192,192,193,162,162,161,124,123,124,49,50,50,96,97,96,0.52415,0.52998,0.53378
1,6.5946e+05,-1.629,12.48,195,800,-1.6206,12.306,187.07,1135.8,0.29836,0.12149,0.02688,0.25557,0.11698,0.022336,0.22453,0.11237,0.01888,252,249,247,178,180,186,159,161,163,128,128,128,53,52,50,95,95,95,0.54723,0.53519,0.53505
1,6.5956e+05,-1.629,12.4,195,800,-1.6535,12.259,186.77,680.11,0.30718,0.11184,0.024832,0.25591,0.10971,0.02048,0.23306,0.10395,0.017792,241,246,248,166,175,183,167,166,166,137,136,136,49,50,50,88,90,92,0.53493,0.53104,0.53316
1,6.5966e+05,-1.629,12.32,195,800,-1.6504,12.175,186.95,810.54,0.32223,0.1229,0.029952,0.30105,0.11527,0.025856,0.26668,0.1127,0.0224,253,251,249,192,190,191,168,168,168,142,144,146,46,47,49,95,92,91,0.5365,0.53295,0.532
1,6.5976e+05,-1.629,12.24,195,800,-1.6525,12.1,186.48,872.4,0.33281,0.12563,0.03008,0.27778,0.12089,0.02496,0.24194,0.117,0.021504,254,252,250,190,193,195,167,167,168,148,149,151,47,48,49,93,92,91,0.5385,0.53242,0.5339
1,6.5986e+05,-1.629,12.16,195,800,-1.6504,12.006,186.03,906.04,0.30002,0.12527,0.025856,0.2477,0.12068,0.021312,0.20168,0.11949,0.018368,248,247,247,194,195,197,163,167,171,155,158,162,49,50,52,86,88,89,0.52974,0.53905,0.53943
1,6.5996e+05,-1.629,12.08,195,800,-1.6461,11.932,185.3,951.24,0.29771,0.11755,0.025152,0.2526,0.11337,0.020928,0.22016,0.11132,0.017856,244,245,246,199,198,198,169,171,173,161,165,169,51,52,53,86,87,88,0.54924,0.54466,0.5442
1,6.6006e+05,-1.629,12,195,800,-1.6429,11.876,186.11,1003.3,0.28538,0.13169,0.027328,0.25364,0.12095,0.022592,0.21795,0.11943,0.01984,246,246,246,203,200,198,179,178,176,185,187,189,56,57,59,86,86,85,0.54941,0.54575,0.54329
1,6.6016e+05,-1.629,11.92,195,800,-1.6376,11.772,185.19,937.37,0.33175,0.11751,0.027584,0.28193,0.11066,0.021696,0.22568,0.10899,0.018112,250,250,249,195,198,198,173,173,175,208,210,209,66,67,68,81,82,83,0.54775,0.54736,0.54547
1,6.6026e+05,-1.629,11.84,195,800,-1.6419,11.694,186.51,1124.3,0.27852,0.12443,0.024896,0.24702,0.11511,0.020736,0.21667,0.11304,0.017856,251,251,251,198,197,199,170,172,172,216,217,214,74,73,71,80,81,83,0.55174,0.54836,0.54764
1,6.6036e+05,-1.629,11.76,195,800,-1.6366,11.613,184.97,789.08,0.2694,0.13374,0.026816,0.23396,0.12708,0.0224,0.20931,0.12125,0.019584,251,251,252,200,204,204,167,167,167,211,212,212,75,75,77,85,86,88,0.55471,0.54724,0.54645
1,6.6046e+05,-1.629,11.68,195,800,-1.6557,11.546,185.79,922.73,0.31995,0.12078,0.025408,0.24793,0.11515,0.019648,0.1979,0.1136,0.01728,252,252,251,207,208,203,163,164,167,202,205,204,74,78,79,91,92,96,0.55799,0.55108,0.54981
1,6.6056e+05,-1.629,11.6,195,800,-1.626,11.438,184.86,1182.2,0.2901,0.12575,0.0272,0.26304,0.11804,0.023616,0.24229,0.11448,0.020992,251,250,250,194,195,196,170,170,168,183,184,183,95,88,81,115,122,129,0.54198,0.54793,0.54893
1,6.6066e+05,-1.629,11.52,195,800,-1.6504,11.385,186.42,847.58,0.25418,0.12233,0.022208,0.21278,0.11399,0.018048,0.18647,0.11297,0.015872,246,247,249,173,183,191,168,169,170,159,157,156,79,79,77,155,167,174,0.54949,0.54929,0.55138
1,6.6076e+05,-1.629,11.44,195,800,-1.6578,11.302,186.05,678.92,0.27421,0.1307,0.026368,0.24771,0.12407,0.022976,0.22551,0.11957,0.020096,244,247,249,188,192,192,164,166,169,146,144,143,75,72,70,182,193,199,0.54457,0.55379,0.55264
1,6.6086e+05,-1.629,11.36,195,800,-1.6705,11.249,186.29,827.57,0.26213,0.12545,0.024832,0.2371,0.12041,0.021504,0.21439,0.1166,0.01888,252,252,251,213,206,201,167,169,169,119,121,123,54,56,59,250,243,235,0.565,0.55249,0.55513
1,6.6096e+05,-1.629,11.28,195,800,-1.6451,11.142,185.73,700.55,0.29997,0.12688,0.027584,0.25529,0.11992,0.023104,0.22476,0.11402,0.019776,253,253,252,203,208,209,171,171,169,112,115,119,49,52,57,255,254,248,0.56032,0.56114,0.55963
1,6.6106e+05,-1.629,11.2,195,800,-1.6387,11.07,185.46,931.1,0.23587,0.13299,0.021952,0.18492,0.13028,0.018368,0.17089,0.12287,0.016384,253,253,252,238,229,219,162,165,169,117,121,128,59,59,62,255,255,255,0.5693,0.56718,0.56612
1,6.6116e+05,-1.629,11.12,195,800,-1.6482,10.975,186.55,1154,0.27651,0.12769,0.026304,0.24777,0.12096,0.022912,0.22863,0.11615,0.019968,252,252,251,224,223,218,175,171,168,159,161,164,80,89,98,255,255,255,0.57844,0.57316,0.57382
1,6.6126e+05,-1.629,11.04,195,800,-1.6631,10.934,186.4,458.17,0.30115,0.13145,0.03008,0.26783,0.12458,0.025472,0.24776,0.11907,0.022848,250,251,251,212,211,212,178,172,168,194,189,183,120,123,120,255,255,255,0.60051,0.58312,0.57062
1,6.6433e+05,-1.536,11,195,800,-1.5655,10.934,0.40617,873.88,0,0,0,0,0,0,0,0,0,250,250,250,191,198,203,157,160,163,215,208,203,178,159,148,255,255,255,0.50035,0.50448,0.50798
1,6.6443e+05,-1.536,11.08,195,800,-1.5538,11.021,186.96,951.62,0.275,0.12161,0.019264,0.23636,0.11404,0.016,0.15036,0.11186,0.013184,253,252,251,218,218,216,154,158,162,157,162,167,86,93,104,255,255,255,0.58535,0.58407,0.58214
1,6.6453e+05,-1.536,11.16,195,800,-1.5591,11.08,185.96,678.95,0.20503,0.12611,0.019904,0.1943,0.1135,0.017344,0.17703,0.11081,0.015424,253,252,252,233,227,219,155,159,164,136,140,147,70,73,80,255,255,255,0.57459,0.57308,0.571
1,6.6463e+05,-1.536,11.24,195,800,-1.5421,11.131,186.26,597.37,0.26615,0.1376,0.027968,0.23634,0.12881,0.024,0.22215,0.12285,0.021248,253,252,252,228,220,213,175,171,167,119,120,122,59,60,61,255,255,254,0.56374,0.56205,0.56269
1,6.6473e+05,-1.536,11.32,195,800,-1.5634,11.245,186.01,990.56,0.33143,0.12746,0.031552,0.28889,0.11885,0.025536,0.2662,0.10938,0.021504,254,253,252,205,207,208,178,172,169,115,116,119,54,56,59,255,253,247,0.57103,0.56125,0.55847
1,6.6483e+05,-1.536,11.4,195,800,-1.5644,11.304,186.15,1035.2,0.30761,0.14007,0.030144,0.26807,0.12783,0.024576,0.24307,0.11684,0.0208,254,253,252,196,198,200,164,168,171,121,125,128,54,56,60,232,228,221,0.54999,0.5536,0.5546
1,6.6493e+05,-1.536,11.48,195,800,-1.54,11.366,186.98,1118.2,0.33383,0.13112,0.031872,0.30192,0.12278,0.026368,0.27498,0.11772,0.022528,255,252,250,211,203,199,180,176,173,149,151,151,61,65,68,226,199,179,0.56541,0.55331,0.55016
1,6.6503e+05,-1.536,11.56,195,800,-1.5602,11.451,187.01,673.49,0.30017,0.12128,0.027264,0.27079,0.11096,0.022592,0.23718,0.10933,0.019712,252,251,250,205,201,199,183,177,173,167,166,166,67,70,71,207,177,155,0.55542,0.54927,0.5498
1,6.6513e+05,-1.536,11.64,195,800,-1.5432,11.507,186.04,766.29,0.29612,0.13021,0.028864,0.2358,0.12666,0.023104,0.2225,0.12047,0.020864,246,247,249,211,206,202,161,165,169,199,194,192,70,72,75,102,111,116,0.5386,0.54954,0.55014
1,6.6523e+05,-1.536,11.72,195,800,-1.5623,11.628,186.24,1015.5,0.42038,0.12577,0.037504,0.37873,0.11629,0.030144,0.31905,0.11258,0.023296,248,248,250,225,211,203,159,163,168,208,206,206,71,73,75,93,94,99,0.55197,0.54985,0.54726
1,6.6533e+05,-1.536,11.8,195,800,-1.5591,11.707,186.32,1138.9,0.29372,0.13307,0.029696,0.271,0.12443,0.025664,0.25651,0.11768,0.022912,253,253,252,197,199,201,170,169,169,242,234,225,78,76,75,82,84,85,0.54633,0.54342,0.54571
1,6.6543e+05,-1.536,11.88,195,800,-1.5591,11.76,186.47,1121.3,0.29229,0.12199,0.026112,0.2572,0.11777,0.022336,0.23976,0.11154,0.019648,253,253,251,183,188,196,165,169,174,238,232,223,72,71,71,82,81,81,0.54148,0.54526,0.54517
1,6.6553e+05,-1.536,11.96,195,800,-1.5803,11.867,187.6,1158.8,0.28004,0.13046,0.028032,0.24754,0.12493,0.024192,0.23125,0.11622,0.020928,252,250,249,194,193,195,170,173,176,217,215,212,65,66,67,80,81,81,0.54795,0.54484,0.54309
1,6.6563e+05,-1.536,12.04,195,800,-1.5496,11.913,185.95,643.92,0.28921,0.12636,0.025984,0.24245,0.12104,0.021312,0.2177,0.11566,0.018624,244,245,246,192,196,198,180,177,174,183,182,183,59,59,58,81,82,82,0.55081,0.54546,0.54291
1,6.6573e+05,-1.536,12.12,195,800,-1.5453,11.998,186.19,811.21,0.29898,0.13276,0.030016,0.27018,0.12567,0.025664,0.24459,0.12162,0.022528,244,245,247,191,197,200,171,171,172,169,170,172,56,56,56,83,83,83,0.54001,0.53886,0.53988
1,6.6583e+05,-1.536,12.2,195,800,-1.5485,12.084,184.61,772.45,0.2982,0.12983,0.028992,0.25995,0.12034,0.02368,0.22577,0.11613,0.020096,250,250,249,210,205,200,165,164,165,157,156,157,55,54,52,83,84,86,0.53586,0.53433,0.53623
1,6.6593e+05,-1.536,12.28,195,800,-1.5559,12.151,185.91,791.25,0.28481,0.11526,0.02432,0.25015,0.11302,0.0208,0.22872,0.10802,0.017792,252,251,250,197,195,193,163,164,165,146,147,149,51,52,51,89,89,89,0.5222,0.53081,0.53289
1,6.6603e+05,-1.536,12.36,195,800,-1.5453,12.238,186.45,1122.6,0.27537,0.11906,0.025024,0.24384,0.11851,0.021952,0.22152,0.11219,0.019136,250,250,250,181,183,187,165,165,165,143,145,145,51,50,50,91,91,90,0.53103,0.53755,0.53746
1,6.6613e+05,-1.536,12.44,195,800,-1.5581,12.333,186.38,1117,0.28951,0.12684,0.026304,0.24198,0.12216,0.02208,0.21742,0.1182,0.019264,253,250,249,178,178,181,163,164,164,138,138,136,48,49,50,94,93,93,0.52578,0.52975,0.53434
1,6.6623e+05,-1.536,12.52,195,800,-1.5644,12.41,187.05,801.8,0.2914,0.12244,0.025856,0.2554,0.11405,0.021504,0.22993,0.10991,0.018816,247,249,249,186,184,185,160,162,163,131,132,132,49,49,49,96,96,94,0.53961,0.53513,0.53493
1,6.6633e+05,-1.536,12.6,195,800,-1.5485,12.469,184.34,662.35,0.21893,0.12218,0.020352,0.19703,0.11787,0.0176,0.18165,0.11311,0.015616,250,249,249,205,204,203,156,158,160,120,122,123,49,49,49,99,98,96,0.53007,0.53419,0.53414
1,6.6643e+05,-1.536,12.68,195,800,-1.5527,12.55,185.89,896.76,0.21797,0.12618,0.0208,0.19863,0.12079,0.018176,0.18562,0.11463,0.015936,251,249,247,221,219,213,156,158,160,120,119,119,49,49,48,94,94,95,0.53367,0.5356,0.5346
1,6.6653e+05,-1.536,12.76,195,800,-1.5517,12.634,186.24,1098.5,0.31823,0.12679,0.028992,0.27555,0.11995,0.024128,0.2453,0.11478,0.020672,245,245,245,213,212,211,160,161,161,118,117,118,49,48,48,91,94,95,0.53948,0.53429,0.53467
1,6.6663e+05,-1.536,12.84,195,800,-1.5538,12.71,186.73,1025,0.27264,0.13078,0.026624,0.25194,0.11887,0.0224,0.22393,0.11909,0.019968,234,238,242,191,201,210,167,167,165,114,116,118,48,50,52,102,99,97,0.52296,0.5339,0.5366
1,6.6673e+05,-1.536,12.92,195,800,-1.5358,12.769,186.13,698.34,0.28248,0.12967,0.025792,0.24307,0.12095,0.02144,0.21765,0.11863,0.018752,237,240,243,211,212,213,167,167,165,118,119,119,53,54,55,106,103,100,0.53277,0.53836,0.53694
1,6.6683e+05,-1.536,13,195,800,-1.5506,12.848,185.41,624.76,0.30769,0.12081,0.02784,0.29155,0.11301,0.023936,0.26622,0.10801,0.020992,249,248,247,230,229,225,159,161,162,125,123,120,57,57,55,107,105,100,0.52829,0.53204,0.5346
1,6.6693e+05,-1.536,13.08,195,800,-1.574,12.969,186.02,856.2,0.31084,0.12786,0.029312,0.28759,0.12289,0.025664,0.27068,0.11383,0.022656,249,250,250,232,232,229,154,157,162,121,120,118,44,46,49,96,95,94,0.53057,0.53209,0.53518
1,6.6703e+05,-1.536,13.16,195,800,-1.5697,13.034,187.62,834.97,0.29197,0.12354,0.027008,0.25704,0.11786,0.022848,0.23611,0.11069,0.01952,249,251,250,232,232,228,157,161,164,117,117,116,42,43,45,92,91,91,0.52518,0.53027,0.53205
1,6.6713e+05,-1.536,13.24,195,800,-1.5549,13.118,186.82,1048,0.27876,0.13457,0.02752,0.23874,0.13194,0.023744,0.22274,0.12378,0.020992,254,253,251,220,224,224,174,172,171,110,110,110,40,41,42,90,89,89,0.53228,0.53294,0.53545
1,6.6723e+05,-1.536,13.32,195,800,-1.539,13.173,186.94,825.73,0.30316,0.13294,0.030592,0.2719,0.12588,0.026112,0.24848,0.11919,0.022784,254,253,251,219,220,220,172,172,173,105,106,108,41,41,41,89,90,90,0.53483,0.5358,0.53529
1,6.6733e+05,-1.536,13.4,195,800,-1.5474,13.259,186.55,690.36,0.273,0.1343,0.02688,0.25016,0.12598,0.023488,0.23069,0.12342,0.02112,251,251,251,214,215,213,165,170,174,106,106,108,40,41,42,92,93,93,0.53568,0.53604,0.53493
1,6.6743e+05,-1.536,13.48,195,800,-1.5634,13.356,188.71,755.78,0.29023,0.13131,0.028032,0.26402,0.12121,0.023872,0.24107,0.11419,0.020992,253,252,251,211,209,207,176,178,178,115,115,114,44,44,45,94,94,94,0.53088,0.53106,0.53434
1,6.6753e+05,-1.536,13.56,195,800,-1.5538,13.426,186.52,690.19,0.28745,0.12442,0.026368,0.25159,0.11699,0.022144,0.22241,0.11336,0.019136,254,253,252,204,206,205,182,182,181,119,117,116,45,46,47,92,93,92,0.50534,0.52475,0.53179
1,6.6763e+05,-1.536,13.64,195,800,-1.5538,13.503,187.3,817.52,0.258,0.12785,0.02496,0.22899,0.12039,0.02144,0.21168,0.11578,0.018752,253,252,250,213,208,205,187,186,184,118,119,121,49,51,53,84,86,86,0.52336,0.52732,0.53123
1,6.6773e+05,-1.536,13.72,195,800,-1.5634,13.597,186.44,925.97,0.29632,0.1313,0.029312,0.2731,0.12012,0.02528,0.25876,0.11658,0.022976,251,250,248,216,211,205,188,185,183,120,121,123,53,55,58,81,82,84,0.52109,0.52873,0.53423
1,6.6783e+05,-1.536,13.8,195,800,-1.5559,13.667,187.06,974.19,0.31437,0.12913,0.029824,0.2798,0.12014,0.025216,0.25357,0.11395,0.022144,240,241,243,208,206,204,178,179,178,130,131,132,71,67,63,80,80,80,0.53074,0.53372,0.53345
1,6.6793e+05,-1.536,13.88,195,800,-1.557,13.752,187.54,854.5,0.32076,0.12462,0.030976,0.29212,0.11778,0.02624,0.26375,0.11263,0.022528,243,242,242,195,198,201,173,172,174,142,142,142,67,67,65,75,76,78,0.53861,0.53287,0.53166
1,6.6803e+05,-1.536,13.96,195,800,-1.5506,13.819,188.03,709.29,0.3047,0.13045,0.02976,0.27702,0.12154,0.0256,0.25495,0.11791,0.023104,247,244,243,194,199,203,167,171,174,144,145,144,68,66,65,74,75,78,0.52609,0.53273,0.53574
1,6.6813e+05,-1.536,14.04,195,800,-1.5421,13.898,186.27,521.71,0.2933,0.13277,0.028992,0.26583,0.12536,0.024768,0.24664,0.11984,0.0224,247,247,245,217,210,203,174,175,178,138,141,144,72,70,66,79,79,79,0.54239,0.53545,0.53695
1,6.6823e+05,-1.536,14.12,195,800,-1.574,14,187.07,810.16,0.27539,0.12749,0.025728,0.25368,0.12072,0.022912,0.24413,0.11262,0.020224,249,247,245,215,207,201,174,177,181,141,141,143,77,71,65,84,82,80,0.52312,0.5372,0.53953
1,6.6833e+05,-1.536,14.2,195,800,-1.5676,14.057,186.28,978.02,0.2644,0.1477,0.026816,0.24372,0.13724,0.023104,0.22404,0.13431,0.02048,239,240,240,189,193,199,180,181,182,145,144,144,62,63,61,82,81,81,0.51953,0.53337,0.53692
1,6.6843e+05,-1.536,14.28,195,800,-1.5549,14.155,186.28,830.44,0.25956,0.16391,0.024832,0.18914,0.14953,0.020224,0.16943,0.13882,0.017088,228,231,235,201,201,201,180,181,181,148,146,144,52,53,55,79,80,81,0.53313,0.53541,0.53753
1,6.6853e+05,-1.536,14.36,195,800,-1.5517,14.201,186.84,614.49,0.27809,0.17746,0.031104,0.24346,0.1478,0.024704,0.228,0.12696,0.020736,234,233,235,207,206,204,182,181,179,146,145,144,51,53,55,82,81,81,0.53346,0.53336,0.53471
1,6.6863e+05,-1.536,14.44,195,800,-1.5464,14.289,185.34,717.36,0.24441,0.17563,0.028864,0.22244,0.13365,0.022784,0.20418,0.12269,0.019072,243,242,241,211,209,205,179,178,177,145,145,144,57,57,57,89,86,85,0.53665,0.53263,0.53522
1,6.6873e+05,-1.536,14.52,195,800,-1.5421,14.359,185.7,743.88,0.27324,0.14131,0.029952,0.24737,0.13477,0.0256,0.2282,0.12606,0.0224,247,245,243,214,208,205,172,174,176,154,147,143,57,58,57,89,88,87,0.52642,0.53497,0.53778
1,6.6883e+05,-1.536,14.6,195,800,-1.5676,14.473,185.92,1025.4,0.26889,0.13438,0.026432,0.23153,0.11961,0.020928,0.21008,0.11153,0.017984,248,249,249,197,199,201,174,173,175,141,142,141,50,53,57,95,94,93,0.54225,0.53704,0.53574
1,6.6893e+05,-1.536,14.68,195,800,-1.5517,14.534,186.41,830.81,0.28787,0.12249,0.025984,0.24863,0.11521,0.021696,0.22801,0.10966,0.01888,254,251,249,183,186,193,171,173,176,140,136,134,50,51,53,103,100,97,0.52659,0.53233,0.53746
1,6.6903e+05,-1.536,14.76,195,800,-1.557,14.609,185.94,935.78,0.2751,0.1319,0.02624,0.24401,0.12259,0.022272,0.22475,0.11732,0.019648,246,248,249,179,185,193,175,174,176,132,132,132,46,49,51,101,101,100,0.54356,0.53905,0.5382
1,6.6913e+05,-1.536,14.84,195,800,-1.5697,14.707,186.59,1095.6,0.28283,0.12889,0.027456,0.25439,0.12484,0.023936,0.23476,0.11836,0.020992,243,244,247,202,199,197,181,180,179,129,130,131,45,45,47,108,108,108,0.52542,0.53588,0.53648
1,6.6923e+05,-1.536,14.92,195,800,-1.5421,14.766,186,658.24,0.27328,0.12737,0.026368,0.24892,0.11778,0.0224,0.22062,0.11514,0.019328,244,246,247,207,204,199,186,182,178,135,134,133,45,46,46,116,115,115,0.53844,0.53529,0.53761
1,6.6933e+05,-1.536,15,195,800,-1.5485,14.844,187.02,937.35,0.28956,0.12879,0.028352,0.26198,0.12224,0.024448,0.23281,0.1156,0.020736,252,250,249,194,195,196,175,174,173,142,141,141,46,47,48,128,130,130,0.53208,0.53387,0.53663
1,6.6943e+05,-1.536,15.08,195,800,-1.5591,14.929,186.38,906.8,0.25788,0.13191,0.025408,0.23496,0.12333,0.021824,0.21975,0.11996,0.01984,247,247,247,182,182,184,162,163,166,153,154,157,53,54,56,140,141,141,0.5272,0.53419,0.53544
1,6.6953e+05,-1.536,15.16,195,800,-1.5443,14.988,186.83,972.92,0.27018,0.1343,0.026176,0.23015,0.12886,0.02208,0.21052,0.11873,0.019136,240,242,245,170,175,180,164,165,166,166,167,169,59,61,62,140,142,142,0.53287,0.53539,0.53699
1,6.6963e+05,-1.536,15.24,195,800,-1.5559,15.088,187.32,1177.6,0.27155,0.13075,0.02624,0.23699,0.12712,0.0224,0.21803,0.11928,0.019648,234,237,241,176,173,174,173,174,173,200,203,205,81,75,73,133,138,142,0.55139,0.54337,0.54256
1,6.6973e+05,-1.536,15.32,195,800,-1.5602,15.168,185.33,748.09,0.24755,0.11549,0.02048,0.19671,0.10954,0.016064,0.16226,0.10866,0.013696,236,238,240,178,174,177,180,177,175,226,225,223,79,78,79,136,138,140,0.54756,0.5434,0.54364
1,6.6983e+05,-1.536,15.4,195,800,-1.5527,15.24,187.82,965.98,0.26276,0.12514,0.024384,0.22532,0.11827,0.020032,0.19401,0.11564,0.01728,245,243,241,193,198,196,171,174,175,255,252,248,88,94,103,135,135,134,0.55146,0.54963,0.54806
1,6.6993e+05,-1.536,15.48,195,800,-1.5421,15.312,186.1,677.27,0.25878,0.13176,0.026048,0.23778,0.12784,0.02304,0.21866,0.12269,0.020416,242,240,239,214,209,197,173,175,177,255,255,255,176,154,141,121,126,130,0.54931,0.54552,0.54819
1,6.7003e+05,-1.536,15.56,195,800,-1.5485,15.402,186.8,730.77,0.28486,0.11961,0.023552,0.21414,0.11955,0.019072,0.18393,0.11461,0.016128,235,236,238,187,187,188,183,180,178,255,255,255,194,185,161,133,127,127,0.55323,0.54735,0.54833
1,6.7013e+05,-1.536,15.64,195,800,-1.557,15.49,187.23,715.99,0.25271,0.12778,0.024448,0.2322,0.12405,0.021632,0.21528,0.11814,0.019008,235,238,239,154,164,178,181,177,174,255,255,255,213,190,167,119,123,126,0.55475,0.55459,0.55374
1,6.7023e+05,-1.536,15.72,195,800,-1.5432,15.554,186.51,1098.5,0.25637,0.12188,0.023616,0.22979,0.11679,0.020544,0.21211,0.10862,0.01792,246,243,242,182,181,185,170,169,170,255,255,255,160,164,159,117,119,124,0.55722,0.55466,0.55623
1,6.7033e+05,-1.536,15.8,195,800,-1.5623,15.645,187.39,1025.9,0.31616,0.11884,0.026944,0.26536,0.11466,0.021952,0.23007,0.11152,0.018304,249,249,248,228,221,211,162,161,162,255,255,255,119,126,136,112,117,125,0.56258,0.5628,0.56195
1,6.7043e+05,-1.536,15.88,195,800,-1.5496,15.7,187.27,547.57,0.2625,0.12729,0.02496,0.23571,0.11798,0.021248,0.21451,0.11608,0.019136,252,249,249,215,213,211,163,163,162,255,255,255,128,132,141,132,142,156,0.56569,0.56897,0.56994
1,6.7053e+05,-1.536,15.96,195,800,-1.5559,15.795,185.31,797.71,0.26596,0.11857,0.023296,0.2353,0.11329,0.020288,0.22303,0.10704,0.017728,247,250,249,199,200,203,167,163,162,255,255,255,141,149,150,168,172,176,0.57867,0.57468,0.56781
1,6.736e+05,-1.443,16,195,800,-1.4732,15.79,-0.14997,912.55,0,0,0,0,0,0,0,0,0,238,240,242,191,192,196,164,169,168,255,255,255,144,143,143,224,204,195,0.53079,0.52938,0.52521
1,6.737e+05,-1.443,15.92,195,800,-1.471,15.702,185.82,745.11,0.19191,0.1191,0.016576,0.17123,0.11381,0.014336,0.1612,0.10741,0.012992,245,245,244,205,201,205,162,165,165,255,255,255,134,135,137,140,143,153,0.5714,0.57409,0.57572
1,6.738e+05,-1.443,15.84,195,800,-1.4562,15.635,186.25,524.76,0.20836,0.11577,0.018432,0.19324,0.10741,0.016128,0.17992,0.10436,0.014528,248,245,245,201,207,209,155,159,164,255,255,255,142,138,136,129,128,133,0.57065,0.56823,0.56488
1,6.739e+05,-1.443,15.76,195,800,-1.4679,15.564,187.29,667.21,0.26774,0.12587,0.025664,0.24555,0.11668,0.021952,0.2295,0.10695,0.018944,239,242,243,205,199,195,161,164,168,255,255,255,162,154,151,130,126,125,0.55325,0.55729,0.5579
1,6.74e+05,-1.443,15.68,195,800,-1.4562,15.466,184.62,893.27,0.33331,0.12913,0.032064,0.27075,0.12477,0.026304,0.24456,0.12026,0.022656,241,239,240,177,180,186,172,174,174,255,255,255,168,166,159,138,134,130,0.55748,0.5554,0.55418
1,6.741e+05,-1.443,15.6,195,800,-1.4742,15.428,185.95,931.27,0.36433,0.14383,0.04,0.32945,0.134,0.033728,0.28472,0.13034,0.028736,230,234,238,177,179,187,189,187,183,255,255,255,165,164,162,145,141,136,0.55946,0.55361,0.55167
1,6.742e+05,-1.443,15.52,195,800,-1.4647,15.331,185.59,914.07,0.3268,0.123,0.030016,0.2653,0.11619,0.023744,0.24539,0.11015,0.020736,247,242,240,245,230,208,184,184,182,255,255,255,123,127,137,130,137,139,0.55613,0.54857,0.54792
1,6.743e+05,-1.443,15.44,195,800,-1.4657,15.261,187.14,401.04,0.31437,0.13185,0.029184,0.24827,0.12714,0.02304,0.20933,0.12422,0.020032,246,245,242,240,230,210,184,180,180,255,254,252,104,114,123,146,141,139,0.54139,0.54546,0.5463
1,6.744e+05,-1.443,15.36,195,800,-1.4721,15.184,186.22,716.63,0.3539,0.12136,0.031744,0.31495,0.11136,0.025984,0.26935,0.10809,0.021952,249,247,244,180,184,190,181,180,179,242,238,233,103,98,98,148,144,141,0.54683,0.5467,0.546
1,6.745e+05,-1.443,15.28,195,800,-1.4604,15.088,185.27,824.18,0.33691,0.12365,0.030528,0.27983,0.12054,0.025152,0.24861,0.11494,0.02144,248,246,244,156,165,176,187,182,178,221,219,217,92,92,90,144,142,141,0.53399,0.53801,0.54176
1,6.746e+05,-1.443,15.2,195,800,-1.4679,15.025,186.8,603.84,0.31778,0.13471,0.033088,0.28631,0.12665,0.02816,0.2639,0.12067,0.024704,246,247,246,160,163,170,168,170,172,173,177,180,77,73,73,147,144,142,0.54103,0.5388,0.53912
1,6.747e+05,-1.443,15.12,195,800,-1.4594,14.931,187.07,1014.2,0.32708,0.1311,0.031488,0.26854,0.12479,0.02496,0.23903,0.11866,0.021056,252,251,250,184,184,186,158,163,169,147,148,151,54,56,57,149,145,140,0.53166,0.53463,0.53683
1,6.748e+05,-1.443,15.04,195,800,-1.4583,14.858,187.55,809.22,0.33772,0.12058,0.028736,0.25924,0.11859,0.022528,0.22019,0.11504,0.019264,253,253,251,193,195,196,168,169,172,138,139,142,50,50,52,141,139,136,0.53102,0.53764,0.53606
1,6.749e+05,-1.443,14.96,195,800,-1.4679,14.774,186.37,675.91,0.38887,0.11675,0.03296,0.33994,0.10893,0.026624,0.29144,0.10511,0.021952,254,253,251,206,206,203,186,182,177,128,129,131,47,47,48,122,122,122,0.53537,0.53738,0.53867
1,6.75e+05,-1.443,14.88,195,800,-1.4859,14.705,186.86,723.76,0.32721,0.13123,0.032,0.29433,0.12433,0.027584,0.27729,0.11477,0.023872,254,252,250,201,201,200,178,180,179,126,127,129,47,47,48,111,114,115,0.53317,0.53119,0.53583
1,6.751e+05,-1.443,14.8,195,800,-1.4562,14.616,186.93,681.38,0.32843,0.12192,0.03008,0.28376,0.11598,0.024768,0.26115,0.10764,0.020928,250,250,250,179,184,190,177,177,178,124,126,129,49,49,50,102,103,104,0.54309,0.54199,0.53974
1,6.752e+05,-1.443,14.72,195,800,-1.4742,14.548,187.25,819.94,0.32496,0.13238,0.031744,0.2606,0.12891,0.0256,0.22706,0.1256,0.022336,252,251,250,187,187,188,179,179,177,132,134,134,50,51,51,99,100,99,0.53768,0.53744,0.53644
1,6.753e+05,-1.443,14.64,195,800,-1.47,14.487,187.39,1029,0.31929,0.123,0.029632,0.26576,0.11707,0.023488,0.23698,0.11188,0.019904,251,251,250,194,190,190,179,177,177,135,137,137,49,51,52,101,99,97,0.53865,0.53836,0.53689
1,6.754e+05,-1.443,14.56,195,800,-1.4689,14.392,186.29,834.5,0.3396,0.12105,0.030464,0.30021,0.11561,0.025792,0.26159,0.11151,0.022208,247,246,246,189,193,195,177,176,176,139,142,143,52,53,53,89,90,91,0.55134,0.53619,0.53573
1,6.755e+05,-1.443,14.48,195,800,-1.4679,14.308,186.08,1007.9,0.30899,0.1287,0.030016,0.26758,0.12307,0.025344,0.24477,0.11656,0.021824,239,242,243,192,196,196,176,175,175,140,144,145,59,56,54,85,86,88,0.52256,0.53407,0.53653
1,6.756e+05,-1.443,14.4,195,800,-1.47,14.242,185.99,727.41,0.36196,0.12656,0.03232,0.27051,0.12191,0.024704,0.23888,0.1179,0.020992,230,235,238,200,197,196,164,168,172,148,149,148,55,55,55,81,83,85,0.53875,0.53736,0.53813
1,6.757e+05,-1.443,14.32,195,800,-1.47,14.155,186.15,694.82,0.29044,0.12717,0.027136,0.24811,0.1185,0.022272,0.21624,0.11527,0.019264,235,236,237,193,193,194,166,170,175,149,150,149,54,54,55,83,83,83,0.52927,0.5398,0.53851
1,6.758e+05,-1.443,14.24,195,800,-1.47,14.068,186.69,941.46,0.3415,0.1258,0.032256,0.2993,0.11793,0.026816,0.26678,0.11296,0.022592,239,238,239,191,193,194,179,179,179,148,150,150,54,55,57,81,82,82,0.53029,0.53317,0.53336
1,6.759e+05,-1.443,14.16,195,800,-1.4583,13.99,186.39,1062.2,0.32061,0.11802,0.025792,0.2582,0.11404,0.0208,0.2327,0.1109,0.017792,240,241,241,196,198,200,206,196,186,150,150,149,62,62,62,81,81,80,0.53587,0.5373,0.53581
1,6.76e+05,-1.443,14.08,195,800,-1.4647,13.909,185.25,712.97,0.25867,0.12234,0.023616,0.22109,0.11774,0.020032,0.19997,0.11341,0.017472,238,240,242,209,205,203,198,193,185,150,150,149,65,65,63,82,80,78,0.53141,0.54122,0.53721
1,6.761e+05,-1.443,14,195,800,-1.4594,13.837,186.58,1246.4,0.28704,0.11811,0.024064,0.24794,0.11074,0.01984,0.212,0.10778,0.016768,237,239,242,209,209,205,174,176,177,159,154,148,59,60,62,76,75,75,0.54547,0.54024,0.53708
1,6.762e+05,-1.443,13.92,195,800,-1.4742,13.775,186.08,940.83,0.28029,0.11368,0.02368,0.24386,0.10832,0.019584,0.22355,0.10054,0.017024,235,238,240,208,203,200,171,171,172,152,148,143,57,60,62,70,72,74,0.5304,0.534,0.53705
1,6.763e+05,-1.443,13.84,195,800,-1.4626,13.689,184.74,920.35,0.29936,0.12295,0.02752,0.27124,0.11827,0.023424,0.24842,0.1132,0.020416,234,236,241,201,199,199,171,171,173,138,139,137,66,64,61,73,74,75,0.52809,0.53093,0.53536
1,6.764e+05,-1.443,13.76,195,800,-1.4498,13.597,186.98,694,0.25539,0.11836,0.022784,0.21999,0.11394,0.019008,0.20472,0.10991,0.016896,240,241,243,201,200,199,173,176,179,124,125,126,61,61,60,77,78,79,0.53278,0.5365,0.53897
1,6.765e+05,-1.443,13.68,195,800,-1.4668,13.521,186.5,958.82,0.25262,0.12192,0.02336,0.23326,0.11497,0.020288,0.21273,0.11136,0.017856,248,246,245,203,200,197,179,180,181,120,121,122,55,57,58,80,81,82,0.54111,0.5384,0.53537
1,6.766e+05,-1.443,13.6,195,800,-1.4541,13.438,186.36,1011,0.28872,0.11597,0.023488,0.25363,0.11143,0.019904,0.21371,0.10776,0.016704,250,250,250,182,188,195,186,184,182,114,114,115,58,55,52,90,89,88,0.54518,0.53775,0.53662
1,6.767e+05,-1.443,13.52,195,800,-1.452,13.382,186.3,773.54,0.32285,0.11266,0.025856,0.26598,0.10951,0.020928,0.2288,0.10542,0.017344,253,252,251,195,197,201,175,176,177,108,108,109,45,46,46,97,95,94,0.54865,0.54057,0.53794
1,6.768e+05,-1.443,13.44,195,800,-1.4636,13.289,185.17,1136.8,0.2443,0.1203,0.022784,0.2232,0.11508,0.019904,0.21099,0.10661,0.017472,253,253,252,208,209,208,174,174,174,104,105,106,39,41,43,96,96,95,0.52466,0.53316,0.53519
1,6.769e+05,-1.443,13.36,195,800,-1.4594,13.197,186.67,910.88,0.24008,0.1276,0.023232,0.21444,0.123,0.020544,0.20344,0.11731,0.01856,253,252,252,231,225,219,177,175,174,102,103,105,39,40,40,89,91,92,0.54726,0.53801,0.53618
1,6.77e+05,-1.443,13.28,195,800,-1.4785,13.137,186.24,1256.9,0.31122,0.1258,0.02912,0.26534,0.11826,0.023552,0.22922,0.11409,0.020096,251,251,251,228,226,222,175,175,174,104,106,107,42,42,42,84,87,90,0.53716,0.53594,0.53566
1,6.771e+05,-1.443,13.2,195,800,-1.4594,13.034,186.42,622.25,0.30229,0.12882,0.029184,0.2655,0.1218,0.024704,0.24365,0.11788,0.021696,248,249,250,230,226,225,174,171,170,118,116,114,47,46,45,81,84,87,0.541,0.54007,0.53598
1,6.772e+05,-1.443,13.12,195,800,-1.4594,12.953,186.11,1015.3,0.29076,0.12915,0.027968,0.26031,0.12271,0.02432,0.24636,0.11742,0.021184,249,249,249,224,223,223,159,162,167,116,118,118,48,47,48,85,88,91,0.54045,0.53484,0.53408
1,6.773e+05,-1.443,13.04,195,800,-1.4668,12.886,186.41,911.66,0.27393,0.12187,0.023488,0.22346,0.11789,0.019328,0.1956,0.11221,0.01664,249,249,249,218,218,220,161,163,166,116,117,118,46,47,50,92,93,94,0.53877,0.53772,0.53653
1,6.774e+05,-1.443,12.96,195,800,-1.4795,12.829,185.98,619.04,0.27612,0.12072,0.024704,0.24427,0.1166,0.021504,0.22385,0.11326,0.0192,247,246,246,203,204,208,171,168,167,114,115,117,46,49,54,101,99,97,0.51653,0.53311,0.53398
1,6.775e+05,-1.443,12.88,195,800,-1.4583,12.727,185.48,847.08,0.28285,0.11556,0.024128,0.24794,0.10991,0.020352,0.22676,0.10434,0.017664,245,244,245,195,198,205,168,167,167,114,115,117,47,50,54,96,97,97,0.5489,0.5396,0.5373
1,6.776e+05,-1.443,12.8,195,800,-1.47,12.648,186.49,1031.9,0.28266,0.11668,0.023808,0.24734,0.1126,0.020224,0.21131,0.10988,0.017472,243,245,246,205,207,211,168,166,165,118,119,120,50,50,52,95,95,95,0.54115,0.5333,0.53488
1,6.777e+05,-1.443,12.72,195,800,-1.4636,12.569,187.05,805.23,0.31143,0.12875,0.029632,0.26252,0.12668,0.025216,0.23808,0.1193,0.02176,252,251,250,235,227,216,163,162,162,127,125,123,47,48,49,94,94,95,0.53961,0.53308,0.53487
1,6.778e+05,-1.443,12.64,195,800,-1.4764,12.506,186.58,674.73,0.29697,0.12522,0.027264,0.24912,0.12159,0.022656,0.21775,0.11705,0.019776,251,251,250,223,217,211,158,160,162,128,125,124,50,49,48,93,94,95,0.54418,0.54169,0.53676
1,6.779e+05,-1.443,12.56,195,800,-1.471,12.429,185.57,1162.8,0.30711,0.12845,0.028032,0.26996,0.12224,0.023488,0.2371,0.11793,0.020288,247,248,250,175,186,195,165,163,162,126,127,128,48,48,48,93,92,92,0.53361,0.53419,0.53465
1,6.78e+05,-1.443,12.48,195,800,-1.4647,12.329,184.81,1007.4,0.27549,0.1167,0.023744,0.24704,0.11055,0.020352,0.22767,0.10426,0.01792,249,249,250,182,185,189,166,165,165,133,132,132,46,47,49,91,91,91,0.53395,0.53441,0.5346
1,6.781e+05,-1.443,12.4,195,800,-1.4657,12.256,187.31,835.73,0.34863,0.11643,0.028672,0.29193,0.1117,0.023168,0.25677,0.10876,0.020224,250,250,250,191,189,190,167,167,167,149,145,141,51,50,50,89,89,89,0.54498,0.53576,0.53191
1,6.782e+05,-1.443,12.32,195,800,-1.4689,12.172,187.21,940.84,0.29523,0.12037,0.025984,0.2634,0.11338,0.021952,0.23614,0.11115,0.019136,248,249,250,200,198,197,164,165,166,154,153,151,52,52,51,91,89,87,0.52739,0.53211,0.53189
1,6.783e+05,-1.443,12.24,195,800,-1.4371,12.076,185.91,1245.7,0.28869,0.11646,0.024384,0.25738,0.10973,0.02112,0.22378,0.10754,0.018112,253,251,249,212,206,199,162,163,165,156,156,155,54,53,52,88,87,86,0.52644,0.5327,0.53449
1,6.784e+05,-1.443,12.16,195,800,-1.4689,12.004,186.53,918.07,0.36292,0.13101,0.034944,0.32003,0.12425,0.029888,0.29114,0.11979,0.026304,248,248,248,203,202,201,163,165,168,165,165,166,52,54,54,84,84,84,0.54355,0.54056,0.53846
1,6.785e+05,-1.443,12.08,195,800,-1.4668,11.936,186.8,661.79,0.4216,0.11666,0.03296,0.317,0.11607,0.0256,0.25691,0.11368,0.02144,246,246,246,202,200,199,171,172,173,173,173,174,55,56,56,83,83,83,0.5402,0.53992,0.53945
1,6.786e+05,-1.443,12,195,800,-1.4626,11.853,187.55,752.22,0.28683,0.12955,0.027072,0.25382,0.12686,0.023616,0.24236,0.11328,0.020032,244,246,247,202,200,198,192,185,178,197,199,199,68,66,64,80,80,81,0.54345,0.54227,0.54182
1,6.787e+05,-1.443,11.92,195,800,-1.4753,11.785,187.63,1061.1,0.24211,0.12024,0.021888,0.21649,0.11655,0.018944,0.1988,0.11221,0.016832,253,252,250,196,200,203,176,178,179,242,235,224,78,75,72,79,80,82,0.5468,0.54763,0.54414
1,6.788e+05,-1.443,11.84,195,800,-1.4594,11.694,187.21,996.37,0.2765,0.12826,0.026496,0.25923,0.11869,0.022976,0.23333,0.11531,0.020544,255,253,252,208,207,205,178,177,176,252,242,227,81,78,74,82,83,84,0.54569,0.55056,0.54666
1,6.789e+05,-1.443,11.76,195,800,-1.4732,11.636,186.75,491.52,0.33093,0.12619,0.0304,0.29524,0.11546,0.024896,0.2598,0.11275,0.022336,254,252,251,210,206,201,173,173,172,214,217,218,76,75,74,92,93,93,0.54623,0.54727,0.54763
1,6.79e+05,-1.443,11.68,195,800,-1.452,11.521,186.63,732.81,0.2895,0.13394,0.028224,0.24929,0.12581,0.024128,0.22948,0.12293,0.021952,250,250,250,191,193,197,169,170,172,197,202,206,73,73,73,99,98,101,0.53724,0.54505,0.54751
1,6.791e+05,-1.443,11.6,195,800,-1.4604,11.442,186.6,739.04,0.36291,0.12548,0.032896,0.32708,0.11716,0.027584,0.2885,0.11248,0.023552,251,249,249,183,190,197,176,177,176,176,178,178,75,72,69,114,122,131,0.56157,0.55299,0.54967
1,6.792e+05,-1.443,11.52,195,800,-1.452,11.364,186.22,1113.8,0.29894,0.15243,0.0336,0.27408,0.14805,0.030016,0.25888,0.1425,0.0272,247,250,250,221,212,199,177,181,180,144,146,149,62,62,63,150,162,172,0.55705,0.55204,0.5518
1,6.793e+05,-1.443,11.44,195,800,-1.4668,11.29,185.35,690.17,0.29606,0.13791,0.030592,0.25778,0.128,0.024832,0.22414,0.12468,0.020544,251,250,250,211,206,199,182,178,178,130,131,136,51,55,61,173,186,197,0.55187,0.55166,0.55295
1,6.794e+05,-1.443,11.36,195,800,-1.4573,11.207,185.88,1063.5,0.26144,0.1092,0.019968,0.21197,0.10467,0.015616,0.18142,0.099415,0.013056,252,251,251,185,187,191,169,172,173,113,117,123,65,64,63,241,237,233,0.56635,0.55736,0.55646
1,6.795e+05,-1.443,11.28,195,800,-1.4466,11.118,185.81,1188.7,0.21031,0.13401,0.02144,0.19453,0.1283,0.018816,0.18258,0.11988,0.016704,253,251,250,185,186,191,171,170,170,116,119,123,76,70,65,253,251,246,0.54565,0.55366,0.55823
1,6.796e+05,-1.443,11.2,195,800,-1.4668,11.074,184.92,534.27,0.22901,0.13222,0.022784,0.21487,0.12317,0.019968,0.20191,0.11884,0.018048,247,250,251,195,199,203,160,162,165,129,132,138,65,68,73,255,255,255,0.5654,0.56507,0.56477
1,6.797e+05,-1.443,11.12,195,800,-1.4604,10.996,186.19,736.79,0.23235,0.13912,0.02464,0.21434,0.12987,0.021504,0.20155,0.12545,0.019648,252,252,251,215,214,208,161,161,162,166,172,177,88,98,112,255,255,255,0.57867,0.57664,0.57567
1,6.798e+05,-1.443,11.04,195,800,-1.4774,10.927,185.13,750.48,0.29902,0.12421,0.028096,0.27353,0.11883,0.025024,0.25635,0.11382,0.022016,251,251,251,214,210,206,166,164,162,205,203,198,132,140,139,255,255,255,0.59194,0.57323,0.5609
1,6.8287e+05,-1.35,11,195,800,-1.3777,10.925,0.29362,1002.8,0,0,0,0,0,0,0,0,0,249,250,249,184,195,196,161,162,163,253,246,233,234,201,175,255,255,255,0.5116,0.51728,0.51891
1,6.8297e+05,-1.35,11.08,195,800,-1.3756,10.978,186.02,636.77,0.18667,0.12923,0.017728,0.17259,0.11989,0.015168,0.15729,0.11178,0.013632,255,253,251,224,213,200,167,166,165,191,191,189,92,104,116,255,255,255,0.5876,0.58307,0.58262
1,6.8307e+05,-1.35,11.16,195,800,-1.3745,11.073,187.57,675.42,0.24944,0.13128,0.025344,0.21029,0.12853,0.021376,0.187,0.12514,0.018496,253,253,251,204,201,200,168,167,166,147,156,166,66,73,87,255,255,255,0.57073,0.57014,0.56869
1,6.8317e+05,-1.35,11.24,195,800,-1.3819,11.145,185.79,589.03,0.29818,0.12559,0.02752,0.26595,0.11845,0.022848,0.23951,0.11316,0.01888,250,250,250,166,179,190,166,169,172,135,133,133,72,70,67,255,255,253,0.56372,0.56168,0.56129
1,6.8327e+05,-1.35,11.32,195,800,-1.366,11.212,187.3,933.97,0.33102,0.13324,0.032512,0.28654,0.1257,0.027072,0.26391,0.11922,0.02368,247,248,249,173,179,187,174,174,174,134,131,128,81,73,66,255,252,246,0.5565,0.5566,0.55802
1,6.8337e+05,-1.35,11.4,195,800,-1.3618,11.298,186.31,973.68,0.30506,0.12177,0.026944,0.28209,0.1174,0.022592,0.22715,0.10933,0.017728,244,246,248,176,187,192,181,182,180,120,125,130,60,62,63,226,218,211,0.55545,0.55554,0.55483
1,6.8347e+05,-1.35,11.48,195,800,-1.3724,11.368,189.06,665.26,0.30452,0.12593,0.028992,0.27554,0.11768,0.024448,0.24606,0.11064,0.020736,249,248,249,197,196,193,186,185,183,148,147,149,62,64,64,155,156,161,0.54812,0.55067,0.55286
1,6.8357e+05,-1.35,11.56,195,800,-1.384,11.464,186.4,752.18,0.34913,0.12305,0.03264,0.31878,0.11747,0.028032,0.29822,0.11012,0.024704,250,250,250,199,192,191,195,187,182,170,166,163,69,69,66,133,133,138,0.54064,0.54619,0.54882
1,6.8367e+05,-1.35,11.64,195,800,-1.3607,11.523,186.68,534.47,0.35441,0.12525,0.033024,0.31267,0.12108,0.028224,0.2761,0.11394,0.024192,250,251,251,168,181,192,177,178,177,200,196,190,69,72,72,105,107,109,0.53965,0.54442,0.54885
1,6.8377e+05,-1.35,11.72,195,800,-1.3798,11.623,185.47,920.89,0.34158,0.13694,0.0352,0.29458,0.13193,0.029312,0.25946,0.12537,0.025216,248,251,251,182,187,196,171,172,175,205,203,201,71,72,72,103,101,101,0.54581,0.54648,0.54866
1,6.8387e+05,-1.35,11.8,195,800,-1.3777,11.688,186.32,791.34,0.45832,0.12721,0.04256,0.35215,0.1223,0.031104,0.26512,0.11428,0.022848,248,250,251,215,214,209,178,178,175,212,214,213,73,74,72,89,90,90,0.5447,0.54746,0.54696
1,6.8397e+05,-1.35,11.88,195,800,-1.3713,11.766,188.02,852.64,0.26772,0.12492,0.025536,0.23446,0.11969,0.021632,0.21579,0.11328,0.018688,248,249,249,219,215,210,181,182,180,210,211,210,68,69,68,83,83,84,0.53263,0.54219,0.54425
1,6.8407e+05,-1.35,11.96,195,800,-1.3809,11.846,185.48,538.32,0.32187,0.12816,0.030528,0.28221,0.12203,0.02592,0.26364,0.11385,0.022784,247,248,248,206,207,207,182,182,180,200,202,203,62,64,65,81,82,83,0.53619,0.54401,0.54264
1,6.8417e+05,-1.35,12.04,195,800,-1.3437,11.9,186.66,736.52,0.33814,0.12471,0.030208,0.29253,0.11372,0.024256,0.26193,0.11099,0.021056,244,245,246,196,198,199,176,177,176,182,182,183,55,56,57,84,83,83,0.53388,0.54336,0.54283
1,6.8427e+05,-1.35,12.12,195,800,-1.3734,11.996,185.66,689.63,0.28518,0.12838,0.02752,0.25844,0.1181,0.023168,0.23168,0.11555,0.020608,243,245,247,189,193,197,167,171,173,170,172,174,52,52,54,84,83,83,0.55015,0.5405,0.53941
1,6.8437e+05,-1.35,12.2,195,800,-1.3692,12.085,185.99,725.41,0.361,0.11634,0.029824,0.31458,0.10725,0.023616,0.27179,0.10264,0.019392,250,249,248,193,195,196,164,165,168,159,159,158,46,47,49,81,83,84,0.53329,0.53438,0.53549
1,6.8447e+05,-1.35,12.28,195,800,-1.3787,12.156,185.62,568.29,0.35186,0.13056,0.032064,0.30009,0.12271,0.026048,0.26341,0.12102,0.02208,248,250,250,196,198,196,174,172,170,148,148,148,46,48,49,87,86,85,0.53078,0.53198,0.53309
1,6.8457e+05,-1.35,12.36,195,800,-1.3766,12.247,185.43,941.3,0.24152,0.12476,0.022976,0.22299,0.11668,0.019712,0.21378,0.10942,0.017728,250,249,249,195,196,196,181,175,170,142,142,142,49,49,49,84,85,85,0.54008,0.53547,0.53533
1,6.8467e+05,-1.35,12.44,195,800,-1.3766,12.332,185.86,812.47,0.33392,0.12568,0.030912,0.29847,0.1175,0.025536,0.27066,0.11098,0.021696,251,250,249,194,195,192,170,171,171,129,131,132,51,51,49,84,84,86,0.54355,0.54066,0.53731
1,6.8477e+05,-1.35,12.52,195,800,-1.3565,12.383,184.64,812.47,0.26413,0.13513,0.027584,0.24816,0.12836,0.024512,0.22949,0.12036,0.021504,251,251,250,190,191,193,171,170,169,124,126,128,50,50,49,87,86,87,0.53751,0.53689,0.53571
1,6.8487e+05,-1.35,12.6,195,800,-1.3681,12.476,186.05,643.39,0.32362,0.13368,0.028992,0.26566,0.12842,0.023104,0.21889,0.12308,0.019584,254,252,251,195,199,202,162,166,168,124,123,124,46,47,48,91,92,93,0.5599,0.54162,0.53791
1,6.8497e+05,-1.35,12.68,195,800,-1.365,12.558,186.35,613.7,0.2725,0.12828,0.0256,0.24556,0.12278,0.021952,0.21943,0.11403,0.018688,252,252,251,238,225,213,168,168,167,124,125,125,48,48,49,102,98,95,0.54112,0.53756,0.53675
1,6.8507e+05,-1.35,12.76,195,800,-1.3671,12.619,186.89,940.72,0.27511,0.1161,0.023744,0.23444,0.10923,0.019072,0.20218,0.10771,0.016384,251,252,251,230,223,215,169,168,167,127,127,126,50,51,53,99,96,95,0.52789,0.53382,0.53565
1,6.8517e+05,-1.35,12.84,195,800,-1.3766,12.734,187.27,951.64,0.27829,0.12912,0.027008,0.25582,0.12365,0.02368,0.23723,0.11596,0.020672,253,251,248,207,208,209,164,165,167,123,123,123,74,72,67,90,91,94,0.53894,0.53872,0.53693
1,6.8527e+05,-1.35,12.92,195,800,-1.3596,12.782,186.71,875.1,0.29434,0.1338,0.029504,0.26739,0.1263,0.025536,0.24555,0.12198,0.02272,251,249,247,203,204,205,166,167,168,117,119,121,88,80,70,91,92,94,0.53403,0.5356,0.53613
1,6.8537e+05,-1.35,13,195,800,-1.348,12.849,186.77,890.77,0.30685,0.12584,0.028928,0.27587,0.12407,0.025536,0.24923,0.11496,0.021376,250,248,247,207,207,210,182,176,171,114,115,118,58,64,65,92,92,92,0.53274,0.53405,0.53493
1,6.8547e+05,-1.35,13.08,195,800,-1.3596,12.948,187.84,897.81,0.27089,0.12283,0.024,0.22662,0.11704,0.020096,0.2043,0.11267,0.0176,251,249,248,227,224,221,174,174,173,118,119,120,48,48,51,86,86,87,0.53382,0.53329,0.53533
1,6.8557e+05,-1.35,13.16,195,800,-1.3692,13.032,187.45,1247.8,0.24307,0.1223,0.022784,0.22865,0.11447,0.020224,0.21321,0.11003,0.01792,249,249,248,231,228,224,175,174,173,122,121,119,47,47,47,85,85,86,0.53391,0.53585,0.53481
1,6.8567e+05,-1.35,13.24,195,800,-1.3724,13.116,185.98,1141.3,0.28013,0.1241,0.02528,0.25253,0.11455,0.021248,0.22685,0.11286,0.01888,249,248,249,213,217,220,181,177,175,113,114,114,44,44,43,89,89,90,0.53389,0.53563,0.53519
1,6.8577e+05,-1.35,13.32,195,800,-1.3512,13.174,186.7,864.85,0.27615,0.1394,0.028416,0.24321,0.13661,0.025152,0.22851,0.13065,0.0224,251,250,250,209,212,215,177,177,176,106,107,109,42,42,42,97,95,93,0.54779,0.54305,0.53727
1,6.8587e+05,-1.35,13.4,195,800,-1.365,13.269,185.59,798.36,0.2971,0.1282,0.028096,0.26287,0.12175,0.022976,0.24001,0.11189,0.019648,251,252,251,216,209,205,172,173,175,100,101,103,38,39,40,107,103,98,0.52208,0.53261,0.53598
1,6.8597e+05,-1.35,13.48,195,800,-1.3894,13.351,185.96,1017.3,0.27397,0.1416,0.028608,0.25315,0.13478,0.025088,0.23688,0.1265,0.022464,249,249,250,194,195,196,170,173,176,103,104,106,45,45,45,96,96,96,0.52834,0.53493,0.53596
1,6.8607e+05,-1.35,13.56,195,800,-1.3681,13.419,185.58,866.79,0.26254,0.12636,0.024704,0.23365,0.11979,0.0208,0.21035,0.11179,0.017856,246,247,248,183,187,192,174,176,178,109,109,109,54,51,48,91,91,92,0.53585,0.53563,0.53689
1,6.8617e+05,-1.35,13.64,195,800,-1.3766,13.507,185.32,966.41,0.25856,0.11715,0.022464,0.22488,0.11224,0.019008,0.20542,0.10571,0.016512,243,244,246,188,188,190,187,184,181,120,118,117,58,56,54,84,84,85,0.52911,0.53756,0.53601
1,6.8627e+05,-1.35,13.72,195,800,-1.366,13.581,185.36,895.61,0.24282,0.11694,0.021312,0.21423,0.11474,0.018368,0.18615,0.11095,0.015936,242,244,244,194,191,190,190,185,181,121,121,121,54,55,56,80,81,82,0.52306,0.53715,0.54004
1,6.8637e+05,-1.35,13.8,195,800,-1.3745,13.666,186.36,869.77,0.28345,0.11653,0.024512,0.26011,0.10995,0.02112,0.22498,0.10851,0.01856,243,243,243,184,187,192,177,177,176,129,128,129,58,57,57,78,77,77,0.53653,0.54438,0.54186
1,6.8647e+05,-1.35,13.88,195,800,-1.3777,13.728,186.63,909.84,0.27416,0.13138,0.026816,0.25321,0.12245,0.02336,0.23597,0.1168,0.020736,249,246,244,189,195,198,170,170,172,136,138,139,52,54,58,73,73,74,0.5422,0.53781,0.53791
1,6.8657e+05,-1.35,13.96,195,800,-1.3756,13.817,185.36,991.96,0.28661,0.1241,0.02592,0.25099,0.11956,0.02144,0.21166,0.11691,0.017856,249,246,244,201,202,202,171,171,172,140,142,142,51,54,58,70,71,72,0.54993,0.5378,0.53757
1,6.8667e+05,-1.35,14.04,195,800,-1.3734,13.904,185.19,837.2,0.26796,0.12594,0.026112,0.24032,0.11892,0.02208,0.22008,0.11273,0.019456,240,241,243,200,201,202,181,181,180,146,147,148,61,60,59,69,70,72,0.54484,0.54354,0.53793
1,6.8677e+05,-1.35,14.12,195,800,-1.3862,13.988,186.25,873.35,0.2448,0.12792,0.023936,0.22095,0.12119,0.020544,0.19801,0.11732,0.017984,240,241,243,195,197,200,192,187,183,148,149,149,63,61,60,70,71,73,0.5339,0.5337,0.53596
1,6.8687e+05,-1.35,14.2,195,800,-1.3756,14.061,187.26,1052.6,0.28076,0.12373,0.025408,0.24755,0.11586,0.021056,0.22448,0.1109,0.018816,246,245,243,202,198,195,178,180,179,156,152,150,56,58,58,76,77,78,0.53298,0.53753,0.53713
1,6.8697e+05,-1.35,14.28,195,800,-1.383,14.151,186.74,1232.8,0.24812,0.13302,0.02464,0.22535,0.12731,0.021568,0.20619,0.12327,0.019392,241,241,241,191,188,188,166,169,173,148,149,150,57,57,56,92,86,82,0.5323,0.53467,0.53583
1,6.8707e+05,-1.35,14.36,195,800,-1.3862,14.22,185.55,802.46,0.3226,0.12702,0.029568,0.27687,0.12126,0.024512,0.24365,0.11837,0.021568,239,239,240,175,180,187,172,172,172,150,149,149,57,56,55,88,85,83,0.5416,0.53766,0.53635
1,6.8717e+05,-1.35,14.44,195,800,-1.366,14.284,185.77,786.09,0.32048,0.13834,0.031936,0.28776,0.13223,0.026688,0.24832,0.12764,0.02304,245,243,242,182,184,187,181,178,176,149,147,145,52,53,54,82,84,86,0.54579,0.53603,0.53413
1,6.8727e+05,-1.35,14.52,195,800,-1.3713,14.377,187.81,909.98,0.3802,0.12389,0.028416,0.24292,0.12407,0.02016,0.18553,0.11898,0.01664,248,246,244,191,189,189,179,180,177,145,143,143,51,52,53,89,88,88,0.54092,0.53684,0.53636
1,6.8737e+05,-1.35,14.6,195,800,-1.3681,14.434,187.13,933.18,0.26188,0.12378,0.02368,0.22668,0.11961,0.020032,0.20083,0.11527,0.01728,250,250,249,191,192,192,181,180,178,138,138,139,52,53,53,95,95,95,0.53594,0.53947,0.53743
1,6.8747e+05,-1.35,14.68,195,800,-1.3777,14.523,186.8,848.26,0.30992,0.1241,0.028096,0.2798,0.11442,0.023232,0.24659,0.11273,0.020224,254,252,251,199,193,189,181,180,178,136,136,136,59,57,54,95,97,99,0.53503,0.53497,0.53497
1,6.8757e+05,-1.35,14.76,195,800,-1.3681,14.601,187.77,827.28,0.26403,0.12808,0.025856,0.2403,0.12392,0.022784,0.22856,0.11558,0.020032,251,251,251,191,188,187,180,179,178,135,134,134,61,57,53,98,99,101,0.53577,0.53371,0.53645
1,6.8767e+05,-1.35,14.84,195,800,-1.3787,14.681,187.11,635.38,0.26349,0.11943,0.022976,0.22666,0.11508,0.01984,0.21181,0.10832,0.017472,246,249,250,186,190,194,171,175,178,126,128,130,49,50,51,105,106,108,0.54369,0.53811,0.53672
1,6.8777e+05,-1.35,14.92,195,800,-1.4,14.779,186.73,1179,0.2794,0.12558,0.02656,0.25778,0.11683,0.022784,0.23607,0.11427,0.020352,250,250,251,214,208,201,178,178,177,126,127,128,46,48,50,113,114,114,0.54546,0.53895,0.53843
1,6.8787e+05,-1.35,15,195,800,-1.3745,14.846,187.02,943.5,0.24152,0.11986,0.020544,0.20285,0.11574,0.0176,0.18653,0.1087,0.01536,251,253,252,237,224,207,177,176,175,128,129,132,50,50,51,133,131,128,0.53598,0.53861,0.53759
1,6.8797e+05,-1.35,15.08,195,800,-1.3756,14.917,187.68,640.47,0.30152,0.12489,0.026048,0.26518,0.12068,0.022336,0.24013,0.11375,0.019584,254,253,252,187,192,192,170,172,174,144,145,148,54,57,60,139,140,138,0.54009,0.53869,0.53826
1,6.8807e+05,-1.35,15.16,195,800,-1.3777,15,186.16,663.35,0.24944,0.12622,0.023552,0.22039,0.12135,0.020096,0.19878,0.11935,0.018048,251,252,251,180,179,181,179,176,175,158,159,161,63,65,68,141,141,140,0.52842,0.5343,0.53728
1,6.8817e+05,-1.35,15.24,195,800,-1.3681,15.093,187.02,1079.8,0.27268,0.12022,0.024192,0.23204,0.11479,0.019776,0.20757,0.10855,0.01696,251,250,248,174,170,171,181,180,178,197,196,197,84,90,93,138,141,144,0.53673,0.54075,0.54037
1,6.8827e+05,-1.35,15.32,195,800,-1.3703,15.155,186.57,909.57,0.24935,0.11657,0.021504,0.21796,0.1154,0.018496,0.19252,0.10521,0.015616,250,247,245,172,172,175,181,180,178,218,218,216,108,108,104,139,142,145,0.5559,0.54891,0.54514
1,6.8837e+05,-1.35,15.4,195,800,-1.3703,15.231,186.6,595.8,0.26305,0.12653,0.023872,0.22137,0.12355,0.020032,0.1895,0.12136,0.017472,233,239,242,205,204,199,176,177,179,251,248,244,122,123,124,143,146,146,0.54847,0.54651,0.54664
1,6.8847e+05,-1.35,15.48,195,800,-1.3596,15.317,186.8,538.46,0.27939,0.11844,0.024512,0.24932,0.11214,0.020736,0.22706,0.10507,0.018048,243,240,238,225,215,201,184,184,183,255,255,254,148,136,139,149,145,144,0.56072,0.55469,0.54882
1,6.8857e+05,-1.35,15.56,195,800,-1.3575,15.38,185.37,705.34,0.24806,0.12703,0.02336,0.22805,0.11846,0.02016,0.21205,0.11438,0.018304,234,237,238,179,189,195,189,188,184,255,255,255,139,144,146,140,144,143,0.54567,0.54937,0.54886
1,6.8867e+05,-1.35,15.64,195,800,-1.3787,15.489,186.47,603.34,0.31181,0.12705,0.02848,0.25871,0.12221,0.023168,0.22512,0.11738,0.019968,240,239,239,162,172,187,189,185,180,255,255,255,144,146,152,150,142,134,0.54282,0.55185,0.5522
1,6.8877e+05,-1.35,15.72,195,800,-1.3713,15.551,187.46,911.35,0.23402,0.11895,0.020416,0.20308,0.11467,0.017536,0.17654,0.11019,0.014912,247,244,241,197,193,193,182,178,174,255,255,255,143,146,150,130,132,130,0.57241,0.55387,0.55469
1,6.8887e+05,-1.35,15.8,195,800,-1.3724,15.647,186.89,1034.5,0.24086,0.12244,0.022464,0.22114,0.1144,0.019456,0.20418,0.11059,0.01728,247,246,245,220,218,212,161,164,167,255,255,255,134,137,138,110,117,125,0.55665,0.56147,0.56234
1,6.8897e+05,-1.35,15.88,195,800,-1.3681,15.698,186.77,556.49,0.2541,0.12339,0.022464,0.21339,0.12353,0.019008,0.18181,0.11794,0.01632,240,241,243,217,213,207,174,173,169,255,255,255,121,126,132,141,146,157,0.56936,0.56972,0.57124
1,6.8907e+05,-1.35,15.96,195,800,-1.3586,15.771,187.68,677.56,0.27961,0.12893,0.027072,0.25727,0.11813,0.022912,0.22586,0.11656,0.020096,232,237,241,210,203,200,181,175,171,255,255,255,124,128,132,175,183,180,0.59558,0.58352,0.57336
1,6.9214e+05,-1.257,16,195,800,-1.2748,15.773,-0.24598,843,0,0,0,0,0,0,0,0,0,248,246,243,183,192,195,168,172,173,255,255,255,142,135,133,237,222,214,0.50241,0.52227,0.52572
1,6.9224e+05,-1.257,15.92,195,800,-1.2779,15.687,186.64,1096.5,0.21139,0.11987,0.0192,0.20093,0.11418,0.017216,0.19236,0.10635,0.01568,247,248,246,204,212,212,182,176,172,255,255,255,121,124,129,143,152,164,0.57705,0.57786,0.5795
1,6.9234e+05,-1.257,15.84,195,800,-1.2864,15.626,186.44,976.95,0.21295,0.11547,0.01888,0.1936,0.10913,0.016064,0.17875,0.10806,0.014784,244,247,248,221,220,222,171,172,171,255,255,255,128,127,127,119,125,138,0.56925,0.56395,0.56554
1,6.9244e+05,-1.257,15.76,195,800,-1.2896,15.559,186.23,946.08,0.29216,0.12117,0.026496,0.26821,0.11468,0.022528,0.24213,0.10588,0.01888,248,247,246,228,227,220,164,165,169,255,255,255,135,134,135,109,112,118,0.55608,0.56232,0.56017
1,6.9254e+05,-1.257,15.68,195,800,-1.279,15.488,187.83,760.07,0.34698,0.1208,0.030848,0.28011,0.11551,0.024,0.245,0.11095,0.02016,241,243,243,216,213,210,162,168,172,255,255,255,139,143,146,117,119,121,0.5546,0.55673,0.5561
1,6.9264e+05,-1.257,15.6,195,800,-1.2875,15.425,188.06,733.47,0.37945,0.11128,0.028864,0.27737,0.10431,0.020288,0.22785,0.10309,0.016768,232,234,238,172,183,196,182,180,180,255,255,255,194,179,161,133,131,130,0.55926,0.55264,0.55206
1,6.9274e+05,-1.257,15.52,195,800,-1.2642,15.32,186.63,1073.2,0.34425,0.12734,0.032,0.31217,0.11596,0.026368,0.272,0.11352,0.02272,240,239,237,202,197,191,177,181,183,255,255,254,159,164,159,140,138,139,0.54598,0.54653,0.54907
1,6.9284e+05,-1.257,15.44,195,800,-1.2705,15.232,187.73,850.79,0.271,0.12208,0.024704,0.24641,0.11595,0.021312,0.22399,0.10989,0.01856,242,238,238,198,194,189,176,178,181,255,254,251,139,146,150,148,146,143,0.5469,0.54828,0.54852
1,6.9294e+05,-1.257,15.36,195,800,-1.2705,15.172,188.28,941.35,0.26741,0.13621,0.02784,0.24064,0.12972,0.02432,0.2293,0.12463,0.021888,230,236,241,171,171,177,173,174,177,238,235,232,139,131,125,161,153,147,0.54209,0.54502,0.54541
1,6.9304e+05,-1.257,15.28,195,800,-1.2779,15.092,187.08,1122.9,0.3402,0.13148,0.033984,0.29394,0.1233,0.027456,0.25499,0.11594,0.022784,242,241,242,173,170,170,171,175,178,215,216,215,124,119,113,153,149,146,0.54265,0.54242,0.54086
1,6.9314e+05,-1.257,15.2,195,800,-1.2663,15.002,186.69,796.13,0.27135,0.12711,0.026368,0.25275,0.12108,0.023232,0.23936,0.11353,0.020224,251,250,248,171,174,177,189,185,183,172,174,177,87,85,85,139,138,139,0.52964,0.53723,0.53719
1,6.9324e+05,-1.257,15.12,195,800,-1.2907,14.925,186.07,1277.4,0.30765,0.12494,0.026112,0.25195,0.11734,0.021184,0.20861,0.11347,0.01792,252,252,252,195,194,193,184,183,183,145,145,148,59,60,64,130,130,131,0.5309,0.53516,0.53544
1,6.9334e+05,-1.257,15.04,195,800,-1.2737,14.854,185.94,916.86,0.30892,0.1398,0.032896,0.27388,0.13316,0.02816,0.25115,0.12539,0.024576,254,253,252,208,205,200,177,178,181,133,135,139,55,56,58,125,126,127,0.537,0.54167,0.53989
1,6.9344e+05,-1.257,14.96,195,800,-1.2801,14.787,185.72,954.65,0.32155,0.12082,0.029312,0.27867,0.11279,0.023424,0.25258,0.10677,0.020096,250,250,250,199,200,199,172,174,178,126,128,131,55,53,52,119,118,118,0.53098,0.53752,0.53808
1,6.9354e+05,-1.257,14.88,195,800,-1.2737,14.695,185.15,813.12,0.3212,0.13695,0.033152,0.27596,0.13255,0.027904,0.25258,0.1271,0.024448,246,247,249,180,188,194,177,177,179,130,130,131,49,50,51,112,113,114,0.53428,0.53776,0.53857
1,6.9364e+05,-1.257,14.8,195,800,-1.2779,14.636,186.57,803.44,0.33984,0.12788,0.032704,0.29879,0.12434,0.027776,0.26481,0.11887,0.023744,252,250,249,178,182,188,184,182,181,142,140,138,48,50,51,105,105,106,0.53616,0.53553,0.53566
1,6.9374e+05,-1.257,14.72,195,800,-1.2684,14.544,186.62,732.66,0.31658,0.12358,0.028992,0.26679,0.1193,0.024128,0.24204,0.11416,0.020864,252,252,250,192,190,190,176,177,178,147,146,143,54,54,53,102,101,101,0.53048,0.53407,0.53415
1,6.9384e+05,-1.257,14.64,195,800,-1.2726,14.458,188.17,837.25,0.3456,0.12473,0.032,0.30351,0.11658,0.026432,0.26728,0.11324,0.022848,249,250,250,187,190,191,173,175,176,144,144,144,55,53,53,99,99,99,0.5475,0.539,0.53761
1,6.9394e+05,-1.257,14.56,195,800,-1.2748,14.385,185.86,985.21,0.30029,0.1227,0.027072,0.25118,0.11737,0.0224,0.22672,0.11,0.01888,247,246,246,197,194,192,175,174,175,141,141,143,49,50,52,98,96,94,0.54177,0.53864,0.53593
1,6.9404e+05,-1.257,14.48,195,800,-1.2896,14.325,186.2,732.43,0.25308,0.11979,0.021824,0.20921,0.11375,0.017984,0.18519,0.11123,0.015744,245,243,243,197,194,190,176,175,176,141,142,145,49,50,52,94,92,91,0.53022,0.52935,0.53387
1,6.9414e+05,-1.257,14.4,195,800,-1.2748,14.235,187.89,519.52,0.30396,0.12302,0.027456,0.25849,0.11926,0.023104,0.24009,0.11415,0.020416,238,239,241,178,181,186,180,177,175,150,149,149,54,53,54,79,82,84,0.53903,0.53769,0.53558
1,6.9424e+05,-1.257,14.32,195,800,-1.2822,14.152,187.91,835.52,0.31184,0.12136,0.028096,0.27089,0.11776,0.023104,0.24146,0.11263,0.018688,243,243,243,180,182,187,168,170,172,149,152,153,57,56,57,81,81,80,0.53464,0.53377,0.53502
1,6.9434e+05,-1.257,14.24,195,800,-1.2822,14.072,187.37,968.25,0.27517,0.12913,0.02688,0.24916,0.12179,0.02304,0.23468,0.11738,0.020736,247,246,244,195,191,190,166,169,172,150,152,153,58,57,57,78,78,78,0.53104,0.53388,0.53434
1,6.9444e+05,-1.257,14.16,195,800,-1.2652,13.967,186.79,975.47,0.33041,0.12444,0.031232,0.29336,0.11858,0.02624,0.26806,0.11387,0.02272,247,246,246,191,193,195,175,174,174,150,150,151,57,57,58,67,69,72,0.55782,0.53836,0.53561
1,6.9454e+05,-1.257,14.08,195,800,-1.2726,13.907,187.73,744.1,0.30637,0.12668,0.027392,0.24386,0.12221,0.022272,0.2202,0.11837,0.019776,245,245,247,186,192,197,173,174,175,146,147,149,57,58,58,66,68,70,0.54611,0.53845,0.53678
1,6.9464e+05,-1.257,14,195,800,-1.2907,13.841,185.22,683.93,0.2845,0.12769,0.026048,0.24402,0.12411,0.02208,0.21399,0.11986,0.01856,249,249,248,216,206,198,172,171,172,140,140,142,65,60,58,68,69,70,0.53383,0.53648,0.54004
1,6.9474e+05,-1.257,13.92,195,800,-1.2928,13.759,187.21,972.88,0.29181,0.13136,0.028224,0.25609,0.12767,0.024768,0.23601,0.12213,0.021824,251,249,248,206,198,194,166,168,170,131,133,135,57,59,58,75,75,75,0.5335,0.54068,0.54049
1,6.9484e+05,-1.257,13.84,195,800,-1.2864,13.691,185.1,753.79,0.30862,0.1245,0.027072,0.25835,0.11835,0.022528,0.23101,0.11341,0.019712,247,247,247,185,187,191,169,170,172,130,130,130,60,58,57,78,78,77,0.54198,0.5373,0.53737
1,6.9494e+05,-1.257,13.76,195,800,-1.2811,13.594,187.24,942.27,0.30123,0.11528,0.02464,0.21557,0.11518,0.019136,0.19109,0.1119,0.016448,247,246,245,190,189,188,183,181,178,121,122,123,52,53,54,81,82,82,0.55937,0.5427,0.53937
1,6.9504e+05,-1.257,13.68,195,800,-1.279,13.509,186.98,940.22,0.26351,0.1184,0.021248,0.22632,0.11331,0.018048,0.20026,0.10715,0.015616,246,245,245,195,192,190,182,182,180,118,118,119,48,50,52,83,83,83,0.52491,0.52885,0.5351
1,6.9514e+05,-1.257,13.6,195,800,-1.2822,13.447,184.5,719.65,0.31543,0.12589,0.029568,0.28167,0.11699,0.024896,0.25421,0.11355,0.021888,244,245,246,193,194,194,176,179,180,114,113,112,44,46,47,86,87,88,0.54646,0.53688,0.53613
1,6.9524e+05,-1.257,13.52,195,800,-1.2907,13.368,185.52,648.11,0.28589,0.12469,0.02656,0.25739,0.11457,0.022016,0.22697,0.11251,0.019072,252,251,249,198,197,196,180,179,178,103,104,106,39,40,43,95,95,95,0.55116,0.5373,0.53819
1,6.9534e+05,-1.257,13.44,195,800,-1.2663,13.274,184.93,713.51,0.27659,0.11816,0.024512,0.25446,0.11308,0.021568,0.22794,0.1076,0.018304,253,252,250,188,193,196,179,178,177,99,102,104,38,39,41,101,101,99,0.53645,0.53857,0.53811
1,6.9544e+05,-1.257,13.36,195,800,-1.2758,13.192,185.87,904.94,0.35335,0.12243,0.030016,0.27013,0.11655,0.023488,0.23074,0.11494,0.020224,250,250,250,183,190,198,174,175,176,106,106,107,38,39,40,104,103,100,0.5359,0.53684,0.53624
1,6.9554e+05,-1.257,13.28,195,800,-1.2896,13.136,186.67,834.32,0.32253,0.12856,0.03136,0.28875,0.12208,0.026688,0.26424,0.11701,0.023744,246,249,250,193,199,205,174,175,176,111,112,111,41,41,41,96,97,98,0.54091,0.53239,0.53766
1,6.9564e+05,-1.257,13.2,195,800,-1.279,13.059,185.24,784.35,0.28401,0.11866,0.024704,0.23801,0.11695,0.021056,0.21206,0.11327,0.018368,248,249,250,241,230,220,171,173,174,127,124,120,42,43,43,86,87,90,0.53466,0.53498,0.53858
1,6.9574e+05,-1.257,13.12,195,800,-1.2864,12.975,186.26,633.82,0.30689,0.11945,0.027008,0.26367,0.11331,0.022592,0.2382,0.11088,0.019776,249,250,250,223,223,219,171,173,174,127,126,124,45,48,51,85,87,89,0.54059,0.54366,0.53943
1,6.9584e+05,-1.257,13.04,195,800,-1.2758,12.883,184.7,922.39,0.2914,0.12102,0.026304,0.26167,0.11443,0.0224,0.23399,0.10958,0.019328,246,248,249,204,207,212,174,175,174,124,125,125,56,59,59,89,90,91,0.52546,0.53356,0.53388
1,6.9594e+05,-1.257,12.96,195,800,-1.2917,12.821,186.54,921.68,0.28429,0.11234,0.022592,0.23909,0.11076,0.018816,0.20238,0.10703,0.015936,240,244,247,200,201,205,169,171,172,127,127,126,112,92,73,99,96,93,0.52589,0.53843,0.53706
1,6.9604e+05,-1.257,12.88,195,800,-1.2758,12.717,187.57,931.94,0.29904,0.11661,0.02624,0.2615,0.11219,0.021696,0.23262,0.11053,0.018752,243,245,247,218,210,205,161,166,170,130,129,127,109,93,74,97,95,94,0.52496,0.53154,0.53427
1,6.9614e+05,-1.257,12.8,195,800,-1.2737,12.645,187.43,814.23,0.27388,0.11587,0.023104,0.23899,0.10821,0.019328,0.21875,0.10498,0.017088,252,251,249,208,212,211,164,166,169,135,132,128,58,62,63,91,93,94,0.53869,0.53925,0.53793
1,6.9624e+05,-1.257,12.72,195,800,-1.2758,12.569,187.01,727.83,0.2923,0.12049,0.025536,0.26018,0.11635,0.02176,0.23166,0.11123,0.01888,251,251,250,198,202,204,177,176,173,126,125,125,46,47,50,95,96,95,0.54352,0.53776,0.53619
1,6.9634e+05,-1.257,12.64,195,800,-1.2695,12.471,185.85,902.37,0.35892,0.11866,0.03072,0.31782,0.11459,0.02624,0.26863,0.11094,0.02112,250,250,250,196,199,201,182,178,174,117,121,123,45,46,48,96,96,95,0.52986,0.53511,0.53555
1,6.9644e+05,-1.257,12.56,195,800,-1.2769,12.406,187.24,1005.1,0.30603,0.10907,0.023296,0.25849,0.1059,0.019328,0.21026,0.098256,0.015424,249,249,249,196,196,195,174,175,174,121,121,123,48,48,48,91,90,90,0.54989,0.54121,0.53562
1,6.9654e+05,-1.257,12.48,195,800,-1.2779,12.347,185.4,546.2,0.30739,0.12416,0.027776,0.2696,0.11944,0.023808,0.24786,0.11316,0.021056,247,248,249,199,196,193,175,174,173,123,125,126,51,49,48,85,86,87,0.54238,0.53622,0.53566
1,6.9664e+05,-1.257,12.4,195,800,-1.2737,12.254,187.72,780.19,0.27071,0.12436,0.024832,0.24316,0.11887,0.021696,0.22217,0.11341,0.019008,242,246,249,194,194,193,169,172,172,131,131,132,47,48,48,83,84,85,0.53634,0.53851,0.53628
1,6.9674e+05,-1.257,12.32,195,800,-1.2737,12.167,186.85,814.59,0.23612,0.12701,0.022976,0.21742,0.11777,0.019712,0.19661,0.11563,0.017664,251,250,249,187,192,194,173,171,170,135,138,142,47,47,47,86,86,85,0.56059,0.53895,0.53591
1,6.9684e+05,-1.257,12.24,195,800,-1.2875,12.09,186.41,1388.2,0.31542,0.1258,0.028544,0.26398,0.12044,0.023488,0.22999,0.11561,0.019904,251,251,250,194,191,194,170,171,171,145,145,147,47,47,47,84,85,85,0.55773,0.53957,0.53628
1,6.9694e+05,-1.257,12.16,195,800,-1.2726,12.019,187.41,858.73,0.3108,0.13057,0.030336,0.2722,0.12617,0.026304,0.24749,0.12241,0.023168,247,248,249,184,191,197,178,176,172,162,162,163,48,48,49,84,85,85,0.53012,0.53888,0.53645
1,6.9704e+05,-1.257,12.08,195,800,-1.2928,11.957,186.54,611.52,0.26879,0.12318,0.024256,0.23626,0.11767,0.020928,0.21504,0.11477,0.018368,246,247,248,197,196,199,179,177,173,171,171,172,51,50,51,83,84,85,0.54107,0.54395,0.54056
1,6.9714e+05,-1.257,12,195,800,-1.2928,11.862,187.23,890.45,0.26339,0.12049,0.022528,0.22488,0.1155,0.019136,0.19693,0.11464,0.01696,248,248,247,206,207,209,173,172,172,190,189,188,56,56,57,84,84,84,0.54652,0.54536,0.54282
1,6.9724e+05,-1.257,11.92,195,800,-1.2822,11.777,187.12,1253.6,0.25852,0.12546,0.024832,0.2359,0.11936,0.021568,0.22228,0.11622,0.019712,249,248,248,215,215,215,168,170,171,197,196,198,63,62,63,87,86,85,0.54684,0.54512,0.54508
1,6.9734e+05,-1.257,11.84,195,800,-1.2663,11.681,188.13,1193,0.23001,0.12414,0.020288,0.19346,0.1181,0.017408,0.17522,0.11327,0.015232,249,249,249,204,213,216,171,171,170,196,198,200,64,65,66,86,87,88,0.55283,0.54826,0.54623
1,6.9744e+05,-1.257,11.76,195,800,-1.2854,11.612,185.31,1098.6,0.317,0.11727,0.027392,0.28012,0.11159,0.023232,0.25222,0.10559,0.019968,251,251,251,217,214,211,167,167,169,202,201,199,71,69,69,92,94,96,0.55445,0.54713,0.54827
1,6.9754e+05,-1.257,11.68,195,800,-1.2864,11.557,186.55,703.72,0.21841,0.11903,0.019264,0.19382,0.11395,0.016512,0.174,0.1062,0.014272,251,252,252,227,212,205,165,166,170,200,198,195,72,70,68,95,99,104,0.55676,0.55025,0.54904
1,6.9764e+05,-1.257,11.6,195,800,-1.2833,11.47,187.57,1118.1,0.3211,0.12022,0.028224,0.27706,0.11659,0.02336,0.24631,0.11024,0.020352,254,253,251,189,192,196,183,181,178,179,179,177,68,67,66,121,122,126,0.55766,0.55704,0.55044
1,6.9774e+05,-1.257,11.52,195,800,-1.2726,11.389,187.46,712.43,0.2805,0.12201,0.025664,0.2513,0.11381,0.021632,0.22011,0.11063,0.018624,248,249,249,177,184,190,183,186,184,145,148,150,63,63,65,152,163,171,0.55698,0.55163,0.54996
1,6.9784e+05,-1.257,11.44,195,800,-1.2917,11.316,187.27,1133,0.27042,0.12305,0.025344,0.24948,0.11786,0.021888,0.22426,0.11119,0.019008,247,248,248,183,187,190,182,183,183,133,135,140,61,63,67,191,194,196,0.56244,0.55772,0.553
1,6.9794e+05,-1.257,11.36,195,800,-1.2886,11.242,187.27,1033,0.28403,0.1283,0.027328,0.25294,0.12285,0.023552,0.2308,0.11773,0.02016,249,248,247,209,199,191,189,182,177,133,131,130,59,65,70,249,246,239,0.56378,0.55919,0.55709
1,6.9804e+05,-1.257,11.28,195,800,-1.2811,11.15,186.02,469.61,0.28314,0.12123,0.02368,0.22146,0.11502,0.01856,0.19044,0.11104,0.016256,248,248,248,210,201,192,180,178,176,137,132,129,58,64,69,255,254,250,0.56364,0.56082,0.56117
1,6.9814e+05,-1.257,11.2,195,800,-1.2589,11.054,188.3,778.08,0.25966,0.12558,0.025024,0.23751,0.11782,0.021568,0.22074,0.11206,0.019008,250,251,251,202,200,197,178,175,173,129,135,147,58,62,71,255,255,255,0.55353,0.56126,0.5639
1,6.9824e+05,-1.257,11.12,195,800,-1.2684,10.989,185.91,639.54,0.23338,0.12496,0.022016,0.21131,0.11788,0.018816,0.19611,0.11202,0.016576,253,251,250,206,200,191,169,169,169,203,199,193,88,98,114,255,255,255,0.58799,0.579,0.57655
1,6.9834e+05,-1.257,11.04,195,800,-1.2758,10.926,188.42,808.45,0.23982,0.12924,0.023808,0.22509,0.12137,0.0208,0.21382,0.11814,0.019328,248,248,248,196,189,186,163,165,167,249,233,217,141,145,143,255,255,255,0.59405,0.58289,0.57149
1,7.0141e+05,-1.164,11,195,800,-1.2069,10.935,-0.19632,1162,0,0,0,0,0,0,0,0,0,237,241,245,136,149,160,165,164,164,236,235,225,200,177,161,255,255,255,0.49608,0.51326,0.51875
1,7.0151e+05,-1.164,11.08,195,800,-1.1931,10.998,186.61,749.59,0.16964,0.12435,0.01632,0.15145,0.12041,0.0144,0.14233,0.11393,0.0128,252,250,248,194,187,181,175,173,170,190,186,183,86,96,108,255,255,255,0.5801,0.58047,0.5812
1,7.0161e+05,-1.164,11.16,195,800,-1.1814,11.07,188,679.93,0.22642,0.12718,0.021952,0.20116,0.12208,0.018944,0.18029,0.11626,0.016256,253,251,250,200,196,190,181,176,172,145,152,161,66,71,83,255,255,255,0.573,0.56594,0.5662
1,7.0171e+05,-1.164,11.24,195,800,-1.1952,11.145,186.05,588.7,0.27707,0.12826,0.025984,0.24392,0.11438,0.020416,0.19999,0.11118,0.016512,250,249,249,185,189,193,170,171,173,121,125,132,72,72,71,255,255,255,0.55651,0.56363,0.56269
1,7.0181e+05,-1.164,11.32,195,800,-1.1899,11.241,187.08,724.42,0.33398,0.13107,0.032512,0.29609,0.11942,0.026112,0.24871,0.1164,0.02144,248,247,248,184,188,193,164,168,173,124,126,130,90,84,75,255,255,252,0.53986,0.55669,0.56015
1,7.0191e+05,-1.164,11.4,195,800,-1.1835,11.295,187.03,1134.7,0.28793,0.13772,0.027776,0.21903,0.12623,0.020992,0.20401,0.12045,0.01888,245,247,248,196,195,194,172,173,176,130,134,139,99,87,76,248,236,223,0.55289,0.55414,0.55558
1,7.0201e+05,-1.164,11.48,195,800,-1.1793,11.374,186.59,885.43,0.26953,0.12972,0.02688,0.23241,0.12584,0.022592,0.21299,0.11835,0.019648,247,250,251,192,194,197,179,182,181,152,151,152,61,64,68,171,175,176,0.54849,0.54875,0.55253
1,7.0211e+05,-1.164,11.56,195,800,-1.1835,11.448,187.2,685.26,0.27001,0.12209,0.023808,0.23371,0.11619,0.019712,0.20852,0.11298,0.01728,251,252,252,200,196,198,183,181,179,159,160,162,56,60,64,153,150,151,0.54442,0.54682,0.55094
1,7.0221e+05,-1.164,11.64,195,800,-1.2058,11.548,188.08,1136.9,0.24343,0.12712,0.023296,0.22257,0.11967,0.02016,0.20265,0.1127,0.017536,255,254,254,209,210,207,163,167,171,182,182,181,65,64,65,119,118,117,0.56024,0.55258,0.55104
1,7.0231e+05,-1.164,11.72,195,800,-1.1899,11.605,187.07,965.53,0.27398,0.12568,0.022272,0.18072,0.12046,0.016896,0.16186,0.11503,0.014464,254,254,253,223,216,211,157,161,167,195,191,188,68,67,68,110,107,106,0.54183,0.54707,0.55001
1,7.0241e+05,-1.164,11.8,195,800,-1.1814,11.691,188.02,1014.9,0.31847,0.12281,0.027904,0.26712,0.11871,0.02336,0.23927,0.11185,0.019968,252,251,250,231,222,217,166,163,164,196,195,197,70,69,69,88,89,90,0.54972,0.54996,0.54987
1,7.0251e+05,-1.164,11.88,195,800,-1.1846,11.765,188.04,859.93,0.29657,0.12963,0.02816,0.26111,0.12101,0.023232,0.23739,0.1158,0.02016,238,243,247,233,218,211,164,163,165,199,196,197,63,64,65,82,82,83,0.54215,0.54616,0.54701
1,7.0261e+05,-1.164,11.96,195,800,-1.1846,11.837,187.12,724.34,0.3528,0.13555,0.029312,0.30867,0.12932,0.024832,0.28421,0.12431,0.02048,243,244,247,218,212,210,157,161,165,197,196,194,60,60,61,82,82,82,0.54222,0.54986,0.54734
1,7.0271e+05,-1.164,12.04,195,800,-1.1878,11.915,188.02,953.56,0.29377,0.1592,0.030528,0.27359,0.15026,0.026496,0.25264,0.14661,0.023744,254,251,247,212,211,208,168,168,168,186,182,181,52,52,53,85,84,83,0.54287,0.54056,0.54267
1,7.0281e+05,-1.164,12.12,195,800,-1.1761,11.982,188.09,1085.6,0.27647,0.17541,0.028864,0.24986,0.16977,0.025408,0.22418,0.10922,0.018944,253,251,248,217,212,207,179,172,168,172,172,171,49,49,50,89,86,84,0.53461,0.54054,0.54009
1,7.0291e+05,-1.164,12.2,195,800,-1.1878,12.076,186.55,638.7,0.34309,0.19957,0.03968,0.32818,0.12249,0.030016,0.30822,0.11447,0.026304,247,248,249,205,203,204,165,168,168,151,151,153,45,46,47,90,88,86,0.54903,0.53499,0.53383
1,7.0301e+05,-1.164,12.28,195,800,-1.175,12.162,186.75,577.28,0.31119,0.12337,0.028288,0.27441,0.12005,0.025024,0.25297,0.11293,0.021696,252,251,250,204,201,200,166,165,166,138,139,141,47,46,46,87,86,86,0.53845,0.53834,0.53733
1,7.0311e+05,-1.164,12.36,195,800,-1.192,12.225,186.49,1032.1,0.29619,0.12849,0.028672,0.26924,0.12248,0.02496,0.25039,0.11383,0.021696,250,251,251,202,199,196,163,166,168,136,137,137,46,46,46,84,85,85,0.55196,0.5374,0.5349
1,7.0321e+05,-1.164,12.44,195,800,-1.192,12.33,186.73,1169.5,0.33266,0.12928,0.032512,0.29737,0.12321,0.02816,0.27754,0.1133,0.023808,252,250,250,176,184,192,172,171,171,132,131,129,47,47,48,84,85,86,0.54508,0.53741,0.53898
1,7.0331e+05,-1.164,12.52,195,800,-1.1772,12.385,185.07,824.84,0.322,0.13104,0.030336,0.27915,0.12711,0.025536,0.25179,0.11793,0.021888,252,250,249,186,187,189,172,173,174,127,126,125,46,47,49,85,86,87,0.53447,0.53438,0.53648
1,7.0341e+05,-1.164,12.6,195,800,-1.1899,12.469,185.62,569.1,0.33396,0.11754,0.027392,0.27767,0.11332,0.022464,0.24049,0.11066,0.019456,244,246,249,190,191,191,178,179,178,118,119,120,48,50,51,93,92,91,0.54861,0.53686,0.53485
1,7.0351e+05,-1.164,12.68,195,800,-1.1888,12.549,186.23,753.11,0.32012,0.12438,0.029056,0.27764,0.11877,0.02432,0.25514,0.11074,0.021184,246,247,249,185,190,199,177,178,178,121,122,122,55,53,52,93,93,93,0.5228,0.53259,0.53458
1,7.0361e+05,-1.164,12.76,195,800,-1.1867,12.625,186.23,985.41,0.31657,0.1284,0.029952,0.26958,0.12368,0.025088,0.24399,0.11578,0.021696,249,248,248,196,199,204,173,175,176,122,124,125,53,53,53,94,93,93,0.53183,0.53173,0.53395
1,7.0371e+05,-1.164,12.84,195,800,-1.1909,12.709,185.7,829.26,0.32031,0.12774,0.029824,0.2721,0.12346,0.02496,0.24685,0.11965,0.02208,245,247,248,217,213,207,176,175,175,127,128,128,54,56,60,91,93,94,0.54358,0.53687,0.53602
1,7.0381e+05,-1.164,12.92,195,800,-1.1878,12.792,187.14,743.56,0.27836,0.12889,0.02752,0.25527,0.12014,0.023616,0.2326,0.11618,0.020736,248,247,248,207,205,205,179,177,175,132,129,127,55,59,62,94,95,94,0.52979,0.53385,0.53579
1,7.0391e+05,-1.164,13,195,800,-1.1984,12.878,185.52,733.61,0.26784,0.12793,0.025664,0.24251,0.11885,0.022144,0.22482,0.1151,0.019648,252,251,249,186,196,205,176,175,174,130,129,127,50,56,59,95,94,93,0.53024,0.5355,0.53579
1,7.0401e+05,-1.164,13.08,195,800,-1.192,12.949,185.3,849.04,0.2705,0.11985,0.023296,0.23087,0.11208,0.019136,0.20373,0.10749,0.016576,254,253,251,233,225,217,168,172,174,126,126,124,46,46,49,89,90,90,0.51808,0.53108,0.53467
1,7.0411e+05,-1.164,13.16,195,800,-1.1835,13.021,186.44,1055.5,0.27889,0.13291,0.027968,0.25257,0.12595,0.024192,0.23592,0.11813,0.021568,254,253,252,236,229,220,172,173,174,122,123,123,44,44,44,89,90,91,0.55402,0.5394,0.53641
1,7.0421e+05,-1.164,13.24,195,800,-1.1835,13.106,186.5,768.87,0.2967,0.12854,0.02816,0.26385,0.12302,0.024128,0.22862,0.11983,0.0208,254,252,250,194,204,210,179,178,177,114,115,116,39,41,42,96,96,96,0.53212,0.53549,0.53514
1,7.0431e+05,-1.164,13.32,195,800,-1.1878,13.18,187.71,631.07,0.31682,0.12391,0.029056,0.28225,0.11877,0.02496,0.26332,0.10995,0.02144,252,250,249,184,192,201,177,179,178,110,111,112,41,41,42,103,101,99,0.53382,0.53636,0.53475
1,7.0441e+05,-1.164,13.4,195,800,-1.2016,13.27,186.7,712.3,0.27378,0.13059,0.026688,0.24154,0.12335,0.022336,0.21871,0.1171,0.019328,246,248,249,197,193,195,178,180,179,104,105,107,43,43,42,105,104,100,0.55738,0.54052,0.53816
1,7.0451e+05,-1.164,13.48,195,800,-1.1761,13.332,186.97,1154.7,0.26223,0.13553,0.025216,0.22968,0.1274,0.02144,0.2009,0.12432,0.018688,250,250,249,202,202,200,183,181,179,104,106,108,41,42,43,92,92,93,0.54623,0.53915,0.5388
1,7.0461e+05,-1.164,13.56,195,800,-1.1952,13.43,185.77,933,0.28638,0.12378,0.026304,0.24998,0.11766,0.022208,0.23282,0.11053,0.019648,250,249,249,203,202,199,182,181,180,108,109,110,43,43,45,85,87,90,0.54932,0.54508,0.53983
1,7.0471e+05,-1.164,13.64,195,800,-1.1708,13.48,185.64,537.12,0.23218,0.11873,0.018816,0.18241,0.11693,0.015232,0.14919,0.11659,0.01376,245,246,247,191,193,195,183,181,178,114,115,117,49,49,49,87,86,85,0.51572,0.53305,0.53827
1,7.0481e+05,-1.164,13.72,195,800,-1.1973,13.598,186.77,974.66,0.24917,0.1263,0.023168,0.22088,0.11666,0.019648,0.20845,0.1123,0.01792,246,247,247,195,192,189,181,179,177,117,119,121,52,52,52,88,85,84,0.53714,0.53941,0.53806
1,7.0491e+05,-1.164,13.8,195,800,-1.1888,13.67,186.85,892.41,0.21614,0.13197,0.021824,0.19675,0.12076,0.018496,0.18506,0.1175,0.016832,246,247,247,187,186,188,165,169,172,126,128,130,57,57,57,81,82,81,0.53683,0.53265,0.53497
1,7.0501e+05,-1.164,13.88,195,800,-1.175,13.716,186.17,846.98,0.28712,0.13,0.027264,0.24761,0.12488,0.023232,0.23276,0.11762,0.020928,245,248,249,184,190,193,165,167,169,138,139,140,59,59,59,77,76,76,0.55702,0.54571,0.54102
1,7.0511e+05,-1.164,13.96,195,800,-1.1973,13.829,185.68,878,0.25432,0.12825,0.024896,0.22372,0.12217,0.020736,0.2058,0.11302,0.017792,250,250,250,195,196,194,168,169,169,145,146,144,57,59,59,72,73,73,0.54452,0.5372,0.5366
1,7.0521e+05,-1.164,14.04,195,800,-1.1899,13.893,186.26,735.56,0.30292,0.12147,0.027776,0.27455,0.11216,0.023424,0.25452,0.10907,0.020992,253,252,251,181,189,196,173,173,172,155,154,152,56,57,57,71,70,70,0.538,0.53354,0.53538
1,7.0531e+05,-1.164,14.12,195,800,-1.1835,13.976,186.51,690.49,0.22558,0.12397,0.022016,0.21144,0.11539,0.0192,0.19705,0.11072,0.01696,249,251,251,188,191,196,172,173,173,156,156,155,54,55,57,72,71,69,0.53358,0.534,0.53576
1,7.0541e+05,-1.164,14.2,195,800,-1.1856,14.055,185.44,929.64,0.26922,0.12062,0.023552,0.22455,0.11585,0.019584,0.20387,0.10756,0.016832,250,249,248,203,200,195,174,173,173,160,158,156,59,59,58,74,72,72,0.54209,0.53799,0.53447
1,7.0551e+05,-1.164,14.28,195,800,-1.1931,14.127,186.37,967.52,0.26708,0.12033,0.022464,0.22616,0.11414,0.018752,0.1993,0.11037,0.016448,242,244,244,188,190,193,166,170,174,160,157,154,60,60,59,77,76,75,0.53005,0.53302,0.53648
1,7.0561e+05,-1.164,14.36,195,800,-1.1888,14.218,187.97,990.01,0.34557,0.12738,0.027392,0.23164,0.12035,0.020288,0.20216,0.11427,0.01728,241,241,242,190,190,192,170,173,176,156,155,152,57,58,58,77,77,78,0.53286,0.53296,0.53541
1,7.0571e+05,-1.164,14.44,195,800,-1.1825,14.281,186.77,704.29,0.27147,0.12898,0.026368,0.25397,0.119,0.022656,0.23325,0.1163,0.020544,239,239,240,201,197,192,180,178,177,148,148,147,58,56,55,85,85,86,0.53576,0.53867,0.53634
1,7.0581e+05,-1.164,14.52,195,800,-1.1994,14.381,186.56,789.87,0.28909,0.12542,0.026304,0.2574,0.11761,0.022208,0.22064,0.11567,0.018816,239,240,241,200,196,192,173,174,175,146,145,146,55,55,54,94,92,90,0.54103,0.53864,0.5361
1,7.0591e+05,-1.164,14.6,195,800,-1.1856,14.463,186.31,951.67,0.2822,0.12821,0.026304,0.24622,0.12264,0.022208,0.19747,0.12098,0.018112,245,245,245,182,188,192,164,167,171,145,147,147,52,53,53,102,100,98,0.52552,0.53752,0.53749
1,7.0601e+05,-1.164,14.68,195,800,-1.1867,14.518,186.31,653.61,0.30611,0.12411,0.027456,0.26192,0.11808,0.022848,0.23405,0.11403,0.019776,252,251,248,197,195,191,177,176,176,155,151,146,51,51,52,102,103,103,0.53,0.53381,0.53539
1,7.0611e+05,-1.164,14.76,195,800,-1.1814,14.61,185.24,550.3,0.2917,0.12526,0.027136,0.23386,0.12181,0.021632,0.21316,0.1161,0.018944,252,250,248,199,195,189,187,184,181,150,147,144,50,50,52,105,105,106,0.54003,0.53747,0.53795
1,7.0621e+05,-1.164,14.84,195,800,-1.1549,14.672,185.66,1018.3,0.25453,0.13471,0.025536,0.22365,0.12972,0.02208,0.19902,0.12659,0.019328,244,247,248,183,182,184,192,189,184,132,134,136,47,49,51,113,112,112,0.54499,0.54106,0.53857
1,7.0631e+05,-1.164,14.92,195,800,-1.1772,14.752,184.86,620.43,0.33599,0.12277,0.02912,0.28237,0.11566,0.023872,0.24605,0.11271,0.020544,246,248,249,175,180,185,184,184,183,130,131,133,50,51,52,114,114,115,0.5418,0.53473,0.53596
1,7.0641e+05,-1.164,15,195,800,-1.1888,14.854,187.46,1008.4,0.24503,0.1229,0.021952,0.21077,0.11641,0.018496,0.19322,0.11388,0.016576,255,254,251,193,193,192,180,182,184,136,135,135,58,57,56,117,120,123,0.53063,0.53598,0.5381
1,7.0651e+05,-1.164,15.08,195,800,-1.1803,14.934,185.57,1033.7,0.23573,0.1279,0.023232,0.21894,0.12386,0.021056,0.21347,0.11475,0.019136,250,251,252,194,192,193,205,197,190,146,147,149,61,62,65,129,130,131,0.5481,0.54613,0.54094
1,7.0661e+05,-1.164,15.16,195,800,-1.1867,15.022,185.23,1090.8,0.22291,0.12466,0.020992,0.19821,0.11731,0.01792,0.17842,0.11502,0.016064,249,250,250,183,185,186,203,197,191,157,159,162,71,71,74,133,135,136,0.53012,0.53758,0.53948
1,7.0671e+05,-1.164,15.24,195,800,-1.1941,15.082,187.2,922.68,0.28967,0.11398,0.023872,0.25947,0.11042,0.020416,0.23616,0.10575,0.017856,241,242,244,166,165,169,176,180,184,197,198,197,105,101,100,142,143,144,0.53474,0.53848,0.54021
1,7.0681e+05,-1.164,15.32,195,800,-1.1846,15.153,185.61,792.15,0.28405,0.1247,0.027072,0.26409,0.11924,0.023808,0.24886,0.10985,0.02112,235,239,241,150,155,164,171,174,180,224,221,217,117,115,114,146,148,147,0.54516,0.54379,0.54458
1,7.0691e+05,-1.164,15.4,195,800,-1.1846,15.253,186.06,792.25,0.25635,0.12027,0.023232,0.23316,0.11393,0.019904,0.21364,0.10678,0.017408,243,242,240,155,164,173,179,180,180,254,250,245,142,142,139,149,149,145,0.5374,0.54549,0.54574
1,7.0701e+05,-1.164,15.48,195,800,-1.1793,15.323,185.46,988.03,0.26625,0.12807,0.025088,0.24937,0.11671,0.021312,0.23478,0.11373,0.0192,242,241,238,203,200,191,198,191,186,255,255,255,166,171,161,127,132,135,0.55166,0.5477,0.54976
1,7.0711e+05,-1.164,15.56,195,800,-1.1952,15.407,187.09,1191.1,0.2916,0.12523,0.025472,0.24499,0.12205,0.021632,0.22492,0.11823,0.018944,236,236,238,212,205,199,195,191,186,255,255,255,198,179,161,123,124,128,0.56391,0.55346,0.55096
1,7.0721e+05,-1.164,15.64,195,800,-1.2005,15.495,186.56,1120.9,0.2795,0.12907,0.027584,0.25766,0.11812,0.022976,0.23396,0.11476,0.020224,237,238,239,217,217,216,174,174,175,255,255,255,146,150,148,111,114,118,0.55831,0.5532,0.55326
1,7.0731e+05,-1.164,15.72,195,800,-1.1814,15.55,186.82,913.09,0.28278,0.12661,0.024832,0.22494,0.12322,0.020672,0.20122,0.11627,0.01792,248,245,242,242,234,224,162,165,170,255,255,255,120,128,136,108,112,116,0.55919,0.55993,0.5569
1,7.0741e+05,-1.164,15.8,195,800,-1.1803,15.632,185.63,769.07,0.2537,0.12577,0.02432,0.22941,0.1197,0.02112,0.21606,0.11189,0.018688,254,252,248,250,243,236,168,167,169,255,255,255,123,123,123,116,120,125,0.55596,0.56049,0.56166
1,7.0751e+05,-1.164,15.88,195,800,-1.1994,15.703,186.33,700.3,0.30815,0.1173,0.0272,0.29196,0.10919,0.023616,0.27168,0.1032,0.020416,255,252,249,212,218,220,177,176,173,255,255,255,132,128,127,170,171,168,0.5707,0.57059,0.57006
1,7.0761e+05,-1.164,15.96,195,800,-1.1952,15.794,186.59,1085.4,0.22571,0.11811,0.01984,0.20612,0.11444,0.017856,0.1944,0.10979,0.015936,250,250,249,208,204,208,175,174,175,255,255,255,129,131,130,235,210,192,0.5958,0.58489,0.57062
1,7.1068e+05,-1.071,16,195,800,-1.1008,15.792,0.64121,589.58,0,0,0,0,0,0,0,0,0,245,245,245,188,201,207,176,179,181,255,255,255,128,129,132,203,196,192,0.52429,0.53226,0.52999
1,7.1078e+05,-1.071,15.92,195,800,-1.1008,15.702,186.88,823.9,0.23459,0.12574,0.018752,0.22686,0.1179,0.015296,0.13092,0.11234,0.011584,247,246,245,253,240,229,179,179,177,255,255,255,123,119,121,145,150,156,0.58318,0.57669,0.57751
1,7.1088e+05,-1.071,15.84,195,800,-1.0955,15.63,187.91,948.9,0.19999,0.12052,0.018816,0.18247,0.11345,0.016256,0.16943,0.1086,0.014528,248,245,245,254,250,241,176,175,173,255,255,255,112,114,115,130,132,137,0.56262,0.56774,0.56596
1,7.1098e+05,-1.071,15.76,195,800,-1.1039,15.557,186.06,637.61,0.26681,0.13491,0.027456,0.2433,0.1278,0.024256,0.22072,0.12268,0.021248,241,244,243,252,245,235,162,164,170,255,255,255,105,106,112,118,115,115,0.56347,0.56303,0.56077
1,7.1108e+05,-1.071,15.68,195,800,-1.1167,15.504,185.95,820.42,0.35351,0.12541,0.033472,0.32579,0.11615,0.028544,0.3056,0.10791,0.02464,243,242,240,231,227,224,166,170,173,255,255,255,106,109,117,110,111,113,0.56179,0.55611,0.55411
1,7.1118e+05,-1.071,15.6,195,800,-1.1061,15.418,186.82,764.59,0.35463,0.12614,0.032,0.26501,0.12265,0.024768,0.23302,0.11793,0.021184,231,234,237,193,199,203,198,191,184,255,255,255,125,128,133,122,118,116,0.56294,0.55594,0.55358
1,7.1128e+05,-1.071,15.52,195,800,-1.0986,15.32,186.55,847.4,0.33303,0.1255,0.030656,0.28139,0.11739,0.024704,0.2624,0.10972,0.021696,240,239,237,204,197,186,187,191,189,255,255,254,141,144,142,127,130,129,0.5461,0.54909,0.54918
1,7.1138e+05,-1.071,15.44,195,800,-1.0955,15.242,186.94,699.07,0.33016,0.13049,0.033344,0.30828,0.12411,0.029376,0.29257,0.11743,0.026176,245,241,239,182,183,179,188,187,187,255,254,251,147,141,139,140,136,135,0.56016,0.55012,0.54836
1,7.1148e+05,-1.071,15.36,195,800,-1.0965,15.174,186.09,649.56,0.35452,0.13105,0.034304,0.31391,0.12256,0.028352,0.25837,0.12063,0.024192,239,239,241,154,157,164,178,181,185,243,238,231,126,124,123,147,144,142,0.54336,0.54016,0.54294
1,7.1158e+05,-1.071,15.28,195,800,-1.0965,15.087,187.96,745.18,0.29122,0.12908,0.0272,0.26345,0.12186,0.024192,0.24254,0.11411,0.0208,237,240,242,149,158,166,181,184,186,224,219,214,118,113,109,144,144,145,0.54136,0.54051,0.54029
1,7.1168e+05,-1.071,15.2,195,800,-1.0902,15.008,185.93,658.35,0.32938,0.13393,0.033088,0.29661,0.12951,0.029184,0.28409,0.12269,0.02624,250,248,247,199,190,182,202,196,191,171,173,175,76,80,84,146,146,146,0.5438,0.5387,0.53952
1,7.1178e+05,-1.071,15.12,195,800,-1.1103,14.941,186.2,862.37,0.32127,0.12475,0.028992,0.26735,0.1228,0.024704,0.25101,0.11187,0.021056,252,253,252,199,201,198,193,191,189,144,146,148,59,60,63,139,140,140,0.53475,0.53869,0.53882
1,7.1188e+05,-1.071,15.04,195,800,-1.1018,14.858,185.96,641.05,0.32472,0.1319,0.032256,0.29493,0.12505,0.02784,0.26194,0.12146,0.024384,254,254,252,200,200,198,185,185,186,141,140,141,55,57,58,133,132,134,0.54985,0.5393,0.53834
1,7.1198e+05,-1.071,14.96,195,800,-1.1071,14.782,187.33,890.71,0.29169,0.12469,0.02784,0.26154,0.11676,0.023232,0.2342,0.11262,0.020224,251,250,249,191,188,188,177,181,183,132,133,134,53,53,54,123,123,122,0.54065,0.54075,0.53924
1,7.1208e+05,-1.071,14.88,195,800,-1.0997,14.704,185.67,763.53,0.35174,0.12962,0.034048,0.30743,0.12439,0.028736,0.28317,0.11737,0.025088,246,247,248,172,178,185,188,186,184,131,132,133,52,53,54,120,120,120,0.53354,0.53844,0.53834
1,7.1218e+05,-1.071,14.8,195,800,-1.0912,14.631,186.17,800.58,0.31691,0.12616,0.0288,0.26203,0.12124,0.023744,0.2374,0.11581,0.021056,246,246,246,179,182,184,184,185,184,134,136,139,58,59,56,116,116,114,0.54682,0.53893,0.53879
1,7.1228e+05,-1.071,14.72,195,800,-1.1071,14.556,186.58,740.28,0.29003,0.12545,0.024,0.24337,0.12256,0.02016,0.20393,0.11887,0.017152,244,245,246,203,197,188,170,173,176,149,148,146,57,58,57,102,104,106,0.53199,0.53759,0.53903
1,7.1238e+05,-1.071,14.64,195,800,-1.1008,14.468,186.09,536.45,0.30877,0.12638,0.02976,0.29406,0.11883,0.02624,0.27709,0.10983,0.022912,242,245,246,196,193,188,168,169,172,151,150,148,54,55,57,96,99,102,0.52542,0.53241,0.53608
1,7.1248e+05,-1.071,14.56,195,800,-1.0986,14.383,187.47,747.53,0.38381,0.13248,0.038208,0.34877,0.12435,0.032512,0.3202,0.11634,0.028224,242,243,242,181,184,188,168,172,175,144,146,146,52,54,56,91,93,93,0.52029,0.5307,0.53537
1,7.1258e+05,-1.071,14.48,195,800,-1.1018,14.292,185.76,1005.7,0.24558,0.12636,0.023168,0.21134,0.11969,0.019008,0.18678,0.11402,0.016256,236,240,241,187,189,191,181,181,178,143,144,146,53,56,57,85,89,89,0.54032,0.5404,0.53786
1,7.1268e+05,-1.071,14.4,195,800,-1.1039,14.225,183.87,739.77,0.32613,0.12339,0.02976,0.29338,0.11753,0.02528,0.26515,0.11289,0.021696,237,238,240,200,201,198,187,187,182,148,148,148,57,58,58,77,80,82,0.53617,0.53437,0.53487
1,7.1278e+05,-1.071,14.32,195,800,-1.0955,14.148,186.06,555.76,0.30383,0.12734,0.027392,0.26583,0.1218,0.023808,0.23844,0.11184,0.019904,245,245,245,196,201,203,180,180,179,153,153,153,60,60,58,73,75,75,0.53411,0.53367,0.53511
1,7.1288e+05,-1.071,14.24,195,800,-1.0986,14.07,185.14,733.78,0.30169,0.12873,0.028736,0.26395,0.12129,0.024128,0.23779,0.11676,0.021376,250,250,248,205,205,203,183,180,177,154,156,156,61,61,58,69,71,73,0.53566,0.53468,0.53624
1,7.1298e+05,-1.071,14.16,195,800,-1.1029,13.985,187.56,1212.8,0.32388,0.12626,0.029248,0.27362,0.12135,0.024256,0.25233,0.11582,0.020928,255,254,253,202,202,200,172,175,176,164,161,158,55,56,56,66,68,70,0.53472,0.5352,0.53659
1,7.1308e+05,-1.071,14.08,195,800,-1.1199,13.939,186.28,819.99,0.32427,0.12837,0.02848,0.26197,0.12197,0.022912,0.22618,0.11438,0.0192,255,254,253,193,195,198,173,174,175,162,161,157,53,54,55,68,68,69,0.51809,0.5308,0.53475
1,7.1318e+05,-1.071,14,195,800,-1.1167,13.848,186.89,653.39,0.28082,0.1227,0.023616,0.25091,0.11407,0.020032,0.22693,0.10531,0.017024,254,253,252,195,196,195,170,171,171,156,154,152,55,55,56,68,70,71,0.52934,0.53352,0.53698
1,7.1328e+05,-1.071,13.92,195,800,-1.0891,13.752,187.16,762,0.26815,0.12997,0.025472,0.23201,0.12384,0.021952,0.21127,0.12116,0.019648,250,251,251,203,194,190,165,166,167,148,146,144,59,58,59,76,76,77,0.53367,0.53723,0.53651
1,7.1338e+05,-1.071,13.84,195,800,-1.1146,13.689,186.38,847.91,0.26586,0.1351,0.027072,0.23968,0.12357,0.022592,0.21469,0.12127,0.020288,251,250,250,184,185,188,169,168,168,144,143,141,58,59,60,82,80,80,0.53402,0.5294,0.5357
1,7.1348e+05,-1.071,13.76,195,800,-1.105,13.593,187.38,1184.3,0.34111,0.11508,0.027968,0.292,0.11217,0.022656,0.24864,0.10772,0.018752,248,248,248,178,180,184,173,173,172,140,137,133,61,61,62,83,85,86,0.56815,0.54729,0.54156
1,7.1358e+05,-1.071,13.68,195,800,-1.0923,13.511,186.86,1053.4,0.28156,0.12078,0.024768,0.24385,0.11589,0.021056,0.22162,0.11015,0.01824,245,246,248,181,184,189,175,175,175,133,131,128,60,61,60,86,86,87,0.52566,0.53483,0.53938
1,7.1368e+05,-1.071,13.6,195,800,-1.0912,13.436,185.78,746.77,0.27203,0.12199,0.024896,0.23211,0.1179,0.02112,0.21411,0.11469,0.019008,249,249,249,201,203,202,174,176,177,115,117,118,49,51,54,85,86,88,0.51542,0.53018,0.53771
1,7.1378e+05,-1.071,13.52,195,800,-1.0912,13.359,187.56,888.1,0.30381,0.12216,0.027712,0.26276,0.11844,0.02368,0.23603,0.11372,0.020672,253,251,249,220,212,204,175,177,176,111,111,111,48,46,46,88,89,91,0.54466,0.54218,0.53852
1,7.1388e+05,-1.071,13.44,195,800,-1.0997,13.301,185.77,1037.8,0.33384,0.128,0.032064,0.30046,0.12137,0.027712,0.27162,0.11668,0.024128,248,247,248,202,202,202,180,178,176,111,110,109,48,46,45,94,93,94,0.54679,0.53496,0.5368
1,7.1398e+05,-1.071,13.36,195,800,-1.1146,13.216,186.59,985.87,0.26704,0.12593,0.024512,0.23435,0.12003,0.020544,0.21358,0.11105,0.0176,241,244,248,190,196,199,182,178,176,110,110,110,46,44,43,101,100,97,0.54112,0.54134,0.53841
1,7.1408e+05,-1.071,13.28,195,800,-1.105,13.13,186.64,757.4,0.27573,0.11513,0.022208,0.21357,0.11084,0.017792,0.18728,0.10638,0.01536,247,248,249,208,205,202,181,178,176,113,112,112,44,42,42,101,99,97,0.53757,0.54014,0.53757
1,7.1418e+05,-1.071,13.2,195,800,-1.1061,13.054,185.7,689.15,0.2741,0.117,0.023872,0.24611,0.11196,0.020352,0.22755,0.10512,0.0176,254,253,252,222,215,211,181,179,176,116,116,117,40,41,42,95,95,94,0.53496,0.53588,0.53571
1,7.1428e+05,-1.071,13.12,195,800,-1.0859,12.955,187.66,1095.4,0.30518,0.13042,0.030592,0.27786,0.12337,0.026112,0.25329,0.11958,0.02336,249,250,251,210,211,207,174,173,173,123,121,121,46,46,45,90,90,91,0.53603,0.53625,0.53708
1,7.1438e+05,-1.071,13.04,195,800,-1.0838,12.868,185.91,694.83,0.34028,0.1251,0.030784,0.28722,0.12012,0.024896,0.24142,0.11727,0.021056,250,250,251,212,208,204,172,172,172,122,122,122,52,48,47,87,88,90,0.52704,0.539,0.53928
1,7.1448e+05,-1.071,12.96,195,800,-1.0944,12.807,186.01,955.26,0.33709,0.11874,0.027712,0.26443,0.11407,0.021504,0.2162,0.11142,0.017728,254,251,250,192,198,202,181,177,174,118,121,123,50,49,48,93,92,91,0.53026,0.53619,0.53677
1,7.1458e+05,-1.071,12.88,195,800,-1.0976,12.748,186.98,633.86,0.24978,0.13229,0.024832,0.21742,0.12741,0.021184,0.19746,0.12233,0.018688,251,251,250,195,202,205,181,179,176,121,122,123,46,47,47,96,93,92,0.53778,0.5376,0.53613
1,7.1468e+05,-1.071,12.8,195,800,-1.0997,12.644,187.59,716.3,0.32335,0.12566,0.02912,0.28085,0.1198,0.02432,0.25413,0.11506,0.020864,251,250,250,233,219,208,182,180,178,128,124,123,46,48,50,94,93,92,0.53485,0.53506,0.53538
1,7.1478e+05,-1.071,12.72,195,800,-1.0997,12.576,188.22,895.62,0.25783,0.12351,0.024192,0.24194,0.11686,0.021248,0.22299,0.11256,0.01856,252,251,250,202,202,201,182,181,179,122,121,121,56,55,54,93,91,91,0.54391,0.53736,0.53673
1,7.1488e+05,-1.071,12.64,195,800,-1.0997,12.48,186.7,993.55,0.23271,0.1201,0.020992,0.21198,0.11256,0.018176,0.19282,0.10761,0.015872,251,250,250,199,194,194,183,182,180,119,119,121,55,57,57,91,90,91,0.53462,0.53542,0.53622
1,7.1498e+05,-1.071,12.56,195,800,-1.105,12.416,187.4,1032.7,0.30333,0.14216,0.032512,0.274,0.13244,0.027712,0.2543,0.12693,0.024384,251,251,250,186,183,183,186,180,177,117,120,123,66,61,57,89,88,89,0.54447,0.54278,0.53873
1,7.1508e+05,-1.071,12.48,195,800,-1.1135,12.344,186.07,861.09,0.29011,0.11954,0.024704,0.22934,0.11697,0.019712,0.2072,0.10808,0.016896,252,252,251,171,177,185,179,176,174,123,124,126,60,58,55,86,87,88,0.52819,0.53755,0.5382
1,7.1518e+05,-1.071,12.4,195,800,-1.0997,12.259,186.81,557.72,0.23909,0.12272,0.022144,0.21162,0.11717,0.019072,0.19849,0.11292,0.01696,253,253,252,206,198,194,171,169,170,136,134,133,45,46,49,86,86,88,0.53335,0.53714,0.53782
1,7.1528e+05,-1.071,12.32,195,800,-1.1018,12.184,188,672.11,0.27927,0.13151,0.02784,0.25841,0.12341,0.024192,0.23496,0.11932,0.021696,255,253,251,216,214,210,165,165,166,143,141,140,46,45,46,90,89,88,0.54175,0.53603,0.53614
1,7.1538e+05,-1.071,12.24,195,800,-1.0806,12.09,187.82,1083.4,0.27,0.12112,0.024064,0.23867,0.11877,0.021184,0.21595,0.1118,0.018432,251,250,250,202,211,215,162,162,165,145,145,145,46,46,47,90,89,89,0.54521,0.53722,0.53756
1,7.1548e+05,-1.071,12.16,195,800,-1.0976,12.006,186.79,750.3,0.35211,0.12659,0.032448,0.32045,0.12179,0.027584,0.27027,0.11617,0.022912,241,245,247,216,217,215,159,162,166,162,159,158,48,48,49,83,85,86,0.54712,0.54111,0.53798
1,7.1558e+05,-1.071,12.08,195,800,-1.1135,11.949,186.45,703.17,0.31389,0.11822,0.026816,0.24889,0.11498,0.02144,0.21765,0.11298,0.018048,245,245,246,221,217,212,162,164,166,168,167,167,49,50,51,80,82,85,0.54398,0.5406,0.54169
1,7.1568e+05,-1.071,12,195,800,-1.1114,11.874,186.85,739.43,0.25252,0.13349,0.024896,0.23298,0.12521,0.022144,0.20641,0.12347,0.019392,243,244,245,198,200,205,164,167,168,191,190,187,55,58,60,78,80,82,0.54905,0.54447,0.54387
1,7.1578e+05,-1.071,11.92,195,800,-1.0912,11.767,186.76,672.11,0.28169,0.12672,0.025856,0.23433,0.11924,0.021248,0.21139,0.11662,0.018688,245,246,247,190,203,208,171,167,166,217,206,197,78,74,69,79,80,82,0.54539,0.55372,0.54857
1,7.1588e+05,-1.071,11.84,195,800,-1.0986,11.707,185.68,740.05,0.3022,0.12389,0.027328,0.25064,0.11556,0.021824,0.21608,0.11338,0.018624,254,250,249,209,214,213,162,166,165,201,202,197,83,78,72,78,81,85,0.53311,0.54499,0.54659
1,7.1598e+05,-1.071,11.76,195,800,-1.0944,11.608,186.63,1108.7,0.27355,0.12912,0.027136,0.2457,0.12222,0.023424,0.23307,0.11547,0.020736,254,253,253,218,215,214,163,165,165,191,191,188,74,73,72,97,97,97,0.54458,0.55184,0.55055
1,7.1608e+05,-1.071,11.68,195,800,-1.0774,11.526,186.26,900.96,0.29574,0.1237,0.025856,0.24706,0.11771,0.021056,0.21914,0.11435,0.018752,255,254,253,197,206,210,164,165,167,186,185,183,65,69,70,105,105,106,0.5499,0.54829,0.54794
1,7.1618e+05,-1.071,11.6,195,800,-1.0965,11.456,185.17,803.43,0.26568,0.13161,0.023616,0.23355,0.11819,0.019584,0.20013,0.11221,0.01696,255,254,252,202,202,206,178,176,174,171,169,168,64,66,69,124,129,134,0.54419,0.54922,0.55133
1,7.1628e+05,-1.071,11.52,195,800,-1.1008,11.381,185.26,832.21,0.25927,0.11184,0.02048,0.20952,0.11001,0.016704,0.18498,0.10288,0.014208,255,253,252,212,214,208,188,182,178,152,153,154,62,68,74,173,177,181,0.55887,0.55299,0.55238
1,7.1638e+05,-1.071,11.44,195,800,-1.0891,11.294,186.35,648.07,0.25677,0.12553,0.024256,0.23773,0.1192,0.021376,0.21245,0.11623,0.019008,255,253,251,218,212,205,180,179,177,150,151,149,69,75,79,201,208,206,0.54838,0.55579,0.55577
1,7.1648e+05,-1.071,11.36,195,800,-1.0965,11.204,186.29,880.31,0.28412,0.12939,0.026432,0.24213,0.12447,0.022208,0.21709,0.12109,0.019712,246,249,250,183,187,192,170,171,173,153,147,139,87,86,81,255,250,243,0.5616,0.55851,0.55731
1,7.1658e+05,-1.071,11.28,195,800,-1.0912,11.127,185.2,1259.6,0.26081,0.12545,0.024256,0.24714,0.11472,0.020864,0.22711,0.11151,0.018624,246,249,250,171,177,187,170,171,172,137,137,135,77,79,78,255,255,253,0.5663,0.56414,0.56269
1,7.1668e+05,-1.071,11.2,195,800,-1.0923,11.065,185.13,1257.2,0.30652,0.12262,0.027008,0.25848,0.11726,0.022208,0.2309,0.11159,0.019264,248,251,251,185,188,189,171,173,172,122,128,137,61,64,72,255,255,255,0.56557,0.56367,0.56477
1,7.1678e+05,-1.071,11.12,195,800,-1.1082,10.993,186,983.07,0.27175,0.12772,0.025792,0.24783,0.12239,0.022464,0.22341,0.11783,0.01984,252,251,250,194,186,177,167,169,171,158,164,170,83,93,106,255,255,255,0.57777,0.57306,0.57462
1,7.1688e+05,-1.071,11.04,195,800,-1.1071,10.934,186.42,518.56,0.32801,0.13065,0.032448,0.30568,0.1239,0.028672,0.27912,0.11634,0.024896,249,250,250,159,163,166,163,166,169,194,194,191,128,132,130,255,255,255,0.58683,0.57874,0.56802
1,7.1995e+05,-0.978,11,195,800,-1.018,10.932,0.48893,1040.2,0,0,0,0,0,0,0,0,0,253,252,250,131,143,152,170,170,171,219,210,204,168,158,155,255,255,255,0.50736,0.51132,0.51502
1,7.2005e+05,-0.978,11.08,195,800,-1.0106,10.988,186.98,848.75,0.31391,0.11726,0.02336,0.28116,0.11042,0.020096,0.25883,0.104,0.0176,254,253,251,205,190,178,164,168,172,154,158,166,84,92,106,255,255,255,0.59883,0.58448,0.58428
1,7.2015e+05,-0.978,11.16,195,800,-1.0212,11.079,186.25,844.48,0.22201,0.13331,0.02336,0.20962,0.12559,0.02048,0.19451,0.11966,0.01824,253,252,252,207,200,187,166,170,172,133,136,146,65,71,82,255,255,255,0.56753,0.57121,0.57197
1,7.2025e+05,-0.978,11.24,195,800,-1.0106,11.147,186.32,1077.2,0.31896,0.13364,0.0304,0.26416,0.12713,0.025216,0.23145,0.1236,0.021696,252,251,251,182,182,188,177,175,173,125,129,134,61,65,70,255,255,255,0.57216,0.56352,0.56294
1,7.2035e+05,-0.978,11.32,195,800,-1.0169,11.231,186.6,1108.8,0.31651,0.12215,0.025472,0.22446,0.11944,0.01984,0.1912,0.11503,0.01664,251,251,251,177,180,189,178,175,173,147,141,137,67,71,75,255,255,252,0.55671,0.55677,0.55895
1,7.2045e+05,-0.978,11.4,195,800,-1.0148,11.311,185.75,991.25,0.31694,0.12002,0.027008,0.26781,0.11125,0.022336,0.24892,0.10655,0.01888,253,252,251,202,204,203,178,175,174,162,153,146,78,80,81,242,234,226,0.56052,0.55984,0.55699
1,7.2055e+05,-0.978,11.48,195,800,-0.99042,11.364,187.2,891.41,0.30612,0.11805,0.02624,0.26637,0.1097,0.021504,0.242,0.10533,0.01856,254,252,252,236,222,211,184,181,177,149,151,154,73,75,79,177,177,179,0.54513,0.54902,0.55278
1,7.2065e+05,-0.978,11.56,195,800,-1.0021,11.443,185.49,802.52,0.34305,0.12829,0.032768,0.32134,0.11854,0.027904,0.29803,0.11141,0.024064,253,252,252,224,214,208,184,180,177,163,159,158,75,74,76,151,150,153,0.55328,0.5522,0.55078
1,7.2075e+05,-0.978,11.64,195,800,-1.0032,11.533,186.56,766.12,0.32529,0.11841,0.027328,0.2833,0.10849,0.021824,0.24637,0.10522,0.01792,253,252,252,196,201,204,171,172,172,185,177,172,70,72,72,107,112,117,0.54778,0.55075,0.55076
1,7.2085e+05,-0.978,11.72,195,800,-1.0053,11.604,186.76,707.96,0.32394,0.13391,0.03232,0.29775,0.12584,0.028352,0.28019,0.1181,0.024768,252,252,252,220,208,206,171,169,169,191,182,180,73,71,73,105,103,105,0.53591,0.54682,0.55005
1,7.2095e+05,-0.978,11.8,195,800,-1.0212,11.7,186.19,1176.2,0.25665,0.12646,0.02464,0.21783,0.12041,0.02016,0.19768,0.1146,0.017472,255,254,250,224,217,211,173,166,165,203,193,191,75,75,74,87,88,90,0.54735,0.54847,0.54934
1,7.2105e+05,-0.978,11.88,195,800,-0.9936,11.751,185.5,773.74,0.30033,0.13995,0.029504,0.25952,0.1356,0.025536,0.23726,0.1281,0.0224,253,249,247,206,200,203,171,167,166,222,205,195,80,76,71,80,81,82,0.56668,0.55083,0.54743
1,7.2115e+05,-0.978,11.96,195,800,-0.99891,11.829,187.29,470.99,0.29877,0.12757,0.0272,0.25931,0.12109,0.02304,0.23428,0.11463,0.019904,244,244,245,194,193,200,178,171,168,208,200,191,70,68,66,85,82,82,0.53253,0.54303,0.54663
1,7.2125e+05,-0.978,12.04,195,800,-1.0095,11.924,185.67,448.3,0.25359,0.13177,0.025472,0.23445,0.12216,0.02208,0.21822,0.12015,0.020224,241,242,244,208,205,204,173,171,168,170,172,175,51,53,56,82,82,83,0.54918,0.54304,0.54244
1,7.2135e+05,-0.978,12.12,195,800,-1.0244,12.011,187.5,978.22,0.33352,0.13037,0.033152,0.30491,0.11866,0.028032,0.2791,0.11528,0.024768,242,243,245,214,214,212,168,167,168,160,162,165,52,52,52,82,83,84,0.53599,0.53763,0.53785
1,7.2145e+05,-0.978,12.2,195,800,-1.0116,12.071,186.69,550.64,0.33466,0.12942,0.02912,0.30088,0.126,0.024896,0.24851,0.11861,0.020736,249,248,249,227,223,219,161,163,166,148,148,151,50,49,48,90,89,88,0.53004,0.53922,0.53691
1,7.2155e+05,-0.978,12.28,195,800,-1.0106,12.166,187.2,677.06,0.31087,0.13059,0.029696,0.29346,0.12386,0.026112,0.28176,0.11534,0.022912,253,253,252,213,216,213,169,168,167,139,139,140,48,46,46,95,92,90,0.53505,0.53502,0.53531
1,7.2165e+05,-0.978,12.36,195,800,-0.9936,12.233,187.81,766.05,0.30237,0.1251,0.028544,0.26847,0.11791,0.024,0.25045,0.11022,0.020608,253,252,253,218,209,203,172,170,168,133,135,136,46,46,46,90,90,90,0.54264,0.54092,0.54054
1,7.2175e+05,-0.978,12.44,195,800,-1.018,12.323,186.82,678.48,0.27768,0.12397,0.0256,0.25575,0.11411,0.02176,0.23005,0.11053,0.019008,250,251,252,177,183,189,171,172,172,129,129,130,51,54,53,89,89,89,0.53633,0.53455,0.53774
1,7.2185e+05,-0.978,12.52,195,800,-1.0074,12.394,187.5,944.99,0.31048,0.12869,0.030208,0.28152,0.12123,0.026112,0.24893,0.11629,0.022272,251,251,251,171,177,184,178,176,173,125,126,127,70,63,56,90,90,90,0.52584,0.53206,0.53829
1,7.2195e+05,-0.978,12.6,195,800,-1.0053,12.464,188.62,1033.5,0.3052,0.14114,0.028288,0.23269,0.12398,0.020288,0.19381,0.12179,0.017536,252,252,251,188,188,188,182,180,176,119,122,123,65,64,59,89,90,91,0.54797,0.53801,0.53807
1,7.2205e+05,-0.978,12.68,195,800,-0.99891,12.543,187.24,678.01,0.27742,0.12954,0.027008,0.25686,0.12034,0.02368,0.23999,0.1163,0.02112,254,253,252,201,203,202,185,182,178,121,122,122,57,55,53,89,90,91,0.54008,0.5403,0.53883
1,7.2215e+05,-0.978,12.76,195,800,-0.99679,12.616,187.03,705.52,0.32033,0.12921,0.03168,0.29,0.12285,0.027264,0.26608,0.11716,0.02368,253,253,252,219,214,207,184,182,178,122,123,122,53,51,50,91,91,92,0.5363,0.53813,0.53599
1,7.2225e+05,-0.978,12.84,195,800,-1.0042,12.714,186.21,818.87,0.30272,0.12525,0.026944,0.26277,0.12078,0.022464,0.23936,0.11351,0.019264,250,251,251,215,212,209,176,176,176,123,122,121,43,44,46,92,92,92,0.52953,0.53456,0.53507
1,7.2235e+05,-0.978,12.92,195,800,-1.0148,12.797,185.91,804.67,0.29569,0.13577,0.0304,0.27682,0.13036,0.027264,0.26224,0.12383,0.024448,249,250,251,194,202,206,173,173,173,120,121,121,44,44,45,92,91,91,0.53726,0.53937,0.53705
1,7.2245e+05,-0.978,13,195,800,-0.99466,12.854,187.2,644.41,0.32651,0.13096,0.031424,0.27522,0.12525,0.025728,0.23178,0.12279,0.02176,246,248,250,203,200,200,166,169,170,118,120,121,47,47,46,85,88,90,0.53877,0.53933,0.53838
1,7.2255e+05,-0.978,13.08,195,800,-0.9936,12.939,186.94,783.79,0.30639,0.13183,0.030144,0.28398,0.12517,0.026112,0.26579,0.11958,0.023616,248,248,250,194,198,202,170,172,172,120,120,120,46,46,45,88,90,91,0.54159,0.53637,0.53584
1,7.2265e+05,-0.978,13.16,195,800,-1.0074,13.021,186.5,856.34,0.35078,0.14376,0.034048,0.31399,0.14015,0.029056,0.30453,0.12953,0.025472,249,250,251,192,201,206,175,176,174,116,118,119,44,44,43,93,92,92,0.53999,0.53717,0.53652
1,7.2275e+05,-0.978,13.24,195,800,-1.0159,13.125,185.64,910.64,0.29543,0.13008,0.027904,0.24805,0.12777,0.023808,0.22708,0.12168,0.020672,255,252,250,232,218,206,173,176,176,115,114,114,39,40,42,93,94,96,0.54212,0.53693,0.53549
1,7.2285e+05,-0.978,13.32,195,800,-1.0148,13.194,186.58,970.85,0.29379,0.13055,0.028224,0.25747,0.12321,0.023424,0.23393,0.11603,0.020096,251,249,248,224,212,203,167,173,175,111,112,112,39,41,42,92,95,96,0.53661,0.53564,0.53522
1,7.2295e+05,-0.978,13.4,195,800,-1.0265,13.278,187.13,1155.6,0.28967,0.12134,0.024,0.2368,0.11909,0.01984,0.19846,0.11563,0.01664,237,243,247,180,189,200,170,172,173,109,110,110,43,44,44,92,93,94,0.53497,0.5363,0.53575
1,7.2305e+05,-0.978,13.48,195,800,-0.99891,13.345,186.31,890.89,0.26655,0.12555,0.024704,0.23975,0.12129,0.021632,0.2137,0.11646,0.018752,253,251,249,226,215,205,175,174,174,111,112,112,46,47,48,87,89,91,0.54835,0.54222,0.53869
1,7.2315e+05,-0.978,13.56,195,800,-1.018,13.427,185.31,1050.6,0.27388,0.12671,0.026176,0.24656,0.12017,0.0224,0.23145,0.11093,0.019648,254,252,249,229,218,206,175,174,174,113,114,115,49,50,51,87,88,89,0.53013,0.53797,0.53687
1,7.2325e+05,-0.978,13.64,195,800,-0.99997,13.492,185.65,773.05,0.24581,0.12895,0.023744,0.22411,0.11927,0.020224,0.19928,0.11654,0.01792,242,246,249,190,194,197,173,174,175,128,127,125,65,64,60,89,89,88,0.53708,0.54015,0.53883
1,7.2335e+05,-0.978,13.72,195,800,-1.0222,13.588,185.62,731.55,0.30095,0.13173,0.029952,0.27437,0.12377,0.0256,0.2489,0.12082,0.022336,244,246,249,185,185,188,173,174,174,141,136,131,72,69,64,89,89,88,0.53,0.53782,0.53859
1,7.2345e+05,-0.978,13.8,195,800,-1.0127,13.665,185.08,1066.4,0.27274,0.1304,0.026496,0.25393,0.12482,0.023424,0.23559,0.11715,0.020928,250,251,250,172,179,185,171,170,169,147,144,139,60,64,65,84,85,85,0.55227,0.53654,0.53688
1,7.2355e+05,-0.978,13.88,195,800,-0.99785,13.736,185.86,1192.4,0.27218,0.13525,0.02752,0.24651,0.12798,0.024,0.22401,0.1238,0.021184,251,252,252,200,195,190,159,164,167,144,144,144,60,60,60,75,77,79,0.5248,0.5354,0.53545
1,7.2365e+05,-0.978,13.96,195,800,-0.99785,13.81,185.95,756.81,0.291,0.12369,0.026688,0.2603,0.12055,0.023168,0.23896,0.11516,0.020096,252,252,252,205,200,194,164,167,169,146,147,147,57,58,59,71,73,75,0.52456,0.52802,0.53289
1,7.2375e+05,-0.978,14.04,195,800,-1.0116,13.891,185.96,790.91,0.28311,0.126,0.027008,0.26322,0.11736,0.023552,0.23941,0.11079,0.02048,254,254,253,194,196,198,177,175,173,153,155,154,55,55,55,68,68,69,0.53939,0.5349,0.53335
1,7.2385e+05,-0.978,14.12,195,800,-0.99679,13.962,185.49,739.55,0.23509,0.12369,0.02176,0.20651,0.11894,0.018752,0.18815,0.11757,0.016512,254,254,253,193,197,200,174,175,175,160,158,156,53,54,55,66,67,68,0.53009,0.53652,0.53523
1,7.2395e+05,-0.978,14.2,195,800,-1.0106,14.071,185.44,818.94,0.26089,0.12129,0.023232,0.23545,0.11658,0.020416,0.21395,0.10881,0.017408,254,254,252,210,207,204,180,178,177,160,158,156,54,55,56,68,69,70,0.5271,0.53614,0.53664
1,7.2405e+05,-0.978,14.28,195,800,-1.0116,14.13,185.38,864.64,0.23142,0.12686,0.022912,0.2051,0.12359,0.019776,0.19348,0.11628,0.017472,248,246,245,205,206,204,183,182,180,155,153,151,56,56,56,79,77,75,0.53532,0.53317,0.53355
1,7.2415e+05,-0.978,14.36,195,800,-1.0032,14.209,185.93,1040.7,0.29454,0.12198,0.026496,0.25856,0.11534,0.022272,0.23593,0.11041,0.019392,238,239,241,206,205,202,180,183,183,153,150,148,54,55,57,81,79,79,0.52935,0.53539,0.537
1,7.2425e+05,-0.978,14.44,195,800,-1.0106,14.297,186.14,1107.8,0.22985,0.12433,0.021312,0.20746,0.11784,0.018432,0.1908,0.11156,0.016256,236,236,238,203,197,192,194,186,181,143,144,145,53,56,59,84,84,86,0.52723,0.53103,0.53429
1,7.2435e+05,-0.978,14.52,195,800,-0.99891,14.352,184.48,623.14,0.26572,0.13011,0.025408,0.23491,0.12248,0.021696,0.22072,0.11395,0.019072,244,241,240,184,187,187,184,181,178,145,144,144,54,58,59,88,88,89,0.53599,0.53852,0.53846
1,7.2445e+05,-0.978,14.6,195,800,-1.0053,14.449,186.98,977.43,0.25654,0.12087,0.02272,0.22327,0.11423,0.019136,0.20254,0.10833,0.016896,248,245,244,179,180,184,168,169,173,154,150,147,54,57,59,92,94,98,0.52864,0.53085,0.53458
1,7.2455e+05,-0.978,14.68,195,800,-1.0063,14.524,185.42,772.33,0.28153,0.12686,0.025792,0.24122,0.12402,0.022016,0.21701,0.11509,0.019008,243,243,245,194,189,184,176,175,177,153,149,145,62,60,58,105,107,107,0.52886,0.53508,0.53687
1,7.2465e+05,-0.978,14.76,195,800,-0.99891,14.596,186.94,1142.8,0.28531,0.12555,0.025088,0.21415,0.12024,0.019904,0.19839,0.11514,0.017664,244,244,245,189,185,183,178,179,181,145,144,142,73,64,57,120,115,111,0.54533,0.53721,0.53574
1,7.2475e+05,-0.978,14.84,195,800,-1.0085,14.704,186.6,986.73,0.30837,0.13034,0.02912,0.28195,0.12219,0.024448,0.25337,0.11567,0.021504,243,243,246,167,174,183,187,185,184,132,132,134,58,57,56,122,121,119,0.52505,0.53537,0.53617
1,7.2485e+05,-0.978,14.92,195,800,-1.0159,14.763,187.16,1050.7,0.29286,0.12638,0.027328,0.25907,0.12165,0.022976,0.23803,0.11413,0.020416,243,245,247,175,180,186,184,184,183,131,131,132,51,53,55,122,122,121,0.53847,0.53784,0.53738
1,7.2495e+05,-0.978,15,195,800,-1.0074,14.864,187.47,1287.6,0.25482,0.14539,0.02784,0.2296,0.13916,0.024192,0.21094,0.13269,0.021376,253,252,251,197,200,198,176,178,182,135,135,135,54,54,55,129,129,129,0.53976,0.53788,0.53727
1,7.2505e+05,-0.978,15.08,195,800,-1.0074,14.922,187.27,859.29,0.25552,0.11776,0.021696,0.21066,0.11493,0.018176,0.18622,0.1127,0.016192,253,253,252,209,206,201,181,183,186,142,144,146,59,60,64,144,147,145,0.54007,0.53683,0.53724
1,7.2515e+05,-0.978,15.16,195,800,-0.99997,15,187.39,805.28,0.26067,0.13039,0.025792,0.22635,0.12065,0.021376,0.20042,0.11685,0.018432,254,252,250,216,204,193,189,189,189,150,152,157,65,68,72,162,156,147,0.5426,0.53668,0.53781
1,7.2525e+05,-0.978,15.24,195,800,-0.98724,15.062,187.47,798.94,0.26309,0.12615,0.024576,0.23662,0.11705,0.020608,0.20591,0.11515,0.018112,242,245,245,175,175,175,201,195,189,186,188,191,100,98,96,141,147,149,0.53688,0.53812,0.53921
1,7.2535e+05,-0.978,15.32,195,800,-1.0286,15.194,187.09,982.71,0.23528,0.12892,0.023104,0.21073,0.12219,0.019776,0.19034,0.11833,0.017472,240,241,243,160,163,168,193,190,188,210,212,211,122,113,107,141,142,145,0.53893,0.54148,0.54102
1,7.2545e+05,-0.978,15.4,195,800,-1.0032,15.241,186.45,1179.6,0.26194,0.12878,0.02496,0.23968,0.11908,0.021376,0.21324,0.11679,0.018752,235,239,240,171,168,170,184,185,186,249,246,242,124,128,127,139,140,137,0.53972,0.54211,0.5445
1,7.2555e+05,-0.978,15.48,195,800,-0.99572,15.318,186.9,1063.5,0.20023,0.12601,0.019008,0.18048,0.11674,0.016128,0.16834,0.11207,0.014656,238,236,235,192,187,181,183,188,189,255,255,254,139,135,132,125,127,127,0.54425,0.54842,0.54945
1,7.2565e+05,-0.978,15.56,195,800,-0.99891,15.394,187.04,767.78,0.26158,0.1309,0.025152,0.24108,0.12392,0.022016,0.2218,0.12052,0.019776,234,233,235,199,189,186,190,189,188,255,255,255,128,128,130,121,120,121,0.54759,0.54875,0.55047
1,7.2575e+05,-0.978,15.64,195,800,-1.0297,15.493,186.76,808.53,0.2385,0.1311,0.023552,0.21283,0.12215,0.020224,0.19812,0.11781,0.017792,235,236,236,185,196,205,182,181,177,255,255,255,109,111,117,110,111,113,0.53672,0.55005,0.55193
1,7.2585e+05,-0.978,15.72,195,800,-1.0042,15.565,185.5,1091,0.22631,0.1593,0.025408,0.20459,0.14475,0.02112,0.18618,0.13098,0.018048,241,239,238,220,218,216,169,171,172,255,255,255,106,107,111,108,110,112,0.57064,0.55822,0.55709
1,7.2595e+05,-0.978,15.8,195,800,-1.0138,15.646,185.8,930.59,0.24973,0.12615,0.02368,0.23254,0.11865,0.021056,0.2163,0.11519,0.01888,236,239,241,255,251,241,165,167,170,255,255,255,100,104,111,113,116,120,0.56477,0.55978,0.56095
1,7.2605e+05,-0.978,15.88,195,800,-1.0021,15.712,185.64,690.86,0.28187,0.13115,0.027968,0.25661,0.12081,0.023872,0.23773,0.11832,0.021632,241,241,242,250,241,231,186,181,177,255,255,255,108,114,120,127,136,147,0.57401,0.56829,0.56999
1,7.2615e+05,-0.978,15.96,195,800,-0.99891,15.788,184.91,792.77,0.35494,0.12767,0.032832,0.31979,0.12251,0.027904,0.28676,0.11538,0.024064,242,242,243,228,222,220,184,184,180,255,255,255,119,125,127,150,158,163,0.58308,0.58426,0.57707
1,7.2922e+05,-0.885,16,195,800,-0.91509,15.795,0.52535,838,0,0,0,0,0,0,0,0,0,249,244,240,207,210,213,177,180,181,255,255,255,152,141,134,178,166,159,0.58662,0.57015,0.54651
1,7.2932e+05,-0.885,15.92,195,800,-0.90448,15.713,186.69,600.87,0.16799,0.12403,0.016448,0.1592,0.11698,0.014784,0.15172,0.11151,0.013312,230,233,235,226,224,224,179,178,174,255,255,255,117,119,122,125,127,132,0.56669,0.57459,0.57652
1,7.2942e+05,-0.885,15.84,195,800,-0.91615,15.625,185.93,1051.4,0.20189,0.12037,0.01888,0.18944,0.1113,0.01664,0.1778,0.10665,0.014848,232,231,233,239,232,227,172,169,168,255,255,255,120,115,114,119,116,118,0.57118,0.56532,0.56625
1,7.2952e+05,-0.885,15.76,195,800,-0.90766,15.554,186.15,652.21,0.25821,0.12695,0.025408,0.23356,0.11937,0.021696,0.2137,0.11547,0.019072,237,235,232,224,220,213,156,158,163,255,255,255,111,111,111,110,109,109,0.56256,0.56008,0.55828
1,7.2962e+05,-0.885,15.68,195,800,-0.91191,15.488,186.85,695.4,0.37336,0.12962,0.035904,0.34001,0.12001,0.029248,0.2901,0.11296,0.024256,238,235,231,205,199,197,167,165,166,255,255,255,112,110,111,114,109,108,0.56493,0.55848,0.55498
1,7.2972e+05,-0.885,15.6,195,800,-0.89917,15.404,187.88,650.52,0.30002,0.12741,0.028096,0.25414,0.12128,0.023168,0.22788,0.11687,0.019648,224,227,229,150,162,174,180,181,179,255,255,255,115,118,121,106,109,112,0.55102,0.55128,0.5533
1,7.2982e+05,-0.885,15.52,195,800,-0.9013,15.316,186.55,796.2,0.30993,0.11911,0.027776,0.27472,0.1097,0.022592,0.23937,0.10647,0.019136,230,230,231,181,174,172,190,189,187,255,254,253,132,130,127,123,121,121,0.52979,0.54515,0.54943
1,7.2992e+05,-0.885,15.44,195,800,-0.8875,15.229,186.82,1071.9,0.35198,0.12231,0.032448,0.31815,0.11543,0.027264,0.27373,0.11193,0.023616,240,236,234,178,178,175,199,191,189,253,251,247,122,126,127,128,128,128,0.55173,0.55063,0.54747
1,7.3002e+05,-0.885,15.36,195,800,-0.90024,15.175,185.9,965.04,0.32232,0.13237,0.031936,0.29487,0.12505,0.027904,0.26726,0.1211,0.024576,244,243,242,169,170,173,186,191,193,228,225,222,112,113,115,145,139,136,0.53784,0.54369,0.54261
1,7.3012e+05,-0.885,15.28,195,800,-0.92994,15.121,185.9,748.72,0.34473,0.11361,0.026816,0.29217,0.10973,0.02176,0.24614,0.10795,0.017792,248,246,245,159,167,175,195,193,192,203,203,204,104,107,106,139,140,142,0.53867,0.53752,0.53809
1,7.3022e+05,-0.885,15.2,195,800,-0.92994,15.057,186.01,690.95,0.29279,0.14904,0.033792,0.26828,0.14109,0.029312,0.25268,0.13272,0.026048,250,250,248,179,182,184,179,186,189,159,161,166,87,86,86,168,157,148,0.53106,0.53562,0.53744
1,7.3032e+05,-0.885,15.12,195,800,-0.9066,14.926,185.86,994.37,0.3387,0.12943,0.032128,0.26503,0.12302,0.02464,0.23811,0.11899,0.021568,251,251,250,202,202,198,178,179,181,137,139,142,61,63,67,153,150,144,0.54184,0.54382,0.53908
1,7.3042e+05,-0.885,15.04,195,800,-0.91827,14.865,187.17,1041.3,0.32893,0.11613,0.027008,0.25731,0.11441,0.02176,0.22398,0.11041,0.01856,254,252,250,212,205,200,178,178,179,135,134,136,58,59,62,135,137,138,0.53546,0.53752,0.53786
1,7.3052e+05,-0.885,14.96,195,800,-0.91509,14.769,185.67,1073.1,0.26609,0.12341,0.025024,0.24912,0.11151,0.020992,0.23245,0.10488,0.01824,251,250,249,211,201,193,179,179,180,127,129,131,57,57,58,124,124,124,0.54512,0.53776,0.5381
1,7.3062e+05,-0.885,14.88,195,800,-0.91297,14.712,185.65,899.74,0.30727,0.11805,0.026752,0.25978,0.1101,0.021632,0.22733,0.106,0.018368,245,246,247,201,191,187,181,182,181,126,129,131,54,56,58,118,119,121,0.5461,0.53533,0.53635
1,7.3072e+05,-0.885,14.8,195,800,-0.91085,14.626,186.13,728.25,0.32977,0.12633,0.031232,0.28519,0.12142,0.026752,0.2585,0.11633,0.023424,244,245,245,166,176,181,189,187,183,140,139,138,53,56,58,115,116,116,0.53598,0.53672,0.5376
1,7.3082e+05,-0.885,14.72,195,800,-0.90554,14.544,186.36,715.13,0.32195,0.11866,0.027264,0.25781,0.1162,0.022336,0.23772,0.11218,0.019392,248,246,245,180,179,177,182,182,181,146,146,144,54,56,58,114,112,110,0.54177,0.53817,0.5366
1,7.3092e+05,-0.885,14.64,195,800,-0.91721,14.476,187.22,1235,0.29474,0.12453,0.027456,0.26345,0.11578,0.023232,0.24235,0.11178,0.02048,244,244,244,174,176,176,175,178,178,141,145,145,53,58,59,107,107,106,0.54937,0.53897,0.53611
1,7.3102e+05,-0.885,14.56,195,800,-0.90872,14.395,185.89,913.18,0.32536,0.12433,0.02944,0.27111,0.12188,0.024768,0.24701,0.11684,0.02176,239,240,240,169,171,174,175,176,178,141,144,144,83,68,59,98,98,96,0.53633,0.53838,0.53636
1,7.3112e+05,-0.885,14.48,195,800,-0.93207,14.329,187.02,657.26,0.28344,0.11907,0.025536,0.25713,0.11278,0.022016,0.23621,0.10662,0.019328,235,237,238,175,175,177,173,177,179,139,143,144,73,65,58,94,93,92,0.54567,0.54018,0.53784
1,7.3122e+05,-0.885,14.4,195,800,-0.92888,14.238,186.35,667.68,0.32621,0.12118,0.028928,0.27414,0.11644,0.02368,0.25343,0.1117,0.020864,230,234,239,183,190,191,178,180,181,142,144,145,51,52,53,82,84,86,0.53116,0.53419,0.53627
1,7.3132e+05,-0.885,14.32,195,800,-0.91721,14.162,187.26,643.15,0.34672,0.12313,0.029632,0.29019,0.11418,0.023424,0.24666,0.11153,0.020032,249,247,245,211,207,202,179,178,179,148,149,149,50,50,50,79,80,79,0.53947,0.53778,0.53548
1,7.3142e+05,-0.885,14.24,195,800,-0.90872,14.068,186.59,676.89,0.29401,0.12391,0.0272,0.26168,0.11586,0.022912,0.2274,0.10981,0.019072,254,252,249,207,207,205,175,177,177,149,151,151,51,51,51,73,75,76,0.53489,0.53875,0.53617
1,7.3152e+05,-0.885,14.16,195,800,-0.91191,14,185.68,796.35,0.30108,0.12814,0.028544,0.25831,0.12257,0.024448,0.23857,0.11646,0.020992,251,251,251,200,202,205,175,177,177,148,151,152,51,52,53,66,68,70,0.52318,0.53103,0.53403
1,7.3162e+05,-0.885,14.08,195,800,-0.91615,13.914,185.62,990.76,0.26519,0.12348,0.023552,0.22771,0.11887,0.02016,0.20915,0.11395,0.017792,250,251,251,206,204,203,180,177,175,149,151,152,54,55,55,67,68,69,0.53067,0.53203,0.53145
1,7.3172e+05,-0.885,14,195,800,-0.91403,13.837,184.78,831.27,0.30073,0.13236,0.029568,0.26734,0.1256,0.025024,0.24195,0.11903,0.02208,252,251,250,201,200,199,172,172,170,147,147,147,61,59,58,72,72,73,0.52499,0.53451,0.53334
1,7.3182e+05,-0.885,13.92,195,800,-0.93631,13.774,187.85,655.64,0.37601,0.11643,0.030592,0.2876,0.11715,0.023424,0.24283,0.11332,0.019968,250,251,251,184,188,191,162,163,165,137,139,142,59,62,62,80,83,84,0.53485,0.53596,0.53511
1,7.3192e+05,-0.885,13.84,195,800,-0.92358,13.708,185.8,528.15,0.30382,0.13224,0.029376,0.2693,0.12864,0.025472,0.2406,0.11997,0.02208,252,252,251,186,186,188,159,162,164,135,138,140,72,67,65,94,92,89,0.52266,0.53152,0.53542
1,7.3202e+05,-0.885,13.76,195,800,-0.91933,13.598,186.48,771.31,0.2497,0.14278,0.026112,0.2149,0.13527,0.021888,0.19541,0.12853,0.019008,254,252,250,186,187,188,170,169,168,138,137,135,73,73,69,96,96,94,0.54703,0.54036,0.53785
1,7.3212e+05,-0.885,13.68,195,800,-0.91933,13.509,187.14,908.98,0.27709,0.13166,0.027968,0.26003,0.12456,0.025024,0.23862,0.12085,0.022528,249,249,250,189,190,192,174,173,171,133,132,131,77,72,67,92,93,93,0.53238,0.53393,0.53531
1,7.3222e+05,-0.885,13.6,195,800,-0.91403,13.444,185.15,727.28,0.31253,0.12294,0.028736,0.28004,0.11378,0.023936,0.2568,0.11051,0.0208,250,250,250,208,206,203,175,174,172,118,119,121,58,58,58,91,91,91,0.54575,0.5391,0.53657
1,7.3232e+05,-0.885,13.52,195,800,-0.91297,13.357,186.41,677.94,0.25478,0.12051,0.02336,0.2343,0.11647,0.02048,0.20993,0.11399,0.01792,252,251,249,211,208,202,166,168,169,111,112,114,45,46,48,93,92,91,0.51748,0.52979,0.53244
1,7.3242e+05,-0.885,13.44,195,800,-0.91085,13.268,187.15,701.66,0.30998,0.11808,0.02656,0.26513,0.11444,0.022592,0.24198,0.11052,0.019648,246,246,247,195,196,199,164,165,167,111,111,113,44,44,45,91,92,92,0.53311,0.53581,0.53719
1,7.3252e+05,-0.885,13.36,195,800,-0.92358,13.206,187.96,710.47,0.27916,0.12542,0.025344,0.2474,0.11628,0.021632,0.22201,0.11428,0.019136,245,244,246,188,195,202,166,167,168,110,112,114,42,41,42,93,92,92,0.54328,0.53826,0.53832
1,7.3262e+05,-0.885,13.28,195,800,-0.90024,13.11,186.54,1077.7,0.34613,0.12268,0.02976,0.29308,0.11666,0.023872,0.21644,0.11533,0.018752,248,248,247,212,209,204,176,172,170,113,114,116,41,41,41,95,93,93,0.53621,0.5374,0.53727
1,7.3272e+05,-0.885,13.2,195,800,-0.89387,13.032,187,959.07,0.29003,0.12342,0.026304,0.25207,0.1187,0.021952,0.21984,0.11175,0.018688,248,249,249,200,205,205,177,176,173,117,119,120,42,42,42,95,94,92,0.53548,0.5365,0.53608
1,7.3282e+05,-0.885,13.12,195,800,-0.90872,12.964,185.71,890.57,0.27476,0.1172,0.024,0.247,0.11167,0.020096,0.21409,0.10821,0.017408,250,249,249,181,186,195,167,168,170,123,123,122,44,44,44,92,91,90,0.52992,0.53583,0.53591
1,7.3292e+05,-0.885,13.04,195,800,-0.91297,12.896,187.58,847.06,0.26673,0.12011,0.023872,0.24535,0.11476,0.020736,0.22458,0.10709,0.017792,252,250,249,180,187,195,163,164,167,127,123,121,44,44,44,93,90,89,0.54423,0.53849,0.53643
1,7.3302e+05,-0.885,12.96,195,800,-0.92039,12.817,187.25,657.21,0.30481,0.11929,0.026176,0.26058,0.112,0.020928,0.23048,0.10703,0.017728,249,250,250,208,206,205,160,162,165,117,118,119,41,42,43,87,88,90,0.53855,0.53789,0.53815
1,7.3312e+05,-0.885,12.88,195,800,-0.931,12.744,187.76,876.59,0.33392,0.12175,0.029248,0.28968,0.1169,0.024768,0.25441,0.11306,0.021312,251,251,251,218,213,211,163,165,167,116,116,118,41,41,43,89,90,91,0.53961,0.53602,0.53661
1,7.3322e+05,-0.885,12.8,195,800,-0.90236,12.626,186.84,834.88,0.26148,0.11564,0.021952,0.22831,0.11233,0.018496,0.19882,0.11065,0.016192,254,254,253,205,213,215,175,174,172,118,118,118,43,45,46,94,93,93,0.53037,0.53493,0.53507
1,7.3332e+05,-0.885,12.72,195,800,-0.91403,12.563,187.54,850.33,0.276,0.11189,0.021696,0.24371,0.1093,0.018624,0.20034,0.10738,0.015744,255,254,254,202,202,204,172,171,171,122,121,121,54,52,50,93,93,93,0.53275,0.53476,0.53655
1,7.3342e+05,-0.885,12.64,195,800,-0.91297,12.477,186.85,1145.9,0.32151,0.12645,0.029632,0.28649,0.12207,0.025472,0.26001,0.11786,0.022528,253,253,253,188,193,197,163,166,170,126,124,123,54,54,54,94,93,93,0.54314,0.54316,0.53886
1,7.3352e+05,-0.885,12.56,195,800,-0.90872,12.41,186.08,830.56,0.29644,0.12537,0.026688,0.24504,0.11738,0.021824,0.21534,0.11192,0.018624,251,252,252,185,182,185,164,166,168,136,131,126,58,57,54,98,96,95,0.54045,0.5364,0.53671
1,7.3362e+05,-0.885,12.48,195,800,-0.93737,12.34,187.17,956.94,0.2933,0.12261,0.02624,0.24856,0.11649,0.02176,0.22223,0.1136,0.019136,253,252,252,181,182,186,169,168,168,134,131,128,55,55,53,97,97,95,0.54041,0.53953,0.53911
1,7.3372e+05,-0.885,12.4,195,800,-0.91827,12.232,186.57,776.67,0.34159,0.11618,0.027776,0.29861,0.10942,0.023168,0.25272,0.10653,0.0192,252,253,253,191,192,195,166,168,168,132,131,132,46,46,48,93,93,94,0.55028,0.54168,0.53949
1,7.3382e+05,-0.885,12.32,195,800,-0.91509,12.177,186.5,769.01,0.29995,0.12024,0.024768,0.25552,0.11159,0.02048,0.222,0.10708,0.017728,253,254,253,209,213,211,169,168,166,145,140,139,44,45,46,97,93,92,0.54671,0.54407,0.54091
1,7.3392e+05,-0.885,12.24,195,800,-0.91085,12.09,186.7,858.23,0.29638,0.12564,0.02624,0.24513,0.12374,0.022016,0.21071,0.11789,0.018752,255,253,252,242,225,215,170,168,166,144,145,143,44,46,47,92,92,90,0.53813,0.53546,0.53722
1,7.3402e+05,-0.885,12.16,195,800,-0.91509,12.03,186.31,778.94,0.3172,0.12492,0.029632,0.274,0.11679,0.024192,0.24453,0.11288,0.0208,249,249,248,224,221,213,166,168,167,153,155,156,54,52,51,85,86,86,0.54954,0.54366,0.53877
1,7.3412e+05,-0.885,12.08,195,800,-0.92252,11.941,187.08,1000.3,0.25574,0.11692,0.021824,0.22561,0.11097,0.017856,0.20717,0.10546,0.015936,246,245,245,205,207,207,171,171,170,162,163,164,54,54,54,85,85,84,0.54457,0.54529,0.54108
1,7.3422e+05,-0.885,12,195,800,-0.91933,11.86,185.98,1050.1,0.24407,0.11459,0.020352,0.22874,0.1095,0.018176,0.20806,0.10678,0.016192,241,242,244,184,187,193,179,176,173,180,180,181,58,61,63,86,84,83,0.55882,0.54754,0.54486
1,7.3432e+05,-0.885,11.92,195,800,-0.91721,11.781,186.87,992.67,0.27468,0.12887,0.026304,0.24527,0.12128,0.022848,0.22684,0.11471,0.01984,248,248,248,188,193,198,159,164,169,186,191,192,75,72,69,84,83,84,0.55,0.54675,0.54672
1,7.3442e+05,-0.885,11.84,195,800,-0.92358,11.712,185.94,646.71,0.31802,0.12713,0.029696,0.27232,0.12262,0.025088,0.24297,0.11673,0.021632,247,250,249,212,207,202,158,161,167,188,192,192,73,72,71,84,85,86,0.54554,0.54587,0.54759
1,7.3452e+05,-0.885,11.76,195,800,-0.92146,11.617,186.73,1122.3,0.30749,0.12326,0.028416,0.25809,0.12041,0.023616,0.22425,0.11444,0.020224,240,247,249,207,209,204,165,167,169,176,181,184,66,70,73,94,94,94,0.54122,0.54776,0.54899
1,7.3462e+05,-0.885,11.68,195,800,-0.91509,11.537,185.26,800.24,0.2878,0.11375,0.022464,0.24538,0.10566,0.01856,0.2154,0.10423,0.015936,246,247,249,197,195,198,179,172,172,171,173,178,81,75,73,100,100,103,0.55232,0.55138,0.5516
1,7.3472e+05,-0.885,11.6,195,800,-0.90236,11.45,186.06,1136.6,0.20823,0.12688,0.020224,0.18282,0.11938,0.016832,0.16488,0.11386,0.01504,251,251,251,182,189,199,172,176,177,159,162,164,82,81,79,124,127,130,0.55279,0.54946,0.54959
1,7.3482e+05,-0.885,11.52,195,800,-0.91933,11.394,186.2,790.38,0.29246,0.12828,0.026176,0.25617,0.11836,0.020992,0.20332,0.11505,0.017024,253,251,252,228,219,208,180,177,176,148,149,153,102,91,83,171,174,175,0.55565,0.5535,0.55263
1,7.3492e+05,-0.885,11.44,195,800,-0.91085,11.294,185.83,994.33,0.19197,0.12342,0.01792,0.17412,0.11709,0.015616,0.16695,0.11041,0.014208,250,251,251,226,222,210,169,172,174,143,146,150,100,94,82,204,202,199,0.5563,0.55655,0.55417
1,7.3502e+05,-0.885,11.36,195,800,-0.91191,11.211,186.37,874.24,0.30757,0.12511,0.027136,0.2502,0.12287,0.022912,0.22468,0.11608,0.01984,253,252,251,198,197,197,166,169,174,142,143,142,77,74,72,250,245,237,0.55517,0.55672,0.55627
1,7.3512e+05,-0.885,11.28,195,800,-0.92464,11.152,185.34,797.91,0.31226,0.11988,0.02656,0.25131,0.11464,0.021632,0.2212,0.11244,0.018496,255,253,252,184,188,191,178,176,175,136,137,138,59,63,66,255,253,248,0.54763,0.5605,0.55979
1,7.3522e+05,-0.885,11.2,195,800,-0.90554,11.063,186.16,1188,0.30031,0.12901,0.028352,0.26552,0.12224,0.024256,0.24122,0.11694,0.021376,251,252,252,199,197,190,179,179,177,125,128,135,61,62,67,255,255,255,0.56861,0.56931,0.56676
1,7.3532e+05,-0.885,11.12,195,800,-0.91615,10.998,186.66,844.28,0.26984,0.12037,0.022144,0.17856,0.1221,0.017152,0.16261,0.11995,0.015296,253,252,251,191,186,179,172,175,178,151,156,163,90,101,115,255,255,255,0.57686,0.57405,0.57495
1,7.3542e+05,-0.885,11.04,195,800,-0.90554,10.922,186.74,963.35,0.27877,0.13307,0.028416,0.25707,0.12674,0.02496,0.23383,0.12231,0.02208,252,251,250,157,165,171,178,180,180,187,186,182,145,148,145,255,255,255,0.58664,0.58547,0.57167
1,7.3849e+05,-0.792,11,195,800,-0.81748,10.916,-0.26253,611.31,0,0,0,0,0,0,0,0,0,240,240,243,181,179,179,206,198,190,221,210,203,255,225,197,254,252,248,0.50118,0.51093,0.51737
1,7.3859e+05,-0.792,11.08,195,800,-0.81642,10.982,185.54,539.38,0.17784,0.12124,0.01568,0.15178,0.11507,0.013632,0.13934,0.11166,0.012352,247,247,248,171,176,182,178,181,181,150,157,166,100,115,127,255,254,252,0.59121,0.58809,0.58629
1,7.3869e+05,-0.792,11.16,195,800,-0.82066,11.061,187.77,888.01,0.24216,0.1193,0.02144,0.20775,0.11128,0.01728,0.16955,0.10939,0.014528,252,252,250,177,180,183,175,176,179,130,137,147,74,77,90,255,255,253,0.56845,0.57077,0.57258
1,7.3879e+05,-0.792,11.24,195,800,-0.82915,11.158,186.11,796.41,0.26266,0.12529,0.024832,0.25226,0.1144,0.021824,0.24251,0.10925,0.019712,254,252,251,181,183,186,187,180,175,132,129,130,50,54,59,255,255,252,0.55652,0.56299,0.56393
1,7.3889e+05,-0.792,11.32,195,800,-0.81323,11.209,188.38,834.26,0.31418,0.13463,0.031616,0.28674,0.12824,0.027648,0.26994,0.12041,0.024,244,249,251,176,183,190,177,176,174,131,132,132,50,53,60,255,249,243,0.55187,0.55478,0.55679
1,7.3899e+05,-0.792,11.4,195,800,-0.80793,11.287,187.2,713.4,0.30625,0.13973,0.031488,0.25286,0.132,0.025344,0.21111,0.12958,0.021568,252,250,251,203,203,203,167,169,171,148,142,139,69,72,71,200,207,210,0.55583,0.5562,0.5558
1,7.3909e+05,-0.792,11.48,195,800,-0.81748,11.373,187.08,452.54,0.36692,0.12707,0.033216,0.32069,0.12292,0.027712,0.26292,0.11823,0.022848,254,253,252,207,207,205,174,175,173,152,150,149,79,79,77,165,164,165,0.55763,0.55394,0.55337
1,7.3919e+05,-0.792,11.56,195,800,-0.8196,11.448,187.23,709.06,0.37554,0.12269,0.032512,0.35211,0.11197,0.0272,0.33923,0.10664,0.023168,255,254,252,179,191,200,169,177,176,154,156,156,69,74,77,153,147,145,0.56112,0.55315,0.55123
1,7.3929e+05,-0.792,11.64,195,800,-0.82066,11.54,186.85,1080.5,0.34013,0.12274,0.030592,0.31138,0.11458,0.02624,0.28989,0.10708,0.022336,248,249,249,175,181,190,188,180,175,174,172,170,72,72,72,105,110,114,0.54724,0.54872,0.5503
1,7.3939e+05,-0.792,11.72,195,800,-0.82172,11.593,187.64,536.34,0.32979,0.13498,0.033664,0.31234,0.12282,0.029248,0.29773,0.11822,0.02688,242,246,248,192,188,194,166,174,172,177,178,178,67,72,73,92,98,102,0.54688,0.55306,0.55256
1,7.3949e+05,-0.792,11.8,195,800,-0.82915,11.685,187.78,897.36,0.32821,0.12625,0.030336,0.29598,0.11546,0.025856,0.2773,0.1102,0.022848,248,248,248,205,204,200,162,164,166,189,190,189,70,71,72,87,89,89,0.54912,0.5497,0.54865
1,7.3959e+05,-0.792,11.88,195,800,-0.81111,11.765,186.35,733.02,0.27354,0.12056,0.025472,0.25446,0.11555,0.0224,0.23686,0.11264,0.020544,250,249,248,181,191,197,178,173,170,194,192,192,70,71,70,80,82,83,0.5542,0.55043,0.54821
1,7.3969e+05,-0.792,11.96,195,800,-0.82278,11.842,187.26,567.6,0.29688,0.12419,0.027904,0.26454,0.11932,0.024064,0.23248,0.11285,0.020352,247,247,247,184,187,193,187,179,172,185,188,189,69,70,68,79,80,81,0.53174,0.54682,0.54687
1,7.3979e+05,-0.792,12.04,195,800,-0.81748,11.917,187.4,924.56,0.30654,0.13831,0.030144,0.27356,0.13132,0.025536,0.24919,0.12735,0.022592,242,244,245,196,197,194,169,172,172,177,177,177,62,61,60,79,80,81,0.54406,0.54301,0.54114
1,7.3989e+05,-0.792,12.12,195,800,-0.83976,12.006,187.07,981.79,0.36573,0.142,0.038784,0.33983,0.13697,0.034688,0.3217,0.12676,0.03008,244,246,247,199,199,199,162,166,170,168,168,168,55,55,56,80,82,83,0.5278,0.53088,0.53476
1,7.3999e+05,-0.792,12.2,195,800,-0.84294,12.082,187,931.09,0.34725,0.12077,0.026816,0.2312,0.11775,0.020416,0.19995,0.1152,0.017536,255,253,251,189,199,204,156,161,166,148,149,151,45,47,49,88,87,88,0.53168,0.53477,0.53785
1,7.4009e+05,-0.792,12.28,195,800,-0.82703,12.159,187.11,798.12,0.32415,0.13516,0.030592,0.29897,0.12711,0.026176,0.2624,0.12046,0.021248,254,254,253,200,202,204,162,162,165,135,137,138,44,45,46,91,92,93,0.54482,0.54084,0.5403
1,7.4019e+05,-0.792,12.36,195,800,-0.83764,12.257,187.46,817.27,0.26453,0.13389,0.026368,0.22894,0.12663,0.02208,0.20899,0.12378,0.019456,252,253,253,207,203,202,160,164,165,129,132,133,45,45,46,92,94,95,0.53775,0.54282,0.53962
1,7.4029e+05,-0.792,12.44,195,800,-0.81429,12.306,186.63,688.86,0.3417,0.13242,0.033792,0.31922,0.12392,0.029056,0.29617,0.11704,0.025408,255,254,252,202,200,197,169,166,165,122,125,127,44,45,47,102,100,98,0.54704,0.54157,0.53815
1,7.4039e+05,-0.792,12.52,195,800,-0.8249,12.394,186.08,542.25,0.28253,0.13933,0.027008,0.25022,0.12987,0.02208,0.21555,0.12618,0.018752,254,253,252,196,195,194,169,166,164,121,123,125,45,45,47,103,101,99,0.55291,0.54007,0.5384
1,7.4049e+05,-0.792,12.6,195,800,-0.83233,12.482,187.79,1048.5,0.29515,0.12849,0.028352,0.26055,0.12143,0.023808,0.23276,0.1135,0.019776,254,253,253,182,190,197,157,160,164,122,122,122,44,45,47,97,98,98,0.5352,0.5324,0.53703
1,7.4059e+05,-0.792,12.68,195,800,-0.84931,12.567,185.9,1227.3,0.26828,0.12503,0.023872,0.22905,0.11722,0.020096,0.20348,0.11517,0.017472,255,254,253,219,213,206,166,165,166,119,120,120,45,46,46,94,95,96,0.55213,0.53923,0.53789
1,7.4069e+05,-0.792,12.76,195,800,-0.83764,12.625,187.31,862.37,0.33272,0.12879,0.031552,0.22458,0.1257,0.02176,0.19859,0.11745,0.018176,254,254,254,230,222,212,171,169,167,122,120,119,44,44,45,94,96,96,0.52162,0.53182,0.53439
1,7.4079e+05,-0.792,12.84,195,800,-0.82809,12.717,185.86,915.85,0.29243,0.12292,0.026496,0.26692,0.11316,0.021952,0.24188,0.11092,0.019264,253,253,253,226,221,214,164,165,167,113,114,116,42,43,45,98,96,95,0.5358,0.53605,0.53631
1,7.4089e+05,-0.792,12.92,195,800,-0.81854,12.774,185.98,712.56,0.26833,0.12617,0.025984,0.25233,0.12074,0.02336,0.24108,0.11624,0.021312,252,253,252,222,218,211,162,163,166,111,112,116,44,45,46,94,93,93,0.54782,0.5424,0.53836
1,7.4099e+05,-0.792,13,195,800,-0.83021,12.862,186.22,559.49,0.27886,0.12489,0.026112,0.25748,0.11655,0.022784,0.23775,0.11149,0.020288,254,252,251,211,204,200,168,167,168,118,118,119,48,49,48,87,88,90,0.52268,0.53392,0.53663
1,7.4109e+05,-0.792,13.08,195,800,-0.85673,12.969,186.33,799.67,0.28595,0.12089,0.025856,0.24109,0.11602,0.021376,0.21728,0.11208,0.018688,246,248,250,189,190,195,175,174,173,124,124,123,42,44,47,87,88,90,0.54645,0.53439,0.53566
1,7.4119e+05,-0.792,13.16,195,800,-0.83127,13.025,185.45,694.76,0.38097,0.11943,0.030784,0.28579,0.11766,0.023872,0.24224,0.11127,0.019648,248,249,249,202,198,197,184,176,173,127,126,125,42,44,45,88,89,91,0.54259,0.53671,0.53624
1,7.4129e+05,-0.792,13.24,195,800,-0.83445,13.106,186.26,983.45,0.25457,0.12813,0.024384,0.21717,0.12414,0.020416,0.19154,0.11746,0.017472,251,249,249,226,212,201,168,171,172,131,127,123,42,42,43,94,93,93,0.53932,0.536,0.53532
1,7.4139e+05,-0.792,13.32,195,800,-0.83127,13.189,186.71,1119.1,0.28926,0.12669,0.026112,0.22652,0.1222,0.02048,0.1903,0.11907,0.017536,245,247,248,206,204,200,165,167,169,123,123,121,41,41,43,92,93,94,0.5551,0.53985,0.53863
1,7.4149e+05,-0.792,13.4,195,800,-0.82066,13.252,186.58,980,0.31089,0.1233,0.027776,0.28327,0.11527,0.023744,0.2552,0.10934,0.020096,245,246,249,191,193,195,166,165,166,118,116,117,44,43,44,92,93,95,0.53973,0.53352,0.53628
1,7.4159e+05,-0.792,13.48,195,800,-0.81642,13.345,185.38,740.49,0.28423,0.14225,0.028736,0.25616,0.13159,0.02464,0.23776,0.12361,0.021824,252,252,251,194,198,199,167,166,167,117,117,118,47,47,49,94,93,94,0.53201,0.5334,0.53456
1,7.4169e+05,-0.792,13.56,195,800,-0.82172,13.413,185.44,800.99,0.28562,0.12774,0.025792,0.22584,0.12406,0.020992,0.19039,0.12238,0.017856,254,253,251,199,200,201,169,168,167,122,120,119,51,51,53,92,92,93,0.52364,0.53494,0.53559
1,7.4179e+05,-0.792,13.64,195,800,-0.82703,13.5,185.61,973.71,0.28137,0.13341,0.028096,0.25178,0.125,0.023872,0.22911,0.12063,0.020928,250,250,250,198,197,197,172,169,167,122,123,124,61,62,66,89,91,93,0.53885,0.54151,0.53954
1,7.4189e+05,-0.792,13.72,195,800,-0.84612,13.605,187.2,841.64,0.26815,0.1236,0.024128,0.23683,0.11516,0.01984,0.20836,0.11174,0.01728,251,249,249,190,193,194,167,166,166,124,126,127,66,68,72,92,94,95,0.54761,0.53527,0.53347
1,7.4199e+05,-0.792,13.8,195,800,-0.82809,13.652,187.81,818.88,0.32537,0.12379,0.03072,0.31368,0.11304,0.02688,0.28974,0.1069,0.023424,249,249,249,195,189,187,162,161,163,135,133,133,68,72,74,110,104,96,0.53469,0.53656,0.53681
1,7.4209e+05,-0.792,13.88,195,800,-0.8249,13.733,187.27,1024.4,0.29854,0.13459,0.02848,0.268,0.12599,0.024512,0.24802,0.12042,0.02144,248,249,249,181,187,190,162,164,167,137,138,139,61,63,67,91,90,88,0.53095,0.53434,0.5383
1,7.4219e+05,-0.792,13.96,195,800,-0.82809,13.817,186.77,696.18,0.31876,0.12216,0.02624,0.25632,0.11249,0.021376,0.23232,0.10686,0.018304,246,247,249,192,192,194,168,169,169,144,143,143,59,60,62,77,79,81,0.54326,0.53816,0.53765
1,7.4229e+05,-0.792,14.04,195,800,-0.82596,13.88,187.63,794.5,0.29993,0.14943,0.03264,0.27748,0.14236,0.028544,0.2545,0.13573,0.025152,246,247,249,211,208,204,170,173,175,152,151,149,57,57,57,71,72,73,0.54609,0.53185,0.53336
1,7.4239e+05,-0.792,14.12,195,800,-0.82278,13.972,185.7,551.2,0.30157,0.12712,0.028224,0.25184,0.12363,0.023552,0.22379,0.12071,0.020352,248,248,249,212,210,207,174,175,175,152,151,150,57,55,55,70,72,74,0.53414,0.53132,0.53288
1,7.4249e+05,-0.792,14.2,195,800,-0.82703,14.053,186.68,586.53,0.24924,0.13445,0.024512,0.22944,0.12843,0.021568,0.21606,0.12047,0.0192,250,250,250,205,210,211,178,176,174,148,148,146,49,50,50,77,78,79,0.53289,0.53282,0.53388
1,7.4259e+05,-0.792,14.28,195,800,-0.83233,14.142,186.21,939.68,0.26475,0.14741,0.027136,0.24291,0.13965,0.023744,0.22867,0.13088,0.020992,247,247,245,208,205,202,169,172,175,142,142,142,46,46,48,88,86,85,0.54413,0.53871,0.53495
1,7.4269e+05,-0.792,14.36,195,800,-0.82703,14.203,187.38,887.3,0.31022,0.12815,0.029568,0.27438,0.12081,0.02496,0.24727,0.11506,0.021632,243,242,242,189,193,196,173,175,177,141,141,140,45,47,48,89,88,87,0.55378,0.54039,0.53729
1,7.4279e+05,-0.792,14.44,195,800,-0.83127,14.3,186.66,931.28,0.29812,0.1283,0.028672,0.27706,0.11813,0.024448,0.24802,0.11423,0.021312,235,236,238,169,174,180,190,184,180,142,141,139,48,50,52,91,92,92,0.53461,0.53555,0.53616
1,7.4289e+05,-0.792,14.52,195,800,-0.83445,14.387,185.12,748.05,0.29352,0.12521,0.027584,0.26614,0.11729,0.023104,0.23152,0.11518,0.019712,236,236,238,169,170,173,182,183,181,143,142,139,48,52,55,97,96,95,0.53997,0.53604,0.53611
1,7.4299e+05,-0.792,14.6,195,800,-0.82384,14.439,186.36,447.44,0.21054,0.14457,0.024064,0.19157,0.13799,0.020864,0.17847,0.13,0.018304,235,239,242,153,162,170,178,180,181,140,139,139,56,56,58,103,104,103,0.53145,0.53386,0.53683
1,7.4309e+05,-0.792,14.68,195,800,-0.83551,14.543,186.61,1080.9,0.34558,0.14047,0.036352,0.31545,0.12896,0.030272,0.28669,0.12597,0.0272,247,246,244,184,179,174,184,185,184,138,138,137,57,57,55,114,112,110,0.5241,0.52947,0.53543
1,7.4319e+05,-0.792,14.76,195,800,-0.82384,14.609,186.7,659.11,0.27839,0.13326,0.025536,0.23889,0.12453,0.02112,0.19541,0.1248,0.018432,246,247,245,193,186,178,183,186,184,139,137,135,53,54,54,114,113,113,0.53837,0.53744,0.53586
1,7.4329e+05,-0.792,14.84,195,800,-0.81642,14.683,187,679.77,0.25794,0.14162,0.028224,0.23871,0.1318,0.024192,0.21815,0.12559,0.021248,247,247,246,179,181,184,181,179,179,131,131,131,56,56,56,112,115,118,0.52744,0.53473,0.53672
1,7.4339e+05,-0.792,14.92,195,800,-0.82809,14.76,187.93,896.24,0.2781,0.12301,0.025344,0.24203,0.11954,0.021376,0.21063,0.11164,0.017792,247,247,247,175,182,189,174,174,176,129,129,130,69,62,57,117,119,121,0.5296,0.53341,0.53398
1,7.4349e+05,-0.792,15,195,800,-0.82066,14.845,185.77,779.99,0.29745,0.12376,0.027392,0.26915,0.11422,0.023296,0.25269,0.11192,0.021312,248,248,247,193,196,197,176,175,175,128,130,132,62,64,64,129,129,130,0.53797,0.53679,0.53714
1,7.4359e+05,-0.792,15.08,195,800,-0.844,14.939,186.44,633.68,0.25671,0.14206,0.027328,0.22451,0.13602,0.022592,0.19875,0.13072,0.019968,239,244,247,188,192,195,182,182,181,136,139,143,71,72,73,129,135,140,0.53852,0.53659,0.53583
1,7.4369e+05,-0.792,15.16,195,800,-0.82172,15.021,186.97,950.57,0.26179,0.12985,0.025984,0.2383,0.12655,0.02304,0.21939,0.11826,0.019648,241,245,247,182,186,189,185,186,185,146,149,154,78,81,82,132,139,142,0.54171,0.53993,0.53883
1,7.4379e+05,-0.792,15.24,195,800,-0.81748,15.081,187.79,704.89,0.28961,0.11924,0.025152,0.25273,0.11348,0.021056,0.2264,0.1112,0.017984,251,248,245,179,179,178,198,196,192,183,183,185,103,101,99,136,140,144,0.539,0.53576,0.53705
1,7.4389e+05,-0.792,15.32,195,800,-0.80793,15.165,186.59,815.31,0.26116,0.12116,0.022912,0.23755,0.11374,0.019712,0.21569,0.11102,0.0176,246,245,243,177,180,178,204,200,194,200,203,204,105,108,107,137,139,141,0.53369,0.53984,0.54014
1,7.4399e+05,-0.792,15.4,195,800,-0.82809,15.253,187.17,1062.3,0.28902,0.12574,0.026432,0.25722,0.11748,0.02272,0.2345,0.11472,0.020096,236,236,235,196,184,173,195,194,192,244,241,236,122,120,121,129,131,132,0.5371,0.54216,0.54318
1,7.4409e+05,-0.792,15.48,195,800,-0.8196,15.316,185.66,822.24,0.26722,0.11553,0.022912,0.2376,0.11122,0.01952,0.21454,0.10712,0.016704,224,225,225,160,162,163,185,186,186,255,255,253,143,135,127,115,117,120,0.54227,0.54833,0.54798
1,7.4419e+05,-0.792,15.56,195,800,-0.83339,15.409,185.64,802.56,0.29564,0.12455,0.027328,0.26149,0.12125,0.02368,0.23816,0.11101,0.019968,217,220,223,143,151,159,187,183,181,255,255,255,142,131,125,111,112,116,0.54848,0.55001,0.54917
1,7.4429e+05,-0.792,15.64,195,800,-0.83445,15.498,186.19,913.01,0.23903,0.11992,0.02112,0.21139,0.11017,0.017536,0.19301,0.10796,0.01568,224,222,222,155,161,169,167,167,167,255,255,255,106,112,116,108,110,111,0.555,0.55382,0.55221
1,7.4439e+05,-0.792,15.72,195,800,-0.84825,15.58,187.65,1077.5,0.249,0.13749,0.026752,0.22919,0.12957,0.022976,0.21479,0.12341,0.020544,227,225,223,178,180,183,151,155,160,255,255,255,107,111,114,106,108,110,0.55739,0.55353,0.55448
1,7.4449e+05,-0.792,15.8,195,800,-0.80581,15.612,186.2,965.08,0.25441,0.13205,0.025984,0.23427,0.12327,0.021888,0.20665,0.11914,0.019072,221,223,225,214,211,207,142,150,158,255,255,255,121,118,116,98,104,109,0.56528,0.56318,0.56168
1,7.4459e+05,-0.792,15.88,195,800,-0.81854,15.699,186.06,702.9,0.28708,0.12987,0.028352,0.26062,0.12355,0.024704,0.24188,0.11904,0.022208,223,227,228,202,212,216,181,174,168,255,255,255,115,119,124,117,117,125,0.55964,0.5677,0.56898
1,7.4469e+05,-0.792,15.96,195,800,-0.82172,15.789,185.37,655.61,0.31058,0.12646,0.02944,0.26782,0.12455,0.02528,0.24685,0.11917,0.022208,236,232,231,216,214,215,184,179,174,255,255,255,116,125,129,128,138,138,0.58282,0.58164,0.57251
1,7.4776e+05,-0.699,16,195,800,-0.73684,15.781,0.71073,587.03,0,0,0,0,0,0,0,0,0,227,229,230,212,214,214,178,175,172,255,255,255,142,140,138,160,147,141,0.56249,0.54637,0.53202
1,7.4786e+05,-0.699,15.92,195,800,-0.73472,15.708,187.59,725.32,0.28032,0.1164,0.019968,0.16531,0.11623,0.014464,0.14756,0.10862,0.012544,219,222,225,206,212,214,162,164,163,255,255,255,122,128,131,104,109,117,0.57941,0.57643,0.5766
1,7.4796e+05,-0.699,15.84,195,800,-0.73578,15.637,187.24,811.39,0.27238,0.12201,0.024,0.19734,0.12233,0.018368,0.18411,0.11284,0.016192,214,218,222,212,212,210,156,157,158,255,255,255,120,122,126,97,101,108,0.56822,0.56554,0.56559
1,7.4806e+05,-0.699,15.76,195,800,-0.72835,15.564,188.21,589.96,0.36791,0.13392,0.035904,0.34619,0.12278,0.030464,0.30623,0.11884,0.025984,218,218,219,192,191,190,151,152,155,255,255,255,113,117,121,113,112,110,0.55466,0.55566,0.55697
1,7.4816e+05,-0.699,15.68,195,800,-0.73896,15.502,186.43,784.74,0.33925,0.1322,0.031808,0.30994,0.12314,0.026816,0.24901,0.12048,0.022656,214,216,218,168,173,178,157,158,159,255,255,255,118,117,119,126,120,113,0.56303,0.55942,0.55456
1,7.4826e+05,-0.699,15.6,195,800,-0.74957,15.431,187.91,533.86,0.3012,0.13814,0.030848,0.26108,0.13228,0.026432,0.2304,0.12701,0.022656,211,214,218,160,155,156,173,173,172,255,255,255,112,117,123,117,117,117,0.56051,0.55651,0.55391
1,7.4836e+05,-0.699,15.52,195,800,-0.7326,15.346,186.25,509.48,0.40889,0.14147,0.041152,0.35972,0.13464,0.031744,0.24725,0.11823,0.021696,220,221,223,141,149,157,177,180,182,255,255,253,134,132,127,122,120,120,0.54775,0.5478,0.54891
1,7.4846e+05,-0.699,15.44,195,800,-0.7326,15.267,186.05,761.54,0.34086,0.13935,0.0352,0.27722,0.1341,0.028672,0.25565,0.12957,0.025536,223,225,227,149,154,161,181,184,185,255,252,248,142,132,126,134,129,126,0.54474,0.54548,0.54653
1,7.4856e+05,-0.699,15.36,195,800,-0.72411,15.16,185.5,778.28,0.30438,0.14755,0.030528,0.2652,0.13511,0.02496,0.23971,0.12505,0.021184,233,233,235,167,171,173,192,191,190,227,227,226,111,116,121,140,140,138,0.53757,0.5413,0.54192
1,7.4866e+05,-0.699,15.28,195,800,-0.71774,15.081,184.85,898.65,0.28794,0.12727,0.027456,0.26461,0.11951,0.023616,0.24832,0.11614,0.020736,237,238,239,175,176,179,191,192,190,209,209,210,118,115,114,143,143,140,0.54073,0.54108,0.5404
1,7.4876e+05,-0.699,15.2,195,800,-0.74851,15.034,185.96,526.5,0.27938,0.12544,0.026368,0.26103,0.11651,0.023104,0.24639,0.11012,0.020736,243,244,244,180,184,189,192,189,187,169,172,175,98,103,101,150,145,140,0.54071,0.54164,0.53775
1,7.4886e+05,-0.699,15.12,195,800,-0.73684,14.954,186.47,545.93,0.28699,0.12816,0.02752,0.26073,0.11941,0.023296,0.24254,0.11416,0.020736,245,245,246,199,199,199,182,182,181,147,147,149,83,78,78,141,138,136,0.54637,0.53616,0.53719
1,7.4896e+05,-0.699,15.04,195,800,-0.72942,14.877,187.43,556.31,0.29812,0.13455,0.029824,0.25973,0.12805,0.025088,0.23296,0.12533,0.022016,246,246,246,216,205,199,176,176,176,138,139,141,67,68,69,137,135,134,0.53981,0.53601,0.53803
1,7.4906e+05,-0.699,14.96,195,800,-0.72729,14.767,186.84,771.32,0.27719,0.12113,0.025152,0.24009,0.11724,0.020992,0.21226,0.11382,0.018496,244,245,245,196,194,194,157,163,171,131,130,131,56,58,59,134,130,127,0.52802,0.53442,0.53577
1,7.4916e+05,-0.699,14.88,195,800,-0.7326,14.696,186.87,840.07,0.30241,0.12695,0.026624,0.25121,0.12049,0.022016,0.21635,0.11513,0.019264,243,243,245,185,187,189,157,164,173,126,127,128,54,55,56,128,125,123,0.5111,0.52677,0.53245
1,7.4926e+05,-0.699,14.8,195,800,-0.74109,14.616,188.15,785.89,0.33437,0.13369,0.034368,0.31042,0.12554,0.029504,0.28742,0.11977,0.025984,242,243,244,178,180,181,187,185,181,124,126,129,48,51,55,114,115,115,0.53477,0.5372,0.53641
1,7.4936e+05,-0.699,14.72,195,800,-0.73684,14.566,184.58,990.27,0.32507,0.14555,0.031232,0.25112,0.14304,0.024896,0.21072,0.14074,0.021504,241,241,243,174,173,175,193,189,185,134,134,135,59,57,56,109,107,106,0.54813,0.54171,0.53755
1,7.4946e+05,-0.699,14.64,195,800,-0.74745,14.478,186.06,792.59,0.32058,0.17589,0.037696,0.28936,0.1699,0.031744,0.29321,0.12695,0.024576,241,242,242,168,169,174,184,184,183,137,136,137,61,58,56,101,101,103,0.54034,0.5373,0.53687
1,7.4956e+05,-0.699,14.56,195,800,-0.73154,14.377,185.32,682.52,0.29484,0.1293,0.028224,0.24631,0.12511,0.022784,0.22531,0.11671,0.019776,254,246,242,172,175,179,183,181,181,131,134,137,54,53,54,96,96,97,0.54949,0.54006,0.53665
1,7.4966e+05,-0.699,14.48,195,800,-0.74003,14.305,186.22,741.3,0.26742,0.12703,0.025408,0.25152,0.12164,0.02272,0.23475,0.11566,0.020352,246,245,242,189,185,182,187,184,181,132,133,136,52,52,51,100,97,95,0.53533,0.53272,0.53354
1,7.4976e+05,-0.699,14.4,195,800,-0.7135,14.206,186.08,968.98,0.256,0.13015,0.025728,0.23504,0.12226,0.022464,0.22571,0.11871,0.0208,239,241,243,197,195,194,182,181,179,133,132,134,47,47,48,94,94,93,0.53306,0.53531,0.5335
1,7.4986e+05,-0.699,14.32,195,800,-0.73366,14.156,185.43,920.5,0.3349,0.11999,0.029312,0.27807,0.11415,0.02304,0.24984,0.10563,0.019072,248,246,245,215,209,202,167,169,173,131,132,136,44,45,46,92,91,90,0.53261,0.5329,0.53456
1,7.4996e+05,-0.699,14.24,195,800,-0.73048,14.077,186.49,912.74,0.27243,0.13613,0.028224,0.24137,0.13073,0.024064,0.2215,0.12477,0.021248,249,248,248,223,214,207,166,168,171,135,136,139,46,46,47,93,91,88,0.52178,0.53105,0.53329
1,7.5006e+05,-0.699,14.16,195,800,-0.73896,13.985,185.64,693.54,0.29291,0.12911,0.02912,0.26708,0.12464,0.025344,0.24111,0.11924,0.021952,251,251,250,223,214,208,174,172,171,150,147,146,52,51,51,86,83,80,0.53193,0.53214,0.53292
1,7.5016e+05,-0.699,14.08,195,800,-0.72835,13.913,187.24,798.8,0.3781,0.1278,0.034048,0.31212,0.12424,0.02688,0.24426,0.11965,0.020608,252,251,250,215,209,204,173,174,174,152,150,148,53,53,54,78,78,77,0.52974,0.53005,0.53293
1,7.5026e+05,-0.699,14,195,800,-0.72729,13.832,186.15,739.14,0.34252,0.1213,0.028736,0.28919,0.11618,0.023808,0.25482,0.11404,0.02048,249,250,251,186,192,197,188,180,175,148,147,147,61,60,59,74,74,75,0.52389,0.53872,0.53712
1,7.5036e+05,-0.699,13.92,195,800,-0.72411,13.731,187.03,1050.2,0.26342,0.12286,0.024512,0.24347,0.11517,0.020992,0.21816,0.10978,0.018432,251,251,251,198,192,189,174,173,170,138,140,143,67,69,74,84,84,83,0.53628,0.53656,0.53673
1,7.5046e+05,-0.699,13.84,195,800,-0.72305,13.665,186.37,1172.5,0.2991,0.11499,0.025024,0.26635,0.10934,0.020992,0.23576,0.10341,0.01792,252,251,250,189,188,187,164,165,166,135,138,140,75,84,84,94,91,88,0.52942,0.53664,0.53495
1,7.5056e+05,-0.699,13.76,195,800,-0.72942,13.608,186.61,949.03,0.322,0.12124,0.028608,0.26456,0.11975,0.024,0.23529,0.11528,0.020352,244,247,250,180,184,190,156,158,162,128,130,133,122,106,89,96,95,93,0.53391,0.53622,0.53271
1,7.5066e+05,-0.699,13.68,195,800,-0.7326,13.524,187.1,928.58,0.3104,0.12785,0.029824,0.28024,0.11971,0.025152,0.25498,0.1152,0.02208,245,247,250,194,193,195,158,159,161,122,126,130,91,91,85,94,94,93,0.50645,0.52937,0.53326
1,7.5076e+05,-0.699,13.6,195,800,-0.74321,13.454,185.79,657.53,0.32212,0.13579,0.032256,0.28348,0.12855,0.027328,0.2555,0.12502,0.02432,251,251,252,211,208,204,162,162,163,124,123,124,58,59,62,93,92,93,0.5576,0.53792,0.5356
1,7.5086e+05,-0.699,13.52,195,800,-0.74321,13.375,187.75,916.77,0.31107,0.11952,0.026944,0.26681,0.11424,0.022272,0.23548,0.10948,0.019136,255,254,253,199,201,203,164,165,165,122,122,122,51,51,50,97,97,97,0.554,0.5405,0.53687
1,7.5096e+05,-0.699,13.44,195,800,-0.73154,13.284,186.8,499.41,0.32389,0.12942,0.031168,0.27068,0.12625,0.025984,0.24076,0.12257,0.022336,255,254,253,198,196,198,168,168,166,118,119,121,47,47,47,101,101,99,0.53165,0.53534,0.53501
1,7.5106e+05,-0.699,13.36,195,800,-0.71668,13.188,188.49,1294.8,0.30982,0.12332,0.0272,0.25541,0.11809,0.021952,0.2086,0.11598,0.018496,254,252,250,184,190,197,168,167,167,121,122,122,42,43,44,104,102,100,0.53019,0.53491,0.53661
1,7.5116e+05,-0.699,13.28,195,800,-0.71987,13.121,186.91,1132.2,0.26905,0.12032,0.024704,0.23805,0.11667,0.021248,0.21869,0.11061,0.018624,253,251,250,181,191,200,164,166,168,126,126,124,43,43,44,100,99,99,0.54624,0.53612,0.53613
1,7.5126e+05,-0.699,13.2,195,800,-0.74109,13.053,185.9,979.07,0.31176,0.12471,0.028864,0.25988,0.11923,0.02304,0.22998,0.11505,0.019776,249,250,249,199,199,198,173,172,171,128,127,126,51,48,45,93,94,95,0.54296,0.53544,0.53753
1,7.5136e+05,-0.699,13.12,195,800,-0.72942,12.967,187.57,634.88,0.32703,0.14798,0.028672,0.28156,0.13922,0.023168,0.25296,0.12971,0.019712,248,249,250,177,189,199,176,176,175,122,122,123,45,48,48,91,93,94,0.54528,0.53589,0.53704
1,7.5146e+05,-0.699,13.04,195,800,-0.73578,12.896,187.2,746.44,0.28269,0.11876,0.024384,0.24855,0.11369,0.020736,0.22703,0.11157,0.018368,246,249,251,194,195,199,176,176,175,121,121,120,52,52,50,92,93,94,0.5553,0.54203,0.53808
1,7.5156e+05,-0.699,12.96,195,800,-0.72942,12.807,187.87,1136.8,0.2631,0.12676,0.025088,0.23832,0.11981,0.021824,0.21889,0.11605,0.019712,254,253,252,203,205,204,172,172,172,115,115,116,64,55,49,95,95,96,0.5454,0.5355,0.5372
1,7.5166e+05,-0.699,12.88,195,800,-0.73048,12.722,187.18,1083.8,0.32324,0.13259,0.030144,0.27533,0.12679,0.025536,0.25402,0.12099,0.022144,255,254,253,190,199,207,167,169,171,110,113,116,47,49,48,98,97,97,0.53551,0.53263,0.53655
1,7.5176e+05,-0.699,12.8,195,800,-0.73048,12.66,186.84,1000,0.30917,0.13324,0.029056,0.25256,0.12924,0.024256,0.2167,0.12598,0.020352,248,251,253,204,204,207,167,169,171,119,118,117,42,42,43,99,99,99,0.54316,0.53967,0.53487
1,7.5186e+05,-0.699,12.72,195,800,-0.74109,12.574,187.27,1037.2,0.31751,0.12637,0.029184,0.27968,0.11664,0.02464,0.24874,0.11238,0.021248,255,254,253,210,209,205,171,171,170,121,120,119,43,43,43,100,99,99,0.53932,0.53807,0.53645
1,7.5196e+05,-0.699,12.64,195,800,-0.72093,12.48,187.21,855.94,0.29755,0.13096,0.029504,0.27894,0.12179,0.025664,0.25838,0.11731,0.02304,255,254,252,203,204,206,168,168,169,116,117,119,44,44,44,99,100,100,0.53265,0.53522,0.5389
1,7.5206e+05,-0.699,12.56,195,800,-0.72199,12.397,186.69,953.25,0.32076,0.1245,0.028544,0.26541,0.11803,0.02272,0.22472,0.11617,0.019584,246,249,251,206,207,205,162,164,166,113,116,119,44,44,46,102,101,100,0.54835,0.53947,0.53721
1,7.5216e+05,-0.699,12.48,195,800,-0.71987,12.321,186.47,740.87,0.29752,0.12308,0.026624,0.26225,0.11557,0.02208,0.22468,0.1129,0.018368,248,249,250,216,211,204,161,164,166,116,119,122,44,46,48,100,101,101,0.54686,0.54029,0.53773
1,7.5226e+05,-0.699,12.4,195,800,-0.73896,12.247,185.95,953.88,0.28289,0.13059,0.024704,0.24658,0.12212,0.020992,0.22269,0.118,0.018304,248,249,249,192,200,206,160,163,166,128,128,129,52,52,52,101,100,100,0.5324,0.53656,0.5386
1,7.5236e+05,-0.699,12.32,195,800,-0.73366,12.172,187.07,930.19,0.28427,0.13378,0.026368,0.24606,0.12157,0.02144,0.1988,0.11973,0.018048,248,250,250,212,205,201,172,170,168,134,135,139,52,51,52,99,97,96,0.55205,0.54053,0.5372
1,7.5246e+05,-0.699,12.24,195,800,-0.74533,12.101,186.26,907.01,0.33339,0.11987,0.02944,0.30299,0.11085,0.024064,0.26015,0.10538,0.019456,253,250,250,204,203,200,177,173,169,134,141,146,48,50,51,95,94,92,0.55312,0.53814,0.53931
1,7.5256e+05,-0.699,12.16,195,800,-0.73472,12.017,186.58,679.66,0.25885,0.12509,0.024832,0.23768,0.1168,0.021184,0.21602,0.11272,0.01856,245,247,249,189,190,194,165,169,171,164,163,165,52,53,54,85,86,85,0.54579,0.54222,0.53914
1,7.5266e+05,-0.699,12.08,195,800,-0.7379,11.939,185.79,750.53,0.25224,0.11843,0.021376,0.22318,0.11052,0.018496,0.21272,0.1051,0.016192,246,247,248,193,191,191,170,171,173,179,178,176,58,57,57,83,82,82,0.54718,0.53809,0.53786
1,7.5276e+05,-0.699,12,195,800,-0.71138,11.837,185.3,593.49,0.28437,0.13015,0.02816,0.2595,0.12571,0.02496,0.24102,0.12027,0.02208,247,247,248,189,190,190,174,177,177,201,198,193,67,67,65,75,77,79,0.55721,0.54666,0.5424
1,7.5286e+05,-0.699,11.92,195,800,-0.72942,11.764,186.61,880.12,0.34767,0.12017,0.027392,0.24889,0.11792,0.021568,0.21379,0.1116,0.018432,250,251,250,192,195,196,168,171,175,205,203,199,72,71,70,81,81,82,0.55053,0.54548,0.54606
1,7.5296e+05,-0.699,11.84,195,800,-0.74003,11.709,186.36,988.61,0.31895,0.12746,0.029248,0.27691,0.1219,0.02432,0.25865,0.11317,0.021184,254,252,251,209,204,196,163,167,171,202,200,197,71,72,71,85,86,86,0.52925,0.54357,0.54605
1,7.5306e+05,-0.699,11.76,195,800,-0.7379,11.629,185.34,679.07,0.21127,0.14833,0.02304,0.19816,0.13695,0.020032,0.18562,0.12177,0.01728,248,247,249,189,199,197,163,164,167,185,188,188,74,74,70,93,93,94,0.55104,0.55123,0.54913
1,7.5316e+05,-0.699,11.68,195,800,-0.74639,11.552,186.11,1126.8,0.2657,0.1192,0.02304,0.22417,0.11241,0.01856,0.18527,0.10903,0.015488,240,246,249,199,193,195,167,167,169,186,182,180,76,71,69,95,97,101,0.55925,0.55146,0.55025
1,7.5326e+05,-0.699,11.6,195,800,-0.72517,11.45,186.28,1096.6,0.32563,0.12326,0.02848,0.27072,0.11842,0.023744,0.24328,0.11341,0.020672,251,250,250,202,204,203,178,174,170,165,163,161,62,64,68,121,122,123,0.54876,0.55211,0.55215
1,7.5336e+05,-0.699,11.52,195,800,-0.74321,11.375,186.6,757.83,0.32466,0.12106,0.028736,0.27958,0.11516,0.024256,0.25734,0.11088,0.021248,254,252,252,230,220,210,162,167,170,136,140,143,63,66,67,151,154,159,0.5496,0.54821,0.55091
1,7.5346e+05,-0.699,11.44,195,800,-0.73896,11.309,186.17,932.09,0.31213,0.12581,0.029184,0.25735,0.12289,0.024128,0.22017,0.11758,0.020096,250,252,251,218,212,208,162,165,168,136,134,135,67,65,64,168,175,183,0.54864,0.55715,0.55537
1,7.5356e+05,-0.699,11.36,195,800,-0.74003,11.236,186.06,814.14,0.25688,0.1406,0.02752,0.22681,0.13339,0.023296,0.21271,0.12687,0.0208,251,250,250,182,188,196,177,173,171,118,122,126,54,54,57,238,232,226,0.55331,0.55748,0.55797
1,7.5366e+05,-0.699,11.28,195,800,-0.73472,11.154,185.58,825.04,0.26589,0.11782,0.022912,0.22792,0.11437,0.0192,0.19913,0.10923,0.016256,250,250,251,188,188,189,182,177,172,114,119,125,51,51,54,255,250,242,0.56837,0.56304,0.5599
1,7.5376e+05,-0.699,11.2,195,800,-0.71244,11.047,186.85,927.16,0.28897,0.1267,0.02752,0.26092,0.1209,0.023936,0.23498,0.11469,0.020608,253,253,251,192,186,183,166,169,172,129,130,136,58,61,67,255,254,250,0.56114,0.56502,0.56582
1,7.5386e+05,-0.699,11.12,195,800,-0.72835,10.975,186.15,735.67,0.2707,0.13163,0.026496,0.24218,0.12526,0.0224,0.21613,0.12267,0.020288,250,248,247,173,181,185,172,174,177,169,172,176,104,115,126,244,241,239,0.57682,0.57885,0.57826
1,7.5396e+05,-0.699,11.04,195,800,-0.72942,10.905,186.73,860.3,0.31275,0.12404,0.028032,0.26189,0.11916,0.023424,0.24174,0.11514,0.020736,241,242,245,198,192,189,190,184,181,203,201,197,176,171,161,232,232,233,0.58386,0.57891,0.56574
1,7.5703e+05,-0.606,11,195,800,-0.64984,10.937,0.17113,867.41,0,0,0,0,0,0,0,0,0,249,247,246,198,193,192,175,176,176,253,244,231,189,178,171,193,196,202,0.52165,0.51382,0.52004
1,7.5713e+05,-0.606,11.08,195,800,-0.64135,11.003,186.31,849.32,0.26424,0.11593,0.016704,0.14648,0.11609,0.013248,0.13552,0.11078,0.011776,249,250,249,182,182,185,172,172,173,193,191,188,95,105,116,210,215,221,0.58804,0.5862,0.58416
1,7.5723e+05,-0.606,11.16,195,800,-0.62968,11.068,186.19,868.55,0.23425,0.11494,0.02016,0.2145,0.10847,0.017536,0.18887,0.10758,0.015104,249,250,250,188,183,183,164,169,173,152,157,162,73,76,86,233,233,232,0.57458,0.56435,0.56905
1,7.5733e+05,-0.606,11.24,195,800,-0.64453,11.146,187.82,655.11,0.23811,0.12809,0.023808,0.22801,0.12035,0.020928,0.21903,0.11445,0.019328,252,251,250,182,189,189,169,170,172,119,121,125,51,53,57,255,254,249,0.55376,0.55752,0.56105
1,7.5743e+05,-0.606,11.32,195,800,-0.62438,11.217,185.21,727.95,0.31498,0.13411,0.031424,0.2721,0.1254,0.026496,0.2546,0.11953,0.02336,251,251,250,201,195,193,166,170,172,116,116,119,47,50,54,255,252,243,0.5329,0.55753,0.55936
1,7.5753e+05,-0.606,11.4,195,800,-0.63923,11.28,186.32,709.04,0.30819,0.1326,0.030144,0.2565,0.12467,0.023808,0.2144,0.123,0.02016,249,249,251,202,209,210,164,165,169,115,118,121,54,58,61,218,213,207,0.54714,0.5569,0.55569
1,7.5763e+05,-0.606,11.48,195,800,-0.6456,11.375,186.59,889.58,0.247,0.13086,0.024832,0.22992,0.1241,0.022016,0.21433,0.12059,0.019968,250,250,251,234,232,223,167,167,169,129,133,137,79,76,71,150,153,157,0.54771,0.55084,0.55271
1,7.5773e+05,-0.606,11.56,195,800,-0.63605,11.447,185.64,930.9,0.31657,0.12547,0.029888,0.28664,0.11727,0.025408,0.26359,0.11268,0.022144,251,252,251,242,232,220,171,169,169,144,145,148,79,76,72,132,132,136,0.55694,0.55042,0.55106
1,7.5783e+05,-0.606,11.64,195,800,-0.64135,11.531,186.42,784.08,0.37939,0.12388,0.03424,0.33627,0.11664,0.028736,0.30385,0.11241,0.024128,251,250,251,187,195,203,159,163,166,169,170,170,61,65,69,103,105,109,0.55029,0.54978,0.54993
1,7.5793e+05,-0.606,11.72,195,800,-0.63711,11.61,186.59,907.75,0.31572,0.1339,0.032512,0.30841,0.12283,0.029056,0.29611,0.11851,0.026432,249,250,250,175,184,197,154,158,166,180,180,181,64,64,68,98,97,100,0.55303,0.54986,0.55023
1,7.5803e+05,-0.606,11.8,195,800,-0.63286,11.683,186.87,788.53,0.3065,0.13406,0.031424,0.28017,0.12686,0.027456,0.26628,0.1223,0.025088,252,252,249,212,200,196,181,169,169,205,198,196,74,69,69,93,90,88,0.55171,0.55161,0.55151
1,7.5813e+05,-0.606,11.88,195,800,-0.62544,11.75,185.96,636.75,0.39085,0.1216,0.034688,0.36177,0.11343,0.0288,0.32731,0.1046,0.023488,252,250,248,193,194,198,181,180,178,204,204,203,65,66,68,82,81,82,0.55264,0.54651,0.54698
1,7.5823e+05,-0.606,11.96,195,800,-0.63923,11.85,185.32,1017.2,0.286,0.12772,0.026752,0.25434,0.12053,0.022848,0.23617,0.11669,0.02048,250,248,248,184,188,195,192,184,180,206,205,202,64,64,65,78,79,80,0.55225,0.54608,0.54318
1,7.5833e+05,-0.606,12.04,195,800,-0.63711,11.913,185.81,696.55,0.29576,0.12334,0.026752,0.26115,0.11324,0.021952,0.2431,0.11058,0.019264,250,249,246,190,189,191,185,181,179,198,196,192,60,60,60,78,79,80,0.54431,0.53886,0.54018
1,7.5843e+05,-0.606,12.12,195,800,-0.6318,11.994,187.47,936.54,0.26519,0.12709,0.025344,0.24209,0.11814,0.021568,0.22397,0.11431,0.019136,252,249,246,185,188,192,174,177,178,186,186,183,57,57,59,81,81,82,0.52896,0.53609,0.5369
1,7.5853e+05,-0.606,12.2,195,800,-0.63074,12.061,187.69,999.35,0.27364,0.12877,0.026944,0.25232,0.12204,0.023104,0.2249,0.11617,0.019968,248,248,247,200,199,198,188,180,175,164,162,163,55,55,57,87,88,90,0.54625,0.54253,0.54011
1,7.5863e+05,-0.606,12.28,195,800,-0.63499,12.161,187.35,1148.9,0.34522,0.12988,0.033024,0.32926,0.1181,0.02848,0.31071,0.11482,0.0256,247,246,246,233,210,199,172,172,174,150,148,149,59,61,62,103,98,97,0.54682,0.53874,0.53834
1,7.5873e+05,-0.606,12.36,195,800,-0.64029,12.238,187.27,931.01,0.33024,0.12712,0.030656,0.30933,0.12055,0.02656,0.29014,0.11602,0.023488,242,245,246,195,201,200,160,169,173,143,145,144,70,68,62,99,101,100,0.54205,0.54216,0.54158
1,7.5883e+05,-0.606,12.44,195,800,-0.63074,12.302,187.48,730.72,0.27332,0.12312,0.025536,0.25212,0.11667,0.022144,0.23783,0.10842,0.01952,247,247,246,204,205,204,181,176,172,133,133,133,62,62,59,102,103,103,0.54365,0.54274,0.53906
1,7.5893e+05,-0.606,12.52,195,800,-0.63605,12.387,188.09,677.1,0.28055,0.12325,0.025472,0.25331,0.11809,0.022208,0.2369,0.1147,0.020032,249,249,248,231,219,207,179,176,172,125,126,127,48,52,55,102,104,104,0.55233,0.53681,0.53757
1,7.5903e+05,-0.606,12.6,195,800,-0.63286,12.467,187.58,452.66,0.30295,0.12416,0.028224,0.26029,0.12243,0.023936,0.23589,0.11513,0.020736,252,251,251,206,210,210,167,170,173,118,118,120,45,45,46,101,104,105,0.52458,0.54008,0.53837
1,7.5913e+05,-0.606,12.68,195,800,-0.62544,12.543,186.55,629.01,0.32177,0.11956,0.026048,0.24759,0.11367,0.020736,0.21259,0.10868,0.0176,251,252,252,203,200,202,182,179,175,119,120,120,43,43,43,102,103,104,0.54632,0.53842,0.53621
1,7.5923e+05,-0.606,12.76,195,800,-0.64878,12.64,186.1,874.32,0.26203,0.12619,0.025088,0.24229,0.11863,0.02176,0.2251,0.11563,0.019392,254,253,252,198,199,201,186,181,176,120,121,120,41,42,42,102,103,104,0.54212,0.53606,0.53669
1,7.5933e+05,-0.606,12.84,195,800,-0.62544,12.692,188.16,734.42,0.26588,0.12894,0.024384,0.22427,0.12245,0.020416,0.19731,0.11657,0.017664,252,252,252,196,199,202,171,175,176,118,119,120,42,42,43,106,104,103,0.52737,0.53782,0.53759
1,7.5943e+05,-0.606,12.92,195,800,-0.62438,12.791,186.66,1164.1,0.30976,0.13091,0.02912,0.27142,0.12226,0.024256,0.24252,0.11884,0.021312,251,252,252,213,205,201,180,178,175,115,117,119,44,44,45,103,103,102,0.5407,0.53706,0.53727
1,7.5953e+05,-0.606,13,195,800,-0.63711,12.868,187.31,915.94,0.29501,0.128,0.028352,0.27036,0.11841,0.024064,0.23858,0.11517,0.020928,254,252,251,204,203,201,181,178,174,121,120,120,43,45,47,101,100,99,0.554,0.53858,0.53751
1,7.5963e+05,-0.606,13.08,195,800,-0.64984,12.945,186.27,641.15,0.27542,0.12532,0.02528,0.24985,0.11851,0.021504,0.2269,0.11208,0.01856,251,252,250,191,200,203,169,170,172,119,121,123,45,46,48,100,100,98,0.5289,0.53638,0.53718
1,7.5973e+05,-0.606,13.16,195,800,-0.65514,13.027,188.15,1106,0.25864,0.13023,0.024768,0.23537,0.12146,0.021376,0.22196,0.11476,0.018752,253,250,248,205,204,202,168,169,171,121,122,124,47,47,47,99,99,99,0.54363,0.53722,0.53521
1,7.5983e+05,-0.606,13.24,195,800,-0.6265,13.086,186.85,754.43,0.23902,0.12526,0.022464,0.20753,0.11904,0.018624,0.18397,0.11039,0.015488,242,245,249,207,204,202,171,170,170,125,125,125,46,46,47,102,103,103,0.52836,0.53838,0.53779
1,7.5993e+05,-0.606,13.32,195,800,-0.64029,13.192,187.07,676.45,0.24145,0.12197,0.02176,0.22033,0.11396,0.018368,0.19847,0.10899,0.016064,245,248,249,202,201,201,167,168,170,125,124,124,44,45,46,104,106,105,0.54163,0.53943,0.53573
1,7.6003e+05,-0.606,13.4,195,800,-0.64135,13.264,186.57,901.1,0.24213,0.12958,0.024128,0.22655,0.12422,0.021376,0.21324,0.11833,0.019264,255,254,253,203,201,200,164,166,167,119,122,124,45,46,47,108,109,107,0.53482,0.53426,0.53545
1,7.6013e+05,-0.606,13.48,195,800,-0.63499,13.346,186.29,1163.6,0.28183,0.1283,0.026624,0.26039,0.11941,0.022912,0.23401,0.1142,0.019776,254,254,254,205,210,211,164,164,165,127,127,128,51,51,51,102,103,103,0.5246,0.53095,0.53517
1,7.6023e+05,-0.606,13.56,195,800,-0.61907,13.398,187.15,1128.1,0.27711,0.12591,0.026176,0.2413,0.1178,0.02112,0.20702,0.11304,0.018048,254,254,253,225,219,213,158,162,164,128,129,129,52,53,55,95,98,100,0.53251,0.53172,0.53393
1,7.6033e+05,-0.606,13.64,195,800,-0.64135,13.503,185.95,1028.4,0.25343,0.12696,0.024064,0.21981,0.12318,0.020288,0.20136,0.11829,0.017984,255,253,252,216,212,206,161,164,164,128,133,137,67,71,77,90,92,94,0.55033,0.53432,0.53023
1,7.6043e+05,-0.606,13.72,195,800,-0.64135,13.592,186.74,641.71,0.29183,0.12402,0.02656,0.25491,0.11925,0.022336,0.22529,0.11375,0.01952,254,253,252,189,194,198,166,165,164,138,140,142,97,98,90,90,91,91,0.52657,0.53153,0.53293
1,7.6053e+05,-0.606,13.8,195,800,-0.65408,13.681,186.24,1068.7,0.27406,0.11514,0.023488,0.23083,0.11235,0.019072,0.20625,0.1051,0.01632,255,254,253,184,183,186,162,163,165,157,154,150,132,116,96,80,82,84,0.51613,0.5241,0.53024
1,7.6063e+05,-0.606,13.88,195,800,-0.62544,13.724,185.94,965.59,0.29483,0.12449,0.025472,0.25828,0.11937,0.021504,0.22275,0.11202,0.018368,255,255,254,192,190,187,169,172,172,150,151,153,65,71,79,69,72,75,0.54253,0.53683,0.53468
1,7.6073e+05,-0.606,13.96,195,800,-0.64241,13.826,186.07,761.87,0.25234,0.13634,0.02528,0.20491,0.1315,0.020608,0.19232,0.1209,0.017472,255,255,254,187,189,191,177,177,175,152,151,151,61,62,66,68,69,72,0.56084,0.53417,0.53443
1,7.6083e+05,-0.606,14.04,195,800,-0.64453,13.901,187.23,856.01,0.25074,0.14198,0.027456,0.23404,0.12976,0.02368,0.21354,0.1265,0.021248,255,254,253,193,196,198,174,175,175,144,147,150,55,56,57,69,71,73,0.54416,0.53823,0.53372
1,7.6093e+05,-0.606,14.12,195,800,-0.65621,13.977,185.77,1102.9,0.2813,0.12607,0.026944,0.25018,0.11959,0.022848,0.23114,0.11258,0.019904,254,253,252,199,200,201,168,170,172,143,146,148,53,54,54,73,75,76,0.53447,0.53457,0.53267
1,7.6103e+05,-0.606,14.2,195,800,-0.64029,14.049,187.54,778.1,0.26312,0.12402,0.025152,0.2372,0.11747,0.021568,0.22067,0.11225,0.019072,247,249,250,189,197,204,161,164,168,142,142,142,48,48,49,86,86,85,0.53721,0.53518,0.53539
1,7.6113e+05,-0.606,14.28,195,800,-0.6265,14.122,186.52,876.67,0.26093,0.12574,0.024832,0.22686,0.12011,0.020736,0.20743,0.11501,0.018496,248,247,246,200,199,200,177,174,173,129,132,135,43,45,47,92,92,91,0.54465,0.53766,0.53446
1,7.6123e+05,-0.606,14.36,195,800,-0.64984,14.22,186.55,971.88,0.35059,0.1203,0.02912,0.28386,0.11836,0.02336,0.23871,0.11139,0.019264,247,246,245,198,198,200,185,180,176,128,130,133,45,46,48,93,93,93,0.5361,0.53685,0.53533
1,7.6133e+05,-0.606,14.44,195,800,-0.64241,14.313,186.71,1036.1,0.24962,0.12917,0.024384,0.22758,0.12117,0.020992,0.20983,0.11574,0.01856,250,246,243,198,198,196,180,179,178,132,133,135,53,53,51,94,95,95,0.53746,0.53193,0.53471
1,7.6143e+05,-0.606,14.52,195,800,-0.63711,14.381,184.37,986.16,0.25446,0.12567,0.024256,0.22422,0.1204,0.020608,0.20898,0.11425,0.018176,251,246,242,206,199,193,174,176,176,136,137,138,55,54,53,94,94,96,0.53696,0.53445,0.53351
1,7.6153e+05,-0.606,14.6,195,800,-0.63499,14.419,187.02,699.86,0.22883,0.12064,0.020864,0.21142,0.11402,0.017984,0.19145,0.10637,0.015424,237,239,242,195,192,188,170,172,176,147,144,140,53,55,57,92,95,100,0.54582,0.53942,0.53542
1,7.6163e+05,-0.606,14.68,195,800,-0.63605,14.526,184.2,505.79,0.2743,0.1222,0.025024,0.24516,0.11728,0.021056,0.2213,0.10873,0.017856,240,241,242,173,178,180,182,181,180,139,138,136,63,60,57,104,104,106,0.53285,0.5371,0.53607
1,7.6173e+05,-0.606,14.76,195,800,-0.6456,14.616,185.82,778.93,0.23709,0.11551,0.02112,0.22047,0.10354,0.01792,0.20303,0.10324,0.016128,247,245,243,170,176,180,187,186,181,133,132,132,60,58,57,109,110,111,0.54822,0.5354,0.53482
1,7.6183e+05,-0.606,14.84,195,800,-0.65302,14.701,185.05,1276.3,0.23147,0.13147,0.023552,0.20734,0.12642,0.020224,0.19268,0.122,0.01824,247,245,244,197,187,184,181,179,177,122,124,127,51,52,55,116,119,120,0.53648,0.53408,0.53399
1,7.6193e+05,-0.606,14.92,195,800,-0.64241,14.752,185.3,824.73,0.34823,0.12598,0.030848,0.29332,0.12284,0.024768,0.24229,0.12082,0.020416,241,243,245,193,191,190,171,172,174,127,127,128,52,53,55,123,124,124,0.5338,0.53522,0.53541
1,7.6203e+05,-0.606,15,195,800,-0.62438,14.822,186.02,883.1,0.3283,0.14138,0.033728,0.29116,0.13347,0.028672,0.2626,0.12983,0.025088,248,248,247,196,201,204,174,174,174,138,137,137,58,59,61,135,132,131,0.54157,0.53797,0.53754
1,7.6213e+05,-0.606,15.08,195,800,-0.64878,14.927,186.07,953.29,0.29396,0.13211,0.028224,0.24854,0.12406,0.02336,0.22949,0.12194,0.02112,250,249,247,226,218,211,185,182,178,155,155,156,68,73,80,131,133,135,0.53431,0.53722,0.53745
1,7.6223e+05,-0.606,15.16,195,800,-0.64453,14.996,187.94,883.9,0.2637,0.11695,0.022784,0.21608,0.10804,0.017664,0.18613,0.1067,0.014976,246,246,246,228,217,209,182,181,180,167,168,170,89,95,97,132,134,137,0.55076,0.54242,0.53927
1,7.6233e+05,-0.606,15.24,195,800,-0.64135,15.078,187.71,946.72,0.27285,0.11914,0.023104,0.23475,0.11196,0.018944,0.19645,0.11046,0.016192,245,242,241,192,194,193,179,180,183,206,203,202,153,134,119,141,142,141,0.54757,0.53834,0.5398
1,7.6243e+05,-0.606,15.32,195,800,-0.64347,15.16,186.14,799.67,0.26455,0.12426,0.024128,0.23062,0.11987,0.020608,0.20059,0.11518,0.017856,241,239,238,181,182,182,182,182,184,224,220,218,127,129,126,146,144,141,0.53548,0.53716,0.53833
1,7.6253e+05,-0.606,15.4,195,800,-0.64347,15.251,187.25,867.98,0.3124,0.13335,0.0288,0.2505,0.12544,0.023552,0.22169,0.11955,0.020224,231,230,230,164,162,164,182,183,183,248,245,242,117,122,126,135,136,134,0.54092,0.54182,0.54095
1,7.6263e+05,-0.606,15.48,195,800,-0.64984,15.335,186.58,1153.1,0.33079,0.12129,0.027968,0.2714,0.1185,0.02208,0.21936,0.11386,0.017408,224,223,222,152,156,159,182,179,179,255,255,253,136,132,131,115,115,120,0.54477,0.54702,0.54623
1,7.6273e+05,-0.606,15.56,195,800,-0.63392,15.389,186.51,873.81,0.27712,0.12436,0.025792,0.25083,0.11668,0.021952,0.22753,0.10985,0.018688,223,220,219,162,159,157,177,176,176,255,255,255,122,130,135,103,110,118,0.55356,0.55233,0.55108
1,7.6283e+05,-0.606,15.64,195,800,-0.63923,15.483,187.13,831.14,0.22766,0.13195,0.022912,0.20409,0.12503,0.019776,0.18921,0.11864,0.017472,216,217,218,148,157,167,172,170,166,255,255,255,131,132,134,127,123,119,0.54575,0.55124,0.55124
1,7.6293e+05,-0.606,15.72,195,800,-0.63499,15.554,187.89,545.41,0.27968,0.12964,0.027904,0.25295,0.12481,0.02432,0.23542,0.1196,0.021568,219,219,219,160,169,179,167,164,160,255,255,255,129,131,134,133,125,117,0.55544,0.55602,0.55372
1,7.6303e+05,-0.606,15.8,195,800,-0.64666,15.627,186.57,713.71,0.27963,0.13124,0.025984,0.2284,0.12918,0.02208,0.20885,0.12564,0.019584,223,222,223,221,214,207,145,149,152,255,255,255,138,134,131,97,103,108,0.55141,0.55705,0.55895
1,7.6313e+05,-0.606,15.88,195,800,-0.63605,15.714,187.72,887.91,0.25975,0.12736,0.025024,0.23482,0.12065,0.02144,0.20924,0.11612,0.018496,224,228,231,226,224,223,152,153,156,255,255,255,143,143,139,102,106,112,0.57326,0.56893,0.56852
1,7.6323e+05,-0.606,15.96,195,800,-0.64984,15.785,187.12,824.54,0.30279,0.12351,0.027072,0.26664,0.11605,0.022528,0.2385,0.11205,0.019392,239,235,235,223,220,222,160,160,160,255,255,255,153,147,144,126,124,122,0.57884,0.57762,0.5726
1,7.663e+05,-0.513,16,195,800,-0.55117,15.785,-0.26915,477.27,0,0,0,0,0,0,0,0,0,255,253,249,237,238,236,167,164,162,255,255,255,169,161,153,133,127,127,0.54155,0.54365,0.5407
1,7.664e+05,-0.513,15.92,195,800,-0.55117,15.681,187.13,931.6,0.34092,0.11717,0.023872,0.32995,0.10999,0.020608,0.29917,0.1077,0.017984,249,246,242,244,243,239,148,151,153,255,255,255,127,133,139,97,102,111,0.58063,0.57768,0.57936
1,7.665e+05,-0.513,15.84,195,800,-0.54056,15.618,185.59,1275.3,0.25866,0.12435,0.024,0.23654,0.12052,0.020736,0.20643,0.11539,0.017856,240,239,237,243,241,233,145,145,149,255,255,255,122,128,134,94,98,106,0.55937,0.56333,0.56306
1,7.666e+05,-0.513,15.76,195,800,-0.5395,15.554,185.46,1105.3,0.31189,0.1264,0.0288,0.2817,0.11859,0.023872,0.23831,0.11562,0.02048,225,226,227,205,203,200,146,149,152,255,255,255,141,141,143,120,114,111,0.55032,0.55345,0.55612
1,7.667e+05,-0.513,15.68,195,800,-0.54056,15.483,187.18,840.63,0.38627,0.11985,0.032064,0.32028,0.11436,0.026176,0.28051,0.1055,0.021248,222,222,222,165,175,185,160,158,157,255,255,255,154,155,152,127,122,116,0.55299,0.55432,0.55322
1,7.668e+05,-0.513,15.6,195,800,-0.54692,15.426,186.45,758.72,0.31545,0.1463,0.033408,0.27189,0.13775,0.027968,0.24257,0.13403,0.024832,212,215,218,166,163,163,171,171,170,255,255,255,189,172,155,119,118,118,0.55645,0.54909,0.54971
1,7.669e+05,-0.513,15.52,195,800,-0.55859,15.34,187.59,1040,0.27923,0.12211,0.025088,0.23741,0.11706,0.021312,0.22422,0.11231,0.019008,214,219,223,170,166,162,181,180,179,255,255,254,126,134,138,109,114,120,0.54384,0.54585,0.54687
1,7.67e+05,-0.513,15.44,195,800,-0.54162,15.249,186.1,701.3,0.31057,0.13241,0.028736,0.26536,0.12491,0.02336,0.23725,0.12198,0.020224,226,227,227,158,161,163,182,183,182,254,252,251,114,120,128,123,122,123,0.54579,0.54378,0.54398
1,7.671e+05,-0.513,15.36,195,800,-0.54799,15.172,187.83,798.34,0.34089,0.14192,0.0336,0.27148,0.13709,0.027328,0.24467,0.13143,0.023296,240,239,237,173,172,172,187,185,183,238,242,240,138,134,131,144,139,134,0.5408,0.5375,0.53811
1,7.672e+05,-0.513,15.28,195,800,-0.5395,15.089,186.69,1098.4,0.34812,0.12433,0.031552,0.29376,0.11891,0.02592,0.25529,0.11551,0.0224,243,241,240,191,187,183,184,184,181,235,233,228,153,146,131,143,140,135,0.53168,0.53675,0.53911
1,7.673e+05,-0.513,15.2,195,800,-0.55859,15.013,186.44,1075.9,0.31467,0.12636,0.029696,0.2564,0.11986,0.023232,0.22507,0.11548,0.019776,239,241,243,219,214,206,173,176,177,199,197,196,118,117,111,134,132,133,0.54048,0.53898,0.53783
1,7.674e+05,-0.513,15.12,195,800,-0.55647,14.954,186.79,857.42,0.34988,0.15222,0.034816,0.2989,0.14215,0.028736,0.25707,0.13515,0.024192,248,248,247,224,225,220,173,174,175,156,158,161,64,69,78,129,128,129,0.52773,0.53501,0.53697
1,7.675e+05,-0.513,15.04,195,800,-0.55435,14.874,187.33,1025.1,0.33881,0.13742,0.035264,0.3113,0.12895,0.02976,0.27456,0.12458,0.02592,252,251,248,223,224,219,171,174,176,144,146,149,63,64,69,128,128,128,0.53465,0.53804,0.53806
1,7.676e+05,-0.513,14.96,195,800,-0.55647,14.776,186.14,930.54,0.30666,0.12794,0.027392,0.24246,0.12226,0.02176,0.20919,0.11767,0.018368,247,247,247,202,204,204,185,182,178,126,129,133,65,66,65,126,126,126,0.53163,0.536,0.53659
1,7.677e+05,-0.513,14.88,195,800,-0.55223,14.71,187.13,921.08,0.29977,0.12965,0.028032,0.2418,0.12755,0.023872,0.22935,0.121,0.021568,242,244,245,181,188,194,182,182,180,122,125,130,60,63,65,125,124,124,0.53412,0.53449,0.53492
1,7.678e+05,-0.513,14.8,195,800,-0.54905,14.625,186.38,949.7,0.32107,0.12747,0.031232,0.26745,0.1229,0.025344,0.23853,0.11644,0.02144,244,244,243,172,176,181,174,177,180,128,130,132,57,58,61,119,119,119,0.52979,0.53362,0.53447
1,7.679e+05,-0.513,14.72,195,800,-0.55541,14.557,187.56,1077,0.35074,0.12152,0.030336,0.27969,0.11606,0.02336,0.24552,0.11064,0.019584,245,243,242,192,189,185,174,176,176,138,140,140,63,61,58,114,114,113,0.54689,0.53731,0.53434
1,7.68e+05,-0.513,14.64,195,800,-0.54799,14.475,186.16,716.14,0.28729,0.12129,0.025792,0.25033,0.11835,0.022272,0.23151,0.11255,0.019328,238,240,242,196,194,190,170,172,174,142,144,143,59,59,58,111,111,110,0.53984,0.53815,0.5356
1,7.681e+05,-0.513,14.56,195,800,-0.53738,14.389,187.86,777.55,0.29246,0.12289,0.026688,0.25897,0.11775,0.022848,0.23164,0.11493,0.020288,235,237,240,197,198,196,165,167,171,151,147,143,54,55,55,102,104,105,0.53007,0.53705,0.53454
1,7.682e+05,-0.513,14.48,195,800,-0.55541,14.304,188.38,1072,0.27716,0.12184,0.025792,0.24092,0.11935,0.021824,0.22267,0.10745,0.018752,236,237,239,199,197,195,172,171,171,143,143,141,56,55,54,100,102,102,0.53236,0.53295,0.5326
1,7.683e+05,-0.513,14.4,195,800,-0.54799,14.234,187.95,725.33,0.38471,0.12344,0.033856,0.35084,0.11663,0.02848,0.27033,0.1128,0.0224,234,238,241,190,195,198,172,175,175,134,135,136,52,52,51,96,97,98,0.54376,0.53726,0.53368
1,7.684e+05,-0.513,14.32,195,800,-0.55011,14.155,185.76,696.76,0.31768,0.12488,0.03008,0.28398,0.1151,0.024832,0.26227,0.10728,0.021184,251,248,245,212,204,198,175,174,172,136,136,138,47,48,49,92,93,93,0.53517,0.53131,0.53338
1,7.685e+05,-0.513,14.24,195,800,-0.55541,14.065,187.55,882.08,0.34822,0.12796,0.033792,0.32479,0.11995,0.028992,0.29435,0.11421,0.025152,254,251,248,199,201,200,169,170,170,142,142,143,47,48,49,89,89,89,0.53831,0.53426,0.5354
1,7.686e+05,-0.513,14.16,195,800,-0.54586,13.998,186.46,611.52,0.26788,0.12544,0.025664,0.24762,0.11916,0.022272,0.22791,0.11547,0.019968,250,251,251,206,201,200,166,167,170,156,154,151,55,54,53,74,76,79,0.53053,0.53725,0.53597
1,7.687e+05,-0.513,14.08,195,800,-0.54268,13.917,186.45,839.93,0.31555,0.13229,0.031296,0.27181,0.12632,0.025792,0.24222,0.1221,0.021824,253,253,252,209,206,202,171,172,172,155,155,155,59,57,55,70,72,74,0.52282,0.53122,0.5318
1,7.688e+05,-0.513,14,195,800,-0.55011,13.827,187.16,745.59,0.33495,0.12881,0.030848,0.2811,0.12438,0.025664,0.25768,0.11585,0.022144,255,254,253,206,202,199,182,178,174,160,159,159,60,60,60,70,69,70,0.54609,0.53392,0.52999
1,7.689e+05,-0.513,13.92,195,800,-0.54692,13.761,187.09,653.69,0.28901,0.13731,0.03072,0.26007,0.12958,0.026112,0.2389,0.12094,0.0224,251,253,253,175,184,193,168,169,170,163,165,165,69,70,73,67,69,71,0.53965,0.52864,0.52924
1,7.69e+05,-0.513,13.84,195,800,-0.55011,13.676,188.28,650.02,0.30123,0.12659,0.028736,0.27081,0.11738,0.023872,0.24762,0.11209,0.020864,253,253,253,177,183,187,163,164,168,168,169,166,84,83,80,70,72,75,0.53579,0.53507,0.53386
1,7.691e+05,-0.513,13.76,195,800,-0.55859,13.612,187.58,536.6,0.33692,0.13226,0.031872,0.28572,0.12798,0.02656,0.25924,0.12145,0.02272,255,254,253,178,186,194,171,169,167,173,167,158,91,87,81,87,86,86,0.53885,0.53538,0.53417
1,7.692e+05,-0.513,13.68,195,800,-0.53631,13.516,187.18,1011.1,0.27326,0.14032,0.027072,0.23395,0.13179,0.022912,0.20745,0.12486,0.01984,252,253,254,197,199,201,179,173,167,155,155,153,68,74,75,95,94,93,0.54689,0.53384,0.53348
1,7.693e+05,-0.513,13.6,195,800,-0.55859,13.445,187.53,761.85,0.29784,0.14202,0.031424,0.25689,0.13175,0.02528,0.23282,0.12186,0.021184,254,253,253,236,226,212,170,167,167,143,140,139,53,54,57,102,102,102,0.54628,0.53511,0.53077
1,7.694e+05,-0.513,13.52,195,800,-0.5448,13.357,187.78,406.37,0.23463,0.13807,0.024064,0.21137,0.12863,0.020608,0.19165,0.12551,0.018048,251,253,253,204,207,210,164,165,166,139,136,133,52,52,51,111,109,107,0.54891,0.53731,0.5349
1,7.695e+05,-0.513,13.44,195,800,-0.53313,13.28,187.19,671.15,0.21965,0.11665,0.018944,0.20012,0.10823,0.016,0.18425,0.10425,0.014016,250,252,253,202,203,206,169,168,167,132,131,130,53,51,50,113,110,108,0.54146,0.53348,0.53227
1,7.696e+05,-0.513,13.36,195,800,-0.52889,13.179,186.79,1184,0.28488,0.14011,0.027648,0.26238,0.13194,0.02368,0.23656,0.12957,0.020672,255,252,250,210,207,204,168,170,172,123,124,126,47,48,49,113,110,108,0.5258,0.5297,0.53301
1,7.697e+05,-0.513,13.28,195,800,-0.54374,13.122,186.11,839.09,0.308,0.12555,0.028096,0.24859,0.11936,0.022144,0.2061,0.1158,0.018432,252,249,248,200,203,206,172,173,172,122,124,126,47,47,49,114,109,107,0.5256,0.53744,0.5355
1,7.698e+05,-0.513,13.2,195,800,-0.55011,13.053,187.54,527.69,0.33816,0.13241,0.033344,0.3022,0.12388,0.02848,0.27707,0.11867,0.025024,237,243,247,208,211,211,175,172,170,129,127,126,49,48,48,104,104,104,0.54343,0.53851,0.53575
1,7.699e+05,-0.513,13.12,195,800,-0.54799,12.962,187.16,447.12,0.29082,0.1199,0.025728,0.25048,0.11474,0.021888,0.23183,0.10993,0.0192,253,250,249,228,219,209,165,165,166,126,125,125,46,45,46,96,99,101,0.54597,0.53976,0.53861
1,7.7e+05,-0.513,13.04,195,800,-0.51828,12.865,187.38,860.71,0.26586,0.12276,0.023808,0.22995,0.11852,0.02016,0.19707,0.11455,0.017088,253,252,250,203,206,207,165,165,166,124,124,124,43,43,44,98,98,100,0.53944,0.54014,0.53768
1,7.701e+05,-0.513,12.96,195,800,-0.55117,12.811,186.31,1018.5,0.22696,0.12464,0.021376,0.20475,0.12088,0.018944,0.19087,0.11386,0.016832,247,249,250,196,199,201,169,168,167,123,123,124,41,42,42,101,101,102,0.53585,0.53283,0.53589
1,7.702e+05,-0.513,12.88,195,800,-0.54162,12.72,187.6,911.61,0.30941,0.127,0.028992,0.27894,0.11726,0.024768,0.25619,0.11264,0.021696,250,250,250,206,203,200,168,169,170,125,124,124,42,42,42,104,104,104,0.52657,0.53422,0.53523
1,7.703e+05,-0.513,12.8,195,800,-0.5448,12.659,186.22,769.49,0.2647,0.12925,0.026304,0.241,0.12228,0.022464,0.22117,0.11842,0.019904,252,252,251,206,205,205,179,176,175,127,125,122,41,41,42,110,108,106,0.54441,0.54048,0.53881
1,7.704e+05,-0.513,12.72,195,800,-0.53844,12.572,188.51,930.73,0.29364,0.12868,0.028544,0.2693,0.12192,0.024768,0.25488,0.11606,0.022592,253,252,251,207,206,207,183,181,177,120,120,120,43,43,44,109,109,108,0.53608,0.53946,0.53884
1,7.705e+05,-0.513,12.64,195,800,-0.5395,12.477,186.26,897.89,0.29585,0.13414,0.029376,0.2546,0.13069,0.025664,0.23752,0.12282,0.022592,251,252,251,204,207,210,183,178,176,120,119,120,45,46,46,115,111,109,0.5428,0.53979,0.53751
1,7.706e+05,-0.513,12.56,195,800,-0.55223,12.4,186.42,868.93,0.32846,0.12493,0.029248,0.26417,0.12054,0.023616,0.2366,0.11522,0.01984,251,249,248,217,210,207,173,175,177,123,125,128,55,54,54,118,113,108,0.53932,0.53393,0.5366
1,7.707e+05,-0.513,12.48,195,800,-0.54905,12.305,188.56,818.48,0.31937,0.12532,0.026304,0.25523,0.11823,0.021824,0.21779,0.11595,0.01856,246,247,246,200,203,202,177,179,179,131,133,135,57,59,59,112,110,107,0.5414,0.53415,0.53823
1,7.708e+05,-0.513,12.4,195,800,-0.55011,12.244,186.49,711.05,0.29807,0.12608,0.026688,0.28209,0.11787,0.022784,0.2551,0.1141,0.019968,240,240,242,192,187,192,189,184,182,161,154,149,77,70,64,104,103,103,0.54631,0.54186,0.54053
1,7.709e+05,-0.513,12.32,195,800,-0.54268,12.172,186.62,739.27,0.23386,0.13364,0.024,0.21528,0.12537,0.0208,0.19908,0.11845,0.018304,246,243,244,189,189,189,175,175,180,161,160,159,63,66,67,101,98,97,0.54357,0.54106,0.53833
1,7.71e+05,-0.513,12.24,195,800,-0.52464,12.087,186.25,956.66,0.29415,0.12613,0.026688,0.26381,0.1171,0.02272,0.23835,0.11146,0.019328,250,247,244,185,189,190,169,175,179,162,163,163,66,66,65,90,93,94,0.54517,0.54196,0.54083
1,7.711e+05,-0.513,12.16,195,800,-0.55011,11.995,186.27,896.31,0.35108,0.13718,0.03232,0.30623,0.12695,0.026688,0.26082,0.122,0.022848,237,242,245,191,193,194,177,179,181,175,174,173,60,63,63,83,85,86,0.52932,0.53734,0.54036
1,7.712e+05,-0.513,12.08,195,800,-0.53844,11.934,187.9,935.42,0.32983,0.13037,0.030336,0.28569,0.12477,0.025792,0.2523,0.11949,0.02208,235,239,243,203,199,196,178,180,184,183,181,179,59,60,62,82,83,83,0.53512,0.53855,0.53954
1,7.713e+05,-0.513,12,195,800,-0.55859,11.874,186.2,768.95,0.3209,0.12169,0.02688,0.25748,0.11872,0.0224,0.22956,0.11281,0.019008,242,242,243,208,203,198,181,185,186,197,194,193,60,61,62,81,80,79,0.53367,0.53677,0.53935
1,7.714e+05,-0.513,11.92,195,800,-0.56708,11.795,186.07,878.87,0.3326,0.13239,0.033664,0.30592,0.12406,0.028864,0.28452,0.11534,0.025152,242,245,247,203,203,202,188,186,184,209,205,201,65,65,66,76,78,80,0.53871,0.54546,0.54425
1,7.715e+05,-0.513,11.84,195,800,-0.55223,11.709,186.92,752.28,0.29637,0.1153,0.025408,0.25534,0.11071,0.020928,0.22264,0.10947,0.017856,245,246,248,217,207,200,183,182,179,211,206,200,70,69,67,78,80,82,0.55221,0.54571,0.54628
1,7.716e+05,-0.513,11.76,195,800,-0.54692,11.618,186.57,756.98,0.28542,0.12911,0.027392,0.24706,0.12267,0.022784,0.21817,0.11468,0.0192,251,251,251,190,191,196,162,168,173,197,192,189,63,66,67,92,91,92,0.55515,0.54676,0.54609
1,7.717e+05,-0.513,11.68,195,800,-0.51934,11.508,186.86,1134.5,0.28277,0.12425,0.024704,0.24457,0.12046,0.020416,0.20753,0.11812,0.017792,253,252,252,176,185,199,169,168,171,182,181,181,63,63,68,98,98,99,0.54891,0.54863,0.54928
1,7.718e+05,-0.513,11.6,195,800,-0.55011,11.461,186.66,868.41,0.28757,0.13048,0.027456,0.26009,0.12519,0.023936,0.23455,0.11722,0.020992,251,252,252,225,219,214,178,176,173,164,161,159,82,78,74,119,119,121,0.54772,0.54547,0.55029
1,7.719e+05,-0.513,11.52,195,800,-0.54268,11.387,187.28,1001.1,0.27985,0.12527,0.026368,0.23683,0.12,0.02176,0.21227,0.11769,0.019264,253,252,252,237,233,225,175,173,171,134,136,137,91,83,73,148,153,157,0.55672,0.55498,0.5538
1,7.72e+05,-0.513,11.44,195,800,-0.55011,11.311,187.34,584.6,0.22972,0.12783,0.021888,0.19244,0.12349,0.018496,0.17323,0.11883,0.016128,251,252,252,224,223,220,170,170,171,122,124,127,72,71,68,175,178,180,0.55095,0.55399,0.55454
1,7.721e+05,-0.513,11.36,195,800,-0.55223,11.227,186.08,822.2,0.29119,0.12602,0.027136,0.2575,0.11898,0.022912,0.22874,0.11545,0.020096,250,250,250,200,200,199,177,174,173,112,114,117,52,53,55,244,235,225,0.55679,0.55971,0.55902
1,7.722e+05,-0.513,11.28,195,800,-0.54799,11.144,186.88,975.46,0.24072,0.11285,0.019712,0.21898,0.1064,0.016832,0.199,0.10294,0.014912,251,250,250,184,189,194,182,179,176,113,115,118,49,51,53,255,250,240,0.55315,0.55969,0.56142
1,7.723e+05,-0.513,11.2,195,800,-0.54692,11.066,186.07,1039.6,0.21994,0.13182,0.022336,0.19832,0.12278,0.01888,0.18831,0.11995,0.017536,247,249,250,181,183,187,187,183,178,128,133,143,59,60,65,249,243,236,0.56319,0.56358,0.56514
1,7.724e+05,-0.513,11.12,195,800,-0.53738,10.989,187.28,1085,0.2925,0.13171,0.028992,0.26727,0.12319,0.02496,0.2432,0.11996,0.021888,251,250,249,173,181,186,174,176,175,196,197,194,96,103,112,197,201,208,0.57309,0.57312,0.57449
1,7.725e+05,-0.513,11.04,195,800,-0.54799,10.936,186.53,765.95,0.26689,0.12036,0.024576,0.24441,0.11192,0.021056,0.22564,0.10592,0.018304,251,250,249,176,181,185,169,171,173,238,231,219,145,141,139,178,186,195,0.58311,0.57218,0.56478
1,7.7557e+05,-0.42,11,195,800,-0.45992,10.91,-0.75909,622.31,0,0,0,0,0,0,0,0,0,245,246,246,172,177,178,173,172,171,247,244,237,216,192,169,180,184,191,0.52135,0.5218,0.51894
1,7.7567e+05,-0.42,11.08,195,800,-0.4578,11.003,185.01,782.41,0.20005,0.13731,0.0208,0.19046,0.13006,0.018752,0.18174,0.1219,0.016768,250,249,247,204,198,189,174,175,177,199,197,195,94,105,114,194,203,212,0.58218,0.58475,0.58218
1,7.7577e+05,-0.42,11.16,195,800,-0.46204,11.073,187.67,940.26,0.317,0.13136,0.029504,0.30255,0.12429,0.025408,0.27708,0.1184,0.02048,250,249,248,210,203,193,179,180,180,156,162,169,64,71,85,216,222,226,0.57054,0.57052,0.57013
1,7.7587e+05,-0.42,11.24,195,800,-0.45249,11.123,187.53,886.97,0.34585,0.12212,0.030784,0.28145,0.11276,0.023424,0.22875,0.1087,0.01856,249,248,249,194,195,195,184,187,185,119,122,128,51,53,57,255,249,239,0.5657,0.56102,0.56052
1,7.7597e+05,-0.42,11.32,195,800,-0.44295,11.197,186.04,695.98,0.23841,0.13746,0.025216,0.21974,0.12625,0.02176,0.20933,0.12285,0.02016,247,249,250,189,192,196,185,185,182,113,116,120,55,54,55,244,240,231,0.56601,0.5622,0.55924
1,7.7607e+05,-0.42,11.4,195,800,-0.4578,11.3,185.61,538.33,0.36527,0.13033,0.035392,0.33071,0.12005,0.029248,0.29317,0.11244,0.024768,253,252,252,194,201,207,166,168,172,115,117,120,52,56,60,187,190,192,0.55009,0.55511,0.55585
1,7.7617e+05,-0.42,11.48,195,800,-0.46735,11.37,186.73,804.59,0.32714,0.13096,0.030976,0.2759,0.12319,0.025536,0.25083,0.11828,0.022656,255,255,253,229,226,223,166,167,170,138,137,139,66,67,68,151,148,148,0.5563,0.55363,0.55424
1,7.7627e+05,-0.42,11.56,195,800,-0.46417,11.462,185.96,981.89,0.34696,0.12802,0.032704,0.30074,0.11886,0.026624,0.28209,0.11133,0.02272,254,254,253,240,231,224,175,175,174,154,153,150,71,71,70,132,131,131,0.54041,0.54818,0.55141
1,7.7637e+05,-0.42,11.64,195,800,-0.44931,11.526,185.86,731.23,0.33941,0.13131,0.034048,0.30847,0.12035,0.028288,0.28677,0.11266,0.02464,252,253,253,201,210,216,184,184,180,173,173,172,65,67,70,106,105,106,0.54482,0.55064,0.55162
1,7.7647e+05,-0.42,11.72,195,800,-0.46098,11.609,185.83,879.37,0.29136,0.12814,0.027584,0.26541,0.11783,0.023296,0.24514,0.11191,0.020544,254,253,253,198,201,212,184,182,180,173,178,181,64,67,68,95,96,98,0.54374,0.54666,0.5485
1,7.7657e+05,-0.42,11.8,195,800,-0.45356,11.688,184.79,1024.7,0.32363,0.12854,0.029888,0.28371,0.12183,0.025728,0.26445,0.1165,0.022976,255,253,251,215,209,208,176,179,180,195,197,195,69,70,68,83,84,86,0.54925,0.55292,0.54947
1,7.7667e+05,-0.42,11.88,195,800,-0.4631,11.774,185.71,1156.8,0.29359,0.12481,0.026496,0.26044,0.11837,0.022144,0.23502,0.11301,0.019648,245,247,247,189,201,210,187,186,183,202,201,198,68,68,68,73,76,79,0.55151,0.55039,0.54705
1,7.7677e+05,-0.42,11.96,195,800,-0.45462,11.843,186.89,672.1,0.27239,0.12057,0.024384,0.23869,0.11555,0.020672,0.21112,0.11147,0.017664,241,243,244,197,201,208,187,188,185,189,193,195,68,68,66,72,75,79,0.53408,0.54367,0.5443
1,7.7687e+05,-0.42,12.04,195,800,-0.46629,11.932,187.66,750.93,0.29804,0.12223,0.027136,0.2742,0.11275,0.023168,0.25066,0.11007,0.02048,237,237,240,206,205,201,193,191,187,170,176,181,60,61,62,83,82,83,0.53754,0.53539,0.53792
1,7.7697e+05,-0.42,12.12,195,800,-0.45992,11.994,186.24,831.52,0.33361,0.12532,0.02848,0.29531,0.1177,0.024384,0.26318,0.11295,0.020928,234,238,241,196,198,198,196,192,186,166,171,176,57,61,63,86,86,86,0.53985,0.5408,0.54103
1,7.7707e+05,-0.42,12.2,195,800,-0.4578,12.087,185.42,1169.1,0.30919,0.12557,0.02912,0.28416,0.11778,0.025152,0.26287,0.11376,0.022592,254,248,243,185,186,186,182,182,182,163,167,169,80,70,63,93,93,93,0.52869,0.53662,0.5406
1,7.7717e+05,-0.42,12.28,195,800,-0.46523,12.176,186.91,1092.1,0.32878,0.13255,0.033344,0.30069,0.1265,0.02912,0.28526,0.1178,0.025728,233,242,244,163,173,179,187,184,183,164,165,164,57,62,64,101,99,98,0.53996,0.54026,0.53982
1,7.7727e+05,-0.42,12.36,195,800,-0.45462,12.238,185.59,627.44,0.30528,0.12258,0.027008,0.25841,0.11798,0.021952,0.21828,0.11207,0.018176,234,238,243,164,170,179,203,192,185,161,162,160,57,58,62,99,100,100,0.53469,0.54132,0.54133
1,7.7737e+05,-0.42,12.44,195,800,-0.47371,12.334,186.41,664.84,0.29844,0.13002,0.027904,0.27398,0.12132,0.023744,0.25955,0.11576,0.021248,243,242,243,184,184,185,193,190,186,149,148,146,60,61,60,103,104,105,0.53924,0.53948,0.54008
1,7.7747e+05,-0.42,12.52,195,800,-0.46629,12.402,186.33,1261.6,0.29538,0.12196,0.027392,0.25932,0.11689,0.022912,0.2331,0.11242,0.019776,245,244,245,193,192,193,183,183,183,138,138,139,68,62,58,106,107,107,0.54397,0.53753,0.5371
1,7.7757e+05,-0.42,12.6,195,800,-0.45356,12.474,187.35,774.76,0.31751,0.12844,0.029376,0.28479,0.12435,0.025536,0.26205,0.11622,0.021824,248,249,249,218,216,209,170,173,176,122,125,127,50,51,51,108,109,110,0.54683,0.54077,0.53923
1,7.7767e+05,-0.42,12.68,195,800,-0.49175,12.585,187.74,1464,0.29098,0.12492,0.027264,0.25384,0.12154,0.022912,0.22503,0.11734,0.01952,254,252,250,228,221,213,171,174,174,116,119,124,43,43,45,112,111,110,0.5243,0.53538,0.53677
1,7.7777e+05,-0.42,12.76,195,800,-0.47159,12.634,185.98,795.44,0.29889,0.13093,0.02816,0.27151,0.12519,0.024128,0.24958,0.11653,0.021184,249,250,250,212,213,210,173,173,172,118,121,124,43,43,43,113,111,109,0.53293,0.53278,0.53544
1,7.7787e+05,-0.42,12.84,195,800,-0.44825,12.71,187.1,982.06,0.29802,0.15745,0.030272,0.26393,0.14855,0.025792,0.23494,0.14157,0.022272,245,246,248,201,197,196,163,166,168,127,127,127,41,42,42,104,105,106,0.55125,0.54156,0.53711
1,7.7797e+05,-0.42,12.92,195,800,-0.45568,12.796,187.05,836.03,0.28785,0.13278,0.02784,0.23958,0.12633,0.022976,0.22115,0.12089,0.020224,244,246,248,185,189,193,158,161,165,126,128,128,42,41,41,103,104,105,0.55218,0.54009,0.53842
1,7.7807e+05,-0.42,13,195,800,-0.45992,12.879,187.27,887.12,0.26567,0.13958,0.02656,0.24012,0.13231,0.022912,0.22398,0.12393,0.020288,250,249,248,200,198,198,156,158,162,128,128,129,42,42,42,102,103,103,0.52731,0.53247,0.53517
1,7.7817e+05,-0.42,13.08,195,800,-0.46417,12.95,186.54,656.82,0.25874,0.12908,0.025472,0.23655,0.12397,0.022144,0.21611,0.12065,0.01984,248,247,247,221,217,210,158,158,162,131,130,129,45,46,46,102,104,104,0.55638,0.53844,0.53707
1,7.7827e+05,-0.42,13.16,195,800,-0.47053,13.034,187.13,978.06,0.30676,0.12705,0.028736,0.27668,0.12083,0.02496,0.25793,0.11434,0.02176,244,245,246,216,214,214,158,161,165,126,129,130,49,50,49,109,106,105,0.53028,0.53589,0.5354
1,7.7837e+05,-0.42,13.24,195,800,-0.45674,13.113,186.16,1150.8,0.23518,0.1212,0.019584,0.18493,0.12088,0.016448,0.16759,0.11044,0.013888,249,247,246,210,213,214,177,173,170,133,130,130,57,54,53,103,107,107,0.52545,0.53253,0.53441
1,7.7847e+05,-0.42,13.32,195,800,-0.44825,13.178,186.88,977.33,0.26879,0.11795,0.022784,0.23629,0.11212,0.019264,0.21518,0.10781,0.016768,247,248,247,223,214,209,179,176,173,130,130,130,49,52,54,104,105,107,0.54495,0.53659,0.53472
1,7.7857e+05,-0.42,13.4,195,800,-0.4631,13.263,186.51,504.16,0.24621,0.13378,0.025088,0.22655,0.12761,0.021824,0.21158,0.12158,0.019584,250,250,251,194,198,203,180,176,173,128,130,132,53,54,55,103,105,107,0.54476,0.52973,0.52884
1,7.7867e+05,-0.42,13.48,195,800,-0.45992,13.33,187.36,596.2,0.27487,0.12897,0.026048,0.23911,0.12196,0.021952,0.21095,0.1173,0.019072,255,254,253,196,201,206,166,168,169,135,135,136,53,54,55,110,112,111,0.52822,0.53282,0.5321
1,7.7877e+05,-0.42,13.56,195,800,-0.46947,13.432,186.43,978.72,0.31716,0.13532,0.032,0.2871,0.12686,0.027328,0.25839,0.12321,0.023936,254,254,253,208,210,210,162,165,168,136,137,138,51,52,55,116,116,113,0.53738,0.53682,0.53296
1,7.7887e+05,-0.42,13.64,195,800,-0.46417,13.504,186.01,1294.2,0.30311,0.13603,0.031488,0.26167,0.13291,0.026432,0.23519,0.12403,0.022528,251,252,253,203,204,206,169,169,168,142,144,147,53,54,57,112,110,107,0.53927,0.53394,0.53078
1,7.7897e+05,-0.42,13.72,195,800,-0.45143,13.556,186.8,946.69,0.27342,0.13257,0.026368,0.24111,0.12189,0.02176,0.21931,0.11749,0.018944,254,253,253,185,193,202,174,170,168,152,153,153,56,58,61,97,100,100,0.53312,0.53026,0.53098
1,7.7907e+05,-0.42,13.8,195,800,-0.44188,13.631,186.42,791.17,0.27297,0.11756,0.02368,0.23935,0.11181,0.019968,0.2169,0.10763,0.017536,253,253,252,204,196,192,161,165,168,172,168,164,62,65,66,78,79,82,0.5306,0.5282,0.52971
1,7.7917e+05,-0.42,13.88,195,800,-0.44931,13.736,186.47,674,0.25624,0.12244,0.023424,0.21113,0.11792,0.018624,0.18847,0.11175,0.016384,250,250,250,199,198,195,169,168,170,176,173,170,63,63,65,71,71,72,0.52913,0.52973,0.52996
1,7.7927e+05,-0.42,13.96,195,800,-0.45356,13.815,186.86,654.02,0.21933,0.12989,0.021376,0.18715,0.12144,0.017664,0.16985,0.11852,0.01568,248,248,250,202,200,197,172,172,173,175,172,169,61,62,63,71,70,71,0.51887,0.52525,0.52747
1,7.7937e+05,-0.42,14.04,195,800,-0.46417,13.901,187.03,1343.4,0.28589,0.13613,0.02688,0.23562,0.12697,0.02176,0.20735,0.12246,0.0192,250,249,249,216,207,199,176,177,176,166,167,166,58,58,58,71,71,73,0.52831,0.53252,0.53153
1,7.7947e+05,-0.42,14.12,195,800,-0.45886,13.976,186.91,1058.1,0.26996,0.13474,0.026496,0.2416,0.12791,0.022976,0.22511,0.12251,0.020416,251,250,249,197,201,200,176,176,175,166,164,162,54,55,56,73,74,76,0.53436,0.53311,0.53278
1,7.7957e+05,-0.42,14.2,195,800,-0.4578,14.047,187.91,604.14,0.25316,0.12851,0.024832,0.22773,0.12132,0.021248,0.21488,0.11655,0.019008,248,247,247,195,197,199,169,169,170,154,154,152,50,51,52,86,87,87,0.52929,0.53206,0.53235
1,7.7967e+05,-0.42,14.28,195,800,-0.45674,14.124,186.17,687.74,0.29149,0.12906,0.027008,0.25997,0.12378,0.023232,0.23312,0.12113,0.020352,240,240,241,208,201,194,168,168,169,139,140,141,50,50,50,103,99,96,0.53368,0.53725,0.53348
1,7.7977e+05,-0.42,14.36,195,800,-0.46204,14.225,187.09,879.16,0.3231,0.12531,0.028096,0.28478,0.12015,0.023808,0.24605,0.11367,0.020224,233,235,239,194,194,192,173,170,170,137,137,138,52,51,51,101,101,100,0.53148,0.53601,0.53391
1,7.7987e+05,-0.42,14.44,195,800,-0.45568,14.278,186.73,821.5,0.29094,0.1285,0.028352,0.26149,0.12571,0.024768,0.23715,0.11786,0.021184,231,234,238,186,187,188,171,172,173,139,138,138,53,54,54,107,106,104,0.52943,0.53396,0.53309
1,7.7997e+05,-0.42,14.52,195,800,-0.45568,14.382,187.48,843.47,0.28839,0.12365,0.026688,0.25627,0.11937,0.023232,0.23568,0.11076,0.020032,241,239,239,190,189,189,169,171,173,139,140,140,55,55,55,114,110,107,0.53814,0.52922,0.5311
1,7.8007e+05,-0.42,14.6,195,800,-0.44825,14.432,187.79,508.58,0.29424,0.13011,0.028928,0.26403,0.12328,0.024704,0.24241,0.11587,0.02144,246,246,244,191,195,194,172,173,175,145,143,142,54,55,57,118,118,115,0.52365,0.53029,0.53318
1,7.8017e+05,-0.42,14.68,195,800,-0.4334,14.504,187.37,557.93,0.29368,0.12628,0.027008,0.26451,0.12089,0.022912,0.22293,0.1157,0.019584,248,244,242,192,187,183,187,182,178,143,141,140,55,57,58,126,122,120,0.5502,0.53837,0.53591
1,7.8027e+05,-0.42,14.76,195,800,-0.46204,14.605,186.73,823.78,0.26462,0.12586,0.023552,0.22835,0.12236,0.020032,0.20327,0.11576,0.0176,240,240,241,168,173,177,183,180,179,142,139,137,59,59,61,119,121,123,0.53453,0.52886,0.53124
1,7.8037e+05,-0.42,14.84,195,800,-0.47371,14.698,186.96,935.74,0.28404,0.11842,0.023872,0.24093,0.11193,0.020032,0.21223,0.10832,0.01728,238,239,242,169,173,181,178,180,182,132,132,134,78,76,71,127,125,125,0.52262,0.53374,0.53534
1,7.8047e+05,-0.42,14.92,195,800,-0.46098,14.772,187.51,898.79,0.27919,0.11763,0.022592,0.22883,0.1113,0.017984,0.19608,0.10807,0.014784,246,245,245,197,195,194,189,185,181,133,133,134,97,86,73,127,126,126,0.53253,0.53433,0.53473
1,7.8057e+05,-0.42,15,195,800,-0.46523,14.844,186.91,827,0.24304,0.12125,0.02272,0.22773,0.11806,0.020672,0.21062,0.11272,0.018176,254,253,250,247,235,220,178,178,179,143,142,142,75,74,71,122,125,127,0.53375,0.53353,0.53554
1,7.8067e+05,-0.42,15.08,195,800,-0.45037,14.919,186.13,601.24,0.29869,0.12272,0.026944,0.26636,0.11612,0.023104,0.24508,0.11156,0.020224,248,248,248,217,218,218,165,169,174,159,160,163,61,64,72,129,127,127,0.53314,0.53787,0.53619
1,7.8077e+05,-0.42,15.16,195,800,-0.4631,15.022,186.21,804.99,0.26968,0.13086,0.026816,0.24506,0.12524,0.02336,0.22734,0.11727,0.020544,242,244,245,197,203,208,170,171,175,175,177,179,71,77,85,126,127,129,0.53795,0.53903,0.53714
1,7.8087e+05,-0.42,15.24,195,800,-0.46841,15.094,186.69,961.22,0.25786,0.12983,0.024512,0.22234,0.12415,0.0208,0.20728,0.11956,0.018496,237,239,241,178,181,185,180,178,179,224,222,216,131,126,115,127,127,129,0.53373,0.53745,0.53673
1,7.8097e+05,-0.42,15.32,195,800,-0.45674,15.159,187.16,1077.8,0.26595,0.12104,0.024064,0.22822,0.11693,0.020096,0.20504,0.10942,0.017088,239,239,240,167,170,175,182,182,181,247,240,232,151,136,122,123,127,131,0.53812,0.53805,0.53869
1,7.8107e+05,-0.42,15.4,195,800,-0.44825,15.245,187.12,899.13,0.27558,0.12791,0.0272,0.25334,0.12111,0.023488,0.23186,0.11836,0.021056,238,237,235,155,160,167,186,185,184,255,254,251,106,114,121,126,126,126,0.54498,0.53968,0.53895
1,7.8117e+05,-0.42,15.48,195,800,-0.46523,15.334,186.72,844.72,0.30312,0.11673,0.026304,0.25892,0.11411,0.022208,0.22557,0.10511,0.018112,220,223,225,167,167,165,180,180,180,255,255,254,120,127,136,111,118,123,0.53645,0.54062,0.54339
1,7.8127e+05,-0.42,15.56,195,800,-0.45886,15.404,185.77,700.86,0.23793,0.14831,0.026688,0.21343,0.14309,0.023424,0.20199,0.13642,0.021376,214,217,221,164,166,165,173,176,177,255,255,255,160,159,153,124,122,120,0.54866,0.54965,0.54872
1,7.8137e+05,-0.42,15.64,195,800,-0.47053,15.497,187.01,893.11,0.33507,0.13424,0.033216,0.28358,0.12699,0.027136,0.24174,0.12539,0.023488,220,220,222,161,166,174,160,161,163,255,255,255,196,185,168,123,119,115,0.55813,0.55203,0.55247
1,7.8147e+05,-0.42,15.72,195,800,-0.46523,15.554,186.37,782.93,0.23625,0.1205,0.020672,0.20103,0.11606,0.017408,0.18073,0.10977,0.01504,224,225,227,178,183,190,146,151,156,255,255,255,162,165,163,103,108,111,0.55718,0.55562,0.5558
1,7.8157e+05,-0.42,15.8,195,800,-0.45886,15.636,186.17,661.92,0.25642,0.11418,0.022144,0.23215,0.1104,0.019264,0.21126,0.10522,0.016768,239,239,240,247,238,227,141,143,147,255,255,255,127,129,135,99,102,104,0.55519,0.55903,0.55829
1,7.8167e+05,-0.42,15.88,195,800,-0.44507,15.716,186.09,1022,0.24218,0.12734,0.02336,0.22132,0.12016,0.020608,0.20372,0.117,0.018304,255,253,249,255,254,249,150,153,156,255,255,255,119,126,134,112,112,116,0.56426,0.56565,0.56821
1,7.8177e+05,-0.42,15.96,195,800,-0.45462,15.785,186.3,786,0.24388,0.13834,0.026176,0.22647,0.13231,0.023488,0.21159,0.12725,0.020992,254,252,250,254,251,248,161,162,163,255,255,255,134,139,140,120,125,126,0.59423,0.5878,0.5764
1,7.8484e+05,-0.327,16,195,800,-0.36762,15.78,0.87625,589.69,0,0,0,0,0,0,0,0,0,242,246,249,246,247,246,179,177,178,255,255,255,145,141,141,160,149,144,0.53876,0.53375,0.53211
1,7.8494e+05,-0.327,15.92,195,800,-0.36762,15.716,187.14,775.47,0.25286,0.111,0.017344,0.23079,0.10786,0.015552,0.15304,0.10651,0.012096,255,253,249,255,255,250,152,156,161,255,255,255,122,126,134,117,116,121,0.57547,0.57602,0.57524
1,7.8504e+05,-0.327,15.84,195,800,-0.35064,15.619,187.39,918.34,0.22738,0.1188,0.020288,0.19283,0.11429,0.016384,0.16216,0.11039,0.013632,252,251,247,255,253,244,148,148,152,255,255,255,129,127,132,111,107,108,0.55689,0.564,0.56315
1,7.8514e+05,-0.327,15.76,195,800,-0.37186,15.582,186.34,764.37,0.23826,0.13638,0.02496,0.21155,0.13097,0.021696,0.19783,0.12373,0.0192,239,238,236,215,212,209,140,145,152,255,255,255,134,143,151,91,97,105,0.56812,0.55986,0.55677
1,7.8524e+05,-0.327,15.68,195,800,-0.36549,15.492,186.8,670.66,0.37807,0.1112,0.0272,0.2534,0.10809,0.019136,0.20702,0.10367,0.01568,232,230,229,175,183,190,149,154,157,255,255,255,164,165,163,93,102,109,0.54826,0.55468,0.55339
1,7.8534e+05,-0.327,15.6,195,800,-0.38141,15.42,187.85,802.8,0.26056,0.13415,0.02752,0.23188,0.12348,0.022528,0.20668,0.12216,0.019968,216,219,222,163,161,165,179,175,171,255,255,255,188,178,162,127,120,116,0.55577,0.55507,0.55187
1,7.8544e+05,-0.327,15.52,195,800,-0.35701,15.353,187.45,618.17,0.32795,0.13425,0.033408,0.2942,0.12576,0.027968,0.26546,0.11568,0.023296,230,228,227,171,169,165,182,181,181,255,255,255,111,120,132,116,120,123,0.53633,0.54287,0.54485
1,7.8554e+05,-0.327,15.44,195,800,-0.36125,15.258,187.31,782.21,0.2904,0.14064,0.030592,0.23876,0.137,0.02496,0.20538,0.13322,0.021376,237,235,233,177,170,165,183,183,182,255,255,254,99,104,119,125,123,123,0.54444,0.5438,0.54103
1,7.8564e+05,-0.327,15.36,195,800,-0.37292,15.172,186.08,473.01,0.38109,0.12415,0.03328,0.28186,0.11862,0.025216,0.23921,0.11404,0.020736,240,240,240,161,164,168,180,183,184,253,250,245,114,118,117,124,127,128,0.53535,0.53935,0.54045
1,7.8574e+05,-0.327,15.28,195,800,-0.36549,15.101,186.98,529.69,0.31794,0.12622,0.028992,0.2747,0.11751,0.023552,0.24961,0.11116,0.020352,240,240,241,166,167,172,180,181,182,243,238,233,134,126,115,122,126,128,0.53446,0.536,0.53639
1,7.8584e+05,-0.327,15.2,195,800,-0.36337,15.005,185.5,775.34,0.36379,0.11891,0.031552,0.32018,0.11247,0.025408,0.2507,0.11111,0.02112,243,242,244,183,186,191,173,176,178,193,195,198,90,93,96,127,127,127,0.54341,0.53606,0.53322
1,7.8594e+05,-0.327,15.12,195,800,-0.36125,14.919,187.69,1293,0.30936,0.12365,0.028544,0.27177,0.11646,0.024128,0.25128,0.11215,0.021056,248,249,249,211,217,218,173,175,176,157,159,162,62,63,69,129,128,127,0.53691,0.53761,0.53484
1,7.8604e+05,-0.327,15.04,195,800,-0.36762,14.869,186.51,920.49,0.33569,0.12972,0.032384,0.28322,0.1246,0.026688,0.25766,0.11866,0.023168,252,252,251,234,232,224,172,176,179,148,149,151,56,62,68,132,128,127,0.53312,0.53623,0.53549
1,7.8614e+05,-0.327,14.96,195,800,-0.36019,14.781,186.91,676.2,0.33674,0.1357,0.0352,0.30254,0.12576,0.029376,0.27595,0.12171,0.0256,254,251,248,221,218,211,181,183,182,141,140,138,92,83,73,127,128,130,0.5289,0.53098,0.53306
1,7.8624e+05,-0.327,14.88,195,800,-0.37716,14.701,186.3,670.17,0.33058,0.11696,0.028416,0.27719,0.1103,0.022784,0.2503,0.1056,0.019072,246,245,245,189,193,195,183,184,182,136,136,136,101,87,73,132,130,129,0.52832,0.52999,0.53306
1,7.8634e+05,-0.327,14.8,195,800,-0.37398,14.638,188.3,648.06,0.2858,0.12632,0.027136,0.25307,0.11805,0.023232,0.2357,0.11632,0.020992,228,235,241,151,161,174,173,179,183,134,135,136,65,67,67,122,125,129,0.53241,0.53395,0.53404
1,7.8644e+05,-0.327,14.72,195,800,-0.36019,14.547,186.3,889.12,0.30047,0.1229,0.027328,0.26677,0.11837,0.023552,0.23632,0.11469,0.020032,243,243,243,186,183,183,185,183,180,137,139,140,58,58,60,127,124,124,0.52717,0.53242,0.53293
1,7.8654e+05,-0.327,14.64,195,800,-0.37504,14.473,187.38,760.96,0.30893,0.12266,0.028288,0.27539,0.1192,0.024576,0.25115,0.11384,0.02144,246,246,245,202,194,190,179,181,179,138,141,141,55,57,59,122,122,122,0.53222,0.53,0.53106
1,7.8664e+05,-0.327,14.56,195,800,-0.36125,14.376,187.39,533.34,0.29214,0.12329,0.027008,0.24878,0.11948,0.022784,0.23252,0.1115,0.019968,248,247,243,190,192,193,173,176,177,138,140,140,56,56,58,112,112,114,0.52364,0.53249,0.53317
1,7.8674e+05,-0.327,14.48,195,800,-0.36337,14.292,186.98,1042.8,0.30194,0.13996,0.032064,0.26992,0.13263,0.027712,0.24811,0.12572,0.024128,245,243,241,190,188,187,176,176,176,135,137,139,56,55,56,108,108,109,0.54022,0.53552,0.53196
1,7.8684e+05,-0.327,14.4,195,800,-0.35913,14.224,187.47,826.92,0.34974,0.13725,0.035456,0.30062,0.1317,0.02944,0.27075,0.12407,0.025024,229,234,238,172,177,185,173,173,172,134,136,137,51,52,53,101,103,104,0.53021,0.53037,0.53113
1,7.8694e+05,-0.327,14.32,195,800,-0.36762,14.146,187.08,659.84,0.32452,0.13389,0.033664,0.29182,0.12594,0.028416,0.26526,0.11979,0.024704,236,239,242,193,192,192,162,165,168,138,139,142,50,51,52,103,101,99,0.53779,0.53529,0.53401
1,7.8704e+05,-0.327,14.24,195,800,-0.36656,14.06,187.16,580.12,0.32665,0.13023,0.032064,0.28221,0.12396,0.026624,0.24856,0.11922,0.0224,239,242,244,199,197,196,163,165,168,144,145,147,50,51,52,97,96,94,0.53433,0.53194,0.53288
1,7.8714e+05,-0.327,14.16,195,800,-0.36549,13.988,187.78,679.5,0.34062,0.12625,0.032,0.29454,0.12117,0.02688,0.26678,0.118,0.02368,245,246,247,188,192,199,173,173,173,162,160,159,52,53,55,82,82,83,0.52357,0.53053,0.53159
1,7.8724e+05,-0.327,14.08,195,800,-0.36974,13.914,186.17,714.33,0.31155,0.12413,0.028416,0.26296,0.1183,0.023744,0.23313,0.11359,0.020352,249,247,247,191,194,197,177,177,176,166,165,165,52,55,57,76,76,78,0.53874,0.53437,0.53358
1,7.8734e+05,-0.327,14,195,800,-0.36656,13.838,186.84,945.84,0.32087,0.12676,0.030208,0.28517,0.1202,0.025728,0.25252,0.11769,0.022336,243,246,248,198,196,195,178,177,176,171,172,172,61,60,61,70,71,72,0.51623,0.53122,0.53166
1,7.8744e+05,-0.327,13.92,195,800,-0.37398,13.755,186.64,856.43,0.32396,0.12966,0.02976,0.2677,0.12425,0.024448,0.23764,0.12075,0.021312,248,249,249,197,198,196,165,169,172,174,172,171,61,62,63,72,72,73,0.54238,0.53208,0.53185
1,7.8754e+05,-0.327,13.84,195,800,-0.3708,13.684,186.86,836.62,0.28145,0.12201,0.025216,0.24583,0.11819,0.020736,0.21746,0.11045,0.017536,251,250,251,212,201,195,165,167,170,166,167,168,60,61,63,75,76,77,0.51898,0.52141,0.52767
1,7.8764e+05,-0.327,13.76,195,800,-0.34958,13.576,185.9,1067.2,0.26199,0.13103,0.025664,0.22718,0.12364,0.021632,0.20804,0.12018,0.019136,252,252,253,191,195,201,166,168,170,154,155,156,60,59,61,90,92,94,0.52971,0.52886,0.53129
1,7.8774e+05,-0.327,13.68,195,800,-0.36019,13.516,187.49,855.59,0.33995,0.11419,0.026112,0.25656,0.11003,0.019968,0.20745,0.10657,0.016256,255,253,253,182,194,204,172,169,169,151,150,151,55,57,59,104,105,103,0.5301,0.52888,0.52875
1,7.8784e+05,-0.327,13.6,195,800,-0.36868,13.431,187.1,938.06,0.32616,0.12092,0.028288,0.28287,0.11667,0.023296,0.24344,0.11261,0.020096,254,253,253,210,211,211,162,165,168,138,139,142,52,54,57,129,122,114,0.55452,0.53793,0.53329
1,7.8794e+05,-0.327,13.52,195,800,-0.33791,13.345,187.4,1179.8,0.28076,0.13005,0.027712,0.25102,0.12681,0.024512,0.23929,0.12052,0.022144,254,253,253,208,206,206,172,170,169,136,136,137,57,58,60,113,112,110,0.5177,0.52701,0.53017
1,7.8804e+05,-0.327,13.44,195,800,-0.36337,13.285,186.24,937.96,0.25812,0.12722,0.02496,0.2333,0.11834,0.021184,0.21164,0.11375,0.018496,253,252,252,195,196,203,176,174,170,133,134,136,62,61,61,102,105,107,0.52335,0.52883,0.53205
1,7.8814e+05,-0.327,13.36,195,800,-0.36443,13.208,186.23,769.16,0.29572,0.12416,0.026944,0.26922,0.11631,0.02272,0.25076,0.10951,0.020032,243,247,249,202,206,207,177,174,172,134,133,135,55,58,60,101,102,104,0.53749,0.53647,0.53556
1,7.8824e+05,-0.327,13.28,195,800,-0.36337,13.112,186.86,785.32,0.31894,0.1258,0.029056,0.28077,0.11731,0.024064,0.24638,0.11539,0.02176,246,247,247,233,220,212,173,173,172,135,134,134,52,56,58,104,105,105,0.53599,0.53477,0.53343
1,7.8834e+05,-0.327,13.2,195,800,-0.35913,13.042,186.88,983.35,0.27839,0.12633,0.026176,0.25994,0.11949,0.022848,0.23539,0.11376,0.020032,248,246,246,211,216,218,164,165,167,129,131,133,64,56,52,113,109,106,0.54511,0.53938,0.53743
1,7.8844e+05,-0.327,13.12,195,800,-0.35701,12.965,187.4,1098.1,0.27557,0.13034,0.027072,0.24857,0.12266,0.023232,0.22765,0.11955,0.020864,246,246,246,208,209,208,155,158,162,131,131,131,44,46,46,108,107,105,0.53749,0.53763,0.53778
1,7.8854e+05,-0.327,13.04,195,800,-0.36231,12.891,185.51,994.58,0.32569,0.12286,0.02848,0.27752,0.11507,0.023616,0.24683,0.11242,0.020928,247,247,247,220,207,200,160,159,161,133,132,130,42,42,43,108,105,104,0.52548,0.53394,0.53703
1,7.8864e+05,-0.327,12.96,195,800,-0.35488,12.811,186.73,1169.5,0.24938,0.12149,0.0224,0.21433,0.116,0.01888,0.19467,0.11241,0.016896,250,248,247,177,184,189,165,163,163,132,130,129,40,40,40,107,106,104,0.53986,0.53635,0.53495
1,7.8874e+05,-0.327,12.88,195,800,-0.3761,12.733,185.66,821.13,0.35017,0.13178,0.032448,0.29459,0.12767,0.027136,0.25286,0.12325,0.02336,246,246,247,177,182,188,163,163,165,132,130,129,39,40,40,107,105,105,0.54215,0.53686,0.53602
1,7.8884e+05,-0.327,12.8,195,800,-0.36656,12.647,186.42,936.22,0.29157,0.12638,0.027328,0.26154,0.12217,0.023552,0.22899,0.1177,0.020288,248,247,248,205,202,199,170,168,169,128,127,127,43,42,43,107,107,107,0.5342,0.53286,0.53439
1,7.8894e+05,-0.327,12.72,195,800,-0.36549,12.572,186.29,972.9,0.30286,0.12815,0.028288,0.27087,0.12258,0.02432,0.24987,0.11485,0.02112,250,250,249,225,220,213,171,171,172,122,124,126,44,45,47,112,110,109,0.54574,0.53718,0.53847
1,7.8904e+05,-0.327,12.64,195,800,-0.35807,12.485,186.98,1047,0.31082,0.1202,0.02688,0.26047,0.11727,0.022016,0.22022,0.11518,0.018752,249,249,249,239,223,210,169,170,173,128,126,127,43,46,50,106,108,109,0.53348,0.53751,0.53889
1,7.8914e+05,-0.327,12.56,195,800,-0.35701,12.412,186.29,1402.2,0.23452,0.11918,0.021312,0.21702,0.11342,0.018624,0.19798,0.10852,0.016512,246,246,246,196,198,198,177,178,179,135,134,134,54,54,54,105,106,107,0.54258,0.53863,0.53837
1,7.8924e+05,-0.327,12.48,195,800,-0.36868,12.337,186.69,795.5,0.32024,0.12843,0.030656,0.29352,0.12035,0.026176,0.26512,0.114,0.0224,246,245,244,186,186,189,192,187,182,140,140,140,59,58,56,105,105,105,0.53703,0.53775,0.53788
1,7.8934e+05,-0.327,12.4,195,800,-0.3708,12.271,184.37,722.91,0.3143,0.11905,0.027648,0.25575,0.11409,0.022144,0.21771,0.11201,0.01856,244,243,242,171,173,176,193,192,187,154,153,154,58,57,58,100,100,101,0.55738,0.5441,0.54164
1,7.8944e+05,-0.327,12.32,195,800,-0.36762,12.178,185.45,624.77,0.2598,0.12529,0.025024,0.24022,0.11999,0.022208,0.22185,0.11567,0.019648,243,245,244,166,175,178,187,183,183,170,166,164,57,60,62,98,97,97,0.54117,0.54346,0.54309
1,7.8954e+05,-0.327,12.24,195,800,-0.35488,12.085,186.09,880.14,0.2976,0.12041,0.02592,0.25316,0.11595,0.021888,0.22547,0.11061,0.018304,251,248,244,192,182,179,175,181,182,172,170,166,62,63,63,98,97,95,0.53566,0.53919,0.53953
1,7.8964e+05,-0.327,12.16,195,800,-0.36125,12.001,186.46,1059.9,0.24644,0.12431,0.023168,0.2266,0.11659,0.020096,0.20942,0.11183,0.018112,240,241,242,183,187,192,192,188,183,166,169,171,61,62,62,92,91,90,0.53934,0.53957,0.54019
1,7.8974e+05,-0.327,12.08,195,800,-0.36974,11.933,186.1,996.85,0.26994,0.12041,0.023552,0.23046,0.11653,0.019008,0.20111,0.10964,0.01664,236,238,240,193,195,197,192,190,185,170,172,175,56,59,62,89,88,87,0.54155,0.542,0.53915
1,7.8984e+05,-0.327,12,195,800,-0.36656,11.874,185.68,787.23,0.31858,0.12137,0.027712,0.27046,0.11831,0.023424,0.24717,0.11407,0.020352,242,242,242,207,208,208,193,188,185,179,183,187,69,66,64,78,79,81,0.54855,0.53943,0.53856
1,7.8994e+05,-0.327,11.92,195,800,-0.37398,11.78,186.38,946.45,0.33701,0.11782,0.029696,0.30767,0.11046,0.025152,0.27477,0.10456,0.020864,249,250,249,195,207,215,180,181,180,195,197,197,74,70,68,77,79,81,0.53918,0.54433,0.5459
1,7.9004e+05,-0.327,11.84,195,800,-0.36019,11.698,185.16,640.74,0.27031,0.12779,0.02624,0.24835,0.11853,0.0224,0.22646,0.11572,0.01984,255,253,251,212,215,215,181,179,179,198,199,197,67,69,69,82,83,84,0.53565,0.54418,0.54836
1,7.9014e+05,-0.327,11.76,195,800,-0.34534,11.604,186.25,924.49,0.2863,0.12335,0.026752,0.25668,0.11808,0.02272,0.23158,0.11246,0.019712,255,254,253,211,220,218,180,182,182,177,183,187,72,69,68,89,91,92,0.55292,0.54751,0.54998
1,7.9024e+05,-0.327,11.68,195,800,-0.36549,11.538,186.28,1034.7,0.31548,0.12861,0.030208,0.28474,0.12051,0.025536,0.25432,0.11771,0.022528,255,254,253,218,215,221,192,187,184,172,177,180,66,67,68,94,95,97,0.5547,0.55126,0.55115
1,7.9034e+05,-0.327,11.6,195,800,-0.36656,11.46,186.85,911.91,0.26382,0.11777,0.022784,0.23395,0.11348,0.019392,0.20634,0.11169,0.017024,255,254,254,227,227,225,185,183,180,169,166,162,67,68,70,107,111,114,0.55882,0.55539,0.55331
1,7.9044e+05,-0.327,11.52,195,800,-0.36868,11.373,187.3,1089.5,0.33049,0.12199,0.02944,0.30199,0.11479,0.025344,0.28734,0.10913,0.02208,255,255,254,230,226,222,160,163,169,133,136,139,70,67,67,142,140,142,0.54825,0.54981,0.55267
1,7.9054e+05,-0.327,11.44,195,800,-0.36231,11.297,186.55,713.13,0.31443,0.12369,0.028224,0.26929,0.11884,0.023552,0.24221,0.11183,0.020224,255,254,253,211,213,216,154,160,169,117,123,129,59,61,64,153,157,162,0.56403,0.56016,0.55643
1,7.9064e+05,-0.327,11.36,195,800,-0.38247,11.24,187.14,848.31,0.28499,0.13491,0.028864,0.25701,0.12783,0.02496,0.23874,0.12371,0.022336,249,251,251,197,198,202,176,179,179,115,117,120,57,55,56,204,207,208,0.57084,0.56069,0.55739
1,7.9074e+05,-0.327,11.28,195,800,-0.36443,11.15,186.39,754.67,0.27833,0.12925,0.026752,0.24544,0.12369,0.022592,0.22124,0.11874,0.019712,248,249,250,198,197,198,191,189,185,115,119,123,57,55,56,239,234,226,0.56688,0.56326,0.5614
1,7.9084e+05,-0.327,11.2,195,800,-0.36762,11.078,187.91,750.72,0.29614,0.12768,0.02688,0.2422,0.12182,0.022016,0.20426,0.11962,0.019072,246,247,247,205,202,195,185,186,186,135,139,148,55,60,67,248,245,238,0.56769,0.56659,0.56573
1,7.9094e+05,-0.327,11.12,195,800,-0.35276,10.983,187.18,889.44,0.3485,0.12697,0.031936,0.29316,0.12037,0.026688,0.27373,0.11533,0.023936,248,246,245,210,198,187,172,174,177,198,199,197,94,104,112,210,215,217,0.57098,0.57367,0.57515
1,7.9104e+05,-0.327,11.04,195,800,-0.36019,10.911,187.53,1103.7,0.26097,0.13258,0.026496,0.23172,0.12706,0.022784,0.21018,0.12236,0.019904,247,246,244,191,185,181,173,172,174,234,228,220,160,152,138,197,201,205,0.57916,0.57748,0.56923
1,7.9411e+05,-0.234,11,195,800,-0.27213,10.927,-0.47108,675.11,0,0,0,0,0,0,0,0,0,240,241,242,162,165,169,175,174,174,255,250,241,137,140,142,196,198,197,0.50917,0.51026,0.51538
1,7.9421e+05,-0.234,11.08,195,800,-0.27849,10.999,186.04,631.75,0.16542,0.12732,0.016704,0.15552,0.12386,0.015168,0.15108,0.11416,0.01376,237,240,243,166,170,176,174,175,178,212,209,203,93,97,105,239,228,219,0.58901,0.58817,0.58381
1,7.9431e+05,-0.234,11.16,195,800,-0.29122,11.097,187.59,889.51,0.21109,0.12809,0.020736,0.1964,0.11754,0.017984,0.1781,0.11533,0.016,237,240,244,168,176,183,177,180,182,168,174,179,87,83,84,250,242,231,0.56758,0.56899,0.56974
1,7.9441e+05,-0.234,11.24,195,800,-0.29335,11.151,185.55,954.57,0.27553,0.1342,0.02816,0.26529,0.12148,0.024576,0.25572,0.11211,0.021824,249,247,246,205,199,195,204,199,191,130,134,138,64,64,65,252,243,230,0.56532,0.55719,0.56213
1,7.9451e+05,-0.234,11.32,195,800,-0.27319,11.23,186.73,1140.4,0.31589,0.12749,0.030016,0.2876,0.11848,0.025344,0.25901,0.11472,0.022464,251,250,248,204,204,202,210,200,189,131,128,129,56,59,61,230,223,216,0.55371,0.55558,0.55803
1,7.9461e+05,-0.234,11.4,195,800,-0.2647,11.295,185.73,1074.6,0.27046,0.12817,0.025728,0.25119,0.11776,0.022208,0.22959,0.11437,0.019712,253,252,251,216,213,213,170,174,177,121,123,127,58,62,65,168,169,172,0.55726,0.55844,0.5562
1,7.9471e+05,-0.234,11.48,195,800,-0.26364,11.368,186.35,704.65,0.3396,0.12817,0.031872,0.29637,0.11898,0.025728,0.25706,0.11477,0.022336,253,253,253,219,227,226,160,164,170,137,139,142,77,75,72,126,129,132,0.54695,0.55348,0.55445
1,7.9481e+05,-0.234,11.56,195,800,-0.26788,11.435,187.07,807.57,0.3639,0.13358,0.03712,0.34445,0.12489,0.032448,0.32946,0.11608,0.028608,255,254,253,229,231,230,167,173,175,154,154,153,78,77,74,111,114,118,0.5573,0.55172,0.55032
1,7.9491e+05,-0.234,11.64,195,800,-0.26364,11.527,187.09,965.24,0.29702,0.12161,0.026304,0.27294,0.11198,0.022464,0.2604,0.10702,0.019584,253,253,254,242,238,230,200,193,185,176,174,172,68,72,74,95,98,101,0.54476,0.55089,0.55089
1,7.9501e+05,-0.234,11.72,195,800,-0.2456,11.586,185.67,836.29,0.23346,0.13241,0.024064,0.22564,0.12528,0.021632,0.21715,0.1164,0.01984,251,253,254,244,236,230,194,193,186,174,178,180,71,71,72,94,95,97,0.56079,0.55473,0.551
1,7.9511e+05,-0.234,11.8,195,800,-0.2838,11.69,184.86,794.8,0.30179,0.12637,0.02848,0.27689,0.11591,0.024064,0.24955,0.11297,0.021248,255,255,254,233,230,225,170,175,178,194,194,193,68,69,71,98,96,93,0.54954,0.54945,0.54926
1,7.9521e+05,-0.234,11.88,195,800,-0.27,11.769,186.15,735.77,0.33381,0.12832,0.031232,0.2936,0.11649,0.025216,0.26361,0.11418,0.02272,253,253,251,237,229,224,167,171,175,205,203,200,68,69,70,86,88,89,0.53712,0.54222,0.54514
1,7.9531e+05,-0.234,11.96,195,800,-0.27319,11.843,184.9,1148.6,0.31207,0.12123,0.028416,0.2792,0.1132,0.023296,0.25171,0.10937,0.01952,252,251,249,241,229,218,174,174,176,202,200,197,68,69,68,82,84,86,0.53503,0.53874,0.5403
1,7.9541e+05,-0.234,12.04,195,800,-0.28061,11.928,188.04,1016.7,0.26696,0.12731,0.026432,0.24433,0.12227,0.023168,0.22841,0.11325,0.020096,238,241,242,207,207,204,171,177,180,181,184,184,58,61,64,84,86,87,0.54477,0.53807,0.54065
1,7.9551e+05,-0.234,12.12,195,800,-0.25727,11.982,185.92,601.86,0.27103,0.12278,0.024192,0.23679,0.11199,0.02016,0.21246,0.10939,0.0176,233,237,242,191,191,194,176,178,180,174,177,178,57,60,63,91,90,89,0.53393,0.53798,0.53943
1,7.9561e+05,-0.234,12.2,195,800,-0.27107,12.081,184.87,574.37,0.32589,0.12565,0.030464,0.28262,0.12122,0.025536,0.25225,0.11684,0.021888,240,242,243,173,181,184,175,179,180,168,168,168,62,61,61,90,92,93,0.55616,0.5456,0.54122
1,7.9571e+05,-0.234,12.28,195,800,-0.27319,12.161,185.09,557.6,0.2949,0.12495,0.027904,0.2717,0.11827,0.024064,0.24552,0.10884,0.01984,246,247,246,193,184,178,178,177,179,162,163,162,62,58,59,96,94,95,0.53801,0.53984,0.5397
1,7.9581e+05,-0.234,12.36,195,800,-0.27955,12.233,185.83,1099.5,0.33889,0.12097,0.028032,0.28139,0.11244,0.022656,0.24315,0.10924,0.019072,246,246,246,174,179,177,174,177,181,157,160,159,59,57,57,95,96,97,0.52711,0.53529,0.53756
1,7.9591e+05,-0.234,12.44,195,800,-0.27955,12.314,185.96,727.98,0.30042,0.11519,0.024576,0.26234,0.10648,0.020288,0.23027,0.10276,0.017152,243,245,245,171,171,174,185,184,182,148,151,150,52,53,55,101,100,99,0.53668,0.54118,0.54147
1,7.9601e+05,-0.234,12.52,195,800,-0.27955,12.397,186.16,543.02,0.29402,0.12542,0.027264,0.25722,0.11961,0.02368,0.23912,0.1172,0.021376,246,246,246,165,173,180,186,184,180,143,145,145,52,52,54,99,101,102,0.54016,0.53966,0.53885
1,7.9611e+05,-0.234,12.6,195,800,-0.27955,12.474,186.7,787.03,0.30351,0.12084,0.027072,0.26361,0.11689,0.023104,0.23503,0.11272,0.020032,247,247,246,196,197,197,172,171,174,133,135,136,52,54,55,108,106,104,0.52855,0.5399,0.53765
1,7.9621e+05,-0.234,12.68,195,800,-0.2647,12.547,185.96,749.34,0.22842,0.11717,0.018816,0.19134,0.11224,0.015744,0.17465,0.10783,0.013952,247,247,247,201,207,207,169,169,168,132,133,133,63,59,53,105,106,106,0.55016,0.54302,0.5392
1,7.9631e+05,-0.234,12.76,195,800,-0.28274,12.638,185.96,1281,0.29178,0.12939,0.028096,0.25856,0.1215,0.023616,0.23248,0.11756,0.020288,248,247,246,204,204,202,175,170,167,136,134,132,55,53,51,103,105,105,0.52964,0.53761,0.53517
1,7.9641e+05,-0.234,12.84,195,800,-0.26364,12.706,185.73,767.58,0.30947,0.1245,0.028288,0.27547,0.11833,0.024192,0.24701,0.11166,0.020608,244,245,245,175,178,183,165,168,169,132,132,130,37,40,43,105,103,103,0.53449,0.53453,0.53428
1,7.9651e+05,-0.234,12.92,195,800,-0.27,12.776,186.11,470.46,0.27843,0.12416,0.026368,0.24353,0.11689,0.02176,0.22124,0.11023,0.018944,246,245,244,156,168,181,172,170,169,127,128,129,38,38,40,104,103,102,0.53331,0.53189,0.53496
1,7.9661e+05,-0.234,13,195,800,-0.29759,12.883,187.19,779.04,0.3046,0.12231,0.027008,0.27298,0.11497,0.02272,0.23815,0.11306,0.019904,247,246,245,186,185,186,171,171,168,128,129,130,38,40,41,104,103,101,0.54057,0.53745,0.53706
1,7.9671e+05,-0.234,13.08,195,800,-0.27955,12.951,186.23,769.46,0.27506,0.13028,0.026496,0.23637,0.12614,0.022528,0.21039,0.11943,0.019456,246,245,244,197,199,204,160,165,168,136,136,134,44,45,46,100,102,102,0.52877,0.53399,0.53628
1,7.9681e+05,-0.234,13.16,195,800,-0.27743,13.046,186.56,1066.1,0.25326,0.13359,0.02624,0.22898,0.12668,0.022592,0.21292,0.12406,0.020544,244,243,244,207,211,214,170,169,169,140,138,137,47,48,50,103,103,103,0.54845,0.54288,0.53792
1,7.9691e+05,-0.234,13.24,195,800,-0.27531,13.116,185.06,878.35,0.31606,0.12394,0.027648,0.27325,0.11954,0.02304,0.23892,0.11296,0.019456,241,244,245,251,235,219,173,171,168,143,143,142,53,55,57,108,105,104,0.51428,0.53051,0.53359
1,7.9701e+05,-0.234,13.32,195,800,-0.27,13.185,185.29,466.64,0.28229,0.12706,0.026112,0.25177,0.11688,0.022144,0.23277,0.11496,0.019392,251,248,246,223,223,217,161,164,167,146,144,143,61,62,63,104,103,103,0.5178,0.53503,0.53574
1,7.9711e+05,-0.234,13.4,195,800,-0.27743,13.273,185.06,1177.8,0.3293,0.13415,0.02976,0.27379,0.12617,0.024064,0.2338,0.12243,0.020992,252,251,250,188,195,206,163,163,165,144,145,145,89,79,71,99,99,101,0.5267,0.52966,0.5317
1,7.9721e+05,-0.234,13.48,195,800,-0.27531,13.342,184.93,680.39,0.27017,0.12142,0.024192,0.23002,0.11716,0.02016,0.20632,0.11392,0.017728,254,252,251,221,214,208,170,168,169,147,146,145,72,74,73,102,104,105,0.52357,0.52884,0.53263
1,7.9731e+05,-0.234,13.56,195,800,-0.27531,13.425,185.55,1102.2,0.28521,0.12193,0.024768,0.23813,0.11834,0.0208,0.21276,0.11459,0.017664,253,253,252,231,222,212,165,168,171,144,145,146,66,69,71,108,110,110,0.54507,0.53514,0.53031
1,7.9741e+05,-0.234,13.64,195,800,-0.2647,13.494,184.45,813.69,0.32103,0.1341,0.029248,0.25424,0.12623,0.023744,0.22197,0.12339,0.020608,255,254,253,229,220,210,175,174,175,145,147,150,69,66,66,126,118,110,0.55226,0.5304,0.52843
1,7.9751e+05,-0.234,13.72,195,800,-0.27531,13.589,186.74,789.51,0.24458,0.12953,0.023808,0.21352,0.12273,0.020224,0.19599,0.11747,0.017408,255,254,253,230,213,206,178,177,176,148,150,152,64,64,64,118,111,105,0.52262,0.52398,0.5258
1,7.9761e+05,-0.234,13.8,195,800,-0.27425,13.664,184.79,806.89,0.26578,0.12121,0.023552,0.24383,0.11465,0.020544,0.22362,0.10963,0.018112,253,253,252,199,202,201,186,180,176,153,157,163,61,61,63,85,85,87,0.50075,0.52507,0.52907
1,7.9771e+05,-0.234,13.88,195,800,-0.27955,13.74,186.18,667.28,0.28893,0.12381,0.0256,0.26038,0.11442,0.022016,0.24286,0.11248,0.020032,250,250,249,190,193,197,178,176,176,177,176,175,66,65,65,72,73,75,0.53306,0.5295,0.52747
1,7.9781e+05,-0.234,13.96,195,800,-0.27637,13.819,186.82,1112.8,0.2882,0.12852,0.028032,0.26151,0.11903,0.023872,0.24559,0.11376,0.021312,247,247,248,178,186,195,178,177,175,183,183,179,68,67,66,71,72,74,0.54541,0.5373,0.53279
1,7.9791e+05,-0.234,14.04,195,800,-0.27107,13.899,186.88,784.99,0.28938,0.12296,0.026112,0.25125,0.11986,0.022528,0.23472,0.11001,0.019584,243,244,245,186,189,194,181,178,176,179,178,177,64,64,64,77,78,79,0.52284,0.52968,0.53271
1,7.9801e+05,-0.234,14.12,195,800,-0.27213,13.971,186.59,965.54,0.30524,0.12681,0.029056,0.27177,0.12481,0.025664,0.25247,0.11516,0.022144,242,243,245,195,195,197,177,177,175,169,170,170,60,61,62,83,82,84,0.53158,0.53021,0.53072
1,7.9811e+05,-0.234,14.2,195,800,-0.27637,14.055,186.19,909.83,0.27207,0.12813,0.02656,0.25277,0.12225,0.023744,0.24293,0.1155,0.02144,249,247,246,206,208,205,172,173,172,152,153,154,57,57,57,88,91,97,0.52886,0.52853,0.52883
1,7.9821e+05,-0.234,14.28,195,800,-0.26788,14.134,185.87,674.26,0.28281,0.1281,0.027264,0.25079,0.12246,0.023232,0.2362,0.11652,0.02112,251,247,243,199,196,194,162,165,169,139,140,142,55,55,56,106,106,107,0.52709,0.53064,0.53037
1,7.9831e+05,-0.234,14.36,195,800,-0.27531,14.225,186.49,1002.1,0.31183,0.13179,0.031296,0.293,0.12346,0.027072,0.27325,0.116,0.024,247,243,241,168,179,187,161,166,171,134,136,139,55,55,56,113,109,109,0.54218,0.5404,0.53361
1,7.9841e+05,-0.234,14.44,195,800,-0.26682,14.301,186.81,934.98,0.2841,0.12817,0.02784,0.26026,0.12212,0.024128,0.24329,0.1134,0.02112,241,240,239,171,172,178,187,181,176,135,136,138,54,56,59,104,107,113,0.52167,0.52765,0.52905
1,7.9851e+05,-0.234,14.52,195,800,-0.27955,14.382,187.12,1091.8,0.31643,0.12429,0.028672,0.27547,0.12038,0.024256,0.25114,0.11305,0.021376,242,242,240,185,184,183,188,184,179,138,139,139,58,61,64,106,110,117,0.5347,0.53097,0.5309
1,7.9861e+05,-0.234,14.6,195,800,-0.25939,14.443,186.12,972.7,0.25415,0.12456,0.024128,0.23201,0.11623,0.021056,0.21525,0.11115,0.018496,250,246,243,216,203,193,176,178,180,144,142,141,77,75,70,123,129,136,0.53705,0.53345,0.53075
1,7.9871e+05,-0.234,14.68,195,800,-0.27955,14.529,186.05,742.08,0.32522,0.12995,0.03168,0.2929,0.12339,0.027008,0.2614,0.1179,0.023232,245,245,243,182,187,187,182,182,181,141,141,140,61,66,68,137,145,153,0.53551,0.53117,0.53018
1,7.9881e+05,-0.234,14.76,195,800,-0.26682,14.606,186.17,725.13,0.27692,0.12115,0.024448,0.23674,0.11575,0.020032,0.19427,0.11608,0.017152,247,243,241,175,175,181,186,184,182,141,139,138,59,60,66,139,149,160,0.53142,0.53115,0.53191
1,7.9891e+05,-0.234,14.84,195,800,-0.26045,14.664,186.46,526.23,0.32658,0.12335,0.029504,0.2889,0.11903,0.025344,0.25047,0.11445,0.02176,236,239,242,171,175,184,188,185,184,132,134,136,61,64,66,145,154,163,0.53974,0.5352,0.53451
1,7.9901e+05,-0.234,14.92,195,800,-0.27,14.769,186.89,802.56,0.29237,0.12115,0.02592,0.25497,0.11604,0.021632,0.23654,0.11135,0.019328,241,243,244,184,189,195,188,185,183,138,136,136,65,66,66,145,153,161,0.53557,0.53419,0.53427
1,7.9911e+05,-0.234,15,195,800,-0.26682,14.846,188.13,819.27,0.30194,0.12831,0.028864,0.27874,0.11857,0.024768,0.2425,0.1181,0.022016,254,253,250,233,227,216,180,183,183,138,140,143,58,61,65,135,144,153,0.52559,0.53024,0.53256
1,7.9921e+05,-0.234,15.08,195,800,-0.27531,14.908,185.84,812.5,0.34221,0.12698,0.032512,0.30132,0.12245,0.02752,0.28096,0.11761,0.024512,254,252,250,225,221,215,195,186,179,156,157,161,61,61,65,126,134,143,0.53958,0.53469,0.53373
1,7.9931e+05,-0.234,15.16,195,800,-0.27107,15.01,187.6,833.96,0.28341,0.12938,0.027648,0.24999,0.1219,0.023488,0.22683,0.11868,0.02048,252,250,249,203,205,205,183,182,180,173,175,176,65,68,72,124,131,140,0.53142,0.53064,0.53325
1,7.9941e+05,-0.234,15.24,195,800,-0.25727,15.077,187.26,787.67,0.32133,0.12989,0.03008,0.27107,0.12204,0.02432,0.23799,0.11736,0.020416,246,246,246,171,176,182,186,183,182,216,217,214,98,97,92,128,130,135,0.53487,0.53324,0.53399
1,7.9951e+05,-0.234,15.32,195,800,-0.26576,15.16,185.53,630.56,0.26158,0.12384,0.024576,0.23903,0.11812,0.020992,0.21689,0.11095,0.018176,243,244,245,164,169,176,187,187,184,244,236,230,117,107,97,128,130,135,0.52918,0.53434,0.5359
1,7.9961e+05,-0.234,15.4,195,800,-0.28486,15.251,188.03,1030.6,0.26879,0.12618,0.025792,0.24254,0.12217,0.022528,0.22807,0.11403,0.01984,244,243,241,171,172,170,189,187,185,251,253,251,95,99,104,131,132,134,0.54549,0.53578,0.53765
1,7.9971e+05,-0.234,15.48,195,800,-0.27107,15.322,185.98,1025.4,0.28651,0.12155,0.024576,0.23554,0.11974,0.020608,0.20744,0.11362,0.01792,234,234,233,166,167,165,176,178,179,255,255,254,114,118,122,119,125,131,0.52944,0.53362,0.53746
1,7.9981e+05,-0.234,15.56,195,800,-0.29653,15.428,185.55,1114.2,0.29252,0.12644,0.027776,0.26336,0.11654,0.022976,0.23475,0.11415,0.020288,224,227,229,157,159,161,174,177,177,255,255,255,145,143,137,114,121,127,0.54667,0.54517,0.54513
1,7.9991e+05,-0.234,15.64,195,800,-0.26576,15.475,186.18,962.7,0.2733,0.12871,0.026624,0.24625,0.12375,0.022976,0.22513,0.11852,0.020288,222,225,229,150,157,166,178,172,166,255,255,255,174,165,155,112,113,117,0.54813,0.54726,0.55004
1,8.0001e+05,-0.234,15.72,195,800,-0.25197,15.531,185.89,899.6,0.26703,0.14432,0.028864,0.23796,0.13519,0.025024,0.21936,0.13402,0.022784,233,233,233,169,175,183,162,163,161,255,255,255,156,157,156,104,107,114,0.55283,0.55343,0.55299
1,8.0011e+05,-0.234,15.8,195,800,-0.27743,15.628,186.16,526.91,0.27419,0.13082,0.02784,0.24982,0.12554,0.024512,0.2312,0.11872,0.021504,250,249,246,244,235,223,150,151,158,255,255,255,147,148,148,101,104,110,0.56169,0.5598,0.55842
1,8.0021e+05,-0.234,15.88,195,800,-0.27,15.714,185.92,881.19,0.30805,0.13599,0.030464,0.26713,0.13122,0.026752,0.24373,0.12769,0.024,253,252,250,255,253,245,168,175,181,255,255,255,143,143,142,111,118,128,0.56028,0.56655,0.56754
1,8.0031e+05,-0.234,15.96,195,800,-0.26682,15.789,186.43,974.48,0.26647,0.13558,0.026368,0.20925,0.13099,0.021312,0.19872,0.12547,0.019328,247,249,249,252,245,243,196,199,195,255,255,255,134,136,139,135,144,143,0.58748,0.5849,0.58202
1,8.0338e+05,-0.141,16,195,800,-0.18513,15.77,0.21086,755.69,0,0,0,0,0,0,0,0,0,247,249,250,210,221,227,252,242,223,255,255,255,130,135,137,168,164,163,0.58166,0.57643,0.55504
1,8.0348e+05,-0.141,15.92,195,800,-0.17345,15.681,188.4,897.32,0.29682,0.11588,0.020672,0.22258,0.11491,0.01632,0.15569,0.11328,0.013696,255,254,251,251,245,234,211,203,195,255,255,255,162,157,149,118,129,142,0.59159,0.58218,0.58245
1,8.0358e+05,-0.141,15.84,195,800,-0.183,15.637,186.24,1012,0.28891,0.12315,0.025728,0.25755,0.11936,0.021632,0.19327,0.11791,0.016512,253,252,250,249,239,228,171,177,180,255,255,255,176,165,152,119,124,133,0.55815,0.56657,0.56823
1,8.0368e+05,-0.141,15.76,195,800,-0.17452,15.564,186.6,942.8,0.25482,0.13939,0.02784,0.23714,0.13054,0.024256,0.22096,0.12715,0.021888,241,240,239,183,187,191,153,158,164,255,255,255,158,152,148,135,134,134,0.55061,0.56003,0.56059
1,8.0378e+05,-0.141,15.68,195,800,-0.18725,15.499,187.66,451.62,0.37438,0.13713,0.039552,0.34924,0.12597,0.03392,0.31636,0.12003,0.029248,230,231,234,154,162,172,164,164,165,255,255,255,137,141,143,138,138,137,0.55809,0.55399,0.55488
1,8.0388e+05,-0.141,15.6,195,800,-0.18194,15.416,186.72,605.87,0.30967,0.14769,0.034624,0.274,0.14022,0.028608,0.24531,0.13228,0.024512,225,226,229,144,147,154,165,168,169,255,255,255,134,134,131,145,143,142,0.53954,0.54716,0.55023
1,8.0398e+05,-0.141,15.52,195,800,-0.17239,15.34,187.78,455.78,0.42322,0.14469,0.044352,0.37161,0.12916,0.035968,0.3215,0.11782,0.029184,239,236,235,164,162,164,174,173,175,255,255,254,119,115,113,155,152,149,0.5457,0.5437,0.54348
1,8.0408e+05,-0.141,15.44,195,800,-0.1639,15.241,187.69,1064.6,0.36501,0.14252,0.039616,0.30666,0.13469,0.03136,0.25995,0.13208,0.026816,241,241,240,174,172,172,184,180,178,255,253,253,97,100,105,161,155,150,0.54675,0.54376,0.54032
1,8.0418e+05,-0.141,15.36,195,800,-0.17239,15.162,186.45,867.79,0.38268,0.15434,0.04576,0.34603,0.1459,0.039424,0.32421,0.1362,0.03424,250,248,247,179,180,184,191,189,187,249,245,240,87,89,91,152,153,154,0.54054,0.53958,0.53719
1,8.0428e+05,-0.141,15.28,195,800,-0.19043,15.113,188.48,769.67,0.42701,0.1353,0.042944,0.37038,0.12701,0.03552,0.32996,0.11789,0.029056,250,249,249,173,183,191,197,192,187,236,230,226,85,86,87,152,152,154,0.52675,0.53447,0.53664
1,8.0438e+05,-0.141,15.2,195,800,-0.17345,15.032,185.88,516.22,0.39291,0.14247,0.039424,0.26415,0.13993,0.028992,0.22921,0.13517,0.024192,248,249,250,209,204,202,170,179,185,187,189,192,70,72,76,158,160,160,0.53176,0.53305,0.53387
1,8.0448e+05,-0.141,15.12,195,800,-0.17982,14.95,186.52,694.21,0.37711,0.13474,0.038656,0.3358,0.12362,0.031424,0.30526,0.11824,0.027392,245,248,250,208,211,212,174,178,182,157,157,159,60,61,64,185,175,166,0.52931,0.53232,0.53277
1,8.0458e+05,-0.141,15.04,195,800,-0.17558,14.858,186.77,740.69,0.2873,0.14423,0.031488,0.25829,0.13767,0.027392,0.24214,0.1321,0.024832,248,248,249,215,212,211,181,182,183,142,145,149,60,59,61,193,179,171,0.53091,0.5282,0.53168
1,8.0468e+05,-0.141,14.96,195,800,-0.17664,14.783,185.8,889.91,0.34749,0.14141,0.036672,0.31442,0.13089,0.030784,0.29024,0.12086,0.02656,246,246,246,206,202,202,189,186,184,132,133,136,59,60,61,212,197,185,0.53267,0.53564,0.53261
1,8.0478e+05,-0.141,14.88,195,800,-0.18194,14.705,186.18,929.4,0.39884,0.1332,0.039168,0.33759,0.12368,0.030528,0.2909,0.11889,0.024832,245,243,244,191,193,198,187,184,182,128,131,135,60,60,61,233,211,193,0.53614,0.53014,0.53026
1,8.0488e+05,-0.141,14.8,195,800,-0.18513,14.623,186.98,831.01,0.42873,0.13428,0.043392,0.36476,0.12553,0.034496,0.32012,0.11721,0.028224,242,242,242,201,196,192,178,180,181,138,138,138,59,60,62,240,223,202,0.53558,0.53013,0.53016
1,8.0498e+05,-0.141,14.72,195,800,-0.18513,14.557,187.81,859.9,0.47701,0.12972,0.044992,0.35243,0.12521,0.032704,0.29316,0.11538,0.02528,240,243,242,185,194,193,191,183,178,143,144,143,68,76,75,224,207,188,0.52063,0.52856,0.5309
1,8.0508e+05,-0.141,14.64,195,800,-0.17982,14.459,186.39,947.27,0.32809,0.14405,0.035328,0.27901,0.14208,0.03072,0.25732,0.13546,0.026816,244,240,241,199,192,191,179,178,179,141,143,145,110,91,78,201,188,176,0.53124,0.53238,0.5332
1,8.0518e+05,-0.141,14.56,195,800,-0.17876,14.391,186.09,1040.6,0.38098,0.14513,0.042496,0.34373,0.13762,0.035968,0.30915,0.12858,0.0304,234,236,239,180,183,183,179,178,178,146,143,143,84,83,78,154,149,146,0.53474,0.52819,0.53012
1,8.0528e+05,-0.141,14.48,195,800,-0.1777,14.306,186.31,974.01,0.39159,0.13146,0.035712,0.32219,0.12266,0.027008,0.24774,0.11977,0.02208,239,237,237,173,174,177,184,180,177,142,142,143,66,69,72,135,133,134,0.54166,0.53057,0.52994
1,8.0538e+05,-0.141,14.4,195,800,-0.17876,14.229,186.26,1023.5,0.34374,0.1243,0.031744,0.30351,0.11744,0.026624,0.2778,0.11083,0.023104,229,235,240,174,176,181,173,174,177,142,141,141,61,62,65,114,122,133,0.5448,0.53288,0.53102
1,8.0548e+05,-0.141,14.32,195,800,-0.18088,14.148,185.43,1022.2,0.31024,0.13888,0.031424,0.25579,0.13337,0.02624,0.22544,0.12928,0.022528,247,245,244,227,212,199,176,174,173,142,143,145,65,65,66,140,141,136,0.52926,0.52979,0.5316
1,8.0558e+05,-0.141,14.24,195,800,-0.17239,14.065,185.24,651.51,0.36419,0.1416,0.039488,0.32103,0.13671,0.034176,0.29775,0.12983,0.03008,251,249,246,230,221,209,182,176,172,145,147,150,62,64,66,129,134,134,0.53026,0.5323,0.53221
1,8.0568e+05,-0.141,14.16,195,800,-0.183,14.005,186.72,685.54,0.44228,0.1498,0.050112,0.40931,0.13564,0.041856,0.37519,0.1258,0.03552,245,246,247,221,213,207,175,171,170,168,165,165,64,65,67,101,105,112,0.52526,0.531,0.53203
1,8.0578e+05,-0.141,14.08,195,800,-0.19255,13.927,186.21,948.75,0.34772,0.13949,0.034752,0.29557,0.13333,0.02912,0.268,0.12332,0.024832,243,244,246,196,201,203,169,168,169,176,176,174,70,69,69,96,96,100,0.52475,0.53308,0.53243
1,8.0588e+05,-0.141,14,195,800,-0.16921,13.842,185.21,945.51,0.36574,0.134,0.034048,0.30495,0.12481,0.027712,0.26629,0.11765,0.022976,249,248,246,205,200,198,169,171,172,204,195,185,77,75,72,80,83,86,0.52206,0.52688,0.52826
1,8.0598e+05,-0.141,13.92,195,800,-0.18088,13.759,184.57,1108.4,0.36372,0.12909,0.034368,0.31861,0.12233,0.029632,0.28646,0.11583,0.025216,251,250,249,203,207,203,177,178,177,188,185,180,75,72,70,74,77,80,0.53742,0.53201,0.52987
1,8.0608e+05,-0.141,13.84,195,800,-0.18406,13.681,185.21,865.84,0.31728,0.12234,0.028736,0.26407,0.1165,0.022592,0.23164,0.1134,0.019456,250,251,251,203,204,204,177,179,179,175,174,173,69,68,68,76,78,82,0.52915,0.52809,0.52701
1,8.0618e+05,-0.141,13.76,195,800,-0.19255,13.608,185.49,744.41,0.31156,0.13128,0.030656,0.27613,0.12662,0.026432,0.25057,0.12086,0.023168,255,254,251,190,201,206,182,182,180,170,164,162,66,67,70,91,93,95,0.53251,0.5281,0.52801
1,8.0628e+05,-0.141,13.68,195,800,-0.19573,13.531,186.1,603.29,0.30389,0.12944,0.028928,0.25908,0.12498,0.024064,0.22632,0.11846,0.020672,255,253,251,195,203,206,183,183,181,167,162,159,68,72,75,103,103,100,0.5298,0.52597,0.52615
1,8.0638e+05,-0.141,13.6,195,800,-0.1639,13.44,186.94,783.85,0.30971,0.12666,0.028608,0.25869,0.12175,0.023872,0.2307,0.11607,0.02048,249,249,249,203,207,209,193,185,178,156,156,158,90,87,83,109,105,104,0.53448,0.52801,0.52762
1,8.0648e+05,-0.141,13.52,195,800,-0.17345,13.359,186.87,819.49,0.27209,0.12559,0.02624,0.23925,0.11921,0.021696,0.22026,0.11193,0.019008,247,247,248,208,207,204,168,171,170,159,159,159,90,87,84,92,95,99,0.53304,0.52933,0.52952
1,8.0658e+05,-0.141,13.44,195,800,-0.18513,13.273,186.65,993.17,0.29972,0.12779,0.028096,0.24782,0.12536,0.023168,0.21499,0.11876,0.019776,244,247,249,203,203,205,156,161,165,160,160,158,85,82,79,93,95,98,0.53829,0.53378,0.5347
1,8.0668e+05,-0.141,13.36,195,800,-0.19467,13.227,186.86,589.85,0.29973,0.12237,0.026176,0.25294,0.11461,0.021952,0.22618,0.11201,0.018944,250,250,248,212,211,213,151,155,162,153,153,154,62,67,68,101,99,99,0.52975,0.53114,0.53372
1,8.0678e+05,-0.141,13.28,195,800,-0.19467,13.146,185.91,847.38,0.28149,0.12288,0.025024,0.24527,0.11627,0.021248,0.21633,0.11372,0.018368,250,248,246,227,223,216,158,162,165,153,152,150,59,61,63,102,101,100,0.52948,0.53664,0.53446
1,8.0688e+05,-0.141,13.2,195,800,-0.19467,13.059,186.41,536.12,0.30743,0.13257,0.031168,0.27806,0.12687,0.026944,0.25776,0.12221,0.024256,237,239,243,214,214,215,185,177,171,151,147,144,54,53,52,97,99,99,0.53607,0.53557,0.53301
1,8.0698e+05,-0.141,13.12,195,800,-0.17664,12.967,188.14,624.25,0.34454,0.12681,0.031296,0.29514,0.12088,0.025536,0.24638,0.11748,0.020736,246,243,243,197,198,201,170,172,172,135,136,136,46,46,47,94,94,97,0.52838,0.53441,0.53708
1,8.0708e+05,-0.141,13.04,195,800,-0.18513,12.897,187.53,459.11,0.25133,0.14053,0.026752,0.22566,0.13175,0.022656,0.20145,0.13059,0.019904,244,244,243,200,198,192,172,171,171,133,132,131,47,45,44,93,94,96,0.54056,0.53652,0.53554
1,8.0718e+05,-0.141,12.96,195,800,-0.16921,12.793,187.65,906.65,0.2894,0.1333,0.028736,0.25345,0.12448,0.023808,0.23116,0.12313,0.02144,238,240,243,174,173,178,177,174,170,121,123,126,43,43,42,92,94,97,0.54737,0.53832,0.53689
1,8.0728e+05,-0.141,12.88,195,800,-0.17345,12.741,184.69,813.54,0.36603,0.12714,0.033344,0.30831,0.12226,0.027392,0.27637,0.11533,0.022976,238,239,243,153,164,175,174,171,168,120,123,126,41,41,42,93,95,98,0.53466,0.53329,0.53289
1,8.0738e+05,-0.141,12.8,195,800,-0.19892,12.657,186.87,1035.5,0.28994,0.13287,0.029504,0.25783,0.12623,0.025152,0.23132,0.12222,0.021696,239,242,244,188,186,183,162,165,167,135,133,131,44,46,49,101,100,100,0.53417,0.53539,0.53485
1,8.0748e+05,-0.141,12.72,195,800,-0.19361,12.576,186.26,683.86,0.28813,0.14438,0.030656,0.25581,0.13567,0.026432,0.22693,0.13314,0.023168,245,245,245,213,204,195,166,165,166,138,137,135,75,66,59,102,103,103,0.53842,0.53894,0.5382
1,8.0758e+05,-0.141,12.64,195,800,-0.19255,12.493,186.79,679.32,0.3563,0.13176,0.034112,0.30297,0.12474,0.02784,0.26464,0.12217,0.024064,243,244,245,205,199,195,159,164,169,134,135,136,74,67,61,105,104,103,0.53265,0.53835,0.54021
1,8.0768e+05,-0.141,12.56,195,800,-0.17664,12.414,186.11,614.87,0.27875,0.12466,0.025472,0.24428,0.1204,0.021504,0.21581,0.11445,0.017984,245,246,246,183,183,186,175,177,176,142,141,141,53,56,60,101,101,102,0.53624,0.53914,0.53926
1,8.0778e+05,-0.141,12.48,195,800,-0.18194,12.324,187.19,1047.1,0.28024,0.1224,0.025856,0.25275,0.11408,0.02176,0.23006,0.10878,0.018816,248,248,247,169,175,181,188,183,179,151,149,146,54,56,60,98,99,100,0.54147,0.54223,0.5406
1,8.0788e+05,-0.141,12.4,195,800,-0.18831,12.253,186.4,786.46,0.31686,0.13739,0.03296,0.29222,0.13228,0.028928,0.27033,0.12787,0.026304,247,248,249,169,169,177,171,177,181,164,158,153,57,61,61,95,97,98,0.54281,0.54533,0.54342
1,8.0798e+05,-0.141,12.32,195,800,-0.17027,12.153,187.12,1123.3,0.40068,0.12578,0.03616,0.34378,0.11577,0.027968,0.28237,0.11371,0.022656,251,249,249,179,176,178,174,177,177,153,154,156,52,57,61,98,96,95,0.54791,0.54019,0.54018
1,8.0808e+05,-0.141,12.24,195,800,-0.17876,12.086,185.77,767.68,0.30976,0.13099,0.029952,0.25992,0.12284,0.02368,0.22278,0.12134,0.020416,248,250,248,172,178,180,180,177,178,153,155,158,56,58,61,90,94,94,0.52154,0.54297,0.5417
1,8.0818e+05,-0.141,12.16,195,800,-0.18513,12.017,185.22,1127.9,0.22426,0.12233,0.020992,0.19923,0.11619,0.017664,0.18309,0.10958,0.015488,242,244,245,189,184,186,174,176,177,168,169,171,69,65,61,94,92,91,0.53735,0.53822,0.53967
1,8.0828e+05,-0.141,12.08,195,800,-0.18194,11.933,185.81,597.62,0.26552,0.11193,0.020992,0.23346,0.10765,0.017728,0.19975,0.10516,0.015168,237,242,245,192,192,193,175,176,176,182,180,180,66,65,63,92,92,90,0.53025,0.53627,0.53884
1,8.0838e+05,-0.141,12,195,800,-0.17664,11.856,186.12,863.05,0.27817,0.13059,0.027008,0.25068,0.12392,0.023488,0.23313,0.11719,0.020736,248,248,247,215,214,211,174,174,174,204,202,198,66,66,66,89,89,90,0.55325,0.54326,0.54055
1,8.0848e+05,-0.141,11.92,195,800,-0.19786,11.798,187.49,723.91,0.30372,0.133,0.02944,0.2539,0.12587,0.024064,0.22745,0.1237,0.021248,252,252,252,224,225,223,174,174,173,216,213,207,73,71,70,96,95,94,0.52758,0.53877,0.54044
1,8.0858e+05,-0.141,11.84,195,800,-0.17452,11.686,187.51,910.01,0.27532,0.13794,0.028736,0.24841,0.13169,0.025088,0.22673,0.12335,0.021888,254,254,253,219,224,224,173,173,174,211,211,206,72,72,71,102,99,96,0.56505,0.5448,0.54425
1,8.0868e+05,-0.141,11.76,195,800,-0.18194,11.624,187.25,860.21,0.31044,0.121,0.026624,0.25985,0.1146,0.022016,0.23757,0.11062,0.019648,255,254,254,213,217,220,176,177,178,195,196,194,72,73,73,96,98,98,0.55278,0.55411,0.55274
1,8.0878e+05,-0.141,11.68,195,800,-0.16709,11.536,187.81,997.87,0.31994,0.12483,0.027904,0.25743,0.11719,0.021888,0.22237,0.11465,0.01888,253,253,253,203,214,222,185,183,179,185,185,185,76,75,76,95,96,99,0.53886,0.54444,0.54935
1,8.0888e+05,-0.141,11.6,195,800,-0.18513,11.478,186.73,761.99,0.30294,0.11806,0.025664,0.264,0.11361,0.02208,0.24761,0.10486,0.019264,251,252,252,233,228,224,182,180,178,165,166,166,89,84,79,104,104,106,0.55655,0.55367,0.55314
1,8.0898e+05,-0.141,11.52,195,800,-0.1777,11.373,186.66,751.85,0.26533,0.11925,0.023936,0.2336,0.1154,0.020352,0.20973,0.11188,0.017792,252,251,252,235,230,225,173,171,172,150,147,146,82,80,76,119,124,128,0.55495,0.55395,0.55273
1,8.0908e+05,-0.141,11.44,195,800,-0.16709,11.299,186.95,907.18,0.26541,0.1383,0.028032,0.24241,0.13136,0.023936,0.2209,0.12619,0.021504,251,251,251,223,221,219,170,171,173,138,137,138,79,74,72,137,139,144,0.57067,0.55834,0.55554
1,8.0918e+05,-0.141,11.36,195,800,-0.17558,11.222,187.53,968.81,0.2676,0.13354,0.02688,0.23476,0.12409,0.02176,0.19517,0.11876,0.018112,248,247,248,206,206,208,193,186,181,125,128,130,70,65,64,179,184,189,0.56867,0.55912,0.55672
1,8.0928e+05,-0.141,11.28,195,800,-0.1639,11.133,187.42,1094.5,0.29804,0.12393,0.02752,0.26778,0.11605,0.022976,0.24256,0.11135,0.019456,242,245,247,211,205,201,195,190,184,130,131,133,67,63,63,209,211,209,0.56376,0.56243,0.56068
1,8.0938e+05,-0.141,11.2,195,800,-0.19149,11.09,186.47,794.02,0.27808,0.12449,0.025728,0.24428,0.11666,0.020864,0.20812,0.11423,0.018048,246,245,245,185,185,185,190,185,184,154,154,158,63,67,72,238,234,228,0.5559,0.56623,0.56631
1,8.0948e+05,-0.141,11.12,195,800,-0.1777,10.987,187.19,513.5,0.29035,0.13316,0.028608,0.25515,0.12907,0.024768,0.2369,0.1212,0.021312,246,245,244,156,161,171,175,178,179,220,212,203,86,92,101,202,204,209,0.57569,0.57483,0.57623
1,8.0958e+05,-0.141,11.04,195,800,-0.16709,10.899,187.13,873.94,0.30076,0.1389,0.031424,0.27431,0.13199,0.027072,0.25388,0.12662,0.024128,245,244,244,164,164,167,173,176,178,251,238,224,107,115,117,183,187,196,0.59169,0.57588,0.56228
1,8.1265e+05,-0.048,11,195,800,-0.085391,10.917,0.56507,694.49,0,0,0,0,0,0,0,0,0,244,245,245,178,177,174,183,179,178,243,236,232,175,161,149,169,172,180,0.49829,0.49922,0.50701
1,8.1275e+05,-0.048,11.08,195,800,-0.092818,10.989,186.85,955.57,0.22922,0.1202,0.019072,0.20218,0.11153,0.01632,0.18159,0.11014,0.01472,252,251,248,170,177,181,179,176,176,182,190,195,97,99,106,193,196,204,0.57914,0.58331,0.58181
1,8.1285e+05,-0.048,11.16,195,800,-0.10661,11.092,186.85,979.82,0.23469,0.12381,0.022272,0.20543,0.11907,0.018496,0.18991,0.11108,0.016384,253,251,249,181,185,187,179,175,173,162,165,173,73,78,84,218,217,218,0.55125,0.56711,0.57011
1,8.1295e+05,-0.048,11.24,195,800,-0.091757,11.141,185.46,1006.9,0.24942,0.12946,0.02464,0.24199,0.11951,0.022016,0.23338,0.11562,0.020672,249,247,247,204,200,196,165,171,174,133,137,140,66,64,64,245,235,223,0.57031,0.56475,0.5636
1,8.1305e+05,-0.048,11.32,195,800,-0.09494,11.218,187.13,473.62,0.28012,0.15547,0.030656,0.27097,0.12587,0.025024,0.25036,0.11471,0.02144,245,247,248,190,197,202,170,173,174,130,130,132,60,61,61,225,217,210,0.56087,0.55815,0.55956
1,8.1315e+05,-0.048,11.4,195,800,-0.090696,11.297,187.28,546.23,0.35306,0.1246,0.029824,0.29613,0.1167,0.02368,0.25659,0.10712,0.01952,252,251,250,206,210,215,170,172,175,131,130,131,56,61,66,155,160,166,0.54936,0.55443,0.555
1,8.1325e+05,-0.048,11.48,195,800,-0.10131,11.378,187.41,1075.6,0.33555,0.14098,0.033088,0.27576,0.13198,0.0272,0.26065,0.12106,0.023232,253,252,252,234,232,227,173,172,173,145,144,144,79,79,77,128,126,128,0.54914,0.55033,0.55193
1,8.1335e+05,-0.048,11.56,195,800,-0.086452,11.45,188.91,1140.5,0.32465,0.126,0.02976,0.29334,0.11696,0.025152,0.26848,0.11403,0.022272,251,251,252,226,227,226,170,172,173,155,155,155,90,86,81,112,114,117,0.56325,0.55554,0.55272
1,8.1345e+05,-0.048,11.64,195,800,-0.08433,11.521,186.86,603.21,0.27868,0.13379,0.028736,0.26465,0.12233,0.02496,0.24772,0.11822,0.022592,254,253,252,198,203,213,169,169,171,182,178,175,75,78,80,100,101,104,0.56477,0.55545,0.55267
1,8.1355e+05,-0.048,11.72,195,800,-0.085391,11.603,188.03,680.05,0.3082,0.15452,0.031488,0.28594,0.14393,0.027392,0.26919,0.13439,0.024064,253,254,253,192,201,211,168,168,170,192,188,185,71,74,77,101,101,102,0.55549,0.54893,0.5513
1,8.1365e+05,-0.048,11.8,195,800,-0.090696,11.691,187.76,792.33,0.36062,0.14269,0.037888,0.32072,0.13623,0.03264,0.30009,0.12969,0.02912,254,253,253,225,218,210,171,171,171,210,205,201,78,75,75,103,100,98,0.563,0.5528,0.54864
1,8.1375e+05,-0.048,11.88,195,800,-0.099184,11.76,186.28,989.64,0.31854,0.13933,0.031552,0.26296,0.13779,0.027008,0.23909,0.1348,0.024128,252,252,252,209,211,212,183,176,171,214,212,209,73,72,73,92,92,95,0.53753,0.5409,0.54165
1,8.1385e+05,-0.048,11.96,195,800,-0.097062,11.846,186.26,1025.2,0.37723,0.14336,0.04064,0.34696,0.13373,0.034944,0.31538,0.12923,0.03072,252,251,251,206,206,208,178,174,171,210,209,206,71,69,70,88,90,93,0.53376,0.5385,0.5394
1,8.1395e+05,-0.048,12.04,195,800,-0.099184,11.929,187.19,871.5,0.35388,0.14391,0.037824,0.31121,0.13664,0.031808,0.27438,0.134,0.027904,251,249,249,197,199,200,170,171,172,192,191,191,62,63,64,91,90,91,0.53221,0.54122,0.54071
1,8.1405e+05,-0.048,12.12,195,800,-0.10449,12.009,186.51,761.92,0.38668,0.13227,0.037888,0.3278,0.1262,0.030784,0.29431,0.12203,0.026688,253,249,249,187,194,195,176,173,174,180,180,180,58,60,61,91,91,91,0.53826,0.5381,0.53926
1,8.1415e+05,-0.048,12.2,195,800,-0.092818,12.089,187.4,825.3,0.32485,0.12146,0.028608,0.26732,0.1175,0.023296,0.25012,0.10871,0.020032,251,251,250,183,184,187,184,180,178,159,158,161,52,54,58,94,92,92,0.54299,0.5413,0.54259
1,8.1425e+05,-0.048,12.28,195,800,-0.10237,12.171,186.14,891.39,0.36801,0.11778,0.031488,0.31079,0.11235,0.02528,0.27248,0.10306,0.020736,254,254,252,189,179,179,188,183,181,148,147,150,60,63,62,102,96,94,0.54324,0.53982,0.54028
1,8.1435e+05,-0.048,12.36,195,800,-0.097062,12.242,187.5,1168.4,0.2675,0.12473,0.023808,0.2247,0.12151,0.020224,0.21077,0.11593,0.01792,255,254,252,175,175,182,186,182,182,142,145,148,87,72,62,96,96,95,0.53025,0.53705,0.54122
1,8.1445e+05,-0.048,12.44,195,800,-0.097062,12.31,186.45,983.4,0.34352,0.12347,0.030208,0.29378,0.1216,0.025472,0.2528,0.11823,0.02144,252,252,251,197,193,191,184,183,183,145,144,144,72,68,64,99,98,98,0.54741,0.54535,0.54157
1,8.1455e+05,-0.048,12.52,195,800,-0.092818,12.391,184.26,1016.2,0.29102,0.13597,0.030656,0.27458,0.12561,0.026752,0.25264,0.1212,0.023744,253,251,249,220,203,192,190,184,180,142,141,141,61,64,64,100,101,100,0.54244,0.53906,0.53847
1,8.1465e+05,-0.048,12.6,195,800,-0.099184,12.469,185.91,627.93,0.29837,0.13571,0.030592,0.25216,0.13353,0.025728,0.20412,0.12774,0.020032,239,243,246,179,186,191,172,172,174,131,134,135,76,70,64,102,102,102,0.53263,0.53836,0.53979
1,8.1475e+05,-0.048,12.68,195,800,-0.10131,12.557,185.42,518.48,0.28129,0.14279,0.028544,0.24373,0.12028,0.022464,0.21977,0.11812,0.019904,244,244,245,185,184,183,168,165,165,136,134,132,54,59,60,101,101,101,0.54174,0.54223,0.53876
1,8.1485e+05,-0.048,12.76,195,800,-0.09494,12.624,185.52,704.35,0.30009,0.13629,0.029696,0.26481,0.12944,0.02528,0.23978,0.12281,0.022144,252,247,245,185,184,182,162,162,163,129,131,131,49,52,54,100,100,100,0.53716,0.53675,0.53682
1,8.1495e+05,-0.048,12.84,195,800,-0.099184,12.712,185.55,1017.4,0.32212,0.12148,0.027584,0.27156,0.11513,0.023104,0.24625,0.11109,0.020224,244,245,245,167,171,177,161,162,165,122,124,126,44,45,46,99,100,101,0.52418,0.53439,0.53633
1,8.1505e+05,-0.048,12.92,195,800,-0.083269,12.784,186.01,1249.6,0.26106,0.12819,0.025152,0.23597,0.12424,0.022144,0.21864,0.11742,0.019968,243,243,244,163,169,178,169,166,165,121,122,125,43,44,44,99,100,101,0.5461,0.53473,0.53567
1,8.1515e+05,-0.048,13,195,800,-0.083269,12.858,186.89,1130.8,0.24832,0.1314,0.024768,0.23485,0.12219,0.021568,0.21822,0.11934,0.019712,246,244,244,191,192,191,164,167,169,127,127,126,43,44,44,95,97,100,0.51747,0.52812,0.53498
1,8.1525e+05,-0.048,13.08,195,800,-0.079025,12.94,186.01,794.43,0.27595,0.13207,0.026752,0.24789,0.1273,0.023872,0.22884,0.12345,0.021312,242,244,244,208,205,204,170,171,172,133,133,133,45,46,47,92,95,99,0.54624,0.53826,0.53451
1,8.1535e+05,-0.048,13.16,195,800,-0.097062,13.022,185.96,758.45,0.28371,0.12174,0.025344,0.25491,0.11478,0.021696,0.23637,0.10676,0.018816,243,244,244,190,201,210,169,172,173,135,137,137,48,50,49,97,99,100,0.53582,0.53627,0.53479
1,8.1545e+05,-0.048,13.24,195,800,-0.097062,13.103,186.39,830.69,0.27179,0.12355,0.024576,0.24622,0.11475,0.020928,0.22646,0.11214,0.018816,241,244,245,220,217,214,171,170,170,147,146,145,58,56,55,102,103,102,0.5217,0.53324,0.53642
1,8.1555e+05,-0.048,13.32,195,800,-0.093879,13.179,186.6,906,0.33016,0.13235,0.032896,0.30375,0.12229,0.028224,0.2823,0.118,0.02496,244,246,246,232,222,216,168,167,168,148,149,150,55,58,59,96,101,102,0.52197,0.52281,0.53036
1,8.1565e+05,-0.048,13.4,195,800,-0.10237,13.279,186.17,835.82,0.31453,0.13292,0.03104,0.26453,0.12808,0.025792,0.24287,0.12354,0.022976,249,248,246,202,210,212,165,166,167,166,167,164,66,67,68,98,99,100,0.51738,0.53438,0.53359
1,8.1575e+05,-0.048,13.48,195,800,-0.085391,13.332,186.25,897.88,0.31727,0.12859,0.028096,0.26817,0.1229,0.023744,0.23732,0.12068,0.021056,244,245,246,198,199,201,174,176,174,193,181,172,84,87,89,97,98,99,0.51629,0.53498,0.53234
1,8.1585e+05,-0.048,13.56,195,800,-0.09494,13.433,187.63,1044.3,0.30003,0.1295,0.02912,0.27434,0.12229,0.02496,0.2564,0.11579,0.021824,242,244,246,193,193,200,180,180,177,174,175,173,104,102,95,93,96,99,0.51878,0.52973,0.52804
1,8.1595e+05,-0.048,13.64,195,800,-0.086452,13.494,185.94,688.41,0.26475,0.12689,0.025024,0.24323,0.11797,0.021504,0.21934,0.11398,0.018944,238,244,247,189,197,200,167,177,182,165,166,167,105,102,94,96,98,97,0.51825,0.51805,0.52441
1,8.1605e+05,-0.048,13.72,195,800,-0.080086,13.568,188.2,712.22,0.25395,0.1293,0.02496,0.23933,0.12049,0.021888,0.22695,0.11551,0.020096,244,246,248,212,205,202,176,179,181,160,163,165,86,87,87,103,97,94,0.5272,0.52673,0.52786
1,8.1615e+05,-0.048,13.8,195,800,-0.090696,13.664,186.68,650.33,0.25878,0.12879,0.024832,0.22794,0.1198,0.020736,0.21058,0.11649,0.018816,248,249,249,203,208,208,181,180,179,162,163,166,64,68,72,84,87,88,0.52007,0.52897,0.52702
1,8.1625e+05,-0.048,13.88,195,800,-0.09494,13.734,185.78,486.83,0.29744,0.12014,0.026496,0.27116,0.11327,0.02272,0.24903,0.1092,0.01984,242,247,248,217,213,207,171,174,175,173,178,178,71,72,73,84,86,86,0.52098,0.52276,0.52594
1,8.1635e+05,-0.048,13.96,195,800,-0.10343,13.81,187.25,791.13,0.28698,0.12607,0.027072,0.26501,0.11728,0.023424,0.24633,0.113,0.0208,246,246,247,220,210,203,175,174,171,186,186,182,77,76,75,93,91,90,0.51678,0.52676,0.52859
1,8.1645e+05,-0.048,14.04,195,800,-0.086452,13.891,187.05,1096.6,0.30655,0.13223,0.030464,0.28356,0.1247,0.02656,0.26058,0.11999,0.024,242,245,246,186,196,205,162,164,166,183,183,182,75,77,77,110,107,104,0.52009,0.52175,0.52706
1,8.1655e+05,-0.048,14.12,195,800,-0.089635,13.98,186.73,857.62,0.29923,0.1277,0.029248,0.27864,0.1211,0.025856,0.26734,0.11203,0.022912,246,245,246,203,205,208,158,159,164,175,175,175,74,75,76,117,117,118,0.54114,0.53458,0.53212
1,8.1665e+05,-0.048,14.2,195,800,-0.10025,14.072,187.84,695.27,0.32712,0.12463,0.02944,0.2638,0.12044,0.023552,0.21774,0.11608,0.019584,249,248,247,215,217,213,154,163,169,155,157,159,75,79,81,173,168,153,0.53593,0.53521,0.53227
1,8.1675e+05,-0.048,14.28,195,800,-0.086452,14.141,185.85,968.67,0.29489,0.13202,0.028736,0.2636,0.12666,0.025024,0.2464,0.11913,0.021824,245,244,244,191,195,200,185,180,176,147,149,152,96,90,83,226,195,167,0.52294,0.52855,0.5293
1,8.1685e+05,-0.048,14.36,195,800,-0.10449,14.228,184.37,658.65,0.33389,0.12616,0.02944,0.23696,0.12838,0.023232,0.2155,0.11987,0.01984,239,240,241,181,184,190,186,182,179,148,149,150,85,85,82,184,174,164,0.54178,0.53695,0.5342
1,8.1695e+05,-0.048,14.44,195,800,-0.099184,14.296,185.82,576.03,0.30671,0.13422,0.03072,0.25861,0.12977,0.02624,0.23711,0.12523,0.023168,240,239,237,168,173,178,178,180,179,145,147,149,69,71,76,137,145,154,0.54205,0.53147,0.52883
1,8.1705e+05,-0.048,14.52,195,800,-0.10025,14.391,185.93,1072.6,0.33168,0.13897,0.035456,0.30338,0.12811,0.03008,0.28001,0.12089,0.02592,243,239,236,179,175,176,178,178,177,145,147,149,71,73,77,152,153,156,0.53751,0.53266,0.53103
1,8.1715e+05,-0.048,14.6,195,800,-0.090696,14.451,186.01,933.03,0.31649,0.13362,0.03168,0.27679,0.12763,0.026176,0.24765,0.12382,0.022848,233,238,240,169,178,185,168,172,176,154,152,149,85,83,80,174,177,178,0.53295,0.53587,0.53281
1,8.1725e+05,-0.048,14.68,195,800,-0.085391,14.535,186.11,873.58,0.31631,0.14303,0.035136,0.28707,0.13535,0.03008,0.26503,0.12603,0.026112,245,244,243,204,199,196,175,176,175,147,149,146,67,72,76,205,204,201,0.52112,0.53436,0.53385
1,8.1735e+05,-0.048,14.76,195,800,-0.089635,14.599,187.28,640.18,0.33097,0.12905,0.032832,0.27665,0.12003,0.025472,0.24873,0.11602,0.022016,243,243,244,208,204,199,174,175,176,146,143,142,62,65,71,216,215,210,0.53657,0.53678,0.53535
1,8.1745e+05,-0.048,14.84,195,800,-0.10343,14.693,184.93,796.29,0.35749,0.13081,0.035456,0.31598,0.12034,0.028288,0.2905,0.11364,0.024128,241,241,243,202,200,200,170,175,179,134,135,136,66,66,67,218,215,210,0.52511,0.53361,0.53303
1,8.1755e+05,-0.048,14.92,195,800,-0.10237,14.781,186.9,954.25,0.42082,0.13158,0.039296,0.37405,0.12578,0.03328,0.33716,0.11709,0.028096,243,243,244,202,200,200,180,180,180,134,134,135,66,66,67,201,202,203,0.54138,0.53497,0.53473
1,8.1765e+05,-0.048,15,195,800,-0.076903,14.839,186.74,870.2,0.36699,0.12758,0.033408,0.29648,0.12389,0.02752,0.26735,0.11893,0.024064,249,248,246,196,198,202,190,186,183,139,138,140,61,64,67,169,180,190,0.53876,0.53228,0.53131
1,8.1775e+05,-0.048,15.08,195,800,-0.076903,14.911,185.04,755.27,0.30834,0.13086,0.031104,0.27701,0.12863,0.02752,0.26177,0.11951,0.024,252,250,249,204,208,213,184,184,184,157,156,158,67,66,69,189,187,184,0.52624,0.53511,0.53329
1,8.1785e+05,-0.048,15.16,195,800,-0.10767,15.015,186.33,770.86,0.35942,0.13927,0.0384,0.33295,0.1338,0.033856,0.31153,0.12794,0.029952,250,251,250,226,219,217,189,187,186,172,169,171,72,72,73,195,188,184,0.52881,0.53504,0.53219
1,8.1795e+05,-0.048,15.24,195,800,-0.11298,15.083,186.18,1059.2,0.44062,0.13418,0.043392,0.36123,0.12816,0.033728,0.30392,0.12422,0.028672,253,253,251,226,223,217,201,194,190,203,206,207,85,83,81,190,182,178,0.54099,0.53677,0.53446
1,8.1805e+05,-0.048,15.32,195,800,-0.090696,15.163,187.24,998.62,0.4234,0.13956,0.04288,0.31843,0.13041,0.0304,0.26656,0.12554,0.025024,255,252,251,216,216,211,191,191,189,232,227,223,85,85,85,177,178,176,0.52887,0.53408,0.53493
1,8.1815e+05,-0.048,15.4,195,800,-0.086452,15.245,186.46,710.25,0.35859,0.14053,0.038336,0.30342,0.13053,0.030336,0.28054,0.12384,0.026432,246,246,246,204,193,186,173,178,182,251,250,247,89,90,94,180,177,173,0.54541,0.53997,0.53711
1,8.1825e+05,-0.048,15.48,195,800,-0.091757,15.301,185.87,572.38,0.4499,0.12618,0.03904,0.31067,0.11983,0.027648,0.27167,0.11359,0.023296,236,238,238,157,161,166,171,170,173,255,255,254,104,104,105,166,167,168,0.54066,0.54471,0.54205
1,8.1835e+05,-0.048,15.56,195,800,-0.093879,15.421,187.28,1167.8,0.32324,0.14599,0.036288,0.29337,0.14053,0.031936,0.27095,0.13218,0.028032,234,234,233,153,155,157,163,168,172,255,255,255,109,109,111,157,162,165,0.54933,0.54744,0.54477
1,8.1845e+05,-0.048,15.64,195,800,-0.10979,15.502,186.38,1268.4,0.38999,0.1303,0.03744,0.34167,0.12059,0.0288,0.28777,0.10983,0.022656,223,226,229,158,153,153,173,170,168,255,255,255,113,117,124,169,166,162,0.55209,0.55323,0.54944
1,8.1855e+05,-0.048,15.72,195,800,-0.088574,15.554,186.74,1153.5,0.32242,0.13735,0.032512,0.27636,0.13042,0.027584,0.25647,0.12508,0.024192,228,229,232,154,156,163,165,168,168,255,255,255,121,125,131,170,167,161,0.55111,0.55439,0.55202
1,8.1865e+05,-0.048,15.8,195,800,-0.098123,15.647,187.63,846.62,0.31401,0.14503,0.035072,0.28192,0.13896,0.03008,0.25767,0.13352,0.026816,249,246,242,195,197,197,174,169,171,255,255,255,139,142,145,160,159,159,0.56432,0.56185,0.55901
1,8.1875e+05,-0.048,15.88,195,800,-0.10343,15.723,186.42,526.6,0.35902,0.14344,0.03808,0.32274,0.12692,0.030208,0.29099,0.11918,0.025024,254,253,251,241,233,221,188,190,188,255,255,255,149,146,146,168,165,164,0.57196,0.57011,0.56602
1,8.1885e+05,-0.048,15.96,195,800,-0.11085,15.807,186.56,1322.1,0.35884,0.14779,0.04064,0.32141,0.13939,0.03392,0.28761,0.133,0.028736,255,253,252,229,224,221,202,200,197,255,255,255,144,140,143,176,172,169,0.58168,0.57277,0.55495
1,8.243e+05,0.045,14.24,195,800,-0.009,14.06,-0.10032,651.03,0,0,0,0,0,0,0,0,0,246,246,245,211,208,205,168,168,170,158,164,171,110,103,96,186,180,169,0.54312,0.53261,0.52965
1,8.244e+05,0.045,14.16,195,800,0.004793,13.95,186.92,1164.5,0.23839,0.12761,0.019456,0.16612,0.12445,0.016,0.15424,0.11738,0.014208,249,247,246,223,218,210,166,164,164,169,168,171,81,86,90,135,141,143,0.53262,0.52793,0.52876
1,8.245e+05,0.045,14.08,195,800,0.000549,13.883,186.66,846.73,0.1941,0.12746,0.019072,0.17596,0.11913,0.016512,0.16525,0.11699,0.01504,246,246,245,210,209,208,166,164,165,172,173,175,86,85,86,114,119,125,0.52251,0.53004,0.5304
1,8.246e+05,0.045,14,195,800,-0.016427,13.837,187.15,563.69,0.2834,0.14118,0.031104,0.26658,0.13097,0.027456,0.25419,0.12339,0.024384,244,245,245,191,198,204,166,168,170,186,181,178,83,85,84,99,100,101,0.52095,0.52384,0.52653
1,8.247e+05,0.045,13.92,195,800,-0.000512,13.757,188.61,609.26,0.38851,0.11935,0.03232,0.32153,0.10868,0.024768,0.26978,0.10332,0.020416,249,247,247,204,207,206,176,174,174,171,169,169,74,76,79,87,88,90,0.53629,0.52643,0.52422
1,8.248e+05,0.045,13.84,195,800,0.002671,13.665,187.88,939.5,0.27217,0.12447,0.024384,0.21401,0.11605,0.019072,0.19854,0.11077,0.016384,248,248,247,209,210,210,175,175,176,156,160,163,67,71,76,88,85,87,0.51334,0.52288,0.5223
1,8.249e+05,0.045,13.76,195,800,-0.001573,13.608,186.85,564.56,0.33444,0.1358,0.03328,0.30202,0.1271,0.027392,0.26553,0.12024,0.023168,244,247,248,209,214,212,187,182,177,155,158,162,73,77,84,84,88,89,0.5316,0.52515,0.52489
1,8.25e+05,0.045,13.68,195,800,0.000549,13.502,188.2,908.91,0.37476,0.12851,0.035072,0.333,0.1197,0.029056,0.29208,0.11433,0.024256,248,248,247,218,215,209,182,180,178,170,167,166,89,93,93,91,91,91,0.51855,0.52675,0.52497
1,8.251e+05,0.045,13.6,195,800,-0.005817,13.437,186.56,734.72,0.29281,0.12724,0.024768,0.24413,0.11889,0.01984,0.1863,0.11239,0.016,252,249,246,194,199,204,180,178,177,183,180,175,130,113,99,95,95,96,0.53057,0.52667,0.52475
1,8.252e+05,0.045,13.52,195,800,0.00161,13.349,186.32,818.36,0.30466,0.12929,0.026624,0.25589,0.11978,0.0208,0.19928,0.10953,0.016576,244,245,245,204,205,207,175,174,174,180,178,172,76,81,85,106,103,100,0.53847,0.53173,0.53185
1,8.253e+05,0.045,13.44,195,800,-0.006878,13.268,186.54,750.75,0.29611,0.12952,0.028992,0.2612,0.1236,0.024704,0.2356,0.11806,0.021376,244,244,244,229,217,211,173,172,171,175,172,166,68,70,74,111,106,102,0.51648,0.53213,0.53387
1,8.254e+05,0.045,13.36,195,800,0.01222,13.192,187.04,647.3,0.29457,0.12249,0.02688,0.25924,0.11832,0.022848,0.2305,0.11381,0.019968,243,242,243,214,219,220,172,170,168,147,149,151,61,59,59,106,105,105,0.52255,0.53058,0.5318
1,8.255e+05,0.045,13.28,195,800,0.007976,13.113,186.63,1077.3,0.29938,0.13581,0.02976,0.25807,0.12584,0.024576,0.22699,0.1201,0.020928,243,242,243,209,218,222,170,169,169,143,142,142,50,53,56,108,106,106,0.51475,0.52799,0.53284
1,8.256e+05,0.045,13.2,195,800,-0.000512,13.04,187.49,985.19,0.28453,0.11254,0.023424,0.2458,0.11077,0.019584,0.20939,0.10477,0.016192,245,244,243,224,223,221,175,173,170,136,134,132,49,49,49,112,109,106,0.54437,0.53952,0.53657
1,8.257e+05,0.045,13.12,195,800,-0.017488,12.97,186.97,1080.3,0.22415,0.11398,0.018752,0.1959,0.10999,0.016064,0.17792,0.10459,0.014464,251,247,244,223,218,211,178,174,169,124,125,126,46,46,46,104,104,105,0.52562,0.53533,0.53644
1,8.258e+05,0.045,13.04,195,800,-0.011122,12.887,186.78,815.64,0.28299,0.12166,0.025216,0.2447,0.11472,0.020608,0.20677,0.11421,0.017664,248,247,244,211,207,200,171,169,168,123,123,123,44,44,45,111,107,105,0.54272,0.53455,0.53431
1,8.259e+05,0.045,12.96,195,800,0.004793,12.797,186.81,991.5,0.33418,0.1185,0.02976,0.29896,0.11326,0.025344,0.27273,0.10734,0.02176,244,244,244,183,183,182,164,164,165,121,120,121,43,43,44,119,113,107,0.53807,0.53139,0.53476
1,8.26e+05,0.045,12.88,195,800,0.011159,12.73,187.56,831.16,0.26243,0.11895,0.022592,0.23147,0.11187,0.0192,0.20903,0.10613,0.016768,246,246,246,192,182,176,165,164,164,122,122,122,44,44,45,114,110,106,0.54126,0.53389,0.53456
1,8.261e+05,0.045,12.8,195,800,-0.006878,12.657,186.2,564.45,0.25961,0.12318,0.023232,0.22828,0.11834,0.020032,0.20238,0.11447,0.017728,251,249,246,181,180,176,165,162,163,130,127,125,49,49,48,99,100,101,0.53383,0.53382,0.5357
1,8.262e+05,0.045,12.72,195,800,-0.007939,12.574,187.44,828.48,0.29991,0.12798,0.029248,0.2715,0.12184,0.02528,0.24943,0.11344,0.021632,240,244,245,169,170,175,163,164,166,125,126,127,53,54,55,99,99,100,0.52228,0.53769,0.53914
1,8.263e+05,0.045,12.64,195,800,0.002671,12.466,187.66,998.93,0.27829,0.12639,0.026752,0.25255,0.11963,0.022848,0.22958,0.11402,0.02016,248,245,244,158,169,180,172,169,169,127,126,127,62,61,58,101,102,102,0.54401,0.54103,0.53872
1,8.264e+05,0.045,12.56,195,800,0.003732,12.401,186.12,979.97,0.31487,0.12945,0.030848,0.27648,0.12247,0.02592,0.26229,0.11743,0.023168,251,249,246,213,205,197,180,179,178,130,128,129,65,63,60,110,107,104,0.53988,0.53797,0.53902
1,8.265e+05,0.045,12.48,195,800,0.006915,12.316,187.17,988.29,0.30811,0.12486,0.028224,0.27068,0.12093,0.023616,0.24187,0.11257,0.020288,250,249,248,235,220,201,184,182,181,130,131,132,53,56,60,105,104,103,0.53671,0.54032,0.54149
1,8.266e+05,0.045,12.4,195,800,-0.011122,12.248,186.38,752.45,0.29479,0.12353,0.0272,0.2585,0.11627,0.023104,0.23701,0.10907,0.019584,252,251,250,197,200,202,188,187,184,140,139,139,54,57,60,92,95,98,0.54561,0.54053,0.53936
1,8.267e+05,0.045,12.32,195,800,0.002671,12.162,185.92,1014.1,0.30389,0.12124,0.026752,0.27438,0.11404,0.023168,0.25582,0.10948,0.020416,252,251,250,193,190,192,189,187,183,146,146,147,65,60,59,90,91,93,0.53495,0.53966,0.53961
1,8.268e+05,0.045,12.24,195,800,0.009037,12.09,186.29,1569.4,0.23226,0.11314,0.01952,0.20307,0.10894,0.016896,0.18574,0.10412,0.014592,248,250,250,192,192,193,186,184,181,150,150,152,56,57,57,86,90,92,0.53698,0.53951,0.54102
1,8.269e+05,0.045,12.16,195,800,0.00161,12.022,185.56,840.95,0.30728,0.11657,0.025472,0.25576,0.11314,0.02112,0.22778,0.11153,0.018368,247,247,248,196,195,195,170,172,174,167,167,167,55,55,56,88,89,91,0.5475,0.54514,0.54039
1,8.27e+05,0.045,12.08,195,800,-0.013244,11.946,186.02,587.5,0.24169,0.1203,0.021568,0.22038,0.11534,0.019264,0.20855,0.10873,0.016896,248,248,247,204,199,197,166,169,171,180,179,178,58,58,58,89,90,92,0.54166,0.53791,0.53694
1,8.271e+05,0.045,12,195,800,-0.005817,11.869,185.88,956.08,0.25539,0.12093,0.023552,0.2322,0.11326,0.01984,0.214,0.10681,0.017664,251,250,248,204,203,202,166,165,166,206,203,197,65,66,66,95,96,95,0.53256,0.53907,0.53966
1,8.272e+05,0.045,11.92,195,800,-0.002634,11.781,185.98,859.68,0.31846,0.11313,0.02592,0.27197,0.10859,0.021312,0.23937,0.10077,0.017472,251,250,250,195,202,207,158,162,166,216,209,202,81,79,74,98,98,98,0.53776,0.54112,0.54136
1,8.273e+05,0.045,11.84,195,800,-0.005817,11.696,185.12,1128.6,0.24228,0.12681,0.02304,0.21161,0.12134,0.01952,0.20209,0.11424,0.017728,248,251,251,199,205,206,164,165,166,199,201,199,89,82,76,92,98,100,0.55231,0.54204,0.54476
1,8.274e+05,0.045,11.76,195,800,0.003732,11.612,185.38,881.92,0.26317,0.11804,0.022592,0.23204,0.11202,0.018816,0.20268,0.10999,0.016576,254,253,253,203,204,206,163,165,167,182,184,186,75,77,77,103,104,104,0.55128,0.55145,0.54867
1,8.275e+05,0.045,11.68,195,800,0.005854,11.535,186.34,609.45,0.25736,0.12678,0.025152,0.23867,0.11971,0.022016,0.21993,0.11407,0.019328,254,254,253,198,205,209,161,164,167,175,179,180,75,75,77,106,107,108,0.54468,0.55297,0.55279
1,8.276e+05,0.045,11.6,195,800,0.027074,11.44,185.95,983.04,0.30588,0.11516,0.025408,0.25331,0.11022,0.020288,0.21314,0.10579,0.016768,250,252,252,225,224,221,172,171,170,163,163,162,84,82,79,111,114,118,0.55846,0.55097,0.55213
1,8.277e+05,0.045,11.52,195,800,0.005854,11.369,185.81,1263.3,0.29479,0.12147,0.02624,0.26254,0.11584,0.022272,0.23739,0.10812,0.018752,254,253,252,244,238,231,176,175,172,135,138,142,82,79,75,131,134,139,0.55286,0.5536,0.5536
1,8.278e+05,0.045,11.44,195,800,0.002671,11.303,186,737.09,0.29105,0.12619,0.026816,0.25859,0.11854,0.022912,0.23762,0.11461,0.02016,253,253,251,244,235,225,174,175,173,124,128,133,66,68,69,146,150,157,0.5472,0.55214,0.55463
1,8.279e+05,0.045,11.36,195,800,0.002671,11.228,186.25,651.81,0.27661,0.12572,0.02592,0.25443,0.11928,0.022464,0.23716,0.11405,0.019968,248,250,250,200,206,211,173,172,169,119,123,128,52,56,61,199,202,202,0.56149,0.56123,0.55958
1,8.28e+05,0.045,11.28,195,800,-0.020671,11.166,185.35,843.03,0.27199,0.12197,0.02464,0.24704,0.11359,0.021248,0.2272,0.1093,0.018496,249,249,249,195,200,204,166,167,166,129,129,130,56,57,59,236,230,222,0.55376,0.55659,0.55911
1,8.281e+05,0.045,11.2,195,800,-0.013244,11.075,185.98,775.04,0.27236,0.12803,0.026688,0.25314,0.12352,0.02368,0.23424,0.11629,0.021056,245,249,249,212,204,197,156,159,163,140,144,148,60,64,68,253,246,237,0.55829,0.56483,0.5651
1,8.282e+05,0.045,11.12,195,800,-0.014305,11.01,187.48,567.02,0.34363,0.11929,0.030272,0.30217,0.11285,0.02528,0.26462,0.11043,0.021504,252,249,247,191,191,190,168,171,173,184,185,188,92,99,108,216,216,215,0.58169,0.57608,0.57482
1,8.283e+05,0.045,11.04,195,800,-0.009,10.926,186.01,753.29,0.29846,0.1242,0.0272,0.2667,0.11686,0.02304,0.23741,0.11415,0.020032,248,245,245,178,182,185,181,180,179,222,215,208,141,141,132,193,198,201,0.59447,0.57595,0.56754
1,8.3137e+05,0.138,11,195,800,0.11089,10.892,0.20093,1036.6,0,0,0,0,0,0,0,0,0,235,239,243,187,190,190,200,193,187,241,237,230,166,148,139,192,189,189,0.53239,0.53469,0.52967
1,8.3147e+05,0.138,11.08,195,800,0.089673,10.978,185.39,432.14,0.21601,0.1214,0.018688,0.19485,0.11491,0.016704,0.1826,0.11091,0.01504,248,248,247,206,203,198,173,170,171,180,184,189,82,88,99,229,221,215,0.57532,0.57982,0.58165
1,8.3157e+05,0.138,11.16,195,800,0.091795,11.066,186.74,739.96,0.22684,0.12642,0.02176,0.19721,0.12288,0.01888,0.18108,0.11524,0.016384,248,249,249,197,202,202,154,158,163,152,157,166,63,69,79,247,239,229,0.56981,0.56879,0.56989
1,8.3167e+05,0.138,11.24,195,800,0.08649,11.152,185.34,923.19,0.30332,0.13062,0.02976,0.29121,0.11727,0.026048,0.26971,0.1095,0.021888,249,249,250,196,197,200,149,154,160,133,132,134,58,58,62,253,248,237,0.56755,0.56202,0.56304
1,8.3177e+05,0.138,11.32,195,800,0.081185,11.226,185.86,1170.1,0.33578,0.13575,0.03296,0.27188,0.13001,0.026816,0.24106,0.12627,0.023552,251,250,250,198,199,202,162,162,163,126,126,128,58,59,61,245,236,225,0.55521,0.55984,0.55877
1,8.3187e+05,0.138,11.4,195,800,0.082246,11.293,187.5,821.73,0.33449,0.12719,0.031424,0.2823,0.11694,0.024704,0.25477,0.10936,0.02112,249,250,252,224,220,218,170,170,169,124,125,129,70,68,67,193,189,185,0.55738,0.55785,0.55796
1,8.3197e+05,0.138,11.48,195,800,0.099222,11.369,185.77,1047.4,0.3433,0.13672,0.035264,0.31101,0.12563,0.029376,0.28343,0.11709,0.025024,254,252,252,235,237,233,169,170,171,140,141,142,72,75,75,151,149,146,0.55169,0.55599,0.55496
1,8.3207e+05,0.138,11.56,195,800,0.078002,11.465,186.57,1181.2,0.34733,0.13751,0.03616,0.31638,0.12789,0.030464,0.28583,0.12538,0.027008,252,252,252,236,236,232,171,170,170,152,151,151,71,76,78,142,137,134,0.54357,0.55011,0.55222
1,8.3217e+05,0.138,11.64,195,800,0.092856,11.536,184.71,787.43,0.33645,0.12658,0.032064,0.31435,0.11832,0.027328,0.29514,0.10814,0.023104,252,251,252,221,216,213,167,168,168,168,168,166,77,78,78,123,121,117,0.55558,0.55527,0.55303
1,8.3227e+05,0.138,11.72,195,800,0.1024,11.605,187.57,840.59,0.34218,0.11812,0.028736,0.30106,0.11149,0.022976,0.20058,0.10942,0.016896,249,252,252,197,198,206,166,166,167,172,173,172,76,76,77,116,115,112,0.54169,0.54635,0.54875
1,8.3237e+05,0.138,11.8,195,800,0.090734,11.683,187.24,842.48,0.27503,0.1376,0.029248,0.25542,0.12989,0.025664,0.23802,0.12465,0.02304,255,253,252,196,197,202,168,167,165,180,183,185,73,76,78,105,103,103,0.55585,0.54701,0.54822
1,8.3247e+05,0.138,11.88,195,800,0.072697,11.766,186.9,978.38,0.29349,0.13433,0.029824,0.24695,0.13157,0.024896,0.22026,0.12375,0.021184,247,248,249,219,214,209,156,160,164,195,199,196,75,77,76,104,102,100,0.54714,0.54594,0.54367
1,8.3257e+05,0.138,11.96,195,800,0.090734,11.847,187.14,981.01,0.30607,0.12944,0.02976,0.27414,0.12308,0.025152,0.23984,0.11581,0.021632,240,245,248,217,212,207,152,160,165,197,200,198,69,72,74,111,105,98,0.54798,0.54299,0.53875
1,8.3267e+05,0.138,12.04,195,800,0.089673,11.934,186.35,943.54,0.28181,0.12696,0.026176,0.23833,0.12242,0.02176,0.21276,0.11679,0.01888,242,243,245,195,199,202,168,169,168,178,185,187,60,61,63,95,95,95,0.53249,0.53918,0.53895
1,8.3277e+05,0.138,12.12,195,800,0.093917,11.996,188.29,619.3,0.36722,0.12309,0.030656,0.29162,0.11691,0.023616,0.25102,0.10954,0.018816,243,243,245,189,197,201,168,170,171,169,174,178,57,58,59,89,92,94,0.54091,0.53875,0.54027
1,8.3287e+05,0.138,12.2,195,800,0.1024,12.073,186.38,781.97,0.27932,0.13018,0.026752,0.25548,0.12399,0.02304,0.23849,0.1166,0.020416,239,243,246,212,204,203,170,173,175,152,155,160,51,53,55,99,94,92,0.52933,0.5339,0.53745
1,8.3297e+05,0.138,12.28,195,800,0.092856,12.158,185.27,1026.8,0.29183,0.12315,0.027648,0.26799,0.11781,0.024128,0.24678,0.11406,0.021312,252,249,247,209,206,202,173,179,182,142,146,149,54,54,54,91,93,93,0.54912,0.54326,0.54261
1,8.3307e+05,0.138,12.36,195,800,0.087551,12.247,187.21,1116.2,0.3286,0.15419,0.033984,0.29063,0.14038,0.028352,0.26787,0.12708,0.025024,253,249,247,209,206,202,181,183,183,145,144,144,53,53,53,96,94,94,0.54805,0.54174,0.54039
1,8.3317e+05,0.138,12.44,195,800,0.078002,12.328,185.44,975.68,0.26741,0.12642,0.026112,0.24083,0.12076,0.0224,0.22179,0.11253,0.019328,241,241,244,202,203,197,180,183,184,125,131,135,49,50,53,107,103,101,0.54111,0.54364,0.541
1,8.3327e+05,0.138,12.52,195,800,0.094978,12.394,185.19,864.89,0.28802,0.12626,0.027264,0.2577,0.12156,0.023104,0.23206,0.11855,0.020224,235,239,242,202,199,193,175,181,182,120,125,130,50,51,53,112,107,104,0.54701,0.53965,0.53941
1,8.3337e+05,0.138,12.6,195,800,0.090734,12.474,185.99,1030.2,0.28103,0.11845,0.025088,0.25254,0.11491,0.021632,0.22707,0.11042,0.018688,240,240,242,180,181,183,176,177,176,121,122,125,51,51,52,107,106,104,0.52718,0.53488,0.53867
1,8.3347e+05,0.138,12.68,195,800,0.087551,12.559,185.25,1162,0.26538,0.12401,0.023936,0.23917,0.11599,0.020544,0.2209,0.11323,0.01856,239,243,244,177,178,178,159,164,169,120,122,124,43,46,50,94,97,100,0.53448,0.53763,0.53721
1,8.3357e+05,0.138,12.76,195,800,0.088612,12.612,186.32,496.16,0.28992,0.12696,0.027648,0.26493,0.11851,0.023616,0.23625,0.11533,0.020608,247,245,244,177,179,177,158,162,167,125,124,123,46,47,48,94,96,99,0.54701,0.54175,0.53873
1,8.3367e+05,0.138,12.84,195,800,0.090734,12.721,186.26,890.63,0.27448,0.13223,0.025728,0.2352,0.1264,0.02144,0.21516,0.11947,0.01888,244,243,242,164,168,169,165,165,165,120,121,122,46,46,46,101,102,104,0.53427,0.53045,0.53527
1,8.3377e+05,0.138,12.92,195,800,0.089673,12.789,185.25,1298.8,0.34094,0.12612,0.030976,0.31887,0.11979,0.02688,0.2945,0.11582,0.023808,240,240,240,153,160,165,164,164,165,116,118,120,45,45,45,105,107,107,0.5258,0.53854,0.53732
1,8.3387e+05,0.138,13,195,800,0.0971,12.868,187.64,987.83,0.28924,0.12443,0.025792,0.25407,0.11634,0.022016,0.23574,0.11176,0.019584,238,238,238,163,168,176,164,164,164,117,118,119,44,45,45,111,111,110,0.55636,0.53993,0.53391
1,8.3397e+05,0.138,13.08,195,800,0.087551,12.943,184.89,673.52,0.30029,0.11132,0.024064,0.25446,0.10661,0.019712,0.21825,0.10481,0.016128,236,237,238,227,218,209,161,164,165,117,118,121,47,47,46,103,107,111,0.51552,0.53314,0.53404
1,8.3407e+05,0.138,13.16,195,800,0.08649,13.034,185.96,740.42,0.29078,0.1202,0.025088,0.25049,0.11444,0.021376,0.22127,0.1129,0.018496,233,236,239,244,237,223,163,164,164,117,119,123,47,47,47,108,110,112,0.54341,0.53604,0.53558
1,8.3417e+05,0.138,13.24,195,800,0.085429,13.117,185.95,821.51,0.24571,0.12452,0.023424,0.22172,0.12005,0.02048,0.20543,0.11175,0.01792,241,240,240,235,231,229,160,162,164,125,126,130,47,49,52,117,115,111,0.54019,0.53597,0.53603
1,8.3427e+05,0.138,13.32,195,800,0.094978,13.173,185.94,793.93,0.30003,0.12866,0.028224,0.25777,0.12207,0.023424,0.22794,0.11779,0.020416,241,241,241,216,223,227,161,162,164,129,131,135,51,53,56,110,110,110,0.531,0.53226,0.53391
1,8.3437e+05,0.138,13.4,195,800,0.073758,13.28,186.06,659.26,0.27061,0.12591,0.025792,0.2488,0.1178,0.022272,0.2256,0.11087,0.019264,240,240,242,234,223,218,165,164,165,144,145,148,63,64,64,101,103,106,0.55327,0.54158,0.53478
1,8.3447e+05,0.138,13.48,195,800,0.10347,13.333,187.77,690.47,0.27389,0.11965,0.023296,0.22953,0.11341,0.019712,0.20772,0.11039,0.017216,243,242,242,211,212,212,167,169,171,156,158,163,72,73,77,101,102,103,0.55694,0.54168,0.53597
1,8.3457e+05,0.138,13.56,195,800,0.091795,13.428,186.69,955.31,0.29846,0.13063,0.029248,0.26949,0.12675,0.025792,0.25623,0.11977,0.023232,244,243,243,211,208,207,180,175,173,165,166,170,80,82,85,99,100,101,0.54193,0.53414,0.53306
1,8.3467e+05,0.138,13.64,195,800,0.10453,13.49,186.73,666.66,0.29073,0.12113,0.025344,0.25367,0.11687,0.02144,0.2228,0.11262,0.018496,249,247,246,215,211,205,177,177,176,182,176,172,117,100,91,92,95,96,0.53929,0.53094,0.53095
1,8.3477e+05,0.138,13.72,195,800,0.10028,13.568,187.82,861.87,0.29173,0.1236,0.025984,0.25836,0.11643,0.022016,0.22777,0.11483,0.019264,250,249,247,225,215,205,175,174,173,167,168,169,103,93,89,90,93,94,0.53708,0.5343,0.53323
1,8.3487e+05,0.138,13.8,195,800,0.098161,13.657,186.37,704.23,0.28823,0.12745,0.026176,0.25255,0.12059,0.021824,0.22577,0.11686,0.018944,248,248,248,208,208,206,166,168,170,150,153,163,75,76,82,85,88,91,0.52627,0.52853,0.52952
1,8.3497e+05,0.138,13.88,195,800,0.073758,13.751,187.5,627.84,0.27615,0.13474,0.027392,0.23971,0.12739,0.023168,0.2173,0.12294,0.020288,250,249,248,218,205,203,178,172,170,164,165,172,97,93,89,87,90,93,0.5484,0.53207,0.52829
1,8.3507e+05,0.138,13.96,195,800,0.078002,13.846,185.55,1138.5,0.29118,0.12657,0.027328,0.24143,0.1238,0.022592,0.21276,0.11682,0.0192,249,248,247,198,204,206,179,176,172,175,176,179,108,100,93,92,94,96,0.52647,0.52971,0.52913
1,8.3517e+05,0.138,14.04,195,800,0.070575,13.919,187.62,726.83,0.34578,0.12825,0.03264,0.31669,0.12232,0.027712,0.28071,0.11544,0.024,244,244,244,219,211,208,177,174,173,180,184,186,93,94,94,107,107,110,0.52747,0.53169,0.53231
1,8.3527e+05,0.138,14.12,195,800,0.094978,13.962,187.04,575.56,0.27344,0.12292,0.024512,0.2439,0.11728,0.020544,0.2249,0.11244,0.018496,240,243,243,213,212,210,170,172,171,176,181,185,87,90,94,117,117,123,0.53147,0.53154,0.53547
1,8.3537e+05,0.138,14.2,195,800,0.090734,14.049,186.24,695.01,0.27661,0.11337,0.021696,0.24502,0.10847,0.01824,0.21625,0.10282,0.016,238,241,242,201,203,208,162,167,170,182,182,185,113,105,103,145,148,149,0.53653,0.53389,0.53605
1,8.3844e+05,0.231,14.24,195,800,0.19577,14.014,0.39293,972.15,0,0,0,0,0,0,0,0,0,244,243,242,209,211,212,179,179,179,196,197,198,142,135,129,176,171,167,0.53563,0.53878,0.54062
1,8.3854e+05,0.231,14.16,195,800,0.18835,13.95,185.86,770.88,0.323,0.12143,0.024576,0.26213,0.11451,0.020224,0.22808,0.11037,0.017408,236,238,239,209,211,212,176,175,176,193,194,193,87,95,105,136,141,147,0.54545,0.54322,0.54069
1,8.3864e+05,0.231,14.08,195,800,0.17561,13.899,186.9,1145.4,0.24881,0.12635,0.023808,0.23173,0.12042,0.021056,0.21257,0.11492,0.01856,239,237,238,222,216,210,177,175,174,213,203,195,82,88,98,119,124,132,0.53497,0.53751,0.53758
1,8.3874e+05,0.231,14,195,800,0.17349,13.815,186.8,1080.6,0.26658,0.13711,0.028224,0.25921,0.12426,0.024896,0.24799,0.11983,0.023104,243,243,242,219,214,210,174,173,171,212,206,197,112,104,98,106,106,107,0.54588,0.53847,0.53444
1,8.3884e+05,0.231,13.92,195,800,0.16288,13.755,186.81,907.4,0.37511,0.13121,0.036352,0.35674,0.11883,0.030848,0.31086,0.10938,0.024256,249,249,247,204,205,202,160,164,166,187,188,187,96,99,96,97,96,96,0.53114,0.53031,0.53165
1,8.3894e+05,0.231,13.84,195,800,0.17986,13.664,186.01,885.88,0.40693,0.14103,0.042944,0.37358,0.13116,0.035904,0.31058,0.12383,0.0288,248,249,249,193,197,202,153,159,165,179,180,180,85,88,90,96,95,94,0.52971,0.53324,0.53534
1,8.3904e+05,0.231,13.76,195,800,0.18092,13.581,186.29,971.91,0.38336,0.13478,0.038464,0.31208,0.13093,0.030784,0.27351,0.12357,0.026112,250,248,248,188,189,195,162,164,166,170,174,176,77,81,85,102,97,94,0.54341,0.5438,0.54033
1,8.3914e+05,0.231,13.68,195,800,0.16925,13.512,185.17,723.39,0.41038,0.11325,0.032,0.30789,0.10887,0.023488,0.25768,0.10426,0.019072,243,245,246,180,185,192,172,170,169,180,178,176,84,85,84,100,97,96,0.55009,0.54123,0.53878
1,8.3924e+05,0.231,13.6,195,800,0.19259,13.432,187.35,867.68,0.34378,0.12573,0.032064,0.29159,0.12076,0.026432,0.24923,0.11402,0.021312,235,239,243,188,189,194,170,172,171,177,178,175,75,79,80,102,101,99,0.53744,0.53751,0.53625
1,8.3934e+05,0.231,13.52,195,800,0.18516,13.34,186.89,850.82,0.39068,0.12191,0.035008,0.31065,0.11339,0.026176,0.2712,0.10624,0.021696,240,241,242,209,208,205,167,167,168,159,162,165,67,68,71,109,105,102,0.54834,0.54132,0.53718
1,8.3944e+05,0.231,13.44,195,800,0.17349,13.274,186.66,851.32,0.34696,0.12305,0.031872,0.28073,0.11702,0.024512,0.24537,0.11225,0.021056,241,242,243,210,213,212,163,164,165,152,156,158,67,67,68,105,104,103,0.54818,0.54252,0.53973
1,8.3954e+05,0.231,13.36,195,800,0.17243,13.197,184.55,747.26,0.32129,0.12143,0.029184,0.28669,0.11506,0.024512,0.2471,0.10947,0.020608,246,245,243,218,221,222,161,161,161,143,143,144,68,65,62,105,106,108,0.53782,0.53588,0.53889
1,8.3964e+05,0.231,13.28,195,800,0.16394,13.129,186.22,743.32,0.32741,0.11531,0.025152,0.25875,0.11063,0.020288,0.23227,0.10315,0.017152,245,244,242,221,226,228,157,159,160,132,135,137,61,59,58,113,112,111,0.52804,0.53942,0.53932
1,8.3974e+05,0.231,13.2,195,800,0.17455,13.039,185.31,920.79,0.29332,0.12571,0.026688,0.26035,0.12237,0.022912,0.24144,0.11523,0.019712,237,237,239,247,238,226,157,157,156,123,124,127,48,49,51,119,118,115,0.53727,0.5405,0.54093
1,8.3984e+05,0.231,13.12,195,800,0.17667,12.955,186.24,672.41,0.22009,0.13152,0.022592,0.19902,0.12635,0.019712,0.1902,0.12065,0.018112,234,234,236,202,199,195,152,154,157,121,122,123,46,47,48,114,112,113,0.52305,0.53458,0.53939
1,8.3994e+05,0.231,13.04,195,800,0.18941,12.868,186.82,968.87,0.3517,0.12541,0.033408,0.32588,0.11553,0.028416,0.30117,0.11042,0.024256,231,233,234,159,165,173,156,157,159,121,121,121,45,46,47,111,110,111,0.54099,0.53825,0.53889
1,8.4004e+05,0.231,12.96,195,800,0.17986,12.8,185.85,799.01,0.2933,0.13446,0.0304,0.25764,0.13096,0.02656,0.23852,0.12222,0.022528,224,227,232,125,131,145,166,165,165,117,118,120,45,46,46,108,108,108,0.53138,0.54007,0.53902
1,8.4014e+05,0.231,12.88,195,800,0.17137,12.735,187.8,673.79,0.38247,0.11879,0.032192,0.32192,0.11026,0.025216,0.2599,0.10836,0.020288,224,228,234,129,138,149,163,167,168,118,119,120,45,46,46,106,106,106,0.53034,0.53821,0.53834
1,8.4024e+05,0.231,12.8,195,800,0.17349,12.655,185.75,565.35,0.29286,0.1235,0.025984,0.19956,0.12172,0.018752,0.17409,0.11847,0.01632,239,240,240,187,181,174,177,172,169,121,122,122,46,46,46,98,99,101,0.54425,0.53943,0.53983
1,8.4034e+05,0.231,12.72,195,800,0.17243,12.567,186.18,943.72,0.32568,0.12001,0.028544,0.286,0.11305,0.024,0.25483,0.10861,0.020672,249,246,244,194,194,188,172,172,172,124,124,124,44,45,47,99,100,101,0.54224,0.5383,0.53992
1,8.4044e+05,0.231,12.64,195,800,0.17774,12.486,186.12,667.32,0.30791,0.12109,0.0272,0.27389,0.11176,0.022464,0.254,0.10878,0.019968,245,244,243,182,184,186,181,177,174,126,126,126,47,47,48,103,103,102,0.53898,0.53776,0.53986
1,8.4054e+05,0.231,12.56,195,800,0.18941,12.394,188.36,826.38,0.33222,0.12357,0.0304,0.2848,0.11698,0.024896,0.26039,0.11227,0.021568,238,239,240,156,168,180,182,182,180,131,130,130,56,53,51,106,105,103,0.52786,0.53908,0.54115
1,8.4064e+05,0.231,12.48,195,800,0.17349,12.326,187.42,1126.4,0.34387,0.11783,0.0288,0.26577,0.11481,0.022784,0.24163,0.11189,0.019968,239,238,239,163,171,180,180,182,184,133,133,134,52,52,52,104,102,101,0.53965,0.53797,0.5397
1,8.4074e+05,0.231,12.4,195,800,0.17667,12.249,186.44,691.6,0.29016,0.13277,0.028544,0.24684,0.12558,0.023936,0.22433,0.12053,0.021056,241,241,242,184,188,193,188,188,187,147,146,143,51,51,52,90,93,96,0.53823,0.54214,0.54293
1,8.4084e+05,0.231,12.32,195,800,0.18835,12.161,186.02,882.54,0.33598,0.12279,0.029952,0.29564,0.11927,0.026112,0.25933,0.11379,0.022016,246,245,244,210,208,205,186,184,184,158,155,153,51,52,54,88,91,94,0.55182,0.54067,0.53901
1,8.4094e+05,0.231,12.24,195,800,0.18198,12.086,186.2,973.03,0.33196,0.11425,0.0272,0.26748,0.11245,0.021824,0.23441,0.10828,0.01824,244,245,245,214,213,208,174,178,180,157,158,159,52,54,57,93,94,94,0.54555,0.54521,0.54423
1,8.4104e+05,0.231,12.16,195,800,0.16394,12.028,185.66,878.9,0.30568,0.11652,0.026304,0.24835,0.11424,0.021504,0.21486,0.10783,0.017792,245,245,245,208,207,206,175,174,173,175,173,172,58,59,61,92,93,94,0.53692,0.53848,0.54129
1,8.4114e+05,0.231,12.08,195,800,0.17561,11.942,185.84,679.71,0.24422,0.13147,0.024576,0.21612,0.12292,0.020352,0.19777,0.11855,0.018112,247,246,245,205,202,202,174,174,172,184,182,181,60,62,64,88,90,94,0.53797,0.53428,0.5386
1,8.4124e+05,0.231,12,195,800,0.17349,11.858,184.94,770.51,0.33996,0.10481,0.025536,0.27686,0.10002,0.01984,0.23155,0.095768,0.016256,245,246,247,194,200,204,172,170,168,198,195,192,68,72,74,93,93,94,0.5424,0.54243,0.54022
1,8.4134e+05,0.231,11.92,195,800,0.16606,11.784,187.18,815.05,0.25355,0.13197,0.024768,0.2325,0.1238,0.021696,0.21627,0.11751,0.019456,254,251,249,221,216,209,167,167,168,198,193,190,97,90,82,91,93,97,0.54944,0.54223,0.54111
1,8.4144e+05,0.231,11.84,195,800,0.2032,11.683,186.23,834.17,0.28788,0.12762,0.02688,0.2479,0.12077,0.022336,0.21603,0.11613,0.01888,254,253,250,227,217,205,171,169,168,188,185,185,94,87,82,91,95,100,0.54513,0.54436,0.54503
1,8.4154e+05,0.231,11.76,195,800,0.16288,11.633,186.49,796.74,0.31962,0.12242,0.03008,0.28727,0.11198,0.024768,0.25921,0.1075,0.021056,252,251,251,179,192,200,166,169,170,166,169,172,68,72,78,104,105,105,0.56016,0.55273,0.54995
1,8.4164e+05,0.231,11.68,195,800,0.18622,11.531,186.55,987.6,0.33353,0.12714,0.030336,0.2783,0.12205,0.025216,0.25284,0.11611,0.02144,250,250,250,189,192,202,168,168,170,167,165,167,74,75,78,105,108,110,0.55074,0.55292,0.55138
1,8.4174e+05,0.231,11.6,195,800,0.16076,11.476,186.82,849.93,0.34162,0.12469,0.03008,0.29032,0.11667,0.023744,0.2482,0.11594,0.020352,252,251,251,231,227,221,168,168,169,158,156,156,92,87,83,115,118,121,0.55179,0.5519,0.55025
1,8.4184e+05,0.231,11.52,195,800,0.18198,11.373,186.13,648.99,0.23644,0.13543,0.024896,0.21925,0.12617,0.02144,0.20367,0.12136,0.019136,254,253,252,244,236,226,167,167,167,147,144,144,76,79,81,136,140,145,0.55028,0.55534,0.55262
1,8.4194e+05,0.231,11.44,195,800,0.19683,11.289,185.57,1146.3,0.30721,0.11822,0.0256,0.24791,0.11154,0.020096,0.21151,0.11148,0.017024,254,254,252,227,222,219,164,165,166,143,138,138,73,74,76,154,157,161,0.56041,0.55521,0.55528
1,8.4204e+05,0.231,11.36,195,800,0.1841,11.221,185.42,828.18,0.24199,0.13715,0.025792,0.21749,0.13135,0.022656,0.20639,0.12512,0.020352,254,253,252,188,194,201,167,165,163,124,128,131,65,68,71,197,199,200,0.5593,0.55905,0.5594
1,8.4214e+05,0.231,11.28,195,800,0.1788,11.145,186.46,993.29,0.35896,0.125,0.030784,0.28797,0.12087,0.023488,0.18422,0.12217,0.017664,253,251,251,190,191,196,165,163,161,126,127,130,63,68,69,219,220,218,0.55659,0.55868,0.55978
1,8.4224e+05,0.231,11.2,195,800,0.19577,11.059,187.02,941.94,0.26274,0.13124,0.02656,0.23439,0.12436,0.0224,0.2114,0.11843,0.01952,252,250,250,204,203,201,161,159,161,136,138,146,73,72,72,245,238,227,0.56018,0.56461,0.56609
1,8.4234e+05,0.231,11.12,195,800,0.18941,10.982,186.57,889.72,0.29997,0.11912,0.025088,0.25703,0.11592,0.021504,0.23817,0.10769,0.018304,253,252,249,219,208,199,168,168,172,188,187,187,84,84,92,192,194,203,0.57025,0.5734,0.57561
1,8.4244e+05,0.231,11.04,195,800,0.19047,10.907,186.04,1079.6,0.24597,0.12758,0.023808,0.22765,0.12191,0.021248,0.21763,0.11406,0.018944,251,251,249,199,198,194,177,180,180,232,218,209,96,102,106,169,175,187,0.5996,0.59424,0.57893
1,8.4551e+05,0.324,11,195,800,0.2658,10.918,0.11486,456.33,0,0,0,0,0,0,0,0,0,248,249,249,163,176,187,199,190,185,242,236,228,127,119,116,162,163,169,0.52102,0.52476,0.52358
1,8.4561e+05,0.324,11.08,195,800,0.27429,10.997,185.6,946.16,0.32716,0.11849,0.0208,0.17207,0.11798,0.015872,0.16396,0.11111,0.014272,254,253,251,207,203,198,168,170,173,183,187,188,78,83,91,184,189,196,0.58833,0.58419,0.58483
1,8.4571e+05,0.324,11.16,195,800,0.26049,11.08,185.98,565.68,0.22292,0.12381,0.021184,0.19702,0.12061,0.018432,0.18585,0.11303,0.016192,253,252,251,216,209,201,163,164,166,153,158,166,73,75,79,219,215,211,0.56235,0.56861,0.57019
1,8.4581e+05,0.324,11.24,195,800,0.27747,11.159,186.29,1094.4,0.29481,0.13221,0.028544,0.28109,0.1228,0.025344,0.27144,0.11603,0.022464,247,249,251,195,195,197,161,162,163,133,133,137,79,76,73,240,232,221,0.56768,0.56654,0.56588
1,8.4591e+05,0.324,11.32,195,800,0.2849,11.201,186.51,1041.5,0.29878,0.12836,0.028352,0.25954,0.1224,0.023488,0.2327,0.11881,0.020416,251,251,251,189,189,194,164,163,163,133,131,133,78,75,72,215,214,212,0.56088,0.55613,0.55951
1,8.4601e+05,0.324,11.4,195,800,0.26474,11.304,186.77,703.7,0.31453,0.11595,0.026688,0.27789,0.1085,0.021888,0.25192,0.1014,0.018304,254,254,252,192,200,205,160,162,164,134,136,137,66,71,75,170,171,174,0.55819,0.55904,0.5572
1,8.4611e+05,0.324,11.48,195,800,0.2711,11.384,186.87,616.12,0.30098,0.14183,0.032384,0.27497,0.13391,0.028608,0.25731,0.12988,0.02592,253,252,252,238,230,221,166,166,167,145,145,146,84,86,84,134,136,140,0.56104,0.55572,0.5539
1,8.4621e+05,0.324,11.56,195,800,0.2658,11.45,185.5,754.3,0.37972,0.13835,0.038016,0.32941,0.13028,0.031808,0.29201,0.12535,0.0272,250,251,251,241,233,222,171,170,169,147,150,152,99,94,87,119,122,127,0.56032,0.55398,0.55367
1,8.4631e+05,0.324,11.64,195,800,0.27429,11.521,186.33,908.45,0.3893,0.12266,0.032192,0.28721,0.11605,0.024128,0.24799,0.11332,0.020608,250,249,249,208,206,206,169,171,171,165,162,161,84,84,82,103,107,111,0.55365,0.55245,0.55225
1,8.4641e+05,0.324,11.72,195,800,0.26261,11.619,185.83,863.61,0.3523,0.12323,0.031424,0.31481,0.11373,0.025664,0.273,0.10668,0.021184,248,249,249,187,191,200,169,171,172,163,165,167,71,74,78,102,105,107,0.55998,0.55377,0.5521
1,8.4651e+05,0.324,11.8,195,800,0.28065,11.681,186.81,712.82,0.28301,0.12382,0.025856,0.23857,0.11955,0.021504,0.21632,0.11161,0.018432,250,250,250,209,202,201,173,173,171,169,174,180,74,81,80,101,100,101,0.54881,0.54716,0.54715
1,8.4661e+05,0.324,11.88,195,800,0.27429,11.748,185.85,612.04,0.31174,0.12693,0.030016,0.28618,0.1197,0.025664,0.26176,0.11111,0.021952,252,252,250,211,210,207,167,169,170,194,194,193,112,98,84,89,92,96,0.54329,0.53916,0.53961
1,8.4671e+05,0.324,11.96,195,800,0.26792,11.839,185.55,663.33,0.30692,0.11166,0.02432,0.26367,0.10503,0.019904,0.23099,0.099688,0.016896,249,250,249,198,202,206,166,168,170,199,198,196,90,88,82,90,92,94,0.54639,0.54244,0.5419
1,8.4681e+05,0.324,12.04,195,800,0.27853,11.91,186.88,955.86,0.27113,0.1314,0.027584,0.2528,0.12302,0.02432,0.24291,0.11606,0.021696,252,249,246,200,200,201,173,173,171,196,194,192,66,68,71,90,91,94,0.54944,0.54657,0.54292
1,8.4691e+05,0.324,12.12,195,800,0.2711,12.004,185.72,998.5,0.33742,0.1254,0.030784,0.2993,0.11993,0.026304,0.27436,0.11201,0.022464,251,248,245,206,203,202,174,174,172,191,188,185,64,66,67,89,91,95,0.54173,0.54147,0.54266
1,8.4701e+05,0.324,12.2,195,800,0.28384,12.056,186.31,678.3,0.31311,0.12229,0.027968,0.26746,0.1151,0.023104,0.24086,0.10826,0.019584,244,245,245,210,212,209,175,175,176,169,169,169,64,63,62,93,95,96,0.54461,0.54412,0.54348
1,8.4711e+05,0.324,12.28,195,800,0.26368,12.172,184.55,695.39,0.24478,0.13068,0.022848,0.22754,0.11966,0.020096,0.2113,0.11408,0.017792,245,244,242,205,207,203,199,190,184,157,156,156,52,55,57,91,92,94,0.53909,0.54333,0.54515
1,8.4721e+05,0.324,12.36,195,800,0.2658,12.242,185.23,715.89,0.33327,0.1298,0.033152,0.3012,0.12536,0.028544,0.28161,0.11821,0.02528,242,241,241,187,195,197,202,196,187,153,152,150,53,53,54,88,90,93,0.55153,0.54653,0.54472
1,8.4731e+05,0.324,12.44,195,800,0.27216,12.311,185.72,668.52,0.27512,0.11578,0.023168,0.24335,0.10758,0.019072,0.19963,0.10414,0.01568,241,239,238,179,179,180,191,189,187,139,141,141,49,52,54,93,95,96,0.53929,0.54538,0.54612
1,8.4741e+05,0.324,12.52,195,800,0.27535,12.399,185.74,962.95,0.2482,0.13105,0.025216,0.23134,0.12499,0.022272,0.21574,0.11699,0.019584,242,240,239,171,173,177,184,184,184,137,137,137,51,53,53,101,100,99,0.54703,0.5447,0.54587
1,8.4751e+05,0.324,12.6,195,800,0.26261,12.49,184.95,851.06,0.33243,0.12351,0.02816,0.26752,0.11721,0.022464,0.21795,0.11743,0.01888,245,243,242,170,176,183,178,178,177,131,131,130,51,51,50,107,105,102,0.55244,0.54723,0.54485
1,8.4761e+05,0.324,12.68,195,800,0.30399,12.53,186.47,826.74,0.27246,0.13791,0.02816,0.24534,0.12846,0.024,0.21968,0.12595,0.021184,250,248,245,205,201,192,173,173,174,126,125,125,44,45,46,101,101,102,0.54882,0.54216,0.54203
1,8.4771e+05,0.324,12.76,195,800,0.27004,12.634,185.19,856.74,0.32743,0.12329,0.027008,0.21254,0.12161,0.0192,0.18512,0.11882,0.01664,249,246,244,211,201,188,176,174,173,123,123,123,45,45,46,98,100,102,0.55019,0.53915,0.53943
1,8.4781e+05,0.324,12.84,195,800,0.2658,12.714,187.44,553.2,0.32411,0.12066,0.028352,0.28065,0.11297,0.023168,0.25273,0.10916,0.019648,228,232,236,155,158,160,175,174,172,119,120,121,48,47,46,105,105,106,0.54787,0.53768,0.53914
1,8.4791e+05,0.324,12.92,195,800,0.26686,12.793,185.04,1092.1,0.26206,0.13218,0.026752,0.24881,0.12093,0.023232,0.23249,0.11835,0.021312,221,227,234,127,134,146,167,170,171,118,119,121,47,47,46,109,109,108,0.54035,0.54111,0.54383
1,8.4801e+05,0.324,13,195,800,0.25837,12.884,185.87,1294.9,0.29848,0.12163,0.02592,0.24018,0.12095,0.021504,0.21612,0.1126,0.018304,229,231,233,127,133,146,164,162,161,120,121,122,47,47,47,108,110,111,0.54026,0.54183,0.54269
1,8.4811e+05,0.324,13.08,195,800,0.28596,12.931,186.02,886.8,0.31637,0.12762,0.029952,0.27822,0.11847,0.024896,0.25952,0.11362,0.021824,241,238,237,188,188,187,148,151,155,127,126,126,48,49,50,112,113,115,0.54129,0.54023,0.54041
1,8.4821e+05,0.324,13.16,195,800,0.28065,13.016,185.77,603.12,0.29389,0.12754,0.028224,0.25765,0.12017,0.023616,0.23727,0.11525,0.020672,238,238,238,228,217,207,153,152,154,129,128,128,50,50,51,117,116,116,0.54895,0.54382,0.5417
1,8.4831e+05,0.324,13.24,195,800,0.2711,13.115,186.35,750.5,0.25273,0.12817,0.024384,0.2329,0.11963,0.020928,0.21467,0.11409,0.018432,242,241,241,235,231,226,159,158,158,133,134,135,54,56,57,117,116,115,0.54552,0.54099,0.54179
1,8.4841e+05,0.324,13.32,195,800,0.27641,13.175,186.37,728.78,0.26079,0.12147,0.022464,0.21073,0.11212,0.0176,0.1831,0.10887,0.014976,244,244,243,229,225,224,159,159,161,140,141,141,63,61,60,110,111,112,0.53608,0.54076,0.54362
1,8.4851e+05,0.324,13.4,195,800,0.2849,13.245,186.88,817.55,0.25501,0.1257,0.02368,0.21907,0.12364,0.020288,0.20222,0.11299,0.017536,247,246,244,218,215,213,164,163,164,161,157,154,70,68,65,100,103,106,0.53527,0.5401,0.54178
1,8.4861e+05,0.324,13.48,195,800,0.26686,13.344,188.26,1032.7,0.25817,0.13135,0.02496,0.23504,0.12262,0.021568,0.2202,0.11672,0.019136,243,242,243,204,200,199,170,167,167,171,169,167,66,67,69,106,104,103,0.54425,0.54605,0.54582
1,8.4871e+05,0.324,13.56,195,800,0.2902,13.403,187.27,900.17,0.33057,0.13123,0.032448,0.30234,0.12404,0.02784,0.28174,0.11989,0.024832,240,240,243,191,189,191,172,169,168,180,176,173,69,70,73,105,103,102,0.54602,0.54444,0.54352
1,8.4881e+05,0.324,13.64,195,800,0.25519,13.508,188,1052.9,0.25734,0.13329,0.025536,0.21896,0.1321,0.02176,0.19536,0.12278,0.018752,243,243,245,168,176,187,175,171,169,193,184,179,83,80,79,94,97,99,0.53609,0.53872,0.53942
1,8.4891e+05,0.324,13.72,195,800,0.27216,13.578,185.75,709.95,0.27593,0.13563,0.02816,0.25299,0.12933,0.02464,0.23853,0.12192,0.021888,247,247,247,174,181,186,173,169,167,187,183,180,81,80,82,93,96,98,0.54503,0.54475,0.54313
1,8.4901e+05,0.324,13.8,195,800,0.26474,13.666,186.55,959.95,0.31714,0.11762,0.025664,0.26263,0.11243,0.020672,0.21279,0.1079,0.017152,249,249,249,190,193,197,161,161,164,192,186,185,82,83,88,93,95,96,0.5483,0.54107,0.53906
1,8.4911e+05,0.324,13.88,195,800,0.27535,13.751,187.55,800.69,0.2977,0.11985,0.0272,0.25261,0.11766,0.022528,0.22291,0.1111,0.018752,249,247,247,220,206,198,163,162,164,209,200,197,97,97,97,93,95,99,0.52825,0.53334,0.53557
1,8.4921e+05,0.324,13.96,195,800,0.26898,13.821,186.5,1052,0.3317,0.13661,0.034432,0.29127,0.12983,0.028992,0.26542,0.12448,0.025408,248,245,243,216,207,202,162,165,167,212,206,203,103,102,99,99,101,104,0.53819,0.53841,0.53887
1,8.4931e+05,0.324,14.04,195,800,0.28277,13.889,187.57,1257.4,0.31109,0.1184,0.025664,0.25349,0.11415,0.0208,0.21877,0.10783,0.017472,231,234,238,212,209,206,169,171,173,218,211,204,93,94,97,123,121,125,0.53748,0.54235,0.54162
1,8.4941e+05,0.324,14.12,195,800,0.28065,13.965,186.18,773.3,0.27647,0.12945,0.027456,0.26103,0.12393,0.024512,0.24345,0.11653,0.021696,234,233,237,216,212,208,174,175,175,208,202,199,87,90,98,129,134,143,0.54115,0.54393,0.54399
1,8.4951e+05,0.324,14.2,195,800,0.2658,14.049,186.04,885.26,0.30199,0.12462,0.027968,0.26966,0.12094,0.02432,0.24458,0.11446,0.021248,244,243,241,215,216,217,184,183,181,184,189,195,116,120,123,177,175,171,0.54652,0.54178,0.54392
1,8.5258e+05,0.417,14.24,195,800,0.36023,14.042,0.094994,766.87,0,0,0,0,0,0,0,0,0,253,250,246,235,232,226,194,189,185,194,194,197,165,161,152,229,218,205,0.56134,0.55541,0.55338
1,8.5268e+05,0.417,14.16,195,800,0.36129,13.969,185.57,510.38,0.30115,0.1184,0.021376,0.24536,0.11283,0.016256,0.19517,0.11168,0.014016,233,235,238,213,212,213,186,183,181,184,189,198,96,104,115,209,201,190,0.5549,0.55036,0.54929
1,8.5278e+05,0.417,14.08,195,800,0.3528,13.9,186.22,549.9,0.22488,0.12536,0.021376,0.20774,0.11996,0.018752,0.18977,0.1118,0.016128,223,229,236,209,202,203,181,179,176,195,201,206,95,96,103,163,169,171,0.55733,0.55332,0.55061
1,8.5288e+05,0.417,14,195,800,0.37508,13.789,186.48,870.08,0.31299,0.12806,0.029312,0.26257,0.12246,0.024384,0.23544,0.11826,0.021632,241,239,238,170,183,196,162,166,169,231,226,222,98,99,99,122,121,124,0.53463,0.54346,0.54694
1,8.5298e+05,0.417,13.92,195,800,0.36235,13.732,186.26,780.25,0.33876,0.14436,0.037824,0.31102,0.13797,0.033408,0.29027,0.13388,0.030016,247,246,245,194,195,196,167,164,164,217,220,220,105,102,99,92,97,102,0.5533,0.5441,0.54062
1,8.5308e+05,0.417,13.84,195,800,0.3719,13.657,187.28,741.59,0.48872,0.13133,0.047232,0.47096,0.12108,0.04128,0.421,0.11235,0.031808,247,247,247,197,198,198,166,165,165,207,210,213,105,100,96,94,95,98,0.54217,0.53911,0.53912
1,8.5318e+05,0.417,13.76,195,800,0.36978,13.58,186.72,824.09,0.39708,0.12664,0.037824,0.33615,0.1164,0.029312,0.29016,0.11148,0.024064,254,251,247,204,197,191,167,166,166,189,194,200,87,88,89,102,99,97,0.54135,0.5349,0.53853
1,8.5328e+05,0.417,13.68,195,800,0.36765,13.517,186.86,666.37,0.33752,0.12718,0.03264,0.28399,0.12121,0.02624,0.25237,0.11492,0.0224,254,251,247,200,191,187,164,166,167,182,189,195,84,84,84,100,99,98,0.54763,0.5444,0.54247
1,8.5338e+05,0.417,13.6,195,800,0.35917,13.433,186.74,660.6,0.37755,0.13736,0.039552,0.33375,0.12729,0.03296,0.30098,0.11929,0.027456,245,245,245,168,178,186,164,165,167,179,183,186,75,76,77,101,100,99,0.54338,0.54092,0.54251
1,8.5348e+05,0.417,13.52,195,800,0.35598,13.35,188.17,741.77,0.32911,0.13749,0.034688,0.29132,0.12851,0.028864,0.26274,0.12518,0.0256,249,248,245,187,191,196,166,168,169,175,175,175,65,67,69,101,101,102,0.53712,0.54216,0.54383
1,8.5358e+05,0.417,13.44,195,800,0.37402,13.269,186.83,904.99,0.40739,0.12535,0.036032,0.36771,0.11886,0.029312,0.31184,0.11127,0.023616,251,249,246,201,202,202,170,170,170,169,169,168,64,66,67,103,103,103,0.53221,0.53984,0.54448
1,8.5368e+05,0.417,13.36,195,800,0.36447,13.183,187.71,973.3,0.33598,0.12188,0.030528,0.29832,0.11447,0.025088,0.25522,0.11204,0.021248,243,243,244,213,213,213,171,170,169,156,155,154,65,63,63,111,108,107,0.53793,0.54697,0.5468
1,8.5378e+05,0.417,13.28,195,800,0.36235,13.12,188.31,786.44,0.26341,0.12605,0.02528,0.23557,0.1212,0.022272,0.21631,0.11721,0.01984,237,240,243,213,216,215,171,168,165,147,147,147,59,60,62,112,111,111,0.53797,0.54527,0.54512
1,8.5388e+05,0.417,13.2,195,800,0.36765,13.035,187.98,745.63,0.27524,0.12114,0.025216,0.2507,0.11602,0.021952,0.23101,0.11326,0.019264,242,241,241,215,211,205,155,156,156,136,135,137,65,62,59,122,118,114,0.545,0.54693,0.54652
1,8.5398e+05,0.417,13.12,195,800,0.36341,12.963,187.58,575.94,0.29119,0.1284,0.028032,0.25482,0.12178,0.023872,0.23243,0.11746,0.0208,242,242,242,173,175,177,142,147,152,132,132,131,56,57,56,117,116,115,0.54818,0.5406,0.54436
1,8.5408e+05,0.417,13.04,195,800,0.37084,12.869,186.76,804.53,0.38136,0.12641,0.035264,0.32459,0.12104,0.028608,0.27201,0.11522,0.023232,244,242,240,152,154,159,151,152,155,129,130,130,51,51,52,116,114,115,0.54941,0.54978,0.54822
1,8.5418e+05,0.417,12.96,195,800,0.37508,12.793,186.47,1015.3,0.3776,0.12512,0.035968,0.33892,0.11741,0.029888,0.30879,0.11235,0.025792,235,236,237,122,130,144,173,172,168,125,125,126,46,47,48,117,116,114,0.5499,0.54622,0.54512
1,8.5428e+05,0.417,12.88,195,800,0.37508,12.719,186.23,1057.9,0.24397,0.13673,0.024768,0.21848,0.12924,0.02144,0.20216,0.12234,0.019072,235,236,237,130,138,150,184,179,173,124,125,125,46,46,47,118,116,113,0.5555,0.54523,0.54599
1,8.5438e+05,0.417,12.8,195,800,0.37296,12.645,187.02,595.74,0.29438,0.13458,0.030016,0.25851,0.13006,0.025472,0.24631,0.12022,0.022272,248,244,241,180,181,178,177,177,176,122,123,125,45,46,46,109,109,108,0.55298,0.54703,0.5457
1,8.5448e+05,0.417,12.72,195,800,0.36659,12.567,186.66,492.09,0.26963,0.12391,0.025216,0.231,0.11936,0.02144,0.21148,0.11452,0.019136,245,247,246,208,205,197,171,172,174,122,125,128,44,45,47,100,102,103,0.55034,0.54639,0.54475
1,8.5458e+05,0.417,12.64,195,800,0.36659,12.48,186.18,970.37,0.35316,0.1127,0.028736,0.30845,0.10775,0.023616,0.26439,0.10359,0.019776,247,247,246,204,202,196,169,171,174,126,129,132,45,47,49,100,101,102,0.54182,0.54875,0.5492
1,8.5468e+05,0.417,12.56,195,800,0.37826,12.387,186.07,1183.9,0.26535,0.15886,0.027968,0.23429,0.14555,0.02304,0.21605,0.13651,0.020096,241,242,242,177,182,186,176,176,177,140,140,140,56,55,54,101,100,99,0.54879,0.5489,0.54817
1,8.5478e+05,0.417,12.48,195,800,0.3719,12.311,186.92,1009.8,0.3263,0.12221,0.029696,0.27791,0.11607,0.024704,0.25799,0.10669,0.020928,234,238,240,173,178,182,181,181,180,141,143,145,62,59,56,96,97,97,0.55007,0.54898,0.54773
1,8.5488e+05,0.417,12.4,195,800,0.3528,12.263,186.61,819.9,0.26811,0.12663,0.025536,0.24441,0.11716,0.021824,0.22128,0.11473,0.019648,230,235,239,170,178,183,187,188,187,148,148,151,57,59,59,88,91,94,0.54024,0.54422,0.548
1,8.5498e+05,0.417,12.32,195,800,0.36129,12.173,187.65,727.89,0.30628,0.1262,0.029248,0.27697,0.12019,0.025024,0.25738,0.113,0.021888,241,241,241,204,200,194,185,185,182,153,157,162,61,62,64,98,98,98,0.53762,0.54576,0.54873
1,8.5508e+05,0.417,12.24,195,800,0.36341,12.079,186.49,963.76,0.29721,0.13456,0.027456,0.24382,0.12788,0.021824,0.19439,0.12626,0.018176,245,243,242,222,208,197,173,177,178,165,167,169,68,69,68,103,103,100,0.54877,0.54765,0.54851
1,8.5518e+05,0.417,12.16,195,800,0.37296,12.004,187.63,932.75,0.34878,0.13755,0.035392,0.30137,0.12947,0.029376,0.26591,0.12484,0.025728,243,243,244,197,201,201,167,168,169,187,187,185,79,76,72,106,104,102,0.55084,0.54639,0.54728
1,8.5528e+05,0.417,12.08,195,800,0.36765,11.924,186.9,897.71,0.35531,0.12758,0.031744,0.30109,0.11813,0.026112,0.26927,0.11558,0.022016,243,243,244,199,198,198,171,169,169,196,195,192,74,73,73,102,102,101,0.53775,0.54549,0.54665
1,8.5538e+05,0.417,12,195,800,0.36553,11.852,185.14,1142.1,0.26897,0.12812,0.026112,0.25024,0.1201,0.022592,0.23649,0.11427,0.020352,247,248,248,199,199,200,172,171,170,205,204,202,78,78,79,95,96,97,0.53989,0.54459,0.54564
1,8.5548e+05,0.417,11.92,195,800,0.34749,11.785,188.03,893.3,0.28137,0.12112,0.025152,0.24185,0.11525,0.021056,0.21084,0.10955,0.0176,254,252,250,202,204,205,174,173,173,212,206,199,92,89,83,95,96,98,0.53687,0.54385,0.54468
1,8.5558e+05,0.417,11.84,195,800,0.36129,11.698,185.76,1125.5,0.36407,0.12213,0.029248,0.26546,0.11762,0.021952,0.21878,0.11422,0.018432,251,251,251,205,206,203,175,175,173,203,198,193,83,84,82,100,100,100,0.54428,0.54887,0.54883
1,8.5568e+05,0.417,11.76,195,800,0.36765,11.624,186.38,791.57,0.24781,0.11748,0.020992,0.20727,0.1156,0.018112,0.18802,0.11128,0.016,245,247,250,183,192,198,175,175,174,175,177,179,66,68,74,106,105,104,0.54749,0.54813,0.55088
1,8.5578e+05,0.417,11.68,195,800,0.36978,11.555,186.46,860.27,0.29093,0.12292,0.025216,0.23871,0.12077,0.021376,0.21446,0.11533,0.018752,247,248,249,183,189,198,175,175,174,173,171,172,63,69,74,103,104,105,0.55184,0.55147,0.55336
1,8.5588e+05,0.417,11.6,195,800,0.35386,11.466,185.79,819.63,0.27763,0.11987,0.022976,0.23693,0.11744,0.019584,0.20884,0.11326,0.01728,251,250,250,206,206,205,177,176,174,162,161,161,99,89,81,110,110,113,0.54788,0.55202,0.55428
1,8.5598e+05,0.417,11.52,195,800,0.36978,11.379,186.58,1161.2,0.2516,0.12265,0.023552,0.22869,0.11686,0.020672,0.21255,0.1127,0.018752,246,249,251,208,207,206,170,170,171,146,149,151,96,89,81,134,133,135,0.55003,0.55357,0.55258
1,8.5608e+05,0.417,11.44,195,800,0.3581,11.302,185.68,1032.6,0.33035,0.1248,0.028672,0.27991,0.1168,0.023552,0.25012,0.11501,0.020736,250,250,251,203,201,201,163,165,169,148,147,146,85,79,76,149,148,150,0.56102,0.55413,0.55445
1,8.5618e+05,0.417,11.36,195,800,0.3719,11.223,186.39,838.78,0.29935,0.11909,0.024448,0.25165,0.11665,0.02048,0.2096,0.11118,0.017344,254,253,251,189,189,190,165,165,167,140,143,143,70,71,71,183,187,191,0.55004,0.55704,0.55928
1,8.5628e+05,0.417,11.28,195,800,0.35917,11.142,185.17,662.04,0.29252,0.12264,0.027008,0.2643,0.11776,0.023808,0.24425,0.11516,0.021312,250,251,251,181,187,191,169,167,167,140,142,142,81,75,70,210,211,209,0.54751,0.55587,0.55948
1,8.5638e+05,0.417,11.2,195,800,0.36553,11.077,186.29,667.23,0.26022,0.13185,0.024896,0.20596,0.129,0.020544,0.18987,0.12139,0.017792,252,250,251,203,199,196,170,170,171,145,148,153,74,72,72,229,229,222,0.57365,0.56449,0.56645
1,8.5648e+05,0.417,11.12,195,800,0.37614,10.974,186.17,931.85,0.25867,0.12855,0.025344,0.23422,0.12508,0.022016,0.21794,0.11931,0.01952,253,252,250,200,198,196,177,176,177,186,185,187,76,81,90,190,192,197,0.56438,0.57196,0.57707
1,8.5658e+05,0.417,11.04,195,800,0.37402,10.897,186.36,1107.5,0.27467,0.12386,0.025856,0.24663,0.11843,0.022016,0.21181,0.11409,0.018752,249,250,250,190,189,193,177,180,181,221,214,207,105,106,104,167,173,180,0.5928,0.58953,0.57554
1,8.5965e+05,0.51,11,195,800,0.47375,10.916,0.078442,648.79,0,0,0,0,0,0,0,0,0,247,249,250,214,207,201,189,187,183,235,228,221,141,133,131,156,162,172,0.50676,0.50849,0.51711
1,8.5975e+05,0.51,11.08,195,800,0.45678,11.012,186.86,1023,0.28031,0.1143,0.02112,0.25367,0.10882,0.01824,0.23668,0.10688,0.016192,251,252,251,196,198,198,183,181,179,173,179,185,80,85,96,208,204,203,0.58425,0.58147,0.58289
1,8.5985e+05,0.51,11.16,195,800,0.44405,11.092,186.78,914.08,0.2111,0.12241,0.019648,0.19275,0.11672,0.017344,0.18029,0.11087,0.015296,251,252,252,195,195,194,177,178,177,152,158,166,69,71,78,241,230,220,0.57642,0.5711,0.57175
1,8.5995e+05,0.51,11.24,195,800,0.45147,11.16,186.7,782.22,0.2489,0.12537,0.024192,0.23365,0.11654,0.0208,0.21825,0.11024,0.018176,251,252,252,181,186,189,179,178,175,154,147,144,57,61,65,244,237,226,0.5547,0.56331,0.56499
1,8.6005e+05,0.51,11.32,195,800,0.4642,11.216,187.11,641.34,0.35559,0.13243,0.033024,0.29326,0.12466,0.025728,0.24525,0.122,0.021888,253,252,252,188,186,185,180,177,174,152,145,141,55,60,63,220,217,213,0.55819,0.55833,0.5589
1,8.6015e+05,0.51,11.4,195,800,0.46102,11.311,186.82,1311.1,0.44143,0.12617,0.038784,0.33943,0.12006,0.028864,0.27842,0.11559,0.023744,249,250,251,182,183,186,173,173,173,143,143,143,59,61,65,169,169,171,0.55499,0.55697,0.55811
1,8.6025e+05,0.51,11.48,195,800,0.45678,11.366,187.23,646.77,0.36356,0.11742,0.027712,0.27737,0.11414,0.020352,0.20004,0.10913,0.015616,250,250,251,191,193,195,180,178,175,155,155,153,64,68,71,127,130,133,0.56216,0.55497,0.55603
1,8.6035e+05,0.51,11.56,195,800,0.47906,11.424,187.14,853.29,0.29131,0.13912,0.028992,0.2578,0.13509,0.025152,0.2385,0.12545,0.022144,254,253,252,202,202,199,184,181,177,164,163,160,68,70,72,114,116,120,0.54969,0.55141,0.55403
1,8.6045e+05,0.51,11.64,195,800,0.46314,11.508,186.69,380.88,0.35899,0.12537,0.032768,0.34318,0.11502,0.02752,0.31369,0.11044,0.023488,253,253,251,200,198,199,177,177,175,175,173,172,66,67,70,104,105,106,0.53923,0.55161,0.55411
1,8.6055e+05,0.51,11.72,195,800,0.46845,11.593,186.05,830.1,0.30485,0.12743,0.02944,0.26851,0.12183,0.024512,0.24506,0.11756,0.021696,251,251,251,192,194,199,167,171,174,174,176,177,63,65,68,106,104,104,0.55381,0.55472,0.5521
1,8.6065e+05,0.51,11.8,195,800,0.45784,11.684,187.57,913.96,0.33493,0.12108,0.029312,0.29251,0.11653,0.02368,0.25216,0.10868,0.019776,253,252,251,215,206,202,176,171,171,191,191,191,70,70,70,110,106,102,0.55743,0.55416,0.55004
1,8.6075e+05,0.51,11.88,195,800,0.47057,11.741,186.37,757.16,0.30784,0.12141,0.027904,0.28856,0.1121,0.02368,0.26775,0.10615,0.020672,254,252,250,211,209,207,173,172,170,210,206,201,77,77,76,99,99,99,0.53911,0.54095,0.54319
1,8.6085e+05,0.51,11.96,195,800,0.46739,11.841,185.83,739.07,0.25319,0.1341,0.025344,0.22596,0.12781,0.021888,0.21028,0.11947,0.0192,249,249,248,206,204,203,169,169,169,208,206,203,77,77,76,96,97,99,0.54185,0.54821,0.54488
1,8.6095e+05,0.51,12.04,195,800,0.47269,11.92,185.77,790.47,0.29151,0.13737,0.02976,0.25861,0.13202,0.025728,0.24124,0.12248,0.022592,242,242,243,188,190,193,164,165,166,197,197,198,70,73,76,107,104,102,0.54086,0.54802,0.54803
1,8.6105e+05,0.51,12.12,195,800,0.45359,11.998,185.21,1006.8,0.40725,0.12308,0.036608,0.37159,0.11582,0.030208,0.32142,0.10618,0.023808,240,240,242,187,187,189,161,162,165,191,192,194,71,74,77,112,108,104,0.53959,0.54673,0.54624
1,8.6115e+05,0.51,12.2,195,800,0.45041,12.076,186.23,977.75,0.30157,0.12031,0.025728,0.25402,0.1132,0.020672,0.21914,0.10948,0.017792,240,240,242,188,183,185,161,164,171,189,185,184,84,83,78,112,109,106,0.55553,0.54874,0.54809
1,8.6125e+05,0.51,12.28,195,800,0.46208,12.157,185.81,910.01,0.27244,0.13909,0.028224,0.2468,0.13069,0.023936,0.23311,0.12184,0.021248,241,242,242,167,178,187,187,181,180,171,172,173,73,73,72,102,102,102,0.55586,0.54866,0.54731
1,8.6135e+05,0.51,12.36,195,800,0.45784,12.249,184.79,790.96,0.27582,0.13103,0.025536,0.2242,0.12013,0.019776,0.19223,0.11433,0.017152,244,242,241,184,183,189,184,183,183,165,166,168,62,64,67,98,99,100,0.55072,0.54957,0.54875
1,8.6145e+05,0.51,12.44,195,800,0.45678,12.309,185.22,851.7,0.37342,0.12259,0.032256,0.315,0.11193,0.02304,0.22161,0.11299,0.01824,241,239,239,190,191,194,177,178,181,160,161,161,64,62,59,98,96,97,0.53783,0.54787,0.54992
1,8.6155e+05,0.51,12.52,195,800,0.45041,12.39,186.95,938.31,0.25704,0.12983,0.02496,0.22682,0.12124,0.020928,0.18573,0.11951,0.017344,238,238,239,191,193,198,174,175,177,161,160,158,64,61,58,97,97,98,0.54362,0.5461,0.54767
1,8.6165e+05,0.51,12.6,195,800,0.46208,12.472,186.58,1237.6,0.38522,0.12979,0.037184,0.35396,0.12059,0.030912,0.31623,0.11627,0.02656,247,244,242,204,202,201,168,171,173,147,148,148,51,53,54,101,102,102,0.54391,0.54984,0.55022
1,8.6175e+05,0.51,12.68,195,800,0.43874,12.569,187.57,1006.8,0.29285,0.13138,0.028864,0.25621,0.12607,0.024512,0.23898,0.12075,0.021696,243,244,244,197,197,198,181,175,171,131,133,136,51,50,50,103,104,106,0.54786,0.5444,0.54582
1,8.6185e+05,0.51,12.76,195,800,0.45465,12.628,184.62,891.64,0.32059,0.13094,0.030656,0.28638,0.1242,0.026048,0.2634,0.11897,0.023232,241,242,244,193,191,191,174,174,173,132,131,133,48,48,49,107,107,109,0.54277,0.54622,0.54533
1,8.6195e+05,0.51,12.84,195,800,0.46208,12.701,185.98,879.1,0.28206,0.11469,0.024192,0.25237,0.11009,0.0208,0.23038,0.10628,0.018048,238,241,243,171,171,172,171,173,175,132,131,131,45,46,48,115,117,117,0.54201,0.54266,0.5443
1,8.6205e+05,0.51,12.92,195,800,0.45465,12.801,186.02,1048.1,0.27629,0.12647,0.025152,0.22277,0.11781,0.020096,0.19725,0.11637,0.017536,238,241,244,153,158,165,177,175,173,131,131,131,47,47,48,121,120,119,0.54799,0.55039,0.54908
1,8.6215e+05,0.51,13,195,800,0.44723,12.883,186.9,1066.4,0.31766,0.12739,0.028928,0.24771,0.12375,0.023424,0.22333,0.12004,0.02048,246,245,244,161,159,160,162,162,163,133,134,133,49,50,53,116,118,118,0.54946,0.54817,0.54656
1,8.6225e+05,0.51,13.08,195,800,0.47375,12.937,186.71,775.15,0.32212,0.12492,0.029376,0.28241,0.11797,0.02432,0.23055,0.11517,0.019968,241,244,246,165,170,175,142,146,152,140,138,136,58,61,62,109,113,115,0.54192,0.54414,0.54602
1,8.6235e+05,0.51,13.16,195,800,0.4589,13.024,184.72,822.26,0.24048,0.13606,0.024448,0.21509,0.12919,0.020928,0.19658,0.12145,0.018432,244,245,246,174,181,185,147,148,152,137,137,138,69,67,64,112,112,114,0.54922,0.55341,0.55104
1,8.6245e+05,0.51,13.24,195,800,0.46314,13.103,185.69,657.63,0.32537,0.13627,0.0336,0.2979,0.12929,0.0288,0.27822,0.12039,0.025088,246,245,245,206,202,201,165,164,161,139,141,144,62,64,65,108,110,113,0.54722,0.54472,0.54634
1,8.6255e+05,0.51,13.32,195,800,0.44405,13.199,185.69,1271.2,0.29941,0.12508,0.02784,0.26193,0.12041,0.023616,0.23664,0.11105,0.019968,241,243,245,200,205,207,173,170,166,148,147,148,57,60,63,107,109,111,0.5502,0.54323,0.54326
1,8.6265e+05,0.51,13.4,195,800,0.43662,13.278,186.35,829.5,0.31396,0.12646,0.029184,0.27818,0.12114,0.025536,0.26198,0.11593,0.022784,247,246,245,210,206,202,174,175,173,160,162,163,61,63,65,106,107,107,0.57197,0.55881,0.54968
1,8.6275e+05,0.51,13.48,195,800,0.45784,13.321,186.33,579.3,0.34802,0.11965,0.02944,0.28175,0.11454,0.022976,0.24095,0.11328,0.0192,246,246,244,195,196,195,176,174,172,177,178,178,74,73,72,98,100,103,0.54813,0.54834,0.54688
1,8.6285e+05,0.51,13.56,195,800,0.46526,13.413,186.48,646.25,0.29761,0.12648,0.027776,0.26669,0.11984,0.022976,0.23235,0.11245,0.019008,240,241,243,202,195,190,167,169,170,186,188,187,79,78,77,98,99,101,0.53093,0.54216,0.54394
1,8.6295e+05,0.51,13.64,195,800,0.45784,13.511,185.49,672.34,0.30667,0.11798,0.025728,0.27829,0.10905,0.020288,0.20344,0.11061,0.017024,236,240,243,191,189,187,162,165,168,216,210,203,84,85,85,100,101,101,0.54423,0.54215,0.54279
1,8.6305e+05,0.51,13.72,195,800,0.45359,13.564,186.24,1152.5,0.24635,0.11611,0.019328,0.21064,0.10938,0.015936,0.19236,0.10399,0.013696,242,243,244,179,185,189,165,167,169,225,217,210,88,89,89,100,101,101,0.54394,0.54119,0.54146
1,8.6315e+05,0.51,13.8,195,800,0.45784,13.665,187.41,863.2,0.25189,0.13088,0.024,0.22319,0.12519,0.02048,0.19867,0.12097,0.018048,241,243,245,194,194,195,171,170,169,218,221,222,99,99,98,96,99,101,0.55053,0.54153,0.53998
1,8.6325e+05,0.51,13.88,195,800,0.47587,13.726,185.95,844.25,0.29059,0.16908,0.031936,0.25342,0.1401,0.027136,0.22915,0.13234,0.02336,238,241,242,206,200,195,160,165,168,248,240,234,104,107,106,102,104,109,0.53924,0.53711,0.54039
1,8.6335e+05,0.51,13.96,195,800,0.45041,13.81,187.09,838.93,0.39266,0.12964,0.034304,0.27804,0.1249,0.0256,0.24275,0.12249,0.022208,240,241,240,197,194,194,167,167,168,252,247,237,107,109,108,112,114,120,0.55767,0.54839,0.54519
1,8.6345e+05,0.51,14.04,195,800,0.4589,13.901,186.37,552.33,0.32089,0.13345,0.03168,0.28704,0.12054,0.025408,0.26386,0.11406,0.0224,232,234,236,183,191,197,179,176,172,234,231,225,103,106,110,154,161,166,0.55319,0.54976,0.54856
1,8.6355e+05,0.51,14.12,195,800,0.46102,13.972,185.35,778.33,0.34403,0.12503,0.03072,0.2892,0.12228,0.02592,0.26016,0.11859,0.02272,229,234,237,196,202,204,186,178,174,215,214,214,103,108,114,200,199,194,0.53641,0.54353,0.5475
1,8.6365e+05,0.51,14.2,195,800,0.45041,14.051,187.56,874.52,0.3219,0.12894,0.03136,0.2977,0.12182,0.0272,0.27986,0.11379,0.024,248,245,243,224,227,224,170,176,179,186,192,200,141,137,136,254,244,224,0.5561,0.55264,0.55297
1,8.6672e+05,0.603,14.24,195,800,0.56075,14.027,-0.37177,942.91,0,0,0,0,0,0,0,0,0,241,245,246,235,228,222,170,171,174,210,207,208,143,148,151,226,228,229,0.55279,0.55695,0.55504
1,8.6682e+05,0.603,14.16,195,800,0.55757,13.963,185.2,995.63,0.16947,0.13071,0.017024,0.16147,0.12194,0.01536,0.15208,0.11831,0.014144,246,243,242,228,221,213,170,170,171,199,206,212,132,128,127,247,239,226,0.55779,0.55176,0.55033
1,8.6692e+05,0.603,14.08,195,800,0.5406,13.905,186.13,988.11,0.242,0.12167,0.0224,0.22611,0.11369,0.019456,0.21302,0.10919,0.017728,238,239,239,201,204,205,163,168,171,214,218,221,118,121,121,217,215,209,0.56086,0.54824,0.54738
1,8.6702e+05,0.603,14,195,800,0.53423,13.818,186.19,828.5,0.29172,0.13962,0.030912,0.27789,0.1293,0.027008,0.26233,0.12462,0.02432,232,235,236,192,194,198,164,167,171,249,246,241,129,120,113,146,150,156,0.54875,0.54327,0.54355
1,8.6712e+05,0.603,13.92,195,800,0.56394,13.726,185.77,855.92,0.38999,0.13705,0.03904,0.34338,0.12915,0.032064,0.26827,0.12651,0.025984,244,240,239,215,208,200,174,174,174,244,245,245,110,108,106,107,112,117,0.53284,0.538,0.54149
1,8.6722e+05,0.603,13.84,195,800,0.55227,13.661,185.61,996.25,0.46569,0.13081,0.045184,0.37666,0.12303,0.035072,0.3258,0.11496,0.027968,241,242,242,202,203,201,178,178,175,234,240,243,98,100,102,104,104,108,0.54463,0.54249,0.54075
1,8.6732e+05,0.603,13.76,195,800,0.55014,13.583,185.43,1344.7,0.43153,0.1363,0.044928,0.36719,0.12494,0.035136,0.3282,0.11834,0.02912,247,244,243,185,187,191,177,176,174,236,235,233,94,94,94,105,102,101,0.53955,0.53901,0.53976
1,8.6742e+05,0.603,13.68,195,800,0.54272,13.509,184.68,744.78,0.37672,0.1368,0.038656,0.31764,0.127,0.030528,0.28277,0.12139,0.026176,246,244,243,183,185,188,170,173,173,228,229,226,94,92,91,106,102,101,0.55297,0.54315,0.54417
1,8.6752e+05,0.603,13.6,195,800,0.54696,13.423,186.07,968.2,0.40249,0.14432,0.043328,0.35159,0.13383,0.035456,0.30122,0.12632,0.028736,239,240,242,181,182,184,176,174,173,202,204,206,86,86,85,99,100,102,0.54402,0.54407,0.54478
1,8.6762e+05,0.603,13.52,195,800,0.55757,13.342,186.5,787.29,0.49393,0.12738,0.0464,0.43803,0.1141,0.036096,0.38567,0.10762,0.029056,240,242,243,176,182,188,177,176,174,183,184,185,80,77,75,105,105,105,0.54067,0.53997,0.54154
1,8.6772e+05,0.603,13.44,195,800,0.54696,13.274,184.65,757.53,0.34064,0.13311,0.033536,0.28261,0.12532,0.026944,0.24909,0.12253,0.023552,242,243,244,192,190,191,175,175,173,174,175,177,71,71,71,109,107,107,0.54314,0.54923,0.54691
1,8.6782e+05,0.603,13.36,195,800,0.5406,13.198,185.44,738.09,0.33849,0.12464,0.03072,0.26423,0.12037,0.02432,0.23547,0.11847,0.021248,247,247,247,210,205,198,168,167,167,157,158,161,61,63,65,116,113,110,0.54269,0.54725,0.5458
1,8.6792e+05,0.603,13.28,195,800,0.54696,13.12,185.34,640.18,0.28382,0.12024,0.025408,0.26271,0.11101,0.021504,0.23268,0.10904,0.018944,251,250,247,206,203,199,162,162,164,150,151,154,64,64,66,114,112,111,0.5374,0.5463,0.54743
1,8.6802e+05,0.603,13.2,195,800,0.54802,13.045,186.42,577.53,0.26909,0.12258,0.02528,0.24721,0.1143,0.021888,0.22343,0.1095,0.018752,251,251,249,192,192,192,155,155,157,142,143,147,74,75,73,113,111,111,0.54292,0.54851,0.54823
1,8.6812e+05,0.603,13.12,195,800,0.55651,12.954,185.34,1050.5,0.35515,0.13475,0.037056,0.32692,0.1286,0.032512,0.30381,0.12215,0.028608,253,251,250,172,180,185,150,153,157,142,143,143,79,75,71,114,114,114,0.54229,0.54735,0.54758
1,8.6822e+05,0.603,13.04,195,800,0.53847,12.886,186.43,919.71,0.38938,0.11536,0.031168,0.30371,0.11232,0.023744,0.25604,0.10663,0.019072,252,252,250,176,180,183,157,158,161,139,140,141,63,66,66,119,118,117,0.54758,0.54757,0.54604
1,8.6832e+05,0.603,12.96,195,800,0.55333,12.802,185.83,798.26,0.27689,0.12606,0.026688,0.24899,0.11769,0.022272,0.23321,0.10909,0.019072,251,251,249,188,185,183,178,174,171,134,135,138,52,52,54,130,126,121,0.54081,0.54482,0.54549
1,8.6842e+05,0.603,12.88,195,800,0.56924,12.686,185.33,991.98,0.28236,0.13633,0.029952,0.25823,0.12859,0.02592,0.24298,0.12297,0.023232,251,250,248,189,188,184,179,176,173,135,136,138,52,51,51,130,126,121,0.54364,0.54846,0.54719
1,8.6852e+05,0.603,12.8,195,800,0.55969,12.638,186.29,611.89,0.37904,0.12234,0.034496,0.33445,0.1159,0.0288,0.30305,0.11068,0.024576,247,246,246,193,190,188,169,170,173,140,140,140,53,52,52,118,115,113,0.54083,0.54681,0.54541
1,8.6862e+05,0.603,12.72,195,800,0.55545,12.559,185.21,930.96,0.35304,0.11929,0.030912,0.31269,0.11076,0.025344,0.27459,0.10659,0.02176,243,243,245,196,198,199,166,167,168,148,146,147,55,54,53,106,106,106,0.54665,0.5493,0.54768
1,8.6872e+05,0.603,12.64,195,800,0.5406,12.492,185.24,953.39,0.39961,0.124,0.035648,0.35996,0.11549,0.030336,0.32715,0.11148,0.02624,241,242,243,217,210,203,161,164,168,153,153,152,55,55,54,111,107,104,0.53007,0.54407,0.54509
1,8.6882e+05,0.603,12.56,195,800,0.55545,12.405,185.47,698.49,0.31545,0.12618,0.029056,0.26149,0.1209,0.02368,0.23482,0.11628,0.020288,235,238,243,225,220,212,173,173,174,176,170,163,56,56,56,104,103,101,0.5443,0.547,0.54721
1,8.6892e+05,0.603,12.48,195,800,0.5512,12.319,184.5,811.6,0.3053,0.11874,0.027072,0.26003,0.11365,0.022464,0.24106,0.10678,0.019392,238,240,243,220,220,214,187,183,179,178,174,167,54,56,58,98,99,100,0.55701,0.54635,0.5466
1,8.6902e+05,0.603,12.4,195,800,0.54484,12.249,186.15,785.14,0.30237,0.12711,0.029504,0.26979,0.118,0.02432,0.246,0.11506,0.021696,246,246,246,231,216,203,196,194,188,179,177,175,58,60,63,101,102,102,0.54739,0.54755,0.54858
1,8.6912e+05,0.603,12.32,195,800,0.54378,12.167,186.18,1058,0.3086,0.13338,0.031488,0.27361,0.12697,0.026816,0.25293,0.1199,0.02336,246,247,247,180,184,189,194,189,184,191,187,183,76,76,74,112,108,105,0.55384,0.5504,0.5488
1,8.6922e+05,0.603,12.24,195,800,0.54272,12.096,184.48,949.29,0.31197,0.11588,0.025856,0.25647,0.11375,0.020608,0.21805,0.10559,0.01696,248,246,246,173,174,183,181,181,180,193,191,187,94,85,78,104,106,105,0.54476,0.54786,0.54836
1,8.6932e+05,0.603,12.16,195,800,0.5703,11.98,186.97,897.61,0.31424,0.1237,0.028544,0.27465,0.11796,0.024384,0.2472,0.11408,0.021248,245,245,244,166,175,183,166,168,170,193,194,194,83,83,81,100,102,103,0.55271,0.54792,0.54618
1,8.6942e+05,0.603,12.08,195,800,0.54378,11.943,185.99,718.62,0.34673,0.12051,0.028608,0.28596,0.11329,0.023168,0.23792,0.1122,0.019904,245,244,243,176,181,188,165,166,167,195,196,197,77,79,79,101,102,102,0.54647,0.54854,0.54869
1,8.6952e+05,0.603,12,195,800,0.55757,11.867,186.26,576.09,0.34113,0.12227,0.031104,0.28008,0.11731,0.024512,0.2479,0.11134,0.020992,240,242,245,202,201,200,163,164,166,201,200,200,75,74,74,97,98,99,0.55708,0.54856,0.54619
1,8.6962e+05,0.603,11.92,195,800,0.54908,11.761,186.07,1166,0.33439,0.12625,0.031104,0.29807,0.12217,0.02624,0.25839,0.11483,0.021632,252,250,248,216,215,210,165,165,165,198,198,197,69,69,70,95,97,99,0.53627,0.54397,0.54445
1,8.6972e+05,0.603,11.84,195,800,0.52044,11.724,185.96,678.19,0.28701,0.11926,0.024704,0.25131,0.11038,0.020352,0.22075,0.109,0.01792,253,251,249,214,212,208,163,164,165,195,194,193,68,68,68,97,99,100,0.53691,0.54435,0.54521
1,8.6982e+05,0.603,11.76,195,800,0.55757,11.614,184.66,925.62,0.31983,0.12724,0.030208,0.26394,0.12407,0.024704,0.22364,0.12108,0.0208,248,249,250,187,196,204,160,164,168,184,185,185,65,65,65,98,100,102,0.53973,0.54562,0.54873
1,8.6992e+05,0.603,11.68,195,800,0.55439,11.532,185.57,691.49,0.28111,0.13159,0.028416,0.2608,0.12461,0.025088,0.24322,0.11734,0.021888,249,250,250,191,197,205,173,171,171,179,181,181,63,64,65,98,101,104,0.557,0.55265,0.55316
1,8.7002e+05,0.603,11.6,195,800,0.53847,11.474,186.42,558.45,0.31215,0.12625,0.0288,0.26844,0.11965,0.024064,0.24518,0.11458,0.020736,253,253,252,219,217,209,179,178,175,170,171,168,64,64,63,105,107,111,0.55611,0.55616,0.5578
1,8.7012e+05,0.603,11.52,195,800,0.55333,11.36,186.71,881.07,0.25679,0.12339,0.022784,0.21977,0.1197,0.018816,0.19692,0.11329,0.016384,255,254,252,204,197,194,173,174,175,148,149,151,59,60,60,127,130,136,0.55691,0.55409,0.55526
1,8.7022e+05,0.603,11.44,195,800,0.54908,11.288,187.06,765.65,0.25062,0.12927,0.024,0.21239,0.127,0.020416,0.19925,0.11802,0.01792,253,252,251,165,175,187,176,174,174,133,138,143,60,58,58,148,151,155,0.55481,0.55616,0.55672
1,8.7032e+05,0.603,11.36,195,800,0.54378,11.211,186.3,1074.8,0.30095,0.12484,0.02496,0.244,0.11976,0.0192,0.16376,0.12109,0.015424,251,251,251,173,177,182,174,176,175,127,131,136,58,57,55,202,205,203,0.56047,0.55642,0.55746
1,8.7042e+05,0.603,11.28,195,800,0.55333,11.144,186.57,703.39,0.29644,0.12912,0.028928,0.26167,0.12158,0.024256,0.23018,0.11485,0.020224,253,252,251,190,188,187,177,177,175,128,133,137,59,57,56,233,230,224,0.56763,0.55857,0.55858
1,8.7052e+05,0.603,11.2,195,800,0.54802,11.065,186.82,751.32,0.30444,0.13082,0.02912,0.26468,0.12535,0.024448,0.23856,0.12047,0.021568,252,253,253,185,192,198,176,175,175,139,144,150,60,62,64,251,248,240,0.55296,0.56575,0.56533
1,8.7062e+05,0.603,11.12,195,800,0.55333,10.998,186.14,667.11,0.26254,0.12864,0.024832,0.21734,0.12675,0.020992,0.19365,0.1223,0.018112,255,254,253,205,201,198,171,174,176,175,180,185,87,92,101,219,219,216,0.57898,0.57889,0.57789
1,8.7072e+05,0.603,11.04,195,800,0.55757,10.897,186.11,1132.9,0.30979,0.12971,0.030656,0.28479,0.12275,0.026816,0.26464,0.11697,0.023552,254,254,253,202,201,198,175,177,178,208,208,204,126,130,124,192,195,200,0.60694,0.59178,0.57349
1,8.7379e+05,0.696,11,195,800,0.62866,10.934,0.14134,688.12,0,0,0,0,0,0,0,0,0,251,252,252,161,171,180,176,174,175,243,237,228,182,166,155,187,191,192,0.50345,0.50583,0.51154
1,8.7389e+05,0.696,11.08,195,800,0.63609,10.994,185.34,847.42,0.2322,0.11749,0.019264,0.17672,0.11238,0.015232,0.16011,0.11013,0.013568,255,255,254,208,201,196,171,168,171,188,188,189,86,92,103,237,228,219,0.59013,0.58713,0.58389
1,8.7399e+05,0.696,11.16,195,800,0.63502,11.072,187.83,665.64,0.31704,0.11872,0.025728,0.28858,0.10821,0.020288,0.19806,0.10801,0.015936,255,255,254,215,211,205,165,166,170,157,160,165,63,67,76,247,241,234,0.57946,0.57475,0.57251
1,8.7409e+05,0.696,11.24,195,800,0.64033,11.135,186.14,523.9,0.27497,0.1238,0.026432,0.25707,0.11692,0.022848,0.24209,0.11094,0.020416,253,254,254,221,217,210,168,171,174,135,133,134,46,49,54,255,250,237,0.56251,0.56381,0.56348
1,8.7419e+05,0.696,11.32,195,800,0.63396,11.213,186.47,888.37,0.29201,0.1367,0.030208,0.2501,0.13075,0.025344,0.21168,0.12931,0.021632,253,253,253,216,209,202,175,175,176,134,129,128,46,49,52,248,237,225,0.55906,0.55582,0.55807
1,8.7429e+05,0.696,11.4,195,800,0.64033,11.297,185.37,877.95,0.38145,0.12122,0.032128,0.25671,0.12085,0.022912,0.22286,0.11509,0.019328,246,250,252,162,174,191,174,174,174,132,129,129,48,51,54,185,183,183,0.54748,0.55264,0.55525
1,8.7439e+05,0.696,11.48,195,800,0.64351,11.378,186.34,1110.9,0.29399,0.12593,0.0272,0.25672,0.11883,0.02272,0.22171,0.11635,0.01952,252,252,252,198,199,200,163,167,172,138,141,144,55,57,60,136,137,140,0.5625,0.55786,0.55598
1,8.7449e+05,0.696,11.56,195,800,0.64139,11.456,186.92,959.57,0.35615,0.11516,0.028992,0.29424,0.10658,0.022272,0.25293,0.1047,0.019392,254,253,252,230,221,209,166,170,173,155,155,155,62,62,62,119,121,125,0.55153,0.55373,0.55482
1,8.7459e+05,0.696,11.64,195,800,0.64776,11.514,187.15,694.98,0.33171,0.12767,0.031808,0.31761,0.12056,0.027968,0.29462,0.11096,0.023936,249,250,251,219,216,212,173,174,172,186,179,173,66,65,64,105,105,107,0.55337,0.55363,0.55439
1,8.7469e+05,0.696,11.72,195,800,0.63502,11.614,185.12,745.83,0.2793,0.12834,0.026496,0.25021,0.11933,0.022592,0.22538,0.11596,0.020032,249,249,250,202,203,208,167,169,170,184,181,179,63,63,64,103,103,103,0.54399,0.54718,0.5511
1,8.7479e+05,0.696,11.8,195,800,0.63821,11.689,185.97,794.68,0.35456,0.12954,0.033984,0.33021,0.12199,0.02912,0.31193,0.11582,0.02528,245,248,250,205,206,207,159,160,163,185,185,185,61,61,63,103,101,99,0.53914,0.54392,0.5459
1,8.7489e+05,0.696,11.88,195,800,0.63078,11.781,186.84,1066.3,0.33278,0.1271,0.03008,0.27926,0.12475,0.025216,0.2439,0.11911,0.021888,249,248,248,222,216,209,163,163,163,192,191,192,63,65,67,102,98,96,0.54556,0.54401,0.54439
1,8.7499e+05,0.696,11.96,195,800,0.64139,11.841,185.61,791,0.30172,0.12699,0.0288,0.27938,0.11988,0.024576,0.25121,0.11484,0.020992,243,245,247,211,208,206,166,166,165,195,196,196,69,69,70,99,97,95,0.55503,0.54978,0.54652
1,8.7509e+05,0.696,12.04,195,800,0.6467,11.904,186.1,765.89,0.29996,0.12935,0.027328,0.26442,0.11835,0.022528,0.22909,0.11007,0.018752,244,244,244,191,196,198,170,170,169,206,204,201,78,78,77,95,95,95,0.54497,0.54595,0.54536
1,8.7519e+05,0.696,12.12,195,800,0.63078,12.013,184.92,705.17,0.33739,0.12776,0.031168,0.29223,0.11872,0.025152,0.24315,0.11736,0.021248,247,246,244,202,200,196,171,172,171,204,203,201,82,81,80,98,97,96,0.54846,0.54767,0.54817
1,8.7529e+05,0.696,12.2,195,800,0.64457,12.071,186.17,649.39,0.29116,0.12641,0.026688,0.23794,0.12263,0.021824,0.21039,0.11887,0.018944,247,247,246,202,198,191,180,178,176,193,196,197,80,82,83,100,100,100,0.53957,0.545,0.54625
1,8.7539e+05,0.696,12.28,195,800,0.63396,12.156,186.09,789.43,0.28054,0.1256,0.02688,0.25064,0.12087,0.023168,0.22926,0.1169,0.020608,253,250,248,181,188,193,186,185,183,185,188,189,71,74,77,107,105,101,0.53159,0.5438,0.54821
1,8.7549e+05,0.696,12.36,195,800,0.63715,12.238,186.25,699.97,0.33488,0.1339,0.033664,0.31397,0.12526,0.029376,0.27555,0.12202,0.025792,254,252,250,189,196,198,189,189,186,179,182,184,68,69,71,105,104,101,0.54901,0.54678,0.54715
1,8.7559e+05,0.696,12.44,195,800,0.62972,12.338,186.76,1035.9,0.30695,0.12754,0.028352,0.26923,0.1208,0.024192,0.24362,0.11401,0.0208,255,253,249,219,214,208,191,188,183,168,172,175,61,61,61,98,98,100,0.54594,0.54368,0.54594
1,8.7569e+05,0.696,12.52,195,800,0.63609,12.395,185.61,687.76,0.3002,0.12729,0.028928,0.27841,0.11834,0.02464,0.26057,0.11091,0.021632,251,250,249,211,211,211,181,181,178,166,168,171,59,58,59,99,99,100,0.55256,0.55071,0.54934
1,8.7579e+05,0.696,12.6,195,800,0.64988,12.455,186.17,848.64,0.28927,0.12525,0.026752,0.26132,0.11625,0.022592,0.24529,0.11284,0.02016,247,248,247,202,204,204,161,165,169,156,160,162,56,56,56,100,103,104,0.55511,0.54775,0.54765
1,8.7589e+05,0.696,12.68,195,800,0.63609,12.554,187.37,1042.8,0.25882,0.1327,0.025664,0.23234,0.12324,0.021952,0.21212,0.12167,0.019648,250,251,249,182,190,195,166,166,168,151,154,154,53,54,54,97,104,108,0.55338,0.55056,0.54666
1,8.7599e+05,0.696,12.76,195,800,0.63715,12.638,185.25,667.8,0.3087,0.12792,0.028544,0.26123,0.12261,0.02368,0.22224,0.119,0.020416,253,252,250,182,187,192,167,169,170,153,152,151,53,54,54,102,107,111,0.54343,0.54664,0.54711
1,8.7609e+05,0.696,12.84,195,800,0.62017,12.73,187.16,1137.6,0.28819,0.12584,0.02656,0.24993,0.1202,0.022144,0.22066,0.11264,0.019136,253,253,252,193,193,189,180,178,175,146,147,146,54,54,54,116,118,118,0.55206,0.54785,0.54775
1,8.7619e+05,0.696,12.92,195,800,0.62548,12.807,186.89,976.07,0.27726,0.11885,0.023744,0.24032,0.11124,0.019712,0.21398,0.108,0.016832,254,254,253,194,193,191,184,180,175,143,145,145,54,54,55,118,121,121,0.55077,0.54727,0.54558
1,8.7629e+05,0.696,13,195,800,0.64033,12.864,188.08,983.87,0.2938,0.1329,0.02912,0.27631,0.12308,0.025344,0.25493,0.11928,0.022912,254,254,253,199,198,194,168,170,170,145,146,147,59,62,64,118,120,119,0.53887,0.54442,0.54365
1,8.7639e+05,0.696,13.08,195,800,0.64033,12.941,186.04,572.23,0.30024,0.12508,0.028608,0.27167,0.12009,0.024832,0.24919,0.11529,0.021824,254,252,251,213,204,194,165,165,166,157,155,153,98,83,74,111,113,114,0.55967,0.55361,0.5465
1,8.7649e+05,0.696,13.16,195,800,0.62548,13.026,185.97,815.09,0.32113,0.1228,0.028672,0.2728,0.11437,0.022848,0.23192,0.11442,0.019776,249,249,250,202,198,194,167,167,165,161,158,155,93,86,77,106,110,112,0.55237,0.54991,0.54738
1,8.7659e+05,0.696,13.24,195,800,0.64245,13.106,186.28,971.31,0.29223,0.12396,0.027072,0.26019,0.11769,0.022656,0.22704,0.11487,0.0192,246,247,248,193,191,191,163,165,167,158,160,162,76,73,73,111,113,114,0.5442,0.54764,0.54865
1,8.7669e+05,0.696,13.32,195,800,0.65731,13.16,186.3,909.77,0.3067,0.12262,0.027904,0.261,0.11634,0.022272,0.23063,0.11467,0.019392,250,248,247,197,191,189,158,163,167,169,167,166,68,69,70,118,117,116,0.53436,0.53858,0.54347
1,8.7679e+05,0.696,13.4,195,800,0.65094,13.263,186.81,748.01,0.34913,0.12548,0.031936,0.2955,0.11973,0.025664,0.25072,0.11369,0.021376,246,247,247,172,180,186,167,168,170,183,181,179,67,69,72,109,114,115,0.53779,0.54127,0.544
1,8.7689e+05,0.696,13.48,195,800,0.64245,13.345,187.13,707.7,0.30987,0.12166,0.027392,0.26667,0.11749,0.023168,0.24283,0.11211,0.020288,246,246,245,178,177,180,179,176,174,196,194,193,76,77,78,109,109,110,0.54873,0.54886,0.54846
1,8.7699e+05,0.696,13.56,195,800,0.62123,13.449,187.3,925.69,0.28847,0.12699,0.027008,0.26224,0.12141,0.023616,0.24489,0.11459,0.020928,246,246,245,180,177,179,179,177,175,203,201,201,78,80,82,108,107,107,0.55003,0.54813,0.547
1,8.7709e+05,0.696,13.64,195,800,0.62548,13.512,188.44,1045.1,0.25653,0.12515,0.024256,0.2421,0.11715,0.021248,0.22696,0.11333,0.019328,248,246,245,175,181,185,175,175,175,223,222,222,90,88,88,102,103,105,0.53356,0.54272,0.54374
1,8.7719e+05,0.696,13.72,195,800,0.63821,13.586,188.43,817.54,0.33387,0.13514,0.031168,0.2843,0.12805,0.026112,0.25315,0.12701,0.023232,247,246,245,195,191,187,176,175,175,241,236,232,92,92,91,99,102,105,0.543,0.5421,0.54312
1,8.7729e+05,0.696,13.8,195,800,0.62654,13.678,186.84,947.82,0.3595,0.12672,0.033216,0.31112,0.12267,0.027712,0.2779,0.11791,0.023808,244,244,243,195,198,197,176,177,176,255,252,246,96,96,97,102,105,109,0.54234,0.5423,0.54298
1,8.7739e+05,0.696,13.88,195,800,0.64245,13.736,187.69,593.81,0.31346,0.12006,0.027968,0.27729,0.11842,0.024704,0.25752,0.11019,0.021248,243,239,238,222,206,195,188,180,175,255,254,251,103,102,104,121,123,129,0.54268,0.53957,0.54181
1,8.7749e+05,0.696,13.96,195,800,0.6329,13.826,187.14,787.61,0.30282,0.12322,0.028544,0.2795,0.11977,0.025088,0.25561,0.11138,0.021696,234,235,235,206,200,193,182,177,173,255,254,250,104,106,106,141,143,148,0.54084,0.54059,0.5431
1,8.7759e+05,0.696,14.04,195,800,0.66261,13.87,185.03,954.08,0.32396,0.1286,0.030848,0.29278,0.11978,0.026048,0.25402,0.11939,0.023424,237,233,235,181,188,197,171,170,169,241,239,235,110,111,112,210,204,199,0.55289,0.54616,0.54587
1,8.7769e+05,0.696,14.12,195,800,0.65412,13.955,187.46,641.09,0.33888,0.12805,0.031872,0.28462,0.12041,0.026112,0.25667,0.1192,0.02368,238,238,238,204,201,202,175,171,168,221,224,226,115,115,117,241,232,222,0.54169,0.54121,0.54334
1,8.7779e+05,0.696,14.2,195,800,0.65094,14.032,186.34,773.55,0.38744,0.13092,0.03776,0.3615,0.12589,0.033024,0.32982,0.11883,0.028288,253,249,245,213,215,215,174,171,169,208,210,214,132,133,135,251,248,240,0.53282,0.54804,0.54843
1,8.8086e+05,0.789,14.24,195,800,0.74006,14.043,-0.42805,976.66,0,0,0,0,0,0,0,0,0,253,250,246,213,216,216,172,170,167,221,219,217,149,147,147,253,249,243,0.55264,0.55544,0.55028
1,8.8096e+05,0.789,14.16,195,800,0.73582,13.958,184.27,854.41,0.27888,0.12669,0.022144,0.24391,0.1164,0.018752,0.2147,0.11348,0.01632,242,241,241,217,213,205,155,163,166,206,212,218,104,110,116,255,253,246,0.55099,0.54816,0.54653
1,8.8106e+05,0.789,14.08,195,800,0.72309,13.89,185.85,512.08,0.28736,0.1307,0.028928,0.27367,0.12101,0.0256,0.25462,0.11574,0.022656,228,233,237,208,201,197,154,163,166,223,224,226,95,100,107,246,242,234,0.53214,0.5389,0.54189
1,8.8116e+05,0.789,14,195,800,0.72945,13.805,186.33,727.21,0.30579,0.12899,0.029952,0.28827,0.12102,0.026304,0.27013,0.11625,0.023168,225,230,234,170,176,187,177,172,168,254,251,245,101,101,102,186,190,190,0.53268,0.53848,0.54091
1,8.8126e+05,0.789,13.92,195,800,0.73582,13.738,186,726.77,0.37129,0.14765,0.042048,0.34481,0.14065,0.03712,0.31717,0.1347,0.032704,237,238,239,182,184,185,161,169,172,255,255,254,99,102,103,132,137,143,0.54612,0.54623,0.54407
1,8.8136e+05,0.789,13.84,195,800,0.74749,13.64,187.21,886.57,0.4936,0.14039,0.050752,0.4545,0.13017,0.041536,0.33416,0.12854,0.031168,240,242,241,182,186,190,163,169,172,253,254,254,99,100,101,120,123,128,0.52968,0.5367,0.54092
1,8.8146e+05,0.789,13.76,195,800,0.72521,13.58,187.34,706.39,0.59776,0.1268,0.052224,0.32209,0.12341,0.029952,0.27087,0.11617,0.023808,245,244,244,192,190,188,177,173,172,245,247,246,98,95,95,113,113,114,0.55041,0.54526,0.54454
1,8.8156e+05,0.789,13.68,195,800,0.739,13.511,187.15,954.06,0.43359,0.13282,0.041984,0.38248,0.12184,0.0336,0.3298,0.11602,0.027968,242,245,245,190,188,187,173,172,173,233,238,239,93,91,91,113,112,112,0.52706,0.5339,0.5391
1,8.8166e+05,0.789,13.6,195,800,0.739,13.412,186.87,994.93,0.37415,0.13145,0.0352,0.31552,0.12419,0.026944,0.2613,0.11787,0.02016,246,246,246,182,183,184,171,173,176,216,220,222,78,81,86,111,111,110,0.54404,0.54531,0.54394
1,8.8176e+05,0.789,13.52,195,800,0.72627,13.359,186.19,559.81,0.36892,0.11596,0.029952,0.29287,0.10859,0.023424,0.2638,0.10298,0.019904,248,248,248,187,187,184,172,174,175,199,203,205,89,86,84,110,111,112,0.54157,0.53937,0.54312
1,8.8186e+05,0.789,13.44,195,800,0.72627,13.271,186.87,1022.5,0.34704,0.12017,0.03008,0.28888,0.11547,0.024896,0.26281,0.10762,0.021056,249,249,248,185,186,186,171,173,174,190,195,198,91,87,82,118,116,114,0.53604,0.5444,0.54608
1,8.8196e+05,0.789,13.36,195,800,0.72945,13.199,186.65,581.37,0.38157,0.12608,0.03616,0.34676,0.11699,0.03008,0.31684,0.11289,0.026816,249,249,247,182,185,187,173,172,172,184,185,186,71,75,80,132,125,118,0.54993,0.54599,0.54568
1,8.8206e+05,0.789,13.28,195,800,0.73688,13.117,187.95,558.74,0.35472,0.12502,0.032512,0.31718,0.11851,0.027328,0.29448,0.1136,0.023168,248,247,246,181,183,187,175,175,173,179,180,181,70,74,79,125,121,117,0.54537,0.54907,0.54909
1,8.8216e+05,0.789,13.2,195,800,0.74855,13.027,186.93,870.15,0.32324,0.12475,0.029248,0.26291,0.11992,0.024192,0.24622,0.11373,0.020928,242,245,247,177,185,192,188,180,174,169,172,173,73,75,78,109,111,112,0.54278,0.54411,0.54634
1,8.8226e+05,0.789,13.12,195,800,0.73476,12.954,186.05,1156.2,0.32927,0.11977,0.026752,0.26434,0.11226,0.021504,0.24043,0.10714,0.018688,251,250,250,205,201,198,165,170,172,168,166,164,65,70,74,112,112,112,0.53971,0.54392,0.54342
1,8.8236e+05,0.789,13.04,195,800,0.74431,12.867,187.81,1064.4,0.31224,0.11847,0.027456,0.27685,0.11422,0.023232,0.2573,0.10579,0.019776,250,251,252,198,199,200,167,168,172,159,160,160,67,68,70,114,114,115,0.55299,0.54741,0.54458
1,8.8246e+05,0.789,12.96,195,800,0.73051,12.801,185.36,947.14,0.35644,0.1336,0.03616,0.31889,0.12638,0.030912,0.28556,0.11951,0.026112,254,253,253,178,190,201,170,173,175,150,152,153,62,62,63,121,119,119,0.53287,0.54196,0.54522
1,8.8256e+05,0.789,12.88,195,800,0.72096,12.74,187.44,679.3,0.3315,0.11757,0.02816,0.26989,0.11432,0.022848,0.23558,0.10852,0.018944,254,253,253,183,192,198,172,175,178,148,150,152,58,58,59,120,120,119,0.55189,0.54429,0.54813
1,8.8266e+05,0.789,12.8,195,800,0.73582,12.649,185.52,743.24,0.37323,0.11635,0.031104,0.33316,0.11024,0.02528,0.26742,0.1084,0.020672,254,253,252,187,187,191,176,177,177,151,152,153,52,52,54,116,115,115,0.55334,0.55152,0.54867
1,8.8276e+05,0.789,12.72,195,800,0.73794,12.544,186.23,701.93,0.29159,0.12708,0.027456,0.2536,0.12248,0.023744,0.22707,0.11817,0.020352,254,253,251,179,185,191,173,173,173,161,160,159,52,53,54,111,110,109,0.54066,0.54549,0.5465
1,8.8286e+05,0.789,12.64,195,800,0.73051,12.499,184.97,818.03,0.38449,0.13299,0.038592,0.36097,0.12179,0.032576,0.32424,0.11504,0.027136,253,252,250,203,195,192,171,171,171,167,165,163,55,56,56,114,110,107,0.54673,0.54261,0.54527
1,8.8296e+05,0.789,12.56,195,800,0.76446,12.367,185.96,1086.4,0.34436,0.13283,0.033728,0.30706,0.12566,0.0288,0.27017,0.11921,0.02432,251,251,250,191,198,202,168,169,171,168,170,171,60,60,60,103,104,103,0.54953,0.54785,0.54748
1,8.8306e+05,0.789,12.48,195,800,0.73051,12.324,184.93,796.95,0.34829,0.12907,0.033408,0.31963,0.12073,0.028352,0.28728,0.11574,0.024704,254,252,249,197,199,200,169,171,173,175,174,174,60,61,62,99,100,100,0.54882,0.54361,0.54454
1,8.8316e+05,0.789,12.4,195,800,0.73157,12.24,184.66,1076.3,0.32224,0.12802,0.030336,0.28555,0.11836,0.025216,0.24808,0.11552,0.021888,252,249,248,194,194,193,172,174,176,186,184,184,65,68,71,93,95,97,0.54561,0.54502,0.54491
1,8.8326e+05,0.789,12.32,195,800,0.70611,12.195,186.85,1116.6,0.30314,0.13424,0.030656,0.26349,0.12653,0.0256,0.24382,0.12154,0.0224,241,243,243,178,182,186,172,174,177,196,194,193,95,88,81,96,96,96,0.55419,0.55066,0.54745
1,8.8336e+05,0.789,12.24,195,800,0.71354,12.123,187.03,772.88,0.30498,0.124,0.0272,0.23393,0.12183,0.020992,0.19419,0.11742,0.017408,243,241,241,187,186,187,171,173,176,200,198,197,97,92,84,95,95,95,0.55553,0.54578,0.54625
1,8.8346e+05,0.789,12.16,195,800,0.74537,12.003,186.49,1007.8,0.29572,0.1293,0.029824,0.27212,0.12473,0.02656,0.25567,0.11883,0.023808,235,239,242,212,203,193,171,171,172,204,204,205,86,85,84,89,90,92,0.53555,0.54536,0.5456
1,8.8356e+05,0.789,12.08,195,800,0.74112,11.932,187.48,1145.7,0.29439,0.12368,0.0272,0.2611,0.1187,0.023424,0.23668,0.113,0.019904,241,242,242,209,202,194,171,171,171,213,209,206,80,80,81,88,89,90,0.54495,0.54314,0.54553
1,8.8366e+05,0.789,12,195,800,0.72521,11.86,185.36,778.1,0.33009,0.12767,0.030784,0.28798,0.11936,0.02528,0.26303,0.11512,0.022144,250,247,246,185,190,197,171,170,168,202,202,201,73,74,76,87,89,90,0.55059,0.54945,0.54735
1,8.8376e+05,0.789,11.92,195,800,0.72627,11.788,187.3,1016.9,0.32273,0.13331,0.030656,0.27018,0.12632,0.025472,0.24449,0.12322,0.022464,250,249,248,208,208,205,162,162,163,182,185,190,68,68,70,89,91,92,0.54398,0.54717,0.54532
1,8.8386e+05,0.789,11.84,195,800,0.74006,11.695,186.01,923.63,0.33051,0.12912,0.030272,0.26088,0.12687,0.024,0.22709,0.11977,0.020288,252,250,249,221,216,208,156,158,162,181,181,185,62,64,67,90,92,94,0.5457,0.54152,0.5446
1,8.8396e+05,0.789,11.76,195,800,0.74006,11.614,185.61,1074.4,0.26659,0.11577,0.022912,0.21364,0.11188,0.018368,0.19227,0.10569,0.015616,254,251,250,207,205,207,163,164,165,178,178,180,60,62,65,100,99,100,0.57038,0.55245,0.54828
1,8.8406e+05,0.789,11.68,195,800,0.73582,11.537,185.86,597.29,0.26692,0.12211,0.024512,0.24514,0.11686,0.021376,0.22393,0.10895,0.01856,249,251,251,191,201,209,174,172,170,176,175,176,63,65,66,101,104,105,0.55322,0.55159,0.55197
1,8.8416e+05,0.789,11.6,195,800,0.72521,11.466,187.4,555.24,0.32736,0.131,0.031552,0.27234,0.12806,0.026432,0.25399,0.11901,0.02304,252,252,252,230,222,214,188,179,172,166,162,160,70,68,65,115,118,121,0.55702,0.55759,0.55499
1,8.8426e+05,0.789,11.52,195,800,0.71778,11.395,186.98,1255.6,0.29975,0.13336,0.02976,0.26396,0.12705,0.025216,0.24177,0.11746,0.021696,253,253,253,213,209,207,165,168,172,133,135,139,62,61,62,149,146,145,0.55463,0.55425,0.55398
1,8.8436e+05,0.789,11.44,195,800,0.72945,11.302,186.29,989.35,0.31205,0.12981,0.030016,0.26982,0.12616,0.02528,0.24793,0.11829,0.02208,254,253,253,190,195,202,169,171,172,124,125,130,59,59,60,165,161,162,0.55581,0.55846,0.55798
1,8.8446e+05,0.789,11.36,195,800,0.72309,11.228,186.72,797.94,0.27852,0.12918,0.027008,0.24975,0.11946,0.0224,0.22702,0.11565,0.020032,255,254,253,229,215,207,188,182,176,116,118,122,51,53,55,194,199,203,0.56569,0.55694,0.55607
1,8.8456e+05,0.789,11.28,195,800,0.73582,11.158,186.09,597.51,0.26499,0.12071,0.024128,0.24076,0.11331,0.020736,0.22378,0.10652,0.017664,255,255,254,249,232,215,185,180,176,117,117,123,49,50,54,226,224,221,0.5633,0.56337,0.56138
1,8.8466e+05,0.789,11.2,195,800,0.74537,11.059,185.72,776.57,0.27076,0.12998,0.026112,0.24341,0.12375,0.022848,0.21818,0.12019,0.020096,255,255,254,227,224,217,174,171,172,126,131,141,50,54,60,242,240,235,0.57006,0.56649,0.56651
1,8.8476e+05,0.789,11.12,195,800,0.73051,10.994,186.49,704.37,0.30435,0.12418,0.028672,0.27036,0.11675,0.024128,0.2488,0.11417,0.02144,254,253,251,191,194,195,171,171,172,195,191,187,81,89,102,217,213,214,0.57619,0.57689,0.57745
1,8.8486e+05,0.789,11.04,195,800,0.74325,10.902,185.39,893.28,0.31554,0.12628,0.0304,0.28217,0.11877,0.0256,0.26023,0.11259,0.022336,251,250,249,179,180,183,174,174,174,238,224,210,125,132,129,199,195,199,0.58375,0.57438,0.56499
1,8.8793e+05,0.882,11,195,800,0.82282,10.921,-0.70943,950.85,0,0,0,0,0,0,0,0,0,235,241,244,173,171,167,178,180,178,237,233,224,194,168,152,169,178,186,0.5047,0.51067,0.515
1,8.8803e+05,0.882,11.08,195,800,0.8207,10.991,185.73,664.14,0.28071,0.12713,0.02048,0.24733,0.11658,0.017216,0.20491,0.11077,0.014528,249,249,249,185,187,187,180,176,175,174,179,182,78,87,101,195,206,211,0.58182,0.58303,0.58346
1,8.8813e+05,0.882,11.16,195,800,0.81964,11.077,186.44,918.32,0.22703,0.12436,0.021632,0.20371,0.11395,0.017984,0.18688,0.11342,0.016384,253,253,251,199,200,200,174,173,173,141,149,157,64,68,75,225,227,226,0.55929,0.56636,0.5709
1,8.8823e+05,0.882,11.24,195,800,0.84192,11.132,185.82,841.28,0.27272,0.12386,0.025856,0.25734,0.11168,0.02208,0.24473,0.10748,0.01952,255,254,254,224,224,216,164,171,175,117,121,127,58,59,61,251,241,231,0.56429,0.56413,0.56353
1,8.8833e+05,0.882,11.32,195,800,0.83449,11.209,185.56,995.02,0.33524,0.13166,0.032384,0.29633,0.12119,0.026624,0.26883,0.11465,0.022656,253,254,254,222,220,215,168,175,177,117,120,124,62,64,63,227,223,219,0.56225,0.56,0.55912
1,8.8843e+05,0.882,11.4,195,800,0.81964,11.29,185.78,665.12,0.35064,0.13224,0.034944,0.29492,0.1251,0.027904,0.25608,0.12009,0.023424,253,254,254,180,198,208,183,179,177,123,126,129,81,75,67,170,175,181,0.55678,0.55655,0.55652
1,8.8853e+05,0.882,11.48,195,800,0.826,11.375,185.17,703.11,0.40011,0.12186,0.032448,0.28583,0.11862,0.024576,0.24554,0.11477,0.020864,255,254,254,217,214,210,158,168,175,134,138,143,62,66,69,145,147,147,0.54807,0.55355,0.55506
1,8.8863e+05,0.882,11.56,195,800,0.82176,11.45,187.89,894.21,0.34997,0.1264,0.032256,0.33638,0.11632,0.028224,0.32906,0.11209,0.025472,255,254,253,231,221,210,166,170,175,145,149,153,62,66,69,141,137,135,0.5506,0.55262,0.55423
1,8.8873e+05,0.882,11.64,195,800,0.82388,11.526,188.11,920.31,0.36871,0.13072,0.03232,0.26004,0.12827,0.025728,0.22946,0.12489,0.0224,254,252,252,199,202,204,172,175,175,174,172,172,74,71,69,121,117,113,0.55641,0.55539,0.55453
1,8.8883e+05,0.882,11.72,195,800,0.80797,11.612,187.27,1440.8,0.3947,0.12263,0.034368,0.31879,0.11988,0.027264,0.27271,0.11168,0.022208,252,252,252,188,195,202,167,171,172,179,180,179,72,71,69,109,106,105,0.55536,0.55043,0.54999
1,8.8893e+05,0.882,11.8,195,800,0.82706,11.685,186.69,755.45,0.31898,0.127,0.028928,0.27984,0.12201,0.024576,0.2593,0.11785,0.021888,249,251,251,211,210,205,160,162,166,187,186,187,68,70,73,88,90,92,0.54562,0.54283,0.54352
1,8.8903e+05,0.882,11.88,195,800,0.83131,11.76,188.35,798.15,0.3134,0.12482,0.029184,0.28065,0.11452,0.023872,0.25764,0.10811,0.020544,247,248,249,204,203,203,166,167,167,187,191,195,83,81,77,86,86,87,0.53979,0.54047,0.54194
1,8.8913e+05,0.882,11.96,195,800,0.83449,11.847,186.95,749.04,0.27827,0.12196,0.02624,0.25546,0.11647,0.022656,0.23393,0.11187,0.020096,246,247,247,188,193,198,170,170,169,198,199,201,85,83,79,85,86,86,0.54222,0.54423,0.54451
1,8.8923e+05,0.882,12.04,195,800,0.82388,11.923,185.89,920.87,0.29918,0.13325,0.029696,0.25913,0.12222,0.024064,0.23432,0.1208,0.021376,245,243,243,187,185,186,168,169,171,217,215,211,81,79,79,85,84,85,0.54607,0.54804,0.54591
1,8.8933e+05,0.882,12.12,195,800,0.8207,12.011,187.08,1018.3,0.32635,0.13118,0.032128,0.29531,0.12178,0.027776,0.27626,0.11618,0.024512,239,240,241,179,181,184,165,167,171,216,215,214,81,80,79,83,84,85,0.543,0.54459,0.546
1,8.8943e+05,0.882,12.2,195,800,0.81751,12.077,187.4,961.25,0.32988,0.13587,0.034048,0.29304,0.12707,0.0288,0.27123,0.12174,0.025472,233,236,239,166,172,179,177,175,174,208,211,212,86,86,84,88,87,87,0.54805,0.54675,0.54748
1,8.8953e+05,0.882,12.28,195,800,0.83343,12.165,186.08,943.8,0.36204,0.12701,0.033152,0.30932,0.12117,0.027136,0.26801,0.11831,0.022912,237,238,241,177,176,179,179,178,175,205,205,203,87,85,82,92,91,89,0.5321,0.54678,0.54697
1,8.8963e+05,0.882,12.36,195,800,0.826,12.234,186.7,789.82,0.30686,0.11356,0.025984,0.27087,0.10707,0.021568,0.24259,0.10377,0.018496,236,239,243,181,180,182,176,174,174,195,198,198,77,78,80,93,91,91,0.55128,0.5486,0.5475
1,8.8973e+05,0.882,12.44,195,800,0.83131,12.309,186.54,1067.2,0.31324,0.13154,0.03136,0.28651,0.12223,0.026432,0.26653,0.11607,0.023552,244,244,246,192,191,191,172,171,172,184,185,186,68,69,71,96,95,95,0.55921,0.55162,0.54796
1,8.8983e+05,0.882,12.52,195,800,0.82919,12.382,185.68,813.61,0.30198,0.12628,0.027264,0.24909,0.12022,0.022144,0.22198,0.11597,0.019392,243,245,247,199,198,197,173,171,171,180,182,181,69,68,68,99,99,99,0.5392,0.54223,0.54369
1,8.8993e+05,0.882,12.6,195,800,0.8207,12.485,186.01,921.62,0.28385,0.12719,0.027584,0.2608,0.11963,0.023744,0.2397,0.11576,0.021248,247,246,248,210,208,199,172,171,172,177,174,172,65,63,61,106,108,106,0.5518,0.54844,0.54703
1,8.9003e+05,0.882,12.68,195,800,0.80584,12.564,184.96,830.34,0.27934,0.11336,0.022848,0.25002,0.11051,0.01952,0.21235,0.1062,0.016576,248,248,249,186,191,194,176,175,174,163,161,160,54,54,55,108,111,113,0.54167,0.54538,0.54753
1,8.9013e+05,0.882,12.76,195,800,0.82282,12.639,187.26,887.96,0.28515,0.1213,0.025856,0.25537,0.11469,0.021952,0.22505,0.11336,0.019264,249,249,250,181,187,193,183,178,174,155,153,155,51,52,55,113,115,117,0.54768,0.54686,0.5473
1,8.9023e+05,0.882,12.84,195,800,0.81751,12.71,186.17,861.53,0.43113,0.12501,0.03616,0.38979,0.11975,0.027776,0.19549,0.11909,0.0176,251,251,251,227,206,196,190,179,175,156,151,151,58,61,61,132,129,124,0.5339,0.5429,0.54804
1,8.9033e+05,0.882,12.92,195,800,0.83661,12.783,186.63,1022.1,0.28848,0.12026,0.025344,0.2566,0.11351,0.020672,0.22278,0.10683,0.01696,250,251,251,234,212,202,189,178,174,160,155,153,65,67,65,131,130,126,0.55102,0.54766,0.54661
1,8.9043e+05,0.882,13,195,800,0.84192,12.855,186.11,862.84,0.24422,0.12609,0.023488,0.23058,0.11665,0.020672,0.2172,0.11252,0.018624,253,251,250,223,213,205,180,174,171,165,162,161,78,73,70,118,120,120,0.53684,0.54644,0.54595
1,8.9053e+05,0.882,13.08,195,800,0.8069,12.967,186.91,1006.9,0.30868,0.12895,0.029824,0.27531,0.12216,0.025088,0.25068,0.11512,0.02176,251,248,247,198,201,199,171,170,172,171,169,170,71,71,73,111,112,113,0.54201,0.54136,0.54316
1,8.9063e+05,0.882,13.16,195,800,0.83767,13.021,186.57,655.88,0.27133,0.11672,0.023616,0.23593,0.11178,0.019584,0.21486,0.10562,0.016896,249,245,245,188,193,195,178,174,173,175,175,176,70,76,79,108,110,112,0.53899,0.5462,0.54821
1,8.9073e+05,0.882,13.24,195,800,0.826,13.104,185.33,656.97,0.29442,0.119,0.025664,0.25735,0.11048,0.021504,0.22444,0.10758,0.018752,239,241,243,198,193,190,176,178,176,197,191,188,109,98,87,114,114,115,0.53204,0.5414,0.54409
1,8.9083e+05,0.882,13.32,195,800,0.82282,13.172,187.28,507.29,0.2901,0.13394,0.027328,0.24203,0.12493,0.022592,0.20747,0.11964,0.018816,243,243,243,202,196,190,176,176,176,199,196,193,99,97,90,117,118,118,0.55572,0.55304,0.54745
1,8.9093e+05,0.882,13.4,195,800,0.83237,13.254,186.35,808.9,0.28986,0.13298,0.029056,0.26792,0.12303,0.024576,0.24556,0.11705,0.021312,248,248,247,200,195,190,170,172,174,205,202,203,90,88,89,114,117,119,0.53646,0.54207,0.54596
1,8.9103e+05,0.882,13.48,195,800,0.82282,13.35,187.29,979.73,0.26593,0.12897,0.02304,0.21784,0.1195,0.018688,0.19213,0.11584,0.016064,249,248,247,191,188,185,183,181,178,218,216,215,91,89,88,107,110,114,0.55237,0.54629,0.54361
1,8.9113e+05,0.882,13.56,195,800,0.81645,13.423,187.25,817.97,0.23894,0.12549,0.022784,0.2153,0.11985,0.01984,0.20486,0.11392,0.017664,249,247,245,185,183,183,195,187,179,227,224,222,86,88,89,108,109,112,0.54762,0.54563,0.54245
1,8.9123e+05,0.882,13.64,195,800,0.81858,13.516,185.92,764.35,0.21332,0.13255,0.021376,0.18815,0.12771,0.018368,0.16853,0.12071,0.015808,243,243,244,178,182,184,173,175,177,244,241,239,94,92,91,116,116,115,0.54178,0.53874,0.53951
1,8.9133e+05,0.882,13.72,195,800,0.82282,13.579,186.02,753.73,0.29313,0.12392,0.0272,0.27809,0.11442,0.024,0.26148,0.10938,0.021248,243,243,243,188,185,184,165,170,174,252,248,245,92,93,94,122,121,118,0.55118,0.54688,0.54476
1,8.9143e+05,0.882,13.8,195,800,0.826,13.66,185.72,723.15,0.2889,0.126,0.0272,0.23856,0.12372,0.022272,0.20658,0.11958,0.018944,242,244,243,188,187,185,169,170,169,255,254,253,105,102,101,129,129,129,0.55256,0.54417,0.54284
1,8.9153e+05,0.882,13.88,195,800,0.80266,13.761,187.78,1026,0.32516,0.1246,0.030528,0.29097,0.1203,0.02592,0.26868,0.11416,0.022016,240,242,242,184,180,178,163,165,166,255,255,254,110,108,105,148,152,156,0.53874,0.53731,0.54079
1,8.9163e+05,0.882,13.96,195,800,0.83343,13.799,186.72,717.4,0.30264,0.12688,0.028416,0.27577,0.12117,0.024832,0.26003,0.11329,0.022336,240,241,241,171,173,177,161,162,163,255,254,252,108,107,104,174,177,178,0.54498,0.54424,0.54265
1,8.9173e+05,0.882,14.04,195,800,0.83449,13.904,187.16,739.36,0.31669,0.12872,0.030656,0.28814,0.12229,0.026816,0.27329,0.11741,0.024192,238,239,238,177,183,189,155,157,158,241,237,233,99,98,99,238,234,224,0.54238,0.54222,0.54295
1,8.9183e+05,0.882,14.12,195,800,0.81539,13.975,187.03,759.88,0.31879,0.12596,0.030016,0.28088,0.119,0.025472,0.259,0.11778,0.023168,237,238,237,212,201,195,153,156,158,216,219,222,93,95,101,253,249,241,0.54082,0.5438,0.54492
1,8.9193e+05,0.882,14.2,195,800,0.82282,14.039,187.04,885.86,0.34714,0.11975,0.030016,0.29545,0.11579,0.024832,0.25917,0.11236,0.021312,239,240,239,205,209,207,162,163,161,198,203,209,116,120,126,255,255,252,0.5495,0.54818,0.54805
1,8.95e+05,0.975,14.24,195,800,0.88754,14.053,0.21748,838.29,0,0,0,0,0,0,0,0,0,236,235,236,193,195,200,165,164,162,199,202,208,149,148,149,255,252,246,0.55121,0.55038,0.55182
1,8.951e+05,0.975,14.16,195,800,0.91194,13.951,186.45,912.35,0.16495,0.13197,0.01696,0.15465,0.12126,0.014912,0.14785,0.11692,0.013632,234,234,236,220,209,197,157,157,158,193,200,210,93,99,109,255,254,252,0.54972,0.54765,0.54637
1,8.952e+05,0.975,14.08,195,800,0.9268,13.87,187.35,817.78,0.23313,0.13681,0.024768,0.21311,0.12987,0.02144,0.19187,0.1234,0.01856,237,237,237,210,201,192,149,152,156,215,217,220,91,94,100,253,250,243,0.54305,0.54576,0.54395
1,8.953e+05,0.975,14,195,800,0.9268,13.799,186.06,928.26,0.32774,0.14531,0.036608,0.31876,0.13493,0.033152,0.30822,0.12669,0.03008,248,244,241,170,174,179,157,155,156,253,250,244,105,103,101,212,210,206,0.55275,0.5487,0.54562
1,8.954e+05,0.975,13.92,195,800,0.9077,13.741,186.96,1067.5,0.39147,0.15519,0.04704,0.36716,0.14497,0.040896,0.33493,0.14078,0.036096,244,245,244,185,180,176,167,166,165,255,255,255,109,109,106,153,155,159,0.5333,0.53949,0.5421
1,8.955e+05,0.975,13.84,195,800,0.90876,13.656,185.81,1017.2,0.48284,0.13743,0.050176,0.438,0.1214,0.038912,0.38663,0.11105,0.029632,245,245,244,187,183,180,170,170,168,255,255,255,113,108,105,139,139,141,0.54196,0.53851,0.54135
1,8.956e+05,0.975,13.76,195,800,0.91407,13.58,187.19,695.44,0.37061,0.13731,0.038976,0.30385,0.13344,0.030912,0.26778,0.12754,0.026368,242,243,243,191,186,183,170,170,172,254,254,252,94,98,100,132,127,123,0.55647,0.54971,0.54625
1,8.957e+05,0.975,13.68,195,800,0.91407,13.508,186.66,718.25,0.35328,0.14498,0.03904,0.30877,0.13297,0.031936,0.28276,0.12605,0.027712,241,242,242,186,184,183,167,171,175,251,250,249,94,95,97,127,122,118,0.53321,0.54184,0.54323
1,8.958e+05,0.975,13.6,195,800,0.9268,13.392,186.84,1400.4,0.41677,0.12179,0.036608,0.34911,0.11589,0.029248,0.30957,0.10776,0.023744,243,243,243,173,177,182,192,186,181,235,237,238,98,94,93,111,111,112,0.52716,0.53942,0.54035
1,8.959e+05,0.975,13.52,195,800,0.91619,13.349,186.79,783.77,0.34087,0.13381,0.034432,0.29336,0.12676,0.028032,0.25678,0.12406,0.024704,248,247,245,178,182,185,184,183,180,219,221,222,84,87,90,111,113,114,0.53716,0.54426,0.54279
1,8.96e+05,0.975,13.44,195,800,0.91194,13.284,186.6,801.44,0.49376,0.11434,0.037376,0.27012,0.11358,0.022144,0.19733,0.11297,0.01696,246,247,246,183,187,189,168,174,178,212,214,215,82,86,89,118,117,117,0.52294,0.54016,0.54449
1,8.961e+05,0.975,13.36,195,800,0.90664,13.211,187.5,650.85,0.27071,0.12653,0.025664,0.24849,0.12113,0.022336,0.23067,0.11586,0.020224,244,244,243,193,195,193,170,172,173,206,206,205,91,95,94,120,120,118,0.53911,0.54476,0.54541
1,8.962e+05,0.975,13.28,195,800,0.91088,13.115,187.73,766.16,0.36251,0.1421,0.039296,0.33769,0.12963,0.033152,0.30628,0.12287,0.028672,238,240,242,196,195,192,173,174,174,206,204,199,117,105,93,119,117,116,0.54777,0.54278,0.54344
1,8.963e+05,0.975,13.2,195,800,0.913,13.041,188.4,798.31,0.30016,0.12457,0.028416,0.25588,0.1193,0.02304,0.22942,0.11512,0.02016,235,240,242,191,190,192,173,174,174,187,188,187,97,91,85,110,110,112,0.54805,0.54609,0.54675
1,8.964e+05,0.975,13.12,195,800,0.91831,12.956,186.9,872.13,0.24721,0.12146,0.022272,0.2127,0.1171,0.018432,0.18049,0.11274,0.015744,245,247,247,207,204,199,164,169,171,168,172,174,70,70,72,112,112,113,0.54425,0.54405,0.54347
1,8.965e+05,0.975,13.04,195,800,0.90346,12.872,187.06,819.58,0.27559,0.12824,0.025664,0.24274,0.12532,0.022336,0.21961,0.11986,0.019264,246,248,249,225,214,203,166,169,170,165,168,168,73,71,69,118,116,116,0.53077,0.54125,0.54552
1,8.966e+05,0.975,12.96,195,800,0.89815,12.82,186.98,731.49,0.26114,0.14312,0.025856,0.22271,0.1362,0.020096,0.17951,0.11798,0.01632,247,250,251,204,213,210,173,174,171,159,159,158,76,74,69,130,128,125,0.54642,0.54766,0.54695
1,8.967e+05,0.975,12.88,195,800,0.91831,12.726,186.11,415.46,0.27681,0.13376,0.028736,0.24917,0.12708,0.02432,0.22761,0.12115,0.021504,249,250,251,196,210,206,172,175,172,153,154,153,81,73,66,144,135,127,0.54952,0.54698,0.54596
1,8.968e+05,0.975,12.8,195,800,0.90664,12.643,187.14,608.28,0.29203,0.12312,0.027136,0.26185,0.11786,0.023296,0.24695,0.10859,0.020096,251,250,250,192,195,195,168,174,174,143,149,152,56,58,59,129,126,123,0.54633,0.54475,0.54569
1,8.969e+05,0.975,12.72,195,800,0.90239,12.566,186,921.99,0.30439,0.13046,0.028736,0.26999,0.12587,0.024832,0.24701,0.1183,0.02176,243,246,247,193,191,193,172,173,174,158,160,161,55,54,55,109,110,112,0.53376,0.5432,0.54338
1,8.97e+05,0.975,12.64,195,800,0.92786,12.482,185.32,877.66,0.38069,0.12976,0.037184,0.34185,0.12381,0.030976,0.30947,0.11761,0.026752,245,246,247,206,200,194,167,172,174,164,167,167,58,58,57,109,107,108,0.54521,0.54173,0.54493
1,8.971e+05,0.975,12.56,195,800,0.88754,12.419,185.25,937.08,0.31173,0.1283,0.030144,0.27665,0.12137,0.02528,0.25508,0.11511,0.021696,246,246,246,205,203,200,175,174,173,178,178,179,68,68,67,100,101,101,0.54338,0.549,0.54676
1,8.972e+05,0.975,12.48,195,800,0.90346,12.342,185.22,633.51,0.33689,0.12566,0.030656,0.28996,0.1179,0.025024,0.2475,0.11481,0.020864,244,246,246,195,196,197,177,175,173,184,183,183,73,73,72,95,96,97,0.53963,0.54794,0.54814
1,8.973e+05,0.975,12.4,195,800,0.92149,12.248,187.23,489.89,0.3023,0.13619,0.031808,0.27786,0.12696,0.027328,0.25764,0.12146,0.024384,241,243,245,172,181,187,171,173,173,188,191,194,75,77,78,88,89,91,0.54397,0.54648,0.54518
1,8.974e+05,0.975,12.32,195,800,0.913,12.167,184.73,866.12,0.27309,0.12822,0.02656,0.23856,0.12388,0.022208,0.21109,0.11684,0.019072,245,242,242,176,176,179,181,179,176,216,210,207,79,81,81,86,87,88,0.548,0.54543,0.54558
1,8.975e+05,0.975,12.24,195,800,0.91937,12.073,186.49,1031.3,0.36789,0.12979,0.035072,0.33014,0.12249,0.029632,0.28488,0.11894,0.024704,239,241,242,173,174,177,187,182,176,222,217,212,81,82,81,87,86,87,0.54374,0.54648,0.54701
1,8.976e+05,0.975,12.16,195,800,0.90558,12.022,186.17,1034.5,0.31955,0.12603,0.029184,0.264,0.12017,0.023936,0.23726,0.1151,0.020672,238,239,241,165,171,178,170,173,175,216,218,218,80,79,79,83,84,85,0.54016,0.54151,0.54422
1,8.977e+05,0.975,12.08,195,800,0.90558,11.936,186.05,834.02,0.33272,0.1256,0.030912,0.27894,0.1186,0.02496,0.25766,0.11437,0.02208,241,241,242,174,176,180,165,169,173,218,218,217,78,77,77,82,83,84,0.54468,0.54202,0.54338
1,8.978e+05,0.975,12,195,800,0.91407,11.852,184.92,794.99,0.27581,0.12591,0.025728,0.24824,0.11746,0.021824,0.21789,0.11306,0.018688,245,244,245,194,189,190,175,173,172,211,212,211,81,81,79,84,84,84,0.53915,0.54403,0.54503
1,8.979e+05,0.975,11.92,195,800,0.91725,11.774,187.43,594.7,0.31835,0.12745,0.02976,0.2658,0.12466,0.024896,0.23606,0.1193,0.021504,251,249,249,199,204,204,173,171,170,194,197,199,96,87,79,87,86,85,0.54951,0.5465,0.54548
1,8.98e+05,0.975,11.84,195,800,0.90346,11.699,185.79,745.43,0.28124,0.11874,0.024192,0.24917,0.11416,0.020544,0.21606,0.11179,0.018048,253,251,251,211,209,206,168,168,169,193,193,194,87,83,77,89,86,87,0.53953,0.54344,0.54395
1,8.981e+05,0.975,11.76,195,800,0.91619,11.581,186.44,1074.9,0.27915,0.12425,0.026176,0.24678,0.11896,0.022656,0.22569,0.11075,0.019328,253,253,252,195,196,200,172,169,171,191,189,187,70,71,72,93,95,96,0.55357,0.54742,0.54572
1,8.982e+05,0.975,11.68,195,800,0.91194,11.524,185.5,811.48,0.24844,0.13777,0.025856,0.21735,0.13201,0.022144,0.19662,0.12341,0.018816,254,253,252,191,191,198,175,174,173,185,184,182,76,72,71,109,105,104,0.54484,0.55201,0.55183
1,8.983e+05,0.975,11.6,195,800,0.91831,11.446,185.85,889.05,0.26487,0.12954,0.025792,0.23245,0.12161,0.021632,0.20878,0.11619,0.01888,253,253,253,206,206,204,179,177,175,163,165,166,74,72,72,129,125,124,0.55509,0.55561,0.55532
1,8.984e+05,0.975,11.52,195,800,0.9077,11.388,187.17,864.85,0.31459,0.12232,0.027264,0.26252,0.11191,0.021312,0.20387,0.11255,0.0176,254,254,253,221,213,209,172,174,175,147,145,147,69,71,73,142,144,148,0.55305,0.55132,0.55254
1,8.985e+05,0.975,11.44,195,800,0.91088,11.294,186.45,798.57,0.29176,0.11774,0.024576,0.25238,0.11432,0.020736,0.219,0.1102,0.0176,255,254,254,205,204,208,175,176,176,139,139,140,82,76,72,153,158,165,0.55351,0.5556,0.55514
1,8.986e+05,0.975,11.36,195,800,0.9077,11.226,186.27,924.28,0.28742,0.13156,0.02912,0.25822,0.12316,0.02464,0.23136,0.11865,0.021312,255,254,254,202,199,208,185,179,178,132,130,129,90,74,68,196,202,206,0.55813,0.55725,0.55725
1,8.987e+05,0.975,11.28,195,800,0.92149,11.128,186.47,700.34,0.32142,0.12421,0.030208,0.27559,0.11901,0.025216,0.25249,0.11352,0.022144,255,254,254,211,209,210,176,175,177,123,125,127,67,66,66,225,227,223,0.55982,0.56114,0.56133
1,8.988e+05,0.975,11.2,195,800,0.913,11.066,186.79,709.42,0.27984,0.14571,0.030976,0.26166,0.13732,0.027136,0.24521,0.1336,0.024832,254,253,252,221,212,206,165,169,175,128,130,137,65,63,65,253,246,236,0.56643,0.56612,0.56538
1,8.989e+05,0.975,11.12,195,800,0.90982,10.989,184.77,1137.1,0.26679,0.12775,0.024896,0.23523,0.11696,0.020544,0.21124,0.11439,0.017984,249,248,247,174,179,182,178,175,176,172,174,177,80,86,100,205,209,213,0.5718,0.57677,0.57779
1,8.99e+05,0.975,11.04,195,800,0.913,10.91,187.21,996.17,0.25444,0.1343,0.02592,0.24122,0.12529,0.023104,0.22698,0.11808,0.02048,242,243,245,159,164,170,175,177,177,210,205,199,114,124,123,181,190,199,0.58906,0.57753,0.5654
1,9.0207e+05,1.068,11,195,800,0.99576,10.917,-0.093698,845.12,0,0,0,0,0,0,0,0,0,239,241,242,135,141,150,180,178,178,226,215,204,148,134,128,194,191,190,0.51047,0.51548,0.51789
1,9.0217e+05,1.068,11.08,195,800,1.018,10.994,186.48,877.99,0.19818,0.11681,0.017216,0.17968,0.11273,0.015104,0.15837,0.10997,0.013568,247,247,247,167,168,174,179,177,177,158,164,168,75,83,94,219,216,214,0.58317,0.58489,0.58323
1,9.0227e+05,1.068,11.16,195,800,1.0149,11.073,186.14,709.11,0.20225,0.12071,0.018624,0.18426,0.11637,0.016384,0.17458,0.10963,0.014592,251,251,249,187,189,189,179,178,177,137,142,148,74,73,75,242,236,228,0.55581,0.56557,0.56888
1,9.0237e+05,1.068,11.24,195,800,1.0212,11.126,185.68,454.75,0.26131,0.13155,0.02688,0.24561,0.12709,0.02432,0.22952,0.11836,0.021248,251,253,253,222,215,207,187,183,180,125,127,129,61,63,67,255,251,241,0.56258,0.56077,0.56379
1,9.0247e+05,1.068,11.32,195,800,1.0021,11.214,187.05,658.08,0.33863,0.14273,0.03712,0.31078,0.12764,0.030848,0.27046,0.12522,0.025728,253,253,254,212,211,208,188,185,180,129,129,130,59,63,69,249,241,231,0.56603,0.55956,0.55892
1,9.0257e+05,1.068,11.4,195,800,0.99788,11.289,185.02,637.32,0.43663,0.11699,0.03488,0.2947,0.1137,0.024448,0.24207,0.10712,0.0192,253,253,253,201,204,207,177,178,178,146,141,138,73,76,76,196,196,193,0.55684,0.5549,0.55397
1,9.0267e+05,1.068,11.48,195,800,1.0117,11.368,185.89,1249.1,0.28092,0.12856,0.02688,0.24749,0.12205,0.02304,0.22367,0.1186,0.020608,253,252,253,228,218,208,175,174,175,151,153,154,86,83,83,154,152,153,0.56269,0.55292,0.55403
1,9.0277e+05,1.068,11.56,195,800,1.0106,11.452,185.79,849.45,0.35014,0.14103,0.03808,0.31087,0.1317,0.03168,0.27699,0.12674,0.027392,253,252,253,216,211,204,178,176,174,164,165,163,86,84,83,131,134,137,0.55292,0.55262,0.55447
1,9.0287e+05,1.068,11.64,195,800,1.0138,11.519,186.41,738.62,0.32854,0.12506,0.030144,0.26596,0.11923,0.024448,0.24056,0.11405,0.021376,253,253,253,172,181,192,181,179,176,191,185,179,79,79,77,106,108,111,0.55205,0.55027,0.55123
1,9.0297e+05,1.068,11.72,195,800,1.0085,11.607,185.83,639.13,0.28621,0.12108,0.024576,0.24169,0.1116,0.019328,0.21039,0.10638,0.016192,255,254,253,172,180,191,182,179,176,192,189,185,70,72,75,97,98,101,0.54422,0.54528,0.54473
1,9.0307e+05,1.068,11.8,195,800,1,11.691,185.84,820.84,0.30353,0.13139,0.030272,0.27496,0.12541,0.026112,0.25813,0.11856,0.023168,253,254,253,212,207,201,171,174,175,191,193,193,67,70,72,85,86,88,0.54218,0.54612,0.54457
1,9.0317e+05,1.068,11.88,195,800,1.0085,11.761,184.38,749.21,0.24011,0.12479,0.021632,0.20139,0.12131,0.018816,0.18446,0.11714,0.01664,253,252,252,217,212,204,179,178,175,208,204,202,85,80,75,82,82,82,0.55992,0.54649,0.54489
1,9.0327e+05,1.068,11.96,195,800,1.0011,11.839,185.28,562.11,0.30664,0.13307,0.029952,0.27477,0.12534,0.0256,0.24496,0.11813,0.022144,250,249,250,202,200,200,181,178,176,214,211,207,75,76,75,81,81,82,0.53823,0.54128,0.54487
1,9.0337e+05,1.068,12.04,195,800,1.0021,11.938,185.46,828.95,0.3065,0.13252,0.0304,0.27518,0.12392,0.025664,0.25776,0.11728,0.022656,242,245,247,176,182,187,178,177,176,223,219,215,69,69,72,82,83,83,0.55249,0.54277,0.54342
1,9.0347e+05,1.068,12.12,195,800,0.9894,12.022,186.48,958.09,0.41632,0.12739,0.037824,0.35925,0.12123,0.030912,0.31666,0.11776,0.026368,247,247,246,177,179,184,181,178,176,223,220,218,70,70,71,87,85,84,0.53947,0.54778,0.54517
1,9.0357e+05,1.068,12.2,195,800,1.0011,12.086,185.66,598.26,0.31468,0.12286,0.027776,0.27451,0.11139,0.02272,0.24451,0.10842,0.019392,249,248,246,189,184,183,182,179,175,227,224,220,73,73,72,88,86,85,0.54727,0.54685,0.54486
1,9.0367e+05,1.068,12.28,195,800,1.0233,12.151,186.5,742.36,0.31025,0.1236,0.028544,0.28784,0.1174,0.02496,0.27384,0.11194,0.022144,252,250,247,184,184,185,169,170,170,212,212,211,76,75,74,81,82,85,0.55367,0.54434,0.54418
1,9.0377e+05,1.068,12.36,195,800,1.0074,12.24,185.53,986.36,0.3587,0.12853,0.0336,0.32271,0.12264,0.02848,0.28946,0.11901,0.024896,251,250,247,183,185,187,168,167,169,200,202,205,77,79,76,83,83,86,0.54263,0.54219,0.54435
1,9.0387e+05,1.068,12.44,195,800,1.0127,12.324,185.09,739.35,0.32555,0.13098,0.030528,0.28251,0.12594,0.026048,0.26246,0.1201,0.023168,248,247,246,205,195,190,175,172,170,196,192,191,99,84,74,92,91,92,0.5367,0.54214,0.54524
1,9.0397e+05,1.068,12.52,195,800,1.0138,12.39,186.06,854.66,0.27005,0.13003,0.026432,0.24898,0.12218,0.023168,0.23393,0.11652,0.02048,250,246,245,199,196,192,176,175,172,188,187,185,81,76,70,96,96,97,0.55399,0.54693,0.54368
1,9.0407e+05,1.068,12.6,195,800,0.99152,12.468,186.6,751.13,0.28017,0.12147,0.024832,0.22147,0.11827,0.01952,0.18533,0.11143,0.016128,244,245,244,192,191,191,177,176,175,174,174,174,56,57,59,102,103,105,0.55738,0.54775,0.54528
1,9.0417e+05,1.068,12.68,195,800,0.99364,12.562,186.27,1131.6,0.25325,0.12937,0.025216,0.22668,0.12236,0.02144,0.20994,0.11797,0.019136,245,245,247,175,181,189,177,175,174,165,163,162,50,51,53,107,111,116,0.56789,0.55143,0.54669
1,9.0427e+05,1.068,12.76,195,800,0.9947,12.649,187.19,1148.7,0.34235,0.13793,0.028224,0.27055,0.11273,0.022016,0.23488,0.10904,0.018304,246,247,248,169,182,193,175,173,172,157,156,156,50,52,55,116,119,123,0.54444,0.54618,0.54422
1,9.0437e+05,1.068,12.84,195,800,1.0021,12.702,186.48,803.86,0.27086,0.1203,0.024256,0.252,0.11137,0.020672,0.22958,0.10674,0.0176,253,252,250,221,208,201,167,165,169,146,147,150,67,63,60,133,133,131,0.53282,0.54368,0.54616
1,9.0447e+05,1.068,12.92,195,800,0.98727,12.815,186.29,1137.9,0.28257,0.13296,0.028032,0.24744,0.12725,0.023808,0.21897,0.12467,0.0208,252,251,250,223,210,205,163,163,167,145,148,151,70,66,63,129,131,131,0.53437,0.54488,0.54652
1,9.0457e+05,1.068,13,195,800,1.0117,12.867,186.63,827.79,0.28792,0.13304,0.02816,0.2427,0.12947,0.024064,0.21889,0.12545,0.020864,249,248,248,187,197,206,163,166,167,165,163,162,60,63,65,116,120,124,0.5437,0.53964,0.54161
1,9.0467e+05,1.068,13.08,195,800,1.0064,12.946,186.79,825.68,0.28958,0.14108,0.031552,0.26633,0.13177,0.027072,0.24284,0.12464,0.023488,249,247,245,202,199,200,171,168,168,185,180,176,64,64,67,113,113,115,0.53359,0.54146,0.54365
1,9.0477e+05,1.068,13.16,195,800,1.0053,13.027,186.51,907.29,0.32375,0.13422,0.032832,0.30367,0.12565,0.028416,0.28353,0.12242,0.025792,246,244,242,188,192,197,167,168,169,187,186,184,66,69,74,109,110,112,0.56119,0.54888,0.54622
1,9.0487e+05,1.068,13.24,195,800,0.99682,13.12,188.02,934.49,0.30628,0.13913,0.031808,0.26981,0.12755,0.02624,0.23772,0.12605,0.022848,235,235,237,178,186,193,173,172,171,202,200,198,86,89,88,105,108,112,0.52851,0.53997,0.54436
1,9.0497e+05,1.068,13.32,195,800,1.0265,13.163,187.19,884.72,0.2834,0.12457,0.026112,0.25691,0.11605,0.022144,0.23308,0.11125,0.019328,234,234,237,193,193,192,176,173,171,210,208,205,99,95,93,110,113,115,0.54331,0.54794,0.5467
1,9.0507e+05,1.068,13.4,195,800,1.0053,13.261,187.47,655.24,0.32556,0.1222,0.02752,0.27957,0.11684,0.022592,0.23795,0.11121,0.019008,240,239,240,200,195,191,170,172,174,221,222,222,87,90,97,130,125,119,0.54263,0.54168,0.5404
1,9.0517e+05,1.068,13.48,195,800,1.0106,13.347,187.04,892.51,0.25805,0.12191,0.024128,0.23841,0.11613,0.021184,0.22323,0.11032,0.018688,244,243,242,178,183,187,183,181,180,241,239,236,94,97,101,117,117,116,0.54404,0.54268,0.54279
1,9.0527e+05,1.068,13.56,195,800,1.0085,13.419,187.07,690.56,0.29444,0.12152,0.026304,0.25497,0.11786,0.022144,0.2279,0.10862,0.018944,243,242,242,180,183,185,186,185,182,248,245,242,99,103,105,107,110,113,0.53799,0.54206,0.54327
1,9.0537e+05,1.068,13.64,195,800,0.99046,13.506,186.14,723.61,0.27614,0.12217,0.025024,0.24971,0.11622,0.021504,0.23073,0.11272,0.019136,235,238,240,185,184,185,179,181,182,252,251,250,101,106,108,106,110,112,0.55728,0.54753,0.54502
1,9.0547e+05,1.068,13.72,195,800,1.0021,13.603,187.46,1104.7,0.29867,0.12362,0.027776,0.26297,0.11747,0.023424,0.22978,0.11277,0.02016,237,239,241,186,184,184,175,177,180,255,253,252,101,104,108,109,113,115,0.52743,0.54024,0.54294
1,9.0557e+05,1.068,13.8,195,800,1.0043,13.657,186.84,897.69,0.31798,0.12075,0.027584,0.27299,0.11749,0.024192,0.25222,0.11288,0.021248,249,246,244,172,178,181,175,176,174,255,255,255,105,107,108,121,123,128,0.55001,0.54747,0.54499
1,9.0567e+05,1.068,13.88,195,800,1.0064,13.738,186.89,886.37,0.28749,0.12775,0.027776,0.26745,0.11816,0.023936,0.25106,0.11392,0.021696,244,247,246,168,171,176,168,166,165,255,255,255,110,110,108,149,153,160,0.55612,0.54556,0.54554
1,9.0577e+05,1.068,13.96,195,800,1.0021,13.808,186.63,924.34,0.30133,0.12419,0.028096,0.26286,0.12031,0.024064,0.25195,0.11483,0.021632,243,246,245,172,172,175,152,156,158,255,255,252,109,106,105,178,181,184,0.55593,0.54491,0.54347
1,9.0587e+05,1.068,14.04,195,800,1.0085,13.88,186.89,749.91,0.32876,0.12324,0.029376,0.2832,0.11764,0.024384,0.24503,0.11456,0.020864,238,241,240,174,182,184,137,143,151,244,238,233,91,93,96,245,238,229,0.54264,0.53757,0.53896
1,9.0597e+05,1.068,14.12,195,800,1.0043,13.966,185.07,691.28,0.32058,0.1266,0.030208,0.28804,0.12244,0.026112,0.27092,0.11316,0.022592,232,236,238,192,189,188,145,149,153,216,218,220,87,91,98,255,251,245,0.53501,0.54208,0.54309
1,9.0607e+05,1.068,14.2,195,800,1,14.037,185.09,611.29,0.30943,0.12457,0.029312,0.2788,0.11804,0.025024,0.25031,0.11466,0.021696,226,234,237,181,189,194,168,166,162,185,194,205,116,122,130,255,255,253,0.55769,0.55124,0.5469
1,9.0914e+05,1.161,14.24,195,800,1.0966,14.031,0.098305,675.67,0,0,0,0,0,0,0,0,0,250,247,242,213,202,194,172,170,166,215,215,216,167,164,160,255,252,248,0.54205,0.54307,0.54739
1,9.0924e+05,1.161,14.16,195,800,1.1188,13.951,186.48,633.7,0.35442,0.12666,0.027776,0.32861,0.1195,0.023936,0.27401,0.11499,0.020544,245,243,240,188,192,193,159,160,159,197,203,212,99,103,110,255,255,253,0.54098,0.54518,0.54356
1,9.0934e+05,1.161,14.08,195,800,1.0838,13.884,185.49,953.14,0.22696,0.15456,0.027456,0.21916,0.14683,0.02496,0.21211,0.13933,0.023168,241,241,239,189,188,186,152,152,155,219,220,221,86,89,97,255,252,245,0.54187,0.54314,0.54026
1,9.0944e+05,1.161,14,195,800,1.1019,13.807,186.28,688.48,0.29863,0.15196,0.03552,0.28833,0.14445,0.032704,0.27651,0.13586,0.029568,238,238,240,173,174,177,152,153,156,255,251,245,94,96,98,219,214,208,0.54332,0.54303,0.54233
1,9.0954e+05,1.161,13.92,195,800,1.0944,13.748,185.19,612.86,0.38045,0.15812,0.046592,0.3333,0.14901,0.038592,0.30099,0.14217,0.0336,245,244,243,172,175,177,168,168,168,255,255,255,118,115,108,147,152,158,0.53289,0.53908,0.54254
1,9.0964e+05,1.161,13.84,195,800,1.1029,13.664,185.49,703.99,0.42859,0.17058,0.056384,0.38427,0.15913,0.046656,0.33995,0.14696,0.038144,246,245,243,190,185,181,173,175,175,255,255,255,120,116,111,128,131,136,0.53902,0.54038,0.54201
1,9.0974e+05,1.161,13.76,195,800,1.0955,13.574,186.13,946.3,0.43181,0.13541,0.043712,0.35376,0.12401,0.032768,0.31481,0.11694,0.027648,240,241,243,188,187,186,186,184,183,255,255,255,112,112,112,107,110,114,0.53756,0.54106,0.54218
1,9.0984e+05,1.161,13.68,195,800,1.0881,13.512,186.31,847.51,0.36463,0.13227,0.034432,0.31648,0.1228,0.028032,0.28206,0.11621,0.024256,241,240,241,178,184,189,188,187,185,255,255,255,119,118,114,108,108,109,0.54383,0.54123,0.54367
1,9.0994e+05,1.161,13.6,195,800,1.0987,13.441,187.18,831.7,0.36439,0.1472,0.039936,0.2968,0.1439,0.032768,0.25964,0.14032,0.028608,239,239,240,202,197,192,187,186,185,255,254,253,148,132,118,113,108,106,0.5467,0.54243,0.5421
1,9.1004e+05,1.161,13.52,195,800,1.104,13.351,186.76,939.4,0.34568,0.14358,0.037952,0.30388,0.13754,0.032384,0.2736,0.13145,0.02784,240,239,240,202,199,196,178,179,179,250,249,245,124,121,118,109,109,109,0.54045,0.54316,0.54286
1,9.1014e+05,1.161,13.44,195,800,1.0923,13.285,185.87,630.61,0.3575,0.12709,0.034048,0.31846,0.11995,0.028288,0.29594,0.11435,0.024,240,239,239,193,195,196,176,175,177,242,242,238,114,116,117,116,114,112,0.54733,0.5411,0.54366
1,9.1024e+05,1.161,13.36,195,800,1.0913,13.202,187.52,761.48,0.30301,0.11835,0.02656,0.25435,0.11176,0.021888,0.22693,0.1087,0.018944,234,234,236,191,194,192,172,172,172,218,217,218,109,111,109,120,116,114,0.5239,0.53623,0.54123
1,9.1034e+05,1.161,13.28,195,800,1.0944,13.101,186.52,1151.3,0.36824,0.11856,0.028928,0.23371,0.11487,0.020352,0.20691,0.11071,0.017472,233,232,235,189,192,193,171,170,171,207,205,207,100,100,101,113,112,112,0.54521,0.54531,0.5462
1,9.1044e+05,1.161,13.2,195,800,1.0966,13.039,186.31,549.97,0.31485,0.13423,0.030976,0.26808,0.12898,0.026496,0.25252,0.12007,0.023104,240,239,240,208,198,196,167,167,168,183,187,191,71,73,79,113,110,111,0.53346,0.54234,0.54461
1,9.1054e+05,1.161,13.12,195,800,1.0838,12.975,186.46,864.08,0.45293,0.11255,0.034368,0.3781,0.10559,0.02528,0.2669,0.10372,0.018944,249,248,246,213,205,198,169,165,165,177,177,176,62,63,63,122,117,115,0.52866,0.54036,0.54311
1,9.1064e+05,1.161,13.04,195,800,1.0944,12.868,185.25,928.15,0.28903,0.11762,0.025664,0.25606,0.10904,0.02112,0.22726,0.10466,0.01824,246,248,248,208,200,198,164,164,165,168,169,169,59,59,61,126,121,119,0.55381,0.54885,0.54551
1,9.1074e+05,1.161,12.96,195,800,1.0934,12.795,185.54,895.41,0.29461,0.12396,0.025536,0.22582,0.12393,0.020416,0.19047,0.12163,0.018176,249,248,249,210,204,203,174,168,165,151,151,155,55,55,57,132,129,127,0.52968,0.53995,0.54265
1,9.1084e+05,1.161,12.88,195,800,1.0859,12.735,186.68,924.84,0.27711,0.12599,0.02656,0.24454,0.11807,0.022336,0.21193,0.11604,0.019072,253,251,250,224,214,204,170,168,167,146,148,151,54,53,55,139,134,130,0.53994,0.5421,0.54344
1,9.1094e+05,1.161,12.8,195,800,1.1082,12.634,186.97,938.42,0.31269,0.14092,0.033344,0.28179,0.13398,0.0288,0.26186,0.1286,0.0256,254,253,251,207,205,203,173,172,171,148,150,152,50,50,52,142,135,129,0.53744,0.54063,0.54304
1,9.1104e+05,1.161,12.72,195,800,1.087,12.56,185.31,822.73,0.36466,0.12552,0.032704,0.28948,0.12053,0.026112,0.24755,0.11689,0.022208,250,249,248,195,189,188,181,178,175,165,163,161,50,50,51,124,121,120,0.54088,0.54348,0.54436
1,9.1114e+05,1.161,12.64,195,800,1.0966,12.487,186.17,957.66,0.30583,0.12559,0.028736,0.27618,0.11696,0.024384,0.2542,0.11302,0.021376,248,246,245,187,183,183,181,178,175,176,170,166,51,51,52,116,115,114,0.55123,0.54492,0.5432
1,9.1124e+05,1.161,12.56,195,800,1.0817,12.423,187.41,920.14,0.30031,0.12467,0.027968,0.25867,0.1188,0.02336,0.23782,0.11321,0.020224,237,239,242,174,178,183,173,173,172,179,178,177,53,55,58,108,106,104,0.55082,0.54914,0.54563
1,9.1134e+05,1.161,12.48,195,800,1.0934,12.335,185.7,564.78,0.2986,0.11213,0.025024,0.25991,0.10661,0.020608,0.22989,0.10413,0.017536,234,239,243,187,186,186,168,168,169,186,185,183,58,60,62,101,101,100,0.54289,0.54437,0.54454
1,9.1144e+05,1.161,12.4,195,800,1.0732,12.27,186.8,679.23,0.30613,0.1248,0.029568,0.28445,0.11699,0.025536,0.25608,0.11374,0.02272,249,247,247,196,198,196,153,157,163,201,199,196,66,67,67,92,92,93,0.54076,0.54597,0.54655
1,9.1154e+05,1.161,12.32,195,800,1.0934,12.167,185.91,929.19,0.34561,0.11986,0.029312,0.30145,0.11442,0.02464,0.28006,0.10889,0.021056,250,249,249,201,199,197,156,158,164,219,213,209,62,64,67,87,87,89,0.54663,0.54675,0.54579
1,9.1164e+05,1.161,12.24,195,800,1.0934,12.095,188.35,1280.5,0.40303,0.13125,0.037184,0.31799,0.11468,0.026944,0.28665,0.11059,0.022336,245,246,248,198,197,197,160,163,168,222,219,214,61,64,67,86,87,88,0.54322,0.54444,0.54465
1,9.1174e+05,1.161,12.16,195,800,1.0913,12.027,186.6,931.02,0.28863,0.11985,0.025152,0.24631,0.11596,0.021568,0.22723,0.10878,0.018752,247,247,248,194,197,198,175,176,175,219,220,217,66,66,67,85,86,86,0.54807,0.54328,0.54361
1,9.1184e+05,1.161,12.08,195,800,1.0902,11.934,186.2,850.92,0.30914,0.11839,0.02688,0.27314,0.11247,0.022656,0.24429,0.1086,0.019584,252,250,248,205,201,197,182,179,176,214,216,216,66,67,67,84,84,85,0.55522,0.54916,0.54614
1,9.1194e+05,1.161,12,195,800,1.1135,11.828,186.64,555.52,0.3501,0.11771,0.028928,0.28596,0.11255,0.023424,0.24487,0.10658,0.019456,254,253,251,194,198,202,174,176,178,206,210,209,64,66,68,78,80,82,0.552,0.54369,0.54247
1,9.1204e+05,1.161,11.92,195,800,1.0838,11.794,185.06,959.4,0.27315,0.1248,0.025216,0.23902,0.11754,0.021312,0.21545,0.11387,0.019072,255,255,253,204,210,205,177,178,178,197,201,201,65,67,67,78,80,82,0.54236,0.54211,0.54346
1,9.1214e+05,1.161,11.84,195,800,1.1061,11.691,186.67,1031.2,0.29123,0.12809,0.027712,0.25573,0.12258,0.02368,0.24041,0.11614,0.020864,255,255,253,213,211,203,178,179,179,190,197,197,64,65,66,78,81,84,0.5398,0.54274,0.54349
1,9.1224e+05,1.161,11.76,195,800,1.1008,11.615,185.79,963.52,0.31442,0.12353,0.0288,0.27496,0.11668,0.024192,0.25244,0.11314,0.021376,251,253,253,188,191,194,176,179,178,188,192,192,58,63,69,85,89,92,0.53626,0.54099,0.54369
1,9.1234e+05,1.161,11.68,195,800,1.0775,11.559,186.16,634.43,0.3231,0.1302,0.029376,0.27793,0.12361,0.024768,0.23983,0.1224,0.021376,251,253,253,184,185,190,173,177,177,180,189,189,71,74,74,95,97,100,0.54963,0.54936,0.54896
1,9.1244e+05,1.161,11.6,195,800,1.1008,11.456,186.69,581.57,0.25756,0.12887,0.025152,0.23603,0.1209,0.022016,0.21374,0.11494,0.019008,255,254,253,197,201,200,168,172,174,175,180,177,106,91,82,122,126,127,0.55387,0.55073,0.5507
1,9.1254e+05,1.161,11.52,195,800,1.1125,11.376,186.33,878.94,0.3306,0.13116,0.032704,0.29491,0.12655,0.027776,0.2603,0.12411,0.024256,248,252,253,207,212,206,166,170,173,154,158,159,76,83,84,158,161,159,0.5518,0.55431,0.55356
1,9.1264e+05,1.161,11.44,195,800,1.0987,11.307,186.2,715.42,0.22855,0.12456,0.021248,0.20084,0.12056,0.018368,0.17641,0.11659,0.015872,250,252,253,198,203,205,172,172,173,142,146,148,90,83,79,172,178,179,0.56082,0.55562,0.55504
1,9.1274e+05,1.161,11.36,195,800,1.0944,11.236,185.45,743.54,0.27781,0.12757,0.025856,0.24612,0.12217,0.021952,0.21667,0.11554,0.018688,254,254,254,194,200,206,176,178,177,121,127,133,71,70,69,221,224,218,0.56565,0.55927,0.55724
1,9.1284e+05,1.161,11.28,195,800,1.0923,11.155,184.77,769.26,0.30402,0.13188,0.029952,0.26877,0.12539,0.025664,0.24847,0.11873,0.022592,255,255,254,214,213,209,179,181,178,119,124,129,61,63,65,248,243,233,0.55911,0.56075,0.55925
1,9.1294e+05,1.161,11.2,195,800,1.1008,11.06,186.13,758.38,0.29081,0.13051,0.028736,0.25818,0.12447,0.024256,0.22864,0.1189,0.020736,254,254,252,211,211,205,182,181,178,129,129,132,62,63,64,251,246,236,0.56814,0.56631,0.56496
1,9.1304e+05,1.161,11.12,195,800,1.105,10.988,184.92,513.31,0.25029,0.12799,0.02432,0.21641,0.12156,0.01984,0.19069,0.11786,0.017472,246,246,245,176,173,175,175,177,177,145,152,159,72,78,88,199,205,208,0.57408,0.57862,0.57697
1,9.1314e+05,1.161,11.04,195,800,1.0796,10.94,186.44,578.11,0.27405,0.13551,0.028864,0.25552,0.12761,0.025472,0.24398,0.12215,0.023168,242,241,242,154,158,161,175,177,176,170,174,174,93,101,103,180,186,194,0.59298,0.58278,0.56959
1,9.1621e+05,1.254,11,195,800,1.1836,10.929,-0.10032,597.59,0,0,0,0,0,0,0,0,0,230,231,234,151,151,156,171,172,173,196,185,182,142,131,128,161,161,167,0.52405,0.53028,0.52493
1,9.1631e+05,1.254,11.08,195,800,1.1889,11.004,183.94,633.21,0.22911,0.11961,0.018624,0.18727,0.11099,0.015872,0.1729,0.10966,0.0144,239,240,242,164,171,179,174,172,172,145,148,154,73,78,91,187,189,192,0.57323,0.58357,0.58495
1,9.1641e+05,1.254,11.16,195,800,1.192,11.068,186.28,1153.3,0.21066,0.12851,0.020928,0.20062,0.12242,0.01888,0.18743,0.11561,0.016704,249,248,247,202,200,195,170,171,171,134,135,139,61,63,71,219,213,207,0.55836,0.56521,0.56955
1,9.1651e+05,1.254,11.24,195,800,1.2037,11.135,186.32,850.62,0.27648,0.12671,0.026688,0.25349,0.11748,0.022656,0.22548,0.11317,0.019008,255,255,254,238,227,215,168,169,171,126,125,126,51,55,61,238,236,227,0.55948,0.56477,0.56393
1,9.1661e+05,1.254,11.32,195,800,1.1793,11.242,186.5,980.56,0.26435,0.12991,0.02592,0.23214,0.12584,0.022016,0.2073,0.12024,0.019008,255,255,255,211,213,213,165,169,172,126,125,126,54,58,64,240,230,221,0.55717,0.56048,0.55854
1,9.1671e+05,1.254,11.4,195,800,1.1804,11.308,186.76,948.48,0.29144,0.12812,0.026944,0.24633,0.11772,0.02144,0.21229,0.11458,0.018304,255,255,254,181,189,202,170,171,170,139,139,138,74,74,76,186,191,192,0.56089,0.55643,0.55563
1,9.1681e+05,1.254,11.48,195,800,1.1952,11.388,185.5,858.79,0.30362,0.13806,0.032448,0.28073,0.12977,0.028288,0.26476,0.11939,0.02432,255,255,254,211,208,206,168,170,170,156,158,158,79,81,85,165,159,155,0.54858,0.55001,0.55145
1,9.1691e+05,1.254,11.56,195,800,1.1974,11.445,185.96,894.86,0.30239,0.13485,0.029824,0.25456,0.12678,0.024,0.2278,0.12115,0.020608,255,254,254,218,215,207,172,171,170,166,170,169,79,82,85,149,145,139,0.55589,0.55156,0.55095
1,9.1701e+05,1.254,11.64,195,800,1.1942,11.541,186.74,638.53,0.33224,0.11996,0.02912,0.26849,0.11283,0.022784,0.23851,0.10949,0.019776,253,253,253,192,197,199,178,176,173,196,193,186,75,76,76,109,110,110,0.54597,0.54874,0.5499
1,9.1711e+05,1.254,11.72,195,800,1.1751,11.627,185.11,880.42,0.30849,0.11965,0.02592,0.25296,0.116,0.021952,0.23167,0.11118,0.019328,252,253,253,187,188,192,180,178,175,196,194,191,65,68,72,95,97,99,0.54852,0.5433,0.54543
1,9.1721e+05,1.254,11.8,195,800,1.1719,11.722,185.29,1110.7,0.32816,0.12974,0.030464,0.2954,0.12306,0.025408,0.26656,0.11735,0.021824,253,253,253,181,189,191,179,180,178,190,193,194,61,64,65,87,86,87,0.54759,0.5453,0.54355
1,9.1731e+05,1.254,11.88,195,800,1.1729,11.764,187.14,793.59,0.25892,0.12924,0.02528,0.23379,0.12167,0.02176,0.21874,0.11659,0.01952,253,253,252,211,202,196,184,180,177,192,196,197,69,67,64,87,84,82,0.54412,0.54534,0.54392
1,9.1741e+05,1.254,11.96,195,800,1.192,11.831,185.08,812.98,0.24073,0.12546,0.02336,0.23017,0.11882,0.020992,0.21796,0.11458,0.019008,250,252,252,203,204,201,175,176,177,198,200,200,66,65,65,85,84,82,0.5369,0.5403,0.54304
1,9.1751e+05,1.254,12.04,195,800,1.1783,11.941,187.49,808.04,0.28957,0.12668,0.02656,0.2463,0.12068,0.022464,0.22516,0.11589,0.019648,249,249,249,220,214,206,174,176,176,207,208,207,65,65,65,84,84,83,0.54917,0.54283,0.54309
1,9.1761e+05,1.254,12.12,195,800,1.1878,12.008,186.09,975.93,0.29093,0.12147,0.025728,0.2595,0.11287,0.02144,0.2288,0.10874,0.018304,246,247,247,225,216,206,177,177,176,207,210,210,69,67,65,86,85,84,0.55194,0.54906,0.54684
1,9.1771e+05,1.254,12.2,195,800,1.1942,12.073,187.3,871.13,0.31084,0.14795,0.03488,0.28731,0.13819,0.030464,0.26426,0.13464,0.027264,246,246,247,195,203,207,171,173,173,209,210,211,65,64,64,90,88,87,0.54003,0.53922,0.54183
1,9.1781e+05,1.254,12.28,195,800,1.1931,12.151,187.49,770.13,0.46379,0.12156,0.038016,0.32694,0.12059,0.027328,0.26876,0.11527,0.02208,251,250,249,217,212,205,174,169,166,202,204,205,60,61,62,94,92,91,0.55157,0.54959,0.54389
1,9.1791e+05,1.254,12.36,195,800,1.191,12.234,186.49,798.86,0.28383,0.11949,0.025792,0.26441,0.11313,0.0224,0.2461,0.10704,0.01952,252,251,249,215,212,204,164,164,164,196,198,199,60,60,60,96,95,94,0.54837,0.55089,0.5459
1,9.1801e+05,1.254,12.44,195,800,1.1761,12.334,187.08,1002.4,0.27523,0.12653,0.026368,0.23687,0.12459,0.022208,0.21366,0.11451,0.018944,243,244,245,193,190,189,162,163,166,177,180,183,55,56,58,99,100,100,0.53506,0.54377,0.5444
1,9.1811e+05,1.254,12.52,195,800,1.191,12.394,187.34,872.83,0.33147,0.13204,0.031424,0.28044,0.12357,0.025408,0.25404,0.11911,0.02176,240,240,243,171,175,180,169,168,169,169,172,176,52,54,56,103,103,104,0.54095,0.54211,0.54313
1,9.1821e+05,1.254,12.6,195,800,1.191,12.464,187.17,896.28,0.32038,0.13112,0.03072,0.27813,0.1249,0.0256,0.25131,0.12292,0.022976,240,243,244,159,168,179,172,174,173,159,161,163,52,53,56,112,112,112,0.54941,0.54522,0.54388
1,9.1831e+05,1.254,12.68,195,800,1.1974,12.545,187.25,838.83,0.30808,0.12892,0.029312,0.27623,0.11919,0.024704,0.25315,0.1133,0.02112,250,249,248,208,202,195,170,172,172,152,153,155,53,55,55,122,122,122,0.54292,0.54069,0.54301
1,9.1841e+05,1.254,12.76,195,800,1.2048,12.614,187.28,844.04,0.28335,0.127,0.026688,0.24126,0.11629,0.020992,0.20767,0.11434,0.017984,250,250,250,215,210,205,172,171,171,149,150,151,51,53,54,125,126,126,0.54853,0.54526,0.54517
1,9.1851e+05,1.254,12.84,195,800,1.192,12.692,186.98,612.88,0.26892,0.13698,0.027712,0.24081,0.12625,0.02336,0.2226,0.12324,0.020672,252,250,249,200,204,207,166,168,169,151,150,149,47,49,51,129,131,131,0.54598,0.54214,0.54185
1,9.1861e+05,1.254,12.92,195,800,1.1963,12.771,187.24,971.9,0.30995,0.13055,0.028608,0.23238,0.12738,0.022528,0.19694,0.12398,0.0192,247,248,248,196,197,202,168,168,167,152,151,151,50,51,51,129,130,130,0.54436,0.5437,0.54266
1,9.1871e+05,1.254,13,195,800,1.1878,12.862,187.77,645,0.26948,0.13715,0.027968,0.24332,0.12723,0.02368,0.22897,0.12076,0.021184,244,245,248,176,188,199,158,161,164,160,160,159,57,57,58,121,122,124,0.53826,0.54092,0.54145
1,9.1881e+05,1.254,13.08,195,800,1.1963,12.919,186.9,473.99,0.33376,0.11863,0.027456,0.2599,0.11548,0.021056,0.21034,0.10941,0.01632,254,250,246,205,203,203,154,160,165,176,176,173,63,65,68,111,114,117,0.53905,0.54119,0.54166
1,9.1891e+05,1.254,13.16,195,800,1.1995,13.006,186.95,641.84,0.29369,0.12801,0.027584,0.26152,0.12083,0.02304,0.23923,0.11528,0.020288,249,247,243,204,207,204,166,166,166,184,183,180,66,70,75,109,112,115,0.54256,0.54592,0.54452
1,9.1901e+05,1.254,13.24,195,800,1.1836,13.113,187.24,731.01,0.2322,0.11675,0.020736,0.20291,0.11436,0.017856,0.18051,0.10966,0.014848,230,233,237,191,194,196,171,170,169,196,197,198,93,98,102,109,112,113,0.53438,0.54146,0.54224
1,9.1911e+05,1.254,13.32,195,800,1.1836,13.18,185.96,971.66,0.30046,0.12961,0.029504,0.27338,0.1239,0.025408,0.24071,0.12037,0.02208,230,233,236,183,188,193,169,170,170,207,208,209,134,126,114,113,112,112,0.54146,0.54402,0.54219
1,9.1921e+05,1.254,13.4,195,800,1.2069,13.247,186.81,578.06,0.29749,0.12408,0.027904,0.26053,0.11793,0.02336,0.23275,0.11402,0.020416,242,240,239,198,194,194,174,174,173,232,233,232,161,145,126,104,106,107,0.5551,0.5454,0.54243
1,9.1931e+05,1.254,13.48,195,800,1.1952,13.333,185.97,730.25,0.25388,0.12819,0.024192,0.2233,0.11971,0.020672,0.2085,0.11648,0.018304,242,242,242,201,204,203,181,180,178,253,251,248,110,117,122,92,97,101,0.5502,0.54168,0.54205
1,9.1941e+05,1.254,13.56,195,800,1.192,13.433,187.15,803.77,0.30265,0.11848,0.0256,0.26796,0.11073,0.020288,0.20615,0.1086,0.017024,240,242,242,210,206,202,187,183,181,255,254,252,110,114,117,92,96,101,0.54683,0.54536,0.54328
1,9.1951e+05,1.254,13.64,195,800,1.1899,13.503,186.66,793.99,0.26665,0.12177,0.024192,0.23241,0.11717,0.020544,0.21486,0.11426,0.018496,244,242,242,190,193,197,190,190,189,255,255,255,115,114,113,99,102,105,0.54435,0.54058,0.54164
1,9.1961e+05,1.254,13.72,195,800,1.1889,13.597,186.78,992.59,0.2804,0.12167,0.024192,0.23891,0.1169,0.020224,0.20522,0.11469,0.017664,245,243,242,183,190,195,194,194,191,255,255,255,106,108,111,102,106,109,0.54323,0.54525,0.54449
1,9.1971e+05,1.254,13.8,195,800,1.1857,13.659,187.62,838.7,0.30609,0.12506,0.026944,0.26412,0.11696,0.022592,0.23165,0.11557,0.02016,244,244,243,199,196,191,191,189,187,255,255,255,104,106,108,118,119,122,0.56089,0.54617,0.54138
1,9.1981e+05,1.254,13.88,195,800,1.191,13.727,186.97,824.38,0.32545,0.12072,0.028992,0.28295,0.11607,0.02496,0.25946,0.10953,0.02144,244,243,241,180,180,182,177,175,174,255,255,255,116,110,104,148,149,154,0.54922,0.54052,0.54004
1,9.1991e+05,1.254,13.96,195,800,1.1867,13.807,186.31,505.78,0.32772,0.1324,0.03296,0.27928,0.12657,0.027456,0.25594,0.11843,0.023744,236,238,240,169,171,177,173,169,166,255,255,253,105,102,100,175,176,177,0.53573,0.53839,0.54253
1,9.2001e+05,1.254,14.04,195,800,1.1984,13.88,185.49,610.09,0.35134,0.13267,0.03456,0.30704,0.12801,0.028672,0.27202,0.12125,0.025024,238,237,239,179,180,181,154,156,159,243,239,234,81,84,91,240,232,224,0.53606,0.54061,0.54206
1,9.2011e+05,1.254,14.12,195,800,1.1793,13.979,185.18,774.04,0.26169,0.12873,0.026048,0.23317,0.12422,0.022272,0.21322,0.11735,0.019328,244,241,239,197,192,187,155,156,158,217,220,223,82,86,95,253,248,241,0.53287,0.541,0.54315
1,9.2021e+05,1.254,14.2,195,800,1.1751,14.067,187.36,754.31,0.30794,0.12117,0.028416,0.27732,0.1137,0.02336,0.23861,0.10885,0.020096,240,241,241,208,206,200,167,164,164,196,204,213,123,123,128,255,253,250,0.54673,0.54289,0.5455
1,9.2328e+05,1.347,14.24,195,800,1.279,14.029,0.73059,673.28,0,0,0,0,0,0,0,0,0,237,238,239,202,203,204,167,169,171,211,212,216,153,151,151,244,240,237,0.55619,0.55034,0.54937
1,9.2338e+05,1.347,14.16,195,800,1.2865,13.967,185.22,1005.4,0.37178,0.12522,0.025856,0.34135,0.11838,0.021888,0.24943,0.11472,0.017984,235,236,238,188,188,188,162,165,166,197,204,213,95,101,110,255,252,244,0.54265,0.54137,0.54232
1,9.2348e+05,1.347,14.08,195,800,1.2759,13.894,186.88,1385.1,0.22362,0.1483,0.025856,0.21501,0.14276,0.023808,0.20578,0.13376,0.02144,238,236,237,181,181,182,156,161,164,221,221,222,83,87,95,247,241,233,0.54326,0.54208,0.54148
1,9.2358e+05,1.347,14,195,800,1.2822,13.828,184.93,610.29,0.30547,0.15841,0.037696,0.29047,0.14943,0.03392,0.27445,0.14287,0.030144,236,238,239,168,173,179,159,161,165,255,252,246,87,88,91,186,188,190,0.54738,0.54236,0.54204
1,9.2368e+05,1.347,13.92,195,800,1.2737,13.737,186.8,1082.5,0.39262,0.14185,0.042944,0.37413,0.13058,0.036992,0.35318,0.12221,0.032064,247,244,242,184,185,186,177,176,175,255,255,255,101,101,100,136,139,145,0.55196,0.5412,0.54063
1,9.2378e+05,1.347,13.84,195,800,1.278,13.652,185.85,864.83,0.38175,0.14559,0.042496,0.32421,0.13611,0.033728,0.29397,0.12414,0.027648,243,244,244,192,194,192,180,184,183,255,255,255,102,103,103,126,128,130,0.54792,0.54131,0.54076
1,9.2388e+05,1.347,13.76,195,800,1.2854,13.595,187.56,883.52,0.38592,0.12114,0.035264,0.33429,0.11065,0.0272,0.27354,0.10183,0.0208,244,243,244,208,200,194,209,199,190,255,255,255,98,100,103,121,116,113,0.54298,0.53926,0.53997
1,9.2398e+05,1.347,13.68,195,800,1.2663,13.509,187.96,1051.9,0.35143,0.16569,0.039616,0.32757,0.1213,0.029376,0.26087,0.11421,0.022656,239,242,243,199,196,196,202,196,189,255,255,255,97,99,103,110,109,108,0.54486,0.54125,0.54148
1,9.2408e+05,1.347,13.6,195,800,1.2875,13.432,185.86,1047.3,0.35145,0.13099,0.035008,0.28331,0.12281,0.026944,0.26092,0.11752,0.023552,247,245,243,203,205,203,172,177,181,255,255,255,102,101,103,100,98,97,0.54144,0.54455,0.54221
1,9.2418e+05,1.347,13.52,195,800,1.2769,13.357,185.8,1002,0.42149,0.13252,0.042112,0.38853,0.12227,0.035392,0.35623,0.11694,0.0304,249,246,243,220,216,208,169,173,175,254,254,252,101,105,110,94,93,94,0.54898,0.54639,0.54405
1,9.2428e+05,1.347,13.44,195,800,1.2801,13.258,186.93,932.41,0.3074,0.11918,0.027328,0.25985,0.11349,0.021696,0.21733,0.11033,0.01824,244,245,243,209,208,205,171,174,174,251,250,247,109,113,115,94,95,96,0.53868,0.53905,0.54228
1,9.2438e+05,1.347,13.36,195,800,1.278,13.193,186.32,760.68,0.33386,0.12236,0.03136,0.29759,0.1159,0.026496,0.27129,0.1074,0.022272,240,239,238,178,184,191,169,170,172,228,230,228,124,124,118,109,107,105,0.54185,0.542,0.54182
1,9.2448e+05,1.347,13.28,195,800,1.2716,13.131,187.44,592.33,0.26595,0.1278,0.026176,0.23274,0.12041,0.021632,0.21398,0.11589,0.0192,232,234,236,170,181,191,159,168,172,210,214,216,116,118,115,116,112,109,0.53161,0.53989,0.54179
1,9.2458e+05,1.347,13.2,195,800,1.2844,13.026,185.92,731.76,0.3465,0.11912,0.03008,0.28028,0.11328,0.023232,0.24713,0.10926,0.019968,232,237,239,214,208,202,171,172,170,182,189,191,104,103,98,120,117,116,0.55609,0.54477,0.5439
1,9.2468e+05,1.347,13.12,195,800,1.278,12.956,185.91,836.92,0.33954,0.11885,0.029568,0.29337,0.11194,0.024128,0.25309,0.10862,0.019968,251,249,246,208,213,210,169,169,168,165,169,171,84,80,77,119,119,120,0.53333,0.53881,0.53985
1,9.2478e+05,1.347,13.04,195,800,1.2684,12.877,185.78,676.36,0.27994,0.12526,0.026496,0.25182,0.11941,0.023232,0.22816,0.11397,0.020032,249,248,247,197,203,206,169,166,167,155,160,163,63,66,68,121,121,122,0.535,0.54264,0.54205
1,9.2488e+05,1.347,12.96,195,800,1.2769,12.8,186.51,645.54,0.21426,0.12627,0.021184,0.20029,0.12191,0.0192,0.18787,0.11724,0.017216,245,246,247,198,197,199,166,168,167,149,151,152,52,52,53,127,127,127,0.527,0.53813,0.54053
1,9.2498e+05,1.347,12.88,195,800,1.2907,12.705,186.39,1045,0.25749,0.12102,0.023168,0.21214,0.11469,0.018496,0.18634,0.10937,0.01536,248,246,247,207,202,200,165,167,167,147,149,149,47,49,51,132,129,127,0.5584,0.54705,0.54334
1,9.2508e+05,1.347,12.8,195,800,1.2599,12.643,185.69,1040.4,0.29687,0.13667,0.030464,0.26271,0.12964,0.025536,0.23882,0.12183,0.021824,247,248,248,220,217,209,161,165,168,143,146,147,50,54,56,128,127,125,0.53636,0.54166,0.54096
1,9.2518e+05,1.347,12.72,195,800,1.2695,12.572,185.28,648.03,0.29904,0.12785,0.029504,0.27239,0.1225,0.025408,0.25288,0.11681,0.022528,248,249,249,209,206,200,165,168,171,143,146,150,78,69,62,118,118,119,0.55384,0.5477,0.54577
1,9.2528e+05,1.347,12.64,195,800,1.295,12.483,186.49,987.65,0.30772,0.11403,0.02624,0.2728,0.10738,0.021952,0.24812,0.10282,0.018752,248,249,248,180,188,192,166,171,173,147,150,154,69,66,63,112,114,116,0.54254,0.54195,0.5429
1,9.2538e+05,1.347,12.56,195,800,1.278,12.405,184.4,966.38,0.30066,0.12641,0.028096,0.25506,0.12257,0.023936,0.23403,0.11838,0.021376,248,247,247,172,171,176,183,177,172,163,163,165,57,58,59,109,109,109,0.53223,0.53941,0.54344
1,9.2548e+05,1.347,12.48,195,800,1.2759,12.335,186.69,813.81,0.33138,0.12429,0.03072,0.28925,0.12065,0.026048,0.26274,0.11301,0.022336,245,246,246,177,175,178,175,173,170,170,171,172,57,58,59,107,106,106,0.55138,0.54921,0.54516
1,9.2558e+05,1.347,12.4,195,800,1.2737,12.251,185.43,528.62,0.33404,0.12685,0.031808,0.3045,0.11747,0.02656,0.26459,0.11488,0.023104,249,248,248,194,197,195,168,168,168,188,188,189,60,61,61,97,99,99,0.53661,0.54482,0.54505
1,9.2568e+05,1.347,12.32,195,800,1.2706,12.161,186.45,647.23,0.32816,0.11765,0.028736,0.29059,0.11124,0.02368,0.2578,0.10366,0.019776,254,251,248,213,211,206,174,173,171,212,205,202,61,63,64,89,90,92,0.53441,0.54159,0.54252
1,9.2578e+05,1.347,12.24,195,800,1.2822,12.095,185.47,636.83,0.32867,0.11876,0.028032,0.26452,0.11598,0.022336,0.23202,0.10828,0.018432,252,249,247,210,208,207,170,174,175,210,209,207,63,64,65,84,87,89,0.54264,0.54556,0.54435
1,9.2588e+05,1.347,12.16,195,800,1.2748,12.025,187.42,1113.2,0.30936,0.12041,0.027072,0.25435,0.11535,0.021952,0.21802,0.11419,0.018752,242,243,244,209,206,204,186,181,177,212,209,208,64,65,65,84,84,84,0.5435,0.54445,0.54328
1,9.2598e+05,1.347,12.08,195,800,1.278,11.937,186.16,553.29,0.28296,0.1218,0.025984,0.25237,0.11509,0.02176,0.22571,0.11036,0.018944,244,243,244,207,206,202,182,179,178,207,206,207,65,64,65,81,82,83,0.54865,0.54365,0.54211
1,9.2608e+05,1.347,12,195,800,1.279,11.846,187.41,707.69,0.27314,0.12875,0.026624,0.24377,0.12282,0.022848,0.22085,0.11606,0.020096,247,247,247,198,197,198,175,174,176,201,200,202,60,62,65,77,79,81,0.52984,0.54126,0.54566
1,9.2618e+05,1.347,11.92,195,800,1.2865,11.765,188.27,1141,0.31106,0.12483,0.02752,0.26109,0.12023,0.022656,0.22919,0.11485,0.019328,251,249,248,181,186,190,173,175,176,197,197,198,63,64,65,82,83,84,0.55117,0.54344,0.54319
1,9.2628e+05,1.347,11.84,195,800,1.2727,11.691,186.26,737.93,0.27709,0.12252,0.02496,0.24954,0.11829,0.02208,0.23708,0.11281,0.01952,250,248,248,179,182,188,178,175,176,198,195,196,65,64,65,85,85,86,0.54796,0.54594,0.54454
1,9.2638e+05,1.347,11.76,195,800,1.2737,11.612,187.52,869.26,0.27564,0.12826,0.026304,0.2441,0.11681,0.02144,0.21073,0.11341,0.017792,250,248,248,181,182,188,174,172,174,197,196,196,63,64,66,89,89,92,0.54763,0.54242,0.54104
1,9.2648e+05,1.347,11.68,195,800,1.278,11.524,187.65,750.21,0.28735,0.11872,0.024256,0.23869,0.11304,0.01952,0.20054,0.10779,0.016192,253,250,250,180,188,194,167,170,172,204,199,193,66,67,69,92,94,98,0.53838,0.54078,0.54408
1,9.2658e+05,1.347,11.6,195,800,1.2833,11.46,186.63,714.8,0.29796,0.12718,0.026688,0.24975,0.12136,0.022272,0.22105,0.11858,0.019328,255,254,253,230,216,209,166,164,166,185,180,179,85,82,80,112,114,119,0.54357,0.54969,0.55031
1,9.2668e+05,1.347,11.52,195,800,1.2769,11.375,188.15,1190.9,0.27464,0.11384,0.021952,0.23643,0.10665,0.017664,0.19808,0.10551,0.014976,254,254,253,221,214,210,158,161,167,147,152,158,104,96,88,146,145,148,0.54079,0.54825,0.55014
1,9.2678e+05,1.347,11.44,195,800,1.2844,11.279,187.29,860.87,0.29381,0.12339,0.026816,0.25081,0.1205,0.022592,0.22804,0.11596,0.019712,255,254,254,199,204,207,167,167,169,146,147,149,105,94,86,157,163,167,0.55942,0.55666,0.55669
1,9.2688e+05,1.347,11.36,195,800,1.2865,11.218,186.31,677.08,0.28626,0.12069,0.02496,0.24717,0.11611,0.020928,0.21282,0.11245,0.017856,255,255,254,216,210,209,177,174,172,130,131,134,73,72,73,204,202,200,0.54886,0.5527,0.55564
1,9.2698e+05,1.347,11.28,195,800,1.2727,11.144,186.75,571.55,0.26198,0.13375,0.026816,0.24255,0.12233,0.022592,0.22066,0.1145,0.019904,255,255,254,224,222,216,168,170,171,117,122,129,62,63,66,215,214,210,0.55437,0.55804,0.55936
1,9.2708e+05,1.347,11.2,195,800,1.2631,11.079,187.28,690.4,0.24471,0.12243,0.02208,0.21004,0.11749,0.018496,0.19113,0.11097,0.016128,254,252,250,232,220,207,167,165,167,118,125,134,61,61,65,210,209,207,0.57392,0.56912,0.5678
1,9.2718e+05,1.347,11.12,195,800,1.2748,10.989,187.51,894.03,0.24495,0.13731,0.026368,0.22267,0.12856,0.022272,0.20473,0.12454,0.019968,238,240,241,153,166,181,163,166,169,156,158,165,81,90,104,175,176,180,0.56919,0.5754,0.57513
1,9.2728e+05,1.347,11.04,195,800,1.2759,10.92,187.32,954.8,0.27043,0.12572,0.025664,0.24521,0.11886,0.022336,0.22303,0.11561,0.01952,231,234,237,145,159,170,168,170,171,173,182,183,126,134,131,154,160,168,0.58808,0.58544,0.57148
1,9.3035e+05,1.44,11,195,800,1.3618,10.935,0.50879,822.24,0,0,0,0,0,0,0,0,0,235,237,239,198,184,177,175,178,177,247,233,220,224,197,180,153,154,158,0.53099,0.52667,0.52697
1,9.3045e+05,1.44,11.08,195,800,1.382,10.984,186.89,672.14,0.19996,0.12328,0.018816,0.17814,0.11677,0.016128,0.16562,0.11261,0.014528,242,242,243,158,170,186,172,171,171,185,185,184,96,103,118,166,171,178,0.58548,0.58358,0.58332
1,9.3055e+05,1.44,11.16,195,800,1.366,11.07,186.43,894.19,0.28634,0.11954,0.02464,0.27979,0.10952,0.021056,0.25435,0.10654,0.017536,249,247,246,185,190,194,163,166,168,156,159,162,75,77,85,190,191,191,0.57632,0.57367,0.57086
1,9.3065e+05,1.44,11.24,195,800,1.3745,11.137,187.08,600.52,0.2733,0.14378,0.030016,0.26026,0.13114,0.026304,0.2524,0.12265,0.023552,252,252,251,230,225,217,166,168,171,126,129,136,61,61,65,218,213,208,0.55734,0.5599,0.56116
1,9.3075e+05,1.44,11.32,195,800,1.3745,11.222,186.15,587.71,0.3312,0.12102,0.02848,0.28184,0.11679,0.023488,0.25054,0.11153,0.019712,254,253,251,220,220,217,175,176,175,125,129,134,60,62,67,211,211,205,0.54595,0.55232,0.55532
1,9.3085e+05,1.44,11.4,195,800,1.365,11.287,184.59,548.41,0.3049,0.11823,0.026176,0.25185,0.1112,0.020352,0.2182,0.10566,0.017024,249,250,251,196,199,206,188,183,176,153,148,144,84,84,83,191,184,178,0.55359,0.55727,0.55516
1,9.3095e+05,1.44,11.48,195,800,1.3714,11.378,184.86,836.4,0.30379,0.13406,0.0304,0.26693,0.12757,0.025856,0.24511,0.12299,0.02272,251,251,251,209,211,211,160,164,168,163,161,161,105,99,91,139,139,142,0.54684,0.55164,0.55242
1,9.3105e+05,1.44,11.56,195,800,1.3745,11.437,185.66,907.87,0.38875,0.12686,0.034944,0.31592,0.12147,0.027072,0.24271,0.11771,0.021184,253,252,252,225,220,213,157,159,165,166,169,171,90,90,88,121,123,126,0.54355,0.5474,0.54923
1,9.3115e+05,1.44,11.64,195,800,1.3682,11.527,185.76,916.76,0.38128,0.12641,0.035392,0.3377,0.11618,0.0288,0.30838,0.10778,0.024512,250,250,249,208,208,206,166,166,167,189,190,189,68,69,73,104,103,105,0.54684,0.54896,0.54671
1,9.3125e+05,1.44,11.72,195,800,1.3851,11.579,185.36,453.4,0.31726,0.11547,0.026624,0.28546,0.10663,0.022272,0.25754,0.1031,0.018624,245,245,247,199,195,198,172,171,172,199,198,196,65,66,69,99,98,99,0.54542,0.54361,0.54376
1,9.3135e+05,1.44,11.8,195,800,1.3745,11.677,186.23,556.69,0.2967,0.1199,0.024704,0.2575,0.11597,0.02016,0.22309,0.10894,0.016768,237,240,244,186,192,193,186,178,174,200,204,205,74,69,67,93,91,90,0.52971,0.53904,0.54098
1,9.3145e+05,1.44,11.88,195,800,1.3767,11.761,185.42,769.09,0.34545,0.12126,0.0288,0.30493,0.11179,0.023552,0.26428,0.11021,0.020224,246,244,244,197,200,197,170,172,175,204,207,208,70,68,67,84,84,84,0.55344,0.54574,0.54435
1,9.3155e+05,1.44,11.96,195,800,1.3724,11.842,186.84,749.47,0.3446,0.12731,0.030592,0.28665,0.12125,0.026112,0.27339,0.11463,0.02336,245,245,245,192,195,197,176,174,174,203,207,209,69,67,66,80,80,82,0.54418,0.54445,0.54351
1,9.3165e+05,1.44,12.04,195,800,1.3735,11.927,186.59,644.64,0.26235,0.12451,0.024768,0.23915,0.11877,0.021632,0.22195,0.11343,0.019136,242,243,243,183,187,193,180,179,178,205,209,213,66,66,65,79,80,82,0.54338,0.54409,0.54371
1,9.3175e+05,1.44,12.12,195,800,1.3714,11.999,187.9,979.41,0.32132,0.12483,0.02944,0.27469,0.12,0.024704,0.25778,0.11257,0.021376,241,241,242,184,189,195,181,181,180,210,213,215,67,66,66,82,82,83,0.54907,0.54334,0.54193
1,9.3185e+05,1.44,12.2,195,800,1.3724,12.081,188.53,1119.6,0.28219,0.12756,0.027264,0.25535,0.11867,0.02304,0.23395,0.11061,0.01984,238,241,244,196,199,204,181,179,179,214,216,216,69,68,67,86,86,87,0.53739,0.54214,0.54342
1,9.3195e+05,1.44,12.28,195,800,1.3788,12.156,187.26,898.36,0.34204,0.12225,0.030656,0.29669,0.11607,0.025408,0.26703,0.10923,0.021824,250,247,246,205,210,208,167,170,173,204,206,208,72,70,67,90,91,92,0.55782,0.5511,0.5452
1,9.3205e+05,1.44,12.36,195,800,1.3756,12.225,186.82,744.33,0.28639,0.1323,0.027904,0.25675,0.12817,0.024256,0.23547,0.12144,0.021504,248,248,247,220,207,202,165,166,169,195,199,201,75,69,65,97,96,97,0.54173,0.54564,0.54364
1,9.3215e+05,1.44,12.44,195,800,1.3841,12.307,186.47,666.45,0.38133,0.13233,0.03744,0.32428,0.12586,0.03008,0.2764,0.12151,0.02528,244,246,248,169,178,187,158,162,168,188,186,186,61,62,62,108,107,106,0.54206,0.54234,0.54237
1,9.3225e+05,1.44,12.52,195,800,1.3767,12.381,186.59,610.95,0.31721,0.12766,0.02944,0.27526,0.1198,0.025152,0.25717,0.1134,0.02176,250,249,249,168,173,182,167,168,170,184,181,178,59,60,62,112,112,110,0.54275,0.54014,0.54229
1,9.3235e+05,1.44,12.6,195,800,1.3692,12.486,185.61,976.17,0.30133,0.12205,0.026944,0.25452,0.11103,0.021184,0.22402,0.10994,0.018368,254,253,251,189,189,192,179,178,176,163,164,164,68,68,68,115,114,114,0.54191,0.54093,0.54254
1,9.3245e+05,1.44,12.68,195,800,1.3629,12.564,186.25,810.09,0.30001,0.12931,0.029312,0.26953,0.12141,0.025088,0.25276,0.11429,0.02208,251,251,251,213,210,206,182,179,177,153,152,153,75,73,69,118,117,118,0.54294,0.54597,0.54248
1,9.3255e+05,1.44,12.76,195,800,1.366,12.619,187.31,776.44,0.28858,0.12741,0.025408,0.24105,0.12125,0.020928,0.20506,0.11915,0.018176,250,250,249,215,212,207,180,177,174,148,148,149,66,66,65,120,120,121,0.55004,0.54084,0.54194
1,9.3265e+05,1.44,12.84,195,800,1.3618,12.725,185.97,684.19,0.27789,0.1297,0.027328,0.2483,0.12188,0.023232,0.22863,0.11655,0.020416,246,246,246,195,197,199,167,169,171,144,144,145,49,50,54,127,127,127,0.53911,0.5404,0.54186
1,9.3275e+05,1.44,12.92,195,800,1.3798,12.784,186.34,892.03,0.30357,0.13083,0.028224,0.24057,0.12684,0.0224,0.20073,0.12387,0.018944,241,244,246,189,193,197,172,170,170,145,145,145,50,50,51,128,129,128,0.53064,0.53696,0.54174
1,9.3285e+05,1.44,13,195,800,1.3692,12.87,186.62,649.77,0.30017,0.12066,0.026752,0.27172,0.11671,0.023104,0.24792,0.10802,0.020032,250,248,247,215,211,206,175,173,171,151,150,151,56,57,59,129,130,130,0.53601,0.53899,0.53764
1,9.3295e+05,1.44,13.08,195,800,1.365,12.956,187.55,1069.7,0.27591,0.12112,0.025344,0.25545,0.11481,0.022144,0.24149,0.10797,0.019392,249,247,243,244,231,214,168,171,173,166,166,166,78,79,76,134,131,127,0.54021,0.54204,0.54233
1,9.3305e+05,1.44,13.16,195,800,1.3735,13.027,186.25,669.13,0.2654,0.13153,0.026944,0.24933,0.12459,0.023936,0.23311,0.12089,0.021504,241,240,239,232,221,209,172,173,173,181,179,178,99,93,85,126,126,124,0.5485,0.54722,0.54572
1,9.3315e+05,1.44,13.24,195,800,1.3926,13.087,187.48,632.58,0.30504,0.12887,0.028672,0.26003,0.11937,0.023104,0.22908,0.11516,0.020032,230,232,236,176,186,195,181,176,174,213,209,204,114,103,96,109,112,113,0.53847,0.54098,0.54177
1,9.3325e+05,1.44,13.32,195,800,1.3745,13.18,186.61,706.03,0.25778,0.12312,0.024192,0.2342,0.11589,0.020416,0.20254,0.11195,0.017536,239,237,236,182,184,191,175,175,175,227,224,218,100,98,97,102,105,108,0.5285,0.53368,0.53914
1,9.3335e+05,1.44,13.4,195,800,1.3554,13.274,186.9,1128.3,0.26163,0.13451,0.026944,0.24337,0.12647,0.023424,0.22599,0.12016,0.02048,239,240,240,202,202,201,178,176,174,254,248,241,92,94,100,93,95,98,0.54509,0.54189,0.54213
1,9.3345e+05,1.44,13.48,195,800,1.3703,13.347,187.09,944.98,0.28922,0.12007,0.025408,0.26491,0.11301,0.022144,0.24394,0.10743,0.019328,236,238,242,225,217,206,169,170,173,255,255,252,102,103,102,86,90,94,0.53184,0.53589,0.53899
1,9.3355e+05,1.44,13.56,195,800,1.3682,13.412,186.12,645.19,0.26524,0.13238,0.026944,0.24871,0.12444,0.023616,0.23013,0.11895,0.021248,239,240,242,222,212,203,165,169,174,255,255,254,101,101,102,89,91,94,0.5308,0.53966,0.53966
1,9.3365e+05,1.44,13.64,195,800,1.3968,13.476,188.46,904.82,0.27822,0.13298,0.02848,0.24871,0.12648,0.024192,0.22634,0.12083,0.021376,244,244,245,174,184,194,181,180,181,255,255,255,97,100,103,98,99,101,0.55276,0.54271,0.54066
1,9.3375e+05,1.44,13.72,195,800,1.3692,13.579,185.6,671.46,0.33014,0.12599,0.029824,0.29022,0.11861,0.024448,0.24265,0.11484,0.020672,248,246,245,174,183,192,187,186,184,255,255,255,103,104,103,104,104,105,0.52946,0.53928,0.53956
1,9.3385e+05,1.44,13.8,195,800,1.365,13.676,186.82,1125.6,0.27079,0.14229,0.02784,0.23879,0.13809,0.02432,0.22055,0.13086,0.021568,243,245,245,193,195,195,185,185,183,255,255,255,111,108,104,112,114,116,0.53733,0.54263,0.54097
1,9.3395e+05,1.44,13.88,195,800,1.366,13.751,187.74,923.41,0.32137,0.13178,0.031872,0.29927,0.12344,0.027456,0.27914,0.12027,0.024832,242,243,243,203,197,192,175,173,170,255,255,255,101,100,98,127,130,137,0.53007,0.5356,0.54007
1,9.3405e+05,1.44,13.96,195,800,1.3788,13.815,187,968.1,0.28879,0.12257,0.027072,0.26553,0.11863,0.023808,0.24772,0.11606,0.021504,241,242,242,197,191,188,164,163,164,255,255,252,96,94,93,143,148,156,0.53337,0.5372,0.53971
1,9.3415e+05,1.44,14.04,195,800,1.3724,13.899,186.75,975.85,0.3054,0.11922,0.027584,0.27683,0.11632,0.023936,0.2487,0.11298,0.021184,235,237,239,170,176,180,159,162,164,245,239,233,82,84,89,207,207,205,0.54932,0.54181,0.53984
1,9.3425e+05,1.44,14.12,195,800,1.3629,13.972,188.69,1111.9,0.33175,0.12105,0.029568,0.28636,0.11654,0.02496,0.24848,0.11074,0.020608,232,235,238,176,175,179,186,175,166,218,219,221,83,89,98,235,234,227,0.54295,0.54516,0.54329
1,9.3435e+05,1.44,14.2,195,800,1.3756,14.041,186.71,994.43,0.31419,0.1161,0.026624,0.25246,0.113,0.02144,0.21156,0.11014,0.017856,240,241,241,178,187,194,182,179,173,192,200,210,145,142,135,254,250,243,0.54154,0.54568,0.54636
1,9.3742e+05,1.533,14.24,195,800,1.4477,14.039,-0.28901,540.44,0,0,0,0,0,0,0,0,0,248,247,246,204,202,203,169,172,174,221,218,216,168,159,149,246,240,232,0.55549,0.55178,0.5519
1,9.3752e+05,1.533,14.16,195,800,1.4541,13.966,187.23,674.94,0.18191,0.12826,0.017984,0.16573,0.12026,0.01568,0.15447,0.11823,0.014336,242,242,244,171,178,185,168,168,167,194,201,212,104,108,113,253,244,231,0.53208,0.53658,0.54153
1,9.3762e+05,1.533,14.08,195,800,1.4806,13.875,186.48,934.55,0.2081,0.14735,0.023936,0.19684,0.14149,0.021696,0.18992,0.13398,0.019968,244,243,243,181,181,182,163,163,163,208,212,218,84,89,97,237,227,217,0.54624,0.54218,0.54146
1,9.3772e+05,1.533,14,195,800,1.4594,13.817,186.58,763.02,0.29415,0.15507,0.035456,0.28354,0.14245,0.03136,0.27324,0.13434,0.028544,248,247,246,193,191,189,146,151,159,251,246,241,83,84,86,169,171,172,0.53934,0.54048,0.54054
1,9.3782e+05,1.533,13.92,195,800,1.4637,13.74,186.32,888.22,0.37831,0.13692,0.039232,0.35924,0.1254,0.032768,0.29996,0.11715,0.026112,249,248,247,195,197,196,161,164,165,255,255,254,93,94,94,128,128,132,0.54568,0.54082,0.53801
1,9.3792e+05,1.533,13.84,195,800,1.4626,13.667,185.43,568.4,0.5006,0.13165,0.046976,0.44333,0.11231,0.035328,0.37514,0.10202,0.027456,249,247,247,202,199,197,171,171,171,255,255,255,98,99,100,115,116,119,0.55893,0.54561,0.54001
1,9.3802e+05,1.533,13.76,195,800,1.4605,13.579,187.77,737.9,0.38912,0.14326,0.041984,0.32026,0.13739,0.033984,0.29089,0.13031,0.029248,245,246,246,201,196,192,179,178,178,255,255,255,114,110,104,103,103,104,0.54719,0.5402,0.5409
1,9.3812e+05,1.533,13.68,195,800,1.4721,13.508,186.17,593.67,0.3952,0.12193,0.03648,0.30819,0.11024,0.025856,0.25578,0.10557,0.020544,247,247,246,198,190,189,181,180,180,255,255,255,114,108,104,100,99,99,0.54385,0.5458,0.54359
1,9.3822e+05,1.533,13.6,195,800,1.4679,13.419,187.13,639.53,0.35989,0.13213,0.035904,0.30472,0.1249,0.0288,0.26947,0.1203,0.024896,246,245,244,174,183,191,182,180,179,255,255,254,98,100,102,93,93,95,0.52865,0.54308,0.54154
1,9.3832e+05,1.533,13.52,195,800,1.4828,13.323,187.21,981.47,0.39672,0.13385,0.040448,0.37054,0.11975,0.033408,0.33807,0.1096,0.027712,244,243,242,200,201,202,180,178,177,254,251,248,116,106,98,97,96,97,0.54695,0.54118,0.53827
1,9.3842e+05,1.533,13.44,195,800,1.4838,13.258,186.83,866.08,0.33746,0.11756,0.027008,0.25526,0.11615,0.021312,0.21442,0.11334,0.017856,243,242,243,209,208,206,178,178,177,246,244,242,110,101,94,102,100,100,0.54422,0.54468,0.54144
1,9.3852e+05,1.533,13.36,195,800,1.4679,13.191,187.56,777.07,0.33652,0.1202,0.029184,0.23625,0.11977,0.021888,0.21976,0.11501,0.01984,245,243,241,210,203,198,182,179,177,219,223,224,76,80,85,104,105,105,0.5273,0.54058,0.54024
1,9.3862e+05,1.533,13.28,195,800,1.4626,13.121,186.08,917.77,0.34525,0.11215,0.027648,0.29005,0.10373,0.02176,0.2503,0.10128,0.017984,241,239,238,194,191,192,181,178,177,213,213,213,74,77,81,104,107,109,0.52201,0.53555,0.53848
1,9.3872e+05,1.533,13.2,195,800,1.4467,13.055,187.7,812.66,0.32299,0.11551,0.026496,0.27974,0.1094,0.022208,0.25123,0.10419,0.0192,225,231,237,181,187,196,175,176,177,185,187,187,69,73,76,119,118,119,0.54008,0.5432,0.54143
1,9.3882e+05,1.533,13.12,195,800,1.4658,12.962,186.25,877.66,0.25019,0.12525,0.024384,0.21689,0.12105,0.020352,0.19712,0.11282,0.017472,246,244,243,218,213,206,180,179,178,159,161,164,62,64,68,143,135,130,0.53732,0.53934,0.53953
1,9.3892e+05,1.533,13.04,195,800,1.4637,12.878,186.91,815.26,0.26806,0.1222,0.025408,0.25247,0.11606,0.022592,0.23458,0.11101,0.020096,250,248,247,208,208,206,181,179,177,150,152,155,60,60,63,137,136,133,0.5376,0.53986,0.54143
1,9.3902e+05,1.533,12.96,195,800,1.4594,12.795,185.32,846.32,0.34912,0.12714,0.033856,0.32726,0.11837,0.029568,0.30074,0.10998,0.024832,243,245,247,175,182,192,168,172,175,141,143,146,53,53,55,132,133,134,0.55066,0.54135,0.54032
1,9.3912e+05,1.533,12.88,195,800,1.4764,12.703,185.38,913.19,0.31914,0.13615,0.03296,0.28184,0.13021,0.02816,0.25409,0.12308,0.024384,241,244,246,172,178,187,165,170,175,141,143,145,50,51,53,133,133,132,0.53391,0.53808,0.54225
1,9.3922e+05,1.533,12.8,195,800,1.4711,12.635,186.14,1014.2,0.41344,0.12391,0.032576,0.2502,0.12713,0.023808,0.21816,0.1245,0.020736,250,247,246,190,192,196,182,182,180,148,149,150,52,56,59,127,126,127,0.55819,0.54125,0.54178
1,9.3932e+05,1.533,12.72,195,800,1.4679,12.567,186.05,782.75,0.30689,0.13712,0.029632,0.25815,0.13136,0.024192,0.22846,0.12546,0.020352,248,250,250,223,218,209,191,188,183,163,162,160,85,77,68,115,117,120,0.54833,0.54346,0.53957
1,9.3942e+05,1.533,12.64,195,800,1.469,12.481,186.43,1023,0.36959,0.11785,0.026432,0.24323,0.11743,0.020032,0.20698,0.11387,0.017472,253,252,251,228,220,209,184,184,181,166,166,166,88,78,69,114,116,117,0.54806,0.54506,0.54081
1,9.3952e+05,1.533,12.56,195,800,1.4573,12.4,185.36,718.93,0.34815,0.11934,0.029696,0.30092,0.11449,0.024256,0.25101,0.11177,0.020224,252,252,251,192,194,197,171,172,173,175,176,177,61,63,65,118,116,114,0.54616,0.53969,0.54154
1,9.3962e+05,1.533,12.48,195,800,1.4658,12.337,187.05,707.36,0.32064,0.11886,0.027392,0.25748,0.11389,0.021952,0.22185,0.10995,0.018432,249,250,250,179,185,192,164,168,171,184,184,183,57,59,62,115,114,112,0.54188,0.54038,0.54079
1,9.3972e+05,1.533,12.4,195,800,1.4679,12.253,187.7,546.18,0.26522,0.12331,0.024128,0.22554,0.11882,0.02048,0.21089,0.11096,0.018176,250,248,248,197,196,198,169,169,170,203,201,198,62,63,64,105,104,103,0.53603,0.54079,0.54243
1,9.3982e+05,1.533,12.32,195,800,1.4902,12.147,186.51,878.12,0.29715,0.12903,0.02912,0.25993,0.12285,0.024576,0.2397,0.11433,0.021184,248,246,246,236,221,211,185,180,176,221,216,211,67,68,68,96,95,95,0.54271,0.54186,0.54382
1,9.3992e+05,1.533,12.24,195,800,1.4679,12.071,187.36,1234.8,0.3738,0.12115,0.032512,0.3132,0.11427,0.026368,0.27264,0.11255,0.022016,243,245,245,227,222,212,189,185,179,225,222,217,69,69,69,90,91,92,0.55066,0.54352,0.5431
1,9.4002e+05,1.533,12.16,195,800,1.4732,11.986,186.02,1266.8,0.2679,0.11311,0.021696,0.21335,0.1088,0.017408,0.19652,0.10236,0.015168,246,245,244,205,203,202,183,182,180,236,229,221,68,68,68,88,89,88,0.54247,0.5406,0.542
1,9.4012e+05,1.533,12.08,195,800,1.4679,11.936,185.98,1047.7,0.34492,0.13284,0.030912,0.29614,0.12603,0.02528,0.247,0.12432,0.021248,247,246,244,189,194,198,178,178,178,234,228,220,66,67,68,89,88,88,0.53949,0.53709,0.53987
1,9.4022e+05,1.533,12,195,800,1.4615,11.857,185.4,1029,0.28935,0.15335,0.031616,0.25205,0.14778,0.026944,0.22375,0.14461,0.02304,238,242,245,191,194,199,172,174,174,224,221,216,65,66,66,87,88,88,0.54998,0.54352,0.54296
1,9.4032e+05,1.533,11.92,195,800,1.4775,11.765,186.41,1361.2,0.33151,0.11327,0.024384,0.24142,0.10847,0.01824,0.19114,0.10642,0.01536,246,245,245,237,222,204,168,172,175,231,221,212,66,67,67,85,89,92,0.53963,0.54248,0.54294
1,9.4042e+05,1.533,11.84,195,800,1.4509,11.715,185.25,816,0.26029,0.12415,0.024128,0.22351,0.11866,0.020096,0.19472,0.11535,0.017344,245,245,245,240,218,203,170,176,176,225,219,210,68,68,67,88,93,94,0.54666,0.53764,0.54007
1,9.4052e+05,1.533,11.76,195,800,1.4743,11.608,186.17,696.1,0.33496,0.12879,0.031744,0.29372,0.12064,0.026304,0.25158,0.11856,0.022336,235,243,246,170,184,197,177,180,176,205,203,200,61,65,67,98,100,100,0.54703,0.54315,0.54241
1,9.4062e+05,1.533,11.68,195,800,1.4562,11.538,186.18,815.94,0.30112,0.12128,0.026432,0.25534,0.1135,0.021248,0.21883,0.10961,0.018112,245,246,248,176,188,198,177,176,174,198,194,193,62,64,69,98,102,103,0.54102,0.54144,0.54434
1,9.4072e+05,1.533,11.6,195,800,1.4721,11.445,186.47,911.97,0.26052,0.1171,0.021824,0.23498,0.10922,0.018176,0.21078,0.1044,0.015744,254,253,252,232,220,209,166,166,166,181,180,178,72,75,79,109,111,113,0.54702,0.5465,0.5454
1,9.4082e+05,1.533,11.52,195,800,1.4743,11.371,184.54,1148.5,0.19909,0.1215,0.017856,0.16805,0.11517,0.015168,0.15685,0.1109,0.013568,250,251,251,203,203,205,165,168,170,164,164,162,95,93,89,134,137,141,0.54609,0.54831,0.54875
1,9.4092e+05,1.533,11.44,195,800,1.4711,11.312,186.68,893.76,0.32435,0.12147,0.02816,0.26904,0.11778,0.023808,0.23939,0.11341,0.020288,248,248,250,173,189,201,177,177,175,153,153,153,93,91,87,157,158,158,0.54555,0.5515,0.55276
1,9.4102e+05,1.533,11.36,195,800,1.4658,11.214,186.65,726.53,0.26124,0.13766,0.027392,0.2352,0.13193,0.023872,0.21969,0.12743,0.021696,248,248,248,208,204,204,186,184,180,133,136,140,65,69,76,190,192,191,0.55731,0.55615,0.55643
1,9.4112e+05,1.533,11.28,195,800,1.4562,11.14,187.29,896.92,0.31663,0.12945,0.030144,0.2605,0.12424,0.024704,0.2363,0.12032,0.021504,250,248,248,226,221,212,178,178,179,131,134,140,58,62,69,204,206,205,0.55391,0.55759,0.5602
1,9.4122e+05,1.533,11.2,195,800,1.4647,11.068,186.13,999.11,0.29127,0.12044,0.026176,0.25959,0.11517,0.021952,0.22996,0.11043,0.019008,247,248,248,233,221,207,168,170,172,155,156,160,64,67,72,228,219,207,0.55251,0.56328,0.56534
1,9.4132e+05,1.533,11.12,195,800,1.4467,10.991,186.6,900.99,0.28085,0.12268,0.026368,0.24632,0.11864,0.022144,0.21579,0.11455,0.01888,246,245,245,168,176,187,174,174,176,203,203,202,95,106,121,175,180,186,0.57726,0.57568,0.57456
1,9.4142e+05,1.533,11.04,195,800,1.4668,10.937,186.07,677.45,0.29277,0.12266,0.026752,0.26078,0.11783,0.02304,0.23055,0.11322,0.019776,243,243,243,160,171,180,180,181,180,227,227,222,149,159,154,160,164,172,0.59644,0.5884,0.5748
1,9.4449e+05,1.626,11,195,800,1.5687,10.913,0.098305,896.79,0,0,0,0,0,0,0,0,0,240,239,240,177,173,176,201,192,186,252,250,244,216,181,159,162,160,167,0.50644,0.50797,0.51294
1,9.4459e+05,1.626,11.08,195,800,1.574,10.978,187.27,790.23,0.24667,0.1252,0.02112,0.20471,0.11474,0.0176,0.19555,0.10889,0.015744,248,247,245,176,178,187,171,176,179,224,218,212,88,97,109,191,194,194,0.58194,0.58134,0.58178
1,9.4469e+05,1.626,11.16,195,800,1.5464,11.069,186.81,692.72,0.23182,0.11959,0.020928,0.20683,0.11546,0.018048,0.18052,0.10816,0.015296,250,249,247,195,194,194,176,175,176,187,189,191,73,76,83,233,220,206,0.57909,0.57018,0.56882
1,9.4479e+05,1.626,11.24,195,800,1.5592,11.142,188.61,707.4,0.29442,0.12911,0.029312,0.27597,0.12264,0.026176,0.25986,0.11493,0.022656,247,247,248,212,212,208,180,179,177,148,148,154,69,69,73,217,215,209,0.56974,0.55995,0.56141
1,9.4489e+05,1.626,11.32,195,800,1.5623,11.22,187.37,817.49,0.34316,0.12796,0.031232,0.27841,0.12024,0.025024,0.24807,0.11185,0.021312,242,245,247,213,207,205,180,181,179,136,140,146,71,76,81,190,197,199,0.552,0.55492,0.55774
1,9.4499e+05,1.626,11.4,195,800,1.5305,11.312,186.29,949.87,0.35787,0.12227,0.032,0.3264,0.11336,0.027008,0.29498,0.10864,0.023104,248,247,248,176,189,199,187,181,177,139,142,148,103,101,94,183,172,166,0.55397,0.5529,0.55372
1,9.4509e+05,1.626,11.48,195,800,1.5676,11.379,187.58,946.02,0.29953,0.13706,0.030016,0.25702,0.12904,0.024768,0.23278,0.12547,0.021504,252,252,251,217,207,206,166,167,170,162,162,165,87,91,95,132,132,135,0.5556,0.55227,0.55066
1,9.4519e+05,1.626,11.56,195,800,1.5496,11.45,187.04,811.96,0.35431,0.12845,0.033472,0.3218,0.11925,0.027968,0.28128,0.11195,0.023168,255,253,253,214,216,209,161,164,167,170,172,174,84,86,88,114,116,121,0.54457,0.54505,0.54587
1,9.4529e+05,1.626,11.64,195,800,1.5634,11.528,188.1,773.2,0.33228,0.12998,0.032576,0.29046,0.12073,0.026688,0.26373,0.11092,0.022144,254,253,252,192,197,202,164,166,167,178,184,188,83,80,77,103,103,105,0.55143,0.5448,0.54345
1,9.4539e+05,1.626,11.72,195,800,1.5592,11.598,187.26,790,0.30261,0.12658,0.028544,0.27188,0.11781,0.024448,0.24943,0.1137,0.021824,253,251,250,181,188,198,169,169,169,179,188,194,71,73,73,106,103,102,0.5497,0.54209,0.54228
1,9.4549e+05,1.626,11.8,195,800,1.5326,11.702,187.22,865.05,0.26644,0.12697,0.025408,0.23538,0.12109,0.02144,0.21558,0.11466,0.018688,252,250,249,196,199,198,175,174,171,195,201,205,64,64,66,104,100,97,0.53944,0.54126,0.54165
1,9.4559e+05,1.626,11.88,195,800,1.5538,11.767,188.2,961.72,0.31426,0.12655,0.02944,0.26725,0.11935,0.024256,0.23808,0.11379,0.020928,253,251,248,198,203,205,173,173,172,200,210,214,63,64,65,102,97,94,0.54549,0.54152,0.54147
1,9.4569e+05,1.626,11.96,195,800,1.556,11.852,185.68,1020.6,0.31728,0.13158,0.031872,0.28598,0.1225,0.02688,0.25749,0.11951,0.023744,250,249,248,191,200,207,173,171,171,204,211,217,65,64,65,102,96,92,0.5446,0.54324,0.54102
1,9.4579e+05,1.626,12.04,195,800,1.5443,11.933,187.77,694.67,0.35222,0.12455,0.031872,0.28241,0.11906,0.024832,0.24646,0.11004,0.020544,246,246,246,213,205,202,168,170,173,209,216,223,66,65,66,92,91,90,0.54009,0.53942,0.54063
1,9.4589e+05,1.626,12.12,195,800,1.5464,12.001,186.08,950.7,0.28187,0.11973,0.024128,0.23169,0.11522,0.019392,0.20575,0.10948,0.017088,244,245,245,208,206,203,173,171,174,217,220,224,67,67,67,89,89,89,0.54107,0.54158,0.53986
1,9.4599e+05,1.626,12.2,195,800,1.5549,12.091,186.49,889.86,0.25294,0.12338,0.023296,0.21344,0.11906,0.01952,0.19276,0.117,0.017472,244,244,245,212,210,209,177,177,176,217,222,226,73,71,69,90,90,90,0.54275,0.54362,0.54242
1,9.4609e+05,1.626,12.28,195,800,1.5401,12.163,185.04,963.28,0.33509,0.12043,0.027392,0.24816,0.1167,0.021312,0.21575,0.11102,0.017984,250,249,248,218,213,213,172,174,175,213,217,218,70,69,68,93,94,94,0.54463,0.54282,0.54241
1,9.4619e+05,1.626,12.36,195,800,1.5507,12.23,186.42,873.88,0.29125,0.12066,0.026688,0.26535,0.11666,0.02336,0.24655,0.1096,0.020416,254,252,249,198,210,211,171,173,174,208,210,212,64,66,66,96,97,97,0.54906,0.54298,0.54305
1,9.4629e+05,1.626,12.44,195,800,1.5464,12.302,186.03,1183.7,0.3223,0.13351,0.033344,0.28963,0.12477,0.027904,0.26754,0.121,0.025088,247,249,250,200,200,201,174,173,172,189,191,195,59,60,62,104,106,106,0.55172,0.54361,0.54095
1,9.4639e+05,1.626,12.52,195,800,1.5432,12.412,186.7,1189.9,0.33883,0.11993,0.0288,0.26908,0.11443,0.022848,0.228,0.11311,0.019136,247,248,250,195,197,201,172,173,173,182,184,186,58,59,61,112,111,111,0.55036,0.53968,0.54
1,9.4649e+05,1.626,12.6,195,800,1.557,12.469,184.64,754.19,0.2811,0.11904,0.025088,0.24341,0.11535,0.021184,0.22327,0.11085,0.018816,253,252,250,215,213,208,177,176,175,177,176,175,61,62,64,117,117,117,0.53627,0.54092,0.54142
1,9.4659e+05,1.626,12.68,195,800,1.5581,12.553,186.82,703.02,0.2803,0.12613,0.025472,0.24678,0.11985,0.021504,0.21664,0.11337,0.018368,251,250,249,222,216,207,179,180,180,170,166,162,64,64,63,120,121,123,0.55556,0.54218,0.53986
1,9.4669e+05,1.626,12.76,195,800,1.5432,12.644,185.69,662.66,0.36814,0.13987,0.038592,0.32283,0.13385,0.032768,0.28817,0.13016,0.02848,246,247,248,197,200,200,185,184,180,157,157,156,59,60,61,127,128,127,0.53479,0.53502,0.53782
1,9.4679e+05,1.626,12.84,195,800,1.5496,12.716,185.33,824.16,0.34027,0.13361,0.032384,0.28508,0.12939,0.026752,0.25077,0.12353,0.022784,239,243,246,176,179,185,181,179,178,144,145,146,52,54,56,142,140,136,0.54133,0.53962,0.54106
1,9.4689e+05,1.626,12.92,195,800,1.5538,12.788,186.22,1224.7,0.3312,0.12916,0.031808,0.29705,0.12137,0.026624,0.25897,0.11839,0.022784,245,245,246,186,183,183,173,174,176,147,145,145,54,55,58,141,142,139,0.56285,0.54671,0.5417
1,9.4699e+05,1.626,13,195,800,1.5464,12.867,185.69,886.53,0.2715,0.12318,0.024256,0.24588,0.11439,0.0208,0.22663,0.11114,0.01856,254,251,248,192,195,197,187,182,177,146,147,149,62,65,65,142,141,139,0.54524,0.54152,0.54178
1,9.4709e+05,1.626,13.08,195,800,1.5729,12.93,186,607.95,0.25974,0.12616,0.024768,0.22545,0.12242,0.020928,0.20044,0.11595,0.018048,247,246,245,214,206,201,185,183,180,160,159,161,68,68,67,130,132,132,0.53617,0.53515,0.5375
1,9.4719e+05,1.626,13.16,195,800,1.5517,13.03,186.28,650.84,0.25038,0.12607,0.023808,0.2216,0.12225,0.020352,0.20118,0.11774,0.01792,242,241,242,193,197,198,180,180,180,168,168,170,63,65,67,121,124,126,0.54679,0.54046,0.53807
1,9.4729e+05,1.626,13.24,195,800,1.5432,13.087,187.55,557.11,0.26754,0.12551,0.023936,0.22554,0.12159,0.01984,0.19186,0.11502,0.01696,236,240,241,172,182,194,176,179,179,189,189,190,64,65,67,111,114,117,0.54096,0.54118,0.54134
1,9.4739e+05,1.626,13.32,195,800,1.556,13.179,187.24,598.36,0.31584,0.12014,0.027264,0.27882,0.11754,0.023616,0.24916,0.11,0.020096,247,245,243,188,192,196,176,178,179,204,201,201,68,69,71,118,116,114,0.54187,0.53907,0.53857
1,9.4749e+05,1.626,13.4,195,800,1.5507,13.263,186.96,843.13,0.2629,0.12196,0.023744,0.23049,0.11787,0.02048,0.21165,0.11163,0.018048,250,250,246,217,211,204,175,178,179,224,223,224,81,83,84,116,116,111,0.53772,0.53817,0.53989
1,9.4759e+05,1.626,13.48,195,800,1.5496,13.336,185.39,798.82,0.31556,0.12838,0.030016,0.28417,0.12177,0.025664,0.2605,0.11345,0.022016,242,245,246,205,203,199,178,180,181,245,245,242,89,94,94,102,104,103,0.53299,0.53449,0.53724
1,9.4769e+05,1.626,13.56,195,800,1.5814,13.398,187.16,1042.9,0.24435,0.1233,0.021568,0.19991,0.12171,0.018176,0.18203,0.11606,0.01568,242,245,246,195,195,194,181,183,182,253,251,249,91,96,98,97,99,99,0.53323,0.53923,0.5394
1,9.4779e+05,1.626,13.64,195,800,1.5538,13.504,186.95,1128.8,0.32031,0.12326,0.029312,0.29182,0.11712,0.025344,0.26806,0.10849,0.021504,248,246,245,186,187,189,186,184,182,255,255,255,100,101,101,92,94,96,0.53477,0.53661,0.53839
1,9.4789e+05,1.626,13.72,195,800,1.5602,13.576,186.66,831.11,0.32674,0.12888,0.03104,0.28291,0.12356,0.026112,0.25751,0.11911,0.02272,243,245,246,185,188,189,176,179,180,255,255,255,103,104,101,92,94,97,0.52795,0.533,0.53636
1,9.4799e+05,1.626,13.8,195,800,1.5464,13.657,185.99,655.48,0.31832,0.13775,0.033344,0.2915,0.12976,0.028992,0.26689,0.12655,0.026112,247,247,247,203,199,194,172,172,173,255,255,255,98,98,98,103,105,107,0.52924,0.53588,0.53864
1,9.4809e+05,1.626,13.88,195,800,1.5634,13.717,186.5,504.5,0.45654,0.12453,0.039808,0.3594,0.11919,0.030208,0.28892,0.11531,0.024512,252,252,250,196,196,194,166,166,165,255,255,254,89,90,90,125,127,131,0.54286,0.54294,0.53982
1,9.4819e+05,1.626,13.96,195,800,1.5592,13.809,185.87,647.15,0.28546,0.13198,0.028352,0.26297,0.12498,0.024384,0.24833,0.11703,0.021696,252,252,251,186,191,194,161,160,161,254,252,249,85,86,87,141,144,149,0.52311,0.53665,0.5383
1,9.4829e+05,1.626,14.04,195,800,1.5507,13.874,186.75,588.88,0.28866,0.11942,0.026112,0.26254,0.11665,0.023104,0.24793,0.11007,0.020416,252,250,248,195,191,186,150,153,158,231,229,228,80,82,86,183,187,189,0.54247,0.53837,0.53686
1,9.4839e+05,1.626,14.12,195,800,1.5528,13.977,186.47,670.12,0.2935,0.12959,0.028992,0.27368,0.12,0.02496,0.2576,0.11774,0.02304,250,248,247,188,185,183,154,155,158,208,211,217,84,86,93,203,207,207,0.55236,0.54162,0.54098
1,9.4849e+05,1.626,14.2,195,800,1.5581,14.034,186.52,666.82,0.33673,0.12302,0.031104,0.29081,0.11671,0.025024,0.25653,0.11257,0.021632,244,245,246,179,184,192,165,163,164,201,205,211,114,120,125,231,228,223,0.53891,0.54253,0.54567
1,9.5156e+05,1.719,14.24,195,800,1.643,14.029,0.37307,697.14,0,0,0,0,0,0,0,0,0,246,247,247,198,202,204,163,164,166,214,214,216,146,145,144,213,214,213,0.53531,0.54457,0.54718
1,9.5166e+05,1.719,14.16,195,800,1.661,13.946,187.15,1060.9,0.34091,0.1115,0.023296,0.31357,0.10833,0.020352,0.29748,0.10073,0.017408,244,244,246,175,177,182,159,160,160,196,202,211,92,97,106,214,215,213,0.54092,0.5399,0.54129
1,9.5176e+05,1.719,14.08,195,800,1.6578,13.87,185.98,829.3,0.21743,0.13607,0.02304,0.20463,0.13126,0.020928,0.19599,0.12487,0.019136,246,246,246,185,182,181,157,158,160,218,215,217,84,86,93,201,203,203,0.53919,0.53944,0.54001
1,9.5186e+05,1.719,14,195,800,1.6599,13.799,186.1,1034.3,0.27917,0.15342,0.033088,0.26497,0.14387,0.029504,0.25213,0.13395,0.026432,253,252,250,191,190,188,162,161,161,250,247,241,82,83,84,166,167,167,0.53957,0.5377,0.53768
1,9.5196e+05,1.719,13.92,195,800,1.6408,13.751,184.51,791.22,0.34534,0.14358,0.038208,0.31637,0.1359,0.033024,0.29464,0.12546,0.02816,254,252,250,197,194,192,169,168,167,255,255,254,90,89,88,126,128,131,0.54598,0.53816,0.5364
1,9.5206e+05,1.719,13.84,195,800,1.6451,13.673,185.01,1063.8,0.40422,0.14475,0.043264,0.32245,0.13937,0.034304,0.2865,0.13086,0.028672,253,251,249,203,195,192,174,171,169,255,255,255,94,91,92,112,114,117,0.53233,0.53568,0.53557
1,9.5216e+05,1.719,13.76,195,800,1.6493,13.6,186.75,754.01,0.42803,0.14244,0.044672,0.38105,0.12982,0.037056,0.34431,0.11657,0.030336,242,244,246,176,184,191,175,175,176,255,255,255,98,98,98,96,97,99,0.54045,0.53681,0.53547
1,9.5226e+05,1.719,13.68,195,800,1.6462,13.502,186.55,882.1,0.39057,0.12794,0.036288,0.321,0.12101,0.028672,0.26888,0.11711,0.023744,244,244,245,176,182,189,180,180,179,255,255,255,105,101,98,92,93,96,0.5285,0.53258,0.53644
1,9.5236e+05,1.719,13.6,195,800,1.6504,13.416,186.9,1049.2,0.44372,0.11555,0.0352,0.32438,0.11094,0.026048,0.2585,0.10511,0.020416,249,246,245,196,193,190,193,186,182,254,254,253,100,97,97,100,97,96,0.53118,0.53648,0.53686
1,9.5246e+05,1.719,13.52,195,800,1.6366,13.368,186.88,833.14,0.38606,0.12746,0.035072,0.31986,0.12184,0.028224,0.25081,0.12064,0.0224,241,244,247,209,201,196,178,179,180,245,243,241,88,89,90,112,106,103,0.52958,0.53838,0.53641
1,9.5256e+05,1.719,13.44,195,800,1.6387,13.28,186.12,976.32,0.38639,0.12699,0.035648,0.30765,0.11963,0.027136,0.24905,0.11318,0.021632,247,246,247,203,204,200,181,179,179,232,231,232,84,84,86,118,112,108,0.52424,0.53065,0.5341
1,9.5266e+05,1.719,13.36,195,800,1.6515,13.197,184.96,564.16,0.31728,0.12568,0.029888,0.27612,0.12039,0.025344,0.25942,0.113,0.021888,252,248,245,210,204,200,178,178,179,209,208,210,73,73,75,127,119,113,0.53766,0.537,0.5367
1,9.5276e+05,1.719,13.28,195,800,1.6472,13.101,186.53,792.41,0.32954,0.12189,0.029248,0.28506,0.11529,0.024256,0.24725,0.11229,0.020992,245,245,244,195,195,199,181,180,179,198,197,199,66,68,70,120,117,114,0.54218,0.53988,0.53838
1,9.5286e+05,1.719,13.2,195,800,1.6419,13.045,186.73,696.21,0.28234,0.13052,0.027776,0.24046,0.12325,0.022912,0.21423,0.11834,0.019712,245,243,243,189,193,201,184,179,178,175,177,180,57,61,66,121,118,119,0.54252,0.53963,0.53739
1,9.5296e+05,1.719,13.12,195,800,1.6504,12.951,184.85,1023.9,0.33889,0.12058,0.029568,0.26946,0.11709,0.023296,0.23145,0.11183,0.0192,249,249,246,216,211,204,177,178,178,160,161,163,79,73,68,140,135,130,0.53501,0.53838,0.53746
1,9.5306e+05,1.719,13.04,195,800,1.6366,12.882,185.76,831.4,0.30806,0.11658,0.02592,0.26301,0.10925,0.02112,0.23428,0.10466,0.017728,252,251,248,210,208,203,182,180,178,151,154,157,89,78,69,146,141,136,0.53323,0.54058,0.53973
1,9.5316e+05,1.719,12.96,195,800,1.6515,12.81,186.58,658.04,0.27716,0.12441,0.026816,0.25805,0.11885,0.023808,0.24459,0.11237,0.02112,249,248,247,197,191,189,174,174,176,146,146,148,66,67,66,146,144,141,0.53534,0.53805,0.53748
1,9.5326e+05,1.719,12.88,195,800,1.6462,12.71,185.84,660.18,0.35496,0.12842,0.034048,0.31868,0.1183,0.028288,0.28736,0.11229,0.024256,244,245,246,185,184,184,168,173,178,144,144,145,62,60,61,148,145,140,0.54627,0.53855,0.5385
1,9.5336e+05,1.719,12.8,195,800,1.6472,12.643,185.93,604.85,0.30373,0.13705,0.031744,0.26788,0.13232,0.027008,0.2499,0.12355,0.023936,245,246,247,172,182,191,183,181,179,141,145,150,53,55,57,138,137,133,0.54352,0.5392,0.53834
1,9.5346e+05,1.719,12.72,195,800,1.6408,12.564,185.59,816.33,0.2973,0.12087,0.02688,0.25274,0.11605,0.021824,0.22419,0.11272,0.018816,249,249,249,220,211,204,171,175,178,166,164,162,58,59,59,124,123,123,0.53403,0.5383,0.53834
1,9.5356e+05,1.719,12.64,195,800,1.6398,12.474,186.74,1020.5,0.32176,0.12255,0.02976,0.27476,0.11894,0.025152,0.25472,0.11084,0.021696,250,250,249,220,214,207,171,173,175,174,172,168,58,60,60,119,120,119,0.54078,0.54165,0.54168
1,9.5366e+05,1.719,12.56,195,800,1.644,12.412,185.82,761.71,0.33418,0.12068,0.028288,0.2512,0.11671,0.02112,0.20345,0.11162,0.017344,248,248,249,188,196,204,176,174,172,179,180,180,58,59,60,116,115,113,0.53178,0.53577,0.53956
1,9.5376e+05,1.719,12.48,195,800,1.644,12.328,186.26,743.76,0.33873,0.13074,0.03328,0.30324,0.12567,0.028352,0.2738,0.11785,0.024512,245,247,249,196,199,202,174,173,172,185,185,186,59,60,61,110,110,109,0.53212,0.54056,0.53932
1,9.5386e+05,1.719,12.4,195,800,1.6302,12.262,187.04,675.61,0.30838,0.12898,0.029824,0.27982,0.12053,0.0256,0.25871,0.11699,0.022848,254,252,251,219,213,208,173,173,172,201,204,204,65,66,66,98,99,100,0.53106,0.53796,0.54024
1,9.5396e+05,1.719,12.32,195,800,1.6398,12.162,186.01,893.36,0.31086,0.12147,0.028032,0.27115,0.11454,0.023296,0.25183,0.10988,0.020288,252,250,249,205,210,210,164,170,174,225,222,218,73,71,69,90,92,93,0.55036,0.54105,0.54124
1,9.5406e+05,1.719,12.24,195,800,1.6419,12.085,186.4,850.5,0.31417,0.1172,0.026048,0.26038,0.11245,0.021568,0.23463,0.10556,0.01824,241,246,247,200,205,208,164,170,174,222,224,223,74,71,70,89,89,91,0.54173,0.54335,0.54108
1,9.5416e+05,1.719,12.16,195,800,1.6239,12.027,185.96,823.28,0.28011,0.11805,0.024384,0.25125,0.11,0.020288,0.22432,0.10594,0.0176,240,243,245,192,200,205,169,172,175,217,222,223,69,69,69,85,87,89,0.53747,0.53691,0.5396
1,9.5426e+05,1.719,12.08,195,800,1.6419,11.923,187.12,959.52,0.34033,0.11771,0.027072,0.26063,0.11446,0.020736,0.19475,0.11176,0.016192,241,245,246,200,204,205,165,171,174,211,220,222,64,66,68,85,88,89,0.53812,0.54259,0.54177
1,9.5436e+05,1.719,12,195,800,1.6355,11.861,185.99,810.77,0.25949,0.12124,0.02336,0.22015,0.11807,0.019328,0.19633,0.11318,0.016704,248,249,248,209,206,206,168,170,172,209,216,218,65,65,67,89,91,92,0.54334,0.54,0.54151
1,9.5446e+05,1.719,11.92,195,800,1.643,11.789,186.61,475.45,0.30107,0.12892,0.029248,0.26107,0.12418,0.024896,0.2393,0.12038,0.022208,255,252,249,189,198,204,172,172,171,205,209,211,63,64,66,96,94,94,0.5445,0.54276,0.54287
1,9.5456e+05,1.719,11.84,195,800,1.6515,11.693,187.96,664.84,0.28507,0.1253,0.026752,0.24562,0.12057,0.02272,0.22195,0.11511,0.019648,254,252,249,192,198,200,167,170,170,198,204,206,61,64,66,91,95,96,0.5346,0.53836,0.54016
1,9.5466e+05,1.719,11.76,195,800,1.6451,11.603,187.36,590.1,0.27031,0.13489,0.027264,0.23379,0.12817,0.023104,0.21408,0.12197,0.02016,246,250,250,190,191,198,163,166,167,188,194,199,67,69,70,95,99,100,0.5327,0.53694,0.5381
1,9.5476e+05,1.719,11.68,195,800,1.6408,11.545,188.27,957.17,0.31465,0.12609,0.029376,0.2739,0.11935,0.024704,0.24157,0.11616,0.021504,251,252,251,185,193,201,163,165,166,189,192,195,79,77,74,99,101,103,0.53436,0.54027,0.54103
1,9.5486e+05,1.719,11.6,195,800,1.6493,11.451,185.48,1074.3,0.29293,0.12152,0.027328,0.2624,0.11528,0.023104,0.23657,0.11146,0.020224,255,254,253,215,213,211,161,164,165,186,187,185,96,88,82,103,108,113,0.55478,0.54529,0.5442
1,9.5496e+05,1.719,11.52,195,800,1.6324,11.405,187.01,862.85,0.27385,0.12899,0.026176,0.24073,0.12547,0.022656,0.22254,0.11698,0.019328,250,252,252,218,213,208,168,167,169,163,167,170,86,95,98,124,129,135,0.54686,0.55045,0.55002
1,9.5506e+05,1.719,11.44,195,800,1.6366,11.303,187.01,710.25,0.22851,0.12827,0.022336,0.20582,0.12244,0.019008,0.19017,0.11354,0.016512,251,250,251,204,202,203,171,173,173,152,157,161,124,113,101,144,148,149,0.55763,0.55194,0.55238
1,9.5516e+05,1.719,11.36,195,800,1.6377,11.232,185.83,664.38,0.28277,0.12353,0.025536,0.24932,0.11439,0.020608,0.2199,0.11108,0.017984,244,247,249,195,196,199,185,180,176,139,144,150,117,109,95,173,177,181,0.54782,0.55312,0.55442
1,9.5526e+05,1.719,11.28,195,800,1.6568,11.121,186.22,751.87,0.28101,0.12592,0.026688,0.24974,0.11869,0.022336,0.21579,0.11537,0.0192,247,247,249,203,201,203,177,178,177,144,145,150,80,85,87,179,190,197,0.56343,0.55977,0.55793
1,9.5536e+05,1.719,11.2,195,800,1.644,11.068,186.22,871.66,0.28117,0.1173,0.025216,0.23656,0.11227,0.020288,0.21799,0.10803,0.017472,251,250,249,197,202,203,185,177,173,162,167,173,66,67,70,229,223,212,0.56369,0.56352,0.56326
1,9.5546e+05,1.719,11.12,195,800,1.661,10.969,187.01,1005.1,0.25822,0.12653,0.025152,0.23863,0.11738,0.021568,0.21981,0.11383,0.019328,247,246,246,180,181,188,170,176,179,230,223,216,82,88,100,198,198,197,0.5748,0.57524,0.57585
1,9.5556e+05,1.719,11.04,195,800,1.6546,10.921,185.2,1175.4,0.28668,0.13462,0.029824,0.26236,0.12756,0.02624,0.24615,0.12265,0.023424,240,240,243,169,175,181,184,181,182,255,245,234,111,120,122,161,175,183,0.59607,0.59024,0.57514
1,9.5863e+05,1.812,11,195,800,1.7459,10.922,0.11155,1021.4,0,0,0,0,0,0,0,0,0,246,241,242,181,179,187,196,185,180,255,255,250,123,115,117,167,165,171,0.51173,0.52116,0.52352
1,9.5873e+05,1.812,11.08,195,800,1.7332,10.984,185.89,702.04,0.20375,0.12842,0.018112,0.1647,0.12514,0.01568,0.15147,0.11791,0.013824,247,248,248,191,195,201,167,169,172,236,227,219,73,77,87,216,202,196,0.58766,0.58419,0.58187
1,9.5883e+05,1.812,11.16,195,800,1.7427,11.064,184.3,528.16,0.19815,0.12483,0.018624,0.17877,0.11925,0.016256,0.16578,0.11296,0.014272,253,252,250,220,212,206,165,165,168,193,195,198,61,65,72,223,215,206,0.56272,0.56558,0.56768
1,9.5893e+05,1.812,11.24,195,800,1.7321,11.169,185.64,536.09,0.26287,0.13509,0.02752,0.24386,0.12663,0.024192,0.23494,0.11851,0.021696,251,251,251,217,212,209,162,165,169,149,153,161,60,63,72,214,206,205,0.55506,0.55863,0.55969
1,9.5903e+05,1.812,11.32,195,800,1.7289,11.227,184.88,575.03,0.34334,0.13536,0.035008,0.3149,0.12263,0.028672,0.28279,0.11267,0.023616,253,251,251,198,202,202,163,167,170,150,154,157,72,82,85,195,193,194,0.55794,0.55645,0.55431
1,9.5913e+05,1.812,11.4,195,800,1.7427,11.282,187.01,887.99,0.31657,0.13772,0.032448,0.27893,0.13185,0.028032,0.26194,0.12605,0.025024,254,253,252,196,194,199,174,170,169,186,175,164,143,117,97,164,162,165,0.56054,0.55496,0.55244
1,9.5923e+05,1.812,11.48,195,800,1.7395,11.37,186.87,658.85,0.57658,0.1067,0.035648,0.29504,0.10974,0.022208,0.2259,0.10908,0.017728,254,254,254,212,214,213,164,165,167,173,179,179,79,87,94,136,134,139,0.55084,0.55178,0.54974
1,9.5933e+05,1.812,11.56,195,800,1.7406,11.455,186.11,697.3,0.39206,0.13092,0.033792,0.33725,0.12646,0.027712,0.28092,0.12323,0.023296,255,254,254,228,228,221,168,167,166,184,185,186,81,81,85,124,126,128,0.54144,0.54742,0.54675
1,9.5943e+05,1.812,11.64,195,800,1.7321,11.54,186.45,982.29,0.32258,0.17885,0.036992,0.29852,0.17479,0.032896,0.2749,0.17042,0.028864,254,253,252,238,228,217,165,165,165,211,204,196,77,77,76,113,113,112,0.54689,0.54108,0.54045
1,9.5953e+05,1.812,11.72,195,800,1.748,11.598,184.95,855,0.39934,0.11985,0.033856,0.33105,0.11023,0.025856,0.28221,0.10706,0.021312,252,251,250,214,212,208,160,161,163,204,202,199,69,71,73,103,105,107,0.54302,0.54199,0.54113
1,9.5963e+05,1.812,11.8,195,800,1.7438,11.666,185.47,694.46,0.30765,0.12973,0.029888,0.29059,0.12149,0.026048,0.27323,0.11067,0.022272,244,247,249,185,193,196,152,158,163,198,199,201,65,67,69,99,97,96,0.54422,0.53906,0.53977
1,9.5973e+05,1.812,11.88,195,800,1.7501,11.748,186.17,597.07,0.31634,0.1312,0.030592,0.26917,0.12081,0.024768,0.2424,0.11875,0.021824,250,250,250,215,210,203,168,169,169,208,209,209,78,74,70,87,89,91,0.53342,0.53946,0.53993
1,9.5983e+05,1.812,11.96,195,800,1.7554,11.822,186.03,518.11,0.42934,0.11492,0.03328,0.27949,0.112,0.02304,0.23104,0.10901,0.019072,251,251,250,219,216,209,174,174,173,216,214,214,75,74,71,84,87,90,0.53269,0.53337,0.53888
1,9.5993e+05,1.812,12.04,195,800,1.7247,11.933,185.1,770.11,0.32161,0.13196,0.032384,0.30331,0.12206,0.028288,0.29362,0.11493,0.025408,250,249,248,214,212,208,182,179,176,223,221,219,71,72,72,93,91,89,0.54152,0.53855,0.53794
1,9.6003e+05,1.812,12.12,195,800,1.7342,12.004,185.26,978.47,0.29599,0.12237,0.02688,0.27108,0.11357,0.022976,0.25621,0.1082,0.020544,248,247,246,202,204,204,182,179,175,224,221,220,74,73,71,93,91,89,0.53945,0.54151,0.54028
1,9.6013e+05,1.812,12.2,195,800,1.7236,12.099,186.85,1117.7,0.26328,0.12455,0.02496,0.23556,0.11954,0.021504,0.22131,0.11167,0.018944,240,243,246,193,195,200,177,175,173,221,220,220,68,70,70,88,88,89,0.53994,0.54291,0.54158
1,9.6023e+05,1.812,12.28,195,800,1.7459,12.149,186.77,517.28,0.33234,0.12186,0.029824,0.29262,0.11711,0.025216,0.26685,0.11123,0.020928,252,250,249,211,208,205,169,171,170,222,219,216,70,70,69,91,91,92,0.54496,0.5381,0.53851
1,9.6033e+05,1.812,12.36,195,800,1.7236,12.254,187.76,651.6,0.26842,0.12714,0.026048,0.25007,0.11845,0.022784,0.24364,0.11061,0.020544,255,253,250,217,214,208,174,169,169,217,215,212,75,72,68,95,95,95,0.53509,0.53799,0.53892
1,9.6043e+05,1.812,12.44,195,800,1.7363,12.316,185.3,569.43,0.31968,0.13007,0.030656,0.28201,0.12045,0.025792,0.26072,0.11721,0.023232,249,250,249,211,210,206,164,167,168,193,194,196,69,67,64,105,104,104,0.52861,0.53312,0.53704
1,9.6053e+05,1.812,12.52,195,800,1.7491,12.397,187.23,817.64,0.43499,0.12832,0.03776,0.37145,0.1246,0.028864,0.24853,0.11846,0.021632,248,247,248,203,202,202,167,167,168,181,185,187,60,61,61,109,108,107,0.53784,0.53647,0.53951
1,9.6063e+05,1.812,12.6,195,800,1.7385,12.474,185.7,797.68,0.30625,0.11655,0.026368,0.27378,0.11147,0.022272,0.25069,0.10705,0.019136,244,247,248,190,198,203,166,167,168,172,172,172,56,56,56,111,112,113,0.54525,0.53811,0.53855
1,9.6073e+05,1.812,12.68,195,800,1.7406,12.542,187.23,851.02,0.30658,0.11716,0.02656,0.28241,0.11236,0.023232,0.26339,0.10559,0.020224,249,249,249,208,208,201,169,172,174,156,157,158,54,54,54,118,119,119,0.53371,0.53512,0.53707
1,9.6083e+05,1.812,12.76,195,800,1.7459,12.629,186.35,1120.3,0.29609,0.11793,0.025664,0.25552,0.11439,0.021504,0.22477,0.11097,0.018944,250,251,249,195,199,199,182,179,176,148,149,152,51,53,55,123,124,125,0.54179,0.54071,0.54001
1,9.6093e+05,1.812,12.84,195,800,1.731,12.715,186.19,1046.2,0.33599,0.12296,0.030784,0.30967,0.11675,0.026432,0.27259,0.10997,0.022208,251,248,246,179,181,185,181,180,178,141,142,145,58,60,61,139,137,134,0.54518,0.53975,0.5371
1,9.6103e+05,1.812,12.92,195,800,1.7406,12.795,186.76,1027.6,0.33245,0.12125,0.028416,0.26316,0.11591,0.02272,0.2265,0.11225,0.019008,243,243,245,176,179,184,176,176,178,145,145,147,68,68,67,139,139,139,0.53463,0.53732,0.53458
1,9.6113e+05,1.812,13,195,800,1.7459,12.87,187.8,791.19,0.30956,0.12822,0.02912,0.27187,0.1239,0.025216,0.25047,0.11846,0.02208,242,245,246,190,195,198,172,174,175,158,158,157,81,80,74,135,139,140,0.52985,0.53424,0.53676
1,9.6123e+05,1.812,13.08,195,800,1.7512,12.929,186.02,852.78,0.26671,0.12325,0.024064,0.23079,0.11487,0.019456,0.20647,0.1093,0.016896,250,249,247,230,221,210,171,172,175,172,171,169,66,69,70,131,132,133,0.53144,0.53327,0.53655
1,9.6133e+05,1.812,13.16,195,800,1.7512,13.021,186.86,663.21,0.34446,0.11821,0.028992,0.28877,0.11382,0.02336,0.24147,0.10724,0.01856,248,247,246,229,221,214,173,173,176,178,177,176,60,63,67,120,123,127,0.54567,0.53769,0.5356
1,9.6143e+05,1.812,13.24,195,800,1.7332,13.108,186.11,819.84,0.30257,0.12628,0.028672,0.2833,0.11678,0.024832,0.26681,0.11122,0.022016,241,242,243,215,213,211,177,179,179,192,190,190,69,69,68,107,112,118,0.5302,0.53347,0.53609
1,9.6153e+05,1.812,13.32,195,800,1.7416,13.188,185.32,914.26,0.27576,0.13125,0.02688,0.23027,0.12288,0.021952,0.20531,0.12205,0.019584,241,242,243,208,211,209,182,181,180,196,198,199,78,75,71,113,114,116,0.54257,0.5368,0.5361
1,9.6163e+05,1.812,13.4,195,800,1.7438,13.252,187.01,859.4,0.2882,0.12355,0.026688,0.25228,0.11938,0.022656,0.23629,0.11074,0.019776,244,245,245,197,196,200,178,178,179,217,220,222,71,76,79,107,111,113,0.5323,0.53536,0.5342
1,9.6173e+05,1.812,13.48,195,800,1.7597,13.313,185.25,541.95,0.30363,0.12145,0.028032,0.28037,0.11772,0.02464,0.26325,0.1101,0.021696,248,247,247,171,180,188,178,179,179,246,246,242,90,86,85,97,102,106,0.54123,0.53502,0.53403
1,9.6183e+05,1.812,13.56,195,800,1.7395,13.435,186.79,1025.7,0.26977,0.13159,0.026816,0.2463,0.12377,0.023424,0.22585,0.11721,0.020352,250,247,247,177,181,185,177,179,180,254,252,249,91,90,89,96,99,102,0.53774,0.53567,0.53513
1,9.6193e+05,1.812,13.64,195,800,1.7363,13.495,184.25,745.75,0.31581,0.12884,0.028288,0.25818,0.12558,0.023424,0.22744,0.12077,0.020096,238,244,246,194,193,189,180,181,180,255,255,255,92,93,93,90,94,97,0.53374,0.53264,0.53322
1,9.6203e+05,1.812,13.72,195,800,1.73,13.598,185.17,921.17,0.27509,0.12704,0.02656,0.25723,0.12166,0.023488,0.23682,0.11656,0.020864,239,243,246,206,196,189,181,179,178,255,255,255,94,93,93,94,94,97,0.52901,0.53234,0.53382
1,9.6213e+05,1.812,13.8,195,800,1.7406,13.657,185.79,998.81,0.30223,0.12286,0.027584,0.27309,0.11543,0.023296,0.24659,0.1127,0.020736,249,247,246,182,187,188,169,172,173,255,255,255,91,91,90,102,103,105,0.53227,0.53332,0.53365
1,9.6223e+05,1.812,13.88,195,800,1.7629,13.718,186.66,935.09,0.28616,0.11879,0.025344,0.25628,0.11611,0.0224,0.23859,0.10968,0.019584,246,247,248,181,184,186,172,170,170,255,255,254,83,85,85,126,127,129,0.54009,0.53465,0.53335
1,9.6233e+05,1.812,13.96,195,800,1.7332,13.819,184.83,886.32,0.34143,0.12052,0.030336,0.2944,0.11442,0.025152,0.25851,0.1104,0.02176,249,248,248,190,187,185,167,169,169,255,253,250,82,83,84,148,147,145,0.53726,0.5335,0.53359
1,9.6243e+05,1.812,14.04,195,800,1.7395,13.889,185.58,773.64,0.36735,0.1327,0.036288,0.33084,0.12312,0.03072,0.3059,0.11835,0.0272,246,246,245,179,178,177,170,167,166,239,236,231,83,83,86,193,186,179,0.53293,0.5378,0.53754
1,9.6253e+05,1.812,14.12,195,800,1.7385,13.961,186.45,612.25,0.32816,0.11881,0.028992,0.28286,0.11638,0.024448,0.25075,0.11472,0.021376,241,242,244,164,167,173,164,165,165,217,218,219,87,90,96,201,198,193,0.53536,0.53531,0.53643
1,9.6263e+05,1.812,14.2,195,800,1.7533,14.037,186.55,989.01,0.27578,0.12327,0.025536,0.24336,0.11672,0.021376,0.21558,0.11159,0.018176,245,244,245,166,173,184,165,161,161,194,200,210,126,129,130,219,211,205,0.53923,0.53983,0.54099
1,9.657e+05,1.905,14.24,195,800,1.8393,14.024,-0.29563,1001.9,0,0,0,0,0,0,0,0,0,246,245,243,189,191,193,156,157,159,211,213,214,167,162,155,211,207,202,0.53547,0.53714,0.54223
1,9.658e+05,1.905,14.16,195,800,1.8339,13.969,184.35,960.27,0.18629,0.12235,0.01728,0.1701,0.1147,0.01504,0.15592,0.11153,0.013824,238,241,244,150,160,174,172,170,166,200,204,209,117,118,119,192,196,198,0.54561,0.53944,0.53985
1,9.659e+05,1.905,14.08,195,800,1.8223,13.903,186.39,677.51,0.22981,0.12813,0.022784,0.21119,0.12214,0.01984,0.19873,0.11379,0.017664,241,243,244,157,165,173,170,171,169,215,213,215,89,95,101,183,187,189,0.53751,0.53776,0.53634
1,9.66e+05,1.905,14,195,800,1.8276,13.817,185.18,527.59,0.30257,0.13935,0.03264,0.28384,0.13003,0.028864,0.26609,0.12327,0.0256,248,248,247,184,182,181,169,171,170,244,240,236,76,78,82,155,159,161,0.53955,0.53737,0.53517
1,9.661e+05,1.905,13.92,195,800,1.8615,13.705,186.33,979.87,0.33537,0.14576,0.037568,0.31261,0.13515,0.032448,0.2621,0.13148,0.026688,243,245,247,176,179,182,171,172,171,255,253,251,81,82,83,115,120,128,0.53523,0.53405,0.53322
1,9.662e+05,1.905,13.84,195,800,1.8339,13.667,186.11,851.18,0.44371,0.13052,0.04288,0.34115,0.11985,0.031104,0.29711,0.11291,0.025408,241,243,246,177,178,183,170,172,171,255,255,254,85,86,85,106,109,114,0.53775,0.53276,0.53389
1,9.663e+05,1.905,13.76,195,800,1.835,13.595,186.35,823.58,0.38719,0.14147,0.041344,0.33751,0.12766,0.03296,0.30039,0.12058,0.027648,247,246,245,192,193,188,168,171,172,255,255,255,88,89,88,100,99,100,0.52942,0.53553,0.53584
1,9.664e+05,1.905,13.68,195,800,1.8255,13.513,186.06,753.75,0.41888,0.12846,0.038208,0.34403,0.11975,0.028928,0.27265,0.1169,0.023744,250,248,246,199,196,187,173,173,174,255,255,255,87,88,89,96,97,98,0.53065,0.53331,0.53373
1,9.665e+05,1.905,13.6,195,800,1.8435,13.414,187.98,910.89,0.31834,0.13389,0.032896,0.28005,0.1269,0.027456,0.25826,0.12101,0.024128,254,251,248,172,178,181,180,179,177,255,255,254,87,86,86,102,101,100,0.53032,0.53255,0.53219
1,9.666e+05,1.905,13.52,195,800,1.8488,13.326,186.08,1001.2,0.38205,0.14044,0.039808,0.34024,0.12625,0.032384,0.30312,0.11991,0.027776,247,248,248,172,175,181,173,177,178,248,249,246,83,81,80,112,110,107,0.53849,0.53887,0.53615
1,9.667e+05,1.905,13.44,195,800,1.8233,13.275,186.96,695.27,0.43468,0.12938,0.040576,0.38602,0.12113,0.033536,0.33025,0.11697,0.027584,244,247,247,185,187,190,169,176,178,237,240,238,75,76,78,112,112,110,0.53032,0.53238,0.53373
1,9.668e+05,1.905,13.36,195,800,1.8371,13.193,187.39,793.88,0.46776,0.11916,0.038272,0.33988,0.11475,0.028608,0.29478,0.11062,0.02368,240,242,242,234,220,210,180,180,180,212,217,219,78,77,74,119,116,113,0.53434,0.53285,0.5325
1,9.669e+05,1.905,13.28,195,800,1.8339,13.112,186.51,767.3,0.26562,0.12758,0.025408,0.23043,0.11968,0.021376,0.21197,0.11745,0.01952,232,238,241,238,226,215,184,183,181,201,206,208,78,76,72,118,117,115,0.53189,0.53413,0.5341
1,9.67e+05,1.905,13.2,195,800,1.8361,13.016,187.23,1257.5,0.3432,0.1204,0.031424,0.31328,0.11323,0.02656,0.28132,0.10704,0.022912,238,240,241,198,211,218,177,179,179,182,186,190,62,64,66,124,121,120,0.54107,0.53702,0.53588
1,9.671e+05,1.905,13.12,195,800,1.8149,12.969,186.35,879.18,0.35648,0.1254,0.031808,0.31234,0.11884,0.02592,0.25931,0.11525,0.02144,243,246,246,218,216,211,172,176,179,173,175,175,62,64,65,136,134,131,0.53863,0.53489,0.53429
1,9.672e+05,1.905,13.04,195,800,1.8244,12.897,186.53,539.94,0.30128,0.11892,0.025216,0.24393,0.11519,0.020352,0.22073,0.1074,0.017344,248,247,246,223,211,203,178,179,178,171,171,169,71,69,67,147,141,135,0.53286,0.53202,0.53341
1,9.673e+05,1.905,12.96,195,800,1.8244,12.803,188.34,685.3,0.31187,0.12469,0.028928,0.28117,0.11589,0.02496,0.25941,0.11093,0.021888,240,242,244,159,176,190,177,180,182,155,156,157,75,72,67,139,139,137,0.54433,0.53748,0.53529
1,9.674e+05,1.905,12.88,195,800,1.853,12.706,187.37,967.59,0.3143,0.12427,0.028288,0.26923,0.11762,0.023808,0.23965,0.11582,0.0208,236,240,244,172,178,186,179,182,184,149,150,151,67,66,64,133,135,134,0.52919,0.5321,0.53423
1,9.675e+05,1.905,12.8,195,800,1.8318,12.643,186.99,787.26,0.32698,0.13632,0.031232,0.28069,0.12862,0.026752,0.24574,0.12425,0.023104,248,247,246,207,201,193,180,184,183,141,145,149,53,55,57,122,122,123,0.52659,0.53494,0.53747
1,9.676e+05,1.905,12.72,195,800,1.8255,12.574,186.81,688.15,0.36934,0.12535,0.034176,0.32153,0.11747,0.02784,0.2809,0.11109,0.022656,251,250,249,215,203,195,174,174,176,158,157,157,52,53,54,109,109,112,0.53285,0.53539,0.53654
1,9.677e+05,1.905,12.64,195,800,1.8318,12.488,187.14,714.29,0.31265,0.11921,0.02816,0.2688,0.11308,0.023232,0.24993,0.10509,0.019648,250,249,249,208,196,193,165,167,171,167,164,163,53,53,53,106,107,110,0.53789,0.53825,0.53727
1,9.678e+05,1.905,12.56,195,800,1.8308,12.399,186.96,1162.4,0.31094,0.11941,0.02656,0.25921,0.11524,0.022656,0.23872,0.10845,0.019648,247,247,248,193,195,195,161,163,166,172,174,177,55,54,55,107,108,107,0.5385,0.53713,0.53843
1,9.679e+05,1.905,12.48,195,800,1.8361,12.321,187.09,1203.1,0.33902,0.12453,0.031168,0.28947,0.11917,0.025728,0.25241,0.11221,0.021696,248,248,248,216,202,196,168,165,165,182,184,186,55,56,58,109,107,105,0.52595,0.53619,0.53555
1,9.68e+05,1.905,12.4,195,800,1.8382,12.248,187.18,982.57,0.29498,0.12933,0.025728,0.24438,0.11961,0.020544,0.19933,0.11777,0.017088,245,250,251,191,202,206,161,164,168,214,205,201,60,62,62,96,98,99,0.54279,0.54028,0.53816
1,9.681e+05,1.905,12.32,195,800,1.8127,12.189,187.41,847.65,0.31904,0.12635,0.028928,0.26611,0.1195,0.024,0.24898,0.11494,0.02112,255,251,250,208,202,203,172,169,170,210,208,210,59,63,65,88,90,91,0.55258,0.54029,0.53821
1,9.682e+05,1.905,12.24,195,800,1.8297,12.091,188.24,600.53,0.30941,0.11998,0.02656,0.24382,0.11864,0.021248,0.19961,0.11411,0.01728,253,248,249,195,199,204,175,172,172,215,211,214,62,64,66,89,89,90,0.54715,0.54115,0.53982
1,9.683e+05,1.905,12.16,195,800,1.8244,12.034,186.14,820.19,0.27173,0.12733,0.026432,0.24381,0.12002,0.022336,0.22405,0.11584,0.019648,249,247,247,203,202,204,174,175,175,227,222,221,74,72,70,90,90,89,0.54753,0.54369,0.53944
1,9.684e+05,1.905,12.08,195,800,1.835,11.934,188.54,1014.7,0.33388,0.13323,0.032192,0.28243,0.12785,0.026944,0.25869,0.12225,0.024448,249,247,248,209,206,208,180,177,175,232,226,223,81,75,72,92,91,89,0.53354,0.53548,0.53618
1,9.685e+05,1.905,12,195,800,1.835,11.844,187.55,1130.6,0.31296,0.12973,0.029376,0.26655,0.12133,0.023744,0.23049,0.12026,0.020288,249,250,251,213,213,214,175,176,176,227,221,220,74,73,73,91,89,88,0.53635,0.53965,0.53844
1,9.686e+05,1.905,11.92,195,800,1.8255,11.789,187.08,905.99,0.29781,0.12799,0.028224,0.25867,0.12023,0.023104,0.2303,0.11624,0.019904,255,252,250,203,210,206,181,174,170,214,214,212,74,73,71,85,89,91,0.54193,0.53817,0.53918
1,9.687e+05,1.905,11.84,195,800,1.8255,11.705,188.03,590.88,0.25807,0.126,0.024896,0.22431,0.12221,0.020864,0.19879,0.11843,0.018368,250,249,250,199,196,199,172,168,168,219,209,207,73,70,69,95,94,94,0.54372,0.53717,0.53839
1,9.688e+05,1.905,11.76,195,800,1.8488,11.609,186.91,890.24,0.26839,0.12816,0.02624,0.23441,0.12047,0.02176,0.21818,0.11466,0.019264,250,246,249,183,185,196,168,162,165,203,199,202,63,63,67,103,104,106,0.54328,0.5442,0.54109
1,9.689e+05,1.905,11.68,195,800,1.8371,11.518,187.35,1057,0.29424,0.1295,0.027584,0.24727,0.12154,0.0224,0.209,0.12023,0.019392,246,249,250,202,202,203,167,166,166,202,200,200,64,65,68,107,113,113,0.53804,0.53629,0.5372
1,9.69e+05,1.905,11.6,195,800,1.8371,11.442,187.02,943.18,0.29796,0.13078,0.029568,0.2586,0.12386,0.024704,0.23732,0.11801,0.02144,254,253,253,241,234,220,179,173,168,205,196,190,74,73,74,138,130,127,0.53582,0.54067,0.54153
1,9.691e+05,1.905,11.52,195,800,1.8127,11.389,186.92,1078.2,0.31604,0.1329,0.030912,0.27718,0.12663,0.025856,0.24842,0.12097,0.022272,255,255,255,225,214,212,161,164,168,174,175,177,75,76,83,150,146,146,0.54601,0.54441,0.54609
1,9.692e+05,1.905,11.44,195,800,1.8244,11.322,187.8,682.12,0.30124,0.12472,0.02624,0.25614,0.11902,0.02176,0.21574,0.11774,0.018752,254,255,255,187,194,204,159,162,167,173,171,169,74,78,83,164,161,159,0.55025,0.54814,0.54971
1,9.693e+05,1.905,11.36,195,800,1.8339,11.225,188.3,616.16,0.33796,0.12775,0.030464,0.26086,0.12506,0.02432,0.22189,0.12196,0.020224,254,253,253,185,190,200,170,170,169,162,161,158,67,72,76,195,194,191,0.55505,0.55622,0.55366
1,9.694e+05,1.905,11.28,195,800,1.8371,11.14,187.3,911.04,0.27474,0.12974,0.026432,0.22997,0.12465,0.021696,0.20721,0.11947,0.019008,250,251,253,206,205,209,172,170,168,149,152,155,61,64,70,208,210,206,0.55358,0.55597,0.55575
1,9.695e+05,1.905,11.2,195,800,1.8265,11.074,186.51,860.29,0.27621,0.12085,0.025472,0.25503,0.11074,0.02144,0.22537,0.10693,0.018432,253,253,253,235,232,224,160,161,165,156,164,173,58,59,63,226,226,223,0.55806,0.563,0.56277
1,9.696e+05,1.905,11.12,195,800,1.8244,10.999,186.37,896.16,0.28717,0.13877,0.0304,0.26481,0.13181,0.026432,0.25206,0.12452,0.023424,255,254,251,229,223,217,157,163,167,234,225,215,77,80,84,205,209,205,0.57651,0.57238,0.57226
1,9.697e+05,1.905,11.04,195,800,1.8318,10.927,187.01,613.49,0.25052,0.13459,0.026304,0.23048,0.1271,0.022848,0.2134,0.12068,0.020224,253,251,249,208,210,210,168,170,171,255,246,234,103,105,99,180,187,192,0.59557,0.58297,0.57293
1,9.7277e+05,1.998,11,195,800,1.9263,10.912,0.54852,743.88,0,0,0,0,0,0,0,0,0,239,247,250,209,217,219,165,169,168,246,246,239,113,111,108,156,171,178,0.54987,0.54481,0.53418
1,9.7287e+05,1.998,11.08,195,800,1.9199,11.007,186.2,1001.6,0.19969,0.12085,0.017792,0.17331,0.11224,0.015168,0.15691,0.11074,0.013696,254,254,253,221,231,232,170,165,164,206,209,206,72,75,81,233,225,212,0.58256,0.5818,0.57948
1,9.7297e+05,1.998,11.16,195,800,1.9103,11.072,186.06,596.68,0.21076,0.12377,0.019968,0.19355,0.12155,0.017664,0.17815,0.11495,0.01536,255,255,254,238,240,236,166,164,164,173,181,185,61,63,67,253,244,226,0.56529,0.56536,0.56585
1,9.7307e+05,1.998,11.24,195,800,1.9273,11.147,187.19,692.16,0.2603,0.13171,0.026176,0.25003,0.12419,0.023424,0.24006,0.11512,0.020672,252,253,254,231,234,231,167,172,170,142,146,153,53,55,59,230,234,225,0.55999,0.55896,0.55734
1,9.7317e+05,1.998,11.32,195,800,1.9178,11.237,185.99,797.14,0.34301,0.1113,0.027072,0.26575,0.10749,0.020224,0.22342,0.10476,0.01664,253,253,254,220,223,220,183,178,173,142,144,147,55,58,63,229,219,211,0.55715,0.55574,0.55448
1,9.7327e+05,1.998,11.4,195,800,1.9252,11.283,185.9,420.65,0.28315,0.12579,0.0272,0.25456,0.11714,0.02304,0.23106,0.11449,0.020416,255,255,254,201,198,204,172,173,171,143,146,151,80,80,78,171,178,177,0.55072,0.55174,0.55222
1,9.7337e+05,1.998,11.48,195,800,1.9146,11.381,185.73,1100.3,0.30843,0.12381,0.028736,0.28197,0.11178,0.023808,0.24814,0.11026,0.0208,255,255,254,205,209,208,162,166,169,156,161,167,92,94,89,143,144,145,0.54794,0.54868,0.5474
1,9.7347e+05,1.998,11.56,195,800,1.9135,11.446,185.2,942.78,0.29819,0.12204,0.024,0.26147,0.11311,0.019392,0.23395,0.10745,0.016256,255,254,254,228,219,210,173,170,169,174,174,176,88,89,87,128,132,136,0.53564,0.54114,0.54207
1,9.7357e+05,1.998,11.64,195,800,1.9294,11.532,187.03,735.54,0.25202,0.12266,0.022784,0.21447,0.11672,0.018944,0.18544,0.11337,0.016064,253,252,251,188,196,202,171,172,170,192,193,191,67,70,76,127,123,119,0.52959,0.53744,0.53809
1,9.7367e+05,1.998,11.72,195,800,1.9103,11.619,185.72,784.57,0.35142,0.12572,0.032384,0.31113,0.11756,0.027072,0.28796,0.11151,0.023552,252,250,250,169,180,193,165,169,170,194,195,196,61,65,70,120,116,113,0.53741,0.53725,0.53795
1,9.7377e+05,1.998,11.8,195,800,1.9093,11.69,185.95,552.63,0.33072,0.13018,0.032128,0.29724,0.1208,0.027136,0.27585,0.11525,0.023872,248,249,250,186,187,190,167,172,171,202,205,205,67,66,66,101,99,99,0.53603,0.53939,0.54049
1,9.7387e+05,1.998,11.88,195,800,1.9241,11.757,186.54,1215.6,0.2758,0.13052,0.027584,0.26782,0.11895,0.024064,0.25022,0.1146,0.021888,255,254,252,218,212,205,182,177,172,212,214,213,63,66,69,86,88,89,0.52808,0.53682,0.53801
1,9.7397e+05,1.998,11.96,195,800,1.922,11.841,185.59,935.61,0.30311,0.11482,0.02496,0.26849,0.10555,0.020544,0.21746,0.10341,0.017088,255,253,252,216,214,211,168,172,174,210,214,219,70,69,70,86,85,86,0.53093,0.53216,0.53614
1,9.7407e+05,1.998,12.04,195,800,1.9178,11.927,186.69,772.33,0.33936,0.12381,0.030528,0.30406,0.11693,0.026112,0.26816,0.11228,0.0224,248,249,250,218,218,216,167,169,172,226,228,227,74,73,72,83,84,85,0.54394,0.53678,0.53736
1,9.7417e+05,1.998,12.12,195,800,1.9209,12,185.19,740.68,0.29742,0.12286,0.027904,0.26987,0.11531,0.023744,0.24691,0.11172,0.020928,250,249,249,230,221,213,174,172,172,234,232,228,71,71,71,85,86,86,0.53251,0.53824,0.53726
1,9.7427e+05,1.998,12.2,195,800,1.9178,12.082,187.52,815,0.33245,0.12824,0.031104,0.29258,0.12005,0.026304,0.27109,0.11041,0.022848,249,250,250,209,209,209,168,172,176,212,217,220,64,64,66,87,87,88,0.53852,0.54164,0.53951
1,9.7437e+05,1.998,12.28,195,800,1.9156,12.173,187.29,777.16,0.34348,0.13547,0.034944,0.32032,0.12626,0.030272,0.29972,0.11713,0.02624,254,251,250,211,209,204,177,174,174,199,204,209,62,61,61,89,90,91,0.5462,0.53934,0.53829
1,9.7447e+05,1.998,12.36,195,800,1.9135,12.252,187.1,836.45,0.32049,0.12381,0.027584,0.27495,0.11803,0.022784,0.24775,0.11122,0.020096,254,252,250,220,209,203,173,173,173,201,202,205,62,61,59,92,92,94,0.53409,0.53528,0.53658
1,9.7457e+05,1.998,12.44,195,800,1.9252,12.307,186.88,1070.9,0.29273,0.12774,0.028288,0.2664,0.12533,0.025024,0.24682,0.12025,0.022336,250,250,249,196,195,196,171,167,168,194,193,193,57,56,56,101,101,101,0.53765,0.53714,0.5364
1,9.7467e+05,1.998,12.52,195,800,1.9231,12.391,188.35,886.66,0.291,0.11695,0.025472,0.25973,0.1115,0.021312,0.22645,0.10623,0.017664,251,250,249,189,188,189,163,166,168,185,185,186,50,52,54,107,106,105,0.52752,0.53285,0.53542
1,9.7477e+05,1.998,12.6,195,800,1.9231,12.457,186.64,715.65,0.33149,0.11981,0.028096,0.28946,0.11557,0.024064,0.26438,0.10821,0.020864,251,251,250,171,177,186,171,169,170,169,168,169,51,51,52,110,108,107,0.54193,0.53504,0.53491
1,9.7487e+05,1.998,12.68,195,800,1.9326,12.547,185.98,837.92,0.25763,0.12718,0.024256,0.23288,0.12013,0.020608,0.21593,0.11389,0.01824,251,251,250,182,184,190,184,180,178,160,158,157,53,54,54,104,106,109,0.53349,0.53671,0.53415
1,9.7497e+05,1.998,12.76,195,800,1.8997,12.653,187.05,904.86,0.27215,0.12574,0.026048,0.25441,0.11902,0.022848,0.23446,0.11509,0.020288,248,249,248,194,192,191,192,186,182,155,153,153,57,57,55,108,110,112,0.53214,0.53481,0.53268
1,9.7507e+05,1.998,12.84,195,800,1.9135,12.726,187.35,1031.4,0.29574,0.12311,0.027904,0.26396,0.12011,0.023872,0.23672,0.11524,0.020864,243,243,245,189,186,184,201,193,187,152,151,150,59,58,59,129,125,123,0.53393,0.53403,0.53231
1,9.7517e+05,1.998,12.92,195,800,1.9082,12.791,187.96,738.6,0.33478,0.12327,0.029184,0.26567,0.1224,0.024,0.22751,0.11648,0.019712,244,244,246,174,179,183,191,190,187,155,154,153,55,57,61,134,132,130,0.54088,0.53433,0.53319
1,9.7527e+05,1.998,13,195,800,1.9199,12.865,186.81,458.32,0.27707,0.12272,0.025216,0.24625,0.11705,0.021376,0.22427,0.10857,0.018112,253,251,248,203,197,194,188,185,184,163,163,163,61,62,62,138,138,135,0.53094,0.53078,0.53137
1,9.7537e+05,1.998,13.08,195,800,1.9125,12.946,185.8,855.03,0.26093,0.11501,0.021568,0.21542,0.11392,0.018304,0.19422,0.108,0.015808,249,248,248,220,218,213,184,184,183,179,177,176,60,61,63,129,132,133,0.52505,0.52967,0.53087
1,9.7547e+05,1.998,13.16,195,800,1.9326,13.016,185.82,1121,0.30774,0.11676,0.02656,0.27802,0.10838,0.022656,0.2507,0.10316,0.019584,245,245,245,215,217,217,184,184,183,186,185,185,57,60,63,122,126,129,0.52675,0.53295,0.53202
1,9.7557e+05,1.998,13.24,195,800,1.9231,13.087,187.71,708.49,0.27954,0.1266,0.02464,0.24999,0.11739,0.020672,0.21502,0.11479,0.017792,236,238,242,215,215,218,185,184,181,210,208,204,67,66,67,114,117,121,0.5269,0.53218,0.53199
1,9.7567e+05,1.998,13.32,195,800,1.9284,13.178,186.62,776.16,0.29285,0.12641,0.027328,0.25848,0.12071,0.022912,0.23252,0.11274,0.01952,238,239,242,215,217,217,180,182,181,230,222,214,71,70,70,110,113,118,0.53605,0.53051,0.5306
1,9.7577e+05,1.998,13.4,195,800,1.9252,13.27,187.73,926.51,0.2868,0.12639,0.027456,0.25746,0.11876,0.023168,0.23379,0.11696,0.020608,252,247,245,206,209,206,186,180,179,240,239,233,73,73,74,113,115,116,0.53569,0.53152,0.53098
1,9.7587e+05,1.998,13.48,195,800,1.905,13.349,186.21,756.13,0.18811,0.12346,0.016704,0.15561,0.11394,0.013952,0.14209,0.11222,0.012416,248,248,248,178,181,186,177,178,180,255,250,245,74,76,78,115,114,113,0.53724,0.5351,0.53374
1,9.7597e+05,1.998,13.56,195,800,1.9199,13.423,187.37,788.7,0.28534,0.12945,0.026176,0.24223,0.12192,0.021888,0.21597,0.11651,0.019136,249,249,248,170,173,180,176,177,179,255,253,249,77,80,81,107,108,109,0.5453,0.53389,0.53164
1,9.7607e+05,1.998,13.64,195,800,1.9316,13.5,186.63,702.85,0.29676,0.14082,0.029184,0.25346,0.1314,0.024192,0.22476,0.12773,0.021312,246,247,248,178,179,179,171,171,174,255,254,253,88,87,87,93,98,103,0.5348,0.53426,0.52998
1,9.7617e+05,1.998,13.72,195,800,1.9178,13.578,185.58,724.68,0.26722,0.1294,0.024832,0.23575,0.1226,0.021312,0.2169,0.11348,0.01856,243,244,247,187,182,181,162,166,173,255,254,254,90,89,88,96,99,103,0.53619,0.53519,0.5336
1,9.7627e+05,1.998,13.8,195,800,1.9135,13.662,186.57,923.24,0.31072,0.13894,0.03296,0.28641,0.13549,0.029504,0.26404,0.13181,0.026496,244,246,247,171,178,183,172,169,170,255,254,253,86,85,85,104,107,109,0.53287,0.53217,0.53147
1,9.7637e+05,1.998,13.88,195,800,1.9156,13.748,186.43,787.55,0.31906,0.12629,0.029376,0.28121,0.12164,0.025152,0.2582,0.11419,0.022016,252,250,249,186,183,182,169,171,171,250,249,247,78,78,81,124,127,130,0.5243,0.5291,0.5297
1,9.7647e+05,1.998,13.96,195,800,1.9241,13.802,186.61,703.14,0.318,0.12402,0.02912,0.28061,0.11865,0.02528,0.26054,0.1117,0.021824,252,251,250,186,186,185,170,169,170,239,241,240,78,78,80,151,149,145,0.53116,0.52939,0.53153
1,9.7657e+05,1.998,14.04,195,800,1.904,13.912,186.2,888.63,0.30154,0.13201,0.030208,0.27281,0.12097,0.025088,0.25211,0.11849,0.022912,253,250,246,197,192,184,170,170,169,210,216,220,81,84,89,199,186,172,0.53032,0.5348,0.53419
1,9.7667e+05,1.998,14.12,195,800,1.9294,13.97,186.32,626.33,0.33918,0.11982,0.02912,0.29625,0.11344,0.024128,0.25868,0.10689,0.020416,246,244,244,195,188,182,174,171,167,197,204,212,91,97,103,195,189,182,0.53849,0.53717,0.53643
1,9.7677e+05,1.998,14.2,195,800,1.9231,14.039,187.06,901.68,0.31208,0.12262,0.02848,0.2736,0.11299,0.023232,0.24569,0.10913,0.02016,234,238,241,176,180,186,155,159,160,207,206,208,148,143,138,192,193,192,0.5373,0.54053,0.54127
1,9.7984e+05,2.091,14.24,195,800,2.009,14.041,0.41941,524.82,0,0,0,0,0,0,0,0,0,241,240,240,190,192,194,152,154,159,213,211,211,161,160,158,185,188,192,0.55033,0.54564,0.5425
1,9.7994e+05,2.091,14.16,195,800,2.0334,13.947,186.69,731,0.27486,0.1129,0.01984,0.2576,0.10958,0.017408,0.2412,0.10607,0.015552,235,239,243,180,184,189,165,164,163,195,198,204,106,113,120,165,173,183,0.52797,0.53139,0.53491
1,9.8004e+05,2.091,14.08,195,800,2.0175,13.88,187.83,804.99,0.19933,0.13175,0.02048,0.18565,0.12425,0.018304,0.18077,0.12007,0.017088,244,244,245,202,193,189,168,166,166,207,204,207,97,98,103,169,172,176,0.53755,0.53437,0.53378
1,9.8014e+05,2.091,14,195,800,2.0111,13.81,187,859.63,0.26732,0.15201,0.03136,0.24785,0.14572,0.027968,0.23451,0.1386,0.02528,253,252,251,185,192,193,162,164,169,238,229,225,83,84,86,154,157,155,0.52957,0.53101,0.53212
1,9.8024e+05,2.091,13.92,195,800,1.9973,13.755,187.08,907.45,0.32193,0.14628,0.035712,0.29478,0.13301,0.029376,0.27053,0.12365,0.024512,252,250,250,190,187,188,176,174,174,244,243,242,79,80,83,123,126,129,0.52763,0.52958,0.53063
1,9.8034e+05,2.091,13.84,195,800,2.008,13.66,186.64,690.93,0.36816,0.13919,0.038976,0.34127,0.12417,0.032384,0.31411,0.11502,0.027776,251,249,249,186,187,187,186,179,176,248,248,247,82,83,85,122,117,118,0.52138,0.52592,0.52988
1,9.8044e+05,2.091,13.76,195,800,2.0037,13.603,184.94,564.77,0.42861,0.12665,0.03776,0.3625,0.12184,0.031296,0.30406,0.11771,0.026304,250,247,246,187,185,184,175,173,174,255,254,252,91,88,88,111,108,107,0.52258,0.52857,0.53031
1,9.8054e+05,2.091,13.68,195,800,2.027,13.503,188.23,1022.6,0.45154,0.14122,0.045248,0.34277,0.13615,0.035328,0.30178,0.13014,0.03008,249,246,247,183,183,183,170,170,175,255,254,253,88,87,88,110,106,105,0.54305,0.53325,0.52931
1,9.8064e+05,2.091,13.6,195,800,2.0101,13.431,186.6,607.01,0.49117,0.12777,0.043264,0.37419,0.12152,0.03168,0.29543,0.11786,0.025152,250,249,248,179,177,184,195,181,178,250,250,251,89,85,83,115,108,108,0.54168,0.53693,0.53157
1,9.8074e+05,2.091,13.52,195,800,2.0196,13.333,185.44,791.37,0.36794,0.12901,0.035136,0.32203,0.12272,0.02976,0.29767,0.11645,0.0256,247,248,249,189,193,195,194,186,183,233,242,245,77,76,77,119,117,115,0.52774,0.52969,0.53161
1,9.8084e+05,2.091,13.44,195,800,2.0016,13.275,185.42,605.98,0.34592,0.1174,0.028864,0.26248,0.11607,0.022208,0.22004,0.10907,0.017792,248,247,248,210,207,202,184,181,182,231,238,239,74,74,75,123,120,117,0.53346,0.53289,0.53064
1,9.8094e+05,2.091,13.36,195,800,2.008,13.211,186.84,691.56,0.26149,0.13553,0.026304,0.23313,0.13095,0.023104,0.20951,0.12379,0.019904,247,244,244,223,212,209,174,175,180,215,224,226,72,71,71,115,118,122,0.53454,0.53463,0.5335
1,9.8104e+05,2.091,13.28,195,800,2.0122,13.125,184.86,645.75,0.34757,0.12705,0.032576,0.28796,0.11738,0.025664,0.24975,0.11433,0.021632,244,242,243,197,207,213,173,176,179,213,217,217,68,69,70,120,122,124,0.52629,0.52868,0.53003
1,9.8114e+05,2.091,13.2,195,800,2.0175,13.039,186.3,564.62,0.3578,0.12101,0.031552,0.30079,0.11788,0.025792,0.25254,0.11612,0.02176,252,246,244,236,227,221,181,182,182,194,196,197,69,67,67,141,134,131,0.51884,0.52656,0.52797
1,9.8124e+05,2.091,13.12,195,800,2.0058,12.963,186.12,884.8,0.35194,0.12427,0.031296,0.30421,0.11674,0.024576,0.25391,0.11244,0.020096,253,252,249,231,226,218,193,187,183,178,177,177,62,62,64,133,133,134,0.52645,0.52809,0.52925
1,9.8134e+05,2.091,13.04,195,800,2.026,12.878,186.78,950.75,0.34647,0.12703,0.031104,0.2689,0.12107,0.024192,0.23543,0.11539,0.020416,254,252,250,201,206,207,184,184,183,167,168,169,59,62,63,134,133,132,0.53517,0.5346,0.53186
1,9.8144e+05,2.091,12.96,195,800,2.0154,12.798,185.64,965.31,0.30868,0.12927,0.028544,0.26714,0.12222,0.024128,0.23873,0.11946,0.021568,252,249,248,172,175,183,187,187,186,151,154,156,67,61,59,127,127,128,0.53357,0.53018,0.53028
1,9.8154e+05,2.091,12.88,195,800,2.0069,12.725,185.24,739.41,0.31023,0.13496,0.032256,0.28479,0.12854,0.028224,0.26579,0.12438,0.02528,245,246,247,162,169,180,194,190,186,148,151,153,54,58,59,122,122,124,0.53078,0.52984,0.53001
1,9.8164e+05,2.091,12.8,195,800,2.026,12.62,186.68,722.58,0.33152,0.12114,0.029312,0.28434,0.11567,0.024512,0.25979,0.10951,0.021248,249,248,247,181,184,184,179,182,183,145,148,150,63,57,55,113,113,115,0.53352,0.52993,0.52898
1,9.8174e+05,2.091,12.72,195,800,2.0037,12.572,186.97,656.98,0.30641,0.12297,0.027648,0.25263,0.11725,0.022272,0.22568,0.11077,0.019072,254,252,250,191,190,187,169,175,177,151,152,154,48,52,53,103,106,108,0.53532,0.53533,0.53368
1,9.8184e+05,2.091,12.64,195,800,2.0345,12.472,186.26,666.72,0.39105,0.13744,0.039296,0.34237,0.13246,0.033408,0.31373,0.12792,0.029696,253,252,251,182,186,185,176,178,176,157,158,159,49,51,52,104,106,107,0.52437,0.53122,0.53401
1,9.8194e+05,2.091,12.56,195,800,2.009,12.404,185.75,789.07,0.38207,0.1265,0.034688,0.3028,0.1208,0.02688,0.25173,0.11974,0.022528,251,250,250,185,180,182,177,173,172,171,174,176,53,52,52,109,108,106,0.53539,0.53488,0.53561
1,9.8204e+05,2.091,12.48,195,800,2.0186,12.326,185.38,976.93,0.34552,0.12616,0.031168,0.26446,0.12336,0.024384,0.23731,0.11718,0.020992,245,249,250,169,180,187,160,167,171,182,186,185,50,52,54,106,106,104,0.52992,0.53296,0.53499
1,9.8214e+05,2.091,12.4,195,800,2.009,12.248,185.13,388.97,0.31398,0.15122,0.03264,0.27262,0.14819,0.028352,0.24506,0.14715,0.025024,249,248,248,196,201,200,179,174,172,212,205,199,58,57,57,97,97,98,0.52263,0.5295,0.53451
1,9.8224e+05,2.091,12.32,195,800,1.9984,12.177,186.59,751.15,0.32964,0.12675,0.031424,0.29692,0.11631,0.026432,0.27433,0.11161,0.023296,250,248,247,212,213,205,184,185,179,212,206,205,60,59,60,95,94,93,0.53681,0.53826,0.53655
1,9.8234e+05,2.091,12.24,195,800,2.0196,12.081,186.21,847.36,0.25849,0.1251,0.02496,0.2334,0.11886,0.02144,0.22091,0.11348,0.0192,247,249,246,204,206,206,189,185,180,211,209,210,59,60,62,93,93,92,0.53024,0.53357,0.53469
1,9.8244e+05,2.091,12.16,195,800,2.0111,12.02,185.89,841.05,0.26499,0.11971,0.023232,0.22783,0.11431,0.019648,0.21799,0.10696,0.0176,246,247,246,201,207,208,181,183,180,241,232,223,69,70,68,84,88,89,0.53323,0.53403,0.53543
1,9.8254e+05,2.091,12.08,195,800,2.0154,11.937,185.42,704.61,0.30316,0.14297,0.032832,0.27324,0.1366,0.028672,0.26059,0.12875,0.0256,245,247,247,217,215,210,177,180,176,248,237,225,75,75,70,83,86,88,0.52688,0.53546,0.53628
1,9.8264e+05,2.091,12,195,800,2.0133,11.858,185.86,703.65,0.36932,0.12939,0.033216,0.29358,0.12262,0.025984,0.25078,0.12014,0.022272,249,250,251,218,218,216,169,172,174,220,220,220,72,73,71,78,85,87,0.52583,0.53395,0.53658
1,9.8274e+05,2.091,11.92,195,800,2.0217,11.76,186.28,927.84,0.29628,0.12279,0.026752,0.26038,0.11569,0.02208,0.22915,0.11166,0.018432,255,253,252,208,208,208,177,175,173,216,210,208,64,67,69,88,91,92,0.53865,0.53915,0.53786
1,9.8284e+05,2.091,11.84,195,800,2.0281,11.68,186.88,962.82,0.32658,0.12255,0.02976,0.30058,0.11433,0.0256,0.28636,0.10713,0.022336,252,253,252,191,198,200,171,174,174,211,207,203,68,68,68,93,95,96,0.53049,0.53544,0.53709
1,9.8294e+05,2.091,11.76,195,800,2.0101,11.636,185.88,896.57,0.29317,0.12927,0.028736,0.26316,0.12219,0.02432,0.25238,0.11392,0.021632,247,250,250,171,182,191,160,168,172,190,194,196,71,70,69,98,105,107,0.54317,0.53636,0.53593
1,9.8304e+05,2.091,11.68,195,800,2.009,11.54,185.77,768.82,0.31574,0.1242,0.028416,0.26958,0.11631,0.023104,0.23627,0.11167,0.019456,251,250,250,188,188,194,163,169,171,193,190,190,67,69,74,109,112,112,0.53393,0.53757,0.5363
1,9.8314e+05,2.091,11.6,195,800,2.0048,11.471,187.46,680.1,0.2277,0.11599,0.018688,0.1897,0.11402,0.015552,0.16404,0.11172,0.013568,249,251,252,213,215,209,175,169,167,179,180,179,105,96,87,117,121,125,0.54794,0.53973,0.53946
1,9.8324e+05,2.091,11.52,195,800,2.0101,11.384,185.94,832.5,0.24039,0.13563,0.024768,0.2213,0.12905,0.02176,0.20806,0.12258,0.0192,255,254,254,206,206,209,157,163,168,161,161,162,110,107,95,133,137,142,0.5394,0.54376,0.54491
1,9.8334e+05,2.091,11.44,195,800,2.0069,11.302,187.2,671.16,0.29173,0.13514,0.02976,0.26184,0.13008,0.025984,0.2458,0.11984,0.022784,255,255,254,181,197,208,168,169,169,151,151,154,99,96,90,147,151,156,0.54391,0.54496,0.54709
1,9.8344e+05,2.091,11.36,195,800,2.0186,11.231,186.27,688.12,0.34031,0.12584,0.031168,0.30413,0.11833,0.026432,0.27734,0.11449,0.023168,255,255,254,221,217,215,176,176,174,136,139,142,73,73,72,185,189,192,0.54937,0.55175,0.55235
1,9.8354e+05,2.091,11.28,195,800,2.0355,11.13,186.7,902.11,0.25029,0.12542,0.02144,0.20031,0.1214,0.018112,0.18361,0.11837,0.016,255,255,255,241,235,228,171,173,173,136,138,142,58,61,65,206,210,209,0.558,0.55449,0.55375
1,9.8364e+05,2.091,11.2,195,800,2.0196,11.064,185.92,845.25,0.26856,0.13481,0.026816,0.2386,0.13022,0.023168,0.22,0.12488,0.0208,255,255,254,255,251,242,169,167,167,150,152,157,52,55,59,243,236,227,0.55736,0.56011,0.56127
1,9.8374e+05,2.091,11.12,195,800,2.0186,10.991,186,853.81,0.23892,0.13275,0.024576,0.22175,0.12634,0.021632,0.20336,0.11938,0.019072,255,254,253,249,242,235,152,158,163,195,192,194,68,70,77,224,219,207,0.5689,0.56913,0.57114
1,9.8384e+05,2.091,11.04,195,800,2.0069,10.913,185.74,1049.5,0.27267,0.14145,0.02848,0.24279,0.13204,0.024256,0.22019,0.12612,0.02144,255,254,252,236,231,228,157,160,163,217,215,212,85,91,91,196,191,191,0.58136,0.5758,0.56571
1,9.8691e+05,2.184,11,195,800,2.1045,10.916,-0.26915,962.09,0,0,0,0,0,0,0,0,0,249,249,250,217,214,219,167,162,164,247,230,225,128,116,113,159,168,180,0.5396,0.53055,0.52503
1,9.8701e+05,2.184,11.08,195,800,2.0875,11.012,185.47,823.56,0.31963,0.11818,0.020864,0.27524,0.1101,0.0176,0.23901,0.1064,0.015296,252,253,252,237,233,232,167,163,165,181,183,190,65,69,81,192,200,204,0.57448,0.57655,0.57765
1,9.8711e+05,2.184,11.16,195,800,2.1045,11.046,185.96,589.8,0.3269,0.11284,0.023936,0.19907,0.11397,0.01728,0.18655,0.10796,0.015232,254,254,254,243,241,239,165,165,166,161,162,169,56,58,65,202,214,218,0.56385,0.56454,0.56548
1,9.8721e+05,2.184,11.24,195,800,2.0971,11.136,185.58,720.14,0.28569,0.12637,0.027264,0.26527,0.11788,0.023616,0.24757,0.1114,0.02048,255,255,255,245,239,235,169,169,170,136,140,146,65,61,61,235,225,218,0.57038,0.55766,0.55673
1,9.8731e+05,2.184,11.32,195,800,2.1087,11.209,187,607.71,0.32795,0.11514,0.027456,0.29457,0.10637,0.022912,0.25318,0.10137,0.01824,255,255,255,223,227,226,172,171,172,137,140,143,67,66,65,220,213,206,0.55997,0.55822,0.55398
1,9.8741e+05,2.184,11.4,195,800,2.1003,11.298,186.05,888.86,0.31144,0.12857,0.029632,0.27179,0.12022,0.023872,0.23494,0.11636,0.02016,254,254,254,199,198,205,178,174,171,147,147,149,76,74,75,169,168,170,0.55138,0.55044,0.54963
1,9.8751e+05,2.184,11.48,195,800,2.1077,11.376,188.1,631.53,0.3331,0.14194,0.036096,0.31457,0.13436,0.032,0.29774,0.12763,0.028736,253,252,252,224,210,204,163,164,166,165,166,166,83,86,88,148,138,138,0.5504,0.54638,0.54484
1,9.8761e+05,2.184,11.56,195,800,2.0907,11.465,186.36,928.89,0.29929,0.12915,0.027648,0.26014,0.12632,0.023552,0.23185,0.11873,0.019968,252,251,251,241,222,206,157,161,166,182,178,175,91,91,87,128,129,129,0.54845,0.53783,0.53942
1,9.8771e+05,2.184,11.64,195,800,2.0992,11.529,188.5,905.3,0.33631,0.13475,0.033152,0.30913,0.12547,0.028352,0.27877,0.12239,0.024704,246,248,249,207,207,203,166,169,170,185,188,189,73,77,81,124,117,115,0.54134,0.53643,0.53537
1,9.8781e+05,2.184,11.72,195,800,2.1098,11.602,185.49,753.18,0.33685,0.12555,0.030272,0.28366,0.11524,0.024192,0.23966,0.11217,0.020416,245,247,249,194,193,198,175,175,172,183,189,194,68,71,75,112,112,110,0.53558,0.53566,0.53587
1,9.8791e+05,2.184,11.8,195,800,2.1045,11.679,187.5,895.66,0.29284,0.11922,0.025344,0.26016,0.1124,0.020672,0.22466,0.11067,0.017472,251,251,252,198,200,203,172,176,175,194,199,203,70,71,69,102,103,103,0.53965,0.53978,0.53598
1,9.8801e+05,2.184,11.88,195,800,2.1172,11.757,187.26,472.92,0.2778,0.12248,0.026048,0.25616,0.11664,0.022848,0.2396,0.11071,0.020224,255,254,253,232,222,213,176,175,173,200,208,213,68,68,68,99,98,96,0.54503,0.53904,0.53596
1,9.8811e+05,2.184,11.96,195,800,2.1034,11.828,187.26,414.26,0.29652,0.12796,0.0288,0.25331,0.12164,0.023808,0.2209,0.11939,0.020352,254,254,252,213,216,216,172,173,174,204,212,219,67,66,67,94,94,93,0.52993,0.53411,0.53483
1,9.8821e+05,2.184,12.04,195,800,2.1066,11.93,186.32,873.26,0.35053,0.12463,0.029952,0.2778,0.11933,0.023872,0.23394,0.1131,0.020032,248,248,247,205,205,206,177,178,176,224,227,225,66,68,67,90,90,89,0.53384,0.53726,0.53587
1,9.8831e+05,2.184,12.12,195,800,2.1013,12.009,186.85,893.59,0.32453,0.11708,0.027968,0.26749,0.1145,0.023168,0.23893,0.10818,0.01952,243,244,245,202,199,200,185,182,178,225,226,224,70,68,66,93,92,91,0.54321,0.53557,0.53441
1,9.8841e+05,2.184,12.2,195,800,2.1151,12.085,186.85,948.59,0.3059,0.12986,0.029888,0.26685,0.12449,0.02496,0.23814,0.11737,0.020992,233,237,242,184,189,195,176,182,181,201,208,213,58,62,63,97,97,94,0.53083,0.53462,0.53437
1,9.8851e+05,2.184,12.28,195,800,2.1098,12.161,185.42,1092.7,0.36412,0.12996,0.034176,0.31669,0.12201,0.027968,0.28327,0.11705,0.023872,236,240,243,191,195,194,175,179,179,194,200,205,59,58,60,94,96,98,0.52096,0.52908,0.5327
1,9.8861e+05,2.184,12.36,195,800,2.113,12.24,186.6,662.36,0.25019,0.12691,0.023808,0.22834,0.11708,0.020352,0.21045,0.11148,0.017536,237,243,244,200,200,195,173,175,177,200,202,203,57,59,60,94,97,100,0.54376,0.53747,0.53391
1,9.8871e+05,2.184,12.44,195,800,2.1119,12.301,185.73,716.22,0.29821,0.13446,0.030656,0.26766,0.12892,0.026496,0.23757,0.12393,0.022784,243,246,246,206,197,190,166,171,174,200,198,193,55,58,58,101,104,105,0.52614,0.53076,0.53208
1,9.8881e+05,2.184,12.52,195,800,2.1119,12.402,184.24,845.27,0.3549,0.12665,0.032768,0.30457,0.12026,0.026496,0.25877,0.11278,0.021824,242,246,247,186,188,188,169,172,176,184,186,186,55,56,57,103,106,107,0.52729,0.53419,0.53203
1,9.8891e+05,2.184,12.6,195,800,2.1087,12.473,185.61,585.76,0.30976,0.1166,0.026304,0.26963,0.11174,0.021504,0.2345,0.10762,0.018048,250,249,247,180,182,185,178,177,175,162,164,165,51,52,52,105,108,109,0.53435,0.53378,0.53085
1,9.8901e+05,2.184,12.68,195,800,2.1045,12.554,185.79,927.73,0.30187,0.12562,0.02752,0.26231,0.11676,0.022784,0.23545,0.11085,0.01952,244,247,248,191,191,190,165,168,173,144,149,153,47,49,51,108,111,113,0.51913,0.52884,0.53165
1,9.8911e+05,2.184,12.76,195,800,2.0992,12.652,186.15,1024.2,0.32713,0.12714,0.029184,0.27054,0.1213,0.023488,0.2332,0.11858,0.019904,245,246,247,198,195,189,163,167,173,144,146,149,48,50,51,114,115,116,0.52753,0.53127,0.53106
1,9.8921e+05,2.184,12.84,195,800,2.1162,12.693,186.47,1009.3,0.25176,0.12902,0.02432,0.23192,0.11998,0.021056,0.21881,0.11581,0.018688,247,248,247,189,183,182,184,180,177,148,149,148,55,55,56,120,121,122,0.51642,0.5253,0.52939
1,9.8931e+05,2.184,12.92,195,800,2.1098,12.776,185.95,612.33,0.27195,0.13377,0.028224,0.24364,0.1229,0.023488,0.20877,0.12118,0.019968,247,246,247,171,174,180,189,184,179,153,151,150,61,59,57,119,122,125,0.53062,0.52624,0.5274
1,9.8941e+05,2.184,13,195,800,2.1013,12.86,186.6,737.23,0.26512,0.12917,0.022976,0.21057,0.12226,0.0176,0.1545,0.12447,0.014976,241,246,249,188,189,191,175,178,178,158,158,160,57,60,61,129,130,131,0.52063,0.52575,0.52742
1,9.8951e+05,2.184,13.08,195,800,2.1087,12.95,187.24,619,0.281,0.14309,0.030656,0.25876,0.13049,0.025984,0.23983,0.1259,0.022912,248,249,248,229,224,214,175,175,177,175,175,174,69,68,70,139,140,138,0.52647,0.52665,0.52721
1,9.8961e+05,2.184,13.16,195,800,2.1119,13.04,186.08,633.52,0.27297,0.14239,0.029632,0.24589,0.13325,0.02528,0.21946,0.12701,0.021632,244,245,247,235,229,220,172,177,180,188,185,184,77,74,74,146,144,139,0.52689,0.52557,0.52675
1,9.8971e+05,2.184,13.24,195,800,2.1034,13.117,186.91,909.41,0.30964,0.12728,0.028864,0.26955,0.11986,0.023808,0.23482,0.11507,0.020352,239,240,244,221,216,214,189,184,182,208,203,201,71,74,78,141,141,135,0.53559,0.5307,0.5295
1,9.8981e+05,2.184,13.32,195,800,2.1066,13.187,186.77,717.48,0.30741,0.13259,0.029952,0.27213,0.11997,0.02464,0.24577,0.11737,0.021952,239,241,244,205,206,209,182,182,184,213,211,209,70,73,78,137,134,131,0.52363,0.52356,0.52692
1,9.8991e+05,2.184,13.4,195,800,2.1087,13.256,187.05,944.04,0.28191,0.12547,0.026048,0.25622,0.11803,0.022464,0.23391,0.11359,0.01984,249,248,248,201,204,206,184,185,187,237,229,225,78,77,77,122,124,124,0.53877,0.53181,0.5285
1,9.9001e+05,2.184,13.48,195,800,2.1119,13.342,186.94,810.86,0.30062,0.13789,0.031168,0.26337,0.13258,0.026624,0.2381,0.1269,0.023168,252,252,252,218,212,204,192,193,192,248,244,240,77,79,82,123,121,118,0.52884,0.52818,0.52721
1,9.9011e+05,2.184,13.56,195,800,2.0992,13.428,186.39,862.99,0.3377,0.13173,0.02976,0.27992,0.12474,0.024576,0.23839,0.12128,0.020672,254,253,252,206,204,199,186,189,189,252,249,245,79,82,84,113,115,116,0.52022,0.52547,0.52851
1,9.9021e+05,2.184,13.64,195,800,2.1034,13.485,186.51,807.51,0.32425,0.12764,0.029248,0.27225,0.1214,0.024192,0.24469,0.11641,0.020864,252,252,250,180,188,194,170,175,182,254,253,251,88,89,91,103,106,109,0.5296,0.5237,0.52796
1,9.9031e+05,2.184,13.72,195,800,2.1056,13.585,187.34,892.01,0.28728,0.12574,0.026752,0.23962,0.12071,0.021888,0.21365,0.11498,0.01856,247,248,248,189,190,192,172,177,180,253,251,251,92,94,94,104,105,108,0.51738,0.52649,0.52862
1,9.9041e+05,2.184,13.8,195,800,2.0971,13.666,186.6,985.04,0.33282,0.12921,0.032192,0.30567,0.12208,0.027392,0.27709,0.11712,0.023488,242,244,246,197,197,196,191,185,180,244,246,249,98,97,94,101,107,112,0.54077,0.52938,0.52696
1,9.9051e+05,2.184,13.88,195,800,2.1056,13.719,187.98,869.23,0.30494,0.12885,0.029632,0.25722,0.12521,0.024704,0.2308,0.11823,0.021248,251,250,249,191,196,199,182,179,177,239,242,243,88,89,90,119,122,127,0.5347,0.53128,0.52873
1,9.9061e+05,2.184,13.96,195,800,2.1183,13.808,186.05,771.01,0.33116,0.12636,0.031104,0.29031,0.12097,0.026048,0.25661,0.11519,0.022784,254,253,251,200,200,200,174,174,174,233,235,238,87,87,88,132,134,140,0.52816,0.52831,0.52992
1,9.9071e+05,2.184,14.04,195,800,2.0971,13.905,186.87,783.56,0.3416,0.13354,0.03456,0.30621,0.12444,0.029248,0.27636,0.11977,0.025408,253,252,250,201,199,198,170,170,171,210,214,218,92,93,95,160,162,168,0.52531,0.5283,0.52985
1,9.9081e+05,2.184,14.12,195,800,2.1013,13.981,187.1,1122,0.44025,0.12207,0.028224,0.23536,0.12004,0.020352,0.19524,0.11705,0.01728,251,250,248,186,191,196,174,171,169,198,202,209,98,101,105,169,176,183,0.52259,0.52927,0.5308
1,9.9091e+05,2.184,14.2,195,800,2.1183,14.029,187.98,975.18,0.32845,0.13603,0.03296,0.29492,0.13003,0.027968,0.27051,0.12493,0.024256,242,241,241,190,191,195,167,164,164,194,199,207,145,143,142,212,209,205,0.53565,0.53392,0.53541
1,9.9398e+05,2.277,14.24,195,800,2.2064,14.012,0.045338,1117.9,0,0,0,0,0,0,0,0,0,228,234,238,212,204,197,153,158,164,220,217,217,157,160,157,246,237,223,0.55308,0.54139,0.54091
1,9.9408e+05,2.277,14.16,195,800,2.1968,13.95,184.79,1121.2,0.17735,0.12093,0.016448,0.16318,0.11736,0.014784,0.15054,0.1103,0.012608,248,246,243,207,204,199,172,171,170,198,205,210,113,113,117,247,236,224,0.54205,0.5346,0.53488
1,9.9418e+05,2.277,14.08,195,800,2.2,13.88,186.13,753.3,0.19712,0.13636,0.02112,0.18293,0.13016,0.018816,0.17182,0.12415,0.017024,250,248,245,194,201,201,179,175,172,214,215,215,101,101,103,223,219,213,0.53557,0.53207,0.53045
1,9.9428e+05,2.277,14,195,800,2.1862,13.815,185.26,750.41,0.26426,0.15153,0.030976,0.24779,0.14124,0.027136,0.23028,0.13179,0.023616,251,249,247,225,213,203,173,175,176,248,241,234,90,90,90,167,172,174,0.53558,0.52888,0.52694
1,9.9438e+05,2.277,13.92,195,800,2.1968,13.729,186.73,981.52,0.33451,0.15378,0.04,0.31749,0.14279,0.03424,0.28646,0.13445,0.02944,247,247,246,215,210,207,178,179,179,254,252,246,86,89,91,132,132,136,0.51871,0.52273,0.52602
1,9.9448e+05,2.277,13.84,195,800,2.1989,13.654,186.04,754.46,0.43577,0.1312,0.04224,0.33294,0.1218,0.030848,0.29451,0.1144,0.02592,239,245,245,201,208,207,175,180,181,254,252,249,94,96,94,118,119,123,0.52738,0.52586,0.52581
1,9.9458e+05,2.277,13.76,195,800,2.2011,13.586,186.79,1041.7,0.38575,0.12772,0.03712,0.33707,0.11738,0.029312,0.30356,0.10772,0.024,242,244,245,218,208,199,177,180,182,251,250,251,114,105,97,107,108,110,0.53068,0.5255,0.5246
1,9.9468e+05,2.277,13.68,195,800,2.2032,13.507,186.56,1123.9,0.36495,0.13665,0.0384,0.32757,0.12615,0.032064,0.30005,0.11963,0.027456,241,246,246,202,200,197,172,179,183,254,252,252,99,100,97,108,108,108,0.53387,0.52641,0.52519
1,9.9478e+05,2.277,13.6,195,800,2.1936,13.43,186.48,801.07,0.30861,0.12764,0.027968,0.25124,0.12428,0.023872,0.22336,0.11942,0.020672,253,250,248,203,199,196,189,191,190,253,251,248,94,92,91,110,112,113,0.52897,0.52659,0.52713
1,9.9488e+05,2.277,13.52,195,800,2.1809,13.37,186.59,640.06,0.39618,0.11484,0.032896,0.32337,0.10834,0.02592,0.2716,0.102,0.020736,255,252,250,210,208,201,213,204,195,233,235,236,91,89,88,124,122,118,0.52114,0.52761,0.5279
1,9.9498e+05,2.277,13.44,195,800,2.1883,13.274,186.16,789.16,0.34298,0.14158,0.03424,0.29118,0.13404,0.02752,0.25397,0.12501,0.022144,255,253,250,201,203,201,201,199,194,221,225,228,82,85,86,124,123,120,0.52635,0.52713,0.52634
1,9.9508e+05,2.277,13.36,195,800,2.2032,13.184,187.31,857.15,0.38839,0.1355,0.039168,0.35526,0.12306,0.031872,0.30945,0.11619,0.026112,249,248,246,193,196,198,187,190,191,208,210,212,78,82,87,122,122,122,0.52903,0.52734,0.5258
1,9.9518e+05,2.277,13.28,195,800,2.1968,13.116,187.78,1006.5,0.31401,0.11897,0.02528,0.23756,0.11653,0.020224,0.20503,0.11215,0.01728,243,243,244,202,201,199,194,195,189,200,203,206,86,89,92,126,125,124,0.52963,0.53035,0.52705
1,9.9528e+05,2.277,13.2,195,800,2.2011,13.03,185.41,1009.4,0.42954,0.12333,0.037568,0.37618,0.11805,0.028864,0.18837,0.12126,0.017792,244,243,243,203,206,207,196,186,180,185,189,191,113,106,95,134,132,129,0.52705,0.52625,0.52687
1,9.9538e+05,2.277,13.12,195,800,2.2117,12.945,186.4,924.26,0.32115,0.13174,0.031616,0.29525,0.12331,0.0272,0.27386,0.11838,0.024192,252,249,246,213,208,205,155,161,169,171,172,173,75,80,81,136,134,131,0.53369,0.52762,0.5265
1,9.9548e+05,2.277,13.04,195,800,2.1979,12.891,186.43,851.56,0.28012,0.12811,0.027328,0.25401,0.1219,0.023552,0.23866,0.1154,0.020736,252,249,247,201,200,198,160,163,166,161,163,165,60,64,70,134,132,129,0.533,0.52826,0.5261
1,9.9558e+05,2.277,12.96,195,800,2.1936,12.811,187.69,414.57,0.28685,0.12953,0.028032,0.26077,0.12104,0.023936,0.23769,0.11835,0.02144,248,248,247,169,174,184,173,169,169,149,151,152,53,54,55,128,127,125,0.51562,0.52293,0.5238
1,9.9568e+05,2.277,12.88,195,800,2.2148,12.72,187.33,819.5,0.32936,0.1252,0.02976,0.2846,0.11946,0.02464,0.25149,0.11408,0.020736,254,249,246,172,178,184,165,169,171,146,148,150,52,53,53,131,127,124,0.52491,0.52814,0.52703
1,9.9578e+05,2.277,12.8,195,800,2.1745,12.673,186.38,772.33,0.39224,0.1232,0.034752,0.3326,0.11737,0.028352,0.27166,0.11567,0.02304,242,244,245,202,196,188,170,170,171,145,147,148,52,51,51,131,126,120,0.5326,0.52714,0.52774
1,9.9588e+05,2.277,12.72,195,800,2.2,12.572,186.06,914.14,0.28344,0.12643,0.027072,0.25323,0.12088,0.022976,0.21686,0.11602,0.019008,241,241,243,180,185,187,171,173,175,152,152,154,50,49,50,123,118,115,0.52675,0.52728,0.52857
1,9.9598e+05,2.277,12.64,195,800,2.1894,12.476,187.27,1279.2,0.31709,0.12478,0.029824,0.2713,0.11786,0.02432,0.24892,0.11258,0.0208,243,242,243,188,184,182,177,177,176,163,159,158,49,49,51,117,115,113,0.52889,0.53028,0.53035
1,9.9608e+05,2.277,12.56,195,800,2.1957,12.412,186.22,702.34,0.27758,0.12655,0.025216,0.24492,0.11611,0.02048,0.20598,0.11501,0.017664,246,245,244,188,185,183,182,180,177,174,173,173,56,55,55,116,113,111,0.51379,0.52956,0.52996
1,9.9618e+05,2.277,12.48,195,800,2.2011,12.323,187.55,1006.4,0.26681,0.1279,0.025792,0.23873,0.12033,0.022016,0.21543,0.11453,0.0192,246,244,245,183,186,185,183,179,176,181,181,182,62,60,58,116,114,111,0.53667,0.53143,0.53008
1,9.9628e+05,2.277,12.4,195,800,2.2,12.238,186.72,936.38,0.29087,0.12441,0.026752,0.24992,0.11909,0.022144,0.21443,0.11605,0.018816,241,243,244,174,183,189,182,178,176,202,196,193,76,66,61,118,111,107,0.53755,0.53702,0.53251
1,9.9638e+05,2.277,12.32,195,800,2.1915,12.182,186.52,694.91,0.28126,0.12329,0.025472,0.24299,0.1165,0.021376,0.20919,0.11296,0.018048,246,243,242,187,185,189,176,177,177,197,198,198,59,61,62,99,101,102,0.53745,0.53233,0.53042
1,9.9648e+05,2.277,12.24,195,800,2.2106,12.077,185.64,1158.2,0.33183,0.12555,0.030528,0.30173,0.11766,0.02496,0.26683,0.11352,0.02112,248,242,241,188,187,189,186,177,177,208,198,199,64,62,62,103,100,99,0.52838,0.53137,0.53107
1,9.9658e+05,2.277,12.16,195,800,2.1873,12.017,186.41,1258.4,0.30635,0.13166,0.031104,0.28008,0.12177,0.026432,0.25937,0.11887,0.023744,237,239,242,189,190,193,177,177,176,211,207,207,62,64,64,95,96,96,0.53332,0.53271,0.53243
1,9.9668e+05,2.277,12.08,195,800,2.1894,11.928,185.74,1292.8,0.32849,0.12699,0.030464,0.27663,0.11913,0.025344,0.25515,0.11519,0.022336,242,242,244,198,196,195,175,175,174,225,215,211,62,63,65,91,92,94,0.528,0.53278,0.53374
1,9.9678e+05,2.277,12,195,800,2.1968,11.866,185.1,632.07,0.26656,0.13268,0.027072,0.24198,0.12418,0.023168,0.22234,0.12156,0.020992,253,251,249,207,208,209,170,171,173,233,222,215,61,64,67,86,90,95,0.53452,0.53646,0.53665
1,9.9688e+05,2.277,11.92,195,800,2.1947,11.774,186.04,602.61,0.24757,0.12588,0.02272,0.21329,0.12285,0.01952,0.20291,0.11687,0.017792,255,254,252,236,227,215,175,174,171,229,219,211,68,70,70,105,103,102,0.53346,0.53346,0.53501
1,9.9698e+05,2.277,11.84,195,800,2.1798,11.712,187.07,934.49,0.34857,0.11975,0.030528,0.30998,0.11452,0.025216,0.27583,0.10904,0.020928,255,254,252,232,225,212,179,174,173,227,215,208,72,71,71,112,108,106,0.53451,0.53428,0.53483
1,9.9708e+05,2.277,11.76,195,800,2.2064,11.603,186.63,715.43,0.29041,0.15169,0.03104,0.26191,0.14718,0.0272,0.24628,0.13697,0.024128,251,251,250,184,196,203,178,177,174,214,204,199,70,70,73,104,108,112,0.52069,0.5308,0.53351
1,9.9718e+05,2.277,11.68,195,800,2.1979,11.537,186.88,812.5,0.23486,0.21613,0.029504,0.20792,0.13448,0.021568,0.1901,0.13002,0.019456,251,250,249,192,194,200,189,179,172,204,200,195,68,73,76,109,111,113,0.53855,0.53356,0.53445
1,9.9728e+05,2.277,11.6,195,800,2.1894,11.446,187.65,977.86,0.31781,0.1317,0.02944,0.27102,0.12763,0.024512,0.22539,0.12286,0.020672,247,249,250,204,204,201,164,166,167,200,191,183,86,82,79,114,117,121,0.53633,0.53466,0.53476
1,9.9738e+05,2.277,11.52,195,800,2.1841,11.381,185.67,911.95,0.35599,0.12841,0.0336,0.30513,0.12459,0.02816,0.27518,0.11841,0.024384,250,251,252,180,187,196,165,165,164,165,164,164,76,76,78,129,130,136,0.53769,0.53932,0.54009
1,9.9748e+05,2.277,11.44,195,800,2.217,11.284,187.35,1308.8,0.28694,0.14066,0.030976,0.26053,0.13475,0.0272,0.24297,0.13056,0.02464,254,253,253,176,187,196,171,168,166,148,153,156,72,71,74,139,144,149,0.54881,0.54625,0.54677
1,9.9758e+05,2.277,11.36,195,800,2.1883,11.232,185.84,996.14,0.2751,0.1427,0.027968,0.24069,0.13524,0.023232,0.21471,0.1305,0.020352,255,255,255,215,210,207,172,172,169,152,148,144,62,65,66,185,187,188,0.55364,0.55093,0.55054
1,9.9768e+05,2.277,11.28,195,800,2.2095,11.14,187.18,485.51,0.33765,0.12824,0.03104,0.28553,0.12162,0.024064,0.20637,0.11918,0.019072,255,255,255,222,224,221,178,173,169,148,146,143,62,63,64,212,212,207,0.55081,0.55232,0.5534
1,9.9778e+05,2.277,11.2,195,800,2.1862,11.07,187.57,898.22,0.29411,0.13953,0.031232,0.2788,0.13092,0.027584,0.26382,0.12622,0.025152,255,255,255,244,241,232,171,170,169,144,149,155,57,59,62,246,237,226,0.56729,0.55932,0.55858
1,9.9788e+05,2.277,11.12,195,800,2.1989,10.988,186.41,711.11,0.26663,0.13466,0.02592,0.24346,0.12682,0.022592,0.21839,0.12566,0.020096,254,253,252,219,222,226,170,170,169,185,189,193,69,75,86,214,214,212,0.57022,0.56972,0.56942
1,9.9798e+05,2.277,11.04,195,800,2.1904,10.903,186.7,589.56,0.30502,0.13987,0.031296,0.26757,0.13198,0.026368,0.23991,0.12976,0.023552,248,249,250,209,214,219,170,170,169,221,220,215,103,110,104,203,203,202,0.58582,0.58602,0.57235
1,1.001e+06,2.37,11,195,800,2.2891,10.93,-0.26915,814.24,0,0,0,0,0,0,0,0,0,252,248,247,224,212,211,178,173,173,255,245,236,179,139,119,232,206,197,0.51787,0.52685,0.52795
1,1.0012e+06,2.37,11.08,195,800,2.2923,10.993,186.31,726.95,0.20841,0.12247,0.017792,0.18798,0.10994,0.01536,0.16879,0.11077,0.014144,254,253,251,221,220,222,170,171,171,192,193,195,72,76,85,229,224,218,0.57962,0.57809,0.57822
1,1.0012e+06,2.37,11.16,195,800,2.2891,11.087,185.84,1050.6,0.22323,0.1133,0.019072,0.19817,0.10369,0.015808,0.16952,0.10212,0.013056,255,255,254,242,234,226,171,170,170,163,166,172,60,63,69,248,239,227,0.5582,0.55791,0.56001
1,1.0014e+06,2.37,11.24,195,800,2.2891,11.139,185.13,860.93,0.22971,0.13029,0.023104,0.21927,0.12235,0.020416,0.20985,0.11423,0.018432,255,255,255,243,232,225,171,168,169,145,143,146,64,61,61,246,235,222,0.56517,0.55698,0.55649
1,1.0014e+06,2.37,11.32,195,800,2.2987,11.226,185.63,951.17,0.33081,0.11268,0.026496,0.29155,0.10303,0.02112,0.25218,0.099568,0.017792,255,255,255,212,218,217,168,168,168,145,143,143,64,62,62,216,212,206,0.55622,0.55236,0.55056
1,1.0016e+06,2.37,11.4,195,800,2.3093,11.285,188.07,867.79,0.27446,0.1308,0.02688,0.23523,0.12767,0.022848,0.20751,0.12218,0.019392,255,255,254,199,190,193,164,166,167,149,146,147,62,65,69,162,161,163,0.55069,0.54747,0.54642
1,1.0016e+06,2.37,11.48,195,800,2.3018,11.369,187.39,908.1,0.30325,0.13185,0.030592,0.27296,0.12533,0.026368,0.25361,0.11666,0.022784,252,252,252,176,180,190,166,163,163,158,159,162,72,76,78,129,129,133,0.54903,0.54617,0.54263
1,1.0018e+06,2.37,11.56,195,800,2.287,11.445,186.74,1002.8,0.28501,0.12161,0.026112,0.25371,0.11484,0.022016,0.23465,0.10903,0.019072,247,250,251,186,190,192,159,162,164,175,173,171,79,81,81,118,121,125,0.53759,0.53618,0.5359
1,1.0018e+06,2.37,11.64,195,800,2.2881,11.522,186.27,944.9,0.3599,0.12972,0.035328,0.3319,0.12493,0.031232,0.3071,0.11747,0.027072,251,249,249,210,202,196,178,173,168,197,194,190,78,78,79,117,116,117,0.52986,0.53348,0.53334
1,1.002e+06,2.37,11.72,195,800,2.2912,11.608,186.9,1112.9,0.31304,0.12563,0.029504,0.27946,0.11577,0.024448,0.26241,0.10868,0.020992,250,249,249,198,197,198,185,177,170,201,199,195,69,74,77,117,115,115,0.53603,0.53557,0.53395
1,1.002e+06,2.37,11.8,195,800,2.2944,11.683,187.66,744.54,0.29313,0.12741,0.028672,0.27368,0.12301,0.025472,0.26239,0.11422,0.0224,252,251,250,206,205,204,169,171,172,207,208,205,74,74,73,113,112,112,0.52891,0.5327,0.53201
1,1.0022e+06,2.37,11.88,195,800,2.2743,11.779,187.33,1082.5,0.30259,0.12674,0.027776,0.2657,0.12216,0.024064,0.24868,0.11157,0.020736,255,252,251,224,219,211,174,171,169,221,218,211,71,71,71,113,107,104,0.52566,0.5324,0.53317
1,1.0022e+06,2.37,11.96,195,800,2.2912,11.837,186.31,801.25,0.24551,0.12664,0.022336,0.22248,0.12232,0.019072,0.20583,0.11368,0.01696,250,251,250,216,214,210,169,170,170,219,218,214,69,68,69,100,100,99,0.53595,0.5318,0.53194
1,1.0024e+06,2.37,12.04,195,800,2.2743,11.943,188.14,832.15,0.25151,0.14176,0.026432,0.23546,0.13417,0.023104,0.21831,0.12669,0.020608,248,247,246,197,199,200,174,172,170,213,213,212,65,65,66,93,93,94,0.53007,0.5325,0.53109
1,1.0024e+06,2.37,12.12,195,800,2.2965,11.987,186.74,1223.4,0.31046,0.13057,0.030528,0.28497,0.12033,0.0256,0.26308,0.11404,0.022272,240,244,244,188,193,195,178,174,171,205,208,208,67,66,65,97,95,94,0.52075,0.52618,0.52925
1,1.0026e+06,2.37,12.2,195,800,2.2912,12.063,186.93,730.44,0.31979,0.14119,0.0336,0.30041,0.1297,0.028736,0.28304,0.12114,0.025024,244,243,242,187,191,193,178,177,175,196,199,202,66,65,64,100,100,98,0.54131,0.53201,0.52942
1,1.0026e+06,2.37,12.28,195,800,2.3029,12.153,186.51,658.07,0.28386,0.12238,0.02496,0.24654,0.11445,0.020672,0.21235,0.11411,0.018176,251,246,244,212,192,189,184,182,178,195,197,200,63,62,63,104,104,103,0.53102,0.53129,0.53045
1,1.0028e+06,2.37,12.36,195,800,2.2923,12.239,187.26,821.26,0.32551,0.11684,0.027648,0.28491,0.11271,0.022528,0.2528,0.10788,0.01888,237,245,245,175,186,189,179,181,178,189,197,199,63,64,63,104,108,107,0.53042,0.52913,0.52931
1,1.0028e+06,2.37,12.44,195,800,2.287,12.316,186.37,802.66,0.29246,0.13201,0.028864,0.27263,0.12284,0.025984,0.25755,0.11938,0.023232,242,245,245,183,181,183,171,176,176,182,188,190,62,63,61,117,116,111,0.51853,0.52597,0.52784
1,1.003e+06,2.37,12.52,195,800,2.2732,12.383,187.05,959.93,0.27238,0.12184,0.024512,0.23915,0.11856,0.020992,0.20864,0.11505,0.018432,244,245,245,183,181,181,172,175,176,173,179,183,54,58,59,114,115,113,0.52196,0.52628,0.528
1,1.003e+06,2.37,12.6,195,800,2.2817,12.472,186.55,977.03,0.32952,0.13661,0.034368,0.30461,0.12695,0.029632,0.27812,0.12114,0.025984,236,242,244,177,176,176,185,182,177,162,165,166,51,52,53,110,113,112,0.52335,0.52709,0.52779
1,1.0032e+06,2.37,12.68,195,800,2.2912,12.558,185.91,810.12,0.34274,0.1247,0.029568,0.27459,0.1156,0.023232,0.24535,0.11368,0.02016,233,239,243,180,181,182,180,179,177,151,153,156,49,50,51,114,115,115,0.53048,0.52837,0.52766
1,1.0032e+06,2.37,12.76,195,800,2.2934,12.615,185.95,600.21,0.31297,0.13164,0.03072,0.28708,0.12216,0.02688,0.27467,0.11831,0.024384,237,241,244,194,190,186,177,176,174,149,150,152,49,50,51,119,118,117,0.52463,0.52477,0.52407
1,1.0034e+06,2.37,12.84,195,800,2.2891,12.696,185.92,729.26,0.32983,0.1216,0.028736,0.28069,0.11774,0.024064,0.25764,0.11336,0.021312,248,248,246,192,189,187,161,166,169,147,147,148,49,50,51,121,123,121,0.53256,0.52764,0.52576
1,1.0034e+06,2.37,12.92,195,800,2.2796,12.8,186.59,609.17,0.24565,0.13589,0.025728,0.22668,0.12809,0.022144,0.2125,0.12445,0.020352,250,248,246,169,179,186,156,163,168,145,146,149,48,50,52,120,122,122,0.52415,0.52448,0.52476
1,1.0036e+06,2.37,13,195,800,2.2774,12.878,186.55,792.95,0.29812,0.12892,0.02912,0.24542,0.12315,0.022592,0.18891,0.12164,0.018112,245,247,248,176,183,191,165,163,163,153,153,156,53,55,59,120,123,124,0.51781,0.52395,0.52252
1,1.0036e+06,2.37,13.08,195,800,2.2997,12.92,184.88,660.82,0.32293,0.13937,0.033728,0.30228,0.12915,0.029824,0.28562,0.12377,0.026624,250,248,246,207,205,202,155,160,167,169,171,173,86,88,83,122,123,125,0.51778,0.52411,0.52376
1,1.0038e+06,2.37,13.16,195,800,2.2934,13.02,186.4,677.22,0.23001,0.1228,0.020608,0.18284,0.11854,0.016704,0.16299,0.11662,0.014528,242,244,244,206,204,203,164,170,173,182,182,182,129,111,93,118,122,124,0.52527,0.52405,0.52443
1,1.0038e+06,2.37,13.24,195,800,2.2912,13.098,186.23,581.13,0.27503,0.12439,0.024448,0.23212,0.11926,0.02016,0.21165,0.11393,0.017728,239,240,242,188,192,195,206,195,184,197,198,199,123,112,100,111,116,120,0.53596,0.52591,0.52414
1,1.004e+06,2.37,13.32,195,800,2.305,13.17,186.07,660.23,0.22766,0.12118,0.02144,0.21076,0.1152,0.018688,0.20021,0.1062,0.016256,241,242,243,193,192,192,200,195,188,204,203,204,95,96,98,110,114,118,0.51931,0.52384,0.52404
1,1.004e+06,2.37,13.4,195,800,2.2796,13.269,185.1,687.52,0.24866,0.1207,0.02304,0.22547,0.11762,0.02016,0.21351,0.11135,0.018112,253,251,248,196,195,195,186,189,191,211,211,216,82,88,92,114,116,118,0.52151,0.52352,0.52361
1,1.0042e+06,2.37,13.48,195,800,2.2806,13.346,186.2,771.45,0.31956,0.12899,0.030272,0.29478,0.11905,0.025984,0.27469,0.1145,0.02272,248,248,248,197,198,196,204,201,196,228,229,232,93,93,94,119,119,117,0.51582,0.52091,0.52263
1,1.0042e+06,2.37,13.56,195,800,2.2902,13.417,184.35,1006.3,0.29613,0.11893,0.02624,0.26948,0.11148,0.022272,0.25204,0.10573,0.019712,245,246,247,200,196,192,204,202,197,244,242,240,96,93,93,114,116,116,0.51792,0.52524,0.52436
1,1.0044e+06,2.37,13.64,195,800,2.3029,13.481,186.77,935.68,0.22288,0.13554,0.023104,0.2101,0.12837,0.020672,0.19473,0.12248,0.018432,242,244,245,179,186,192,185,187,191,255,254,251,89,93,95,110,110,111,0.52093,0.52346,0.52256
1,1.0044e+06,2.37,13.72,195,800,2.2944,13.566,185.77,1055.3,0.30679,0.13066,0.029888,0.28661,0.12233,0.026304,0.26691,0.11731,0.023296,242,244,245,198,197,194,183,182,187,255,254,252,93,97,97,107,108,110,0.50809,0.52044,0.52204
1,1.0046e+06,2.37,13.8,195,800,2.2934,13.654,185.98,828.11,0.31945,0.12942,0.028736,0.25397,0.1265,0.022464,0.20542,0.12107,0.01888,247,244,243,223,213,202,180,182,182,255,253,251,99,98,96,109,113,118,0.53192,0.52543,0.52215
1,1.0046e+06,2.37,13.88,195,800,2.2955,13.734,186.2,958.74,0.28591,0.13504,0.029312,0.25532,0.13027,0.02528,0.23928,0.12178,0.022464,246,244,243,211,208,205,178,180,179,255,251,246,83,87,91,135,139,146,0.52008,0.52603,0.52551
1,1.0048e+06,2.37,13.96,195,800,2.2976,13.815,187.74,663.79,0.29654,0.12935,0.028992,0.27563,0.11852,0.024576,0.25342,0.11512,0.021632,248,244,243,215,210,202,180,176,177,250,246,242,83,86,90,159,163,167,0.52516,0.52736,0.52771
1,1.0048e+06,2.37,14.04,195,800,2.3018,13.901,187.55,570.12,0.31139,0.12726,0.030144,0.28338,0.12071,0.026176,0.25616,0.11618,0.022912,242,243,243,199,199,199,170,174,177,235,231,227,91,93,95,226,219,211,0.53398,0.52947,0.52741
1,1.005e+06,2.37,14.12,195,800,2.2944,13.97,186.31,547.17,0.41906,0.12331,0.036096,0.28777,0.12216,0.026688,0.23999,0.11785,0.021568,247,244,243,196,197,198,176,176,175,224,220,218,97,99,102,247,239,227,0.52999,0.52987,0.52886
1,1.005e+06,2.37,14.2,195,800,2.2859,14.034,187.63,810.04,0.29501,0.12125,0.026816,0.26125,0.11464,0.022336,0.23654,0.11063,0.019072,239,238,239,211,203,196,162,166,171,197,204,214,115,121,129,250,244,233,0.52883,0.53426,0.53453
1,1.0081e+06,2.463,14.24,195,800,2.3804,14.029,0.59155,1189.3,0,0,0,0,0,0,0,0,0,245,242,240,192,190,189,179,177,175,203,212,220,121,128,136,211,216,220,0.54094,0.5422,0.54033
1,1.0082e+06,2.463,14.16,195,800,2.3931,13.948,185.64,1015.9,0.20412,0.12768,0.017344,0.13849,0.1247,0.013568,0.12643,0.11587,0.011712,234,237,239,178,182,187,189,184,179,222,218,217,101,104,108,251,248,242,0.52697,0.5293,0.52948
1,1.0083e+06,2.463,14.08,195,800,2.3708,13.895,187.2,740.45,0.22087,0.13008,0.021888,0.20583,0.1249,0.019456,0.20052,0.11786,0.017408,234,236,238,177,182,187,192,186,181,228,224,222,103,102,102,255,253,244,0.52517,0.52329,0.52419
1,1.0084e+06,2.463,14,195,800,2.392,13.795,187.85,897.49,0.26329,0.12792,0.02528,0.24276,0.12093,0.021632,0.19659,0.11591,0.0176,234,237,240,184,186,190,174,178,180,222,228,235,92,93,95,236,228,217,0.52036,0.52468,0.52395
1,1.0085e+06,2.463,13.92,195,800,2.3973,13.712,185.88,1150,0.31933,0.13433,0.032576,0.26604,0.12863,0.02656,0.24632,0.12356,0.023488,233,238,242,185,189,196,178,179,180,242,244,245,91,89,91,158,163,168,0.51816,0.52089,0.52213
1,1.0086e+06,2.463,13.84,195,800,2.4016,13.624,187.85,791.49,0.33562,0.13913,0.036224,0.30461,0.12953,0.030272,0.28062,0.11934,0.0256,234,240,243,185,193,199,186,183,181,247,250,249,91,91,91,133,138,145,0.51639,0.52333,0.52265
1,1.0087e+06,2.463,13.76,195,800,2.3719,13.597,185.82,909.54,0.38823,0.12486,0.035136,0.27104,0.12131,0.024896,0.24291,0.11202,0.02048,245,245,244,197,193,190,189,188,187,253,253,253,92,94,94,114,116,119,0.52116,0.52068,0.52032
1,1.0088e+06,2.463,13.68,195,800,2.3835,13.511,187.36,679.34,0.36698,0.13233,0.03744,0.32986,0.12397,0.031552,0.29873,0.1169,0.027008,244,244,243,169,176,184,184,190,192,252,254,253,97,96,95,110,112,115,0.53295,0.52412,0.5206
1,1.0089e+06,2.463,13.6,195,800,2.374,13.421,188.84,821.66,0.30342,0.12146,0.027264,0.25975,0.11607,0.022336,0.22757,0.10963,0.018944,236,239,240,158,164,173,218,207,196,251,250,247,91,92,94,112,114,114,0.5216,0.51975,0.51966
1,1.009e+06,2.463,13.52,195,800,2.3772,13.352,187.14,912.2,0.31762,0.12336,0.02752,0.22665,0.12188,0.021696,0.21182,0.11685,0.019392,237,240,243,186,182,178,190,193,193,227,230,233,97,101,101,117,115,114,0.51073,0.51784,0.5198
1,1.0091e+06,2.463,13.44,195,800,2.3729,13.273,186.46,965.84,0.35026,0.12469,0.032192,0.3119,0.11777,0.026752,0.27258,0.11463,0.023168,244,245,245,186,184,182,174,182,188,214,220,226,128,115,101,112,113,113,0.5199,0.5221,0.52257
1,1.0092e+06,2.463,13.36,195,800,2.3666,13.207,185.37,769.12,0.31853,0.11789,0.026368,0.25275,0.1114,0.020032,0.20293,0.10822,0.016192,248,246,245,183,180,179,182,182,183,206,210,214,101,103,99,104,106,109,0.52832,0.52513,0.52304
1,1.0093e+06,2.463,13.28,195,800,2.3825,13.113,187.19,475.82,0.36247,0.12109,0.02784,0.26418,0.11761,0.021248,0.22648,0.11339,0.01792,237,240,243,168,173,180,182,184,183,207,210,211,81,92,98,104,106,109,0.52646,0.52257,0.52263
1,1.0094e+06,2.463,13.2,195,800,2.3804,13.035,188.12,547.26,0.28235,0.11827,0.024768,0.23845,0.1122,0.020544,0.21848,0.10687,0.017792,233,237,242,178,187,195,173,176,177,204,202,197,103,100,91,109,109,111,0.51654,0.52117,0.52131
1,1.0095e+06,2.463,13.12,195,800,2.3942,12.941,187.64,924.4,0.31121,0.11805,0.027584,0.2753,0.11284,0.023296,0.25471,0.10637,0.020352,249,247,245,234,219,206,167,164,166,172,174,175,75,78,77,110,112,114,0.50873,0.5201,0.52094
1,1.0096e+06,2.463,13.04,195,800,2.3697,12.886,186.21,825.19,0.31307,0.11336,0.024704,0.24764,0.11193,0.020928,0.22137,0.10806,0.017856,248,247,246,211,211,206,158,160,162,157,160,164,58,62,66,113,114,115,0.51404,0.51948,0.52145
1,1.0097e+06,2.463,12.96,195,800,2.3772,12.801,186.31,743.2,0.25168,0.12008,0.022144,0.19349,0.11739,0.017472,0.17233,0.1127,0.015104,239,242,245,190,189,193,155,160,164,144,148,153,51,51,52,113,114,116,0.52836,0.52418,0.52277
1,1.0098e+06,2.463,12.88,195,800,2.3942,12.701,187.35,825.05,0.27411,0.1375,0.02848,0.24951,0.12998,0.024576,0.23214,0.12313,0.02144,241,242,244,184,190,192,166,167,168,144,148,153,50,50,51,112,114,116,0.5162,0.51998,0.52128
1,1.0099e+06,2.463,12.8,195,800,2.3634,12.654,186.21,592.81,0.3241,0.12636,0.030208,0.28015,0.1197,0.024768,0.24221,0.11676,0.02112,249,248,246,199,195,190,174,175,175,157,157,157,52,52,52,111,112,113,0.51776,0.52229,0.52204
1,1.01e+06,2.463,12.72,195,800,2.3814,12.555,186.83,1071.1,0.31416,0.12691,0.029952,0.27213,0.11922,0.023936,0.24905,0.11,0.02016,249,246,244,162,170,177,180,180,179,155,160,165,55,54,54,104,107,111,0.53167,0.52463,0.52334
1,1.0101e+06,2.463,12.64,195,800,2.3761,12.499,188.1,839.89,0.34274,0.12177,0.028864,0.28409,0.11326,0.02272,0.25055,0.10651,0.019008,243,244,244,147,157,169,185,181,178,159,164,170,55,55,54,109,108,110,0.52566,0.52374,0.52483
1,1.0102e+06,2.463,12.56,195,800,2.3655,12.409,186.79,776.09,0.21991,0.12337,0.020864,0.20382,0.11402,0.018048,0.18757,0.10953,0.016,247,245,245,160,164,173,163,168,173,181,182,183,55,55,56,110,110,110,0.52221,0.52299,0.52325
1,1.0103e+06,2.463,12.48,195,800,2.3761,12.332,187.5,704.58,0.26776,0.12428,0.025088,0.24012,0.11872,0.021568,0.22321,0.11002,0.018368,249,247,246,178,180,181,159,164,171,191,190,191,55,56,58,111,110,110,0.52508,0.52689,0.52544
1,1.0104e+06,2.463,12.4,195,800,2.3782,12.24,185.59,973.37,0.28943,0.13142,0.027904,0.25816,0.12208,0.023744,0.22808,0.11758,0.020288,250,249,248,197,195,194,177,175,173,207,206,203,62,62,62,108,107,107,0.52349,0.52394,0.52592
1,1.0105e+06,2.463,12.32,195,800,2.3751,12.176,188.41,990.03,0.26216,0.12677,0.02496,0.239,0.11903,0.021248,0.22048,0.1144,0.0192,247,247,247,194,194,193,186,179,174,212,209,205,61,63,65,101,101,102,0.53553,0.52878,0.52691
1,1.0106e+06,2.463,12.24,195,800,2.3835,12.091,186.03,786.96,0.2566,0.11505,0.02176,0.22776,0.11166,0.019136,0.20616,0.10884,0.016896,246,245,245,201,193,190,171,171,171,202,203,205,63,63,65,98,99,100,0.52771,0.52685,0.52772
1,1.0107e+06,2.463,12.16,195,800,2.3888,11.998,187.85,792.58,0.25356,0.1208,0.022912,0.2323,0.11405,0.019712,0.21031,0.1098,0.017792,241,242,244,191,190,190,160,163,166,205,202,203,66,66,65,96,97,98,0.53405,0.52839,0.52694
1,1.0108e+06,2.463,12.08,195,800,2.3952,11.909,188.87,713.68,0.31412,0.12103,0.02624,0.25978,0.11339,0.020992,0.22051,0.11249,0.0176,246,244,244,195,192,191,165,164,165,204,204,205,67,66,66,97,97,98,0.53466,0.5289,0.52655
1,1.0109e+06,2.463,12,195,800,2.3793,11.852,186.9,895.69,0.364,0.11914,0.030464,0.27387,0.11692,0.023552,0.22751,0.11291,0.019648,247,246,245,198,197,197,164,164,165,207,207,208,68,68,68,96,97,102,0.53237,0.53012,0.52842
1,1.011e+06,2.463,11.92,195,800,2.3857,11.764,187.85,911.24,0.25856,0.12799,0.02464,0.2316,0.12073,0.020992,0.21539,0.11716,0.019136,243,247,247,193,195,197,160,162,164,205,204,204,73,74,74,105,109,111,0.53168,0.53222,0.53254
1,1.0111e+06,2.463,11.84,195,800,2.3888,11.704,186.84,632.86,0.30432,0.13069,0.029312,0.26538,0.12054,0.024448,0.24719,0.11613,0.022016,252,248,247,191,192,194,164,164,165,196,198,202,79,78,77,115,117,116,0.53688,0.5339,0.53244
1,1.0112e+06,2.463,11.76,195,800,2.3772,11.619,187.29,990.58,0.32913,0.12983,0.031424,0.27435,0.12431,0.026048,0.24496,0.12151,0.022528,245,245,247,195,189,191,165,165,167,201,195,194,79,77,77,122,123,122,0.52903,0.53054,0.53121
1,1.0113e+06,2.463,11.68,195,800,2.3825,11.552,186.51,561.21,0.27271,0.11993,0.024256,0.23843,0.1146,0.02016,0.20867,0.11239,0.0176,245,245,247,190,191,190,160,164,165,192,192,190,69,75,78,123,123,123,0.53132,0.5334,0.53119
1,1.0114e+06,2.463,11.6,195,800,2.3655,11.456,188,746.42,0.29434,0.12668,0.027904,0.26607,0.11974,0.023936,0.24827,0.11319,0.021248,251,250,249,197,194,191,157,159,163,173,174,175,87,83,79,122,123,123,0.53647,0.53337,0.53146
1,1.0115e+06,2.463,11.52,195,800,2.3825,11.366,187.15,946.46,0.24814,0.12683,0.024064,0.21961,0.1199,0.020544,0.19913,0.11551,0.018048,254,253,252,183,184,187,160,160,163,153,154,157,95,84,77,128,127,130,0.53305,0.53394,0.53455
1,1.0116e+06,2.463,11.44,195,800,2.3825,11.304,187.78,1009,0.33379,0.13352,0.0336,0.29567,0.1294,0.0288,0.26158,0.12433,0.024896,255,254,253,174,180,186,161,164,165,144,145,149,80,76,73,134,136,139,0.54261,0.54388,0.54234
1,1.0117e+06,2.463,11.36,195,800,2.3655,11.226,186.9,887.07,0.29512,0.11703,0.025024,0.2523,0.11162,0.020672,0.22207,0.10457,0.017024,255,254,254,186,190,197,171,167,166,133,135,139,62,62,65,166,170,175,0.54001,0.54674,0.54685
1,1.0118e+06,2.463,11.28,195,800,2.3761,11.146,185.76,807.68,0.22615,0.12388,0.021696,0.21528,0.11533,0.018944,0.20578,0.109,0.017088,255,255,254,198,204,208,163,165,166,131,134,139,58,60,62,194,198,198,0.55734,0.55313,0.55144
1,1.0119e+06,2.463,11.2,195,800,2.374,11.078,188.48,711.4,0.25432,0.12397,0.023552,0.22809,0.11891,0.020416,0.20875,0.11117,0.01792,255,255,255,230,227,220,164,166,168,148,150,155,60,60,62,252,245,232,0.55854,0.55602,0.55667
1,1.012e+06,2.463,11.12,195,800,2.3782,10.983,187.04,895.63,0.28778,0.12441,0.025856,0.24853,0.12328,0.022592,0.22012,0.11853,0.019712,254,253,252,209,210,214,185,179,173,195,196,197,68,71,80,231,227,223,0.56978,0.56639,0.56752
1,1.0121e+06,2.463,11.04,195,800,2.3825,10.903,186.13,896.16,0.29703,0.12186,0.027136,0.25801,0.11654,0.022592,0.22692,0.11365,0.019584,250,250,250,196,203,208,187,181,176,228,225,218,82,90,94,194,201,209,0.58613,0.57995,0.57018
1,1.0152e+06,2.556,11,195,800,2.4674,10.929,0.45252,869.06,0,0,0,0,0,0,0,0,0,245,247,247,181,191,197,176,179,178,255,244,232,100,95,95,150,167,173,0.52563,0.52828,0.52756
1,1.0153e+06,2.556,11.08,195,800,2.4727,11.003,187.55,944.22,0.27079,0.1193,0.019392,0.15517,0.12059,0.0144,0.1457,0.11292,0.012928,253,253,251,205,207,208,170,172,171,187,190,192,64,68,75,236,219,201,0.57901,0.5769,0.57673
1,1.0154e+06,2.556,11.16,195,800,2.479,11.053,186.59,570.09,0.21714,0.1213,0.019392,0.17795,0.11452,0.015744,0.1598,0.10928,0.013248,255,254,253,210,214,212,162,166,168,160,164,169,59,61,66,248,232,211,0.5606,0.55832,0.55937
1,1.0155e+06,2.556,11.24,195,800,2.479,11.123,186.08,722.25,0.24653,0.12693,0.02432,0.21703,0.12429,0.020928,0.19678,0.11774,0.017984,255,255,254,217,213,209,160,162,165,132,136,141,59,63,65,208,204,196,0.54887,0.54959,0.55021
1,1.0156e+06,2.556,11.32,195,800,2.461,11.24,186.59,864.64,0.27194,0.1235,0.024448,0.23097,0.11949,0.020288,0.20649,0.11259,0.017344,255,254,253,204,204,203,166,167,167,131,134,137,70,69,67,177,178,178,0.55719,0.54572,0.54533
1,1.0157e+06,2.556,11.4,195,800,2.4727,11.308,186.47,1162.1,0.26244,0.14451,0.028928,0.22389,0.13734,0.024,0.20216,0.13284,0.020864,248,251,252,190,191,193,173,172,170,141,141,142,68,73,74,135,137,142,0.5402,0.5405,0.5408
1,1.0158e+06,2.556,11.48,195,800,2.4769,11.369,187.82,846.44,0.32123,0.11867,0.026368,0.23991,0.11655,0.020416,0.20141,0.11479,0.01728,251,252,252,193,194,194,165,165,167,154,155,154,75,77,77,117,121,125,0.54496,0.53796,0.53629
1,1.0159e+06,2.556,11.56,195,800,2.4843,11.44,188.67,899.64,0.26628,0.12131,0.024448,0.24459,0.11451,0.021248,0.22531,0.10988,0.018496,253,252,252,195,195,194,163,163,164,167,164,161,74,78,79,123,122,123,0.53112,0.53058,0.53032
1,1.016e+06,2.556,11.64,195,800,2.4631,11.526,185.83,706.72,0.30332,0.13529,0.031808,0.27199,0.12646,0.02688,0.24412,0.12574,0.024,244,246,248,183,185,188,161,162,163,178,178,176,77,78,79,128,126,124,0.53066,0.52881,0.52817
1,1.0161e+06,2.556,11.72,195,800,2.4737,11.623,186.93,944.65,0.4198,0.11738,0.034688,0.37783,0.10955,0.028416,0.34317,0.10317,0.02368,241,244,246,176,178,183,166,164,163,184,184,182,78,79,80,127,127,125,0.52924,0.529,0.52926
1,1.0162e+06,2.556,11.8,195,800,2.4769,11.688,187.24,1003.4,0.32234,0.12349,0.027648,0.24156,0.11591,0.020928,0.19698,0.11485,0.01728,242,244,245,170,178,183,167,166,163,187,192,192,84,84,81,130,129,124,0.5346,0.52684,0.52746
1,1.0163e+06,2.556,11.88,195,800,2.4737,11.747,186.71,727.44,0.35125,0.12566,0.031488,0.29371,0.12235,0.025216,0.24636,0.11748,0.021376,247,246,245,193,191,190,155,159,161,199,199,199,80,79,76,125,121,116,0.53998,0.53435,0.5315
1,1.0164e+06,2.556,11.96,195,800,2.4737,11.839,186.77,686.79,0.31272,0.14226,0.03232,0.28239,0.1337,0.02816,0.26063,0.12656,0.024896,243,244,245,189,192,193,154,158,161,203,203,203,69,71,73,110,111,111,0.51769,0.52515,0.52773
1,1.0165e+06,2.556,12.04,195,800,2.4727,11.922,187.24,549.95,0.34517,0.13412,0.034496,0.31919,0.12858,0.029888,0.28985,0.11752,0.024832,239,242,243,192,191,192,166,163,161,210,208,206,65,66,67,103,103,103,0.54773,0.5284,0.52611
1,1.0166e+06,2.556,12.12,195,800,2.4621,12.017,186.95,1018.3,0.3073,0.13654,0.031552,0.29213,0.12273,0.027264,0.27792,0.12011,0.02464,239,241,243,188,188,190,158,160,162,214,209,206,65,65,66,109,103,100,0.51601,0.52592,0.52603
1,1.0167e+06,2.556,12.2,195,800,2.4663,12.07,186.77,935.52,0.2985,0.12883,0.0288,0.25678,0.12245,0.02368,0.23019,0.11618,0.020544,244,243,244,175,181,189,157,159,164,201,207,211,66,65,65,95,97,98,0.51435,0.51944,0.5232
1,1.0168e+06,2.556,12.28,195,800,2.479,12.151,186.9,710.25,0.30795,0.1261,0.02976,0.28541,0.11957,0.025856,0.26879,0.11159,0.022528,249,248,248,183,190,197,165,168,169,218,220,216,66,67,65,99,97,98,0.52523,0.52875,0.5272
1,1.0169e+06,2.556,12.36,195,800,2.4875,12.232,187.51,1036.4,0.24723,0.13036,0.024192,0.21982,0.12635,0.021312,0.20155,0.12114,0.01888,251,251,250,204,203,203,170,169,170,232,222,215,72,67,64,96,99,101,0.51833,0.52117,0.52241
1,1.017e+06,2.556,12.44,195,800,2.4727,12.323,185.86,754.25,0.33625,0.12579,0.030848,0.29233,0.1223,0.026176,0.26629,0.11386,0.022656,252,252,250,233,215,200,168,169,171,207,208,208,60,61,60,110,106,105,0.51858,0.52344,0.52371
1,1.0171e+06,2.556,12.52,195,800,2.4674,12.397,187.1,827.08,0.30083,0.13067,0.029824,0.26452,0.12645,0.025664,0.24262,0.11899,0.022144,249,249,249,199,195,191,175,172,171,206,204,201,59,58,58,108,107,106,0.53111,0.52521,0.52276
1,1.0172e+06,2.556,12.6,195,800,2.4599,12.487,186.55,930.49,0.33227,0.12473,0.030272,0.27259,0.12323,0.024704,0.23617,0.11744,0.020544,243,244,247,147,158,173,179,177,175,207,197,187,58,57,56,110,108,107,0.52007,0.52079,0.5213
1,1.0173e+06,2.556,12.68,195,800,2.4939,12.54,187.37,742.27,0.27431,0.12082,0.023872,0.23404,0.11539,0.01984,0.21033,0.10899,0.016832,252,250,248,192,185,181,181,177,177,179,178,175,55,55,55,111,109,108,0.52148,0.52196,0.52147
1,1.0174e+06,2.556,12.76,195,800,2.4663,12.634,187.93,801.71,0.33358,0.13094,0.032704,0.29444,0.12402,0.027456,0.27026,0.12042,0.024,250,250,248,208,199,189,179,177,177,173,171,169,55,55,54,115,112,110,0.51791,0.52071,0.5216
1,1.0175e+06,2.556,12.84,195,800,2.4812,12.722,187.3,922.2,0.28614,0.13194,0.027968,0.24867,0.125,0.023936,0.23097,0.11892,0.020992,245,244,245,197,197,195,187,180,175,172,166,161,53,53,53,116,114,111,0.5247,0.5244,0.52135
1,1.0176e+06,2.556,12.92,195,800,2.4801,12.795,187.85,1035.3,0.30918,0.12786,0.0288,0.25838,0.11984,0.023488,0.22696,0.11642,0.02016,241,241,244,194,195,194,182,178,172,165,162,159,52,52,52,111,113,113,0.52507,0.52353,0.52096
1,1.0177e+06,2.556,13,195,800,2.4865,12.862,187.57,915.74,0.33895,0.12545,0.031424,0.29756,0.11919,0.025984,0.25873,0.11106,0.021568,245,244,246,203,203,204,165,164,164,156,157,159,50,52,54,118,115,113,0.51772,0.52011,0.51833
1,1.0178e+06,2.556,13.08,195,800,2.4822,12.934,187.21,920.84,0.28031,0.12001,0.024384,0.24163,0.1135,0.019968,0.2205,0.11058,0.017216,253,251,248,237,225,211,162,162,163,175,174,173,58,59,62,114,114,113,0.51803,0.5177,0.51689
1,1.0179e+06,2.556,13.16,195,800,2.4812,13.02,187.21,697.5,0.29796,0.13106,0.028928,0.274,0.12444,0.024896,0.25,0.11833,0.022208,252,249,247,235,219,206,166,167,166,192,189,185,62,64,67,115,113,112,0.513,0.51781,0.51735
1,1.018e+06,2.556,13.24,195,800,2.4748,13.103,188.42,784.35,0.29499,0.13094,0.028672,0.25139,0.12501,0.023808,0.22874,0.11958,0.020992,245,243,244,167,178,188,184,177,172,220,215,207,67,69,76,110,111,110,0.51291,0.51755,0.51809
1,1.0181e+06,2.556,13.32,195,800,2.4674,13.197,187.04,1040,0.30098,0.12936,0.029632,0.26999,0.12556,0.025792,0.24617,0.1186,0.022336,246,244,243,169,171,178,179,177,174,228,223,215,69,77,84,111,109,109,0.53689,0.52484,0.52113
1,1.0182e+06,2.556,13.4,195,800,2.479,13.266,187.08,881.65,0.32201,0.1219,0.028288,0.28519,0.11776,0.023424,0.24284,0.11368,0.019456,250,246,242,166,170,172,176,176,177,234,231,226,114,104,94,106,108,111,0.52311,0.52067,0.51868
1,1.0183e+06,2.556,13.48,195,800,2.4631,13.341,187.47,957.58,0.27978,0.13034,0.027456,0.25227,0.12582,0.024,0.23124,0.11697,0.0208,235,236,239,161,162,165,185,186,187,244,240,238,90,96,99,117,117,116,0.52313,0.51957,0.51954
1,1.0184e+06,2.556,13.56,195,800,2.4737,13.412,187.03,687.02,0.30684,0.12396,0.02848,0.26828,0.1168,0.023552,0.24127,0.11307,0.020224,236,236,237,158,159,163,193,193,191,250,247,243,91,93,96,121,120,118,0.51389,0.51623,0.51809
1,1.0185e+06,2.556,13.64,195,800,2.4833,13.49,185.79,649.02,0.26264,0.13529,0.02528,0.22239,0.12877,0.02144,0.20213,0.12145,0.018752,240,238,238,161,164,169,190,191,192,254,252,251,99,98,94,116,117,119,0.5201,0.51974,0.51932
1,1.0186e+06,2.556,13.72,195,800,2.4652,13.592,186.97,820.07,0.30833,0.12391,0.028992,0.27905,0.11501,0.02464,0.25529,0.11187,0.022144,234,239,241,176,176,178,184,187,190,251,252,252,95,95,95,116,118,121,0.52925,0.52239,0.52046
1,1.0187e+06,2.556,13.8,195,800,2.4621,13.671,186.68,1402.9,0.28288,0.12035,0.024576,0.23652,0.11509,0.020032,0.20017,0.11481,0.01664,254,247,243,209,199,191,190,186,182,253,251,250,90,91,91,136,134,136,0.51833,0.52115,0.51879
1,1.0188e+06,2.556,13.88,195,800,2.4801,13.729,186.81,953.78,0.27596,0.12075,0.02464,0.24585,0.11559,0.020992,0.23057,0.10822,0.018432,247,246,244,182,188,193,167,175,179,253,247,244,89,91,92,180,181,179,0.526,0.52042,0.51922
1,1.0189e+06,2.556,13.96,195,800,2.4737,13.795,186.15,511.75,0.24776,0.12637,0.024,0.22697,0.11966,0.02112,0.21626,0.11297,0.01888,245,244,243,179,185,191,171,176,180,242,241,240,95,95,94,232,216,203,0.51927,0.51851,0.52059
1,1.019e+06,2.556,14.04,195,800,2.4727,13.891,186.36,770.61,0.3081,0.12825,0.029056,0.25666,0.1241,0.024256,0.23132,0.11879,0.021184,241,240,240,194,190,187,197,191,183,234,233,231,112,106,101,255,252,240,0.51705,0.51985,0.52131
1,1.0191e+06,2.556,14.12,195,800,2.4705,13.985,185.39,1067,0.36908,0.11623,0.028672,0.29788,0.10881,0.02144,0.22915,0.10969,0.016576,236,237,239,191,185,183,191,189,183,234,230,225,111,107,106,255,252,242,0.52179,0.52116,0.5233
1,1.0192e+06,2.556,14.2,195,800,2.4599,14.065,185.49,1110.8,0.15944,0.10814,0.013248,0.14155,0.10301,0.011392,0.13216,0.099328,0.010176,238,239,240,169,176,183,170,176,181,212,214,218,107,115,125,228,226,224,0.53599,0.52978,0.53148
1,1.0223e+06,2.649,14.24,195,800,2.5639,14.024,0.38631,870.36,0,0,0,0,0,0,0,0,0,238,241,243,169,175,182,178,175,175,211,212,217,172,167,160,186,194,202,0.52647,0.5282,0.53096
1,1.0224e+06,2.649,14.16,195,800,2.5618,13.962,184.77,532.8,0.13268,0.115,0.012096,0.12251,0.10756,0.010496,0.11726,0.10262,0.009536,241,240,241,169,175,181,168,171,176,209,212,214,119,122,128,226,218,215,0.52822,0.52537,0.52551
1,1.0225e+06,2.649,14.08,195,800,2.5703,13.883,184.57,689.53,0.1985,0.14796,0.022656,0.19184,0.13911,0.020672,0.18196,0.13416,0.019008,244,243,242,195,188,186,180,177,176,225,222,220,102,106,112,242,231,220,0.51778,0.52074,0.52188
1,1.0226e+06,2.649,14,195,800,2.5575,13.802,185.64,1267.7,0.2375,0.14009,0.02592,0.22725,0.13135,0.02304,0.22131,0.12382,0.02112,251,247,244,209,205,197,183,178,176,243,240,236,90,92,94,221,215,209,0.51954,0.52168,0.52115
1,1.0227e+06,2.649,13.92,195,800,2.5713,13.727,186.36,1069.2,0.32444,0.14139,0.035072,0.30721,0.12937,0.03072,0.27937,0.11946,0.0256,243,247,247,197,202,199,174,173,175,247,247,247,84,88,90,162,168,174,0.50813,0.51534,0.51711
1,1.0228e+06,2.649,13.84,195,800,2.5692,13.655,187.18,840.45,0.31362,0.14566,0.0352,0.28719,0.13675,0.029568,0.26785,0.12473,0.025408,249,248,245,206,200,196,177,176,175,249,250,250,90,89,89,144,148,156,0.5144,0.51237,0.51435
1,1.0229e+06,2.649,13.76,195,800,2.5607,13.574,185.19,839.33,0.40874,0.14409,0.042496,0.36319,0.12703,0.033024,0.30885,0.11788,0.025408,235,238,242,181,189,189,177,178,180,252,251,252,92,92,92,124,126,132,0.51672,0.51637,0.51549
1,1.023e+06,2.649,13.68,195,800,2.5438,13.521,185.73,916.69,0.33311,0.14025,0.03296,0.24158,0.13494,0.025344,0.21454,0.13014,0.021952,235,236,240,184,182,181,179,182,185,250,251,252,92,92,93,120,122,128,0.52072,0.51623,0.51478
1,1.0231e+06,2.649,13.6,195,800,2.5575,13.433,186.16,699.72,0.34487,0.12564,0.032448,0.2704,0.11897,0.024256,0.23062,0.1104,0.019264,235,236,237,161,163,166,198,193,189,250,249,247,98,95,93,130,128,129,0.51092,0.51288,0.51536
1,1.0232e+06,2.649,13.52,195,800,2.5735,13.331,186.27,928.45,0.36343,0.14154,0.038912,0.33272,0.13198,0.033408,0.30652,0.12301,0.028096,231,236,241,152,156,163,179,183,185,233,237,238,85,88,91,125,125,127,0.50606,0.51347,0.5154
1,1.0233e+06,2.649,13.44,195,800,2.566,13.263,186.71,902.15,0.3801,0.12422,0.031232,0.26927,0.10937,0.021888,0.23313,0.10353,0.018304,242,241,241,163,164,167,173,176,180,231,232,231,81,83,87,112,117,124,0.51387,0.51413,0.51572
1,1.0234e+06,2.649,13.36,195,800,2.5353,13.208,186.46,922.6,0.29417,0.13596,0.030784,0.26386,0.12922,0.026304,0.24513,0.12317,0.023232,238,241,244,184,181,178,173,171,171,218,218,215,73,74,76,111,112,116,0.50805,0.5123,0.51481
1,1.0235e+06,2.649,13.28,195,800,2.5575,13.116,185.22,745.12,0.33169,0.13109,0.033728,0.28794,0.12432,0.027904,0.26856,0.11575,0.024192,237,241,244,188,185,184,165,167,169,205,207,206,69,69,71,112,112,116,0.51643,0.51529,0.51549
1,1.0236e+06,2.649,13.2,195,800,2.5745,13.021,187.38,941.94,0.36765,0.13705,0.038464,0.33163,0.12636,0.032064,0.30451,0.11934,0.027456,249,249,248,198,199,200,158,159,162,181,183,184,61,62,62,112,114,119,0.51827,0.5161,0.51531
1,1.0237e+06,2.649,13.12,195,800,2.5597,12.955,185.87,1155.6,0.35721,0.12529,0.033472,0.29934,0.11931,0.02688,0.25645,0.11678,0.023232,255,254,251,220,215,209,152,154,158,159,163,166,55,57,57,113,117,121,0.51988,0.51445,0.51395
1,1.0238e+06,2.649,13.04,195,800,2.566,12.876,185.21,1064.6,0.29861,0.13246,0.029056,0.2535,0.12741,0.024576,0.23579,0.12075,0.021312,252,251,250,215,211,206,152,156,159,156,157,161,55,55,56,115,117,120,0.51605,0.51464,0.51474
1,1.0239e+06,2.649,12.96,195,800,2.5671,12.773,185.78,612.63,0.33579,0.13597,0.034816,0.29956,0.1276,0.029632,0.27025,0.12315,0.0256,243,246,248,179,186,191,170,169,167,157,160,161,53,54,54,111,113,116,0.52737,0.51832,0.5172
1,1.024e+06,2.649,12.88,195,800,2.5512,12.717,184.74,915.17,0.38024,0.12397,0.03424,0.3286,0.115,0.027264,0.28085,0.11265,0.022528,247,247,247,177,181,187,178,174,170,166,165,162,54,54,55,108,111,114,0.51405,0.51508,0.51923
1,1.0241e+06,2.649,12.8,195,800,2.5629,12.635,186.14,1084.2,0.31541,0.12615,0.029824,0.27125,0.11868,0.02432,0.2479,0.11418,0.021632,250,250,249,194,194,189,174,175,175,161,166,167,54,55,56,107,109,109,0.52003,0.51526,0.51653
1,1.0242e+06,2.649,12.72,195,800,2.5448,12.571,186.1,776.5,0.30847,0.12258,0.0288,0.27654,0.11758,0.024576,0.25513,0.11028,0.021376,252,250,249,199,193,186,170,174,176,173,174,174,55,56,56,100,104,107,0.51379,0.51643,0.51581
1,1.0243e+06,2.649,12.64,195,800,2.5533,12.485,187.2,811.5,0.39177,0.12476,0.03552,0.3444,0.1169,0.02816,0.291,0.11307,0.02304,246,248,249,176,181,185,174,178,177,182,181,179,53,55,56,102,103,106,0.51826,0.51866,0.51944
1,1.0244e+06,2.649,12.56,195,800,2.5639,12.394,186.03,799.38,0.34196,0.12114,0.0304,0.29627,0.1159,0.025152,0.26198,0.11078,0.021376,248,248,249,197,193,194,180,181,177,186,189,189,52,54,56,103,104,105,0.50899,0.51605,0.5198
1,1.0245e+06,2.649,12.48,195,800,2.5788,12.306,185.87,926.85,0.29388,0.12254,0.026432,0.26346,0.11645,0.022272,0.24209,0.10689,0.019264,253,251,250,215,212,204,174,177,175,191,194,195,53,55,57,103,103,104,0.52093,0.51969,0.51975
1,1.0246e+06,2.649,12.4,195,800,2.565,12.248,187.5,775.1,0.3379,0.1278,0.032384,0.29766,0.1214,0.027456,0.27191,0.11413,0.023744,253,253,252,222,220,216,165,169,171,217,214,209,62,62,62,100,100,100,0.51267,0.51597,0.51931
1,1.0247e+06,2.649,12.32,195,800,2.5629,12.173,187.49,836.01,0.29474,0.12413,0.026368,0.24555,0.11728,0.021376,0.21134,0.1169,0.019008,249,249,249,204,206,207,173,172,170,232,224,217,64,65,65,95,95,97,0.52289,0.52058,0.51957
1,1.0248e+06,2.649,12.24,195,800,2.5692,12.082,186.76,816.11,0.27029,0.12176,0.025216,0.24973,0.11732,0.02208,0.22647,0.1127,0.019648,244,246,247,201,201,202,175,172,169,224,221,216,62,65,67,92,95,98,0.52191,0.52188,0.52081
1,1.0249e+06,2.649,12.16,195,800,2.5448,12.029,187.81,782.13,0.34457,0.12111,0.02976,0.30539,0.11325,0.025216,0.26723,0.11164,0.021568,239,241,243,197,196,196,163,166,168,209,210,210,67,68,68,97,100,103,0.51388,0.52168,0.52322
1,1.025e+06,2.649,12.08,195,800,2.5522,11.943,186.32,992.47,0.32343,0.11625,0.025152,0.25144,0.11002,0.01952,0.20039,0.10985,0.015936,240,241,242,197,195,195,166,165,165,204,206,208,68,69,69,101,103,106,0.5203,0.51962,0.52177
1,1.0251e+06,2.649,12,195,800,2.5374,11.877,185.77,985.03,0.29738,0.11998,0.025472,0.24171,0.11611,0.020864,0.20682,0.11212,0.017664,250,246,245,194,197,199,160,160,160,201,203,205,70,71,72,108,111,114,0.51917,0.52355,0.52439
1,1.0252e+06,2.649,11.92,195,800,2.5682,11.789,187.39,671.71,0.28441,0.12729,0.027136,0.25764,0.11872,0.023104,0.23508,0.11495,0.020096,245,247,247,204,201,194,155,156,157,204,202,200,76,76,75,123,122,121,0.52554,0.52474,0.52563
1,1.0253e+06,2.649,11.84,195,800,2.5671,11.689,186.71,1133.2,0.30934,0.13146,0.03072,0.27305,0.12621,0.026176,0.25092,0.12041,0.023232,244,245,247,193,191,189,162,159,157,203,198,196,80,78,77,123,123,123,0.51639,0.52324,0.52578
1,1.0254e+06,2.649,11.76,195,800,2.5629,11.614,188.05,852.15,0.35662,0.12158,0.031552,0.30013,0.11772,0.02656,0.26994,0.11004,0.022528,251,248,248,163,170,179,161,161,161,179,181,182,81,80,80,116,119,125,0.51434,0.52114,0.52402
1,1.0255e+06,2.649,11.68,195,800,2.5639,11.54,186.08,990.27,0.33701,0.13367,0.033472,0.30187,0.12677,0.02848,0.27316,0.11999,0.024384,251,250,249,167,174,182,161,162,162,169,172,174,84,82,80,119,121,125,0.51944,0.52542,0.52634
1,1.0256e+06,2.649,11.6,195,800,2.566,11.457,187.71,626.93,0.30074,0.12319,0.027008,0.244,0.12055,0.022272,0.2174,0.11737,0.019328,254,253,252,216,206,197,170,168,166,159,159,161,78,77,77,122,122,124,0.52541,0.52764,0.52703
1,1.0257e+06,2.649,11.52,195,800,2.5682,11.378,186.99,603.65,0.28067,0.12196,0.025088,0.24394,0.11618,0.020992,0.20937,0.1153,0.018368,255,254,253,206,206,199,171,171,171,150,150,151,73,72,73,113,117,124,0.53352,0.52963,0.52861
1,1.0258e+06,2.649,11.44,195,800,2.5915,11.261,186.56,1078.5,0.35457,0.12922,0.03424,0.31744,0.1223,0.029056,0.29684,0.1189,0.026048,252,252,251,192,196,195,178,176,173,146,146,146,76,72,72,116,120,127,0.52958,0.53359,0.53391
1,1.0259e+06,2.649,11.36,195,800,2.5756,11.203,186.29,896.63,0.29966,0.12741,0.028096,0.25387,0.12297,0.022976,0.21937,0.11852,0.019648,250,248,249,197,191,188,176,174,171,141,140,139,81,75,71,140,141,146,0.53771,0.53962,0.53969
1,1.026e+06,2.649,11.28,195,800,2.5586,11.147,186.49,703.45,0.28141,0.12552,0.026496,0.24939,0.1182,0.022272,0.22643,0.11588,0.019712,248,248,250,195,195,191,164,166,168,136,136,138,81,73,69,155,155,158,0.54506,0.54604,0.54516
1,1.0261e+06,2.649,11.2,195,800,2.5607,11.073,187.74,548.71,0.28135,0.1254,0.026496,0.25477,0.12029,0.022592,0.22756,0.11463,0.0192,253,252,252,214,208,201,159,159,161,138,141,148,61,64,68,169,176,176,0.54684,0.54883,0.55123
1,1.0262e+06,2.649,11.12,195,800,2.5639,10.972,187.47,693.13,0.26692,0.12847,0.024448,0.21171,0.12558,0.020096,0.18987,0.11902,0.01728,250,250,249,216,207,200,163,163,164,174,178,184,71,74,82,168,170,171,0.5617,0.56321,0.56468
1,1.0263e+06,2.649,11.04,195,800,2.565,10.899,187.24,1022.1,0.31231,0.13314,0.030592,0.28037,0.12606,0.026496,0.25659,0.12045,0.02304,245,246,247,207,199,195,170,168,167,204,207,205,89,94,94,151,159,164,0.57508,0.57904,0.57072
1,1.0293e+06,2.742,11,195,800,2.6562,10.91,0.18438,432.07,0,0,0,0,0,0,0,0,0,233,238,242,170,173,178,163,162,164,234,222,215,139,124,115,143,138,140,0.5738,0.55089,0.53609
1,1.0294e+06,2.742,11.08,195,800,2.652,11.011,184.47,648.42,0.16795,0.12088,0.015616,0.16007,0.11095,0.01376,0.14824,0.10929,0.012672,253,250,249,195,195,191,158,159,162,173,176,182,84,86,91,133,136,142,0.5682,0.57355,0.5735
1,1.0295e+06,2.742,11.16,195,800,2.6615,11.073,186.14,821.38,0.25347,0.11691,0.020736,0.22555,0.11148,0.01664,0.16514,0.10829,0.01408,255,254,251,195,196,192,159,160,162,153,156,163,81,77,79,142,142,144,0.55793,0.55847,0.55838
1,1.0296e+06,2.742,11.24,195,800,2.6509,11.152,186.02,999.05,0.28643,0.12602,0.027072,0.26035,0.114,0.021952,0.21343,0.1085,0.017408,251,248,250,167,172,179,163,165,166,136,139,144,70,68,71,147,151,157,0.54164,0.54529,0.54727
1,1.0297e+06,2.742,11.32,195,800,2.6445,11.235,186.89,1022.6,0.30532,0.12732,0.030016,0.27805,0.11939,0.025216,0.25147,0.11124,0.021376,241,245,249,153,161,171,170,169,170,138,138,141,65,65,69,149,153,159,0.54057,0.53991,0.54203
1,1.0298e+06,2.742,11.4,195,800,2.6647,11.285,186.63,728.88,0.28372,0.12727,0.02624,0.23604,0.11984,0.02176,0.21903,0.11671,0.019776,249,249,250,159,164,173,182,177,173,141,142,143,64,65,70,140,145,153,0.53822,0.53856,0.53772
1,1.0299e+06,2.742,11.48,195,800,2.652,11.362,187.52,1060.3,0.35935,0.1365,0.037632,0.33013,0.12912,0.032896,0.30906,0.12295,0.029184,255,255,253,205,198,194,172,172,172,145,146,149,73,73,74,129,130,139,0.5222,0.52678,0.52924
1,1.03e+06,2.742,11.56,195,800,2.6552,11.446,187.26,623.66,0.38698,0.12502,0.035328,0.34026,0.11645,0.028864,0.3011,0.10667,0.022976,255,255,254,216,209,201,167,169,170,146,149,152,78,77,78,129,130,137,0.53088,0.5316,0.53156
1,1.0301e+06,2.742,11.64,195,800,2.652,11.528,188.39,685.01,0.31214,0.1373,0.032192,0.27531,0.13146,0.027776,0.25272,0.12457,0.024576,255,254,252,187,195,197,167,163,163,157,159,164,84,84,83,137,134,139,0.51956,0.52836,0.53038
1,1.0302e+06,2.742,11.72,195,800,2.653,11.607,187.15,768.28,0.38227,0.1273,0.03648,0.33274,0.12171,0.03072,0.30361,0.11079,0.025472,253,252,251,184,183,190,156,158,160,167,169,173,85,83,82,126,133,141,0.52591,0.52432,0.52637
1,1.0303e+06,2.742,11.8,195,800,2.6339,11.7,187.11,900,0.40274,0.13316,0.040576,0.35477,0.12557,0.033472,0.30703,0.11757,0.027008,249,249,249,177,182,188,148,151,153,193,194,194,72,74,80,126,131,141,0.52688,0.525,0.52538
1,1.0304e+06,2.742,11.88,195,800,2.6499,11.776,186.59,1254.7,0.32414,0.12552,0.030144,0.28403,0.118,0.024512,0.2474,0.11008,0.020544,253,251,249,213,206,199,147,149,153,208,209,209,72,74,78,129,130,136,0.52729,0.52858,0.52617
1,1.0305e+06,2.742,11.96,195,800,2.6456,11.85,187.87,1279.2,0.28967,0.12327,0.024768,0.23325,0.11717,0.019904,0.19345,0.1171,0.01728,252,250,248,216,209,203,150,152,156,211,210,212,74,76,79,126,128,135,0.53657,0.52609,0.52687
1,1.0306e+06,2.742,12.04,195,800,2.6509,11.92,187.72,916.99,0.35893,0.13401,0.035456,0.30508,0.12984,0.030144,0.28006,0.12509,0.02688,238,242,245,200,202,203,167,167,166,206,209,213,81,80,78,121,125,133,0.51562,0.52494,0.52534
1,1.0307e+06,2.742,12.12,195,800,2.6583,11.994,185.46,1004.9,0.44843,0.12335,0.0384,0.37539,0.11653,0.02816,0.23524,0.11591,0.020352,242,242,244,203,201,201,176,173,171,205,209,213,80,78,76,118,124,130,0.52111,0.52336,0.52252
1,1.0308e+06,2.742,12.2,195,800,2.6605,12.068,187.12,679.61,0.30087,0.12962,0.02976,0.27453,0.1239,0.026304,0.25629,0.1159,0.022656,246,245,245,211,210,205,178,177,176,212,213,216,68,69,70,109,112,118,0.51874,0.52205,0.52191
1,1.0309e+06,2.742,12.28,195,800,2.6488,12.162,184.83,747.81,0.33256,0.12421,0.03072,0.3011,0.11458,0.025472,0.27297,0.10821,0.02176,253,251,249,232,219,211,178,176,175,209,212,214,65,65,65,96,100,107,0.52263,0.52252,0.52126
1,1.031e+06,2.742,12.36,195,800,2.6488,12.235,185.53,892.69,0.29084,0.12728,0.028032,0.2583,0.12061,0.023936,0.2362,0.11757,0.021504,255,253,251,214,218,213,169,173,175,205,206,209,64,64,63,96,99,105,0.52187,0.52005,0.52036
1,1.0311e+06,2.742,12.44,195,800,2.652,12.323,186.38,1007.5,0.32821,0.12874,0.032128,0.28536,0.12584,0.027264,0.25661,0.12071,0.02368,254,253,253,224,218,212,174,174,175,185,188,193,59,59,60,100,104,110,0.51782,0.5215,0.52198
1,1.0312e+06,2.742,12.52,195,800,2.653,12.387,185.59,1177.3,0.31418,0.11994,0.026496,0.26269,0.11386,0.021376,0.2128,0.11263,0.017984,251,252,252,226,216,207,174,176,177,175,179,185,55,57,59,102,107,114,0.51823,0.51751,0.52028
1,1.0313e+06,2.742,12.6,195,800,2.6594,12.467,185.2,702.7,0.3844,0.12428,0.035328,0.33087,0.12121,0.029824,0.2885,0.11534,0.024768,252,251,250,184,190,192,182,179,175,163,167,172,58,58,58,106,111,117,0.51871,0.5202,0.51929
1,1.0314e+06,2.742,12.68,195,800,2.6647,12.54,186.48,560.74,0.29974,0.12546,0.028608,0.26917,0.11702,0.024,0.24789,0.11006,0.020736,246,248,249,177,179,182,168,170,171,160,163,165,64,62,60,107,110,117,0.52074,0.51776,0.51846
1,1.0315e+06,2.742,12.76,195,800,2.6615,12.634,185.6,862.71,0.39349,0.13564,0.03968,0.35725,0.12689,0.033024,0.3243,0.12203,0.029056,244,248,250,180,180,180,167,167,169,163,163,164,64,62,60,108,111,117,0.52117,0.52054,0.52
1,1.0316e+06,2.742,12.84,195,800,2.6636,12.698,186.82,833.89,0.36924,0.12553,0.03392,0.31716,0.12142,0.028032,0.28357,0.1163,0.023744,255,253,250,169,173,177,165,166,166,160,162,161,57,59,60,111,115,122,0.51373,0.51734,0.51774
1,1.0317e+06,2.742,12.92,195,800,2.653,12.784,188.12,909.69,0.28013,0.13235,0.028032,0.24736,0.12594,0.024,0.22691,0.11904,0.021056,254,252,251,162,169,179,162,164,164,160,160,160,58,59,59,114,120,128,0.52242,0.52049,0.51845
1,1.0318e+06,2.742,13,195,800,2.6594,12.864,185.95,678,0.29491,0.12461,0.027904,0.26438,0.11918,0.023936,0.24758,0.11348,0.021056,250,251,252,194,193,194,155,156,159,156,156,157,58,58,58,132,138,146,0.5174,0.51313,0.51478
1,1.0319e+06,2.742,13.08,195,800,2.6361,12.967,187.32,744.04,0.30814,0.12027,0.026688,0.24516,0.11704,0.021824,0.21483,0.11238,0.01824,255,254,252,209,214,210,152,155,156,155,157,159,58,58,59,147,152,157,0.51513,0.5156,0.5151
1,1.032e+06,2.742,13.16,195,800,2.6552,13.022,187.18,788.22,0.33669,0.1227,0.030336,0.28653,0.11772,0.025088,0.2551,0.11069,0.021312,254,252,251,205,209,209,154,155,157,158,160,164,59,60,60,144,150,156,0.51556,0.51818,0.51706
1,1.0321e+06,2.742,13.24,195,800,2.6626,13.097,186.26,843.81,0.36277,0.11963,0.030592,0.28979,0.11824,0.025088,0.25906,0.11294,0.021248,243,244,247,189,190,195,155,159,163,176,176,178,64,64,65,132,138,147,0.51749,0.51617,0.51564
1,1.0322e+06,2.742,13.32,195,800,2.6541,13.191,186.63,651.27,0.33177,0.13277,0.033344,0.29662,0.12495,0.02816,0.26744,0.11852,0.024448,242,243,245,180,183,189,166,166,167,185,185,188,65,66,68,132,136,145,0.52228,0.51936,0.51761
1,1.0323e+06,2.742,13.4,195,800,2.653,13.268,186.25,629.4,0.3613,0.12586,0.03328,0.30328,0.12192,0.027392,0.2639,0.11666,0.022976,248,247,245,187,184,180,172,174,174,209,209,208,73,77,82,137,146,154,0.51333,0.51613,0.51763
1,1.0324e+06,2.742,13.48,195,800,2.6721,13.331,186.82,1038.5,0.25394,0.128,0.025024,0.22437,0.12081,0.021248,0.20371,0.11602,0.018624,251,248,244,164,168,172,188,185,182,238,233,229,100,99,95,160,164,166,0.52066,0.51921,0.517
1,1.0325e+06,2.742,13.56,195,800,2.6626,13.403,187.2,806.7,0.3166,0.12762,0.030272,0.25285,0.12174,0.02368,0.22523,0.11411,0.019776,247,245,243,155,164,171,204,193,183,244,241,237,102,101,97,160,164,166,0.5253,0.5189,0.51722
1,1.0326e+06,2.742,13.64,195,800,2.6668,13.487,187,846.97,0.28299,0.12287,0.025984,0.24785,0.11829,0.021952,0.21786,0.11615,0.019264,243,242,240,181,178,173,188,184,180,253,251,249,87,90,93,141,148,154,0.51662,0.51641,0.51695
1,1.0327e+06,2.742,13.72,195,800,2.6573,13.571,186.79,628,0.35154,0.12911,0.03424,0.31313,0.1234,0.0288,0.28488,0.11857,0.02496,235,240,241,187,184,178,168,174,177,254,253,252,87,88,90,134,142,150,0.51897,0.51534,0.51758
1,1.0328e+06,2.742,13.8,195,800,2.6435,13.667,187.37,854.76,0.28167,0.1221,0.025472,0.24494,0.1154,0.021312,0.22198,0.11028,0.01856,249,244,242,187,186,185,173,171,171,255,255,253,94,90,87,147,149,156,0.5179,0.51512,0.51666
1,1.0329e+06,2.742,13.88,195,800,2.6573,13.759,186.12,1152.3,0.30013,0.128,0.029056,0.2743,0.12194,0.025536,0.25002,0.11855,0.022912,244,244,246,195,195,194,166,170,172,254,252,246,84,84,85,168,174,182,0.52006,0.51937,0.51888
1,1.033e+06,2.742,13.96,195,800,2.669,13.814,186.5,981.37,0.37394,0.12265,0.031936,0.30572,0.12061,0.02592,0.24114,0.12071,0.02144,241,244,246,207,201,197,167,169,173,249,244,238,79,82,87,179,188,196,0.52079,0.51939,0.52044
1,1.0331e+06,2.742,14.04,195,800,2.6552,13.891,188.16,923.39,0.31626,0.12447,0.029312,0.26938,0.1157,0.023424,0.22867,0.11429,0.019456,246,246,245,193,195,196,167,174,174,204,211,218,92,97,103,194,201,208,0.51198,0.51916,0.52194
1,1.0332e+06,2.742,14.12,195,800,2.6626,13.96,186.63,661.74,0.34387,0.12508,0.031168,0.30666,0.11847,0.02592,0.27877,0.1109,0.022656,244,244,245,181,188,192,170,173,174,188,199,211,115,116,121,188,196,205,0.51951,0.52221,0.52327
1,1.0333e+06,2.742,14.2,195,800,2.635,14.066,186.78,742.24,0.17838,0.11887,0.016576,0.15856,0.11042,0.013952,0.15082,0.10829,0.012736,240,243,244,176,181,188,166,170,173,204,208,214,180,177,168,178,187,198,0.52564,0.5246,0.52591
1,1.0364e+06,2.835,14.24,195,800,2.7284,14.051,0.93253,1018.2,0,0,0,0,0,0,0,0,0,252,249,246,211,212,206,164,169,172,242,239,233,217,199,183,225,213,203,0.54162,0.53222,0.51949
1,1.0365e+06,2.835,14.16,195,800,2.7549,13.976,185.8,910.24,0.16574,0.12033,0.01568,0.15255,0.1119,0.01344,0.14184,0.10966,0.012352,249,247,247,216,204,201,181,178,176,211,213,217,145,146,147,188,200,210,0.53401,0.53473,0.5354
1,1.0366e+06,2.835,14.08,195,800,2.7485,13.874,185.7,1335.5,0.22244,0.14548,0.024384,0.20839,0.13854,0.021888,0.19823,0.13273,0.019904,242,245,246,201,199,199,189,184,177,199,205,212,127,123,125,213,211,212,0.53268,0.5321,0.53318
1,1.0367e+06,2.835,14,195,800,2.7369,13.832,186.67,959.54,0.25614,0.13145,0.026368,0.24118,0.12227,0.022848,0.22259,0.11975,0.020864,251,248,247,191,199,200,171,179,178,213,217,220,90,94,97,249,237,223,0.52796,0.5298,0.53164
1,1.0368e+06,2.835,13.92,195,800,2.7422,13.755,186.69,1000.4,0.32774,0.15292,0.039104,0.3083,0.14663,0.035072,0.27744,0.13962,0.030464,249,248,247,188,192,192,174,174,174,247,243,238,80,82,85,228,218,206,0.53028,0.52995,0.53137
1,1.0369e+06,2.835,13.84,195,800,2.7432,13.665,185.55,831.56,0.38464,0.15091,0.043328,0.33624,0.13662,0.035392,0.30439,0.12636,0.029888,247,246,245,178,179,185,174,172,172,255,251,245,79,82,84,194,195,191,0.52828,0.52754,0.52768
1,1.037e+06,2.835,13.76,195,800,2.7538,13.59,186.03,573.66,0.42095,0.13448,0.0416,0.33181,0.13155,0.032704,0.2972,0.12462,0.027136,236,240,242,154,166,175,167,168,169,255,254,251,81,82,84,163,168,172,0.52467,0.52668,0.52647
1,1.0371e+06,2.835,13.68,195,800,2.7443,13.504,186.15,903.18,0.42069,0.14822,0.047808,0.36703,0.13807,0.038784,0.33142,0.12867,0.032512,238,241,241,165,171,173,164,165,168,254,253,250,77,81,86,175,174,173,0.52289,0.52702,0.52607
1,1.0372e+06,2.835,13.6,195,800,2.7591,13.418,186.03,1166.8,0.41348,0.13738,0.043072,0.35268,0.12901,0.034304,0.31156,0.11918,0.028096,245,245,243,178,175,173,160,164,170,242,242,239,97,99,97,213,205,193,0.52755,0.52478,0.52555
1,1.0373e+06,2.835,13.52,195,800,2.7549,13.351,184.23,788.06,0.41852,0.14808,0.045824,0.31977,0.14507,0.034752,0.28648,0.13843,0.029696,244,246,246,177,178,180,167,171,175,214,216,217,132,115,98,246,229,205,0.52962,0.52489,0.52739
1,1.0374e+06,2.835,13.44,195,800,2.739,13.288,186.74,993.54,0.39745,0.1535,0.043968,0.35676,0.14101,0.03648,0.31496,0.12655,0.030272,245,247,247,194,189,184,176,176,177,199,202,204,109,102,93,243,224,201,0.5328,0.53114,0.52883
1,1.0375e+06,2.835,13.36,195,800,2.7506,13.192,186.31,666.54,0.37992,0.14667,0.042048,0.30436,0.13568,0.031488,0.2618,0.13267,0.027072,254,250,247,198,196,194,177,176,174,180,182,185,67,71,76,184,185,184,0.53371,0.52843,0.52751
1,1.0376e+06,2.835,13.28,195,800,2.7485,13.116,186.62,848.25,0.37405,0.14251,0.03968,0.30773,0.13382,0.032064,0.28126,0.12506,0.027136,251,249,247,184,191,198,168,171,171,178,177,176,67,68,70,176,179,181,0.52814,0.52773,0.52714
1,1.0377e+06,2.835,13.2,195,800,2.7644,13.035,186.16,900.23,0.38519,0.14441,0.041536,0.33196,0.13701,0.033792,0.28248,0.13056,0.02816,252,250,250,210,207,206,167,163,162,162,163,164,66,65,66,216,207,194,0.53088,0.52788,0.52817
1,1.0378e+06,2.835,13.12,195,800,2.7517,12.954,186.98,714.31,0.38872,0.15261,0.044672,0.3328,0.1389,0.035456,0.29723,0.13091,0.029888,255,254,253,239,224,211,164,159,157,155,155,156,60,61,63,247,226,208,0.51753,0.52223,0.52524
1,1.0379e+06,2.835,13.04,195,800,2.7506,12.872,186.98,835.42,0.43127,0.13045,0.042112,0.37106,0.12388,0.033856,0.32308,0.11627,0.027776,255,254,253,222,214,204,159,157,157,153,154,154,58,60,63,230,220,204,0.5285,0.5269,0.52653
1,1.038e+06,2.835,12.96,195,800,2.7496,12.795,188.13,813.51,0.38446,0.14154,0.041344,0.32425,0.13574,0.033984,0.29214,0.13002,0.029632,253,252,253,169,176,183,162,159,159,156,155,156,64,64,64,186,181,176,0.52531,0.52637,0.52835
1,1.0381e+06,2.835,12.88,195,800,2.7453,12.717,186.53,702.64,0.48264,0.14141,0.0512,0.43474,0.129,0.042176,0.38547,0.12019,0.034624,252,252,252,168,168,175,169,162,161,159,156,157,67,65,65,159,159,161,0.53575,0.53098,0.53061
1,1.0382e+06,2.835,12.8,195,800,2.7517,12.638,186.38,701.84,0.40506,0.12715,0.03712,0.32997,0.12337,0.028672,0.25706,0.12179,0.023488,250,249,250,183,171,167,159,161,164,161,160,160,64,66,67,136,138,143,0.53044,0.52938,0.5299
1,1.0383e+06,2.835,12.72,195,800,2.7347,12.574,186.44,619.98,0.44742,0.12873,0.042496,0.39441,0.12131,0.034496,0.33141,0.11477,0.027776,249,246,248,160,168,174,165,161,165,166,162,162,66,66,66,148,148,147,0.53294,0.53329,0.53168
1,1.0384e+06,2.835,12.64,195,800,2.7369,12.507,186.31,564.74,0.3734,0.12274,0.033024,0.31737,0.11663,0.026048,0.26265,0.11166,0.021376,249,249,249,179,179,179,165,165,168,165,162,164,61,64,65,157,154,151,0.53061,0.53131,0.53108
1,1.0385e+06,2.835,12.56,195,800,2.7496,12.402,187.67,720.26,0.36192,0.16103,0.040832,0.30685,0.15252,0.032704,0.28476,0.13015,0.027392,255,253,252,205,200,195,180,176,174,175,172,173,64,64,64,160,157,152,0.53943,0.53257,0.53126
1,1.0386e+06,2.835,12.48,195,800,2.7464,12.344,186.08,999.86,0.39412,0.1228,0.03584,0.33814,0.11475,0.028672,0.29483,0.11305,0.025024,255,254,253,195,201,201,183,179,175,189,181,180,68,65,64,152,150,147,0.53363,0.5329,0.53133
1,1.0387e+06,2.835,12.4,195,800,2.7496,12.242,187.24,913.12,0.30113,0.13726,0.03168,0.24835,0.13459,0.026112,0.22921,0.12751,0.022912,254,252,251,206,203,204,181,176,176,203,198,196,63,65,66,124,127,131,0.52718,0.53096,0.53202
1,1.0388e+06,2.835,12.32,195,800,2.7496,12.168,185.95,1031.2,0.33349,0.12242,0.029952,0.2788,0.11893,0.024256,0.24338,0.11121,0.02048,243,247,248,192,200,203,184,178,177,214,209,206,66,66,67,117,120,128,0.53457,0.53413,0.53298
1,1.0389e+06,2.835,12.24,195,800,2.74,12.1,186.06,696.77,0.28897,0.13768,0.029568,0.24695,0.13445,0.025472,0.22833,0.12826,0.022272,245,245,247,195,198,201,182,181,178,222,213,210,67,68,69,132,133,137,0.53669,0.53588,0.53494
1,1.039e+06,2.835,12.16,195,800,2.7432,12.018,184.32,778.21,0.35213,0.13314,0.036096,0.31136,0.12687,0.030336,0.28435,0.1192,0.026112,244,245,246,196,195,197,179,179,178,230,221,214,77,77,77,192,178,163,0.531,0.53358,0.53521
1,1.0391e+06,2.835,12.08,195,800,2.7475,11.939,185.45,719.91,0.39095,0.12352,0.03488,0.32638,0.11595,0.027392,0.27787,0.11018,0.022336,247,246,246,191,195,199,177,177,175,232,223,216,86,84,82,209,190,171,0.52525,0.5325,0.5345
1,1.0392e+06,2.835,12,195,800,2.7464,11.865,186.55,695.77,0.33025,0.12341,0.030528,0.28761,0.1163,0.02528,0.265,0.1126,0.022656,248,248,248,216,210,205,169,166,164,231,225,218,92,91,89,171,171,171,0.53346,0.53775,0.5374
1,1.0393e+06,2.835,11.92,195,800,2.7549,11.772,186.83,739.57,0.31573,0.12053,0.027456,0.26665,0.11512,0.023104,0.24446,0.1114,0.020224,255,252,250,203,207,202,145,150,155,230,224,214,98,94,90,168,170,170,0.53893,0.53736,0.5377
1,1.0394e+06,2.835,11.84,195,800,2.757,11.686,187.39,769.12,0.27395,0.13478,0.028928,0.25304,0.12905,0.025536,0.23752,0.12423,0.02304,251,250,249,200,195,196,144,149,153,226,219,208,94,91,88,188,183,176,0.53045,0.53346,0.53603
1,1.0395e+06,2.835,11.76,195,800,2.7528,11.615,187.67,1118.4,0.3597,0.1291,0.0352,0.31263,0.12508,0.029696,0.28552,0.11737,0.025408,243,246,249,182,189,194,159,157,155,189,191,188,83,85,87,205,199,188,0.53562,0.53774,0.53872
1,1.0396e+06,2.835,11.68,195,800,2.757,11.541,186,905.4,0.37068,0.12464,0.03296,0.29532,0.11862,0.025984,0.24387,0.11694,0.021952,247,248,250,206,202,200,157,159,159,174,177,176,96,88,86,201,197,185,0.53713,0.54065,0.54112
1,1.0397e+06,2.835,11.6,195,800,2.7485,11.467,186.49,742.59,0.36279,0.1242,0.033472,0.31975,0.11759,0.028032,0.28187,0.11231,0.024,255,254,253,228,220,209,164,163,162,159,161,160,86,86,85,157,167,172,0.54203,0.54089,0.54101
1,1.0398e+06,2.835,11.52,195,800,2.7613,11.357,186.7,934.3,0.39089,0.12629,0.036672,0.3443,0.11717,0.029504,0.30403,0.11238,0.02496,255,255,254,177,188,194,170,169,169,155,154,151,81,79,79,162,170,174,0.55622,0.54781,0.54467
1,1.0399e+06,2.835,11.44,195,800,2.7464,11.29,186.35,1336.2,0.3812,0.12279,0.0336,0.33186,0.11796,0.028544,0.29955,0.11,0.024512,253,254,253,162,171,181,174,172,170,152,151,147,71,73,76,192,191,183,0.53684,0.54206,0.54465
1,1.04e+06,2.835,11.36,195,800,2.7496,11.218,185.55,1261.2,0.33823,0.11988,0.029824,0.29097,0.11371,0.024768,0.26182,0.10979,0.021248,252,252,252,149,156,166,165,171,171,142,144,143,67,68,72,230,216,196,0.55117,0.54838,0.55081
1,1.0401e+06,2.835,11.28,195,800,2.7422,11.137,187.04,707.89,0.32955,0.13243,0.03296,0.29219,0.12744,0.028352,0.26659,0.12229,0.02496,253,252,252,147,156,167,172,171,169,141,144,145,70,71,74,209,203,190,0.54569,0.55413,0.55323
1,1.0402e+06,2.835,11.2,195,800,2.7591,11.051,185.76,898.82,0.33882,0.12877,0.032704,0.29456,0.12167,0.02688,0.26019,0.11918,0.023104,254,254,253,179,178,176,173,169,164,160,160,159,79,82,83,141,151,158,0.55971,0.55738,0.559
1,1.0403e+06,2.835,11.12,195,800,2.7549,10.974,186.36,1128.1,0.34445,0.11974,0.029952,0.30999,0.11292,0.02528,0.26899,0.11057,0.02208,251,250,248,208,187,174,163,163,161,180,186,190,89,93,101,114,123,136,0.57144,0.57283,0.57213
1,1.0404e+06,2.835,11.04,195,800,2.7443,10.918,186.93,1079.4,0.37752,0.13188,0.03744,0.31631,0.12986,0.03136,0.28615,0.12416,0.027328,246,246,245,173,170,169,162,163,161,200,207,207,96,107,111,120,127,134,0.58648,0.5886,0.5856
1,1.0435e+06,2.928,11,195,800,2.8302,10.927,0.61142,821.17,0,0,0,0,0,0,0,0,0,238,240,241,147,146,150,160,160,161,245,235,229,145,142,137,155,151,148,0.55789,0.54223,0.51645
1,1.0436e+06,2.928,11.08,195,800,2.8366,11.006,187.3,974.07,0.35516,0.11848,0.026752,0.34245,0.11232,0.023936,0.32097,0.1109,0.02144,247,246,247,150,154,160,149,158,162,195,198,199,105,110,114,134,141,148,0.58682,0.58865,0.58327
1,1.0437e+06,2.928,11.16,195,800,2.8302,11.084,187.42,987.27,0.25402,0.13191,0.024832,0.24369,0.12404,0.022272,0.22929,0.11737,0.019392,254,251,250,166,164,166,154,162,163,176,180,181,103,101,99,142,151,157,0.57515,0.57625,0.5759
1,1.0438e+06,2.928,11.24,195,800,2.8493,11.132,186.61,510.88,0.29452,0.14283,0.032128,0.27054,0.13291,0.027776,0.2536,0.12817,0.025216,255,255,254,181,180,179,152,164,169,145,153,155,85,85,85,214,205,192,0.56898,0.56754,0.56677
1,1.0439e+06,2.928,11.32,195,800,2.8408,11.225,187.01,810.98,0.39324,0.14743,0.0432,0.38236,0.13764,0.038208,0.34957,0.12814,0.03232,255,255,254,191,188,184,160,168,173,138,145,148,82,79,80,232,226,210,0.56945,0.5672,0.5635
1,1.044e+06,2.928,11.4,195,800,2.8228,11.308,186.25,821.97,0.37317,0.13174,0.034688,0.31233,0.1281,0.028224,0.27081,0.12367,0.023936,255,254,253,193,195,189,178,180,174,138,144,146,82,80,79,234,230,216,0.56702,0.56534,0.56326
1,1.0441e+06,2.928,11.48,195,800,2.8472,11.359,187.26,584.34,0.39318,0.13668,0.039808,0.32129,0.12923,0.031424,0.27856,0.12465,0.02656,254,254,253,187,200,204,156,163,167,146,153,153,89,85,83,192,197,197,0.559,0.56286,0.56291
1,1.0442e+06,2.928,11.56,195,800,2.844,11.47,186.42,1026.2,0.39862,0.13622,0.039872,0.3403,0.12734,0.031872,0.30142,0.1212,0.027136,254,253,253,220,217,211,155,156,161,151,158,158,90,86,85,180,187,194,0.55969,0.56457,0.56387
1,1.0443e+06,2.928,11.64,195,800,2.8525,11.514,186.85,779.77,0.4111,0.14131,0.043648,0.34537,0.13548,0.035968,0.32067,0.12831,0.031488,252,251,251,231,225,213,154,157,158,167,170,168,85,85,86,234,219,204,0.55116,0.55959,0.56097
1,1.0444e+06,2.928,11.72,195,800,2.8398,11.594,186.08,649.08,0.39784,0.14122,0.04288,0.36729,0.12951,0.035584,0.33135,0.12113,0.029824,250,249,250,209,206,205,158,160,159,174,176,176,82,84,88,244,232,213,0.56379,0.56029,0.55848
1,1.0445e+06,2.928,11.8,195,800,2.8461,11.684,185.06,590.57,0.41056,0.13316,0.03936,0.33267,0.12338,0.0304,0.29118,0.11559,0.02528,246,248,249,175,184,193,159,158,157,184,194,195,105,97,94,223,222,212,0.56049,0.55904,0.55818
1,1.0446e+06,2.928,11.88,195,800,2.8228,11.772,186.15,956.89,0.38919,0.13752,0.040448,0.33972,0.12863,0.032832,0.30683,0.12382,0.028416,251,250,249,207,204,199,152,155,159,210,214,210,105,104,99,198,198,196,0.55771,0.56026,0.55754
1,1.0447e+06,2.928,11.96,195,800,2.8292,11.86,186.57,979.97,0.41686,0.12809,0.038208,0.36293,0.11931,0.029824,0.29101,0.11343,0.023616,249,250,249,217,210,202,163,162,163,208,214,214,98,100,99,184,192,195,0.5599,0.55952,0.5563
1,1.0448e+06,2.928,12.04,195,800,2.8525,11.914,187.87,998.37,0.36335,0.13915,0.037696,0.30623,0.12856,0.029888,0.27142,0.12538,0.026432,247,248,248,192,196,199,179,178,175,205,210,212,91,91,90,215,209,198,0.56001,0.5594,0.55762
1,1.0449e+06,2.928,12.12,195,800,2.8355,12.008,185.12,982.77,0.41293,0.13539,0.040704,0.34425,0.12811,0.033024,0.30327,0.12225,0.028288,249,249,248,182,189,195,180,180,179,203,208,211,84,85,86,223,212,196,0.55196,0.55671,0.5568
1,1.045e+06,2.928,12.2,195,800,2.8589,12.068,185.75,554.85,0.4213,0.13539,0.042304,0.33597,0.13128,0.0336,0.29479,0.12459,0.02816,252,249,247,194,192,191,183,182,181,201,205,207,74,76,78,173,175,175,0.56432,0.56052,0.55856
1,1.0451e+06,2.928,12.28,195,800,2.8408,12.163,184.91,493.58,0.42471,0.12615,0.038912,0.33524,0.12199,0.029952,0.28889,0.11848,0.025216,244,246,247,185,192,195,180,178,177,199,202,204,73,75,75,141,145,152,0.56314,0.55985,0.55727
1,1.0452e+06,2.928,12.36,195,800,2.8525,12.234,185.19,778.13,0.39044,0.13938,0.039744,0.32321,0.1345,0.03232,0.28362,0.12583,0.026752,246,247,248,197,193,194,169,173,177,198,200,201,74,75,74,144,150,153,0.55873,0.55756,0.55577
1,1.0453e+06,2.928,12.44,195,800,2.8398,12.309,186.91,736.68,0.3903,0.13858,0.041344,0.3446,0.12859,0.033664,0.30506,0.12268,0.028608,251,252,252,195,194,195,175,175,176,191,190,191,71,73,73,189,180,170,0.55427,0.55654,0.55574
1,1.0454e+06,2.928,12.52,195,800,2.8451,12.39,186.12,1029.8,0.42145,0.1344,0.0416,0.3692,0.12364,0.0336,0.34026,0.1168,0.028416,254,253,253,191,192,192,182,177,174,185,184,183,71,72,72,199,190,179,0.5579,0.55714,0.55527
1,1.0455e+06,2.928,12.6,195,800,2.8472,12.459,186.75,1066.4,0.3859,0.14174,0.041792,0.32914,0.13089,0.03296,0.27884,0.12698,0.02752,251,252,252,182,181,179,161,164,170,164,166,170,71,72,72,198,194,186,0.55508,0.55429,0.55382
1,1.0456e+06,2.928,12.68,195,800,2.8567,12.533,186,881.26,0.43771,0.14101,0.043136,0.37903,0.12058,0.03168,0.33083,0.11158,0.025344,247,248,250,152,159,167,165,165,168,164,162,163,74,74,74,195,185,176,0.55553,0.55802,0.55449
1,1.0457e+06,2.928,12.76,195,800,2.8323,12.649,185.84,887.97,0.35478,0.13583,0.036544,0.30937,0.12897,0.030464,0.2828,0.12306,0.026816,249,249,251,151,157,164,177,171,169,164,162,162,77,76,75,173,174,172,0.55658,0.55218,0.55062
1,1.0458e+06,2.928,12.84,195,800,2.8366,12.716,186.33,895.96,0.45625,0.14188,0.04832,0.39816,0.13275,0.03968,0.35473,0.12535,0.033984,254,252,251,167,165,167,172,169,168,156,157,159,77,77,77,168,171,176,0.55272,0.55387,0.55136
1,1.0459e+06,2.928,12.92,195,800,2.8398,12.795,185.98,949.05,0.4523,0.13374,0.04384,0.36459,0.1263,0.033728,0.29067,0.12128,0.027008,251,252,252,163,169,175,159,161,164,154,156,158,77,77,75,186,190,190,0.55093,0.55183,0.54979
1,1.046e+06,2.928,13,195,800,2.8483,12.85,187.06,659.26,0.42661,0.13859,0.044096,0.36394,0.13112,0.036032,0.32765,0.12733,0.031616,252,252,253,197,193,190,156,157,159,154,154,155,71,72,72,247,237,223,0.55509,0.55453,0.55187
1,1.0461e+06,2.928,13.08,195,800,2.8504,12.936,185.55,1018.6,0.43491,0.14021,0.044672,0.37123,0.12983,0.036544,0.32115,0.12361,0.029632,254,254,253,204,207,208,156,157,159,150,153,155,70,70,70,251,246,237,0.54727,0.54848,0.54773
1,1.0462e+06,2.928,13.16,195,800,2.8419,13.03,186.98,1134.2,0.43277,0.14443,0.047168,0.36165,0.13682,0.037376,0.29819,0.13492,0.031552,254,252,251,212,210,211,151,158,161,152,155,157,71,71,71,241,238,230,0.54654,0.54894,0.54159
1,1.0463e+06,2.928,13.24,195,800,2.8313,13.108,187.01,982.32,0.40612,0.148,0.046016,0.3573,0.13564,0.036544,0.31486,0.12605,0.029888,243,244,247,216,215,213,167,171,173,166,166,165,75,77,76,198,203,206,0.5436,0.54333,0.5391
1,1.0464e+06,2.928,13.32,195,800,2.8292,13.204,187.1,950.4,0.43827,0.1345,0.042688,0.35719,0.12366,0.031616,0.28232,0.11887,0.025664,239,243,246,225,216,209,183,182,179,169,169,169,77,79,78,182,192,201,0.55322,0.54674,0.5391
1,1.0465e+06,2.928,13.4,195,800,2.843,13.256,186.57,758.75,0.3883,0.13606,0.03936,0.33322,0.12663,0.031936,0.30353,0.11897,0.027136,249,246,244,198,202,200,189,187,182,173,177,182,80,84,87,209,209,206,0.54769,0.54796,0.54305
1,1.0466e+06,2.928,13.48,195,800,2.8376,13.356,186.04,600.48,0.38411,0.14483,0.039232,0.31401,0.1326,0.0304,0.25916,0.13032,0.025472,241,242,242,173,180,184,170,170,171,205,203,203,95,95,93,224,221,215,0.55146,0.54727,0.53985
1,1.0467e+06,2.928,13.56,195,800,2.827,13.433,185.89,902.3,0.39245,0.15065,0.045248,0.35551,0.14111,0.038144,0.32392,0.13094,0.03232,239,239,240,167,174,179,162,163,166,219,217,215,93,94,94,213,213,211,0.5436,0.54195,0.53576
1,1.0468e+06,2.928,13.64,195,800,2.8493,13.498,186.34,904.48,0.41135,0.13595,0.041408,0.35032,0.12672,0.033472,0.31244,0.11981,0.027904,236,236,237,178,172,169,156,161,164,242,235,231,86,87,89,190,193,193,0.5489,0.5409,0.53041
1,1.0469e+06,2.928,13.72,195,800,2.8345,13.592,187.27,876.43,0.45566,0.13838,0.04544,0.38381,0.12551,0.035072,0.32133,0.11922,0.028416,238,237,237,171,167,167,167,166,166,241,238,236,84,85,87,185,184,185,0.53704,0.54096,0.53402
1,1.047e+06,2.928,13.8,195,800,2.843,13.654,185.79,792.22,0.39664,0.13529,0.040512,0.35047,0.12322,0.032064,0.30234,0.11565,0.02592,239,240,241,162,170,177,170,172,172,244,236,233,83,86,86,174,184,192,0.547,0.5486,0.53888
1,1.0471e+06,2.928,13.88,195,800,2.8525,13.738,186.62,884.13,0.41122,0.14067,0.042944,0.34488,0.13374,0.034944,0.30958,0.12776,0.0304,252,248,246,218,207,195,178,178,177,217,220,222,84,88,89,239,226,217,0.5492,0.54082,0.52748
1,1.0472e+06,2.928,13.96,195,800,2.8408,13.814,185.79,794.17,0.42338,0.14369,0.046016,0.38702,0.13287,0.038208,0.34697,0.12219,0.031488,252,250,248,228,213,201,186,183,180,211,212,216,95,93,94,245,241,231,0.54592,0.5379,0.52732
1,1.0473e+06,2.928,14.04,195,800,2.8334,13.91,186.2,1048.3,0.46707,0.14242,0.048832,0.33926,0.13805,0.034304,0.26955,0.13374,0.027392,248,248,249,202,201,202,190,186,182,213,212,213,109,110,110,250,239,229,0.54367,0.5429,0.52732
1,1.0474e+06,2.928,14.12,195,800,2.8376,13.974,185.82,924.94,0.43475,0.13943,0.045696,0.39435,0.12615,0.037312,0.34083,0.11864,0.030912,248,247,249,194,199,204,180,182,181,222,218,218,114,120,124,226,224,222,0.55252,0.53858,0.52057
1,1.0475e+06,2.928,14.2,195,800,2.826,14.063,186.11,1148,0.41765,0.14471,0.044352,0.3354,0.13662,0.035328,0.29985,0.13075,0.030272,250,250,248,217,219,215,173,174,176,241,238,234,148,153,157,221,215,212,0.50538,0.48092,0.4706
